,particle_id,r,phi,z,layer_id,hit_id
3719,2163,3.1018737340657125,-1.0993354875067254,2.484256636222224,1,3720
3720,2163,5.181337077616141,-1.0757782530965414,4.031423059415758,2,3721
3721,2163,7.258344955712799,-1.054069279218732,5.495835150609992,3,3722
3722,2163,9.338257848937523,-1.0338223776347708,6.890214024659343,4,3723
3723,2163,11.417836420047973,-1.0148120747825875,8.219349123039713,5,3724
3724,2163,13.498659276962846,-0.9968160987695208,9.48987295760852,6,3725
3725,2163,15.577767949159629,-0.9796891670812428,10.704532816846816,7,3726
3726,2163,17.65641177323707,-0.9632775952001712,11.867771286714436,8,3727
3727,2163,19.733653841816835,-0.9474673770855496,12.98201306107604,9,3728
3728,2163,21.81573343103972,-0.93210791171758,14.052750463443992,10,3729
3729,2163,23.89325521887133,-0.9171766295738728,15.076863946150128,11,3730
3730,2163,25.973369844078807,-0.9025388078288932,16.059186091792775,12,3731
3731,2163,28.050441512974256,-0.8881582655340102,16.997874831351105,13,3732
3732,2163,30.13203149893957,-0.8739117150449155,17.89669740337127,14,3733
3733,2163,32.20933888252266,-0.8597913873947801,18.75183913358669,15,3734
3734,2163,34.28978597308669,-0.8456799384852228,19.565977318292944,16,3735
3735,2163,36.36756054492035,-0.8315498577706761,20.335989667159858,17,3736
3736,2163,38.44621648207279,-0.8173081859137397,21.061961606885795,18,3737
3737,2163,40.52555229013142,-0.8028836641361571,21.741981216881925,19,3738
3738,2163,42.60473918163692,-0.7882037714212259,22.37339296045505,20,3739
3739,2163,44.68517437683591,-0.7731720637811905,22.95353873855759,21,3740
3740,2163,46.76419440607785,-0.7577104355638612,23.4778313691518,22,3741
3741,2163,48.84373862018023,-0.741692386917561,23.9419500670745,23,3742
3742,2163,50.92117449194114,-0.7250066033971995,24.339292415451222,24,3743
3743,2163,53.002578118491726,-0.707443576032452,24.6632227905817,25,3744
