,particle_id,r,phi,z,layer_id,hit_id
1810,948,3.102185075286448,1.7470527244923004,5.891960430818824,1,1811
1811,948,5.181012921219836,1.7632344022472564,9.81568683773007,2,1812
1812,948,7.26053623106456,1.780195492409052,13.724676358942908,3,1813
1813,948,9.33831752091673,1.7980304807707148,17.617410270608723,4,1814
1814,948,11.4191227575157,1.8169144007645224,21.505794166083973,5,1815
1815,948,13.496272582442977,1.8369419504525475,25.38027680188303,6,1816
1816,948,15.577203967174771,1.858370017525903,29.25760218439325,7,1817
1817,948,17.65519833690914,1.8813518204671824,33.12802736454044,8,1818
1818,948,19.73386417832361,1.9061935174968403,37.00089444911565,9,1819
1819,948,21.8139614089852,1.9332374537868109,40.87994683115164,10,1820
1820,948,23.893225510439617,1.9628657154804543,44.76274572997675,11,1821
1821,948,25.97208833365838,1.9955981095002395,48.65089421051203,12,1822
1822,948,28.050220980647484,2.03208206028318,52.54282506700637,13,1823
1823,948,30.13052900396923,2.0732137162575044,56.43993466168018,14,1824
1824,948,32.20901086879973,2.119996694919124,60.32520831371936,15,1825
1825,948,34.288639240062665,2.173878718522397,64.18506096073826,16,1826
1826,948,36.36751643903111,2.236530953888905,67.98017221174375,17,1827
1827,948,38.44620036620348,2.309939125575349,71.64814166316398,18,1828
1828,948,40.5256153040963,2.395985733094265,75.0853821053133,19,1829
1829,948,42.60467304485445,2.4953587776875734,78.13565147088298,20,1830
1830,948,44.684144882945546,2.606150543313829,80.61911391702898,21,1831
1831,948,46.76310602184967,2.722772329302332,82.3980923340317,22,1832
1832,948,48.84188908459804,2.8376511634823,83.45563234720952,23,1833
1833,948,50.921133916151966,2.944441408399028,83.89036918246214,24,1834
1834,948,53.00060388520998,3.039826381528252,83.84388565046129,25,1835
