,particle_id,r,phi,z,layer_id,hit_id
1019,614,3.100451313639166,2.646358110908383,3.556830261657211,1,1020
1020,614,5.180030427253379,2.587665472895932,6.329185345527776,2,1021
1021,614,7.259110113488228,2.53276873585683,9.396277266524663,3,1022
1022,614,9.338680466783474,2.4812980935624087,12.746226020976051,4,1023
1023,614,11.417796116003982,2.432629797326549,16.36480155064271,5,1024
1024,614,13.496461140856136,2.385915593855522,20.23828700174356,6,1025
1025,614,15.575858032276392,2.3401540936714147,24.350849844650384,7,1026
1026,614,17.655210460100616,2.294314254751696,28.672230912481893,8,1027
1027,614,19.73364086666148,2.2473686859146977,33.15189650304646,9,1028
1028,614,21.81307752956492,2.198366834151009,37.71485068068248,10,1029
1029,614,23.892526568802385,2.146802802300121,42.24126156406196,11,1030
1030,614,25.9715000017236,2.092835361472068,46.57881289465994,12,1031
1031,614,28.050516958568974,2.0374297583712573,50.57095590182307,13,1032
1032,614,30.12969232846177,1.9821869354328123,54.09593757963365,14,1033
1033,614,32.208706472942,1.928817489921934,57.09733922734245,15,1034
1034,614,34.2888753792184,1.8785985001345489,59.58566120235963,16,1035
1035,614,36.36747764991068,1.832324925873265,61.60795394500634,17,1036
1036,614,38.44738979587853,1.7901653922005163,63.233066061478574,18,1037
1037,614,40.526546648167376,1.7520731850209397,64.52460348107365,19,1038
1038,614,42.60479605519909,1.717785832448592,65.54037281058271,20,1039
1039,614,44.68335763727922,1.6869524214749256,66.32894263721178,21,1040
1040,614,46.76410909546252,1.6592101765144325,66.92953743090865,22,1041
1041,614,48.84180467947572,1.6343039470347305,67.37203766655509,23,1042
1042,614,50.92093782429978,1.6118830960588475,67.6827880633453,24,1043
1043,614,53.000183389517495,1.5917045450283132,67.88186859676863,25,1044
