,particle_id,r,phi,z,layer_id,hit_id
1575,901,3.10069894941972,0.7779771684535836,0.5752443397779317,1,1576
1576,901,5.179180125172415,0.8077739832866833,0.7060615427397394,2,1577
1577,901,7.258489675147121,0.8238275319531492,0.7502304317594835,3,1578
1578,901,9.338338870608078,0.832841894727907,0.7434468274206409,4,1579
1579,901,11.417842675678267,0.8378104683492653,0.7053207178598413,5,1580
1580,901,13.496051290066225,0.8402828980838218,0.6483564395765882,6,1581
1581,901,15.576394894029832,0.8411440072285072,0.5812975819956208,7,1582
1582,901,17.654314725240408,0.8409304493544063,0.5111636116308276,8,1583
1583,901,19.734848993602405,0.8399890905104842,0.4435730462071134,9,1584
1584,901,21.813938244054786,0.838555083069774,0.38387358653506,10,1585
1585,901,23.891791638409632,0.8367928241859403,0.3370252845667494,11,1586
1586,901,25.97218120270268,0.8348178905296046,0.3079758361521314,12,1587
1587,901,28.05185656819725,0.8327232346296759,0.3020661555204569,13,1588
1588,901,30.12971028052819,0.8305816265081352,0.3249790854959471,14,1589
1589,901,32.210050009284686,0.8284487835413432,0.3831832034976088,15,1590
1590,901,34.288561819193255,0.8263834533885099,0.4839001426686238,16,1591
1591,901,36.36709418122212,0.8244369392844366,0.635702491065409,17,1592
1592,901,38.44702528470187,0.8226649124783134,0.8488553066285363,18,1593
1593,901,40.52518042609599,0.8211355832927962,1.1350892431458064,19,1594
1594,901,42.6050186654392,0.8199273146636183,1.5093712388966338,20,1595
1595,901,44.6837897068339,0.8191467007172609,1.988495498369403,21,1596
1596,901,46.76317158990059,0.8189334493905307,2.5927703062802294,22,1597
1597,901,48.8429138110666,0.819478406038804,3.343532927295442,23,1598
1598,901,50.92128994181592,0.8210330425854023,4.258112062939404,24,1599
1599,901,53.00033158629617,0.8239065604313832,5.340547280170924,25,1600
