,particle_id,r,phi,z,layer_id,hit_id
638,1064,3.100640480755497,2.119382188414457,-1.104819091622506,1,639
639,1064,5.179507870233029,2.2000895940523653,-1.4394004337819446,2,640
640,1064,7.258523868405761,2.236766433950037,-1.2246942478591478,3,641
641,1064,7.258128624576518,1.7604481600461062,10.519108491029304,3,642
642,1064,5.179147349704482,0.8377099615390843,24.13823009285476,2,643
643,1064,5.17919648666594,0.6380704583494929,26.568425345364577,2,644
644,1064,7.258524360648454,-0.2543109311368719,39.9010643913674,3,645
645,1064,9.338306490548188,-0.5634950611404445,47.17829234796277,4,646
646,1064,11.41759418834151,-0.7674247158139973,53.316182304663926,5,647
647,1064,13.496123277673105,-0.921761693020674,58.735529858794266,6,648
648,1064,15.57573870271468,-1.04683947439332,63.57281313100998,7,649
649,1064,17.655326030356804,-1.1522109516924122,67.8847270723573,8,650
650,1064,19.73401495251457,-1.2432194648333794,71.70450897226505,9,651
651,1064,21.81375398002255,-1.3232784233997508,75.05887001886083,10,652
652,1064,23.89301910947416,-1.3945417578587598,77.96114871988239,11,653
653,1064,25.97195200501708,-1.4585713029466387,80.42212178905213,12,654
654,1064,28.05004308638173,-1.5164790700028916,82.44684298571418,13,655
655,1064,30.12998084317101,-1.5691632097542532,84.0382800988302,14,656
656,1064,32.20981558435284,-1.6171818431511222,85.19082675132233,15,657
657,1064,34.28866879146408,-1.6609709696165107,85.89704145130787,16,658
658,1064,36.36810277022466,-1.70089265770785,86.14722591413987,17,659
659,1064,38.44615641826835,-1.7371419860620605,85.92893058921504,18,660
660,1064,40.52612871037126,-1.7699320824958316,85.22824557374148,19,661
661,1064,42.6050148140678,-1.7993194000431587,84.03322290067581,20,662
662,1064,44.683662632101054,-1.8253985343548325,82.3337828405638,21,663
663,1064,46.763664317177295,-1.8482673268870768,80.12276491023485,22,664
664,1064,48.84175935731484,-1.8680033402296388,77.40477025257249,23,665
665,1064,50.92131783151819,-1.8848155286764443,74.18382742719348,24,666
666,1064,53.00063228233208,-1.8989579993453527,70.4772569128357,25,667
