,particle_id,r,phi,z,layer_id,hit_id
935,1111,3.100468325351409,2.7788801059056003,4.77966847049715,1,936
936,1111,5.180962289490658,2.757310977298691,7.773967980339576,2,937
937,1111,7.259991421865573,2.738251356744536,10.642795824112468,3,938
938,1111,9.338181156895825,2.7210601852757628,13.413807804111002,4,939
939,1111,11.417646920675226,2.705283867521836,16.109253493806783,5,940
940,1111,13.49585624500025,2.6906255627497564,18.74071050861812,6,941
941,1111,15.5769572547559,2.67681875509832,21.325168814559323,7,942
942,1111,17.656362526319267,2.6637087800337977,23.866558006322435,8,943
943,1111,19.733821937229585,2.6511461387372384,26.372825734948712,9,944
944,1111,21.81316241389692,2.638983702106138,28.855665818467976,10,945
945,1111,23.89174269171716,2.62713116616456,31.31821461955465,11,946
946,1111,25.97248929658873,2.615478240141907,33.769714961898664,12,947
947,1111,28.05095267939983,2.603964165064212,36.21037576118084,13,948
948,1111,30.13013187897351,2.592491194076997,38.64900148539796,14,949
949,1111,32.209995388444696,2.58098013550755,41.09079888927086,15,950
950,1111,34.28965451774394,2.569355142652022,43.540089134119846,16,951
951,1111,36.36701641561282,2.5575430928717093,46.000018029280135,17,952
952,1111,38.447570623327664,2.5454193909938714,48.48318287056165,18,953
953,1111,40.52701448172362,2.532902809621894,50.99124299567059,19,954
954,1111,42.604495633010416,2.5198749717107938,53.53083850156085,20,955
955,1111,44.68451369560477,2.506155367526324,56.116607004837306,21,956
956,1111,46.76371550558413,2.49157234277216,58.755551797295865,22,957
957,1111,48.84314808980123,2.4758635485961875,61.46304585738156,23,958
958,1111,50.921980075774286,2.458680826496502,64.25657307582397,24,959
959,1111,53.00022808375514,2.439501469539512,67.16203390144403,25,960
