,particle_id,r,phi,z,layer_id,hit_id
2049,1434,3.1001042854511733,2.399166615465084,-1.046998444489077,1,2050
2050,1434,5.179702925963777,2.1798567267187146,-3.040683631588447,2,2051
2051,1434,7.258480733490305,2.00783847729111,-5.2824255124589,3,2052
2052,1434,9.338786608446869,1.8692890175327408,-7.56054523181491,4,2053
2053,1434,11.417562548301524,1.755995346166905,-9.78507420845564,5,2054
2054,1434,13.496948547626165,1.661837397911096,-11.92814924945165,6,2055
2055,1434,15.575529658197746,1.582501028063252,-13.982440106496568,7,2056
2056,1434,17.654929751413906,1.514703789587177,-15.95340993166032,8,2057
2057,1434,19.73426564440452,1.4560943426406785,-17.847415826711284,9,2058
2058,1434,21.81439421736648,1.40486475474336,-19.673136314884285,10,2059
2059,1434,23.894039870824653,1.359691228951561,-21.43699531330768,11,2060
2060,1434,25.971284395939108,1.3195611893974275,-23.14428957762548,12,2061
2061,1434,28.052668778255427,1.283539839654419,-24.806318578670588,13,2062
2062,1434,30.12972648978827,1.2511307067145985,-26.421530676725,14,2063
2063,1434,32.20843368678599,1.2217192431190838,-27.99917285732277,15,2064
2064,1434,34.288952497418514,1.1948934814288197,-29.543197197129032,16,2065
2065,1434,36.36699450791677,1.1703663752950155,-31.05385055193993,17,2066
2066,1434,38.44638039093489,1.147808928683561,-32.53691794930402,18,2067
2067,1434,40.5258264987994,1.127001814396818,-33.9940700436744,19,2068
2068,1434,42.60509903124632,1.107749374898591,-35.42744831358702,20,2069
2069,1434,44.68493573518538,1.089877503752022,-36.83959254684114,21,2070
2070,1434,46.763198194688144,1.0732606373626288,-38.230874399590746,22,2071
2071,1434,48.842101360670746,1.0577574869153343,-39.60440223159043,23,2072
2072,1434,50.9245922790796,1.0432431317709814,-40.96351549786537,24,2073
2073,1434,53.00243235061859,1.0296820761625465,-42.30414778900159,25,2074
