,particle_id,r,phi,z,layer_id,hit_id
67,143,3.1004647954838123,1.5488088962202526,1.7392012920617643,1,68
68,143,5.180001756098271,1.689695536675618,3.1662028338325428,2,69
69,143,7.258417996722738,1.8098527207769344,4.764123841116941,3,70
70,143,9.338103565703388,1.911481650251613,6.535043298967182,4,71
71,143,11.417921317425684,1.998641869337146,8.50582430922259,5,72
72,143,13.49651841592183,2.0753603901071087,10.727751275250007,6,73
73,143,15.575396613119064,2.14531221822504,13.287320665196532,7,74
74,143,17.654594204080034,2.211967310772512,16.326493681105305,8,75
75,143,19.733872450494,2.2795523811459955,20.11245374474393,9,76
76,143,21.81292984812298,2.355995501165108,25.290664584347475,10,77
77,143,23.89174463930812,2.47945502722282,35.18074416192804,11,78
78,143,23.891564167455204,2.6450650277087457,48.670107312011424,11,79
79,143,21.81217680553182,2.85217716103964,61.9643802595855,10,80
80,143,19.732939425183243,3.0630582465473224,71.41248536713775,9,81
81,143,19.7334901095645,-2.256524854283561,95.7030854609298,9,82
82,143,21.813312038526483,-2.0964694218714914,99.44766510465888,10,83
83,143,23.89197375958713,-1.9926757291723696,102.16570171629454,11,84
84,143,25.97227623725088,-1.9184348061345504,104.35081235674528,12,85
85,143,28.05038369643318,-1.863311919253624,106.1777505254502,13,86
86,143,30.130134423497367,-1.82170155802876,107.73628578459926,14,87
87,143,32.208596354167405,-1.7903926639404022,109.07176014669452,15,88
88,143,34.28844591372643,-1.767220049130331,110.21405421500832,16,89
89,143,36.36705817174641,-1.750752287838041,111.17865673852862,17,90
90,143,38.44586311076765,-1.7399220322239826,111.97612865269684,18,91
91,143,40.52507548990032,-1.733948278157197,112.61113503698104,19,92
92,143,42.60431360151139,-1.7322358424170752,113.08411422359318,20,93
93,143,44.68352083524127,-1.7343200950039128,113.39205032993716,21,94
94,143,46.7639092300321,-1.7398422191729948,113.5283422054826,22,95
95,143,48.84194148503194,-1.7485115803120923,113.48216622163304,23,96
96,143,50.92203258476018,-1.760144955608205,113.23756673708684,24,97
97,143,53.001357609352254,-1.7746098230614948,112.7717556659978,25,98
