,particle_id,r,phi,z,layer_id,hit_id
2764,1645,3.1002972875946457,0.6875332263502357,-1.9134258879970787,1,2765
2765,1645,5.179173209363458,0.518487437976635,-3.629275606532822,2,2766
2766,1645,7.258567449589226,-0.2784075162782342,-6.019446793588642,3,2767
2767,1645,9.337532077063806,-0.7150897729381356,-6.531405799407828,4,2768
2768,1645,11.417120931616166,-0.9395547560108908,-6.690560440598979,5,2769
2769,1645,13.497203556922315,-1.0873466649374903,-6.728923346134756,6,2770
2770,1645,15.57581097279887,-1.195675090921967,-6.696518839408228,7,2771
2771,1645,17.655679079320915,-1.280484247479408,-6.612897709526621,8,2772
2772,1645,19.73435037746417,-1.3497950215269634,-6.487948979986008,9,2773
2773,1645,21.8143733039587,-1.408391917126855,-6.327061283792595,10,2774
2774,1645,23.892460289249065,-1.4591272573050649,-6.133804033470305,11,2775
2775,1645,25.97191953776421,-1.5040404965645704,-5.90981812780889,12,2776
2776,1645,28.052358523621137,-1.5444769326857015,-5.656080640766625,13,2777
2777,1645,30.12935205735867,-1.5813446236778812,-5.373421219745907,14,2778
2778,1645,32.209803500144616,-1.6155079682940623,-5.060469168326804,15,2779
2779,1645,34.28933109732631,-1.647466608520931,-4.716725043701793,16,2780
2780,1645,36.36809681154517,-1.6776902053114275,-4.340342383753665,17,2781
2781,1645,38.44741061914335,-1.7065882928066145,-3.928306000457667,18,2782
2782,1645,40.52616003111743,-1.7344903398683826,-3.47682716808032,19,2783
2783,1645,42.60605116925702,-1.761744932869876,-2.9797571123740454,20,2784
2784,1645,44.68444387451589,-1.7886530407298835,-2.4293165917434507,21,2785
2785,1645,46.762841978456855,-1.8156198170897933,-1.8123495677910453,22,2786
2786,1645,48.84308748327788,-1.8431782586829213,-1.1073596386410216,23,2787
2787,1645,50.92083345951862,-1.8720680708016435,-0.2782306320316436,24,2788
2788,1645,53.000072565193584,-1.90394010115214,0.7584736785063626,25,2789
