,particle_id,r,phi,z,layer_id,hit_id
62,290,3.1000177139680614,-2.985724160987133,1.407414085319715,1,63
63,290,5.179812734804226,-3.008676606327576,2.415766699118983,2,64
64,290,7.259597635755997,-3.0304014434793074,3.4685794774472782,3,65
65,290,9.339690453913152,-3.051050208500474,4.561398487632111,4,66
66,290,11.416708432987754,-3.070712581651782,5.688659512979818,5,67
67,290,13.496937211345754,-3.089548462292945,6.850752405672338,6,68
68,290,15.576774623525363,-3.107607703199777,8.043238027514668,7,69
69,290,17.65619244056055,-3.124961734356876,9.264005902869364,8,70
70,290,19.735938950666387,3.14150771273063,10.511749488739468,9,71
71,290,21.814377199819464,3.1253905887764595,11.783993475139772,10,72
72,290,23.893421257485823,3.1098119653353664,13.080640933491791,11,73
73,290,25.972377791246565,3.094738017800755,14.400193557165863,12,74
74,290,28.05088393247316,3.0801369014743507,15.741489023215806,13,75
75,290,30.132098199136298,3.0659570233434468,17.105805358377793,14,76
76,290,32.20978313166836,3.052214074205235,18.48835767970381,15,77
77,290,34.287546242295164,3.038859694577135,19.890909952623765,16,78
78,290,36.369284600251575,3.025849081737745,21.31565153723253,17,79
79,290,38.445853925889786,3.01322052244939,22.755888776207364,18,80
80,290,40.52801667135026,3.0008920626025866,24.21874685324641,19,81
81,290,42.60675354675259,2.9889027927560594,25.69764559806981,20,82
82,290,44.686371974142446,2.9772139819259302,27.195413502896912,21,83
83,290,46.76455748181633,2.965826586679825,28.71024603620221,22,84
84,290,48.84234270897109,2.9547238315856506,30.2428157234325,23,85
85,290,50.92407721198617,2.9438734948653744,31.796399445624385,24,86
86,290,53.00072717334197,2.933313697535396,33.36434813987955,25,87
