,particle_id,r,phi,z,layer_id,hit_id
173,157,3.100565149671457,-0.0583325546056896,-13.129376164618895,1,174
174,157,5.18003504040076,-0.0767901717938223,-15.66056346222529,2,175
175,157,7.259390965725036,-0.0961481202679282,-16.499797691440477,3,176
176,157,9.337862961091956,-0.1151929989534986,-16.391239295820412,4,177
177,157,11.416896988221689,-0.1337213745618318,-15.684117990500184,5,178
178,157,13.49734882479118,-0.1517255563735936,-14.572404119901428,6,179
179,157,15.575907698241236,-0.1692053580489519,-13.179708915530137,7,180
180,157,17.65469843012807,-0.1862115495286471,-11.587143229896377,8,181
181,157,19.733591247146485,-0.2027698054135159,-9.853620518785746,9,182
182,157,21.81376413328907,-0.2189090676026988,-8.022140412227962,10,183
183,157,23.892666830950866,-0.2346234421344084,-6.129104468410993,11,184
184,157,25.97188616078594,-0.2499342529856694,-4.20026652593085,12,185
185,157,28.052216195935028,-0.264852331527975,-2.2568914469535244,13,186
186,157,30.13018656199895,-0.2793559286212641,-0.3203332031281363,14,187
187,157,32.208609811300285,-0.2934662111850884,1.5970037557438204,15,188
188,157,34.289763720201094,-0.3071975906968396,3.4845839286444047,16,189
189,157,36.36734698821446,-0.3205079726295967,5.326180704811456,17,190
190,157,38.44823753014176,-0.3334405080563795,7.119063474769931,18,191
191,157,40.5250283571155,-0.3459484709165973,8.849531147518867,19,192
192,157,42.60638706210327,-0.3580832879311978,10.518683895429549,20,193
193,157,44.68585681396048,-0.3698063342767768,12.116226649284757,21,194
194,157,46.76525928176533,-0.3811287743745031,13.639642177691377,22,195
195,157,48.844110104207445,-0.3920490752148015,15.085459526056084,23,196
196,157,50.92221487613837,-0.4025681396922412,16.451236068722817,24,197
197,157,53.00255287952989,-0.4127028067939109,17.73714615024137,25,198
