,particle_id,r,phi,z,layer_id,hit_id
1243,889,3.101980490361849,-0.320623853822999,1.1601013890882683,1,1244
1244,889,5.17921218383937,-0.3295180897538844,1.9098638206479208,2,1245
1245,889,7.258511155363918,-0.3381344975066894,2.6382433120621016,3,1246
1246,889,9.339714247498565,-0.3464860128866812,3.344895594296567,4,1247
1247,889,11.419435909231131,-0.3545719349302081,4.028509546469046,5,1248
1248,889,13.497893847981691,-0.3624053158295061,4.6891076864897485,6,1249
1249,889,15.575555451485268,-0.3699988695720035,5.326832226944376,7,1250
1250,889,17.656745373279083,-0.3773775890507063,5.942973044505855,8,1251
1251,889,19.735121531310032,-0.3845276696938206,6.535689062958902,9,1252
1252,889,21.815331625723733,-0.3914733095424473,7.106405701649493,10,1253
1253,889,23.89483469487607,-0.3982132286027754,7.654522426988308,11,1254
1254,889,25.97109372751027,-0.4047465274097511,8.179575410393028,12,1255
1255,889,28.05292946126848,-0.4111068393014595,8.683922084547966,13,1256
1256,889,30.13039520049905,-0.4172692903816168,9.165316619996496,14,1257
1257,889,32.208640403852264,-0.4232548347161323,9.625208132510132,15,1258
1258,889,34.28907292325779,-0.4290719014051078,10.064074471723764,16,1259
1259,889,36.36925548031021,-0.4347177652547397,10.481595213941802,17,1260
1260,889,38.446692290285945,-0.4401899345000706,10.87754727352376,18,1261
1261,889,40.52647443059297,-0.4455053854439035,11.253145763282744,19,1262
1262,889,42.6059443673844,-0.4506602115974318,11.608123786562691,20,1263
1263,889,44.68613651750313,-0.4556596624265739,11.942898771924789,21,1264
1264,889,46.76412953032287,-0.4604992115143085,12.257270399110553,22,1265
1265,889,48.844370562132106,-0.4651911261269549,12.552159548531256,23,1266
1266,889,50.92349448783636,-0.469729170060675,12.827320745568208,24,1267
1267,889,53.001622337315055,-0.4741148475662074,13.083045154990195,25,1268
