,particle_id,r,phi,z,layer_id,hit_id
2528,1559,3.101597301192814,-2.8153721996560925,-0.6491783965804174,1,2529
2529,1559,5.18001399301006,-2.788136650565036,-1.0074164993246697,2,2530
2530,1559,7.259566520721259,-2.7582361516944505,-1.295401667172893,3,2531
2531,1559,9.337545055963092,-2.724800931689389,-1.5016371827765589,4,2532
2532,1559,11.417354882417552,-2.6863327392856853,-1.6095657498225862,5,2533
2533,1559,13.496929137012348,-2.6403448820605404,-1.5911139274943444,6,2534
2534,1559,15.57501993776269,-2.581775830693496,-1.3937667758885368,7,2535
2535,1559,17.65454261354961,-2.496973542605,-0.888172958924649,8,2536
2536,1559,19.73356892094045,-2.3025872809155565,0.6241372949088593,9,2537
2537,1559,21.813437206784567,-1.179683879967738,6.730026954802948,10,2538
2538,1559,23.89274534816757,-0.97007049427202,7.562002673492023,11,2539
2539,1559,25.97175340902218,-0.8276151569588521,8.132029825610392,12,2540
2540,1559,28.05196459909873,-0.718521753777315,8.576576373699002,13,2541
2541,1559,30.12920993316156,-0.6302126929925709,8.942314305447079,14,2542
2542,1559,32.20943209532616,-0.5559396317694172,9.252944431388515,15,2543
2543,1559,34.28955993960671,-0.4920082929209727,9.52057872487925,16,2544
2544,1559,36.369127084275824,-0.4359514559087192,9.753001402705198,17,2545
2545,1559,38.44610598533295,-0.3861068475047791,9.95519446371725,18,2546
2546,1559,40.526289295325626,-0.341112406467865,10.13122859348356,19,2547
2547,1559,42.60572009894534,-0.3001471290617984,10.283195044570116,20,2548
2548,1559,44.68343045514061,-0.2625201317111291,10.412815805192723,21,2549
2549,1559,46.76382127306252,-0.2275991453938998,10.521578606659023,22,2550
2550,1559,48.84337602775521,-0.1949995087429066,10.610098482440518,23,2551
2551,1559,50.92258840498143,-0.16434326404777,10.678914647637145,24,2552
2552,1559,53.00246197076097,-0.1353063998651796,10.728276787070332,25,2553
