,particle_id,r,phi,z,layer_id,hit_id
3871,2145,3.102199247275024,0.5963328615088902,1.069885679030712,1,3872
3872,2145,5.179793581260238,0.5895904772314264,1.6309479276963756,2,3873
3873,2145,7.259612268862799,0.5819156695566581,2.0672206885851843,3,3874
3874,2145,9.338971959589442,0.5734029375418694,2.377113870859805,4,3875
3875,2145,11.418372773684556,0.5641230451851322,2.5595985959494776,5,3876
3876,2145,13.49671839275253,0.554143996301381,2.6133470447206726,6,3877
3877,2145,15.575773505511563,0.543512467042103,2.5369963163070217,7,3878
3878,2145,17.655332183140363,0.5322780348097284,2.328934981996888,8,3879
3879,2145,19.73539601171115,0.5204846634550184,1.9875336672123645,9,3880
3880,2145,21.81371073823874,0.5081861002507841,1.5117447788105665,10,3881
3881,2145,23.892663571423,0.4954057578429218,0.8995929345411078,11,3882
3882,2145,25.97211056441841,0.4821782550407294,0.1494608191588788,12,3883
3883,2145,28.051589989947583,0.4685376202481077,-0.7401273269590831,13,3884
3884,2145,30.130184042420623,0.4545184824946569,-1.7703752776440955,14,3885
3885,2145,32.20857829486647,0.4401418328945626,-2.9433660277201064,15,3886
3886,2145,34.288693464095125,0.4254160411027585,-4.262481992568032,16,3887
3887,2145,36.36687599519696,0.4103853646894952,-5.7279658429944735,17,3888
3888,2145,38.44646981855702,0.3950398736013212,-7.345365481910244,18,3889
3889,2145,40.52637285736413,0.379396539636414,-9.118229151066895,19,3890
3890,2145,42.60467706334199,0.3634733475061428,-11.050415497892953,20,3891
3891,2145,44.68499750248336,0.347238761505946,-13.15305875747943,21,3892
3892,2145,46.76296226843336,0.3307143876702249,-15.43255501247496,22,3893
3893,2145,48.84300253152496,0.3138411180570611,-17.909528072409724,23,3894
3894,2145,50.9213829575072,0.296610303839986,-20.60355389456501,24,3895
3895,2145,53.00041256012223,0.278944027472096,-23.556284476314325,25,3896
