,particle_id,r,phi,z,layer_id,hit_id
834,1194,3.1004682133966925,1.6366584425545094,1.5115522295109969,1,835
835,1194,5.18006611513686,1.562195404537175,3.408504641982105,2,836
836,1194,7.258915140500119,1.50202798321522,5.68790641727729,3,837
837,1194,9.338585644401284,1.4505908484197076,8.230252395036473,4,838
838,1194,11.41790740162659,1.4049779207417463,10.963390499846156,5,839
839,1194,13.49681132851256,1.363484319776548,13.840526252773344,6,840
840,1194,15.57623453511951,1.32505128207568,16.829140328506696,7,841
841,1194,17.65490414409727,1.2890522362828087,19.90081799463449,8,842
842,1194,19.733847922258214,1.2550661038225044,23.03487696677704,9,843
843,1194,21.81341558433696,1.2228515518352208,26.212627677668262,10,844
844,1194,23.89206584191902,1.1923106504144394,29.4146878347483,11,845
845,1194,25.971790384395327,1.163374666766527,32.62909139202479,12,846
846,1194,28.05134173386952,1.1360799629553735,35.8408995990868,13,847
847,1194,30.1304368081419,1.1104864608541936,39.03884502023063,14,848
848,1194,32.2094496442681,1.0866700851290132,42.21505671466588,15,849
849,1194,34.287512187206744,1.0647330692202956,45.36230975283793,16,850
850,1194,36.36720662290008,1.0447461535134994,48.48117769842492,17,851
851,1194,38.44622891751598,1.0268264316032178,51.56741153458481,18,852
852,1194,40.52550106698524,1.0110505414197843,54.62400675502889,19,853
853,1194,42.604210719752366,0.9974975089543684,57.65351378397091,20,854
854,1194,44.684814044697234,0.9862125635759976,60.66499888276957,21,855
855,1194,46.76309433415366,0.9772604421734752,63.65920851766968,22,856
856,1194,48.843248897322965,0.9706461480211924,66.64990149741158,23,857
857,1194,50.92131757597452,0.9663840933262078,69.6394093883944,24,858
858,1194,53.000277777606,0.964443050814208,72.63980951619234,25,859
