,particle_id,r,phi,z,layer_id,hit_id
1302,1349,3.101274265699153,1.235982589423664,-2.1251643002474623,1,1303
1303,1349,5.179758931416859,1.246547569460846,-3.6295254192887967,2,1304
1304,1349,7.259992468868873,1.2535696994091643,-5.21196842774286,3,1305
1305,1349,9.338939446943174,1.2582329840615127,-6.873566137337761,4,1306
1306,1349,11.417403562927106,1.2612231734531052,-8.616311013510568,5,1307
1307,1349,13.496612732630116,1.262967177843487,-10.442043725097632,6,1308
1308,1349,15.57501979939192,1.2637474039965724,-12.35005835415008,7,1309
1309,1349,17.655294844886626,1.2637632188299854,-14.343635638983628,8,1310
1310,1349,19.73535971104937,1.2631588961279965,-16.421897838341195,9,1311
1311,1349,21.813560999126604,1.262045018527606,-18.584419263107847,10,1312
1312,1349,23.89278196588865,1.2605048643797605,-20.83592156906808,11,1313
1313,1349,25.972523910794788,1.258605410453386,-23.17823938584321,12,1314
1314,1349,28.0506719601146,1.2564032568874892,-25.611791166675346,13,1315
1315,1349,30.13065918646693,1.2539399071074335,-28.144200651132145,14,1316
1316,1349,32.20854178667609,1.2512584290029007,-30.775094602125986,15,1317
1317,1349,34.28775496455018,1.2483879633335306,-33.514283210151206,16,1318
1318,1349,36.36862749486581,1.2453577401065656,-36.36930122413153,17,1319
1319,1349,38.44806785170921,1.2422002208181442,-39.34452202340025,18,1320
1320,1349,40.526506483259055,1.238942134159833,-42.45120380862262,19,1321
1321,1349,42.604588388568814,1.2356103355864547,-45.70409400594886,20,1322
1322,1349,44.68434952760673,1.2322317495738,-49.124736443062176,21,1323
1323,1349,46.76316887841038,1.228845949617865,-52.73333761660582,22,1324
1324,1349,48.84248544872931,1.2254952689392646,-56.566231667160366,23,1325
1325,1349,50.92105650051225,1.2222432497705211,-60.67024145115893,24,1326
1326,1349,53.0007122029149,1.2191807731247362,-65.12503084996587,25,1327
