,particle_id,r,phi,z,layer_id,hit_id
1440,469,3.100264414510681,2.4566066016121386,-3.474523080856102,1,1441
1441,469,5.180194748449953,2.504355941397,-5.570716483273429,2,1442
1442,469,7.259286606662829,2.5504407513073213,-7.482825694980349,3,1443
1443,469,9.337828244932778,2.59479280502138,-9.218564497074183,4,1444
1444,469,11.418118994667552,2.6374115516897034,-10.788830246867889,5,1445
1445,469,13.49753043029484,2.6782222268464944,-12.201937721751335,6,1446
1446,469,15.575220289317128,2.7172179079382586,-13.468735507890043,7,1447
1447,469,17.655081953648533,2.7544997190229714,-14.602976065450278,8,1448
1448,469,19.733359387694783,2.790046204714639,-15.613895458808791,9,1449
1449,469,21.813854788164413,2.8239819450677413,-16.514303338309105,10,1450
1450,469,23.892410802587605,2.8563086166721554,-17.312855707933224,11,1451
1451,469,25.972996009563552,2.8871638007168907,-18.02092264748383,12,1452
1452,469,28.051316361134912,2.916563070693753,-18.646199635259563,13,1453
1453,469,30.131725403815867,2.9446481731489422,-19.198447287896023,14,1454
1454,469,32.20999922988025,2.971441174243503,-19.68427714859872,15,1455
1455,469,34.287917988802725,2.9970442150791583,-20.11128239578912,16,1456
1456,469,36.36757000203704,3.021555947458518,-20.486277661956983,17,1457
1457,469,38.44814730811789,3.0450354778255586,-20.814897116901165,18,1458
1458,469,40.52570329446863,3.06750672474273,-21.10193662838824,19,1459
1459,469,42.60602546564029,3.0890955636876,-21.35309146843963,20,1460
1460,469,44.68538729517151,3.1098213398012247,-21.57233392821651,21,1461
1461,469,46.76332359871774,3.129736233508811,-21.76376462175404,22,1462
1462,469,48.84277164376828,-3.134265220710604,-21.93142536669952,23,1463
1463,469,50.92340990547789,-3.115768476234185,-22.07873895981627,24,1464
1464,469,53.001526277222986,-3.097946140102476,-22.20870883342525,25,1465
