,particle_id,r,phi,z,layer_id,hit_id
0,81,3.101178449579632,-1.3119394578911894,4.147092176928952,1,1
1,81,5.180093636129024,-1.2754547621125345,7.209815610474425,2,2
2,81,7.259585476811198,-1.2422395161071391,10.525319330816911,3,3
3,81,9.338691110261085,-1.2138611043467624,14.126318130041817,4,4
4,81,11.41715048062784,-1.1925408358139749,18.068998696849743,5,5
5,81,13.496006671551385,-1.1819731489199332,22.455509493804747,6,6
6,81,15.575241876461948,-1.1896728025716932,27.47516765646585,7,7
7,81,17.654388286062908,-1.235004620573233,33.507328173759106,8,8
8,81,19.7337730838708,-1.37741525136262,41.014305531894095,9,9
9,81,21.813065535692623,-1.6370246402163704,47.25685946332133,10,10
10,81,23.8919205486619,-1.8466789242670056,50.1030778941181,11,11
11,81,25.97215324003224,-1.997524242287116,51.49748642468862,12,12
12,81,28.05158553515936,-2.1133803130731352,52.254873806286085,13,13
13,81,30.12945719884977,-2.206970121142333,52.659073107941765,14,14
14,81,32.208945514520806,-2.2853680009552737,52.83480503677357,15,15
15,81,34.289615958520955,-2.3526925331682844,52.84612884045971,16,16
16,81,36.36668666073052,-2.411498675533507,52.73087577291584,17,17
17,81,38.44658875853967,-2.463818709868877,52.5125981713008,18,18
18,81,40.52631247811981,-2.51088536920978,52.20748997586535,19,19
19,81,42.60535290717641,-2.5536682465385048,51.82703796163225,20,20
20,81,44.68612251800127,-2.592958580476396,51.37908361542216,21,21
21,81,46.76338741794635,-2.6292403352690714,50.871122196954616,22,22
22,81,48.843489929720405,-2.663085155213283,50.30649421060704,23,23
23,81,50.92294762028303,-2.694803065475844,49.68988178905612,24,24
24,81,53.00270026744097,-2.7247124306932444,49.02407004789484,25,25
