,particle_id,r,phi,z,layer_id,hit_id
3270,1982,3.1003985879094262,-0.1685161024766494,-0.9318227592495472,1,3271
3271,1982,5.179901807839493,-0.231413525018606,-1.9131963177263387,2,3272
3272,1982,7.258417565945699,-0.3030116174689969,-3.2682406304075826,3,3273
3273,1982,9.337535218576424,-0.404272999183874,-5.310798115856876,4,3274
3274,1982,11.416830657363398,-1.559534605689591,-16.91650699705069,5,3275
3275,1982,13.496269656775224,-1.83576363464278,-17.808818605137034,6,3276
3276,1982,15.575278512892426,-1.83971226404507,-17.016663512427094,7,3277
3277,1982,17.65428404338757,-1.7320218207363534,-15.69631661646968,8,3278
3278,1982,19.73382163025148,-1.6219816200134594,-14.56419266534904,9,3279
3279,1982,21.812827300455808,-1.5326237619295473,-13.677068556905873,10,3280
3280,1982,23.891751091126874,-1.4613547461149474,-12.974718003820763,11,3281
3281,1982,25.97134851219017,-1.4037514155022015,-12.412282019720442,12,3282
3282,1982,28.050841743387483,-1.356463578402653,-11.962024794556784,13,3283
3283,1982,30.131144424129744,-1.3170751994351804,-11.60597060505687,14,3284
3284,1982,32.209597952663685,-1.2839215448347308,-11.332738811782637,15,3285
3285,1982,34.289481024448015,-1.2557051649360798,-11.133830368088857,16,3286
3286,1982,36.368221152585576,-1.2315392258821525,-11.00387371046974,17,3287
3287,1982,38.44805519310361,-1.2106978657794474,-10.938711105523597,18,3288
3288,1982,40.52554928536286,-1.1926738390300573,-10.935519678058249,19,3289
3289,1982,42.606682215692565,-1.176995074097802,-10.992298764921609,20,3290
3290,1982,44.685706929280194,-1.163372338893968,-11.10753525781754,21,3291
3291,1982,46.76457649427832,-1.1515208310104303,-11.280307820501948,22,3292
3292,1982,48.84380009039094,-1.1412205465596643,-11.510126658752132,23,3293
3293,1982,50.92188251739258,-1.1323010984231268,-11.796582024113238,24,3294
3294,1982,53.00126449734897,-1.1246072710315382,-12.140087321870553,25,3295
