,particle_id,r,phi,z,layer_id,hit_id
1827,854,3.1010212283399112,-1.9706509700684391,-0.6573785071314262,1,1828
1828,854,5.180281519804068,-1.955289533010223,-0.5138418780304477,2,1829
1829,854,7.258713983158166,-1.937298386542483,0.1334561018658675,3,1830
1830,854,9.337924070672804,-1.915256872113072,1.3503229371097945,4,1831
1831,854,11.417237378467116,-1.887221887403689,3.244587938609399,5,1832
1832,854,13.496463078409525,-1.8503671975987817,5.9825330680831215,6,1833
1833,854,15.57539692249049,-1.800719471039686,9.797404445781815,7,1834
1834,854,17.654173210705583,-1.7340220457327056,14.923601951300276,8,1835
1835,854,19.73350595126368,-1.650658477103846,21.286441366804134,9,1836
1836,854,21.81273017921811,-1.562176268941797,28.10119465300749,10,1837
1837,854,23.891926022987555,-1.482304818998445,34.34004278622666,11,1838
1838,854,25.971001195431523,-1.4123048595114631,39.47373483418224,12,1839
1839,854,28.050042085719856,-1.3413409080403167,43.36173059068603,13,1840
1840,854,30.12925039582209,-1.2512658202418174,45.93261960426128,14,1841
1841,854,32.20878025173469,-1.1306711389361137,47.17898781867672,15,1842
1842,854,34.287906333257446,-1.001030979610046,47.51920258089554,16,1843
1843,854,36.3668038852311,-0.8874954554122579,47.523388031761776,17,1844
1844,854,38.44620152608709,-0.7935921937673146,47.44946399813113,18,1845
1845,854,40.52588262278898,-0.7155830762888751,47.37111277650598,19,1846
1846,854,42.60525161556519,-0.6497233693607456,47.307386928986205,20,1847
1847,854,44.6848836145718,-0.5932067556315286,47.26230573657861,21,1848
1848,854,46.76460247613495,-0.5440504587170198,47.23564181824591,22,1849
1849,854,48.8422858660107,-0.5008571544657263,47.22598956812899,23,1850
1850,854,50.92281367175575,-0.4624626025084612,47.23171016214936,24,1851
1851,854,53.00012891088742,-0.4281700968524908,47.25123958650065,25,1852
