,particle_id,r,phi,z,layer_id,hit_id
2708,1326,3.1009431969628314,1.1451225937562584,0.8375965948562651,1,2709
2709,1326,5.179587836643582,1.1946738882150951,1.2996763579852768,2,2710
2710,1326,7.259524415670793,1.251778606460222,1.6699272618476684,3,2711
2711,1326,9.33824070697892,1.3190518901228097,1.931152950073184,4,2712
2712,1326,11.41692673285096,1.4003773259882706,2.057940424793628,5,2713
2713,1326,13.496331766832244,1.500950914869162,2.0121362721117606,6,2714
2714,1326,15.575931967483044,1.6258283677503755,1.745428110015169,7,2715
2715,1326,17.655151512112294,1.7743008861745242,1.2268970939940471,8,2716
2716,1326,19.73425122797713,1.933161562824723,0.4949210530482588,9,2717
2717,1326,21.813622737517548,2.083766549954036,-0.3512579453012492,10,2718
2718,1326,23.89200692258233,2.216020930650457,-1.2293243420498283,11,2719
2719,1326,25.97126469743437,2.3291944723492843,-2.1038590852229504,12,2720
2720,1326,28.05074427921356,2.4259116233529783,-2.9650826629485323,13,2721
2721,1326,30.13110026747464,2.509299770025524,-3.8137639633710014,14,2722
2722,1326,32.20930603180954,2.5818943416184443,-4.652023107888475,15,2723
2723,1326,34.28818356801472,2.645883410893175,-5.484727434699884,16,2724
2724,1326,36.36807656757264,2.7028703143651573,-6.315377918617173,17,2725
2725,1326,38.446442091660565,2.7540250652528733,-7.145827586721445,18,2726
2726,1326,40.52743236258405,2.80041134288666,-7.980137991813024,19,2727
2727,1326,42.60451287271064,2.842648046528784,-8.817687406265115,20,2728
2728,1326,44.68564067338176,2.8815051066825643,-9.663370349178209,21,2729
2729,1326,46.76502953973611,2.9173603247156623,-10.516276392583428,22,2730
2730,1326,48.84456816154578,2.950651557637567,-11.378399785497372,23,2731
2731,1326,50.92190578117559,2.9816761970723853,-12.249819362586956,24,2732
2732,1326,53.00230310739281,3.0107881514700563,-13.133691119317689,25,2733
