,particle_id,r,phi,z,layer_id,hit_id
668,1032,3.101038188712286,0.2864296064735356,4.06922935620242,1,669
669,1032,5.1801849323808336,0.3100878780961083,6.4150842590992845,2,670
670,1032,7.259317221699873,0.3302434519358383,8.517078289556505,3,671
671,1032,9.33766460681731,0.3475768024980343,10.414288736072873,4,672
672,1032,11.417500449846308,0.3626160944919057,12.13958365618188,5,673
673,1032,13.496895013266736,0.3757335868225824,13.715658365021904,6,674
674,1032,15.576579469285166,0.3872344875960626,15.162678193106675,7,675
675,1032,17.655218366404807,0.3973484695239785,16.49566641258578,8,676
676,1032,19.7353592103634,0.406276257245573,17.72922869612019,9,677
677,1032,21.81430225356013,0.414158666309097,18.87244352749821,10,678
678,1032,23.892593316074024,0.4211240722295641,19.934555178450413,11,679
679,1032,25.97172717849514,0.4272808133385592,20.92359312306968,12,680
680,1032,28.051649338747,0.4327143905994743,21.845415517067924,13,681
681,1032,30.130531978781192,0.437493289996288,22.704060484187185,14,682
682,1032,32.20939289247522,0.4416826892535387,23.503836458030893,15,683
683,1032,34.28970412967174,0.4453386643694269,24.248202709373725,16,684
684,1032,36.3684985901154,0.4485026706486559,24.93824252763339,17,685
685,1032,38.44789345469466,0.4512191903778236,25.576090108142647,18,686
686,1032,40.5254392927568,0.4535216554827388,26.161738149095694,19,687
687,1032,42.6061192449392,0.4554477289354606,26.69658210582592,20,688
688,1032,44.6854114279088,0.4570221931112466,27.17880431125733,21,689
689,1032,46.76373007733942,0.4582729051786638,27.607396491390045,22,690
690,1032,48.84395117667621,0.4592263729541039,27.98113639534212,23,691
691,1032,50.92175877463499,0.4599041202929347,28.29692327725433,24,692
692,1032,53.00000739019845,0.4603296434365622,28.552369293047345,25,693
