,particle_id,r,phi,z,layer_id,hit_id
1002,707,3.1004979962413426,-3.093047781336171,-4.928452663182867,1,1003
1003,707,5.179721840065678,-3.114920340033894,-8.33762353597902,2,1004
1004,707,7.259447176775849,-3.140274891140463,-11.823799600090304,3,1005
1005,707,9.338635989132062,3.114752564957614,-15.385724423320262,4,1006
1006,707,11.417140920813846,3.084249670260633,-19.02664851084632,5,1007
1007,707,13.497178635044458,3.051684133601475,-22.75598152611562,6,1008
1008,707,15.575207991868416,3.0173324182661045,-26.574219418991653,7,1009
1009,707,17.654322382976698,2.9812925553623404,-30.49516905790162,8,1010
1010,707,19.73502290106325,2.943639460446639,-34.529666563392425,9,1011
1011,707,21.812641386020964,2.9044872135837334,-38.68016911416435,10,1012
1012,707,23.89203550250603,2.8637096427391144,-42.97061313317359,11,1013
1013,707,25.97117747134018,2.821230950497501,-47.41521770340191,12,1014
1014,707,28.05016952240761,2.7768324734382053,-52.03819324317995,13,1015
1015,707,30.129245015911504,2.7301438354168424,-56.87293652591639,14,1016
1016,707,32.208802967813085,2.680558822901479,-61.96754493137277,15,1017
1017,707,34.28838848120768,2.627099317064085,-67.3923467884761,16,1018
1018,707,36.3671666849053,2.568059431397805,-73.2618562352557,17,1019
1019,707,38.4465605231317,2.5000176430034995,-79.7961551137832,18,1020
1020,707,40.52571106711705,2.414828770218971,-87.48688483145935,19,1021
1021,707,42.60429553376605,2.2782995733433937,-98.26000706048644,20,1022
1022,707,42.604098067709785,1.823993340421045,-118.60823886501204,20,1023
1023,707,42.60427705532128,1.4415712174660016,-124.05842889239324,20,1024
1024,707,44.683375398486326,1.214697406170666,-124.95631094212015,21,1025
1025,707,46.76320042675264,1.095517557807811,-124.91276051346432,22,1026
1026,707,48.84245904808093,1.0104516242113255,-124.6559478636452,23,1027
1027,707,50.92105909898176,0.9443861398915492,-124.3085535423015,24,1028
1028,707,53.000108529920645,0.8909857282871838,-123.91656910503986,25,1029
