,particle_id,r,phi,z,layer_id,hit_id
2043,1029,3.1009553641421297,1.7015170854163444,3.109829947260721,1,2044
2044,1029,5.179645982919317,1.689102102326667,4.912289810607362,2,2045
2045,1029,7.260340344286782,1.677932653329425,6.522515053172967,3,2046
2046,1029,9.33962376952768,1.6678024893095686,7.959226871611648,4,2047
2047,1029,11.4190447719555,1.6585290249786946,9.24086915750037,5,2048
2048,1029,13.497506136497014,1.649979380301155,10.380897372327098,6,2049
2049,1029,15.575439760172694,1.642040802632173,11.391319014254975,7,2050
2050,1029,17.654503289355425,1.6346171898089503,12.282636131602333,8,2051
2051,1029,19.73471959573535,1.6276346269983335,13.062943897044905,9,2052
2052,1029,21.81413034746903,1.6210370925157525,13.738572786891352,10,2053
2053,1029,23.89372559434829,1.6147679519630067,14.316018577639852,11,2054
2054,1029,25.97215416491537,1.608785200350929,14.800302885042058,12,2055
2055,1029,28.05069803814408,1.6030450171625028,15.196459344420958,13,2056
2056,1029,30.130508330879938,1.597509259855916,15.508728866110502,14,2057
2057,1029,32.20989729942031,1.5921511584707375,15.740434654193962,15,2058
2058,1029,34.289255845220794,1.5869413370567027,15.89484855187584,16,2059
2059,1029,36.368277242885256,1.5818546941256426,15.974779948630257,17,2060
2060,1029,38.44811296856011,1.5768645774626362,15.982687167906803,18,2061
2061,1029,40.52622693849669,1.5719547052733018,15.920662430194769,19,2062
2062,1029,42.60536713527372,1.5670974276504994,15.790290466298984,20,2063
2063,1029,44.68348266651274,1.5622773260705074,15.592816538395326,21,2064
2064,1029,46.76389533046621,1.5574671421065562,15.328298666887235,22,2065
2065,1029,48.84290791191176,1.5526563732982088,14.996611303875907,23,2066
2066,1029,50.922097164504784,1.54782285431247,14.595463772252558,24,2067
2067,1029,53.00137837730335,1.5429492069520383,14.120137929722889,25,2068
