,particle_id,r,phi,z,layer_id,hit_id
414,791,3.10073942934189,0.8562992263543096,-0.8010041575502811,1,415
415,791,5.179835298866734,0.8713643412527814,-0.9619340042044868,2,416
416,791,7.258347400338776,0.8809062619996085,-0.65353642954463,3,417
417,791,9.337558842186365,0.8760515202410957,0.574789450176624,4,418
418,791,9.337414992486522,-0.8251164769210024,34.156825763416975,4,419
419,791,7.257995511248191,-1.1079898710925211,37.89111557333698,3,420
420,791,7.259050858935092,-2.6898444876138723,49.95388168699342,3,421
421,791,9.337811125667304,-2.9426837939647688,54.5592596264908,4,422
422,791,11.417165704333256,-3.120911771300754,60.28721934272669,5,423
423,791,11.41659811665697,2.3966468509124343,81.37532245479989,5,424
424,791,11.416667223770272,1.9594144301671543,84.80073317753798,5,425
425,791,13.49658647391402,1.531451563261905,86.62515295672355,6,426
426,791,15.57521787054962,1.3399590127939158,86.98363125900477,7,427
427,791,17.655148542362856,1.212870667408721,86.92372658043533,8,428
428,791,19.73363311147474,1.1188867106623817,86.60562002289926,9,429
429,791,21.814028421114923,1.044942220666374,86.09030908762927,10,430
430,791,23.893433135678087,0.9844403033500672,85.40995685282556,11,431
431,791,25.972313176724388,0.9333993144126702,84.58362692933952,12,432
432,791,28.0521705416898,0.8892608288287107,83.62349144758653,13,433
433,791,30.13134493746937,0.8503572030898779,82.53965252527638,14,434
434,791,32.208396819511016,0.8155067730556204,81.34041196051598,15,435
435,791,34.28758286599316,0.7837655702037484,80.02935000560083,16,436
436,791,36.36837953414823,0.7544971942966185,78.61174687566776,17,437
437,791,38.44689501984521,0.7272577869230704,77.09504687824233,18,438
438,791,40.52523422534363,0.7016307292474359,75.48232858623166,19,439
439,791,42.60643711020821,0.6772778737006736,73.77532657951265,20,440
440,791,44.68422055245348,0.6540310726326173,71.98343363943827,21,441
441,791,46.76272019580457,0.63164852323864,70.10745219504066,22,442
442,791,48.84394144772367,0.6099541164671063,68.14961277772701,23,443
443,791,50.922587649048864,0.5888758928219253,66.11920084200105,24,444
444,791,53.00102045930719,0.5682848082985493,64.01844983778784,25,445
