,particle_id,r,phi,z,layer_id,hit_id
1960,1147,3.100903682722299,2.3736438786196703,-6.001773781960608,1,1961
1961,1147,5.179358472352567,2.4018596316560363,-9.250679418463228,2,1962
1962,1147,7.259121712592346,2.423962313946929,-12.060517941808,3,1963
1963,1147,9.337786404914054,2.441526333920402,-14.50606466555709,4,1964
1964,1147,11.41672798373365,2.455522002496161,-16.63600764167944,5,1965
1965,1147,13.49784059184556,2.466565282271995,-18.480670597040984,6,1966
1966,1147,15.575002913235666,2.4750304212192256,-20.05256021059028,7,1967
1967,1147,17.654500904262395,2.4812193278026524,-21.36666990936071,8,1968
1968,1147,19.735173396169003,2.485309316160917,-22.42604450217793,9,1969
1969,1147,21.813499946384017,2.4874207191067588,-23.22941393129632,10,1970
1970,1147,23.891825718087105,2.487640660049975,-23.77522787107776,11,1971
1971,1147,25.97155514747609,2.486016384873828,-24.05819474271424,12,1972
1972,1147,28.050679643608788,2.482573529872924,-24.070556983298097,13,1973
1973,1147,30.13022847908854,2.477318840613274,-23.803636518472736,14,1974
1974,1147,32.20984006410512,2.470250174507066,-23.247867301511064,15,1975
1975,1147,34.287812672070075,2.4613685915710315,-22.39442252572552,16,1976
1976,1147,36.36758564196863,2.4506546536255107,-21.23294648388044,17,1977
1977,1147,38.44708901415832,2.438121988383429,-19.757029817501227,18,1978
1978,1147,40.52534010711094,2.423800766289784,-17.963294027787796,19,1979
1979,1147,42.60453096586034,2.4077237850736792,-15.849499938980683,20,1980
1980,1147,44.68381886117486,2.389976394788251,-13.421032512963286,21,1981
1981,1147,46.76347770728775,2.3706742557302305,-10.688420879318665,22,1982
1982,1147,48.84272410379757,2.349984424575084,-7.670458079703934,23,1983
1983,1147,50.92150503665216,2.328108003775464,-4.392002317868673,24,1984
1984,1147,53.00013632996431,2.3052762530715505,-0.8835104797479616,25,1985
