,particle_id,r,phi,z,layer_id,hit_id
287,532,3.1021920657106428,2.914347245826608,-0.1202678109813391,1,288
288,532,5.180223949439323,2.912380769157079,-0.2475252630241655,2,289
289,532,7.261696937721088,2.910481081870465,-0.4108626483928148,3,290
290,532,9.33849794635332,2.908646880152113,-0.6084347206397211,4,291
291,532,11.420136743549664,2.906861803033371,-0.84018129312377,5,292
292,532,13.498491969466992,2.9051254473871806,-1.1044606683047604,6,293
293,532,15.57586645858136,2.9034287053473893,-1.4008685116469834,7,294
294,532,17.65428584157507,2.901763112848271,-1.7292689569315982,8,295
295,532,19.73536439307487,2.9001207246781475,-2.0897403194882287,9,296
296,532,21.813530938157754,2.8984991525737045,-2.481215460733459,10,297
297,532,23.89279431281649,2.8968882529170936,-2.9044814347622605,11,298
298,532,25.97297856482172,2.8952807916830565,-3.3598006019572395,12,299
299,532,28.053003013653274,2.8936696072194894,-3.847400333371596,13,300
300,532,30.13074565160274,2.8920474832410195,-4.367388014626279,14,301
301,532,32.208764626636544,2.8904023356821824,-4.921265366321407,15,302
302,532,34.29027782428614,2.8887196753345106,-5.511187848190232,16,303
303,532,36.367427101860194,2.8869915802680555,-6.136466184724604,17,304
304,532,38.44592409782079,2.8851956236488774,-6.800748871956039,18,305
305,532,40.526094493366216,2.8833084748303794,-7.506821377151425,19,306
306,532,42.604289434503926,2.881302883165242,-8.256824028759759,20,307
307,532,44.68368230750033,2.879133061489762,-9.056394699969127,21,308
308,532,46.762617091880585,2.876737302537482,-9.911142129114754,22,309
309,532,48.84178372308816,2.8740135849236856,-10.830348821679827,23,310
310,532,50.92136264595391,2.8707805488699685,-11.828269659356708,24,311
311,532,53.00029162988319,2.8666512110064946,-12.929984238598802,25,312
