,particle_id,r,phi,z,layer_id,hit_id
1475,1274,3.100255637293347,1.4953746187217472,0.2370582402101,1,1476
1476,1274,5.179740849894879,1.5006229869690408,0.3249761399216311,2,1477
1477,1274,7.258385742575528,1.5029776664000585,0.4155240872803016,3,1478
1478,1274,9.338261166303717,1.5037675560293715,0.5331225096276295,4,1479
1479,1274,11.417714344554302,1.503715332137748,0.6926206178734198,5,1480
1480,1274,13.496178070726048,1.5032561746395756,0.904170213281267,6,1481
1481,1274,15.575088089012548,1.5026725664820213,1.1757023084525446,7,1482
1482,1274,17.654478567608248,1.502163548167276,1.5138496253818658,8,1483
1483,1274,19.734208546490624,1.5018818543475476,1.9247371126467456,9,1484
1484,1274,21.81250387666423,1.501955696318098,2.4140873506095684,10,1485
1485,1274,23.89221699749561,1.5025039244232632,2.989147024603689,11,1486
1486,1274,25.97263068786472,1.5036479394273907,3.657262332920732,12,1487
1487,1274,28.05052946010162,1.505518377716428,4.425934776942139,13,1488
1488,1274,30.1300272211968,1.508275770436972,5.307049588692501,14,1489
1489,1274,32.20893416835608,1.5121137374137383,6.312632213545606,15,1490
1490,1274,34.28793192809983,1.5172880873263537,7.459214262186561,16,1491
1491,1274,36.36672583934865,1.5241426478895843,8.7675597257355,17,1492
1492,1274,38.4459305581813,1.5331630100310043,10.265629835484166,18,1493
1493,1274,40.52571494244536,1.5450536936372794,11.990582474967722,19,1494
1494,1274,42.60443385096638,1.560857072051852,13.99069721169188,20,1495
1495,1274,44.683913312027805,1.5821984817211834,16.333012199109,21,1496
1496,1274,46.76329100191927,1.6114733231226703,19.090731493066443,22,1497
1497,1274,48.84183396298501,1.651553013156095,22.29344840828924,23,1498
1498,1274,50.92128105113002,1.703011209601253,25.770085525770423,24,1499
1499,1274,53.00023765767522,1.7589335136735176,29.03526676804269,25,1500
