,particle_id,r,phi,z,layer_id,hit_id
2479,1621,3.1001423060666884,-1.6574566844044123,16.36645145957678,1,2480
2480,1621,5.179561068860987,-1.3109938063676971,25.39645514208035,2,2481
2481,1621,7.258796660959294,-1.10096274524093,32.3386568497016,3,2482
2482,1621,9.338005806114126,-0.9519715926509708,38.52051421950384,4,2483
2483,1621,11.416818304196193,-0.81567303626961,45.04783193677589,5,2484
2484,1621,11.41612660183118,-0.4269515655745401,57.20979200194184,5,2485
2485,1621,9.336908570306392,-0.1091301491403213,59.63959896998433,4,2486
2486,1621,9.33764822230006,0.9960034912406212,61.28117679057701,4,2487
2487,1621,11.418083269930586,1.2647584226216335,61.21335425232403,5,2488
2488,1621,13.496882893320716,1.4145695999052386,61.005186815351294,6,2489
2489,1621,15.575672749929709,1.5148275733905188,60.71258873162432,7,2490
2490,1621,17.655763526871,1.587684779767589,60.35196891141477,8,2491
2491,1621,19.735836612151488,1.6432619822791528,59.93095887631574,9,2492
2492,1621,21.81336098748223,1.6870452942643437,59.45395044007187,10,2493
2493,1621,23.89209829621558,1.7224365545057738,58.92193834425292,11,2494
2494,1621,25.97257258801568,1.7515553068332204,58.33519501925013,12,2495
2495,1621,28.051032271173703,1.775784750115171,57.69433141002261,13,2496
2496,1621,30.131855045135143,1.7961808044934418,56.99667063487517,14,2497
2497,1621,32.2093158723632,1.8134137866659088,56.24203902919365,15,2498
2498,1621,34.28967354624772,1.8280708237267425,55.42518023056341,16,2499
2499,1621,36.36770291035147,1.840513247877456,54.54415382729679,17,2500
2500,1621,38.44606305082081,1.851061387919592,53.592815179348136,18,2501
2501,1621,40.52603206379267,1.8599463918273624,52.56394749222006,19,2502
2502,1621,42.604291090071975,1.8673226062849464,51.45085177671493,20,2503
2503,1621,44.685186789514574,1.8733238364108191,50.24034929643866,21,2504
2504,1621,46.763786911378425,1.8780100717885044,48.92113391307014,22,2505
2505,1621,48.841700095907285,1.8814172362322767,47.47340135780396,23,2506
2506,1621,50.92247089091869,1.883526672564524,45.86794014475008,24,2507
2507,1621,53.00164779673611,1.8842402425828333,44.06929077614066,25,2508
