,particle_id,r,phi,z,layer_id,hit_id
3,167,3.100462011191118,0.948793852254851,-12.214171917940533,1,4
4,167,5.17980154331744,0.7171705569149303,-18.43056050237935,2,5
5,167,7.258885248314912,0.6417065571332116,-24.018667928095667,3,6
6,167,9.337820385432424,0.6242864900889783,-29.454161716406503,4,7
7,167,11.416721421858858,0.6385564912006405,-34.88205486763004,5,8
8,167,13.496267868546186,0.6741417005181791,-40.34091374320739,6,9
9,167,15.575856551321587,0.7253274877214081,-45.79757517041405,7,10
10,167,17.65539347831181,0.7875301188771182,-51.16899906184512,8,11
11,167,19.73361227433176,0.8561933059476425,-56.345203914892274,9,12
12,167,21.81281225484189,0.9271393267640892,-61.23712475301346,10,13
13,167,23.89245640465764,0.9969579077975635,-65.78630413568457,11,14
14,167,25.97163348772372,1.0634144591615449,-69.97556746497813,12,15
15,167,28.050667744048383,1.125402518773474,-73.82038771539673,13,16
16,167,30.13063795422137,1.1825979057377916,-77.35244257773171,14,17
17,167,32.21019790379709,1.2350571801103989,-80.60381661236491,15,18
18,167,34.28969518677591,1.283110090801882,-83.60847126008971,16,19
19,167,36.36802737356295,1.3271423325421845,-86.39469685628727,17,20
20,167,38.44721673663271,1.3676203070930633,-88.99064302812553,18,21
21,167,40.52509384318305,1.4049050375686394,-91.41491245931876,19,22
22,167,42.60440222744464,1.439412953624516,-93.68830585366484,20,23
23,167,44.68502243964743,1.4714654628691224,-95.82490389322176,21,24
24,167,46.76305249501451,1.5012953023361857,-97.8326863432886,22,25
25,167,48.8439080019581,1.5292364164828436,-99.7265240146346,23,26
26,167,50.92312417877278,1.5554534331927272,-101.51002551268408,24,27
27,167,53.00230266137703,1.5801690313468792,-103.19084785473264,25,28
