,particle_id,r,phi,z,layer_id,hit_id
1096,771,3.1004028199486733,0.9708331655765192,-10.861864674641163,1,1097
1097,771,5.179313164099421,1.0791999285533669,-15.282149116022534,2,1098
1098,771,7.25888834053095,1.1491252578087117,-18.677334885412897,3,1099
1099,771,9.338779759995507,1.1987404894021327,-21.4029665339224,4,1100
1100,771,11.418225616664298,1.235973257633113,-23.64481817608619,5,1101
1101,771,13.497060499965125,1.2649664966995493,-25.515179328197707,6,1102
1102,771,15.576499699393468,1.2881497294782716,-27.088721026296312,7,1103
1103,771,17.654649292863926,1.3070251110523297,-28.415423833659112,8,1104
1104,771,19.734930871108872,1.3226390446125142,-29.53475456378218,9,1105
1105,771,21.81375665409831,1.335674248209064,-30.47288030448824,10,1106
1106,771,23.89267291468364,1.346658188861637,-31.252483919077225,11,1107
1107,771,25.97279078940502,1.3559794653598287,-31.891054605183843,12,1108
1108,771,28.05080683903972,1.363917937884925,-32.40144915428046,13,1109
1109,771,30.13065380668493,1.3707181885347943,-32.79583713871033,14,1110
1110,771,32.21041464016935,1.3765547136949885,-33.08284399709316,15,1111
1111,771,34.289360354982975,1.3815730984630985,-33.26993227437628,16,1112
1112,771,36.367782894397095,1.385895117595967,-33.36337217787803,17,1113
1113,771,38.44681801272363,1.3896229302515748,-33.36823618668467,18,1114
1114,771,40.52539425493832,1.3928384505440854,-33.288578169585506,19,1115
1115,771,42.605705102678016,1.3956161125355273,-33.127463946422566,20,1116
1116,771,44.68445406688017,1.3980130577571688,-32.887602433557284,21,1117
1117,771,46.76421814561758,1.4000862559247478,-32.57048345709796,22,1118
1118,771,48.84175261892332,1.401880422606245,-32.177741130783325,23,1119
1119,771,50.92233907943832,1.4034430241245155,-31.70872438150592,24,1120
1120,771,53.0021866635558,1.404810439033496,-31.16384614125393,25,1121
