,particle_id,r,phi,z,layer_id,hit_id
2295,1550,3.100882349973704,-1.42869844686406,2.5936998175542065,1,2296
2296,1550,5.179682612855343,-1.4754094494918524,4.494149382239403,2,2297
2297,1550,7.258347207278413,-1.5222128416171326,6.491423863125352,3,2298
2298,1550,9.338032391391575,-1.5680480728291102,8.544046601793369,4,2299
2299,1550,11.41707918819146,-1.611696254633437,10.601107459201678,5,2300
2300,1550,13.495921208300867,-1.6506446849808236,12.613186860362486,6,2301
2301,1550,13.495697642945736,-1.563407209781043,12.861748366999336,6,2302
2302,1550,11.4161459667173,-1.3500091599093895,11.105369404221896,5,2303
2303,1550,11.41714676700608,-0.2807676739115123,5.888201959252726,5,2304
2304,1550,13.496828255774348,-0.0679466414708017,4.583207916748073,6,2305
2305,1550,15.576091819579792,0.0599798598880921,3.5588796323414904,7,2306
2306,1550,17.655558070188043,0.1487287302687338,2.665959711919569,8,2307
2307,1550,19.734053400672256,0.2147372270801285,1.856337923933557,9,2308
2308,1550,21.8138615139736,0.2661103254620743,1.1068876170065618,10,2309
2309,1550,23.89168284998706,0.307306233336826,0.4067449669188328,11,2310
2310,1550,25.971332465820083,0.3412052229459857,-0.2525746785030733,12,2311
2311,1550,28.05132884526911,0.3696164555389621,-0.8751269161553594,13,2312
2312,1550,30.129371804766585,0.3937839743648134,-1.4633160617057417,14,2313
2313,1550,32.209693089472495,0.414663402987201,-2.0204156339822017,15,2314
2314,1550,34.289695725462465,0.4328913290786938,-2.5471212705411617,16,2315
2315,1550,36.3682864268599,0.4489636207149365,-3.04417453087236,17,2316
2316,1550,38.44881321739506,0.4632917728831224,-3.51301414022074,18,2317
2317,1550,40.52575978819184,0.4761414210879462,-3.9528263923388094,19,2318
2318,1550,42.60735962099329,0.4878026402356819,-4.365529952599969,20,2319
2319,1550,44.68587237899649,0.4984238771973012,-4.749592429083428,21,2320
2320,1550,46.76379441241302,0.5081778790605944,-5.105445946121137,22,2321
2321,1550,48.84391112183258,0.5172064270237544,-5.433311209527869,23,2322
2322,1550,50.92251011810704,0.5256008799683747,-5.732257562425569,24,2323
2323,1550,53.00263910907396,0.5334641224148722,-6.002290777947108,25,2324
