,particle_id,r,phi,z,layer_id,hit_id
498,514,3.102308837678683,0.9224206340342758,0.0121256540477574,1,499
499,514,5.18043268308061,0.9399429696837664,0.0726805598845601,2,500
500,514,7.259383824594238,0.9565091336162146,0.1651216414146255,3,501
501,514,9.340051401511566,0.972230334783402,0.2825033633593108,4,502
502,514,11.4168412136371,0.9871543899428118,0.418635104447997,5,503
503,514,13.49589019341424,1.0014018976883312,0.5690039135126206,6,504
504,514,15.576484116587308,1.0150312208450198,0.7294615862230316,7,505
505,514,17.655720106292545,1.0280798289646942,0.8962759336773267,8,506
506,514,19.73410616859115,1.040601271014834,1.0664855720210475,9,507
507,514,21.812795920769272,1.052646247745474,1.2376194407416108,10,508
508,514,23.89353116932605,1.0642626836066285,1.4076112829352103,11,509
509,514,25.97229109784964,1.075462477926125,1.5742239301843777,12,510
510,514,28.05153896855658,1.086290061958275,1.736004166949641,13,511
511,514,30.130959349720506,1.0967711853219686,1.891487442422172,14,512
512,514,32.210476561591825,1.1069302268051138,2.0394138769120502,15,513
513,514,34.29023017676856,1.116790213897779,2.178697171199122,16,514
514,514,36.36721113354668,1.1263576807656452,2.308196498907406,17,515
515,514,38.44856059262698,1.1356836247306346,2.427507041714886,18,516
516,514,40.52820968395393,1.144757095352421,2.535525332316517,19,517
517,514,42.6068339370377,1.1535967570957293,2.6316639813790914,20,518
518,514,44.685207912545984,1.1622199976064342,2.715405199487538,21,519
519,514,46.76417408163919,1.1706429399715772,2.786285508508552,22,520
520,514,48.844610711258326,1.1788804501073762,2.843883328050474,23,521
521,514,50.92396123501973,1.1869329710168537,2.887748408977356,24,522
522,514,53.00308252347493,1.1948137101131968,2.9175875154123645,25,523
