,particle_id,r,phi,z,layer_id,hit_id
1368,556,3.101177478347352,1.5158909295996648,0.6279048641296168,1,1369
1369,556,5.179968638804033,1.5224866852103869,1.0188847961423906,2,1370
1370,556,7.258775807029736,1.5277141197050366,1.3901038052014476,3,1371
1371,556,9.338132830795985,1.5320029115059963,1.743590124587178,4,1372
1372,556,11.41796712639485,1.5356071565541638,2.0805645838054296,5,1373
1373,556,13.496163084307836,1.5386867330359166,2.4015443869318966,6,1374
1374,556,15.575660631855278,1.5413563220392668,2.707584515080504,7,1375
1375,556,17.65564455886792,1.5436920195461872,2.998976391722095,8,1376
1376,556,19.73577314838968,1.5457498290451843,3.2759794499103583,9,1377
1377,556,21.8150566944586,1.5475710853233466,3.53869697335381,10,1378
1378,556,23.894662823798807,1.5491890244682442,3.787443993978569,11,1379
1379,556,25.973818469516136,1.550627923044701,4.022239618864239,12,1380
1380,556,28.053027163815585,1.5519076652532695,4.243212743249655,13,1381
1381,556,30.12994809603106,1.5530424475388456,4.450169412703925,14,1382
1382,556,32.21097468198538,1.5540478428650486,4.643730609174138,15,1383
1383,556,34.29135549163791,1.5549310136318433,4.823394779477053,16,1384
1384,556,36.37073559062205,1.555699734719068,4.9890978417942815,17,1385
1385,556,38.44920966160245,1.5563603335804816,5.140793688505644,18,1386
1386,556,40.52726042880629,1.5569178370289325,5.278436459251916,19,1387
1387,556,42.605699902306405,1.5573760821621374,5.401964693289085,20,1388
1388,556,44.685613239910325,1.5577377980461515,5.511287208971755,21,1389
1389,556,46.76401870627981,1.5580042111108805,5.606090085591427,22,1390
1390,556,48.84234423681635,1.5581765651555666,5.686276162228835,23,1391
1391,556,50.9221682603243,1.5582551216547509,5.7516902783401616,24,1392
1392,556,53.00085630030403,1.5582393031193138,5.802021667237209,25,1393
