,particle_id,r,phi,z,layer_id,hit_id
1,64,3.100521803368662,-1.1856571616268845,1.6062638216339735,1,2
2,64,5.179657095971934,-1.1913773739306115,2.184621442818891,2,3
3,64,7.258868532806824,-1.1947760834590069,2.1035699902932308,3,4
4,64,9.337551634362958,-1.18789949762864,0.1635572003591647,4,5
5,64,9.337348257553504,-1.1431975137492836,-4.393169242224577,4,6
6,64,7.258312334630174,-1.0154361022363023,-9.604009509958251,3,7
7,64,5.178828601501212,-0.7814964854181596,-13.174726207246074,2,8
8,64,5.179505753022721,0.897188773765621,-20.33844168207753,2,9
9,64,7.259412368576951,1.126885770337444,-21.991774980191444,3,10
10,64,9.338983703724452,1.2402169214930905,-23.28814326465411,4,11
11,64,11.41774703507562,1.3082386638190762,-24.37401048532933,5,12
12,64,13.496999362124305,1.3533587714772348,-25.30005446702184,6,13
13,64,15.57716476581442,1.3851758069122595,-26.091677315937623,7,14
14,64,17.654707964097753,1.408516278146867,-26.763493892345103,8,15
15,64,19.73351725911045,1.4261783520820823,-27.32802356608739,9,16
16,64,21.81461230330092,1.439833464630143,-27.79379327526361,10,17
17,64,23.893899159212182,1.4505367540122498,-28.16670766054056,11,18
18,64,25.97152905901224,1.4590282087251798,-28.45272835215409,12,19
19,64,28.05174071567003,1.4658387708898235,-28.65725903969679,13,20
20,64,30.13162251281406,1.4713301637887228,-28.784118607660574,14,21
21,64,32.20879001025787,1.4757774452897916,-28.837043381847685,15,22
22,64,34.28973782395875,1.4794070746581989,-28.81942370222816,16,23
23,64,36.36731520470847,1.482372805676844,-28.734191097909715,17,24
24,64,38.44867581381093,1.4848178483158518,-28.583580409497493,18,25
25,64,40.52694970688068,1.4868420918620435,-28.370268791091924,19,26
26,64,42.60666951806696,1.4885403232025372,-28.09575535357772,20,27
27,64,44.68380280720376,1.4899854259062164,-27.762181080792992,21,28
28,64,46.76274033465832,1.4912462223000025,-27.37009305748044,22,29
29,64,48.84196854889713,1.4923794763197666,-26.92054212407035,23,30
30,64,50.92249444424325,1.4934380431657437,-26.41369583405794,24,31
31,64,53.00211732797747,1.4944693825540738,-25.85006900561136,25,32
