,particle_id,r,phi,z,layer_id,hit_id
2742,1586,3.101884867613038,0.1961981451527527,2.44183289846519,1,2743
2743,1586,5.181316042673089,0.1716458123862723,4.146201953951856,2,2744
2744,1586,7.258595490849398,0.1460263868087656,5.90691185823075,3,2745
2745,1586,9.3377362353624,0.1191657850658588,7.730950821274035,4,2746
2746,1586,11.417054902692,0.0909461540037339,9.620590956332869,5,2747
2747,1586,13.496862853785869,0.0612092233539426,11.579820783138391,6,2748
2748,1586,15.576746802488044,0.02978824742446,13.61190327743092,7,2749
2749,1586,17.6554850476894,-0.0034914484628567,15.719069383407748,8,2750
2750,1586,19.735366349293948,-0.0388888293188845,17.90686089249897,9,2751
2751,1586,21.81282716070299,-0.076598124728387,20.174253299936343,10,2752
2752,1586,23.893327593025823,-0.1170220576517329,22.529420236338115,11,2753
2753,1586,25.97153550696104,-0.1604212434390282,24.96766138189564,12,2754
2754,1586,28.05121737686624,-0.2073203082748027,27.493421317204405,13,2755
2755,1586,30.129759761772327,-0.2582322319605747,30.101987545514497,14,2756
2756,1586,32.20926414700081,-0.3139697580157401,32.79222728405063,15,2757
2757,1586,34.287605547857304,-0.3755460096065783,35.55459517231667,16,2758
2758,1586,36.36693548910493,-0.4446339796547262,38.3806759415556,17,2759
2759,1586,38.44610899208771,-0.5238270647095428,41.25010862133842,18,2760
2760,1586,40.52533028664834,-0.6179058881298732,44.12847759876146,19,2761
2761,1586,42.604436064206645,-0.7369722381277953,46.9366198470551,20,2762
2762,1586,44.683837196449645,-0.9081853054318106,49.41255655824125,21,2763
2763,1586,46.76271590297552,-1.213344736709366,50.13481212393554,22,2764
2764,1586,48.841743027799154,-1.548342412929269,47.62838588890399,23,2765
2765,1586,50.92163573361345,-1.7502022373364463,45.31226992951595,24,2766
2766,1586,53.00009713933668,-1.8907974872317928,43.557538139598165,25,2767
