,particle_id,r,phi,z,layer_id,hit_id
2003,1094,3.1000268182042894,-0.1447504000066791,1.3769777851158906,1,2004
2004,1094,3.0996829219500843,-0.7246517711355474,14.69705062265659,1,2005
2005,1094,3.10051774853588,-2.167611625574067,22.873140175347373,1,2006
2006,1094,5.179288908455748,-2.5982150151760264,27.024812780974266,2,2007
2007,1094,7.259443013478566,-2.7618762672291046,30.19103661463185,3,2008
2008,1094,9.338405434029974,-2.854593273348774,32.97823900355062,4,2009
2009,1094,11.416703461909457,-2.91667286131762,35.522649740753906,5,2010
2010,1094,13.496968466299762,-2.962589255341236,37.88396707500623,6,2011
2011,1094,15.57501408547468,-2.998828831243833,40.0872312793346,7,2012
2012,1094,17.65504525598297,-3.0289475023421395,42.15407436492959,8,2013
2013,1094,19.73392721713405,-3.054934527324966,44.091231694383005,9,2014
2014,1094,21.812608828612376,-3.078096784226773,45.90494619485299,10,2015
2015,1094,23.893098756173647,-3.099325216111694,47.598681380975975,11,2016
2016,1094,25.97223502262496,-3.119205464861101,49.16907631635606,12,2017
2017,1094,28.05053181021343,-3.138200991989071,50.61392391177769,13,2018
2018,1094,30.130282246256503,3.126507072930516,51.9304297585031,14,2019
2019,1094,32.208627218040995,3.108311421149766,53.11148567871019,15,2020
2020,1094,34.28864585395955,3.090179026992776,54.15330668808536,16,2021
2021,1094,36.36751093371692,3.0720112381982685,55.0497134746122,17,2022
2022,1094,38.44741908535808,3.053736061039144,55.79899417195456,18,2023
2023,1094,40.52547504255841,3.0354004101287395,56.40092507522614,19,2024
2024,1094,42.60532374316847,3.017067365772842,56.8618964256279,20,2025
2025,1094,44.68447908710581,2.998918821039108,57.19180157451173,21,2026
2026,1094,46.76304546544226,2.981158836225524,57.40631623419599,22,2027
2027,1094,48.84213561276406,2.964001131983174,57.524920540999744,23,2028
2028,1094,50.92248941155867,2.9476535228156746,57.568936049290535,24,2029
2029,1094,53.00163612181879,2.932315397589022,57.55979030179541,25,2030
