,particle_id,r,phi,z,layer_id,hit_id
1826,1070,3.1004078717393084,1.1562717537933305,1.4189436332595804,1,1827
1827,1070,5.18000537839032,0.969858436356361,2.418497553416188,2,1828
1828,1070,7.259178477633775,0.8584766960404256,3.3870779024426163,3,1829
1829,1070,9.33782071708288,0.7804288976675778,4.332339534061681,4,1830
1830,1070,11.417389929032264,0.7205526314766757,5.259586583345296,5,1831
1831,1070,13.49637245621398,0.6719323932760513,6.171025347825289,6,1832
1832,1070,15.576419813962843,0.6308109574630322,7.06934240810747,7,1833
1833,1070,17.654241722322794,0.5950516366627183,7.954597283491321,8,1834
1834,1070,19.734090120074804,0.5631831468677815,8.829803849832388,9,1835
1835,1070,21.81286470082045,0.5343161497982184,9.69471235441987,10,1836
1836,1070,23.893914485825142,0.507744252845149,10.551720635592648,11,1837
1837,1070,25.97120273427446,0.4830592284339408,11.39937485853672,12,1838
1838,1070,28.05045098808292,0.4598260681196864,12.241109358918989,13,1839
1839,1070,30.13124410924615,0.4377693944467906,13.077948427240834,14,1840
1840,1070,32.208782569670554,0.4167124709569229,13.909349471407442,15,1841
1841,1070,34.28874992209244,0.3964114628282916,14.739211739015689,16,1842
1842,1070,36.3691525960102,0.3767308366549315,15.568681094678368,17,1843
1843,1070,38.44763127748589,0.3575564826745,16.399192058483763,18,1844
1844,1070,40.52603781800655,0.3387490290374694,17.234431318321974,19,1845
1845,1070,42.60486700540032,0.3201910911787134,18.078330087194267,20,1846
1846,1070,44.68505687451036,0.3017650629200889,18.936095972021832,21,1847
1847,1070,46.762667058864345,0.2833948206433029,19.81242037909567,22,1848
1848,1070,48.84350245468548,0.2649104406618343,20.718312371423345,23,1849
1849,1070,50.92131547716095,0.2462336907095225,21.662909333211488,24,1850
1850,1070,53.00074818646191,0.2271622963768615,22.66536116882361,25,1851
