,particle_id,r,phi,z,layer_id,hit_id
1287,648,3.100730471346417,2.276380702195446,8.539996699423334,1,1288
1288,648,5.179482025203898,2.3131184522848294,12.925355773415518,2,1289
1289,648,7.259292558925671,2.3473879467772325,16.58351807511155,3,1290
1290,648,9.338314958490734,2.379886090146821,19.66238598549496,4,1291
1291,648,11.417489695806989,2.4110782566824502,22.258195653554687,5,1292
1292,648,13.496842576608929,2.4412713615174715,24.43374450602662,6,1293
1293,648,15.57555732523141,2.470684305909731,26.23160502995689,7,1294
1294,648,17.655661869072603,2.499538034339521,27.6834734436899,8,1295
1295,648,19.73395497480421,2.527968853073087,28.80765747799024,9,1296
1296,648,21.813150464662744,2.5562045648848435,29.618418140696484,10,1297
1297,648,23.892503874566835,2.5844581751810365,30.120605605502867,11,1298
1298,648,25.97224305099672,2.6130191713956785,30.31198477908267,12,1299
1299,648,28.051041991177865,2.6422650139360324,30.18128203259699,13,1300
1300,648,30.12916929221132,2.672785370984037,29.70501947469203,14,1301
1301,648,32.2087759866284,2.705552200334556,28.838870039667405,15,1302
1302,648,34.28809873422684,2.742191405908227,27.50402663434759,16,1303
1303,648,36.3668446399162,2.7860104176678298,25.546510198037616,17,1304
1304,648,38.44594421472348,2.8453093946729977,22.60805794780878,18,1305
1305,648,40.52514497696018,2.9526612114465585,17.469205907112553,19,1306
1306,648,42.60420378460634,-2.991128472046679,6.086523339793985,20,1307
1307,648,44.68364943207812,-2.746597604000612,0.4472575766218867,21,1308
1308,648,46.76327521560012,-2.59822111784871,-2.5742893618412808,22,1309
1309,648,48.842455183520194,-2.484312837261727,-4.784253402276896,23,1310
1310,648,50.92176627507968,-2.387889291494116,-6.58130898566872,24,1311
1311,648,53.00090024003985,-2.300992461500049,-8.103836139671863,25,1312
