,particle_id,r,phi,z,layer_id,hit_id
40,383,3.1017038273957422,0.5651637067666199,-1.825604100998973,1,41
41,383,5.180504860798142,0.5771828656910654,-3.1844907485049205,2,42
42,383,7.25949941751557,0.5889260701581934,-4.654716466632756,3,43
43,383,9.338030615009874,0.6003456041631666,-6.237975347515139,4,44
44,383,11.417749074587068,0.6114001885328111,-7.9377291503212035,5,45
45,383,13.497411578483964,0.6220257767706941,-9.75515644523308,6,46
46,383,15.575520713091704,0.6321501969254739,-11.690851947039189,7,47
47,383,17.655067171566238,0.6417138136756355,-13.749556022899268,8,48
48,383,19.73371172644065,0.6506207891277112,-15.93085817838778,9,49
49,383,21.813362484126323,0.6587819283752477,-18.2384792501641,10,50
50,383,23.893006549128216,0.6660809269774012,-20.672875193247144,11,51
51,383,25.971163112762508,0.6723850953494035,-23.23333827455245,12,52
52,383,28.05005836662589,0.6775539331302991,-25.923219991688768,13,53
53,383,30.131034630186377,0.6814182607622499,-28.7444763523226,14,54
54,383,32.20889359582637,0.6837748454356185,-31.68885984881557,15,55
55,383,34.28790991541519,0.6844095404296711,-34.75959666071336,16,56
56,383,36.36785679304008,0.6830715873571227,-37.95166922429732,17,57
57,383,38.446758279826014,0.6794905538048724,-41.25406758777241,18,58
58,383,40.52653195317507,0.673375783379594,-44.65765864098956,19,59
59,383,42.604981250367736,0.66444783443055,-48.1412587238836,20,60
60,383,44.684715838479086,0.652435901844548,-51.68516023734786,21,61
61,383,46.76283416935637,0.6371625631968388,-55.25329722241755,22,62
62,383,48.84192022238648,0.6185231403824906,-58.81251568545665,23,63
63,383,50.9221478479084,0.5965693292482857,-62.32132951741792,24,64
64,383,53.00047573339228,0.5715539428475492,-65.73291420452746,25,65
