,particle_id,r,phi,z,layer_id,hit_id
3528,2244,3.1011265345780017,-2.897610166409822,15.061408604395416,1,3529
3529,2244,5.179644206543821,-3.111842645989624,18.05713432115417,2,3530
3530,2244,7.258391124698218,3.074408276118028,20.347328873377336,3,3531
3531,2244,9.339728972731352,3.0174263752644706,22.27280471638792,4,3532
3532,2244,11.41837888318848,2.979486748727531,23.95805102263794,5,3533
3533,2244,13.497264285944585,2.952201105908507,25.47321475766818,6,3534
3534,2244,15.57736442207036,2.9315734841769467,26.859752695875265,7,3535
3535,2244,17.655713147167,2.9154540237607565,28.142999685345053,8,3536
3536,2244,19.73528681538951,2.902520837587405,29.3442353969417,9,3537
3537,2244,21.81331446035224,2.891967075149781,30.47634269359775,10,3538
3538,2244,23.89374520169896,2.88322330844302,31.55266047680219,11,3539
3539,2244,25.971013921180315,2.8759301530742385,32.57930126514723,12,3540
3540,2244,28.050581580249418,2.8697936856984825,33.56636097896511,13,3541
3541,2244,30.12990712182788,2.864621945224385,34.518769819711885,14,3542
3542,2244,32.21044424705059,2.8602610862421693,35.44250332116299,15,3543
3543,2244,34.28785012882627,2.8566046290209086,36.34034420610603,16,3544
3544,2244,36.36768095852711,2.853554455665395,37.21889386435659,17,3545
3545,2244,38.44604325249354,2.851048881051636,38.080317707321065,18,3546
3546,2244,40.52531621179711,2.8490325888398624,38.92917837955202,19,3547
3547,2244,42.6044218329332,2.847467179047001,39.768430506287885,20,3548
3548,2244,44.68489049214454,2.846322520130206,40.60200122237608,21,3549
3549,2244,46.76447316900737,2.8455795992238984,41.43229272861216,22,3550
3550,2244,48.84305743589192,2.8452256438207635,42.2626345538456,23,3551
3551,2244,50.92212798704055,2.845255754080309,43.09714647013426,24,3552
3552,2244,53.001375029669056,2.845673523986867,43.93949544575992,25,3553
