,particle_id,r,phi,z,layer_id,hit_id
2803,921,3.1000897692764275,3.076337725382838,0.2864378421937772,1,2804
2804,921,5.180248685929149,3.071964580322353,0.6049471169959553,2,2805
2805,921,7.259059774468151,3.0670377197096066,1.0037425130926287,3,2806
2806,921,9.338259125844331,3.061447762704837,1.4716481261253804,4,2807
2807,921,11.4174691197012,3.0550805012266027,2.0002269587158032,5,2808
2808,921,13.496636970875253,3.0478001458053923,2.5829771163370125,6,2809
2809,921,15.575821899580609,3.039437726176473,3.2145843344500804,7,2810
2810,921,17.65563444047114,3.0297733140110386,3.89056354283592,8,2811
2811,921,19.733391667310112,3.0185340101368188,4.605496516663969,9,2812
2812,921,21.8125410949613,3.0053106285428712,5.355722593538058,10,2813
2813,921,23.89337168209426,2.989543619494249,6.135533267706606,11,2814
2814,921,25.97227184371195,2.9704477320291875,6.935391467879938,12,2815
2815,921,28.05055031576373,2.946760447880146,7.742888461614513,13,2816
2816,921,30.12951203143643,2.916392959160416,8.535670119613666,14,2817
2817,921,32.208402048253454,2.875637893696175,9.267520632012689,15,2818
2818,921,34.28762927088643,2.8171339192588074,9.832486404059892,16,2819
2819,921,36.36690224758281,2.7253821669712,9.949628168888676,17,2820
2820,921,38.4464553454014,2.578955302241785,8.973621921883765,18,2821
2821,921,40.525292606908586,2.407823530516025,6.752644766194226,19,2822
2822,921,42.605077139286976,2.2666901654444187,4.271386499606717,20,2823
2823,921,44.68344482909736,2.157137302371038,1.9420301012463768,21,2824
2824,921,46.76386068236032,2.069137952433415,-0.2245932628047597,22,2825
2825,921,48.843714903946506,1.996149032052164,-2.2620045490562752,23,2826
2826,921,50.92149587269227,1.934107510015966,-4.200664391755176,24,2827
2827,921,53.00050080474979,1.8802923318039544,-6.06689350370306,25,2828
