,particle_id,r,phi,z,layer_id,hit_id
1334,732,3.1009784050120905,1.99565128698708,-4.575742904649218,1,1335
1335,732,5.180106539524124,1.9931152329857813,-6.649056210639522,2,1336
1336,732,7.25969375167721,1.9914166199839345,-8.26892430732105,3,1337
1337,732,9.338354686190932,1.990600564714456,-9.556011403470528,4,1338
1338,732,11.416871950784795,1.990681647077552,-10.582275580707297,5,1339
1339,732,13.496323862368488,1.9916770352055728,-11.394735143000354,6,1340
1340,732,15.576091215946956,1.993613380681889,-12.025880344035834,7,1341
1341,732,17.65558993142068,1.996529062680392,-12.500094423188775,8,1342
1342,732,19.73512026054343,2.000478144846845,-12.836634879940611,9,1343
1343,732,21.81407590403044,2.005530101901192,-13.050974705189496,10,1344
1344,732,23.89358565886237,2.0117790666405524,-13.156251721040055,11,1345
1345,732,25.971730263736465,2.01933449877224,-13.163720008389056,12,1346
1346,732,28.0506083295024,2.0283499656206354,-13.08358488244992,13,1347
1347,732,30.12978797352605,2.039010199873495,-12.925295979450205,14,1348
1348,732,32.209483149615934,2.0515536134792853,-12.698079958369568,15,1349
1349,732,34.28793029937815,2.0662720929460696,-12.411697145109578,16,1350
1350,732,36.367658482384215,2.0835789503119826,-12.076142462406883,17,1351
1351,732,38.44689121864201,2.103983344762086,-11.703560480882764,18,1352
1352,732,40.525013663956,2.128177726959342,-11.308564504622645,19,1353
1353,732,42.60444466397465,2.1571537692213325,-10.909309091450588,20,1354
1354,732,44.68394092850523,2.192243637574028,-10.53117202321031,21,1355
1355,732,46.76315389577549,2.2353417974175858,-10.209357153380203,22,1356
1356,732,48.84228566851928,2.289127742131774,-9.993327439045466,23,1357
1357,732,50.92154860322773,2.357204102044449,-9.94902684255934,24,1358
1358,732,53.00043771779632,2.443693970256358,-10.144971190628674,25,1359
