,particle_id,r,phi,z,layer_id,hit_id
140,266,3.1021950955924407,1.0393173049156246,0.9356706430596552,1,141
141,266,5.18097001966754,1.0473057673274508,1.5688373310012746,2,142
142,266,7.258662185336584,1.055797160435726,2.208664658324798,3,143
143,266,9.339170337526442,1.064816047643154,2.85793497360436,4,144
144,266,11.417640402551358,1.074352222629766,3.516566117812813,5,145
145,266,13.498041056394664,1.0844365391666682,4.187108692684687,6,146
146,266,15.575620030880163,1.0950599606168674,4.869180241464237,7,147
147,266,17.65417777369593,1.1062567505207803,5.565028430162757,8,148
148,266,19.734411241045805,1.1180480398133796,6.275778080362331,9,149
149,266,21.81407960710758,1.1304379825913822,7.001370215190024,10,150
150,266,23.89351101027229,1.143443951142539,7.742409563533544,11,151
151,266,25.972728945555936,1.157080193515463,8.499170174933246,12,152
152,266,28.051417158501984,1.171356154444773,9.271532656926016,13,153
153,266,30.13131747376272,1.186292421420036,10.059844995531469,14,154
154,266,32.20874769142513,1.201865460938749,10.862031216395833,15,155
155,266,34.288980437132814,1.218112340839921,11.679050570491894,16,156
156,266,36.36698503324355,1.2349840106422274,12.507389247437397,17,157
157,266,38.44585168882621,1.252486317406588,13.346209236332417,18,158
158,266,40.52680866319508,1.270602898022319,14.193410444043424,19,159
159,266,42.60499374657929,1.2892536400961363,15.043813089018068,20,160
160,266,44.6847451887326,1.308430964421922,15.895394265897275,21,161
161,266,46.76379899183816,1.3280625921777869,16.742843862807035,22,162
162,266,48.842500231563534,1.3480998293346151,17.581351793580453,23,163
163,266,50.922247236833925,1.3685162228103875,18.405969940769275,24,164
164,266,53.00052691786628,1.3892817590833777,19.209655227883538,25,165
