,particle_id,r,phi,z,layer_id,hit_id
1088,1082,3.100127139146543,-0.1051997821104637,4.645760662653967,1,1089
1089,1082,5.179331326655902,0.0426629022791308,10.4984005864391,2,1090
1090,1082,7.258615321477206,0.8714711956631437,23.83492430510219,3,1091
1091,1082,9.337797025851032,1.10096275083367,23.279968555023217,4,1092
1092,1082,11.416693867341584,1.21695062616797,22.613237665927223,5,1093
1093,1082,13.496896268438688,1.28866437993483,21.9189884781142,6,1094
1094,1082,15.575211690104164,1.337344021493024,21.21894079267181,7,1095
1095,1082,17.65614566255332,1.3724942125216235,20.520561937938723,8,1096
1096,1082,19.733731949386137,1.3988986619599677,19.83078290109093,9,1097
1097,1082,21.81268420888114,1.4194348278536109,19.151094437942923,10,1098
1098,1082,23.892063260979995,1.4358174003683166,18.48387669778968,11,1099
1099,1082,25.971095153151005,1.4491667192195596,17.830841066370656,12,1100
1100,1082,28.05053938121992,1.4602515913953862,17.192837878793245,13,1101
1101,1082,30.130589756057145,1.469607290582982,16.570665208581175,14,1102
1102,1082,32.2092247955618,1.4776115241932433,15.965605071281791,15,1103
1103,1082,34.289617011705616,1.484560992251218,15.377321892750022,16,1104
1104,1082,36.36826078224962,1.4906580160084322,14.807325065435126,17,1105
1105,1082,38.44881839434908,1.4960772561806093,14.255093561038583,18,1106
1106,1082,40.52714825407276,1.500935319567282,13.72218626033651,19,1107
1107,1082,42.6059181652358,1.505339306480437,13.208358297236035,20,1108
1108,1082,44.685480082833536,1.5093693542576143,12.714016557066008,21,1109
1109,1082,46.76355818112981,1.513085380615472,12.240193535853972,22,1110
1110,1082,48.84453226237105,1.5165470659040834,11.786449339041436,23,1111
1111,1082,50.92363114939455,1.5197889062458991,11.354423611696417,24,1112
1112,1082,53.00257731730633,1.522848954482168,10.944367982167158,25,1113
