,particle_id,r,phi,z,layer_id,hit_id
0,96,3.101029781906243,2.18179125957285,2.739579250994761,1,1
1,96,5.179538935042841,2.204846830771087,4.349766742095784,2,2
2,96,7.258617093690909,2.233711666598277,5.78744926763236,3,3
3,96,9.33781784113614,2.2688801878825826,7.053100132044733,4,4
4,96,11.416924315947838,2.311059650864088,8.142272305674584,5,5
5,96,13.49615196129825,2.361070855138119,9.046292630869424,6,6
6,96,15.575723383366253,2.419616228989689,9.753705016726748,7,7
7,96,17.654902988353363,2.4868319496266635,10.254107756423462,8,8
8,96,19.73454599347402,2.561814470680981,10.545783830372816,9,9
9,96,21.813589089845355,2.6421544146870084,10.642414973513084,10,10
10,96,23.89189611374689,2.724375288050746,10.575749863550325,11,11
11,96,25.97225424547148,2.8050426273465527,10.387881320151925,12,12
12,96,28.0515258960436,2.881383941227308,10.12069572172645,13,13
13,96,30.13035477996504,2.951993224168478,9.807520514795073,14,14
14,96,32.208346614494964,3.0164148623500204,9.471685780355868,15,15
15,96,34.28766024670449,3.0748681846806027,9.12775924423556,16,16
16,96,36.36784362247149,3.127779526268565,8.784936626937816,17,17
17,96,38.44795154129734,-3.1075106836061104,8.44879170266914,18,18
18,96,40.52527811848999,-3.064127073122157,8.122877003393608,19,19
19,96,42.604700145143816,-3.024633579166072,7.80819007299,20,20
20,96,44.68507147157001,-2.9885987940009144,7.505896365301671,21,21
21,96,46.76506221102703,-2.955643681373163,7.21670020962133,22,22
22,96,48.84271662959303,-2.925445135926035,6.941101231735352,23,23
23,96,50.923183261635536,-2.897629316708718,6.678551518463417,24,24
24,96,53.002471395116224,-2.871994773743048,6.429658956109329,25,25
