,particle_id,r,phi,z,layer_id,hit_id
0,85,3.103300918900525,-0.985473751107586,-0.0556236734573154,1,1
1,85,5.181771870130629,-0.9887310491245876,-0.0289964485054987,2,2
2,85,7.2594025981938515,-0.9918004272049582,0.0483459734312532,3,3
3,85,9.341332956277483,-0.9946994804360492,0.1764944908455135,4,4
4,85,11.417183981373196,-0.9974231346619636,0.3546828742667713,5,5
5,85,13.496150940998126,-0.9999918179103252,0.583687940708213,6,6
6,85,15.575753184207636,-1.0024089905075977,0.8636230850758793,7,7
7,85,17.657427853887775,-1.0046820207057994,1.1951842497689569,8,8
8,85,19.73478834072681,-1.0068092364858012,1.5778254892962664,9,9
9,85,21.813157588437672,-1.008800621958737,2.0131115799970054,10,10
10,85,23.893869672976475,-1.010660492793651,2.5023158801313308,11,11
11,85,25.974307511556688,-1.0123888630297284,3.045934116995145,12,12
12,85,28.0518217285878,-1.0139855672309412,3.6443482804753806,13,13
13,85,30.131295343676904,-1.0154553559227848,4.300307425424204,14,14
14,85,32.20981439585907,-1.016796129832909,5.014507042635309,15,15
15,85,34.28810410117611,-1.0180076208024775,5.788927040166286,16,16
16,85,36.370301926363865,-1.0190900805999794,6.627282510791929,17,17
17,85,38.4492789075338,-1.0200368661469907,7.528992819478596,18,18
18,85,40.52511073082712,-1.0208445932318615,8.496318360652559,19,19
19,85,42.604518761048006,-1.0215104684121674,9.535244668967792,20,20
20,85,44.68653564847192,-1.022026630497734,10.648785435769875,21,21
21,85,46.76310525805279,-1.0223827245266968,11.836043134232456,22,22
22,85,48.84263321397656,-1.022569703016101,13.105690297334922,23,23
23,85,50.92260607376998,-1.0225736211602063,14.460903378817488,24,24
24,85,53.0000018692253,-1.0223784197158663,15.904670738257362,25,25
