,particle_id,r,phi,z,layer_id,hit_id
1239,551,3.1019311216588705,-2.8609788261741467,1.9404218802595,1,1240
1240,551,5.179604709681067,-2.852752405529827,3.5158232914955505,2,1241
1241,551,7.258604549323201,-2.8432388154529376,5.338715683263164,3,1242
1242,551,9.3377075182986,-2.832121553779752,7.434260647132426,4,1243
1243,551,11.417925505739994,-2.8189620191912867,9.834877931895768,5,1244
1244,551,13.496927323322906,-2.803178049311825,12.575681837873848,6,1245
1245,551,15.575784901088,-2.7839092716305185,15.704373395773256,7,1246
1246,551,17.65467421881702,-2.7598768189163594,19.27955362198532,8,1247
1247,551,19.73388226411027,-2.7290597196841806,23.37588572411286,9,1248
1248,551,21.81300416294014,-2.6880466903262485,28.086720404175047,10,1249
1249,551,23.89194080348138,-2.630469128499532,33.52573433389388,11,1250
1250,551,25.9711960818066,-2.542683482491931,39.7945020882963,12,1251
1251,551,28.050061465255343,-2.3895308103061628,46.70733665960023,13,1252
1252,551,30.129265103564144,-2.071852564654753,51.897000456225385,14,1253
1253,551,32.20863444112288,-1.5840987911544493,49.89468597968072,15,1254
1254,551,34.287692954274526,-1.226784327911849,46.464648095068256,16,1255
1255,551,36.367364096919,-0.9927705901343724,44.30969164971331,17,1256
1256,551,38.44634591254447,-0.8230478656138255,42.900097076714,18,1257
1257,551,40.525621667581966,-0.6905370698712774,41.89329405077842,19,1258
1258,551,42.60420864986383,-0.5822349570054637,41.12246702296652,20,1259
1259,551,44.68406488873007,-0.4908567043782657,40.49793985247528,21,1260
1260,551,46.7626786637721,-0.4121425515689783,39.96856986411929,22,1261
1261,551,48.84175311337456,-0.3431606918055142,39.50121911099549,23,1262
1262,551,50.92104437424463,-0.2819458377098889,39.07413180822487,24,1263
1263,551,53.0002428996371,-0.2270802607038616,38.67200359741254,25,1264
