,particle_id,r,phi,z,layer_id,hit_id
4080,1797,3.1008659442096063,-2.3027248302953423,3.7091757672337184,1,4081
4081,1797,5.179292698656586,-2.182166106684897,5.769180911643593,2,4082
4082,1797,7.258600778817228,-2.086705246372261,7.593083097820118,3,4083
4083,1797,9.339276364047558,-2.008005406598276,9.24235271290948,4,4084
4084,1797,11.418017294572644,-1.941104510163281,10.755126632093171,5,4085
4085,1797,13.496299039400997,-1.8827301689766984,12.1602979195794,6,4086
4086,1797,15.575660332207166,-1.83072849631316,13.478271704621829,7,4087
4087,1797,17.65418958325612,-1.7836966127071234,14.721963647722296,8,4088
4088,1797,19.73421787891573,-1.7405495511164089,15.903389778837488,9,4089
4089,1797,21.813444742817776,-1.7005775356979025,17.029462893158872,10,4090
4090,1797,23.892890171529547,-1.6631865513180326,18.10731393372629,11,4091
4091,1797,25.97111629180334,-1.6279581513855264,19.141553713134428,12,4092
4092,1797,28.05133329448116,-1.594489208786574,20.1381751178416,13,4093
4093,1797,30.13025989029816,-1.5625516676627214,21.09931882494825,14,4094
4094,1797,32.20838535511068,-1.5319046827135356,22.02846884945004,15,4095
4095,1797,34.29004945190392,-1.5022932619641434,22.930309311676588,16,4096
4096,1797,36.36889338558399,-1.4736441256138175,23.804554943123712,17,4097
4097,1797,38.44759184543962,-1.445776452252781,24.65461905010152,18,4098
4098,1797,40.52636140198437,-1.4185623836756118,25.48262459117856,19,4099
4099,1797,42.60567168028091,-1.3918840460337685,26.29062704396413,20,4100
4100,1797,44.68612430106943,-1.365631926722254,27.080594501482203,21,4101
4101,1797,46.76538035374484,-1.3397400827219197,27.85330499820163,22,4102
4102,1797,48.84397580357751,-1.3141105984613952,28.610576925356497,23,4103
4103,1797,50.92225222156408,-1.288650768293906,29.354096520390044,24,4104
4104,1797,53.00022927463652,-1.2632722975498192,30.08540412169232,25,4105
