,particle_id,r,phi,z,layer_id,hit_id
1505,718,3.101813192601812,-1.4753713358025085,-0.8344386916766702,1,1506
1506,718,5.180594493681013,-1.5034149347829235,-1.433183011592476,2,1507
1507,718,7.260345833876353,-1.5351195737668255,-2.066693789409477,3,1508
1508,718,9.338817821126318,-1.571662275284662,-2.736939018042598,4,1509
1509,718,11.418061497426812,-1.6149277011869867,-3.447140754594084,5,1510
1510,718,13.49654205729595,-1.6678644013805082,-4.198076279463901,6,1511
1511,718,15.576265703016448,-1.7356338466685062,-4.986580610077379,7,1512
1512,718,17.654597533786905,-1.827287918553624,-5.78902913193415,8,1513
1513,718,19.73370941998168,-1.95797985181303,-6.519691667219959,9,1514
1514,718,21.812589098121283,-2.1367243850288005,-6.946050770736342,10,1515
1515,718,23.8918698666738,-2.329351891514747,-6.862927400994252,11,1516
1516,718,25.97123534703938,-2.4934208884971696,-6.412631306639327,12,1517
1517,718,28.050752247387543,-2.624155389551459,-5.789471174522266,13,1518
1518,718,30.12941430571766,-2.7293655200267497,-5.08303413198934,14,1519
1519,718,32.20939484688362,-2.816107250904794,-4.327614546800728,15,1520
1520,718,34.28807888770396,-2.8890651835251018,-3.538839153970226,16,1521
1521,718,36.36828034197866,-2.951594840533185,-2.7223301233410524,17,1522
1522,718,38.447015706668,-3.005873246782587,-1.88249914730514,18,1523
1523,718,40.52553578240947,-3.05357003531706,-1.0204855051176445,19,1524
1524,718,42.60456686683055,-3.095902823169012,-0.1367736538435728,20,1525
1525,718,44.685701735607616,-3.13380665168201,0.7690088362779051,21,1526
1526,718,46.764224112630345,3.1152824804800647,1.6947096059305125,22,1527
1527,718,48.84263302440082,3.0843896904580927,2.6414548894979184,23,1528
1528,718,50.92227098703787,3.056237305745573,3.61001035992788,24,1529
1529,718,53.00242724290197,3.0304761343319977,4.6002464110955295,25,1530
