,particle_id,r,phi,z,layer_id,hit_id
203,282,3.1006663854568184,-1.4734900177745476,0.8098087208254192,1,204
204,282,5.180295079158747,-1.5887610712058684,1.9623314313486449,2,205
205,282,7.258533372421318,-1.6990231368632327,3.467179061222432,3,206
206,282,9.338717745126807,-1.8011950314446354,5.205114456764502,4,207
207,282,11.416858361618864,-1.8934297748098503,7.072528768896348,5,208
208,282,13.496974988711898,-1.975702304601978,9.003034018309137,6,209
209,282,15.576741182329128,-2.048590672191264,10.95149077548703,7,210
210,282,17.654190747335196,-2.1131012255038297,12.892176521006846,8,211
211,282,19.73440647642422,-2.170515240710626,14.818062201620194,9,212
212,282,21.813927065421755,-2.22177252125096,16.72130248170528,10,213
213,282,23.892088350898423,-2.2677780891496857,18.6007825700474,11,214
214,282,25.97166292038416,-2.309366649894171,20.460721829458343,12,215
215,282,28.051594456259835,-2.34715851840949,22.30307204684428,13,216
216,282,30.130699302840327,-2.381671778496418,24.13033557981957,14,217
217,282,32.20983687291056,-2.4133705315862866,25.94712141896746,15,218
218,282,34.28907280448994,-2.442629575180717,27.757464665973377,16,219
219,282,36.367168305058456,-2.469746905903194,29.564320407231985,17,220
220,282,38.44679779118538,-2.4950217498559555,31.374072228058143,18,221
221,282,40.52602613631946,-2.5186541404143026,33.18912724502451,19,222
222,282,42.606438102818174,-2.540853883445928,35.01502125651753,20,223
223,282,44.684374158852975,-2.5617489876313977,36.852767895707785,21,224
224,282,46.76534590463863,-2.581538437386737,38.71163243479296,22,225
225,282,48.84337781222067,-2.6002911306044365,40.59085852604002,23,226
226,282,50.92148437846244,-2.6181472651552973,42.49797733736587,24,227
227,282,53.00272633119869,-2.6352300371022404,44.44109034194453,25,228
