,particle_id,r,phi,z,layer_id,hit_id
438,470,3.1002730573173225,2.148230819146931,6.284611472894639,1,439
439,470,5.179243664559536,1.6402913983933989,8.313333342265363,2,440
440,470,7.259349945377143,1.4189732056323292,9.295310306365923,3,441
441,470,9.337605136168335,1.2905889009657066,9.898734579918443,4,442
442,470,11.417222586768716,1.2047352182221307,10.290125291664047,5,443
443,470,13.496006250530462,1.1424790312264526,10.539114992821052,6,444
444,470,15.575116177564125,1.0947979993806278,10.68428894228689,7,445
445,470,17.654561029440035,1.056852200763711,10.750025801893024,8,446
446,470,19.73392929786017,1.0257800437918614,10.753503775735297,9,447
447,470,21.81379147818768,0.9997535671408284,10.707786321028102,10,448
448,470,23.89185173530285,0.9775807714470902,10.623518668154958,11,449
449,470,25.97227909648342,0.9583698174212134,10.50948877937833,12,450
450,470,28.050368182295934,0.9415524831786618,10.373901033663,13,451
451,470,30.13060297585162,0.926637112346688,10.223791621463498,14,452
452,470,32.20926597669012,0.913304872842345,10.06637994187265,15,453
453,470,34.28862535178644,0.9012704630997356,9.908296782119775,16,454
454,470,36.366830983686654,0.8903300311851089,9.7564694468451,17,455
455,470,38.44763641172404,0.8802912633190816,9.617553035615488,18,456
456,470,40.52529128239049,0.8710386604864991,9.499065954304776,19,457
457,470,42.604380037371214,0.8624309610949927,9.4081855439807,20,458
458,470,44.684764233684376,0.8543675711777503,9.352842982849996,21,459
459,470,46.7641087529747,0.8467686606338132,9.341433251717998,22,460
460,470,48.84278354496277,0.8395536949947838,9.382715103835247,23,461
461,470,50.92136807642953,0.8326497497000926,9.485986876665446,24,462
462,470,53.00066045024448,0.8259895849821398,9.661113127405208,25,463
