,particle_id,r,phi,z,layer_id,hit_id
2973,1904,3.1007911546423856,-0.0169422909630956,5.489639395328723,1,2974
2974,1904,5.179323167002192,0.0154216847120199,8.925059084339559,2,2975
2975,1904,7.259686232740196,0.0406261021130616,12.150456803465929,3,2976
2976,1904,9.33841791080574,0.0580197509496051,15.1653668745995,4,2977
2977,1904,11.417767705695832,0.0674251155834455,17.988725605703664,5,2978
2978,1904,13.4970513592623,0.0688784008659706,20.639739917592408,6,2979
2979,1904,15.576054559745057,0.062554431320824,23.13872863845308,7,2980
2980,1904,17.655355832915724,0.0487021922194839,25.504510417992023,8,2981
2981,1904,19.73470762976826,0.0276491085080979,27.75089833381425,9,2982
2982,1904,21.81385388950711,-0.0001645096833713,29.88704654997689,10,2983
2983,1904,23.89285881703749,-0.0341484230266019,31.91776238145012,11,2984
2984,1904,25.97178130640984,-0.0735324675095889,33.84383032163636,12,2985
2985,1904,28.05116144732892,-0.1173869586498701,35.66374137944706,13,2986
2986,1904,30.130441113977163,-0.1646462802145093,37.37396896775565,14,2987
2987,1904,32.20936549391647,-0.2142279302120772,38.97187165198686,15,2988
2988,1904,34.28837022710986,-0.2651440839913717,40.456944085966086,16,2989
2989,1904,36.36810103323742,-0.3165660394820093,41.83069952333548,17,2990
2990,1904,38.4459707295519,-0.367775006337995,43.0944009852166,18,2991
2991,1904,40.52569577935208,-0.4183984189019593,44.25441603914175,19,2992
2992,1904,42.6056395130153,-0.46809933436125,45.31438977322324,20,2993
2993,1904,44.68475581235996,-0.516692191248408,46.27861561989074,21,2994
2994,1904,46.76338992454926,-0.5641263560388526,47.15180127148602,22,2995
2995,1904,48.8418659802054,-0.6104215492693804,47.93801047421803,23,2996
2996,1904,50.922904132850334,-0.6556962196322479,48.64130891646221,24,2997
2997,1904,53.00122790208603,-0.6999255518330348,49.26234607177538,25,2998
