,particle_id,r,phi,z,layer_id,hit_id
1,117,3.101085596752697,-1.6738190238766082,0.6034846021867608,1,2
2,117,5.180547297704642,-1.639373526213841,0.9964636428529658,2,3
3,117,7.260625285415518,-1.607214017135584,1.379177147188912,3,4
4,117,9.339249135991125,-1.577224688883523,1.75033558780963,4,5
5,117,11.418627039874243,-1.5492150167197032,2.109322140396401,5,6
6,117,13.498273664325636,-1.5230331024490869,2.45488653747168,6,7
7,117,15.577452439560016,-1.498531536593419,2.785572557960066,7,8
8,117,17.655237698631183,-1.4755695932546753,3.0996999203663407,8,9
9,117,19.735736887185865,-1.4539621971624648,3.396052702591078,9,10
10,117,21.8125231949552,-1.43364329674137,3.671591335881239,10,11
11,117,23.89188976566252,-1.4144270412248845,3.924637411605815,11,12
12,117,25.97192951459338,-1.3962181718904116,4.15189186485474,12,13
13,117,28.050162554426432,-1.378928698943701,4.349494039119655,13,14
14,117,30.131078978190924,-1.3624176690457883,4.513469196665405,14,15
15,117,32.21025959000859,-1.3466193659757566,4.638070916892765,15,16
16,117,34.289411717521226,-1.3314186568050217,4.716751601729811,16,17
17,117,36.36793800650464,-1.3167147565960975,4.740997495110101,17,18
18,117,38.44686583352766,-1.3023863728696197,4.699732987579402,18,19
19,117,40.52702174119136,-1.288296684998124,4.577924638712176,19,20
20,117,42.60436053671799,-1.2743097730019508,4.355020162387,20,21
21,117,44.6846719571316,-1.2601648422451803,3.999458686076146,21,22
22,117,46.76290411143381,-1.245559871930107,3.46271922986751,22,23
23,117,48.84250450666368,-1.229879383010429,2.655646021931375,23,24
24,117,50.92193673541093,-1.211831935620397,1.3856340715372897,24,25
25,117,53.00044045995534,-1.1867708716778145,-1.014324577019309,25,26
