,particle_id,r,phi,z,layer_id,hit_id
491,509,3.1001613909756776,-0.9368171136990454,10.020418082936516,1,492
492,509,5.179386764266016,-0.884671349949087,18.73972247315216,2,493
493,509,7.258376659609645,-0.7459885151619302,33.419803587797134,3,494
494,509,7.258152094660637,-0.5426168034571744,45.51061824872563,3,495
495,509,5.178776017152387,-0.0807581997538007,57.01993260869279,2,496
496,509,5.179608004983335,1.5452605052204875,67.37596766653435,2,497
497,509,7.259603479571508,1.862969279130004,69.75566544150485,3,498
498,509,9.338286119008089,2.024568489399502,71.48192168518355,4,499
499,509,11.417747463712956,2.1280062988841006,72.89826037495507,5,500
500,509,13.496692662521315,2.201756640476185,74.11085950595374,6,501
501,509,15.575144498613447,2.257906485063801,75.17210371337234,7,502
502,509,17.656171629021344,2.302643057467692,76.11444493973642,8,503
503,509,19.733635261223416,2.33932361812972,76.95580800002021,9,504
504,509,21.81412902861112,2.370218816107716,77.71359114081801,10,505
505,509,23.893262200669263,2.396665528560888,78.39702007352251,11,506
506,509,25.97254388521209,2.4196551796808583,79.01504927501416,12,507
507,509,28.050113585089704,2.439861054513724,79.5737809870009,13,508
508,509,30.132043342003485,2.4578465174308888,80.08000266787244,14,509
509,509,32.210391004093566,2.4739261470106,80.53599108542316,15,510
510,509,34.29060535939478,2.48844172021096,80.94644045477025,16,511
511,509,36.36946850620755,2.501604054539348,81.313483176637,17,512
512,509,38.44751594061732,2.513605701002885,81.63952481909813,18,513
513,509,40.52577582344752,2.524605015326589,81.92652945395902,19,514
514,509,42.60563188884221,2.534733208815892,82.1760237724088,20,515
515,509,44.68530940935298,2.5440850397481,82.38878274167391,21,516
516,509,46.76309518916336,2.5527416039227377,82.56537619430284,22,517
517,509,48.84402616896101,2.560797890372881,82.70656913549453,23,518
518,509,50.922884544951245,2.568297174889404,82.81202853417362,24,519
519,509,53.000985664165846,2.575300610662996,82.8816111992801,25,520
