,particle_id,r,phi,z,layer_id,hit_id
759,485,3.100001397557862,-1.9055292559677688,-0.1178002790691223,1,760
760,485,5.180188969648984,-1.8700369597871933,-0.2064371700172174,2,761
761,485,7.25883275548126,-1.84019607341,-0.3059632382415955,3,762
762,485,9.339086822331089,-1.8143949574542653,-0.418190130490963,4,763
763,485,11.41872205653087,-1.7916383259096895,-0.5441862464031004,5,764
764,485,13.496055693022724,-1.7712333655875538,-0.684740387935804,6,765
765,485,15.57740045061783,-1.7526142570642222,-0.8410810471762034,7,766
766,485,17.655555015191375,-1.7354709787655316,-1.0133883251798466,8,767
767,485,19.73595503550932,-1.7194700315274314,-1.202786508739358,9,768
768,485,21.8130595621278,-1.704427550685594,-1.4094404823383293,10,769
769,485,23.89327329000333,-1.6901147175892706,-1.6346864093392846,11,770
770,485,25.97337573075139,-1.67640446241664,-1.8789484036353308,12,771
771,485,28.050732267611416,-1.66318525918717,-2.1426513291245683,13,772
772,485,30.1313041308626,-1.6503081230617067,-2.427382611414945,14,773
773,485,32.210386733748294,-1.6377033462748196,-2.733402212844976,15,774
774,485,34.288746322486,-1.6252747780345032,-3.061723397817857,16,775
775,485,36.36698588709529,-1.612932706456923,-3.4134186987169954,17,776
776,485,38.44796570599172,-1.6005764643362352,-3.790061033251593,18,777
777,485,40.52616420578347,-1.5881550032188223,-4.191732069046669,19,778
778,485,42.6058158428551,-1.575556727680706,-4.620322247639752,20,779
779,485,44.6850541674646,-1.5627015908873008,-5.076534239394903,21,780
780,485,46.76350547374969,-1.549493567741811,-5.561227699845617,22,781
781,485,48.8418777068698,-1.535819829710441,-6.075295452482457,23,782
782,485,50.921521402087016,-1.5215496541411502,-6.619430669570896,24,783
783,485,53.00193346677175,-1.5065487028487523,-7.193155782123004,25,784
