,particle_id,r,phi,z,layer_id,hit_id
224,285,3.101247556347269,3.088923310566981,-0.5492272547973727,1,225
225,285,5.181049486591684,3.1019062222617406,-0.6891589903598998,2,226
226,285,7.259483793791114,3.1139705353383524,-0.6836537804147582,3,227
227,285,9.339420940832667,3.125417977781336,-0.5531738672431601,4,228
228,285,11.417333017433224,3.136436492206784,-0.3123598956596396,5,229
229,285,13.496577203845993,-3.1359798385140225,0.0287205408005775,6,230
230,285,15.576281920163888,-3.125331092528096,0.4624072528100598,7,231
231,285,17.6548050657249,-3.1146922257513308,0.9826804282334508,8,232
232,285,19.733832717647584,-3.103942739661573,1.585829285403122,9,233
233,285,21.81277179441473,-3.092973691353892,2.2688482330591384,10,234
234,285,23.89295628992573,-3.081659077637549,3.030413803224448,11,235
235,285,25.97217056461232,-3.069878324121826,3.868808159048264,12,236
236,285,28.051063470298097,-3.057473050158256,4.7841276622041065,13,237
237,285,30.12964464848028,-3.044253753897182,5.777032995284287,14,238
238,285,32.210156534802096,-3.0299627191736134,6.850137418164529,15,239
239,285,34.288710503011885,-3.0143041591940247,8.003597222869828,16,240
240,285,36.36673487805143,-2.9968209644849204,9.240800322626631,17,241
241,285,38.44634128762403,-2.97683495974677,10.565976889398364,18,242
242,285,40.52616231189224,-2.9533256741800225,11.98018836662171,19,243
243,285,42.60501975671891,-2.9245633420543333,13.47938826279685,20,244
244,285,44.68338409729523,-2.8872485643133023,15.042001970597212,21,245
245,285,46.7627763932262,-2.834071610346744,16.571283643713947,22,246
246,285,48.84183948308573,-2.746216358988306,17.574432692103294,23,247
247,285,50.92112181667616,-2.6026960408286546,16.042661821819955,24,248
248,285,53.00041459660179,-2.481035253851134,12.024882624472204,25,249
