,particle_id,r,phi,z,layer_id,hit_id
521,371,3.1000852283119604,1.9789811208626773,-0.0265453923792193,1,522
522,371,5.1792150911830825,1.9846918063815984,-0.0305815587131021,2,523
523,371,7.260859068495203,1.991168001230198,-0.0226241213098177,3,524
524,371,9.338629835963063,1.998502835024667,-0.0017912071486705,4,525
525,371,11.417121687963771,2.006851893826748,0.0329829165472688,5,526
526,371,13.498185537083437,2.0164033981999534,0.0829661912748562,6,527
527,371,15.575297547581869,2.027353635765141,0.1493622143463326,7,528
528,371,17.65512532166663,2.0400322851535204,0.2339399726539852,8,529
529,371,19.73393767387223,2.0548098967245783,0.3383393260721732,9,530
530,371,21.814509921166145,2.072236292097519,0.4646516820770117,10,531
531,371,23.891865511086188,2.0929949285243628,0.6145340708951537,11,532
532,371,25.972282502651428,2.118175246487869,0.7901143058686273,12,533
533,371,28.05062660729993,2.1491867891049807,0.9914334809506328,13,534
534,371,30.129275666024395,2.1881579201359083,1.2156631877763573,14,535
535,371,32.20839029639796,2.237954494022719,1.4509803841096556,15,536
536,371,34.287875013751645,2.3017601808941546,1.6658457057557996,16,537
537,371,36.36722125778083,2.3808576755303745,1.796175180812121,17,538
538,371,38.44633389401461,2.4708571600392872,1.7568522298180724,18,539
539,371,40.52545232510392,2.5623122131237617,1.4944650933683477,19,540
540,371,42.604378877899975,2.6474993871997228,1.012950007806111,20,541
541,371,44.68364611888047,2.7236518295645986,0.3397745375084327,21,542
542,371,46.76324496133315,2.791036752270595,-0.5044618171996831,22,543
543,371,48.84255370249987,2.850959726242419,-1.5139461422054552,23,544
544,371,50.92114399970486,2.904936842249245,-2.698569404630448,24,545
545,371,53.00067522961172,2.954536812045253,-4.088042461614847,25,546
