,particle_id,r,phi,z,layer_id,hit_id
3502,2423,3.100107605438568,-1.1017688236189098,-14.884954861135585,1,3503
3503,2423,5.179392318338034,-0.2090632641301282,-23.87301151007584,2,3504
3504,2423,7.2584465623062595,0.1220535380913961,-24.57415880787118,3,3505
3505,2423,9.338113260086637,0.2788038956046606,-24.56290806567712,4,3506
3506,2423,11.417584890304656,0.3722910573323424,-24.306505193809706,5,3507
3507,2423,13.49744281030262,0.4344446549758606,-23.92355012184521,6,3508
3508,2423,15.576596920440837,0.4785237059307176,-23.46554606713857,7,3509
3509,2423,17.655685078970382,0.5111920880177624,-22.960250607748968,8,3510
3510,2423,19.733678714546976,0.5361596897457275,-22.42517423304208,9,3511
3511,2423,21.81321296409201,0.5557116211689564,-21.871249174445275,10,3512
3512,2423,23.89278897929044,0.5712790072819719,-21.3072014653874,11,3513
3513,2423,25.97155990494964,0.5838339909745469,-20.73957241562861,12,3514
3514,2423,28.05200601917048,0.5940715832064627,-20.172673893807904,13,3515
3515,2423,30.129860283308098,0.6024615027584199,-19.611779297115724,14,3516
3516,2423,32.20883358010111,0.6093809921402196,-19.059420659738343,15,3517
3517,2423,34.288828291825354,0.6150985079536924,-18.5188194242647,16,3518
3518,2423,36.367582549144046,0.6198152189659311,-17.993544210094697,17,3519
3519,2423,38.44694066390072,0.6236966154568506,-17.48604404410999,18,3520
3520,2423,40.52555032886526,0.626866652671012,-16.999632321720675,19,3521
3521,2423,42.60485409925067,0.6294281760530377,-16.537153002635044,20,3522
3522,2423,44.68382253024994,0.6314608235616181,-16.102370147096693,21,3523
3523,2423,46.76407486965372,0.6330322880654814,-15.699036852440852,22,3524
3524,2423,48.84205934562402,0.6341960924809755,-15.332691887908668,23,3525
3525,2423,50.92178870956159,0.6350043316681374,-15.008697703225032,24,3526
3526,2423,53.000219425610496,0.6355048650632716,-14.735473430608588,25,3527
