,particle_id,r,phi,z,layer_id,hit_id
2046,1197,3.100265801478908,-1.7947138795142574,2.1726851661112967,1,2047
2047,1197,5.17946944741172,-1.660282544137064,3.28501762462221,2,2048
2048,1197,7.2584537619681155,-1.5407318370461809,4.148255389535283,3,2049
2049,1197,9.337974874447957,-1.435753873931359,4.817195788939873,4,2050
2050,1197,11.417204610183846,-1.343062489117982,5.345645568030164,5,2051
2051,1197,13.49619586032574,-1.2598800538072663,5.77939221572111,6,2052
2052,1197,15.57518027174024,-1.183593641627713,6.156308640930671,7,2053
2053,1197,17.654438357193417,-1.111853518561772,6.5093936884875205,8,2054
2054,1197,19.734497867295254,-1.042445963497446,6.870576057959729,9,2055
2055,1197,21.81280150836356,-0.973167976095695,7.27466876261685,10,2056
2056,1197,23.89191311811734,-0.9011619532824624,7.767887965734209,11,2057
2057,1197,25.9719054707223,-0.8223632720727599,8.420765588370164,12,2058
2058,1197,28.05040038644479,-0.7294429309784027,9.364255975939267,13,2059
2059,1197,30.12974778423361,-0.6037766241545945,10.928108933381395,14,2060
2060,1197,32.20857867799043,-0.3554472944365662,14.676539370671687,15,2061
2061,1197,34.28767128260353,0.3511140547994071,26.16756363609852,16,2062
2062,1197,36.36709807958879,0.6676469729248518,31.162551523363028,17,2063
2063,1197,38.44623228384423,0.8782816951898765,34.450810951028764,18,2064
2064,1197,40.52510989952341,1.0474194771034553,37.11262329776154,19,2065
2065,1197,42.60430694302594,1.1675835243804036,39.636766164899,20,2066
2066,1197,44.68356066056352,1.0978132517610286,41.62583711728568,21,2067
2067,1197,46.76318423530983,1.0119921294386334,42.75362793367079,22,2068
2068,1197,48.84221883057802,0.947236080629808,43.64855202494292,23,2069
2069,1197,50.92177215952506,0.8961808538926863,44.44082373728051,24,2070
2070,1197,53.00024690250528,0.8550035041459161,45.169517591855225,25,2071
