,particle_id,r,phi,z,layer_id,hit_id
350,169,3.1006154688901897,2.5220601244578384,-1.5874588445604871,1,351
351,169,5.179689167975264,2.4724289200414784,-2.769064550784023,2,352
352,169,7.259438672490887,2.415575618559228,-4.076038728329273,3,353
353,169,9.33811972561898,2.347373700865566,-5.5508253537486,4,354
354,169,11.41739113757759,2.259917136818192,-7.266394282664436,5,355
355,169,13.496466623543697,2.13745744284897,-9.336495996300506,6,356
356,169,15.57510463582341,1.9551423876753904,-11.83227792001927,7,357
357,169,17.6545003030756,1.7312658896110786,-14.289602445969706,8,358
358,169,19.73336234337782,1.545886229636694,-16.103210578735332,9,359
359,169,21.81321602218215,1.4150407681553483,-17.41501793226154,10,360
360,169,23.89184782565796,1.324344028043276,-18.44999598718393,11,361
361,169,25.97127432382006,1.262730088509615,-19.33123342460792,12,362
362,169,28.05121253268021,1.2240807440220176,-20.124027080475425,13,363
363,169,30.129693578358147,1.2052073727853096,-20.86645603646956,14,364
364,169,32.209293406678626,1.2044800004582672,-21.58347398276016,15,365
365,169,34.28804682202142,1.2208154831051228,-22.28738081822906,16,366
366,169,36.36718808250544,1.25250958645504,-22.98089454826569,17,367
367,169,38.4460926150341,1.2963721981322311,-23.65662534325397,18,368
368,169,40.52520550590685,1.3479454632609775,-24.3031920581141,19,369
369,169,42.60549997081928,1.4027466604947754,-24.91178472074844,20,370
370,169,44.684229617983775,1.4572986234413392,-25.478327801646,21,371
371,169,46.76282378453536,1.509626374527891,-26.00482296266054,22,372
372,169,48.8426290521168,1.5588222685011377,-26.4956001229536,23,373
373,169,50.92231607373554,1.60456458004832,-26.95498588262199,24,374
374,169,53.00180089905552,1.646905507802895,-27.38737017311257,25,375
