,particle_id,r,phi,z,layer_id,hit_id
3122,1714,3.1003217583541898,-2.55074249158754,-0.3500953637480677,1,3123
3123,1714,5.179428809745867,-2.5548961576980567,-0.8247434064623889,2,3124
3124,1714,7.259787618452812,-2.561858799973377,-1.520547352868114,3,3125
3125,1714,9.338608901272185,-2.5727907269484414,-2.466105470319903,4,3126
3126,1714,11.41790255329147,-2.589409419325612,-3.69579581481036,5,3127
3127,1714,13.496520689805909,-2.614186348458522,-5.24183538597989,6,3128
3128,1714,15.575429534697832,-2.6505284246665006,-7.121390272306286,7,3129
3129,1714,17.654820065073526,-2.7022195474212505,-9.296054744050076,8,3130
3130,1714,19.733791176632348,-2.770932229745691,-11.611681403173035,9,3131
3131,1714,21.813097065271386,-2.852492724473634,-13.80219217214148,10,3132
3132,1714,23.8923362670762,-2.9375013963173893,-15.634827829790346,11,3133
3133,1714,25.9715401096646,-3.017775981303363,-17.04089804175829,12,3134
3134,1714,28.050303461445232,-3.0896434880614656,-18.070334329173555,13,3135
3135,1714,30.129345509339657,3.130536159016153,-18.80379496419788,14,3136
3136,1714,32.20843341021882,3.075585324412613,-19.31143672294024,15,3137
3137,1714,34.288857170857376,3.027530284462703,-19.646595093224533,16,3138
3138,1714,36.366864892363736,2.9853709672266544,-19.84761071150149,17,3139
3139,1714,38.44705255523538,2.9480823757477976,-19.94340498907272,18,3140
3140,1714,40.527008606485246,2.914943654308791,-19.95491629787059,19,3141
3141,1714,42.60594289701553,2.8853330617294737,-19.89832993290696,20,3142
3142,1714,44.68555909590198,2.8587097336174594,-19.78613603550044,21,3143
3143,1714,46.76443939647134,2.834668367313596,-19.62832564709,22,3144
3144,1714,48.84368101682929,2.8128455373432883,-19.432815675389364,23,3145
3145,1714,50.92163910453141,2.792965717753952,-19.206305599584304,24,3146
3146,1714,53.0004520049414,2.77476309561702,-18.95395773614098,25,3147
