,particle_id,r,phi,z,layer_id,hit_id
1493,668,3.100217729259759,1.7660503746025344,1.3345466398475807,1,1494
1494,668,5.179273148244626,1.7244957990579055,1.917722637824312,2,1495
1495,668,7.258579406763571,1.6827176386706402,2.272640343422765,3,1496
1496,668,9.339403571301569,1.641060144506105,2.4201965999500885,4,1497
1497,668,11.418700794186163,1.5999544294938937,2.3824714720643243,5,1498
1498,668,13.496804994216893,1.5597355609392245,2.1826661268877388,6,1499
1499,668,15.575099062202758,1.52067001293311,1.8432967867387475,7,1500
1500,668,17.65592867793636,1.4829484759810188,1.3851585814319023,8,1501
1501,668,19.735675668665227,1.446804257152271,0.8286113382832596,9,1502
1502,668,21.81374368543528,1.41234759186741,0.1915072731469251,10,1503
1503,668,23.89320125731292,1.3795752121147735,-0.5118982223850352,11,1504
1504,668,25.97141900389174,1.3485320009607962,-1.2678502407810512,12,1505
1505,668,28.05255305150505,1.3191271369388975,-2.067169092603926,13,1506
1506,668,30.1300968126182,1.291396737971252,-2.898522067479938,14,1507
1507,668,32.21014295985657,1.2651870642593757,-3.757168938233377,15,1508
1508,668,34.28815768043243,1.240475177021427,-4.635528453382584,16,1509
1509,668,36.36756467174114,1.2171343787761904,-5.530513348308077,17,1510
1510,668,38.446367280661455,1.1951015038788235,-6.4377498034449445,18,1511
1511,668,40.525337597544926,1.17428295664956,-7.354879016126596,19,1512
1512,668,42.60532130113226,1.1545892325672475,-8.280282814625046,20,1513
1513,668,44.68431634392785,1.1359612767685558,-9.211654412470049,21,1514
1514,668,46.7631724814048,1.118317171670016,-10.14844809619364,22,1515
1515,668,48.84271357890661,1.1015816398651863,-11.090543439838832,23,1516
1516,668,50.92366166720792,1.0856863106182515,-12.038160065558955,24,1517
1517,668,53.00074912783163,1.0706108551596203,-12.989122042123944,25,1518
