,particle_id,r,phi,z,layer_id,hit_id
3574,1711,3.1011803397368403,3.025471070631094,-3.5424049609894643,1,3575
3575,1711,5.179311782008388,3.1109144541561955,-6.169382746554533,2,3576
3576,1711,7.259538616946872,-3.083384910691329,-8.964472774907923,3,3577
3577,1711,9.33753654386955,-2.995101994533261,-11.86238425787756,4,3578
3578,1711,11.416994980967582,-2.910855628625079,-14.801013704835947,5,3579
3579,1711,13.497061553491829,-2.833124279909345,-17.72077806268698,6,3580
3580,1711,15.575173184243898,-2.763103934934137,-20.575999969173484,7,3581
3581,1711,17.654581828536934,-2.7007890209580943,-23.343961077429007,8,3582
3582,1711,19.734416908086832,-2.645757040776187,-26.00609617107709,9,3583
3583,1711,21.81320913133361,-2.597345900983965,-28.54846917095753,10,3584
3584,1711,23.892823298639023,-2.554761899159958,-30.963163525905006,11,3585
3585,1711,25.97105230699434,-2.5173382855178152,-33.23741625008412,12,3586
3586,1711,28.05102943334487,-2.484381870442727,-35.363324430323964,13,3587
3587,1711,30.12964007730569,-2.45538233169395,-37.32498251558728,14,3588
3588,1711,32.20951959805686,-2.429809541060074,-39.110853318476366,15,3589
3589,1711,34.288626554636735,-2.407251814391572,-40.70409757995191,16,3590
3590,1711,36.36769402807538,-2.3873020701685235,-42.08996025824685,17,3591
3591,1711,38.44716946830958,-2.3695867550064302,-43.25360574649063,18,3592
3592,1711,40.52565132863915,-2.353763841794032,-44.18050170862134,19,3593
3593,1711,42.60561028108713,-2.339470593005737,-44.85993397244521,20,3594
3594,1711,44.684393465561705,-2.3263852908827074,-45.2821855710357,21,3595
3595,1711,46.7627489168062,-2.314164375955816,-45.44246118785986,22,3596
3596,1711,48.84302431064757,-2.302460995292084,-45.33931162616612,23,3597
3597,1711,50.9217436812372,-2.290968430816613,-44.975444660651306,24,3598
3598,1711,53.00083658531752,-2.279361370378175,-44.35708217759804,25,3599
