,particle_id,r,phi,z,layer_id,hit_id
586,514,3.1003822321961163,-1.9194198853316489,11.488800030977536,1,587
587,514,5.179197362566466,-2.052319501250411,17.435369428798374,2,588
588,514,7.258830500369169,-2.137705608426945,22.739005883092744,3,589
589,514,9.337757590547392,-2.199640920411856,27.63067675684498,4,590
590,514,11.416912335164303,-2.248063731033167,32.23102003759585,5,591
591,514,13.497140861284157,-2.2879006617578748,36.61024792724055,6,592
592,514,15.575650167927485,-2.3218661195054047,40.80621858917676,7,593
593,514,17.65568392937564,-2.351714516413253,44.85519871852585,8,594
594,514,19.7341505681832,-2.378519730783732,48.77233301268812,9,595
595,514,21.81284002724652,-2.4030856517197576,52.57674913847343,10,596
596,514,23.89306724415968,-2.4259936245313978,56.28256319197762,11,597
597,514,25.97234307191683,-2.447649649358564,59.894417581029735,12,598
598,514,28.05116018948884,-2.468406350890768,63.42031359390594,13,599
599,514,30.130393139102967,-2.4885617688570543,66.86714488623272,14,600
600,514,32.20875252624269,-2.5083574322789577,70.23680994346813,15,601
601,514,34.28783709252038,-2.528044032523314,73.53464074796865,16,602
602,514,36.36755247603679,-2.5478523692120816,76.76186290032818,17,603
603,514,38.447118967788775,-2.5680181886371627,79.91725626222248,18,604
604,514,40.5256394394042,-2.588804793014542,82.99777142945979,19,605
605,514,42.60505414585998,-2.61055876025685,86.00214296850382,20,606
606,514,44.68365982099467,-2.6336847604860933,88.92019116440876,21,607
607,514,46.76315343824302,-2.6587926329280887,91.74075911101838,22,608
608,514,48.84233667275055,-2.686775468482636,94.43815043199592,23,609
609,514,50.92162588168402,-2.7192115183385908,96.9672293555995,24,610
610,514,53.00059365427536,-2.759382447297468,99.22685619948608,25,611
