,particle_id,r,phi,z,layer_id,hit_id
9,228,3.1022448326246503,-0.2732530710564268,1.008067590447823,1,10
10,228,5.180535996127647,-0.2706098231809002,1.5607462620190091,2,11
11,228,7.261195122199827,-0.268397006486155,2.04075200769772,3,12
12,228,9.34085062210881,-0.2665188584410624,2.4609862927089665,4,13
13,228,11.418489957194122,-0.2649073738823282,2.8311469347706293,5,14
14,228,13.49612902826228,-0.2635118748428073,3.158893919777384,6,15
15,228,15.57709890518181,-0.2622944787955954,3.450181373851421,7,16
16,228,17.65678022969558,-0.261230626984569,3.708631898197609,8,17
17,228,19.736516135172703,-0.2602980659649925,3.937886382324521,9,18
18,228,21.815611463186983,-0.2594800607840993,4.140665922935241,10,19
19,228,23.89481177691032,-0.2587625735557338,4.319335577108276,11,20
20,228,25.971787585760083,-0.2581350731151536,4.475617454753575,12,21
21,228,28.05381087566721,-0.257586257260668,4.61159230614318,13,22
22,228,30.13148232151737,-0.25711089311591,4.727958386165469,14,23
23,228,32.20906689560485,-0.2567012374568556,4.826130056894172,15,24
24,228,34.29160592150744,-0.2563509460488852,4.90722552065138,16,25
25,228,36.37081494220114,-0.2560567046233035,4.971698497610788,17,26
26,228,38.44779329444549,-0.2558140247933504,5.020318757258607,18,27
27,228,40.52873002224705,-0.255618676006993,5.053773770718877,19,28
28,228,42.60592705934461,-0.2554682828905686,5.072403328319652,20,29
29,228,44.68606284138342,-0.2553596139206041,5.07665773665336,21,30
30,228,46.76648108313947,-0.2552905127672251,5.066803551317477,22,31
31,228,48.84459369318552,-0.2552589030838152,5.043108453236968,23,32
32,228,50.92272104247381,-0.2552628306581787,5.005738334555588,24,33
33,228,53.00327004282597,-0.2553007162883451,4.95473389959578,25,34
