,particle_id,r,phi,z,layer_id,hit_id
2,49,3.100718876647081,1.4135780889465472,-2.9662679610693674,1,3
3,49,5.179378765740478,1.489702605164289,-5.13405567973768,2,4
4,49,7.259776836261813,1.566553360224298,-7.398133254650911,3,5
5,49,9.33785748710729,1.6417379224508244,-9.705509701057242,4,6
6,49,11.417062567065072,1.7136600825511303,-12.015621359587332,5,7
7,49,13.496279866586454,1.78121282473374,-14.292546163879706,6,8
8,49,15.57647133852122,1.8439528962387923,-16.513558944451965,7,9
9,49,17.65573508784977,1.9017858611100835,-18.662342321283525,8,10
10,49,19.73472078173829,1.9549631847249944,-20.7322961637778,9,11
11,49,21.81461817161338,2.0038782776300046,-22.72180172605926,10,12
12,49,23.89358582600244,2.0489031348141187,-24.629077952262342,11,13
13,49,25.97108447064573,2.0904481386153657,-26.45524563591759,12,14
14,49,28.050654183906406,2.128973612652923,-28.205558202178405,13,15
15,49,30.13049034022632,2.16479644370016,-29.880757119501588,14,16
16,49,32.20999876778944,2.198223214570933,-31.48268545059226,15,17
17,49,34.289790474183924,2.2295429505127737,-33.013898431886176,16,18
18,49,36.36894730146639,2.258986911452715,-34.47549364489021,17,19
19,49,38.44736267137801,2.2867692345655617,-35.868846524460395,18,20
20,49,40.52563307763625,2.313086011009309,-37.19538454469692,19,21
21,49,42.60492007121605,2.338115245734898,-38.45638081432682,20,22
22,49,44.68404224760674,2.361986475333732,-39.65122886507895,21,23
23,49,46.76478331073123,2.384846895267264,-40.78059711108909,22,24
24,49,48.84352124647595,2.4067704489640773,-41.841792445296605,23,25
25,49,50.92210781217612,2.4278792956215645,-42.8346306865965,24,26
26,49,53.0021966717244,2.448280412277589,-43.7580670718595,25,27
