,particle_id,r,phi,z,layer_id,hit_id
1514,1009,3.100744988990596,2.1523521781526163,-1.6081666455379366,1,1515
1515,1009,5.182965550923109,2.159971655339358,-2.718744952335995,2,1516
1516,1009,7.259784744748628,2.1677294239926983,-3.8522822464593,3,1517
1517,1009,9.339573392776222,2.1756769191204737,-5.014533004199352,4,1518
1518,1009,11.418611273180588,2.183822666084907,-6.204803287396009,5,1519
1519,1009,13.496844271077055,2.1921910941352363,-7.424495484721298,6,1520
1520,1009,15.577599287799655,2.2008237142272806,-8.677207429169856,7,1521
1521,1009,17.6562509781903,2.20973274681072,-9.961929480026104,8,1522
1522,1009,19.73516025285869,2.2189635352639163,-11.2820224827635,9,1523
1523,1009,21.81590220946085,2.228564443935277,-12.640695926381875,10,1524
1524,1009,23.89233764437823,2.2385536832982456,-14.03626231675608,11,1525
1525,1009,25.97135082292488,2.2490190693246865,-15.475965381659332,12,1526
1526,1009,28.05156945117616,2.260020293457871,-16.96196382611879,13,1527
1527,1009,30.13042325528544,2.271621795996475,-18.49578777841588,14,1528
1528,1009,32.2100264895151,2.283929744024693,-20.082796311308066,15,1529
1529,1009,34.29011680397248,2.2970596201653586,-21.72719240681716,16,1530
1530,1009,36.3678273861563,2.3111374745325524,-23.431616867537805,17,1531
1531,1009,38.44777608279256,2.3263798602061647,-25.20560633101996,18,1532
1532,1009,40.52668068714891,2.343005354608581,-27.05308783988154,19,1533
1533,1009,42.60491372172362,2.361338915474299,-28.982049505594567,20,1534
1534,1009,44.68461416175961,2.3818496917410785,-31.0035271231248,21,1535
1535,1009,46.76416630765144,2.4051745057515386,-33.12634307958354,22,1536
1536,1009,48.84178677404334,2.4322844810146065,-35.35972729942945,23,1537
1537,1009,50.92131174587896,2.4648807076810386,-37.717958213416914,24,1538
1538,1009,53.00015085702086,2.506005691003114,-40.19912160161061,25,1539
