,particle_id,r,phi,z,layer_id,hit_id
339,209,3.1006619199679126,1.654182426346699,-7.780523857325448,1,340
340,209,5.179948897784536,1.726893600871445,-13.312176613010983,2,341
341,209,7.259306942762112,1.8012247856008967,-18.80397627641398,3,342
342,209,9.33756147358521,1.8719828071809488,-23.980837612646457,4,343
343,209,11.417837086167298,1.9353173492776707,-28.65790134509513,5,344
344,209,13.496936316797298,1.989297909338538,-32.743805686957465,6,345
345,209,15.575193149094428,2.0338344575975524,-36.23531321036398,7,346
346,209,17.654995197228647,2.0697620603133444,-39.16981692782741,8,347
347,209,19.734630328550605,2.0981296242448924,-41.58924311590064,9,348
348,209,21.81366819166521,2.120011579110808,-43.53632950556758,10,349
349,209,23.891753629238263,2.1363561933861344,-45.04740184201674,11,350
350,209,25.972481116319177,2.1479732058671592,-46.15288875096905,12,351
351,209,28.051231634154185,2.1554733001185484,-46.87099789842295,13,352
352,209,30.13005651183592,2.159380317580894,-47.2171300050879,14,353
353,209,32.20873916682149,2.160099047359965,-47.19948393415582,15,354
354,209,34.2877894421264,2.1579482503404783,-46.82084599045361,16,355
355,209,36.367989272649424,2.153173369803782,-46.07849807213714,17,356
356,209,38.44641933396799,2.1459740954591564,-44.966526154788816,18,357
357,209,40.52649640013028,2.1364831398559545,-43.470857007066456,19,358
358,209,42.60511731427926,2.1248180314492258,-41.575665931112766,20,359
359,209,44.6839223263117,2.1110393447134568,-39.254946723152855,21,360
360,209,46.76280747510223,2.095181097355665,-36.47493424253188,22,361
361,209,48.84281221410857,2.077231271007992,-33.187405992194826,23,362
362,209,50.92140237002116,2.0571653304384103,-29.33065746320264,24,363
363,209,53.00095480938302,2.034847575910205,-24.80145653141327,25,364
