,particle_id,r,phi,z,layer_id,hit_id
4706,1966,3.100941378579817,-1.3373936687919925,-0.5641332957522138,1,4707
4707,1966,5.1807037435766015,-1.3350627533310395,-0.2039248594093408,2,4708
4708,1966,7.258908801620603,-1.3306616735271568,0.3450739334204087,3,4709
4709,1966,9.338931436399722,-1.325639477540457,1.0059258238252653,4,4710
4710,1966,11.41846151419619,-1.3204602793205262,1.7407271879060031,5,4711
4711,1966,13.496305797146222,-1.3152991491512531,2.5278601185129617,6,4712
4712,1966,15.5773656582117,-1.3102120077666892,3.3560057134507986,7,4713
4713,1966,17.656035047132036,-1.3052376379056494,4.214092604393329,8,4714
4714,1966,19.735184362897712,-1.300374880193408,5.097025452054936,9,4715
4715,1966,21.814975705908527,-1.2956204295802265,6.000342960847135,10,4716
4716,1966,23.893347797872195,-1.290971837777268,6.919733580059798,11,4717
4717,1966,25.971275210762425,-1.286417934115423,7.853006132145026,12,4718
4718,1966,28.052341712679105,-1.2819415659520008,8.799777011808516,13,4719
4719,1966,30.131297770572942,-1.277544580664969,9.756085904554167,14,4720
4720,1966,32.21135285441883,-1.2732108642799025,10.722156588141132,15,4721
4721,1966,34.28946575629966,-1.268937812920203,11.69559295625632,16,4722
4722,1966,36.36716433298174,-1.2647136829310663,12.676332458637631,17,4723
4723,1966,38.44679215867244,-1.2605256172138293,13.664899770537794,18,4724
4724,1966,40.52738389490648,-1.2563678179958335,14.660407425297016,19,4725
4725,1966,42.604348163085184,-1.2522418727655236,15.660330855627857,20,4726
4726,1966,44.68542065304632,-1.2481251015832322,16.668192200739618,21,4727
4727,1966,46.76256677027903,-1.2440262569752347,17.6799978997011,22,4728
4728,1966,48.8440881556415,-1.23992189251417,18.69978348555868,23,4729
4729,1966,50.92220401835675,-1.2358203289110683,19.72381930113258,24,4730
4730,1966,53.00140618364461,-1.2317056446023156,20.75447335469591,25,4731
