,particle_id,r,phi,z,layer_id,hit_id
226,327,3.100517337357326,-3.094708954449639,4.052372098593793,1,227
227,327,5.179565988875284,-2.982146426171808,6.739019172518937,2,228
228,327,7.258902825536951,-2.88277478573456,9.29333170683134,3,229
229,327,9.338341290741475,-2.796382038506647,11.679669404900714,4,230
230,327,11.417778089812394,-2.7214644240307533,13.893226112653103,5,231
231,327,13.497467267803854,-2.6561997595632905,15.943602729077432,6,232
232,327,15.576696567913675,-2.598925745473813,17.844151685102666,7,233
233,327,17.654323468492322,-2.548244452106425,19.60843965468149,8,234
234,327,19.735020206396555,-2.5028961933186635,21.253426213071503,9,235
235,327,21.81486022679705,-2.46205244553524,22.787189982231084,10,236
236,327,23.89331579178476,-2.424980014486614,24.21913482850364,11,237
237,327,25.97317154886848,-2.391038435566025,25.559223849728028,12,238
238,327,28.05212956454563,-2.359789359395398,26.812629776626213,13,239
239,327,30.129711574758897,-2.330847557781841,27.98473591262957,14,240
240,327,32.20990238983692,-2.3038400967356787,29.082285668713123,15,241
241,327,34.28965610346238,-2.278544449392053,30.107295002977573,16,242
242,327,36.36670285842186,-2.2547627690789858,31.06183491774813,17,243
243,327,38.44829289517958,-2.23222617529611,31.951561220124542,18,244
244,327,40.527667206019295,-2.210849848339153,32.77533871777799,19,245
245,327,42.60421919979833,-2.1904982835519218,33.53452941323892,20,246
246,327,44.68358522160827,-2.170996402488399,34.232102243045304,21,247
247,327,46.76256664842216,-2.152270366091105,34.86734411935691,22,248
248,327,48.84385403146449,-2.134203113853312,35.44102962001782,23,249
249,327,50.92103595150572,-2.1167651335194013,35.95107311718901,24,250
250,327,53.00213124132974,-2.099811906937007,36.39859135120943,25,251
