,particle_id,r,phi,z,layer_id,hit_id
389,491,3.101790295619691,-2.3381728000229662,-3.5171821321806256,1,390
390,491,5.179230276940246,-2.4015462568322548,-6.2795133520407305,2,391
391,491,7.258411782812846,-2.475681904276525,-9.430199805227844,3,392
392,491,9.337705159324846,-2.562704987504203,-13.012804279613617,4,393
393,491,11.41747468397676,-2.6643829357707527,-17.0442449308214,5,394
394,491,13.496723993300256,-2.780785958031497,-21.47002180755437,6,395
395,491,15.575957304612334,-2.909039988031348,-26.135345212725387,7,396
396,491,17.655227368656508,-3.043212069217508,-30.80007360988737,8,397
397,491,19.733856046666336,3.106628388947472,-35.22178245828475,9,398
398,491,21.81326134159935,2.9788320398619925,-39.23748757950899,10,399
399,491,23.89225623830528,2.8587655271732,-42.76337819227908,11,400
400,491,25.97170912111657,2.7464828539018686,-45.7718096141588,12,401
401,491,28.05038400362121,2.6410919110179893,-48.25119730368577,13,402
402,491,30.13047671648588,2.54107623380845,-50.19221203250624,14,403
403,491,32.20841126549882,2.44502342087152,-51.56626332972702,15,404
404,491,34.28839119173123,2.351032664236858,-52.32743304562415,16,405
405,491,36.36771981505422,2.257290821062197,-52.38990249063531,17,406
406,491,38.44584076844123,2.1613474062567346,-51.611298731177314,18,407
407,491,40.525662918912985,2.059276772259378,-49.73057757906757,19,408
408,491,42.60430239956895,1.943726166979037,-46.19896371205228,20,409
409,491,44.68360298119456,1.7909401132215406,-39.27591079908299,21,410
410,491,44.68317296820678,1.2899034174002608,-6.560526955288587,21,411
411,491,42.60388806874849,1.0541512700744504,7.8072309355910114,20,412
412,491,40.52490848341331,0.7358986133513524,23.27712794225491,19,413
413,491,40.52529161518235,0.4164999025542051,35.505932495580524,19,414
414,491,42.60480133125107,0.1567524384724809,44.1286418992341,20,415
415,491,44.683403838700286,0.0191500063826223,48.45628609056503,21,416
416,491,46.76270166208127,-0.0821278777600113,51.581661799421695,22,417
417,491,48.84257081826294,-0.1635590345977427,54.06334886821577,23,418
418,491,50.92173884185421,-0.2319671704749854,56.12078313981017,24,419
419,491,53.00041607708154,-0.2910372098199084,57.86597048025682,25,420
