,particle_id,r,phi,z,layer_id,hit_id
33,312,3.100870860561385,2.6117617048381945,-0.3987687725667115,1,34
34,312,5.179253949598256,2.580804615475606,-0.4184850843785952,2,35
35,312,7.259436855586702,2.5532840820732883,-0.2770599355378031,3,36
36,312,9.337510445067444,2.5282880830490986,0.0068544277897899,4,37
37,312,11.41745811746906,2.505091238939244,0.422745799266309,5,38
38,312,13.495870002291673,2.483224047145697,0.9640598689913666,6,39
39,312,15.575922830975903,2.4622444641894625,1.629728763183607,7,40
40,312,17.6554407540167,2.441821584280884,2.420798753756824,8,41
41,312,19.73375479827348,2.421629457462561,3.3420757749852115,9,42
42,312,21.814122283603773,2.401294712892001,4.404408178661232,10,43
43,312,23.89355339539586,2.380459026008391,5.620965253681906,11,44
44,312,25.971919080658857,2.358639767141774,7.013484834903991,12,45
45,312,28.05014813914796,2.3351566233924475,8.616148124913078,13,46
46,312,30.13047285853336,2.308941438589545,10.48514628041772,14,47
47,312,32.2087554099897,2.2782090797222665,12.711570902650887,15,48
48,312,34.28789368842035,2.238984426762801,15.492746679153234,16,49
49,312,36.36688010187512,2.179100190775181,19.385336861282543,17,50
50,312,38.446209785250055,1.2617147639902433,38.37748573684048,18,51
51,312,40.52500764763589,1.0984340686035052,38.89165062125374,19,52
52,312,42.6043083509668,0.9867362306960916,39.03992880434501,20,53
53,312,44.68383286628806,0.8989695242041112,39.05457037145111,21,54
54,312,46.76358646453076,0.8255813525578025,39.01593744371394,22,55
55,312,48.84172499887484,0.7618443481825123,38.97281705456766,23,56
56,312,50.92210362415336,0.7047369775704186,38.96979751496696,24,57
57,312,53.00023330426241,0.6523369924995536,39.06275195736319,25,58
