,particle_id,r,phi,z,layer_id,hit_id
1533,792,3.1018489195983485,0.8904349494089178,-2.5055176120669778,1,1534
1534,792,5.180177607610992,0.8829875670743992,-4.206102337369483,2,1535
1535,792,7.259689242837626,0.8749573966684726,-5.8957768300035305,3,1536
1536,792,9.338388672266374,0.8666141265927039,-7.540790117869498,4,1537
1537,792,11.41790679083306,0.8582979374683465,-9.102938577662862,5,1538
1538,792,13.496720384584174,0.8504649763632085,-10.53325360196187,6,1539
1539,792,15.575429527287758,0.8436839339760095,-11.775376412003492,7,1540
1540,792,17.65514139255796,0.8386583636931321,-12.763723842820957,8,1541
1541,792,19.733457818786565,0.8362384527138956,-13.422587357043785,9,1542
1542,792,21.813716275057097,0.8373948453206025,-13.671493376887309,10,1543
1543,792,23.89172267173449,0.8431859806688632,-13.425944541931525,11,1544
1544,792,25.972093663194,0.8546993858706606,-12.605068355434558,12,1545
1545,792,28.050129161104927,0.872858603370846,-11.145016807816509,13,1546
1546,792,30.13023196589687,0.8983339990329136,-9.005907087981633,14,1547
1547,792,32.2090317998268,0.931186280479576,-6.197923402945783,15,1548
1548,792,34.28854258727567,0.970860183089699,-2.778568455632456,16,1549
1549,792,36.36699437898218,1.0160931414196197,1.1417325996494014,17,1550
1550,792,38.446764924797,1.0653175141728937,5.433159815471356,18,1551
1551,792,40.52544578141964,1.11681755830028,9.956171722269412,19,1552
1552,792,42.60489010071638,1.1692235714215244,14.600232529942796,20,1553
1553,792,44.6838947646624,1.2214664956156958,19.27709386406669,21,1554
1554,792,46.76356619765544,1.272908476767558,23.93164481036965,22,1555
1555,792,48.8429093745328,1.323163765789073,28.52660802233034,23,1556
1556,792,50.92195770758041,1.3720944840413574,33.043369234909065,24,1557
1557,792,53.00133228624791,1.4197273565867463,37.47569605230173,25,1558
