,particle_id,r,phi,z,layer_id,hit_id
1716,1399,3.100432061013404,-1.829972799312864,-0.6406758994412982,1,1717
1717,1399,5.179325273389931,-1.806433143060652,-0.6689166794115522,2,1718
1718,1399,7.25844041556359,-1.7729985347931423,-0.1311791123355732,3,1719
1719,1399,9.33783790298683,-1.7113359483454278,1.7328015401540924,4,1720
1720,1399,11.41692635035015,-1.170178826992754,3.928426692874013,5,1721
1721,1399,13.496018848676512,-1.1218874317632754,-1.2176910706345794,6,1722
1722,1399,15.575626931377606,-1.0921380632805735,-5.608265425936967,7,1723
1723,1399,17.654518167645474,-1.072524984899221,-9.571269840153636,8,1724
1724,1399,19.733381967433616,-1.059627403242373,-13.249489699278111,9,1725
1725,1399,21.812970621965817,-1.051595471109127,-16.722223452518367,10,1726
1726,1399,23.89262846914017,-1.047300692540461,-20.03756763202266,11,1727
1727,1399,25.97216361516991,-1.0459991015755774,-23.229096485646146,12,1728
1728,1399,28.05048439996812,-1.047179103742283,-26.31996986149573,13,1729
1729,1399,30.130783660203043,-1.0504842684678135,-29.33385878186222,14,1730
1730,1399,32.20848474296865,-1.0556484557422336,-32.27931729164149,15,1731
1731,1399,34.28772239902799,-1.0624930872687703,-35.17485804246502,16,1732
1732,1399,36.36789519216664,-1.0708824188253083,-38.030454280778976,17,1733
1733,1399,38.44592470103679,-1.0807034426874582,-40.85173307532966,18,1734
1734,1399,40.5259036821447,-1.0919038514497057,-43.65354407649806,19,1735
1735,1399,42.60421209173744,-1.104414012356164,-46.440270451608,20,1736
1736,1399,44.68406167589757,-1.1182184217467162,-49.22607926120732,21,1737
1737,1399,46.763823716848265,-1.133284587397572,-52.02003885618966,22,1738
1738,1399,48.8420063224118,-1.1495856927369823,-54.83398435972533,23,1739
1739,1399,50.92151032641325,-1.1671359923360276,-57.69037371188443,24,1740
1740,1399,53.00058654792454,-1.1859184755245755,-60.61392548178192,25,1741
