,particle_id,r,phi,z,layer_id,hit_id
737,748,3.101725008759935,1.9296834594954309,2.833009297554568,1,738
738,748,5.1811627885605365,1.953277176317216,4.613732277787889,2,739
739,748,7.260579340092235,1.9767767805189984,6.307124429372124,3,740
740,748,9.338390566502918,2.000218909184283,7.917654646634119,4,741
741,748,11.418351259381376,2.0236887149656035,9.452999620885535,5,742
742,748,13.497492492442335,2.047184409815641,10.914893327017111,6,743
743,748,15.575659543349769,2.0707252222052763,12.306567870355993,7,744
744,748,17.65548291770427,2.094351693767716,13.632285262217522,8,745
745,748,19.73509169684236,2.1180433984823868,14.892628646842468,9,746
746,748,21.81289304656956,2.141773368650933,16.08789958486247,10,747
747,748,23.89230675115781,2.1655630732083315,17.220588052553722,11,748
748,748,25.97208427879956,2.1893726957897446,18.289786877274025,12,749
749,748,28.05105476738371,2.213156346059762,19.29413237031558,13,750
750,748,30.130403871907635,2.2368895514245044,20.23278878930841,14,751
751,748,32.20881712809538,2.2605153153555304,21.10310793783896,15,752
752,748,34.28944029138096,2.2840249168506346,21.903584296402144,16,753
753,748,36.36800940412773,2.307325295997855,22.62909841985985,17,754
754,748,38.44677398569712,2.33039832777368,23.276285772498014,18,755
755,748,40.52723703045911,2.3532197084360016,23.840367550630475,19,756
756,748,42.60545891184962,2.3757102622819946,24.31413164827751,20,757
757,748,44.68546166793877,2.3978835248725523,24.691057881511924,21,758
758,748,46.76307222485402,2.419672450326023,24.96134155278854,22,759
759,748,48.843252822476735,2.441114952577176,25.11433574364675,23,760
760,748,50.92185154796036,2.462164037344127,25.1353981195886,24,761
761,748,53.00186533381138,2.482858296175896,25.006044920579043,25,762
