,particle_id,r,phi,z,layer_id,hit_id
2769,1514,3.101109517835799,1.6376029215111363,6.425751802157876,1,2770
2770,1514,5.1796009477120775,1.544968053603366,10.407835457511313,2,2771
2771,1514,7.258835225538069,1.4669308450684528,13.960394064533997,3,2772
2772,1514,9.338433051763186,1.4025978858607215,17.05794122426249,4,2773
2773,1514,11.41705243227468,1.3497493157051197,19.724042723325283,5,2774
2774,1514,13.496685554702356,1.306015218335412,22.00074213851588,6,2775
2775,1514,15.575855630152768,1.2694711527823814,23.924679544436604,7,2776
2776,1514,17.65452838738003,1.238566919238682,25.52864206762798,8,2777
2777,1514,19.734384337626555,1.2120847467459146,26.83988160571659,9,2778
2778,1514,21.81431260055124,1.1891191832828638,27.87770267771405,10,2779
2779,1514,23.893388385822465,1.1689591314915508,28.65709752457711,11,2780
2780,1514,25.97230319937345,1.15102731530168,29.189653775564267,12,2781
2781,1514,28.050781105326145,1.1348674156292646,29.48302211885808,13,2782
2782,1514,30.13109914152565,1.1200858860339034,29.54183952284865,14,2783
2783,1514,32.20940660944576,1.1063906989761243,29.36781070459024,15,2784
2784,1514,34.28947471556549,1.0934774637902125,28.959833434172594,16,2785
2785,1514,36.367944398542456,1.0811133280353618,28.31512586732522,17,2786
2786,1514,38.44763645184719,1.0690390724509329,27.42677286990052,18,2787
2787,1514,40.52673998346057,1.057020899100813,26.28640803507219,19,2788
2788,1514,42.60536834735476,1.0447952805341156,24.88182152876441,20,2789
2789,1514,44.683536355226856,1.032059407288192,23.196962718728656,21,2790
2790,1514,46.76324777537013,1.0184244328262868,21.20909011381868,22,2791
2791,1514,48.8422789265157,1.0034007772047944,18.89367056353716,23,2792
2792,1514,50.92175511228069,0.9862490583467448,16.21674306853729,24,2793
2793,1514,53.0005025111964,0.9658162805391396,13.141964534556267,25,2794
