,particle_id,r,phi,z,layer_id,hit_id
1082,1088,3.1009081882613767,-2.971549230586303,3.60718006752284,1,1083
1083,1088,5.179724449639398,-2.8313749370209824,5.815763517448524,2,1084
1084,1088,7.258887567885907,-2.692859269148479,7.678544078316705,3,1085
1085,1088,9.338132322510274,-2.565835924889764,9.135251226692084,4,1086
1086,1088,11.417135775456822,-2.454139982201708,10.210736506420664,5,1087
1087,1088,13.49705395040848,-2.3571926751516203,10.964905706746324,6,1088
1088,1088,15.57556119555804,-2.272880075954677,11.456623316136913,7,1089
1089,1088,17.65476424274186,-2.198668506792491,11.735151953432062,8,1090
1090,1088,19.73464474552808,-2.132420526943683,11.837426868838854,9,1091
1091,1088,21.81377510683239,-2.0724262032167573,11.791308603174317,10,1092
1092,1088,23.89227896461148,-2.017272475412188,11.618027496939604,11,1093
1093,1088,25.971291267867056,-1.9658038876426656,11.333654879315189,12,1094
1094,1088,28.050555496558115,-1.917115057432481,10.95076112580525,13,1095
1095,1088,30.129535917571147,-1.8704624170856603,10.479460713925691,14,1096
1096,1088,32.20872469310716,-1.8251955691084008,9.92779797721398,15,1097
1097,1088,34.28766484950165,-1.780772500803446,9.302734232511806,16,1098
1098,1088,36.36814642415559,-1.736670133691885,8.609652345529806,17,1099
1099,1088,38.44602615429831,-1.6925463498888291,7.8555237140166945,18,1100
1100,1088,40.52608294233103,-1.647921385066925,7.0441559885531895,19,1101
1101,1088,42.60469219055492,-1.6025525389352209,6.182875930271351,20,1102
1102,1088,44.68472075049439,-1.5561308107162617,5.277350380855577,21,1103
1103,1088,46.762598200998944,-1.5085908694549313,4.337378134059506,22,1104
1104,1088,48.842503195042845,-1.4598257818965168,3.3710502795135326,23,1105
1105,1088,50.92108298624848,-1.4100683466810904,2.3917146697576115,24,1106
1106,1088,53.00030685176609,-1.3596086111322192,1.411697632145163,25,1107
