,particle_id,r,phi,z,layer_id,hit_id
1758,762,3.1005902166965336,0.7662327107271376,0.614427182654623,1,1759
1759,762,5.179295065006322,0.7705568479032692,1.1862891888775593,2,1760
1760,762,7.260612090947474,0.7754592861824513,1.9053328920402564,3,1761
1761,762,9.339256842602891,0.7811397809956238,2.792245994803423,4,1762
1762,762,11.417657827645431,0.7879353948588074,3.8813146066365647,5,1763
1763,762,13.495872413718123,0.7964108575501567,5.226473789633495,6,1764
1764,762,15.57630170133461,0.8076693607336901,6.9269944209239895,7,1765
1765,762,17.654508546081818,0.8242838876759091,9.192782000639752,8,1766
1766,762,19.733858211009697,0.8564596398231363,12.779427304386786,9,1767
1767,762,19.73322950491529,1.0340240215453969,22.807759090345257,9,1768
1768,762,17.654096103287323,1.2115799669529823,27.105340403278586,8,1769
1769,762,15.574676422340092,1.4915787290639957,30.778056959617345,7,1770
1770,762,15.575586608002135,2.114618932657313,35.457791672306705,7,1771
1771,762,17.65576648744995,2.379072378408393,37.25133250622908,8,1772
1772,762,19.73548562840533,2.5253492306863605,38.371647088732594,9,1773
1773,762,21.812966315481454,2.6267357168726715,39.25745378622352,10,1774
1774,762,23.89234903638827,2.7030875597146475,40.01580497828968,11,1775
1775,762,25.971012852742817,2.763137463525073,40.69013181581239,12,1776
1776,762,28.050632083195783,2.811800370052899,41.30463537008078,13,1777
1777,762,30.129536500575284,2.852023365471501,41.87318525749595,14,1778
1778,762,32.211335757640605,2.88583811696879,42.40627618850998,15,1779
1779,762,34.289368470201374,2.914507250231277,42.90901817948556,16,1780
1780,762,36.368269317803545,2.9390895711834326,43.387679221892114,17,1781
1781,762,38.4485850153465,2.960315540024955,43.84632241380842,18,1782
1782,762,40.52537714737284,2.97869347341368,44.2871040820711,19,1783
1783,762,42.606171948643066,2.994718323756637,44.71430850222289,20,1784
1784,762,44.684514670960894,3.00867460891064,45.12890654985373,21,1785
1785,762,46.76578586571164,3.020866242778629,45.53401137388653,22,1786
1786,762,48.84447817336121,3.031475656765004,45.93039237439592,23,1787
1787,762,50.92282671046518,3.040691180037482,46.32019620279651,24,1788
1788,762,53.00309443481534,3.0486620897844583,46.70545138569835,25,1789
