,particle_id,r,phi,z,layer_id,hit_id
119,196,3.1024419875803058,-2.7211963571843385,-0.1423266358307167,1,120
120,196,5.181108378053595,-2.728313430944821,-0.1324209847519988,2,121
121,196,7.259469306768365,-2.734540587883469,-0.0384222550173625,3,122
122,196,9.339408542578989,-2.739974915254568,0.1397948140846487,4,123
123,196,11.418018704712296,-2.7446902500229866,0.4022196635153783,5,124
124,196,13.497893873376322,-2.748765180184363,0.7496794468125358,6,125
125,196,15.576592138234435,-2.752259981057826,1.1825741676442902,7,126
126,196,17.65444762264744,-2.7552348553766217,1.7019719594829752,8,127
127,196,19.734564507137897,-2.757747482292048,2.310212385426219,9,128
128,196,21.814663803934632,-2.759844053645967,3.0086330583388587,10,129
129,196,23.892361941515293,-2.7615693359099693,3.7985636081322447,11,130
130,196,25.97309853559041,-2.7629719185967203,4.684893924771991,12,131
131,196,28.05131939844415,-2.764090725353382,5.668631913136057,13,132
132,196,30.13164093539856,-2.764970708163573,6.7559371921333415,14,133
133,196,32.21016939759075,-2.765653060565632,7.949587117877105,15,134
134,196,34.290005960975826,-2.766183557522967,9.257082575378655,16,135
135,196,36.368061760176346,-2.76660933615104,10.683390496833097,17,136
136,196,38.44735769269911,-2.7669841485770577,12.239012014265326,18,137
137,196,40.52646778915438,-2.767368662391472,13.933437099118551,19,138
138,196,42.60617816840337,-2.767835774586171,15.780472825323452,20,139
139,196,44.68382881330463,-2.768475027845807,17.794372074119885,21,140
140,196,46.76276179282706,-2.769404627073096,20.000343574704647,22,141
141,196,48.84268673803879,-2.770785418926138,22.42846012484503,23,142
142,196,50.92179448579869,-2.772849377718462,25.11951484754866,24,143
143,196,53.00125765687214,-2.775963306197464,28.14020108496697,25,144
