,particle_id,r,phi,z,layer_id,hit_id
273,487,3.100724692105175,-2.846480466417536,-5.771937875462065,1,274
274,487,5.179997142819732,-2.8212891165363665,-8.716529411916067,2,275
275,487,7.258969927353474,-2.8004270405728704,-11.1638784699297,3,276
276,487,9.338921267668193,-2.782091475924357,-13.226731871359693,4,277
277,487,11.417488176438392,-2.7652394471862234,-14.974684716235709,5,278
278,487,13.49711584014714,-2.74914636340503,-16.459399905513635,6,279
279,487,15.576615386116368,-2.73330606208125,-17.7155918805558,7,280
280,487,17.655056676989833,-2.717308124213837,-18.7694636594372,8,281
281,487,19.733577122779355,-2.700770126886821,-19.64184966666,9,282
282,487,21.813886812651194,-2.6833074166974,-20.348542379010933,10,283
283,487,23.89326691289076,-2.664541256299904,-20.8999954160563,11,284
284,487,25.97245176670634,-2.643996761212784,-21.30472592672132,12,285
285,487,28.050390508474223,-2.621100583691728,-21.567816014497566,13,286
286,487,30.13061139063916,-2.5950382978457784,-21.691609766442188,14,287
287,487,32.20848354819665,-2.564799771396439,-21.674284558879023,15,288
288,487,34.288102059902826,-2.5287889628176288,-21.50993603663725,16,289
289,487,36.36779436893884,-2.484751593149575,-21.18702745956781,17,290
290,487,38.44685203386138,-2.4293637035345017,-20.68807330724681,18,291
291,487,40.52512505141685,-2.358290036288715,-19.99374687146652,19,292
292,487,42.60478000612666,-2.268453287065692,-19.10445961068021,20,293
293,487,44.68352627894721,-2.1650766496076663,-18.08704111523863,21,294
294,487,46.76258426542532,-2.062636746101836,-17.05441561818626,22,295
295,487,48.84208547912829,-1.9723032108867624,-16.07071483192272,23,296
296,487,50.9214369528528,-1.896591493743028,-15.136937352854762,24,297
297,487,53.00007915862331,-1.8340183017427287,-14.233456057954468,25,298
