,particle_id,r,phi,z,layer_id,hit_id
1742,1359,3.100644843708951,1.3341620139900976,-4.070084990822906,1,1743
1743,1359,5.1797218958689895,1.2970162127726494,-6.59646675939473,2,1744
1744,1359,7.258911933640896,1.261976978613324,-8.964027787341635,3,1745
1745,1359,9.338009992573603,1.228890719069244,-11.177894594905268,4,1746
1746,1359,11.418271582210869,1.1976150846108633,-13.246066135497408,5,1747
1747,1359,13.49585864947482,1.16810172538012,-15.172699647578533,6,1748
1748,1359,15.575857451696503,1.1401859145225224,-16.97109020655987,7,1749
1749,1359,17.655155080284953,1.11382731408197,-18.647403137771533,8,1750
1750,1359,19.73517921807196,1.0889296697431206,-20.212071442873736,9,1751
1751,1359,21.81396662382207,1.0654429699527108,-21.673042457390707,10,1752
1752,1359,23.891854289872327,1.043293270917463,-23.040088073158536,11,1753
1753,1359,25.971427015509896,1.022390720034806,-24.324188811009883,12,1754
1754,1359,28.05121441153117,1.0026939846144411,-25.53359117747412,13,1755
1755,1359,30.129559757892533,0.9841654684166984,-26.6766076329936,14,1756
1756,1359,32.20855600881521,0.966739587488192,-27.763636747226723,15,1757
1757,1359,34.28769465539426,0.9503813405712256,-28.80367714385877,16,1758
1758,1359,36.3676793406035,0.9350528870625604,-29.806559033959,17,1759
1759,1359,38.4461582240061,0.9207454726783928,-30.78103935209178,18,1760
1760,1359,40.52523165918897,0.9074265367709388,-31.738584045163773,19,1761
1761,1359,42.60492643679245,0.8950883776390739,-32.69054326877904,20,1762
1762,1359,44.68453464546951,0.8837373048069088,-33.64923372801741,21,1763
1763,1359,46.76353154259659,0.8733888046502469,-34.62889801450551,22,1764
1764,1359,48.84188938178551,0.8640678864311842,-35.64664505153941,23,1765
1765,1359,50.92109331035536,0.855807297809721,-36.72424821985935,24,1766
1766,1359,53.000796091960616,0.84866106763435,-37.888464100616375,25,1767
