,particle_id,r,phi,z,layer_id,hit_id
2715,1546,3.100624456579156,2.416678935731507,-5.460230977398012,1,2716
2716,1546,5.179660005581972,2.514232193086132,-9.180444715251738,2,2717
2717,1546,7.258847266066662,2.620665479153017,-12.843515337390173,3,2718
2718,1546,9.338380440238776,2.730677223560088,-16.30836539903089,4,2719
2719,1546,11.41706020027648,2.837246995433473,-19.448830593109925,5,2720
2720,1546,13.495972254199758,2.935074390126871,-22.211043007645024,6,2721
2721,1546,15.576011161665084,3.0218814062892863,-24.606304310533886,7,2722
2722,1546,17.655303878051484,3.09761485603968,-26.676263837449525,8,2723
2723,1546,19.73383049151211,-3.1197538734886177,-28.4719764519646,9,2724
2724,1546,21.81349431163081,-3.0623422778075606,-30.04057148731918,10,2725
2725,1546,23.893699903664952,-3.0119701033086708,-31.41859062989515,11,2726
2726,1546,25.972339537862123,-2.967479945586021,-32.63413385555458,12,2727
2727,1546,28.05111696410069,-2.927830938228465,-33.711245122950345,13,2728
2728,1546,30.1302760426844,-2.892204401772382,-34.667843805906415,14,2729
2729,1546,32.20935824085097,-2.859944730254327,-35.51767127526105,15,2730
2730,1546,34.28860997018621,-2.830505749981828,-36.271832157782896,16,2731
2731,1546,36.36828509382211,-2.8034390332069354,-36.9390924484261,17,2732
2732,1546,38.44799168041391,-2.778380794656834,-37.52620956859021,18,2733
2733,1546,40.52612115566249,-2.7550393289546475,-38.038285046885015,19,2734
2734,1546,42.60504212589721,-2.733125945161589,-38.48024588725267,20,2735
2735,1546,44.68536907076674,-2.7124128707127264,-38.85545114623451,21,2736
2736,1546,46.7626512630163,-2.6927498146806865,-39.16569328334663,22,2737
2737,1546,48.84446099799385,-2.6738961892601223,-39.41384485218342,23,2738
2738,1546,50.92133381285582,-2.6557865046066027,-39.5999657756726,24,2739
2739,1546,53.00142047242057,-2.6382119055233093,-39.72544672725317,25,2740
