,particle_id,r,phi,z,layer_id,hit_id
412,318,3.100776996982162,-0.9051382822954206,1.0861042582496625,1,413
413,318,5.180497058639307,-0.8811794147850683,1.7287456255013112,2,414
414,318,7.258334000940906,-0.8594465177558319,2.307199097857449,3,415
415,318,9.338733840744672,-0.8395084709076014,2.826672869142463,4,416
416,318,11.416781581333655,-0.8211088787204447,3.289510698316583,5,417
417,318,13.496999170351064,-0.8039649448054217,3.6999331566653098,6,418
418,318,15.577060653603716,-0.787902004353796,4.060277136908525,7,419
419,318,17.65628473306785,-0.772764990613432,4.37304112479152,8,420
420,318,19.73555907992105,-0.758415346606414,4.640714456887508,9,421
421,318,21.81448754632167,-0.7447459531256702,4.865367576386049,10,422
422,318,23.89373549620709,-0.7316599400018488,5.048999256984082,11,423
423,318,25.972072843127915,-0.7190860547541509,5.193282812810104,12,424
424,318,28.05181832439488,-0.7069425723172924,5.299992965373399,13,425
425,318,30.130144984852407,-0.6951869497679874,5.370492439789281,14,426
426,318,32.2105122756734,-0.6837477326744132,5.406289512262553,15,427
427,318,34.28787104152239,-0.6726061846631387,5.408638180603056,16,428
428,318,36.369431739030766,-0.6616820342480522,5.378763476095905,17,429
429,318,38.44752253570319,-0.6509775105526064,5.317939423633796,18,430
430,318,40.52671128840841,-0.6404333651082653,5.227215532024971,19,431
431,318,42.60553823511618,-0.6300238135207553,5.10772925227657,20,432
432,318,44.685581816902165,-0.6197091595215408,4.960433968185036,21,433
433,318,46.76523503208061,-0.6094663813939596,4.786471552575577,22,434
434,318,48.84271469099681,-0.5992733597102197,4.587078489807013,23,435
435,318,50.92206341838846,-0.5890790464884194,4.362920839242349,24,436
436,318,53.00079640550938,-0.5788633317364412,4.115319282735399,25,437
