,particle_id,r,phi,z,layer_id,hit_id
2750,1239,3.1016876938019675,-1.507536104810819,-2.8880542986307853,1,2751
2751,1239,5.180004817979284,-1.4556710997093647,-4.570672331017578,2,2752
2752,1239,7.260379396330778,-1.4102952335976382,-6.079073216226647,3,2753
2753,1239,9.337686170932376,-1.3704188972568483,-7.431577762774349,4,2754
2754,1239,11.417419663272854,-1.3350235266506516,-8.651170631148519,5,2755
2755,1239,13.496287850990988,-1.303429261108996,-9.75234559880992,6,2756
2756,1239,15.57536817586255,-1.2750181329639112,-10.749791433965472,7,2757
2757,1239,17.655394258642907,-1.2492965557902562,-11.655683148721392,8,2758
2758,1239,19.733568209484066,-1.2259021852366454,-12.4789547312362,9,2759
2759,1239,21.81386722699951,-1.2044666439101457,-13.22978363953352,10,2760
2760,1239,23.89339302338649,-1.184754399106542,-13.914450081715232,11,2761
2761,1239,25.97289948994615,-1.166535039023889,-14.539639055851485,12,2762
2762,1239,28.05109406835844,-1.1496324100293058,-15.11059191039498,13,2763
2763,1239,30.130233156841168,-1.133870626109064,-15.63284523027412,14,2764
2764,1239,32.210186779133686,-1.119118220575537,-16.110657624165313,15,2765
2765,1239,34.28816290635027,-1.105279439170325,-16.547318783856994,16,2766
2766,1239,36.36759581318753,-1.0922318859323985,-16.94708926172294,17,2767
2767,1239,38.44605232362886,-1.079904786078671,-17.312707304858215,18,2768
2768,1239,40.52714491128035,-1.0682016496010298,-17.647750947528433,19,2769
2769,1239,42.605332436561305,-1.0570864440385443,-17.954124341995602,20,2770
2770,1239,44.68392141787165,-1.0464805955958334,-18.23501732099755,21,2771
2771,1239,46.7628352855122,-1.0363307942262705,-18.492968709242213,22,2772
2772,1239,48.84440717117253,-1.026577293973271,-18.73074897869424,23,2773
2773,1239,50.92151623224744,-1.017207457925836,-18.95011114741313,24,2774
2774,1239,53.00068013813879,-1.0081485317342138,-19.15439601967116,25,2775
