,particle_id,r,phi,z,layer_id,hit_id
1046,1295,3.100471291724641,0.386771622307928,-4.610979384293437,1,1047
1047,1295,5.17961338174067,0.6033567051451917,-8.013249300347866,2,1048
1048,1295,7.258669201994833,0.8204019189703033,-10.096139247861018,3,1049
1049,1295,9.33822622907298,0.976520962214638,-10.416365080013748,4,1050
1050,1295,11.416986108164696,1.0740319641261575,-9.636723035454928,5,1051
1051,1295,13.496538832519798,1.1332334172994365,-8.263604331355708,6,1052
1052,1295,15.57533809614278,1.1683566194901644,-6.55958202639777,7,1053
1053,1295,17.654481532845242,1.188018465249643,-4.66425647705811,8,1054
1054,1295,19.734535666826872,1.197427884546607,-2.6592073266082394,9,1055
1055,1295,21.813613581368543,1.199852900058929,-0.5978534225313865,10,1056
1056,1295,23.892128418101784,1.1974290546550257,1.4862471302131013,11,1057
1057,1295,25.971768332655376,1.191575214314485,3.571811071813101,12,1058
1058,1295,28.05139652079892,1.183264552637046,5.641844876472213,13,1059
1059,1295,30.129415719460688,1.173181413998252,7.683771954216482,14,1060
1060,1295,32.210025792964764,1.161779293676051,9.69404347439437,15,1061
1061,1295,34.28857534906813,1.1494185556373675,11.662888621538292,16,1062
1062,1295,36.3683311913249,1.1363171415379263,13.58987896933963,17,1063
1063,1295,38.44585671530816,1.122662074538047,15.469575033924556,18,1064
1064,1295,40.52506238814675,1.1085397045329004,17.304172876121648,19,1065
1065,1295,42.606346721193056,1.0940174434121792,19.09323673044188,20,1066
1066,1295,44.68378830805292,1.0791760807717616,20.83162001746988,21,1067
1067,1295,46.76449115508628,1.0639771504367097,22.52561102806624,22,1068
1068,1295,48.84200604766754,1.0484559638876028,24.17066272086804,23,1069
1069,1295,50.92205705322182,1.0325350129878788,25.772406382036586,24,1070
1070,1295,53.00020581802826,1.0161887693537095,27.328883074596373,25,1071
