,particle_id,r,phi,z,layer_id,hit_id
265,247,3.100206484441504,-2.040208623133756,1.973202314154264,1,266
266,247,5.180079455711626,-2.048537270098129,3.1925052641904728,2,267
267,247,7.25843190044368,-2.0550141990354587,4.343119968076316,3,268
268,247,9.337736900523364,-2.060022401301941,5.436459197406592,4,269
269,247,11.416814917268727,-2.063826460583107,6.4797507923925295,5,270
270,247,13.497404246033645,-2.066627186311419,7.480220572500073,6,271
271,247,15.57673416566751,-2.068572035671939,8.441863852960097,7,272
272,247,17.655292650675104,-2.06978130533099,9.369528413057814,8,273
273,247,19.73412535562128,-2.0703517482424973,10.26770748273664,9,274
274,247,21.814276228976027,-2.070363434316596,11.140449560183855,10,275
275,247,23.89217351981259,-2.0698873320182782,11.989645563362457,11,276
276,247,25.971695376433352,-2.068988552096492,12.820127200286048,12,277
277,247,28.051105308453216,-2.0677331213925965,13.63439199010493,13,278
278,247,30.13070347654711,-2.066191970842872,14.435866760128787,14,279
279,247,32.20998057071883,-2.064448828722953,15.227909309143076,15,280
280,247,34.28853177718845,-2.062609091349938,16.014361594024763,16,281
281,247,36.367972296218674,-2.0608118858554474,16.800550915617638,17,282
282,247,38.44660632512719,-2.059256454922134,17.591732233607303,18,283
283,247,40.52621680706899,-2.058231754957301,18.396452693029257,19,284
284,247,42.604846300287385,-2.05817958326537,19.225245184107123,20,285
285,247,44.6843509397189,-2.0597920091785875,20.09653270904886,21,286
286,247,46.7631368656217,-2.064185530217781,21.040288749665343,22,287
287,247,48.84240222464984,-2.0732080702002813,22.116914934016823,23,288
288,247,50.92143952285255,-2.089931193131541,23.461007184507896,24,289
289,247,53.00000495191848,-2.119504193940476,25.44109457936897,25,290
