,particle_id,r,phi,z,layer_id,hit_id
43,112,3.1010374073634925,2.845051472215941,-1.1509142613669805,1,44
44,112,5.180398773646747,2.812200913251173,-1.9016681531071145,2,45
45,112,7.25997295860573,2.7835539765469086,-2.621043765383918,3,46
46,112,9.337806408508916,2.7582987791700484,-3.299658889740563,4,47
47,112,11.4184325843425,2.735795786218222,-3.931919008452824,5,48
48,112,13.496497485723658,2.7156784303284023,-4.510074060822675,6,49
49,112,15.575015396391684,2.697598354691394,-5.029373372102606,7,50
50,112,17.65561269783141,2.681305987673164,-5.484571244658049,8,51
51,112,19.73381077588401,2.666652737730137,-5.869084953343273,9,52
52,112,21.81388924081475,2.653465709834827,-6.177867645895334,10,53
53,112,23.89323463085151,2.6416518400313342,-6.404236765821989,11,54
54,112,25.971714905566703,2.631123329866464,-6.541574653255443,12,55
55,112,28.051493211645585,2.621800724087799,-6.582738572856647,13,56
56,112,30.12924096187429,2.6136429339895826,-6.5198491994706655,14,57
57,112,32.20936847625145,2.606586767731407,-6.344217427773198,15,58
58,112,34.288820471674406,2.600603008033652,-6.046780910302135,16,59
59,112,36.36838944866212,2.5956489128347777,-5.617692347702565,17,60
60,112,38.44714443444656,2.5916822887744337,-5.046959212308368,18,61
61,112,40.52605875375455,2.5886474607954444,-4.323871587541188,19,62
62,112,42.60451697020923,2.586475881665078,-3.438235051113,20,63
63,112,44.683777262074514,2.5850739137297807,-2.379532244148717,21,64
64,112,46.76359819287176,2.5843186420005053,-1.1388237291331866,22,65
65,112,48.84238035555814,2.58404737905832,0.2900990621740391,23,66
66,112,50.92157088165589,2.584049862122712,1.913133784563856,24,67
67,112,53.00053576078179,2.584063132147415,3.732159387825596,25,68
