,particle_id,r,phi,z,layer_id,hit_id
0,8,3.100161437364374,-2.8549418265135005,-0.2686643976300615,1,1
1,8,5.179654516154907,-2.8671095644227425,-0.3529779867251221,2,2
2,8,7.259495917243782,-2.880813506992401,-0.3499705962888555,3,3
3,8,9.338818466601348,-2.8963990913282927,-0.2476219247019031,4,4
4,8,11.418909094663832,-2.9143790785402746,-0.0294273241142803,5,5
5,8,13.496126750845969,-2.935472592441639,0.3274277039171664,6,6
6,8,15.57540003536288,-2.9609431962658013,0.8592068096360919,7,7
7,8,17.654262250861333,-2.99292687856947,1.6245017970763342,8,8
8,8,19.73422913225999,-3.035956209818338,2.7377601015385835,9,9
9,8,21.81318275473734,-3.102693614826072,4.488907988696255,10,10
10,8,23.89195461289673,1.9816784420727964,15.705955431429174,11,11
11,8,25.971875634655927,1.735862795037881,15.228525938143832,12,12
12,8,28.050837055953025,1.5822374851294103,14.453334163747256,13,13
13,8,30.130770396695112,1.4671089816511835,13.531279012202615,14,14
14,8,32.20920641648576,1.3745674783797048,12.50198950955614,15,15
15,8,34.28904910521747,1.297000435716938,11.380101662606693,16,16
16,8,36.36755170007314,1.230297461950208,10.175437042519375,17,17
17,8,38.446467496255565,1.1717457161406497,8.891977618493868,18,18
18,8,40.525573148705526,1.1195653955062297,7.533021661420349,19,19
19,8,42.604622054861856,1.072491118951346,6.10092208840004,20,20
20,8,44.685993560903405,1.0295358960802552,4.595511288645156,21,21
21,8,46.76360690008618,0.9901060399070408,3.0224532024368926,22,22
22,8,48.8430618414811,0.9535326585304544,1.3785318058064462,23,23
23,8,50.92258382696842,0.9194067863645348,-0.3342012845604074,24,24
24,8,53.00165120345541,0.8873765049030773,-2.114677783929565,25,25
