,particle_id,r,phi,z,layer_id,hit_id
371,454,3.100692198190641,1.970760033784748,0.1851401717501346,1,372
372,454,5.18151982464771,1.96032668816492,0.327423667351475,2,373
373,454,7.260240911592954,1.9500631354145312,0.489357406270674,3,374
374,454,9.33831270959806,1.939957445400708,0.6759406273508901,4,375
375,454,11.416826207557529,1.9300002741198408,0.8925463190568479,5,376
376,454,13.496445423318251,1.920184700647572,1.1449583189825638,6,377
377,454,15.577350981239968,1.9105059890471776,1.439395296398203,7,378
378,454,17.654344794699774,1.9009833054727845,1.781657259369208,8,379
379,454,19.73395074840309,1.8915807685105768,2.1799525165468943,9,380
380,454,21.81444031351381,1.8822989820106504,2.6419057557448973,10,381
381,454,23.89342310363441,1.8731385561318727,3.1754761818525274,11,382
382,454,25.97212888797376,1.8640804897286616,3.790195776119827,12,383
383,454,28.050507346207315,1.8551067925409035,4.496210197614403,13,384
384,454,30.129193143665827,1.84619009073754,5.304921127187974,14,385
385,454,32.209117283757784,1.837293002913649,6.229078200846445,15,386
386,454,34.28755688884153,1.8283818502861693,7.28081239612866,16,387
387,454,36.367376619860806,1.8193829499871728,8.475927156980362,17,388
388,454,38.44593230585716,1.8102250277392589,9.827861427397998,18,389
389,454,40.52594000324031,1.800785571330815,11.35297610562744,19,390
390,454,42.605053967701565,1.790930732648477,13.061699164932968,20,391
391,454,44.68364764018801,1.7804787443475212,14.959691357887802,21,392
392,454,46.76340022438015,1.769214686624375,17.04068261890759,22,393
393,454,48.84166930600331,1.7569596936264913,19.27111099067163,23,394
394,454,50.92186725871217,1.7435906611535634,21.59244972770156,24,395
395,454,53.00081020134903,1.729213094871378,23.910169747763472,25,396
