,particle_id,r,phi,z,layer_id,hit_id
4444,2175,3.100073838086372,-2.790979089930971,27.54089055055323,1,4445
4445,2175,5.179999527387196,2.695402601630615,35.564170678074895,2,4446
4446,2175,7.259027111542027,2.4774399736729937,39.18086232057546,3,4447
4447,2175,9.338519464434684,2.36372137034829,41.90827155050415,4,4448
4448,2175,11.41715798384504,2.293601036847703,44.14499353237766,5,4449
4449,2175,13.496049624206966,2.2466183679073293,46.04309544915604,6,4450
4450,2175,15.575297448814853,2.213768621766905,47.67848690034735,7,4451
4451,2175,17.65463743225703,2.1904471228360194,49.09435162621602,8,4452
4452,2175,19.73369597178084,2.174082928240909,50.316265733232456,9,4453
4453,2175,21.81290463191185,2.163177355513102,51.35880219122258,10,4454
4454,2175,23.89278504800609,2.156880863686276,52.2274437049027,11,4455
4455,2175,25.9718789622758,2.1547914087911044,52.91837960670863,12,4456
4456,2175,28.051283362459323,2.156866880726473,53.41890096714448,13,4457
4457,2175,30.129255853056293,2.1634398040505385,53.70195981841079,14,4458
4458,2175,32.20916295317114,2.1753358889490344,53.71962840117678,15,4459
4459,2175,34.28758006510682,2.194003773513629,53.38715568522456,16,4460
4460,2175,36.36739223246492,2.221616449628321,52.56087677307429,17,4461
4461,2175,38.44597386407648,2.259158398745768,51.05686105989388,18,4462
4462,2175,40.52558136384666,2.299246835409652,48.900781786701,19,4463
4463,2175,42.60480606724076,2.3265248122381883,46.57831689495858,20,4464
4464,2175,44.68393094363221,2.3367907881846595,44.45682202009205,21,4465
4465,2175,46.76358012786015,2.334958138168097,42.56865548245375,22,4466
4466,2175,48.84277779541382,2.32585080082633,40.857294701031584,23,4467
4467,2175,50.92122560960694,2.31255546337186,39.27106126225403,24,4468
4468,2175,53.00000238396797,2.296907825444157,37.77308082435445,25,4469
