,particle_id,r,phi,z,layer_id,hit_id
108,391,3.101825824918415,2.036517329078581,1.037338453808614,1,109
109,391,5.1797685102611455,2.0474909489071447,1.7045749767573586,2,110
110,391,7.261783160598857,2.0581899199160367,2.351354237441429,3,111
111,391,9.339774259971447,2.068612637218598,2.975419077431267,4,112
112,391,11.41716583544484,2.078812997280584,3.577977372227073,5,113
113,391,13.497711835361802,2.0888416742552454,4.1600427555271065,6,114
114,391,15.577674507539928,2.098710339570281,4.720352636055017,7,115
115,391,17.657227661882736,2.1084478898691974,5.258650091181176,8,116
116,391,19.73660150812351,2.1180818193728173,5.774538899152807,9,117
117,391,21.8160269369601,2.1276384147428464,6.267459745296327,10,118
118,391,23.89185872060145,2.137125500983516,6.735826132171104,11,119
119,391,25.97182638859305,2.14660245072014,7.18040939956275,12,120
120,391,28.05198736572255,2.1560753231630247,7.599123295561865,13,121
121,391,30.132010554706923,2.165567152498832,7.990503800729803,14,122
122,391,32.21127962235494,2.175100483901012,8.352792627575015,15,123
123,391,34.288833160172615,2.184697482419716,8.683907602086384,16,124
124,391,36.36687466390485,2.1943968047379583,8.981893796670684,17,125
125,391,38.4468680408089,2.2042366427527016,9.244119819095934,18,126
126,391,40.52596603328147,2.21423827598116,9.466869215233904,19,127
127,391,42.607306846988685,2.22445627684213,9.646418792074458,20,128
128,391,44.68601408407413,2.2349119884588444,9.7774760453671,21,129
129,391,46.76254638317575,2.245660183607494,9.8542418159121,22,130
130,391,48.844498800849344,2.256805449353789,9.869355811673476,23,131
131,391,50.9212125140448,2.268370382156556,9.813205758533032,24,132
132,391,53.00244156503575,2.280510597517788,9.673144329676722,25,133
