,particle_id,r,phi,z,layer_id,hit_id
0,9,3.100416229624509,-0.1045553953442893,3.4501374444312525,1,1
1,9,5.179745776869418,0.061935333988674,4.627129309566474,2,2
2,9,7.258440973471681,0.1878810041980842,5.219994377394048,3,3
3,9,9.33878168318096,0.2838429805313448,5.454187437796605,4,4
4,9,11.417939303890124,0.3586271028227104,5.463617104950359,5,5
5,9,13.497425615094285,0.4184698563842504,5.326805656989816,6,6
6,9,15.57583883634648,0.4674376349131218,5.091311365450363,7,7
7,9,17.655677912558176,0.5083474387035555,4.786938494067918,8,8
8,9,19.7338812341398,0.5430432079095066,4.434125337779225,9,9
9,9,21.81444477774177,0.5729394726296487,4.045992220576242,10,10
10,9,23.89188601271241,0.5989405585406585,3.633434600551493,11,11
11,9,25.97159565668296,0.6218468504790912,3.202645894674258,12,12
12,9,28.05104729832649,0.6421811496649182,2.759580937660175,13,13
13,9,30.13050031077328,0.6603762134581919,2.308382255122797,14,14
14,9,32.20924053432277,0.6767646896408853,1.8524898951343085,15,15
15,9,34.28847003515071,0.6916259746968527,1.3942497430550524,16,16
16,9,36.36737437217408,0.7051720187735746,0.9359438077690108,17,17
17,9,38.44634418690813,0.7175838974889923,0.4792026911878686,18,18
18,9,40.52688003729633,0.7290168035415373,0.0251179058849402,19,19
19,9,42.6074358386625,0.7395843388725476,-0.4247848623201093,20,20
20,9,44.687053499596615,0.7493858816439455,-0.8693038669979387,21,21
21,9,46.76532277073863,0.7585085831515122,-1.3075137221631508,22,22
22,9,48.842339823886185,0.7670290706749585,-1.7387220128043062,23,23
23,9,50.92302436994147,0.7750311452388406,-2.163311257355339,24,24
24,9,53.00412587105992,0.7825568242472045,-2.580049505421026,25,25
