,particle_id,r,phi,z,layer_id,hit_id
1059,591,3.100936681064861,-2.784341009015097,0.1855623070624368,1,1060
1060,591,5.179903641090012,-2.9020435908273683,-0.055059324075831,2,1061
1061,591,7.259042880253165,-2.999290190365784,-0.4672498512934417,3,1062
1062,591,9.33810020743382,-3.081327042176799,-0.9848850755666732,4,1063
1063,591,11.41812399649036,3.131008812010158,-1.5662163318443092,5,1064
1064,591,13.497061419706789,3.068558359524571,-2.1835003421072194,6,1065
1065,591,15.576550456914816,3.0124176757219905,-2.8192161742145405,7,1066
1066,591,17.65521278193569,2.9611543155166125,-3.460818680084964,8,1067
1067,591,19.73410376815572,2.913662195043821,-4.100464640984255,9,1068
1068,591,21.813894040899857,2.8691228591428004,-4.733028382836331,10,1069
1069,591,23.89194673331944,2.8269792097954163,-5.354565820984517,11,1070
1070,591,25.97134247975841,2.786696467027346,-5.96463485306025,12,1071
1071,591,28.050758813867752,2.7479343604560005,-6.563010255746288,13,1072
1072,591,30.12989364389824,2.710408776919348,-7.151174514963971,14,1073
1073,591,32.20921646424958,2.673881371399572,-7.732127765562086,15,1074
1074,591,34.28771126962096,2.638185643550985,-8.309690343907874,16,1075
1075,591,36.36865823823587,2.603117005708924,-8.8900736988588,17,1076
1076,591,38.447362158167806,2.5686318296822805,-9.478429869467073,18,1077
1077,591,40.526961368650085,2.5345733073725043,-10.08325008240332,19,1078
1078,591,42.60416982553073,2.500902613362162,-10.7123090840703,20,1079
1079,591,44.68479761506056,2.467438714218242,-11.377352587810702,21,1080
1080,591,46.76366162373733,2.434176620378816,-12.088036590575411,22,1081
1081,591,48.84178353005237,2.4010017380281825,-12.857409673060666,23,1082
1082,591,50.9215100361424,2.367759661989994,-13.701077554895916,24,1083
1083,591,53.00168073006409,2.334319551835214,-14.635970135932014,25,1084
