,particle_id,r,phi,z,layer_id,hit_id
285,261,3.100457811496666,-0.0214339189302018,-6.231114549931945,1,286
286,261,5.179626921713461,-0.0320242257670146,-10.700083338769328,2,287
287,261,7.258749317750387,-0.0431704043156668,-15.58878934502366,3,288
288,261,9.33754123034966,-0.055664357406573,-21.392366233322782,4,289
289,261,9.337136298561898,-0.0638633968327588,-35.47780851087198,4,290
290,261,7.258053918035174,-0.0369982362808084,-37.10919718032157,3,291
291,261,5.178759282860219,0.0188132021274857,-37.81753885885112,2,292
292,261,3.09859863342099,0.1607029684635337,-38.09524754422239,1,293
293,261,3.1013178803027417,2.581570766392621,-37.7351719461751,1,294
294,261,5.181269754490343,2.7248856983915752,-37.36287566406046,2,295
295,261,7.259237822924064,2.783388090100483,-36.919619479270814,3,296
296,261,9.33752979687644,2.8148545111888086,-36.41783446988894,4,297
297,261,11.417792130969712,2.8342840057496,-35.86777622309944,5,298
298,261,13.498599366239128,2.847321534510005,-35.27828268759775,6,299
299,261,15.57762175384751,2.8565774009973346,-34.656889366289725,7,300
300,261,17.65522467114954,2.86343427196835,-34.009118531549134,8,301
301,261,19.73367744562175,2.868688901950494,-33.33886727521785,9,302
302,261,21.813662923001505,2.8728250088297944,-32.64973559777114,10,303
303,261,23.89374631269833,2.8761518657769742,-31.94545741596496,11,304
304,261,25.97299399073841,2.878878992721812,-31.22917295619643,12,305
305,261,28.050786826890416,2.881152313246506,-30.50355401427532,13,306
306,261,30.129587858735302,2.8830781101813416,-29.769875574770595,14,307
307,261,32.20882906654564,2.88473011517826,-29.030206949031268,15,308
308,261,34.28769672172432,2.886161858905332,-28.286496035070115,16,309
309,261,36.36782018745771,2.887413517660544,-27.53962720701594,17,310
310,261,38.44725412978237,2.8885114484097056,-26.791596372368865,18,311
311,261,40.52599335822253,2.8894739487382792,-26.043544445948186,19,312
312,261,42.60544776735672,2.8903115428289023,-25.29594404462853,20,313
313,261,44.68514836357453,2.891025867354532,-24.549777843009764,21,314
314,261,46.76481376489518,2.8916101924753392,-23.8057698149316,22,315
315,261,48.84334306892967,2.892047510619578,-23.064695535467024,23,316
316,261,50.92208647789606,2.89230780290484,-22.32612811206808,24,317
317,261,53.00184780003795,2.892340531615793,-21.589347844603395,25,318
