,particle_id,r,phi,z,layer_id,hit_id
543,536,3.1009134064182864,-0.8014750966464032,0.7351643867983633,1,544
544,536,5.180038257704964,-0.802231414595717,1.3170936717701984,2,545
545,536,7.26060497437978,-0.801594144334249,1.988784374111301,3,546
546,536,9.33849104697441,-0.7990771349856696,2.7721695128700894,4,547
547,536,11.418483903089744,-0.7938369849696664,3.706147297784913,5,548
548,536,13.49725400222659,-0.7842595992991447,4.855522255418517,6,549
549,536,15.575631036719438,-0.7664948289530669,6.364075389191793,7,550
550,536,17.654750159968202,-0.7258728849226863,8.719329288730034,8,551
551,536,17.653773394215975,-0.3614697830948597,17.007053912423924,8,552
552,536,17.654945383855285,0.3823532078635171,22.94746933796089,8,553
553,536,19.73357265493365,0.6255740958849029,24.485343496581084,9,554
554,536,21.81370935149728,0.7699664097366121,25.463714011377903,10,555
555,536,23.89174756199325,0.8735161460509399,26.22825136616647,11,556
556,536,25.972965889557493,0.95373225660248,26.87333354424744,12,557
557,536,28.050077578517545,1.018358046285298,27.43688849239109,13,558
558,536,30.129546921898346,1.0721048646420612,27.94231163425518,14,559
559,536,32.20850620041763,1.1176813626313715,28.40192544435012,15,560
560,536,34.28990147138892,1.1570137263064644,28.825011468933308,16,561
561,536,36.36967142632346,1.1913353643855382,29.216847965791143,17,562
562,536,38.44854339919575,1.2216236544161965,29.582158104311443,18,563
563,536,40.52673713328936,1.2486031427490742,29.924495881960173,19,564
564,536,42.60685557538217,1.272856298843961,30.24704991564669,20,565
565,536,44.68492769249937,1.294769141481171,30.55148449377145,21,566
566,536,46.76635681314582,1.3147418906197452,30.840497430857848,22,567
567,536,48.84486222974522,1.3329928070776365,31.11486766415864,23,568
568,536,50.92303441534075,1.349777310750118,31.376430069450468,24,569
569,536,53.00383293110241,1.3653069453565485,31.62685377070148,25,570
