,particle_id,r,phi,z,layer_id,hit_id
4015,1712,3.100079546506324,2.79649779053761,-10.167527894803314,1,4016
4016,1712,5.179175943818998,2.5600777827075563,-18.05345598483872,2,4017
4017,1712,7.259113948274118,2.298952315210857,-25.086044380150543,3,4018
4018,1712,9.338143180265256,2.088443089167458,-30.30723071259608,4,4019
4019,1712,11.417149896929498,1.9335051944376425,-34.174780849773256,5,4020
4020,1712,13.496873012679153,1.8171922773041496,-37.18831249091533,6,4021
4021,1712,15.576416470992145,1.7264684443817653,-39.633743091789526,7,4022
4022,1712,17.65497599441473,1.653086292089744,-41.670873028609535,8,4023
4023,1712,19.734657586416795,1.5917436367236315,-43.39532008078555,9,4024
4024,1712,21.81340815680932,1.5390581020841374,-44.86191830262087,10,4025
4025,1712,23.892533228831425,1.4926079593473862,-46.105883210230566,11,4026
4026,1712,25.972011861501915,1.4506533348826285,-47.14618168637746,12,4027
4027,1712,28.050465472790226,1.411864577835257,-47.98971973334594,13,4028
4028,1712,30.129168455113405,1.3750781970288612,-48.63422297928847,14,4029
4029,1712,32.209206485384485,1.3392236197791194,-49.06581269270198,15,4030
4030,1712,34.28830877581207,1.303244138617743,-49.25610544674461,16,4031
4031,1712,36.36689234991202,1.2658307940456122,-49.15767592337649,17,4032
4032,1712,38.44670306377629,1.2251756535810467,-48.69060249584655,18,4033
4033,1712,40.5254892407523,1.1785605877329564,-47.71931764278579,19,4034
4034,1712,42.60451061529281,1.12110713605738,-46.00028750523506,20,4035
4035,1712,44.683746495123,1.0435957919371337,-43.091755720500274,21,4036
4036,1712,46.76303576683349,0.9319481274199388,-38.42279417483812,22,4037
4037,1712,48.841840118691415,0.7922626150811818,-32.608502264873124,23,4038
4038,1712,50.92118671668803,0.6644900201946721,-27.64186787965017,24,4039
4039,1712,53.00006216127964,0.5620079259649047,-23.950633272042136,25,4040
