,particle_id,r,phi,z,layer_id,hit_id
1342,794,3.101184416893927,0.0216655544082582,-8.288425314561223,1,1343
1343,794,5.180035561954413,0.1212418856590853,-13.967176614633049,2,1344
1344,794,7.258350264872397,0.2319271586346187,-19.64316576146831,3,1345
1345,794,9.338586856735228,0.3552097219193629,-25.15942626231714,4,1346
1346,794,11.41723972604376,0.4891724168826781,-30.257031952565583,5,1347
1347,794,13.49599178495464,0.6275983251621082,-34.6660469361048,6,1348
1348,794,15.57505706363859,0.761533879864099,-38.22236779261424,7,1349
1349,794,17.65494870891719,0.8839848055744233,-40.94292793142936,8,1350
1350,794,19.734388481268105,0.9920424028769848,-42.959887147106606,9,1351
1351,794,21.81379741265333,1.086015260893326,-44.43106325725986,10,1352
1352,794,23.892747608027925,1.1675209779221576,-45.48953602393801,11,1353
1353,794,25.972347342775542,1.2385151722530872,-46.23644621227751,12,1354
1354,794,28.05143271159709,1.3007144428327424,-46.74462990173431,13,1355
1355,794,30.13007437685456,1.3556074578952482,-47.06752405534572,14,1356
1356,794,32.20842111177409,1.4044086114671013,-47.24444728087415,15,1357
1357,794,34.29005503904344,1.4481646946601598,-47.30487419130608,16,1358
1358,794,36.36785704137372,1.4875130795129394,-47.27117202769667,17,1359
1359,794,38.44825091165932,1.5232156852173249,-47.16094521206475,18,1360
1360,794,40.52725533232785,1.5557192702174316,-46.98836805615466,19,1361
1361,794,42.60555013133779,1.5854646592224024,-46.76485474454348,20,1362
1362,794,44.68569668932193,1.6128388094987915,-46.49948887908759,21,1363
1363,794,46.76276067411552,1.638072488881651,-46.20080649904735,22,1364
1364,794,48.84185036516276,1.6614763905073873,-45.87480539493102,23,1365
1365,794,50.92305131090377,1.68325557078494,-45.527195262030325,24,1366
1366,794,53.000785295029225,1.703531651053104,-45.16399755254563,25,1367
