,particle_id,r,phi,z,layer_id,hit_id
0,34,3.102452695944775,2.4187840145532804,0.4672065087765524,1,1
1,34,5.181127486809476,2.407812195461134,0.8384354158144447,2,2
2,34,7.259965183055723,2.3954063492150786,1.2658322059116005,3,3
3,34,9.339109397266842,2.381117130044561,1.761368923200877,4,4
4,34,11.416704697057918,2.3642741405983148,2.342223152890334,5,5
5,34,13.495892631434868,2.3437224666839915,3.0373053031401547,6,6
6,34,15.57552420283542,2.3173974100545127,3.895335880169181,7,7
7,34,17.655285676432086,2.2808091742959364,5.01616219617387,8,8
8,34,19.733971996939182,2.220541262687494,6.675078281152388,9,9
9,34,21.81251372690088,1.94709979073417,12.04512717415184,10,10
10,34,23.89212544333976,1.3972022676250648,18.70355583819211,11,11
11,34,25.97174545639341,1.2518583572418531,20.397041111997243,12,12
12,34,28.05089536275766,1.161693987915232,21.58534295991173,13,13
13,34,30.12966965905416,1.0995756559398218,22.53316250068721,14,14
14,34,32.2094533288276,1.055003405845432,23.33267919609094,15,15
15,34,34.28916215564263,1.0225319429003583,24.02719864542332,16,16
16,34,36.36778665280812,0.9988130310124748,24.641328658425856,17,17
17,34,38.44629803947738,0.981564116986719,25.1912413403151,18,18
18,34,40.52654603726533,0.9691441084841852,25.68832420316156,19,19
19,34,42.60455502488411,0.960347712448063,26.139747302130363,20,20
20,34,44.683636677769016,0.9542075741869572,26.55255377212096,21,21
21,34,46.76327721053773,0.9499786759420272,26.931643392415545,22,22
22,34,48.84204480408535,0.9470654015683784,27.28090277213933,23,23
23,34,50.92135228875972,0.944983755165546,27.60401554031116,24,24
24,34,53.00090916504842,0.9433433440291964,27.90379056201508,25,25
