,particle_id,r,phi,z,layer_id,hit_id
11,172,3.102709542450461,-1.4848181217275531,-0.8429852272913418,1,12
12,172,5.181307761618679,-1.4789604126775824,-1.371973554835752,2,13
13,172,7.25837232038899,-1.4734521320726153,-1.8711334099338848,3,14
14,172,9.340210696284505,-1.468267928127538,-2.3413057081820856,4,15
15,172,11.41737567877536,-1.463423817350288,-2.7798077801964443,5,16
16,172,13.496122523689122,-1.4588988314018132,-3.187537112288677,6,17
17,172,15.57631711485126,-1.4546902485260989,-3.5639630586287527,7,18
18,172,17.65456959458512,-1.4508031083518351,-3.908104894285893,8,19
19,172,19.733601449138177,-1.4472324847125395,-4.220122768762733,9,20
20,172,21.81277409640365,-1.4439824272101682,-4.499649791896687,10,21
21,172,23.894238506121383,-1.4410554416622694,-4.7467450958201205,11,22
22,172,25.973683137769005,-1.4384658328857158,-4.960807796584811,12,23
23,172,28.05251940340856,-1.4362226809178196,-5.142070604100484,13,24
24,172,30.13157302810969,-1.4343403318420471,-5.290771690848565,14,25
25,172,32.21097389585365,-1.4328387758338106,-5.407228015342669,15,26
26,172,34.290040621116475,-1.4317440996512594,-5.491929729837246,16,27
27,172,36.36716008781547,-1.4310890225258843,-5.545658242282052,17,28
28,172,38.44760806430174,-1.4309138349265185,-5.569667298447534,18,29
29,172,40.526753258311935,-1.4312727246948378,-5.565478129416041,19,30
30,172,42.60589146459422,-1.4322339545286071,-5.53537589708924,20,31
31,172,44.68344172477451,-1.4338856935598263,-5.4825705973063705,21,32
32,172,46.76346853956895,-1.4363513987758936,-5.4114079986690165,22,33
33,172,48.84205291968125,-1.439791044807801,-5.328417945078583,23,34
34,172,50.92270729585136,-1.4444438940589934,-5.242935279863524,24,35
35,172,53.00071529634327,-1.4506445626419735,-5.169703795272236,25,36
