,particle_id,r,phi,z,layer_id,hit_id
1241,598,3.100257410857601,-2.881548609460441,1.945968203936172,1,1242
1242,598,5.179267729493841,-2.8500876636921446,3.0848781195632142,2,1243
1243,598,7.260118343689992,-2.822752181284963,4.124238914242973,3,1244
1244,598,9.338818831649847,-2.7985831086016035,5.079061156060455,4,1245
1245,598,11.417570844902096,-2.7768771881455683,5.962083077733382,5,1246
1246,598,13.496318508945146,-2.757163183504295,6.7815183776085775,6,1247
1247,598,15.57619504172214,-2.7390870548395307,7.5437878524938,7,1248
1248,598,17.65512689329457,-2.7224071379756105,8.252612381650735,8,1249
1249,598,19.73393803996876,-2.706914703462824,8.9117037180418,9,1250
1250,598,21.813250370845683,-2.6924463977794098,9.523829469300772,10,1251
1251,598,23.8927808053784,-2.6788765339594307,10.090859889431492,11,1252
1252,598,25.973681585440985,-2.6660935367490057,10.614571900308192,12,1253
1253,598,28.052365258412333,-2.654031838017026,11.095238516123196,13,1254
1254,598,30.132012961126897,-2.642599106544866,11.534495501793144,14,1255
1255,598,32.21058680673096,-2.6317443247045413,11.93254585512642,15,1256
1256,598,34.28972750145104,-2.621405349877894,12.290161072542098,16,1257
1257,598,36.36846939720745,-2.611540852515346,12.60745713029378,17,1258
1258,598,38.446220278713085,-2.602112878322054,12.884540787046149,18,1259
1259,598,40.52609543596301,-2.593072153764664,13.121840883045586,19,1260
1260,598,42.60487052374682,-2.5844015567575327,13.31891001461419,20,1261
1261,598,44.68631568458433,-2.5760576864351643,13.475924847044602,21,1262
1262,598,46.76411360607751,-2.5680404827509555,13.592225261285122,22,1263
1263,598,48.84244116562219,-2.560310439286876,13.667852931493291,23,1264
1264,598,50.92223686730786,-2.552843862672467,13.702432060850398,24,1265
1265,598,53.00099662870706,-2.545630999608049,13.695490836537031,25,1266
