,particle_id,r,phi,z,layer_id,hit_id
100,138,3.10057830501208,-0.4461275463843014,0.6113373301699809,1,101
101,138,5.182274139488946,-0.4614989992178864,1.0484068498817365,2,102
102,138,7.260975610986042,-0.4767525410380783,1.5058829173042485,3,103
103,138,9.337770573566877,-0.4919131451750022,1.9837470074456287,4,104
104,138,11.417210297952684,-0.5070308367909391,2.482951537316616,5,105
105,138,13.496758572155846,-0.5221042587751239,3.002907679426976,6,106
106,138,15.577283461835078,-0.5371574273579975,3.5439210178648324,7,107
107,138,17.656067606941946,-0.5521891646831375,4.105449501175951,8,108
108,138,19.73373357836897,-0.5672233755005348,4.687910086516911,9,109
109,138,21.814093095513208,-0.5823082637097424,5.292820016941679,10,110
110,138,23.8938859803404,-0.597442333807171,5.9198403397181885,11,111
111,138,25.97302026132061,-0.6126487705461763,6.569673714748124,12,112
112,138,28.05109000135519,-0.6279505903943856,7.243117280466279,13,113
113,138,30.13054196776764,-0.6433946331736936,7.942162960763238,14,114
114,138,32.210047374655375,-0.6590032831254744,8.667870768939796,15,115
115,138,34.2878051034738,-0.6747989509892512,9.42140364417076,16,116
116,138,36.36753681988903,-0.6908511576105134,10.206364229259034,17,117
117,138,38.44591776894666,-0.7071817911947806,11.02428054541047,18,118
118,138,40.52753321314054,-0.7238827898982965,11.88043701959111,19,119
119,138,42.60686463078434,-0.7409757571703617,12.776860122572522,20,120
120,138,44.68553604801135,-0.7585519889143064,13.719520040908854,21,121
121,138,46.7629918487378,-0.77670235409809,14.71489646234982,22,122
122,138,48.84358264784564,-0.7955860093351256,15.77392975544069,23,123
123,138,50.92275177871765,-0.8153161899175975,16.905921217625046,24,124
124,138,53.00093746974464,-0.836097447249225,18.126521598564032,25,125
