,particle_id,r,phi,z,layer_id,hit_id
857,895,3.1023317558921817,-2.3136649813906147,-0.9816080500365584,1,858
858,895,5.181228296358906,-2.315128803920468,-1.5619365451568736,2,859
859,895,7.259859950125013,-2.316875070777557,-2.08075899732445,3,860
860,895,9.337919441311485,-2.3188758510513963,-2.538269304431741,4,861
861,895,11.418069694755932,-2.3211086743444715,-2.9349437904121274,5,862
862,895,13.497903063752016,-2.323547372141934,-3.269967583817201,6,863
863,895,15.575143669056786,-2.326165754304121,-3.5426274356853424,7,864
864,895,17.655409707515506,-2.3289479064586023,-3.752995023845196,8,865
865,895,19.73377805237569,-2.331863743949536,-3.8997321374969705,9,866
866,895,21.81300339107424,-2.334892081516679,-3.982171605967677,10,867
867,895,23.8929699985704,-2.3380058201004923,-3.999228300677263,11,868
868,895,25.97323067220058,-2.3411742677894303,-3.949769909029679,12,869
869,895,28.050511528705428,-2.344358226970837,-3.8328783584927,13,870
870,895,30.13074108348865,-2.347527175554089,-3.647075785174623,14,871
871,895,32.20940525623616,-2.3506274702301835,-3.3915647725256672,15,872
872,895,34.28831599501628,-2.3536057326474644,-3.0651086734781963,16,873
873,895,36.36805140850269,-2.3563941603320893,-2.666580382455461,17,874
874,895,38.44780868257864,-2.3589066286938216,-2.195267856602859,18,875
875,895,40.52527383215608,-2.3610341672505744,-1.6512320063502024,19,876
876,895,42.60423909774691,-2.3626445529918483,-1.0332809907909075,20,877
877,895,44.6834811694445,-2.3635588651710804,-0.341929092169503,21,878
878,895,46.76395647449361,-2.3635415615531388,0.4222860978230356,22,879
879,895,48.84223083340417,-2.3622756551411235,1.256129674548947,23,880
880,895,50.92099369005367,-2.3593214697702924,2.157224755196701,24,881
881,895,53.000923089580375,-2.3540514461608475,3.120395668338074,25,882
