,particle_id,r,phi,z,layer_id,hit_id
1106,1280,3.10066746073499,1.455647641547688,-2.0532180312792434,1,1107
1107,1280,5.179343409329779,1.50450875802345,-3.686324551762041,2,1108
1108,1280,7.259496180441691,1.5515156744446743,-5.50800296437054,3,1109
1109,1280,9.338367018227098,1.596254352144158,-7.496339542640733,4,1110
1110,1280,11.416758516947596,1.6385159041027364,-9.631156296588776,5,1111
1111,1280,13.497378734828253,1.6782344778720786,-11.894719060490232,6,1112
1112,1280,15.575054634795691,1.7152863211468854,-14.261570908013631,7,1113
1113,1280,17.65525303910908,1.7498117145815333,-16.719425216057807,8,1114
1114,1280,19.7341686478437,1.7818339048769691,-19.24676830486178,9,1115
1115,1280,21.813316143573267,1.8114955897895213,-21.829493043286803,10,1116
1116,1280,23.89364761111545,1.838940635986788,-24.453813584819493,11,1117
1117,1280,25.971446812927795,1.8642600355041987,-27.100480864121337,12,1118
1118,1280,28.05111022676872,1.8876453256263528,-29.760569185815704,13,1119
1119,1280,30.13041431332711,1.9092015263705944,-32.41626157483201,14,1120
1120,1280,32.20899255349813,1.9290516940751667,-35.05112202319233,15,1121
1121,1280,34.288289206983166,1.947328055758216,-37.64945166285985,16,1122
1122,1280,36.36734480533563,1.964133786790469,-40.19034783150909,17,1123
1123,1280,38.44690041810748,1.9795822807432464,-42.65217663892748,18,1124
1124,1280,40.52528649249491,1.9937675193483004,-45.00693159989209,19,1125
1125,1280,42.60433268949374,2.0068099977440528,-47.22628772363921,20,1126
1126,1280,44.685160426677925,2.0188290772188164,-49.27547306014231,21,1127
1127,1280,46.76273849425389,2.0299237472022966,-51.10791209168905,22,1128
1128,1280,48.84234322105607,2.040270916399092,-52.67952607124656,23,1129
1129,1280,50.92098357026739,2.0500341295907267,-53.93097076352928,24,1130
1130,1280,53.00134279528482,2.0594493965347174,-54.79787619383067,25,1131
