,particle_id,r,phi,z,layer_id,hit_id
931,709,3.1008189690351577,0.228089004605686,1.0281936587758125,1,932
932,709,5.179737326299328,0.2071810563275725,1.8973160809648315,2,933
933,709,7.258409645710255,0.1869720451371798,2.9535816479610943,3,934
934,709,9.33804933123168,0.1680464705364182,4.249308595721697,4,935
935,709,11.417168630720829,0.1513262163737648,5.8593301115429455,5,936
936,709,13.496819136017598,0.1383341791813892,7.908838135853674,6,937
937,709,15.575601715941884,0.1321882416906677,10.639846424924064,7,938
938,709,17.65440084416171,0.1420305299220635,14.71922139057794,8,939
939,709,19.733739335984342,1.3815396362007883,45.02260925963145,9,940
940,709,21.81325157358618,1.5886629299490165,46.03178275745658,10,941
941,709,23.8925441493694,1.7343752279468938,46.2431411001558,11,942
942,709,25.971325323710506,1.850708688690759,45.94773904941421,12,943
943,709,28.050320195248204,1.950513174686424,45.217872982942254,13,944
944,709,30.129564917811347,2.0409876304630066,44.05067820895643,14,945
945,709,32.208403021988275,2.127290333960064,42.39312833622401,15,946
946,709,34.287500698821724,2.2142788077773656,40.131920808909335,16,947
947,709,36.36671627799163,2.307899889023156,37.05563479416719,17,948
948,709,38.44600388126006,2.4177586317468536,32.75082500779388,18,949
949,709,40.52506345399446,2.563006550152871,26.33072816475037,19,950
950,709,42.60420926133678,2.7830693289159703,15.690636586312994,20,951
951,709,42.60406388389193,2.927163165676047,1.5276521742119833,20,952
952,709,42.60467102008297,2.564608666013575,-1.6311680421797874,20,953
953,709,44.683743275548906,2.4307514675227178,-1.0444876121016264,21,954
954,709,46.76382527759844,2.3436326846366327,-0.3373884832394722,22,955
955,709,48.842153830727504,2.2773272067895696,0.4253397673836971,23,956
956,709,50.922210083077175,2.223687397253628,1.2334809175247583,24,957
957,709,53.00145211063553,2.1789691008655607,2.083753906368233,25,958
