,particle_id,r,phi,z,layer_id,hit_id
988,573,3.100805545220437,2.3969599870237914,-1.9767609662534724,1,989
989,573,5.180224885076394,2.4010963396641283,-3.2311649290131754,2,990
990,573,7.259084157035499,2.4048075907851856,-4.4263982077360495,3,991
991,573,9.33835076241748,2.4081743631086217,-5.561807537159311,4,992
992,573,11.417459080834057,2.411256991923643,-6.63581423519738,5,993
993,573,13.497129808090536,2.4141053555721657,-7.647352860342778,6,994
994,573,15.576014072885055,2.4167575332376003,-8.59412199621621,7,995
995,573,17.654603173522432,2.4192476351086576,-9.474445105958983,8,996
996,573,19.73482444562804,2.421606414743679,-10.28676851266728,9,997
997,573,21.814587208729243,2.4238565696761105,-11.027495184092984,10,998
998,573,23.892289972112835,2.4260193494359337,-11.69297504755714,11,999
999,573,25.97162751106625,2.4281199760316534,-12.28061351756856,12,1000
1000,573,28.05116267500832,2.430177653371448,-12.785378458028248,13,1001
1001,573,30.13152704120624,2.4322139516424817,-13.201938158048767,14,1002
1002,573,32.21003517790389,2.434248355447612,-13.523264490623797,15,1003
1003,573,34.28769951321714,2.4363062149882184,-13.74166758965002,16,1004
1004,573,36.36825840551574,2.4384195260673063,-13.847344200614067,17,1005
1005,573,38.44764802449965,2.4406186081321968,-13.827129404875812,18,1006
1006,573,40.52688420926415,2.4429485351121003,-13.664305729230946,19,1007
1007,573,42.60475994345321,2.4454675883625216,-13.336229312063756,20,1008
1008,573,44.684156722428376,2.448266083564967,-12.809628030762582,21,1009
1009,573,46.763359030768406,2.451478799281423,-12.034436578210858,22,1010
1010,573,48.84293947076024,2.4553484254376285,-10.924883208577398,23,1011
1011,573,50.92124490787938,2.460382127199032,-9.310002784765892,24,1012
1012,573,53.00002032345812,2.468142537004343,-6.694303926304791,25,1013
