,particle_id,r,phi,z,layer_id,hit_id
1190,977,3.101438700784695,3.101212880122892,-2.998977186694617,1,1191
1191,977,5.180056981954218,-3.128763476539566,-4.955631225670743,2,1192
1192,977,7.260058763231644,-3.0858118622658792,-6.868362806024763,3,1193
1193,977,9.338757152241884,-3.0501336427257604,-8.735792635384094,4,1194
1194,977,11.418480471455274,-3.019745316582491,-10.561433893611714,5,1195
1195,977,13.496421022269084,-2.993386085802625,-12.344006672277873,6,1196
1196,977,15.575084481871198,-2.9701145460505622,-14.086458277417982,7,1197
1197,977,17.655800319443113,-2.949265431668898,-15.790174346597126,8,1198
1198,977,19.73410773005288,-2.930393688318066,-17.45146539592433,9,1199
1199,977,21.812777763742865,-2.913096161113665,-19.0721738282768,10,1200
1200,977,23.89411014746819,-2.897061031562966,-20.65318746204545,11,1201
1201,977,25.97152683907608,-2.88209883719231,-22.18833852582097,12,1202
1202,977,28.051553054386567,-2.8679626606559587,-23.68085132457077,13,1203
1203,977,30.130804009545766,-2.854506164598492,-25.12611500863106,14,1204
1204,977,32.21055196794257,-2.841569617892659,-26.522323083162377,15,1205
1205,977,34.288679127347955,-2.829025995655372,-27.86468642156108,16,1206
1206,977,36.36889167280154,-2.8167171610215105,-29.151253988178304,17,1207
1207,977,38.44753661908571,-2.804525157362668,-30.37419614841575,18,1208
1208,977,40.5268234853674,-2.792283392054222,-31.52759072616265,19,1209
1209,977,42.605487791672594,-2.77981749274976,-32.60096002364658,20,1210
1210,977,44.68438957054772,-2.7668882386460862,-33.58107379718009,21,1211
1211,977,46.764003815851325,-2.7531607820875723,-34.44778306472448,22,1212
1212,977,48.84178876644793,-2.7381272955932627,-35.167500400619666,23,1213
1213,977,50.92215693013664,-2.7207807177250887,-35.68186699558569,24,1214
1214,977,53.00083716159108,-2.698822161713501,-35.85106688579152,25,1215
