,particle_id,r,phi,z,layer_id,hit_id
2912,1494,3.1005595987892867,-0.6409186060432971,3.074166051983992,1,2913
2913,1494,5.179510637775966,-0.5943237244316971,4.847048946812399,2,2914
2914,1494,7.259054362253199,-0.5505375390911856,6.436993407318748,3,2915
2915,1494,9.33770522806154,-0.5060985524192626,7.884498714771186,4,2916
2916,1494,11.416742670967398,-0.4526788286643998,9.256763210345856,5,2917
2917,1494,13.495875802808646,-0.2976990477714093,11.093870860785042,6,2918
2918,1494,13.49582706463422,-0.1564098075155875,11.79527872989934,6,2919
2919,1494,13.495868800049884,-0.0411710681875086,12.266392341149093,6,2920
2920,1494,15.57561910639357,0.3474971711456173,14.256656723967383,7,2921
2921,1494,17.654821528196575,0.4712260163870704,15.398715827787662,8,2922
2922,1494,19.73350606607896,0.5431438147596246,16.438049925376255,9,2923
2923,1494,21.813375838231885,0.5890381127180745,17.44487447594883,10,2924
2924,1494,23.89202056091552,0.6191867346083715,18.4414166013714,11,2925
2925,1494,25.972073512941616,0.6389813961591213,19.43909324714657,12,2926
2926,1494,28.05120701192294,0.6515480256477455,20.441680726003145,13,2927
2927,1494,30.131277144926223,0.6589053845304291,21.452523290723207,14,2928
2928,1494,32.20927770820176,0.6623918537088438,22.471360094921568,15,2929
2929,1494,34.289385285354065,0.6629520978589966,23.500791395910102,16,2930
2930,1494,36.36720140510987,0.6612558397809979,24.538844163003507,17,2931
2931,1494,38.44601605386541,0.6577928479620199,25.58718469944661,18,2932
2932,1494,40.52686429384488,0.6529221166855824,26.646317080764323,19,2933
2933,1494,42.6049512220568,0.6469286168014868,27.713748794407305,20,2934
2934,1494,44.68394178966682,0.640009152929456,28.79133672831859,21,2935
2935,1494,46.7633534358792,0.632319700492577,29.87889143438239,22,2936
2936,1494,48.84314827679016,0.6239761946177482,30.976538297453526,23,2937
2937,1494,50.920933219062285,0.6150741758544681,32.083252252131835,24,2938
2938,1494,53.00199335401928,0.6056506292158083,33.202241988461466,25,2939
