,particle_id,r,phi,z,layer_id,hit_id
1332,900,3.100032009372451,0.8617505973412966,-2.81322454805181,1,1333
1333,900,5.179760471866082,0.8899619112542323,-4.727323253231354,2,1334
1334,900,7.260220725867981,0.9136396424252584,-6.693906675526773,3,1335
1335,900,9.338566963801,0.934270072920624,-8.727379931571924,4,1336
1336,900,11.4172086449551,0.9528261617301594,-10.844216615231185,5,1337
1337,900,13.497195131674308,0.969955946144565,-13.058901624222443,6,1338
1338,900,15.576025000153058,0.9861060865630976,-15.382451529954029,7,1339
1339,900,17.656355826420757,1.0016641024210249,-17.83288750438051,8,1340
1340,900,19.73535136259716,1.0169196484340115,-20.424211541054568,9,1341
1341,900,21.81454101854912,1.0321708475062576,-23.17901323036923,10,1342
1342,900,23.891711367581184,1.047690033002932,-26.119933556668173,11,1343
1343,900,25.97228111573563,1.0638376643747844,-29.28801793648388,12,1344
1344,900,28.051783297219384,1.0809668033343092,-32.72099153171369,13,1345
1345,900,30.12964404983523,1.099580475317296,-36.47852326907028,14,1346
1346,900,32.209818842040065,1.1204501265151476,-40.65730257655533,15,1347
1347,900,34.28894853863206,1.1447102759152767,-45.3906914635075,16,1348
1348,900,36.36778823502552,1.1744515566981315,-50.9207206768566,17,1349
1349,900,38.44613252410148,1.2141045900942606,-57.73009488271046,18,1350
1350,900,40.52522487827533,1.276628854553752,-67.11484691415976,19,1351
1351,900,42.60419979164226,1.4528315835746373,-86.40285861468735,20,1352
1352,900,44.68345810063652,1.7344146572729229,-104.22771136299114,21,1353
1353,900,46.76253076941265,1.816731767560381,-106.7015441650091,22,1354
1354,900,48.842335100544645,1.844158490225334,-105.71895571381404,23,1355
1355,900,50.92144659216717,1.8400381654570896,-102.44235896560792,24,1356
1356,900,53.00026441745927,1.814828622472601,-97.1462540764149,25,1357
