,particle_id,r,phi,z,layer_id,hit_id
1792,1113,3.1022439680683127,0.9451353488376312,-1.805487091225773,1,1793
1793,1113,5.180843801129055,0.9269906621281424,-3.0524827915888206,2,1794
1794,1113,7.260612893584472,0.908831332669149,-4.319738634605633,3,1795
1795,1113,9.339426625524192,0.8907024043238134,-5.598369660632921,4,1796
1796,1113,11.41885524693097,0.8726118254425779,-6.882670996475982,5,1797
1797,1113,13.498624101194034,0.8545796189649465,-8.166576011318437,6,1798
1798,1113,15.57621553153895,0.8366416632732653,-9.44328571608655,7,1799
1799,1113,17.65538884653715,0.8187766209365454,-10.710411738189109,8,1800
1800,1113,19.734586365318943,0.8010065000905777,-11.962757856636925,9,1801
1801,1113,21.81550526394564,0.7833230917860539,-13.197487290495635,10,1802
1802,1113,23.894053076791927,0.7657651464232117,-14.408689680479297,11,1803
1803,1113,25.972302039590087,0.7483169890692458,-15.594421575130838,12,1804
1804,1113,28.05249882538772,0.7309600494314437,-16.752986677110517,13,1805
1805,1113,30.130755825279508,0.7137251361633823,-17.879482418403082,14,1806
1806,1113,32.209314279990174,0.6965901487054568,-18.972592553299187,15,1807
1807,1113,34.290335731610256,0.6795323045639355,-20.0309453623496,16,1808
1808,1113,36.36957262247604,0.6625794754287865,-21.050015844584426,17,1809
1809,1113,38.44873168850298,0.6457086944612745,-22.02839904365957,18,1810
1810,1113,40.5260598754079,0.6289230436942337,-22.96304768686673,19,1811
1811,1113,42.605463894755545,0.6121775326402716,-23.853393187662974,20,1812
1812,1113,44.68403494795876,0.5954794192706525,-24.695736744914008,21,1813
1813,1113,46.76407741229789,0.5787906202315949,-25.488410560127896,22,1814
1814,1113,48.84372539058099,0.5621023737100677,-26.227832505570987,23,1815
1815,1113,50.92261502295731,0.5453885489511145,-26.91071794351745,24,1816
1816,1113,53.001219928046105,0.5286092929300119,-27.53353594231121,25,1817
