,particle_id,r,phi,z,layer_id,hit_id
3086,1618,3.100930469822849,-2.9980719851720297,2.3520670264786148,1,3087
3087,1618,5.179431806532813,-2.995259052292773,3.9460639898678593,2,3088
3088,1618,7.258904726931135,-2.99234722796477,5.554800958722467,3,3089
3089,1618,9.338785190262271,-2.989311570060912,7.177800203027132,4,3090
3090,1618,11.41832226930137,-2.986125887978585,8.814378191078937,5,3091
3091,1618,13.496536519742104,-2.9827624207155026,10.463598486584203,6,3092
3092,1618,15.575344647849924,-2.9791858816318904,12.126764759463924,7,3093
3093,1618,17.65614575727558,-2.9753575146540308,13.804736354249542,8,3094
3094,1618,19.7336195939395,-2.971246917815695,15.49283404787512,9,3095
3095,1618,21.81420754055732,-2.966795155144581,17.195798767425828,10,3096
3096,1618,23.89430649479525,-2.9619558205891745,18.910069365932,11,3097
3097,1618,25.972576764696846,-2.9566701204100845,20.633704386943748,12,3098
3098,1618,28.052249786539235,-2.950855701605477,22.368325517455705,13,3099
3099,1618,30.129510849085445,-2.9444344422540194,24.10938143994172,14,3100
3100,1618,32.20963546985672,-2.937280847909772,25.859519878160096,15,3101
3101,1618,34.28768680584987,-2.9292766138356363,27.612260098325187,16,3102
3102,1618,36.36859060046021,-2.920232037706361,29.36865583544505,17,3103
3103,1618,38.44641035879056,-2.9099551153107783,31.119521598260576,18,3104
3104,1618,40.52669939292787,-2.898133175992382,32.863804952444255,19,3105
3105,1618,42.60432347559527,-2.8844136962605207,34.58918935306281,20,3106
3106,1618,44.684197190514446,-2.8682397560347552,36.28824972618867,21,3107
3107,1618,46.76329877325782,-2.8488916551339343,37.9415069887241,22,3108
3108,1618,48.84261184972684,-2.825287285301268,39.52393505658716,23,3109
3109,1618,50.92144741328804,-2.7958434341343588,40.994652411447575,24,3110
3110,1618,53.00001443225533,-2.758204273013756,42.29002368713802,25,3111
