,particle_id,r,phi,z,layer_id,hit_id
1076,1071,3.1015589394229,-1.0593641627418906,1.1847955456777512,1,1077
1077,1071,5.179302800421249,-1.068952764527966,1.9902644902078368,2,1078
1078,1071,7.261616610791049,-1.0784955145893893,2.807180316905095,3,1079
1079,1071,9.33789525266966,-1.0879439967280928,3.6315484886891536,4,1080
1080,1071,11.417186996478378,-1.0973397104101137,4.467121820004884,5,1081
1081,1071,13.49871019858896,-1.106679118323241,5.313812612851283,6,1082
1082,1071,15.57672799025148,-1.115936857756935,6.169473621562567,7,1083
1083,1071,17.65535786199892,-1.1251318001418074,7.035982885075935,8,1084
1084,1071,19.73376838479264,-1.1342607149842838,7.913211027932871,9,1085
1085,1071,21.8160415567361,-1.1433419069227635,8.803135825985002,10,1086
1086,1071,23.896364355803403,-1.1523505633327602,9.703527657910296,11,1087
1087,1071,25.973842000880047,-1.1612837413401702,10.614213875373911,12,1088
1088,1071,28.05246943491075,-1.1701594937550082,11.53720187430309,13,1089
1089,1071,30.131277050733104,-1.178974507680062,12.472361573801882,14,1090
1090,1071,32.20926279138504,-1.1877255423434334,13.419546737179214,15,1091
1091,1071,34.29025683405376,-1.196429711572382,14.38085747691939,16,1092
1092,1071,36.36828813435733,-1.2050632171468951,15.353896729282448,17,1093
1093,1071,38.447072609644486,-1.2136428751641712,16.340774325855516,18,1094
1094,1071,40.52539643477222,-1.2221650595630722,17.341340950933205,19,1095
1095,1071,42.606768386348286,-1.230645572274013,18.35777484543652,20,1096
1096,1071,44.6850466420072,-1.239061032137051,19.38758098352672,21,1097
1097,1071,46.763570976578265,-1.2474268467606655,20.43293607329335,22,1098
1098,1071,48.8454873195047,-1.2557574726568923,21.49607091983934,23,1099
1099,1071,50.92445477007586,-1.2640296062752543,22.57442140022517,24,1100
1100,1071,53.00339369932093,-1.2722572259942744,23.670204394042536,25,1101
