,particle_id,r,phi,z,layer_id,hit_id
1352,1063,3.1022100430768376,-1.6755263263037696,-2.232176378712957,1,1353
1353,1063,5.181137238898427,-1.673231655531878,-3.612000817010074,2,1354
1354,1063,7.259722858436488,-1.671186694469805,-4.902154059455295,3,1355
1355,1063,9.337729932444343,-1.669388150271298,-6.104967840041262,4,1356
1356,1063,11.418380263642872,-1.6678313297297578,-7.224081387266406,5,1357
1357,1063,13.496999933794616,-1.6665185752992473,-8.25840650580875,6,1358
1358,1063,15.577722140077864,-1.6654469934715002,-9.211078173454773,7,1359
1359,1063,17.65643872268758,-1.6646193869427095,-10.080947500573782,8,1360
1360,1063,19.73495772455062,-1.664036313493669,-10.86932071665758,9,1361
1361,1063,21.81527399491988,-1.6637002150835198,-11.576976378702252,10,1362
1362,1063,23.893652690336847,-1.6636155237025672,-12.20246953728083,11,1363
1363,1063,25.97219984484863,-1.6637869346149123,-12.746054056408507,12,1364
1364,1063,28.0500951932198,-1.6642207790167398,-13.206748915596323,13,1365
1365,1063,30.12934607900862,-1.664925672200389,-13.583831790801655,14,1366
1366,1063,32.208920309801115,-1.6659114470120493,-13.875532520597208,15,1367
1367,1063,34.28762517361806,-1.6671893272773846,-14.079848117038969,16,1368
1368,1063,36.36689491337958,-1.6687744040186916,-14.194637305289522,17,1369
1369,1063,38.447806619866114,-1.6706850514557336,-14.217025656968094,18,1370
1370,1063,40.52551643561502,-1.6729367298935636,-14.143727981856484,19,1371
1371,1063,42.60582306085154,-1.6755597113760303,-13.970605942824744,20,1372
1372,1063,44.685666185811385,-1.6785794169170232,-13.693049814116886,21,1373
1373,1063,46.76416376394384,-1.6820282041408694,-13.305749984395714,22,1374
1374,1063,48.842303522374486,-1.6859478977268,-12.80209211083886,23,1375
1375,1063,50.92256212801201,-1.6903925501979329,-12.173559666126405,24,1376
1376,1063,53.001338829575744,-1.6954132118787106,-11.412002692001142,25,1377
