,particle_id,r,phi,z,layer_id,hit_id
768,429,3.100664128923724,0.3696501297523343,-0.1196512168842645,1,769
769,429,5.179454810237463,0.3232226992710214,-0.4443452437197379,2,770
770,429,7.258981295337377,0.290249695055613,-0.8688059453763302,3,771
771,429,9.339226756105106,0.2660174124193341,-1.3567779557871449,4,772
772,429,11.418523838365736,0.2478788066671575,-1.8875222663942,5,773
773,429,13.496657924556835,0.2341982032585021,-2.448614623181584,6,774
774,429,15.575258782431629,0.2239041571705163,-3.0325929417387485,7,775
775,429,17.655432875737432,0.2162741157399212,-3.634528190142284,8,776
776,429,19.734592393591065,0.210808720515418,-4.250058362958718,9,777
777,429,21.81363104605132,0.2071335112667565,-4.876910725317423,10,778
778,429,23.893758929939967,0.2049725745938812,-5.513687730467424,11,779
779,429,25.97317059900784,0.2041210632483722,-6.158616852694728,12,780
780,429,28.051187311624133,0.2044201476924736,-6.81066810395869,13,781
781,429,30.13035369215121,0.2057506263804605,-7.4701621450796765,14,782
782,429,32.208624395708966,0.2080218712376595,-8.13625560763068,15,783
783,429,34.28884123484847,0.2111726306308095,-8.809924319556671,16,784
784,429,36.368467826675165,0.2151561864104994,-9.490666372337769,17,785
785,429,38.44662167483702,0.219945673007916,-10.178765299653268,18,786
786,429,40.52585039197549,0.2255425528962016,-10.875960578188543,19,787
787,429,42.60421100918008,0.2319590878550048,-11.58289268243034,20,788
788,429,44.68367947202256,0.2392446673952396,-12.302051900437458,21,789
789,429,46.76383960728041,0.2474758673887099,-13.035873281528612,22,790
790,429,48.8420422147886,0.2567662621336731,-13.787093934926403,23,791
791,429,50.921499953977154,0.2673298884643965,-14.562375335919407,24,792
792,429,53.00086264058488,0.2794912997715612,-15.369965244403168,25,793
