,particle_id,r,phi,z,layer_id,hit_id
1736,1224,3.100143680812364,-0.6299329610354071,0.2860043425369163,1,1737
1737,1224,5.179615361530037,-0.8843985879772004,-0.7011045775855749,2,1738
1738,1224,7.2585629667557825,-1.1775167712963874,-2.793748252927566,3,1739
1739,1224,9.338523286405314,-1.4006629990430146,-5.143049782088003,4,1740
1740,1224,11.417427609368923,-1.5566688207107549,-7.402652977589666,5,1741
1741,1224,13.496157944677682,-1.6700976940860977,-9.552677987416155,6,1742
1742,1224,15.575589958145308,-1.7565685701729832,-11.615939742232063,7,1743
1743,1224,17.65451453299221,-1.825050158665564,-13.61109397407466,8,1744
1744,1224,19.73376437644385,-1.8809981649201133,-15.553307654812878,9,1745
1745,1224,21.812975870390257,-1.9278342525396184,-17.45236591490055,10,1746
1746,1224,23.89346652219306,-1.9678593807181275,-19.316646883959507,11,1747
1747,1224,25.970967347546544,-2.0025686875064674,-21.14750038760885,12,1748
1748,1224,28.050054620496816,-2.03316286922532,-22.9525783302942,13,1749
1749,1224,30.13074166672877,-2.0604540106646745,-24.7341696593835,14,1750
1750,1224,32.20897938491008,-2.085006624799274,-26.49004155226224,15,1751
1751,1224,34.28801028780926,-2.107333280523572,-28.22307227053862,16,1752
1752,1224,36.36771042616277,-2.127796773636185,-29.932033613148853,17,1753
1753,1224,38.446255912190935,-2.146668310109714,-31.61291078314258,18,1754
1754,1224,40.52577094180016,-2.1641967815589016,-33.26312672742914,19,1755
1755,1224,42.60437609344717,-2.180549268725201,-34.87462014505364,20,1756
1756,1224,44.683936524580375,-2.195886270863792,-36.439306664815405,21,1757
1757,1224,46.76289828816886,-2.210311060209237,-37.94265211892806,22,1758
1758,1224,48.84253713328267,-2.223921319603681,-39.36738092596141,23,1759
1759,1224,50.921276814793046,-2.2367734146035283,-40.68846384005505,24,1760
1760,1224,53.00013485416108,-2.2489225724129134,-41.87644533574408,25,1761
