,particle_id,r,phi,z,layer_id,hit_id
158,304,3.1001626803170894,2.7126524278571846,-1.0763040129253767,1,159
159,304,5.179517348955324,2.691249320408884,-2.0640809060057634,2,160
160,304,7.259465265581686,2.6733750163528898,-3.1498393930880724,3,161
161,304,9.337903177887377,2.658327694675563,-4.274957780839273,4,162
162,304,11.416820163678302,2.6455280149827125,-5.404034818229334,5,163
163,304,13.496451360836286,2.634537181848585,-6.51364443784292,6,164
164,304,15.576604247622296,2.625013758214265,-7.5882276747247985,7,165
165,304,17.654930404104146,2.6166961344687465,-8.616420551860735,8,166
166,304,19.734506080768444,2.60935564800147,-9.59301565336296,9,167
167,304,21.81453479975564,2.6028225220635623,-10.513121853520268,10,168
168,304,23.89382683272668,2.59695897384753,-11.373328798688275,11,169
169,304,25.97278902343601,2.5916471183101453,-12.172020258952545,12,170
170,304,28.050723709299675,2.586791617371632,-12.907891458257168,13,171
171,304,30.130600996265155,2.5823044614250352,-13.581360221436364,14,172
172,304,32.20859980130936,2.578124719665813,-14.190941975027464,15,173
173,304,34.28941374812198,2.574183435923462,-14.737964022531571,16,174
174,304,36.36775645164038,2.570438677446446,-15.22117396286081,17,175
175,304,38.44678177530767,2.5668385742708075,-15.641643979570604,18,176
176,304,40.5274054412066,2.563340599877272,-15.999778388470546,19,177
177,304,42.60531909851247,2.559914578583699,-16.295244739929828,20,178
178,304,44.68470742022185,2.5565191223480754,-16.52906986723074,21,179
179,304,46.76441517351793,2.553123915374942,-16.701424217018626,22,180
180,304,48.84338269421392,2.5497000185572607,-16.81261441595869,23,181
181,304,50.9233944054366,2.546214802754189,-16.86308947187279,24,182
182,304,53.00068079164814,2.5426455227981086,-16.85318751313688,25,183
