,particle_id,r,phi,z,layer_id,hit_id
1485,739,3.1007959816286337,1.0869392950826586,0.3723875985287321,1,1486
1486,739,5.179400818232465,1.04054745248294,0.4314388150516492,2,1487
1487,739,7.259181864335579,0.9783518073048428,0.4687074611932331,3,1488
1488,739,9.33838627480243,0.906875053512654,0.5385868179736875,4,1489
1489,739,11.417739538758578,0.8299876775076374,0.6728591317251613,5,1490
1490,739,13.496100128864812,0.7503719731229486,0.8896330358624525,6,1491
1491,739,15.575333802398704,0.6698254993837712,1.1982970266047488,7,1492
1492,739,17.654446720943827,0.5896861287802115,1.6018727381013775,8,1493
1493,739,19.734482471451805,0.5107627247220622,2.09990164072655,9,1494
1494,739,21.813481303844203,0.4336241815946772,2.689062452198492,10,1495
1495,739,23.892805289720105,0.3584502151915356,3.365918417479272,11,1496
1496,739,25.97156009368357,0.2853190649390977,4.12621106676125,12,1497
1497,739,28.05077468274929,0.2141190027463671,4.966592188634259,13,1498
1498,739,30.13043365899209,0.1447019347912563,5.883803490184739,14,1499
1499,739,32.20924259008131,0.0769193727660466,6.874400324624563,15,1500
1500,739,34.28892917344452,0.0105041303394546,7.936760701488151,16,1501
1501,739,36.36785370336185,-0.0547087393762334,9.067928058559282,17,1502
1502,739,38.44656166884632,-0.1189551272284739,10.266248848763,18,1503
1503,739,40.52552066576498,-0.1824680072198587,11.530221958414533,19,1504
1504,739,42.60547317080557,-0.2454951037542129,12.85863529929274,20,1505
1505,739,44.68441533324085,-0.308223069911956,14.248483401785432,21,1506
1506,739,46.76327492539667,-0.3709778499469452,15.69857623391125,22,1507
1507,739,48.84194813654944,-0.4341601782467638,17.20699721084538,23,1508
1508,739,50.92183370149054,-0.4984419268651693,18.77277001419137,24,1509
1509,739,53.00060848257764,-0.5648983874310851,20.3913158975632,25,1510
