,particle_id,r,phi,z,layer_id,hit_id
820,1085,3.100106307443496,0.0949542660552245,-0.3574596348314429,1,821
821,1085,5.179405447053012,0.3939606719860269,-0.0904389165065993,2,822
822,1085,5.179051912532225,0.8653825810055824,4.214243005770221,2,823
823,1085,5.179868977487212,2.5122528964396142,11.305090612808556,2,824
824,1085,7.259839615189658,2.783273678424804,13.322054556188665,3,825
825,1085,9.33864266531267,2.916172494534334,15.011189689252156,4,826
826,1085,11.4183773923611,2.996719923738949,16.55946334667556,5,827
827,1085,13.49654362221993,3.0506363203662583,18.020690976868536,6,828
828,1085,15.575048396340344,3.0889588565762534,19.4215710895201,7,829
829,1085,17.656315932710847,3.117257341485544,20.77773062745664,8,830
830,1085,19.734380294999987,3.1385918467126683,22.094202378672843,9,831
831,1085,21.81287873364313,-3.128254569897372,23.379468726653243,10,832
832,1085,23.89206531089037,-3.115670586814383,24.638094728768536,11,833
833,1085,25.97247791920013,-3.105999244804285,25.873729477181406,12,834
834,1085,28.050840450953967,-3.098660797600439,27.087060417198035,13,835
835,1085,30.13161232820282,-3.093209411542877,28.282777938174853,14,836
836,1085,32.21127836333761,-3.08933608696258,29.460539728462454,15,837
837,1085,34.290327518039255,-3.0867952026686325,30.622032959457925,16,838
838,1085,36.36678498704484,-3.085398981842008,31.76733368179393,17,839
839,1085,38.44585454053691,-3.0849969016762526,32.90025753850581,18,840
840,1085,40.52674243595255,-3.085475074420539,34.02110953044927,19,841
841,1085,42.60563556037528,-3.0867382330261326,35.12847685227436,20,842
842,1085,44.685703722176335,-3.08871116444906,36.22457124836496,21,843
843,1085,46.76364668145491,-3.091327480960409,37.30806687442141,22,844
844,1085,48.84311682206247,-3.094539586209243,38.38117871890493,23,845
845,1085,50.92114612238023,-3.0982997738849747,39.442587711315056,24,846
846,1085,53.00165868415785,-3.1025793641864783,40.494417038180586,25,847
