,particle_id,r,phi,z,layer_id,hit_id
641,732,3.100360650396848,-0.1617010067647716,1.7503681139958758,1,642
642,732,5.180982957340228,-0.149365489651832,2.9219542271384142,2,643
643,732,7.259907181840897,-0.1403871542927273,4.0920175503758855,3,644
644,732,9.338720295966503,-0.1331265523435624,5.261706278037082,4,645
645,732,11.417221808291943,-0.1268962729854095,6.4309812631232575,5,646
646,732,13.497286539626554,-0.1213391388792826,7.600919680506827,6,647
647,732,15.575130629482304,-0.1162616891818929,8.769403252979245,7,648
648,732,17.656774470769747,-0.1115218377181684,9.93982759558586,8,649
649,732,19.73564659289244,-0.1070494818364626,11.108513189897934,9,650
650,732,21.813312220002608,-0.1027807749473515,12.276362986015542,10,651
651,732,23.892439924537545,-0.0986667003687723,13.444907071598998,11,652
652,732,25.971949875195342,-0.0946767437625899,14.613576221787604,12,653
653,732,28.05293233677596,-0.0907834643512555,15.783028606988765,13,654
654,732,30.130727748447047,-0.0869752232930314,16.95069876559804,14,655
655,732,32.20944894096024,-0.0832279140889639,18.11895849963528,15,656
656,732,34.2907306324035,-0.0795250825731605,19.288794863837985,16,657
657,732,36.36906597411691,-0.0758649747801308,20.4571882024034,17,658
658,732,38.44755262621733,-0.072232133365223,21.625962857431904,18,659
659,732,40.52590679041244,-0.0686183649207482,22.79505051541953,19,660
660,732,42.60431943213391,-0.065015597576481,23.964658138763152,20,661
661,732,44.68339954677286,-0.0614157746236571,25.13523701904372,21,662
662,732,46.76411967199627,-0.0578107688029763,26.307453454072288,22,663
663,732,48.843366578065634,-0.0541999602435233,27.47968112209471,23,664
664,732,50.92258085929823,-0.0505751676290413,28.65286924551112,24,665
665,732,53.00344562718775,-0.0469279755921845,29.828118137539903,25,666
