,particle_id,r,phi,z,layer_id,hit_id
377,411,3.101083113117081,-2.464040854530864,-0.2564424729542907,1,378
378,411,5.17944977272257,-2.4293654647239995,-0.326247743514628,2,379
379,411,7.259487267149387,-2.3933371851672427,-0.3067221659707684,3,380
380,411,9.339832970758936,-2.355980484126896,-0.1917323944193754,4,381
381,411,11.417243651233544,-2.3173838400536546,0.0238188482699541,5,382
382,411,13.4972331358008,-2.277503150406964,0.3451118894475939,6,383
383,411,15.575545765671606,-2.236511759458885,0.7750547508435659,7,384
384,411,17.65662505238171,-2.194451253720982,1.3167194408585203,8,385
385,411,19.73522049270903,-2.1515949040073883,1.969131814872341,9,386
386,411,21.81445107338893,-2.1080810578537976,2.731625072581579,10,387
387,411,23.89255236419081,-2.0641754832711934,3.600106069528877,11,388
388,411,25.97300341811897,-2.020050679796225,4.570898099925074,12,389
389,411,28.051136230638697,-1.976056972137904,5.635049311313736,13,390
390,411,30.129546302583098,-1.932383210231056,6.785788539923992,14,391
391,411,32.210091987630925,-1.889216387138472,8.015572410392537,15,392
392,411,34.288161086159555,-1.8468494377320064,9.312647625409454,16,393
393,411,36.369013769236616,-1.8053393744123,10.671402611791478,17,394
394,411,38.44852213691032,-1.7648974381126608,12.080745438088924,18,395
395,411,40.52706511390652,-1.7256068063767167,13.533081491123305,19,396
396,411,42.60711073453351,-1.6874806781942562,15.023211449871354,20,397
397,411,44.68442025406136,-1.6506261071249917,16.542031589723827,21,398
398,411,46.76311755001682,-1.614974879195478,18.08738561637309,22,399
399,411,48.84396625066044,-1.58050349054656,19.65561105002436,23,400
400,411,50.92096771869261,-1.54728098909163,21.23866398792565,24,401
401,411,53.00050609307087,-1.5151637155556918,22.8386041818452,25,402
