,particle_id,r,phi,z,layer_id,hit_id
3032,1477,3.100408950536928,-0.4263325569647781,2.9982974120193724,1,3033
3033,1477,5.179443840450774,-0.5361037253522695,5.368830838964607,2,3034
3034,1477,7.258443620707329,-0.6533953267217628,8.44075886246752,3,3035
3035,1477,9.337876042539758,-0.7989877352713164,12.586723221966585,4,3036
3036,1477,11.416728921243225,-0.9989295473817874,18.18121225346492,5,3037
3037,1477,13.496161213526348,-1.253396963008103,24.672358040917647,6,3038
3038,1477,15.575032161460827,-1.4923302440334971,30.218836154817087,7,3039
3039,1477,17.65447304884081,-1.6774194403282343,34.314123925389495,8,3040
3040,1477,19.733804331790424,-1.8180434426305043,37.38009477271623,9,3041
3041,1477,21.81322990121476,-1.927732492285672,39.7620305168149,10,3042
3042,1477,23.89208196212694,-2.0156035168780746,41.657599258732986,11,3043
3043,1477,25.97223326231471,-2.087531148112968,43.182565139372414,12,3044
3044,1477,28.051321626931884,-2.147173336238338,44.40373902281711,13,3045
3045,1477,30.12953773658547,-2.1970034800438207,45.36392477469252,14,3046
3046,1477,32.20941001561865,-2.238663760649552,46.09002457087075,15,3047
3047,1477,34.28775144236679,-2.2730167016018474,46.59558415280354,16,3048
3048,1477,36.3678610463457,-2.30042221381998,46.88788498568292,17,3049
3049,1477,38.446303851401645,-2.320336183201599,46.96742439003283,18,3050
3050,1477,40.52580808306488,-2.330777404862495,46.83668396571412,19,3051
3051,1477,42.60421345628234,-2.3255738235708274,46.53593523642949,20,3052
3052,1477,44.68354795784144,-2.280613099520105,46.47636885771351,21,3053
3053,1477,46.762825477032514,-2.13313931730849,50.0724458951499,22,3054
3054,1477,48.8419213989357,-2.0142410226758183,56.744585390034445,23,3055
3055,1477,50.9213750186052,-1.9469163624060508,63.36837962566848,24,3056
3056,1477,53.00005806447878,-1.9065897301707249,69.94796816273399,25,3057
