,particle_id,r,phi,z,layer_id,hit_id
2017,868,3.1026430192064143,2.579030505032485,-0.7144629138853809,1,2018
2018,868,5.180374156406352,2.5985707721413864,-1.1514028334904332,2,2019
2019,868,7.260739208401466,2.617619261652756,-1.556215352555892,3,2020
2020,868,9.340331094882398,2.6361671280476733,-1.9287976348314613,4,2021
2021,868,11.418494283384543,2.65423269738497,-2.26968970768656,5,2022
2022,868,13.497228649131843,2.67185711421347,-2.5798384938411303,6,2023
2023,868,15.575055465099227,2.689051254399258,-2.859614809068738,7,2024
2024,868,17.65591055087688,2.7058700700904983,-3.11006675032354,8,2025
2025,868,19.734198217159403,2.722290719773125,-3.3310500264819005,9,2026
2026,868,21.815259613430307,2.7383772895187937,-3.5236419246069737,10,2027
2027,868,23.89196461742851,2.7540961870013567,-3.6877019688697352,11,2028
2028,868,25.97289892478956,2.769532679745206,-3.824377565286003,12,2029
2029,868,28.05111132915407,2.784653946884359,-3.933635530890484,13,2030
2030,868,30.131236143191384,2.799511518174947,-4.016193184961303,14,2031
2031,868,32.20987544773586,2.8140966471907647,-4.072396416800469,15,2032
2032,868,34.28779541546216,2.828427796493137,-4.10287643567488,16,2033
2033,868,36.36770016165615,2.8425315260917503,-4.108384965024847,17,2034
2034,868,38.44726873797253,2.8563924126974185,-4.089946283105327,18,2035
2035,868,40.52668677592785,2.869999004283911,-4.049258580036074,19,2036
2036,868,42.60540222574315,2.8833094456272,-3.98930861108186,20,2037
2037,868,44.68370853025969,2.8962332382400136,-3.9158220302756974,21,2038
2038,868,46.76284670786897,2.90855301878772,-3.8412619018798,22,2039
2039,868,48.84180559080403,2.919631248349553,-3.799019223192669,23,2040
2040,868,50.92092322674433,2.926799068522135,-3.926434888692512,24,2041
2041,868,53.00002954036909,2.7133526813304347,-18.17669140209528,25,2042
