,particle_id,r,phi,z,layer_id,hit_id
1470,852,3.1014937592064955,1.6550960891288613,3.640181979300929,1,1471
1471,852,5.179276807561811,1.633375973758712,6.046306350984236,2,1472
1472,852,7.259658187814695,1.6107317385883,8.425830963140033,3,1473
1473,852,9.339021816625245,1.587217521164025,10.771098013802622,4,1474
1474,852,11.417104250711551,1.5628685707862715,13.07797329026007,5,1475
1475,852,13.496841186577058,1.5376975921477023,15.345485802869549,6,1476
1476,852,15.576162820724653,1.5117935625851295,17.566909938848184,7,1477
1477,852,17.656155611370263,1.4852247558693754,19.738892062844048,8,1478
1478,852,19.735584287161043,1.458104957913455,21.855725755486183,9,1479
1479,852,21.81350122464925,1.4305591561674884,23.91238654820077,10,1480
1480,852,23.89171136743257,1.4026861563993307,25.907006458163387,11,1481
1481,852,25.971962243992625,1.3745910424835497,27.838029393848068,12,1482
1482,852,28.050643405678745,1.3464534741965462,29.699653772183275,13,1483
1483,852,30.13161619541999,1.3183497104293032,31.493640978105944,14,1484
1484,852,32.21054784856852,1.2904598538906176,33.215374089889444,15,1485
1485,852,34.28772121346368,1.2628906334528285,34.86517365096108,16,1486
1486,852,36.36786321954045,1.2356779220302156,36.44731727567358,17,1487
1487,852,38.44729539649609,1.208954482153029,37.96006830491599,18,1488
1488,852,40.52666824549198,1.182780753785898,39.40558143404164,19,1489
1489,852,42.60578641809995,1.1572134474988467,40.78571381343559,20,1490
1490,852,44.68357142197393,1.1323057116752109,42.10199888100009,21,1491
1491,852,46.76294192722049,1.1080509016032936,43.358517270871616,22,1492
1492,852,48.84318727824683,1.0844759828777928,44.556914223855244,23,1493
1493,852,50.922395081190665,1.061611000083016,45.69808411941167,24,1494
1494,852,53.00201157832395,1.0394409365748605,46.78450706619906,25,1495
