,particle_id,r,phi,z,layer_id,hit_id
530,698,3.100648896552991,-0.8722855849347708,-7.288268838137489,1,531
531,698,5.180121852456395,-0.6989741901072717,-10.831295610603425,2,532
532,698,7.258588638825163,-0.5583330399390858,-13.350351010995704,3,533
533,698,9.338599304560374,-0.4448670720965669,-15.083910722197023,4,534
534,698,11.418234063259634,-0.3518295923741798,-16.23057928184595,5,535
535,698,13.495936668388564,-0.2738144728839168,-16.93295116731254,6,536
536,698,15.576213085264309,-0.2067729883248165,-17.291109646421344,7,537
537,698,17.654629492708388,-0.1481325484077834,-17.373787935543856,8,538
538,698,19.73406186464048,-0.095879668196659,-17.23213942321923,9,539
539,698,21.8144206204676,-0.0486348852375988,-16.904345000162078,10,540
540,698,23.891797195381063,-0.0054586090583799,-16.421343258543732,11,541
541,698,25.97308818107934,0.034557123737888,-15.805751842837912,12,542
542,698,28.051834703382955,0.0718697046411507,-15.07955973676449,13,543
543,698,30.13081007961699,0.1069863468464021,-14.259240401026316,14,544
544,698,32.20974087560453,0.1402576741538102,-13.359973404921217,15,545
545,698,34.289771829820786,0.1719832209719992,-12.394682296464806,16,546
546,698,36.36789592382361,0.2023443477172729,-11.377032411698533,17,547
547,698,38.447292811150206,0.2315711250434466,-10.316776217638369,18,548
548,698,40.5265475389464,0.2597916161548613,-9.225133935530032,19,549
549,698,42.60476874210862,0.2871162691371217,-8.112516916698256,20,550
550,698,44.68435354543222,0.313676448760984,-6.98705564142419,21,551
551,698,46.76533936785037,0.3395537167481676,-5.857707574844985,22,552
552,698,48.84230716655646,0.3647502068059177,-4.736017714207215,23,553
553,698,50.92154716294555,0.3893996846140011,-3.626843214707328,24,554
554,698,53.000962061913846,0.4135235233294689,-2.5392755621235463,25,555
