,particle_id,r,phi,z,layer_id,hit_id
1148,969,3.1008375459813595,-2.6810325356998064,-0.1549383956772341,1,1149
1149,969,5.182133000144554,-2.6915697779448458,-0.2093812958874314,2,1150
1150,969,7.258548782569198,-2.7018938144907634,-0.2250931836396827,3,1151
1151,969,9.33912352266984,-2.7120697998079115,-0.2030930077938197,4,1152
1152,969,11.418640196532865,-2.722092357074284,-0.1442897292916853,5,1153
1153,969,13.498914787195456,-2.731991288599344,-0.0495802660885669,6,1154
1154,969,15.57812036501686,-2.7417795112196406,0.0800093230848837,7,1155
1155,969,17.654342644955694,-2.751470538424718,0.2433357107700668,8,1156
1156,969,19.736206408026685,-2.761127610686358,0.4402324782109175,9,1157
1157,969,21.81445199661883,-2.770731817017525,0.6689832528034967,10,1158
1158,969,23.89385467387661,-2.7803306595709585,0.9291914950075316,11,1159
1159,969,25.97194387314984,-2.7899395538354006,1.219709304185527,12,1160
1160,969,28.053029936087366,-2.799607122036544,1.5403721867884728,13,1161
1161,969,30.13074995034842,-2.809334569829405,1.8894265994300967,14,1162
1162,969,32.208878506623314,-2.8191727842991203,2.2667220662589123,15,1163
1163,969,34.290710815701395,-2.8291743524545847,2.672262716428371,16,1164
1164,969,36.369044204560026,-2.839345188308936,3.104025619232352,17,1165
1165,969,38.44638296680564,-2.8497421366997706,3.561880458637567,18,1166
1166,969,40.52774362057543,-2.8604420277208646,4.0464934834630935,19,1167
1167,969,42.60455710054922,-2.871459127959015,4.555441875081952,20,1168
1168,969,44.68346550264492,-2.88289577416976,5.089981052288698,21,1169
1169,969,46.76356724719169,-2.894827535502785,5.649718834970596,22,1170
1170,969,48.84280138964519,-2.9073374507317102,6.234016946732549,23,1171
1171,969,50.92342539379064,-2.920554083333649,6.84359086250209,24,1172
1172,969,53.00006029170126,-2.934582832132824,7.477093447624741,25,1173
