,particle_id,r,phi,z,layer_id,hit_id
2160,1408,3.103221065128411,0.0804917531297027,0.5517254552988327,1,2161
2161,1408,5.182348102350311,0.0705815444355414,0.9200968343854043,2,2162
2162,1408,7.258828331269791,0.0606069737084226,1.2859002622935023,3,2163
2163,1408,9.341034981290925,0.0505237682834846,1.649753113505806,4,2164
2164,1408,11.419702371121945,0.0403729245814851,2.0092347900991534,5,2165
2165,1408,13.496280927035716,0.0301440156491574,2.3638633023372577,6,2166
2166,1408,15.575932616441776,0.0198078270173457,2.713807717573083,7,2167
2167,1408,17.656680165214976,0.0093700635789892,3.0580423402916104,8,2168
2168,1408,19.73654229685392,-0.0011633956558781,3.395588361423528,9,2169
2169,1408,21.813530537682063,-0.0117865328652051,3.7255139689038543,10,2170
2170,1408,23.89287393694477,-0.0225307709703325,4.048041272222758,11,2171
2171,1408,25.97251473501201,-0.0333909066054522,4.362235327947847,12,2172
2172,1408,28.05033463759252,-0.0443615906161809,4.667190422352373,13,2173
2173,1408,30.13131043768633,-0.0554758344799374,4.96303193610478,14,2174
2174,1408,32.209514352220154,-0.0667095552804649,5.248312740042632,15,2175
2175,1408,34.28960209350399,-0.0780965121126971,5.523063334704609,16,2176
2176,1408,36.36888532631001,-0.0896321377498192,5.786285401808353,17,2177
2177,1408,38.44799152484151,-0.1013314868162647,6.037403557845227,18,2178
2178,1408,40.52723005417419,-0.1132099692402713,6.275754925316704,19,2179
2179,1408,42.60653369767975,-0.1252833290444065,6.500580093185803,20,2180
2180,1408,44.68539498261697,-0.1375676379084443,6.711015229583442,21,2181
2181,1408,46.76279670592063,-0.1500793074073088,6.906085563701062,22,2182
2182,1408,48.84360789198615,-0.1628753652445786,7.085231395265035,23,2183
2183,1408,50.92198390637122,-0.1759532174817623,7.246813940312053,24,2184
2184,1408,53.00080980067074,-0.1893712362092994,7.389791602225635,25,2185
