,particle_id,r,phi,z,layer_id,hit_id
344,426,3.101035219028593,2.6736809322775126,2.5643258961722992,1,345
345,426,5.180047741935887,2.739836805400683,4.448087274924284,2,346
346,426,7.2591150569494385,2.8020224553733923,6.428160671383765,3,347
347,426,9.338643129701602,2.8624045535074027,8.485096430702491,4,348
348,426,11.41693073925839,2.9226499471344205,10.599620097653885,5,349
349,426,13.496642015645604,2.984301690136402,12.753548004259128,6,350
350,426,15.575916923109247,3.048533985435308,14.913427519851176,7,351
351,426,17.654880458959543,3.116068878887945,17.025982149217967,8,352
352,426,19.73358471959975,-3.0969079914829805,19.00102435799577,9,353
353,426,21.81253270412388,-3.0276062743523338,20.70596878866644,10,354
354,426,23.892197631273785,-2.9668089210816904,22.008515213828392,11,355
355,426,25.970984020417312,-2.922778188850027,22.88108817912487,12,356
356,426,28.05052852373347,-2.897823895299375,23.44119936299634,13,357
357,426,30.129943992047377,-2.887973762820069,23.84719774210265,14,358
358,426,32.208997825667424,-2.887611302621097,24.21196263361048,15,359
359,426,34.2879158205513,-2.892404834381044,24.595772452142963,16,360
360,426,36.36666857503072,-2.8996509594787567,25.02718774525373,17,361
361,426,38.44622811664072,-2.907805355107124,25.51971497879669,18,362
362,426,40.52631980007962,-2.916016542434807,26.07995778840495,19,363
363,426,42.60520786628175,-2.9238272322931262,26.711419255443616,20,364
364,426,44.68467560431114,-2.931020042159794,27.4179059332922,21,365
365,426,46.76290487506065,-2.937492506517541,28.202266612130988,22,366
366,426,48.84251757558037,-2.943228452814301,29.0697027782766,23,367
367,426,50.922316323278125,-2.94824063797544,30.02503541902162,24,368
368,426,53.00122028681838,-2.952567488253582,31.074246143360693,25,369
