,particle_id,r,phi,z,layer_id,hit_id
3504,1573,3.1003813690438453,2.696480988594716,10.986501298320633,1,3505
3505,1573,5.179433152467967,2.562247268983534,20.636989519644345,2,3506
3506,1573,7.25897996047304,2.430190020510855,30.27035155535262,3,3507
3507,1573,9.338058263596414,2.3340260262330084,38.50070479917963,4,3508
3508,1573,11.416689948715868,2.2741433207495465,45.23241512632809,5,3509
3509,1573,13.496622633120207,2.240646210694001,50.75610816197053,6,3510
3510,1573,15.576007476726405,2.225120504339859,55.32220065061948,7,3511
3511,1573,17.655238467097682,2.221708858456577,59.11584090512953,8,3512
3512,1573,19.734703526050133,2.226473622385913,62.269737772124174,9,3513
3513,1573,21.812868966392813,2.236721565358633,64.88089624685185,10,3514
3514,1573,23.892808057120583,2.2506059699595635,67.030364324603,11,3515
3515,1573,25.97207302725122,2.266803981088241,68.77772318043377,12,3516
3516,1573,28.051061658739243,2.2843907448959024,70.17509933201183,13,3517
3517,1573,30.130214225608835,2.3027130528956063,71.26582167432217,14,3518
3518,1573,32.208878449315016,2.321300419586588,72.0857288696495,15,3519
3519,1573,34.288439043984695,2.339838372870936,72.66570676727173,16,3520
3520,1573,36.36792921474158,2.358090604136076,73.0309508650254,17,3521
3521,1573,38.44758937466048,2.375903057831889,73.20299831140727,18,3522
3522,1573,40.52654316960188,2.393163725970985,73.19982792463934,19,3523
3523,1573,42.604686525111305,2.409804439708373,73.03654735228115,20,3524
3524,1573,44.68484571017003,2.425805294637548,72.72506869327982,21,3525
3525,1573,46.76354520791304,2.4411154165395943,72.2757648559219,22,3526
3526,1573,48.842088302764765,2.4557336065175392,71.6963044220915,23,3527
3527,1573,50.9219415952704,2.469665947809512,70.9920126830024,24,3528
3528,1573,53.00217854262732,2.4829063693747777,70.1670446781106,25,3529
