,particle_id,r,phi,z,layer_id,hit_id
261,196,3.1001066172573646,-2.127336283517538,2.664000999052044,1,262
262,196,5.17981780777721,-2.1083942168732355,4.434008737804984,2,263
263,196,7.260748491836021,-2.0905823551962373,6.190063430659833,3,264
264,196,9.33764199009551,-2.07389636456003,7.92701179121558,4,265
265,196,11.417738130150616,-2.0582259671376044,9.650382541488163,5,266
266,196,13.497646154819195,-2.04354552811467,11.356966122779784,6,267
267,196,15.57623073002306,-2.0298084606320064,13.04561610898565,7,268
268,196,17.654805279849924,-2.0169529358421325,14.717279882296753,8,269
269,196,19.734506826758444,-2.0049225579015766,16.372789148241882,9,270
270,196,21.813507878546982,-1.9936809756076648,18.010655827109645,10,271
271,196,23.892439629610504,-1.9831805057175216,19.631377121985285,11,272
272,196,25.971620186330817,-1.973379432267765,21.23518818431945,12,273
273,196,28.05096415639068,-1.964241984041561,22.82198865205049,13,274
274,196,30.129875954608647,-1.9557382605299127,24.39126246453178,14,275
275,196,32.209817733295104,-1.9478342765827008,25.94398868149441,15,276
276,196,34.288680500147336,-1.9405140931772449,27.478405959021405,16,277
277,196,36.36858525655006,-1.9337508984310448,28.995801130431545,17,278
278,196,38.4474884356376,-1.927537107261538,30.494286178564085,18,279
279,196,40.52654348204585,-1.921860475456599,31.9741547432568,19,280
280,196,42.6065348705866,-1.9167177444473733,33.435200011282035,20,281
281,196,44.684447709626205,-1.9121231518989712,34.87429814077353,21,282
282,196,46.763452969245,-1.908088369189456,36.29225222060773,22,283
283,196,48.8424145169801,-1.9046523241541464,37.68629055919478,23,284
284,196,50.92148868433939,-1.901878420883768,39.05362500016612,24,285
285,196,53.00081764922047,-1.89987859088188,40.389856847480914,25,286
