,particle_id,r,phi,z,layer_id,hit_id
3099,1670,3.101896927900891,-1.344060424442105,2.4685861230162374,1,3100
3100,1670,5.179681021873539,-1.338548706039885,3.830562055635992,2,3101
3101,1670,7.260035042329561,-1.3348060051547874,4.997819833467126,3,3102
3102,1670,9.339955718930415,-1.3325479537338734,5.991445428979578,4,3103
3103,1670,11.418352350639648,-1.331566766346036,6.82879161862158,5,3104
3104,1670,13.49755712819799,-1.331711492611559,7.5247110171623,6,3105
3105,1670,15.577123144339524,-1.332874566438223,8.090018196305746,7,3106
3106,1670,17.655574849707204,-1.3349761510021547,8.533405642018408,8,3107
3107,1670,19.7355146496614,-1.3379635195402195,8.862856414497529,9,3108
3108,1670,21.814918134939514,-1.3417969821664866,9.084208835143723,10,3109
3109,1670,23.892381135937782,-1.346450171527789,9.20276756586268,11,3110
3110,1670,25.97269193336863,-1.351925099339207,9.223233882845513,12,3111
3111,1670,28.052346479855643,-1.3582163937473488,9.149289213792404,13,3112
3112,1670,30.13081886282083,-1.3653351378236471,8.984440211859912,14,3113
3113,1670,32.21040407223763,-1.373314049760351,8.731467216535492,15,3114
3114,1670,34.28756699451974,-1.382175146101664,8.393515861982355,16,3115
3115,1670,36.366889492748456,-1.3919867157117596,7.972250697276948,17,3116
3116,1670,38.44680984093957,-1.4028062242098502,7.470054476365529,18,3117
3117,1670,40.52520680235657,-1.4147010502459794,6.889639643430861,19,3118
3118,1670,42.60447960575291,-1.427782744482148,6.2325290089147565,20,3119
3119,1670,44.685718258608894,-1.4421825527824537,5.500504063649824,21,3120
3120,1670,46.76360612951138,-1.4580132615271657,4.698056361665451,22,3121
3121,1670,48.8435078147613,-1.475502487209302,3.82620264835861,23,3122
3122,1670,50.92104694517128,-1.4948491016091996,2.890561826929876,24,3123
3123,1670,53.00040596513337,-1.516391998409338,1.8942191715506311,25,3124
