,particle_id,r,phi,z,layer_id,hit_id
440,318,3.1007212888094173,2.003634036903432,-1.0066844841151266,1,441
441,318,5.179762189227274,1.9736255427931568,-1.8596597142243745,2,442
442,318,7.258718878017544,1.944952897722952,-2.846435504518894,3,443
443,318,9.337689819189366,1.917570444597838,-3.959441442976118,4,444
444,318,11.419267695707518,1.891397514698424,-5.192943984047297,5,445
445,318,13.498113366739714,1.8664491131737493,-6.536764807157894,6,446
446,318,15.576593458046624,1.842640380127818,-7.9855845545747535,7,447
447,318,17.654430756794095,1.8199191535659736,-9.532967459455389,8,448
448,318,19.734059082247057,1.7982052076009731,-11.175070783994965,9,449
449,318,21.81519578520463,1.7774500562661448,-12.906579501281078,10,450
450,318,23.89189492496044,1.7576584414742984,-14.717482219443772,11,451
451,318,25.972133322542685,1.7387027293858832,-16.610195625785437,12,452
452,318,28.052697623685823,1.7205653574370292,-18.57790224791896,13,453
453,318,30.13024864442665,1.7032265964613402,-20.61354211593571,14,454
454,318,32.20990647597424,1.686597904550802,-22.718644785697272,15,455
455,318,34.28817619782427,1.670664297635469,-24.886557933459617,16,456
456,318,36.36713686173043,1.6553680636365555,-27.11652483161177,17,457
457,318,38.44586245779856,1.6406765920154271,-29.404906231905247,18,458
458,318,40.526062011866,1.6265403010409938,-31.75116153882727,19,459
459,318,42.606353391271696,1.6129326251669087,-34.1514821733036,20,460
460,318,44.68508573791581,1.599828507150196,-36.60172414991792,21,461
461,318,46.76304674334732,1.5871879193820306,-39.10064150292144,22,462
462,318,48.84323744515325,1.574959548279813,-41.64985629187899,23,463
463,318,50.92260552524576,1.563128639940296,-44.24364167900357,24,464
464,318,53.00020673647632,1.551666780015242,-46.87865237360377,25,465
