,particle_id,r,phi,z,layer_id,hit_id
2111,1051,3.101982845112286,-1.9366773628286225,-2.096905998928187,1,2112
2112,1051,5.179323590988962,-1.9459443863421804,-3.5656858477680613,2,2113
2113,1051,7.261127671016627,-1.9558338117788407,-5.092826552251632,3,2114
2114,1051,9.337528972070055,-1.9663586079599555,-6.674542195709132,4,2115
2115,1051,11.418267789033523,-1.977641144756605,-8.322479011691703,5,2116
2116,1051,13.496879957972553,-1.989738012530708,-10.036874846073804,6,2117
2117,1051,15.576398683968945,-2.002779289346116,-11.826727469978987,7,2118
2118,1051,17.654496499792803,-2.016893805483981,-13.69829033271098,8,2119
2119,1051,19.73569698724883,-2.032300924445736,-15.666447538402888,9,2120
2120,1051,21.814684136865843,-2.0492119443069643,-17.74037267096465,10,2121
2121,1051,23.89180950943328,-2.0679694028206583,-19.93934326894417,11,2122
2122,1051,25.97230194324849,-2.089119521999641,-22.29642971828685,12,2123
2123,1051,28.051163689271384,-2.113373046397171,-24.8472985804344,13,2124
2124,1051,30.13049532044485,-2.142008699314197,-27.661232881710703,14,2125
2125,1051,32.20917867582288,-2.177364379988358,-30.85918415011635,15,2126
2126,1051,34.28831629071579,-2.224927540784098,-34.71999621833432,16,2127
2127,1051,36.36685432743227,-2.306147845063162,-40.29172380871444,17,2128
2128,1051,36.36629332103864,-2.5724619830886497,-52.24697782381058,17,2129
2129,1051,34.287374410978884,-2.773897322269691,-57.64035905459223,16,2130
2130,1051,32.208055920205865,-3.013192006517838,-62.2162974444462,15,2131
2131,1051,32.208644090794905,2.6663237363988475,-71.01909212497051,15,2132
2132,1051,34.287847330330386,2.471098162632156,-74.01418918934164,16,2133
2133,1051,36.36775222099241,2.347574107875721,-76.16689663469414,17,2134
2134,1051,38.44700480663772,2.254693024778456,-77.996731783968,18,2135
2135,1051,40.52632226721928,2.1800748326216057,-79.64902074433577,19,2136
2136,1051,42.605600258937606,2.1179573194795585,-81.18601016195875,20,2137
2137,1051,44.68502620595616,2.065076570674283,-82.63967081293045,21,2138
2138,1051,46.76293329424645,2.0194172543690554,-84.02618257679713,22,2139
2139,1051,48.84271504788863,1.9795253856443944,-85.35681489058857,23,2140
2140,1051,50.92219417492622,1.9444767234734897,-86.63369217479898,24,2141
2141,1051,53.00033680236764,1.913580268477873,-87.85566948773376,25,2142
