,particle_id,r,phi,z,layer_id,hit_id
1343,1310,3.100654993753647,2.4394153778218337,0.4017260468776129,1,1344
1344,1310,5.17971456676923,2.4859677642911167,0.7003212811258983,2,1345
1345,1310,7.259824100327152,2.528197771294113,1.0135172474582888,3,1346
1346,1310,9.337589145347058,2.566636340958321,1.334263905858915,4,1347
1347,1310,11.417265574720606,2.601882659958213,1.657490521511054,5,1348
1348,1310,13.496906066763357,2.634344179415731,1.977745647542786,6,1349
1349,1310,15.575289716786507,2.6643821916865047,2.290078846556132,7,1350
1350,1310,17.654625221977625,2.692349672617097,2.590281999246301,8,1351
1351,1310,19.73540850476597,2.7185223486080003,2.873952911064528,9,1352
1352,1310,21.813440753622725,2.7430811802661226,3.136077141966137,10,1353
1353,1310,23.89307716399105,2.76627790440047,3.372654849965514,11,1354
1354,1310,25.97109914613376,2.788247928881515,3.57856824626613,12,1355
1355,1310,28.05007481383258,2.809167708161987,3.749062692234361,13,1356
1356,1310,30.1301487136314,2.829167267877057,3.8787212325774334,14,1357
1357,1310,32.20892098056123,2.848338235592549,3.961602492590519,15,1358
1358,1310,34.289599025614365,2.8668116908683805,3.9915023940224295,16,1359
1359,1310,36.36727272511535,2.884635615299413,3.961503444005072,17,1360
1360,1310,38.447913987446285,2.901943605995705,3.863936063988117,18,1361
1361,1310,40.52660669349005,2.918769358198066,3.690619552726112,19,1362
1362,1310,42.60639670453487,2.935206858467588,3.4320836147528624,20,1363
1363,1310,44.684847133654365,2.951300994949602,3.078375602693441,21,1364
1364,1310,46.76451673000383,2.967131768557925,2.61763715329813,22,1365
1365,1310,48.84253408719469,2.9827343336276195,2.037818166529444,23,1366
1366,1310,50.92319274510562,2.998195334178891,1.3234208040965356,24,1367
1367,1310,53.00050644754743,3.013522953541972,0.4607314735321601,25,1368
