,particle_id,r,phi,z,layer_id,hit_id
2411,1146,3.100506888341884,-1.3578346479274417,-1.3404928305608506,1,2412
2412,1146,5.180273237873815,-1.4143125209554284,-1.584984020288409,2,2413
2413,1146,7.258710028764225,-1.462011819402831,-1.477024940076043,3,2414
2414,1146,9.338053531528558,-1.5022185738304457,-1.1253952961346192,4,2415
2415,1146,11.416840444358211,-1.5362535576261818,-0.6062075361509791,5,2416
2416,1146,13.497468395795428,-1.5653380108398798,0.0290680014934778,6,2417
2417,1146,15.57608386828959,-1.5903821889262877,0.7431936585370069,7,2418
2418,1146,17.65514144619792,-1.612180792243746,1.5116282174493891,8,2419
2419,1146,19.733883390487243,-1.631321388274793,2.316019602509723,9,2420
2420,1146,21.813574765542302,-1.648282807690198,3.1436924805138773,10,2421
2421,1146,23.89412153256417,-1.6634323024947877,3.984851647606577,11,2422
2422,1146,25.97284108929469,-1.6770472573102837,4.8310308142116725,12,2423
2423,1146,28.05188808916844,-1.689381622441811,5.677458876008908,13,2424
2424,1146,30.129751694180545,-1.700620898226727,6.519147455657537,14,2425
2425,1146,32.20924749776382,-1.7109393646785716,7.353795877642023,15,2426
2426,1146,34.28856469418267,-1.720459444772437,8.177934722706294,16,2427
2427,1146,36.36669476262884,-1.7292881710787296,8.988980217107455,17,2428
2428,1146,38.44647628981211,-1.73753125090833,9.786254515170082,18,2429
2429,1146,40.525163431186726,-1.745257678218977,10.567241293281016,19,2430
2430,1146,42.6067555570328,-1.7525508499245022,11.33221475654762,20,2431
2431,1146,44.68606079022793,-1.7594525098136005,12.078253110490436,21,2432
2432,1146,46.76447796828132,-1.7660209331762289,12.805053541385966,22,2433
2433,1146,48.84360615858848,-1.772308029205963,13.512458272013763,23,2434
2434,1146,50.92187446359,-1.7783510620262435,14.199317265280277,24,2435
2435,1146,53.00093089685138,-1.7841929873816462,14.86563950582465,25,2436
