,particle_id,r,phi,z,layer_id,hit_id
263,442,3.100804431787654,-0.2931321692543552,0.4160348175439878,1,264
264,442,5.1797660272572,-0.3050838802804391,0.5575536372398915,2,265
265,442,7.259295780650572,-0.3155371885522502,0.6266151271994005,3,266
266,442,9.337992147847576,-0.3249498462996453,0.6394011776236397,4,267
267,442,11.418071297651856,-0.3336095378896944,0.6059605505377448,5,268
268,442,13.49701718634616,-0.3416856744216938,0.5329932294322077,6,269
269,442,15.575159316608246,-0.3493038135864852,0.4251743547283979,7,270
270,442,17.656080218536932,-0.3565651857522261,0.2856022947127599,8,271
271,442,19.73521376808974,-0.3635194717090349,0.1170099332082656,9,272
272,442,21.81388392897177,-0.3702218758067426,-0.0788370450167974,10,273
273,442,23.892509841680628,-0.3767131340551936,-0.3005967485227785,11,274
274,442,25.973344151345465,-0.3830313312264914,-0.5475172534020913,12,275
275,442,28.05301214993309,-0.3891915128444833,-0.8184471257510779,13,276
276,442,30.13260774177565,-0.3952179572380665,-1.1129449505373543,14,277
277,442,32.2104612406511,-0.401123367593202,-1.430348530735131,15,278
278,442,34.289280576221,-0.4069301239607676,-1.7708001777987334,16,279
279,442,36.36867599284241,-0.4126494571903144,-2.134117258199552,17,280
280,442,38.44869317107276,-0.4182920853899478,-2.520280314679169,18,281
281,442,40.525861075407526,-0.4238579194711225,-2.928645484788177,19,282
282,442,42.60475313175519,-0.4293672846723718,-3.3602046186102186,20,283
283,442,44.68639095085483,-0.4348297350483394,-3.8154217034446063,21,284
284,442,46.7640766435619,-0.4402339430866896,-4.293050446740509,22,285
285,442,48.84310336548291,-0.4455992724632585,-4.794558689979397,23,286
286,442,50.92099579461706,-0.4509242412015727,-5.319700712627366,24,287
287,442,53.003353895530985,-0.4562275416019248,-5.870349986142934,25,288
