,particle_id,r,phi,z,layer_id,hit_id
1368,1064,3.1007733048847834,-2.433910465368454,-3.884928511473596,1,1369
1369,1064,5.179823145280898,-2.330675716773454,-6.449446681317202,2,1370
1370,1064,7.259553735172973,-2.2448145397631625,-8.912918874359372,3,1371
1371,1064,9.338787737308882,-2.1730216223205234,-11.24943553767983,4,1372
1372,1064,11.416774765198635,-2.11241898647568,-13.448339928198058,5,1373
1373,1064,13.496686281092275,-2.060676034800863,-15.508953645553245,6,1374
1374,1064,15.576520207586398,-2.0161772801211906,-17.4269617968344,7,1375
1375,1064,17.65478944241044,-1.9777148679656804,-19.198801981045246,8,1376
1376,1064,19.73401080326325,-1.944348218714566,-20.82300007173561,9,1377
1377,1064,21.812858174297883,-1.915474980229603,-22.29266203922069,10,1378
1378,1064,23.89240352318283,-1.890674847199914,-23.599764177843337,11,1379
1379,1064,25.97094157778996,-1.8697619257993243,-24.730417532094013,12,1380
1380,1064,28.050513927012865,-1.8527236249043872,-25.666828769495623,13,1381
1381,1064,30.13046170138706,-1.8398498925642344,-26.38007109194995,14,1382
1382,1064,32.20934479261354,-1.831852977547336,-26.824911407899883,15,1383
1383,1064,34.28826438649352,-1.830242629438968,-26.92479278779933,16,1384
1384,1064,36.36668764151644,-1.8385035713552664,-26.52693503147525,17,1385
1385,1064,38.44592809547167,-1.8671263078374647,-25.223842206688264,18,1386
1386,1064,38.44582550372494,2.9391024646064623,2.05883877449454,18,1387
1387,1064,38.44641109925796,1.9179998348169085,18.456268324183707,18,1388
1388,1064,40.52522037011289,1.7425941048296192,22.67045062358711,19,1389
1389,1064,42.60430135213493,1.6276225637378297,26.038871252668304,20,1390
1390,1064,44.68392802653415,1.541481025327228,29.083581547350345,21,1391
1391,1064,46.76305188304421,1.473506050137522,31.99609704172637,22,1392
1392,1064,48.84188214067672,1.4186381375912624,34.899504962536454,23,1393
1393,1064,50.92140884449493,1.374250116738266,37.92933361927129,24,1394
1394,1064,53.00050991437856,1.3394755356712886,41.37764678518808,25,1395
