,particle_id,r,phi,z,layer_id,hit_id
1140,821,3.100331276730087,-1.3371969847376348,2.527128133936092,1,1141
1141,821,5.180149614052251,-1.3040571233560834,4.680693221345435,2,1142
1142,821,7.259270491499453,-1.2648034965806432,7.3847959049156895,3,1143
1143,821,9.337767835359728,-1.214227197342088,11.000027564691685,4,1144
1144,821,11.416914930718283,-1.1340622131637472,16.693410211179742,5,1145
1145,821,13.495917044302784,0.0750670424563524,59.124683460260734,6,1146
1146,821,15.575059148633397,0.1806508240734058,59.56781352138048,7,1147
1147,821,17.654196960432515,-0.0246497337796797,25.225351807939543,8,1148
1148,821,19.73368697648502,0.4117662028634573,-13.266881237241844,9,1149
1149,821,21.813261344983527,0.593104422227339,-13.599293728236232,10,1150
1150,821,23.89266589291474,0.7183756703416889,-12.400766309002634,11,1151
1151,821,25.97155044821467,0.8148934784976478,-10.564116788190931,12,1152
1152,821,28.05108161436689,0.8934537803143158,-8.358997065135252,13,1153
1153,821,30.129574155041784,0.9595656928881356,-5.905297523029791,14,1154
1154,821,32.20940520593979,1.0166246489667503,-3.260990395504326,15,1155
1155,821,34.28859947894145,1.0667323536994249,-0.4618377983321231,16,1156
1156,821,36.36774267981816,1.111400513929464,2.475536914381676,17,1157
1157,821,38.44721151569651,1.1517207846256194,5.545631030062329,18,1158
1158,821,40.52623570096695,1.1884997764182303,8.750942608079384,19,1159
1159,821,42.60419342239107,1.2223788292205455,12.104271472896658,20,1160
1160,821,44.68417455396317,1.2539467113372609,15.63780435144865,21,1161
1161,821,46.76288378840956,1.2836354285401572,19.393075910747548,22,1162
1162,821,48.84232440129932,1.311959754082192,23.45612271667396,23,1163
1163,821,50.92088874271107,1.3394887352978246,27.981727399821583,24,1164
1164,821,53.00057740620923,1.367250899708064,33.34491666604419,25,1165
