,particle_id,r,phi,z,layer_id,hit_id
0,117,3.100963218068065,-1.8673094626960547,-0.3139630865594256,1,1
1,117,5.180673684312207,-1.8732784453794795,-0.4019704882469739,2,2
2,117,7.258511940462903,-1.8779941880133613,-0.3873680115401612,3,3
3,117,9.337892403778902,-1.8813761384701888,-0.267224094365325,4,4
4,117,11.4183435435107,-1.883328342997772,-0.0392687596111329,5,5
5,117,13.497598856273344,-1.883753349415422,0.2972903898137957,6,6
6,117,15.575311932896602,-1.8825577457563016,0.7419280765596525,7,7
7,117,17.654656950915825,-1.879644751825424,1.2934596185717382,8,8
8,117,19.733667927624506,-1.874925994170913,1.9476067463633129,9,9
9,117,21.81407796080508,-1.8683170950085608,2.6987204790517723,10,10
10,117,23.89310210091877,-1.8597654525128533,3.536656380604647,11,11
11,117,25.971940950102315,-1.8492333978054445,4.449328163616336,12,12
12,117,28.050997176838177,-1.8367210787698167,5.420694173189524,13,13
13,117,30.13019820003994,-1.822279715012946,6.430483262526401,14,14
14,117,32.20925114344486,-1.8060234674813227,7.45423502186258,15,15
15,117,34.28778137406075,-1.788138512109574,8.463700010118195,16,16
16,117,36.366705492999166,-1.7688744176943505,9.42824249662258,17,17
17,117,38.446545997789485,-1.7485547256610567,10.315068542346602,18,18
18,117,40.52572426355875,-1.7275847827845097,11.090033643710337,19,19
19,117,42.60550514761489,-1.706382867738134,11.721125086098873,20,20
20,117,44.68390993130675,-1.685415674900904,12.177544296818503,21,21
21,117,46.76322762236067,-1.665097091525278,12.432441082632714,22,22
22,117,48.84285702867989,-1.6458399042797187,12.461122339757488,23,23
23,117,50.921767645803584,-1.6280141471583292,12.24173899463181,24,24
24,117,53.00104924402824,-1.611918685124874,11.754032568204828,25,25
