,particle_id,r,phi,z,layer_id,hit_id
1817,618,3.100762342098304,-0.7451493956768486,-0.6326990441957463,1,1818
1818,618,5.179977051252273,-0.7611917758631734,-1.0487477090390556,2,1819
1819,618,7.259337969444309,-0.7763325476425361,-1.460438997219434,3,1820
1820,618,9.33949829020654,-0.7906325468648004,-1.86964515537381,4,1821
1821,618,11.417708464538409,-0.8041278939600632,-2.2774378526696424,5,1822
1822,618,13.498056425548828,-0.816896666767975,-2.686101909417161,6,1823
1823,618,15.57784149544148,-0.8289700948356741,-3.0964672586993984,7,1824
1824,618,17.65426459535237,-0.8403793093948329,-3.5092182538629686,8,1825
1825,618,19.73536806493486,-0.8512103391955985,-3.927096014980485,9,1826
1826,618,21.81494639225968,-0.8614689495348192,-4.349907424029787,10,1827
1827,618,23.89400426585533,-0.87119745595494,-4.778805205248567,11,1828
1828,618,25.9736562136458,-0.8804348265900054,-5.214897898325205,12,1829
1829,618,28.05133869959679,-0.8892013133485035,-5.658448478422827,13,1830
1830,618,30.13205366837626,-0.8975464630036916,-6.111278412246854,14,1831
1831,618,32.209511163219226,-0.9054716193946658,-6.572709471956173,15,1832
1832,618,34.28880755378426,-0.9130210870919516,-7.044509468277283,16,1833
1833,618,36.3674441093481,-0.9202079869975324,-7.526724153470063,17,1834
1834,618,38.44672733319417,-0.9270576011207178,-8.020226134625574,18,1835
1835,618,40.527940025472695,-0.9335926870911998,-8.525881714648222,19,1836
1836,618,42.604617754855546,-0.9398111477549788,-9.04261354847874,20,1837
1837,618,44.68560534047035,-0.9457557658916728,-9.57311756473949,21,1838
1838,618,46.764274315644585,-0.9514221430594576,-10.116204300762476,22,1839
1839,618,48.845370975351685,-0.95683698352887,-10.673588124617623,23,1840
1840,618,50.92204832593602,-0.9619954855062064,-11.243882399517709,24,1841
1841,618,53.00244450127122,-0.9669296316295056,-11.829782596500364,25,1842
