,particle_id,r,phi,z,layer_id,hit_id
999,521,3.101637450429674,0.2750521032137404,-0.952698179864882,1,1000
1000,521,5.179391367116556,0.2208002965746066,-1.6913537600898678,2,1001
1001,521,7.259178111346973,0.1665289398234929,-2.501767728906408,3,1002
1002,521,9.33914903171847,0.1120368642725218,-3.375027036365026,4,1003
1003,521,11.417366580163163,0.0568003861840458,-4.302552239548255,5,1004
1004,521,13.496750728602931,-0.0003817913100605,-5.278988436479899,6,1005
1005,521,15.575845774740651,-0.0617331977790217,-6.298602934719632,7,1006
1006,521,17.654818871663846,-0.1327143438837176,-7.35879667842714,8,1007
1007,521,19.7337615533474,-0.235894449266804,-8.46195997986323,9,1008
1008,521,19.73292035551548,-0.500610625580401,-8.374290188423338,9,1009
1009,521,17.65337172113115,-0.7168533918199419,-6.8383854622990725,8,1010
1010,521,15.574674395194709,-1.005810427171323,-4.707734235080238,7,1011
1011,521,15.575181224956337,-1.7562689843593968,0.4951501102029816,7,1012
1012,521,17.655620492221175,-2.0115330279710424,2.769987789337048,8,1013
1013,521,19.7355435675336,-2.159613581071779,4.480911169865898,9,1014
1014,521,21.814205703686365,-2.264065048620956,5.993125880679553,10,1015
1015,521,23.894329010079527,-2.343685552821432,7.406105559368314,11,1016
1016,521,25.97163005833695,-2.406946347617603,8.759224064357817,12,1017
1017,521,28.05087845245628,-2.458799915922596,10.078166933610625,13,1018
1018,521,30.13209252911141,-2.502187962271833,11.376522119622932,14,1019
1019,521,32.209197722590616,-2.5389639574827387,12.659568951506678,15,1020
1020,521,34.28950979255449,-2.5706339909237275,13.938270621170933,16,1021
1021,521,36.36690903518183,-2.5980941885124142,15.213725473837766,17,1022
1022,521,38.44859570865034,-2.6221751660709787,16.49426042861625,18,1023
1023,521,40.52529868104018,-2.6433331318162496,17.777467049648934,19,1024
1024,521,42.60708979636966,-2.662107996380042,19.07251651469381,20,1025
1025,521,44.68631934772955,-2.678770869427729,20.377423778274206,21,1026
1026,521,46.76299337227248,-2.693603767452549,21.69484903054397,22,1027
1027,521,48.84437315341513,-2.7068771760184545,23.03218906098275,23,1028
1028,521,50.922870755605885,-2.718719770889753,24.387528443987502,24,1029
1029,521,53.00125056456669,-2.729295656642435,25.765852792661025,25,1030
