,particle_id,r,phi,z,layer_id,hit_id
0,159,3.100980129974276,2.801276747225637,4.695217594355221,1,1
1,159,5.180143088553273,2.8294678636808968,7.8109639498030035,2,2
2,159,7.259555653107451,2.8600235731399093,10.941626714893276,3,3
3,159,9.337826078117027,2.8932822649266328,14.117245619050948,4,4
4,159,11.41757850719457,2.929664363709533,17.372617022991236,5,5
5,159,13.495877221341656,2.969478712191721,20.73217041686616,6,6
6,159,15.57500033387398,3.013041797954225,24.22505828121647,7,7
7,159,17.654883869477974,3.060428117649846,27.86961587130745,8,8
8,159,19.73351066736649,3.1112921021819857,31.667540948858004,9,9
9,159,21.81257218714835,-3.118358619198452,35.607570336754605,10,10
10,159,23.89182874586455,-3.0636435143520475,39.65147785014774,11,11
11,159,25.97133810839248,-3.0097517963003177,43.7406697443228,12,12
12,159,28.050204056627464,-2.958881917076356,47.80413393827345,13,13
13,159,30.12962222282916,-2.9129233901441545,51.77759483414772,14,14
14,159,32.209473836315226,-2.873249138699291,55.60588925742197,15,15
15,159,34.28805488305975,-2.8406211870584004,59.24530075478363,16,16
16,159,36.36796084769289,-2.8151733516921382,62.67172299646941,17,17
17,159,38.44640045597411,-2.796680408282686,65.86089158262484,18,18
18,159,40.52625292228208,-2.7845457649291547,68.80439535659654,19,19
19,159,42.60559964116077,-2.778005662776106,71.49266884461676,20,20
20,159,44.68456454411651,-2.7761597777950424,73.92547565719194,21,21
21,159,46.76358560627644,-2.778075120288735,76.10883365137738,22,22
22,159,48.843053034889,-2.7828561775989646,78.05382966247063,23,23
23,159,50.9214131405348,-2.789687251754525,79.7739375424065,24,24
24,159,53.00045927351054,-2.7978776164262302,81.2880317994132,25,25
