,particle_id,r,phi,z,layer_id,hit_id
1814,995,3.100313297604461,-0.3146739442897785,-2.140351357763734,1,1815
1815,995,5.17967870641867,-0.4076015947441646,-3.3300564136310733,2,1816
1816,995,7.259049383985439,-0.486496330900223,-4.318943563208084,3,1817
1817,995,9.338245933157197,-0.5544859241206571,-5.117755492544038,4,1818
1818,995,11.41729974441316,-0.6138942946723879,-5.740528052630509,5,1819
1819,995,13.496144185859787,-0.6664039696015907,-6.201756348074355,6,1820
1820,995,15.576706812292889,-0.7132831310244526,-6.515796873893507,7,1821
1821,995,17.654217236009618,-0.7553357463919351,-6.695500096215348,8,1822
1822,995,19.734328831993903,-0.7933631644309175,-6.754122884110757,9,1823
1823,995,21.81378893861898,-0.8278299834053939,-6.703378811434064,10,1824
1824,995,23.89287513550424,-0.8591625637722268,-6.554553528072617,11,1825
1825,995,25.97119757145317,-0.887696336818904,-6.318187884593975,12,1826
1826,995,28.051826532979284,-0.913750359754972,-6.003518105337562,13,1827
1827,995,30.12967283324761,-0.9374964646113272,-5.620258266548976,14,1828
1828,995,32.20960337563462,-0.9591914796172198,-5.17575196742844,15,1829
1829,995,34.287676174717994,-0.978965987677344,-4.678349096174426,16,1830
1830,995,36.36779945480904,-0.9970064870971816,-4.13400509998289,17,1831
1831,995,38.44687234630503,-1.0134153785711586,-3.549820547931546,18,1832
1832,995,40.52727129483696,-1.0283256314540212,-2.930935745182545,19,1833
1833,995,42.60648069168497,-1.0418195211681829,-2.283456349838751,20,1834
1834,995,44.68486465974947,-1.053989493882838,-1.6122773883982262,21,1835
1835,995,46.76306575483332,-1.0649172570114502,-0.921843974512594,22,1836
1836,995,48.84195697705854,-1.0746740131922634,-0.2162280167888788,23,1837
1837,995,50.92258518023929,-1.083320661895304,0.5007849339366679,24,1838
1838,995,53.0004137870463,-1.090888670844819,1.2236143390244116,25,1839
