,particle_id,r,phi,z,layer_id,hit_id
2231,996,3.100489534651864,-1.4540089630914048,0.9727510247513766,1,2232
2232,996,5.181101846760837,-1.448745501029826,1.5886734866523948,2,2233
2233,996,7.259556316377398,-1.4447462728210267,2.17345288761404,3,2234
2234,996,9.338037869007229,-1.4419376570980005,2.7274767717276136,4,2235
2235,996,11.418947002296104,-1.4402643155770067,3.2514781567031674,5,2236
2236,996,13.49706347886442,-1.439688137578682,3.744684436420415,6,2237
2237,996,15.577375068491357,-1.4401764703788933,4.209196573657418,7,2238
2238,996,17.654510816731634,-1.441707302803917,4.645106191164788,8,2239
2239,996,19.735599988844424,-1.4442770300901266,5.0555524145865975,9,2240
2240,996,21.81468455895572,-1.4478811338038686,5.441399679934636,10,2241
2241,996,23.89293181690852,-1.452532351278044,5.805462470647018,11,2242
2242,996,25.973201344654164,-1.4582634710497029,6.151330704435303,12,2243
2243,996,28.05013205589748,-1.4650985638257337,6.481903122867973,13,2244
2244,996,30.12920082420966,-1.4731117555814404,6.802679430678799,14,2245
2245,996,32.20931005266162,-1.4823798763905331,7.119167950056035,15,2246
2246,996,34.28954890566372,-1.4930056254314652,7.438362616594826,16,2247
2247,996,36.368414769303406,-1.5051220332813573,7.769111946254682,17,2248
2248,996,38.44680222897342,-1.5189245787174743,8.123377072356883,18,2249
2249,996,40.52569275059936,-1.5346857274011687,8.517241738663882,19,2250
2250,996,42.60487380014866,-1.5527848205367167,8.972973154491005,20,2251
2251,996,44.684630639254735,-1.5737951149355502,9.52361074507246,21,2252
2252,996,46.763232470552616,-1.5986131863039568,10.221105688225448,22,2253
2253,996,48.84263385824552,-1.628910011460279,11.159932863791028,23,2254
2254,996,50.9214144039856,-1.668285953360698,12.544628229157048,24,2255
2255,996,53.00012749642094,-1.7295726146693282,15.09917434126072,25,2256
