,particle_id,r,phi,z,layer_id,hit_id
1860,604,3.102666930973706,1.6179987638180198,0.5107514523554668,1,1861
1861,604,5.183700989718469,1.626934800875366,0.8533266606926686,2,1862
1862,604,7.262244215919817,1.6360311950514046,1.1947647942911148,3,1863
1863,604,9.341031926795448,1.6453104222970731,1.5348790835978887,4,1864
1864,604,11.418193158221545,1.6547753576861763,1.872714266075356,5,1865
1865,604,13.496291276886884,1.6644497087548469,2.208019653137692,6,1866
1866,604,15.57772158738926,1.6743582108927444,2.5404810688972908,7,1867
1867,604,17.655976922020987,1.6844837210161432,2.868341696985114,8,1868
1868,604,19.73762581876636,1.6948730886349883,3.1918887588956526,9,1869
1869,604,21.816062843672192,1.7055092313071405,3.5093141880136702,10,1870
1870,604,23.893259656700764,1.7164184024190658,3.8201195822732177,11,1871
1871,604,25.970942550034263,1.727627826393566,4.1237067129185085,12,1872
1872,604,28.05056678320722,1.7391656777670752,4.419365953465648,13,1873
1873,604,30.12928946623968,1.7510378486272522,4.705724170957037,14,1874
1874,604,32.21209554605701,1.7632969080570475,4.982421701607953,15,1875
1875,604,34.28792433416519,1.7759022269821327,5.24692528201735,16,1876
1876,604,36.36896593632826,1.78895489189609,5.49964384727958,17,1877
1877,604,38.447629054655685,1.8024382035091733,5.738395640850908,18,1878
1878,604,40.52744669645668,1.816407637847095,5.962279604366008,19,1879
1879,604,42.6041844968034,1.830870177912795,6.169455994030549,20,1880
1880,604,44.68387494570728,1.8459075908259488,6.359026069190118,21,1881
1881,604,46.76472948512002,1.861552640577648,6.529168850591927,22,1882
1882,604,48.84453036988785,1.877837537644252,6.677993164445826,23,1883
1883,604,50.92376386972207,1.8948196524287784,6.803747210909074,24,1884
1884,604,53.002065227532526,1.9125559099528389,6.9045231711610375,25,1885
