,particle_id,r,phi,z,layer_id,hit_id
1461,1271,3.10014275353763,2.9200539049119816,-12.25262393059517,1,1462
1462,1271,5.179621483943209,2.723380078251593,-22.72974424761689,2,1463
1463,1271,7.258977005631863,2.585346898485921,-32.53545447088584,3,1464
1464,1271,9.338143853853628,2.503643433349402,-41.19565944349912,4,1465
1465,1271,11.417665986099694,2.459458830578825,-48.91494661337555,5,1466
1466,1271,13.496151915631168,2.4397818689233675,-55.884175981631856,6,1467
1467,1271,15.575903282171131,2.436749456346689,-62.23148378048592,7,1468
1468,1271,17.65502596166971,2.4455028026103003,-68.01880406797159,8,1469
1469,1271,19.73345260453377,2.4628050533055283,-73.28353095457095,9,1470
1470,1271,21.81254569555896,2.486373841000015,-78.04959177815024,10,1471
1471,1271,23.892541969797087,2.514483166518399,-82.33013192396218,11,1472
1472,1271,25.97112450262867,2.5457294891065825,-86.13232346831501,12,1473
1473,1271,28.051602137938385,2.57905416188909,-89.47586018675972,13,1474
1474,1271,30.12976779155733,2.6134905451874486,-92.37143772113365,14,1475
1475,1271,32.20866565679512,2.6483673878874145,-94.8447479437254,15,1476
1476,1271,34.28768151438938,2.683109914998859,-96.91857057166324,16,1477
1477,1271,36.36768759744538,2.717302295473531,-98.61885919936267,17,1478
1478,1271,38.44715603112732,2.750603104353168,-99.9699761972028,18,1479
1479,1271,40.52606296839735,2.782790139832453,-100.99712359895702,19,1480
1480,1271,42.60617528596666,2.8137416057434304,-101.7243549901882,20,1481
1481,1271,44.684857562533175,2.8433265913435783,-102.17189898719492,21,1482
1482,1271,46.76346300791504,2.8715157324244136,-102.35887544011337,22,1483
1483,1271,48.84325116787258,2.8983044693621705,-102.30096198957987,23,1484
1484,1271,50.92090470348019,2.9236502929984,-102.0113067672051,24,1485
1485,1271,53.00160076424673,2.9476266695872604,-101.49902215001671,25,1486
