,particle_id,r,phi,z,layer_id,hit_id
2708,1779,3.1005295274960303,1.7115680975838714,2.7997098568115337,1,2709
2709,1779,5.181362844924751,1.7153733053204918,4.5222940502903946,2,2710
2710,1779,7.258951275264014,1.7198718094177807,6.133888155237877,3,2711
2711,1779,9.339320753954764,1.7249915279263777,7.651296543572752,4,2712
2712,1779,11.41939461141764,1.7306573810012449,9.082411063042562,5,2713
2713,1779,13.496839439853366,1.7368064231178733,10.434632969434537,6,2714
2714,1779,15.575742410959164,1.7434055012079606,11.718304798094689,7,2715
2715,1779,17.655312189719755,1.7504166997505943,12.93944481094776,8,2716
2716,1779,19.73519467320956,1.757810405554921,14.103570195860575,9,2717
2717,1779,21.81537436980277,1.76556438745022,15.215699345263882,10,2718
2718,1779,23.893080804510152,1.773651071043915,16.278860637182486,11,2719
2719,1779,25.97160528003529,1.7820712739432285,17.298692256241335,12,2720
2720,1779,28.05128264824066,1.790820016012752,18.278735334642164,13,2721
2721,1779,30.12930425246597,1.7998832273477747,19.22071090430413,14,2722
2722,1779,32.208569853774506,1.809276066553692,20.12861372905513,15,2723
2723,1779,34.2885196799466,1.8190041140758333,21.004493518960857,16,2724
2724,1779,36.3679515770153,1.8290750620086167,21.849877976087697,17,2725
2725,1779,38.44769478495931,1.8395126923028609,22.66685741282905,18,2726
2726,1779,40.52729754116938,1.85034255558084,23.45671464493056,19,2727
2727,1779,42.60466599559516,1.861590880286769,24.21986947829993,20,2728
2728,1779,44.68362822422111,1.873329410361371,24.95859143407645,21,2729
2729,1779,46.76430351780737,1.885629905784216,25.673344626292923,22,2730
2730,1779,48.8420531311514,1.8985614245118003,26.36256958468011,23,2731
2731,1779,50.922299723904224,1.91229667516113,27.02743630941511,24,2732
2732,1779,53.00042883312746,1.9270143026537352,27.66483232144173,25,2733
