,particle_id,r,phi,z,layer_id,hit_id
0,74,3.1001330158319127,0.2953214943147024,-1.7955510511555133,1,1
1,74,5.179641444838888,0.2964007503808815,-3.043348487157573,2,2
2,74,7.260663958227592,0.2976283504374467,-4.326638655171351,3,3
3,74,9.338861242374184,0.2990158939329356,-5.642781970683728,4,4
4,74,11.41922151505162,0.3005823969649503,-6.995246868426207,5,5
5,74,13.49779996723446,0.3023423257197115,-8.382048795567925,6,6
6,74,15.576827099694368,0.3043166381078404,-9.805451506077915,7,7
7,74,17.655546612845107,0.3065260163768681,-11.265989278712894,8,8
8,74,19.73619669130198,0.3089969666463479,-12.766572337703792,9,9
9,74,21.81497449675689,0.3117516037242028,-14.306004742916627,10,10
10,74,23.893968498720785,0.3148221725843438,-15.887595128993157,11,11
11,74,25.972152395701023,0.318240503450813,-17.512635473741852,12,12
12,74,28.05121355565761,0.3220471502918291,-19.18484301557181,13,13
13,74,30.12970419372921,0.3262822363825653,-20.90578816141118,14,14
14,74,32.20873651823295,0.3309964593626621,-22.67947625635344,15,15
15,74,34.28900793628083,0.3362471974647942,-24.510053463412767,16,16
16,74,36.368125297770696,0.3420913869095398,-26.39933250797992,17,17
17,74,38.44603932607993,0.3485998040845264,-28.351550248061457,18,18
18,74,40.52723739750513,0.3558701985497946,-30.37592836910747,19,19
19,74,42.605436417434106,0.3639756604352628,-32.471827343664266,20,20
20,74,44.683897569818406,0.3730363566353005,-34.64843246680547,21,21
21,74,46.7625862416028,0.383177996185194,-36.912381862304976,22,22
22,74,48.84299836164811,0.3945538211693354,-39.2726734094864,23,23
23,74,50.921510221396304,0.4073089350678886,-41.73294184994723,24,24
24,74,53.0005140549551,0.4216440442818995,-44.30403368829983,25,25
