,particle_id,r,phi,z,layer_id,hit_id
1747,752,3.1016997167130858,1.7258648695067065,1.680468866315465,1,1748
1748,752,5.179590077283209,1.7382504302351327,2.869644233545415,2,1749
1749,752,7.259525333297893,1.7497288428681312,4.082796312607023,3,1750
1750,752,9.339454859758757,1.760483645466077,5.30222965226497,4,1751
1751,752,11.41821785125945,1.7706523217938377,6.514924554457025,5,1752
1752,752,13.496381472465767,1.7803448813382938,7.711718927666091,6,1753
1753,752,15.575338861714618,1.789648733092689,8.885869256224474,7,1754
1754,752,17.656528433086148,1.7986320380838972,10.031974507545172,8,1755
1755,752,19.73571949500392,1.807325205809758,11.142553547294042,9,1756
1756,752,21.81485168473551,1.81577496164557,12.214293287051357,10,1757
1757,752,23.89188716909898,1.8240033690375943,13.24236325158462,11,1758
1758,752,25.97348208976015,1.8320599951770176,14.226540362465164,12,1759
1759,752,28.05118720869905,1.8399303350569511,15.159675781039825,13,1760
1760,752,30.13021448991517,1.8476484038948533,16.041289589031393,14,1761
1761,752,32.210889334653274,1.8552253653844253,16.868647166433803,15,1762
1762,752,34.28831572640903,1.862650643890263,17.637209071597717,16,1763
1763,752,36.368637008020606,1.869950474057325,18.34665417406226,17,1764
1764,752,38.447144498935685,1.877109835502054,18.99273085827557,18,1765
1765,752,40.527280580339664,1.8841396993960755,19.573879750535603,19,1766
1766,752,42.60416763705158,1.8910203487047903,20.086103503675275,20,1767
1767,752,44.68356775605413,1.8977649762263435,20.528017021245432,21,1768
1768,752,46.76270379569373,1.9043555938426653,20.89588867984813,22,1769
1769,752,48.84364898263996,1.91078672297258,21.18672111213624,23,1770
1770,752,50.92250257609183,1.9170308465214985,21.396375772381724,24,1771
1771,752,53.0023367480511,1.923077446439991,21.52118069623794,25,1772
