,particle_id,r,phi,z,layer_id,hit_id
882,537,3.1012582743336368,2.2704722831093687,-0.7910084799313761,1,883
883,537,5.180947407774717,2.242797027917776,-1.161075092920763,2,884
884,537,7.258779093158176,2.2218602707720096,-1.4483507325764666,3,885
885,537,9.337931228130692,2.205530654988296,-1.6760372853778946,4,886
886,537,11.417357649331562,2.192522009387367,-1.858937151692892,5,887
887,537,13.496654735743338,2.181987098255463,-2.0073759642738054,6,888
888,537,15.575543615305488,2.173345999533214,-2.128797327038855,7,889
889,537,17.65568063192318,2.1661818960520502,-2.228816586713055,8,890
890,537,19.73581202674641,2.160200703688617,-2.311574830890245,9,891
891,537,21.81544527909641,2.155179527397089,-2.380348176491906,10,892
892,537,23.893956621429663,2.150948112781215,-2.4377439538269847,11,893
893,537,25.97297694424142,2.1473701861437973,-2.485924017127056,12,894
894,537,28.05289240639188,2.1443409540594423,-2.526623738285616,13,895
895,537,30.13220979252162,2.1417788073175057,-2.5612581347256835,14,896
896,537,32.21043001775164,2.139615843849904,-2.5910456968819187,15,897
897,537,34.287940348117424,2.1377955060530187,-2.617040020502192,16,898
898,537,36.36941647421612,2.136268295845752,-2.64019593163148,17,899
899,537,38.44614214483658,2.135001936270452,-2.661210406827662,18,900
900,537,40.52742668348374,2.133958182747303,-2.68088457828154,19,901
901,537,42.60518425678813,2.133113689718072,-2.6997770520501483,20,902
902,537,44.68596960758254,2.1324420932728168,-2.7185311614386736,21,903
903,537,46.76568433264181,2.1319246156991105,-2.7376521976736123,22,904
904,537,48.84397367889749,2.1315434445801458,-2.75764864787968,23,905
905,537,50.92427422163692,2.1312826047165383,-2.7790477567441965,24,906
906,537,53.00264388937287,2.1311290731364267,-2.802292789521095,25,907
