,particle_id,r,phi,z,layer_id,hit_id
2403,1689,3.101044151553822,0.4952192238983066,4.270011673920417,1,2404
2404,1689,5.179271099941108,0.5828886688949386,8.00998745551077,2,2405
2405,1689,7.258420847759423,0.7732331873383896,13.46521058346569,3,2406
2406,1689,9.337675646086383,1.557872342637378,21.453394283189795,4,2407
2407,1689,11.416788815688331,2.097320247555142,21.36491664048531,5,2408
2408,1689,13.49641261229011,2.399331245736389,19.495288299772096,6,2409
2409,1689,15.575196383413171,2.6118130432282984,17.10426644659904,7,2410
2410,1689,17.6542404949901,2.774437182896224,14.50316620799842,8,2411
2411,1689,19.73345734647896,2.904467550944298,11.830282309958868,9,2412
2412,1689,21.81269198380196,3.0114123219094715,9.154557722118748,10,2413
2413,1689,23.8932591451546,3.101266578498621,6.509000329065539,11,2414
2414,1689,25.97132778487485,-3.105316700087221,3.915607023335001,12,2415
2415,1689,28.051179900375548,-3.038990699929197,1.377158753299213,13,2416
2416,1689,30.13091590741693,-2.980964803042545,-1.100362148228287,14,2417
2417,1689,32.20937781706657,-2.929731260089653,-3.5142187687887194,15,2418
2418,1689,34.28835774970679,-2.884070903225383,-5.865988826901225,16,2419
2419,1689,36.3672663259098,-2.843085842971329,-8.15460499822561,17,2420
2420,1689,38.44596342134931,-2.806055056165356,-10.379276695596348,18,2421
2421,1689,40.52616407534619,-2.7723699106957427,-12.540585050635343,19,2422
2422,1689,42.60431996428108,-2.7416131252046423,-14.632923438031268,20,2423
2423,1689,44.68406992484514,-2.713338944906042,-16.65708692341091,21,2424
2424,1689,46.76277199053846,-2.687257928689715,-18.606435302184323,22,2425
2425,1689,48.84191558870846,-2.6630744394186694,-20.47694115270093,23,2426
2426,1689,50.922236567403445,-2.640545528742248,-22.26194592671436,24,2427
2427,1689,53.00109836972887,-2.619494009972456,-23.94973005471042,25,2428
