,particle_id,r,phi,z,layer_id,hit_id
3238,1722,3.1002247119408715,0.4425764789294328,-1.941676365116329,1,3239
3239,1722,5.180253260015134,0.4183639682024216,-3.414008417558044,2,3240
3240,1722,7.258891220793887,0.3879680287868972,-5.060615517644834,3,3241
3241,1722,9.338418356602864,0.3478074662280214,-6.938315982580086,4,3242
3242,1722,11.4175396918794,0.2905773115522909,-9.139503224885075,5,3243
3243,1722,13.496435657445524,0.1980583959465881,-11.833551354275016,6,3244
3244,1722,15.575172012004996,0.017451826786464,-15.20080417910416,7,3245
3245,1722,17.65467876116221,-0.2744702563820909,-17.938181525676534,8,3246
3246,1722,19.733773455573672,-0.5037679618467875,-18.77419714365956,9,3247
3247,1722,21.8133353390905,-0.6597801084429055,-18.76975985258852,10,3248
3248,1722,23.89281954396857,-0.7738888311105568,-18.39205881907812,11,3249
3249,1722,25.972346327717293,-0.8621450582405841,-17.79159239567356,12,3250
3250,1722,28.05003684529479,-0.9329493194326148,-17.03055208812394,13,3251
3251,1722,30.130934507227344,-0.9914121309046672,-16.136556138030095,14,3252
3252,1722,32.20874453519016,-1.0404970963098032,-15.127897211806854,15,3253
3253,1722,34.29015537941102,-1.0824825739712127,-14.009736328334895,16,3254
3254,1722,36.367022394026144,-1.118704197166028,-12.790773283973373,17,3255
3255,1722,38.44860141408456,-1.1504206006438908,-11.467088615044034,18,3256
3256,1722,40.52672480817687,-1.178329795513115,-10.043304362703871,19,3257
3257,1722,42.6042456408052,-1.2031199549460123,-8.51564787175765,20,3258
3258,1722,44.68596737345938,-1.2253472675732882,-6.876692290115393,21,3259
3259,1722,46.76340886267519,-1.2453300798239455,-5.1280047906329,22,3260
3260,1722,48.842787764353936,-1.263469318230336,-3.257793498482528,23,3261
3261,1722,50.92162406561648,-1.2800258005689846,-1.2595387165485974,24,3262
3262,1722,53.002394116611775,-1.295263772323475,0.8802051846035006,25,3263
