,particle_id,r,phi,z,layer_id,hit_id
64,203,3.10274910750216,1.135375193165522,1.6034438140613574,1,65
65,203,5.179422843994483,1.138886930390725,2.7692334216345884,2,66
66,203,7.2609759875698305,1.142904857364445,4.018878668478035,3,67
67,203,9.337933082487911,1.147524787932476,5.35416039856155,4,68
68,203,11.41698851187875,1.1529134757123742,6.788915703386156,5,69
69,203,13.495940713319762,1.1592780242895462,8.334613561582753,6,70
70,203,15.577129206591316,1.1669323525415938,10.010705353036816,7,71
71,203,17.655440418902078,1.17631735805964,11.837780612952,8,72
72,203,19.73507014851757,1.1881913991668929,13.85624941683469,9,73
73,203,21.813495890461603,1.203842483444051,16.122717873203914,10,74
74,203,23.8926404302738,1.2258937060761392,18.74474386714101,11,75
75,203,25.97173026562344,1.260842011845417,21.947667130193853,12,76
76,203,28.05046521570341,1.334180809155336,26.42260152021115,13,77
77,203,30.12935730200858,1.5984580612200436,33.11757340563311,14,78
78,203,32.208345633764665,1.779472684603106,34.67210567390936,15,79
79,203,34.288578308653854,1.8738495259593493,34.97513435896053,16,80
80,203,36.36806831333528,1.9352425242816007,34.97071397321133,17,81
81,203,38.44589299680417,1.978170665737748,34.83321916680215,18,82
82,203,40.52605810016822,2.009067870553201,34.623882917206416,19,83
83,203,42.6044450484471,2.031353778195136,34.3719021355347,20,84
84,203,44.684658384951575,2.0472424936807605,34.092705426376725,21,85
85,203,46.76434810185016,2.058182858758529,33.79625652467875,22,86
86,203,48.84204646243699,2.0652299257017885,33.48910508936255,23,87
87,203,50.922241900163485,2.069185366685834,33.1749033315227,24,88
88,203,53.00240637968931,2.070645594920181,32.85706254402342,25,89
