,particle_id,r,phi,z,layer_id,hit_id
1,436,3.1000591284920005,-1.7267833536599313,-0.6832636764933682,1,2
2,436,5.181201940250677,-1.727322452320313,-1.1637665093583465,2,3
3,436,7.260610791475269,-1.7275477371900791,-1.6529442750297465,3,4
4,436,9.338280913558036,-1.7274709792323455,-2.142795198305265,4,5
5,436,11.418270756601894,-1.7271000489939932,-2.625337974374787,5,6
6,436,13.498056042647102,-1.7264404344603443,-3.089736163003174,6,7
7,436,15.576012807875276,-1.7254960543645017,-3.5236689977384046,7,8
8,436,17.655335152902392,-1.7242662108380675,-3.9134102996220896,8,9
9,436,19.73357197333941,-1.7227509002521633,-4.240740606561243,9,10
10,436,21.812900526373003,-1.7209455925469666,-4.483448716907571,10,11
11,436,23.8933092580891,-1.7188464376151749,-4.611764413229412,11,12
12,436,25.97209207434488,-1.7164548293742408,-4.585151491614827,12,13
13,436,28.050198149252648,-1.7137762845955398,-4.346018648980003,13,14
14,436,30.13020016113008,-1.710834970210902,-3.8054999803709713,14,15
15,436,32.20848066112902,-1.7077241373809933,-2.817233045379254,15,16
16,436,34.28772869421262,-1.7047174130854497,-1.098495509004472,16,17
17,436,36.366776663606494,-1.7028785122736358,2.041585763916231,17,18
18,436,38.44598564688101,-1.7116631125811903,10.282686742707291,18,19
19,436,38.4456809000092,-1.7709711204978698,23.56128745043467,18,20
20,436,38.4462007375163,-2.506133914566329,35.19159239860853,18,21
21,436,40.5253933208451,-2.7033429567859373,27.131504726311405,19,22
22,436,42.60420623387672,-2.937264333990194,9.742716000920773,20,23
23,436,42.60414329077482,-3.039554384008472,-0.7953900522821158,20,24
24,436,42.60459208326023,2.736800617332725,-25.9616094818918,20,25
25,436,44.68350995365615,2.647503825203127,-24.711898609057062,21,26
26,436,46.763695593805615,2.583762636753027,-23.097918245527485,22,27
27,436,48.84173665607475,2.533506677818244,-21.37491231338884,23,28
28,436,50.92176449424831,2.491942408802873,-19.61869132071081,24,29
29,436,53.0002935865494,2.4567045566469057,-17.86784749247975,25,30
