,particle_id,r,phi,z,layer_id,hit_id
3650,2006,3.1005923547369947,2.862113050437021,-15.347646787905347,1,3651
3651,2006,5.179706749476387,3.0426050789762,-17.17416477522187,2,3652
3652,2006,7.259857811525318,3.124895880079685,-18.647488561684952,3,3653
3653,2006,9.337530611896202,-3.108392379599029,-19.89851938049829,4,3654
3654,2006,11.418409976847228,-3.073365372418833,-20.987822723996217,5,3655
3655,2006,13.498001209174369,-3.046591958256508,-21.945032448205964,6,3656
3656,2006,15.575357994169291,-3.024893071087723,-22.790468576038933,7,3657
3657,2006,17.655517296489275,-3.006506221129545,-23.54003664356896,8,3658
3658,2006,19.735032986278387,-2.990454336854196,-24.20218951045652,9,3659
3659,2006,21.814579301172493,-2.976089116907178,-24.784315390218666,10,3660
3660,2006,23.89239589610489,-2.962991607358863,-25.291220614761272,11,3661
3661,2006,25.97169674926341,-2.950840841459242,-25.72746879714535,12,3662
3662,2006,28.051619658925297,-2.93942465041821,-26.09541088683885,13,3663
3663,2006,30.12937945043258,-2.9285932937134938,-26.39633713422669,14,3664
3664,2006,32.20876321406034,-2.9181993342959243,-26.63172520108852,15,3665
3665,2006,34.28814126652858,-2.908149510183846,-26.80148397272613,16,3666
3666,2006,36.36900535623169,-2.898352881901936,-26.905130430510454,17,3667
3667,2006,38.44690388794293,-2.888758798840716,-26.94126809102704,18,3668
3668,2006,40.52597105874205,-2.879285242078814,-26.908053627625137,19,3669
3669,2006,42.60680751986597,-2.869872545112818,-26.80247872078993,20,3670
3670,2006,44.683521496852016,-2.8604932015320133,-26.621138763860912,21,3671
3671,2006,46.7633218225286,-2.851061167095027,-26.35843638972036,22,3672
3672,2006,48.84316622908603,-2.8415348557618123,-26.00804030219476,23,3673
3673,2006,50.923327871434005,-2.831853063723449,-25.56137526321972,24,3674
3674,2006,53.00106276551493,-2.82196080890898,-25.00801803448833,25,3675
