,particle_id,r,phi,z,layer_id,hit_id
571,683,3.1007529037102,1.699827272883899,2.826008817790054,1,572
572,683,5.1804147593381,1.7154495862076695,4.646768122075073,2,573
573,683,7.260615118588894,1.7294262026751457,6.417293251700556,3,574
574,683,9.337834394357856,1.7420519677652662,8.140202500191876,4,575
575,683,11.418683772974733,1.7535995899634356,9.825099011591632,5,576
576,683,13.49777499012599,1.7642143571158135,11.470707583368448,6,577
577,683,15.57793521357516,1.7740483800840607,13.081694112281069,7,578
578,683,17.65734373135723,1.783201397421158,14.658487212359596,8,579
579,683,19.735353239166688,1.7917588243695703,16.20205294640865,9,580
580,683,21.815709261814643,1.7998069844002005,17.71620376013505,10,581
581,683,23.892800509876523,1.8073833445782777,19.197634024643627,11,582
582,683,25.971809492471568,1.8145564884462912,20.65058024706631,12,583
583,683,28.051584932276484,1.8213632701069231,22.074475709697065,13,584
584,683,30.13129721483711,1.827836281153859,23.468841163476306,14,585
585,683,32.21037588987274,1.8340044029638407,24.83323707302869,15,586
586,683,34.288450304513546,1.839893269652912,26.167218880887862,16,587
587,683,36.3687983150315,1.845534963086812,27.47246862572289,17,588
588,683,38.44775502961359,1.8509396239918847,28.746117296147645,18,589
589,683,40.52520441981046,1.8561253234928543,29.98745197128147,19,590
590,683,42.60447520573542,1.8611162773858247,31.19758678250306,20,591
591,683,44.68530141526519,1.8659257218705905,32.37524963688809,21,592
592,683,46.76389508181023,1.870557989849575,33.517095122726985,22,593
593,683,48.8431559688693,1.8750316288308515,34.62334195862902,23,594
594,683,50.92231993055535,1.8793559302551448,35.69194103409148,24,595
595,683,53.00037739769163,1.8835392334677823,36.72054114094943,25,596
