,particle_id,r,phi,z,layer_id,hit_id
238,419,3.101342303658208,-1.0691012643459596,-3.6908493445074697,1,239
239,419,5.180151325754816,-1.1291681103521691,-5.974330270240365,2,240
240,419,7.259253109376745,-1.189455976427349,-8.081749626739352,3,241
241,419,9.338327240997414,-1.2495826596099502,-9.996785080545266,4,242
242,419,11.417990277606355,-1.3091927715658014,-11.708680593016693,5,243
243,419,13.497405081193724,-1.3679113665347664,-13.210595447735653,6,244
244,419,15.575525012502826,-1.4254000646120506,-14.500988471419518,7,245
245,419,17.654661998672342,-1.4814659974793474,-15.58491520787528,8,246
246,419,19.734733381750186,-1.5359060475773594,-16.46945157325173,9,247
247,419,21.812896220869835,-1.5885064034453595,-17.163844533873785,10,248
248,419,23.89170994128513,-1.6392462241410446,-17.681433559232346,11,249
249,419,25.971281815606268,-1.688084882890114,-18.03555708522757,12,250
250,419,28.05129024880476,-1.7350093354184546,-18.24000816289021,13,251
251,419,30.131066134302,-1.7800295087138434,-18.308646168204525,14,252
252,419,32.20968025992284,-1.82317397936914,-18.25508518221431,15,253
253,419,34.28841693912583,-1.8645325743083587,-18.09220688455561,16,254
254,419,36.36866493699036,-1.904202447026608,-17.831775337623228,17,255
255,419,38.44699276458947,-1.942195885767367,-17.485320744316226,18,256
256,419,40.52738350794631,-1.9786654307296188,-17.06230946769078,19,257
257,419,42.60649802940437,-2.0136318240637334,-16.572571195309635,20,258
258,419,44.68351019623162,-2.0471635099982044,-16.02473210326322,21,259
259,419,46.76299998789543,-2.0794105263160745,-15.424981173191425,22,260
260,419,48.8418708480287,-2.110396540867927,-14.780741292340393,23,261
261,419,50.92242310485097,-2.140225044906878,-14.097109648805176,24,262
262,419,53.00167169381253,-2.168919445763823,-13.380183206281927,25,263
