,particle_id,r,phi,z,layer_id,hit_id
125,223,3.1005132724584503,-2.8825537907226964,1.0996000333066496,1,126
126,223,5.18078402869979,-2.88889836812247,1.805389283755544,2,127
127,223,7.258386030412256,-2.895048365204277,2.4773043299954987,3,128
128,223,9.339099571283604,-2.900999157943714,3.109730474855457,4,129
129,223,11.41852790738125,-2.9067113256241464,3.692542639402448,5,130
130,223,13.496562255656611,-2.912152325811712,4.215548017301848,6,131
131,223,15.576820720353082,-2.9172909268279748,4.667472948581604,7,132
132,223,17.655126944703515,-2.9220662968006663,5.032945096037348,8,133
133,223,19.734986197190008,-2.926423249263608,5.295257847941603,9,134
134,223,21.81401550900378,-2.9302765261451165,5.433099257582883,10,135
135,223,23.892302312401377,-2.9335248273996366,5.421099512334056,11,136
136,223,25.971515349375405,-2.9360391371178336,5.227857430740891,12,137
137,223,28.0504346449302,-2.937646171628117,4.814507386334932,13,138
138,223,30.12984518342903,-2.9381199517598526,4.132190679043697,14,139
139,223,32.20956447499761,-2.9371566704109977,3.119428805086976,15,140
140,223,34.28761512621657,-2.9343480906782964,1.6997954997564113,16,141
141,223,36.36755598599483,-2.92912471191332,-0.227861194555087,17,142
142,223,38.44674102332764,-2.920709800904936,-2.785237188332598,18,143
143,223,40.52556389143439,-2.908024799019083,-6.122006670457281,19,144
144,223,42.60436519194259,-2.889615228265032,-10.40293085274369,20,145
145,223,44.6834294606932,-2.863671389064925,-15.763973676444245,21,146
146,223,46.76278732328097,-2.8283909826085285,-22.201633641602623,22,147
147,223,48.84235055070894,-2.7829969357515045,-29.39474192234779,23,148
148,223,50.92126663455211,-2.729118424214643,-36.60437613422423,24,149
149,223,53.00019545981152,-2.6708252679067632,-42.90835681932656,25,150
