,particle_id,r,phi,z,layer_id,hit_id
324,251,3.100380671316337,-2.809128115795614,6.352050311548322,1,325
325,251,5.17955620188202,-2.556674135812942,8.077511187109764,2,326
326,251,7.258866768285141,-2.439482399676145,9.128774799456092,3,327
327,251,9.338613864980344,-2.3734291926641027,9.80895877529488,4,328
328,251,11.417799745002918,-2.33283740322896,10.222464547533455,5,329
329,251,13.496506750331577,-2.3070499916159988,10.416871603201024,6,330
330,251,15.575902335389609,-2.290787579801047,10.415999134045606,7,331
331,251,17.654795681000785,-2.281124336763833,10.231586855637437,8,332
332,251,19.733820397186808,-2.276267756975155,9.868440033084276,9,333
333,251,21.81364131930696,-2.275049398640665,9.326690062228646,10,334
334,251,23.892961315377864,-2.2766537794800685,8.603971703235434,11,335
335,251,25.97230841474332,-2.2804707160781503,7.695363825049728,12,336
336,251,28.050011489957544,-2.2860065516907264,6.595536987806078,13,337
337,251,30.129675049154788,-2.2928479471788643,5.295309293243243,14,338
338,251,32.20853004585262,-2.300589724957176,3.7885879604091706,15,339
339,251,34.28817289827903,-2.3088362254055186,2.0666875164036185,16,340
340,251,36.36793847272988,-2.3171532160058046,0.1232944875062642,17,341
341,251,38.4463171034189,-2.3250483338558388,-2.044992713625412,18,342
342,251,40.52614293726469,-2.331965874565957,-4.443184600974485,19,343
343,251,42.60481811249791,-2.33722537330126,-7.065490070643932,20,344
344,251,44.68394485166463,-2.3400302067260244,-9.903096985769684,21,345
345,251,46.76345003684951,-2.3394329424324924,-12.932795235283493,22,346
346,251,48.8425439437835,-2.3343606087956594,-16.110905477803676,23,347
347,251,50.92182648295324,-2.3236977746366287,-19.368034781229223,24,348
348,251,53.00021291264071,-2.306501506330808,-22.597523311273747,25,349
