,particle_id,r,phi,z,layer_id,hit_id
0,69,3.100556741345544,1.8092370896857568,2.424201074436568,1,1
1,69,5.179505316316423,1.8033665495177376,3.633466166094728,2,2
2,69,7.258918815168042,1.780111531949614,4.437310493939732,3,3
3,69,9.3377194271978,1.742144445236576,4.818121902762872,4,4
4,69,11.41679318701543,1.6972532327508574,4.840043133210445,5,5
5,69,13.49634277137184,1.6538892323413246,4.618597033061995,6,6
6,69,15.5760036657815,1.6167381063592567,4.256124992852607,7,7
7,69,17.654906022158617,1.58691192096241,3.816979021915176,8,8
8,69,19.73386023499935,1.5637994533250092,3.3355127173176253,9,9
9,69,21.81381475289523,1.5463221110141088,2.829109563198389,10,10
10,69,23.89209460908176,1.5334446371553487,2.3073270694325565,11,11
11,69,25.971424223113285,1.5242533964055525,1.7739373471951776,12,12
12,69,28.051772757527964,1.518034227329918,1.2310842810394051,13,13
13,69,30.13036833719273,1.5142267450221163,0.6804372388629796,14,14
14,69,32.21026469758147,1.512379076793351,0.1214853902388584,15,15
15,69,34.2878286269558,1.5121430793801165,-0.4448394019395199,16,16
16,69,36.36762699717271,1.5132409833425968,-1.0200140984047774,17,17
17,69,38.447366875726914,1.515452916194607,-1.603741370119996,18,18
18,69,40.52668797872669,1.518601136320553,-2.196280616374456,19,19
19,69,42.604233138744135,1.5225395101557075,-2.797604113963731,20,20
20,69,44.68562669120855,1.5271637519246066,-3.4097214587384688,21,21
21,69,46.76370762281377,1.5323634748599415,-4.0308818158075805,22,22
22,69,48.84341950563684,1.5380724629325246,-4.662881357168093,23,23
23,69,50.92187013697675,1.544218712021904,-5.305150381887698,24,24
24,69,53.0026432816266,1.5507598825199542,-5.959085989989852,25,25
