,particle_id,r,phi,z,layer_id,hit_id
581,455,3.102754243172885,0.7527930312478326,0.1089103372733433,1,582
582,455,5.180100028548769,0.7326048993181722,0.1840360973256878,2,583
583,455,7.25977669921153,0.7133582326664362,0.2625246067848508,3,584
584,455,9.338365729460213,0.6949551043903627,0.3455418106849492,4,585
585,455,11.419475034595164,0.6772531561523362,0.4345546467261556,5,586
586,455,13.497559039342644,0.6602037446117422,0.530682467101002,6,587
587,455,15.57730296103775,0.6436846850902067,0.6355570202716336,7,588
588,455,17.65720410566081,0.6276355412460458,0.7506192733788595,8,589
589,455,19.73597581377249,0.612000984159844,0.8773994723037788,9,590
590,455,21.812500926934487,0.5967301546449422,1.0175330193673489,10,591
591,455,23.892559363640338,0.581727659646699,1.1733128420008256,11,592
592,455,25.971812108545247,0.5669761957712184,1.3465209104657987,12,593
593,455,28.05264367627565,0.552412788854482,1.539668305147444,13,594
594,455,30.1305793883896,0.538024629199488,1.7548850773027738,14,595
595,455,32.21105117917705,0.5237313854001922,1.9956159648305487,15,596
596,455,34.28915599677915,0.5095246251181633,2.264566438056832,16,597
597,455,36.36957111936182,0.4953297947524153,2.566085630152955,17,598
598,455,38.44662816326949,0.481141755689931,2.903639026134968,18,599
599,455,40.52695310590329,0.4668689624937301,3.283335282098264,19,600
600,455,42.60663065929607,0.4524881446021762,3.710470634293898,20,601
601,455,44.68400872330925,0.4379556740475436,4.191665796879974,21,602
602,455,46.76502860887038,0.423166851719122,4.736905143698593,22,603
603,455,48.84190565132432,0.4081037479672567,5.35460619310409,23,604
604,455,50.92186528134312,0.3926259350788327,6.059994091322821,24,605
605,455,53.000188975619885,0.3766588222734134,6.868340408244848,25,606
