,particle_id,r,phi,z,layer_id,hit_id
302,282,3.100124802659828,-3.008949438416496,5.532329501639715,1,303
303,282,5.179862061809989,-3.067642797617282,8.354172335980849,2,304
304,282,7.258540890410933,-3.118445625358208,10.661423182704771,3,305
305,282,9.33790023386839,3.11962298483468,12.556800287619694,4,306
306,282,11.417361428683362,3.0788586782741265,14.108479706656674,5,307
307,282,13.496459630237212,3.041557123308144,15.36615174003743,6,308
308,282,15.576464914574196,3.007069479783684,16.368326515095923,7,309
309,282,17.65555106604176,2.974971093825194,17.143755104152966,8,310
310,282,19.735668448161224,2.944891346929707,17.716993071008368,9,311
311,282,21.8147657547036,2.91659830964744,18.10705717723776,10,312
312,282,23.89276734995854,2.8898849454601296,18.33056746460032,11,313
313,282,25.971347413671364,2.8645645344488027,18.40163218273633,12,314
314,282,28.051074995628536,2.840497443581594,18.3319821564936,13,315
315,282,30.130915355177,2.8175852994385733,18.13182470212985,14,316
316,282,32.21057761585733,2.795737519482848,17.810163842022483,15,317
317,282,34.28760980937636,2.774898093661201,17.375455371867083,16,318
318,282,36.36855809176648,2.754933516640372,16.83311439388097,17,319
319,282,38.44627885502898,2.735853059393905,16.19099864687265,18,320
320,282,40.52537172188872,2.717560859280772,15.453143612686825,19,321
321,282,42.60500305510511,2.700018864852126,14.62438807376146,20,322
322,282,44.68451801062907,2.6831913615418257,13.709054776131282,21,323
323,282,46.763408730649175,2.667044899079167,12.710965945692152,22,324
324,282,48.84435807179317,2.651525772826032,11.63181056016704,23,325
325,282,50.92092152681234,2.636650680856212,10.47765694285124,24,326
326,282,53.00210481096116,2.6223276548066106,9.245646827884912,25,327
