,particle_id,r,phi,z,layer_id,hit_id
211,376,3.1001426863131782,2.369512551813393,5.844838426747579,1,212
212,376,5.179176876577597,2.5111824399625977,9.716125813358088,2,213
213,376,7.25872071223602,2.618618116662365,13.244633544193794,3,214
214,376,9.338018658224293,2.6996183911861173,16.356151528953102,4,215
215,376,11.41679760946743,2.760449826437448,19.03690474276318,5,216
216,376,13.49675709402779,2.805649441888592,21.29344851688133,6,217
217,376,15.575621730390198,2.838366825077923,23.132279860386795,7,218
218,376,17.654542723289,2.86098252885722,24.56474933671274,8,219
219,376,19.733770277104032,2.8753193154744108,25.602124325180743,9,220
220,376,21.81300301481384,2.8828675178619867,26.2576165127592,10,221
221,376,23.892223840493283,2.8849118537476954,26.54778542630068,11,222
222,376,25.971600323615004,2.882588794578073,26.492455408708903,12,223
223,376,28.050256681386724,2.876914146737044,26.114231704596584,13,224
224,376,30.129399004875577,2.8687805449159063,25.43669166091794,14,225
225,376,32.20893102956483,2.858963982840867,24.48306046324716,15,226
226,376,34.28824176482504,2.84812771622278,23.274887746345463,16,227
227,376,36.36715295743121,2.8368253223606703,21.83003024496204,17,228
228,376,38.446754986150125,2.825510575392153,20.16022225101656,18,229
229,376,40.52548844337004,2.81458100161264,18.27265293453952,19,230
230,376,42.60438604239221,2.8043783776242712,16.16370804907451,20,231
231,376,44.68463860248536,2.7952435567277334,13.816876759468048,21,232
232,376,46.76313051196655,2.7875975760473533,11.201199411759088,22,233
233,376,48.84178509610703,2.7820324762463686,8.243345566533344,23,234
234,376,50.92096396798807,2.779710302748945,4.783620234382132,24,235
235,376,53.00023757125625,2.7840573407973506,0.3386363867837318,25,236
