,particle_id,r,phi,z,layer_id,hit_id
725,882,3.102477009136307,1.340577064847642,-1.211547530825289,1,726
726,882,5.181911481333104,1.3628426246883676,-2.0924494249485512,2,727
727,882,7.259587998994614,1.3832626981270946,-3.0172340792720256,3,728
728,882,9.338707511858097,1.4021132165686354,-3.9803387030643584,4,729
729,882,11.418801344021745,1.419582919136951,-4.975974215979626,5,730
730,882,13.497801029441472,1.4358135079228642,-5.998533970863459,6,731
731,882,15.578064960492371,1.4509540238455223,-7.045354253340076,7,732
732,882,17.656555434886158,1.4650912752054677,-8.111695633228003,8,733
733,882,19.73429960697142,1.4783249299137604,-9.195343342353276,9,734
734,882,21.81316356879444,1.4907434828388633,-10.294968885755877,10,735
735,882,23.892210646718347,1.5024060220632502,-11.408110343949817,11,736
736,882,25.970948895907764,1.5133659243210174,-12.53279261531285,12,737
737,882,28.052933119903027,1.523688860140903,-13.669475510190937,13,738
738,882,30.131190097121888,1.5333822791019929,-14.81305442339509,14,739
739,882,32.209910114205016,1.5425034428558475,-15.964683985791842,15,740
740,882,34.28996719297738,1.5510870679337296,-17.123868214915234,16,741
741,882,36.36869040169026,1.5591497360972415,-18.288250969118927,17,742
742,882,38.447323885807606,1.566720940126813,-19.45776272339545,18,743
743,882,40.52730290656199,1.5738266144359585,-20.632549472886367,19,744
744,882,42.60636554160898,1.5804773982795806,-21.81075366535453,20,745
745,882,44.68617838929838,1.5866948740394462,-22.99281395233497,21,746
746,882,46.76463845674439,1.5924870609440724,-24.17709825116968,22,747
747,882,48.84356956043152,1.597871579095961,-25.364272385395594,23,748
748,882,50.920969329849534,1.6028541434565666,-26.55287927830889,24,749
749,882,53.002628625059074,1.6074569615660512,-27.74598018367311,25,750
