,particle_id,r,phi,z,layer_id,hit_id
1830,638,3.100688499788635,1.031220546360026,3.1701652086912304,1,1831
1831,638,5.179628730502016,0.9621919007855368,5.053299165247225,2,1832
1832,638,7.258664135855784,0.9012136030699583,6.689173207895962,3,1833
1833,638,9.337734598791585,0.8466983334238577,8.047429900797724,4,1834
1834,638,11.416673938146308,0.797153391529529,9.101400435548513,5,1835
1835,638,13.496371906795764,0.7512080018129507,9.82228695755468,6,1836
1836,638,15.57554368608247,0.7076528441334129,10.172865752891482,7,1837
1837,638,17.655101791260947,0.6652693114832482,10.10354573549941,8,1838
1838,638,19.73419039150964,0.6228075638682986,9.544157096761792,9,1839
1839,638,21.81299223832622,0.5787674634985857,8.392397505420618,10,1840
1840,638,23.89206354094728,0.5311386522420422,6.492106558042181,11,1841
1841,638,25.97102438296776,0.4769096801436144,3.5944691420595234,12,1842
1842,638,28.05023763810329,0.41094342779139,-0.722273607988626,13,1843
1843,638,30.129662997396245,0.3237803234408049,-7.189749513837526,14,1844
1844,638,32.20840420521897,0.2001187072947901,-16.803428174464514,15,1845
1845,638,34.2879481603776,0.0394127388287451,-28.948908386879204,16,1846
1846,638,36.367184237570825,-0.1136988420016945,-39.864318234091385,17,1847
1847,638,38.44614021703466,-0.2345541336380326,-48.13875073873844,18,1848
1848,638,40.52519130791989,-0.3283211104562708,-54.46794169876283,19,1849
1849,638,42.60438278188269,-0.4025047428610744,-59.5053916370544,20,1850
1850,638,44.683975321164574,-0.4620467665626979,-63.64998968530326,21,1851
1851,638,46.7631213426064,-0.5098597898999883,-67.14906299591892,22,1852
1852,638,48.84194064735856,-0.5475002483136158,-70.17955894581821,23,1853
1853,638,50.92083658507088,-0.5753344257414428,-72.8984884840175,24,1854
1854,638,53.00038699849349,-0.5922216086529964,-75.50109754218511,25,1855
