,particle_id,r,phi,z,layer_id,hit_id
4108,1770,3.100702923173733,-1.8866692117754853,0.0066867617998553,1,4109
4109,1770,5.180336406653165,-1.9542019761376417,0.3309638060000424,2,4110
4110,1770,7.259400609316726,-2.0218083941333624,1.0254271753000168,3,4111
4111,1770,9.33797812484326,-2.09135674350134,2.254405034463879,4,4112
4112,1770,11.417219202713,-2.16738253707094,4.35204924010241,5,4113
4113,1770,13.496186091256387,-2.264414281377667,8.316157899311385,6,4114
4114,1770,13.495802041658534,-2.8287046787492782,38.54072568682477,6,4115
4115,1770,13.49604870591507,2.614697279752119,72.66381574708463,6,4116
4116,1770,15.575064508678237,2.337799534392727,90.21151674828197,7,4117
4117,1770,15.57492273660606,2.1130096555622475,113.38891380789704,7,4118
4118,1770,13.495681016227412,2.019089465296647,114.62343133810758,6,4119
4119,1770,11.416498803141724,1.864017651441831,111.63183247604968,5,4120
4120,1770,11.416894187442104,1.15275228931811,80.63416009924339,5,4121
4121,1770,13.495867300016531,1.253614390894337,59.71562568583058,6,4122
4122,1770,15.575058475815595,1.5245193895952658,42.16573489635219,7,4123
4123,1770,17.654239543652995,1.7270081169375973,31.6640150984358,8,4124
4124,1770,19.73452658373301,1.8693115390860888,24.33199096639868,9,4125
4125,1770,21.81367435036875,1.975633837141049,18.57256299553569,10,4126
4126,1770,23.89263604105948,2.058894649692508,13.746689775213357,11,4127
4127,1770,25.971685089594686,2.1262533876630347,9.54778440808166,12,4128
4128,1770,28.050506476447826,2.1820376410168345,5.806705238185408,13,4129
4129,1770,30.13026160804888,2.229089761183303,2.417644535252826,14,4130
4130,1770,32.21088041299715,2.269323958617627,-0.6871943797089557,15,4131
4131,1770,34.28927786525865,2.3040557413611538,-3.55079949559169,16,4132
4132,1770,36.36761378760119,2.3343339066651363,-6.210685350898764,17,4133
4133,1770,38.44849605752282,2.360945832468912,-8.695359880256817,18,4134
4134,1770,40.52697760490046,2.384409965507353,-11.018450428437433,19,4135
4135,1770,42.60664437881055,2.405225680551073,-13.199428869725054,20,4136
4136,1770,44.6842578558291,2.423724339706548,-15.247189588032867,21,4137
4137,1770,46.76439094108011,2.4402380399647585,-17.17608761262006,22,4138
4138,1770,48.84347849436895,2.454974227184397,-18.990792057997112,23,4139
4139,1770,50.92202595002742,2.4681339858731666,-20.698578683028188,24,4140
4140,1770,53.00137936814494,2.479887581023612,-22.30613050705909,25,4141
