,particle_id,r,phi,z,layer_id,hit_id
914,1179,3.100978189927399,-1.7296509296091207,0.7265662543207743,1,915
915,1179,5.179692250446344,-1.741563792636529,1.0547766823483329,2,916
916,1179,7.259106461479516,-1.7472839520159469,1.2958985832527254,3,917
917,1179,9.337678308620063,-1.7504265502594885,1.4631959936946757,4,918
918,1179,11.41790689180767,-1.7523541821611597,1.5642041186385498,5,919
919,1179,13.496695700194268,-1.7536656207938195,1.603142328755835,6,920
920,1179,15.575544756361143,-1.7546580252324495,1.582765773294085,7,921
921,1179,17.654581294130274,-1.7554869256275707,1.5046336112469962,8,922
922,1179,19.734870660811307,-1.7562382231941378,1.3694566117527636,9,923
923,1179,21.81480488032531,-1.7569595621404537,1.1775431365428162,10,924
924,1179,23.892315071410035,-1.7576775315371338,0.9289840527994836,11,925
925,1179,25.97121323635745,-1.758408482091902,0.6227677711159458,12,926
926,1179,28.050331078979845,-1.759159678191616,0.2580582453783844,13,927
927,1179,30.13027246381073,-1.7599344323058437,-0.1665587767130176,14,928
928,1179,32.210348227135654,-1.7607326426886516,-0.652563931819607,15,929
929,1179,34.288101786578885,-1.7615515197344778,-1.2011828453232862,16,930
930,1179,36.36738789928594,-1.7623894008844756,-1.8156293851204144,17,931
931,1179,38.44710662482471,-1.7632416817162695,-2.4982656365780542,18,932
932,1179,40.52648838180033,-1.764103026413838,-3.2518364020659183,19,933
933,1179,42.60496102026472,-1.764967409728757,-4.079508223523314,20,934
934,1179,44.68483252171022,-1.765829229553464,-4.986180519574435,21,935
935,1179,46.76267053468589,-1.7666796463847951,-5.974867257201479,22,936
936,1179,48.843206168053925,-1.767512134260899,-7.053122643801261,23,937
937,1179,50.922335604176,-1.7683153163478649,-8.225015554812396,24,938
938,1179,53.00092581702869,-1.7690782549633512,-9.498054255321597,25,939
