,particle_id,r,phi,z,layer_id,hit_id
2177,925,3.101823738757804,-2.9000826408701976,1.3875560439471926,1,2178
2178,925,5.181623874061346,-2.903409652012679,2.3088639667090938,2,2179
2179,925,7.258501613857995,-2.9066829369230254,3.2214976304768896,3,2180
2180,925,9.339331653813693,-2.9099206788082554,4.128430969148027,4,2181
2181,925,11.418095908751573,-2.913120952192422,5.027048438848212,5,2182
2182,925,13.49719135513072,-2.916295155291099,5.91847542228818,6,2183
2183,925,15.578832476008907,-2.919454524434644,6.803792974039958,7,2184
2184,925,17.656754230225047,-2.9225977578793456,7.680560904262515,8,2185
2185,925,19.73701491789916,-2.9257426074003017,8.551639149629358,9,2186
2186,925,21.81310450731383,-2.928888252141397,9.414692225660549,10,2187
2187,925,23.894579102225475,-2.932058809402234,10.274166321347096,11,2188
2188,925,25.97447023970532,-2.9352540597415624,11.127755721073768,12,2189
2189,925,28.05363640628242,-2.9384865007463863,11.976532565118305,13,2190
2190,925,30.13253099597466,-2.9417691041108887,12.821538711813051,14,2191
2191,925,32.21115022999157,-2.94511546180165,13.66379449064968,15,2192
2192,925,34.28897726108009,-2.948539943987978,14.50431042474176,16,2193
2193,925,36.36853733069486,-2.9520640924256925,15.345565534685782,17,2194
2194,925,38.4478478736867,-2.955704575322107,16.18850932648771,18,2195
2195,925,40.52761632123511,-2.959485892011511,17.035545171444685,19,2196
2196,925,42.607325475487016,-2.963434664720362,17.88904064601801,20,2197
2197,925,44.68507013329686,-2.9675801195271245,18.751370798054776,21,2198
2198,925,46.7635957028488,-2.97196817248268,19.627616884014053,22,2199
2199,925,48.84285340514248,-2.976649964633004,20.52278963758636,23,2200
2200,925,50.92239640416671,-2.9816903625522646,21.443219124752755,24,2201
2201,925,53.000101021160944,-2.9871708248243807,22.39659529410725,25,2202
