,particle_id,r,phi,z,layer_id,hit_id
525,393,3.1008598839551182,0.524554371664435,1.188987147140514,1,526
526,393,5.180166015573031,0.5205576435790763,1.9738602268278669,2,527
527,393,7.261028887546355,0.516590421517391,2.7494923681786414,3,528
528,393,9.337508845128998,0.5126643986782711,3.513722955105252,4,529
529,393,11.418665552579254,0.5087631329230112,4.269843904479009,5,530
530,393,13.49881926445632,0.5048982724941458,5.015657835977597,6,531
531,393,15.576095226016992,0.5010743367525597,5.75035084813689,7,532
532,393,17.656163822721766,0.4972822357782774,6.475701685225561,8,533
533,393,19.733577386541462,0.4935334649957361,7.189528845495673,9,534
534,393,21.814109066437418,0.4898193934082062,7.893480391633082,10,535
535,393,23.89240939835607,0.4861515781940453,8.585359618102745,11,536
536,393,25.974272123125576,0.4825220341343653,9.26665790652939,12,537
537,393,28.050734707571923,0.4789487326540038,9.933989274727098,13,538
538,393,30.13124018235723,0.4754180067897723,10.589889078411302,14,539
539,393,32.210509398764145,0.4719417700449222,11.232115543227165,15,540
540,393,34.290555557739204,0.4685197310716592,11.860703424302397,16,541
541,393,36.36971800176576,0.4651579538908855,12.47452252686267,17,542
542,393,38.44632543708082,0.4618625830666034,13.07244997622528,18,543
543,393,40.52570796755346,0.4586290413436698,13.655314507495923,19,544
544,393,42.6059499370323,0.455464659655321,14.221795512212529,20,545
545,393,44.6850814805865,0.4523769286778875,14.770579697156892,21,546
546,393,46.76446630895907,0.4493686480640234,15.301218778219472,22,547
547,393,48.84187669946107,0.4464482119748724,15.812308294387366,23,548
548,393,50.92160113520082,0.4436153536511065,16.303994837935306,24,549
549,393,53.00092190082909,0.4408801773933595,16.774655877587854,25,550
