,particle_id,r,phi,z,layer_id,hit_id
3046,1876,3.100629589076996,-1.9935071340578008,-2.662599157535009,1,3047
3047,1876,5.180195311272942,-2.097449110926485,-4.601286966459945,2,3048
3048,1876,7.259366295730624,-2.191865252374219,-6.574822205128481,3,3049
3049,1876,9.338773720898851,-2.2768556825582293,-8.528833686275316,4,3050
3050,1876,11.416863861582916,-2.353220516746015,-10.424817748683951,5,3051
3051,1876,13.496115260956122,-2.4221698345317697,-12.240972642006684,6,3052
3052,1876,15.57568318518284,-2.4847730125019427,-13.960737355836788,7,3053
3053,1876,17.65593320852641,-2.542017371801812,-15.573579017521483,8,3054
3054,1876,19.73373088773888,-2.5946479823203403,-17.069284166015397,9,3055
3055,1876,21.81329480930861,-2.6434501445935745,-18.44454652624886,10,3056
3056,1876,23.89345733748344,-2.6889357165434817,-19.69274774039646,11,3057
3057,1876,25.972624963787297,-2.731505729566066,-20.80767231753134,12,3058
3058,1876,28.05051491890836,-2.771501055298556,-21.784217981062373,13,3059
3059,1876,30.130021234128456,-2.809241797224167,-22.61856719452523,14,3060
3060,1876,32.20914298158273,-2.8448899152308846,-23.30466439574736,15,3061
3061,1876,34.288671401014994,-2.878604510566054,-23.83770516589012,16,3062
3062,1876,36.3681182019494,-2.910475933072775,-24.212614286599045,17,3063
3063,1876,38.44759992196602,-2.9405644119823995,-24.424763683866576,18,3064
3064,1876,40.525749567156446,-2.9688752674381185,-24.4699061168435,19,3065
3065,1876,42.605659348628016,-2.995443270810941,-24.344324270707528,20,3066
3066,1876,44.68479704041718,-3.0202018861776856,-24.04499983161716,21,3067
3067,1876,46.76299218396291,-3.04309612901444,-23.56996628318593,22,3068
3068,1876,48.8423672519867,-3.0640752335206853,-22.91751048043719,23,3069
3069,1876,50.92138188013924,-3.0830337492844047,-22.08800243163815,24,3070
3070,1876,53.0007915787649,-3.099878615770956,-21.082514967427183,25,3071
