,particle_id,r,phi,z,layer_id,hit_id
737,389,3.1001035179380314,-2.589743404912168,58.33885420615004,1,738
738,389,5.179589898244464,-2.87562212047412,71.44258638516416,2,739
739,389,7.258449058667055,-3.0065489744987275,81.67952921256668,3,740
740,389,9.33877249332308,-3.086563170556973,90.33301158238255,4,741
741,389,11.417110511356682,3.1411188239226986,97.8482408577188,5,742
742,389,13.497364849216732,3.0996970303981866,104.48668453344378,6,743
743,389,15.576478390562006,3.0674421571545034,110.39598294345268,7,744
744,389,17.6556507113699,3.0415690062867067,115.69081994355994,8,745
745,389,19.734669227206627,3.0204003455372845,120.4529220147661,9,746
746,389,21.81302595129012,3.0028431636480746,124.74493469263804,10,747
747,389,23.89399450495136,2.988119642765964,128.62353344114263,11,748
748,389,25.970906238630725,2.9757337450453347,132.11769599375617,12,749
749,389,28.05245439494676,2.965232932167073,135.2758320492842,13,750
750,389,30.12968883830557,2.9563576609887057,138.1126324178853,14,751
751,389,32.208365381787445,2.948842262210466,140.66062538085552,15,752
752,389,34.28802498629173,2.942501971030956,142.93927901330326,16,753
753,389,36.36940900987002,2.937184272674332,144.9666032633222,17,754
754,389,38.44839241313443,2.9327747056399005,146.75404360829563,18,755
755,389,40.52738947823188,2.9291637578396794,148.31743276379834,19,756
756,389,42.60659910398671,2.9262653868229944,149.66854614304145,20,757
757,389,44.68365476628972,2.924009771652087,150.8163406220181,21,758
758,389,46.7627652739303,2.9223310935727325,151.77210492742574,22,759
759,389,48.84230217602656,2.921179476146465,152.54258892309582,23,760
760,389,50.92397065115454,2.920510112707916,153.13494742428082,24,761
761,389,53.00006875032019,2.92028591844166,153.55336661832786,25,762
