,particle_id,r,phi,z,layer_id,hit_id
466,305,3.101378904398172,0.8027737366545777,0.429118405974263,1,467
467,305,5.179447110280889,0.805793134079965,0.6671758759765982,2,468
468,305,7.261970725858324,0.8087631257051479,0.8678226568672258,3,469
469,305,9.34070848983998,0.8116857569448773,1.0314863982959397,4,470
470,305,11.418863540813623,0.8145787311690499,1.159452101743856,5,471
471,305,13.499609371820029,0.8174590596268995,1.2524757270814586,6,472
472,305,15.57840274571191,0.820332894021926,1.310648800887483,7,473
473,305,17.654343367289265,0.823211510117763,1.3340718611608082,8,474
474,305,19.733693996978115,0.826116503725459,1.3224865859202843,9,475
475,305,21.81472377320968,0.8290591767517924,1.2751096282368906,10,476
476,305,23.895207357311268,0.8320511383939202,1.1909064144509909,11,477
477,305,25.97234205246584,0.8351044328731259,1.0685888720814187,12,478
478,305,28.053018402194272,0.8382475605536397,0.9056973489042868,13,479
479,305,30.132232431568,0.8414943392464596,0.6998490169803748,14,480
480,305,32.210466442256354,0.8448705260156577,0.4475147251994471,15,481
481,305,34.289309085260015,0.8484093358923452,0.143848160042987,16,482
482,305,36.36742540298872,0.8521468639202262,-0.217117800350902,17,483
483,305,38.44863832661305,0.8561400508094013,-0.6444517736482354,18,484
484,305,40.52529954643907,0.8604404121611009,-1.1479160397090735,19,485
485,305,42.60417438137816,0.865154608820445,-1.7452831787423353,20,486
486,305,44.685469314458494,0.8704230709305045,-2.46133734470244,21,487
487,305,46.76413513844697,0.8764549363733961,-3.333549374187898,22,488
488,305,48.84311545968591,0.8836565343561703,-4.433272972330865,23,489
489,305,50.9208789425122,0.8928908554521884,-5.911903455900051,24,490
490,305,53.00000809705158,0.907093358959256,-8.278781260161292,25,491
