,particle_id,r,phi,z,layer_id,hit_id
597,558,3.1000794396957025,-2.070701515079908,0.1983859405024168,1,598
598,558,5.179818951718089,-2.065452401493552,0.3410938542015906,2,599
599,558,7.260802420412595,-2.0603845454714524,0.492088570422232,3,600
600,558,9.338636919151783,-2.0554838228905656,0.6514074182066643,4,601
601,558,11.418872264977878,-2.050712752443571,0.8198150544924601,5,602
602,558,13.4967989433643,-2.046057718069732,0.9972576757604288,6,603
603,558,15.577428830000896,-2.041482387899619,1.1844843034220198,7,604
604,558,17.655413524001077,-2.036972179017773,1.3813301152857598,8,605
605,558,19.73479319422344,-2.032489933940307,1.588490750367102,9,606
606,558,21.81556244456744,-2.02800447111678,1.806321872234252,10,607
607,558,23.89372977827185,-2.023489128629721,2.034753891350181,11,608
608,558,25.97365351398429,-2.018893511950175,2.2746493803789303,12,609
609,558,28.051970720392035,-2.014176286868803,2.5260559076604103,13,610
610,558,30.12957338356386,-2.009275923830712,2.789555118604369,14,611
611,558,32.21035241203906,-2.004107331108844,3.066235691650598,15,612
612,558,34.28902639447665,-1.998584932532805,3.356083065244845,16,613
613,558,36.36669277089146,-1.992573679304008,3.66003658277358,17,614
614,558,38.44724783409669,-1.9858740077928976,3.979692500205864,18,615
615,558,40.52621179222263,-1.9782218536990628,4.315642530266924,19,616
616,558,42.605200603938506,-1.96917333845787,4.669755795175712,20,617
617,558,44.68480736279607,-1.957967305226481,5.044271587637857,21,618
618,558,46.76319193948412,-1.9431245504250727,5.441612786096152,22,619
619,558,48.84230771855795,-1.9209588629037468,5.865069812699258,23,620
620,558,50.92083948148824,-1.875920005815664,6.305943878238965,24,621
621,558,53.000791496096575,-1.3370893766521463,2.5226707413331257,25,622
