,particle_id,r,phi,z,layer_id,hit_id
3052,1728,3.100544052004159,-2.725833286338179,-0.1614567128009767,1,3053
3053,1728,5.180663457865416,-2.7199549879892904,-0.410182064165653,2,3054
3054,1728,7.259191334946135,-2.714424983256378,-0.7581940774329468,3,3055
3055,1728,9.339270571066,-2.7092246116943053,-1.1961309454890596,4,3056
3056,1728,11.41883896049626,-2.704348335368338,-1.7148032742769956,5,3057
3057,1728,13.496162190826956,-2.699788376429648,-2.30572424619146,6,3058
3058,1728,15.576126530316314,-2.6955228834505056,-2.963190511011831,7,3059
3059,1728,17.65469518777776,-2.6915494138074054,-3.679560458832185,8,3060
3060,1728,19.73437436175965,-2.6878524952084284,-4.449852890529968,9,3061
3061,1728,21.81477555422863,-2.684423053652563,-5.268678265331282,10,3062
3062,1728,23.892374362982707,-2.681256968040848,-6.129724683177969,11,3063
3063,1728,25.973736260580687,-2.6783355143573404,-7.031275560073773,12,3064
3064,1728,28.052289336552885,-2.6756599029590764,-7.966393156643747,13,3065
3065,1728,30.13156210045372,-2.67321777695625,-8.932791357178452,14,3066
3066,1728,32.20842590898304,-2.6710058583913665,-9.925420920159198,15,3067
3067,1728,34.29002079695369,-2.6690110319454097,-10.944388967724676,16,3068
3068,1728,36.369856978558445,-2.6672349253434264,-11.983402054689748,17,3069
3069,1728,38.44824100173814,-2.6656725685113627,-13.0395507885355,18,3070
3070,1728,40.52544648657855,-2.6643200457969365,-14.110050862705537,19,3071
3071,1728,42.605091065999325,-2.663172819873727,-15.193975707224132,20,3072
3072,1728,44.68382073092634,-2.6622315953929183,-16.28684537679745,21,3073
3073,1728,46.76493722588437,-2.661494798018478,-17.3876838317832,22,3074
3074,1728,48.8447368469524,-2.660964776933004,-18.49181363114761,23,3075
3075,1728,50.92269184626935,-2.660643375900559,-19.596190358714168,24,3076
3076,1728,53.00126980533262,-2.6605336730152924,-20.69929633845402,25,3077
