,particle_id,r,phi,z,layer_id,hit_id
1900,1338,3.100659628496491,-1.6248521026631726,2.0328159831267563,1,1901
1901,1338,5.179584773185805,-1.4926304440846132,3.785253528693115,2,1902
1902,1338,7.258411632022975,-1.3607659094206517,5.841615323435558,3,1903
1903,1338,9.337973849303063,-1.234592124641302,8.181914600623873,4,1904
1904,1338,11.41759187571549,-1.1167474698712818,10.791807997635932,5,1905
1905,1338,13.496415898661336,-1.007324760354848,13.674457934851452,6,1906
1906,1338,15.575421022070106,-0.9047462845065656,16.85691493421583,7,1907
1907,1338,17.654889174953276,-0.8066332310814872,20.388964385361643,8,1908
1908,1338,19.73398354325465,-0.7100586728215723,24.34725257980753,9,1909
1909,1338,21.813130893326623,-0.6112291942218604,28.852012449180464,10,1910
1910,1338,23.8918534920388,-0.5048740913344343,34.08674102579651,11,1911
1911,1338,25.97110093948756,-0.3828350086466803,40.331864572873485,12,1912
1912,1338,28.05025088937674,-0.2366004940251986,47.80202398111916,13,1913
1913,1338,30.12931107605161,-0.1333742109352531,54.19266206481333,14,1914
1914,1338,32.2087021950174,-0.2130106117049862,54.79105836473309,15,1915
1915,1338,34.28812782193352,-0.3096839308994172,54.012850361659446,16,1916
1916,1338,36.36692519121586,-0.3888802064300438,53.19356763761884,17,1917
1917,1338,38.44600875022255,-0.4541624076756221,52.435476526834414,18,1918
1918,1338,40.5262546985432,-0.5091983272142321,51.739212885448026,19,1919
1919,1338,42.606411028599865,-0.5564454057347289,51.095775839596335,20,1920
1920,1338,44.68379425643737,-0.597565898207954,50.49698154429579,21,1921
1921,1338,46.76364433250925,-0.6338765329385232,49.93417607103716,22,1922
1922,1338,48.84370703447814,-0.6662181408212052,49.40246833729503,23,1923
1923,1338,50.92175595667307,-0.6952323484980507,48.89801858561599,24,1924
1924,1338,53.00328254075788,-0.7215128292710139,48.416036183881786,25,1925
