,particle_id,r,phi,z,layer_id,hit_id
3209,1874,3.1005030071282373,-0.9657197156145788,4.6233583789408925,1,3210
3210,1874,5.180620399165438,-0.9502010465635988,7.633944967909102,2,3211
3211,1874,7.261393388241549,-0.9354102805446768,10.584275731107802,3,3212
3212,1874,9.3381571381597,-0.9212317860448812,13.475744414808467,4,3213
3213,1874,11.418933617775004,-0.9074947111705864,16.325879865543882,5,3214
3214,1874,13.49728138167952,-0.8941482669272309,19.13104681794869,6,3215
3215,1874,15.57847151467398,-0.8810806989630455,21.902763614686265,7,3216
3216,1874,17.65495647302745,-0.8682730004146798,24.634791713043896,8,3217
3217,1874,19.734308441573084,-0.8556208180856303,27.34040941945521,9,3218
3218,1874,21.81413077550397,-0.8430882527968933,30.0193095414419,10,3219
3219,1874,23.892451304649608,-0.8306410025767039,32.671546357257746,11,3220
3220,1874,25.971375990979897,-0.8182237302350819,35.30215377530431,12,3221
3221,1874,28.05332149625016,-0.8057816208610578,37.91627492652514,13,3222
3222,1874,30.12965866858823,-0.793327303737289,40.50509932463074,14,3223
3223,1874,32.21049155760688,-0.7807616974781711,43.08311716361954,15,3224
3224,1874,34.290959392242065,-0.7680751004322339,45.646054757466885,16,3225
3225,1874,36.369842356033416,-0.7552352935114038,48.19417429215503,17,3226
3226,1874,38.4494058099625,-0.7421866768415436,50.73198192708011,18,3227
3227,1874,40.5279184603832,-0.7288956944045885,53.259093128855056,19,3228
3228,1874,42.60685794809462,-0.7153046851686607,55.77907056718979,20,3229
3229,1874,44.68357264633806,-0.7013780443835153,58.290539167709326,21,3230
3230,1874,46.76512845011101,-0.6870075362635484,60.80398005948857,22,3231
3231,1874,48.84372920956184,-0.6721776219090012,63.31208044002277,23,3232
3232,1874,50.92085282347574,-0.6567993171283836,65.81895622834358,24,3233
3233,1874,53.00262495299166,-0.640730861929229,68.33464577810409,25,3234
