,particle_id,r,phi,z,layer_id,hit_id
2614,1488,3.102063827858793,-1.0665781496358169,-1.022991203493028,1,2615
2615,1488,5.1796251069089925,-1.0751334198165636,-1.632704265786451,2,2616
2616,1488,7.260189943691697,-1.0842161245863902,-2.1787802356163013,3,2617
2617,1488,9.338209621297317,-1.0939421119195851,-2.655214037149186,4,2618
2618,1488,11.418712658117968,-1.1045243236373905,-3.0570524428978985,5,2619
2619,1488,13.496551257941416,-1.1162040870827947,-3.374849731221304,6,2620
2620,1488,15.57663279013585,-1.1294103416675358,-3.5971244261764284,7,2621
2621,1488,17.655516570168807,-1.1447721962471633,-3.704591587539397,8,2622
2622,1488,19.733677648944145,-1.1634642183445354,-3.665588621353805,9,2623
2623,1488,21.812985549798466,-1.1880492649854115,-3.4166497104071425,10,2624
2624,1488,23.892161176132124,-1.226552029548255,-2.779008687933008,11,2625
2625,1488,23.89133614312458,-1.468654633894939,0.8082576052428294,11,2626
2626,1488,21.81190085440366,-1.615133201876417,1.5110017806800116,10,2627
2627,1488,19.73329976844204,-1.8007866058509103,1.506766937218316,9,2628
2628,1488,19.73393092574203,-2.6770067445898675,-5.290250542653482,9,2629
2629,1488,21.81319572504132,-2.8137691738879163,-8.358170508060862,10,2630
2630,1488,23.892129558052552,-2.893539993040428,-11.225558034133552,11,2631
2631,1488,25.97173542393018,-2.9426122711359475,-13.997399603482268,12,2632
2632,1488,28.050480722608096,-2.971838190793547,-16.672948213209192,13,2633
2633,1488,30.12919669798907,-2.9873756554946937,-19.22709489353325,14,2634
2634,1488,32.20867555484684,-2.993258578711146,-21.629915962264374,15,2635
2635,1488,34.28835176027698,-2.9923271149422628,-23.855018814020102,16,2636
2636,1488,36.36701414331207,-2.986630277431519,-25.884096563018048,17,2637
2637,1488,38.44689649542144,-2.9776116709793112,-27.710211485109305,18,2638
2638,1488,40.52507963550495,-2.9662784693885063,-29.32755887646229,19,2639
2639,1488,42.60420903292261,-2.953259190420073,-30.73798587915449,20,2640
2640,1488,44.68347506396563,-2.9389210575330105,-31.94069638392088,21,2641
2641,1488,46.76364873732092,-2.9233849746823704,-32.93333730917955,22,2642
2642,1488,48.84185269393471,-2.906564507117714,-33.70597540512487,23,2643
2643,1488,50.92158782563765,-2.8880133751987063,-34.239003773775515,24,2644
2644,1488,53.00069933000279,-2.866755733693473,-34.48357289399102,25,2645
