,particle_id,r,phi,z,layer_id,hit_id
91,303,3.1008373076287783,2.351351769400281,2.219498213003412,1,92
92,303,5.180455967122643,2.286729951181385,3.77758932209472,2,93
93,303,7.259365930797385,2.222234635807384,5.351729784976413,3,94
94,303,9.338178858889025,2.158916712745319,6.90825700179564,4,95
95,303,11.418126621865634,2.0977116222294603,8.417496811693006,5,96
96,303,13.496407907575756,2.039481721121158,9.853201845631247,6,97
97,303,15.57581328830556,1.9846918754197007,11.200747802553444,7,98
98,303,17.655396586610735,1.933677309765768,12.450436028762413,8,99
99,303,19.733664190605925,1.886573739878412,13.598947827231116,9,100
100,303,21.81274405238732,1.8432768819238328,14.649952377946462,10,101
101,303,23.892585105983816,1.8036295018158048,15.609181141595023,11,102
102,303,25.971355988325808,1.7674373529984586,16.483761402896008,12,103
103,303,28.051702656436383,1.7343935265650283,17.283817155439927,13,104
104,303,30.12989508543002,1.7042835484151528,18.017352906975884,14,105
105,303,32.20974590139462,1.676782729643274,18.695083080784983,15,106
106,303,34.28903096026064,1.6516673877768944,19.325250209019085,16,107
107,303,36.36753250567179,1.6287008457939782,19.916380504443136,17,108
108,303,38.44740270812376,1.6076431302824448,20.477123713667787,18,109
109,303,40.52657959273488,1.5883193926641197,21.014482727180628,19,110
110,303,42.60530566832707,1.570549029147724,21.53568928994776,20,111
111,303,44.68394945152119,1.5541697601304874,22.047652382083843,21,112
112,303,46.76292779888351,1.5390367234653228,22.557049795611626,22,113
113,303,48.84259440298927,1.5250213842729472,23.07043152503343,23,114
114,303,50.92309527898989,1.512010356645095,23.59433125067655,24,115
115,303,53.00180019995423,1.4999176256212288,24.134749303435186,25,116
