,particle_id,r,phi,z,layer_id,hit_id
0,12,3.102244158505568,1.000272172888673,0.5071458334987624,1,1
1,12,5.180234495090627,0.9939731145636675,0.8475588882213225,2,2
2,12,7.261324615196596,0.9876856181841048,1.1883832457372294,3,3
3,12,9.33837482779507,0.9814231830124424,1.527819074749103,4,4
4,12,11.419558286044223,0.9751529486786265,1.8665082445124703,5,5
5,12,13.497391343557483,0.968888985034366,2.2024684530357286,6,6
6,12,15.575594056017792,0.962611177020704,2.5354593230133933,7,7
7,12,17.65732261906305,0.9563004051319272,2.8650306612674914,8,8
8,12,19.734249895571423,0.9499715739823896,3.1888059933761066,9,9
9,12,21.815718047573803,0.9435847182891324,3.5070365528940104,10,10
10,12,23.892368966037846,0.9371556268591846,3.816918698986388,11,11
11,12,25.97164117994226,0.9306464772803852,4.11798612364604,12,12
12,12,28.052615910390283,0.9240424426447698,4.408218227943847,13,13
13,12,30.12988233004624,0.9173399549018684,4.684680512492701,14,14
14,12,32.209205040989275,0.910495000082869,4.945513606401583,15,15
15,12,34.29031358564468,0.9034760145232422,5.187396299883111,16,16
16,12,36.36704242604692,0.8962629101127462,5.405597017884867,17,17
17,12,38.44612476813214,0.8887778069862082,5.59564026527722,18,18
18,12,40.52697386672435,0.8809462239296453,5.750428330314484,19,19
19,12,42.60483507927461,0.8726767714218284,5.859972010160528,20,20
20,12,44.6836678273373,0.863785529418316,5.910284740527047,21,21
21,12,46.76352665684414,0.8539875421212969,5.878398357496147,22,22
22,12,48.84187071033946,0.842751605314186,5.722713007669694,23,23
23,12,50.9214961159491,0.8287453275133666,5.347477919394993,24,24
24,12,53.0002596032254,0.8059806850180357,4.346538709646233,25,25
