,particle_id,r,phi,z,layer_id,hit_id
1859,1264,3.101265924843395,3.043447033162492,-0.6686713751060296,1,1860
1860,1264,5.181442083178441,3.05095727878561,-1.4279326057567516,2,1861
1861,1264,7.259073331745127,3.057500245383852,-2.4321800532803763,3,1862
1862,1264,9.339386911654207,3.063047802278426,-3.6847358316880303,4,1863
1863,1264,11.417654732202127,3.067522884720192,-5.186978699280822,5,1864
1864,1264,13.497519899647047,3.0708448144469744,-6.94937354332432,6,1865
1865,1264,15.576565479878584,3.072887721367472,-8.982449696097468,7,1866
1866,1264,17.65496223738439,3.0734877509927223,-11.304153244908669,8,1867
1867,1264,19.734353846432487,3.0724175684565225,-13.941845251880224,9,1868
1868,1264,21.81431011162562,3.0693573117506725,-16.930901523110542,10,1869
1869,1264,23.89274577731956,3.0638555818371604,-20.318067842882627,11,1870
1870,1264,25.97247951066923,3.055227657704123,-24.17971330271613,12,1871
1871,1264,28.050004392856323,3.0424358343747766,-28.61562299116152,13,1872
1872,1264,30.13024480876671,3.0236919337819206,-33.80344833058121,14,1873
1873,1264,32.20956289632208,2.9958273007347294,-40.01504031945879,15,1874
1874,1264,34.28820468031165,2.952273011520908,-47.76561591108775,16,1875
1875,1264,36.3671529760606,2.877097324606128,-58.10013729931442,17,1876
1876,1264,38.44589914475944,2.732621500431122,-72.4996103941755,18,1877
1877,1264,40.52563590848431,2.530208615663484,-86.87203986192202,19,1878
1878,1264,42.60479279689847,2.367733926252018,-95.9374992192054,20,1879
1879,1264,44.68400842727844,2.2468862535751235,-101.85637592623787,21,1880
1880,1264,46.76337737395328,2.151659708757592,-106.17825053864718,22,1881
1881,1264,48.84214293517613,2.073171227818642,-109.56137793248377,23,1882
1882,1264,50.92098837317455,2.0064338002943263,-112.32559027326678,24,1883
1883,1264,53.00150888657805,1.9484002993618823,-114.64709876879482,25,1884
