,particle_id,r,phi,z,layer_id,hit_id
636,420,3.100038038894064,1.2272509194141432,-0.284946395886628,1,637
637,420,5.179396918321647,1.1077610781026164,0.800040474589494,2,638
638,420,7.25850023678577,0.914226402937792,4.285493234134144,3,639
639,420,9.33774057914373,0.1693164161865716,20.24526414152443,4,640
640,420,11.417394959316516,-0.3423855261323086,31.11757435748476,5,641
641,420,13.497199610687186,-0.5848255281936153,37.43651159043888,6,642
642,420,15.575534093507986,-0.7432075922733812,42.50272485156605,7,643
643,420,17.65463785616079,-0.8593379537945457,46.96208661890087,8,644
644,420,19.73349420823549,-0.9500280929895912,51.05443055976338,9,645
645,420,21.81373707587812,-1.0239583910039245,54.90239928093834,10,646
646,420,23.892616249713733,-1.0860321685259942,58.56957873364679,11,647
647,420,25.97229744819267,-1.1394737078904535,62.10348966145981,12,648
648,420,28.05154733410065,-1.1863618878813,65.53185319864906,13,649
649,420,30.130557483222944,-1.2281875019318302,68.87673603122806,14,650
650,420,32.20850615386344,-1.2660203197086006,72.1535012435592,15,651
651,420,34.28961797890969,-1.3007497538322526,75.38209665947241,16,652
652,420,36.36676342685966,-1.3328949477267735,78.56275722461436,17,653
653,420,38.4462881962702,-1.3630691092895486,81.71523605789415,18,654
654,420,40.5268434866736,-1.3916739859526248,84.84673500030996,19,655
655,420,42.606512768622416,-1.4190511304034026,87.96354611868966,20,656
656,420,44.68472294784358,-1.4455269342045165,91.07437995071832,21,657
657,420,46.76372644969951,-1.4714468160094143,94.19314899191482,22,658
658,420,48.84250593338805,-1.4971194007505229,97.33067138180242,23,659
659,420,50.92220043363309,-1.5229115097043342,100.5040419747339,24,660
660,420,53.00103824894072,-1.5492226828703326,103.73091711849324,25,661
