,particle_id,r,phi,z,layer_id,hit_id
6,155,3.101520406974881,0.2298941273114803,1.7794538315943456,1,7
7,155,5.179452269327814,0.2579433877727201,2.871672735442232,2,8
8,155,7.259026906282817,0.2836491465329614,3.870735142373867,3,9
9,155,9.337969314168246,0.3069896719373337,4.766020274515356,4,10
10,155,11.417465858186212,0.3279917634708328,5.550419968638266,5,11
11,155,13.496943991143292,0.3466644281189522,6.217683994567643,6,12
12,155,15.575558387316708,0.3630161700916404,6.763080649904033,7,13
13,155,17.655388634244286,0.3770726230547592,7.183898718535822,8,14
14,155,19.73443033614864,0.3888207006402531,7.4776920205725474,9,15
15,155,21.81307738395,0.3982527137686947,7.643818938254512,10,16
16,155,23.89197291705225,0.4053416268276029,7.682781556310587,11,17
17,155,25.97139950246785,0.4100315344226088,7.596329654226054,12,18
18,155,28.050478030930098,0.4122290087940218,7.387924306948157,13,19
19,155,30.13045810185615,0.4117912916654179,7.06286195298393,14,20
20,155,32.20953138452571,0.4084960873841899,6.629553640442126,15,21
21,155,34.287947352123766,0.4019928458771339,6.099888724779099,16,22
22,155,36.36728501512963,0.3916877470949382,5.490817577845007,17,23
23,155,38.44595385480149,0.3765270002770007,4.829440172786498,18,24
24,155,40.52555129776329,0.3542987433747611,4.160451177846355,19,25
25,155,42.60439803195803,0.319060660013677,3.58053283686479,20,26
26,155,44.6833987579885,0.2269848324354474,3.586384383941009,21,27
27,155,44.68324872355141,0.1460265058007472,4.27179262497198,21,28
28,155,42.60412854000376,-0.0852154560356974,5.5044626635780745,20,29
29,155,42.60466647764775,-0.6193819563542335,-1.5408020785622298,20,30
30,155,44.68396893937466,-0.7581027352432603,-6.615359287210865,21,31
31,155,46.76330264991387,-0.8481907989514673,-11.433592583575791,22,32
32,155,48.8418526775946,-0.9151111915459752,-16.38447764758358,23,33
33,155,50.92092321481562,-0.966765178835562,-21.67819470722139,24,34
34,155,53.000508814127535,-1.0059780914537375,-27.54747799649889,25,35
