,particle_id,r,phi,z,layer_id,hit_id
601,550,3.10008409644125,-2.822507299753773,1.1554864236441382,1,602
602,550,5.180590274057048,-2.7661050353561145,0.8730703206256436,2,603
603,550,7.260022467382488,-2.7406028378181806,0.5320986246402803,3,604
604,550,9.339441841111295,-2.7255904647197773,0.1527225197511672,4,605
605,550,11.41772580829241,-2.7153892056982527,-0.2549740281892632,5,606
606,550,13.49624489343301,-2.707755565573984,-0.6857587274861103,6,607
607,550,15.576585156418284,-2.7016214547081336,-1.136734374267446,7,608
608,550,17.65538929545891,-2.696421413249478,-1.6052148327912086,8,609
609,550,19.73396241910816,-2.691810626585861,-2.0903416284601217,9,610
610,550,21.81357222924981,-2.687570395963651,-2.59187177623021,10,611
611,550,23.89357953557508,-2.683556616433304,-3.109560126946029,11,612
612,550,25.97286761310019,-2.679667814842626,-3.64337894014629,12,613
613,550,28.05188205945017,-2.675825645605598,-4.194004805348856,13,614
614,550,30.129356991812227,-2.671971523122492,-4.761957785315113,14,615
615,550,32.21029718681522,-2.6680454778734344,-5.349821189283052,15,616
616,550,34.28875720222156,-2.664014264187008,-5.957453227795633,16,617
617,550,36.36719899633667,-2.659832090090899,-6.587439994007137,17,618
618,550,38.44768921427213,-2.655454081283396,-7.242795488351904,18,619
619,550,40.52607379128087,-2.6508471586750404,-7.925110579795846,19,620
620,550,42.60536237485694,-2.6459594476762534,-8.638942243131144,20,621
621,550,44.68418998407528,-2.640742597340215,-9.388322281443752,21,622
622,550,46.7641360487929,-2.6351316540855767,-10.17953803109542,22,623
623,550,48.843490421305205,-2.629056435389868,-11.019327499670082,23,624
624,550,50.921021844291005,-2.622426255888708,-11.91687460598392,24,625
625,550,53.000227029455935,-2.6151033295460824,-12.88708957023824,25,626
