,particle_id,r,phi,z,layer_id,hit_id
1295,882,3.1003202336211864,2.080225401924827,14.29854518784878,1,1296
1296,882,5.179208665680893,1.6242462795217434,16.752194790537608,2,1297
1297,882,7.259155349975763,1.4465477823053945,18.24998258006803,3,1298
1298,882,9.338201702881069,1.34482585330261,19.373442225686688,4,1299
1299,882,11.416822713415026,1.2765319637459818,20.263872156956623,5,1300
1300,882,13.496863562211232,1.2262261949129356,20.985229597565827,6,1301
1301,882,15.576274029485534,1.1868928100693508,21.5727607726677,7,1302
1302,882,17.65630083289575,1.154760244204596,22.05017414075204,8,1303
1303,882,19.735608599533634,1.1276647519083685,22.433583004528053,9,1304
1304,882,21.81370640207633,1.1042415003603685,22.735245211703727,10,1305
1305,882,23.89453030547269,1.083548241912924,22.965180981908688,11,1306
1306,882,25.97345834597835,1.0650121729697375,23.13053375949048,12,1307
1307,882,28.050701791816053,1.0481846757174773,23.23788047141293,13,1308
1308,882,30.131297657540085,1.0327030630449792,23.29288184432236,14,1309
1309,882,32.20913694888859,1.0183706829717782,23.30012541687312,15,1310
1310,882,34.28835847385398,1.0049719921115032,23.26392891333272,16,1311
1311,882,36.36755035594503,0.9923722940669476,23.18813833985012,17,1312
1312,882,38.449110352701794,0.9804438118178608,23.076173698962336,18,1313
1313,882,40.52602041196261,0.9691342166500264,22.931809912070527,19,1314
1314,882,42.60479424331472,0.9583328411855988,22.757830761240328,20,1315
1315,882,44.68569673083136,0.9479791859826624,22.557183662249635,21,1316
1316,882,46.76583865538226,0.938038043581574,22.33309257458357,22,1317
1317,882,48.842461153478304,0.9284798392228192,22.08883701462629,23,1318
1318,882,50.92308195727637,0.919235232920777,21.826415917238464,24,1319
1319,882,53.00179517327836,0.9103015286735384,21.549435118488745,25,1320
