,particle_id,r,phi,z,layer_id,hit_id
2974,1549,3.100194509721221,0.7895186891181696,-2.0715053809336297,1,2975
2975,1549,5.17925786291628,-1.06281262361291,-44.77924872631297,2,2976
2976,1549,7.258740437838324,-1.5053540146448383,-59.75520768302708,3,2977
2977,1549,9.338057214621848,-1.7553939765121516,-73.63268435597567,4,2978
2978,1549,11.416897328397331,-1.9766917433196445,-89.92280247101948,5,2979
2979,1549,13.495888149878228,-2.529418199303795,-125.51708796930026,6,2980
2980,1549,15.575497703472266,2.9459330584803314,-150.52979577112967,7,2981
2981,1549,17.65426676499627,2.688231530853712,-156.1950253770711,8,2982
2982,1549,19.73343027097449,2.5157900312567865,-159.70993747226535,9,2983
2983,1549,21.81324151896824,2.3822999808162084,-162.18837422446262,10,2984
