,particle_id,r,phi,z,layer_id,hit_id
885,649,3.100025566274631,1.817887298652708,3.083454903451667,1,886
886,649,5.179222856651773,1.1766816421996793,1.0266749330669818,2,887
887,649,7.258680699212875,0.8999587652515166,-1.4835359908127224,3,888
888,649,9.33783352213387,0.6734271656558499,-5.165285224609445,4,889
889,649,11.416714026343875,0.1078921596490499,-14.947371091246708,5,890
890,649,13.496043817630262,-0.4347391000371735,-20.164147581662256,6,891
891,649,15.575024614625711,-0.647544948280603,-21.394860427287185,7,892
892,649,17.654517625044086,-0.7796476946992177,-21.76479079682296,8,893
893,649,19.733726199037346,-0.8721654310903041,-21.651623752960624,9,894
894,649,21.8125902047464,-0.9409902301425443,-21.183879860880964,10,895
895,649,23.89312675536632,-0.9941804815617552,-20.42107382133075,11,896
896,649,25.97176870802017,-1.0362901383429748,-19.39845584326892,12,897
897,649,28.05092917318708,-1.07031977089991,-18.13672938828537,13,898
898,649,30.130210445282763,-1.098240665013511,-16.651259836998904,14,899
899,649,32.208450065925064,-1.1214386787594093,-14.954635331569284,15,900
900,649,34.28863970269397,-1.1409680162130629,-13.053710945108143,16,901
901,649,36.36689509719056,-1.1575628828049405,-10.960039647145848,17,902
902,649,38.44666028445079,-1.171847341936706,-8.677210222795427,18,903
903,649,40.52652119880396,-1.1842789179791609,-6.212742359332118,19,904
904,649,42.6054205079255,-1.1952298758026487,-3.5734311405437573,20,905
905,649,44.68417330132296,-1.2050142556300936,-0.7630236078027934,21,906
906,649,46.763066506303694,-1.2138903380554644,2.215125451538213,22,907
907,649,48.84326653124151,-1.2220805776493209,5.36021278077809,23,908
908,649,50.92249017529898,-1.2297655984681444,8.667574493332824,24,909
909,649,53.00176633150357,-1.2371194333774216,12.139332392203205,25,910
