,particle_id,r,phi,z,layer_id,hit_id
2078,1041,3.10184209133246,-1.9909651740500305,1.327484199284754,1,2079
2079,1041,5.181434213419775,-1.9597597394153667,2.265022344187031,2,2080
2080,1041,7.258495865708861,-1.9293006064515383,3.2366411534523394,3,2081
2081,1041,9.339987570149004,-1.8995432615724408,4.243180249788324,4,2082
2082,1041,11.416933617373903,-1.87065962785084,5.277896201824262,5,2083
2083,1041,13.4971984669105,-1.8425709613209056,6.342373853511539,6,2084
2084,1041,15.577699720998776,-1.815340827801014,7.43293172204401,7,2085
2085,1041,17.65520430465203,-1.7890191811476135,8.545807818909907,8,2086
2086,1041,19.735608279762904,-1.763531542548744,9.682313458947924,9,2087
2087,1041,21.812757915459265,-1.738945701648312,10.837421458532331,10,2088
2088,1041,23.8929488047366,-1.7151733152948896,12.013151415492878,11,2089
2089,1041,25.97321014029024,-1.6922315192983868,13.206569978726575,12,2090
2090,1041,28.0504321673434,-1.6701303103151606,14.414737946764935,13,2091
2091,1041,30.131472184944844,-1.648771789390296,15.640702115064364,14,2092
2092,1041,32.210026530380084,-1.6281940977363687,16.879973501495712,15,2093
2093,1041,34.289850436516936,-1.6083308556483096,18.134136770465403,16,2094
2094,1041,36.367979470060746,-1.5891810414720826,19.40089928001443,17,2095
2095,1041,38.44839316630982,-1.5706789991083598,20.6823218345418,18,2096
2096,1041,40.52817941424378,-1.5528223971620638,21.9763781008112,19,2097
2097,1041,42.60436224238067,-1.53560644343287,23.28104362706482,20,2098
2098,1041,44.68463801040826,-1.5189398566066006,24.60113480971621,21,2099
2099,1041,46.76250457666099,-1.50284872543183,25.93262060495088,22,2100
2100,1041,48.842119844029575,-1.4872748941338272,27.27833944604556,23,2101
2101,1041,50.92403671271231,-1.4721911599046336,28.63896715185662,24,2102
2102,1041,53.00155257040562,-1.4576219554337564,30.0104802653538,25,2103
