,particle_id,r,phi,z,layer_id,hit_id
1137,1053,3.1001441507586565,-1.1628984695569924,1.5294605538221444,1,1138
1138,1053,5.17921696256753,-1.1740192238922338,2.590471723109812,2,1139
1139,1053,7.2585301059376945,-1.183780025066842,3.675045269872339,3,1140
1140,1053,9.339214736244084,-1.1924065332666745,4.780348287781585,4,1141
1141,1053,11.418373538757598,-1.2000611756721205,5.901860439563309,5,1142
1142,1053,13.496849078976368,-1.2068888239032225,7.037367375449475,6,1143
1143,1053,15.576811597802582,-1.2130117474994566,8.185654596914095,7,1144
1144,1053,17.654705796593444,-1.2185170517688324,9.34250662223864,8,1145
1145,1053,19.7342205531424,-1.2234985975411727,10.507818146776303,9,1146
1146,1053,21.812752809948982,-1.228023870186021,11.67801634093697,10,1147
1147,1053,23.892325001362067,-1.2321642021211778,12.85210440719788,11,1148
1148,1053,25.972695773870164,-1.2359808436188526,14.027741797747002,12,1149
1149,1053,28.0512321952212,-1.239528625849038,15.201103147095782,13,1150
1150,1053,30.129339656254068,-1.2428688449958207,16.3704498115587,14,1151
1151,1053,32.20986831344322,-1.2460653001535262,17.534556384064295,15,1152
1152,1053,34.28839033501953,-1.2491735478658972,18.68772701178329,16,1153
1153,1053,36.367762866168114,-1.2522655929725175,19.827795107689667,17,1154
1154,1053,38.44708041436104,-1.2554158095070709,20.949750054289844,18,1155
1155,1053,40.52540105112075,-1.2587101607067073,22.04755673408012,19,1156
1156,1053,42.60466230924608,-1.2622560325496044,23.115226206163232,20,1157
1157,1053,44.68459773107356,-1.2661818385687116,24.143431790814294,21,1158
1158,1053,46.76328449181407,-1.2706473862778225,25.11890054621748,22,1159
1159,1053,48.842956423665726,-1.275873357059729,26.02538562342507,23,1160
1160,1053,50.92101394615334,-1.282149090126035,26.83643470745182,24,1161
1161,1053,53.001132729533936,-1.2899124494566798,27.51410493023357,25,1162
