,particle_id,r,phi,z,layer_id,hit_id
371,384,3.100428890242565,1.58432400625476,-3.932054738145229,1,372
372,384,5.179424086912572,1.5773680360122662,-6.207891408667081,2,373
373,384,7.258617025416653,1.5726235199247431,-8.26062913683209,3,374
374,384,9.340052720715018,1.5694300813035216,-10.129732872171054,4,375
375,384,11.418863529551624,1.5673666966776263,-11.83863616424933,5,376
376,384,13.497260489999697,1.5661384306159798,-13.410613769920246,6,377
377,384,15.577674337479746,1.5655405775823674,-14.863909564682672,7,378
378,384,17.654415693356007,1.565426715972244,-16.207948013790357,8,379
379,384,19.7339778102138,1.5656870144717023,-17.457853422943014,9,380
380,384,21.812589713093693,1.5662391033049576,-18.62025165072132,10,381
381,384,23.894890823227385,1.5670213085298903,-19.7051937546908,11,382
382,384,25.973087227776293,1.567981282837204,-20.71513275783108,12,383
383,384,28.05087691489915,1.569081252001784,-21.657686072378898,13,384
384,384,30.12956515322307,1.5702909002992664,-22.538274231064587,14,385
385,384,32.21138359157716,1.5715867133653183,-23.361924155068493,15,386
386,384,34.28755400134899,1.5729426809789624,-24.12901425004971,16,387
387,384,36.36928776812237,1.57434931563092,-24.84702321932389,17,388
388,384,38.44864882700264,1.5757874528090294,-25.51606585779508,18,389
389,384,40.52585844456525,1.577245543826893,-26.13902516865788,19,390
390,384,42.60569197888429,1.578717179160802,-26.719707526018848,20,391
391,384,44.68497415277576,1.5801918381806368,-27.25931862054429,21,392
392,384,46.76488983542263,1.5816632609959138,-27.76011620979468,22,393
393,384,48.84255445713806,1.5831232920299974,-28.223218668899456,23,394
394,384,50.92383972179671,1.5845707005207137,-28.651507262467256,24,395
395,384,53.00180192404943,1.5859959513858524,-29.045006081123283,25,396
