,particle_id,r,phi,z,layer_id,hit_id
528,266,3.100187503953091,-2.5105491794708663,-10.535278527659326,1,529
529,266,3.0999608069744933,3.093724509420244,-27.99727667139644,1,530
530,266,3.100270326611193,2.312983417425319,-34.93333041462516,1,531
531,266,5.18000130876395,1.6227239208575477,-42.03753489554509,2,532
532,266,7.259476629094752,1.405186377240822,-46.14504959583557,3,533
533,266,9.33850068947067,1.2841094310671417,-49.49550344901786,4,534
534,266,11.417357201653251,1.2036232818999677,-52.411138986663616,5,535
535,266,13.497412176394178,1.1446130537360526,-55.02016095919269,6,536
536,266,15.576372673379565,1.098610031635494,-57.38658646920058,7,537
537,266,17.655146373912544,1.0611318621478474,-59.55286657357148,8,538
538,266,19.73493041808256,1.0295887018118002,-61.54797979111709,9,539
539,266,21.81433831886589,1.002402687013559,-63.39053757786196,10,540
540,266,23.894101657759563,0.9785092320290778,-65.0962386566193,11,541
541,266,25.97297155619969,0.9571956165776944,-66.67579468848791,12,542
542,266,28.05214411239424,0.9379304074475062,-68.13948423376272,13,543
543,266,30.13192491059521,0.9203308603431416,-69.49503754256432,14,544
544,266,32.21105452064592,0.9041200453897992,-70.74792663560766,15,545
545,266,34.28933667746373,0.8890765450333801,-71.90342816016427,16,546
546,266,36.367534294358926,0.8750202047307657,-72.96652891642778,17,547
547,266,38.44727734135792,0.8618020665909983,-73.94184103619237,18,548
548,266,40.527563268054216,0.849317085401441,-74.83213171595796,19,549
549,266,42.60435402233021,0.8374956978557229,-75.63879892975133,20,550
550,266,44.68440763303538,0.826222653378143,-76.36708288187398,21,551
551,266,46.764539858750446,0.815452213255488,-77.01798736503156,22,552
552,266,48.84166992101044,0.8051448831277999,-77.5927688129239,23,553
553,266,50.92395677368832,0.7952142691403691,-78.09541786983118,24,554
554,266,53.00145469546519,0.7856678948148356,-78.52517400484686,25,555
