,particle_id,r,phi,z,layer_id,hit_id
116,320,3.100166120493738,1.9402646696193195,-1.2874362098317285,1,117
117,320,5.179195053249036,1.9290059549962733,-1.9594488038573503,2,118
118,320,7.258336791052178,1.91988826392902,-2.446949246347504,3,119
119,320,9.33753593286506,1.9129579150740976,-2.724816242494152,4,120
120,320,11.418067255227394,1.908235114355916,-2.769293476940545,5,121
121,320,13.497034556717896,1.905727656595268,-2.5580220407185355,6,122
122,320,15.576557641384966,1.9054157003199843,-2.069868598684897,7,123
123,320,17.654592103863646,1.907268799911926,-1.2854551104382672,8,124
124,320,19.73410981479033,1.9112504183860235,-0.1843653932978224,9,125
125,320,21.813852563931288,1.9173155487135216,1.2520030813219298,10,126
126,320,23.891958681352527,1.925409523741686,3.04087941794636,11,127
127,320,25.97131269830709,1.935498353154528,5.204052828800673,12,128
128,320,28.05023287577102,1.947537953901457,7.7606455229696625,13,129
129,320,30.12949582045829,1.961509255017672,10.734450266932228,14,130
130,320,32.208351427776755,1.97740510819639,14.150752338904708,15,131
131,320,34.28752202780179,1.9952607239586209,18.042486114626563,16,132
132,320,36.36826445213265,2.015166172143944,22.452644503241423,17,133
133,320,38.4462705833075,2.037224195868532,27.42399619491574,18,134
134,320,40.5260692254397,2.061733125101344,33.03870300028066,19,135
135,320,42.604450575893374,2.0890779340997274,39.39130833165028,20,136
136,320,44.68404621933753,2.120012440291164,46.6473822660252,21,137
137,320,46.76343489137364,2.155815622889117,55.064957792115706,22,138
138,320,48.84241481837616,2.1991111135592107,65.14110535359525,23,139
139,320,50.92142957985447,2.256700874918125,78.09205320626955,24,140
140,320,53.00022023037094,2.3685676944397938,100.56945032957316,25,141
