,particle_id,r,phi,z,layer_id,hit_id
320,508,3.1003580753305693,1.1482779820269493,-1.8742184661902213,1,321
321,508,5.179714285232636,1.1745764522736248,-2.9484578108310657,2,322
322,508,7.259776486634072,1.19727169389814,-3.920506980983035,3,323
323,508,9.33797106340565,1.2173329353031743,-4.81223928389938,4,324
324,508,11.417176786224871,1.235436162844402,-5.641130861883681,5,325
325,508,13.497350398912618,1.252023849905728,-6.419228917942547,6,326
326,508,15.576487498095789,1.2674011081941916,-7.155446508248154,7,327
327,508,17.65461510059496,1.28180967912197,-7.858004090997198,8,328
328,508,19.73354957639052,1.295447118246194,-8.534895537889142,9,329
329,508,21.81392719792173,1.3084621973490764,-9.193549009900464,10,330
330,508,23.893122348607,1.320954012693277,-9.841044383622991,11,331
331,508,25.97091054596837,1.333010114229043,-10.48711006087796,12,332
332,508,28.050100550044384,1.344698568031626,-11.14677093190238,13,333
333,508,30.129594889563645,1.355984317107491,-11.844829393202986,14,334
334,508,32.20845195016009,1.3665215364408183,-12.64279547375505,15,335
335,508,34.28753586758172,1.3693733974558144,-14.125655680552889,16,336
336,508,34.28748204041271,1.3674469530314988,-14.254061030659592,16,337
337,508,32.20812928406489,1.306875659813262,-15.32923754747413,15,338
338,508,30.1290162372651,1.23150427763478,-15.677098543112429,14,339
339,508,28.04977095580766,1.1028831646378368,-15.848186460267216,13,340
340,508,28.050107538762337,0.7940707745917278,-15.486770601712555,13,341
341,508,30.13009990692011,0.6885807418892874,-15.032337475474591,14,342
342,508,32.209274978526274,0.6379237862205265,-14.60034589187039,15,343
343,508,34.2879229047365,0.6104766408887052,-14.157938493435688,16,344
344,508,36.36683273194768,0.597071913277319,-13.695941254655729,17,345
345,508,38.4460974441001,0.5933507821133281,-13.20997586839271,18,346
346,508,40.52621321184847,0.5967876479575602,-12.697060167375042,19,347
347,508,42.60462019367745,0.6057498527739655,-12.1554170651629,20,348
348,508,44.68393631685504,0.6191511125306135,-11.581749487395308,21,349
349,508,46.76330976881196,0.6362523256449546,-10.972850199744578,22,350
350,508,48.84251329208503,0.6565978362340549,-10.323787866947605,23,351
351,508,50.92139231759997,0.6800082670120905,-9.626661339438217,24,352
352,508,53.00060238009033,0.70667262049291,-8.86738450454471,25,353
