,particle_id,r,phi,z,layer_id,hit_id
1124,1029,3.101641397243364,-2.962323538334939,-0.8399073200223839,1,1125
1125,1029,5.179227511228833,-2.960019774816524,-1.3189139826981062,2,1126
1126,1029,7.258891842406522,-2.956922593573858,-1.7460091703469942,3,1127
1127,1029,9.338275472708029,-2.953268496459191,-2.129618032208988,4,1128
1128,1029,11.418902042369917,-2.949210061041561,-2.4769879116464537,5,1129
1129,1029,13.497893390902764,-2.94486045305888,-2.7932841992418886,6,1130
1130,1029,15.576601540047664,-2.940293711031419,-3.083423050802679,7,1131
1131,1029,17.657008537744524,-2.935561052031795,-3.351614579861085,8,1132
1132,1029,19.734430619230185,-2.93071460418544,-3.6006870580378205,9,1133
1133,1029,21.81535656769329,-2.925770329019993,-3.834408738793442,10,1134
1134,1029,23.89184745479944,-2.920770723971066,-4.054554081722536,11,1135
1135,1029,25.97345330071644,-2.915710819130997,-4.264525210648522,12,1136
1136,1029,28.050663514034063,-2.910627477341491,-4.46553005872844,13,1137
1137,1029,30.13169427588553,-2.9055111248039887,-4.660367306589762,14,1138
1138,1029,32.21159333696649,-2.900381829133005,-4.850414228221403,15,1139
1139,1029,34.28924597505426,-2.895248250345642,-5.037310922424936,16,1140
1140,1029,36.36760404785789,-2.8901073156111874,-5.222958192436153,17,1141
1141,1029,38.44637633282613,-2.88496258545412,-5.408882401695422,18,1142
1142,1029,40.52552107364555,-2.8798158627635213,-5.596571690484787,19,1143
1143,1029,42.6051983493826,-2.874667473335968,-5.787486450064193,20,1144
1144,1029,44.68572180347573,-2.869516507089253,-5.9830705090724905,21,1145
1145,1029,46.76369767562899,-2.864370467953336,-6.184387022983778,22,1146
1146,1029,48.843396217706776,-2.8592171763483663,-6.393225892881361,23,1147
1147,1029,50.92149155225792,-2.854062600895755,-6.610635610215347,24,1148
1148,1029,53.002259142504926,-2.848893199122339,-6.838471513407932,25,1149
