,particle_id,r,phi,z,layer_id,hit_id
67,192,3.100387599436453,-2.7897667051565995,-1.2324308059998828,1,68
68,192,5.17952482275371,-2.7853931218316217,-1.96090458263955,2,69
69,192,7.2595652243735955,-2.7809973767493488,-2.6175873197566872,3,70
70,192,9.33844562450684,-2.776536120809485,-3.20581635410651,4,71
71,192,11.416934983182944,-2.7719590343889453,-3.7286436359293935,5,72
72,192,13.495856750702387,-2.7672120511641425,-4.187979294020792,6,73
73,192,15.57559916390878,-2.762235669830083,-4.584583984041878,7,74
74,192,17.655643556910164,-2.7569630404752155,-4.918076271949893,8,75
75,192,19.734107572735727,-2.751317739380601,-5.186957649423796,9,76
76,192,21.813478523391435,-2.745192124425234,-5.389157881811308,10,77
77,192,23.8930237879668,-2.738458521660929,-5.520702286376874,11,78
78,192,25.97176680002067,-2.730949018512108,-5.575850903896118,12,79
79,192,28.05015347007497,-2.722427214243819,-5.546385593297096,13,80
80,192,30.12979010371178,-2.712547134787183,-5.420074806618381,14,81
81,192,32.20902002927272,-2.700800750040887,-5.1786125851765945,15,82
82,192,34.28777092502765,-2.6863455382097343,-4.792791651127374,16,83
83,192,36.36749945773932,-2.667624807198906,-4.210833081122509,17,84
84,192,38.44632999844346,-2.641268018269335,-3.3264792257562803,18,85
85,192,40.525111016819885,-2.5963722160863325,-1.819293282291575,19,86
86,192,40.5246505694262,-2.316138575555032,5.039828217870031,19,87
87,192,38.44575866123476,-2.1720797380700287,7.305970467217001,18,88
88,192,36.36650744526226,-2.031223946525772,9.080005818320243,17,89
89,192,34.28729747268855,-1.866793978637659,10.79968867656315,16,90
90,192,32.208134236783906,-1.6048458160135417,13.082468615719414,15,91
91,192,32.20859210675901,-1.2415319985222,15.873227712930143,15,92
92,192,34.28802996925804,-1.0100255349723757,17.70330654369451,16,93
93,192,36.36709847334402,-0.8833149032574197,18.80783249000348,17,94
94,192,38.44597772669408,-0.7913980890151499,19.68832813331479,18,95
95,192,40.52574519528503,-0.7189042230278863,20.44816818417053,19,96
96,192,42.60569457722386,-0.6592672025036245,21.1290002330676,20,97
97,192,44.68585129688586,-0.60889566534075,21.75251408976098,21,98
98,192,46.76450868644921,-0.5656045914987203,22.33099257827221,22,99
99,192,48.84211701156095,-0.5278883106796314,22.87275511440849,23,100
100,192,50.92210088165683,-0.4946375796808867,23.384133876406207,24,101
101,192,53.0004545622355,-0.4651424466525971,23.867959461668583,25,102
