,particle_id,r,phi,z,layer_id,hit_id
1345,582,3.1019723915025788,1.5712443365204394,0.4336659330275552,1,1346
1346,582,5.181371718970793,1.5895264850524131,0.7122130776351696,2,1347
1347,582,7.2597467017661135,1.6072037921338174,0.980547270032588,3,1348
1348,582,9.337723800672704,1.6243826154137575,1.2388423570168214,4,1349
1349,582,11.418755152681095,1.6411811525716538,1.4878908166827784,5,1350
1350,582,13.49685113381554,1.657634001040805,1.727653028032222,6,1351
1351,582,15.575822986789928,1.6738494654543916,1.9595668730053435,7,1352
1352,582,17.654646394012758,1.689893640267356,2.1848300796903857,8,1353
1353,582,19.73459529407601,1.7058488911363063,2.4052656165081743,9,1354
1354,582,21.81430267173352,1.721777451563354,2.6228457445274103,10,1355
1355,582,23.892103416220543,1.7377412038704825,2.840027343714368,11,1356
1356,582,25.97283074654017,1.7538559901974795,3.0605666535626312,12,1357
1357,582,28.051330253439342,1.7701668094988368,3.2879325207733814,13,1358
1358,582,30.130785661674505,1.7867924591378097,3.527447665631413,14,1359
1359,582,32.20873126647851,1.803819725262038,3.785034659388856,15,1360
1360,582,34.28778449342779,1.8213941669903484,4.068843681255217,16,1361
1361,582,36.36844384021486,1.8396696946895843,4.388994964698796,17,1362
1362,582,38.4468691880356,1.8587943308989865,4.757804799577258,18,1363
1363,582,40.52591732302649,1.879022873444455,5.192742065306163,19,1364
1364,582,42.6056038926223,1.9006549061335265,5.7167912527704345,20,1365
1365,582,44.68359274799278,1.924065992677302,6.360961118300139,21,1366
1366,582,46.76374984850725,1.9498626192400552,7.171874011291664,22,1367
1367,582,48.84281359245525,1.978833622210151,8.216251608858897,23,1368
1368,582,50.921621613592336,2.012285404931599,9.60192704748269,24,1369
1369,582,53.00031636921551,2.052438275925717,11.514222208744656,25,1370
