,particle_id,r,phi,z,layer_id,hit_id
261,351,3.100496771795892,0.3778734824605256,-0.3304693869542774,1,262
262,351,5.179168373386215,0.3710723357997628,-0.5959018959684101,2,263
263,351,7.259182516177549,0.3636728146681948,-0.9020722051843216,3,264
264,351,9.339744288650287,0.3555270863338137,-1.255099782062569,4,265
265,351,11.4178575386671,0.3464409721382549,-1.6627516663217676,5,266
266,351,13.497955128783977,0.3360966609855863,-2.137579200698756,6,267
267,351,15.57670312764738,0.32405566642068,-2.69605920264366,7,268
268,351,17.656503350157518,0.3095593324734508,-3.36594204152588,8,269
269,351,19.73400965666144,0.2912781971986413,-4.193183906273024,9,270
270,351,21.813843904970383,0.2662369534984034,-5.276409432911002,10,271
271,351,23.89224680495016,0.2255340416741879,-6.889770912429423,11,272
272,351,23.89155590598964,-0.2268104120758414,-16.994810291317158,11,273
273,351,23.89191350852797,-0.7507482257420163,-23.20969820491345,11,274
274,351,25.971876991503105,-0.974107092489806,-25.79506257907656,12,275
275,351,28.05137395510287,-1.1012253419177755,-27.473511881860937,13,276
276,351,30.1303709639962,-1.191616549911879,-28.8458670000213,14,277
277,351,32.21063394103146,-1.2608893495313382,-30.05644126458594,15,278
278,351,34.28999139823491,-1.3159521382989792,-31.164068584997004,16,279
279,351,36.369090860936026,-1.360694173324887,-32.200606882371574,17,280
280,351,38.44595444671602,-1.3974757539675209,-33.18369034886244,18,281
281,351,40.52546570065032,-1.427966660171249,-34.12735079981377,19,282
282,351,42.60587625102672,-1.4532288994857965,-35.03843542484397,20,283
283,351,44.683742319333966,-1.4740155300907012,-35.920609870915165,21,284
284,351,46.76320665284272,-1.490943875715296,-36.77893541666095,22,285
285,351,48.84385342048547,-1.5044188273359242,-37.615014534349385,23,286
286,351,50.92271211126148,-1.5147174082825785,-38.42819368585013,24,287
287,351,53.00148104617036,-1.5220481598210205,-39.21841349700712,25,288
