,particle_id,r,phi,z,layer_id,hit_id
553,469,3.1014117976864783,0.1780007340087055,-0.0295414408794485,1,554
554,469,5.180833203826225,0.1629694960691431,0.0105736032011138,2,555
555,469,7.259282708674355,0.1465361056546416,0.1091184241695462,3,556
556,469,9.338058533287246,0.1283029132710423,0.2785049162535724,4,557
557,469,11.418226110703182,0.1077084656237838,0.5361680591075597,5,558
558,469,13.496693062512566,0.0839670351451902,0.906806638188726,6,559
559,469,15.57637157179126,0.0557511535138287,1.42967718461124,7,560
560,469,17.654458928589168,0.0208636674706621,2.1689285834534147,8,561
561,469,19.73452888369496,-0.0251556859684423,3.2488656366871185,9,562
562,469,21.81292909875157,-0.0928748313258211,4.951940254849207,10,563
563,469,23.89167663051993,-0.2216634412135352,8.262943459789028,11,564
564,469,25.971220480917943,-0.6207866584851647,17.652119589419193,12,565
565,469,28.050712718540872,-0.9240634730238044,24.27349553864555,13,566
566,469,30.12990520784271,-1.093466606961396,28.141986463761043,14,567
567,469,32.209366952882554,-1.21338305942696,31.09222467749257,15,568
568,469,34.288503528038135,-1.3064040897322955,33.568004573545046,16,569
569,469,36.36690115044143,-1.3821479356872186,35.74508556295744,17,570
570,469,38.446232712560814,-1.445795282625287,37.713018255947176,18,571
571,469,40.52600560087298,-1.5004223859697656,39.5210487201006,19,572
572,469,42.606321377929326,-1.548069660034804,41.19981653467048,20,573
573,469,44.68504566564405,-1.590118729447629,42.76735589889819,21,574
574,469,46.76487550881922,-1.6276660795116935,44.23857402911337,22,575
575,469,48.843106834901626,-1.661448894073388,45.61982260302667,23,576
576,469,50.92227755049522,-1.6921200473963949,46.91773357962917,24,577
577,469,53.00140898410886,-1.7201491075986053,48.13392743317897,25,578
