,particle_id,r,phi,z,layer_id,hit_id
206,223,3.100212534011949,1.0440027416904245,0.391538577083228,1,207
207,223,5.180101020850116,1.0996978812394478,0.738040696736249,2,208
208,223,7.258682682019299,1.1680053650737223,1.16526442984334,3,209
209,223,9.33836733844822,1.252939640891829,1.6842838523646009,4,210
210,223,11.41761498072698,1.3573529791512446,2.293631896297775,5,211
211,223,13.496110177489662,1.4787032023425253,2.962291176172968,6,212
212,223,15.575093300272536,1.6059693111489213,3.627930293384164,7,213
213,223,17.655136694527762,1.7256618154604992,4.233415065359889,8,214
214,223,19.73342126181053,1.830277281121028,4.756300758490347,9,215
215,223,21.813922450032194,1.91905414703758,5.2017178640026565,10,216
216,223,23.89198114230054,1.993653043084287,5.580762980083936,11,217
217,223,25.97146465270429,2.056639987546243,5.905935725335368,12,218
218,223,28.05049620124996,2.110126732957955,6.18630140662664,13,219
219,223,30.13130275645096,2.1559347211101056,6.429251546717168,14,220
220,223,32.20935872577305,2.195363970099601,6.639628019845933,15,221
221,223,34.29034994510027,2.229614680876848,6.822042338744762,16,222
222,223,36.36751486133133,2.2594358122277187,6.978994927762667,17,223
223,223,38.44773313306928,2.2856087967143903,7.113398225706401,18,224
224,223,40.52835240905615,2.3086360206678984,7.226882775633722,19,225
225,223,42.60534483286117,2.328919792259158,7.320738143468727,20,226
226,223,44.68381496197705,2.346873115908552,7.396383323297858,21,227
227,223,46.763440879331256,2.3627849931670624,7.454694835283352,22,228
228,223,48.84516086105152,2.3769047999075714,7.496395387905775,23,229
229,223,50.923040005446246,2.3894011754839006,7.521971027370231,24,230
230,223,53.00376015694141,2.4004902292594226,7.531976097811022,25,231
