,particle_id,r,phi,z,layer_id,hit_id
214,209,3.10011034202611,-1.774027141475638,-4.237645299250946,1,215
215,209,5.180549765130354,-1.7785293316122164,-6.947410469104717,2,216
216,209,7.260021002548006,-1.7827825387321696,-9.54476861405541,3,217
217,209,9.33765208193142,-1.7868285746033576,-12.026454864366707,4,218
218,209,11.41834164802701,-1.790715832718549,-14.396264048156436,5,219
219,209,13.495848425669864,-1.7944681861312604,-16.645497332642723,6,220
220,209,15.575269266504009,-1.798127671227599,-18.778449691025248,7,221
221,209,17.656080372223425,-1.8017235944401733,-20.79317147098772,8,222
222,209,19.73485075190668,-1.805278676642872,-22.68540780281776,9,223
223,209,21.813805558491627,-1.8088240250184624,-24.45644157226599,10,224
224,209,23.892203906343905,-1.8123846903662049,-26.10480397295788,11,225
225,209,25.971998018897004,-1.8159898731132689,-27.63108225922065,12,226
226,209,28.05205594635933,-1.8196634698430296,-29.033346398693627,13,227
227,209,30.130983569231333,-1.8234291745658275,-30.30966927450369,14,228
228,209,32.209852638028885,-1.827315952317226,-31.45958565802417,15,229
229,209,34.28924271557027,-1.8313535412014823,-32.48191863153896,16,230
230,209,36.36913234329794,-1.83557284048529,-33.37481574652769,17,231
231,209,38.44614009336014,-1.84000048455704,-34.134934062495134,18,232
232,209,40.526628423893385,-1.844688132039168,-34.76195789337119,19,233
233,209,42.60518268415852,-1.849667376856964,-35.25092728073608,20,234
234,209,44.68530501110023,-1.85499754155035,-35.5987635733979,21,235
235,209,46.76352175252527,-1.8607306588790613,-35.80001087534593,22,236
236,209,48.84355903230582,-1.866951940510254,-35.84883971375298,23,237
237,209,50.92102398907992,-1.873742262795374,-35.73731653516282,24,238
238,209,53.000367708425806,-1.881238421084974,-35.45496750497766,25,239
