,particle_id,r,phi,z,layer_id,hit_id
422,648,3.1014328671458764,2.127138167210984,-1.3903627124414868,1,423
423,648,5.180004192324039,2.184933623932509,-2.010192441019015,2,424
424,648,7.258804159856764,2.2333311357499697,-2.4472523163760656,3,425
425,648,9.338108612654183,2.2750492658742862,-2.7362824736075453,4,426
426,648,11.418436198782246,2.3118298643727524,-2.900757313936623,5,427
427,648,13.497375088322022,2.3447998358651327,-2.957126624516277,6,428
428,648,15.575896120996488,2.374797354876244,-2.9176466187365406,7,429
429,648,17.654250901653533,2.402419696281921,-2.791379533250065,8,430
430,648,19.73576647437382,2.42814867895218,-2.584827780238868,9,431
431,648,21.81279938426665,2.452228669056905,-2.30413468107858,10,432
432,648,23.892412904169586,2.4750064232344124,-1.9525906288503307,11,433
433,648,25.97227348843317,2.49666184986688,-1.5336927444281372,12,434
434,648,28.05082855546397,2.517346902059232,-1.0503464997329672,13,435
435,648,30.12986368093653,2.5372160823052807,-0.5041541688593014,14,436
436,648,32.208887247593275,2.5563764833736853,0.1032557528592406,15,437
437,648,34.28769038738966,2.574919398462275,0.7706721715833851,16,438
438,648,36.368900306058194,2.592945420188323,1.498213805536551,17,439
439,648,38.447128026127295,2.61047387101066,2.283431316609437,18,440
440,648,40.525008794099136,2.6275838495826016,3.126882015958678,19,441
441,648,42.60490420467359,2.644341894533865,4.029514548628264,20,442
442,648,44.68369881038036,2.660763451061513,4.990132915917847,21,443
443,648,46.76310250060837,2.676897315914039,6.009807561590783,22,444
444,648,48.84181179780314,2.692763905276424,7.088369150677096,23,445
445,648,50.922802162560494,2.708412429976595,8.228068434295487,24,446
446,648,53.00115952203728,2.7238298282804303,9.426994455482522,25,447
