,particle_id,r,phi,z,layer_id,hit_id
0,1,3.100686664445363,-1.818555995364618,-0.5771302070453181,1,1
1,1,5.180945323922109,-1.7823285316098447,-0.921341599472104,2,2
2,1,7.260025205846889,-1.7445122285597892,-1.2195170151206014,3,3
3,1,9.33779857725616,-1.7054685651483876,-1.463025825056402,4,4
4,1,11.417336830646232,-1.6655926769027902,-1.645352165285022,5,5
5,1,13.497768466219297,-1.6254160493266174,-1.7619609406266576,6,6
6,1,15.577069528832068,-1.5855091132215609,-1.811280539998368,7,7
7,1,17.65533475180042,-1.5463663351072332,-1.7947432544975506,8,8
8,1,19.73447335983584,-1.5083748223932334,-1.7160148708074452,9,9
9,1,21.81352567922167,-1.4718793754385324,-1.580452288806761,10,10
10,1,23.893507722329264,-1.437087757884555,-1.3942888597705796,11,11
11,1,25.97307613744228,-1.4041535708919275,-1.1643140343930227,12,12
12,1,28.05151336813066,-1.3731381541740373,-0.8972292160589994,13,13
13,1,30.129586735327948,-1.3440200600352896,-0.5991393011583384,14,14
14,1,32.210471650263344,-1.316707508189492,-0.2751463713141291,15,15
15,1,34.28808039940719,-1.2912013320093003,0.0688126537297755,16,16
16,1,36.36841466988679,-1.2673320703917654,0.429352596763362,17,17
17,1,38.44847407307496,-1.2450339014297007,0.802186199083863,18,18
18,1,40.52516868505345,-1.2242307084121369,1.1834573569906297,19,19
19,1,42.60629361425042,-1.204741838474788,1.5717794829519782,20,20
20,1,44.68627059104416,-1.1865231914350387,1.963692332472709,21,21
21,1,46.76314186442058,-1.1694943125279045,2.356720339809664,22,22
22,1,48.843104210813785,-1.153516801281418,2.7502215291499645,23,23
23,1,50.92142763059337,-1.1385471181016196,3.141726655852212,24,24
24,1,53.00157794315192,-1.1244857765975511,3.530513871485276,25,25
