,particle_id,r,phi,z,layer_id,hit_id
1029,549,3.100704435441455,1.6080103946038249,-1.9982493722624,1,1030
1030,549,5.1805383207268765,1.6139815854323594,-3.1980568389777417,2,1031
1031,549,7.259602889305344,1.6195084468398306,-4.268577132196064,3,1032
1032,549,9.337923705720792,1.6245723739939184,-5.189267112126132,4,1033
1033,549,11.418113737763148,1.6291167985960444,-5.930894044081626,5,1034
1034,549,13.49623350724156,1.6329999732358491,-6.446135242042793,6,1035
1035,549,15.576080179397962,1.635959876373461,-6.66111175892933,7,1036
1036,549,17.655046031592505,1.6374100952688353,-6.438898885168491,8,1037
1037,549,19.733803078821204,1.6358281455836017,-5.475160821750379,9,1038
1038,549,21.81277023948796,1.6245659174043112,-2.6609018777862943,10,1039
1039,549,21.812365939795672,1.4908521309759462,12.170670977838675,10,1040
1040,549,19.733041242944896,1.2532368883499778,24.553313331624253,9,1041
1041,549,19.733413745609493,0.912280299535954,35.96546662680139,9,1042
1042,549,21.81327041453984,0.6965714315170369,42.75335223764484,10,1043
1043,549,23.89207299389644,0.5913771512385813,46.53591712323521,11,1044
1044,549,25.9711598562164,0.5235717735960054,49.38960041161948,12,1045
1045,549,28.05061529567692,0.4767071170671803,51.72304498221765,13,1046
1046,549,30.129938983509,0.443589070905358,53.697792157815385,14,1047
1047,549,32.20855144879299,0.4202793100494854,55.39457546326449,15,1048
1048,549,34.28911190576267,0.4043311722913912,56.860805515749945,16,1049
1049,549,36.36833899696704,0.394171384252191,58.12083660216542,17,1050
1050,549,38.445893316514734,0.3886827961815001,59.19047281004039,18,1051
1051,549,40.52530084677342,0.3870689985221325,60.07954800644156,19,1052
1052,549,42.60597605384816,0.3887713823607738,60.789687420775394,20,1053
1053,549,44.68368816886923,0.3933784112114301,61.316889227544834,21,1054
1054,549,46.76285473490228,0.4006219142133193,61.65456536630524,22,1055
1055,549,48.84323390166392,0.410344168770447,61.78842727161225,23,1056
1056,549,50.92202737534929,0.4224815941263489,61.69666397141512,24,1057
1057,549,53.00159320566301,0.4371262584139972,61.34623407902885,25,1058
