,particle_id,r,phi,z,layer_id,hit_id
925,600,3.101267211487972,0.4848016417651665,4.301701621204508,1,926
926,600,5.179455875389703,0.4850589765929984,7.073966935023449,2,927
927,600,7.258368325614092,0.4863898135305269,9.743964517524232,3,928
928,600,9.338005411707089,0.4888344472377371,12.29864153487459,4,929
929,600,11.418112325364149,0.4924341135666431,14.72420430981414,5,930
930,600,13.498190925853171,0.4972306400388888,17.006120668616838,6,931
931,600,15.575047313886593,0.5032580152777008,19.12672339479628,7,932
932,600,17.655170043899002,0.5105813320410991,21.07737861668624,8,933
933,600,19.734823884856663,0.5192380638554581,22.838150816296825,9,934
934,600,21.812635901933973,0.5292694988538239,24.391236434630866,10,935
935,600,23.89170705892828,0.5407396024891623,25.72114247257631,11,936
936,600,25.972435167253742,0.5537021481731775,26.808792384695373,12,937
937,600,28.05061538408713,0.5681753695850155,27.63245031656032,13,938
938,600,30.130789788255363,0.5842298984659273,28.173598179276432,14,939
939,600,32.208619335399966,0.6018621861940894,28.41033337123094,15,940
940,600,34.28812332770962,0.6211226623758839,28.322301498195166,16,941
941,600,36.36685279449152,0.6419890099569224,27.888810067071624,17,942
942,600,38.44617206847007,0.6644516754553179,27.08992033877275,18,943
943,600,40.52504697681125,0.6884502640791159,25.90770838492929,19,944
944,600,42.60542504849814,0.7139299773274905,24.324253887367966,20,945
945,600,44.684433093674265,0.7407481896263481,22.32700348250537,21,946
946,600,46.7626631692845,0.7687771247998928,19.90253299590093,22,947
947,600,48.8423987689681,0.7978967116750659,17.03397343897523,23,948
948,600,50.92088661883517,0.8279124005590212,13.70726325237576,24,949
949,600,53.00122870561191,0.8587288091366702,9.889434495805707,25,950
