,particle_id,r,phi,z,layer_id,hit_id
340,1032,3.100872297713732,0.5395151602475013,0.1692748033958295,1,341
341,1032,5.179578104544678,0.5957771683495778,0.9305176789526683,2,342
342,1032,7.2593526071614995,0.6454350381968802,2.042604695738447,3,343
343,1032,9.338534475019475,0.6900148930385038,3.4120958881918853,4,344
344,1032,11.416748261617082,0.7306370941438523,4.974029066300481,5,345
345,1032,13.496377508200888,0.7681685192178846,6.6839325644598375,6,346
346,1032,15.575652728108286,0.8031887690480095,8.506170406961786,7,347
347,1032,17.65596636165941,0.8361889874912233,10.415918555230952,8,348
348,1032,19.734239009058825,0.867486265075963,12.389988733725978,9,349
349,1032,21.812516575634422,0.8974026947213335,14.414080858672,10,350
350,1032,23.893261948637026,0.926204759786915,16.477553760258253,11,351
351,1032,25.97135051304488,0.9540130041838736,18.564487091683937,12,352
352,1032,28.05016660531389,0.98103356063176,20.66914597221021,13,353
353,1032,30.12951842923895,1.0073983611776394,22.78359424019763,14,354
354,1032,32.21013131249493,1.0332322093195458,24.90186645921697,15,355
355,1032,34.28827841003109,1.0585909892508496,27.01429543186224,16,356
356,1032,36.36854859600757,1.083621312037763,29.12033721853456,17,357
357,1032,38.44817677261496,1.108371395385264,31.21251264965484,18,358
358,1032,40.527297900772126,1.1329184650239128,33.28673510505918,19,359
359,1032,42.60627095158092,1.1573376158704156,35.33949310284177,20,360
360,1032,44.68557924992333,1.1817023022689035,37.36766938564797,21,361
361,1032,46.76305897432367,1.2060534256528297,39.36582475417006,22,362
362,1032,48.841831612200295,1.2304937115068144,41.333798991999615,23,363
363,1032,50.92216054774694,1.2550940013972758,43.2687405685416,24,364
364,1032,53.001404754250224,1.2798935638571711,45.16525002985929,25,365
