,particle_id,r,phi,z,layer_id,hit_id
822,397,3.100953993966093,0.7780696035243214,-3.403991689770756,1,823
823,397,5.180556988063266,0.7958453807899795,-6.120558438753072,2,824
824,397,7.258883851280147,0.8240676914222278,-9.4140351159392,3,825
825,397,9.33803100290969,0.8798190707106534,-13.889112130137711,4,826
826,397,11.416801601908274,1.4461262391083307,-27.53674649694136,5,827
827,397,13.496738117113626,1.914422789892085,-31.01749961996557,6,828
828,397,15.576269665644055,2.101687128962657,-31.87787500820232,7,829
829,397,17.654308897583395,2.2199997581849056,-32.216916512174215,8,830
830,397,19.733858982686407,2.3037643968995423,-32.28176223940222,9,831
831,397,21.813728505610847,2.366557751534013,-32.15978170543205,10,832
832,397,23.893198562795604,2.415370969586551,-31.89378248118768,11,833
833,397,25.971442130085595,2.4542977418700325,-31.50869665762917,12,834
834,397,28.05188815515985,2.4860039009328725,-31.019699984712847,13,835
835,397,30.131574073345284,2.51219594230378,-30.438414610199057,14,836
836,397,32.20848427478503,2.534099932557937,-29.77370704968708,15,837
837,397,34.28977452813036,2.55269259860054,-29.029357778644204,16,838
838,397,36.36735191479175,2.5685803921236112,-28.21305556886356,17,839
839,397,38.44778584718805,2.5823411005169548,-27.326139659683413,18,840
840,397,40.52577711860011,2.5943535327685736,-26.37398187742346,19,841
841,397,42.60472896258525,2.6049736582487664,-25.357640848804195,20,842
842,397,44.685900233031845,2.61448067509284,-24.27841484989328,21,843
843,397,46.76281631323427,2.623078222413654,-23.141376970355296,22,844
844,397,48.84232650693865,2.630995162243904,-21.944081063927563,23,845
845,397,50.923122305204686,2.6384006950824457,-20.68796800476096,24,846
846,397,53.00102695591696,2.645439858598151,-19.376092531697005,25,847
