,particle_id,r,phi,z,layer_id,hit_id
1724,720,3.100983616278083,1.7451664015522634,-2.5043142224748984,1,1725
1725,720,5.181106979229467,1.7580109669723811,-4.213265204807811,2,1726
1726,720,7.259366464975192,1.7704967062473047,-5.925584390681888,3,1727
1727,720,9.338979594155186,1.7827257982658538,-7.627620653259388,4,1728
1728,720,11.417575241080256,1.7947526663243016,-9.301004878735617,5,1729
1729,720,13.497167098636208,1.806644997143268,-10.9310427751938,6,1730
1730,720,15.575948719047416,1.8184374637309004,-12.500376538005774,7,1731
1731,720,17.654346618972593,1.8301678161266008,-13.994061302420103,8,1732
1732,720,19.73501992898656,1.841877595599716,-15.399387342531687,9,1733
1733,720,21.814438591996485,1.8535658071068328,-16.70040444350944,10,1734
1734,720,23.89323708373873,1.86524813135103,-17.885323992711022,11,1735
1735,720,25.97201177403732,1.8769341015113807,-18.9434941757974,12,1736
1736,720,28.05126001538565,1.888627632736377,-19.865416844297705,13,1737
1737,720,30.12920029712432,1.900315571130363,-20.64203799183333,14,1738
1738,720,32.21018727040554,1.9120157856052264,-21.26776688375021,15,1739
1739,720,34.28770519904518,1.923682266841643,-21.73491923455772,16,1740
1740,720,36.36760683552134,1.935336393669815,-22.04029129055312,17,1741
1741,720,38.446860919292384,1.946948120385518,-22.179570051504,18,1742
1742,720,40.526171048470616,1.9585073230740624,-22.14999096634244,19,1743
1743,720,42.605635059270384,1.9699998242247403,-21.94919509674764,20,1744
1744,720,44.68463191704944,1.981407145864103,-21.57522790047425,21,1745
1745,720,46.76372242533135,1.992717147965528,-21.02593962577817,22,1746
1746,720,48.84235859362673,2.0039115036726787,-20.298999575579582,23,1747
1747,720,50.922574243009336,2.0149854292832363,-19.390124577990463,24,1748
1748,720,53.00065835360898,2.025903027076187,-18.29606739722436,25,1749
