,particle_id,r,phi,z,layer_id,hit_id
2199,1488,3.100587798998194,0.832269600524839,-2.3462284769637165,1,2200
2200,1488,5.179184467286865,0.7392912174752779,-3.083124493130299,2,2201
2201,1488,7.258865456989774,0.6662119026302107,-3.458877064005847,3,2202
2202,1488,9.337905465561755,0.6045272012808414,-3.5851170756267763,4,2203
2203,1488,11.417780164758335,0.549790898095974,-3.5257496695130044,5,2204
2204,1488,13.497105397556112,0.4995070831207978,-3.321430434943167,6,2205
2205,1488,15.576636770399864,0.4520756056675843,-3.000409882953484,7,2206
2206,1488,17.6545365469094,0.406493088600167,-2.58429304885884,8,2207
2207,1488,19.734127666909263,0.3619717145410628,-2.0894540504832264,9,2208
2208,1488,21.81354798906792,0.3180534599193997,-1.5307936640039657,10,2209
2209,1488,23.89174533805277,0.2744130231194042,-0.9216998234057244,11,2210
2210,1488,25.97151232135796,0.2307574752437775,-0.2735165359259355,12,2211
2211,1488,28.051734479250843,0.1869629263340247,0.4018080818229208,13,2212
2212,1488,30.13058208561124,0.1429889748954163,1.092380248726073,14,2213
2213,1488,32.20877302725838,0.0987939648231695,1.7874848563736876,15,2214
2214,1488,34.28916165154582,0.0543273271383956,2.477538072015733,16,2215
2215,1488,36.367313565060094,0.0097165030089367,3.151047689401281,17,2216
2216,1488,38.44735448019933,-0.0350869154258098,3.799942639063232,18,2217
2217,1488,40.5253790270739,-0.0799658835513626,4.4143031155091705,19,2218
2218,1488,42.605118279815485,-0.1249891248755869,4.987236810510879,20,2219
2219,1488,44.685013786200415,-0.1701457424327061,5.510896942785486,21,2220
2220,1488,46.76312154672479,-0.2154640028733906,5.977996482537847,22,2221
2221,1488,48.843143225035305,-0.2611584962573279,6.382761151442885,23,2222
2222,1488,50.921601794058965,-0.3073693556636021,6.717838252240853,24,2223
2223,1488,53.00131873954608,-0.3544877612029212,6.976535662667395,25,2224
