,particle_id,r,phi,z,layer_id,hit_id
2291,856,3.1009917630834543,-1.219906772619852,-0.2126264160230357,1,2292
2292,856,5.17999332033618,-1.2534479620186332,-0.1743340235702515,2,2293
2293,856,7.260258850841987,-1.2819251608130269,-0.0299771923799143,3,2294
2294,856,9.337907019291626,-1.3063757055316385,0.1965225332177897,4,2295
2295,856,11.41907410468255,-1.3276780480385786,0.4884352254474642,5,2296
2296,856,13.497747823228815,-1.3463757783761658,0.8318609275459705,6,2297
2297,856,15.577763663474087,-1.362969199501956,1.2173579590388908,7,2298
2298,856,17.655147069306185,-1.3777866348423635,1.636362997193484,8,2299
2299,856,19.734974328212253,-1.391146016131709,2.0837316922488447,9,2300
2300,856,21.81546232402508,-1.4032568202287892,2.554193909245565,10,2301
2301,856,23.89306290443657,-1.4142807497855427,3.042894513597704,11,2302
2302,856,25.972585385412227,-1.4243911735409824,3.547643455602364,12,2303
2303,856,28.05334602774736,-1.4337040341433251,4.065551056885874,13,2304
2304,856,30.131887422644365,-1.4423053163926232,4.59342633592398,14,2305
2305,856,32.209132661611605,-1.4502852074962134,5.129504603763393,15,2306
2306,856,34.290649489945835,-1.4577356467445952,5.673539624909356,16,2307
2307,856,36.36725450675129,-1.4646852459058508,6.22165344679966,17,2308
2308,856,38.449492238797454,-1.471221956689902,6.775332321431687,18,2309
2309,856,40.52877700307782,-1.4773638498748178,7.3311486650515745,19,2310
2310,856,42.60450440638442,-1.4831509035768102,7.887895921257927,20,2311
2311,856,44.68434869350808,-1.4886396299838691,8.44669436762006,21,2312
2312,856,46.764101336517705,-1.4938493557527854,9.005550692066555,22,2313
2313,856,48.84358507507203,-1.4988077679421947,9.563608738670077,23,2314
2314,856,50.92260440984496,-1.5035398588776403,10.120049955754368,24,2315
2315,856,53.000878506944,-1.5080682619057455,10.674061732221864,25,2316
