,particle_id,r,phi,z,layer_id,hit_id
1593,1084,3.1022525202200377,3.09469619206895,0.3738170855741654,1,1594
1594,1084,5.179177933758328,3.085943459037099,0.6515878361109273,2,1595
1595,1084,7.25939362423165,3.077387620865801,0.953960392357482,3,1596
1596,1084,9.33914942805272,3.0690189101968364,1.2823768911816646,4,1597
1597,1084,11.417863736376868,3.0608152575310874,1.6388321790636464,5,1598
1598,1084,13.497962454824028,3.0527439790859745,2.026066100889884,6,1599
1599,1084,15.575463990599443,3.0447980778250345,2.4458472156480973,7,1600
1600,1084,17.655461426680212,3.0369362132754856,2.901992740697052,8,1601
1601,1084,19.73361634930646,3.029153239844033,3.3966341100906607,9,1602
1602,1084,21.81434129409766,3.02141102906135,3.934222374368385,10,1603
1603,1084,23.892890505736908,3.013705380677997,4.517257996317602,11,1604
1604,1084,25.972931005998213,3.0060002945018045,5.150832168019198,12,1605
1605,1084,28.052051712498915,2.9982815915282184,5.838706967135904,13,1606
1606,1084,30.13036629293804,2.990524823065221,6.585734213699036,14,1607
1607,1084,32.21020134173974,2.982696061604265,7.398081701264736,15,1608
1608,1084,34.28833222054663,2.9747809462711245,8.28017200088582,16,1609
1609,1084,36.36883468792731,2.966735954505848,9.239810595716076,17,1610
1610,1084,38.44810514444792,2.9585455942069,10.281671241992449,18,1611
1611,1084,40.52515548016679,2.9501836620569817,11.411363504143877,19,1612
1612,1084,42.60568245113682,2.941595731495679,12.638154589070972,20,1613
1613,1084,44.68450407453003,2.932771512940271,13.964543403230357,21,1614
1614,1084,46.76371630477125,2.9236718837223634,15.395982328704145,22,1615
1615,1084,48.84214782672311,2.914273975282166,16.933892370638358,23,1616
1616,1084,50.92180225941271,2.9045445325457955,18.57924842804088,24,1617
1617,1084,53.00044668426521,2.8944754209248225,20.326086061462235,25,1618
