,particle_id,r,phi,z,layer_id,hit_id
1469,650,3.100332242560606,-0.4614475809801456,2.498512879874987,1,1470
1470,650,5.179485675437749,-0.4553317588567557,3.914130251883897,2,1471
1471,650,7.258420548125119,-0.4493489862359029,5.171998972042694,3,1472
1472,650,9.33839841276659,-0.4434195462410361,6.299555512873333,4,1473
1473,650,11.41830285987806,-0.4374917150004774,7.314644433956467,5,1474
1474,650,13.49812218996721,-0.4315235408702849,8.230648530542396,6,1475
1475,650,15.576894074283103,-0.4254842219858286,9.057162945710068,7,1476
1476,650,17.656736615898204,-0.4193396063030065,9.802597623184006,8,1477
1477,650,19.733759220198056,-0.4130772825708561,10.471515424709658,9,1478
1478,650,21.81416929211426,-0.406657206104102,11.070496918678508,10,1479
1479,650,23.894191890590065,-0.4000714936329725,11.601971602773231,11,1480
1480,650,25.97085219217856,-0.3933124314791887,12.06830092085103,12,1481
1481,650,28.05084193618168,-0.3863418904476294,12.473373772390978,13,1482
1482,650,30.129717961436,-0.3791591352238439,12.818175070292687,14,1483
1483,650,32.20948096546905,-0.3717428925997968,13.104659239160869,15,1484
1484,650,34.28958180769024,-0.3640813806057312,13.334052303733207,16,1485
1485,650,36.36678881587711,-0.3561743083098271,13.507258743713544,17,1486
1486,650,38.44729926219114,-0.3479862519757729,13.625797099957722,18,1487
1487,650,40.52542908017794,-0.3395286538521942,13.690233842003458,19,1488
1488,650,42.60485392363602,-0.3307771322138236,13.701606904520574,20,1489
1489,650,44.68337929295509,-0.3217324749203897,13.660765431460623,21,1490
1490,650,46.76506253355673,-0.3123696088247098,13.56845709943746,22,1491
1491,650,48.842038121606166,-0.3027189903460943,13.426068313852468,23,1492
1492,650,50.921702260180375,-0.2927433098407593,13.234252059574146,24,1493
1493,650,53.00251921773173,-0.2824477692875388,12.99424040110368,25,1494
