,particle_id,r,phi,z,layer_id,hit_id
2478,1785,3.101897354748634,1.2078335761019543,-0.2110677373066014,1,2479
2479,1785,5.1804001583425086,1.2051948917198645,-0.3328805460541773,2,2480
2480,1785,7.260445837053024,1.2026147953715909,-0.4397549179750584,3,2481
2481,1785,9.340496482314832,1.20009282298703,-0.5322048237012336,4,2482
2482,1785,11.419005644691993,1.197628481973658,-0.6107695480937476,5,2483
2483,1785,13.499160876217532,1.1952158157904942,-0.6761439108205973,6,2484
2484,1785,15.579469857531208,1.1928545571214912,-0.7288223404230489,7,2485
2485,1785,17.65842241424486,1.1905444163186962,-0.7693185831093441,8,2486
2486,1785,19.734493485451576,1.1882850830603613,-0.7981624952272988,9,2487
2487,1785,21.815746836679665,1.1860660951835311,-0.8159541665236638,10,2488
2488,1785,23.89587003010876,1.1838926383849266,-0.8230982159888693,11,2489
2489,1785,25.97329979715929,1.1817646312358374,-0.8200923511967542,12,2490
2490,1785,28.051257700178184,1.179677193859694,-0.8074050313371757,13,2491
2491,1785,30.132925732134467,1.1776258120884568,-0.785429893030333,14,2492
2492,1785,32.211817006104255,1.175615533551425,-0.7546557287880287,15,2493
2493,1785,34.29099869037345,1.1736420196030115,-0.7154637771111076,16,2494
2494,1785,36.36866639246632,1.171705712954931,-0.668290094351569,17,2495
2495,1785,38.44770206782209,1.1698027478936952,-0.6134494821296439,18,2496
2496,1785,40.52610669648529,1.1679338567140771,-0.5513543756038661,19,2497
2497,1785,42.6064894190872,1.1660956665070503,-0.4822684181715537,20,2498
2498,1785,44.686582093208685,1.164289218277936,-0.4065912817057189,21,2499
2499,1785,46.76400742575873,1.1625155652765735,-0.3247391450806436,22,2500
2500,1785,48.84542385161973,1.1607681615628327,-0.2367428619212752,23,2501
2501,1785,50.92341639321503,1.159052412062487,-0.1431940238118336,24,2502
2502,1785,53.00401977960648,1.1573625410677366,-0.044085870413344,25,2503
