,particle_id,r,phi,z,layer_id,hit_id
589,606,3.101326476847071,1.0779398503682291,3.7991963301052607,1,590
590,606,5.1796861141880735,1.0566760806497542,6.008150779485973,2,591
591,606,7.259245808282419,1.0382249154285483,7.997110403200843,3,592
592,606,9.339166046530597,1.022161512983169,9.796327245678846,4,593
593,606,11.416817097136098,1.0081694419218508,11.428387732957312,5,594
594,606,13.498212818162504,0.995948723358138,12.917658359389762,6,595
595,606,15.575273118445844,0.9853386182378748,14.274572006861511,7,596
596,606,17.654367089165167,0.9761371931953776,15.516893464363603,8,597
597,606,19.7335532742188,0.9682202669674846,16.654503226664225,9,598
598,606,21.81477344004848,0.961472654218858,17.697809643058,10,599
599,606,23.892783555803344,0.9558215648006594,18.65235007619485,11,600
600,606,25.97127768154309,0.951183361189634,19.52692382744412,12,601
601,606,28.051900325746544,0.9474995001663772,20.328055854053574,13,602
602,606,30.131037654849667,0.9447329786196708,21.05949702923517,14,603
603,606,32.21099918074817,0.9428480401637388,21.72658578184721,15,604
604,606,34.288533990315294,0.941825171103365,22.33224716509517,16,605
605,606,36.36899920739197,0.9416508700563824,22.88140313010799,17,606
606,606,38.44619879362688,0.9423244882599896,23.37534867307652,18,607
607,606,40.52512278022972,0.9438562228068704,23.817834797583107,19,608
608,606,42.60464104281265,0.9462673971922544,24.210656746995657,20,609
609,606,44.68586031633152,0.9495939026077704,24.555704895366144,21,610
610,606,46.76370129153331,0.9538737110214404,24.853602324479624,22,611
611,606,48.843072676802265,0.9591794803738904,25.10616685866013,23,612
612,606,50.92214733916764,0.9655913824596836,25.313815700319854,24,613
613,606,53.00024498308646,0.9732151036694542,25.476795665228085,25,614
