,particle_id,r,phi,z,layer_id,hit_id
895,599,3.100208406603954,0.3818745371927832,0.9151767273797252,1,896
896,599,5.180401023450177,0.5400624023412605,1.6373945595874222,2,897
897,599,7.259733642910121,0.6494235732985095,2.365031866206732,3,898
898,599,9.337759415597835,0.7286960546253852,3.0837071968826955,4,899
899,599,11.41909243192834,0.7889337493442449,3.792493147888541,5,900
900,599,13.496180319762669,0.8362293465223605,4.489141101688079,6,901
901,599,15.57739159632787,0.874596402770346,5.177340734152374,7,902
902,599,17.656660194529938,0.906340282361938,5.85593255105926,8,903
903,599,19.73439668075021,0.9331012352871244,6.5257770923118485,9,904
904,599,21.815468908951576,0.9560575990640088,7.188967923460801,10,905
905,599,23.893298696029483,0.9759379724238112,7.8437902495942495,11,906
906,599,25.97146019073697,0.9933722559624406,8.491638993917967,12,907
907,599,28.053156877076106,1.0088256491395502,9.1336383361248,13,908
908,599,30.132564978409647,1.022595292397995,9.768039138303552,14,909
909,599,32.208840235310475,1.0349492276963064,10.394584403297252,15,910
910,599,34.29035926601741,1.0461483097567228,11.015694322224268,16,911
911,599,36.36687998727096,1.05630874390352,11.628150612453762,17,912
912,599,38.44878340833248,1.065621725842541,12.234791292307085,18,913
913,599,40.52691509151082,1.0741613717848844,12.832660792710586,19,914
914,599,42.604732993849936,1.0820410386783064,13.422439784033696,20,915
915,599,44.68621787778748,1.089356225223279,14.00484245588672,21,916
916,599,46.76305461896858,1.0961477938179354,14.577091956796307,22,917
917,599,48.84393803814307,1.102504437862834,15.14106574304235,23,918
918,599,50.92083927994491,1.1084535511666278,15.693996578361114,24,919
919,599,53.00273814978216,1.1140661786477708,16.237597836230115,25,920
