,particle_id,r,phi,z,layer_id,hit_id
1009,773,3.1026325293292447,1.8182708115306725,0.3713737147445926,1,1010
1010,773,5.179299951766016,1.816995432257236,0.6024356911317632,2,1011
1011,773,7.260970450536959,1.8159691902968604,0.8182833864204788,3,1012
1012,773,9.339352589866582,1.815210838778974,1.016515551140074,4,1013
1013,773,11.417889333775728,1.8147344811726231,1.1958934632467226,5,1014
1014,773,13.497082909262428,1.8145578083925489,1.354745639033819,6,1015
1015,773,15.577408414322257,1.8147005712924933,1.4912651294054946,7,1016
1016,773,17.656504304189955,1.8151837744774053,1.603358458702811,8,1017
1017,773,19.734845694028703,1.8160300462462629,1.6890094642758626,9,1018
1018,773,21.81285683758694,1.8172641218068404,1.7460283408413986,10,1019
1019,773,23.893592474175453,1.818915248049649,1.7720482689812478,11,1020
1020,773,25.971928620589367,1.821008010222446,1.7644158068930906,12,1021
1021,773,28.050816159856943,1.8235750746425683,1.720384148878928,13,1022
1022,773,30.13040082820096,1.82664893437542,1.6369213492113772,14,1023
1023,773,32.2107469924739,1.8302634994650224,1.5107554727397705,15,1024
1024,773,34.289354980864246,1.834448339509953,1.3386018597174818,16,1025
1025,773,36.36868432185419,1.839242909844217,1.1165695720950095,17,1026
1026,773,38.44614071837968,1.8446756886923328,0.8409965715027532,18,1027
1027,773,40.52620950005191,1.8507932244930456,0.5069952594594049,19,1028
1028,773,42.60598299651394,1.8576212876862888,0.110380656096666,20,1029
1029,773,44.68479739472959,1.8651880867075576,-0.3535203655657213,21,1030
1030,773,46.7639173925232,1.8735258907298635,-0.8901420088033554,22,1031
1031,773,48.84192651929216,1.8826527283659085,-1.5046239184870576,23,1032
1032,773,50.92106766316947,1.8925981411237367,-2.2036221943972407,24,1033
1033,773,53.00045408354926,1.9033735634089155,-2.993482399409816,25,1034
