,particle_id,r,phi,z,layer_id,hit_id
0,407,3.101360000508086,2.048258362220355,-0.6065123471374676,1,1
1,407,5.182943773510946,2.048175494320484,-1.0239513069383437,2,2
2,407,7.261942162857943,2.048019219040805,-1.4492094951451264,3,3
3,407,9.340411207137066,2.0477921676546926,-1.8827422937614384,4,4
4,407,11.420618169675484,2.047496209897336,-2.325104653307065,5,5
5,407,13.50035391493058,2.047133383184633,-2.775929904547596,6,6
6,407,15.577477029853627,2.046705639278525,-3.234850341281416,7,7
7,407,17.654575456406597,2.046213677462443,-3.702556996405619,8,8
8,407,19.73432113039157,2.045657557938162,-4.179824811233416,9,9
9,407,21.814763094286,2.045038189346113,-4.666405731673336,10,10
10,407,23.89396921152524,2.044356450325298,-5.162044090374351,11,11
11,407,25.97467750758025,2.043611459022382,-5.667617126086512,12,12
12,407,28.050321049290385,2.042805511686908,-6.181750317966362,13,13
13,407,30.13287624942359,2.0419334143274708,-6.707695441194801,14,14
14,407,32.21109709655535,2.0409990555872337,-7.242929840250156,15,15
15,407,34.28760884085388,2.040000584188601,-7.788411598263281,16,16
16,407,36.36945727408303,2.0389332291333506,-8.346379652902016,17,17
17,407,38.44987316905042,2.037798787016921,-8.915445880090843,18,18
18,407,40.52663895561146,2.03659694055397,-9.495393514108883,19,19
19,407,42.60633704831673,2.0353218228988395,-10.08852909975171,20,20
20,407,44.6863754133584,2.033972410095509,-10.694664806963402,21,21
21,407,46.76406858880202,2.0325477229703903,-11.313573989417094,22,22
22,407,48.84516268990386,2.031040489987596,-11.947614746780973,23,23
23,407,50.92221497913023,2.0294523752686384,-12.595216389337097,24,24
24,407,53.00029936139138,2.0277753427780625,-13.258711394627753,25,25
