,particle_id,r,phi,z,layer_id,hit_id
478,188,3.1002695668674067,-0.1943783450771794,-2.607412470870679,1,479
479,188,5.179611186905694,-0.2379603919120052,-3.938353414174125,2,480
480,188,7.259360655022267,-0.2547482059632861,-5.395559914654779,3,481
481,188,9.338623729710129,-0.2615905954712906,-7.0240082497614935,4,482
482,188,11.417696748055365,-0.2637059530044112,-8.846248447534904,5,483
483,188,13.496623033360686,-0.2632532110149868,-10.877010060738272,6,484
484,188,15.575441615334848,-0.2612887686207257,-13.127873947199138,7,485
485,188,17.654977372358765,-0.2583896527437199,-15.609952518312054,8,486
486,188,19.73422097793344,-0.2549015600492981,-18.33149702226257,9,487
487,188,21.813807824034264,-0.2510438017499968,-21.302326653228537,10,488
488,188,23.89244210143536,-0.2469695691102434,-24.52917875597055,11,489
489,188,25.97089214710361,-0.2427880629345204,-28.021482804569573,12,490
490,188,28.051165121524523,-0.2385830364318734,-31.791099011470656,13,491
491,188,30.13054423611549,-0.2344361481060308,-35.84108427536877,14,492
492,188,32.209851235508346,-0.230417954555503,-40.180129289455216,15,493
493,188,34.28767906793295,-0.2266055342285895,-44.81157223120377,16,494
494,188,36.36822726060639,-0.2230744172054782,-49.75076079105626,17,495
495,188,38.447154214528815,-0.2199304476163553,-54.99221095805533,18,496
496,188,40.52565244387021,-0.2172936334366632,-60.54162980141246,19,497
497,188,42.605272104155695,-0.2153221283183904,-66.40468053600166,20,498
498,188,44.68428286201424,-0.2142364669068793,-72.5757258350291,21,499
499,188,46.762818341704254,-0.2143510592034426,-79.05113201252061,22,500
500,188,48.842264567156256,-0.2161523121840701,-85.82740551532669,23,501
501,188,50.921506018329104,-0.2204600138903687,-92.88629980020794,24,502
502,188,53.0006252561047,-0.2288574533497176,-100.19824680094143,25,503
