,particle_id,r,phi,z,layer_id,hit_id
423,388,3.1002845102627457,0.0966310480119088,-0.7265034619429898,1,424
424,388,5.1798302256842526,0.0564972540700438,-1.3271800308233497,2,425
425,388,7.258726934455998,0.0123028094464744,-2.0359114354801378,3,426
426,388,9.337890971331252,-0.0361629017023327,-2.868318128100068,4,427
427,388,11.41742959738448,-0.0887604060264333,-3.837628597177343,5,428
428,388,13.496484597537645,-0.1448490705998261,-4.950893397354676,6,429
429,388,15.5756103472259,-0.2032992746236624,-6.206849788745977,7,430
430,388,17.6549088315643,-0.2625659301382535,-7.593739604638372,8,431
431,388,19.734849932371283,-0.3209930324470788,-9.091656314827858,9,432
432,388,21.812924875581245,-0.3770443452926099,-10.674411927699015,10,433
433,388,23.892307716989425,-0.4297499118490485,-12.320761436095896,11,434
434,388,25.971426702428385,-0.4784649991012455,-14.009611086458056,12,435
435,388,28.050704036505984,-0.5229764624689444,-15.726184557134468,13,436
436,388,30.129982274157666,-0.5633192049658103,-17.45971478369608,14,437
437,388,32.20856685053141,-0.5996747859341394,-19.20257505140899,15,438
438,388,34.28832645097609,-0.6323423959089919,-20.95195374255168,16,439
439,388,36.36680074258062,-0.6615745441175829,-22.70329229247462,17,440
440,388,38.44670390141614,-0.6876927909628999,-24.45772238300447,18,441
441,388,40.52616034580373,-0.7109307608977021,-26.21348372215336,19,442
442,388,42.60575098421414,-0.7315216387161065,-27.97167079869533,20,443
443,388,44.6837590807664,-0.7496383052449235,-29.732175355557768,21,444
444,388,46.76395756327852,-0.7654566754435951,-31.50041145586244,22,445
445,388,48.84198319829959,-0.7790373679928109,-33.27611524036079,23,446
446,388,50.92240621470869,-0.7904400936551709,-35.06868324745829,24,447
447,388,53.0011462869532,-0.7995781037795622,-36.883919532345125,25,448
