,particle_id,r,phi,z,layer_id,hit_id
47,349,3.100276085866052,-0.3591169584765759,0.7046189780540573,1,48
48,349,5.180388027132421,-0.3972747169085991,1.298492145005376,2,49
49,349,7.258606034991945,-0.4404924914271487,2.00061542971028,3,50
50,349,9.338475699298709,-0.4902932193726061,2.820194003833862,4,51
51,349,11.416914297839591,-0.548510480291749,3.7581462658049887,5,52
52,349,13.496905210020447,-0.6175626818654788,4.803929909893874,6,53
53,349,15.57540466699318,-0.6996504164763027,5.915871933069987,7,54
54,349,17.655091259574547,-0.7957583918931372,7.010354817417884,8,55
55,349,19.73432999466251,-0.9030921836597484,7.959614749905832,9,56
56,349,21.81332183999549,-1.0147612221904607,8.644078522105495,10,57
57,349,23.89206317132185,-1.122958156489329,9.01173215142753,11,58
58,349,25.971396728642187,-1.2227413801172469,9.080865233623456,12,59
59,349,28.05011188010039,-1.312425902272817,8.899829128990518,13,60
60,349,30.129243052426315,-1.3924188081512887,8.516462590301657,14,61
61,349,32.20879072375488,-1.4638429248157976,7.967801414374051,15,62
62,349,34.28903820103761,-1.5279741763916503,7.279852289353528,16,63
63,349,36.368469414568345,-1.5859425521447736,6.470705555875291,17,64
64,349,38.44610917710666,-1.6387451222248537,5.552157141897752,18,65
65,349,40.52593021692295,-1.687335647590366,4.528873691366414,19,66
66,349,42.60596396629067,-1.732379330554772,3.4043733338271736,20,67
67,349,44.68423157648353,-1.7744464859501543,2.1793834492042947,21,68
68,349,46.76362592038832,-1.8141241889862825,0.8487640520462847,22,69
69,349,48.84278624725963,-1.851854263683703,-0.5934000401977428,23,70
70,349,50.92253199752203,-1.88808662502002,-2.158315133767939,24,71
71,349,53.000126427933225,-1.923201974853161,-3.859542727912057,25,72
