,particle_id,r,phi,z,layer_id,hit_id
0,50,3.100939077357825,1.9990755155948683,2.2494225373577663,1,1
1,50,5.18098735044226,2.0468721214861074,3.764064098717681,2,2
2,50,7.258886164959544,2.097493222303936,5.274688337837782,3,3
3,50,9.33871397302329,2.150926626567045,6.77565525412763,4,4
4,50,11.418416413195178,2.2068172122681577,8.254567410311296,5,5
5,50,13.495975060581284,2.264580195788719,9.697294370446713,6,6
6,50,15.576282324694487,2.323615936109901,11.093619058527167,7,7
7,50,17.655912139948306,2.3829452561086457,12.428164350553526,8,8
8,50,19.73453209769445,2.441630574476448,13.689902401574807,9,9
9,50,21.812970066986114,2.498837018333285,14.87172963128165,10,10
10,50,23.892013127488983,2.553884016315181,15.970014923362235,11,11
11,50,25.97207432863032,2.6062791371762963,16.984145932341196,12,12
12,50,28.051313113610583,2.6556767784196285,17.91507175888849,13,13
13,50,30.13115121750216,2.701984763493351,18.767024754187176,14,14
14,50,32.210548166508325,2.7451840262578604,19.54409516919756,15,15
15,50,34.289255144041235,2.785365924611005,20.25112635715172,16,16
16,50,36.36889796386272,2.822710620434131,20.89349587104487,17,17
17,50,38.44820114842045,2.8573727114183423,21.475344934307863,18,18
18,50,40.52581460905042,2.8895236758722103,22.00054984519307,19,19
19,50,42.60678923733288,2.9194292062937053,22.474059657209867,20,20
20,50,44.684590692468966,2.9471783051336096,22.897681180621312,21,21
21,50,46.76560130463061,2.973028858859881,23.275613623922936,22,22
22,50,48.84403499351425,2.997067832426877,23.609308768339467,23,23
23,50,50.92099030350969,3.019459333188644,23.90126000509875,24,24
24,50,53.00183938984659,3.0403919396391874,24.15405306143446,25,25
