,particle_id,r,phi,z,layer_id,hit_id
956,398,3.100339349812391,-2.675428058109249,-0.0208545649979186,1,957
957,398,5.179222727196604,-2.360094267676725,-1.447778467443536,2,958
958,398,7.258459045498971,-1.6715034431620122,-5.870539623227144,3,959
959,398,9.33810289770595,-1.517065831583377,-6.986388117349984,4,960
960,398,11.417191319959633,-1.4787920614812549,-7.143015250995605,5,961
961,398,13.49657669734373,-1.4839233398583764,-6.770032836068433,6,962
962,398,15.575039245350382,-1.5070128097663196,-6.0724631309210135,7,963
963,398,17.654861547751366,-1.5370350589752342,-5.174619696781685,8,964
964,398,19.734793999820702,-1.5688987925588942,-4.156406905310101,9,965
965,398,21.81332184292799,-1.6002517424941578,-3.069508014250223,10,966
966,398,23.89205720518228,-1.630102585417051,-1.945884865912168,11,967
967,398,25.97139371417577,-1.6580727346926198,-0.8066814472515134,12,968
968,398,28.05164679825924,-1.684085485812996,0.3341141634209403,13,969
969,398,30.1292480290537,-1.7081623238276886,1.465024460198995,14,970
970,398,32.20937082090879,-1.7304888519615804,2.582362571762012,15,971
971,398,34.28933190513213,-1.751180216370772,3.680165807302105,16,972
972,398,36.36697013448689,-1.7703662291630624,4.754193289214319,17,973
973,398,38.44617831164452,-1.7882244969619128,5.804259567963685,18,974
974,398,40.52763114790322,-1.8048867917050584,6.829065027372572,19,975
975,398,42.60743587985129,-1.820438439330994,7.825559147301802,20,976
976,398,44.686333522506665,-1.8349914997529155,8.793341750281524,21,977
977,398,46.76303536077666,-1.8486319010844248,9.731293871654437,22,978
978,398,48.84458889831569,-1.861486802977186,10.642114865540112,23,979
979,398,50.92103769189926,-1.873567953216308,11.521133847931145,24,980
980,398,53.00135227036881,-1.884993257504728,12.371927122743667,25,981
