,particle_id,r,phi,z,layer_id,hit_id
2663,1268,3.1000111769087435,2.0372544502315924,11.023578689667444,1,2664
2664,1268,5.1793175954783095,2.2530963081189506,17.376686027838154,2,2665
2665,1268,7.258648582063268,2.403925327583057,21.436222221385563,3,2666
2666,1268,9.337792249960147,2.4979222149191216,23.582693244874164,4,2667
2667,1268,11.41724811625776,2.553831215161797,24.31633099635186,5,2668
2668,1268,13.495907260225776,2.5844862065113903,23.97578451977197,6,2669
2669,1268,15.575364359999472,2.59784114600149,22.79129739693684,7,2670
2670,1268,17.65504201468286,2.598872869360811,20.934558992851244,8,2671
2671,1268,19.73405071459382,2.590803609158048,18.5450556207443,9,2672
2672,1268,21.812897961488595,2.5756479535887986,15.738544318796656,10,2673
2673,1268,23.891978906803708,2.554364282295166,12.611855453766625,11,2674
2674,1268,25.970971674776603,2.526480236006622,9.242378013456763,12,2675
2675,1268,28.05010683858911,2.48741156933117,5.664841019660504,13,2676
2676,1268,28.04976433222821,2.3017577774371216,3.288255804209673,13,2677
2677,1268,25.97041146895608,2.20780786828588,4.300391839130871,12,2678
2678,1268,23.891531018567143,2.0833371588094654,3.118495956884754,11,2679
2679,1268,23.8918183633624,1.9753564074868888,-7.472553259504119,11,2680
2680,1268,25.971092629404016,1.989483161950789,-18.55131949140232,12,2681
2681,1268,28.050097568730205,2.0160771433303792,-26.60955208351638,13,2682
2682,1268,30.12929175396777,2.039173676978151,-33.37041345892983,14,2683
2683,1268,32.20864216683938,2.056735824522528,-39.28583206451712,15,2684
2684,1268,34.28750321119148,2.068708721415078,-44.5667097752201,16,2685
2685,1268,36.36675405200888,2.0754879351662767,-49.33580402576376,17,2686
2686,1268,38.44676508294191,2.0775410260713345,-53.66896334509446,18,2687
2687,1268,40.52614018399954,2.0753254070952463,-57.61409742763918,19,2688
2688,1268,42.60460846110233,2.069278788868256,-61.20850604205026,20,2689
2689,1268,44.684061333448696,2.0598116656703263,-64.48670107297698,21,2690
2690,1268,46.763138619115,2.0473467927388223,-67.47756477691604,22,2691
2691,1268,48.84231966497256,2.032328087232308,-70.2196096099248,23,2692
2692,1268,50.92089111254164,2.0152799217859747,-72.76648219029263,24,2693
2693,1268,53.00039713475586,1.9968803771350845,-75.21219201882337,25,2694
