,particle_id,r,phi,z,layer_id,hit_id
1190,425,3.1036856125291377,0.4646791059365788,0.208614124957533,1,1191
1191,425,5.182973953900566,0.4650836106232869,0.3066025398294272,2,1192
1192,425,7.2596426346051635,0.4655480938704178,0.3725744743760373,3,1193
1193,425,9.338605023296878,0.4660707749095463,0.4078577938539798,4,1194
1194,425,11.42086000637052,0.4666497695871824,0.4133818843977348,5,1195
1195,425,13.498995381262084,0.4672810479583306,0.3900663550045262,6,1196
1196,425,15.5785904058836,0.4679646306484988,0.338727874726219,7,1197
1197,425,17.656762090574283,0.4686983147142384,0.2601748770130339,8,1198
1198,425,19.73500997556865,0.4694815948955352,0.1550410212254576,9,1199
1199,425,21.81487789470683,0.4703143634793968,0.0238155665307413,10,1200
1200,425,23.893615595977845,0.4711949936143325,-0.1327940817362698,11,1201
1201,425,25.972762787070604,0.4721237515456806,-0.3143969953171623,12,1202
1202,425,28.05378747832556,0.4731011711719838,-0.5207111634573671,13,1203
1203,425,30.12961402359205,0.4741237545932505,-0.7505635350274726,14,1204
1204,425,32.209992494201934,0.4751963440912859,-1.004639957024228,15,1205
1205,425,34.28765571831701,0.4763154210305739,-1.2817278990878336,16,1206
1206,425,36.367715486093054,0.4774839777849874,-1.5821666028596653,17,1207
1207,425,38.44676618548129,0.478700463814286,-1.9051640830811143,18,1208
1208,425,40.52529528260278,0.4799654662726747,-2.2504552692835453,19,1209
1209,425,42.60737459191407,0.4812819398079848,-2.618448641603189,20,1210
1210,425,44.684904142003326,0.4826450748043472,-3.007371567219913,21,1211
1211,425,46.76500379410104,0.4840597539782122,-3.4181806680621927,22,1212
1212,425,48.8426734979889,0.4855227395342809,-3.8495131550819535,23,1213
1213,425,50.92351975019671,0.4870379624500831,-4.302116156306718,24,1214
1214,425,53.00136773801229,0.4886005819347103,-4.774150338317344,25,1215
