,particle_id,r,phi,z,layer_id,hit_id
537,687,3.100534751926362,0.0599024149738975,28.901698376828733,1,538
538,687,5.17984234865641,0.0665454680902512,33.295341471598775,2,539
539,687,7.258339117864104,0.0869483197871762,37.02609650092516,3,540
540,687,9.337770170452462,0.1140504500559704,40.250499959377024,4,541
541,687,11.417173561410223,0.1463801067427016,43.03117583212203,5,542
542,687,13.496690478666206,0.1838604355623652,45.38723127484232,6,543
543,687,15.5757590546511,0.2269553056504316,47.30673304845013,7,544
544,687,17.65455973081461,0.2764413787179186,48.754157299209886,8,545
545,687,19.73334079875608,0.3332483435020401,49.67258318374698,9,546
546,687,21.813059108972123,0.3982738027308549,49.98907883900334,10,547
547,687,23.89220817263165,0.4719232523793119,49.62784108521119,11,548
548,687,25.97161632149677,0.5537660595456473,48.53632014468364,12,549
549,687,28.05043715408941,0.6420207261223262,46.71725117823497,13,550
550,687,30.1292992681376,0.7338375278084026,44.24456013698499,14,551
551,687,32.20853475769858,0.8260451627079349,41.247290947484174,15,552
552,687,34.2881405035722,0.9160811074722464,37.86900287836159,16,553
553,687,36.36685721099254,1.0024134700766354,34.23390210366274,17,554
554,687,38.44637303884433,1.0846496590181138,30.424833409945045,18,555
555,687,40.5259616265436,1.1630326861617124,26.49396676959816,19,556
556,687,42.60432557128688,1.238292554762256,22.4665739523767,20,557
557,687,44.68396352046278,1.3117113361463415,18.33730062693575,21,558
558,687,46.76349117893145,1.384974821326351,14.08448689420524,22,559
559,687,48.84257633026514,1.4609194457795274,9.648107499824311,23,560
560,687,50.92155344590919,1.5456825905522449,4.875814845937505,24,561
561,687,53.00019651028241,1.6652659308533788,-0.8958140324884596,25,562
