,particle_id,r,phi,z,layer_id,hit_id
43,90,3.102800090232107,-3.138439939414668,0.7489950326138484,1,44
44,90,5.181905263692912,-3.124210074094169,1.2415628669787306,2,45
45,90,7.259508390932072,-3.109857543783507,1.7250148979868332,3,46
46,90,9.338870741565223,-3.095317588437557,2.1987781567107145,4,47
47,90,11.416867849365424,-3.080566672018463,2.6605751997475995,5,48
48,90,13.498294111624295,-3.065520605606023,3.109604369161956,6,49
49,90,15.575825004295735,-3.050176875239064,3.542098408545696,7,50
50,90,17.65502363539952,-3.034431602175858,3.956616088510055,8,51
51,90,19.73442186478092,-3.018221804555807,4.349666548384649,9,52
52,90,21.81349866212125,-3.0014643632927096,4.717270602140603,10,53
53,90,23.89201763121645,-2.9840559807620424,5.054586592531125,11,54
54,90,25.97150678010689,-2.965852807387065,5.355768516385732,12,55
55,90,28.05160083256844,-2.946690676613467,5.612869627616435,13,56
56,90,30.13090987942264,-2.926364698961143,5.815340783446713,14,57
57,90,32.20877914934629,-2.9045884846078325,5.949054560412572,15,58
58,90,34.28830065027008,-2.880912592812438,5.994082198724387,16,59
59,90,36.36684487596313,-2.854744585942675,5.920234457811928,17,60
60,90,38.44629980051684,-2.825063954012889,5.679095224242195,18,61
61,90,40.52541110140196,-2.790117157128646,5.184780488259685,19,62
62,90,42.604226626278326,-2.7462223754383945,4.258232973617963,20,63
63,90,44.68371914027223,-2.683150513679724,2.4001879481722224,21,64
64,90,46.76259624383483,-2.5529534136826086,-2.8103909450643627,22,65
65,90,48.841747851296766,-2.419075367574468,-9.02054147239416,23,66
66,90,50.92150100502229,-2.368063782887229,-11.501795913028271,24,67
67,90,53.00056751991507,-2.3390437259399186,-12.999864589745613,25,68
