,particle_id,r,phi,z,layer_id,hit_id
1026,751,3.1004670075597303,1.870589597792917,2.278347234373401,1,1027
1027,751,5.182512606919499,1.8718421432012555,3.790180461253165,2,1028
1028,751,7.258406448074037,1.8731719854845497,5.281883844396965,3,1029
1029,751,9.339787166845753,1.8745846859676305,6.760646151053741,4,1030
1030,751,11.419545561038127,1.876073764097255,8.220001215968876,5,1031
1031,751,13.497851140094935,1.8776371988170448,9.658533156639356,6,1032
1032,751,15.578188024241385,1.8792754862110987,11.076832174761492,7,1033
1033,751,17.65657608393859,1.880983054307073,12.470102694416871,8,1034
1034,751,19.73579304112614,1.8827592693003936,13.837833275723389,9,1035
1035,751,21.81464667572322,1.8845997014312432,15.176476366690324,10,1036
1036,751,23.89482366861065,1.8865016688305496,16.483913424004033,11,1037
1037,751,25.974039858387524,1.8884578332667776,17.755009879381337,12,1038
1038,751,28.05262954669149,1.8904617876061909,18.985714858308448,13,1039
1039,751,30.13002833848117,1.89250441169348,20.170719290245103,14,1040
1040,751,32.2105781727236,1.894578990524964,21.30648897028396,15,1041
1041,751,34.28820492984888,1.896665053744844,22.38263016030884,16,1042
1042,751,36.36697841614345,1.898747589051901,23.392820109866783,17,1043
1043,751,38.44830593690503,1.90080236639595,24.327187051337035,18,1044
1044,751,40.52567744573071,1.9027882073260125,25.17009712331081,19,1045
1045,751,42.60454069795,1.9046622432124043,25.907840745227045,20,1046
1046,751,44.68464416650333,1.9063556677766968,26.51944218954799,21,1047
1047,751,46.7635147230965,1.9077668719064749,26.976894470628352,22,1048
1048,751,48.84168756276435,1.9087461737937004,27.2432936530406,23,1049
1049,751,50.921530163869065,1.9090553338982643,27.26549262139917,24,1050
1050,751,53.0012136109874,1.908287115413852,26.96190469116406,25,1051
