,particle_id,r,phi,z,layer_id,hit_id
1249,970,3.101754197047077,2.6161694607715456,1.0828216687053316,1,1250
1250,970,5.179549929434712,2.6232207581921383,1.4537356262192749,2,1251
1251,970,7.259361471652544,2.627991344638545,1.6452801474513974,3,1252
1252,970,9.337729782768612,2.631222720398889,1.7015444342604802,4,1253
1253,970,11.418562976540692,2.633348942375335,1.6504757546721,5,1254
1254,970,13.496684141861593,2.634632484832565,1.5111453637034185,6,1255
1255,970,15.577207314156292,2.6352551183247264,1.2968236490947138,7,1256
1256,970,17.654913639826255,2.635339885778235,1.0182122577627752,8,1257
1257,970,19.735492152708453,2.634977368257991,0.682386195503164,9,1258
1258,970,21.81567571469762,2.6342348496550536,0.2959778156167489,10,1259
1259,970,23.89449485079133,2.6331647563981035,-0.1357608529309981,11,1260
1260,970,25.97300530348356,2.63180715530192,-0.6088861245876616,12,1261
1261,970,28.050339681766985,2.6301947597808657,-1.1197414475177576,13,1262
1262,970,30.130620232325903,2.6283496763087544,-1.6665084881248435,14,1263
1263,970,32.211635508831975,2.626294105511888,-2.2462477198687054,15,1264
1264,970,34.28788640444128,2.6240511106043685,-2.8552400240148885,16,1265
1265,970,36.370091697913054,2.62162303016252,-3.494847458428924,17,1266
1266,970,38.4459937856662,2.619035822666967,-4.15973880853851,18,1267
1267,970,40.52757950718525,2.6162843048712205,-4.8523832635481945,19,1268
1268,970,42.6071833158069,2.613386224251334,-5.56911903741808,20,1269
1269,970,44.685419791610194,2.610347729760221,-6.309072746195961,21,1270
1270,970,46.76318419560232,2.60717316082745,-7.071642592782854,22,1271
1271,970,48.845801680739534,2.6038584054466027,-7.858083377444061,23,1272
1272,970,50.92196703647378,2.6004251539895944,-8.663440524442265,24,1273
1273,970,53.00147916997668,2.5968602374309966,-9.490906128559182,25,1274
