,particle_id,r,phi,z,layer_id,hit_id
1309,572,3.1005120686973497,2.053434891775805,7.449107756973313,1,1310
1310,572,5.179976263818627,2.1950032468539544,12.613870340064064,2,1311
1311,572,7.258352122276936,2.354998824619346,17.780620171056995,3,1312
1312,572,9.337556878220028,2.551144986431701,22.721409694656764,4,1313
1313,572,11.416747353069155,2.8654403101485872,26.12821359230369,5,1314
1314,572,13.49595526953029,-3.001269284522292,13.9559079640298,6,1315
1315,572,15.57561989270184,-3.011492038317652,8.585888578914677,7,1316
1316,572,17.655253062058435,-3.0375676265729155,5.581304608914856,8,1317
1317,572,19.73334923144439,-3.0614033002273264,3.530766218935604,9,1318
1318,572,21.81405038517343,-3.081532286402935,2.012645650572345,10,1319
1319,572,23.89247127125031,-3.098311657469932,0.844407719526858,11,1320
1320,572,25.97210550076964,-3.11239361949876,-0.0770170322728081,12,1321
1321,572,28.050170208812943,-3.124306606250714,-0.8117485045533517,13,1322
1322,572,30.1306954914176,-3.1345088246653554,-1.401552642863359,14,1323
1323,572,32.21089262620781,3.1398618615138187,-1.8736722407410504,15,1324
1324,572,34.287901006956986,3.132180918359323,-2.2483133936374813,16,1325
1325,572,36.36957969872245,3.125400676149042,-2.5423474597119213,17,1326
1326,572,38.44641419253006,3.1193913610077897,-2.766475208221637,18,1327
1327,572,40.527680223442566,3.113998233774004,-2.9312932591066563,19,1328
1328,572,42.60728000738644,3.109136288814156,-3.0439366555809446,20,1329
1329,572,44.6841526773492,3.104724180688864,-3.110853237176121,21,1330
1330,572,46.76275056324929,3.100685280702508,-3.1374990733745296,22,1331
1331,572,48.842263892956254,3.096967013324387,-3.128238798327475,23,1332
1332,572,50.92303915551955,3.0935238781411787,-3.0868089733302515,24,1333
1333,572,53.00258224829893,3.0903222983171093,-3.016514138886073,25,1334
