,particle_id,r,phi,z,layer_id,hit_id
535,481,3.1001550173897017,2.4246609521834808,1.519253500906533,1,536
536,481,5.180132794591036,2.441216657491807,2.8131244196792915,2,537
537,481,7.2589241792345405,2.4568400734841527,4.383510135138758,3,538
538,481,9.33836592965295,2.4732679369961748,6.330223083491606,4,539
539,481,11.41690816276833,2.494740962901436,8.909513622043068,5,540
540,481,13.495842141537244,2.561969301630434,14.26645779739492,6,541
541,481,13.495815972362696,2.598571818026288,15.934047730394244,6,542
542,481,11.416300526434677,2.881546132530734,21.52763353989308,5,543
543,481,11.41731563177012,-2.4926454100667463,28.13979835710815,5,544
544,481,13.495960100752896,-2.2765521841793745,30.007870783320733,6,545
545,481,15.575045948622,-2.158428077288537,31.45004439414648,7,546
546,481,17.654364397359007,-2.0832644879903315,32.7244245078921,8,547
547,481,19.734517630546783,-2.032871834353453,33.90478297108636,9,548
548,481,21.812683316470302,-1.99871682292856,35.0195229722328,10,549
549,481,23.893354373104625,-1.975968427642362,36.08437618543113,11,550
550,481,25.9726679181774,-1.961776482697931,37.10250851619082,12,551
551,481,28.05095060480515,-1.954239730989369,38.07456613113832,13,552
552,481,30.129506280281685,-1.9520663473501043,38.9983682011078,14,553
553,481,32.20869198976673,-1.954351202125572,39.86878659892123,15,554
554,481,34.288947018450365,-1.9604362272104847,40.67866967602029,16,555
555,481,36.36802238986885,-1.9698151707178493,41.418141244766346,17,556
556,481,38.44705343588508,-1.982102707627404,42.07712353718511,18,557
557,481,40.52602421649792,-1.996987039854416,42.64372062157993,19,558
558,481,42.60573686150152,-2.014214376900095,43.10504978626944,20,559
559,481,44.68351011413337,-2.0335327283063807,43.44666839117337,21,560
560,481,46.76353008134842,-2.0547729306778666,43.6546790659309,22,561
561,481,48.84217166395554,-2.0777007872512763,43.71383442302645,23,562
562,481,50.922362052694105,-2.1021539157580023,43.6095129646762,24,563
563,481,53.00115031102891,-2.127903188016331,43.32768576031866,25,564
