,particle_id,r,phi,z,layer_id,hit_id
324,630,3.1001449908174963,1.821522364113621,-0.1089004348607147,1,325
325,630,5.179266198898607,1.8365707736933905,-0.2339689892294032,2,326
326,630,7.259861248870611,1.8567708037033888,-0.4116801015100435,3,327
327,630,9.338440936059676,1.8826624526820024,-0.6534208941474944,4,328
328,630,11.418106861033625,1.914985897925644,-0.9737178944301376,5,329
329,630,13.49591820275112,1.954459817336452,-1.3885837738941549,6,330
330,630,15.576420405054794,2.0018543305532086,-1.9167003873657151,7,331
331,630,17.65437461488541,2.057358216721887,-2.572755667303284,8,332
332,630,19.7336332829422,2.120619021087274,-3.3673031245761464,9,333
333,630,21.813166751048325,2.1901075378731583,-4.297584050747133,10,334
334,630,23.891920825653344,2.2633086830466405,-5.3463730811646215,11,335
335,630,25.97147819831295,2.337412446342572,-6.487480566620938,12,336
336,630,28.051485761896345,2.4098979912698337,-7.691508924183601,13,337
337,630,30.13020309003865,2.479000930503875,-8.932675536766617,14,338
338,630,32.21022357183845,2.543929343180684,-10.195036901662789,15,339
339,630,34.28805177516016,2.60431864672813,-11.46576039662166,16,340
340,630,36.36828278438384,2.6604219478693905,-12.741999331855167,17,341
341,630,38.44690307978675,2.712444397084789,-14.018992197163236,18,342
342,630,40.52682453442827,2.760857326573113,-15.298316998796707,19,343
343,630,42.605822418752304,2.8060232891481864,-16.57966743932306,20,344
344,630,44.68522122823338,2.848374326561741,-17.865701008381123,21,345
345,630,46.76291468012046,2.88824531110147,-19.15745627047141,22,346
346,630,48.84234035995842,2.9260481680295904,-20.45979144165913,23,347
347,630,50.922673638208174,2.962082969478577,-21.77526503462434,24,348
348,630,53.00066711808476,2.996591494041144,-23.105220355173365,25,349
