,particle_id,r,phi,z,layer_id,hit_id
1710,1312,3.1019159365431945,1.0742229994170205,-2.3548946502180605,1,1711
1711,1312,5.180350525749107,1.099950191648156,-3.99293801707587,2,1712
1712,1312,7.2585192117960915,1.1259007759940072,-5.704767356634125,3,1713
1713,1312,9.33881978206728,1.1521948745801458,-7.524413611779867,4,1714
1714,1312,11.417425556521838,1.1789302027206583,-9.49451515660937,5,1715
1715,1312,13.49630596125778,1.2063700661670491,-11.686380236910708,6,1716
1716,1312,15.57599627380702,1.2349295343063862,-14.21504431227354,7,1717
1717,1312,17.654461081818035,1.265347197344893,-17.29174425571872,8,1718
1718,1312,19.73384981304235,1.2994302130310478,-21.433050394063915,9,1719
1719,1312,21.812571737464616,1.345265879962767,-29.36801808398312,10,1720
1720,1312,21.81243627051203,1.3606247053652551,-37.80142719422491,10,1721
1721,1312,19.73325506178793,1.2698245794008107,-45.24319469811134,9,1722
1722,1312,19.733459072968287,0.8382027761427685,-44.486412586601446,9,1723
1723,1312,21.81339596427934,0.6791914433714266,-41.96548522142348,10,1724
1724,1312,23.891947848881035,0.5836931826769395,-39.83171587040346,11,1725
1725,1312,25.97105906559848,0.5154197719788391,-37.90332404005986,12,1726
1726,1312,28.05133698870488,0.4631011373280898,-36.125730917283,13,1727
1727,1312,30.1292202216326,0.4214252521182156,-34.47917211781274,14,1728
1728,1312,32.20849784678604,0.3872331337213881,-32.95049512273741,15,1729
1729,1312,34.28777601455721,0.3586168860209126,-31.53707697153388,16,1730
1730,1312,36.367051693141946,0.334274321427417,-30.238782160642216,17,1731
1731,1312,38.44598373299012,0.313295108215605,-29.058020163374813,18,1732
1732,1312,40.52610925260867,0.295004880851392,-27.99793021641662,19,1733
1733,1312,42.605683766616686,0.2789329581687468,-27.064760621819097,20,1734
1734,1312,44.6836625822787,0.2647220106694662,-26.265244099774577,21,1735
1735,1312,46.76365295150997,0.25207968850673,-25.605539831579392,22,1736
1736,1312,48.841704804664566,0.2408371361524091,-25.095332756455434,23,1737
1737,1312,50.92165041117236,0.2308444795217338,-24.74288183265672,24,1738
1738,1312,53.00025902587845,0.2220480163976655,-24.55849038592044,25,1739
