,particle_id,r,phi,z,layer_id,hit_id
1097,1259,3.1012746082481017,0.3311769925908687,2.038565592041974,1,1098
1098,1259,5.179327942878047,0.338545380623758,3.378198247569351,2,1099
1099,1259,7.25851537481437,0.3455354217013628,4.678246054979186,3,1100
1100,1259,9.3387935574233,0.3517155513795177,5.910657000973325,4,1101
1101,1259,11.41754847799202,0.3560652828551101,7.020708844575015,5,1102
1102,1259,13.495985671814047,0.3553534693367893,7.87293803577901,6,1103
1103,1259,13.495685042512546,-0.0042926768912139,1.1170075393496983,6,1104
1104,1259,13.496373585921893,-0.7049541378078484,-6.799951111429673,6,1105
1105,1259,15.575751016667835,-0.95511144178452,-9.7805240682834,7,1106
1106,1259,17.65526449844523,-1.0933044204999602,-11.816386876162367,8,1107
1107,1259,19.733865263661816,-1.1871866800762507,-13.496104596588308,9,1108
1108,1259,21.81387223142327,-1.2563441672902629,-14.97220697230634,10,1109
1109,1259,23.89320296100249,-1.3096114556555205,-16.307243129908606,11,1110
1110,1259,25.972235654005893,-1.3519215859586975,-17.53529454697457,12,1111
1111,1259,28.05181502675176,-1.3862997020248349,-18.676951455522136,13,1112
1112,1259,30.1306190213568,-1.4147018002661678,-19.744525880272093,14,1113
1113,1259,32.21122526123339,-1.4385263323444104,-20.74826807566908,15,1114
1114,1259,34.28888541054074,-1.458703194051446,-21.69241057693173,16,1115
1115,1259,36.36728044261804,-1.4760003866946052,-22.5835671780436,17,1116
1116,1259,38.44604669887548,-1.49096535864657,-23.42528833025992,18,1117
1117,1259,40.52593875055153,-1.5040318288320136,-24.220805362768147,19,1118
1118,1259,42.60541104667912,-1.515531503085485,-24.971922653709623,20,1119
1119,1259,44.68626324074308,-1.525751063022515,-25.681266025195463,21,1120
1120,1259,46.76445616939306,-1.5349010439305135,-26.349187072731915,22,1121
1121,1259,48.84179595488322,-1.5431851363255302,-26.9778168351044,23,1122
1122,1259,50.92253982830988,-1.5507857050582274,-27.56963855046145,24,1123
1123,1259,53.00163060944207,-1.557831209671977,-28.12429146646648,25,1124
