,particle_id,r,phi,z,layer_id,hit_id
132,387,3.101058097171384,-0.5123521845759912,3.5892040978421704,1,133
133,387,5.180190787057704,-0.5294065802000427,5.536560297273901,2,134
134,387,7.259647208368649,-0.5395579751330889,7.2806743922120445,3,135
135,387,9.338542313435909,-0.5453909709400747,8.88062965304825,4,136
136,387,11.417656731453937,-0.5482199279988993,10.371255261482451,5,137
137,387,13.49754442677506,-0.54878050966841,11.774178593303882,6,138
138,387,15.575428388333332,-0.5475129902175117,13.101491414445412,7,139
139,387,17.655005487185687,-0.5446841123396806,14.364774699007956,8,140
140,387,19.73365064524968,-0.540457919579547,15.568337905670145,9,141
141,387,21.81329964674297,-0.5349186483854402,16.716766862320338,10,142
142,387,23.893062072974125,-0.5281012572737726,17.810927131594642,11,143
143,387,25.972679778172285,-0.5199954200824319,18.85018437793289,12,144
144,387,28.05189125019899,-0.510550736578014,19.83200374685875,13,145
145,387,30.12986222636023,-0.4996798819366576,20.75150961208965,14,146
146,387,32.20862455575911,-0.48723511011622,21.60253925069425,15,147
147,387,34.288144809393,-0.4730240271959476,22.37471315005076,16,148
148,387,36.36757298843075,-0.4567938333042479,23.053136108574765,17,149
149,387,38.44605545685133,-0.4382068743053229,23.61719600292633,18,150
150,387,40.526158116295086,-0.4167709946323877,24.03865564630326,19,151
151,387,42.6045900598374,-0.3918776956397126,24.27538622694188,20,152
152,387,44.68342482528016,-0.362600645886208,24.26667103272601,21,153
153,387,46.76319353762809,-0.3276102466409569,23.91894988378435,22,154
154,387,48.84203114608281,-0.2849349292191653,23.083644753171864,23,155
155,387,50.921680471763246,-0.2313147413270928,21.50793594115641,24,156
156,387,53.00035139318069,-0.1612127625023008,18.732886359951785,25,157
