,particle_id,r,phi,z,layer_id,hit_id
119,201,3.10088397074806,-0.6646985970490916,-5.197475622727026,1,120
120,201,5.180174264056748,-0.720920701931787,-7.282196007603915,2,121
121,201,7.259994174150901,-0.7636888366222736,-8.702134580526902,3,122
122,201,9.339166596340055,-0.7976199762323638,-9.652886379209036,4,123
123,201,11.416851115239975,-0.8253830133185301,-10.253861746869902,5,124
124,201,13.496900368058284,-0.8486843060467761,-10.58361461065246,6,125
125,201,15.57701711507396,-0.868581880119358,-10.694687641304723,7,126
126,201,17.656293309378434,-0.885820254763186,-10.625349404613516,8,127
127,201,19.73500953039516,-0.900940812032116,-10.403983224530805,9,128
128,201,21.812791079807216,-0.9143378992053728,-10.052163112589213,10,129
129,201,23.89261257767406,-0.9263283116300758,-9.58584316812464,11,130
130,201,25.97180613991731,-0.9371264807384324,-9.01853023933333,12,131
131,201,28.05221287264948,-0.9469240508293876,-8.360056297730779,13,132
132,201,30.131414084799548,-0.9558560490574664,-7.619507703495742,14,133
133,201,32.21093488238516,-0.9640489699633372,-6.803102775247339,15,134
134,201,34.29026582338814,-0.971599529137046,-5.916445533826916,16,135
135,201,36.36955903184313,-0.9785913223409884,-4.96382960228604,17,136
136,201,38.44644845506004,-0.9850878457341798,-3.9499029815272735,18,137
137,201,40.5250664713272,-0.991163161754296,-2.8753660563860137,19,138
138,201,42.60683324078786,-0.9968734642322258,-1.7412997428373984,20,139
139,201,44.68413553049249,-1.0022457893909211,-0.5533276382981143,21,140
140,201,46.76484375386832,-1.0073438890720434,0.6921365006171101,22,141
141,201,48.84459597082527,-1.0121963687123463,1.9922290113789245,23,142
142,201,50.92212071162072,-1.016838202442374,3.346181020871512,24,143
143,201,53.00213573171585,-1.0213158841182357,4.757730823623987,25,144
