,particle_id,r,phi,z,layer_id,hit_id
1372,1258,3.10027430599083,0.9682362793805191,-0.13002009555926,1,1373
1373,1258,5.1819116509896,0.9765642031231913,-0.2033384975985601,2,1374
1374,1258,7.260429306961948,0.9851982363413052,-0.2654304947616523,3,1375
1375,1258,9.340145351470456,0.9941465501246972,-0.3167686320753322,4,1376
1376,1258,11.416796332569357,1.003373964026625,-0.3577922588800568,5,1377
1377,1258,13.49752031801563,1.0128899039466432,-0.3893461459713929,6,1378
1378,1258,15.577725994714514,1.0226467199974438,-0.4121998338242285,7,1379
1379,1258,17.655358498249058,1.0326033943982271,-0.4273331637599415,8,1380
1380,1258,19.73413013680816,1.0427443773525706,-0.4358534981921185,9,1381
1381,1258,21.81458949679814,1.0530384285535763,-0.438882221377181,10,1382
1382,1258,23.89386949235176,1.063437083272803,-0.43757541684508,11,1383
1383,1258,25.971870470349536,1.073906198484888,-0.433105707491368,12,1384
1384,1258,28.05150879108005,1.0844285711213142,-0.426613974603736,13,1385
1385,1258,30.13231832151102,1.094972076500259,-0.419211542274196,14,1386
1386,1258,32.21019017160141,1.1054885536461827,-0.4119765549354888,15,1387
1387,1258,34.290884908668886,1.1159825119425963,-0.405893166286587,16,1388
1388,1258,36.3698715214591,1.1264092622342474,-0.4019124855952238,17,1389
1389,1258,38.44928931903924,1.136760598778146,-0.4008952245087425,18,1390
1390,1258,40.52768652084743,1.1470131013641822,-0.4036349318047669,19,1391
1391,1258,42.60708224482984,1.1571631090407757,-0.410857284289845,20,1392
1392,1258,44.68582590084706,1.1671913609949836,-0.4232108234495637,21,1393
1393,1258,46.7658647753952,1.1770982574381368,-0.441296336413588,22,1394
1394,1258,48.84539712533165,1.1868682517474918,-0.4656246225332321,23,1395
1395,1258,50.92249347724002,1.1964875227870864,-0.4966222613679978,24,1396
1396,1258,53.00287444993677,1.205979068475784,-0.5347861047436897,25,1397
