,particle_id,r,phi,z,layer_id,hit_id
838,650,3.100188051543716,-0.0418810725462989,10.375812517587782,1,839
839,650,3.099967692896644,0.3604471254001998,26.988387343280102,1,840
840,650,3.10002938505805,1.2998771578545625,38.4996696654883,1,841
841,650,5.180209557702069,1.8709600122806465,47.21048336772259,2,842
842,650,7.259102388452494,2.0548377389174566,52.75517546194749,3,843
843,650,9.338353869071778,2.153813335729743,57.40012006447847,4,844
844,650,11.417683258793405,2.217818232106785,61.51524465971741,5,845
845,650,13.496162533089825,2.264037612886853,65.24544307327074,6,846
846,650,15.57541796384368,2.3002112546654416,68.66985581081848,7,847
847,650,17.654802750964492,2.3303630226438354,71.83251191272383,8,848
848,650,19.73409250456828,2.3568707836564053,74.76176362512719,9,849
849,650,21.8133826255152,2.381286082980081,77.47617948310652,10,850
850,650,23.89272505195378,2.404723145427216,79.98703885466907,11,851
851,650,25.972455853287848,2.42807541476093,82.30021913082099,12,852
852,650,28.050124345445973,2.4521113196826474,84.41368199149831,13,853
853,650,30.13023284231108,2.477684328854642,86.32724837290797,14,854
854,650,32.20845087005638,2.505634993696773,88.02632055312094,15,855
855,650,34.28797153055425,2.537089559806367,89.49585057461853,16,856
856,650,36.36778522714866,2.573429190761296,90.70776685502992,17,857
857,650,38.44667426815106,2.6164558041295325,91.62247867812974,18,858
858,650,40.52598002369337,2.668501495205999,92.1886173714116,19,859
859,650,42.604501487489614,2.731968223385571,92.3481241629016,20,860
860,650,44.68347293836759,2.808026745461632,92.06851255691195,21,861
861,650,46.76290099135072,2.894014170458873,91.39928186173547,22,862
862,650,48.84260938678534,2.983034328557673,90.48994928641106,23,863
863,650,50.9218710812192,3.068047330167518,89.5076136660408,24,864
864,650,53.00114863885409,-3.137760570554223,88.55547043878705,25,865
