,particle_id,r,phi,z,layer_id,hit_id
2207,1381,3.1000024196074683,3.1056778112223524,2.1165346742846616,1,2208
2208,1381,5.179760241717228,3.1177563273583684,2.9906250644557133,2,2209
2209,1381,7.258362665478118,3.1267611950877967,3.4725555104687373,3,2210
2210,1381,9.338702114212902,3.1330228920811343,3.606521024683726,4,2211
2211,1381,11.416989132433484,3.136886621412044,3.4343456330936526,5,2212
2212,1381,13.4961597467925,3.1387071005999974,2.9936775149992982,6,2213
2213,1381,15.576456382065716,3.13879384763679,2.316184695650972,7,2214
2214,1381,17.655752760984228,3.137412102070249,1.4288874871438215,8,2215
2215,1381,19.733411337518497,3.134781490540022,0.3533576553265405,9,2216
2216,1381,21.812676062563096,3.131068562797534,-0.896043023598601,10,2217
2217,1381,23.893501214256982,3.1264004210462826,-2.307959717625213,11,2218
2218,1381,25.972098083897443,3.120878599532936,-3.8719205080593753,12,2219
2219,1381,28.05024835051813,3.114559517251047,-5.584729562936385,13,2220
2220,1381,30.1294367780852,3.1074672091353657,-7.446874911392259,14,2221
2221,1381,32.208434407261954,3.099604258740958,-9.46006191812811,15,2222
2222,1381,34.28846916257514,3.090932658403984,-11.632143127348906,16,2223
2223,1381,36.3667392333856,3.081395134513669,-13.9712157563104,17,2224
2224,1381,38.446478353752,3.0708615098881635,-16.497784688503362,18,2225
2225,1381,40.525718120257736,3.059162006497202,-19.2344244029706,19,2226
2226,1381,42.60516204478925,3.0460181891551708,-22.21860105315124,20,2227
2227,1381,44.684216307818986,3.0310017967197327,-25.50487142358709,21,2228
2228,1381,46.76324658076066,3.013389772748498,-29.182679390233417,22,2229
2229,1381,48.84196098862391,2.9918542479236847,-33.40862489991444,23,2230
2230,1381,50.92151728239788,2.963436525993049,-38.51555092295833,24,2231
2231,1381,53.00002303921618,2.918484741841262,-45.51233144457012,25,2232
