,particle_id,r,phi,z,layer_id,hit_id
3349,2180,3.101322913645327,1.947775400244267,-0.8785894997649031,1,3350
3350,2180,5.179983144691926,1.9816292411554564,-1.4405201502841969,2,3351
3351,2180,7.259622721236101,2.01367765098591,-1.9815124630638223,3,3352
3352,2180,9.339447194526205,2.044092573514601,-2.501580274206152,4,3353
3353,2180,11.4191611784986,2.073042452035069,-3.0007653967083634,5,3354
3354,2180,13.496357728188425,2.100655748017274,-3.4785237359007333,6,3355
3355,2180,15.577101111166572,2.1271587746173948,-3.936103433594443,7,3356
3356,2180,17.654589970279318,2.152599163093174,-4.37174414899939,8,3357
3357,2180,19.735927451709248,2.177187639237921,-4.78652921961092,9,3358
3358,2180,21.814759094220776,2.2009630101551574,-5.17862951709904,10,3359
3359,2180,23.893196604736747,2.224057908953536,-5.547790626667393,11,3360
3360,2180,25.97353676522445,2.2465977457836304,-5.893520667039034,12,3361
3361,2180,28.05235788526449,2.2686410458019592,-6.214172533985913,13,3362
3362,2180,30.13180839713668,2.290303461332401,-6.508793824291271,14,3363
3363,2180,32.21090241655349,2.3116656551640107,-6.775673149319573,15,3364
3364,2180,34.28823095049021,2.332804820340299,-7.012788488767722,16,3365
3365,2180,36.36739922899935,2.35385145823552,-7.218273784235716,17,3366
3366,2180,38.44818083815065,2.3749021986441377,-7.389258127113045,18,3367
3367,2180,40.52639622272432,2.3960224336275777,-7.522032912920039,19,3368
3368,2180,42.60442895577623,2.417356948194109,-7.612624470979224,20,3369
3369,2180,44.68469784807005,2.439071552544397,-7.655767886311015,21,3370
3370,2180,46.763629202430046,2.461299225128426,-7.64452107133393,22,3371
3371,2180,48.842956247759126,2.4842730001158544,-7.569854657245809,23,3372
3372,2180,50.92181302206225,2.50826855496816,-7.419374867408134,24,3373
3373,2180,53.00147800217078,2.533703744981752,-7.175055974048231,25,3374
