,particle_id,r,phi,z,layer_id,hit_id
99,244,3.101312027390198,0.330536857007549,1.7373006592118507,1,100
100,244,5.17949982618455,0.2746864787985503,2.822423495306527,2,101
101,244,7.260000144518124,0.2118521051458897,3.817871844178452,3,102
102,244,9.33825782778147,0.14210761086778,4.692691093017814,4,103
103,244,11.417654174950211,0.0660744001497142,5.418303582471607,5,104
104,244,13.497117942297914,-0.0144876606261836,5.969213714542736,6,105
105,244,15.575245442680416,-0.0969680459718261,6.332702387147302,7,106
106,244,17.655058588469874,-0.1786898229571178,6.513006494557391,8,107
107,244,19.733656173466844,-0.2571839660219326,6.527353355699207,9,108
108,244,21.813997765229548,-0.3310341766458609,6.400482024965484,10,109
109,244,23.891788029458027,-0.3993967984243159,6.158321109316766,11,110
110,244,25.970888722261414,-0.4623237229590027,5.823187717247164,12,111
111,244,28.050392287530386,-0.5200693875478127,5.413533413756868,13,112
112,244,30.130436541067017,-0.5731051401489913,4.943548130314758,14,113
113,244,32.21008575385451,-0.6219439343178013,4.424169125539867,15,114
114,244,34.28790229314933,-0.6670994783540187,3.863732326561795,16,115
115,244,36.36777123547783,-0.7091736990798115,3.266875091578994,17,116
116,244,38.4470543373809,-0.7485974413246677,2.6382454289858472,18,117
117,244,40.52540884665886,-0.7858283925999,1.980439960662816,19,118
118,244,42.60542672452136,-0.821360773745878,1.293755724941719,20,119
119,244,44.68343925476852,-0.8555895486427523,0.5791929506388502,21,120
120,244,46.76290969778772,-0.8890736219367511,-0.1662478115141379,22,121
121,244,48.84171451544975,-0.9223850834984636,-0.9458916894547116,23,122
122,244,50.92163114370489,-0.9563907519263364,-1.768260940483989,24,123
123,244,53.00051020389527,-0.9924312410986448,-2.6480221832668107,25,124
