,particle_id,r,phi,z,layer_id,hit_id
3921,1751,3.1011482970584723,2.477791074582896,0.8665867023223726,1,3922
3922,1751,5.180819683502527,2.414132868057425,1.2431667117499856,2,3923
3923,1751,7.259323089973679,2.355755662158068,1.4798380526233077,3,3924
3924,1751,9.337999158269383,2.302738825095678,1.5982414582436917,4,3925
3925,1751,11.417821964858517,2.254903561570261,1.6180214835143545,5,3926
3926,1751,13.496962996294586,2.211962009254452,1.556194603854685,6,3927
3927,1751,15.576252948090897,2.17347937985125,1.4269789165809,7,3928
3928,1751,17.656384234663374,2.1390068421434987,1.241832105036714,8,3929
3929,1751,19.73371043729306,2.108174167687459,1.0103786664339085,9,3930
3930,1751,21.81495258012944,2.0804907569463147,0.7391664038354762,10,3931
3931,1751,23.89317065645666,2.05569783527795,0.4348592980054206,11,3932
3932,1751,25.97230057130187,2.03343215628492,0.1014929608628847,12,3933
3933,1751,28.0522882269618,2.01342464080228,-0.2573696220540356,13,3934
3934,1751,30.131175081636627,1.995456572396676,-0.6385675198854557,14,3935
3935,1751,32.21057511952842,1.9793074653845144,-1.0401824035838487,15,3936
3936,1751,34.29006132507932,1.9648031975336269,-1.4604281944485251,16,3937
3937,1751,36.36683087340631,1.9518060443688752,-1.897391935753447,17,3938
3938,1751,38.44765879235893,1.940140916922492,-2.3515268012426063,18,3939
3939,1751,40.52783571867098,1.9297208654746525,-2.8211246000723733,19,3940
3940,1751,42.60594643699338,1.9204490501122204,-3.305340994749571,20,3941
3941,1751,44.68405898385036,1.912226044770656,-3.8043328437374058,21,3942
3942,1751,46.764638386201696,1.904966427614417,-4.318580942481788,22,3943
3943,1751,48.844049850218354,1.898615870941636,-4.847209002129475,23,3944
3944,1751,50.921998639409786,1.8931140499282653,-5.390253387058039,24,3945
3945,1751,53.00159777265151,1.888400535271802,-5.948788905590234,25,3946
