,particle_id,r,phi,z,layer_id,hit_id
673,531,3.102169981992375,-1.696838316064058,1.6175812373805414,1,674
674,531,5.179850997878425,-1.682761141112689,2.722361330477301,2,675
675,531,7.258899910868997,-1.667975823942268,3.8520348106637217,3,676
676,531,9.337780819520944,-1.6522843396633962,5.01274186980304,4,677
677,531,11.417358835089098,-1.635415557506159,6.213271067739051,5,678
678,531,13.497033305115949,-1.6170246765114895,7.463595980135475,6,679
679,531,15.575221412039337,-1.5966462487479267,8.77605289806434,7,680
680,531,17.654699177793287,-1.5735547402522263,10.17057208286612,8,681
681,531,19.734067305165787,-1.546683660577352,11.672599934460472,9,682
682,531,21.8126813089192,-1.5142329432051975,13.322711877636545,10,683
683,531,23.891820675395525,-1.4727650321541876,15.193520186353728,11,684
684,531,25.97175798494376,-1.4144692253422135,17.433560867622877,12,685
685,531,28.05011488476785,-1.3137917691121226,20.462274823143456,13,686
686,531,30.12921148052062,-0.9682568577057687,26.35656348899744,14,687
687,531,32.208942250233925,-0.6089767644337736,29.29945560887008,15,688
688,531,34.28815722509443,-0.4350809569531434,30.19138480397504,16,689
689,531,36.36721579592642,-0.3151975021416236,30.6556660980436,17,690
690,531,38.44625617841536,-0.2228632391525076,30.92758246791908,18,691
691,531,40.52689744030745,-0.1477527798254515,31.08622372346637,19,692
692,531,42.60424128562471,-0.0847850034101079,31.16767318744122,20,693
693,531,44.68378520109724,-0.0306855515215124,31.192029945188672,21,694
694,531,46.76275645138284,0.0164710387277488,31.17123703483382,22,695
695,531,48.84177723437011,0.0580886743089546,31.113198794160525,23,696
696,531,50.92203983653162,0.0951902559914148,31.02332281820672,24,697
697,531,53.00139862293877,0.1284883055320593,30.9056549883496,25,698
