,particle_id,r,phi,z,layer_id,hit_id
1054,531,3.100057420493996,-0.4938918688438647,22.68422836412964,1,1055
1055,531,5.180336658830545,-0.6323925465328851,27.611813310541088,2,1056
1056,531,7.259368364465669,-0.7166045587116184,31.310487311178846,3,1057
1057,531,9.338857211764855,-0.7771969629206171,34.3164953376178,4,1058
1058,531,11.41776495115365,-0.8244909574350331,36.86573814234161,5,1059
1059,531,13.497128788672615,-0.8632586155325612,39.08968325569704,6,1060
1060,531,15.576014081044216,-0.896056749455455,41.06758102606364,7,1061
1061,531,17.6556229863548,-0.92445912654451,42.85402884688489,8,1062
1062,531,19.734275442236417,-0.949456154131334,44.4852601924114,9,1063
1063,531,21.812520827721418,-0.9717543488267104,45.9894733855942,10,1064
1064,531,23.893667446329133,-0.9918856458073568,47.38982425352076,11,1065
1065,531,25.971426434730528,-1.010161456992072,48.69843397580772,12,1066
1066,531,28.05282281718433,-1.026927165851348,49.93273130348639,13,1067
1067,531,30.13030401015705,-1.042342969012768,51.09879164042414,14,1068
1068,531,32.208949018916975,-1.0566243350530142,52.2082936275535,15,1069
1069,531,34.289387005670804,-1.0699143893918257,53.2687466692046,16,1070
1070,531,36.36707308982781,-1.0822997120608733,54.284057659313575,17,1071
1071,531,38.44694663861816,-1.0939047140069682,55.26199327200278,18,1072
1072,531,40.525360635988434,-1.1047868597089203,56.20547038975427,19,1073
1073,531,42.60488263140645,-1.1150247843849357,57.119782074470606,20,1074
1074,531,44.68508740077846,-1.124669552338235,58.00840425984912,21,1075
1075,531,46.76540111176239,-1.133762737084365,58.87445614762858,22,1076
1076,531,48.84196431771645,-1.1423250638778446,59.71952087990806,23,1077
1077,531,50.92235453787029,-1.1504163835209635,60.54965796420251,24,1078
1078,531,53.001422752704286,-1.158037181307834,61.36567803992288,25,1079
