,particle_id,r,phi,z,layer_id,hit_id
421,299,3.10028022826495,0.4871562372504809,1.8484180630290223,1,422
422,299,5.179706110334157,0.3600587292309146,2.722138878006774,2,423
423,299,7.258973625794278,0.2198417959563985,3.0324640421674616,3,424
424,299,9.338409536245605,0.0798313701701382,2.610101936650736,4,425
425,299,11.41739497196718,-0.0490176654537514,1.4264083555114695,5,426
426,299,13.49636639019124,-0.1633506541372542,-0.472841647301685,6,427
427,299,15.5756634126345,-0.2653185250550563,-3.0602821551824064,7,428
428,299,17.654297661329025,-0.3597297395592431,-6.375790740595228,8,429
429,299,19.733799411172864,-0.4538643093416865,-10.580489513464045,9,430
430,299,21.813044120920186,-0.5610515497777229,-16.082279281518765,10,431
431,299,23.89190170871008,-0.7229676486995048,-24.082712574882635,11,432
432,299,25.97096788999556,-1.076480863973393,-35.14254951990957,12,433
433,299,28.050165752675632,-1.3498284407101977,-39.1603850169442,13,434
434,299,30.12982471368068,-1.5127992850798175,-40.30003521344444,14,435
435,299,32.208872022910384,-1.6298055581357689,-40.54362018707055,15,436
436,299,34.288351680628104,-1.7214512078695503,-40.3338938213816,16,437
437,299,36.367694775560885,-1.7967844739656589,-39.83105209444265,17,438
438,299,38.4473982083326,-1.860736617850371,-39.10888747976504,18,439
439,299,40.52615414669797,-1.916277614888917,-38.20677364039138,19,440
440,299,42.6058669107671,-1.965454393588351,-37.145661130030426,20,441
441,299,44.68335012281018,-2.009600325162732,-35.93963698163835,21,442
442,299,46.76320713123814,-2.049846995648272,-34.592550352276795,22,443
443,299,48.84195055116137,-2.086912449412524,-33.10915983979472,23,444
444,299,50.92117183544902,-2.121447567233457,-31.48813397243444,24,445
445,299,53.0007573189326,-2.153950874061703,-29.726882735740908,25,446
