,particle_id,r,phi,z,layer_id,hit_id
694,473,3.1000844653531625,1.3927877651332945,0.4724195144350176,1,695
695,473,5.181257584906989,1.399399395220187,0.8020146162482007,2,696
696,473,7.260177345863166,1.4056634207327938,1.1455795651962113,3,697
697,473,9.339037733903044,1.4116714837776618,1.505813703808812,4,698
698,473,11.418366013645622,1.417490081603143,1.884413087687968,5,699
699,473,13.498509744094685,1.423171659406797,2.2825394755218227,6,700
700,473,15.575945703842716,1.4287487833310788,2.700205317974888,7,701
701,473,17.654372971133927,1.434266572900837,3.1385751071455275,8,702
702,473,19.735901731537755,1.4397604909114032,3.5983981692664138,9,703
703,473,21.814445559976605,1.4452406700683211,4.07841505008075,10,704
704,473,23.893646360742164,1.4507400663678884,4.579382952923858,11,705
705,473,25.97163657657014,1.4562749122089451,5.100680186632935,12,706
706,473,28.050090848125592,1.4618692362816512,5.642447298990717,13,707
707,473,30.13108272193085,1.4675472069837825,6.204898159620981,14,708
708,473,32.21068259898915,1.4733157858426231,6.786513629001863,15,709
709,473,34.28830970778184,1.4791901472516642,7.386503094821343,16,710
710,473,36.3667152158192,1.4851946229867805,8.004946914987482,17,711
711,473,38.44875880928984,1.4913543946276486,8.64192361636891,18,712
712,473,40.52798542254557,1.4976668924951664,9.294492048196208,19,713
713,473,42.604324335072384,1.5041476793558506,9.961422208333666,20,714
714,473,44.68390356606754,1.510832510301426,10.643353824294277,21,715
715,473,46.76354020407778,1.5177283794349332,11.337723164490075,22,716
716,473,48.8431606687944,1.524852001159808,12.042699314752962,23,717
717,473,50.92267293815958,1.5322201464714127,12.756152897791528,24,718
718,473,53.00195626689923,1.5398495229214286,13.475610027088766,25,719
