,particle_id,r,phi,z,layer_id,hit_id
2,64,3.100746107438753,2.071220759145035,1.1625506548714846,1,3
3,64,5.17971647411377,2.044840713363608,2.185882119246216,2,4
4,64,7.258567134248357,1.987233747699934,3.7430609534246777,3,5
5,64,9.33778354969342,1.1687339722607537,9.563809415260987,4,6
6,64,11.417611338070872,0.8924073801859246,10.822965803383482,5,7
7,64,13.496863682379502,0.7579464940439264,11.621144773578376,6,8
8,64,15.576629470486012,0.676328478151763,12.264205771270015,7,9
9,64,17.656045433877768,0.6227582267208943,12.824658932125647,8,10
10,64,19.73437989422148,0.5862876900627496,13.332599204195748,9,11
11,64,21.81426288393972,0.5610670604680742,13.804479960041723,10,12
12,64,23.891717943853063,0.5437118333295358,14.248878858160332,11,13
13,64,25.971967830742788,0.5320039289315981,14.673092262020312,12,14
14,64,28.05072985256815,0.5245202575401839,15.080517401655456,13,15
15,64,30.131769446398355,0.5202391692083512,15.47499876890226,14,16
16,64,32.21130867591544,0.5184471397775807,15.85814351837942,15,17
17,64,34.287870961778964,0.5186080522174441,16.231496587205868,16,18
18,64,36.36823091400976,0.5203261719469167,16.59766164789103,17,19
19,64,38.448383647712994,0.5232990518951636,16.957011121156242,18,20
20,64,40.52510089283742,0.527284949029568,17.309874010188715,19,21
21,64,42.60589223527533,0.5321153709469937,17.658215580814073,20,22
22,64,44.68586268680627,0.537635906242813,18.001752181011902,21,23
23,64,46.763816424789646,0.543726516758073,18.34072462162851,22,24
24,64,48.84244614211662,0.5503018818687933,18.675905513274536,23,25
25,64,50.92141004383134,0.5572864449015299,19.00748135649697,24,26
26,64,53.00063259068055,0.5646194294567497,19.335609251568663,25,27
