,particle_id,r,phi,z,layer_id,hit_id
3026,1923,3.1013616837156497,-1.7024703162038508,1.0332049689392733,1,3027
3027,1923,5.179194592791677,-1.688477982019626,1.6056617844359664,2,3028
3028,1923,7.260498133682051,-1.6759304536230086,2.0978964315692963,3,3029
3029,1923,9.340531644998036,-1.6646092375258,2.5182874846397425,4,3030
3030,1923,11.417120294617906,-1.6543315120122577,2.874171069330515,5,3031
3031,1923,13.498027068206378,-1.6449101998775957,3.1728622076195165,6,3032
3032,1923,15.57824718138582,-1.6362513998526114,3.4183691278100383,7,3033
3033,1923,17.65773224178935,-1.628258570199816,3.614731712278399,8,3034
3034,1923,19.733564075295035,-1.6208626143886438,3.765112826123996,9,3035
3035,1923,21.816158942295345,-1.613962750205419,3.872905252390893,10,3036
3036,1923,23.891951895206937,-1.607549836446069,3.9396880896618143,11,3037
3037,1923,25.97307175807658,-1.601540222736198,3.9678095699835154,12,3038
3038,1923,28.05099325822717,-1.595920476011144,3.9586954597790935,13,3039
3039,1923,30.130503793718027,-1.5906441307896215,3.913706620045232,14,3040
3040,1923,32.21251265238996,-1.5856814461468902,3.833832428008222,15,3041
3041,1923,34.28917033714897,-1.5810260184150835,3.720359892125828,16,3042
3042,1923,36.37093832692295,-1.5766331229389683,3.5734660832631704,17,3043
3043,1923,38.45036900077861,-1.5725006289748356,3.394196981447237,18,3044
3044,1923,40.52926370517789,-1.5686084537756555,3.182910148850908,19,3045
3045,1923,42.60495334925251,-1.564947111162038,2.940278027986423,20,3046
3046,1923,44.68420906805983,-1.5614926770618474,2.66569514209624,21,3047
3047,1923,46.76458921655889,-1.5582394819487368,2.359456815624071,22,3048
3048,1923,48.84367715078593,-1.5551822745562311,2.021891352059839,23,3049
3049,1923,50.923781117292194,-1.5523099132467115,1.6524902718231118,24,3050
3050,1923,53.00253230919262,-1.54961911072511,1.2514339963708494,25,3051
