,particle_id,r,phi,z,layer_id,hit_id
3159,2218,3.100659197850043,1.8212628423928248,5.222028315741024,1,3160
3160,2218,5.179767125505172,1.7381569488605475,9.364928885476402,2,3161
3161,2218,7.258632137958485,1.629125195850182,14.108422879615247,3,3162
3162,2218,9.337775036839362,1.4946743626896444,19.13436942921508,4,3163
3163,2218,11.417062718727038,1.3672894875677728,23.201064251324027,5,3164
3164,2218,13.496148308944257,1.2952837043429457,24.90250104893071,6,3165
3165,2218,15.575035268362022,1.2816806500998268,24.213275785771124,7,3166
3166,2218,17.654759415364367,1.2967856132290547,22.06717138079537,8,3167
3167,2218,19.733792812126147,1.318701813361466,19.24617801380376,9,3168
3168,2218,21.81315193469652,1.3388424472825864,16.140274081504028,10,3169
3169,2218,23.892547767153715,1.3548961270691682,12.92138632329122,11,3170
3170,2218,25.97154961739767,1.3667159642846758,9.666921021022633,12,3171
3171,2218,28.05122014844503,1.374789887069668,6.411964947213697,13,3172
3172,2218,30.130126267353248,1.379711420773245,3.177913740252526,14,3173
3173,2218,32.20915869060775,1.3820410736525028,-0.025644782292753,15,3174
3174,2218,34.28771372817687,1.382253986730985,-3.1907854812441405,16,3175
3175,2218,36.36708005619945,1.3807426602707027,-6.314450918324606,17,3176
3176,2218,38.446127503726686,1.377827976170432,-9.390919852412226,18,3177
3177,2218,40.52542707829903,1.3737700344739503,-12.417500482374374,19,3178
3178,2218,42.60632715401638,1.368777126404117,-15.392705300112151,20,3179
3179,2218,44.68353602130818,1.3630360347071393,-18.30563545015916,21,3180
3180,2218,46.7640579598289,1.3566689134321552,-21.162519539758456,22,3181
3181,2218,48.84276542668717,1.3498064128090392,-23.9523242907962,23,3182
3182,2218,50.92177498945215,1.3425369994950382,-26.673580714510447,24,3183
3183,2218,53.00131115795976,1.334937685182186,-29.321557878775803,25,3184
