,particle_id,r,phi,z,layer_id,hit_id
1715,571,3.102401620149888,2.684467093492338,3.566215180532538,1,1716
1716,571,5.179740735812766,2.674511713535697,6.045588100984219,2,1717
1717,571,7.258368944947744,2.662920535099755,8.60169977832588,3,1718
1718,571,9.339223959956948,2.6495763127232954,11.236973560367034,4,1719
1719,571,11.417589450076685,2.634368841724944,13.945843431312497,5,1720
1720,571,13.497301538966004,2.617092332120609,16.732640964069347,6,1721
1721,571,15.576066892693,2.597540682315153,19.592134805514192,7,1722
1722,571,17.654587468804024,2.575430489258021,22.52065142545105,8,1723
1723,571,19.733682783563967,2.550408356771575,25.511156044280312,9,1724
1724,571,21.81385667139629,2.522042236114192,28.55074423960214,10,1725
1725,571,23.89315978693637,2.489844251251178,31.614616046476,11,1726
1726,571,25.9710375516208,2.453213306011468,34.667636341602744,12,1727
1727,571,28.051176820937258,2.4113587767297813,37.66260173870293,13,1728
1728,571,30.13007012066276,2.363535917654685,40.51540940351897,14,1729
1729,571,32.20858091080291,2.308888529411702,43.11195234825972,15,1730
1730,571,34.28852906050496,2.2466053287025787,45.292028298608926,16,1731
1731,571,36.367508368880806,2.1762669220214432,46.83837288648047,17,1732
1732,571,38.44617196598997,2.0978285446932534,47.49035978246755,18,1733
1733,571,40.52577210202333,2.0117108268988084,46.95643766921762,19,1734
1734,571,42.60435742915675,1.918677475964047,44.93208924522207,20,1735
1735,571,44.68419557614831,1.818814577312728,41.07776161778105,21,1736
1736,571,46.76306958753034,1.7107566029283263,34.92867274118065,22,1737
1737,571,48.84169926809223,1.588999548729546,25.588979655934907,23,1738
1738,571,50.92084380011352,1.4353818311260422,10.622771765078184,24,1739
1739,571,53.00003181627466,1.1143334360859538,-26.035639637029384,25,1740
