,particle_id,r,phi,z,layer_id,hit_id
1427,875,3.1012838143256114,2.5252420984146737,0.926312105207458,1,1428
1428,875,5.179976811836065,2.52942577210022,1.4479607242054655,2,1429
1429,875,7.2602691175256515,2.533065401497949,1.9237162383118007,3,1430
1430,875,9.33805552941435,2.536338499431648,2.365835781240449,4,1431
1431,875,11.419082791055091,2.53935983576628,2.7832982901252663,5,1432
1432,875,13.498019701465036,2.5421880856024246,3.179951883326055,6,1433
1433,875,15.576529577704465,2.544870760289493,3.55945583047615,7,1434
1434,875,17.654841591372218,2.547440135343392,3.924151026507129,8,1435
1435,875,19.735088714765546,2.5499224489693058,4.276023211797583,9,1436
1436,875,21.813493971373127,2.552331472636013,4.615604543256847,10,1437
1437,875,23.89175369973784,2.5546838279452024,4.9440344738828585,11,1438
1438,875,25.97368253099194,2.5569956645234138,5.262492981317891,12,1439
1439,875,28.051031086848496,2.5592679326740235,5.570144565761535,13,1440
1440,875,30.13008013799984,2.561516318935096,5.868214383444862,14,1441
1441,875,32.21124804995698,2.563749006046213,6.156890953188611,15,1442
1442,875,34.28842792285821,2.565966581451249,6.435395746765295,16,1443
1443,875,36.3701295739676,2.5681848188453302,6.704834341661101,17,1444
1444,875,38.44735412166309,2.570400552688821,6.963931227940993,18,1445
1445,875,40.52558995997294,2.572625969876106,7.213210829315351,19,1446
1446,875,42.6068244106545,2.574869647512313,7.452624990166068,20,1447
1447,875,44.685780858763486,2.5771325511619425,7.681230033876027,21,1448
1448,875,46.76422633698267,2.579423591760978,7.898832723655033,22,1449
1449,875,48.84360475382661,2.581751979375159,8.105087368134239,23,1450
1450,875,50.92138178300214,2.5841232558110985,8.299160119559165,24,1451
1451,875,53.0014146858007,2.586551324374101,8.480706637100614,25,1452
