,particle_id,r,phi,z,layer_id,hit_id
3503,1939,3.1013637355983343,-2.512410171783858,-0.0180042389562942,1,3504
3504,1939,5.180741775630695,-2.521911536248877,0.0148680203709119,2,3505
3505,1939,7.260485587346565,-2.532199193861371,0.0862193494132199,3,3506
3506,1939,9.339238594953192,-2.543458894229114,0.1983125930388212,4,3507
3507,1939,11.41864649029452,-2.5559775389053887,0.3538554605251036,5,3508
3508,1939,13.496022790856475,-2.5701597371327622,0.5555894868742186,6,3509
3509,1939,15.576544387881937,-2.586732199148427,0.8074690058824388,7,3510
3510,1939,17.654478096999547,-2.606897561521229,1.1126532839793768,8,3511
3511,1939,19.734143218582297,-2.633370384016838,1.4756103839681458,9,3512
3512,1939,21.81302524052065,-2.67415307654376,1.8962734372779693,10,3513
3513,1939,21.8120801984006,-3.0218679268193243,1.1323374536007265,10,3514
3514,1939,19.73300595492841,2.9991543554917746,-0.2501777338925492,9,3515
3515,1939,19.73375857422168,2.2926873591243355,-2.7243381942529226,9,3516
3516,1939,21.812614264111616,2.065374831152475,-3.1783067706611803,10,3517
3517,1939,23.89328188570965,1.9269363163095128,-3.3025016665633373,11,3518
3518,1939,25.97216975703165,1.826284349656652,-3.252218506677103,12,3519
3519,1939,28.05128817294538,1.747681321179024,-3.068819591316704,13,3520
3520,1939,30.12949815818367,1.6838437864640103,-2.7683611432536,14,3521
3521,1939,32.20964718404838,1.6305647816010744,-2.356668662937018,15,3522
3522,1939,34.28810961260001,1.5853581335881817,-1.8360209409848949,16,3523
3523,1939,36.36705498257191,1.5464447026648154,-1.2047073393043135,17,3524
3524,1939,38.44776068143771,1.512603403731842,-0.458875356984386,18,3525
3525,1939,40.5254999687977,1.4830384229592506,0.4046250110082923,19,3526
3526,1939,42.60424671281677,1.4570502949761306,1.3937787737965834,20,3527
3527,1939,44.68391567003747,1.4341749808871311,2.5168367700838346,21,3528
3528,1939,46.76413647615997,1.4140770087296952,3.783652618114957,22,3529
3529,1939,48.84353730110991,1.39653005041078,5.205347501317071,23,3530
3530,1939,50.92122417726231,1.3813892528852107,6.795476176587954,24,3531
3531,1939,53.00181743535508,1.368562971315895,8.575245052578978,25,3532
