,particle_id,r,phi,z,layer_id,hit_id
2,293,3.100313405977581,-1.9870463678689143,3.536270617826696,1,3
3,293,5.179740177562036,-1.9963480494490948,5.658739495005631,2,4
4,293,7.259406331699492,-2.00804356321963,7.666599266366517,3,5
5,293,9.338878235691109,-2.021807210752479,9.59101137135626,4,6
6,293,11.416706782793735,-2.0377625734110327,11.4486751759929,5,7
7,293,13.496306865503398,-2.0564630336796497,13.253072871657473,6,8
8,293,15.5761581918901,-2.0789990106954868,15.00758091226072,7,9
9,293,17.65438633280069,-2.1076666393705,16.708169682885263,8,10
10,293,19.73397968169829,-2.148578959012406,18.33573631719787,9,11
11,293,21.812759053861235,-2.234199816312784,19.72093867132896,10,12
12,293,21.812450384039504,-2.435946631744675,18.31001659336031,10,13
13,293,21.81324851215449,2.915201650978723,-1.242189139177019,10,14
14,293,23.892484811353047,2.7705104199102872,-6.929194760508105,11,15
15,293,25.97158118383804,2.6788762369252384,-12.05567931866145,12,16
16,293,28.050596634635685,2.6157808175876105,-17.079437686675856,13,17
17,293,30.129887497196727,2.571768010587244,-22.20102849151004,14,18
18,293,32.20889616082839,2.5422385678230315,-27.554621397536824,15,19
19,293,34.28853538917641,2.5248573135224373,-33.26983436603964,16,20
20,293,36.36752153599527,2.518812804225375,-39.49785762835433,17,21
21,293,38.44637470255785,2.524831945557126,-46.47645464434091,18,22
22,293,40.52544164844147,2.546595429880135,-54.67603681991135,19,23
23,293,42.60428806459886,2.5997726779656825,-65.60071674250065,20,24
24,293,42.60401258502938,2.89547569025457,-87.15671702068872,20,25
25,293,42.60426325619246,-2.7560684152837607,-79.94130092711882,20,26
26,293,44.68366569859699,-2.660466093054849,-75.47883187048788,21,27
27,293,46.763191347588936,-2.599254250850924,-71.6155157169585,22,28
28,293,48.84247961777772,-2.556453709528394,-68.06364268873246,23,29
29,293,50.92117116871803,-2.525833400686769,-64.71563467953021,24,30
30,293,53.00068094200356,-2.504119550551461,-61.51734289609004,25,31
