,particle_id,r,phi,z,layer_id,hit_id
1313,1073,3.1006720638991543,-2.94929361316712,-0.5000865911273191,1,1314
1314,1073,5.180306433757592,-2.509811450981721,-0.2762196834166808,2,1315
1315,1073,7.259847482625802,-2.343574133038563,-0.0698254092569445,3,1316
1316,1073,9.3386798560979,-2.2513335751854413,0.1318203002808715,4,1317
1317,1073,11.418698670445991,-2.1914642578513126,0.3300612129121649,5,1318
1318,1073,13.49787961588708,-2.149021253483513,0.5245538605729063,6,1319
1319,1073,15.576528069341188,-2.117110767682306,0.7149759323335854,7,1320
1320,1073,17.654880337835863,-2.092097857395735,0.9010002471656726,8,1321
1321,1073,19.735695467907668,-2.0718477981426773,1.0825586481663445,9,1322
1322,1073,21.8127632643333,-2.055101309059985,1.258851562706246,10,1323
1323,1073,23.894660522568625,-2.0409228530716828,1.430379071927197,11,1324
1324,1073,25.972783072831582,-2.0287767266924708,1.5962357593815426,12,1325
1325,1073,28.05137723796136,-2.018209015475676,1.7566049039158198,13,1326
1326,1073,30.12944190909668,-2.008914180752557,1.9112597719736928,14,1327
1327,1073,32.21140941411518,-2.0006416226761217,2.060380301507612,15,1328
1328,1073,34.291041028077146,-1.993238208855924,2.2033876049295795,16,1329
1329,1073,36.36666701038921,-1.986566771648247,2.34007674281062,17,1330
1330,1073,38.44584138108536,-1.9804923813385624,2.470835163234117,18,1331
1331,1073,40.528657379795256,-1.9749288702881789,2.595527815746081,19,1332
1332,1073,42.60688586990006,-1.969825589712645,2.713559616886945,20,1333
1333,1073,44.68564836802765,-1.9651092867915512,2.8251341383522206,21,1334
1334,1073,46.76622128211067,-1.9607283915592344,2.930202311791428,22,1335
1335,1073,48.84566508920672,-1.95664795470256,3.028504343668104,23,1336
1336,1073,50.92116528697888,-1.9528376659430184,3.119821560690584,24,1337
1337,1073,53.00407865853394,-1.949247653026358,3.204522573141708,25,1338
