,particle_id,r,phi,z,layer_id,hit_id
5145,2480,3.101730362388044,0.5549667101505273,0.0541412199300594,1,5146
5146,2480,5.1797361689431085,0.510291544374367,-0.034755459198621,2,5147
5147,2480,7.258946847157173,0.462991740609424,-0.2457900478178061,3,5148
5148,2480,9.337845489335823,0.4132483775568777,-0.5988371462476323,4,5149
5149,2480,11.417796503720236,0.361330186767601,-1.1140446325751867,5,5150
5150,2480,13.497413588295716,0.307734558415407,-1.809155039412758,6,5151
5151,2480,15.575531868513444,0.2530971540874871,-2.697884296807871,7,5152
5152,2480,17.655331244961882,0.1980278311161808,-3.7909055749032063,8,5153
5153,2480,19.73411292688969,0.1433100418764937,-5.0904907828458335,9,5154
5154,2480,21.81267504661329,0.0895805904012146,-6.595206786385674,10,5155
5155,2480,23.89277944812408,0.0373433905662558,-8.300586291036879,11,5156
5156,2480,25.971266903575923,-0.0129140793334465,-10.195470955414637,12,5157
5157,2480,28.051286210444,-0.0610027192160438,-12.273080653801522,13,5158
5158,2480,30.129627774188737,-0.1067110979820663,-14.520758291653728,14,5159
5159,2480,32.20867003587141,-0.1500585295730449,-16.932608802290403,15,5160
5160,2480,34.289300970351945,-0.1911014659999965,-19.503215446672115,16,5161
5161,2480,36.3671026299222,-0.2298495645250213,-22.22221656806512,17,5162
5162,2480,38.446788427920254,-0.266521360929479,-25.093015651915003,18,5163
5163,2480,40.526138531866046,-0.3012252304439298,-28.11226946701608,19,5164
5164,2480,42.60611849583162,-0.3341386537278328,-31.283310849267743,20,5165
5165,2480,44.68457261248672,-0.3653969343975687,-34.60720685782256,21,5166
5166,2480,46.76409695460708,-0.395212741683706,-38.09542603680097,22,5167
5167,2480,48.84327212478275,-0.4237438707488424,-41.75655028398339,23,5168
5168,2480,50.92195097221221,-0.4511780205529467,-45.60557163633323,24,5169
5169,2480,53.00170757260354,-0.4777432614941765,-49.66694309265159,25,5170
