,particle_id,r,phi,z,layer_id,hit_id
2181,1192,3.1012561051784724,2.5583423675839145,-3.203380320961031,1,2182
2182,1192,5.180125440812137,2.5810874083006983,-5.020873661200028,2,2183
2183,1192,7.2594650526180144,2.603604321549754,-6.576836922437003,3,2184
2184,1192,9.33870182876416,2.625962098760278,-7.871128416487636,4,2185
2185,1192,11.417697594024062,2.648225163434777,-8.902612903601728,5,2186
2186,1192,13.496596778900114,2.6704536432006614,-9.669164070670805,6,2187
2187,1192,15.575702182052328,2.6927035834580795,-10.167767719520649,7,2188
2188,1192,17.655379357001642,2.715027153415737,-10.39472862225452,8,2189
2189,1192,19.73392178025587,2.737450510062661,-10.346171833262112,9,2190
2190,1192,21.81380988298644,2.760041930755197,-10.018448423123369,10,2191
2191,1192,23.89335951509629,2.782822216911033,-9.408841844411988,11,2192
2192,1192,25.97107515481673,2.8058114904976974,-8.516864457174144,12,2193
2193,1192,28.05136392923347,2.829093693870035,-7.341300980459529,13,2194
2194,1192,30.129265972437885,2.852646818325945,-5.888888741046998,14,2195
2195,1192,32.209594655798675,2.87655762506108,-4.1645033778386775,15,2196
2196,1192,34.28860915440029,2.900814415907546,-2.18478724859974,16,2197
2197,1192,36.36714793444943,2.9254565102536576,0.0301757186040561,17,2198
2198,1192,38.44703533047876,2.95053480056846,2.4539259395238275,18,2199
2199,1192,40.52651994012963,2.9760562255407845,5.047196387314841,19,2200
2200,1192,42.60558516911627,3.002046145281013,7.763519859723267,20,2201
2201,1192,44.68436459143166,3.0285285347750963,10.54846368680554,21,2202
2202,1192,46.76309390447086,3.055523379531796,13.341483710172774,22,2203
2203,1192,48.84186628107869,3.08304057862363,16.078576460393215,23,2204
2204,1192,50.921605809922525,3.111089598012438,18.69725914510531,24,2205
2205,1192,53.00059848834146,3.139629274495788,21.13623509756797,25,2206
