,particle_id,r,phi,z,layer_id,hit_id
1187,543,3.101325463360257,1.092669225287114,-2.6346396271309462,1,1188
1188,543,5.179307098297498,1.0556751763472978,-4.360776553053915,2,1189
1189,543,7.258921835767033,1.0186975623297354,-6.044780218883112,3,1190
1190,543,9.338857572227775,0.9819739143445484,-7.670580308253234,4,1191
1191,543,11.418087550804795,0.945775003562763,-9.22098887964984,5,1192
1192,543,13.49629359520276,0.9103545640425714,-10.68010479312698,6,1193
1193,543,15.576592552952482,0.875874090566774,-12.036403938580312,7,1194
1194,543,17.65546834530947,0.8425532326228727,-13.276860611538527,8,1195
1195,543,19.734263678182145,0.8104719127395165,-14.3948674806936,9,1196
1196,543,21.812994819412804,0.7796782784760491,-15.38581667276427,10,1197
1197,543,23.892478932273345,0.7501644256012634,-16.24782352447172,11,1198
1198,543,25.970916559465604,0.7219250247892558,-16.9798244169898,12,1199
1199,543,28.05000425795465,0.6948821756956274,-17.583448417855926,13,1200
1200,543,30.12942707413213,0.6689710845188949,-18.060401795297253,14,1201
1201,543,32.20890600684649,0.6441172590240548,-18.41301665765379,15,1202
1202,543,34.28833058996579,0.6202400976484448,-18.64398401955677,16,1203
1203,543,36.367843709001136,0.59725578735206,-18.75611409837865,17,1204
1204,543,38.44788177904648,0.5750795718220643,-18.75213049276681,18,1205
1205,543,40.52684057073796,0.5536511599783901,-18.63469666678693,19,1206
1206,543,42.60562405988851,0.5328874003865223,-18.40627989272899,20,1207
1207,543,44.68536637121474,0.5127082196248333,-18.06887287440065,21,1208
1208,543,46.76254182992592,0.4930821576560634,-17.625086533787652,22,1209
1209,543,48.84321842824765,0.4738908540764349,-17.07518598855907,23,1210
1210,543,50.92140140942772,0.4551319469950992,-16.422011204580976,24,1211
1211,543,53.000526230638,0.4367187391511934,-15.665614400307549,25,1212
