,particle_id,r,phi,z,layer_id,hit_id
317,383,3.100320754105748,2.332690800710876,0.0696340242445447,1,318
318,383,5.182080975808536,2.3321876289474126,0.0654167449993252,2,319
319,383,7.258895574210752,2.331956906880523,0.0237961343488297,3,320
320,383,9.338370330187711,2.3319814361818927,-0.0525707773602306,4,321
321,383,11.41762839837208,2.3322470279421728,-0.1610170938612487,5,322
322,383,13.497743381682364,2.3327403969321723,-0.2990931347053767,6,323
323,383,15.576270892384244,2.3334482342134097,-0.4641907324770749,7,324
324,383,17.654761637842793,2.334358975356229,-0.6540451890199837,8,325
325,383,19.73502167404932,2.335462448779861,-0.8665542823488597,9,326
326,383,21.8151629239345,2.336747193313613,-1.099303183373305,10,327
327,383,23.893390170016428,2.3382016080237413,-1.3498580286997726,11,328
328,383,25.97196162333885,2.3398172289343697,-1.6163032721264052,12,329
329,383,28.05330058093841,2.3415867351216337,-1.8968416422422127,13,330
330,383,30.131971742569764,2.343496213088719,-2.18862411232055,14,331
331,383,32.21056191144708,2.345538663675537,-2.489894015209339,15,332
332,383,34.287748582582495,2.34770372928474,-2.798371722583964,16,333
333,383,36.370326123333655,2.349990023614801,-3.113013510698794,17,334
334,383,38.44903640246754,2.3523787939652667,-3.430365208770956,18,335
335,383,40.526738162671705,2.354864318037251,-3.748801108090616,19,336
336,383,42.6063478307534,2.357441557389367,-4.066722727081872,20,337
337,383,44.68676907617466,2.3601007534103924,-4.381915972922995,21,338
338,383,46.76287855104475,2.362826614186166,-4.691576077326298,22,339
339,383,48.84171278486327,2.365619743402652,-4.9947222519419245,23,340
340,383,50.92221906850186,2.368470340324012,-5.289139680907967,24,341
341,383,53.00334901998611,2.371368424535693,-5.572621800541677,25,342
