,particle_id,r,phi,z,layer_id,hit_id
2307,1427,3.1001488065918874,2.090678223696794,5.026322390672817,1,2308
2308,1427,5.18081488711667,2.1015922131051346,8.045737014236149,2,2309
2309,1427,7.25860953710069,2.1119088366161387,10.810201939472773,3,2310
2310,1427,9.33814872207888,2.121695677970705,13.3477688270481,4,2311
2311,1427,11.418885367152535,2.130987315894396,15.67456660570188,5,2312
2312,1427,13.496450538749835,2.13979749354825,17.79968911303006,6,2313
2313,1427,15.576655298969984,2.148178132931718,19.739861279102943,7,2314
2314,1427,17.65576488339649,2.156135369829608,21.499480321950056,8,2315
2315,1427,19.734499813453628,2.1636885025391788,23.0850347492774,9,2316
2316,1427,21.812694538042354,2.1708472413615474,24.499859356925487,10,2317
2317,1427,23.89332691832102,2.1776243810760088,25.74665745717147,11,2318
2318,1427,25.972350111380816,2.1840009251109063,26.821068418307544,12,2319
2319,1427,28.051461286762365,2.189965403687855,27.71899353147368,13,2320
2320,1427,30.1293054911676,2.195480681773295,28.43046888773164,14,2321
2321,1427,32.20905589505528,2.200495731875374,28.940708948858354,15,2322
2322,1427,34.28881149849736,2.2049028009467544,29.22342919297743,16,2323
2323,1427,36.36761941769129,2.208517276418821,29.236284992702377,17,2324
2324,1427,38.44615669051393,2.210985661573417,28.903807150933662,18,2325
2325,1427,40.52604170349766,2.21149596871503,28.06817530533633,19,2326
2326,1427,42.60484477595879,2.207393057579265,26.27454459838405,20,2327
2327,1427,42.60393847719752,2.102856011518428,14.676662101480233,20,2328
2328,1427,40.52479016552503,2.008074305001456,10.940473426930192,19,2329
2329,1427,40.52509852155997,1.7127525438348492,12.184825128782606,19,2330
2330,1427,42.60503400874664,1.6533156310044674,15.46757204411242,20,2331
2331,1427,44.68397101809365,1.6198970863798785,18.586198167305884,21,2332
2332,1427,46.76345452536051,1.5983686110045576,21.588288543182525,22,2333
2333,1427,48.84261104071514,1.5837589123351323,24.4710909508139,23,2334
2334,1427,50.92122315769278,1.5735468356147455,27.221509218521103,24,2335
2335,1427,53.00003105859123,1.5662301221295931,29.823591391309662,25,2336
