,particle_id,r,phi,z,layer_id,hit_id
2004,1223,3.103160900358466,-1.1732215360973814,0.4472665386152457,1,2005
2005,1223,5.18027495120584,-1.168112959001478,0.7616080975774135,2,2006
2006,1223,7.262509158787938,-1.1630607426154518,1.0879009854324997,3,2007
2007,1223,9.338107198816376,-1.1580830716470405,1.4236697286426985,4,2008
2008,1223,11.418123437176856,-1.1531434343907665,1.7701603774813606,5,2009
2009,1223,13.49996727628437,-1.1482385378535367,2.126550001811712,6,2010
2010,1223,15.576448042289991,-1.143375748402159,2.491232478513174,7,2011
2011,1223,17.65863515195366,-1.1385196953136505,2.865883131046317,8,2012
2012,1223,19.734698335230405,-1.133688487348077,3.2481787902982244,9,2013
2013,1223,21.815511059925168,-1.1288471380776302,3.6399981485960256,10,2014
2014,1223,23.89362597473456,-1.1240030247770607,4.0399148737578034,11,2015
2015,1223,25.97499878308261,-1.1191318543712807,4.449122088662065,12,2016
2016,1223,28.051936456577835,-1.1142406909063685,4.866227513642023,13,2017
2017,1223,30.129904264974574,-1.1093050250614434,5.292524860116208,14,2018
2018,1223,32.20952073994808,-1.1043106051890814,5.728475243645308,15,2019
2019,1223,34.29098620491421,-1.0992428433664954,6.174572609218951,16,2020
2020,1223,36.36983399659657,-1.0940971467151752,6.630408433728307,17,2021
2021,1223,38.449558964868,-1.0888475024290347,7.097437315961468,18,2022
2022,1223,40.52871319200786,-1.0834776032402826,7.576211790433621,19,2023
2023,1223,42.605142229882105,-1.0779702578585737,8.067291225110711,20,2024
2024,1223,44.68354043093027,-1.0722859687797637,8.573123566742824,21,2025
2025,1223,46.76311421906128,-1.066394031239888,9.095224190307428,22,2026
2026,1223,48.8450653266305,-1.0602508410969156,9.63604381438105,23,2027
2027,1223,50.92137683151849,-1.0538315122226694,10.196121360963067,24,2028
2028,1223,53.00226284769364,-1.0470420817531536,10.78163749060256,25,2029
