,particle_id,r,phi,z,layer_id,hit_id
591,423,3.1012717321506447,-2.517194831243817,-1.0536548370760137,1,592
592,423,5.179277152936931,-2.509904966210319,-1.916898241815435,2,593
593,423,7.25836519743333,-2.501114563012671,-2.925002682043353,3,594
594,423,9.33838515315646,-2.490499031091886,-4.095415802077037,4,595
595,423,11.417677876650744,-2.4776401022433987,-5.445531587165522,5,596
596,423,13.496337887618935,-2.461967090036869,-6.993303644503957,6,597
597,423,15.575947140308545,-2.4426809511637457,-8.75529857324527,7,598
598,423,17.655289830641095,-2.4186751878571484,-10.738334668056376,8,599
599,423,19.73342292961489,-2.3883004162886405,-12.932213736211391,9,600
600,423,21.812671543004985,-2.348804457228716,-15.295505773486124,10,601
601,423,23.89192837399141,-2.294981565291077,-17.707571499883052,11,602
602,423,25.971074634105243,-2.2128214788161897,-19.83113588569474,12,603
603,423,25.97051724677308,-1.6767986890905076,-10.33184596656963,12,604
604,423,23.89116396199856,-1.455905339455333,-3.84103200611256,11,605
605,423,21.81200037928712,-1.2068157488529752,2.4341642868964115,10,606
606,423,19.7332730124769,-0.7847612613454176,10.533486266103086,9,607
607,423,19.73344256900105,-0.3483688905000275,16.862390945801423,9,608
608,423,21.813098485264334,0.0250170097535379,21.676472806642884,10,609
609,423,23.89232592960914,0.2114275311670186,24.137588557600992,11,610
610,423,25.97103996087533,0.3420493670814516,25.98657440102454,12,611
611,423,28.05005212749105,0.4422396095851233,27.537244774559863,13,612
612,423,30.130597263553096,0.5226219088162003,28.91841832828112,14,613
613,423,32.209499501533365,0.5887300186289522,30.197076151482108,15,614
614,423,34.288253072869495,0.6440649686306791,31.417745893516155,16,615
615,423,36.3670192454579,0.6908998936630625,32.61085466367894,17,616
616,423,38.44701728391393,0.7308443104193818,33.79984178670522,18,617
617,423,40.52520053853559,0.7650049450240889,35.000935138953665,19,618
618,423,42.605645931531136,0.7943295648718324,36.23128179802829,20,619
619,423,44.68498186718941,0.8194553953960457,37.5014356625147,21,620
620,423,46.7631772954641,0.8409395403635591,38.82218701727473,22,621
621,423,48.84322194217399,0.8592618016228162,40.20514595113729,23,622
622,423,50.922644634388526,0.874773167341428,41.65754197449398,24,623
623,423,53.00122608328459,0.8877928470773279,43.18738236450997,25,624
