,particle_id,r,phi,z,layer_id,hit_id
519,453,3.100106352423316,-2.573065572703598,45.57269016128387,1,520
520,453,5.179564367714337,-3.100095458882364,57.45657938116104,2,521
521,453,7.258803519506698,2.977094727166956,66.0058731647558,3,522
522,453,9.337685654712203,2.8034033818988,73.89282358564259,4,523
523,453,11.416972960056365,2.5487550723701484,80.57299687996871,5,524
524,453,13.495939697034864,2.2823223494149008,83.43572159765617,6,525
525,453,15.575003249242313,2.105186727598301,84.18873047931393,7,526
526,453,17.654750196289314,1.9855000550362272,84.26590593239172,8,527
527,453,19.734647601949103,1.899364157735936,84.05698332222633,9,528
528,453,21.813500850660088,1.834562086193203,83.69638676077979,10,529
529,453,23.89222550747403,1.7842452193531169,83.24331914495839,11,530
530,453,25.970858114561675,1.7442935486379372,82.72872171091392,12,531
531,453,28.05179181087588,1.7120110014746217,82.17006265351019,13,532
532,453,30.129687793662583,1.6856669451187254,81.5803221063141,14,533
533,453,32.20991434597381,1.6639096840314478,80.9657782435652,15,534
534,453,34.287702881107414,1.645855934049511,80.33332278547611,16,535
535,453,36.36850128753454,1.6307598907927647,79.68529045836733,17,536
536,453,38.44781673141289,1.618121951758582,79.02604452868904,18,537
537,453,40.52635263114368,1.6075166067608273,78.35763379729352,19,538
538,453,42.60701554759136,1.598599916604672,77.68083335904115,20,539
539,453,44.6851994416258,1.5911254408682312,76.99845067405474,21,540
540,453,46.76352198304704,1.584865124755418,76.31062197740965,22,541
541,453,48.84255330827221,1.5796399177686002,75.61788058582023,23,542
542,453,50.92366686496464,1.5753000007047884,74.92027039178205,24,543
543,453,53.00227539859104,1.5717301499025087,74.21965757444994,25,544
