,particle_id,r,phi,z,layer_id,hit_id
1850,913,3.105223035910509,0.0216909902850907,-1.1475066767955997,1,1851
1851,913,5.179220794127303,0.0220258210828819,-1.923742017196356,2,1852
1852,913,7.263212202272059,0.0223665080147963,-2.7115572997320547,3,1853
1853,913,9.342532485323812,0.0227114352639312,-3.5053928569734567,4,1854
1854,913,11.422863527650346,0.0230623218486459,-4.307366207756894,5,1855
1855,913,13.496346007096966,0.0234186313885615,-5.114399012617284,6,1856
1856,913,15.57528149725938,0.0237833211821551,-5.931270841432623,7,1857
1857,913,17.658395896182544,0.0241571146283045,-6.757550047385248,8,1858
1858,913,19.737742753335976,0.0245395306193515,-7.590118738210936,9,1859
1859,913,21.818657939743066,0.0249325342586752,-8.431150201035535,10,1860
1860,913,23.893196161273483,0.0253356462812172,-9.2774731465963,11,1861
1861,913,25.97304318923685,0.0257522621160715,-10.13393534306702,12,1862
1862,913,28.050120413321388,0.026182003410684,-10.997331813839724,13,1863
1863,913,30.129280617460086,0.0266271845346947,-11.8698053959304,14,1864
1864,913,32.20876476936691,0.0270888862547961,-12.750786282374468,15,1865
1865,913,34.29300971656974,0.0275697236240019,-13.642366486313277,16,1866
1866,913,36.36752295105028,0.0280679990361851,-14.538525657411942,17,1867
1867,913,38.4489128418846,0.0285895525838232,-15.446663539093286,18,1868
1868,913,40.52863621157509,0.0291344210535787,-16.363366409256507,19,1869
1869,913,42.60431979295429,0.0297042140355379,-17.287870438665962,20,1870
1870,913,44.685229992351154,0.0303041151914666,-18.22467977097681,21,1871
1871,913,46.76823488976223,0.0309363345502952,-19.17286162273161,22,1872
1872,913,48.84437642066028,0.0316013901412631,-20.128788102126848,23,1873
1873,913,50.92165094933178,0.0323055155861074,-21.09665447535463,24,1874
1874,913,53.001573718170505,0.0330537292613899,-22.077844325221445,25,1875
