,particle_id,r,phi,z,layer_id,hit_id
27,133,3.102287942285428,-2.5835252990191786,-0.9604934674974928,1,28
28,133,5.181737663701816,-2.590383163936291,-1.5963267124689438,2,29
29,133,7.261401651334621,-2.5981483412757047,-2.2239959884575526,3,30
30,133,9.337899902137186,-2.606930341094321,-2.840672155400448,4,31
31,133,11.41797161978383,-2.616914242195539,-3.4461952631000443,5,32
32,133,13.496533796233363,-2.628277134982331,-4.036457544798729,6,33
33,133,15.576577666204594,-2.641296233355729,-4.609056725374643,7,34
34,133,17.656099586140588,-2.6563089036004137,-5.159249449799134,8,35
35,133,19.73440970367613,-2.673787628364958,-5.681311037329749,9,36
36,133,21.81314288168864,-2.6944310891674443,-6.167899450384276,10,37
37,133,23.89237455717189,-2.719272647496027,-6.607554245453287,11,38
38,133,25.971185496749563,-2.7499501780801987,-6.981958669021736,12,39
39,133,28.051359443084937,-2.7893814278173727,-7.259776645370167,13,40
40,133,30.129220171460734,-2.843253034460764,-7.377171001394551,14,41
41,133,32.20859860836473,-2.9260581484600703,-7.172936712859695,15,42
42,133,34.28786140180725,-3.094375353022501,-5.976854717096131,16,43
43,133,36.366915030668096,2.6992014571838965,0.0098210646273955,17,44
44,133,38.4460108488886,2.245827163104816,8.893315844058353,18,45
45,133,38.445784231551606,1.828386257321593,22.03357721827276,18,46
46,133,36.36659197885992,1.461130521271517,34.60161688422287,17,47
47,133,36.36676376379524,1.0065224486325208,46.193197937807454,17,48
48,133,38.44599994182064,0.7818306657306934,50.19180805086974,18,49
49,133,40.52603328455851,0.650596494095421,51.87512373156723,19,50
50,133,42.60510283346885,0.5521690007778034,52.68186856291679,20,51
51,133,44.68347871008521,0.4720224904468968,52.92906256177943,21,52
52,133,46.76324105497988,0.4037459251340513,52.738974119626825,22,53
53,133,48.84283752488589,0.3439085465483703,52.16496921640061,23,54
54,133,50.9210786791514,0.2903428021331616,51.22718859102536,24,55
55,133,53.000317177824165,0.2414731764194878,49.92114074598759,25,56
