,particle_id,r,phi,z,layer_id,hit_id
222,243,3.101014621816479,-1.202374099189876,-0.4430336813017206,1,223
223,243,5.182033665183987,-1.2193195254247593,-0.7214894601189279,2,224
224,243,7.260891395861377,-1.2360734636909214,-0.9836645168424916,3,225
225,243,9.337739915471008,-1.252664922886175,-1.22886391552467,4,226
226,243,11.419040170998576,-1.2691719080920731,-1.4570309072966374,5,227
227,243,13.4985595260899,-1.2855709322204676,-1.6666206640200585,6,228
228,243,15.576321405321847,-1.3018883101940435,-1.8568052893153608,7,229
229,243,17.65536150870025,-1.3181737935814266,-2.026927159410807,8,230
230,243,19.73539770507592,-1.334451270794948,-2.175905990823935,9,231
231,243,21.81289127510128,-1.3507197260754686,-2.302390567304869,10,232
232,243,23.89327744185924,-1.3670492877168496,-2.4054621252203034,11,233
233,243,25.972481095123083,-1.3834368060544622,-2.48349966100497,12,234
234,243,28.05214409416365,-1.3999256688186648,-2.5350096863991034,13,235
235,243,30.130469430254617,-1.4165342340624474,-2.558182388237828,14,236
236,243,32.21090633740466,-1.4333257514991224,-2.5509913332382084,15,237
237,243,34.2876348119678,-1.4502923197996025,-2.511122802707892,16,238
238,243,36.368050860255984,-1.4675385699605827,-2.435655753098832,17,239
239,243,38.44726783971013,-1.485074977688807,-2.321413274536095,18,240
240,243,40.527265544172906,-1.5029770687648665,-2.164350848204201,19,241
241,243,42.60568337023167,-1.5212942786101629,-1.959878454289754,20,242
242,243,44.68547314543864,-1.5401376830757256,-1.7017862080988202,21,243
243,243,46.76409588685918,-1.559590431237318,-1.3829213544295946,22,244
244,243,48.8421559462038,-1.5797934771751456,-0.9936577796302402,23,245
245,243,50.92106085980247,-1.600941493315722,-0.5209662775781148,24,246
246,243,53.00010775921704,-1.6232785818717324,0.0525977596456144,25,247
