,particle_id,r,phi,z,layer_id,hit_id
645,477,3.1002368996301035,-2.86013061624272,1.8266253283655107,1,646
646,477,5.179757787063251,-2.821427676503785,3.0277478102953523,2,647
647,477,7.25938088955603,-2.77966079856852,4.189802635810484,3,648
648,477,9.338733376849431,-2.734944927733858,5.291778123407713,4,649
649,477,11.417037603139702,-2.6875088943806853,6.309471707008079,5,650
650,477,13.496361810375284,-2.637609646121146,7.217701071345962,6,651
651,477,15.575532603158232,-2.5856454453663265,7.988329932721456,7,652
652,477,17.654648733963185,-2.5320083820395043,8.593483869080458,8,653
653,477,19.733912180933856,-2.477054991797623,9.005545275269096,9,654
654,477,21.812626401049915,-2.42107854940618,9.197072754431336,10,655
655,477,23.893028246348987,-2.3641592440173795,9.140259928403363,11,656
656,477,25.97173975026938,-2.306363180654153,8.805493691448191,12,657
657,477,28.05002235136808,-2.247439836772166,8.159365211676256,13,658
658,477,30.12975927597814,-2.1869117832013822,7.161072406312137,14,659
659,477,32.20910777953319,-2.1241965059789463,5.762787267610724,15,660
660,477,34.28758889981745,-2.0584873974357745,3.90796931534525,16,661
661,477,36.36729925890219,-1.988814411807152,1.5337041560951228,17,662
662,477,38.44659157218564,-1.914569832697372,-1.404374796468712,18,663
663,477,40.52576919797929,-1.836012853704805,-4.895651234150787,19,664
664,477,42.60471545507251,-1.7552295299495642,-8.816799779699235,20,665
665,477,44.68398780429687,-1.6761795895030267,-12.9246992827777,21,666
666,477,46.76347150530484,-1.603197157042788,-16.944492998004367,22,667
667,477,48.84236897432055,-1.5391280034752843,-20.682620334232485,23,668
668,477,50.92129638721269,-1.484890447862867,-24.05805584369549,24,669
669,477,53.00086023357334,-1.4402687398948346,-27.05977344466616,25,670
