,particle_id,r,phi,z,layer_id,hit_id
3079,1470,3.101045038879589,0.7719982570074462,1.4452422841911456,1,3080
3080,1470,5.180483696883964,0.7781139012143524,1.8150310624732453,2,3081
3081,1470,7.259414699601396,0.7857241239100033,1.8323240064370268,3,3082
3082,1470,9.337851060716975,0.7944381351358347,1.559145187948893,4,3083
3083,1470,11.417938186936428,0.80402856383776,1.0360861483007398,5,3084
3084,1470,13.497365852781565,0.8143279954016929,0.292544994551065,6,3085
3085,1470,15.57585542221972,0.8252209520664586,-0.6497781842048269,7,3086
3086,1470,17.655156551297388,0.8366277180601679,-1.775401426528731,8,3087
3087,1470,19.73423701748952,0.8484669193367186,-3.07117569640695,9,3088
3088,1470,21.81374906207592,0.8606718732260858,-4.527539453584623,10,3089
3089,1470,23.89187322115704,0.8731616637332111,-6.135270251436968,11,3090
3090,1470,25.971049829483125,0.8858775013632371,-7.890261426403732,12,3091
3091,1470,28.050392813573605,0.8987343689724259,-9.78777110248878,13,3092
3092,1470,30.13068096541356,0.91164828167886,-11.826488837598642,14,3093
3093,1470,32.20875035797248,0.9244991338163836,-14.0034045058629,15,3094
3094,1470,34.2890931349978,0.9371994876225176,-16.326417371447356,16,3095
3095,1470,36.36785410244529,0.949591966422701,-18.79838655994213,17,3096
3096,1470,38.44725790285971,0.9615316763877652,-21.43427189244756,18,3097
3097,1470,40.52610924712342,0.9728193901025302,-24.252446267175465,19,3098
3098,1470,42.60457716764448,0.9832140340305868,-27.283716185698093,20,3099
3099,1470,44.68420704507235,0.992401058589622,-30.57759877581221,21,3100
3100,1470,46.76346933911584,0.9999171288226776,-34.20524145538394,22,3101
3101,1470,48.8421062524095,1.0050601899998244,-38.28454740649904,23,3102
3102,1470,50.92168908421619,1.0066255670129685,-43.0233968251432,24,3103
3103,1470,53.00034253013583,1.0022031423410125,-48.81035042759329,25,3104
