,particle_id,r,phi,z,layer_id,hit_id
153,421,3.1009257138056725,0.4216444819292838,-0.1203639062532602,1,154
154,421,5.179834616017576,0.4188215510370041,-0.119895786202484,2,155
155,421,7.260797257867439,0.4166129244716571,-0.0574771783077778,3,156
156,421,9.33805889941148,0.4149646643300825,0.0640539729071818,4,157
157,421,11.418229759300004,0.4138212446830843,0.2426332261274666,5,158
158,421,13.496685618143802,0.4131434340922823,0.4756521538550728,6,159
159,421,15.575208003632714,0.4128942677959591,0.7611191333396121,7,160
160,421,17.656068581081325,0.4130436660124336,1.097422005505308,8,161
161,421,19.735625434363456,0.4135656412905696,1.4820930072034957,9,162
162,421,21.813552603527675,0.4144372067126046,1.913137423090248,10,163
163,421,23.89294738981004,0.4156408445218099,2.389427430331267,11,164
164,421,25.973931881891104,0.4171614921232819,2.9093761359201338,12,165
165,421,28.05029050946188,0.4189807095418753,3.4696677942221115,13,166
166,421,30.132019462392435,0.4210965276889337,4.071376409623909,14,167
167,421,32.20981611847964,0.4234910800653831,4.710226597464782,15,168
168,421,34.290568436494105,0.426165381922949,5.386679148377993,16,169
169,421,36.36822995261842,0.4291068225165801,6.097125201892524,17,170
170,421,38.44643630524287,0.4323170669608162,6.841076340645984,18,171
171,421,40.5255207645833,0.4357957180929288,7.616973271955345,19,172
172,421,42.605716485073366,0.4395441660989618,8.42316994465937,20,173
173,421,44.683966671208026,0.4435592031993059,9.256603166365146,21,174
174,421,46.7634148979198,0.4478511469257638,10.116548860798254,22,175
175,421,48.84380228840631,0.4524263337945686,11.000831864276186,23,176
176,421,50.92158053976044,0.4572852783804731,11.90564068373984,24,177
177,421,53.00213913696317,0.4624517433112861,12.830836582648992,25,178
