,particle_id,r,phi,z,layer_id,hit_id
1977,1035,3.1005945586275288,0.9520028052035162,0.4784472242554898,1,1978
1978,1035,5.179761158979478,0.941146351355787,0.7398540538796397,2,1979
1979,1035,7.259808530592538,0.9301749166747824,0.9553655743851373,3,1980
1980,1035,9.33996387926579,0.919057724780202,1.1259058557278614,4,1981
1981,1035,11.417060163395645,0.9077789248369326,1.2520155555232009,5,1982
1982,1035,13.496070039432118,0.8962797511471677,1.3344597482198282,6,1983
1983,1035,15.57662443610617,0.8845306670009019,1.3733068762447722,7,1984
1984,1035,17.6557073700596,0.8725183868109051,1.3684953208955086,8,1985
1985,1035,19.73537213911946,0.8602015827206992,1.319888130919601,9,1986
1986,1035,21.814810388978927,0.8475560352920387,1.2272151501147484,10,1987
1987,1035,23.89291917533592,0.8345607599130394,1.0902234384217664,11,1988
1988,1035,25.972988932900325,0.821167987172789,0.9083000179402418,12,1989
1989,1035,28.050448696918227,0.8073817311919442,0.6815265741171146,13,1990
1990,1035,30.12942902488348,0.7931510810942948,0.4092578297100715,14,1991
1991,1035,32.210415213884794,0.7784499830936668,0.0912850477207953,15,1992
1992,1035,34.28828895656803,0.7632960362582022,-0.2712900097812927,16,1993
1993,1035,36.36699360559494,0.7476452946577367,-0.6783422679619928,17,1994
1994,1035,38.44749029355298,0.7314764770811282,-1.128765365138479,18,1995
1995,1035,40.52532694489911,0.7148134341848155,-1.6193154480149854,19,1996
1996,1035,42.605783887785776,0.6976024410943421,-2.1477713881471843,20,1997
1997,1035,44.68378150848164,0.6798684163057166,-2.707679787089816,21,1998
1998,1035,46.76395735916245,0.6615373387095894,-3.2925534054318693,22,1999
1999,1035,48.842435083313966,0.6425636869982112,-3.889339600083554,23,2000
2000,1035,50.92183218306991,0.6227248096141993,-4.478310009182012,24,2001
2001,1035,53.00067564802527,0.6014373543568993,-5.014977848260841,25,2002
