,particle_id,r,phi,z,layer_id,hit_id
0,154,3.100278065710321,1.2292789799211628,-2.798942798541092,1,1
1,154,5.17982040101153,1.193901251903708,-4.341768382940561,2,2
2,154,7.259667912182059,1.164115474503663,-5.708664994156539,3,3
3,154,9.33838570372227,1.138485949895451,-6.94399544824007,4,4
4,154,11.418247065121102,1.1160346786786692,-8.079446191046685,5,5
5,154,13.496015052863203,1.0961378449597308,-9.134783928578262,6,6
6,154,15.57519771479385,1.0782859672414744,-10.127677441629086,7,7
7,154,17.655279426552507,1.0621320503061389,-11.06984756869484,8,8
8,154,19.73561811816261,1.0474100982363814,-11.970379998544647,9,9
9,154,21.81405433813094,1.033920440222444,-12.835863877252947,10,10
10,154,23.893358515035384,1.0214738967405597,-13.673509873696492,11,11
11,154,25.9708714977862,1.0099477685058804,-14.487184185254796,12,12
12,154,28.050560226051097,0.9992067456462668,-15.282493854637382,13,13
13,154,30.12983037070969,0.9891707356220198,-16.061790950582484,14,14
14,154,32.20958129207977,0.9797559195487444,-16.82821760351952,15,15
15,154,34.28872137458324,0.9708997215875736,-17.583707597889763,16,16
16,154,36.36667155270454,0.9625462040737548,-18.329997976820565,17,17
17,154,38.4460993371076,0.9546349391749198,-19.069633463017794,18,18
18,154,40.52718519827973,0.9471228838153812,-19.80394423416077,19,19
19,154,42.604550998049575,0.9399909834944908,-20.53203802868609,20,20
20,154,44.68428709482159,0.9331845878249462,-21.25678430654391,21,21
21,154,46.76389069075939,0.9266828231736078,-21.977772660689883,22,22
22,154,48.843558694640365,0.9204586352241176,-22.69527440650938,23,23
23,154,50.92321520281561,0.9144885302387724,-23.40918551441836,24,24
24,154,53.002384249380974,0.9087523290702456,-24.118958650814964,25,25
