,particle_id,r,phi,z,layer_id,hit_id
0,20,3.100721602806804,3.065151248837823,0.6963849252857202,1,1
1,20,5.179744873166714,3.0715473222482483,1.1281977624466002,2,2
2,20,7.258949651900001,3.0783076353628944,1.5334223948950267,3,3
3,20,9.339110471130413,3.085450806439757,1.9135256405002643,4,4
4,20,11.417124525014186,3.092984236325289,2.269306999856184,5,5
5,20,13.49720937878574,3.100944486190888,2.602859537473659,6,6
6,20,15.57592553627502,3.109343124552008,2.9150279204434497,7,7
7,20,17.656930111587812,3.1182234688145383,3.207813865864871,8,8
8,20,19.73631233492951,3.1276015044077217,3.4821991608015423,9,9
9,20,21.813523751099208,3.1375106279910403,3.7397976574419154,10,10
10,20,23.89447486094802,-3.1351626153851018,3.9830890515712873,11,11
11,20,25.974113380294728,-3.124022323175533,4.213379469359097,12,12
12,20,28.05047090925413,-3.112208789669511,4.432606045981096,13,13
13,20,30.130624046702096,-3.0996140580136675,4.643871800123694,14,14
14,20,32.21082968049902,-3.086179386875652,4.849438938338537,15,15
15,20,34.28971607220248,-3.0718206368194045,5.052219914015527,16,16
16,20,36.36776606974416,-3.0564241958811387,5.255780275911096,17,17
17,20,38.44671483811442,-3.0398425404440057,5.464407553128378,18,18
18,20,40.52620395058533,-3.0219132078656945,5.68296285213475,19,19
19,20,42.60615844559425,-3.0024332193378864,5.917341958929082,20,20
20,20,44.68360437620704,-2.9811793397913164,6.174385480077458,21,21
21,20,46.76380340243056,-2.9577738635118065,6.463720327539743,22,22
22,20,48.84169084716822,-2.931852317301479,6.796017463346452,23,23
23,20,50.92253969197143,-2.902784394593872,7.186909436737512,24,24
24,20,53.00095282895988,-2.8698686347585074,7.655030899052928,25,25
