,particle_id,r,phi,z,layer_id,hit_id
385,212,3.1010018684468124,-3.009363461964791,-1.3909519901305742,1,386
386,212,5.180328369952649,-3.0626888913842563,-2.2764529504260764,2,387
387,212,7.2596328897411135,-3.109487651021804,-3.144707419844792,3,388
388,212,9.337882343945331,3.132509668126532,-4.013846590129674,4,389
389,212,11.416944650026627,3.096172530528136,-4.903488471325247,5,390
390,212,13.497148727713244,3.064147030664836,-5.832984817844562,6,391
391,212,15.575186089009392,3.036096969090325,-6.820542136104976,7,392
392,212,17.654354135909898,3.0117273156754623,-7.888280949354481,8,393
393,212,19.73423382999696,2.9909254207496643,-9.05792288552226,9,394
394,212,21.812679539899616,2.973710119790068,-10.351520807488768,10,395
395,212,23.892610635135885,2.9601819020214206,-11.7958129018445,11,396
396,212,25.971800274712365,2.9506158154084945,-13.415415468126398,12,397
397,212,28.05055375016088,2.94540821136608,-15.236122722270736,13,398
398,212,30.129992708179152,2.9450942882518154,-17.28033783282612,14,399
399,212,32.20910285246341,2.950287441094864,-19.555301165116305,15,400
400,212,34.28758589557409,2.9614657162463955,-22.0377047759942,16,401
401,212,36.367082031529456,2.9784844670206323,-24.644790186216696,17,402
402,212,38.44641105672199,2.9995416086782734,-27.18665205566248,18,403
403,212,40.52536696323213,3.01970753780428,-29.336761193131025,19,404
404,212,42.60459169387047,3.02945742905896,-30.63614940541713,20,405
405,212,44.68379275328433,3.015447267254659,-30.6070888977861,21,406
406,212,46.76301688097519,2.971337705996733,-29.197312661807587,22,407
407,212,48.84222523295384,2.910238173608023,-27.07269868933227,23,408
408,212,50.92150572263358,2.8482123245061897,-24.860256275268924,24,409
409,212,53.00043423067687,2.79153924047951,-22.772461503059944,25,410
