,particle_id,r,phi,z,layer_id,hit_id
61,406,3.101703287864064,2.396846038841936,0.9147231182987454,1,62
62,406,5.180265789224662,2.400044365831054,1.4600250567394255,2,63
63,406,7.258689136273,2.4041904557416376,1.95325796577444,3,64
64,406,9.337719131442809,2.4092105255291028,2.3958068398169408,4,65
65,406,11.418027086392163,2.415058196958714,2.7884247967543514,5,66
66,406,13.4967722776186,2.421696892343102,3.130778333742742,6,67
67,406,15.57767456987869,2.42912745845645,3.423200303975098,7,68
68,406,17.654639842951376,2.4373305813865773,3.6642083355971176,8,69
69,406,19.73571195599768,2.446355197076614,3.853603404806239,9,70
70,406,21.813013671767006,2.4561975166059664,3.9890838179057626,10,71
71,406,23.89242648877629,2.4669280160242684,4.069043554405755,11,72
72,406,25.971597552198148,2.478593633255085,4.090735464232053,12,73
73,406,28.050646267100245,2.49126850794813,4.051000269772577,13,74
74,406,30.12924348342159,2.505041954236168,3.946013769022275,14,75
75,406,32.20899528393611,2.5200381696871483,3.771005960821017,15,76
76,406,34.2879852382123,2.5363819742091405,3.520520568016248,16,77
77,406,36.3681965123693,2.554258665724265,3.187559205283553,17,78
78,406,38.44759607560992,2.573858385763637,2.764323942931049,18,79
79,406,40.52715693254481,2.5954438566124334,2.2408987293808824,19,80
80,406,42.60555578699186,2.6193129259338988,1.605920382904701,20,81
81,406,44.68526688149495,2.645881212102425,0.8444007158600488,21,82
82,406,46.76328699817197,2.6755873593196786,-0.0596289704566332,22,83
83,406,48.842820472733415,2.7090654540306,-1.127975114291396,23,84
84,406,50.92246594978808,2.7470133142489965,-2.384020032028739,24,85
85,406,53.00043432412065,2.7902381766006386,-3.853276614944807,25,86
