,particle_id,r,phi,z,layer_id,hit_id
3996,1562,3.1002837422299354,2.049819143951367,-11.880651901409266,1,3997
3997,1562,5.180110880791227,2.278753250799426,-14.692258821316294,2,3998
3998,1562,7.258585653419621,2.3856503954408463,-17.099000380594056,3,3999
3999,1562,9.338717881461848,2.454160068235259,-19.296635791583427,4,4000
4000,1562,11.417876812748387,2.506766696527428,-21.35376553452741,5,4001
4001,1562,13.496724085292987,2.553479297152472,-23.30965112124055,6,4002
4002,1562,15.5755953599786,2.6014987549923223,-25.18999429738668,7,4003
4003,1562,17.654368241282906,2.66123565726118,-27.01379084066012,8,4004
4004,1562,19.733467474871773,2.773584537041856,-28.779284071659774,9,4005
4005,1562,21.812851662389843,-2.671311897707898,-25.288148852797093,10,4006
4006,1562,23.892328867618023,-2.4591211591004565,-23.30444746930885,11,4007
4007,1562,25.971612341393623,-2.326035427053972,-21.75086060195988,12,4008
4008,1562,28.05155629858369,-2.2282851297363844,-20.37119013350904,13,4009
4009,1562,30.13009355759714,-2.151654191657234,-19.086301510915654,14,4010
4010,1562,32.209451042712914,-2.089187989552685,-17.857507787798994,15,4011
4011,1562,34.28972048993739,-2.0369781668982725,-16.664080236341498,16,4012
4012,1562,36.36691773690413,-1.9926341636633047,-15.495372772766643,17,4013
4013,1562,38.4465425940938,-1.9543615920198176,-14.339615937972797,18,4014
4014,1562,40.52643055481056,-1.921027236952104,-13.191868147090972,19,4015
4015,1562,42.60473495964116,-1.8917898423977333,-12.0485612639865,20,4016
4016,1562,44.6845256671775,-1.8659569951190096,-10.904513111570132,21,4017
4017,1562,46.76452004985135,-1.843056134251409,-9.757762141851806,22,4018
4018,1562,48.84351344160152,-1.8227249529666216,-8.607048142625786,23,4019
4019,1562,50.92103511794068,-1.804686373133299,-7.451557972079371,24,4020
4020,1562,53.00077536903161,-1.7887197399512658,-6.2894149214075625,25,4021
