,particle_id,r,phi,z,layer_id,hit_id
483,301,3.101408795195364,-0.8372680696000498,3.914079104812891,1,484
484,301,5.179251879141332,-0.7993193500422702,6.479001322380053,2,485
485,301,7.259319558186815,-0.7484742803492402,9.006672298996598,3,486
486,301,9.337886618750687,-0.671957222204267,11.499768063578909,4,487
487,301,11.417045071729843,-0.5229021059502299,13.938606392326454,5,488
488,301,13.496187344345804,-0.1111083949005118,15.384808641567574,6,489
489,301,15.575104299321872,0.2317389120076957,15.04021464569872,7,490
490,301,17.655146915093557,0.4230967062057301,14.569010562652927,8,491
491,301,19.73333866760567,0.5515325694222951,14.121468755717467,9,492
492,301,21.81428091938086,0.646139685105978,13.697703667351918,10,493
493,301,23.89340296188685,0.7193744564230933,13.293510490420529,11,494
494,301,25.97112654511521,0.7780612387139744,12.904534157137077,12,495
495,301,28.05016742380101,0.8263266997440532,12.527155736657202,13,496
496,301,30.12961950900172,0.8667561385836955,12.159253548902257,14,497
497,301,32.21004728607294,0.901143391676914,11.798992042093529,15,498
498,301,34.28763573653389,0.9307051656584322,11.445668115250037,16,499
499,301,36.36704497173599,0.9564465528200292,11.097408600684645,17,500
500,301,38.44604227590931,0.9790417137009748,10.753721947095258,18,501
501,301,40.52511468889974,0.999041119056709,10.413810506932965,19,502
502,301,42.60700989982666,1.0168944979606591,10.076635875317631,20,503
503,301,44.6836447850533,1.0328773869112418,9.74300190904306,21,504
504,301,46.76369884767541,1.0473354460046007,9.411087526298555,22,505
505,301,48.84430217653801,1.0604710616630326,9.08099733881948,23,506
506,301,50.92311256295884,1.0724584480438104,8.752794746965355,24,507
507,301,53.00158735250875,1.0834648865517151,8.425985828638598,25,508
