,particle_id,r,phi,z,layer_id,hit_id
3113,1923,3.1010318948186884,0.8194412400343275,-4.25015141616224,1,3114
3114,1923,5.179479143039538,0.7814836570180377,-6.908511451433867,2,3115
3115,1923,7.258903271950462,0.7436102976151272,-9.451202649144037,3,3116
3116,1923,9.338705327274106,0.7056047282434739,-11.891098008115463,4,3117
3117,1923,11.417925930189703,0.6672774853305773,-14.230928696424712,5,3118
3118,1923,13.496900765266355,0.6284311486909544,-16.467030491685236,6,3119
3119,1923,15.575442295042098,0.588889957565957,-18.58777701603222,7,3120
3120,1923,17.654705782149684,0.5484619870416115,-20.575119255872963,8,3121
3121,1923,19.73468161478833,0.5069863091479766,-22.40086524262739,9,3122
3122,1923,21.813550442140684,0.4643513050500971,-24.02476574688386,10,3123
3123,1923,23.892984160083,0.4203918606309868,-25.39607534407953,11,3124
3124,1923,25.97141447452756,0.3750358265779049,-26.444413968561747,12,3125
3125,1923,28.05024649198793,0.328185993157555,-27.078266048041115,13,3126
3126,1923,30.129505339485444,0.2798312476833071,-27.17388868015269,14,3127
3127,1923,32.2085643694172,0.2300603339899635,-26.56412901925181,15,3128
3128,1923,34.287603967865714,0.179064742160458,-25.018246541811266,16,3129
3129,1923,36.3669853213554,0.1272066528019463,-22.204933873151703,17,3130
3130,1923,38.44609281747714,0.0751396536629497,-17.62167626635106,18,3131
3131,1923,40.5256682220117,0.0239421156187372,-10.422005755719836,19,3132
3132,1923,42.6041680862524,-0.0242631936399497,1.0528613310343928,20,3133
3133,1923,44.6835343391535,-0.0642943764634997,21.275267525522708,21,3134
3134,1923,46.76254483145603,-0.0620698489748871,87.46397012156902,22,3135
3135,1923,48.841971056840514,-0.0773679990915188,148.26142857718872,23,3136
3136,1923,50.92109649581585,-0.0952550082180872,156.6012410012719,24,3137
3137,1923,53.00059646699631,-0.1051499472386903,160.58036015155278,25,3138
