,particle_id,r,phi,z,layer_id,hit_id
2237,1656,3.101711030409072,1.7010869163835265,-2.44528077002222,1,2238
2238,1656,5.179563427695987,1.6907099658649627,-4.301315785665685,2,2239
2239,1656,7.25939775614329,1.6781219673438938,-6.384416214592547,3,2240
2240,1656,9.337854207175033,1.6623135434392553,-8.759761076840629,4,2241
2241,1656,11.417116917864565,1.6413259699887517,-11.54506632784298,5,2242
2242,1656,13.496007893057673,1.6107722249072791,-14.966593753828109,6,2243
2243,1656,15.575542551793772,1.556305899902796,-19.64433592526693,7,2244
2244,1656,17.65431043611754,0.9872424568479344,-31.629509207927818,8,2245
2245,1656,19.733501051124176,0.6735778831452311,-28.19246267044388,9,2246
2246,1656,21.81279496197761,0.5366136786828216,-24.321895545764924,10,2247
2247,1656,23.89206790042332,0.4486318946853838,-20.3660000429646,11,2248
2248,1656,25.971171314287943,0.3860811233103084,-16.37541471906411,12,2249
2249,1656,28.050073983389424,0.3391314755289185,-12.388760782085557,13,2250
2250,1656,30.129206474224127,0.3025376375001954,-8.439727020294388,14,2251
2251,1656,32.20938628198601,0.2731297712060819,-4.55699491222139,15,2252
2252,1656,34.28860743717253,0.2488749490974927,-0.7697434972750585,16,2253
2253,1656,36.36766041716759,0.2283421751815825,2.902719777793571,17,2254
2254,1656,38.44651321900168,0.2105088763291476,6.443465194823606,18,2255
2255,1656,40.52594055607595,0.1945907058797247,9.839616722448037,19,2256
2256,1656,42.60470640615125,0.1799567059317716,13.076003251060843,20,2257
2257,1656,44.68338759588601,0.1660086768601253,16.13862047312039,21,2258
2258,1656,46.76315959211416,0.1520858400695721,19.007029491207785,22,2259
2259,1656,48.84185450294024,0.1373167165901346,21.63785179823009,23,2260
2260,1656,50.921138524962124,0.1201923639562583,23.94529786657622,24,2261
2261,1656,53.00014665154514,0.0975781295848647,25.7010236698794,25,2262
