,particle_id,r,phi,z,layer_id,hit_id
1094,636,3.1007480271322776,1.9279722276862927,-2.343259633674691,1,1095
1095,636,3.0994538899955013,2.3757800770450697,-5.043812272743523,1,1096
1096,636,3.10006765188233,-2.165451908168771,-4.677103495466099,1,1097
1097,636,5.180869291480658,-1.829790310993616,-4.210724117261229,2,1098
1098,636,7.260616112816395,-1.6966643895938878,-3.71572719356341,3,1099
1099,636,9.339548035799371,-1.6219454378922806,-3.188501392493684,4,1100
1100,636,11.41878143624012,-1.573007923579799,-2.634226914798795,5,1101
1101,636,13.496219195973673,-1.5379727338859828,-2.0586500020157743,6,1102
1102,636,15.57714076300376,-1.511293766047168,-1.4645579748262705,7,1103
1103,636,17.65696622164756,-1.4901570916324642,-0.8567417663570396,8,1104
1104,636,19.7340511417454,-1.4728919829771274,-0.2386441049672996,9,1105
1105,636,21.814882117848185,-1.4584037059060917,0.389183980515476,10,1106
1106,636,23.891795346335684,-1.4460604565285615,1.0222789507569914,11,1107
1107,636,25.97363786094192,-1.4353393124233844,1.661442393402453,12,1108
1108,636,28.052705980489225,-1.4259472363003385,2.3026192368140954,13,1109
1109,636,30.12978544944224,-1.4176310967902954,2.9445068944871338,14,1110
1110,636,32.21088093941219,-1.4101840406836512,3.5875513549231144,15,1111
1111,636,34.29102584525338,-1.4034843820780003,4.228908049915912,16,1112
1112,636,36.36974141566856,-1.3974220913919944,4.867206561607318,17,1113
1113,636,38.447105537343695,-1.3919083574262263,5.50132108290093,18,1114
1114,636,40.52797143949818,-1.3868607559149135,6.13162530557511,19,1115
1115,636,42.60482777409104,-1.382240151253792,6.754792068912149,20,1116
1116,636,44.687664449391,-1.377977644385499,7.372789720272348,21,1117
1117,636,46.765052229842745,-1.3740575996831472,7.981237189858426,22,1118
1118,636,48.843206195071055,-1.3704343468095503,8.581019326926707,23,1119
1119,636,50.92426970517453,-1.3670771518298188,9.171786206988468,24,1120
1120,636,53.00156491824674,-1.3639730207465004,9.750719979349611,25,1121
