,particle_id,r,phi,z,layer_id,hit_id
47,349,3.1000590121225367,-2.760170072798097,-4.566559574130727,1,48
48,349,5.180158689868692,-2.8719167982032627,-6.822082877822259,2,49
49,349,7.258341722182141,-2.941979078527367,-8.640147647223596,3,50
50,349,9.33754003927454,-2.986175404287004,-10.146398295164088,4,51
51,349,11.41782412147605,-3.012831794472026,-11.41415314696098,5,52
52,349,13.496514656894384,-3.026623359942448,-12.487392982880865,6,53
53,349,15.575700159331053,-3.030396166032095,-13.39666065841649,7,54
54,349,17.65482542442616,-3.025962621385385,-14.161329613849214,8,55
55,349,19.73440674210424,-3.014600685529816,-14.795456777344183,9,56
56,349,21.812595228996454,-2.9973439723099222,-15.309211640117976,10,57
57,349,23.89307716705039,-2.9750845016363723,-15.712604145584292,11,58
58,349,25.97138468085349,-2.9487953633714827,-16.013683322748836,12,59
59,349,28.050546509383526,-2.9194012968924308,-16.222416196942977,13,60
60,349,30.12999942475185,-2.8878821098135985,-16.34883796542459,14,61
61,349,32.20855740880042,-2.8551944927359267,-16.40358266306226,15,62
62,349,34.28820518499288,-2.8221504543382854,-16.397365316283416,16,63
63,349,36.36841676602797,-2.7894623177251887,-16.340218957471734,17,64
64,349,38.447593647842616,-2.7577002186526247,-16.24127751251999,18,65
65,349,40.52523152417092,-2.727260633594728,-16.108430637833145,19,66
66,349,42.60463840527398,-2.6983529322945388,-15.947933200052674,20,67
67,349,44.68402900444498,-2.6711559607624857,-15.765125022591564,21,68
68,349,46.76450413542421,-2.645730663885751,-15.56405290257632,22,69
69,349,48.84246569541688,-2.622138983507517,-15.348337129913734,23,70
70,349,50.92179138657488,-2.600320359382593,-15.120119087105252,24,71
71,349,53.00176499922558,-2.580249637344604,-14.88142721213537,25,72
