,particle_id,r,phi,z,layer_id,hit_id
4,97,3.1007693997082404,-2.9816986064031976,0.3780885140652856,1,5
5,97,5.180935897779304,-2.9835857674324617,0.5024004315541333,2,6
6,97,7.258953824515791,-2.984982647730968,0.5306155684857667,3,7
7,97,9.340077512719295,-2.985980226788951,0.4672312297829528,4,8
8,97,11.417930235125564,-2.9866404620815645,0.3157474153781201,5,9
9,97,13.49775463263849,-2.9870151475686177,0.078350258430037,6,10
10,97,15.575708462184934,-2.9871427034982174,-0.2426181759317338,7,11
11,97,17.655738500932348,-2.987054855147316,-0.6462825874266649,8,12
12,97,19.7339814306478,-2.986777520942158,-1.13072125441605,9,13
13,97,21.81391975586945,-2.986331748214173,-1.6957811217624297,10,14
14,97,23.89353300097036,-2.985735940698776,-2.3402094998211607,11,15
15,97,25.971367050270366,-2.985006192924544,-3.062789607785836,12,16
16,97,28.053286766362483,-2.9841535626682263,-3.865151801261781,13,17
17,97,30.13209093709733,-2.983192475324066,-4.744120832047029,14,18
18,97,32.21107574645965,-2.9821317288102813,-5.700539315790914,15,19
19,97,34.290455975588,-2.9809800205539863,-6.734207477106354,16,20
20,97,36.36715233793979,-2.979746973228492,-7.843183358018594,17,21
21,97,38.448848006365736,-2.978434751350657,-9.03145210295941,18,22
22,97,40.525690637363454,-2.977055584475588,-10.29318621807094,19,23
23,97,42.60564631328173,-2.975609569407829,-11.632947359827,20,24
24,97,44.68609481854018,-2.9741029877656944,-13.049090763673892,21,25
25,97,46.76442348509179,-2.972541798733676,-14.53961929409203,22,26
26,97,48.84517432690809,-2.970925986208836,-16.10770149918112,23,27
27,97,50.92213921730753,-2.969263250682641,-17.748502743520834,24,28
28,97,53.003325615143645,-2.9675494377452747,-19.468314194037774,25,29
