,particle_id,r,phi,z,layer_id,hit_id
1744,913,3.101244406654975,-1.2579175275091157,-2.0380696572525423,1,1745
1745,913,5.181217240437629,-1.2652786407198655,-3.4849958007346515,2,1746
1746,913,7.260550700548351,-1.272705682430043,-4.992227361513688,3,1747
1747,913,9.339342861178674,-1.280230234582237,-6.556921083100811,4,1748
1748,913,11.417714776813904,-1.287885298792523,-8.176325864545806,5,1749
1749,913,13.498619619505764,-1.2957163502739804,-9.850041109230332,6,1750
1750,913,15.576472142958195,-1.3037386897320586,-11.570758329028468,7,1751
1751,913,17.65416713055809,-1.3120017839301523,-13.337910143877505,8,1752
1752,913,19.73447508328215,-1.3205587207567329,-15.150980252449685,9,1753
1753,913,21.814477206146087,-1.3294428770857958,-17.004390838668783,10,1754
1754,913,23.893986513841966,-1.3387018590108126,-18.89464145355454,11,1755
1755,913,25.972721267852187,-1.3483867765744793,-20.81786785497801,12,1756
1756,913,28.0503036030072,-1.3585525501813145,-22.76976654337516,13,1757
1757,913,30.131515278140043,-1.3692860237109523,-24.75054397700325,14,1758
1758,913,32.2103946663277,-1.380625106097091,-26.7496971800822,15,1759
1759,913,34.28886101995287,-1.3926531506603026,-28.76355566044408,16,1760
1760,913,36.36862507633086,-1.4054609575501549,-30.787557214467625,17,1761
1761,913,38.44631782715462,-1.4191140664204862,-32.81130962996237,18,1762
1762,913,40.52601450844339,-1.4337321519727158,-34.83062641563131,19,1763
1763,913,42.60448735916579,-1.4493913025085694,-36.83302447525533,20,1764
1764,913,44.68352517828272,-1.4662066611249711,-38.80954038110644,21,1765
1765,913,46.76280855022012,-1.4842799634012265,-40.7476847742507,22,1766
1766,913,48.842487588954526,-1.5037145624993478,-42.63385362655126,23,1767
1767,913,50.92118795359869,-1.5245910359382728,-44.45157309893599,24,1768
1768,913,53.00057164253034,-1.5470055942479806,-46.18568008115035,25,1769
