,particle_id,r,phi,z,layer_id,hit_id
2971,1576,3.1003470321295445,-0.9728011550494818,1.1623341216784429,1,2972
2972,1576,5.181230639384306,-0.9868848388125584,1.9013654704337029,2,2973
2973,1576,7.260114466967902,-1.000372983178018,2.60658587078876,3,2974
2974,1576,9.338529910441483,-1.0133017990213509,3.2784996208765733,4,2975
2975,1576,11.418153171381087,-1.0257012447257805,3.9175981737833183,5,2976
2976,1576,13.497962381926,-1.0375795084287731,4.523547025909377,6,2977
2977,1576,15.576938540818,-1.0489410675694444,5.096127604591379,7,2978
2978,1576,17.656769096272562,-1.0598005500731362,5.635921425335402,8,2979
2979,1576,19.733569326683885,-1.0701392242916947,6.142148284322266,9,2980
2980,1576,21.81421099149544,-1.0799869604916534,6.616705688226579,10,2981
2981,1576,23.89176526263083,-1.0893015712096947,7.058308505080651,11,2982
2982,1576,25.972515088509923,-1.0980965111481389,7.468683172000729,12,2983
2983,1576,28.051697574588804,-1.1063301915213204,7.847335711016731,13,2984
2984,1576,30.12953526556018,-1.1139768577664766,8.194956326785155,14,2985
2985,1576,32.210799664667846,-1.121017209135624,8.51299872504436,15,2986
2986,1576,34.2895076214914,-1.127385135900483,8.801365805100291,16,2987
2987,1576,36.36673161369846,-1.1330291307390354,9.061284260972965,17,2988
2988,1576,38.44740338115133,-1.1378910896926926,9.294512799309166,18,2989
2989,1576,40.52603675942119,-1.1418704774751125,9.501812144537054,19,2990
2990,1576,42.60562494637818,-1.1448667797578915,9.685170526129236,20,2991
2991,1576,44.683613421388216,-1.1467459195859293,9.846357355094446,21,2992
2992,1576,46.76294523099708,-1.147351117342854,9.987963179327634,22,2993
2993,1576,48.84334736275394,-1.1464868856831492,10.112727530214682,23,2994
2994,1576,50.92220892560045,-1.143925141224153,10.223764386267186,24,2995
2995,1576,53.00104452133894,-1.13940044190422,10.324907061215113,25,2996
