,particle_id,r,phi,z,layer_id,hit_id
1798,1213,3.1007202993191667,-2.2951281308250047,0.9504077899733973,1,1799
1799,1213,5.180312704087586,-2.27848346439539,1.7827092238518745,2,1800
1800,1213,7.258605960950192,-2.261155178888924,2.7835494362552,3,1801
1801,1213,9.33884155030133,-2.242990188094523,3.96765360768266,4,1802
1802,1213,11.417804723385544,-2.223864055814425,5.348690348045409,5,1803
1803,1213,13.49759276154996,-2.20357171388107,6.946242622454026,6,1804
1804,1213,15.575758784851043,-2.1819081896353087,8.779975514441158,7,1805
1805,1213,17.655781532828165,-2.1585505583147,10.878845407238146,8,1806
1806,1213,19.733666306066592,-2.1331847004684925,13.26948717776928,9,1807
1807,1213,21.81346973123727,-2.1053075746773726,15.99283843622963,10,1808
1808,1213,23.892818433067493,-2.0743773859098544,19.0881168656164,11,1809
1809,1213,25.972324070922888,-2.0396795874129903,22.60228958487536,12,1810
1810,1213,28.05129393306999,-2.0003953045656377,26.578921668278344,13,1811
1811,1213,30.130090377141656,-1.9556524169132217,31.0483762288819,14,1812
1812,1213,32.20871739959665,-1.9048165458032933,35.99776057172309,15,1813
1813,1213,34.287894671200455,-1.8480065061825488,41.33162392221833,16,1814
1814,1213,36.366757561836735,-1.78681584050978,46.835366509195474,17,1815
1815,1213,38.44663730178412,-1.7243093896447577,52.21858712693965,18,1816
1816,1213,40.52524571191415,-1.6641839515922912,57.20782687293378,19,1817
1817,1213,42.60493752404209,-1.6091608561158872,61.657966257642926,20,1818
1818,1213,44.684026510165495,-1.560700171987793,65.53402645097079,21,1819
1819,1213,46.76317195478531,-1.5191289935297183,68.87651764063234,22,1820
1820,1213,48.842439268214925,-1.4842339137867482,71.749585494044,23,1821
1821,1213,50.92139088907509,-1.4556185076646644,74.217467773303,24,1822
1822,1213,53.00101725983424,-1.4328786333454273,76.33728025076543,25,1823
