,particle_id,r,phi,z,layer_id,hit_id
1405,699,3.1025345957644705,-0.2805527133558748,1.6628979430693462,1,1406
1406,699,5.179665722155408,-0.2934435435401599,2.890052493244056,2,1407
1407,699,7.259710512760796,-0.3075837172249239,4.2252068279155,3,1408
1408,699,9.337959061463849,-0.3231892742219328,5.681358423772473,4,1409
1409,699,11.416916793779286,-0.340601150151252,7.280082052109591,5,1410
1410,699,13.495907536478525,-0.3602477165314418,9.046289093926896,6,1411
1411,699,15.576413534016892,-0.3827430058153701,11.014464842537135,7,1412
1412,699,17.654194875929484,-0.4088883700189623,13.224419307418133,8,1413
1413,699,19.73499380065632,-0.4400192175407032,15.742799384610876,9,1414
1414,699,21.81303331599936,-0.4780114554541174,18.64807494158624,10,1415
1415,699,23.892572180914915,-0.5261696585198118,22.06986150050792,11,1416
1416,699,25.97084688353249,-0.5900771543385647,26.18270537186493,12,1417
1417,699,28.05027748983571,-0.6799523596441501,31.211707725357805,13,1418
1418,699,30.129760796631075,-0.8108849892567861,37.15191156047316,14,1419
1419,699,32.20870894094083,-0.9842468000809528,42.81617997505926,15,1420
1420,699,34.287764289463304,-1.1634216975270677,46.17297952338034,16,1421
1421,699,36.36703416536096,-1.321466513347841,46.783276288692655,17,1422
1422,699,38.44648058655713,-1.4589052356441563,45.063850518694885,18,1423
1423,699,40.52531305977426,-1.5827162508741952,41.22532740038972,19,1424
1424,699,42.60444958851336,-1.6993620670419227,35.19878969119092,20,1425
1425,699,44.68357193183776,-1.8138417443417552,26.772310770310803,21,1426
1426,699,46.76310821687332,-1.9289658636837423,15.880124606151462,22,1427
1427,699,48.84205401934111,-2.042664426699069,3.2346181237841947,23,1428
1428,699,50.92118783146288,-2.1468528247797773,-9.28198963767435,24,1429
1429,699,53.0003830809603,-2.233039835940541,-19.608009857718443,25,1430
