,particle_id,r,phi,z,layer_id,hit_id
4531,1841,3.100540764547844,1.30572875141346,0.1831877283874625,1,4532
4532,1841,5.181337383633485,1.3054321105528426,0.2806699821216369,2,4533
4533,1841,7.259114670458291,1.3047726385933085,0.3608451808167885,3,4534
4534,1841,9.34054321460006,1.3038001830586683,0.4261086753245813,4,4535
4535,1841,11.420057687268775,1.3025568201678193,0.4779992371424519,5,4536
4536,1841,13.496794708247492,1.3010747175511823,0.5179520180617594,6,4537
4537,1841,15.578543597855669,1.2993718579362483,0.5472635749789774,7,4538
4538,1841,17.655097709382964,1.2974751126106772,0.5667525431069613,8,4539
4539,1841,19.735769828460523,1.295390356579369,0.5773097568942411,9,4540
4540,1841,21.81503284326897,1.2931334390252145,0.5795428401665141,10,4541
4541,1841,23.895317470749905,1.2907094362317342,0.5739859799038989,11,4542
4542,1841,25.97143614530249,1.2881297719158715,0.5610860875434085,12,4543
4543,1841,28.05385151613006,1.2853838114487726,0.5410788953923849,13,4544
4544,1841,30.129567318125225,1.282489065904877,0.5143007898381065,14,4545
4545,1841,32.20877223081477,1.2794297657493217,0.4807435686938248,15,4546
4546,1841,34.28961560228092,1.2762037743046728,0.4404117694942577,16,4547
4547,1841,36.369823873313706,1.2728076943159754,0.3932256341209772,17,4548
4548,1841,38.446605627709005,1.2692369503882448,0.3390148570945719,18,4549
4549,1841,40.52745401944481,1.2654655628415967,0.2771652074102526,19,4550
4550,1841,42.60749417774386,1.2614847912711438,0.2071894089107999,20,4551
4551,1841,44.684251095968605,1.2572777379881537,0.128327884053899,21,4552
4552,1841,46.76365073704247,1.252803426904396,0.0391546817557468,22,4553
4553,1841,48.841764765787,1.2480317399819318,-0.0618404766741349,23,4554
4554,1841,50.923852156687744,1.2428984115282318,-0.1772793393628013,24,4555
4555,1841,53.0001932134988,1.2373569735965086,-0.3099404788880271,25,4556
