,particle_id,r,phi,z,layer_id,hit_id
1271,681,3.1000185620566074,0.0914484694697892,-3.4451355390850367,1,1272
1272,681,5.179468674479096,0.156999428480025,-6.651757932657894,2,1273
1273,681,7.258543682674899,0.2387807659390309,-11.11464844592098,3,1274
1274,681,9.337582306509065,0.3761774943886065,-19.154795647704265,4,1275
1275,681,9.337256046054996,0.602688506332126,-30.49530502953501,4,1276
1276,681,7.257987211257481,0.9194014574161958,-38.75265138980538,3,1277
1277,681,7.2583667371003555,2.485061701548223,-50.49057684396716,3,1278
1278,681,9.338714280248263,2.706364693516796,-52.55016524339497,4,1279
1279,681,11.417647874369754,2.8287143054227823,-54.18622667067521,5,1280
1280,681,13.49670831895565,2.90713013257725,-55.61756676180738,6,1281
1281,681,15.57642476407429,2.96121038733551,-56.92420429382897,7,1282
1282,681,17.65517072936412,3.000131499644038,-58.14610073027603,8,1283
1283,681,19.733374064693017,3.0289408847303414,-59.30839691715005,9,1284
1284,681,21.812652142945105,3.0506860697974347,-60.42834023526392,10,1285
1285,681,23.893264467695133,3.067328731970864,-61.51712759177735,11,1286
1286,681,25.971824301569026,3.080207014922411,-62.580327521734446,12,1287
1287,681,28.051514715720003,3.090342676582707,-63.62374009347667,13,1288
1288,681,30.13070170885325,3.098504229827088,-64.64763027649168,14,1289
1289,681,32.20974687772881,3.105341766388348,-65.64987676771267,15,1290
1290,681,34.28888125093528,3.111442417420439,-66.62396394920447,16,1291
1291,681,36.3668265750591,3.1173915390105127,-67.5565157914678,17,1292
1292,681,38.44709411557479,3.123872045021499,-68.42633924682198,18,1293
1293,681,40.52573272245124,3.13176266116614,-69.19124293085511,19,1294
1294,681,42.60455945566488,-3.140721169703446,-69.77504361654105,20,1295
1295,681,44.68387130823119,-3.124534958491197,-70.01120114824677,21,1296
1296,681,46.76266242871923,-3.096068997639864,-69.43808042433727,22,1297
1297,681,48.84186041476751,-3.0243893157060566,-65.75392248841807,23,1298
1298,681,50.92103794817132,-2.845330094219889,-50.901786279531535,24,1299
1299,681,53.00000442711785,-2.806097254829239,-44.1238400931816,25,1300
