,particle_id,r,phi,z,layer_id,hit_id
519,382,3.1003093875956016,-2.712496880975426,2.1277868644658566,1,520
520,382,5.179678171336515,-2.518440819663039,4.375881018756113,2,521
521,382,7.258639266132249,-2.119849784871626,8.070548290487947,3,522
522,382,9.338076270935828,-1.6477815726472913,11.48394348320519,4,523
523,382,11.417662095813892,-1.3656585844818665,13.42867295247173,5,524
524,382,13.496243073200302,-1.1850942211999376,14.750392043225284,6,525
525,382,15.575656733421006,-1.0568223484203076,15.760457075480996,7,526
526,382,17.655485465814944,-0.959554383528984,16.577453375873667,8,527
527,382,19.73519346185444,-0.8824796585741049,17.258684337353436,9,528
528,382,21.81484617666801,-0.8194184257642733,17.83661214892448,10,529
529,382,23.893642005252044,-0.7665722481923668,18.33134050422249,11,530
530,382,25.97300063653421,-0.7213984871034388,18.75687598977221,12,531
531,382,28.05268256956828,-0.6821839003424132,19.12285169879657,13,532
532,382,30.129443754727856,-0.647751114915556,19.436021202943024,14,533
533,382,32.21145195991333,-0.6170665176909345,19.703090859063863,15,534
534,382,34.28989303841637,-0.5895820015739165,19.92725714290673,16,535
535,382,36.368447690864485,-0.564715071455518,20.1125562949099,17,536
536,382,38.449326711624586,-0.5420302736356256,20.262020414656085,18,537
537,382,40.52869423776763,-0.5212407512906517,20.37776772748282,19,538
538,382,42.60738591841247,-0.5020682529647759,20.461927792263506,20,539
539,382,44.687138174666,-0.4842781880759788,20.51628546790993,21,540
540,382,46.76250881506277,-0.4677326270806423,20.54223629690933,22,541
541,382,48.844281689814046,-0.4521947373661825,20.54113572148733,23,542
542,382,50.92389547910289,-0.4376022661956994,20.51398822648365,24,543
543,382,53.00088336812269,-0.4238447283877604,20.461815535454768,25,544
