,particle_id,r,phi,z,layer_id,hit_id
3118,1268,3.1000598603475464,0.4510865711840941,-1.846822553670336,1,3119
3119,1268,5.180167602651424,0.360631631238237,-2.6932861935024164,2,3120
3120,1268,7.258807192979897,0.2832804407458554,-3.2572514398691865,3,3121
3121,1268,9.33880615464282,0.2184670205147449,-3.589973236192044,4,3122
3122,1268,11.418622659857824,0.1645814054533893,-3.739089247917427,5,3123
3123,1268,13.496234850590453,0.1197783212067569,-3.743747366554622,6,3124
3124,1268,15.57627770822624,0.0822741320837542,-3.633733469572654,7,3125
3125,1268,17.655162409200287,0.0507545552537245,-3.431452165970491,8,3126
3126,1268,19.734512932528965,0.0240890303547458,-3.1535280141944426,9,3127
3127,1268,21.814288382308828,0.0014126037301916,-2.81257569064568,10,3128
3128,1268,23.891844909790205,-0.0179338562777343,-2.418775195543517,11,3129
3129,1268,25.97215263725825,-0.0345367756600291,-1.9786567873933123,12,3130
3130,1268,28.051258015657844,-0.0487933779788981,-1.498866734662499,13,3131
3131,1268,30.129283992467617,-0.0610556839140033,-0.9840659803141064,14,3132
3132,1268,32.21066127735945,-0.0716293835609272,-0.4367835682480177,15,3133
3133,1268,34.28904617556745,-0.0807132692357136,0.1383828710003953,16,3134
3134,1268,36.36776176034991,-0.0885159750100741,0.7399500866634838,17,3135
3135,1268,38.447923536064735,-0.0951995959487772,1.3664008368419047,18,3136
3136,1268,40.52810351345648,-0.100892423500269,2.0158468948058683,19,3137
3137,1268,42.60727001910399,-0.1057056433910453,2.686792582653162,20,3138
3138,1268,44.68474023673362,-0.1097356423546033,3.3780958543675794,21,3139
3139,1268,46.76336415358852,-0.1130706926790539,4.090055492388704,22,3140
3140,1268,48.84305624786436,-0.1157806015929275,4.822241465305538,23,3141
3141,1268,50.9239094545684,-0.1179260731370508,5.57447137198162,24,3142
3142,1268,53.0028898979058,-0.1195577465426879,6.345561509553619,25,3143
