,particle_id,r,phi,z,layer_id,hit_id
105,385,3.100321707197,-0.993264158244269,0.892894316340076,1,106
106,385,5.183177900139768,-0.9922966062258338,1.485735077092755,2,107
107,385,7.262093991514962,-0.9914620136772624,2.072733910301068,3,108
108,385,9.338867832596664,-0.9907568247503564,2.655103987749527,4,109
109,385,11.419669794672652,-0.9901775621495164,3.2351840094282664,5,110
110,385,13.49779043409449,-0.989725347334072,3.811649396478103,6,111
111,385,15.575097472774615,-0.9893992653588052,4.385517074199697,7,112
112,385,17.657706855136976,-0.9891992640294188,4.958911227415115,8,113
113,385,19.734489047123407,-0.9891275717528312,5.529163391108284,9,114
114,385,21.815653048663368,-0.9891856630121724,6.099432786626934,10,115
115,385,23.89416069464813,-0.9893762649212052,6.668105456429444,11,116
116,385,25.971369820108265,-0.9897027609950004,7.235836500492425,12,117
117,385,28.05256112834206,-0.9901708756681395,7.804318044452245,13,118
118,385,30.130196420785463,-0.9907846942104832,8.371710883783678,14,119
119,385,32.20894044950313,-0.991552362344923,8.939481397868278,15,120
120,385,34.28883702482596,-0.9924826932282036,9.507807659826298,16,121
121,385,36.36943526232247,-0.9935860680326624,10.076707420642848,17,122
122,385,38.445839333782175,-0.994871974849626,10.644956142841266,18,123
123,385,40.52799603433001,-0.9963620534674136,11.215366625411718,19,124
124,385,42.60557243493693,-0.99806770647576,11.785172238227249,20,125
125,385,44.68610940037885,-1.000017879898319,12.356475808741308,21,126
126,385,46.76441100559979,-1.0022364894635067,12.927854603824729,22,127
127,385,48.8441680224441,-1.0047636246498366,13.500289436758138,23,128
128,385,50.9228483396974,-1.0076430515154922,14.073004181973772,24,129
129,385,53.00115861364791,-1.0109370189490887,14.646053641392868,25,130
