,particle_id,r,phi,z,layer_id,hit_id
1215,747,3.100720457429171,0.2456113390435853,-4.456788318542863,1,1216
1216,747,5.179702179525067,0.3575047906996958,-7.267310004784036,2,1217
1217,747,7.259115345174049,0.4510039035227492,-9.87897719328646,3,1218
1218,747,9.338653818774684,0.530566892697453,-12.288942082830076,4,1219
1219,747,11.41770255574443,0.5993820388685773,-14.507040836036351,5,1220
1220,747,13.495841159620197,0.6597338947257624,-16.547180401308907,6,1221
1221,747,15.575050417435046,0.7133371077876637,-18.425662123837085,7,1222
1222,747,17.654769191205997,0.761396323435762,-20.15515270526056,8,1223
1223,747,19.734442952840272,0.8048235160492698,-21.74711258563985,9,1224
1224,747,21.813819061992195,0.8443280401501686,-23.211933695163097,10,1225
1225,747,23.89174865129833,0.8804516090773341,-24.55818215010584,11,1226
1226,747,25.971626537733524,0.9136974495713108,-25.796046919321256,12,1227
1227,747,28.050203696995137,0.944371733728246,-26.930504051284657,13,1228
1228,747,30.12977394122955,0.9728027298152564,-27.96883779495421,14,1229
1229,747,32.209156806938815,0.9992153295336133,-28.915546709608208,15,1230
1230,747,34.28766061652479,1.0238034799947289,-29.774730778592044,16,1231
1231,747,36.36709383557736,1.046756490644973,-30.55072995365872,17,1232
1232,747,38.44686227615048,1.068206767366114,-31.24611325452355,18,1233
1233,747,40.52586615875806,1.0882604014326185,-31.86266559928981,19,1234
1234,747,42.60436027490155,1.1070174667637345,-32.4018786894957,20,1235
1235,747,44.68552388017998,1.124582336217703,-32.864924759811856,21,1236
1236,747,46.763596885019645,1.1409661041712456,-33.24996593332385,22,1237
1237,747,48.84259230776771,1.1562424811074634,-33.55595027358044,23,1238
1238,747,50.92113186852357,1.1704191683440797,-33.77889623722275,24,1239
1239,747,53.00179754231508,1.183501942178679,-33.91248165453186,25,1240
