,particle_id,r,phi,z,layer_id,hit_id
2448,1386,3.100961281922435,1.0704257495918683,-3.1504401089400087,1,2449
2449,1386,5.180110948834039,1.05550381447975,-5.361533302361815,2,2450
2450,1386,7.258374359343501,1.0402556741849165,-7.6561603338306785,3,2451
2451,1386,9.339409838169926,1.024551823146437,-10.043586240904505,4,2452
2452,1386,11.418804563704851,1.0083142173324195,-12.524508357893954,5,2453
2453,1386,13.49616901185337,0.9914245966122094,-15.104492980513475,6,2454
2454,1386,15.576612473594816,0.9737023603331234,-17.796873104159946,7,2455
2455,1386,17.654625565280405,0.955035987824664,-20.602047319844907,8,2456
2456,1386,19.733873983455023,0.9352108660080232,-23.53279230168779,9,2457
2457,1386,21.813394917604025,0.9140229636336846,-26.59596994026155,10,2458
2458,1386,23.89175563827346,0.8912417350264366,-29.7970349919044,11,2459
2459,1386,25.97193925074133,0.8665498222041285,-33.14679162172409,12,2460
2460,1386,28.05002502416508,0.8396742402943127,-36.64157612407576,13,2461
2461,1386,30.13053669299868,0.8102107237380205,-40.28489607291138,14,2462
2462,1386,32.2087895638958,0.7778886622139086,-44.05211040089564,15,2463
2463,1386,34.28786894808463,0.7424058707517881,-47.91146963036627,16,2464
2464,1386,36.36777947099846,0.7037101509635081,-51.79383475819595,17,2465
2465,1386,38.4458435814627,0.6622031242901794,-55.58175735244792,18,2466
2466,1386,40.52538062318022,0.6187587518156981,-59.12146217488307,19,2467
2467,1386,42.60475681011528,0.5749891978135154,-62.21529619316659,20,2468
2468,1386,44.68338674570904,0.5328905204717778,-64.6629742088814,21,2469
2469,1386,46.76251422820888,0.4943512249935325,-66.28954425332506,22,2470
2470,1386,48.84232532502472,0.4607602182127244,-66.94182292708825,23,2471
2471,1386,50.92113917164573,0.432761462818782,-66.44493165057708,24,2472
2472,1386,53.00002171009624,0.4100376214681522,-64.46251825649335,25,2473
