,particle_id,r,phi,z,layer_id,hit_id
150,269,3.100698733530686,-1.0804642432823794,2.780049336682886,1,151
151,269,5.180031739493946,-1.2643992914427893,3.721650509184567,2,152
152,269,7.258976880516134,-1.368965551519487,4.411052561734255,3,153
153,269,9.337932373458068,-1.4385340851544903,4.964810524187271,4,154
154,269,11.41854380563442,-1.489325788689427,5.433268737471774,5,155
155,269,13.497914571654968,-1.5286612405805375,5.842185012818636,6,156
156,269,15.577248689534535,-1.5604726286028574,6.207702243798099,7,157
157,269,17.656628611316062,-1.5870308984343495,6.540185082153069,8,158
158,269,19.7357046167212,-1.6097533794703596,6.846765795033367,9,159
159,269,21.814056125064365,-1.6295779657207503,7.132614299552504,10,160
160,269,23.89408914314796,-1.647176050694722,7.401973372391222,11,161
161,269,25.973462256879788,-1.6629921495523023,7.657564548230315,12,162
162,269,28.05252448811624,-1.6773738870720136,7.901842501987648,13,163
163,269,30.13068798857908,-1.6905782000757157,8.136681821453973,14,164
164,269,32.20903947326681,-1.7028133169817568,8.363791830603194,15,165
165,269,34.290094745867755,-1.71425046887683,8.584744412349405,16,166
166,269,36.36723499957875,-1.7249805872203288,8.799938511156665,17,167
167,269,38.44820651536236,-1.7351468808844617,9.011103184370956,18,168
168,269,40.52768664328437,-1.744807355660093,9.218475927339345,19,169
169,269,42.60772889660274,-1.7540428973178988,9.42293238903407,20,170
170,269,44.68367089142711,-1.762893713473972,9.624589250603028,21,171
171,269,46.7654787336036,-1.7714531940046958,9.8248957962825,22,172
172,269,48.84177301817677,-1.779718806834448,10.023164847803908,23,173
173,269,50.92294400516712,-1.7877710063012526,10.220731794877748,24,174
174,269,53.00136308424971,-1.7956144384904396,10.417151448569664,25,175
