,particle_id,r,phi,z,layer_id,hit_id
1135,804,3.1021372354597725,1.6483700755231798,0.5846672541420936,1,1136
1136,804,5.179889851873664,1.662552376095081,0.866842883774325,2,1137
1137,804,7.258334296761733,1.675882096174368,1.0799265661856197,3,1138
1138,804,9.337651541887126,1.6885101243263163,1.2357309031955437,4,1139
1139,804,11.418962050155336,1.7005564507587048,1.3436644818091867,5,1140
1140,804,13.49684990643255,1.7120794260387835,1.4111618750078048,6,1141
1141,804,15.57737254339786,1.723183880058003,1.444820699982909,7,1142
1142,804,17.655481878893575,1.733900188490202,1.4499452202997016,8,1143
1143,804,19.733854087817623,1.744289960529434,1.4312277481926312,9,1144
1144,804,21.812949817149928,1.754394703075462,1.392708467901267,10,1145
1145,804,23.8940789547345,1.7642536151677108,1.3379360644373808,11,1146
1146,804,25.97209472234125,1.7738710227839578,1.2703038755302494,12,1147
1147,804,28.05300553568504,1.783299436140463,1.1925834800801225,13,1148
1148,804,30.132521394887764,1.7925407003293474,1.107663194708893,14,1149
1149,804,32.210214663917064,1.8016122275290392,1.0181373451426587,15,1150
1150,804,34.28962676977952,1.810546274891541,0.9262827997814114,16,1151
1151,804,36.36713298832122,1.8193422942858173,0.8345900267915969,17,1152
1152,804,38.44664943296931,1.828030417878345,0.7451553671457205,18,1153
1153,804,40.52848078018221,1.836623925567781,0.6602135573065464,19,1154
1154,804,42.60551412764448,1.8451049560007824,0.582274113839766,20,1155
1155,804,44.685528390325686,1.8535158679592247,0.5132872612282107,21,1156
1156,804,46.7650853862818,1.8618523775475824,0.4556837029168221,22,1157
1157,804,48.84437809266923,1.870124487829656,0.41183085030449,23,1158
1158,804,50.92345674711082,1.8783411448388028,0.3842107979123454,24,1159
1159,804,53.00217935070518,1.8865101702712448,0.3754509867007876,25,1160
