,particle_id,r,phi,z,layer_id,hit_id
1195,1198,3.1001889189761043,-2.249155351888796,-7.822859395477831,1,1196
1196,1198,5.17942927991625,-2.6473046933041413,-3.951635126033026,2,1197
1197,1198,7.258873184748719,-2.8980407737478617,0.4673391708318348,3,1198
1198,1198,9.338651897176728,-3.0507079366717345,4.373459255079872,4,1199
1199,1198,11.417237405289391,3.1307097497738114,7.850392376096892,5,1200
1200,1198,13.496780937095568,3.057937962235365,11.002288253715662,6,1201
1201,1198,15.57616539778309,3.00336369745957,13.893501023240525,7,1202
1202,1198,17.655771676319493,2.9609964566756104,16.568446063945494,8,1203
1203,1198,19.73433236420404,2.927286052110298,19.05603003752777,9,1204
1204,1198,21.814065363570244,2.8999269978638136,21.38090742974643,10,1205
1205,1198,23.893660235293297,2.877424755162856,23.557987710199107,11,1206
1206,1198,25.972174557742346,2.8587323769736,25.59910040148074,12,1207
1207,1198,28.05131514410181,2.8430776333649286,27.51593131960385,13,1208
1208,1198,30.129343483340715,2.829916064397499,29.314857169236447,14,1209
1209,1198,32.20942076308279,2.818809244726911,31.00492920315384,15,1210
1210,1198,34.289333154420554,2.8094489704274306,32.58936576750969,16,1211
1211,1198,36.368126689415696,2.8015861321945925,34.07170222431439,17,1212
1212,1198,38.44587777445699,2.7950192088300168,35.45547535556072,18,1213
1213,1198,40.52604682216667,2.789579169619328,36.74550437248442,19,1214
1214,1198,42.60499296030358,2.7851478571070825,37.94142640669567,20,1215
1215,1198,44.68460139042162,2.781616159003069,39.04576542232611,21,1216
1216,1198,46.76445590674821,2.778899770284048,40.05910254731738,22,1217
1217,1198,48.84172897379088,2.776930972940933,40.98055519913116,23,1218
1218,1198,50.92134383047221,2.775647479586352,41.81214900464855,24,1219
1219,1198,53.00046446849856,2.775004961784108,42.55192749910263,25,1220
