,particle_id,r,phi,z,layer_id,hit_id
362,598,3.1004957579536296,-2.802782397869637,-0.9226049504389326,1,363
363,598,5.179552715892249,-2.9097864863446774,-1.663874752738475,2,364
364,598,7.258421762951269,-3.0264088909013767,-2.5123445015453703,3,365
365,598,9.33830301145532,3.136144232185752,-3.4548375070098194,4,366
366,598,11.417147122848746,3.0184381247124645,-4.459408556149231,5,367
367,598,13.49683655466256,2.9087510606338265,-5.491930455334254,6,368
368,598,15.576348401100631,2.8095431427630264,-6.524400561131415,7,369
369,598,17.654391547887105,2.7210720400831527,-7.538981112102744,8,370
370,598,19.73417070762873,2.642284101793809,-8.52783476940991,9,371
371,598,21.81315889198376,2.571986218653673,-9.484974952067624,10,372
372,598,23.89335961562044,2.508814315659387,-10.408933541290049,11,373
373,598,25.972369766271697,2.45168541024661,-11.297366341320526,12,374
374,598,28.05052410311882,2.399602737634355,-12.149625337851926,13,375
375,598,30.130992535844538,2.351678915418944,-12.966233439868214,14,376
376,598,32.20921727998536,2.3073501130718026,-13.74461654973319,15,377
377,598,34.28835709847942,2.2659943936693967,-14.485107281677664,16,378
378,598,36.36682070678064,2.227188509805775,-15.18613208741514,17,379
379,598,38.446073108677744,2.190526230060168,-15.847078750622234,18,380
380,598,40.526165952163744,2.1556910734094696,-16.466734663051852,19,381
381,598,42.60540869408253,2.1224422956355498,-17.043370826032596,20,382
382,598,44.68434718425671,2.090539924875656,-17.575943808820504,21,383
383,598,46.76336504889263,2.0597787596211274,-18.06336890277105,22,384
384,598,48.84237530856712,2.029984948270317,-18.50452682584612,23,385
385,598,50.92250722031246,2.000985551369166,-18.898681196278268,24,386
386,598,53.00159508965603,1.972665458384238,-19.24472242348766,25,387
