,particle_id,r,phi,z,layer_id,hit_id
178,279,3.101340388071029,2.7946348911531445,-0.18896716962184,1,179
179,279,5.18057364519844,2.797563182386988,-0.2241136484235966,2,180
180,279,7.260745406305602,2.7999604481677234,-0.191225758207274,3,181
181,279,9.33837321386574,2.8018907359738767,-0.0938177495560665,4,182
182,279,11.417603550182791,2.803407625023937,0.0657246135410147,5,183
183,279,13.498416190465502,2.804546246241503,0.2856561550339265,6,184
184,279,15.575870121569055,2.805330136052278,0.564015125811089,7,185
185,279,17.65459949049555,2.805779115304982,0.9003987402824833,8,186
186,279,19.73385667732752,2.8059032818213634,1.2941868385372075,9,187
187,279,21.81317577556171,2.8057071870779,1.7450550771339266,10,188
188,279,23.89221744677232,2.805190147183824,2.2529414725064854,11,189
189,279,25.973569471098447,2.804344985575285,2.818840820883615,12,190
190,279,28.050778603345,2.8031633617088727,3.441443047641357,13,191
191,279,30.13174760387384,2.801623762522992,4.123855496142987,14,192
192,279,32.20927426374445,2.7997080584702645,4.86471033005413,15,193
193,279,34.28981662468571,2.797379711161308,5.667500179406495,16,194
194,279,36.36755358414485,2.794605866282013,6.531417733181463,17,195
195,279,38.44655341546172,2.791331628493502,7.459735908072659,18,196
196,279,40.52636185068541,2.787493535962657,8.454209766612479,19,197
197,279,42.6045829178349,2.783015604247623,9.515702860706972,20,198
198,279,44.683675442564194,2.777789128007905,10.647613281304302,21,199
199,279,46.764598262898105,2.7716750096445475,11.85279749281834,22,200
200,279,48.843697246824426,2.7645051808308074,13.13112463221256,23,201
201,279,50.92210080339608,2.7560364105131403,14.484469308999568,24,202
202,279,53.000038327278105,2.745935083700038,15.912640329792382,25,203
