,particle_id,r,phi,z,layer_id,hit_id
716,597,3.1025074879908496,-0.2257496987160478,-1.6535573744947896,1,717
717,597,5.180612438514346,-0.2110409542613935,-2.858578114969662,2,718
718,597,7.258876926955194,-0.1958786077407149,-4.147984385994789,3,719
719,597,9.338090344430292,-0.1801009226524646,-5.529205444010473,4,720
720,597,11.417379398056488,-0.1635337498918404,-7.010365396561464,5,721
721,597,13.496133533674149,-0.1459670788764784,-8.60179412805945,6,722
722,597,15.575419478263829,-0.12712795181647,-10.317812467110578,7,723
723,597,17.654599096948065,-0.1066897259831529,-12.174849531298442,8,724
724,597,19.73431971642175,-0.0842178333397128,-14.194768541703551,9,725
725,597,21.81275683369263,-0.0591716334333542,-16.40228362253555,10,726
726,597,23.89275202534036,-0.0307668435439187,-18.833313271122364,11,727
727,597,25.972022928868032,0.0019695832754529,-21.524216105707108,12,728
728,597,28.05088986927105,0.0403429806089766,-24.515690503294355,13,729
729,597,30.12959278998934,0.0858766979832089,-27.83321268935227,14,730
730,597,32.20894119686959,0.1397694781681959,-31.442130764698323,15,731
731,597,34.288037999448505,0.2012733281362952,-35.160171352281395,16,732
732,597,36.366827646619406,0.2659031203588229,-38.62309659569112,17,733
733,597,38.44593412243991,0.326734156236818,-41.448364309721136,18,734
734,597,40.52583910602868,0.3787847884161919,-43.46102511926107,19,735
735,597,42.60424319517823,0.4206990155935102,-44.69108568971718,20,736
736,597,44.68444245919229,0.4534341354238499,-45.25101550349362,21,737
737,597,46.76254799747821,0.4784747403664151,-45.25070762181194,22,738
738,597,48.842181787366286,0.49737646330398,-44.779409681876096,23,739
739,597,50.92086986798186,0.5113913349755087,-43.904338725067646,24,740
740,597,53.00125477088383,0.5215676047746601,-42.67346504569787,25,741
