,particle_id,r,phi,z,layer_id,hit_id
4568,2239,3.100237029215484,2.308590192205515,0.011977706357598,1,4569
4569,2239,5.179283869202325,2.203890928763589,0.354428890796413,2,4570
4570,2239,7.258928986485796,2.12488152762794,1.173261960407153,3,4571
4571,2239,9.33781630005307,2.06283586937672,2.505624173055139,4,4572
4572,2239,11.417646939160344,2.012427065266761,4.389345708186752,5,4573
4573,2239,13.496807769468072,1.9705151495959856,6.884371601900625,6,4574
4574,2239,15.5756332298084,1.9351800915792865,10.093675176083806,7,4575
4575,2239,17.654985366441625,1.9053881595166224,14.190985066869937,8,4576
4576,2239,19.733828370093565,1.8809791723672853,19.47601789900225,9,4577
4577,2239,21.81260079565332,1.8631303145470068,26.54052498575957,10,4578
4578,2239,23.89220003529558,1.8570945859761512,36.842572312674406,11,4579
4579,2239,25.970955821831065,1.898441265934778,56.745624521723215,12,4580
4580,2239,28.05032678458477,2.2020100658414385,91.38752627535938,13,4581
4581,2239,30.12944040162604,2.360881690824895,99.09858963424304,14,4582
4582,2239,32.20848265635749,2.460075120588144,102.10266326236471,15,4583
4583,2239,34.28829986541647,2.5324019725657907,103.30166861805162,16,4584
4584,2239,36.368010830570526,2.5885632372416,103.4702427058017,17,4585
4585,2239,38.44709473223164,2.633699105174764,102.93922406085112,18,4586
4586,2239,40.525421002676346,2.67076155597716,101.88532832618628,19,4587
4587,2239,42.60461811217855,2.701651128260461,100.41597688721724,20,4588
4588,2239,44.683701549333065,2.727624961488569,98.60556816059076,21,4589
4589,2239,46.76338987921744,2.7496027138972168,96.50814240064464,22,4590
4590,2239,48.84194961979892,2.768243907136297,94.16884900027726,23,4591
4591,2239,50.92241565926452,2.7840909893136314,91.6202596763637,24,4592
4592,2239,53.001185407886894,2.797520048737031,88.89807194290108,25,4593
