,particle_id,r,phi,z,layer_id,hit_id
1275,538,3.100460498540245,0.0785593582464413,2.24264231591448,1,1276
1276,538,5.179587354321131,0.1081582216303543,3.7078840213179367,2,1277
1277,538,7.258996534370389,0.140824818761322,5.144043702544996,3,1278
1278,538,9.338152005945634,0.1770487837984117,6.549894738920759,4,1279
1279,538,11.418276403377408,0.2174292922999093,7.92272376330995,5,1280
1280,538,13.497252511915145,0.2625658622132917,9.254125276577716,6,1281
1281,538,15.57629510648781,0.3131454112304691,10.533314934398238,7,1282
1282,538,17.65479599732348,0.3697428156274191,11.742597045843963,8,1283
1283,538,19.733453149345177,0.4327218478982767,12.85861921441598,9,1284
1284,538,21.812777118900307,0.5019562175632505,13.852254992057189,10,1285
1285,538,23.892326767813387,0.5765547254644185,14.6920357978791,11,1286
1286,538,25.97088701862395,0.6547901439821548,15.351217612086868,12,1287
1287,538,28.050657391986988,0.7345215161343217,15.815834764186484,13,1288
1288,538,30.130596971174025,0.813455517695878,16.085549684706937,14,1289
1289,538,32.209363755961384,0.8897382615313069,16.172569200453005,15,1290
1290,538,34.28879986544761,0.9623000794504558,16.095687478792442,16,1291
1291,538,36.36701258442741,1.0305609023543447,15.874655972650435,17,1292
1292,538,38.44638125128239,1.0945400623735224,15.526440820751455,18,1293
1293,538,40.52639407370528,1.154444361377136,15.064239937877293,19,1294
1294,538,42.60461421030806,1.2105971769339052,14.497537071187296,20,1295
1295,538,44.68492403054744,1.2635825813957298,13.829539346727763,21,1296
1296,538,46.76397839487841,1.313853129875984,13.060604014647025,22,1297
1297,538,48.84237143644376,1.3620365126058884,12.183915882547764,23,1298
1298,538,50.92093939956183,1.4088946247581609,11.183441477962942,24,1299
1299,538,53.000213292459584,1.4554862097056165,10.026641707039216,25,1300
