,particle_id,r,phi,z,layer_id,hit_id
2018,664,3.100400986193076,0.5694292587432191,3.077210859568929,1,2019
2019,664,5.179736714628158,0.58289374792313,4.858190621740121,2,2020
2020,664,7.258385721241713,0.5959136445935344,6.368479054392203,3,2021
2021,664,9.337951390487468,0.608065234061402,7.500817025774829,4,2022
2022,664,11.416675690855945,0.6148541796015426,7.630682242947962,5,2023
2023,664,11.416534191368823,0.597710473567002,6.158854705793935,5,2024
2024,664,9.336860593889517,0.518577224084511,3.0018127022031607,4,2025
2025,664,7.257378168107621,0.4002702149665984,0.7517258653548424,3,2026
2026,664,5.1789733460205065,0.1719057046486012,-1.2947593707374914,2,2027
2027,664,5.180247590548595,-1.6292649390371583,-6.167990959116715,2,2028
2028,664,7.2595299093129375,-1.871631847062377,-7.205910458275351,3,2029
2029,664,9.33776394862576,-2.0100119744422367,-7.926218910430197,4,2030
2030,664,11.417343233670485,-2.1136226256784503,-8.358949637896693,5,2031
2031,664,13.496053045920316,-2.20915508957308,-8.432921446369054,6,2032
2032,664,15.57550881434498,-2.3192404434982463,-7.945711945890725,7,2033
2033,664,17.654399009962958,-2.494623032589392,-6.245276008402218,8,2034
2034,664,19.733527393011155,-2.89522587311892,-1.6067138712082532,9,2035
2035,664,21.812677272192147,3.0543271156274665,1.81566575370789,10,2036
2036,664,23.89169699674992,2.857660831100192,3.676569471660145,11,2037
2037,664,25.97233973385068,2.7190522797170904,4.942848865518677,12,2038
2038,664,28.050826454831725,2.6125483921198653,5.889974189022759,13,2039
2039,664,30.12941289049364,2.526457012073106,6.6318328464209415,14,2040
2040,664,32.21018722440006,2.454533616152759,7.225793373082475,15,2041
2041,664,34.288352809144406,2.3932037275413056,7.70355194823221,16,2042
2042,664,36.36924498056154,2.339863978566158,8.087396654466325,17,2043
2043,664,38.44725812259498,2.2929682703708814,8.390641579688705,18,2044
2044,664,40.52686698058404,2.2511909021730245,8.624315540136209,19,2045
2045,664,42.60615742009037,2.213667173458881,8.795844766172884,20,2046
2046,664,44.684217026841154,2.179715162248866,8.911178859539945,21,2047
2047,664,46.763791546706784,2.1487484051432872,8.975199507153498,22,2048
2048,664,48.84251254934738,2.120372386850452,8.991668695908366,23,2049
2049,664,50.92406596421071,2.094191389714568,8.963762170748403,24,2050
2050,664,53.00106842702363,2.070010709323195,8.894343411581033,25,2051
