,particle_id,r,phi,z,layer_id,hit_id
5,107,3.100113489962192,-0.2660016569497425,-6.349598218337633,1,6
6,107,5.179547995158797,-0.1948159305106148,-11.06804609269292,2,7
7,107,7.258810556865322,-0.1114184963944552,-16.141278116583692,3,8
8,107,9.338705633468988,-0.0150673381600214,-21.479074118350663,4,9
9,107,11.417414257458487,0.0919295663927028,-26.874945150901578,5,10
10,107,13.497195643119127,0.20379904331691,-32.05442486294574,6,11
11,107,15.576361416513624,0.313002380919,-36.76884019111949,7,12
12,107,17.65484145285377,0.4139362321857296,-40.90329637984984,8,13
13,107,19.73509768920588,0.5042866159914291,-44.46670457308103,9,14
14,107,21.81281046682159,0.5837849167968824,-47.51573656828256,10,15
15,107,23.89219870888099,0.6536136291087866,-50.13403761605724,11,16
16,107,25.971808479172363,0.7150413337026454,-52.38941705827671,12,17
17,107,28.05074271050956,0.7693343492271669,-54.338940849581206,13,18
18,107,30.12928514544384,0.8176324512725524,-56.02917726572945,14,19
19,107,32.21100189801554,0.8609526494385676,-57.49890972635934,15,20
20,107,34.28795128247991,0.8999122667083452,-58.771463544274376,16,21
21,107,36.369547145143095,0.93532649801199,-59.875511579314605,17,22
22,107,38.44844191272156,0.9675881983642934,-60.825286646970255,18,23
23,107,40.52505306801697,0.9971449509700064,-61.63640685688498,19,24
24,107,42.60514030175207,1.024433399301348,-62.3232180045519,20,25
25,107,44.68343292203893,1.0496792555169152,-62.89392188374819,21,26
26,107,46.76553362308557,1.0731984719441057,-63.35832721237545,22,27
27,107,48.84480321343491,1.0951266389506944,-63.721945596189705,23,28
28,107,50.92192065169525,1.115656401449781,-63.99120050414084,24,29
29,107,53.00181754381948,1.1349901481787452,-64.17172568838623,25,30
