,particle_id,r,phi,z,layer_id,hit_id
3847,2102,3.101348419509834,0.7197699135955398,-3.0306413492011184,1,3848
3848,2102,5.181106662444245,0.7335705192118404,-5.027011841196288,2,3849
3849,2102,7.259927641248379,0.74711505651229,-6.991731959524714,3,3850
3850,2102,9.338103039271813,0.7603979615695324,-8.92380912675328,4,3851
3851,2102,11.419565893865062,0.7734381639172626,-10.82578864165477,5,3852
3852,2102,13.498358805667896,0.7861943764213358,-12.691393407730123,6,3853
3853,2102,15.575293694918544,0.7986702919989831,-14.52085100212974,7,3854
3854,2102,17.654934976601147,0.8108924991932229,-16.31772987571277,8,3855
3855,2102,19.73502730236824,0.8228477925242611,-18.07972984719735,9,3856
3856,2102,21.81328401330633,0.8345251282643245,-19.80481630280592,10,3857
3857,2102,23.894765708755312,0.8459555239059559,-21.497141105871503,11,3858
3858,2102,25.973658774747328,0.857110656730214,-23.15205003187056,12,3859
3859,2102,28.051485043467807,0.8680038481521054,-24.771021912496124,13,3860
3860,2102,30.129885402498235,0.878648892055098,-26.355592991518325,14,3861
3861,2102,32.21059740453841,0.8890598101637942,-27.90731903805533,15,3862
3862,2102,34.287725830734225,0.8992134097281572,-29.42218421103166,16,3863
3863,2102,36.36686248259215,0.9091437494893632,-30.904689920773937,17,3864
3864,2102,38.4459481086342,0.918847422286604,-32.353730168277664,18,3865
3865,2102,40.52678208272811,0.9283395692068918,-33.770946034784274,19,3866
3866,2102,42.60724273410237,0.9376175235635807,-35.15529717688216,20,3867
3867,2102,44.68514657378783,0.9466793831314684,-36.50583840758288,21,3868
3868,2102,46.766126003397744,0.9555571810762602,-37.82665404916178,22,3869
3869,2102,48.84395698148128,0.9642320394119702,-39.11422014992033,23,3870
3870,2102,50.92413089181177,0.9727347956538313,-40.37236774722932,24,3871
3871,2102,53.00024172013709,0.9810473965062744,-41.59764878290005,25,3872
