,particle_id,r,phi,z,layer_id,hit_id
4287,1771,3.100908494205986,0.0232208899274166,-0.3861622895647656,1,4288
4288,1771,5.179443081044914,0.1168111078793734,-0.6706012714797538,2,4289
4289,1771,7.258620090815401,0.225500518422262,-0.9058213193416832,3,4290
4290,1771,9.3381848948077,0.344694139730028,-1.0107174086579676,4,4291
4291,1771,11.41716000963839,0.4655250931606152,-0.920227889843261,5,4292
4292,1771,13.496899254126973,0.5793461583277257,-0.6164488032162723,6,4293
4293,1771,15.575762801203563,0.6812404708443929,-0.1233388696923043,7,4294
4294,1771,17.654362707495963,0.7702756834173315,0.5198495137078538,8,4295
4295,1771,19.73462057953807,0.8475939243377483,1.2763851284971253,9,4296
4296,1771,21.81404906446373,0.9148157907971798,2.115006576926902,10,4297
4297,1771,23.89218419712348,0.9736521034240548,3.011763051787952,11,4298
4298,1771,25.971628642938903,1.0256601510918908,3.9493002718566856,12,4299
4299,1771,28.05086143376181,1.0720169482991586,4.912197996944499,13,4300
4300,1771,30.1303151552437,1.1137165860027574,5.888533119565807,14,4301
4301,1771,32.20981141508833,1.1515444292357662,6.868017706374403,15,4302
4302,1771,34.28764258883881,1.1861077702552825,7.841077014613148,16,4303
4303,1771,36.36829787109679,1.2179913639769595,8.802123642954044,17,4304
4304,1771,38.44736491605946,1.2475416578430762,9.74229790834491,18,4305
4305,1771,40.52573498593389,1.2751155825264335,10.655943893212807,19,4306
4306,1771,42.60528659552977,1.3010178574530846,11.53838135732508,20,4307
4307,1771,44.68413521773832,1.3254567664504855,12.383816458966734,21,4308
4308,1771,46.76304401857922,1.348635551995623,13.188037984121763,22,4309
4309,1771,48.84306148316139,1.3707271277502813,13.947262143259564,23,4310
4310,1771,50.923052783082255,1.3918551824915748,14.657220199009744,24,4311
4311,1771,53.00179512411398,1.412123462534426,15.314013044762689,25,4312
