,particle_id,r,phi,z,layer_id,hit_id
226,544,3.100046859566968,0.4060132130677817,6.591416457720264,1,227
227,544,5.179490578193655,0.5169757923103991,11.8389176124388,2,228
228,544,7.2587526453548605,0.6418752354094225,18.07045028665074,3,229
229,544,9.337625715791887,0.80115834998246,26.01703842113008,4,230
230,544,11.416846910607266,1.0782370487710546,38.21192961988598,5,231
231,544,13.495873001375072,1.6880155823615637,56.375550412415215,6,232
232,544,15.5752932527348,2.0512540078833794,64.30018572739253,7,233
233,544,17.65500377122062,2.2612650198301703,68.64388857297624,8,234
234,544,19.73452350356961,2.407607931697854,71.6955444657088,9,235
235,544,21.81294039976059,2.5186953298503254,74.05119894660075,10,236
236,544,23.89303059449913,2.607477303052592,75.95510939671665,11,237
237,544,25.97242298378579,2.680776239406409,77.5264745863022,12,238
238,544,28.05189899929603,2.742823353980694,78.83587584638158,13,239
239,544,30.130086892696298,2.796317406871942,79.92618046053894,14,240
240,544,32.2100681285432,2.843212503840411,80.82760370152128,15,241
241,544,34.28804160214674,2.8847667090568474,81.55803256733859,16,242
242,544,36.36676175392843,2.922033289588778,82.132076899201,17,243
243,544,38.4471318349585,2.955776905579772,82.55899977497478,18,244
244,544,40.52696657529263,2.986547238270512,82.84439200465772,19,245
245,544,42.605100490565725,3.0147977953570737,82.99201643404689,20,246
246,544,44.68569195182442,3.040961109049214,83.00374164703187,21,247
247,544,46.76326844940722,3.0652794508629984,82.87941287841242,22,248
248,544,48.84385065249957,3.0880841945849555,82.6167472699878,23,249
249,544,50.92301933811351,3.1095485997264505,82.21243414242261,24,250
250,544,53.00193943534575,3.129882529230858,81.66074320517937,25,251
