,particle_id,r,phi,z,layer_id,hit_id
2929,1388,3.1004124033662994,-0.1246614215513649,3.662778074162304,1,2930
2930,1388,5.17940459305687,0.0513276844003313,7.213604892623337,2,2931
2931,1388,7.259320685308279,0.174955391598502,10.860575491209488,3,2932
2932,1388,9.338613838594004,0.2658757660342065,14.44552363135788,4,2933
2933,1388,11.417393994730658,0.3361238297087408,17.936280935958052,5,2934
2934,1388,13.497501118085465,0.3927189159137725,21.33515723897279,6,2935
2935,1388,15.575908246943428,0.4397807000724313,24.64417555856832,7,2936
2936,1388,17.654382982999923,0.4800216408525214,27.87425312276327,8,2937
2937,1388,19.73437162176252,0.515232652379027,31.03478270783197,9,2938
2938,1388,21.813710193454945,0.5466007800366532,34.12846510268554,10,2939
2939,1388,23.893610216151952,0.575026508588365,37.16193166521198,11,2940
2940,1388,25.972888793082863,0.601148404926578,40.13717054939435,12,2941
2941,1388,28.050839595952155,0.6254613263362069,43.05595519288855,13,2942
2942,1388,30.130933715642968,0.6483999993991224,45.92491651512145,14,2943
2943,1388,32.2090074375506,0.6702390874748161,48.739224419864726,15,2944
2944,1388,34.288413130455545,0.6912834251909359,51.50350751041023,16,2945
2945,1388,36.36838242271869,0.7117576917108893,54.21585347875046,17,2946
2946,1388,38.44590931910664,0.7318430805351862,56.87064205197602,18,2947
2947,1388,40.52664815405624,0.7517915876356631,59.47221003025291,19,2948
2948,1388,42.60434219570784,0.7717368632714376,62.00859302901485,20,2949
2949,1388,44.684832868149904,0.7919348482238291,64.48120623982649,21,2950
2950,1388,46.76351278281528,0.8125570895170061,66.87677374545032,22,2951
2951,1388,48.84200111635892,0.8338646491049887,69.18682126952825,23,2952
2952,1388,50.922413871327066,0.8561737283964955,71.39940223454482,24,2953
2953,1388,53.00034032109919,0.8798038653013834,73.49036298776933,25,2954
