,particle_id,r,phi,z,layer_id,hit_id
85,263,3.102318750803149,1.5160141220121048,0.3421127612331531,1,86
86,263,5.181428136173439,1.5200445746659628,0.4007974371923097,2,87
87,263,7.260350162846975,1.5237043115737643,0.3273344964123765,3,88
88,263,9.338614307205152,1.5270081410250638,0.1254441906194188,4,89
89,263,11.419030986320834,1.529975183223213,-0.2020997189525104,5,90
90,263,13.49626142607654,1.532612269542869,-0.651645838844658,6,91
91,263,15.57674696281464,1.5349406983463765,-1.2223430682603578,7,92
92,263,17.655631235169487,1.536966537602818,-1.9112285095363435,8,93
93,263,19.734040479771327,1.538701843541354,-2.717202550108169,9,94
94,263,21.81328618999148,1.5401567114002124,-3.639992302825405,10,95
95,263,23.891773641342883,1.541337592081872,-4.678576792878545,11,96
96,263,25.97091952797786,1.5422513541913387,-5.833842277555306,12,97
97,263,28.052093725914546,1.5429025322716974,-7.107492532546004,13,98
98,263,30.130532096911747,1.543292535406266,-8.49782882248384,14,99
99,263,32.21028755652773,1.543423371651586,-10.00932287308634,15,100
100,263,34.28913315650853,1.5432938759390396,-11.642934888099475,16,101
101,263,36.3674533678762,1.542901219954094,-13.402121772209988,17,102
102,263,38.44799552620342,1.5422390828874923,-15.29349498018052,18,103
103,263,40.52703409114954,1.541300266839178,-17.31884467346459,19,104
104,263,42.605803354246255,1.5400730596851089,-19.48546723994066,20,105
105,263,44.68439441367118,1.5385420390160731,-21.80107763117608,21,106
106,263,46.76416159370376,1.5366855874678471,-24.27669830598181,22,107
107,263,48.84200320711433,1.5344799929058206,-26.920135351881363,23,108
108,263,50.92270747900972,1.5318849515561592,-29.75205010766291,24,109
109,263,53.000266131761045,1.5288619091823006,-32.78245374228221,25,110
