,particle_id,r,phi,z,layer_id,hit_id
217,402,3.1001886544700072,-0.0642034575431375,3.154416949029029,1,218
218,402,5.180298904902332,-0.0403214201794653,5.255226379561949,2,219
219,402,7.2596740276744915,-0.0198379062732358,7.343283360326363,3,220
220,402,9.338605589205484,-0.0022196954166014,9.417743077766763,4,221
221,402,11.41747303277488,0.0128709958988026,11.476556655483192,5,222
222,402,13.49594090211319,0.0255901349134625,13.51504814337415,6,223
223,402,15.575895792188032,0.0358950188956529,15.527024918008756,7,224
224,402,17.65519229586113,0.0433717397349952,17.49408079719178,8,225
225,402,19.7337111200181,0.0467925705286441,19.37685139992314,9,226
226,402,21.812995357675216,0.0417658834452843,21.042567135160443,10,227
227,402,23.8922874550802,-0.5373384012892838,-3.136160279376868,11,228
228,402,25.971118360776355,-0.6354528854659646,-10.170113745584285,12,229
229,402,28.05051248832994,-0.6897495224104926,-15.55132427551953,13,230
230,402,30.12936967713729,-0.723491139113109,-20.15094575535976,14,231
231,402,32.208458042433506,-0.745095606784633,-24.250865822522563,15,232
232,402,34.28752602782544,-0.758824224313365,-27.978893934652145,16,233
233,402,36.36723634803167,-0.7672079792481857,-31.40586719243015,17,234
234,402,38.44747713163685,-0.7718808687846574,-34.57334924546033,18,235
235,402,40.52635255402644,-0.7739624325698881,-37.505475435850784,19,236
236,402,42.60498787156647,-0.7742555715390657,-40.22187274862204,20,237
237,402,44.68504860546177,-0.7733465957094404,-42.73632732965563,21,238
238,402,46.76260104263634,-0.7716809704497952,-45.051701321453066,22,239
239,402,48.84192802135718,-0.7695990169678943,-47.17692040513477,23,240
240,402,50.9219653024177,-0.7673750640870968,-49.1116419083964,24,241
241,402,53.002083518588414,-0.7652358963856999,-50.85345604508429,25,242
