,particle_id,r,phi,z,layer_id,hit_id
1623,1010,3.101031235184636,-2.792917778811983,3.5680922961522867,1,1624
1624,1010,5.179182095281051,-2.865634242219555,5.366695967668555,2,1625
1625,1010,7.259055764746674,-2.958321675200689,6.495232248320523,3,1626
1626,1010,9.338151831650473,-3.079714547024327,6.671046227006695,4,1627
1627,1010,11.416758255978708,3.047570596709265,5.567041853234979,5,1628
1628,1010,13.496345031997707,2.870329481195784,3.1788254666858577,6,1629
1629,1010,15.575418391929574,2.7026466467431502,0.0767551826906256,7,1630
1630,1010,17.655187105605616,2.561915381658787,-3.170682075431568,8,1631
1631,1010,19.73343996871989,2.448280270680659,-6.320863628959163,9,1632
1632,1010,21.81281440329024,2.356337105715209,-9.32263457770178,10,1633
1633,1010,23.89322726980856,2.281092125744362,-12.178098643490696,11,1634
1634,1010,25.97165442858453,2.218819578526848,-14.898430782481226,12,1635
1635,1010,28.05003652687734,2.1666725057337684,-17.501726208874082,13,1636
1636,1010,30.12980490286506,2.1226217766245656,-20.00218495014199,14,1637
1637,1010,32.209743308738865,2.0852419828123083,-22.407537730426856,15,1638
1638,1010,34.2879388025152,2.05348870354956,-24.72201186415389,16,1639
1639,1010,36.36723389294936,2.026527786160778,-26.95244894190452,17,1640
1640,1010,38.44742630142024,2.00379604092116,-29.099560491129623,18,1641
1641,1010,40.525446617416605,1.9849255415451204,-31.1586032208585,19,1642
1642,1010,42.60482254058319,1.9696380388936423,-33.12831715388327,20,1643
1643,1010,44.68500810153866,1.9578526937386933,-34.99911080403215,21,1644
1644,1010,46.76295752181161,1.949673241460828,-36.75341085842456,22,1645
1645,1010,48.84203623025587,1.945430648662116,-38.36932627082898,23,1646
1646,1010,50.92212590484015,1.94592978824864,-39.80309145165549,24,1647
1647,1010,53.00076120146875,1.9529750164673616,-40.9673527282088,25,1648
