,particle_id,r,phi,z,layer_id,hit_id
63,172,3.100116854503627,-2.531345865477588,0.8273691382731962,1,64
64,172,5.179615452435922,-2.63162101990908,2.444392865624362,2,65
65,172,7.258396846161077,-2.72089945062778,5.257778543523049,3,66
66,172,7.257972893992099,3.0019957633828827,19.6868825027578,3,67
67,172,7.258698197800676,2.035436877035945,24.691563664061395,3,68
68,172,9.33804435253316,1.7070963824899987,26.18538675630144,4,69
69,172,11.417850105425348,1.54875823831012,27.09885640066184,5,70
70,172,13.497595585395464,1.4506754688041317,27.790125212304808,6,71
71,172,15.575815510468894,1.3835302532566172,28.347494629107214,7,72
72,172,17.65550089662472,1.3347379444750214,28.81046488321815,8,73
73,172,19.73503352605244,1.297922788183887,29.19999527903991,9,74
74,172,21.81402515711973,1.2693822845343914,29.529595114985927,10,75
75,172,23.89190872195725,1.246815603803239,29.80857253490912,11,76
76,172,25.972301799894552,1.2286764920078623,30.044186221949225,12,77
77,172,28.05077109992134,1.213968613484191,30.241101967634105,13,78
78,172,30.13257492509972,1.201920473850742,30.40385057818687,14,79
79,172,32.21170315597491,1.192030434672953,30.53519822632134,15,80
80,172,34.29061812068743,1.1838809348120416,30.63800519014856,16,81
81,172,36.36968302878013,1.177164791865528,30.714457177311427,17,82
82,172,38.44651994051834,1.171651134357431,30.766294226712944,18,83
83,172,40.52729116557042,1.167138754976923,30.795127570729928,19,84
84,172,42.60731043250236,1.1634917568428875,30.802074867161423,20,85
85,172,44.68617752387965,1.160590358802593,30.788186356346884,21,86
86,172,46.76394732954214,1.1583365580088285,30.7543328033633,22,87
87,172,48.84525924248119,1.1566471054045395,30.701083214825605,23,88
88,172,50.92261411328895,1.1554626802950967,30.6291727484396,24,89
89,172,53.00126169586681,1.1547252769179672,30.53886683222056,25,90
