,particle_id,r,phi,z,layer_id,hit_id
217,358,3.100784596524437,2.1077911643194702,3.271638689119598,1,218
218,358,5.1796278133043385,2.124547398458581,8.80032051011141,2,219
219,358,5.178896454201936,2.5499034768977578,37.73270900788023,2,220
220,358,5.1792564133759,-2.8260511349462,54.064185888698304,2,221
221,358,7.2588068803526,-2.427309165935375,62.41418808886668,3,222
222,358,9.337887381235468,-2.2692594729529656,67.87155666498771,4,223
223,358,11.418243505037374,-2.182623554206767,72.3599442736029,5,224
224,358,13.497130979066975,-2.129957029096372,76.25904305249297,6,225
225,358,15.575396656453602,-2.096586285855764,79.72355079599828,7,226
226,358,17.655901059277326,-2.075464971545688,82.83386377988661,8,227
227,358,19.73365282415174,-2.0628567248716143,85.62431128478957,9,228
228,358,21.81282405144106,-2.056549148271894,88.12306336024331,10,229
229,358,23.891706837455995,-2.0552737942040435,90.33657127463016,11,230
230,358,25.971960327243305,-2.0583235029329767,92.26337071789312,12,231
231,358,28.051515963504585,-2.0654110870253843,93.88554350059192,13,232
232,358,30.12985999334476,-2.076639650827765,95.16993063210744,14,233
233,358,32.209335259946954,-2.092632827456421,96.05659221697152,15,234
234,358,34.28797169064238,-2.1148543526529675,96.42801046863433,16,235
235,358,36.36699502619879,-2.1468762463062085,96.03071096503476,17,236
236,358,38.44607704158164,-2.200420687092304,94.07832060054012,18,237
237,358,38.44540436290821,-2.517078500653159,75.28128640707558,18,238
238,358,36.36629539529228,-2.6883975900839943,65.7977319103393,17,239
239,358,34.28749933375561,-2.882787465792412,56.52086979939303,16,240
240,358,32.20827362563773,2.999201631624507,40.94390717729168,15,241
241,358,32.20835877011112,2.904285340183679,37.68074433913331,15,242
242,358,34.28780762163265,2.533234459614591,25.37436521325498,16,243
243,358,36.36773187483093,2.3782949921818184,20.10938285710421,17,244
244,358,38.44604916027225,2.267849451570537,16.180380581441078,18,245
245,358,40.52596049728083,2.1808557395233827,12.935147654737872,19,246
246,358,42.60479277190112,2.109146639049422,10.1345894487319,20,247
247,358,44.68498502105186,2.048314274460779,7.654769922117968,21,248
248,358,46.76351693663904,1.995855118894822,5.430954692613359,22,249
249,358,48.8425452097993,1.950023474546117,3.419316837813419,23,250
250,358,50.921530057749294,1.9096835322491552,1.5951986248926424,24,251
251,358,53.00117126265654,1.8740229413680656,-0.0561064422288239,25,252
