,particle_id,r,phi,z,layer_id,hit_id
0,171,3.1007176205501423,-0.7153462329662814,-0.6659684895623492,1,1
1,171,5.181645292650243,-0.7250812327305564,-1.1019008566421284,2,2
2,171,7.260291715693709,-0.7341898289027597,-1.5269891594115776,3,3
3,171,9.339770908242846,-0.7427512572801684,-1.9406198260751992,4,4
4,171,11.417570115780238,-0.7508117703222635,-2.341072846846135,5,5
5,171,13.498051087077174,-0.7584371868369376,-2.7279632430125567,6,6
6,171,15.57626582604514,-0.7656525428150994,-3.099147486409038,7,7
7,171,17.657340956771442,-0.772513944288329,-3.454291747687148,8,8
8,171,19.73338333472844,-0.7790301967288957,-3.790798370631848,9,9
9,171,21.81327771236994,-0.7852603912985675,-4.108787693510198,10,10
10,171,23.89263674690141,-0.7912187883823044,-4.406132383451517,11,11
11,171,25.973752083601024,-0.7969375756201635,-4.681631100393357,12,12
12,171,28.05209849642941,-0.8024284538757834,-4.933070295646981,13,13
13,171,30.12972967607436,-0.8077198905920211,-5.158977611927952,14,14
14,171,32.208420852907025,-0.8128378142792889,-5.357570476548492,15,15
15,171,34.28952469902307,-0.8178059846091461,-5.526700919502687,16,16
16,171,36.36732531757912,-0.8226314769438291,-5.663427511737414,17,17
17,171,38.4485472677893,-0.8273508233522364,-5.765321900382091,18,18
18,171,40.526086715990175,-0.8319696401354356,-5.828716777761802,19,19
19,171,42.60455298182963,-0.836521597750556,-5.849904591305702,20,20
20,171,44.68373036377328,-0.8410318771900996,-5.8241216271742005,21,21
21,171,46.764373298592496,-0.8455316422344692,-5.745510510173904,22,22
22,171,48.84172321393074,-0.8500459001791967,-5.607111358742994,23,23
23,171,50.92151498889383,-0.8546311856675279,-5.399301591110721,24,24
24,171,53.00087643460572,-0.8593390452727923,-5.109939141314449,25,25
