,particle_id,r,phi,z,layer_id,hit_id
200,155,3.1012344304196087,2.7288640366676886,1.007572715541805,1,201
201,155,5.1802499090770375,2.757554378033218,1.7327629635214237,2,202
202,155,7.259408590183041,2.786872067312359,2.4845038216017272,3,203
203,155,9.33879014207579,2.816242866541298,3.252813911059171,4,204
204,155,11.416980450119215,2.845179094660298,4.028850768450241,5,205
205,155,13.495878440648903,2.8733472013012245,4.806859049124533,6,206
206,155,15.575239590957498,2.900482722645953,5.582117970938086,7,207
207,155,17.654299567101695,2.92640114081216,6.351408852833174,8,208
208,155,19.733837109888245,2.951007139658957,7.11358178896927,9,209
209,155,21.81441723140909,2.9742540593570683,7.868680320115231,10,210
210,155,23.89224570656667,2.99608738315418,8.616267866900671,11,211
211,155,25.971656596574057,3.01656538778733,9.359775682070383,12,212
212,155,28.050628768773613,3.035693835936948,10.101177288707852,13,213
213,155,30.13115996634888,3.0535241386503147,10.84467847294259,14,214
214,155,32.20847423419228,3.070052001919448,11.592861999446548,15,215
215,155,34.288062853722266,3.085353072137268,12.352882475908372,16,216
216,155,36.368196815564446,3.099434808386993,13.130357867096642,17,217
217,155,38.44612764950005,3.112290094651501,13.931750863375896,18,218
218,155,40.52604235843,3.1239376040665703,14.767865486752711,19,219
219,155,42.60574347294803,3.13433246572752,15.649305623670912,20,220
220,155,44.68430026352913,-3.1397772270056734,16.59017773163435,21,221
221,155,46.76260258616807,-3.132124028155643,17.60980190048008,22,222
222,155,48.84297152850203,-3.126061487181878,18.73501368588713,23,223
223,155,50.92107937609152,-3.121878627552773,19.999157507302307,24,224
224,155,53.00040659041705,-3.120009733953069,21.45637169374143,25,225
