,particle_id,r,phi,z,layer_id,hit_id
414,429,3.100053113164875,-0.9684828686661344,17.949047688689568,1,415
415,429,5.179411767980862,-3.0699554314533417,53.464230659971605,2,416
416,429,7.258614257588384,2.5601948862143,63.68998590290831,3,417
417,429,9.337962712758417,2.2713772472187763,69.39036553438886,4,418
418,429,11.417850311470572,2.092237649542523,73.87327699854389,5,419
419,429,13.496547377164024,1.9653065193821704,77.79269494146997,6,420
420,429,15.575275021817276,1.868067727516288,81.40872367413778,7,421
421,429,17.655001364826795,1.789509755476459,84.85866331040978,8,422
422,429,19.734942045492847,1.7234882463537204,88.22815086327691,9,423
423,429,21.812629709144893,1.6662186146984752,91.5784982554224,10,424
424,429,23.891720453021254,1.614990513969801,94.97203924060682,11,425
425,429,25.971470054046804,1.5679075446451238,98.46354936501608,12,426
426,429,28.050936158661365,1.5234165506181472,102.11435086340464,13,427
427,429,30.130049915036075,1.480038156716352,106.00381421493788,14,428
428,429,32.20943744128849,1.436092285446544,110.246401160738,15,429
429,429,34.28831733026399,1.3892434139612992,115.0245778978136,16,430
430,429,36.36703213411175,1.335112627821679,120.69754614757277,17,431
431,429,38.44618597487666,1.261410611437109,128.24072922744625,18,432
432,429,40.52502614046289,0.4402684255517159,151.0322569030846,19,433
433,429,42.60461603423198,0.2893587779583937,140.98666715165228,20,434
434,429,44.68388185933487,0.1999191774617732,128.33868128402548,21,435
435,429,46.76266675852224,0.1393551076201495,111.37288802914824,22,436
436,429,48.841793831847866,0.1021117947963138,84.06296995804934,23,437
437,429,50.9209652414628,0.2610236037689442,20.71337905830579,24,438
438,429,53.00030700112687,0.3457247392017593,21.262163450323804,25,439
