,particle_id,r,phi,z,layer_id,hit_id
421,473,3.100251393348877,-1.607968721516079,-0.7209515943154869,1,422
422,473,5.1818907091367015,-1.6215645708330717,-1.2340336616631618,2,423
423,473,7.260756685449447,-1.6349810451778075,-1.7687028085044432,3,424
424,473,9.340335420789954,-1.648243936937337,-2.325031693481826,4,425
425,473,11.41820984803692,-1.6613417672733986,-2.9016268154063383,5,426
426,473,13.497796999972037,-1.6743008084961295,-3.4987692992047528,6,427
427,473,15.576530084409177,-1.6871107402046643,-4.115139500577158,7,428
428,473,17.654670329151596,-1.699780251731697,-4.750278721954416,8,429
429,473,19.735233694295,-1.712335802492171,-5.404703166476622,9,430
430,473,21.81518502412124,-1.7247686408731404,-6.077145190762096,10,431
431,473,23.894195023297907,-1.737088330388121,-6.767242336230247,11,432
432,473,25.971665991189628,-1.7493048103524005,-7.474638536855913,12,433
433,473,28.05230606857212,-1.7614611916781768,-8.200951417796901,13,434
434,473,30.1318695621078,-1.773550696465688,-8.94484925318121,14,435
435,473,32.20856256394917,-1.7855842773984,-9.705904229076893,15,436
436,473,34.2881640807734,-1.7976204292068672,-10.486656424790674,16,437
437,473,36.36743975118952,-1.8096700783016813,-11.286521485746675,17,438
438,473,38.447637891383856,-1.821776014817139,-12.10677742911799,18,439
439,473,40.52629947304662,-1.8339668704692285,-12.94745183544655,19,440
440,473,42.604715213210994,-1.8463027160749643,-13.810290636599674,20,441
441,473,44.68466990835779,-1.858859830510961,-14.697586991072022,21,442
442,473,46.76326325013558,-1.871703705296064,-15.60995429210788,22,443
443,473,48.84378969237672,-1.884962274215884,-16.551058212954324,23,444
444,473,50.921142224189936,-1.898744700498752,-17.521163836313804,24,445
445,473,53.001515980901935,-1.91328616162424,-18.52618057699832,25,446
