,particle_id,r,phi,z,layer_id,hit_id
0,53,3.101436510757579,2.8119673489030204,-0.1709901810852336,1,1
1,53,5.1813662794807165,2.810547009902368,-0.3625195278332604,2,2
2,53,7.260932244139695,2.809493328097904,-0.6075372275855706,3,3
3,53,9.338403867978656,2.808743638759368,-0.9003683032848073,4,4
4,53,11.416998321390992,2.8082467742636585,-1.2371122828311272,5,5
5,53,13.498424924235843,2.8079628153852463,-1.6146602491369677,6,6
6,53,15.575720136144795,2.807859639889148,-2.028859064637235,7,7
7,53,17.65571261089065,2.807909373379472,-2.4787060127259863,8,8
8,53,19.7361504849738,2.808089250417447,-2.961908461676071,9,9
9,53,21.815186638939128,2.808379349707792,-3.476507820507134,10,10
10,53,23.89472951102735,2.808762856619328,-4.02178012794224,11,11
11,53,25.973593115726416,2.809224650135223,-4.596532951849209,12,12
12,53,28.0507705917454,2.8097511774204653,-5.199836042075425,13,13
13,53,30.13223082187021,2.810332164135225,-5.833137534371108,14,14
14,53,32.210259528680986,2.8109546342776666,-6.49402697684009,15,15
15,53,34.29080218452905,2.811610262064274,-7.184557902956682,16,16
16,53,36.36943141357393,2.8122881809920783,-7.903729281921603,17,17
17,53,38.44834615792733,2.812979986658721,-8.653019023732499,18,18
18,53,40.52607808640845,2.813676307743328,-9.43295606434146,19,19
19,53,42.60738205043989,2.8143698808136377,-10.24683223848102,20,20
20,53,44.68337826227122,2.815048765153287,-11.093015398244177,21,21
21,53,46.76406325607797,2.81570687156966,-11.97796771951906,22,22
22,53,48.84244182933958,2.8163320075400136,-12.901807417775736,23,23
23,53,50.92310635720645,2.8169147236573884,-13.8703965562301,24,24
24,53,53.00011335573125,2.817441369273184,-14.88573443242174,25,25
