,particle_id,r,phi,z,layer_id,hit_id
574,599,3.1016106331244284,0.7361238809662634,-0.4785407792744536,1,575
575,599,5.179190212259067,0.7517299146096976,-0.8580266929265576,2,576
576,599,7.259231957508733,0.7682822097479932,-1.268573758347756,3,577
577,599,9.338332313577435,0.7859231635928735,-1.69369725814024,4,578
578,599,11.417849854047384,0.8048289793828318,-2.116527247674007,5,579
579,599,13.496176711086164,0.8251370403346243,-2.518612435443835,6,580
580,599,15.575460363491954,0.8469957209272708,-2.8818851143105704,7,581
581,599,17.654193968250645,0.8704756533634854,-3.1883007396916128,8,582
582,599,19.73355477710503,0.895616910171282,-3.4224058141598874,9,583
583,599,21.8127339581062,0.9223624005012764,-3.5722513624298813,10,584
584,599,23.892866783226665,0.9505977039987548,-3.6313065326329337,11,585
585,599,25.971715593145586,0.980084852975522,-3.599168926700329,12,586
586,599,28.0513057399151,1.010584942170451,-3.4817399275905743,13,587
587,599,30.129467131423684,1.0417664296080338,-3.29046269631138,14,588
588,599,32.20933945513627,1.0733752594125587,-3.0401853579598352,15,589
589,599,34.2884839482586,1.10509863722948,-2.74839160610761,16,590
590,599,36.36780336120844,1.136718309676111,-2.4326668791518955,17,591
591,599,38.44728742902564,1.1680556654043717,-2.10995179288647,18,592
592,599,40.52636378493889,1.1989788870753006,-1.7957889156519895,19,593
593,599,42.60433505430359,1.229406378127041,-1.5039065140076249,20,594
594,599,44.68419662055782,1.259355254313224,-1.2457240263202465,21,595
595,599,46.76297167994258,1.2887943732759388,-1.0318048267543602,22,596
596,599,48.841941065164335,1.317786615338539,-0.8707770717280852,23,597
597,599,50.92179584388536,1.346413449924043,-0.7703276943689943,24,598
598,599,53.00093634671914,1.3747496252059357,-0.737426348924977,25,599
