,particle_id,r,phi,z,layer_id,hit_id
867,338,3.100168571884505,-0.0326221649590433,2.2002961857386154,1,868
868,338,5.179443746255951,0.0699393101706721,4.60851036530816,2,869
869,338,7.258847411164918,0.2018210486765647,8.006595785010308,3,870
870,338,9.337608030688395,0.3613476178873534,12.41629405546993,4,871
871,338,11.417338693605414,0.5261792558624111,17.40060813184391,5,872
872,338,13.495887838415896,0.6709018779171028,22.385465890380885,6,873
873,338,15.575163254378962,0.7879291472688925,27.13503980720312,7,874
874,338,17.65513424915407,0.8803746085047838,31.64818396998329,8,875
875,338,19.7339504586186,0.9532595284491454,35.98815653345883,9,876
876,338,21.812790742698176,1.010845235315612,40.2309023085316,10,877
877,338,23.89263871775912,1.0561135410329467,44.44745704514055,11,878
878,338,25.971523663566096,1.09090301494887,48.7027748370154,12,879
879,338,28.050631549481945,1.116150570802383,53.07790370189981,13,880
880,338,30.12991885292749,1.131662717036121,57.67890155827284,14,881
881,338,32.208717161916354,1.1354043963329457,62.67793181462584,15,882
882,338,34.28763396220933,1.120454066939735,68.44230138108355,16,883
883,338,36.36691280294006,1.0541626394977517,76.20044770094916,17,884
884,338,38.44612380355394,0.6770062876544009,87.2375383063557,18,885
885,338,40.52521982514645,0.4572103939565651,88.53043682047048,19,886
886,338,42.60517310064037,0.3268467634985036,88.48055722905787,20,887
887,338,44.68443843568359,0.2303133510991345,88.05997455926953,21,888
888,338,46.76365682362581,0.1527927825645831,87.45313320009245,22,889
889,338,48.84359494601958,0.0877840448935787,86.72499486337584,23,890
890,338,50.9225837807645,0.0318053892723835,85.90566813393552,24,891
891,338,53.00065853661498,-0.0173354793863387,85.01028724857045,25,892
