,particle_id,r,phi,z,layer_id,hit_id
1299,1486,3.1005100625637163,1.6175815632163453,-5.270384154083203,1,1300
1300,1486,5.179229437774148,0.4582460617648327,-25.81599649645112,2,1301
1301,1486,7.25868639301892,-0.1035492294618626,-33.6920175721749,3,1302
1302,1486,9.337696972960709,-0.3218570730348953,-38.66616992956175,4,1303
1303,1486,11.41777928428064,-0.4505260093811864,-43.0302413101512,5,1304
1304,1486,13.496034390337886,-0.5370380958667046,-47.1480836712514,6,1305
1305,1486,15.575563549578147,-0.5996089154652092,-51.1649016081792,7,1306
1306,1486,17.655523152410847,-0.646840663910669,-55.14639529931916,8,1307
1307,1486,19.73463055588953,-0.6834158428797764,-59.12542834752157,9,1308
1308,1486,21.8135495488714,-0.7121177519413602,-63.11939568087898,10,1309
1309,1486,23.892554533433945,-0.7346449931654222,-67.13007091612917,11,1310
1310,1486,25.971365167834666,-0.7520459310229826,-71.14390633685805,12,1311
1311,1486,28.0500900121278,-0.7649585352883874,-75.13265709400294,13,1312
1312,1486,30.12939943057286,-0.7737426535717495,-79.05174238589564,14,1313
1313,1486,32.20855056349531,-0.7785670345285839,-82.83494075232113,15,1314
1314,1486,34.2875274215009,-0.779503198478817,-86.3988469250073,16,1315
1315,1486,36.36748114260144,-0.7765995803986858,-89.64706474596126,17,1316
1316,1486,38.446905047126,-0.7699691764471466,-92.47266032131678,18,1317
1317,1486,40.52528149987636,-0.7598602646547513,-94.77726293569428,19,1318
1318,1486,42.60426223141282,-0.746671465207768,-96.48413676210014,20,1319
1319,1486,44.68365622605016,-0.7309537249619978,-97.54255876009056,21,1320
1320,1486,46.76252698206577,-0.7133530598371277,-97.93247209663986,22,1321
1321,1486,48.84263479239367,-0.6945040707940411,-97.65924629643774,23,1322
1322,1486,50.92191766774172,-0.6750225491067543,-96.74347571211288,24,1323
1323,1486,53.00103389968154,-0.6554106762131996,-95.21016628119553,25,1324
