,particle_id,r,phi,z,layer_id,hit_id
2029,1708,3.101288896083182,-2.129461618785841,0.1842318556715536,1,2030
2030,1708,5.179584881365103,-2.132160883959492,0.9121351233389436,2,2031
2031,1708,7.259718695915048,-2.1348020431851844,2.023558627231359,3,2032
2032,1708,9.337521445719403,-2.1379131849081325,3.4542031804217626,4,2033
2033,1708,11.417173088488603,-2.1418379980001183,5.157434761729385,5,2034
2034,1708,13.497403994976043,-2.146792829478436,7.090973516986803,6,2035
2035,1708,15.57554205302708,-2.152907087328969,9.21532324575158,7,2036
2036,1708,17.654998129110368,-2.160269594791673,11.500264903916548,8,2037
2037,1708,19.73432349258416,-2.168911614897973,13.912837625889242,9,2038
2038,1708,21.813449433985205,-2.178832067267773,16.422842996553126,10,2039
2039,1708,23.89337465102781,-2.190005430374728,19.00244046353913,11,2040
2040,1708,25.97223092190578,-2.202364307984813,21.62105097887095,12,2041
2041,1708,28.05039722919668,-2.2158294938501726,24.25165155680665,13,2042
2042,1708,30.130279211946554,-2.2303176934131206,26.87065223965193,14,2043
2043,1708,32.20872883095202,-2.245691218650097,29.44841288156972,15,2044
2044,1708,34.28768090100899,-2.261834918747424,31.9627702546434,16,2045
2045,1708,36.368322990254505,-2.278620745566746,34.39162487061543,17,2046
2046,1708,38.44712151125693,-2.295875546872722,36.70865595792903,18,2047
2047,1708,40.52612393796336,-2.313467587452916,38.89517247280544,19,2048
2048,1708,42.60502917350173,-2.3312440886348487,40.9305501989953,20,2049
2049,1708,44.68376210502164,-2.3490517136413804,42.79469849167738,21,2050
2050,1708,46.76261132353246,-2.366734769094999,44.467165193701945,22,2051
2051,1708,48.84288208600115,-2.3841325131343267,45.92586246565236,23,2052
2052,1708,50.92111915988433,-2.40101451080921,47.14081430150774,24,2053
2053,1708,53.00037180237042,-2.4171371472061343,48.07676863565716,25,2054
