,particle_id,r,phi,z,layer_id,hit_id
0,21,3.1000743587472765,1.5384443407616175,0.7421372260140764,1,1
1,21,5.17937177829103,1.5764409035741445,1.0584839448878434,2,2
2,21,7.258637321406171,1.620040971621843,1.246569730170414,3,3
3,21,9.337893996563748,1.6721047703411096,1.3173961021588916,4,4
4,21,11.417164980365785,1.7378694764481413,1.272511073857224,5,5
5,21,13.496255201052293,1.8281374199249665,1.085287410564451,6,6
6,21,15.575118788731452,1.9671601742150675,0.6315188793862276,7,7
7,21,17.654257189428563,2.185812524078435,-0.4582561888031655,8,8
8,21,19.733452776533564,2.416964927216762,-2.2610582752205417,9,9
9,21,21.813074340268283,2.588415242447397,-4.266316193093253,10,10
10,21,23.891706847414223,2.7125079658465063,-6.308200176053852,11,11
11,21,25.97126098303405,2.806413409127298,-8.38693763209131,12,12
12,21,28.05106550933004,2.8801346925607323,-10.51749585717122,13,13
13,21,30.12926135297608,2.939585173308217,-12.7114961430034,14,14
14,21,32.2092619020193,2.9886390290705367,-14.982987038468082,15,15
15,21,34.287659463227925,3.029758303175256,-17.336245820324976,16,16
16,21,36.367614118211975,3.0648157787181654,-19.78095316715052,17,17
17,21,38.44676722967979,3.095117111358466,-22.31875928355493,18,18
18,21,40.52560026394641,3.121725468866325,-24.95252103382869,19,19
19,21,42.60432433303384,-3.137678697976773,-27.681848312835072,20,20
20,21,44.6834058426826,-3.115972972554532,-30.501691660517075,21,21
21,21,46.76272952460321,-3.0956517885693096,-33.3968403437209,22,22
22,21,48.84251067470257,-3.0760141790095035,-36.333617209496985,23,23
23,21,50.92087473218179,-3.0562960345703285,-39.234012951692726,24,24
24,21,53.0003176770042,-3.035488281335438,-41.92379239479866,25,25
