,particle_id,r,phi,z,layer_id,hit_id
1776,785,3.1007394390061327,2.1948196487582448,0.7380892509579322,1,1777
1777,785,5.180337985692774,2.2432062195602,1.4315850280796258,2,1778
1778,785,7.259318347789504,2.292818491373277,2.289344524896032,3,1779
1779,785,9.33900585872452,2.3440148838106944,3.316547104644316,4,1780
1780,785,11.417357414870006,2.397064401453802,4.516309052944955,5,1781
1781,785,13.497645839075467,2.452344294809577,5.893510467491128,6,1782
1782,785,15.575254644868206,2.509963425122426,7.445331804437979,7,1783
1783,785,17.65437932458038,2.5701643514478345,9.17079786104448,8,1784
1784,785,19.73513152536728,2.632924580085583,11.060153382740875,9,1785
1785,785,21.81255505926919,2.697845943802778,13.090444688840892,10,1786
1786,785,23.89351986626142,2.7646482249215487,15.241214008136426,11,1787
1787,785,25.97118413929577,2.8323793064785625,17.47028436418495,12,1788
1788,785,28.05128370101784,2.90032172262839,19.74357260405045,13,1789
1789,785,30.13063756186725,2.967414749865498,22.01694870210214,14,1790
1790,785,32.21011995807441,3.032804450154904,24.254704201724163,15,1791
1791,785,34.28957653856229,3.095775956329052,26.427294174223853,16,1792
1792,785,36.36751878597058,-3.1273901898441223,28.512410587118204,17,1793
1793,785,38.44659022309112,-3.0705255330969674,30.49992422571174,18,1794
1794,785,40.526021614338106,-3.01694205583434,32.38273586433104,19,1795
1795,785,42.604923278740976,-2.966633612536945,34.15859337706377,20,1796
1796,785,44.683584003719744,-2.9194757697676743,35.8295470137146,21,1797
1797,785,46.764738335895245,-2.875243985595404,37.40132809256701,22,1798
1798,785,48.84259413681273,-2.8338664031004663,38.87437118146117,23,1799
1799,785,50.923451491439415,-2.795014792140256,40.25837600181805,24,1800
1800,785,53.00225113682946,-2.758585789466557,41.55519573742826,25,1801
