,particle_id,r,phi,z,layer_id,hit_id
108,180,3.1006032796604206,2.501747993605377,4.088917665342393,1,109
109,180,5.180025520170148,2.4574022807752525,6.23615782671375,2,110
110,180,7.258696131562869,2.4159767006390047,8.004176851660503,3,111
111,180,9.337507858363177,2.376854695927145,9.441057689266083,4,112
112,180,11.416998249459663,2.339680682958352,10.578324223823897,5,113
113,180,13.496698865435896,2.304254312177038,11.43794695646585,6,114
114,180,15.575502325817409,2.270462056111799,12.036652846079168,7,115
115,180,17.655553442496437,2.238183563096512,12.388676698746242,8,116
116,180,19.73350871602303,2.2074105668225217,12.50503481825488,9,117
117,180,21.81336948582824,2.1780394504589777,12.395859134610332,10,118
118,180,23.89224207568272,2.150076128552271,12.06984451124566,11,119
119,180,25.97192567711879,2.123464548836024,11.534475914672,12,120
120,180,28.05055053041552,2.098198815043635,10.797168240525558,13,121
121,180,30.1306882471325,2.074219568126022,9.86306742508187,14,122
122,180,32.20868484449932,2.05154065877652,8.739262249884604,15,123
123,180,34.28935593537944,2.0300833273606744,7.427681986573031,16,124
124,180,36.36669900294617,2.009883796774049,5.936013317615185,17,125
125,180,38.44722825908005,1.990855720392039,4.262596414045644,18,126
126,180,40.526328843633486,1.9730230825081927,2.4130293136961427,19,127
127,180,42.60515769645235,1.9563589058283253,0.3876402871507629,20,128
128,180,44.683982038362245,1.9408505703835115,-1.8137596058606693,21,129
129,180,46.76392677730224,1.9264872387765333,-4.193763460788222,22,130
130,180,48.84250263909208,1.9132913922536203,-6.752332119026414,23,131
131,180,50.92112139727206,1.901270101799021,-9.495888197645186,24,132
132,180,53.000025699432825,1.890455115030568,-12.43235186891034,25,133
