,particle_id,r,phi,z,layer_id,hit_id
1302,1058,3.1009007245250646,1.981542766291256,2.253454524786221,1,1303
1303,1058,5.1801744449137095,2.0576358450878165,3.704119194515727,2,1304
1304,1058,7.258716858536832,2.1499440673904844,5.054328132416586,3,1305
1305,1058,9.338369454727024,2.2671409991768674,6.215254736453346,4,1306
1306,1058,11.417130250754653,2.4220924736747467,7.004937413696155,5,1307
1307,1058,13.49651440476041,2.6234004016181776,7.126765286669794,6,1308
1308,1058,15.575273721790182,2.84526059150576,6.438055335378934,7,1309
1309,1058,17.654753699383807,3.042271816254845,5.24872427925343,8,1310
1310,1058,19.73361659071526,-3.082682519756629,3.894331955260263,9,1311
1311,1058,21.81403937708975,-2.9565463464564576,2.511383355821245,10,1312
1312,1058,23.89295690493661,-2.854312521373921,1.1427623963437696,11,1313
1313,1058,25.97271920876636,-2.769584535694197,-0.2031551433922516,12,1314
1314,1058,28.05115259210445,-2.6981055948177475,-1.524162590348617,13,1315
1315,1058,30.1313483203024,-2.6367511599938505,-2.823896744469927,14,1316
1316,1058,32.20948188636518,-2.5834843326864454,-4.102082912612048,15,1317
1317,1058,34.28945617991522,-2.536635280886024,-5.3630396717323165,16,1318
1318,1058,36.36718114143888,-2.4951242636497555,-6.605838620339021,17,1319
1319,1058,38.448427502211,-2.4579458984070426,-7.835078498804798,18,1320
1320,1058,40.52626272988246,-2.424530070843361,-9.047459245630534,19,1321
1321,1058,42.606690216810506,-2.3942287194263083,-10.246951259152477,20,1322
1322,1058,44.68341722026738,-2.366692044409041,-11.430076135303878,21,1323
1323,1058,46.76484628482766,-2.3414534648982035,-12.601432834159723,22,1324
1324,1058,48.84292940377656,-2.3183206227608166,-13.755971174520262,23,1325
1325,1058,50.92334062165596,-2.2969867928341072,-14.895981686658644,24,1326
1326,1058,53.002671604322,-2.2772870923688795,-16.018281702306844,25,1327
