,particle_id,r,phi,z,layer_id,hit_id
1901,806,3.100286673638224,1.8382043871288327,-0.2685179821176255,1,1902
1902,806,5.180570576989377,1.8334181063787487,-0.4234463387491516,2,1903
1903,806,7.259426381262298,1.8287292185352464,-0.5559509656747181,3,1904
1904,806,9.33792415590476,1.824183736707012,-0.664830279501178,4,1905
1905,806,11.41840824707486,1.8198174794071715,-0.7492452733750881,5,1906
1906,806,13.496167823952147,1.815674550298012,-0.8084080659184458,6,1907
1907,806,15.57508485953526,1.8117759507561428,-0.8421318948210192,7,1908
1908,806,17.65425988924565,1.8081481027089576,-0.8502992087472059,8,1909
1909,806,19.736028282717708,1.804808180184343,-0.8330060776884949,9,1910
1910,806,21.814437219538515,1.8017829330897293,-0.7906410705342104,10,1911
1911,806,23.892345481731105,1.7990818672488251,-0.7236979982960428,11,1912
1912,806,25.973044734871376,1.7967133960500563,-0.632645401833134,12,1913
1913,806,28.051005067568244,1.7946939445014354,-0.51844764755052,13,1914
1914,806,30.12987022530122,1.7930279379546528,-0.3817468492357072,14,1915
1915,806,32.210470862952754,1.791722419115663,-0.2233283000096264,15,1916
1916,806,34.29060101786554,1.790784997585105,-0.0442772298125113,16,1917
1917,806,36.36804929038023,1.7902208128101016,0.1541943548668563,17,1918
1918,806,38.44710413747663,1.7900326969709517,0.3714779971768926,18,1919
1919,806,40.52573889522749,1.7902249332026845,0.606357274107431,19,1920
1920,806,42.60521938381663,1.7908011936445831,0.8579497990868177,20,1921
1921,806,44.68357675288879,1.7917640961378254,1.1249815458060972,21,1922
1922,806,46.76552752230169,1.7931196995790966,1.4070541804820422,22,1923
1923,806,48.842475238874215,1.7948652319187957,1.7019673100636226,23,1924
1924,806,50.92257740500206,1.797010400536755,2.0098505671162776,24,1925
1925,806,53.000594505515146,1.7995537188092137,2.328943396567741,25,1926
