,particle_id,r,phi,z,layer_id,hit_id
815,533,3.100724662481376,-1.9299357184790464,0.9992206299816891,1,816
816,533,5.179171355721429,-1.9271254383258785,1.8353035336682093,2,817
817,533,7.260652330497101,-1.924708766796139,2.7945769274240853,3,818
818,533,9.339890189316378,-1.9226615416627173,3.866502933942755,4,819
819,533,11.416989361280784,-1.92095937994543,5.043877383716904,5,820
820,533,13.497120882026488,-1.9195810618775229,6.3237221647341215,6,821
821,533,15.5757140139493,-1.9185177316993327,7.698013306046338,7,822
822,533,17.655021721790327,-1.9177600499502323,9.163264043655158,8,823
823,533,19.73420704729278,-1.9173041459102795,10.714151682823452,9,824
824,533,21.813740058599,-1.917148889024832,12.346126566089382,10,825
825,533,23.89271449979113,-1.9172959862639167,14.053053656140172,11,826
826,533,25.97276225075308,-1.9177495095236272,15.8299047388829,12,827
827,533,28.05108957271501,-1.918513751126805,17.666212439321384,13,828
828,533,30.130188246845112,-1.9195939993062017,19.553419419973984,14,829
829,533,32.208691432566724,-1.9209906486947728,21.47538035072654,15,830
830,533,34.28807103050695,-1.9226965613796936,23.411953127502866,16,831
831,533,36.36766670899237,-1.9246831317820792,25.330658277952004,17,832
832,533,38.44589847997596,-1.9268797681994227,27.181974440209007,18,833
833,533,40.525741543990414,-1.9291419965624848,28.895261364558973,19,834
834,533,42.605290006083,-1.9311740716805963,30.35839213158876,20,835
835,533,44.68379199107329,-1.932433211842476,31.41270944761749,21,836
836,533,46.76267934717286,-1.932026775956172,31.85840703707499,22,837
837,533,48.84242158583216,-1.928749536105732,31.5032268531169,23,838
838,533,50.92141129923317,-1.9214748246120288,30.26601799835968,24,839
839,533,53.00047714685467,-1.909705886927393,28.24224352534386,25,840
