,particle_id,r,phi,z,layer_id,hit_id
1522,900,3.1001991015808588,2.295814830518085,2.45222656537328,1,1523
1523,900,5.180098180077173,2.2932493793403195,4.112399434318895,2,1524
1524,900,7.258445212544984,2.289470486690216,5.781396941943626,3,1525
1525,900,9.338319184442804,2.2842996262442705,7.459082321541381,4,1526
1526,900,11.418191648251875,2.277575739985654,9.140458252812069,5,1527
1527,900,13.497100907972788,2.269150703100675,10.819466838937814,6,1528
1528,900,15.575766408185869,2.258889937822454,12.489553812103903,7,1529
1529,900,17.654743771934722,2.2466906570524507,14.141857667763237,8,1530
1530,900,19.734432685919955,2.23250107067397,15.765028570014294,9,1531
1531,900,21.81349440690908,2.216354834961068,17.344125478250533,10,1532
1532,900,23.89195213342961,2.198368325332995,18.86355681933654,11,1533
1533,900,25.97230456212828,2.1787316863876853,20.30856737470521,12,1534
1534,900,28.05059909778524,2.157787253779276,21.660298378457536,13,1535
1535,900,30.129842645432376,2.1358789307185084,22.906371207083428,14,1536
1536,900,32.20910791745535,2.1134214261703703,24.03456997401904,15,1537
1537,900,34.28907447217656,2.090806154775402,25.037046981802423,16,1538
1538,900,36.36807216927697,2.0684098399507524,25.90835224043237,17,1539
1539,900,38.44703936913769,2.046518939219693,26.647359727952725,18,1540
1540,900,40.52640541960082,2.025355742149633,27.25494007546243,19,1541
1541,900,42.60462025249552,2.0050942026130927,27.73308356006215,20,1542
1542,900,44.68421761679808,1.985809053938106,28.085683064488457,21,1543
1543,900,46.762991038808,1.9675722702859284,28.316087280631265,22,1544
1544,900,48.84188553753524,1.950389389178292,28.42832392773866,23,1545
1545,900,50.92157365420843,1.9342432164460448,28.42608512133387,24,1546
1546,900,53.00058524333436,1.9191144793554635,28.312857270764027,25,1547
