,particle_id,r,phi,z,layer_id,hit_id
366,783,3.1000486781941445,2.9471545336474674,25.873362009638424,1,367
367,783,5.179453018500174,2.6252031354353,37.27027262561793,2,368
368,783,7.258410473948249,2.4217907617187726,45.86824380203265,3,369
369,783,9.338193295720188,2.2678519622209605,52.73420042876617,4,370
370,783,11.416904802571086,2.1389534342258787,58.29090302778661,5,371
371,783,13.496646858240805,2.024143579316444,62.753063880693176,6,372
372,783,15.5755015276386,1.918230696789948,66.23440960106109,7,373
373,783,17.654846015346177,1.8185374872248143,68.81694093922869,8,374
374,783,19.73355048288329,1.7240262421772328,70.56551044637921,9,375
375,783,21.813294416761075,1.634433545243435,71.54609193141033,10,376
376,783,23.892639047457603,1.5501608655286694,71.82368612854675,11,377
377,783,25.970881256947816,1.4718483640589302,71.46226622625545,12,378
378,783,28.05073292781887,1.4001682351210296,70.51418786028962,13,379
379,783,30.12985877851231,1.3361257854389097,69.01414139106836,14,380
380,783,32.20835684016604,1.2808888058731671,66.96950655578857,15,381
381,783,34.288032816414166,1.2360505097349963,64.35278998366908,16,382
382,783,36.366885080022215,1.203939428559062,61.11182574881092,17,383
383,783,38.445983159319525,1.1872732844360567,57.18995173175106,18,384
384,783,40.525516828186,1.1879468823227888,52.6030826657068,19,385
385,783,42.604809051038536,1.20461756619654,47.516524183069016,20,386
386,783,44.68376794711759,1.23211215052996,42.19161860748885,21,387
387,783,46.76336461777903,1.2643688572191325,36.827487050813374,22,388
388,783,48.84226260633597,1.2970991609529237,31.498124150497613,23,389
389,783,50.9215353100019,1.3281383527629762,26.172005360179284,24,390
390,783,53.000673167677945,1.3566204353901334,20.761742766854773,25,391
