,particle_id,r,phi,z,layer_id,hit_id
198,482,3.101943391369342,-2.5418415085849526,1.0849264342634244,1,199
199,482,5.179261393891075,-2.5282946261208066,1.884217372710864,2,200
200,482,7.259765693854015,-2.5126735033435064,2.7527347704402727,3,201
201,482,9.338904234809958,-2.494613740587768,3.698470772555361,4,202
202,482,11.418345037498112,-2.473594794220994,4.733698935397749,5,203
203,482,13.49613783067693,-2.448979550421348,5.870992926868835,6,204
204,482,15.57589424204999,-2.4198546172823843,7.128303230921303,7,205
205,482,17.654371157097838,-2.3851095769997475,8.521852981270628,8,206
206,482,19.734259834973848,-2.3431718340744734,10.072660972933,9,207
207,482,21.813747804334607,-2.292113264364456,11.796035169474312,10,208
208,482,23.892283733319783,-2.229670917623708,13.695752626205616,11,209
209,482,25.97119627863864,-2.153801368967845,15.74581783631994,12,210
210,482,28.050454811471187,-2.0642913353863395,17.86133487076482,13,211
211,482,30.130064532983795,-1.9646164998739808,19.895536770028464,14,212
212,482,32.20935238051414,-1.86167526133244,21.69500013911194,15,213
213,482,34.28796505621563,-1.762300421364562,23.17610146184937,16,214
214,482,36.36715066714656,-1.670409004788901,24.33713282369135,17,215
215,482,38.445842185685606,-1.5872534404014564,25.216938175254207,18,216
216,482,40.52632297083612,-1.5124270712811154,25.864001328131323,19,217
217,482,42.60542578576506,-1.445146911165932,26.319043971997743,20,218
218,482,44.68520812622298,-1.3843349946600163,26.61548666912117,21,219
219,482,46.763230537174906,-1.3291241902531568,26.77800621216808,22,220
220,482,48.84327714912816,-1.2786048605236129,26.82562195471992,23,221
221,482,50.921671146939865,-1.232183934249962,26.772335785100736,24,222
222,482,53.00078227513799,-1.1892327665429314,26.628852733567896,25,223
