,particle_id,r,phi,z,layer_id,hit_id
0,117,3.100588575751676,0.6094372077400845,-4.1523147922615,1,1
1,117,5.179730216840894,0.6185735604537749,-6.855264945055328,2,2
2,117,7.259236575261781,0.6272044822513367,-9.485743640204964,3,3
3,117,9.33962605883524,0.6353969106646588,-12.041341619970948,4,4
4,117,11.418003619756364,0.6431948103018329,-14.517260151625909,5,5
5,117,13.497934411978306,0.6506586615000246,-16.91746775149427,6,6
6,117,15.576449084562672,0.6578182504279345,-19.238813204091525,7,7
7,117,17.655318357032673,0.6647151652830969,-21.48394673213767,8,8
8,117,19.73570322435275,0.6713839530478323,-23.65479959879707,9,9
9,117,21.81474127875924,0.6778429637099833,-25.749214394298885,10,10
10,117,23.89333797433722,0.6841199478585365,-27.76902322262048,11,11
11,117,25.973415756024163,0.690242907418074,-29.71679611354154,12,12
12,117,28.05184870130061,0.6962230255516682,-31.590267914076428,13,13
13,117,30.13189109217934,0.7020884568731219,-33.3928951243937,14,14
14,117,32.20834785590805,0.7078421616754857,-35.12064225563692,15,15
15,117,34.288355511701404,0.7135203533992049,-36.77963568890453,16,16
16,117,36.3672684433189,0.7191258287582942,-38.36603060308006,17,17
17,117,38.44663604506349,0.724677846039242,-39.880808510011576,18,18
18,117,40.525039559860254,0.7301872871133822,-41.32248220469387,19,19
19,117,42.607213924335454,0.7356811304629223,-42.69343107653548,20,20
20,117,44.685520983075705,0.7411537222225791,-43.98756278824152,21,21
21,117,46.76447282885627,0.7466316982990988,-45.20643647795767,22,22
22,117,48.84220429333504,0.7521253263985236,-46.34715938321252,23,23
23,117,50.922560129884246,0.7576607569626778,-47.40944975903544,24,24
24,117,53.00283004327397,0.7632479012305847,-48.38889132249146,25,25
