,particle_id,r,phi,z,layer_id,hit_id
151,379,3.1002580543836085,-2.297094544269228,-3.5773216402015784,1,152
152,379,5.179851410230049,-2.3852872014682296,-6.059203573118705,2,153
153,379,7.25905013564092,-2.5033299486799936,-8.550428842717654,3,154
154,379,9.338204906977428,-2.6747346282284687,-10.849510215461075,4,155
155,379,11.416745618361189,-2.92915854340991,-12.293816548315515,5,156
156,379,13.496372274715114,3.059683053022765,-12.043970211699072,6,157
157,379,15.575362725123249,2.8170943447797794,-10.592759624587128,7,158
158,379,17.654760132233097,2.634241849002825,-8.66700112024845,8,159
159,379,19.733425600240903,2.492824687303883,-6.5317987027882936,9,160
160,379,21.81339032608617,2.3791068063611243,-4.265205494013458,10,161
161,379,23.89257955618828,2.284772856295906,-1.8949576265243309,11,162
162,379,25.971885173527447,2.204437476739591,0.5728657666922317,12,163
163,379,28.05079071294924,2.134592615753468,3.13811316769009,13,164
164,379,30.13031800509984,2.0727715805181,5.80637845270083,14,165
165,379,32.20857823013364,2.017282675076935,8.582069409576194,15,166
166,379,34.28883768222479,1.966745886661173,11.478759640643371,16,167
167,379,36.36707806962807,1.9202669155954084,14.5024471619596,17,168
168,379,38.44631788517222,1.8769906336223343,17.67204353572368,18,169
169,379,40.52687951051507,1.8362726776896767,21.006922615098627,19,170
170,379,42.60482851866064,1.7976399654637154,24.52484444629773,20,171
171,379,44.68346259725527,1.76053546567419,28.26362598107288,21,172
172,379,46.76347520676615,1.7244707861162965,32.27036310808721,22,173
173,379,48.842654421533226,1.688970251406646,36.60835008965972,23,174
174,379,50.92096106387815,1.6533948305166568,41.38549315973695,24,175
175,379,53.00030098709511,1.6167402434539997,46.80429006390325,25,176
