,particle_id,r,phi,z,layer_id,hit_id
2605,1114,3.1028394939064867,-2.108766137740411,0.9593872806625684,1,2606
2606,1114,5.181549757752799,-2.0841552068160807,1.640967957191222,2,2607
2607,1114,7.25894253205829,-2.06067973787882,2.352484183963867,3,2608
2608,1114,9.339931870687948,-2.0382187978586384,3.095100035234509,4,2609
2609,1114,11.418392138405077,-2.016773852271589,3.866170736100045,5,2610
2610,1114,13.499248370082777,-1.996230927164352,4.667122875925792,6,2611
2611,1114,15.57612883292755,-1.9765919780274213,5.495156499729781,7,2612
2612,1114,17.657976657810824,-1.957716228661497,6.353622037520147,8,2613
2613,1114,19.73447330154959,-1.939643711299666,7.238098895511712,9,2614
2614,1114,21.81479679493104,-1.9222436333280493,8.152382355480157,10,2615
2615,1114,23.892475971206768,-1.905523948212941,9.09364309362848,11,2616
2616,1114,25.972963392206875,-1.8893970690718649,10.064418153462022,12,2617
2617,1114,28.05377323227264,-1.8738427306480263,11.063747893464113,13,2618
2618,1114,30.13237350670539,-1.858840912605428,12.090587616937334,14,2619
2619,1114,32.21028286392353,-1.84434391352072,13.145912668138491,15,2620
2620,1114,34.289035032619665,-1.830307744860048,14.230868142822745,16,2621
2621,1114,36.37014292561344,-1.816691925270144,15.346757107724464,17,2622
2622,1114,38.44688760797728,-1.803510391035337,16.49046588597453,18,2623
2623,1114,40.52882696385715,-1.7906749033754996,17.667904336467046,19,2624
2624,1114,42.60500914705816,-1.778226580182468,18.873594339168108,20,2625
2625,1114,44.68474525185714,-1.7660840146360708,20.11373566969836,21,2626
2626,1114,46.76494971637836,-1.754242206670048,21.387552736525265,22,2627
2627,1114,48.8424056183073,-1.7426959231408046,22.69413244483708,23,2628
2628,1114,50.9216699248032,-1.7313972588128446,24.037593272520667,24,2629
2629,1114,53.00292648276988,-1.7203239412872156,25.41961990209029,25,2630
