,particle_id,r,phi,z,layer_id,hit_id
222,181,3.1008538702781507,-0.4289009634704923,0.6351354882130194,1,223
223,181,5.1801304833340085,-0.4798302645358162,0.7457984710014598,2,224
224,181,7.25869814275138,-0.5281207683184745,0.6388833945103793,3,225
225,181,9.338340825253251,-0.5738122006612362,0.3408028373406302,4,226
226,181,11.41670283247373,-0.6168842720352652,-0.1243596448521535,5,227
227,181,13.497654993265302,-0.6574804400232905,-0.7364987023919456,6,228
228,181,15.57599831242722,-0.6955944780866521,-1.4754935502545932,7,229
229,181,17.654436537923786,-0.7313971735286812,-2.325862672645149,8,230
230,181,19.734128780578605,-0.7650365995118406,-3.2741545762249658,9,231
231,181,21.81443945538976,-0.7966362737003931,-4.308139304937896,10,232
232,181,23.892753283205703,-0.826295580801793,-5.416122309821154,11,233
233,181,25.97299043575151,-0.8542040501932584,-6.591389522156772,12,234
234,181,28.050676487752543,-0.8804290754105544,-7.823900187668687,13,235
235,181,30.130042876773864,-0.9051433139437424,-9.109743649621215,14,236
236,181,32.20884716585577,-0.9284274407180368,-10.442120761876062,15,237
237,181,34.289126820901586,-0.950401809268546,-11.817678500451738,16,238
238,181,36.368374566195335,-0.9711274108167252,-13.230717926709817,17,239
239,181,38.44600316727172,-0.9906778622883388,-14.677227371828128,18,240
240,181,40.52529958793634,-1.009150416844025,-16.15634996780973,19,241
241,181,42.6046042081571,-1.026584377548015,-17.664082824722087,20,242
242,181,44.68361064466102,-1.0430213005111513,-19.19751635480768,21,243
243,181,46.76301018207587,-1.0584982515902974,-20.754541856804806,22,244
244,181,48.8420886505104,-1.073027996921291,-22.331930563391584,23,245
245,181,50.92224250508119,-1.0866223662800878,-23.92780681562689,24,246
246,181,53.000627227551085,-1.0992471887067834,-25.53655288456334,25,247
