,particle_id,r,phi,z,layer_id,hit_id
1820,1376,3.101922675610969,-0.7837163813683834,-0.2159687084986945,1,1821
1821,1376,5.180480704658128,-0.7867675128010827,-0.331191255199637,2,1822
1822,1376,7.259518113507453,-0.7895861830649121,-0.4253038875882176,3,1823
1823,1376,9.341657532884978,-0.792210208218695,-0.5001339940803735,4,1824
1824,1376,11.417670707063047,-0.7946561230155499,-0.5568703274685687,5,1825
1825,1376,13.498370434381965,-0.7969593914868834,-0.5970915489317079,6,1826
1826,1376,15.57708516985176,-0.7991308671207183,-0.6217281709289706,7,1827
1827,1376,17.657740180485565,-0.8011901007574797,-0.6317826531783028,8,1828
1828,1376,19.73501151928015,-0.8031449014119285,-0.6280849481891133,9,1829
1829,1376,21.814546806220093,-0.8050116795821473,-0.6113844244528899,10,1830
1830,1376,23.89214688949116,-0.8067960632836426,-0.5823815968510608,11,1831
1831,1376,25.974914227937973,-0.8085121252337568,-0.5415557419399324,12,1832
1832,1376,28.053920887926907,-0.8101595154576264,-0.4896207345403649,13,1833
1833,1376,30.131490117347493,-0.8117464994195762,-0.4270628653622657,14,1834
1834,1376,32.21042572270785,-0.8132806565460978,-0.3542600138839846,15,1835
1835,1376,34.28807197436311,-0.8147648264585533,-0.2717309050138885,16,1836
1836,1376,36.36783448248258,-0.816205687928719,-0.1797308743069745,17,1837
1837,1376,38.44745848126843,-0.8176054346032409,-0.0787163263234225,18,1838
1838,1376,40.53085214336826,-0.8189700275726014,0.0311781566859137,19,1839
1839,1376,42.60994169321816,-0.8202972821677743,0.1491964847510418,20,1840
1840,1376,44.68888832147723,-0.8215927547847465,0.2752394581526296,21,1841
1841,1376,46.76588233585427,-0.8228578905034981,0.4088929465596305,22,1842
1842,1376,48.84545547547332,-0.8240977392633307,0.5501730293236378,23,1843
1843,1376,50.926028863687336,-0.8253133978446364,0.6987241895364651,24,1844
1844,1376,53.0060575651046,-0.8265058879203984,0.8541812840053185,25,1845
