,particle_id,r,phi,z,layer_id,hit_id
0,90,3.1002436148897643,0.8588021156980066,13.418435931947116,1,1
1,90,5.179287451370662,0.828376047659852,22.422371264749767,2,2
2,90,7.258832315977526,0.8061870931499796,31.1250256217388,3,3
3,90,9.337681270047874,0.7927942722119327,39.35070788171132,4,4
4,90,11.416716192767836,0.7874361750974395,47.00342583158496,5,5
5,90,13.49666138158474,0.7887039967129608,54.04022235506356,6,6
6,90,15.575248194143343,0.7949749833589193,60.448156759448,7,7
7,90,17.654362561809283,0.8047121350038209,66.25530674135396,8,8
8,90,19.734593961118097,0.8166121666457785,71.5016063294251,9,9
9,90,21.81358160248729,0.8296337984469443,76.22888498431504,10,10
10,90,23.89182745068164,0.8430215905006692,80.48925998698097,11,11
11,90,25.970907113344182,0.8562556602201422,84.33462965108714,12,12
12,90,28.050627910035047,0.8689803914916001,87.80902894797708,13,13
13,90,30.13043471002393,0.8809668102789481,90.95120533880517,14,14
14,90,32.20932156000956,0.8920747040867277,93.79442864454576,15,15
15,90,34.289355553702954,0.9022408153271778,96.37101400551252,16,16
16,90,36.368225515517125,0.9114188526989724,98.70293761922508,17,17
17,90,38.44616914827091,0.9195999527613996,100.8114181485014,18,18
18,90,40.52588946554333,0.926795297400669,102.71586279781928,19,19
19,90,42.60435670836751,0.9329997055873088,104.4267531242846,20,20
20,90,44.6839378955515,0.9382243973302864,105.95617177297378,21,21
21,90,46.7640095720577,0.9424638373589004,107.31042687091224,22,22
22,90,48.84213939204421,0.9456991129603204,108.49184476159112,23,23
23,90,50.92245843406776,0.9479028702328672,109.50284920058922,24,24
24,90,53.00052776876005,0.9490090993544024,110.33695985090247,25,25
