,particle_id,r,phi,z,layer_id,hit_id
3051,1734,3.1004495724635817,-3.084459671907564,-8.391833714633602,1,3052
3052,1734,5.179854106192455,2.94532082860808,-14.213876408487709,2,3053
3053,1734,7.2590799675096145,2.6530560445967715,-18.744267870847928,3,3054
3054,1734,9.337539198800586,2.4198288081790795,-21.450966611611136,4,3055
3055,1734,11.417095541354088,2.254675332269012,-23.02553088920055,5,3056
3056,1734,13.496665699198989,2.136067761817293,-23.98058839480009,6,3057
3057,1734,15.57517733011198,2.048064997886292,-24.56976948105272,7,3058
3058,1734,17.65553573805784,1.9809362034770823,-24.9263185427012,8,3059
3059,1734,19.73375285844269,1.928968452653688,-25.127057138324083,9,3060
3060,1734,21.812683854006227,1.8883962983189169,-25.222731053534726,10,3061
3061,1734,23.892682905270544,1.8568277353644,-25.249054699962528,11,3062
3062,1734,25.97171854448912,1.8326937929989089,-25.23360488405728,12,3063
3063,1734,28.051170970258266,1.8148984185822616,-25.199172744884592,13,3064
3064,1734,30.13079258433311,1.8027299719600305,-25.1656271299937,14,3065
3065,1734,32.209319967906985,1.7957370411131837,-25.150981826512773,15,3066
3066,1734,34.288500780094296,1.7936546413728651,-25.17178560248393,16,3067
3067,1734,36.36756920019178,1.7963837008661327,-25.24302510720793,17,3068
3068,1734,38.446017182977926,1.8039446500595528,-25.377166854090763,18,3069
3069,1734,40.525793521990046,1.816471151351828,-25.58253992410881,19,3070
3070,1734,42.60513340165829,1.8341565137486504,-25.859495331303947,20,3071
3071,1734,44.68353859271824,1.8572455880585448,-26.195286128904872,21,3072
3072,1734,46.76342449672508,1.8860600484439047,-26.556323502941368,22,3073
3073,1734,48.84254081727544,1.9209154393174712,-26.87450215177348,23,3074
3074,1734,50.92161220733141,1.962301048193256,-27.02944104938084,24,3075
3075,1734,53.00032501596107,2.011073992605175,-26.81472491054677,25,3076
