,particle_id,r,phi,z,layer_id,hit_id
1394,767,3.1015417429221075,-3.029111379998741,3.347342038299028,1,1395
1395,767,5.179339623954413,-2.995556945565791,5.744642084987467,2,1396
1396,767,7.258708658857703,-2.961157657969667,8.258714199268999,3,1397
1397,767,9.33755131297222,-2.926582717653012,10.872938787134004,4,1398
1398,767,11.417698528024324,-2.8925297996162445,13.569932945667237,5,1399
1399,767,13.496201793108945,-2.859866345829989,16.320428870960576,6,1400
1400,767,15.57603810683872,-2.829479708992311,19.09641901039708,7,1401
1401,767,17.654210235220848,-2.8025304432843328,21.8531081670326,8,1402
1402,767,19.734203214330154,-2.7804307723487707,24.53957322348888,9,1403
1403,767,21.812636199138502,-2.765313192960589,27.06870812549444,10,1404
1404,767,23.89244617430612,-2.760433183057927,29.30853454382004,11,1405
1405,767,25.97083777417813,-2.770975774564328,31.02309629382997,12,1406
1406,767,28.050508032441915,-2.803706841399742,31.85065274926953,13,1407
1407,767,30.12958697586691,-2.861315555985396,31.456773124462075,14,1408
1408,767,32.208441761219795,-2.9341610398334472,29.965859920312624,15,1409
1409,767,34.28813296824149,-3.007790107732065,27.8892128278008,16,1410
1410,767,36.36694270120218,-3.074685804126981,25.624843733224584,17,1411
1411,767,38.44703349650413,-3.133463109135307,23.34720284004619,18,1412
1412,767,40.52639794993044,3.098419828077645,21.120416821186616,19,1413
1413,767,42.60423433974282,3.0534635314710195,18.96230436417852,20,1414
1414,767,44.6850887612499,3.0136927815986314,16.869095544976712,21,1415
1415,767,46.76322710611329,2.978325127696374,14.841977742113135,22,1416
1416,767,48.84179674225335,2.9465756490767885,12.871666697470417,23,1417
1417,767,50.9211830284636,2.917856812370988,10.951667068292004,24,1418
1418,767,53.00178332829196,2.8916919379813684,9.075915235886294,25,1419
