,particle_id,r,phi,z,layer_id,hit_id
3180,1514,3.1023925917038,2.0564147701646704,1.4132042347219702,1,3181
3181,1514,5.181464960419283,2.0477187238022427,2.276283999742976,2,3182
3182,1514,7.261314710180379,2.0396970467069724,3.0781475409224264,3,3183
3183,1514,9.3397567797599,2.0322537635182067,3.822141868105195,4,3184
3184,1514,11.41882490730532,2.025296064386616,4.512563283959242,5,3185
3185,1514,13.49829351090945,2.0187543087953608,5.152323011162292,6,3186
3186,1514,15.575309773463314,2.012577433083761,5.74321570288129,7,3187
3187,1514,17.657370586783255,2.0066929880691746,6.289532859029027,8,3188
3188,1514,19.735918293243053,2.001081689737812,6.790918628635804,9,3189
3189,1514,21.81250732595673,1.9957000805257985,7.249593162218492,10,3190
3190,1514,23.89221651275356,1.9905012678698923,7.668082689083203,11,3191
3191,1514,25.97355474812532,1.985459081113264,8.047179211638547,12,3192
3192,1514,28.051737481759822,1.9805571150528287,8.387091219911067,13,3193
3193,1514,30.13180114015701,1.97575757261354,8.689532235056316,14,3194
3194,1514,32.20878842706652,1.9710475430787755,8.954490002888992,15,3195
3195,1514,34.29045130566691,1.966386174824372,9.183412881629284,16,3196
3196,1514,36.36812265342643,1.961770067242788,9.375650603686264,17,3197
3197,1514,38.44863386699651,1.95716113388562,9.531995150449664,18,3198
3198,1514,40.52573591712741,1.95254988355558,9.651911271325243,19,3199
3199,1514,42.60482085703122,1.9478999431162471,9.735428557221784,20,3200
3200,1514,44.684244012344415,1.9431888015098475,9.781820981124444,21,3201
3201,1514,46.764306780729534,1.938387095970845,9.790131342083397,22,3202
3202,1514,48.84406299916508,1.93346490994874,9.758987980931009,23,3203
3203,1514,50.92122784791274,1.928391232913576,9.686615234644352,24,3204
3204,1514,53.00203069670777,1.9231076675302097,9.570162780284395,25,3205
