,particle_id,r,phi,z,layer_id,hit_id
227,309,3.1013760593670177,2.154477081125888,2.1554376034513325,1,228
228,309,5.180294268449707,2.1361900420721525,3.75289668140973,2,229
229,309,7.258581145348164,2.116685986116112,5.481257178776929,3,230
230,309,9.33870338965555,2.095821336700256,7.351175911361423,4,231
231,309,11.418272149871225,2.0734974228368594,9.369684480850488,5,232
232,309,13.497276028571305,2.049596051529117,11.54602029418666,6,233
233,309,15.57573495886396,2.0240067291333275,13.889405939049825,7,234
234,309,17.655889237675353,1.9966054290695137,16.411304048977527,8,235
235,309,19.733971380922,1.9673757380158896,19.11466393090665,9,236
236,309,21.812984834776262,1.9362535192476016,22.00874403614432,10,237
237,309,23.89241798630073,1.9032810000926024,25.095520203615184,11,238
238,309,25.9724975262141,1.868565904329881,28.37409184223596,12,239
239,309,28.050492216258483,1.832356984457708,31.83408671016295,13,240
240,309,30.12925590743305,1.7949008590771127,35.469686807411506,14,241
241,309,32.209070310147034,1.7565732423045088,39.26745433755597,15,242
242,309,34.28847381827029,1.7178526085241277,43.20857748219448,16,243
243,309,36.36746911031547,1.6792350523424435,47.27726547397268,17,244
244,309,38.446516193183726,1.6412271673989394,51.46240271972471,18,245
245,309,40.52604651521892,1.6043425083814875,55.760476005325,19,246
246,309,42.605391702356656,1.5691314624429378,60.17817420217296,20,247
247,309,44.68380994312752,1.5362184968122876,64.74211054356844,21,248
248,309,46.76253574491568,1.5064370533324318,69.5196625335107,22,249
249,309,48.84206252486369,1.4813821407146912,74.65810799532846,23,250
250,309,50.92096141175968,1.46565513708236,80.56563953329537,24,251
251,309,50.92068079523087,1.6562429519412667,93.24402496211994,24,252
252,309,48.84160771965232,1.6719298137669478,91.0293386309956,23,253
253,309,46.76227048160938,1.699108924424807,86.75362296527295,22,254
254,309,46.762804668817466,1.9752749527350373,62.84826269808147,22,255
255,309,48.84224424949812,2.046825437355304,54.13583831568095,23,256
256,309,50.92091735974376,2.08966164004678,46.29116064834823,24,257
257,309,53.00070485384335,2.1137976445249214,38.16132743637192,25,258
