,particle_id,r,phi,z,layer_id,hit_id
56,208,3.10008633259102,-2.443463564059295,5.452547231263503,1,57
57,208,3.099688473903936,-2.6799256200890933,20.715647561493903,1,58
58,208,3.1001000202438487,1.539709120475506,21.60993137614699,1,59
59,208,5.180336001052241,1.3017636480954629,20.36058411705214,2,60
60,208,7.258394387048024,1.1988470386447856,18.371082910163874,3,61
61,208,9.337704751295751,1.1342278295844523,15.51248156394525,4,62
62,208,11.417124062231702,1.082363595294164,11.464846768672714,5,63
63,208,13.496249129400072,1.028715483685989,5.372413125668329,6,64
64,208,15.575175568347005,0.9317228401699614,-7.811230266948316,7,65
65,208,15.5749326667679,0.8123289791474585,-22.015992713641943,7,66
66,208,13.495428562454403,0.5722194079167457,-40.48971678437462,6,67
67,208,11.416209649568584,0.2596648946211425,-53.93657924129218,5,68
68,208,11.416832772942128,-0.6724561117974082,-76.36223563747896,5,69
69,208,13.495990831331603,-0.9574192967908068,-83.23314913343586,6,70
70,208,15.576431544131555,-1.1210054697650014,-87.87970188344241,7,71
71,208,17.654808241669723,-1.2352676393967577,-91.55227925550432,8,72
72,208,19.733837962818995,-1.3222872417101412,-94.57318616074647,9,73
73,208,21.812795973195456,-1.3920806011688898,-97.0488497527565,10,74
74,208,23.89196831185953,-1.4501828563135706,-98.99941121081808,11,75
75,208,25.97090783592059,-1.4999498526330446,-100.38499858119748,12,76
76,208,28.05097394808513,-1.5436018820680166,-101.10433470633096,13,77
77,208,30.13023917525076,-1.5825597242200695,-100.9636628562362,14,78
78,208,32.2093259434727,-1.6177303392277929,-99.6056404348388,15,79
79,208,34.28757194667153,-1.649246777103297,-96.32607608759764,16,80
80,208,36.36698025400735,-1.6753567837650247,-89.60682076623945,17,81
81,208,38.44597942151961,-1.6879642167819102,-76.6023364452259,18,82
82,208,40.52543979063063,-1.6747525288160057,-57.78160238147935,19,83
83,208,42.604687258562,-1.6477303789744753,-40.45341524516533,20,84
84,208,44.68341014006057,-1.6212596842455478,-26.473672662738103,21,85
85,208,46.76260915858196,-1.59834963293369,-14.8562137875369,22,86
86,208,48.84244518069893,-1.5789681534453517,-4.822613057629816,23,87
87,208,50.92162318922931,-1.562641738604741,4.089812747107221,24,88
88,208,53.00019887593086,-1.5488965346104715,12.171651926225604,25,89
