,particle_id,r,phi,z,layer_id,hit_id
532,497,3.1001413925856767,2.840170860479777,7.6642512472338815,1,533
533,497,5.179188537038305,2.5413913326564086,19.575314078944224,2,534
534,497,7.258953377221522,1.128811227580295,39.814183466747885,3,535
535,497,9.338048784743004,0.868654187095137,43.74468777753946,4,536
536,497,11.417108101720606,0.7167731361791969,46.73034397872012,5,537
537,497,13.496259915616813,0.6130702652073592,49.25748225838874,6,538
538,497,15.575462090260729,0.5361071365399258,51.496022855390194,7,539
539,497,17.654724192598753,0.4758124159794232,53.52945843718978,8,540
540,497,19.733700349065955,0.4267104971174722,55.40689527219016,9,541
541,497,21.812827556308093,0.3854982416993969,57.16210645318684,10,542
542,497,23.8930894963058,0.3500343507943167,58.82107556405003,11,543
543,497,25.971318730855057,0.318905432592903,60.40280060275183,12,544
544,497,28.05068929882947,0.2909854249964546,61.93062658931169,13,545
545,497,30.12936868648845,0.2654398828272876,63.42695318276822,14,546
546,497,32.20838481883134,0.2414667207156227,64.92497042849197,15,547
547,497,34.28783467462994,0.2181461458724334,66.47948529192736,16,548
548,497,36.36708581904049,0.1938709453911926,68.21320661153746,17,549
549,497,38.445949126205775,0.1622114706529717,70.65421996353612,18,550
550,497,38.445656980096814,0.1079312225422297,74.42005898670101,18,551
551,497,38.44607485479653,0.1123686752908925,67.84737453468611,18,552
552,497,40.5252850649464,0.196714265137819,61.07329542914259,19,553
553,497,42.60467600428497,0.2942903286726755,54.94465865073428,20,554
554,497,44.68336708711086,0.4014068059071931,49.40301859862405,21,555
555,497,46.76276258618657,0.516408879160082,44.59301118357757,22,556
556,497,48.84193358927242,0.6381030591727263,40.723486133612205,23,557
557,497,50.92149603057393,0.7647300406145896,38.01388165816978,24,558
558,497,53.00008637297509,0.8925804993954198,36.61614225176154,25,559
