,particle_id,r,phi,z,layer_id,hit_id
475,564,3.101828735599614,1.4506404375041275,-0.6410896022915226,1,476
476,564,5.179473482741332,1.4586139770788114,-1.0515038542553947,2,477
477,564,7.25865306677045,1.4668162825016433,-1.4455339611983955,3,478
478,564,9.339972523181748,1.475276564652785,-1.8219663432217497,4,479
479,564,11.420190424712608,1.484010798310061,-2.1788604981758,5,480
480,564,13.49601306201325,1.4930360770375268,-2.5143257665971417,6,481
481,564,15.577957823964685,1.5024343882117268,-2.8285505899025694,7,482
482,564,17.655085347007823,1.5121968365258045,-3.118290450523284,8,483
483,564,19.73354919455309,1.5223967057265313,-3.38278539476602,9,484
484,564,21.8153316932189,1.533096756688045,-3.6203980170928607,10,485
485,564,23.89222234325036,1.5443129427641342,-3.828283404775671,11,486
486,564,25.971682784945187,1.5561520860942313,-4.00513645709602,12,487
487,564,28.05078347850566,1.5686763295109531,-4.148373005865376,13,488
488,564,30.131976888022617,1.581991924748777,-4.255618044146569,14,489
489,564,32.210951295503506,1.596177007138863,-4.323910992354911,15,490
490,564,34.28839927420182,1.611358112387685,-4.350366332734754,16,491
491,564,36.36902285881922,1.6277180957188062,-4.331660093343478,17,492
492,564,38.44804365803154,1.6453961100877914,-4.264095621295969,18,493
493,564,40.52709173360292,1.6646147634800268,-4.143592047562814,19,494
494,564,42.60584766841132,1.6856241819006,-3.965667556563663,20,495
495,564,44.684295536418574,1.708730213883192,-3.7253946885478473,21,496
496,564,46.76435151542297,1.734329279769201,-3.4171103022136697,22,497
497,564,48.84335052783559,1.762842573658667,-3.03547723330637,23,498
498,564,50.92226581828778,1.7948279011473742,-2.5745920805913816,24,499
499,564,53.00147047504463,1.8309420024848904,-2.02898927880127,25,500
