,particle_id,r,phi,z,layer_id,hit_id
67,180,3.1015615508595014,2.345812758267422,1.5247334244879165,1,68
68,180,5.181398759441733,2.345948942782412,2.525978919300311,2,69
69,180,7.259600483311953,2.346123338657658,3.5084579546266923,3,70
70,180,9.339714539599724,2.346345803103656,4.4732417411179135,4,71
71,180,11.416907804999031,2.3466232946034418,5.417659283701713,5,72
72,180,13.4989533039911,2.346962811407126,6.344896159508512,6,73
73,180,15.575441489771729,2.3473671479966622,7.250098352682702,7,74
74,180,17.655104103117658,2.3478413322620426,8.136947442997045,8,75
75,180,19.734366647734056,2.3483872466725484,9.00377226562227,9,76
76,180,21.81306105225064,2.349006643062418,9.850445439519504,10,77
77,180,23.894681825714848,2.3497019624964204,10.678309222746408,11,78
78,180,25.972759896848363,2.350471821128285,11.484766944758944,12,79
79,180,28.051191319578272,2.3513179291554147,12.271350134470175,13,80
80,180,30.130698783356127,2.3522408075855807,13.038284884374225,14,81
81,180,32.208613911079546,2.3532391613519485,13.784562077448506,15,82
82,180,34.28948114448584,2.3543149861276795,14.51175123130552,16,83
83,180,36.3672438425937,2.3554647426320003,15.217680881368182,17,84
84,180,38.44667459872655,2.356690490828514,15.903918590262286,18,85
85,180,40.52542139287549,2.357990321233853,16.569578126888374,19,86
86,180,42.60479909938068,2.35936442672903,17.214961941673558,20,87
87,180,44.68616948920437,2.3608131898850213,17.840307868569063,21,88
88,180,46.763565064249896,2.362331684552802,18.443677761185988,22,89
89,180,48.84201610976852,2.3639227701662926,19.026370063458018,23,90
90,180,50.92286431938292,2.3655870028569423,19.588467205222592,24,91
91,180,53.000069810137774,2.36731886728316,20.12807825028732,25,92
