,particle_id,r,phi,z,layer_id,hit_id
2292,1407,3.1015527537774514,-0.8099471623328186,-1.711088670474922,1,2293
2293,1407,5.180880905095867,-0.8659362011911995,-3.1085309642294447,2,2294
2294,1407,7.26005860487872,-0.9222455767246128,-4.701400622525888,3,2295
2295,1407,9.33891042659877,-0.9788390238823672,-6.485008090462813,4,2296
2296,1407,11.416947699217037,-1.035611809688114,-8.453633475041492,5,2297
2297,1407,13.496902158039642,-1.092490692276353,-10.603617815751512,6,2298
2298,1407,15.575229391410296,-1.1491812610302938,-12.92327751820566,7,2299
2299,1407,17.65480744393533,-1.20552622945137,-15.40583101672921,8,2300
2300,1407,19.733382074872992,-1.2612057769888791,-18.03681895994197,9,2301
2301,1407,21.81261399967536,-1.3160000904416385,-20.804908998795888,10,2302
2302,1407,23.89204487225396,-1.3696435521448609,-23.695026568373954,11,2303
2303,1407,25.972660262843995,-1.42193361146164,-26.69350311448698,12,2304
2304,1407,28.0506411047776,-1.4725865586793905,-29.779568469358544,13,2305
2305,1407,30.1293544383212,-1.5215407090503543,-32.94342918154312,14,2306
2306,1407,32.20937298648543,-1.5687055979834432,-36.172259374877584,15,2307
2307,1407,34.28825824623158,-1.6139665741292943,-39.44960162398195,16,2308
2308,1407,36.36704326008389,-1.6573260721472929,-42.76561250640492,17,2309
2309,1407,38.44619721345476,-1.698802990452945,-46.11088485195887,18,2310
2310,1407,40.5257101791973,-1.7384303235391136,-49.47645554535037,19,2311
2311,1407,42.60518086788763,-1.77625270934849,-52.85381288783709,20,2312
2312,1407,44.68390135105191,-1.812324024635032,-56.23490104750104,21,2313
2313,1407,46.76335588498635,-1.8467442648307204,-59.61605398979154,22,2314
2314,1407,48.84254169734504,-1.879575290824545,-62.99024454117559,23,2315
2315,1407,50.92281193054454,-1.910918592749584,-66.35481943547641,24,2316
2316,1407,53.00052206443092,-1.9408015945572803,-69.69950022469635,25,2317
