,particle_id,r,phi,z,layer_id,hit_id
3226,1726,3.1003619839289143,-3.0396936973597004,-1.542938079150586,1,3227
3227,1726,5.17947742465711,-1.4570514119320046,4.2551304673852215,2,3228
3228,1726,7.258520196979913,-0.8416993182304595,7.998694540759931,3,3229
3229,1726,9.33827443011134,-0.5957765654524949,10.272996521160884,4,3230
3230,1726,11.416825484194948,-0.4461351034121272,12.139275244290744,5,3231
3231,1726,13.497052527915644,-0.3416246579245845,13.77547078281357,6,3232
3232,1726,15.576745269089711,-0.2629594535454694,15.245870246384325,7,3233
3233,1726,17.655667003361046,-0.2007133877920746,16.583363949737382,8,3234
3234,1726,19.73401085366473,-0.1496455734270961,17.80716923286854,9,3235
3235,1726,21.8134569170014,-0.1065439573916315,18.930210313417952,10,3236
3236,1726,23.89293821896081,-0.0693735584054726,19.959816716874432,11,3237
3237,1726,25.9718776488288,-0.0367311830471304,20.901220558892657,12,3238
3238,1726,28.05076166349761,-0.0076006266477451,21.75847000631652,13,3239
3239,1726,30.13003324249192,0.0187679197452644,22.53429852276473,14,3240
3240,1726,32.20929340406276,0.0429368735049237,23.230176788691715,15,3241
3241,1726,34.289206975958464,0.0653597826125745,23.847188147820724,16,3242
3242,1726,36.36868082136632,0.0863857594863135,24.38527069303852,17,3243
3243,1726,38.44704651549038,0.1063095921800777,24.84407259111084,18,3244
3244,1726,40.52627432910444,0.1254071565363555,25.22329057844172,19,3245
3245,1726,42.60588153385168,0.1438997917257782,25.52156752183196,20,3246
3246,1726,44.68525790971452,0.1619879455190408,25.73719766013466,21,3247
3247,1726,46.76357242676279,0.1798576283213568,25.86818625237076,22,3248
3248,1726,48.84196672244728,0.1977049479798931,25.912346714346786,23,3249
3249,1726,50.92107921115482,0.2157200357278936,25.86705531840513,24,3250
3250,1726,53.00106275782544,0.234091675120879,25.729454043826188,25,3251
