,particle_id,r,phi,z,layer_id,hit_id
1428,1285,3.1024629319244257,-2.23941997480959,2.7354080644338623,1,1429
1429,1285,5.1815285777070805,-2.207963696421785,4.667771333173899,2,1430
1430,1285,7.259242630498443,-2.1761652939080465,6.6800754645478,3,1431
1431,1285,9.337506568345466,-2.1439388084905,8.775224295375866,4,1432
1432,1285,11.41837823743615,-2.111199737571748,10.956280731465045,5,1433
1433,1285,13.496206920874322,-2.0779913305019058,13.217715463455209,6,1434
1434,1285,15.576043462549327,-2.0441935272791723,15.564928087917671,7,1435
1435,1285,17.655249035227527,-2.00981555696906,17.99445555541452,8,1436
1436,1285,19.733974136105463,-1.9748294897669527,20.505229374761463,9,1437
1437,1285,21.81251009102695,-1.9392125606613653,23.09570247946223,10,1438
1438,1285,23.89370746033768,-1.902904867619536,25.766960824940703,11,1439
1439,1285,25.97314066449404,-1.8659819197660448,28.50997560225065,12,1440
1440,1285,28.051464449097065,-1.828440910920599,31.32125178420447,13,1441
1441,1285,30.129337485005056,-1.7902866925623198,34.19659955184755,14,1442
1442,1285,32.20964829579449,-1.7514893735206207,37.13433777878662,15,1443
1443,1285,34.28824162339253,-1.7121570858735604,40.12218319960217,16,1444
1444,1285,36.367681851871765,-1.6722780104364936,43.15677954176796,17,1445
1445,1285,38.44787098200013,-1.631893159386202,46.23061327774642,18,1446
1446,1285,40.52613250555032,-1.591095502389043,49.33205540008674,19,1447
1447,1285,42.60561260104701,-1.5498621566966206,52.45811071418768,20,1448
1448,1285,44.6842901772112,-1.508266557832196,55.59825352248421,21,1449
1449,1285,46.7631872547784,-1.4663132602692692,58.74690783491777,22,1450
1450,1285,48.8417987735068,-1.4240248210984203,61.89677453591321,23,1451
1451,1285,50.92154509911098,-1.3813675811661157,65.04423115078504,24,1452
1452,1285,53.00119787830064,-1.338339612508232,68.18258158038492,25,1453
