,particle_id,r,phi,z,layer_id,hit_id
1323,1088,3.1007969992079456,2.669941869903046,0.1765711880313194,1,1324
1324,1088,5.182174707144736,2.664917857835297,0.3262080570882464,2,1325
1325,1088,7.258458618067642,2.659916362676112,0.5024600073704129,3,1326
1326,1088,9.337550058182805,2.65491486978004,0.7077954911443989,4,1327
1327,1088,11.41743422817999,2.6499145481555715,0.9439876021058512,5,1328
1328,1088,13.495985350197508,2.644916553152344,1.212737274086825,6,1329
1329,1088,15.577216137784337,2.639906968843656,1.5166180841224008,7,1330
1330,1088,17.655458947227924,2.63489481923213,1.856887565213864,8,1331
1331,1088,19.734192592535504,2.6298666799694947,2.2362258744157995,9,1332
1332,1088,21.813388639778864,2.6248170267848354,2.6569316525599724,10,1333
1333,1088,23.89262107889399,2.6197406469900786,3.1213305626082146,11,1334
1334,1088,25.97101200162461,2.6146326442531858,3.6317413735616455,12,1335
1335,1088,28.050035841886675,2.6094813060114275,4.19123847041655,13,1336
1336,1088,30.13035073475008,2.6042755084851583,4.803013001427189,14,1337
1337,1088,32.20893280907379,2.5990116815407,5.469385788273439,15,1338
1338,1088,34.289957014293655,2.593665766629168,6.195321164861003,16,1339
1339,1088,36.36799626795149,2.5882352509210023,6.982972099341943,17,1340
1340,1088,38.44649568077792,2.582690637988497,7.838236623626226,18,1341
1341,1088,40.52611539442757,2.5770034829449777,8.767047977981164,19,1342
1342,1088,42.60420761614755,2.571146039276328,9.775011143709143,20,1343
1343,1088,44.68508823757021,2.565058099790805,10.872908680119853,21,1344
1344,1088,46.76371453641713,2.5586864113371446,12.069447757075723,22,1345
1345,1088,48.841790987412814,2.551924922136357,13.38112389486984,23,1346
1346,1088,50.922355700925976,2.54460055320816,14.833446532142858,24,1347
1347,1088,53.00115648853371,2.536440668801519,16.461992216832552,25,1348
