,particle_id,r,phi,z,layer_id,hit_id
319,376,3.1010560481036697,-1.2174023592470316,-4.319663532708141,1,320
320,376,5.180102282132167,-1.1295049890987947,-7.059794275444709,2,321
321,376,7.258843179643295,-1.0249863937662145,-9.600082022914506,3,322
322,376,9.338244077139317,-0.9040862296533406,-11.828964822639016,4,323
323,376,11.417949834134072,-0.7730754398359637,-13.622590645466822,5,324
324,376,13.49604546800048,-0.643158752781535,-14.923645945584369,6,325
325,376,15.575594692974692,-0.5237146051208222,-15.780263585715844,7,326
326,376,17.654181917907046,-0.4190237047291226,-16.290329211194972,8,327
327,376,19.733872661692786,-0.3289475322685178,-16.549697323985605,9,328
328,376,21.81451690346168,-0.2517293500083647,-16.62967410645009,10,329
329,376,23.892094499207268,-0.1853870694517598,-16.579764303964417,11,330
330,376,25.971165008949345,-0.1278534117458631,-16.433580037906545,12,331
331,376,28.05185134997012,-0.0775624499244075,-16.214048132189383,13,332
332,376,30.131351697453336,-0.033315666665638,-15.937762159983665,14,333
333,376,32.209569354031515,0.0059024850565941,-15.616640624136927,15,334
334,376,34.28817491141879,0.0409280311320421,-15.259234926832312,16,335
335,376,36.36672078444231,0.0723942269238235,-14.87231932116348,17,336
336,376,38.44728165957961,0.1008467357158676,-14.460726600323312,18,337
337,376,40.52504851874848,0.1266439732141461,-14.02963440628993,19,338
338,376,42.60545014358481,0.1502016016125237,-13.581383432741518,20,339
339,376,44.686096616962026,0.1717767954114613,-13.119369577946609,21,340
340,376,46.76526856780846,0.1915951660931229,-12.646495876830528,22,341
341,376,48.84176154964212,0.2098538742446306,-12.16527906183331,23,342
342,376,50.920853733558566,0.2267727425939553,-11.676501232746569,24,343
343,376,53.00180369338786,0.2424904280300371,-11.182186641255896,25,344
