,particle_id,r,phi,z,layer_id,hit_id
381,423,3.102379858921751,1.4638109825955776,-1.2838007706944383,1,382
382,423,5.180066213706197,1.4851394612900777,-2.143684647089908,2,383
383,423,7.260414883973047,1.5052041992140317,-2.999894118461444,3,384
384,423,9.34021159181789,1.5240511948390945,-3.8476651361206247,4,385
385,423,11.418621851642264,1.5417567527260774,-4.683823822200955,5,386
386,423,13.497659863133617,1.558420741761362,-5.5068500144803725,6,387
387,423,15.576573200337013,1.5741165259556351,-6.314540109532338,7,388
388,423,17.654660287176355,1.588915490100131,-7.105101962773057,8,389
389,423,19.734470020182467,1.6029068225251533,-7.87827532090167,9,390
390,423,21.812527465045186,1.6161338566821406,-8.631814630178104,10,391
391,423,23.891809385510992,1.6286776361965003,-9.36607478111791,11,392
392,423,25.97238486047608,1.640594393298847,-10.080500927062792,12,393
393,423,28.05115098249913,1.6519190233049297,-10.773653464114554,13,394
394,423,30.13180956281605,1.6627198469902702,-11.446522066951667,14,395
395,423,32.211544156237544,1.673026066586834,-12.098058132935614,15,396
396,423,34.28755562604274,1.6828658703045902,-12.72743734023572,16,397
397,423,36.3676211293944,1.6923132022992995,-13.337087869448697,17,398
398,423,38.44931090510986,1.7013896211892086,-13.926371558063703,18,399
399,423,40.52663211019536,1.710101244667109,-14.49386942198892,19,400
400,423,42.60429963062307,1.7184978973368703,-15.04123655195869,20,401
401,423,44.68362630662706,1.7266113415627553,-15.569164782757069,21,402
402,423,46.7660092914658,1.7344711204969232,-16.078383059722004,22,403
403,423,48.84197756238192,1.7420654008837329,-16.567126264006184,23,404
404,423,50.923884914506,1.7494612987646825,-17.038878507373653,24,405
405,423,53.002277855696605,1.7566453341312591,-17.492098231375202,25,406
