,particle_id,r,phi,z,layer_id,hit_id
0,253,3.1001512842270857,-2.310930251746968,3.393465262347576,1,1
1,253,5.180176948954115,-2.292218444742958,5.295866663219414,2,2
2,253,7.259415166054381,-2.2791400554223444,7.05137341425587,3,3
3,253,9.339058966847224,-2.269359117008888,8.716204481940942,4,4
4,253,11.417515242959444,-2.261705412709572,10.320612468518656,5,5
5,253,13.497936030355406,-2.2554997455865085,11.886910562479647,6,6
6,253,15.576993656202951,-2.2503412086311405,13.426081156456274,7,7
7,253,17.655285839601582,-2.245958107325116,14.948276116185175,8,8
8,253,19.7346723145498,-2.242162856836296,16.462098751529435,9,9
9,253,21.81327483709319,-2.2388285642699755,17.971812496906004,10,10
10,253,23.8922565401617,-2.2358577632930645,19.482794892254383,11,11
11,253,25.972285479619835,-2.23317815537096,20.999296277361136,12,12
12,253,28.05276688618878,-2.230735750078864,22.524108088783084,13,13
13,253,30.131253899382497,-2.228490131617436,24.05825704609708,14,14
14,253,32.20927317663668,-2.2264050853986097,25.605408576297364,15,15
15,253,34.289118624041734,-2.224450734975062,27.169667363927736,16,16
16,253,36.36727362743062,-2.2226076064888067,28.750669266155874,17,17
17,253,38.44677575687099,-2.220853916441285,30.35296300698328,18,18
18,253,40.52761787378895,-2.219173626725792,31.97884805377174,19,19
19,253,42.60657710134164,-2.2175552917092274,33.628139126735164,20,20
20,253,44.6834048342029,-2.21598658483033,35.30304225090895,21,21
21,253,46.763647891603306,-2.214452186604736,37.01074462672571,22,22
22,253,48.842887116167006,-2.212945045316328,38.75065103392495,23,23
23,253,50.92205631650811,-2.2114545181384275,40.52689316202643,24,24
24,253,53.000885601039656,-2.209970905274408,42.34313539330367,25,25
