,particle_id,r,phi,z,layer_id,hit_id
3038,1011,3.101061747851796,2.039194148756373,-3.826131329632972,1,3039
3039,1011,5.179792803434488,2.022101650427321,-7.056098569967041,2,3040
3040,1011,7.25888920412322,2.004710714448655,-11.34657031730537,3,3041
3041,1011,9.337662095523807,1.9870536654170108,-18.904710927498943,4,3042
3042,1011,9.33740286569182,1.9919976072559304,-37.3627660960096,4,3043
3043,1011,9.337506939279365,1.936775218409141,-54.70571783814784,4,3044
3044,1011,11.416914599894811,1.849699606631076,-63.589448163713456,5,3045
3045,1011,13.495903301310396,1.7955872762182643,-68.76467932928834,6,3046
3046,1011,15.575100612747626,1.755265386401958,-72.79895613006897,7,3047
3047,1011,17.655129344813563,1.722398367596628,-76.21612898297528,8,3048
3048,1011,19.734010078789183,1.69384257697386,-79.22139206681926,9,3049
3049,1011,21.81275734154975,1.6677098486902753,-81.91992072852715,10,3050
3050,1011,23.89192972840128,1.642751540576171,-84.36842444544477,11,3051
3051,1011,25.97195897907696,1.6180398723684288,-86.59712817234075,12,3052
3052,1011,28.050893338322368,1.592826387726855,-88.61652714066481,13,3053
3053,1011,30.13003947106133,1.566366517911305,-90.42644286227974,14,3054
3054,1011,32.20924301312044,1.537886069988995,-92.01093373466982,15,3055
3055,1011,34.28823562167004,1.5064713897348565,-93.33681132355596,16,3056
3056,1011,36.36741359244196,1.470931698723668,-94.3470131720066,17,3057
3057,1011,38.446059411887305,1.4296380514606113,-94.94590111642654,18,3058
3058,1011,40.52505000553666,1.3801637310333166,-94.97403833099249,19,3059
3059,1011,42.60477378777438,1.318825821054761,-94.15710375113464,20,3060
3060,1011,44.6834163400986,1.2402192337796445,-92.02484115336988,21,3061
3061,1011,46.76309133862108,1.1377333254582884,-87.84284196531654,22,3062
3062,1011,48.842004872661214,1.0103136642600683,-80.93573439144308,23,3063
3063,1011,50.921311494572926,0.871748544918468,-71.6230472968835,24,3064
3064,1011,53.00062367521329,0.7401417609993693,-61.089109884923474,25,3065
