,particle_id,r,phi,z,layer_id,hit_id
22,273,3.100028882355231,-1.4158941632273052,-2.226107962004228,1,23
23,273,5.1796972288619685,-1.5161093870151483,-2.8984475142687174,2,24
24,273,7.25871596913272,-1.5902392707781496,-3.180121573905552,3,25
25,273,9.338869617636536,-1.6481012454931057,-3.1961253500667794,4,26
26,273,11.416847121865366,-1.6952285832301983,-3.02172589001713,5,27
27,273,13.497252527187571,-1.735140745199381,-2.705189602299562,6,28
28,273,15.576022502551757,-1.7699612494727788,-2.2809783199856426,7,29
29,273,17.65433448177874,-1.8012302502817368,-1.7744819689324205,8,30
30,273,19.73393670263352,-1.8300773097360563,-1.205922403285257,9,31
31,273,21.812819859643582,-1.857337467080744,-0.5941290385247129,10,32
32,273,23.89262774878763,-1.8837633093324544,0.0435928046775728,11,33
33,273,25.97128398255707,-1.910006352379093,0.6875335839416223,12,34
34,273,28.05167579952951,-1.9368012071546523,1.3159960123983367,13,35
35,273,30.129933823365388,-1.964897948519716,1.8984927934464508,14,36
36,273,32.20966852866569,-1.995367041581856,2.3944257414297283,15,37
37,273,34.287939648779115,-2.029607593601834,2.738865112093812,16,38
38,273,36.36695897560857,-2.069894722055856,2.823974756942903,17,39
39,273,38.446282153799885,-2.1200321395545885,2.4489970298379404,18,40
40,273,40.52536190305428,-2.186896994202435,1.2080623990419357,19,41
41,273,42.60438446287214,-2.2816876983765546,-1.7105553425765123,20,42
42,273,44.68344959103754,-2.40767802925084,-7.16398379451725,21,43
43,273,46.762947449998265,-2.534678958565052,-14.158102264250346,22,44
44,273,48.84167080978833,-2.638569819028754,-21.045533813832563,23,45
45,273,50.921417737272805,-2.7209062686623326,-27.4303437304918,24,46
46,273,53.00057541309181,-2.787633590744985,-33.389370311168136,25,47
