,particle_id,r,phi,z,layer_id,hit_id
1985,1114,3.100165310996467,-2.0785533548293302,-0.4446098276435126,1,1986
1986,1114,5.179274439153149,-2.082043203972128,-2.437596396284425,2,1987
1987,1114,7.258443180127532,-1.9952999831293703,-7.868785762950659,3,1988
1988,1114,9.33801105395814,-0.4457969513950228,-12.862865132482082,4,1989
1989,1114,11.41692712839458,-0.1343946933256563,-9.562196422353695,5,1990
1990,1114,13.495859120361338,0.0693786073678885,-6.260407680020831,6,1991
1991,1114,15.575489329392008,0.2196444499136069,-3.077856074542347,7,1992
1992,1114,17.655230595541674,0.3365954161201014,-0.0811364931954892,8,1993
1993,1114,19.73460552923393,0.4305037853607455,2.6992069510621737,9,1994
1994,1114,21.81303099785454,0.5074985564467924,5.253650295042997,10,1995
1995,1114,23.89245323766042,0.5716746341551738,7.5864411487354895,11,1996
1996,1114,25.971758869626303,0.6257906723242611,9.70289998477589,12,1997
1997,1114,28.05146973269688,0.6718910066376704,11.611861161869598,13,1998
1998,1114,30.12963153718629,0.7114579430416648,13.320053729586808,14,1999
1999,1114,32.20848273700967,0.745703462098523,14.837039623661322,15,2000
2000,1114,34.28820395836329,0.7755386741576159,16.169245836291324,16,2001
2001,1114,36.36742866938453,0.8016734462951217,17.321022470096366,17,2002
2002,1114,38.44612741192203,0.8247047423504963,18.29645127941061,18,2003
2003,1114,40.52503359962311,0.845134588032359,19.09849885136027,19,2004
2004,1114,42.60498554656473,0.8633865918779878,19.72840171214392,20,2005
2005,1114,44.68428649095814,0.8798068840142078,20.184918089469445,21,2006
2006,1114,46.76356068864564,0.8947234338275339,20.46543569754617,22,2007
2007,1114,48.84264246720931,0.9084333113944292,20.564277782954285,23,2008
2008,1114,50.92242321295157,0.9212329319609892,20.471679611522987,24,2009
2009,1114,53.000079647775856,0.9334117183313212,20.17200741174533,25,2010
