,particle_id,r,phi,z,layer_id,hit_id
27,133,3.1016556422981494,1.7334693709827766,2.052129230688081,1,28
28,133,5.180654108303744,1.7580512807758952,3.687849769971685,2,29
29,133,7.259967510182766,1.7855200779201834,5.578459150488754,3,30
30,133,9.337558487595372,1.816766816435821,7.782192279409038,4,31
31,133,11.418216472435336,1.853363789617944,10.40068463503316,5,32
32,133,13.496257851880546,1.8979437391834943,13.598053454424914,6,33
33,133,15.57593728618196,1.956717644197541,17.751305053131674,7,34
34,133,17.654361463547332,2.0516034677540165,24.12390397632708,8,35
35,133,17.65389536080056,2.4055892130953405,41.92282069637049,8,36
36,133,15.57457927309209,2.641681361359573,48.66826753356094,7,37
37,133,13.495712550915613,2.933785323204159,53.6603202694907,6,38
38,133,13.496392228831386,-2.25923861140114,62.13147249005461,6,39
39,133,15.575973673596089,-2.01170551875895,63.51923541665458,7,40
40,133,17.65565098584651,-1.856791045378371,64.3689366645793,8,41
41,133,19.733875127767096,-1.744214599360803,64.95687704283108,9,42
42,133,21.812730228223504,-1.656379867062746,65.37230576239155,10,43
43,133,23.89365464306072,-1.584782156442914,65.65663814782974,11,44
44,133,25.971201806697263,-1.5247771284585578,65.83249568989532,12,45
45,133,28.052478111446987,-1.4731463429569949,65.91505937080365,13,46
46,133,30.131456595507352,-1.428039155732297,65.91382679850969,14,47
47,133,32.20946317307464,-1.3880073376539923,65.83593769212567,15,48
48,133,34.288013901787814,-1.3519997736910605,65.68641160536183,16,49
49,133,36.36751444757383,-1.3192477844753951,65.46887144543356,17,50
50,133,38.44641825517163,-1.2891862302156067,65.18619590525711,18,51
51,133,40.52630517270752,-1.2613262946922137,64.84009283819367,19,52
52,133,42.605737235547686,-1.2353105113755103,64.43203842683067,20,53
53,133,44.685402052618166,-1.210816838551816,63.962544649750136,21,54
54,133,46.76478540300486,-1.1875845592653351,63.43174757201729,22,55
55,133,48.84168986626782,-1.165401698318511,62.83968512180599,23,56
56,133,50.92158607728795,-1.1439958885833712,62.18335681045174,24,57
57,133,53.00084944036209,-1.1231998854221037,61.4614104826774,25,58
