,particle_id,r,phi,z,layer_id,hit_id
1367,770,3.100278488590384,1.6799180234189814,-1.6356375552865856,1,1368
1368,770,5.180067522531018,1.7166692153417926,-2.463314087596501,2,1369
1369,770,7.258449947796522,1.7469031096872911,-3.1788555549607835,3,1370
1370,770,9.337785085224828,1.772899286409665,-3.823413171218533,4,1371
1371,770,11.416947367261134,1.7958886023515293,-4.420736586610904,5,1372
1372,770,13.496561799419856,1.8166492170409343,-4.986877993480366,6,1373
1373,770,15.57674591429513,1.835695158671892,-5.533001545540955,7,1374
1374,770,17.654238882558904,1.853360607677996,-6.066486313337226,8,1375
1375,770,19.73538391027965,1.869964582450116,-6.595248507399088,9,1376
1376,770,21.81426610038124,1.88566071910196,-7.122747554217671,10,1377
1377,770,23.89197009861924,1.9006169261054744,-7.653283038294571,11,1378
1378,770,25.971864509501287,1.914982942570506,-8.19105674912386,12,1379
1379,770,28.05137911282841,1.9288429618251384,-8.738237577347242,13,1380
1380,770,30.131640409871583,1.942289553323401,-9.297556791606318,14,1381
1381,770,32.20939891415674,1.9553737067578056,-9.870246354850664,15,1382
1382,770,34.28755617939978,1.968175009350667,-10.45896176058547,16,1383
1383,770,36.3670532946133,1.9807512550310853,-11.065673327386854,17,1384
1384,770,38.446556899485216,1.993139665858529,-11.691534641414911,18,1385
1385,770,40.52510740601743,2.00537450497035,-12.337636384909104,19,1386
1386,770,42.60499983638635,2.0175044453615514,-13.005979922389372,20,1387
1387,770,44.68598281441081,2.0295591448524006,-13.69771070438406,21,1388
1388,770,46.76508430492503,2.041549393426421,-14.412930124350243,22,1389
1389,770,48.84245508320398,2.053501253588894,-15.152651668735707,23,1390
1390,770,50.9214392664664,2.0654565660835336,-15.919018963502024,24,1391
1391,770,53.00258638229015,2.0774389641524595,-16.71319634627108,25,1392
