,particle_id,r,phi,z,layer_id,hit_id
1629,1381,3.1002137030190027,0.0531750607796663,-10.703856538775996,1,1630
1630,1381,5.179622603233219,0.2763485265379486,-23.12273356551853,2,1631
1631,1381,7.258371974806366,0.4157493736333009,-31.470337621629387,3,1632
1632,1381,9.337905943642037,0.4922800659015435,-37.32297356415658,4,1633
1633,1381,11.41688956702471,0.5397549190717718,-41.87624111600829,5,1634
1634,1381,13.496073628635225,0.5721789543801521,-45.62160480868765,6,1635
1635,1381,15.576782084691663,0.5959444266212975,-48.80432121051589,7,1636
1636,1381,17.655791932564977,0.614287418476047,-51.55988142737608,8,1637
1637,1381,19.733991348892065,0.6290563910710018,-53.97935728055295,9,1638
1638,1381,21.812547525748613,0.6413589292483475,-56.12495032578026,10,1639
1639,1381,23.892546601286472,0.6518945204819527,-58.04106364700098,11,1640
1640,1381,25.971656830323667,0.6611110743081428,-59.758024912383625,12,1641
1641,1381,28.05109177047932,0.6693301709789466,-61.30199791998631,13,1642
1642,1381,30.131356354165234,0.676776109848229,-62.69303121899114,14,1643
1643,1381,32.210555399529376,0.6836038619730486,-63.94585230775011,15,1644
1644,1381,34.28929676610117,0.6899357653306872,-65.0740705839053,16,1645
1645,1381,36.36717761705774,0.6958613551518907,-66.08847602508561,17,1646
1646,1381,38.44877622883675,0.7014624198011953,-67.00028197520963,18,1647
1647,1381,40.52679411955749,0.7067734430850163,-67.81412472554257,19,1648
1648,1381,42.60478293316,0.7118470002611007,-68.5383968592253,20,1649
1649,1381,44.68393654156888,0.7167200366189679,-69.17930898602769,21,1650
1650,1381,46.76263323259965,0.7214163249709006,-69.74145705447401,22,1651
1651,1381,48.84337536530392,0.725963956920558,-70.22996662920983,23,1652
1652,1381,50.921882312465975,0.7303722231612318,-70.64786504439488,24,1653
1653,1381,53.001529827907376,0.7346638602492962,-70.99947669116963,25,1654
