,particle_id,r,phi,z,layer_id,hit_id
134,184,3.1017038767390988,1.202553803012338,-1.6203178379710366,1,135
135,184,5.179697635837859,1.1282973804471883,-2.409466464046943,2,136
136,184,7.259470135866202,1.0528491532529924,-2.9354387553645083,3,137
137,184,9.339243315484648,0.978277613946595,-3.1924075009082244,4,138
138,184,11.418517157424471,0.9063326685963312,-3.190714741723788,5,139
139,184,13.496841734588568,0.8382338319615978,-2.951790998805322,6,140
140,184,15.57568535780441,0.7745694165352712,-2.501652809129276,7,141
141,184,17.656030100029643,0.7154859486412511,-1.8660275130784283,8,142
142,184,19.73374624546741,0.660950212420098,-1.069764193947513,9,143
143,184,21.8131626923117,0.610517520143658,-0.13081957485808,10,144
144,184,23.892538134178366,0.5638227671189787,0.934765309974388,11,145
145,184,25.97180981696747,0.520430518618504,2.1152657623442472,12,146
146,184,28.05074513488941,0.479916929506633,3.402104393939794,13,147
147,184,30.13170320119062,0.4418348949656688,4.791266548450487,14,148
148,184,32.20930023901123,0.4059048712657453,6.275924951083219,15,149
149,184,34.28830363804307,0.3716919735782178,7.858437671360722,16,150
150,184,36.36786999297313,0.3388837675935939,9.53951827471968,17,151
151,184,38.44632617514775,0.307190456038982,11.321167403329074,18,152
152,184,40.52577346448844,0.2762668978018011,13.21096547133316,19,153
153,184,42.6061425553195,0.2457914288064935,15.217631366144612,20,154
154,184,44.6843730506773,0.2154566005890179,17.35033847784908,21,155
155,184,46.76253501733736,0.1848252094262509,19.628121935099983,22,156
156,184,48.84230961134403,0.1533666872320828,22.0772435738204,23,157
157,184,50.92090385871868,0.1204440032664782,24.72983480402377,24,158
158,184,53.001756017934056,0.0849985885266407,27.644843798555627,25,159
