,particle_id,r,phi,z,layer_id,hit_id
163,192,3.100328530437795,-0.3748325198763627,9.911531938738475,1,164
164,192,5.180443813481854,-0.3525683490748401,12.749429377500022,2,165
165,192,7.258815540394892,-0.3386730401663728,14.663025644534043,3,166
166,192,9.338007094777293,-0.3287602744258775,16.01684598522143,4,167
167,192,11.417501090672602,-0.321143949743324,16.982444804512234,5,168
168,192,13.496244690834493,-0.31499997437088,17.657746287092486,6,169
169,192,15.576213180351484,-0.3098572954632876,18.10577233540628,7,170
170,192,17.655662677786307,-0.3054323123603889,18.36867854863469,8,171
171,192,19.734250753398943,-0.3015330832067778,18.477246562401803,9,172
172,192,21.81496382620694,-0.2980186331949853,18.45443363881143,10,173
173,192,23.892201678267565,-0.2947971278350649,18.31807161640905,11,174
174,192,25.97293233256011,-0.2917786846779439,18.08166049018913,12,175
175,192,28.050567446536387,-0.2889080972405454,17.75713557801059,13,176
176,192,30.12989500899306,-0.2861225563999616,17.353013060981894,14,177
177,192,32.20849522262383,-0.2833743314629248,16.877290324232696,15,178
178,192,34.28931150035297,-0.2806103553963935,16.335547309277416,16,179
179,192,36.36714062003994,-0.277787553500663,15.734458040418644,17,180
180,192,38.44647216652428,-0.2748461181031317,15.077194090633242,18,181
181,192,40.52526532158011,-0.2717279338106498,14.367985560719347,19,182
182,192,42.60455718044976,-0.2683588352639061,13.609369259374,20,183
183,192,44.68475981226458,-0.2646470313072924,12.8032829235311,21,184
184,192,46.76426484387746,-0.2604761441123079,11.951627012904725,22,185
185,192,48.84190220884619,-0.2556850806021109,11.055160226193934,23,186
186,192,50.92112320489019,-0.2500253037578279,10.111014536226447,24,187
187,192,53.001529318739095,-0.2431163038115733,9.115237842324994,25,188
