,particle_id,r,phi,z,layer_id,hit_id
340,530,3.1017050101121404,-2.8692975338898514,-2.004419462677461,1,341
341,530,5.179361819234714,-2.891090187911909,-3.2970970816413683,2,342
342,530,7.2596962431984595,-2.913562918417282,-4.5601637414512695,3,343
343,530,9.337789160514989,-2.9368565545835867,-5.796384055842388,4,344
344,530,11.417523686627424,-2.961212240507675,-7.0125206325703004,5,345
345,530,13.496351466211744,-2.9868110438141184,-8.210331705657495,6,346
346,530,15.575168963672835,-3.013894289995134,-9.39244591517808,7,347
347,530,17.655482810168873,-3.0427444309457945,-10.560541157993384,8,348
348,530,19.73487120137324,-3.0736302022695177,-11.712571827987716,9,349
349,530,21.81397281552643,-3.1069143834544826,-12.846253812443244,10,350
350,530,23.89313716471297,3.140157255928924,-13.956400396975894,11,351
351,530,25.970907571321003,3.1007222562658785,-15.032919424615308,12,352
352,530,28.05109102669348,3.057240909111014,-16.062375008701288,13,353
353,530,30.130439361551765,3.008940936442985,-17.018126807129214,14,354
354,530,32.209467688245255,2.954693976147907,-17.85934552485933,15,355
355,530,34.28828118594445,2.8928856211039293,-18.51538859740903,16,356
356,530,36.366983379611554,2.8208637175550413,-18.852884931000084,17,357
357,530,38.44627202086267,2.732947280978,-18.562180069660137,18,358
358,530,40.525008319279046,2.6038480371933663,-16.20513187907541,19,359
359,530,40.52494561559117,2.505149744663247,-9.979165531362696,19,360
360,530,40.52541581989214,2.6698816112995565,-1.7901392180668552,19,361
361,530,42.6044378294912,2.727115657601296,-2.2335069499406828,20,362
362,530,44.684147232351,2.760012249819021,-3.052954723829025,21,363
363,530,46.76310809690898,2.780288172327245,-4.004302143519816,22,364
364,530,48.84240035614356,2.7921789610260883,-5.004941424768347,23,365
365,530,50.92214655716425,2.7978616813572725,-6.007766497776217,24,366
366,530,53.00019798557394,2.798670341269342,-6.976573781067735,25,367
