,particle_id,r,phi,z,layer_id,hit_id
1283,1053,3.100273978054738,0.0471630211659137,-1.3211243981512624,1,1284
1284,1053,5.179354673513588,-0.0896584333894734,-3.5027102113253648,2,1285
1285,1053,7.258705106279771,-0.242576808183186,-6.962076195897303,3,1286
1286,1053,9.337528863073308,-0.4193615252000008,-11.922092401008328,4,1287
1287,1053,11.416818608859751,-0.6200647728942925,-18.32140860943409,5,1288
1288,1053,13.49665171694372,-0.8247532137303969,-25.39766141236248,6,1289
1289,1053,15.575457562534814,-1.0066037112879778,-32.15106982087652,7,1290
1290,1053,17.655075391459647,-1.1562092619632454,-38.16798043662193,8,1291
1291,1053,19.733922397759788,-1.277002424102318,-43.470497339896575,9,1292
1292,1053,21.812577311221645,-1.3753267218424947,-48.19719244294991,10,1293
1293,1053,23.89185891602561,-1.4565701542438374,-52.47468876345485,11,1294
1294,1053,25.971583085518084,-1.5246939969382214,-56.39680724157528,12,1295
1295,1053,28.05154299231348,-1.582568435055537,-60.03199038171826,13,1296
1296,1053,30.130884077525497,-1.6322708559422343,-63.429393930397545,14,1297
1297,1053,32.2085492334271,-1.6753381226690904,-66.625328308385,15,1298
1298,1053,34.28813091738269,-1.7130094575623287,-69.65394048329098,16,1299
1299,1053,36.36747173842953,-1.7461309827709042,-72.53409877702398,17,1300
1300,1053,38.44723992003944,-1.7754049971882586,-75.28423419933412,18,1301
1301,1053,40.52564815898139,-1.801351881651494,-77.916077730698,19,1302
1302,1053,42.60625180343472,-1.8244447140049351,-80.44542063772863,20,1303
1303,1053,44.68407685007036,-1.8449716588825853,-82.87552923172294,21,1304
1304,1053,46.76447200854548,-1.863258319719274,-85.22030639654264,22,1305
1305,1053,48.842651546483495,-1.879475855061641,-87.48061273908647,23,1306
1306,1053,50.921953819592176,-1.8938150491293888,-89.66528973511188,24,1307
1307,1053,53.00136694222861,-1.9063826159272963,-91.77735464445738,25,1308
