,particle_id,r,phi,z,layer_id,hit_id
272,358,3.100820341494651,2.1857295255294606,1.652700561244501,1,273
273,358,5.180002393837074,2.125022864779391,3.611332972761687,2,274
274,358,7.258481402826766,2.045248150465039,6.591644792579942,3,275
275,358,9.33752197032873,1.933924880534545,11.197662361517068,4,276
276,358,11.417052930069744,1.7565330431441295,18.99798889619887,5,277
277,358,13.495901377844268,0.4730783926428855,59.88642527866115,6,278
278,358,15.575718582113073,-0.0156419244528674,68.45985766441244,7,279
279,358,17.654405242514226,-0.2403548732443015,72.20018431804745,8,280
280,358,19.73357502064396,-0.3921909773624443,74.7800413403642,9,281
281,358,21.81415711947144,-0.5064019796318934,76.7728628804556,10,282
282,358,23.891717065926656,-0.5971050030824075,78.38868298318869,11,283
283,358,25.97183390674809,-0.6720004224805609,79.73701411157992,12,284
284,358,28.05203201716289,-0.735383958159649,80.87548953083783,13,285
285,358,30.129487820592512,-0.7900297801787719,81.83995582264268,14,286
286,358,32.20864235763376,-0.838001031007139,82.65672615988426,15,287
287,358,34.288126978389954,-0.8806433481014821,83.34104870220295,16,288
288,358,36.36686103960393,-0.9189642127417548,83.90294587707393,17,289
289,358,38.44681909555094,-0.95378601353371,84.34885735815102,18,290
290,358,40.52685159999975,-0.9857078536285075,84.68050106194418,19,291
291,358,42.605556663090304,-1.015217267505682,84.89588221765253,20,292
292,358,44.68334736749672,-1.0427533861878882,84.98867872391278,21,293
293,358,46.762664239381145,-1.0687337669760053,84.9459296602235,22,294
294,358,48.84319349051247,-1.0935303798841334,84.74405532476351,23,295
295,358,50.92093097053919,-1.1175232964375907,84.3414151510955,24,296
296,358,53.00082430242059,-1.141371498151176,83.65267103177338,25,297
