,particle_id,r,phi,z,layer_id,hit_id
75,122,3.1006613938850047,-2.398538881748601,0.672108962472505,1,76
76,122,5.180960237749899,-2.382519377500194,1.0038372343492696,2,77
77,122,7.260378590383161,-2.368169385739072,1.254940306630159,3,78
78,122,9.339584998764176,-2.355207716911596,1.435515235565589,4,79
79,122,11.416756209197985,-2.3434313615467746,1.553516118240994,5,80
80,122,13.49842742551865,-2.332638134432854,1.6157727147239669,6,81
81,122,15.575105096989509,-2.3227438930468973,1.627464443205474,7,82
82,122,17.65689661122604,-2.3135927661574818,1.5932411603955874,8,83
83,122,19.73333384447433,-2.3051429403161023,1.5171848923908513,9,84
84,122,21.813764590933648,-2.2972833263402035,1.402360396816869,10,85
85,122,23.8922556856402,-2.289977275082862,1.251960135571732,11,86
86,122,25.97315752385484,-2.283159611739575,1.0682243716798183,12,87
87,122,28.05130869367964,-2.276805356611645,0.8538824860650376,13,88
88,122,30.131862911993583,-2.270863668994888,0.6104321647101845,14,89
89,122,32.21011205557833,-2.2653189137781307,0.3402344540596953,15,90
90,122,34.28820914184251,-2.260140568857653,0.0446953421639531,16,91
91,122,36.36835846588022,-2.255303938891818,-0.2750389398991313,17,92
92,122,38.44594128487994,-2.2508039291067945,-0.6168796710400848,18,93
93,122,40.52634028941123,-2.246616888643946,-0.9804470438176996,19,94
94,122,42.6045981604784,-2.242744421113828,-1.3637024806240117,20,95
95,122,44.68545434012822,-2.2391727247266404,-1.766411862068903,21,96
96,122,46.7632524748021,-2.2359098981122343,-2.18641727274329,22,97
97,122,48.8448058957834,-2.2329476875776324,-2.624087199330381,23,98
98,122,50.92318546705154,-2.230302599590228,-3.0769835711216977,24,99
99,122,53.000163286024325,-2.2279827483924164,-3.5444664007364377,25,100
