,particle_id,r,phi,z,layer_id,hit_id
612,598,3.103511384769263,-0.4140081811883443,1.4908040807373766,1,613
613,598,5.180382393777236,-0.4099188712205879,2.40750704166058,2,614
614,598,7.261642774820592,-0.4056371452951336,3.2611371002643352,3,615
615,598,9.337859044987232,-0.4011790306467011,4.047775531641548,4,616
616,598,11.41747468776333,-0.3965226262610695,4.77046850286402,5,617
617,598,13.49825913919136,-0.3916676860884275,5.427840205113213,6,618
618,598,15.577949661050168,-0.3866141617188066,6.018624136748585,7,619
619,598,17.654257091073287,-0.3813621591884052,6.541666005757591,8,620
620,598,19.735770169234574,-0.3758826367434786,6.998137428009287,9,621
621,598,21.81287706919311,-0.3701927035340093,7.384791304909825,10,622
622,598,23.89405326320309,-0.3642599165792702,7.701902181763813,11,623
623,598,25.97316743698071,-0.358090796091947,7.94687689972686,12,624
624,598,28.0512441123914,-0.351670690969746,8.118176924582258,13,625
625,598,30.132732330388908,-0.3449714686074008,8.213922375275772,14,626
626,598,32.211154403020885,-0.3379979418246488,8.231345008474676,15,627
627,598,34.290568528691,-0.3307185870334618,8.167763874510783,16,628
628,598,36.36769441044998,-0.3231241299015845,8.020094045070323,17,629
629,598,38.44598183383036,-0.3151779515256109,7.784394043002422,18,630
630,598,40.52837302515623,-0.306839295720935,7.455628104311401,19,631
631,598,42.60719277471127,-0.2981060497588103,7.0299187734191975,20,632
632,598,44.68459689034637,-0.2889325262070122,6.501311991341567,21,633
633,598,46.765250626685386,-0.2792527192400637,5.86162569812987,22,634
634,598,48.84330340443277,-0.2690407221263429,5.104566121001923,23,635
635,598,50.92177208750441,-0.2582195929821712,4.219722059675334,24,636
636,598,53.002362339708405,-0.2467035719556745,3.1948070494543543,25,637
