,particle_id,r,phi,z,layer_id,hit_id
1963,1075,3.1025014031853617,2.7835677153859515,-0.8444658417339799,1,1964
1964,1075,5.180214189647883,2.780672791066112,-1.3552190163085296,2,1965
1965,1075,7.25997193612073,2.7777076809573726,-1.825855034818432,3,1966
1966,1075,9.339468462684398,2.7746697601521224,-2.258265187909375,4,1967
1967,1075,11.416883421760824,2.7715554033390286,-2.6542780869386142,5,1968
1968,1075,13.49876313483646,2.76834757127385,-3.016961497080345,6,1969
1969,1075,15.5762076244831,2.765052157236949,-3.3464158887247724,7,1970
1970,1075,17.656425217248103,2.7616491506975844,-3.645284348301221,8,1971
1971,1075,19.73482854661825,2.758136307207068,-3.914179259338356,9,1972
1972,1075,21.81491779948445,2.7544968603852413,-4.154705642453576,10,1973
1973,1075,23.89215042333316,2.75072664302346,-4.367382093896577,11,1974
1974,1075,25.9739361826932,2.746798130063547,-4.553843227518586,12,1975
1975,1075,28.051478387485467,2.7427120318952625,-4.714101635149232,13,1976
1976,1075,30.131684644052275,2.738436670434976,-4.84943576864406,14,1977
1977,1075,32.20917479701047,2.733961929957945,-4.960128219032406,15,1978
1978,1075,34.28980481136781,2.7292502686712345,-5.047040137801604,16,1979
1979,1075,36.36713919518099,2.7242869196010626,-5.110390390206225,17,1980
1980,1075,38.44907492978553,2.71901750454906,-5.150818563309908,18,1981
1981,1075,40.52736694028827,2.7134200102692634,-5.168507627847214,19,1982
1982,1075,42.60710986855137,2.707428708026513,-5.163839430289992,20,1983
1983,1075,44.68424572431973,2.700990007943943,-5.137092413508082,21,1984
1984,1075,46.76255739911566,2.694008877119267,-5.0884473787089135,22,1985
1985,1075,48.8419611781024,2.6863750512222726,-5.018044698632773,23,1986
1986,1075,50.92361018927492,2.677934682845181,-4.92595542859277,24,1987
1987,1075,53.00174326447977,2.6685054998067974,-4.8126436129894525,25,1988
