,particle_id,r,phi,z,layer_id,hit_id
132,122,3.1010900550001943,0.5507248415383482,0.0175615320943887,1,133
133,122,5.179794617718371,0.5505294257535074,-0.0369953610314528,2,134
134,122,7.259040426116688,0.5511464254453252,-0.1301296634494377,3,135
135,122,9.337741222394923,0.5524164523828256,-0.2515806560944025,4,136
136,122,11.419300655400145,0.5542147888578532,-0.3930321542340635,5,137
137,122,13.49758422359092,0.5564326375217851,-0.5468536346704802,6,138
138,122,15.575820782563378,0.5589881081352875,-0.707130222567212,7,139
139,122,17.65561091466566,0.5618140260882466,-0.8687365167813397,8,140
140,122,19.73339276758665,0.5648478002426455,-1.0268531969111925,9,141
141,122,21.815337162251584,0.568050338487564,-1.177965965226505,10,142
142,122,23.89277414798785,0.5713674858393312,-1.317947257646377,11,143
143,122,25.97294496716623,0.5747758809459735,-1.4441736256241242,12,144
144,122,28.0508720404322,0.5782375636936856,-1.553521481651872,13,145
145,122,30.131381075207774,0.581734629982115,-1.6436584016517752,14,146
146,122,32.209781588391614,0.5852364236616313,-1.7119778468322764,15,147
147,122,34.28792528598746,0.5887257668143688,-1.756313761317406,16,148
148,122,36.36769771983119,0.592187431475454,-1.774499774991252,17,149
149,122,38.4476087209576,0.5956019251868208,-1.7643419218750207,18,150
150,122,40.52598718580455,0.5989505569264753,-1.7237211919203368,19,151
151,122,42.60417114710257,0.60222009529731,-1.6504349621552483,20,152
152,122,44.68629938379866,0.6054013899714029,-1.541910665527903,21,153
153,122,46.76303619473652,0.6084644565604417,-1.3961593353033397,22,154
154,122,48.843629373278674,0.6114062286115082,-1.209795137978464,23,155
155,122,50.923492646245776,0.6142014439962702,-0.9799964860160486,24,156
156,122,53.00011913759075,0.6168261720758603,-0.7035359624040165,25,157
