,particle_id,r,phi,z,layer_id,hit_id
1384,752,3.102108703641442,2.361056285232478,-0.6603655179875929,1,1385
1385,752,5.179687680858198,2.3590663063405186,-1.0471094809121553,2,1386
1386,752,7.258629741383303,2.3566815739302065,-1.3915045486310549,3,1387
1387,752,9.338536307400746,2.353913712719261,-1.6945341969759085,4,1388
1388,752,11.419401964188816,2.3507687301109907,-1.9568183352436848,5,1389
1389,752,13.4984503021848,2.3472528965358173,-2.178311357405512,6,1390
1390,752,15.576075662888808,2.343363979754561,-2.359059565502754,7,1391
1391,752,17.655677421849138,2.3390889558723424,-2.4988976712891784,8,1392
1392,752,19.734532801118608,2.33442255577012,-2.596810659469586,9,1393
1393,752,21.812718276967715,2.329350381522377,-2.6516919287951737,10,1394
1394,752,23.892845909675422,2.3238466869049503,-2.662039584076112,11,1395
1395,752,25.971255692176666,2.3178973706925854,-2.6258918525343766,12,1396
1396,752,28.052209422184504,2.311460893854865,-2.5407569508692944,13,1397
1397,752,30.130756156732208,2.304517410016851,-2.4039383956934977,14,1398
1398,752,32.209284873486766,2.297017626142528,-2.211892611943842,15,1399
1399,752,34.28871311194968,2.2889071284749263,-1.9603349497171365,16,1400
1400,752,36.368287921183686,2.280127226661369,-1.6443240282539549,17,1401
1401,752,38.44773658940786,2.270604951368171,-1.25791275176163,18,1402
1402,752,40.52657422607825,2.2602524181415142,-0.7940048506366892,19,1403
1403,752,42.60542685505554,2.248955024648883,-0.2437017126963212,20,1404
1404,752,44.68454168794085,2.2365708291983872,0.4039113183530745,21,1405
1405,752,46.76393257887871,2.2229194602874887,1.162436446713215,22,1406
1406,752,48.84245236500471,2.207772674014544,2.048731436277308,23,1407
1407,752,50.92170301180037,2.190796953035895,3.0862807944179167,24,1408
1408,752,53.00020813788971,2.171543679122282,4.305665851623033,25,1409
