,particle_id,r,phi,z,layer_id,hit_id
443,383,3.1016511075101247,0.5799222341567682,-1.390199402432149,1,444
444,383,5.179480455945572,0.5715544828098708,-2.3756089356688257,2,445
445,383,7.261327191699233,0.563384924429936,-3.406068637656677,3,446
446,383,9.339671636068438,0.5554116216121434,-4.47775094283304,4,447
447,383,11.419413686065573,0.5475861245802721,-5.593167408329972,5,448
448,383,13.49635038264495,0.5398964043924351,-6.750232223761667,6,449
449,383,15.575681063713269,0.5322965687138523,-7.952198047170009,7,450
450,383,17.656395233391383,0.524764574934514,-9.19912450821038,8,451
451,383,19.734291117495264,0.5172897715555768,-10.48912947771264,9,452
452,383,21.81440377665485,0.5098279100234677,-11.826165553768638,10,453
453,383,23.8922246635524,0.5023682674459777,-13.208351400479923,11,454
454,383,25.9722470004652,0.494866372459143,-14.63988378897738,12,455
455,383,28.052364697017094,0.4872993061686413,-16.12081691430798,13,456
456,383,30.13004139819154,0.4796430620897886,-17.650925878421162,14,457
457,383,32.21102381909638,0.4718389805306391,-19.23642585136338,15,458
458,383,34.28832428628044,0.4638705732900543,-20.87426288198144,16,459
459,383,36.36843660614782,0.455662967137986,-22.57222280255834,17,460
460,383,38.44764091251856,0.4471705805669587,-24.33056389564917,18,461
461,383,40.526006826188535,0.4383199829605945,-26.153141025850765,19,462
462,383,42.60619364066197,0.4290068350990197,-28.04708047575556,20,463
463,383,44.68460139789902,0.4191268742558741,-30.015034496278496,21,464
464,383,46.7626806830525,0.4085122779368967,-32.06585920454359,22,465
465,383,48.84329854750451,0.3969196894853325,-34.21261774276266,23,466
466,383,50.921904448475374,0.384037315325747,-36.46466624735071,24,467
467,383,53.00148637529382,0.3693111214917599,-38.84590781990232,25,468
