,particle_id,r,phi,z,layer_id,hit_id
1838,1351,3.1014974683216265,2.581740518959631,-0.3339522816262139,1,1839
1839,1351,5.181218661347649,2.5861061428626417,-0.4688868538394661,2,1840
1840,1351,7.259401326680515,2.590230239170125,-0.5215099894114079,3,1841
1841,1351,9.338364503103046,2.5940685679762487,-0.4820404816036738,4,1842
1842,1351,11.418056005380604,2.597567208321094,-0.3399038586512439,5,1843
1843,1351,13.496028381758164,2.6006633306770617,-0.0842200134397561,6,1844
1844,1351,15.576762753806236,2.603297580760444,0.2975273385043264,7,1845
1845,1351,17.65517093809868,2.6053897249402254,0.8171304280132139,8,1846
1846,1351,19.735149435775813,2.606860675600601,1.4890974161769623,9,1847
1847,1351,21.813356817368533,2.6076134828379467,2.3269223194539235,10,1848
1848,1351,23.89271307528735,2.6075410169493782,3.3474083491914017,11,1849
1849,1351,25.97113338710997,2.6065182434017893,4.5664326173369965,12,1850
1850,1351,28.05017867587648,2.604399691978379,6.002990399601454,13,1851
1851,1351,30.13050377071416,2.601014163338524,7.677246352570204,14,1852
1852,1351,32.20991729267279,2.596167232994714,9.608109794540631,15,1853
1853,1351,34.2893078513698,2.589626121018427,11.817819025137506,16,1854
1854,1351,36.36673427423538,2.5811282505292974,14.325953869353436,17,1855
1855,1351,38.44648360757304,2.570338582755402,17.159414535934857,18,1856
1856,1351,40.52649316869676,2.5568967445851083,20.33560495615924,19,1857
1857,1351,42.604612921009895,2.540404415403432,23.865665763510865,20,1858
1858,1351,44.68373982281231,2.5203863394838013,27.76005931558589,21,1859
1859,1351,46.76329405816276,2.4963789742849305,32.008439153070086,22,1860
1860,1351,48.84291164586008,2.467964228166569,36.57668014278784,23,1861
1861,1351,50.92190224174527,2.434869641113643,41.39634259729093,24,1862
1862,1351,53.00013296069229,2.3970792877899174,46.35970234015533,25,1863
