,particle_id,r,phi,z,layer_id,hit_id
2044,925,3.100780473650773,-1.9685963846732764,-10.430980948239627,1,2045
2045,925,5.179588443155671,-1.7806882735859773,-16.707990283723106,2,2046
2046,925,7.258525380231592,-1.609237883953911,-21.81631166959233,3,2047
2047,925,9.338477609891106,-1.4671453722880798,-25.79685082637571,4,2048
2048,925,11.417530213339385,-1.3525398744223105,-28.89789382647816,5,2049
2049,925,13.496426373476464,-1.2594428294348117,-31.34972380119569,6,2050
2050,925,15.576368519941935,-1.1824886436730209,-33.31471728593306,7,2051
2051,925,17.655802357613737,-1.1177581881351606,-34.89951059446396,8,2052
2052,925,19.73358954830467,-1.062415358716551,-36.17666482063736,9,2053
2053,925,21.81280124642976,-1.0143302432147363,-37.19794936936096,10,2054
2054,925,23.89172555697933,-0.9720610078734054,-37.996760213201725,11,2055
2055,925,25.97185051242775,-0.9344804078301748,-38.59729944911695,12,2056
2056,925,28.05047907375792,-0.9008091775194031,-39.01476038034989,13,2057
2057,925,30.13096672612493,-0.8703617367317417,-39.25962818503584,14,2058
2058,925,32.210040270289504,-0.8426983596034662,-39.336226762648735,15,2059
2059,925,34.288694651472404,-0.8174207375331507,-39.24494896806914,16,2060
2060,925,36.36743951585433,-0.7942227584939522,-38.9813171221509,17,2061
2061,925,38.44728528804907,-0.7728600009582356,-38.5354494551498,18,2062
2062,925,40.52671408315639,-0.7531669667155233,-37.891804872744,19,2063
2063,925,42.6058652033033,-0.7350051191663506,-37.02655920328577,20,2064
2064,925,44.68409066936435,-0.7182846386477157,-35.904816560100926,21,2065
2065,925,46.76291593927612,-0.7029417461321708,-34.472811925895144,22,2066
2066,925,48.842130621688014,-0.6889778051689454,-32.64797936445257,23,2067
2067,925,50.92166019714181,-0.6764607290644545,-30.29293749520405,24,2068
2068,925,53.00003426342349,-0.6655743851501639,-27.15476028838272,25,2069
