,particle_id,r,phi,z,layer_id,hit_id
207,620,3.1006126191764447,-3.1388639710200867,7.3637926120932065,1,208
208,620,5.17955540477486,-2.8715534196750387,8.764228479345341,2,209
209,620,7.2591449722339165,-2.7568970323136988,9.446679625705748,3,210
210,620,9.337824065496758,-2.693171208195692,9.735207232059729,4,211
211,620,11.4174226723538,-2.6526036753759,9.733876040502537,5,212
212,620,13.49723596297206,-2.624314519195891,9.488256345096566,6,213
213,620,15.576465417304645,-2.603051497501652,9.020334789388478,7,214
214,620,17.65458976386927,-2.585903021196084,8.339511826710485,8,215
215,620,19.733815202921303,-2.571050340413122,7.445752553728312,9,216
216,620,21.813078967041506,-2.5572650627542006,6.333562563629329,10,217
217,620,23.89304297978013,-2.543591898617147,4.99081684042919,11,218
218,620,25.971003357230035,-2.529224407939065,3.401780669206623,12,219
219,620,28.051266684739307,-2.513319823063107,1.5384897682108516,13,220
220,620,30.12939736872796,-2.495009946588292,-0.6280331084520938,14,221
221,620,32.20876394149457,-2.473155033706929,-3.1444352860954226,15,222
222,620,34.287893560198974,-2.4462808404138645,-6.065375009890822,16,223
223,620,36.36757463859906,-2.412254930141843,-9.462807017673263,17,224
224,620,38.44666461312251,-2.367941393472309,-13.416245652130556,18,225
225,620,40.5257782842603,-2.308605585360876,-17.99291392044518,19,226
226,620,42.60438470816816,-2.227772144993704,-23.14823138893244,20,227
227,620,44.68354210795089,-2.119271275801178,-28.50158604012076,21,228
228,620,46.76268281688039,-1.9839341059351128,-33.13048558757142,22,229
229,620,48.841778761814616,-1.832030975115852,-35.99826299869784,23,230
230,620,50.92108899019367,-1.6736110179187185,-36.61712280213037,24,231
231,620,53.0005086745555,-1.5144259935441409,-35.067941738148214,25,232
