,particle_id,r,phi,z,layer_id,hit_id
2267,1673,3.100011037966296,-3.039430922231796,-1.924006298971375,1,2268
2268,1673,5.180506657305395,-3.0388056019595755,-3.284181969850617,2,2269
2269,1673,7.259194025336927,-3.038381931348285,-4.6928136589503815,3,2270
2270,1673,9.338545683169544,-3.0381654645256067,-6.148433466691294,4,2271
2271,1673,11.418712803721968,-3.0381741029503684,-7.649168115782734,5,2272
2272,1673,13.49636762604257,-3.0384370202263367,-9.191356537759615,6,2273
2273,1673,15.575022470520036,-3.03899741737258,-10.77701734537448,7,2274
2274,1673,17.655208891828362,-3.0399160298192025,-12.406666699945184,8,2275
2275,1673,19.7338359992354,-3.0412739460569207,-14.078443693244829,9,2276
2276,1673,21.813825832446195,-3.043186772704637,-15.795774700671195,10,2277
2277,1673,23.89221213004601,-3.04581057759239,-17.55782892501533,11,2278
2278,1673,25.97223343150001,-3.0493771988861296,-19.369587099289124,12,2279
2279,1673,28.050461816036474,-3.0542173939954007,-21.231000017480383,13,2280
2280,1673,30.1298580312168,-3.0608595037669253,-23.14851448609802,14,2281
2281,1673,32.209417947759306,-3.0701634783164526,-25.12619096573528,15,2282
2282,1673,34.2875087143324,-3.083672649308676,-27.168775351420173,16,2283
2283,1673,36.36722936467177,-3.10463584208983,-29.28729912880055,17,2284
2284,1673,38.4460333147816,3.141513429971349,-31.486797534696173,18,2285
2285,1673,40.52513077132044,3.0404404813646466,-33.72720058581842,19,2286
2286,1673,40.52488186081965,2.668999518406658,-32.676281372685274,19,2287
2287,1673,40.525179496659405,1.989726318208716,-28.98455918838423,19,2288
2288,1673,42.60457384133958,1.6547386509228768,-28.63502172747199,20,2289
2289,1673,44.683850848238805,1.460517987878767,-29.01830056579776,21,2290
2290,1673,46.763262368701525,1.3122080647365413,-29.66099046875992,22,2291
2291,1673,48.84205814472597,1.1880977820840877,-30.474241159989568,23,2292
2292,1673,50.92109543792414,1.0784319700673504,-31.434592513882187,24,2293
2293,1673,53.00031625668877,0.9773270214952666,-32.54600325659481,25,2294
