,particle_id,r,phi,z,layer_id,hit_id
3154,2158,3.1001150759924547,-3.0398717665468995,-1.4537452651411655,1,3155
3155,2158,5.180079249788919,-3.032669678358715,-2.630957231722757,2,3156
3156,2158,7.258848754131357,-3.023805804624056,-4.003126144349412,3,3157
3157,2158,9.337990774005805,-3.012549106170476,-5.617460904309166,4,3158
3158,2158,11.417572321906208,-2.997598798024023,-7.551583304901207,5,3159
3159,2158,13.495974083437446,-2.9762688366052035,-9.952051144144862,6,3160
3160,2158,15.575598068661098,-2.941126735212034,-13.188814184748814,7,3161
3161,2158,17.654171001886343,-2.842656827904123,-19.340724679682367,8,3162
3162,2158,17.653963455038244,-2.6431980171500222,-25.98114077474888,8,3163
3163,2158,17.654367708037782,-1.89996508314264,-35.30666693775576,8,3164
3164,2158,19.734372859123688,-1.6456198690034691,-37.23234952121385,9,3165
3165,2158,21.81264875048326,-1.4992690990420758,-38.296365204892936,10,3166
3166,2158,23.89262478739659,-1.3953489318495158,-39.04985680545245,11,3167
3167,2158,25.973102271248376,-1.3156563000992187,-39.62755611316979,12,3168
3168,2158,28.052749626493306,-1.2518678157577832,-40.08635388001901,13,3169
3169,2158,30.13171429946257,-1.1993210300515431,-40.45654024897952,14,3170
3170,2158,32.209465234314145,-1.1551434788701207,-40.75618035755237,15,3171
3171,2158,34.29092930087747,-1.1173306664157718,-40.99766561713122,16,3172
3172,2158,36.36928851676554,-1.084671363358005,-41.18835332627505,17,3173
3173,2158,38.44664332315005,-1.0561466462919826,-41.33449786978909,18,3174
3174,2158,40.52559440514073,-1.030995595574831,-41.44068947467432,19,3175
3175,2158,42.607829137075775,-1.0086507088711822,-41.51027650664031,20,3176
3176,2158,44.6850319268813,-0.9887619596658348,-41.54567126140808,21,3177
3177,2158,46.76615623082961,-0.9708949367597116,-41.549137706030606,22,3178
3178,2158,48.84521685580091,-0.9548248061670628,-41.522265918005125,23,3179
3179,2158,50.9209311415643,-0.940327883459226,-41.46647715854121,24,3180
3180,2158,53.00102038759735,-0.9271644039930254,-41.38253944219424,25,3181
