,particle_id,r,phi,z,layer_id,hit_id
2622,1546,3.1040041817094632,-1.140788346743919,1.869403568376569,1,2623
2623,1546,5.179797653727861,-1.1332373087033656,3.0805519822704284,2,2624
2624,1546,7.262159169160462,-1.1255741756378144,4.263330644163915,3,2625
2625,1546,9.340785915106752,-1.1178348066280706,5.411141877431334,4,2626
2626,1546,11.41840633423402,-1.110006712432566,6.524916577951068,5,2627
2627,1546,13.497702086636114,-1.1020762987345458,7.605373813798522,6,2628
2628,1546,15.576938758954114,-1.0940457636617948,8.650850383613083,7,2629
2629,1546,17.654324074073667,-1.0859169484611286,9.659746839463937,8,2630
2630,1546,19.73661194343575,-1.0776569518404406,10.63448338766829,9,2631
2631,1546,21.81320436901205,-1.0693005628409749,11.569301558150904,10,2632
2632,1546,23.894875246291537,-1.060795927099336,12.46819887221922,11,2633
2633,1546,25.970869837634428,-1.052177166678269,13.325623869944224,12,2634
2634,1546,28.05151723758905,-1.0433900751635694,14.144875612491056,13,2635
2635,1546,30.13001262948346,-1.034449970476238,14.922124558072008,14,2636
2636,1546,32.211877697517245,-1.0253177699438876,15.658219527195236,15,2637
2637,1546,34.28996236249344,-1.0160074214174477,16.349350537616843,16,2638
2638,1546,36.36913908938824,-1.0064772968095614,16.995788491375265,17,2639
2639,1546,38.4497131012022,-0.9967022099660284,17.59594426080487,18,2640
2640,1546,40.52764890536715,-0.986674153337334,18.14689453917288,19,2641
2641,1546,42.60625481677423,-0.9763457586866914,18.64754262163437,20,2642
2642,1546,44.68425628109254,-0.9656859701789656,19.09524346994794,21,2643
2643,1546,46.763352043301936,-0.9546416010648612,19.487645155415308,22,2644
2644,1546,48.84415041433683,-0.943155492650668,19.82159640833862,23,2645
2645,1546,50.922605882160994,-0.9311859893375788,20.092760462015704,24,2646
2646,1546,53.00036779319929,-0.9186462453490024,20.297060550871976,25,2647
