,particle_id,r,phi,z,layer_id,hit_id
1463,963,3.102384362726012,0.2338032779420482,0.329244553908687,1,1464
1464,963,5.179641324652495,0.228643610612401,0.593851024250462,2,1465
1465,963,7.26076099115275,0.2237353135168673,0.8905059596717564,3,1466
1466,963,9.3392920504328,0.2190584480334221,1.2155612596231506,4,1467
1467,963,11.416731550458248,0.2145791497499812,1.5668713273370187,5,1468
1468,963,13.499461756028582,0.2102586335798575,1.943654688522088,6,1469
1469,963,15.578883391305215,0.2060929503309078,2.3427593392189365,7,1470
1470,963,17.654452865948105,0.2020633778266168,2.762594529484886,8,1471
1471,963,19.7344655471913,0.1981371745792105,3.2036949466741262,9,1472
1472,963,21.81542044948823,0.194306643542183,3.664429687339876,10,1473
1473,963,23.89390860837881,0.1905648782311917,4.143217693687724,11,1474
1474,963,25.970999347491308,0.1868980485985216,4.639591046810416,12,1475
1475,963,28.05251564305731,0.1832854874449138,5.154440825365981,13,1476
1476,963,30.131339120651774,0.1797300619423692,5.685599962074292,14,1477
1477,963,32.20926536384569,0.1762198286967628,6.233155667834183,15,1478
1478,963,34.28833419729051,0.1727432976969385,6.797411946175636,16,1479
1479,963,36.370792365206135,0.1692893269445573,7.378879431640257,17,1480
1480,963,38.44980640954782,0.1658622383265223,7.975575633639472,18,1481
1481,963,40.527766018057655,0.1624514199432537,8.588134575721675,19,1482
1482,963,42.60720703314018,0.15904642819525,9.217380728153984,20,1483
1483,963,44.68608239322147,0.1556445892561156,9.862846461846708,21,1484
1484,963,46.76706509913089,0.1522356830783764,10.52558944523571,22,1485
1485,963,48.843459634621446,0.1488249927641606,11.203724090755273,23,1486
1486,963,50.92270303855932,0.1453947023208333,11.90000324165856,24,1487
1487,963,53.00282905550006,0.1419424327687899,12.614230341150694,25,1488
