,particle_id,r,phi,z,layer_id,hit_id
2466,1545,3.101831416340074,0.687746599000156,-0.7871406172875917,1,2467
2467,1545,5.180034989416445,0.7118972604816259,-1.391162920383929,2,2468
2468,1545,7.26050449977775,0.7365984596133908,-2.0641024269217136,3,2469
2469,1545,9.339112235746535,0.7619973198540727,-2.811880004497776,4,2470
2470,1545,11.41800780651973,0.7883346526423348,-3.644073752370871,5,2471
2471,1545,13.495956211092231,0.8158356550735613,-4.57104844616634,6,2472
2472,1545,15.576986594785977,0.8448313965525286,-5.608166588080049,7,2473
2473,1545,17.6549005700302,0.8755539730781349,-6.768818064037743,8,2474
2474,1545,19.73441832778239,0.908442961290754,-8.075826492584671,9,2475
2475,1545,21.813811407425643,0.9439079865429554,-9.5533050602271,10,2476
2476,1545,23.893113018628263,0.9824541609316944,-11.231993333784525,11,2477
2477,1545,25.97207527643252,1.024649707834688,-13.148927935141389,12,2478
2478,1545,28.050688205041904,1.0711137655121246,-15.34814080991642,13,2479
2479,1545,30.130300269848146,1.1224857510429196,-17.881081913475327,14,2480
2480,1545,32.20865446503587,1.179170486571048,-20.79627546854921,15,2481
2481,1545,34.28816761752747,1.2413293132664591,-24.14101381834044,16,2482
2482,1545,36.367268838108814,1.3083722928736616,-27.93606874719561,17,2483
2483,1545,38.44592318775772,1.3789214198392297,-32.17085354822435,18,2484
2484,1545,40.52541457098208,1.450926454297394,-36.80366175818072,19,2485
2485,1545,42.60496649861494,1.5219922870541194,-41.77175582866236,20,2486
2486,1545,44.68395862235086,1.5899753113545656,-47.02449305071726,21,2487
2487,1545,46.76302952883283,1.6532680785150828,-52.55489799557571,22,2488
2488,1545,48.84197146443884,1.7105554387078568,-58.42291578058648,23,2489
2489,1545,50.92140577233466,1.7600963320177034,-64.8214576654727,24,2490
2490,1545,53.00007147553458,1.796108088124857,-72.355895014191,25,2491
