,particle_id,r,phi,z,layer_id,hit_id
0,58,3.1006502696968985,2.7290998961318604,1.990000654134619,1,1
1,58,5.181625297181157,2.7313867115093315,3.296297940751668,2,2
2,58,7.258396116863971,2.7338173488131763,4.573518178498279,3,3
3,58,9.3387431139651,2.7364103999218488,5.823771110147479,4,4
4,58,11.419983316579096,2.7391734798979552,7.042542554226422,5,5
5,58,13.496013233668537,2.742109399334754,8.223424610454046,6,6
6,58,15.5773004674365,2.745245646693085,9.369269880838068,7,7
7,58,17.657311232734337,2.748587033326188,10.473085274321772,8,8
8,58,19.73597591217616,2.752148825098999,11.531410729360726,9,9
9,58,21.81291121181802,2.755947592261753,12.54040292627506,10,10
10,58,23.893602542249347,2.760013862709956,13.498599225080074,11,11
11,58,25.973513594283528,2.764362352160015,14.399383475906422,12,12
12,58,28.05085852103685,2.7690150942450016,15.237291461229445,13,13
13,58,30.12917804659181,2.77401037167244,16.00848686433658,14,14
14,58,32.21085818936688,2.779391094143632,16.70767428335316,15,15
15,58,34.28869119148526,2.7851812076316835,17.325739352049002,16,16
16,58,36.36839396929287,2.791447307615748,17.856825561102756,17,17
17,58,38.44821997415709,2.7982471785289653,18.29148757401501,18,18
18,58,40.52707332051479,2.8056539663590607,18.61913760565938,19,19
19,58,42.606110006992935,2.813768501036672,18.82755716593333,20,20
20,58,44.68499572718796,2.8227145593504823,18.90147392754064,21,21
21,58,46.76284771035065,2.832653191162179,18.821853966227533,22,22
22,58,48.842010703265245,2.8438230988118343,18.56373404172973,23,23
23,58,50.92132267517363,2.856545564491692,18.09337758604931,24,24
24,58,53.00046340044128,2.871315637797104,17.362467588411487,25,25
