,particle_id,r,phi,z,layer_id,hit_id
768,484,3.1017298481452134,-0.2248428610167629,1.5655467509660106,1,769
769,484,5.179863963067578,-0.2127948071899675,2.7246441314418366,2,770
770,484,7.259420249842916,-0.1995562393185377,3.977740584171947,3,771
771,484,9.338411422591408,-0.184779439803765,5.328148568694603,4,772
772,484,11.41781125788047,-0.1679365436582301,6.781321352753022,5,773
773,484,13.496502095591406,-0.1482434761475035,8.341561458837335,6,774
774,484,15.5761255932549,-0.1243901326098305,10.015072917605714,7,775
775,484,17.654244382215616,-0.0940909784963422,11.803091556158815,8,776
776,484,19.733962239902187,-0.0525090293651692,13.703790355603989,9,777
777,484,21.813033547950383,0.0130306567209922,15.67210386328274,10,778
778,484,23.89188152346364,0.1626744675475985,17.302670549933232,11,779
779,484,25.971245913825232,0.6455298000954915,13.7461678903908,12,780
780,484,28.05009219400662,0.900274025227914,10.178703680816527,13,781
781,484,30.12929890537861,1.0554619644452012,7.598247222110395,14,782
782,484,32.209740692176794,1.1696477075252305,5.456075147463276,15,783
783,484,34.28760319415414,1.260204092675478,3.5774183735389062,16,784
784,484,36.36901253909366,1.335385515597019,1.8749332147490456,17,785
785,484,38.44741957562553,1.3993721101891838,0.30917848072108,18,786
786,484,40.52724378964735,1.4550588436641116,-1.1507500637117616,19,787
787,484,42.604844462795846,1.504186791463641,-2.5203394244060524,20,788
788,484,44.68406473752163,1.548144607149852,-3.8146219841986846,21,789
789,484,46.76528942378482,1.5878795137286927,-5.042631423096895,22,790
790,484,48.84450518174395,1.624035847252651,-6.2086762388520365,23,791
791,484,50.92158899832442,1.6571803549921116,-7.317938819774166,24,792
792,484,53.00356041474126,1.6878627919650206,-8.378004733350423,25,793
