,particle_id,r,phi,z,layer_id,hit_id
891,703,3.1029103644259948,-0.6571037531802826,1.971189130184804,1,892
892,703,5.179421459776223,-0.6211450202761732,3.235342618978848,2,893
893,703,7.260061915399859,-0.5880421355560873,4.462940410023485,3,894
894,703,9.33964355486861,-0.5575607445959176,5.655053776709657,4,895
895,703,11.41982269132554,-0.5293872975525122,6.8165553922931394,5,896
896,703,13.49613130249587,-0.5033235870704437,7.948575167024387,6,897
897,703,15.575511453763426,-0.4790592781172986,9.058121781302368,7,898
898,703,17.655128563476367,-0.456437904673272,10.146505944250087,8,899
899,703,19.73646696908837,-0.4352761701513418,11.217058616715429,9,900
900,703,21.81377800868138,-0.4154826060176529,12.269159882366507,10,901
901,703,23.893768069319005,-0.3968630157661451,13.308289862211382,11,902
902,703,25.971681194469603,-0.3793476620354029,14.33391962431228,12,903
903,703,28.051465289260424,-0.3628038929780718,15.349669957646654,13,904
904,703,30.133447103381915,-0.3471444316537387,16.357180693611234,14,905
905,703,32.20940545881357,-0.3323515888899025,17.353864011759626,15,906
906,703,34.28910438098174,-0.3182860907851138,18.34566451361794,16,907
907,703,36.36941829225837,-0.3049106446032937,19.33220866852336,17,908
908,703,38.447292303560985,-0.2921898493770686,20.313098591023483,18,909
909,703,40.52923649474671,-0.2800360807791013,21.292367321051536,19,910
910,703,42.60791486509771,-0.2684490760270331,22.267455345978007,20,911
911,703,44.68553471544451,-0.2573758372806955,23.24023699171679,21,912
912,703,46.7645790920298,-0.2467681102570997,24.21265239153307,22,913
913,703,48.8428373341454,-0.2366056286555902,25.184399216062133,23,914
914,703,50.9231235279312,-0.2268462005595968,26.15748705560405,24,915
915,703,53.00344006875736,-0.2174736140700228,27.131643036969702,25,916
