,particle_id,r,phi,z,layer_id,hit_id
1053,647,3.100264090302549,2.9328624832694694,2.1807102409004244,1,1054
1054,647,5.179530145689951,3.0895522361280534,3.3969948930058536,2,1055
1055,647,7.258405707366003,-3.025559167056021,4.4313310190081125,3,1056
1056,647,9.338039667619883,-2.86471509741993,5.26876688852289,4,1057
1057,647,11.417462422127937,-2.725227250432508,5.915410481710154,5,1058
1058,647,13.496676424415735,-2.61013725886708,6.399981501097756,6,1059
1059,647,15.576147636725466,-2.516471118927876,6.753024306601603,7,1060
1060,647,17.654730211205333,-2.4400802658875467,6.997625263518458,8,1061
1061,647,19.73396381904956,-2.3772264092436504,7.149836471733323,9,1062
1062,647,21.81251365684157,-2.325094411240938,7.21993389721662,10,1063
1063,647,23.892470273750185,-2.2814948752412487,7.2145327168918385,11,1064
1064,647,25.971084604338174,-2.244889492140639,7.137570748478069,12,1065
1065,647,28.051129721132902,-2.214032152876426,6.990944873645191,13,1066
1066,647,30.13064208148528,-2.1880506948635743,6.775245185661163,14,1067
1067,647,32.20995842777282,-2.166249655882528,6.489691311344984,15,1068
1068,647,34.28889934259702,-2.148103725961517,6.13235787662434,16,1069
1069,647,36.367502946538224,-2.1332116261507945,5.700050777006126,17,1070
1070,647,38.44671473595604,-2.1212697205540456,5.187892463235684,18,1071
1071,647,40.52536800111468,-2.1120742484144697,4.5896732159309295,19,1072
1072,647,42.605284797203616,-2.1054888044362023,3.895787724840858,20,1073
1073,647,44.68352427947378,-2.1014779867765454,3.09440653128334,21,1074
1074,647,46.763652673799335,-2.100098782763943,2.1650130718734744,22,1075
1075,647,48.84278617773523,-2.101582711392453,1.0782402085704348,23,1076
1076,647,50.921884559924685,-2.106472440211225,-0.2211218831064911,24,1077
1077,647,53.00080681158377,-2.1161273867075097,-1.853059179475963,25,1078
