,particle_id,r,phi,z,layer_id,hit_id
2520,1218,3.101691083306957,0.1422552079634837,0.6192634333225744,1,2521
2521,1218,5.179242095878196,0.1315704125265292,1.0226979781707684,2,2522
2522,1218,7.258632862186309,0.1204087858878083,1.4171591502584846,3,2523
2523,1218,9.33902582480304,0.1086830219829694,1.802364154234958,4,2524
2524,1218,11.417887456735912,0.0962947659565125,2.1778335629926104,5,2525
2525,1218,13.49605221677252,0.083096947492004,2.5438453500591045,6,2526
2526,1218,15.576277241388055,0.0688846545094087,2.9011694421911223,7,2527
2527,1218,17.6541745036905,0.0534384943368451,3.249616454742249,8,2528
2528,1218,19.733978882702694,0.0363810885502178,3.5908802518443608,9,2529
2529,1218,21.814547878466847,0.0172173138322167,3.9264209831140455,10,2530
2530,1218,23.893454935247007,-0.0047945787819336,4.258684222009801,11,2531
2531,1218,25.97211498960724,-0.0309240098896804,4.592925213439809,12,2532
2532,1218,28.051410117649656,-0.0634864237361397,4.938929812565139,13,2533
2533,1218,30.12963291373732,-0.1074400305342335,5.317707163410649,14,2534
2534,1218,32.2085219823504,-0.1777738976219273,5.792450870663863,15,2535
2535,1218,34.287590711718224,-0.4339576736544503,6.929130128125248,16,2536
2536,1218,36.36737073168732,-0.9029071380588428,7.673459024422467,17,2537
2537,1218,38.44624277044218,-1.0624716460760868,7.450293900278076,18,2538
2538,1218,40.525025564305786,-1.1706800578873886,7.058036002033738,19,2539
2539,1218,42.60527095153304,-1.2538889018213693,6.553455171196344,20,2540
2540,1218,44.68483171146852,-1.3215545631720715,5.953150473796644,21,2541
2541,1218,46.7640846601397,-1.3784699578024704,5.261555359182971,22,2542
2542,1218,48.8421123427017,-1.4274169583350376,4.478208761461129,23,2543
2543,1218,50.92192930728338,-1.4702786324770458,3.597581700397548,24,2544
2544,1218,53.00127443146236,-1.5082664018139116,2.6130874559330017,25,2545
