,particle_id,r,phi,z,layer_id,hit_id
558,579,3.101931058868913,1.1433000872820087,1.136436546232201,1,559
559,579,5.180112777811038,1.1785793684524255,1.93006350929097,2,560
560,579,7.25899316390336,1.2162635904848818,2.753001704610781,3,561
561,579,9.338330475325114,1.2567226879247595,3.608068983100989,4,562
562,579,11.41781688633994,1.3004190304726388,4.498144094190579,5,563
563,579,13.496553049772828,1.3479270628594875,5.42578864787669,6,564
564,579,15.576107521124143,1.4000523621517718,6.394372309024442,7,565
565,579,17.654168535188504,1.4577418342208348,7.404627607288315,8,566
566,579,19.73439391013478,1.5224300108780542,8.45825323996365,9,567
567,579,21.813235055362057,1.5957489528724955,9.54924324215672,10,568
568,579,23.892556086562344,1.6799297803236153,10.665858713936164,11,569
569,579,25.97087868904304,1.7772429906471352,11.778413158779534,12,570
570,579,28.050578715981903,1.889230749036258,12.832681249832584,13,571
571,579,30.129819957002727,2.014004448822051,13.743649876394462,14,572
572,579,32.20887547608306,2.144654763843305,14.428405170322982,15,573
573,579,34.28859580588067,2.271672082302066,14.856222414085408,16,574
574,579,36.36761487146195,2.388113113425174,15.058129503958488,17,575
575,579,38.44596212695994,2.491660343834605,15.090464775384149,18,576
576,579,40.525575424426286,2.5829218747308484,15.003386575059569,19,577
577,579,42.6043025212634,2.6633451121185234,14.83307177812954,20,578
578,579,44.685245469359536,2.7347090747182508,14.6034602653682,21,579
579,579,46.76419875959037,2.79834580645591,14.331103953197442,22,580
580,579,48.84284355794368,2.855544761882166,14.026681258935248,23,581
581,579,50.92234066711397,2.907330321667142,13.697467123012585,24,582
582,579,53.00003490882602,2.9544435220170007,13.349157956519326,25,583
