,particle_id,r,phi,z,layer_id,hit_id
965,829,3.1007549403488115,0.481705987691881,0.0492894174646068,1,966
966,829,5.179341650356505,0.4127200250070946,1.2635510162924248,2,967
967,829,7.258701098891827,0.2131378078609713,5.342576264962858,3,968
968,829,9.338098661352454,-0.108068465333995,12.084702368573524,4,969
969,829,11.417370374653652,-0.3317786250041821,17.528844599207204,5,970
970,829,13.49623279957282,-0.4780179946081099,21.886194191512416,6,971
971,829,15.575180661647227,-0.5817427348175674,25.62758024849673,7,972
972,829,17.654208215988223,-0.6600412202911448,28.971687002200994,8,973
973,829,19.73356092943906,-0.7218855580047283,32.03132063791702,9,974
974,829,21.814026474141727,-0.772453575047509,34.8724638634894,10,975
975,829,23.89328874029833,-0.8148911213134253,37.53313540853358,11,976
976,829,25.972313591761026,-0.851322239055261,40.042631472547576,12,977
977,829,28.05046984328008,-0.8831737221411542,42.42020991209548,13,978
978,829,30.129895969820826,-0.9114940947287874,44.6831300807607,14,979
979,829,32.208530757202844,-0.9369965891193408,46.84056911226661,15,980
980,829,34.287618248953315,-0.9602532052229774,48.90294847385055,16,981
981,829,36.36860671504091,-0.9817023263948452,50.87895942622995,17,982
982,829,38.44720433337649,-1.0016319913535745,52.770702918563536,18,983
983,829,40.52546847099004,-1.0203275647577503,54.58539197346238,19,984
984,829,42.60669161473286,-1.038028379733147,56.33019748079366,20,985
985,829,44.68433640582833,-1.054852344587469,58.00351051437664,21,986
986,829,46.763054583526895,-1.0709822598578769,59.61256108827168,22,987
987,829,48.84261162497394,-1.0865363418168308,61.16004481236132,23,988
988,829,50.92302091630627,-1.1016175917654076,62.6485364645476,24,989
989,829,53.00167788281689,-1.1162974103784655,64.07856946845098,25,990
