,particle_id,r,phi,z,layer_id,hit_id
316,296,3.1007611054198434,-1.3662673714416351,10.56368629542854,1,317
317,296,5.180039235028438,-1.4306117882437848,12.000089503212024,2,318
318,296,7.258692119356103,-1.4590808037500416,13.119623210903242,3,319
319,296,9.338474399448522,-1.47468433307222,14.05336988942409,4,320
320,296,11.418370033543637,-1.4840462497747775,14.861266397252493,5,321
321,296,13.497154081837085,-1.4898592861703546,15.576571353417108,6,322
322,296,15.577108329900554,-1.493451008930171,16.22080621243458,7,323
323,296,17.65593871515091,-1.4955492388948106,16.806903205718243,8,324
324,296,19.73461402589413,-1.4965987598274686,17.34458128063187,9,325
325,296,21.81481957210773,-1.496885519774972,17.840901462269912,10,326
326,296,23.891925815742187,-1.496604267612248,18.299621558520386,11,327
327,296,25.971316954701543,-1.495893370219017,18.72546539774116,12,328
328,296,28.050011151152884,-1.494856313110365,19.12033327287505,13,329
329,296,30.131373251818808,-1.493570591442858,19.486636502503828,14,330
330,296,32.20901597274246,-1.4921041361301175,19.824497684185715,15,331
331,296,34.28752196740637,-1.490507535650284,20.135457162876406,16,332
332,296,36.36896037126442,-1.4888258896730289,20.42006715782702,17,333
333,296,38.44734154448578,-1.4871074798568562,20.67744322475434,18,334
334,296,40.526755313719,-1.4853914193965103,20.90769427829824,19,335
335,296,42.60529711455039,-1.4837231138878366,21.10979606027161,20,336
336,296,44.68503250536392,-1.4821488597593515,21.282730872779013,21,337
337,296,46.76391391596314,-1.4807254150139255,21.42465622029597,22,338
338,296,48.8426749211777,-1.4795188302914275,21.533440046409723,23,339
339,296,50.92138860668394,-1.4786131904623427,21.606214811183875,24,340
340,296,53.00054511485821,-1.4781191771828968,21.639235201059208,25,341
