,particle_id,r,phi,z,layer_id,hit_id
384,436,3.101288046464085,-1.1026737022953337,-1.4052602238779173,1,385
385,436,5.181234658015323,-1.086627676417865,-1.9954120481233768,2,386
386,436,7.260158800284844,-1.0713155424580554,-2.338580380420936,3,387
387,436,9.339103264606528,-1.056582742477466,-2.4577976306337703,4,388
388,436,11.416795750119888,-1.042323908558927,-2.370866631972625,5,389
389,436,13.496589165627196,-1.0284248971871803,-2.0915478371691947,6,390
390,436,15.57539237427616,-1.0148314292540397,-1.631332821414908,7,391
391,436,17.656501135641673,-1.0014586123116889,-0.9983832502346388,8,392
392,436,19.735862641906696,-0.9882776052398295,-0.2011621455487073,9,393
393,436,21.8126502711621,-0.9752445029731138,0.7536607197173808,10,394
394,436,23.891943431587528,-0.9622832839323352,1.8637853799950288,11,395
395,436,25.97354486846333,-0.9493543150677616,3.12605854364562,12,396
396,436,28.05185845635274,-0.93645313113285,4.534338578304869,13,397
397,436,30.12951440932564,-0.9235251412329976,6.088202061218894,14,398
398,436,32.208933142494345,-0.9105169290808912,7.7885916627663505,15,399
399,436,34.28950902169488,-0.8973927518340713,9.63510851436083,16,400
400,436,36.3676565401592,-0.8841340296277516,11.62499998970232,17,401
401,436,38.44714730748906,-0.8706724559154054,13.763118751368268,18,402
402,436,40.52579646734785,-0.8569734654866615,16.04946280157543,19,403
403,436,42.60558076834124,-0.8429694570484388,18.489342096797674,20,404
404,436,44.684802614380935,-0.8286094457125326,21.084950180233434,21,405
405,436,46.76283354720319,-0.8138257010335641,23.84059124879435,22,406
406,436,48.841760559276864,-0.7985172077759487,26.76566577713801,23,407
407,436,50.92110551330012,-0.7825822182916176,29.86800479894302,24,408
408,436,53.00151967094013,-0.7658848483516835,33.15921376621655,25,409
