,particle_id,r,phi,z,layer_id,hit_id
749,813,3.1006842066356777,2.81772752730346,3.3567842226622733,1,750
750,813,5.179925848725452,2.893977031470389,6.134132873072124,2,751
751,813,7.258868086675296,3.022200947717203,9.776093146409025,3,752
752,813,9.3376048413741,-2.4002904882387046,20.08843982220408,4,753
753,813,11.417584906265706,-1.8243011756585783,23.96635384209194,5,754
754,813,13.497221395396531,-1.5816581304043011,25.855188202636818,6,755
755,813,15.575907706673345,-1.4244134693307648,27.33501477462053,7,756
756,813,17.654799339000853,-1.3094146155167263,28.62450671135668,8,757
757,813,19.734061710436286,-1.2197018696699058,29.80125082919643,9,758
758,813,21.81255153410322,-1.146754110044464,30.901322162766448,10,759
759,813,23.894126327203576,-1.0855181439947497,31.946804637759097,11,760
760,813,25.97216296335392,-1.0330893738831608,32.946448536661784,12,761
761,813,28.05096832940419,-0.9872805166928836,33.910041991607706,13,762
762,813,30.13148620968957,-0.9466445021082044,34.84294368420227,14,763
763,813,32.21062765027653,-0.9102045907830326,35.747052440240985,15,764
764,813,34.28834047804281,-0.8771823648891999,36.624548626845815,16,765
765,813,36.36701624540027,-0.846951329686199,37.477790524070095,17,766
766,813,38.4477667457898,-0.8190437231714892,38.30792541420985,18,767
767,813,40.5264853122774,-0.7931524751063521,39.11359859689025,19,768
768,813,42.60640080368948,-0.768944543918542,39.89598978124384,20,769
769,813,44.68491663013471,-0.7462121044628139,40.6537280751182,21,770
770,813,46.76321869652719,-0.7247438872427302,41.38660162012668,22,771
771,813,48.84288760728303,-0.704359810874739,42.09421951116421,23,772
772,813,50.92235814806824,-0.6849364121064598,42.77485216864432,24,773
773,813,53.00015540522331,-0.6663665015575773,43.42662870688709,25,774
