,particle_id,r,phi,z,layer_id,hit_id
452,496,3.1003309308590623,0.3629211598551654,-3.341844683578775,1,453
453,496,5.179769267923171,0.3735854956561957,-5.463408652366856,2,454
454,496,7.260144797339965,0.3832502175328716,-7.499892430853407,3,455
455,496,9.337730675468942,0.3920330333858756,-9.454829174558617,4,456
456,496,11.418019364443934,0.4000685794994448,-11.339252963152529,5,457
457,496,13.496460169896864,0.4074326988137448,-13.15385587790984,6,458
458,496,15.577409600069382,0.4142210333362288,-14.906442771667852,7,459
459,496,17.654445257280706,0.420482972542229,-16.59498102957782,8,460
460,496,19.735539950659145,0.4263041650750457,-18.22864121610239,9,461
461,496,21.8146429466148,0.4317222698164131,-19.804720307600608,10,462
462,496,23.89419712036013,0.4367945865678255,-21.32674874076286,11,463
463,496,25.97084041175144,0.4415604963127986,-22.793480930727576,12,464
464,496,28.05213893307649,0.4460819716848038,-24.21082539342277,13,465
465,496,30.13111440532683,0.450387517981562,-25.574067253559026,14,466
466,496,32.20854575266045,0.454523833468721,-26.883446921494844,15,467
467,496,34.28952184853052,0.458547405530919,-28.14106715154164,16,468
468,496,36.367083231800684,0.4624951597594752,-29.340976166782283,17,469
469,496,38.44823111088436,0.4664372964308462,-30.48458828699534,18,470
470,496,40.52712104878872,0.4704294792310928,-31.564894295785656,19,471
471,496,42.604720067097546,0.4745552028417771,-32.577318219996535,20,472
472,496,44.683927479174194,0.4789255378925712,-33.51590254641177,21,473
473,496,46.7645125198943,0.4836835954044326,-34.36986064097022,22,474
474,496,48.84177285900919,0.4890241819101867,-35.12186676044679,23,475
475,496,50.92197428149706,0.4952854423616149,-35.749933134112695,24,476
476,496,53.00118492135219,0.5030167538207528,-36.21120112500447,25,477
