,particle_id,r,phi,z,layer_id,hit_id
4,73,3.1023243334521,-1.258408289253562,0.336033176734027,1,5
5,73,5.1792077106721175,-1.244816482062224,0.5498687219748213,2,6
6,73,7.258917023550702,-1.2315221442508553,0.7525972225950319,3,7
7,73,9.338156430438426,-1.2183935044647554,0.9417004675514242,4,8
8,73,11.417419113102628,-1.2052687426749304,1.1148392965433018,5,9
9,73,13.497188646331596,-1.191968459736924,1.2692726220947144,6,10
10,73,15.57639112082783,-1.1782883068099268,1.4015088645371565,7,11
11,73,17.654850667773058,-1.1639562709754705,1.5071060225623434,8,12
12,73,19.73341849038229,-1.14858133333694,1.5799102432080332,9,13
13,73,21.81404735841864,-1.131548169165968,1.6105258404386085,10,14
14,73,23.892582458641964,-1.111840171603533,1.583000167451523,11,15
15,73,25.971433218975445,-1.0872209664637031,1.465435936275281,12,16
16,73,28.050050746068848,-1.0509883238007982,1.1669834327243471,13,17
17,73,28.049945867719583,-0.8210906574879187,-1.364678576817692,13,18
18,73,25.97038207716515,-0.6972221789572223,-2.4156638168270206,12,19
19,73,23.8913396491526,-0.55182930965229,-3.3823943316928933,11,20
20,73,21.81247474254864,-0.3358329914466132,-4.493925077286697,10,21
21,73,21.81310676685404,0.3522599401770858,-7.178741501748355,10,22
22,73,23.89247476888518,0.5554247690149913,-8.033473346803156,11,23
23,73,25.9733389497078,0.6827580750396447,-8.658209001684746,12,24
24,73,28.0525295282599,0.7764553502694342,-9.190419400521463,13,25
25,73,30.13162997084352,0.8501765400749306,-9.671501550258135,14,26
26,73,32.20961836574607,0.9103872192214882,-10.119734585144483,15,27
27,73,34.28984331404818,0.9608895337552046,-10.545969350887743,16,28
28,73,36.36762156489568,1.0039233844273177,-10.955504732195536,17,29
29,73,38.44929212474745,1.0412111842947611,-11.353766955874988,18,30
30,73,40.52520330674716,1.0737202010032356,-11.741894255320602,19,31
31,73,42.60526629519811,1.1024469941436128,-12.123970974819096,20,32
32,73,44.686704946036215,1.127972156418954,-12.5011927930208,21,33
33,73,46.76439737457976,1.150728390863312,-12.874039057940545,22,34
34,73,48.84250249611606,1.1711535086129554,-13.244436150003908,23,35
35,73,50.921996735390834,1.1895625417745317,-13.613570841857651,24,36
36,73,53.000278997811854,1.206181410051332,-13.981891149573803,25,37
