,particle_id,r,phi,z,layer_id,hit_id
53,148,3.101693428638816,2.7862859860827807,-0.4996436074714552,1,54
54,148,5.1808634143003855,2.771139793225013,-0.8195820457699767,2,55
55,148,7.259595010992034,2.756042638270938,-1.1299488615790525,3,56
56,148,9.33776936744819,2.740981766048445,-1.4328286555630712,4,57
57,148,11.417551342631516,2.725921530657646,-1.7305377917908515,5,58
58,148,13.497475487526335,2.710845496552859,-2.024750339414794,6,59
59,148,15.575335102620992,2.695734610108686,-2.316902244692187,7,60
60,148,17.656323417031516,2.680506420220028,-2.609291492456819,8,61
61,148,19.73600171485545,2.665137042659075,-2.902643899921856,9,62
62,148,21.81403678071729,2.6495584409508925,-3.1979818607364194,10,63
63,148,23.893324214594163,2.633658889826671,-3.496428743477864,11,64
64,148,25.971469451383875,2.617340489370179,-3.7978658671338223,12,65
65,148,28.050075505161217,2.600437582306329,-4.1020572467745495,13,66
66,148,30.1302559545036,2.582731791926124,-4.40766568308679,14,67
67,148,32.21026130874401,2.563942874643847,-4.711284415383034,15,68
68,148,34.28817499650777,2.54365378494805,-5.006694897848277,16,69
69,148,36.36741612427228,2.521138339803709,-5.283244462375379,17,70
70,148,38.44617122648496,2.495197481915053,-5.518637897595042,18,71
71,148,40.52540570758215,2.463317312875328,-5.663380846893716,19,72
72,148,42.60483703946856,2.4185427676848086,-5.569155496372758,20,73
73,148,42.60379079122381,2.061502441036677,3.1565749225750324,20,74
74,148,40.52499530170111,1.847126352479346,10.052550578363116,19,75
75,148,40.52559636197082,1.384589734124851,24.64810933668263,19,76
76,148,42.604231510942526,1.2040353831435928,30.688098356917664,20,77
77,148,44.68481430102464,1.090998929587664,34.75875878346357,21,78
78,148,46.76333129371455,1.005091821725488,38.066946206626994,22,79
79,148,48.84277921643547,0.9349445655047958,40.93995113932706,23,80
80,148,50.92301082704965,0.8754594089472973,43.51803046590839,24,81
81,148,53.00229631215375,0.8238166695417667,45.87476938718859,25,82
