,particle_id,r,phi,z,layer_id,hit_id
571,301,3.1020599791205328,2.787669465662371,1.5167429833757549,1,572
572,301,5.17982850075096,2.8054225708709506,2.5188469978384305,2,573
573,301,7.259242014929873,2.821863398378044,3.506273028381421,3,574
574,301,9.340616343440836,2.8371662023497297,4.47645577983037,4,575
575,301,11.419710430127669,2.851443321259424,5.425408625158783,5,576
576,301,13.49721484999352,2.8648207695519687,6.351963467997209,6,577
577,301,15.575508788776482,2.8774135742203724,7.255994533515979,7,578
578,301,17.65472123921803,2.889305518097708,8.136576233175804,8,579
579,301,19.73601503491684,2.9005735369398007,8.993373705844423,9,580
580,301,21.813560753466778,2.911248446485291,9.823372762348065,10,581
581,301,23.893900140439712,2.921417685548049,10.628652180279136,11,582
582,301,25.972338380648143,2.9311044975510048,11.406890779715017,12,583
583,301,28.052721912647023,2.940367661285344,12.159082347451186,13,584
584,301,30.131079300198145,2.9492255176311333,12.88337240412944,14,585
585,301,32.21217708104604,2.957730157126563,13.58099810317654,15,586
586,301,34.28827846679625,2.9658789485605728,14.249001824900022,16,587
587,301,36.36914155688703,2.973735735012256,14.890107751307006,17,588
588,301,38.44739931031398,2.9812951068758045,15.501563421575838,18,589
589,301,40.52899858083469,2.988599267755544,16.08463708859223,19,590
590,301,42.60672663944062,2.9956417579806085,16.636821275751043,20,591
591,301,44.6868610296073,3.00246120616446,17.159276645283107,21,592
592,301,46.76683168526458,3.0090644377837927,17.650722076148575,22,593
593,301,48.84409055999144,3.0154581239796143,18.109980338406693,23,594
594,301,50.925211320539525,3.021675554350096,18.53777601217279,24,595
595,301,53.00316586950958,3.0277078578515004,18.931877105895182,25,596
