,particle_id,r,phi,z,layer_id,hit_id
808,740,3.1004479513784937,-0.9253531181561752,-1.7748926796560376,1,809
809,740,5.18007199206381,-0.9334664591299512,-2.962804958256882,2,810
810,740,7.258480476306933,-0.939690058022395,-4.140884351623203,3,811
811,740,9.33777073083068,-0.9426918208798988,-5.300884869329227,4,812
812,740,11.416962634287003,-0.93998804852941,-6.426389999628945,5,813
813,740,13.496255770347048,-0.9263981177726548,-7.485929902437167,6,814
814,740,15.57551854780678,-0.889050488210375,-8.398859836530104,7,815
815,740,17.654203838905286,-0.7897124818859483,-8.885399810905689,8,816
816,740,19.733707729951384,-0.5779367670257481,-8.26388323399609,9,817
817,740,21.813240562565685,-0.3714475388742597,-6.969072134043952,10,818
818,740,23.891697671098783,-0.2217500787172114,-5.668095257525117,11,819
819,740,25.971891976627703,-0.1088769050348836,-4.408593202808451,12,820
820,740,28.051219177659057,-0.0195376294645559,-3.1660424139169905,13,821
821,740,30.13020030905685,0.0537669827098358,-1.9169583319903367,14,822
822,740,32.20970382527455,0.1154934137672996,-0.64300319815049,15,823
823,740,34.288119803396725,0.1684093724201383,0.6694626868094371,16,824
824,740,36.36719594359873,0.2144361416215579,2.034667639516668,17,825
825,740,38.44701995567625,0.2548540412287539,3.4654648562424413,18,826
826,740,40.52605339263999,0.2905172742771217,4.973890217124977,19,827
827,740,42.604710040350334,0.3220230956007742,6.574178974191229,20,828
828,740,44.68334834718412,0.3497190461937293,8.281860142403495,21,829
829,740,46.76370855139233,0.3737351612046105,10.115165196825338,22,830
830,740,48.84219530229974,0.3938964046536541,12.088398589198745,23,831
831,740,50.921134412302365,0.4098049486762113,14.220012406721793,24,832
832,740,53.00020843771157,0.4206762180454863,16.520099264086554,25,833
