,particle_id,r,phi,z,layer_id,hit_id
1273,1048,3.1001219565023894,-1.908275403029546,0.7590446722678834,1,1274
1274,1048,5.180954595119904,-1.9553043282951728,1.171749452593474,2,1275
1275,1048,7.260252711708957,-2.001992016592827,1.5014352403225573,3,1276
1276,1048,9.338815914577166,-2.0480764867041383,1.7448390177354014,4,1277
1277,1048,11.417747434562212,-2.0933816717437232,1.899127583669319,5,1278
1278,1048,13.496224767770212,-2.137774740553608,1.9614991607749417,6,1279
1279,1048,15.575481030551408,-2.1812514192333508,1.9290838180335896,7,1280
1280,1048,17.65467910798976,-2.2238430395081266,1.7983970952585864,8,1281
1281,1048,19.73487237476616,-2.265694409906093,1.5648201310425875,9,1282
1282,1048,21.81280759630024,-2.3069360390337,1.22275668623341,10,1283
1283,1048,23.892452908247183,-2.3479168661232075,0.7632826464626419,11,1284
1284,1048,25.97232411574888,-2.3889636753147285,0.1750679600899829,12,1285
1285,1048,28.050408115231928,-2.4305046689724588,-0.5571823904143756,13,1286
1286,1048,30.129407860190103,-2.47322300799099,-1.457029091806881,14,1287
1287,1048,32.209277776437325,-2.5180038199581856,-2.557768455301563,15,1288
1288,1048,34.28833409413929,-2.5661320826070835,-3.90879985186708,16,1289
1289,1048,36.36729277078216,-2.619768233973132,-5.591742930741539,17,1290
1290,1048,38.44633437094374,-2.6828328046837275,-7.751280065693379,18,1291
1291,1048,40.52517826494528,-2.7638052814108467,-10.684947709589338,19,1292
1292,1048,42.60438997696878,-2.8871533806008505,-15.178086585093132,20,1293
1293,1048,44.68344999424588,3.141267577398207,-23.45867879776405,21,1294
1294,1048,46.76284324964018,2.8528831204763105,-30.88356414355261,22,1295
1295,1048,48.84191265381792,2.6794168783288805,-34.59157410507542,23,1296
1296,1048,50.9210851890822,2.555633732647029,-36.96566742547546,24,1297
1297,1048,53.00061081708255,2.45700432822185,-38.7010535676098,25,1298
