,particle_id,r,phi,z,layer_id,hit_id
205,364,3.101181656696577,1.2482532131455233,-2.9335277130584174,1,206
206,364,5.179733931505605,1.276254400192243,-5.303303780475872,2,207
207,364,7.259300980894929,1.302485144217196,-7.89630383338816,3,208
208,364,9.33893665238321,1.3269842245902943,-10.628816113670249,4,209
209,364,11.416956726733655,1.3497969625087012,-13.423725553281216,5,210
210,364,13.497448155892435,1.371042616919981,-16.221345890790516,6,211
211,364,15.575807508789538,1.3907596458729028,-18.96058044440185,7,212
212,364,17.655195173795452,1.4090726800462858,-21.6006568171718,8,213
213,364,19.73514765876029,1.4260736081192245,-24.10491102802169,9,214
214,364,21.81301646049469,1.441840478266037,-26.442190244675924,10,215
215,364,23.893532156213222,1.4565051448246946,-28.59604882566098,11,216
216,364,25.97197606305979,1.4701261891093422,-30.544984100343253,12,217
217,364,28.05134566982618,1.482810969568083,-32.279364089902295,13,218
218,364,30.13083739632627,1.4946343770297463,-33.78862773405616,14,219
219,364,32.2096381918328,1.5056657849843065,-35.064531200312906,15,220
220,364,34.28901587183677,1.51597865161212,-36.10132873166978,16,221
221,364,36.36809270962212,1.5256281652615198,-36.89252848854076,17,222
222,364,38.44791985596419,1.5346718535351138,-37.43237875287175,18,223
223,364,40.52709598499305,1.5431496952625277,-37.71380390076066,19,224
224,364,42.60583760288037,1.5511024423072033,-37.72915506014142,20,225
225,364,44.68361325453342,1.5585612414489431,-37.46901676604919,21,226
226,364,46.76300735583946,1.5655607699918053,-36.92069517065036,22,227
227,364,48.84288655350089,1.572114414737258,-36.06829240101828,23,228
228,364,50.922034616241085,1.5782272996941358,-34.89178133552565,24,229
229,364,53.000210290824526,1.5838968417530068,-33.364397298803894,25,230
