,particle_id,r,phi,z,layer_id,hit_id
0,40,3.100920292712781,-3.066368846989746,-0.277589899009083,1,1
1,40,5.179917635118286,-3.042206078536591,-0.6567101965375848,2,2
2,40,7.259858797332101,-3.0193786973147394,-1.1582666176960146,3,3
3,40,9.338949643294084,-2.9977880301942523,-1.7584660730288704,4,4
4,40,11.418708956946622,-2.9773140244566725,-2.438007553704999,5,5
5,40,13.49733622242844,-2.9578828109582,-3.1796802964274846,6,6
6,40,15.57633686619096,-2.9393997288116664,-3.970024473129453,7,7
7,40,17.65586336908754,-2.921793662785201,-4.7973788033466285,8,8
8,40,19.73432438230099,-2.905015730133061,-5.651215841721818,9,9
9,40,21.81340591126729,-2.8889971753658257,-6.52390389905343,10,10
10,40,23.89289455431436,-2.873691443541338,-7.408366621347117,11,11
11,40,25.97313951151205,-2.859053049366659,-8.298867935798334,12,12
12,40,28.0521444079506,-2.8450568976353137,-9.189600521017413,13,13
13,40,30.131146630135703,-2.8316591692551727,-10.076939965230428,14,14
14,40,32.20888613279171,-2.8188360270825576,-10.956876788124088,15,15
15,40,34.29047589928732,-2.806528523164818,-11.828653506184034,16,16
16,40,36.36925276358275,-2.7947507303088432,-12.687055040074451,17,17
17,40,38.447841687593645,-2.7834633473259154,-13.5311941974709,18,18
18,40,40.52606981984468,-2.7726459583603305,-14.359368308300647,19,19
19,40,42.60717765727105,-2.762263266865413,-15.171505751417662,20,20
20,40,44.6849331520985,-2.752328714187427,-15.96411288985916,21,21
21,40,46.76285532025433,-2.7428085941028653,-16.73773494902195,22,22
22,40,48.844708983267545,-2.733672426070782,-17.493072946124563,23,23
23,40,50.92110943431035,-2.724947904586513,-18.226271651465595,24,24
24,40,53.00260902574247,-2.716578787717492,-18.94073746138045,25,25
