,particle_id,r,phi,z,layer_id,hit_id
3370,1533,3.1025076744961,-2.475107816257557,0.1480886463353732,1,3371
3371,1533,5.181461191627104,-2.48894540677847,0.2767801213908054,2,3372
3372,1533,7.259738538319917,-2.5018133087969416,0.42664414963577,3,3373
3373,1533,9.339252714103754,-2.5138524491260834,0.5962332235432299,4,3374
3374,1533,11.417352607947258,-2.5251561923357744,0.7840686592766035,5,3375
3375,1533,13.49872986662792,-2.535841372724763,0.9896063910776371,6,3376
3376,1533,15.576384034018703,-2.5459510509284584,1.2113809490094538,7,3377
3377,1533,17.656908692421023,-2.555585798489586,1.4495025058048605,8,3378
3378,1533,19.73447422320535,-2.5647779113588887,1.7028793250949374,9,3379
3379,1533,21.81376307863879,-2.573600653439537,1.9717830554814832,10,3380
3380,1533,23.8931890421284,-2.5820931201168817,2.255866785149572,11,3381
3381,1533,25.971426577983607,-2.5902916686941184,2.5548880537222614,12,3382
3382,1533,28.05092966811909,-2.5982436161786064,2.869256156376734,13,3383
3383,1533,30.13084191675387,-2.6059799173123013,3.1990167239719964,14,3384
3384,1533,32.21040013988323,-2.6135297691998653,3.544306459495712,15,3385
3385,1533,34.28888481288994,-2.6209208539083986,3.905348670372859,16,3386
3386,1533,36.36916546830415,-2.6281920548489666,4.283116167517784,17,3387
3387,1533,38.44683374981803,-2.635355880870162,4.677378531387453,18,3388
3388,1533,40.52809555887958,-2.64246120734844,5.090033086270146,19,3389
3389,1533,42.60457882968499,-2.649507134855663,5.520252287465289,20,3390
3390,1533,44.68540131370028,-2.656553044619418,5.970933163818769,21,3391
3391,1533,46.76496096129549,-2.6636097586451,6.442112713156262,22,3392
3392,1533,48.84414630934572,-2.6707122847517963,6.935406496569984,23,3393
3393,1533,50.92301364830158,-2.677895964534056,7.452538805180515,24,3394
3394,1533,53.000597553781375,-2.6851969618284355,7.995316508551181,25,3395
