,particle_id,r,phi,z,layer_id,hit_id
606,651,3.100834454453954,2.388213384349266,3.754069537434283,1,607
607,651,5.179649629388868,2.2924067387968385,6.849732863798543,2,608
608,651,7.25846828504368,2.162835319099473,10.723378570513148,3,609
609,651,9.338018977488248,1.9528843959987745,16.068222398607432,4,610
610,651,11.416823116836236,1.529016788824981,23.737799822467142,5,611
611,651,13.49604288155297,1.1096046010893186,28.857593962198827,6,612
612,651,15.575206081759244,0.8608010808883297,31.2981038066824,7,613
613,651,17.654217315987427,0.6941976615128266,32.747407944454274,8,614
614,651,19.73368042136369,0.571670486341134,33.69318966763573,9,615
615,651,21.81345594339116,0.4763700128423217,34.318087145822496,10,616
616,651,23.89369137749816,0.3994368931929274,34.70876122138208,11,617
617,651,25.97271787030845,0.3357085261643563,34.91235609038173,12,618
618,651,28.0502186182974,0.2818546693663548,34.95729660781958,13,619
619,651,30.13147885919338,0.2355147564786382,34.86097941404609,14,620
620,651,32.20977571654994,0.1952682081982008,34.63467007116878,15,621
621,651,34.28816171824571,0.1598964523976576,34.28501662018436,16,622
622,651,36.36860595944902,0.1285127653420734,33.81507830051739,17,623
623,651,38.44794446689131,0.1005071821209934,33.22659280797047,18,624
624,651,40.5268037392496,0.0753504734250947,32.518492726927995,19,625
625,651,42.60654321355345,0.0526146239789675,31.687251641171866,20,626
626,651,44.68373781061179,0.0320003833843881,30.729325026109542,21,627
627,651,46.76444585533605,0.0131733257258474,29.634511818968413,22,628
628,651,48.84398810071667,-0.0040524185591398,28.39509421409713,23,629
629,651,50.92119274176042,-0.0198686767492467,26.998948887664262,24,630
630,651,53.00178466983312,-0.0344915970756056,25.424641759628564,25,631
