,particle_id,r,phi,z,layer_id,hit_id
260,373,3.100014037297906,0.1557509969086815,2.4675111974380126,1,261
261,373,5.17974344724664,0.4046038598695908,3.5250198728431013,2,262
262,373,7.258510645962743,0.6857860273620155,3.653460716191738,3,263
263,373,9.338201904770564,0.9382657841610093,2.9314300400105875,4,264
264,373,11.41761662747643,1.1413743193797243,1.716097900533471,5,265
265,373,13.495922117451698,1.304265429626937,0.2409627878226192,6,266
266,373,15.575689870197092,1.4390198097764169,-1.3843988291689762,7,267
267,373,17.655134100569942,1.554146650154937,-3.101615524602515,8,268
268,373,19.73351784089718,1.6554145706069217,-4.875050189568952,9,269
269,373,21.813526182740123,1.7468495796175438,-6.680942154115858,10,270
270,373,23.891828683082267,1.8309920901456609,-8.493462261556928,11,271
271,373,25.97148233897992,1.9098687436772488,-10.292647615375078,12,272
272,373,28.050460837489528,1.9847740075443447,-12.052969518660625,13,273
273,373,30.13018966801124,2.056770888216065,-13.74987354928032,14,274
274,373,32.209810238031245,2.126584594104288,-15.354423741544494,15,275
275,373,34.288247386155646,2.194755634349619,-16.834989318240453,16,276
276,373,36.36789471885383,2.26181220344879,-18.15945561576784,17,277
277,373,38.44622794813628,2.328043550225284,-19.289233768205285,18,278
278,373,40.525311700001446,2.3938504371407068,-20.184705323056413,19,279
279,373,42.60460129869712,2.4595582755345258,-20.79958581049708,20,280
280,373,44.68374728197066,2.5255589225054864,-21.080443731954546,21,281
281,373,46.762917181589,2.5923896155261383,-20.962250100586125,22,282
282,373,48.84275415975826,2.66083988922729,-20.359901892473857,23,283
283,373,50.92139701481255,2.7320439071821805,-19.15429743873461,24,284
284,373,53.00090404323268,2.808098551533366,-17.157398520264493,25,285
