,particle_id,r,phi,z,layer_id,hit_id
622,815,3.1005121354293403,-2.202893185446388,1.5228933052434304,1,623
623,815,5.179784249620363,-2.229513305176054,2.7677901163214766,2,624
624,815,7.259076456327992,-2.257839064522062,4.269679259679263,3,625
625,815,9.33823538007066,-2.288220188642783,6.153613370742878,4,626
626,815,11.41707929388799,-2.321487589412873,8.70175761238968,5,627
627,815,13.496174457809769,-2.3609129230372083,13.06801082380317,6,628
628,815,13.495706268857834,-2.377026783514245,22.094793617343047,6,629
629,815,11.415948453446845,-2.3280150405888915,27.25859245187249,5,630
630,815,9.336511690570925,-2.2414563047929588,30.663074258626736,4,631
631,815,7.2581650240377,-2.085936925656928,33.527225935371206,3,632
632,815,5.178917984627078,-1.7180096339718784,36.468498864319095,2,633
633,815,5.180079079385825,-0.6631643216261146,40.48084889233165,2,634
634,815,7.259673709764226,-0.2925814632990904,42.43846853852224,3,635
635,815,9.338807434220326,-0.1327236093853056,43.8394193863299,4,636
636,815,11.418599525684035,-0.0394409291766726,45.02835763510957,5,637
637,815,13.498157472750547,0.0220279289757541,46.08129034595084,6,638
638,815,15.576952916522153,0.0655179406320458,47.02934753738999,7,639
639,815,17.657119252473823,0.0978157269908498,47.88990570123475,8,640
640,815,19.73439650778005,0.122580030060921,48.6712317867918,9,641
641,815,21.81350127816982,0.1420987131512257,49.3817213153867,10,642
642,815,23.89355076226561,0.15777234440833,50.02550249704418,11,643
643,815,25.97256563627086,0.1705339180251346,50.60524332678683,12,644
644,815,28.05336369944833,0.1810569943310471,51.12406514003135,13,645
645,815,30.129779050142066,0.1897833045837898,51.58222839528257,14,646
646,815,32.20994029669704,0.1970921003555398,51.98270047608298,15,647
647,815,34.28895782749215,0.203221268253373,52.32512613692536,16,648
648,815,36.36917434345303,0.2083743880941688,52.61019114289438,17,649
649,815,38.44623507215727,0.2126938700776117,52.83732121450521,18,650
650,815,40.52647885581109,0.2163119872430964,53.00680546019683,19,651
651,815,42.605805430645376,0.2193146429427123,53.11747106009394,20,652
652,815,44.68363173141785,0.2217770091706012,53.16829656385172,21,653
653,815,46.76283024016399,0.2237625202595099,53.15789338033655,22,654
654,815,48.84259233218267,0.2253177951894279,53.08430917988655,23,655
655,815,50.92188393345455,0.2264803584012607,52.94525147970084,24,656
656,815,53.00279745461092,0.2272813241872179,52.73767634510832,25,657
