,particle_id,r,phi,z,layer_id,hit_id
1629,869,3.100644129207595,-1.756783248377847,-3.760376546154625,1,1630
1630,869,5.179317378847892,-1.5433927754886063,-7.210728224354398,2,1631
1631,869,7.258420433269079,-1.2849197855630712,-10.796543455471747,3,1632
1632,869,9.338235327622916,-1.0747725522051137,-13.672889679507,4,1633
1633,869,11.416851685447334,-0.9264297415438676,-15.87336896853311,5,1634
1634,869,13.495975385027837,-0.8205736454346533,-17.623652098606254,6,1635
1635,869,15.576032575251986,-0.742399113217814,-19.0638553850015,7,1636
1636,869,17.654834584866318,-0.6829421091141479,-20.271919834540903,8,1637
1637,869,19.735320540211543,-0.6365762370090784,-21.296610014886685,9,1638
1638,869,21.81315931408238,-0.5998536161262488,-22.165439610367013,10,1639
1639,869,23.893363840437377,-0.5703264927538241,-22.89996520694739,11,1640
1640,869,25.971375520289097,-0.5464330078881445,-23.511756670586248,12,1641
1641,869,28.051538837761083,-0.5269592612962639,-24.011290172531933,13,1642
1642,869,30.131006308547736,-0.5110824284028341,-24.40423150020875,14,1643
1643,869,32.21007924054265,-0.4981555243777789,-24.69526902262721,15,1644
1644,869,34.288993409764245,-0.4876836354899551,-24.887623911649545,16,1645
1645,869,36.36718887384243,-0.4792837501145068,-24.983401878899347,17,1646
1646,869,38.448296474893496,-0.4726387935255051,-24.98390355605749,18,1647
1647,869,40.52600166144873,-0.4675227324777213,-24.88980044798903,19,1648
1648,869,42.60590612056083,-0.463720074089427,-24.701035845861856,20,1649
1649,869,44.68591023367175,-0.4610715822670813,-24.41731944085433,21,1650
1650,869,46.76434465095816,-0.459440643793703,-24.038279908373408,22,1651
1651,869,48.842803394528,-0.4587093384576852,-23.562702563749536,23,1652
1652,869,50.92321127466645,-0.4587801810855406,-22.988676195720164,24,1653
1653,869,53.00188773724612,-0.4595694501652947,-22.31558696587669,25,1654
