,particle_id,r,phi,z,layer_id,hit_id
1624,1369,3.1020092956763765,-2.4858194683202908,0.9187195574394852,1,1625
1625,1369,5.180365910709246,-2.5053139331652834,1.4507907334149552,2,1626
1626,1369,7.260420373104603,-2.523275107604759,1.9202962680459912,3,1627
1627,1369,9.337715569765132,-2.539865839287449,2.329050401764752,4,1628
1628,1369,11.419265198285848,-2.555313146457792,2.6805459121638333,5,1629
1629,1369,13.498481573836685,-2.569715348711497,2.9751928183833387,6,1630
1630,1369,15.577363193834792,-2.583217697169065,3.214433752806578,7,1631
1631,1369,17.655215290671944,-2.595930060584837,3.3987517095711874,8,1632
1632,1369,19.734197661604888,-2.607966458480174,3.5282966870225128,9,1633
1633,1369,21.813448460754184,-2.619412095850047,3.602351652291379,10,1634
1634,1369,23.891795773106583,-2.6303439984476813,3.619676351875044,11,1635
1635,1369,25.973206731243767,-2.640860234726512,3.5782950242446185,12,1636
1636,1369,28.052444303369025,-2.651008816411849,3.475548124984413,13,1637
1637,1369,30.13168805378717,-2.660874846248126,3.307723947325294,14,1638
1638,1369,32.20895442498895,-2.6705249875646744,3.0701639733913524,15,1639
1639,1369,34.288292530436145,-2.680059161864683,2.7558993785863013,16,1640
1640,1369,36.36821652279664,-2.6895616375692866,2.356360142322463,17,1641
1641,1369,38.446168720884586,-2.6991290844217137,1.8604814639821952,18,1642
1642,1369,40.52614081031112,-2.708916658804561,1.2512258036427906,19,1643
1643,1369,42.60575365617158,-2.7190979302752534,0.5061752787724663,20,1644
1644,1369,44.68483391400987,-2.72994055034935,-0.4090124179147367,21,1645
1645,1369,46.76268616619568,-2.741870058533664,-1.5494093576465169,22,1646
1646,1369,48.84186990935586,-2.75568610476181,-3.016795113226382,23,1647
1647,1369,50.921707208913645,-2.7731511265048643,-5.030858054695741,24,1648
1648,1369,53.00035002923799,-2.800507725248591,-8.33659621339295,25,1649
