,particle_id,r,phi,z,layer_id,hit_id
110,93,3.100417924153454,0.930966257089351,3.5646913138255805,1,111
111,93,5.179230915543265,0.9556468702418772,6.313912252312232,2,112
112,93,7.25845499161389,1.0031669201187294,9.761489512456512,3,113
113,93,7.258191313911524,1.8100239452417504,20.29141127821402,3,114
114,93,7.258508296055867,2.146820167154836,21.235940820126206,3,115
115,93,9.338528723361575,2.7317107278593054,22.39212879170152,4,116
116,93,11.417038648703004,2.94684096233204,22.726603310105208,5,117
117,93,13.497545000676942,3.0796831453886964,22.867247419786832,6,118
118,93,15.575017670104865,-3.1104441079348915,22.889684266723066,7,119
119,93,17.654937729254257,-3.0403540533183264,22.82234397717293,8,120
120,93,19.73439192182257,-2.985183747138344,22.679353442943487,9,121
121,93,21.812700045633964,-2.940325539492461,22.46905180631348,10,122
122,93,23.89174849621224,-2.9029048625757743,22.19643869577285,11,123
123,93,25.97304917207116,-2.8710581618279543,21.86459591454146,12,124
124,93,28.05180011131545,-2.843591920979092,21.47658228184777,13,125
125,93,30.131303571780705,-2.8195584524242205,21.03335311621684,14,126
126,93,32.20860330427867,-2.798332521379755,20.53651299821899,15,127
127,93,34.287673333435,-2.7793803874815177,19.98558917438756,16,128
128,93,36.36782701539597,-2.762335424745221,19.38073103167612,17,129
129,93,38.44606262680724,-2.746926750607393,18.72258123669486,18,130
130,93,40.52556710527735,-2.732896560793894,18.009573262548507,19,131
131,93,42.60688297837603,-2.7200563436418195,17.240499356657995,20,132
132,93,44.68477766645293,-2.708284382509385,16.416130548504164,21,133
133,93,46.76272321796753,-2.697433060063793,15.533647617409686,22,134
134,93,48.843948098107134,-2.687383341068287,14.589559734796584,23,135
135,93,50.922634418657374,-2.678076401737916,13.584038140877333,24,136
136,93,53.00113738688471,-2.669426616974504,12.51309000760959,25,137
