,particle_id,r,phi,z,layer_id,hit_id
4794,2131,3.10165615325696,-0.293964497037019,-2.915495129111708,1,4795
4795,2131,5.1803855938710575,-0.2899743247483752,-4.5114682188204345,2,4796
4796,2131,7.260380319608682,-0.2868937211499909,-5.89726596725936,3,4797
4797,2131,9.33816081265016,-0.2844763123809205,-7.110702949590662,4,4798
4798,2131,11.418635762508664,-0.2825543983509109,-8.182437592620532,5,4799
4799,2131,13.496349527693138,-0.2810230937711547,-9.129850205547443,6,4800
4800,2131,15.576921503615642,-0.2798006349285144,-9.970654173539929,7,4801
4801,2131,17.656899712699968,-0.2788331189139775,-10.71492423629178,8,4802
4802,2131,19.73512515465205,-0.278078704571044,-11.371506518896952,9,4803
4803,2131,21.815951456797205,-0.2775040871118827,-11.94894389089564,10,4804
4804,2131,23.89473375506135,-0.2770861456357216,-12.451680223690998,11,4805
4805,2131,25.97134088412556,-0.276805454553932,-12.884523649466756,12,4806
4806,2131,28.050292766919164,-0.2766465712560207,-13.25210696438729,13,4807
4807,2131,30.129470676216627,-0.2765982524326814,-13.556874657676136,14,4808
4808,2131,32.2109586742652,-0.2766515692228078,-13.801318091330492,15,4809
4809,2131,34.28963337158012,-0.2767993841457317,-13.986591792877094,16,4810
4810,2131,36.36818040904725,-0.2770364791622096,-14.114288905728968,17,4811
4811,2131,38.44947894328009,-0.2773596471504809,-14.18524312879796,18,4812
4812,2131,40.52501177402586,-0.2777650281552898,-14.199609959000382,19,4813
4813,2131,42.605309011868464,-0.2782534972241332,-14.157392513174631,20,4814
4814,2131,44.68550000273456,-0.2788242475709184,-14.05794816401544,21,4815
4815,2131,46.76433455573599,-0.279478088980625,-13.900384463868592,22,4816
4816,2131,48.84398371461198,-0.2802181378481344,-13.683046847042208,23,4817
4817,2131,50.922426969573976,-0.2810474421097774,-13.404094415327114,24,4818
4818,2131,53.00074759919365,-0.2819716326638449,-13.06073249215096,25,4819
