,particle_id,r,phi,z,layer_id,hit_id
1079,1296,3.1011567330614342,-2.609864069912786,1.4807496521891252,1,1080
1080,1296,5.180463086351988,-2.55070908663999,2.374545974012946,2,1081
1081,1296,7.259077130317178,-2.5111551579418663,3.2291319049778835,3,1082
1082,1296,9.339121361472053,-2.482403611025455,4.061123975812713,4,1083
1083,1296,11.418140587569187,-2.460404345384144,4.8789449152467625,5,1084
1084,1296,13.4970561109264,-2.442944279050053,5.6892403931384905,6,1085
1085,1296,15.575328129199956,-2.4287249215945543,6.4963508881152805,7,1086
1086,1296,17.654412875198023,-2.416910887474567,7.304379059501308,8,1087
1087,1296,19.73592881147048,-2.4069453168323824,8.116881732514017,9,1088
1088,1296,21.81299142667897,-2.3984745750074925,8.93370444808361,10,1089
1089,1296,23.893275652411795,-2.391190121356487,9.760176061049188,11,1090
1090,1296,25.97313946036577,-2.3849041939028983,10.597066897327489,12,1091
1091,1296,28.050506095926306,-2.379469272394968,11.44568338943305,13,1092
1092,1296,30.13059884142949,-2.374756674617366,12.310367562928633,14,1093
1093,1296,32.21060143006072,-2.3706862998036327,13.19228955484359,15,1094
1094,1296,34.28814645849995,-2.367194866070381,14.092893863536297,16,1095
1095,1296,36.36722576443137,-2.364225224466672,15.016624537579936,17,1096
1096,1296,38.4487367106983,-2.3617412949804737,15.967012148927942,18,1097
1097,1296,40.52717547804074,-2.3597252357346545,16.945038122579312,19,1098
1098,1296,42.60553974582442,-2.358160061505554,17.9561352847606,20,1099
1099,1296,44.68569819234525,-2.357042944480109,19.00612504478726,21,1100
1100,1296,46.76505178052165,-2.356385474945504,20.099642604640096,22,1101
1101,1296,48.8419313856054,-2.356210708788632,21.243051172952992,23,1102
1102,1296,50.92263577903935,-2.356559661727573,22.449265784451544,24,1103
1103,1296,53.00067339363796,-2.3574964208012603,23.72693302893957,25,1104
