,particle_id,r,phi,z,layer_id,hit_id
1169,771,3.100913596251856,1.2297595744666974,1.536030038633001,1,1170
1170,771,5.180779005583518,1.2461222835695358,2.2489630794841844,2,1171
1171,771,7.259317944009935,1.2604778699752883,2.766810889814437,3,1172
1172,771,9.337817374163183,1.2732950222289237,3.1254561663715634,4,1173
1173,771,11.417423116784356,1.284906397141487,3.351422645212608,5,1174
1174,771,13.496577913660964,1.295543168830371,3.464775136067601,6,1175
1175,771,15.577332161336058,1.3053968286674325,3.481468178597467,7,1176
1176,771,17.656192758876024,1.3145911916778246,3.41419721842378,8,1177
1177,771,19.734489873811828,1.3232434954258736,3.2733435533421016,9,1178
1178,771,21.815561742597414,1.33145512917424,3.0670000149285386,10,1179
1179,771,23.89172705403035,1.3392680216657389,2.8029882178609427,11,1180
1180,771,25.97208864974125,1.3467756722011506,2.4859996399359403,12,1181
1181,771,28.05080373035666,1.354005622861796,2.121711196942087,13,1182
1182,771,30.132549407015148,1.361015512159224,1.7133862408172431,14,1183
1183,771,32.20907261976497,1.367813315591745,1.266195383174903,15,1184
1184,771,34.289799657922835,1.37446063107829,0.7810971805060944,16,1185
1185,771,36.36725347642133,1.380960072075737,0.2623137926417485,17,1186
1186,771,38.448470921651385,1.387357099523296,-0.289799739262385,18,1187
1187,771,40.52643259787706,1.393650957196916,-0.8716062778436182,19,1188
1188,771,42.60523695737788,1.3998729726087211,-1.4827049702992738,20,1189
1189,771,44.68563018474188,1.406042300478009,-2.122127503072214,21,1190
1190,771,46.76477733797272,1.4121661677719095,-2.78800179970019,22,1191
1191,771,48.84372626181874,1.4182622188304017,-3.4798365570445995,23,1192
1192,771,50.92368459541534,1.4243476050300696,-4.197439904850178,24,1193
1193,771,53.00213310449284,1.4304278768117382,-4.939500996712056,25,1194
