,particle_id,r,phi,z,layer_id,hit_id
861,816,3.102627113067068,1.652584056002355,0.3062003241085085,1,862
862,816,5.1820252248834855,1.6632273579402908,0.5625747064178412,2,863
863,816,7.260535839845544,1.673984317093666,0.8582839290712778,3,864
864,816,9.338516999756598,1.6848635243404186,1.1921289882935395,4,865
865,816,11.41978509983531,1.695893195570225,1.563709797870505,5,866
866,816,13.49808966034481,1.707049418888,1.9709467347903056,6,867
867,816,15.577283611918716,1.7183631773068029,2.4136781136159087,7,868
868,816,17.654445037318276,1.7298304232086994,2.890498120402248,8,869
869,816,19.736681042547904,1.7415044612242714,3.4024619393187603,9,870
870,816,21.814157072100613,1.7533457859826698,3.9466140451869567,10,871
871,816,23.893684362677853,1.7654106591557002,4.524235539008977,11,872
872,816,25.971810551663623,1.7776995265278783,5.134058012367335,12,873
873,816,28.05145566225108,1.7902531127829882,5.77673530159961,13,874
874,816,30.131861694810343,1.803094344967344,6.4520100691792095,14,875
875,816,32.20869603484555,1.81622725786834,7.15847708980322,15,876
876,816,34.28990602302246,1.8297390133195008,7.899086858843074,16,877
877,816,36.36690678333947,1.8436170497675384,8.671201200718697,17,878
878,816,38.44602493217421,1.857954335584316,9.477752874126466,18,879
879,816,40.52620614810282,1.8728062771261351,10.319302631637086,19,880
880,816,42.60522581129223,1.888231879061296,11.196160135350976,20,881
881,816,44.6850631616221,1.9043381191259183,12.110765576127712,21,882
882,816,46.762725421318414,1.9212168999277648,13.063894075861738,22,883
883,816,48.84320046624713,1.9390575193272848,14.0606695540626,23,884
884,816,50.92207767813608,1.95801757507525,15.102772067130376,24,885
885,816,53.0021364949366,1.9783855170522016,16.19668394715805,25,886
