,particle_id,r,phi,z,layer_id,hit_id
83,150,3.100005045602414,-1.4250264253568836,-0.3782427637871386,1,84
84,150,5.182165266703857,-1.431072553602612,-0.6732755430673798,2,85
85,150,7.26041720664928,-1.4370956043624077,-1.0031415562306556,3,86
86,150,9.339769956038234,-1.4431105357838951,-1.3708080609312745,4,87
87,150,11.41741353404576,-1.449110004253265,-1.7780724565216095,5,88
88,150,13.498146559434469,-1.455109006440928,-2.2283244892022545,6,89
89,150,15.575078238565666,-1.4610892113522391,-2.722573659465056,7,90
90,150,17.65644367436722,-1.4670762742456378,-3.2654785451576345,8,91
91,150,19.73497585935988,-1.4730516804665097,-3.858056741347845,9,92
92,150,21.814500254476243,-1.4790293366031024,-4.504416620985307,10,93
93,150,23.89464764618426,-1.48501167081913,-5.207868372053433,11,94
94,150,25.970999817906765,-1.4909901340569238,-5.970478835666324,12,95
95,150,28.053030002236007,-1.4969970144351452,-6.799933310417927,13,96
96,150,30.1314801802902,-1.503011619148504,-7.697279781526182,14,97
97,150,32.21052005136363,-1.5090532268558712,-8.669461741651045,15,98
98,150,34.2895682167978,-1.5151290003988722,-9.722363704925568,16,99
99,150,36.36670822742488,-1.5212441850255949,-10.862094175895075,17,100
100,150,38.44778119486141,-1.5274297221425504,-12.10061779160792,18,101
101,150,40.52649590622545,-1.5336844140857584,-13.444842578536669,19,102
102,150,42.60571209677473,-1.5400395177099349,-14.909684454158638,20,103
103,150,44.68339787611,-1.5465192512723078,-16.51064751181297,21,104
104,150,46.76429201431193,-1.5531811090643095,-18.274407476767266,22,105
105,150,48.8423500954743,-1.560067813597787,-20.227957434582,23,106
106,150,50.92146466173803,-1.5672885718986975,-22.42280794759214,24,107
107,150,53.00020242833472,-1.5750036967410448,-24.93669559715252,25,108
