,particle_id,r,phi,z,layer_id,hit_id
3466,1815,3.1012039568002763,1.3193588700197183,3.697717213364598,1,3467
3467,1815,5.179949548442199,1.336853761951405,6.191597542322853,2,3468
3468,1815,7.25972542636926,1.3558008483089916,8.701349328775905,3,3469
3469,1815,9.337760511728456,1.3765664797453412,11.227810181170774,4,3470
3470,1815,11.417767197512145,1.3998068478423549,13.783548060274905,5,3471
3471,1815,13.49651420771624,1.4265655042709435,16.380780928579817,6,3472
3472,1815,15.575262916710813,1.4590590461113222,19.057455896638388,7,3473
3473,1815,17.65477157729071,1.503374458915786,21.920460356237577,8,3474
3474,1815,19.733379678043782,1.6217459030625505,26.030359840957168,9,3475
3475,1815,19.73332406159855,1.651485023220159,26.51129061787188,9,3476
3476,1815,17.654128475637254,1.9846198263778083,27.69528205268284,8,3477
3477,1815,17.654445702253998,2.3092030086090074,27.61482270078993,8,3478
3478,1815,19.73415540159772,2.545203116782853,27.583185188948747,9,3479
3479,1815,21.8130304510608,2.6560649623649013,27.61722483134137,10,3480
3480,1815,23.893152972374303,2.7277458839888946,27.676924479312284,11,3481
3481,1815,25.97171374633,2.7782388122706574,27.7516592768184,12,3482
3482,1815,28.05077183476917,2.8153925964950006,27.835850272198982,13,3483
3483,1815,30.13092425220971,2.8434085204973,27.92562212996868,14,3484
3484,1815,32.20897142456286,2.8648056840042733,28.017730125906944,15,3485
3485,1815,34.288128521154135,2.881296937258687,28.1096395015226,16,3486
3486,1815,36.36670644302973,2.894021231722895,28.19884488469896,17,3487
3487,1815,38.447032819383416,2.9038164675957328,28.283147828989065,18,3488
3488,1815,40.52626372552186,2.911275797416451,28.36020325799824,19,3489
3489,1815,42.60423810021759,2.916859020307082,28.42780716614936,20,3490
3490,1815,44.685456440188,2.920925350721974,28.48384609720833,21,3491
3491,1815,46.76314935511503,2.923732543684088,28.525823656490928,22,3492
3492,1815,48.84167459161861,2.9255009954014053,28.55141937071761,23,3493
3493,1815,50.92092260085549,2.926396999391104,28.558007402811025,24,3494
3494,1815,53.00109212926206,2.926552747015217,28.542728688953048,25,3495
