,particle_id,r,phi,z,layer_id,hit_id
169,412,3.10092681836204,0.3404117633497959,4.2163245909308245,1,170
170,412,5.179504624359408,0.3386102491732752,7.240028798440946,2,171
171,412,7.259484844115509,0.3373721252556997,10.440660632463576,3,172
172,412,9.337864200012191,0.3368179792640201,13.8370656691946,4,173
173,412,11.416875049954593,0.3372112007405426,17.472063243597546,5,174
174,412,13.49589024331726,0.3391781478398006,21.41886677469853,6,175
175,412,15.575304279649137,0.3446096440866198,25.85862618866763,7,176
176,412,17.654324502666146,0.366878631972055,31.762931316150823,8,177
177,412,17.654033337399685,0.4372746431548277,35.51114684015757,8,178
178,412,15.574832365077704,0.6961762852740723,37.84588542230816,7,179
179,412,15.575291115973906,1.0710930745550329,41.46804268596069,7,180
180,412,17.65477268762999,1.3270727704302665,45.90823236346619,8,181
181,412,19.734262635500446,1.4541969129699106,49.43855032632962,9,182
182,412,21.81337385641303,1.539499597741149,52.74741280995335,10,183
183,412,23.892864663109595,1.6023711861368837,55.9555818734288,11,184
184,412,25.971091107943,1.651138683110867,59.09882206845133,12,185
185,412,28.050481238833274,1.6903573993518604,62.19392675160015,13,186
186,412,30.130142766254203,1.7227147802227512,65.24278033152879,14,187
187,412,32.21017548887393,1.7499706061057578,68.2445659687591,15,188
188,412,34.28807970652853,1.7732977734259634,71.1930484314127,16,189
189,412,36.36804320406368,1.7935930735683183,74.09089704623975,17,190
190,412,38.447347323224754,1.8114457177744927,76.9309852696276,18,191
191,412,40.52620984105213,1.827320760640432,79.71064334970262,19,192
192,412,42.60471718116976,1.8415703917849984,82.42740836374803,20,193
193,412,44.6848940362572,1.8544780537336016,85.08169255376232,21,194
194,412,46.76471991705394,1.8662424956554928,87.66911955987105,22,195
195,412,48.84308452956776,1.877027496033756,90.18707192229604,23,196
196,412,50.92278100945708,1.8869830751024503,92.63798985048152,24,197
197,412,53.00141007016108,1.8962074201156656,95.0184136142668,25,198
