,particle_id,r,phi,z,layer_id,hit_id
319,443,3.1000897792292283,-0.8170738619791584,9.050370145728571,1,320
320,443,5.179436725037555,-0.8215646230296646,16.231292609638224,2,321
321,443,7.258449060261361,-0.8232651756776215,25.032071407779192,3,322
322,443,9.33769074236938,-0.8054073245110991,38.43087461177669,4,323
323,443,9.337472095021749,-0.6239210592520041,52.89825108583391,4,324
324,443,9.338005889562291,0.190307415797522,51.42932635291783,4,325
325,443,11.417230158193693,0.4737878363202007,46.543110562907074,5,326
326,443,13.495989426387196,0.6188391608085101,42.16627417452584,6,327
327,443,15.575692748066473,0.7128442484027179,37.92502617868908,7,328
328,443,17.654952555324375,0.7800532554890848,33.74050635563501,8,329
329,443,19.734402375039256,0.8312441020940726,29.58684935732765,9,330
330,443,21.813586243616616,0.8721326164821646,25.459338794371533,10,331
331,443,23.89270491220854,0.9061301095926708,21.359812102771244,11,332
332,443,25.97087575791802,0.9354112698495968,17.29613421892647,12,333
333,443,28.05164327613808,0.961511090284363,13.270003373491292,13,334
334,443,30.13020211821798,0.9854345154322844,9.301300300636528,14,335
335,443,32.20929043673986,1.0080133095532915,5.397370841920569,15,336
336,443,34.28807718894237,1.0298588008437406,1.5748610743313023,16,337
337,443,36.36696189932362,1.0514750134512862,-2.148888895655311,17,338
338,443,38.4473939288312,1.073289640554741,-5.7545379623711845,18,339
339,443,40.525252380973775,1.0956022574116464,-9.208827732465402,19,340
340,443,42.60462486428553,1.1187360072767558,-12.4874293211094,20,341
341,443,44.68482541976834,1.1428964101943715,-15.552465225496404,21,342
342,443,46.763017613165886,1.1681797570052432,-18.358812400276097,22,343
343,443,48.84266177953924,1.1946573065528676,-20.867137983011474,23,344
344,443,50.92133978267415,1.2222093708099635,-23.03056824875005,24,345
345,443,53.00000319388129,1.2506311037673845,-24.8112160948274,25,346
