,particle_id,r,phi,z,layer_id,hit_id
781,500,3.1006025543187654,1.8967260320907915,-0.3797902097785866,1,782
782,500,5.182277142826871,1.8876077108285845,-0.6233347926371666,2,783
783,500,7.259390146763498,1.8780642283470752,-0.8560239787843493,3,784
784,500,9.34085403823893,1.8680128357240853,-1.0776209754831962,4,785
785,500,11.418086034853513,1.8574480346513,-1.285732214988953,5,786
786,500,13.498918410871177,1.8462771538983087,-1.4793768968589889,6,787
787,500,15.577308977747387,1.834471963718364,-1.655866950891098,7,788
788,500,17.656392423284288,1.821946777980914,-1.8129608341359813,8,789
789,500,19.73521320339324,1.8086283095191087,-1.9475458200551048,9,790
790,500,21.81490237326044,1.794417909201253,-2.0560238723999475,10,791
791,500,23.892510733260668,1.779230935704976,-2.133830777582399,11,792
792,500,25.97229735765103,1.7629126965988495,-2.175703503889695,12,793
793,500,28.051069360501625,1.7453421598731211,-2.174876522064551,13,794
794,500,30.1316133038359,1.726323025098382,-2.1230221750933547,14,795
795,500,32.209098726578674,1.7056961717845551,-2.009900457428678,15,796
796,500,34.28782113209734,1.6831755045620649,-1.822122396330376,16,797
797,500,36.36747155001211,1.6584642462751489,-1.5425175716985466,17,798
798,500,38.44692400905008,1.6312123440181812,-1.1487902598561426,18,799
799,500,40.52633648757637,1.6009726667178514,-0.6109847682676091,19,800
800,500,42.6056999543547,1.5671912392663854,0.1119245026257247,20,801
801,500,44.68357087506691,1.5291933519791236,1.077318632771604,21,802
802,500,46.7631955399415,1.4859931844476326,2.373432556908009,22,803
803,500,48.84228486671791,1.43630771414012,4.13978414012342,23,804
804,500,50.9216603331736,1.3778136404638452,6.645406630050537,24,805
805,500,53.00001270497507,1.3042480154622034,10.634582324649548,25,806
