,particle_id,r,phi,z,layer_id,hit_id
2006,1576,3.100527011706602,1.5141506741023734,-5.083247023988573,1,2007
2007,1576,5.17942915934563,1.4617204087876732,-8.432499523654872,2,2008
2008,1576,7.259465305596092,1.4041618834097165,-11.657137519731554,3,2009
2009,1576,9.338247034338702,1.342551481779375,-14.67533601138119,4,2010
2010,1576,11.416787814338347,1.2785343031933385,-17.41525474260471,5,2011
2011,1576,13.49660499348644,1.214118819515713,-19.8253562111654,6,2012
2012,1576,15.575930002787018,1.1513489712000098,-21.88043144969632,7,2013
2013,1576,17.655205260096736,1.0917458471151746,-23.587845066076,8,2014
2014,1576,19.73412068916037,1.0362449837725545,-24.975159570314258,9,2015
2015,1576,21.81295278886988,0.9852196022431527,-26.08055913174828,10,2016
2016,1576,23.89286643485189,0.9386386816316312,-26.944361463838625,11,2017
2017,1576,25.9728582177532,0.896293077149479,-27.603167990439697,12,2018
2018,1576,28.05146521946265,0.8578620078807273,-28.08926038215096,13,2019
2019,1576,30.13057020215536,0.8229248615970731,-28.43075949115548,14,2020
2020,1576,32.20875226595844,0.7911265603413337,-28.650444787715767,15,2021
2021,1576,34.28895309776446,0.7620720292670218,-28.76760258649834,16,2022
2022,1576,36.36771000557709,0.7354927688741825,-28.797806270334853,17,2023
2023,1576,38.448623691863965,0.7110615364482984,-28.754257112314864,18,2024
2024,1576,40.52802083617043,0.6885745775587652,-28.64805448983001,19,2025
2025,1576,42.60617382013959,0.667808745210657,-28.488644537839846,20,2026
2026,1576,44.68445922427599,0.6485602315836456,-28.28392396880446,21,2027
2027,1576,46.765251090169606,0.6306448937176766,-28.04044421169473,22,2028
2028,1576,48.841882787484536,0.6139745555263689,-27.7649972046116,23,2029
2029,1576,50.92124860633549,0.598366243840416,-27.461957902884585,24,2030
2030,1576,53.00091776102162,0.5837292958362594,-27.13630247909825,25,2031
