,particle_id,r,phi,z,layer_id,hit_id
96,211,3.10027153878306,2.4613203559875214,-4.0521081024465655,1,97
97,211,5.179171122220385,2.405502919094287,-6.446539823908095,2,98
98,211,7.2588024870547105,2.357512465192114,-8.527609680302389,3,99
99,211,9.338240197084254,2.3166641606163,-10.29698509144797,4,100
100,211,11.417708999559826,2.2819800224740274,-11.779042711528664,5,101
101,211,13.496579977009022,2.2524894979584698,-13.005096102592692,6,102
102,211,15.57633914493976,2.227300576097312,-14.00790910216063,7,103
103,211,17.656151888793634,2.205692528133463,-14.81608566943,8,104
104,211,19.73431853561525,2.187078901355551,-15.454585233159202,9,105
105,211,21.81448871784017,2.170941689497481,-15.946199677909432,10,106
106,211,23.892143342971632,2.156923635683205,-16.30827295923336,11,107
107,211,25.971771108376256,2.1446772934586416,-16.55716950580569,12,108
108,211,28.050476604367898,2.133964942703088,-16.705598481755878,13,109
109,211,30.131646828651377,2.1245620816429605,-16.76487570151759,14,110
110,211,32.209803801613084,2.1163227858167217,-16.74440407515184,15,111
111,211,34.28777929842018,2.109093915482792,-16.65249126019616,16,112
112,211,36.36911106638222,2.102750933141868,-16.495847694676247,17,113
113,211,38.44707393246435,2.0972205733682823,-16.281041631785182,18,114
114,211,40.52533732123816,2.0924148669535296,-16.013068489477643,19,115
115,211,42.60454535673891,2.088271366345335,-15.696345569962068,20,116
116,211,44.68448972017,2.08474280540292,-15.334786251446184,21,117
117,211,46.76362508251365,2.08179554363558,-14.932052420827462,22,118
118,211,48.84350039266798,2.079403206886009,-14.490729041177133,23,119
119,211,50.92255571056976,2.077556353692492,-14.013532941224105,24,120
120,211,53.00198075278444,2.0762578107052656,-13.502061787296771,25,121
