,particle_id,r,phi,z,layer_id,hit_id
842,534,3.1004661164936365,2.5176752628751347,5.782024961413011,1,843
843,534,5.179500632932871,2.2137755338263854,9.83549602444758,2,844
844,534,7.258438884323631,1.983194014301724,12.532006473932476,3,845
845,534,9.337518746077482,1.8313736930054323,14.216858870615065,4,846
846,534,11.41768687669748,1.7276304528735873,15.319897033477629,5,847
847,534,13.4971437658568,1.6528692448639009,16.06142825998286,6,848
848,534,15.575303136197997,1.596544329364204,16.55839257466155,7,849
849,534,17.654662251170656,1.5525516129847716,16.87930179578946,8,850
850,534,19.73376363653157,1.5172592159885447,17.066844653606843,9,851
851,534,21.814620097585617,1.4882838904874354,17.15025255694534,10,852
852,534,23.89234097757342,1.4641091221481974,17.150211380239746,11,853
853,534,25.97252916527277,1.4435676266314568,17.08221919758035,12,854
854,534,28.05026512236788,1.425919535021252,16.958292275142302,13,855
855,534,30.129515748180776,1.410547156378607,16.787605728366273,14,856
856,534,32.20987162518603,1.3970179406330212,16.57769872758928,15,857
857,534,34.28764920107971,1.3850154200883216,16.335251592342765,16,858
858,534,36.36899987355203,1.37423884314695,16.06481735130179,17,859
859,534,38.44751241087722,1.3645096713888076,15.771753823915375,18,860
860,534,40.52594066033706,1.3556404358903893,15.459688660884275,19,861
861,534,42.60487539392908,1.3474865065886652,15.132062248048662,20,862
862,534,44.685250235278886,1.339925412391057,14.791922428272386,21,863
863,534,46.76517747638503,1.3328618023699823,14.442555194638798,22,864
864,534,48.842629506030086,1.3262118943349743,14.08715115987309,23,865
865,534,50.92099507077185,1.3198839788044,13.727895938988455,24,866
866,534,53.00004374546591,1.3138047298965598,13.367593355435902,25,867
