,particle_id,r,phi,z,layer_id,hit_id
400,331,3.100776409998153,-1.1586353485861325,-5.864618222761429,1,401
401,331,5.179488963735884,-1.122740413611789,-12.78739042223097,2,402
402,331,5.178712386617613,-0.9945205196604572,-29.26817989517384,2,403
403,331,3.0990804498018,-0.7763401348265363,-38.324338178426736,1,404
404,331,3.1000000604163747,1.5025882421748575,-52.22148256667208,1,405
405,331,5.179812834466115,1.6969715255748157,-56.58215805978096,2,406
406,331,7.259590092080893,1.7801172864770838,-60.471393892785,3,407
407,331,9.338438403860868,1.827810427826425,-64.08109425254914,4,408
408,331,11.41676395946392,1.8594246741693656,-67.48653888387754,5,409
409,331,13.49677056654647,1.8822944974131817,-70.73285502833826,6,410
410,331,15.575123889278355,1.8997821550542275,-73.84207392697733,7,411
411,331,17.656811842999172,1.9137311346385224,-76.84082590190222,8,412
412,331,19.73392013903593,1.925140057302228,-79.73211220805432,9,413
413,331,21.81483482921725,1.934709978746865,-82.53860817984209,10,414
414,331,23.89260768759872,1.9428349612579447,-85.25939744946658,11,415
415,331,25.972828896276862,1.949828360928016,-87.90852153247462,12,416
416,331,28.050222683157063,1.95587572979232,-90.48451517952614,13,417
417,331,30.13155910833625,1.9611410392685489,-92.99978878474536,14,418
418,331,32.20918357471594,1.9657087109942024,-95.4481431012434,15,419
419,331,34.28988561259095,1.969668287849221,-97.83978054279058,16,420
420,331,36.36855910954391,1.97306103295132,-100.17011673507216,17,421
421,331,38.44815600951327,1.975925299015873,-102.44300561613016,18,422
422,331,40.52519001392835,1.978274134923332,-104.65432869630402,19,423
423,331,42.60596899496053,1.9801168236883613,-106.80939856471308,20,424
424,331,44.6843802197698,1.9814352607761672,-108.89932783916096,21,425
425,331,46.76297112378992,1.982203527621733,-110.92286369535616,22,426
426,331,48.84373190646923,1.9823737842872384,-112.87606640780244,23,427
427,331,50.922574721755126,1.9818734760783605,-114.7468209428717,24,428
428,331,53.00004605736174,1.9805988151666296,-116.52400451551992,25,429
