,particle_id,r,phi,z,layer_id,hit_id
122,331,3.100598412330841,-1.3163514527142983,1.1649835668448285,1,123
123,331,5.179271139396313,-1.3335451396185731,1.665976695312306,2,124
124,331,7.26014889295716,-1.3455076587139772,1.994609070626524,3,125
125,331,9.338419890655569,-1.3531347105995273,2.180131456686041,4,126
126,331,11.418401791964998,-1.3570983950308182,2.244563155985446,5,127
127,331,13.49616120793726,-1.3578650485541737,2.203481620586235,6,128
128,331,15.577006406230277,-1.355784491297802,2.0681983041655343,7,129
129,331,17.65569861451667,-1.3511234551311433,1.847356776325448,8,130
130,331,19.73525166042828,-1.3440807448651466,1.54673259265288,9,131
131,331,21.81357939623649,-1.3348251275569554,1.1708381945205026,10,132
132,331,23.89206369988048,-1.3234851086828976,0.7222436459226067,11,133
133,331,25.97094585084784,-1.310174040238264,0.2025031834925243,12,134
134,331,28.05142983360054,-1.2949879805823634,-0.3880357175659981,13,135
135,331,30.13102652986421,-1.278048367710736,-1.0486359460460122,14,136
136,331,32.21027144163937,-1.2594594262982164,-1.7798464764931765,15,137
137,331,34.28808308835186,-1.2393463398928928,-2.581991677277383,16,138
138,331,36.36847928610484,-1.2177912615349409,-3.457702989492468,17,139
139,331,38.44676993243648,-1.1949738423798202,-4.40616848916298,18,140
140,331,40.52535127886436,-1.1710093729606328,-5.429563521393909,19,141
141,331,42.60441910987142,-1.1460409051087954,-6.5292054996742,20,142
142,331,44.68406386928896,-1.120215097936463,-7.706380478874953,21,143
143,331,46.76408353483029,-1.0936806031088788,-8.96224927420494,22,144
144,331,48.8438006571641,-1.0665862123101968,-10.29775424616725,23,145
145,331,50.92189139316773,-1.0390788611437434,-11.713528626132634,24,146
146,331,53.00077665963281,-1.0112404826882622,-13.21317987955198,25,147
