,particle_id,r,phi,z,layer_id,hit_id
122,384,3.100426525261573,2.520877387449974,-2.1404048055786777,1,123
123,384,5.179678862901469,2.502295676394213,-3.4004039934451296,2,124
124,384,7.260603038231228,2.486409576037975,-4.544441638042047,3,125
125,384,9.338092196052196,2.472776348130808,-5.587021409430983,4,126
126,384,11.417054389348555,2.4609799595579043,-6.545232247155203,5,127
127,384,13.495842088715555,2.450727741501748,-7.430474152592423,6,128
128,384,15.577709967505,2.441762383891936,-8.254410027033936,7,129
129,384,17.654399177587926,2.433920493330309,-9.022767558272957,8,130
130,384,19.73561294439514,2.4270040320547706,-9.746872667214143,9,131
131,384,21.812892029578,2.4209097268149864,-10.430474371874476,10,132
132,384,23.89319278544568,2.4155073587701428,-11.0818157875836,11,133
133,384,25.972720266165005,2.4107167997146552,-11.704935958793492,12,134
134,384,28.05128506507769,2.406461228292319,-12.304566568472376,13,135
135,384,30.12934429423629,2.402674499177804,-12.885188684340914,14,136
136,384,32.21114926215246,2.399294749774017,-13.45194067414873,15,137
137,384,34.288488161238604,2.396287897187793,-14.006307191089851,16,138
138,384,36.36962049808805,2.393601016169799,-14.554005496755703,17,139
139,384,38.44673576857515,2.3912088392203383,-15.096319666770723,18,140
140,384,40.52533287221342,2.3890736748401964,-15.637920364830736,19,141
141,384,42.60442793676784,2.3871698088616777,-16.181709677976464,20,142
142,384,44.68638338739918,2.3854716094889983,-16.73145412797839,21,143
143,384,46.76348344913854,2.383963736786084,-17.28825998750257,22,144
144,384,48.84458659899594,2.382620459836024,-17.85771626083927,23,145
145,384,50.921679984585005,2.381429625557632,-18.44095140632137,24,146
146,384,53.00303540383955,2.3803706246881644,-19.043787071821328,25,147
