,particle_id,r,phi,z,layer_id,hit_id
0,26,3.1014960388234654,-1.412518918869917,-0.1997592764457678,1,1
1,26,5.179287315632965,-1.4124929757545353,-0.277436045390246,2,2
2,26,7.258677713638505,-1.41234856108778,-0.3192582307390879,3,3
3,26,9.340079881010992,-1.4120935161221504,-0.3305632853696068,4,4
4,26,11.419390898228384,-1.4117324414813246,-0.3153856808874877,5,5
5,26,13.498340268769924,-1.4112662745860045,-0.2768814550337382,6,6
6,26,15.57779456170585,-1.4106933835686957,-0.2174960688304708,7,7
7,26,17.65692875754878,-1.4100103499990666,-0.139235422413904,8,8
8,26,19.73579342108333,-1.4092114386968468,-0.0437347686648763,9,9
9,26,21.814942092297816,-1.4082884429160794,0.0676699769123843,10,10
10,26,23.89196331930981,-1.407232154372248,0.1936715028024664,11,11
11,26,25.97362016189022,-1.406025526464946,0.3336978290709282,12,12
12,26,28.050683443294755,-1.404657077691887,0.4862314970941384,13,13
13,26,30.131542320101985,-1.4031001035131598,0.651053736622238,14,14
14,26,32.21106512317208,-1.4013311342022667,0.8269860693806237,15,15
15,26,34.288485508555894,-1.3993167984656103,1.0131355245448717,16,16
16,26,36.36890726216419,-1.3970068576810162,1.209102789071089,17,17
17,26,38.44806077976511,-1.3943455632695814,1.4134977100559354,18,18
18,26,40.5274119831236,-1.391248895056528,1.625205104342264,19,19
19,26,42.6057421200632,-1.387601886146063,1.842397712635858,20,20
20,26,44.68430881918467,-1.3832280764602225,2.062699468499325,21,21
21,26,46.76425727574323,-1.377845661747255,2.282190052558456,22,22
22,26,48.84173454509541,-1.3709776038276364,2.4931866079788705,23,23
23,26,50.92189163328552,-1.361607775818091,2.6807946509264298,24,24
24,26,53.00030211587823,-1.3470152960457638,2.800789906210192,25,25
