,particle_id,r,phi,z,layer_id,hit_id
641,643,3.1010005909280736,2.1484331966541963,2.742102243076652,1,642
642,643,5.180769860252538,2.1368568359585525,4.329879614379266,2,643
643,643,7.258337854658089,2.1260886641350227,5.74672674801257,3,644
644,643,9.338921274997515,2.115888973894317,7.013039360044672,4,645
645,643,11.418300109201562,2.106130734721339,8.136893589974804,5,646
646,643,13.497252649246356,2.096703612332064,9.125267535727248,6,647
647,643,15.57628671255466,2.087528610359596,9.981287172570774,7,648
648,643,17.654686898023282,2.0785544064338963,10.70449232960567,8,649
649,643,19.734021931282367,2.0697381269127577,11.292272268274552,9,650
650,643,21.81322885872167,2.0610650139267035,11.738117434599763,10,651
651,643,23.89218378589032,2.052533665150645,12.032569115771722,11,652
652,643,25.97087689048625,2.044162759682721,12.162242964833716,12,653
653,643,28.05032577218321,2.035993905216113,12.10870659819446,13,654
654,643,30.129363547203567,2.028115762299946,11.846940347800285,14,655
655,643,32.208443277391595,2.020669001558862,11.34292844822538,15,656
656,643,34.288380295228954,2.013887789584228,10.549435021037311,16,657
657,643,36.36672348327279,2.008176236501156,9.40181929529377,17,658
658,643,38.44682073449365,2.0042089301759063,7.803791112584605,18,659
659,643,40.52506211178725,2.0032148922404613,5.620698396816053,19,660
660,643,42.60483731817902,2.007461874407907,2.652319486272795,20,661
661,643,44.68360878050876,2.021103054942766,-1.3342604922445247,21,662
662,643,46.76316966466496,2.050174796430283,-6.393853753333616,22,663
663,643,48.84227402208722,2.0965504200520577,-11.822136728829022,23,664
664,643,50.9214878451856,2.1508192860975224,-16.428359693326758,24,665
665,643,53.000053471327874,2.2026322017281634,-19.777925494271567,25,666
