,particle_id,r,phi,z,layer_id,hit_id
82,40,3.1003697764241327,-0.8648897082611678,-0.0787109499315601,1,83
83,40,5.180447216250016,-0.8632619301767467,-0.1660077194975251,2,84
84,40,7.261712636176261,-0.8617111480347038,-0.2813842641687252,3,85
85,40,9.34202960196712,-0.860236602243695,-0.4250897358193519,4,86
86,40,11.41923831315739,-0.8588375184033397,-0.5973444380143338,5,87
87,40,13.496318483561955,-0.8575098990222574,-0.7988769268972042,6,88
88,40,15.57614942885215,-0.8562504708184688,-1.030676662965833,7,89
89,40,17.656348638279432,-0.8550595140452608,-1.2933158624113528,8,90
90,40,19.7344602355918,-0.8539372804233027,-1.5873419756848932,9,91
91,40,21.812996260661897,-0.8528815149715997,-1.914108558272762,10,92
92,40,23.89422303330899,-0.8518906557606761,-2.275242565916468,11,93
93,40,25.975163389670776,-0.850965943261246,-2.671664920982037,12,94
94,40,28.05270970933456,-0.850108577188415,-3.104271235674142,13,95
95,40,30.13326201500557,-0.8493161993195139,-3.5762063325010764,14,96
96,40,32.21303460570722,-0.84859099677728,-4.088775639432482,15,97
97,40,34.28804322516938,-0.8479351037316435,-4.643256436673136,16,98
98,40,36.36784382585847,-0.8473469439300668,-5.245024200742165,17,99
99,40,38.44721754334952,-0.846830152798517,-5.896012839007122,18,100
100,40,40.52500163446695,-0.8463874427854876,-6.59966454292218,19,101
101,40,42.60779447532171,-0.8460208371987314,-7.362962669345666,20,102
102,40,44.68379821952295,-0.8457364169566703,-8.187016989202288,21,103
103,40,46.7652684037901,-0.8455376365695325,-9.083326259777934,22,104
104,40,48.8418148678382,-0.8454321202847777,-10.055643899810722,23,105
105,40,50.924499360551486,-0.8454278747778119,-11.11950936152896,24,106
106,40,53.00188787091591,-0.8455359677228788,-12.28222018659697,25,107
