,particle_id,r,phi,z,layer_id,hit_id
1292,1120,3.100986635563818,1.5793749828019366,-2.207348549690561,1,1293
1293,1120,5.179804508461106,1.5667327840107723,-4.593077490886282,2,1294
1294,1120,5.178526007528324,1.4382232683799598,-14.546161441817656,2,1295
1295,1120,3.09991140771608,1.2517510718546707,-18.43451164076043,1,1296
1296,1120,3.101192545405042,-1.1262748341857054,-25.73940920474562,1,1297
1297,1120,5.179170962298246,-1.3014567086565818,-28.125776993454007,2,1298
1298,1120,7.258706338540181,-1.379354856815972,-30.333691323361688,3,1299
1299,1120,9.338504231295468,-1.425984896705191,-32.43568219935656,4,1300
1300,1120,11.41709409788194,-1.4584351721903035,-34.45748017761454,5,1301
1301,1120,13.49763074038741,-1.483226017039207,-36.41628280646722,6,1302
1302,1120,15.57668079141204,-1.503317430389434,-38.31725500323536,7,1303
1303,1120,17.655206213178435,-1.5203109096488978,-40.16657879887674,8,1304
1304,1120,19.73504402567152,-1.53513663402084,-41.96904683937119,9,1305
1305,1120,21.813237093415523,-1.548339263757254,-43.72386686915293,10,1306
1306,1120,23.892728761662024,-1.5603041563046982,-45.43421876011455,11,1307
1307,1120,25.97281278547462,-1.5712713397663105,-47.09927125117865,12,1308
1308,1120,28.05099852582341,-1.5813971349686111,-48.71613437911577,13,1309
1309,1120,30.1298459273833,-1.590811684650286,-50.28521041102636,14,1310
1310,1120,32.209696676929426,-1.5995964825151354,-51.80438842104172,15,1311
1311,1120,34.2884654784543,-1.6077968454149805,-53.26913468458504,16,1312
1312,1120,36.36847958613934,-1.6154552117698535,-54.67729692762511,17,1313
1313,1120,38.44693226812078,-1.6225773785551671,-56.02232755264114,18,1314
1314,1120,40.52719073455192,-1.6291752814826437,-57.30068423730434,19,1315
1315,1120,42.60482313245917,-1.6352205190453692,-58.50270495908522,20,1316
1316,1120,44.68515481935459,-1.6406976990578868,-59.6228581008905,21,1317
1317,1120,46.76291814765128,-1.645543401476894,-60.64760479200383,22,1318
1318,1120,48.843133797529504,-1.6496965214152126,-61.565907488206506,23,1319
1319,1120,50.92123425654895,-1.6530441760097625,-62.35835680039071,24,1320
1320,1120,53.000045407616525,-1.65544494222236,-63.00329341714382,25,1321
