,particle_id,r,phi,z,layer_id,hit_id
3231,1410,3.1006077846274813,-0.9804713285687586,-0.5257013456783843,1,3232
3232,1410,5.179775019991134,-0.979427818275527,-1.2765255915290592,2,3233
3233,1410,7.259308031317546,-0.974040630903273,-2.416314764061596,3,3234
3234,1410,9.338149528046776,-0.9666534449846192,-4.036617970363429,4,3235
3235,1410,11.417257271426566,-0.9591177992734884,-6.284106380539054,5,3236
3236,1410,13.496586527348944,-0.9538514438151876,-9.41203916695574,6,3237
3237,1410,15.57559282623898,-0.9558593708179538,-13.927698237719149,7,3238
3238,1410,17.654447487424587,-0.9813499443740912,-21.15079031838425,8,3239
3239,1410,19.73338892310252,-1.120426071557638,-35.37054862436176,9,3240
3240,1410,21.81287555886185,-1.3722396676587,-48.35666111917243,10,3241
3241,1410,23.892395415228503,-1.525293607917153,-54.33083889816621,11,3242
3242,1410,25.97165649262053,-1.6274988853765473,-58.07143711083407,12,3243
3243,1410,28.050385625638874,-1.702036594436767,-60.77481931443578,13,3244
3244,1410,30.13006555106224,-1.7589376013301543,-62.859355255133664,14,3245
3245,1410,32.20905291218301,-1.8034149562883264,-64.51561691933416,15,3246
3246,1410,34.28922231061475,-1.838643098573298,-65.84921301565888,16,3247
3247,1410,36.36669596293992,-1.8665854728074744,-66.92026978929836,17,3248
3248,1410,38.44724303713082,-1.8886910421628136,-67.77149466874263,18,3249
3249,1410,40.52517117624901,-1.905861610270056,-68.42690151901353,19,3250
3250,1410,42.6059879654851,-1.9188364258946768,-68.90615916494392,20,3251
3251,1410,44.68527345553356,-1.928088932976037,-69.2202956009644,21,3252
3252,1410,46.76286691891385,-1.933994761480572,-69.37779872345942,22,3253
3253,1410,48.84212343679516,-1.9368296605916795,-69.38404211139341,23,3254
3254,1410,50.92161688590968,-1.9367766977969176,-69.24162483076803,24,3255
3255,1410,53.00076637233399,-1.933967196946368,-68.9516140657013,25,3256
