,particle_id,r,phi,z,layer_id,hit_id
228,371,3.101760479022922,0.0858989900625862,0.8333486047624987,1,229
229,371,5.180848492520752,0.0715492174896362,1.4189312538840682,2,230
230,371,7.2603301142670915,0.0565231525849422,2.026904121614692,3,231
231,371,9.339438627141124,0.0407985601605282,2.657551267983578,4,232
232,371,11.417437112820323,0.0243548317188314,3.3111031784338607,5,233
233,371,13.49628174161276,0.0071513075621512,3.988600996809531,6,234
234,371,15.5751702845417,-0.0108285643663985,4.690157515624783,7,235
235,371,17.6559018563706,-0.0296203357738739,5.416672909187682,8,236
236,371,19.735139434367824,-0.049207797855811,6.167116037331709,9,237
237,371,21.814724546165472,-0.069614603355525,6.942088698385298,10,238
238,371,23.89398980316733,-0.0908327480720491,7.741085763471673,11,239
239,371,25.972367467227173,-0.1128440818735551,8.563348018457916,12,240
240,371,28.051644393422315,-0.1356440127313779,9.408744252069283,13,241
241,371,30.131242648806595,-0.1591899855903878,10.275842464054278,14,242
242,371,32.2084712636171,-0.1833991328555129,11.161830690993646,15,243
243,371,34.28918080479198,-0.2082736886415827,12.06704113406782,16,244
244,371,36.36826274631121,-0.233671946487926,12.986495536819575,17,245
245,371,38.44674167677683,-0.2595100059118707,13.91714282103299,18,246
246,371,40.52502856233919,-0.2856847290451805,14.8548499170251,19,247
247,371,42.60461097484351,-0.3120967258616173,15.794967216180886,20,248
248,371,44.68399012354213,-0.3386009690938183,16.73022457356455,21,249
249,371,46.76398459361708,-0.3650764620531536,17.65275273113796,22,250
250,371,48.8419209084319,-0.391354760157413,18.55097422682374,23,251
251,371,50.92137273250504,-0.4173442574036518,19.413030112905588,24,252
252,371,53.00112327070523,-0.4428891000795482,20.22071479756464,25,253
