,particle_id,r,phi,z,layer_id,hit_id
1579,677,3.10290401349794,1.7533412882702877,-0.6824120607653352,1,1580
1580,677,5.181309726297501,1.7410329014974706,-1.1174815509915683,2,1581
1581,677,7.260815156561264,1.7287435957135484,-1.5360036837363111,3,1582
1582,677,9.337692702662064,1.716455434811052,-1.9378033901810607,4,1583
1583,677,11.41755329909502,1.7040963326319811,-2.324312502707526,5,1584
1584,677,13.496607780185542,1.6916506292755318,-2.694931489090808,6,1585
1585,677,15.577163499385769,1.6790668545835794,-3.0499524641598903,7,1586
1586,677,17.655359327057177,1.6663312407112203,-3.388348235273177,8,1587
1587,677,19.7362091731336,1.6533760112737932,-3.710251517292046,9,1588
1588,677,21.81274960089885,1.6402081008767344,-4.013584142362862,10,1589
1589,677,23.892465732180035,1.6267438707877178,-4.29803552640097,11,1590
1590,677,25.97103565292604,1.6129751450485743,-4.561108496198181,12,1591
1591,677,28.052414348616125,1.5988405529715466,-4.800857871419698,13,1592
1592,677,30.12943243422725,1.5843561860468252,-5.013443868004034,14,1593
1593,677,32.210889655788286,1.56943026928434,-5.19598163568689,15,1594
1594,677,34.28947741927227,1.554088402805571,-5.343160129801462,16,1595
1595,677,36.36825877028075,1.5382882238759314,-5.449634949115479,17,1596
1596,677,38.44748855229692,1.5220149615273624,-5.508624174194506,18,1597
1597,677,40.52501230646822,1.50528402339048,-5.512035710749142,19,1598
1598,677,42.60557157458775,1.4880689513634775,-5.450257445000857,20,1599
1599,677,44.68470354537655,1.4704361734749172,-5.312145644341566,21,1600
1600,677,46.76268021063143,1.4524361578041332,-5.084853697189637,22,1601
1601,677,48.84176345257233,1.4341275322398226,-4.753254369867608,23,1602
1602,677,50.92191608564048,1.415618703758746,-4.300278554173773,24,1603
1603,677,53.0010273704666,1.3970705863576034,-3.707383894463667,25,1604
