,particle_id,r,phi,z,layer_id,hit_id
93,148,3.1002986305989606,2.865782760832037,1.1186400928664355,1,94
94,148,5.179246568686893,2.7901870894362903,1.7994266585153866,2,95
95,148,7.258470453596096,1.445198989824514,-2.992624912191061,3,96
96,148,9.33820700364066,1.0700519048386234,-5.561052134771266,4,97
97,148,11.418279559870646,0.887759784961764,-7.5554783954844495,5,98
98,148,13.49657889895163,0.772578218728288,-9.38457724296633,6,99
99,148,15.57670749650008,0.6918056638008272,-11.144133754024487,7,100
100,148,17.654815220039573,0.6318933949936013,-12.867150014265505,8,101
101,148,19.734228960238465,0.5857015689919167,-14.574123042734762,9,102
102,148,21.81426158146099,0.5492175978275782,-16.27429293315067,10,103
103,148,23.893078284910207,0.519961718046984,-17.97207869662052,11,104
104,148,25.97241976634141,0.4962660384247508,-19.67268089491987,12,105
105,148,28.05063483095217,0.4770342479481532,-21.37726228888183,13,106
106,148,30.13069401418024,0.4614644006777842,-23.08998523592665,14,107
107,148,32.20982727475563,0.449030083052747,-24.809763433128783,15,108
108,148,34.28849112176603,0.4393356872534203,-26.53777019883536,16,109
109,148,36.3675826903264,0.4321044865733558,-28.27524453957484,17,110
110,148,38.44809802970629,0.4271537808499467,-30.023240878183795,18,111
111,148,40.52630233446597,0.4243814973156111,-31.778525811685725,19,112
112,148,42.60515294930173,0.4237334466970596,-33.54314048531971,20,113
113,148,44.68477761357392,0.4252195168621214,-35.31629448271801,21,114
114,148,46.76264795655547,0.4288960444594052,-37.09429047989809,22,115
115,148,48.84213229065466,0.4348789108108192,-38.87759194799806,23,116
116,148,50.92174468724975,0.4433264969311176,-40.661266878713214,24,117
117,148,53.00181215640894,0.4544485448411433,-42.44018077388015,25,118
