,particle_id,r,phi,z,layer_id,hit_id
3286,1395,3.101338194915266,2.468346751004729,0.8250897221103166,1,3287
3287,1395,5.181213296743456,2.455661580580012,1.5254447544693752,2,3288
3288,1395,7.259708045454278,2.441998504314473,2.3604963779910166,3,3289
3289,1395,9.338455726278598,2.4270976368513844,3.3508752873034764,4,3290
3290,1395,11.417069634255224,2.4106033274272805,4.523956029406737,5,3291
3291,1395,13.496642344524217,2.391962201217256,5.920329137755293,6,3292
3292,1395,15.5750714193249,2.3703034055490257,7.600548406014903,7,3293
3293,1395,17.65524555668756,2.343958726471056,9.674889792234756,8,3294
3294,1395,19.733836412233373,2.309328517995892,12.365333769342506,9,3295
3295,1395,21.812848307613827,2.253994887555083,16.384013451107766,10,3296
3296,1395,21.81199774254103,1.981851611020332,28.96375346610771,10,3297
3297,1395,19.732683291815466,1.8065005031628467,32.65280550546146,9,3298
3298,1395,17.653412073148136,1.5938473939512552,35.08075468434049,8,3299
3299,1395,15.574764181376224,1.1625578783615371,37.20381525694819,7,3300
3300,1395,15.57518806088432,0.8685377610234745,37.725935289620566,7,3301
3301,1395,17.6547785239821,0.454936103630545,37.66593382460434,8,3302
3302,1395,19.73426564855307,0.2683971799566315,37.23851327868742,9,3303
3303,1395,21.813367500205967,0.1399760986945674,36.693266894911744,10,3304
3304,1395,23.893640387359103,0.0418940146267509,36.06449002891827,11,3305
3305,1395,25.97268393330048,-0.0370766082400325,35.36664451333952,12,3306
3306,1395,28.05194302804926,-0.1029599035713739,34.6067355316121,13,3307
3307,1395,30.130441400472908,-0.1592892565477511,33.78995937315395,14,3308
3308,1395,32.21001123183447,-0.208423176309051,32.919096822550685,15,3309
3309,1395,34.28976503193231,-0.2519214355377617,31.99726494118985,16,3310
3310,1395,36.367623798796366,-0.2908821272418004,31.027822863891764,17,3311
3311,1395,38.44773521477152,-0.3262217384403493,30.01097165480208,18,3312
3312,1395,40.52560852196245,-0.3585001987666092,28.95095946191246,19,3313
3313,1395,42.60521416065245,-0.3882735623038323,27.847863089075545,20,3314
3314,1395,44.68448256820779,-0.4158980015832099,26.704992481600176,21,3315
3315,1395,46.76311697568083,-0.4416803276043604,25.52514409279308,22,3316
3316,1395,48.84283450734692,-0.4658890845768779,24.31056822885216,23,3317
3317,1395,50.92102323659356,-0.4886913672741441,23.067128372221227,24,3318
3318,1395,53.00040943010867,-0.51026879406786,21.799470564176826,25,3319
