,particle_id,r,phi,z,layer_id,hit_id
4068,2139,3.100169148861536,-0.2319141195014902,2.1773395763626,1,4069
4069,2139,5.180030746807968,-0.0617298234921271,3.092291192854647,2,4070
4070,2139,7.258710299852088,0.0609284627907685,3.701826819633373,3,4071
4071,2139,9.339327620393522,0.1530936630831522,4.110066246239235,4,4072
4072,2139,11.418272068339029,0.2252915957721989,4.378930226735772,5,4073
4073,2139,13.496371359721948,0.2839926518765037,4.546955599745237,6,4074
4074,2139,15.57703911599565,0.3332356782412237,4.638841060177295,7,4075
4075,2139,17.65422186693972,0.3754287528407978,4.670954960068265,8,4076
4076,2139,19.73570597387341,0.4124394856133458,4.655178314410932,9,4077
4077,2139,21.812893866761826,0.4453052662209973,4.600253824354654,10,4078
4078,2139,23.89388329535649,0.4750132596003677,4.512612363802845,11,4079
4079,2139,25.97332386888433,0.5021149138100635,4.3976225895122045,12,4080
4080,2139,28.05156932065817,0.5270981881830136,4.2594894399285295,13,4081
4081,2139,30.131505156865245,0.5503664151144889,4.101437688970661,14,4082
4082,2139,32.211279095312506,0.5721873613888904,3.92645173638793,15,4083
4083,2139,34.29031647299291,0.5927877239715359,3.737027996543069,16,4084
4084,2139,36.36917552530009,0.6123614886432258,3.5352307212322525,17,4085
4085,2139,38.44940795587057,0.631076499986051,3.322747302496666,18,4086
4086,2139,40.52596944605289,0.6490164141758221,3.101750067204669,19,4087
4087,2139,42.60549349299013,0.6663461268913006,2.8730168321669862,20,4088
4088,2139,44.68401420031193,0.6831225133971062,2.6383223456035068,21,4089
4089,2139,46.76552459539145,0.6994549070702656,2.398455737804972,22,4090
4090,2139,48.84284643595975,0.7153543959980299,2.15541124918188,23,4091
4091,2139,50.92454902941223,0.7309449389455528,1.909286460738692,24,4092
4092,2139,53.00391993585009,0.746226909422324,1.6619202208346011,25,4093
