,particle_id,r,phi,z,layer_id,hit_id
5051,2525,3.1010178774348933,-2.816962642300483,5.698438964398515,1,5052
5052,2525,5.179428518313641,-2.828580324741104,9.489858562766765,2,5053
5053,2525,7.258784871161644,-2.844587412933296,13.187213002428685,3,5054
5054,2525,9.338420035116732,-2.866328137096964,16.69762369819444,4,5055
5055,2525,11.416808538453848,-2.8954468760394443,19.89279176026364,5,5056
5056,2525,13.496679755590977,-2.933851093829806,22.61104281365297,6,5057
5057,2525,15.575295169627806,-2.983124103293493,24.65139442388861,7,5058
5058,2525,17.65504523345117,-3.043808550505525,25.82771316220116,8,5059
5059,2525,19.73388142980058,-3.114125299247318,26.037801066062823,9,5060
5060,2525,21.812963649507164,3.093102211209789,25.336907745890464,10,5061
5061,2525,23.892346855398387,3.0163258730807003,23.916565868110126,11,5062
5062,2525,25.971567747928507,2.9425411030172786,22.01341840278203,12,5063
5063,2525,28.05051930162506,2.873825305221177,19.829848204177587,13,5064
5064,2525,30.130277261458016,2.8108427397023217,17.50763960759205,14,5065
5065,2525,32.20922974492349,2.75354807061241,15.140367155927052,15,5066
5066,2525,34.28828362093876,2.701460724535654,12.783375950215843,16,5067
5067,2525,36.36731839921914,2.654014560176514,10.470803113861113,17,5068
5068,2525,38.44715103864107,2.610622108443672,8.222163184964227,18,5069
5069,2525,40.52513257021022,2.5708107033421617,6.052427606994386,19,5070
5070,2525,42.606158982491,2.534024343645784,3.963750186300752,20,5071
5071,2525,44.68380097801057,2.499972295304081,1.9667215459241487,21,5072
5072,2525,46.764350092829886,2.468201288340969,0.0575732913721758,22,5073
5073,2525,48.84311627202256,2.438483499289695,-1.7581470660465002,23,5074
5074,2525,50.9210599852382,2.410540362464818,-3.4809739818920264,24,5075
5075,2525,53.00032346364809,2.384115700010048,-5.112588160004504,25,5076
