,particle_id,r,phi,z,layer_id,hit_id
120,178,3.1007082027067434,-0.2010090029586476,2.3368261279873934,1,121
121,178,5.180370175378986,-0.1204860053546926,3.910662492450797,2,122
122,178,7.258335078707838,-0.0301234768980806,5.420541018299026,3,123
123,178,9.337867568376064,0.0634558148630451,6.800112664664333,4,124
124,178,11.417624304282825,0.15173296615323,8.008455022264222,5,125
125,178,13.496913457600217,0.2288097465314913,9.050853668811598,6,126
126,178,15.575302731467955,0.2927488875381066,9.96140240125098,7,127
127,178,17.65459088396875,0.3442194722619762,10.78103231505419,8,128
128,178,19.734597156980968,0.3847889377795178,11.544728281924796,9,129
129,178,21.813643663572247,0.416134457942002,12.27974529203182,10,130
130,178,23.892089897150782,0.439787118487068,13.00771820723515,11,131
131,178,25.97155685937376,0.4570205769579999,13.74578899819688,12,132
132,178,28.05077386680355,0.4688412871711066,14.506382400744576,13,133
133,178,30.13004632616344,0.4760796251796699,15.299609309377026,14,134
134,178,32.2088000078117,0.4794137997952928,16.13290977785887,15,135
135,178,34.28881563487761,0.4794116800353031,17.012699227140605,16,136
136,178,36.36792809188866,0.4765558059506665,17.941955399694493,17,137
137,178,38.44741492858713,0.4712669196268477,18.923441377711715,18,138
138,178,40.52575921068747,0.4639246305411138,19.95704554480457,19,139
139,178,42.60437301868123,0.4548636521534379,21.042587821689647,20,140
140,178,44.685398177417845,0.4443813102092717,22.179062498889174,21,141
141,178,46.7631154884967,0.4327917515877576,23.35986304059184,22,142
142,178,48.84239388661541,0.4203309201557986,24.583182243936296,23,143
143,178,50.921925494160746,0.4072453052639709,25.84291217802535,24,144
144,178,53.000246562072974,0.3937624721637344,27.1320737462522,25,145
