,particle_id,r,phi,z,layer_id,hit_id
61,161,3.100805405364564,-0.3521482923904719,-2.689834905730123,1,62
62,161,5.180446998183588,-0.3502082932382412,-4.5291568856832,2,63
63,161,7.258997570749355,-0.3517894985874367,-6.454565193165735,3,64
64,161,9.337922677300586,-0.3583098827533383,-8.541221211154031,4,65
65,161,11.417215725005123,-0.3721132473038727,-10.901025471114416,5,66
66,161,13.496242799926351,-0.3973007572173181,-13.713739102592577,6,67
67,161,15.575740499129742,-0.4413726017828361,-17.282267500523005,7,68
68,161,17.654824991013207,-0.5167313505319219,-22.053001797307672,8,69
69,161,19.73357776963441,-0.6319767047772155,-28.23901113614004,9,70
70,161,21.81310270344653,-0.7658006416214896,-34.98040118880547,10,71
71,161,23.89194230238596,-0.8865657944952198,-41.24532004527285,11,72
72,161,25.971096368290475,-0.9861073194598208,-46.86237843818991,12,73
73,161,28.0500344529577,-1.0675748277011825,-51.98278414926883,13,74
74,161,30.129911805104,-1.1353251827500868,-56.76460958102621,14,75
75,161,32.20909014465926,-1.1927277343380518,-61.31807197431687,15,76
76,161,34.288068979925605,-1.242335693113716,-65.72715350146036,16,77
77,161,36.36805853428557,-1.2860775202113934,-70.05844573593065,17,78
78,161,38.44636548253318,-1.3253991507491485,-74.3613159589597,18,79
79,161,40.52634770657591,-1.3616432691757454,-78.69660139598533,19,80
80,161,42.60483222664094,-1.3959818214636766,-83.11949401378541,20,81
81,161,44.68463870224987,-1.4298757657296115,-87.72084844711085,21,82
82,161,46.76314890912644,-1.46538554814364,-92.63791176582424,22,83
83,161,48.84215951294405,-1.5070594941614852,-98.19726742366213,23,84
84,161,50.92108784395109,-1.5762929533363923,-105.87608480056966,24,85
85,161,50.92076469104173,-1.7048246496101611,-113.80121634025907,24,86
86,161,48.841541107103126,-1.8522773665668704,-116.9239136010104,23,87
87,161,46.76247966228302,-2.016714713557666,-117.5095794830753,22,88
88,161,46.76292214870718,-2.520802050734253,-113.79615698088062,22,89
89,161,48.84167967590864,-2.6649026103912363,-111.8969343102613,23,90
90,161,50.921925714727394,-2.763269327740478,-110.33699250403563,24,91
91,161,53.00035003845085,-2.8411969455640005,-108.89903943639624,25,92
