,particle_id,r,phi,z,layer_id,hit_id
1386,508,3.101464211093089,1.7098786860755248,0.2242674351028952,1,1387
1387,508,5.180497813459098,1.7254090230748986,0.3265698159253993,2,1388
1388,508,7.258353698695796,1.7417312244423775,0.382373767104756,3,1389
1389,508,9.338358333252996,1.7591434869843936,0.3823255381843999,4,1390
1390,508,11.418021893861818,1.7780388872828763,0.3129929835780487,5,1391
1391,508,13.495860785847055,1.799075420556276,0.1541280071639228,6,1392
1392,508,15.5755178982774,1.8235204956188875,-0.1293772507138086,7,1393
1393,508,17.65441384091787,1.8540351404309912,-0.6081763939539826,8,1394
1394,508,19.73407593932345,1.8992370027237104,-1.491830761032194,9,1395
1395,508,19.732982597449425,2.1562211501884048,-6.394077370649168,9,1396
1396,508,17.6539790448096,2.313204416322764,-8.249345978448748,8,1397
1397,508,15.574682427658582,2.5165361433497715,-9.858775436055918,7,1398
1398,508,13.495703916831056,2.9708829765147224,-12.068705335892217,6,1399
1399,508,13.49588651008091,-3.075758154325139,-12.927143989735708,6,1400
1400,508,15.575757531039905,-2.6341407715630822,-14.471913284397631,7,1401
1401,508,17.654883727321813,-2.449920891444819,-15.19876497018149,8,1402
1402,508,19.73525886403064,-2.326824500367348,-15.747203104259572,9,1403
1403,508,21.814919138863488,-2.235327771775154,-16.199644368654905,10,1404
1404,508,23.89360464039522,-2.163387852448651,-16.587059903178893,11,1405
1405,508,25.9727926164668,-2.1046904981065926,-16.92489063231884,12,1406
1406,508,28.05284587663887,-2.055525571427851,-17.221701293847428,13,1407
1407,508,30.131653042583903,-2.0135529707113697,-17.482454356469393,14,1408
1408,508,32.211335403372786,-1.9771014157671432,-17.71082601122394,15,1409
1409,508,34.28884119111575,-1.9450654940368008,-17.908772084497183,16,1410
1410,508,36.367357477552495,-1.9165447869661072,-18.0781381084684,17,1411
1411,508,38.44879699817905,-1.890881899515555,-18.21999956488668,18,1412
1412,508,40.52613169454302,-1.8676673880800616,-18.334520199605333,19,1413
1413,508,42.6069194014026,-1.846426704613964,-18.42245694271072,20,1414
1414,508,44.685629616157286,-1.8269075659724785,-18.4836409637838,21,1415
1415,508,46.76401233544106,-1.80883845011212,-18.518062762898577,22,1416
1416,508,48.84404886847297,-1.7919957994524796,-18.525446797979928,23,1417
1417,508,50.92099819221459,-1.7762439222368,-18.50536125185188,24,1418
1418,508,53.00032962023791,-1.7613948032502067,-18.45716981440068,25,1419
