,particle_id,r,phi,z,layer_id,hit_id
45,176,3.100799583324912,0.1191971535731798,3.259055043330221,1,46
46,176,5.179721998621554,0.1696681023946724,5.354247072755026,2,47
47,176,7.258701501564672,0.2249538663171358,7.356126459957638,3,48
48,176,9.338063908800908,0.2865168609196196,9.24369599201606,4,49
49,176,11.416675124930457,0.3572341147460223,10.989670279369316,5,50
50,176,13.49647650987047,0.4443925929871234,12.556094162335595,6,51
51,176,15.5753382279375,0.5785402699185634,13.83743026896503,7,52
52,176,15.574947702209188,0.931784931345314,13.131391216745111,7,53
53,176,13.495608065571943,1.2388013984829052,11.242496538869378,6,54
54,176,13.496515898868257,2.5110894147619844,4.073633010270163,6,55
55,176,15.57618754758321,2.7244892279654294,2.1750181877385213,7,56
56,176,17.65424245759419,2.863279559301358,0.4939388134122495,8,57
57,176,19.735019375936645,2.965183976821519,-1.1272814112308396,9,58
58,176,21.81440736363664,3.044522107012036,-2.744552537708742,10,59
59,176,23.89258637761387,3.1087151655448384,-4.390242398235358,11,60
60,176,25.972988124506205,-3.1210436969848847,-6.08901000473945,12,61
61,176,28.051381375277487,-3.075794695521388,-7.854920896657379,13,62
62,176,30.12942063967616,-3.0368726701469297,-9.705092750578498,14,63
63,176,32.20964356042205,-3.002986547967292,-11.657595142220448,15,64
64,176,34.289339005312385,-2.9732937725424327,-13.72660231281422,16,65
65,176,36.36806040850871,-2.9471510882290923,-15.92991905724347,17,66
66,176,38.44652466944692,-2.92408060873852,-18.2892506318292,18,67
67,176,40.52551669032331,-2.9037460253537466,-20.83035737825309,19,68
68,176,42.60480622994948,-2.885936938245188,-23.58302909845589,20,69
69,176,44.68384665756527,-2.870547647765165,-26.583391145379164,21,70
70,176,46.76356204928313,-2.857567312516823,-29.87895432854148,22,71
71,176,48.84233246953721,-2.847121865412635,-33.525492023349145,23,72
72,176,50.9211522043812,-2.83947425095942,-37.59897951863009,24,73
73,176,53.00076871180244,-2.835100538831511,-42.19513678852307,25,74
