,particle_id,r,phi,z,layer_id,hit_id
229,547,3.100472600738228,0.9683069113038636,0.283191666860592,1,230
230,547,5.181148641103861,1.0147479498343617,0.5305247262568464,2,231
231,547,7.260431626557519,1.0598478836138214,0.8186113601927723,3,232
232,547,9.337640107360052,1.1034888401873315,1.1427841361555051,4,233
233,547,11.417538866541047,1.145726237692471,1.4994138616324264,5,234
234,547,13.496721830279698,1.18649560413467,1.88378668942848,6,235
235,547,15.575273939141306,1.2258460634822967,2.292000173279863,7,236
236,547,17.65470691007068,1.263881149982628,2.7207691391949744,8,237
237,547,19.73337967788212,1.3006667179119642,3.1664691149074606,9,238
238,547,21.813640387877296,1.3363544199042965,3.626588350714261,10,239
239,547,23.89240690048632,1.3710126224081831,4.097644393010327,11,240
240,547,25.97293280096813,1.404825077734641,4.577738784495448,12,241
241,547,28.050592580893326,1.4378542480816738,5.063269821961647,13,242
242,547,30.13140132589908,1.4703411797357715,5.553147176175294,14,243
243,547,32.208539324607784,1.502335701086059,6.043226042150906,15,244
244,547,34.28942811107901,1.5341239591031606,6.532566188061086,16,245
245,547,36.36793732370831,1.5658063820464532,7.016757201596469,17,246
246,547,38.445910387488176,1.5976395896676243,7.492809646406304,18,247
247,547,40.52663749521332,1.62995605713709,7.957284320835626,19,248
248,547,42.60469652832581,1.6630378074574352,8.403594295842893,20,249
249,547,44.68368385396277,1.697450180116777,8.8251427719489,21,250
250,547,46.76351097138476,1.733962337288074,9.210861998224669,22,251
251,547,48.841870882911,1.7738279755741018,9.54207444201704,23,252
252,547,50.9210910155606,1.8196724300194609,9.783427257031851,24,253
253,547,53.00062358537646,1.878554982429008,9.83902615924546,25,254
