,particle_id,r,phi,z,layer_id,hit_id
348,370,3.102100729436461,0.7771766472494727,0.6919107766901229,1,349
349,370,5.180767802924761,0.7725828069636965,0.9250510137538628,2,350
350,370,7.260016627582806,0.7668110676654699,0.9753704141822572,3,351
351,370,9.339347276287173,0.7599123182847489,0.8427674857694454,4,352
352,370,11.418107950777223,0.7519276375231326,0.5257506197677708,5,353
353,370,13.497356180948216,0.7428833862494195,0.0209850763414953,6,354
354,370,15.575407960352592,0.7328131375514556,-0.675815005543722,7,355
355,370,17.65572349066258,0.7217246060151555,-1.5724244653745458,8,356
356,370,19.734392366155014,0.7096683327248214,-2.6754593854326325,9,357
357,370,21.813704532565254,0.6966742169587349,-3.996059575946648,10,358
358,370,23.891724511123908,0.6828203764385261,-5.544935688842163,11,359
359,370,25.97248413487326,0.6681845175886518,-7.339494842305617,12,360
360,370,28.05080739165013,0.6529740449035009,-9.391626672630322,13,361
361,370,30.12978196934809,0.6374466027336059,-11.72240711155719,14,362
362,370,32.20958488969608,0.62206043542116,-14.352261898204016,15,363
363,370,34.28815855795156,0.6075963885682333,-17.29842040259553,16,364
364,370,36.36667641292853,0.5953459607361973,-20.57782149104717,17,365
365,370,38.446307761671136,0.5875669849481431,-24.19181043496468,18,366
366,370,40.525140603380734,0.5882401648041955,-28.08691420869442,19,367
367,370,42.60427257417151,0.603931008369671,-32.08108156271818,20,368
368,370,44.68356901297869,0.6425283079944091,-35.72079215520742,21,369
369,370,46.762938710958345,0.7050538195227218,-38.382098401544646,22,370
370,370,48.841855657115616,0.7803820670558598,-39.85189189783706,23,371
371,370,50.92134267718176,0.8570624504550426,-40.43111448972163,24,372
372,370,53.00019856270651,0.9305160052529172,-40.47481307942888,25,373
