,particle_id,r,phi,z,layer_id,hit_id
2221,750,3.101943804193396,0.9161202030243,0.1989898073339659,1,2222
2222,750,5.179504470280988,0.9572260975282356,0.3865022094165482,2,2223
2223,750,7.260320864811346,0.9991199430511054,0.6219553877434194,3,2224
2224,750,9.338947685497896,1.0415604409089172,0.9082485188634024,4,2225
2225,750,11.41822990648275,1.084479635268449,1.2491739914189497,5,2226
2226,750,13.496391911749487,1.1277301303273155,1.6478455595942876,6,2227
2227,750,15.575202156930857,1.1712597459142222,2.107995633426782,7,2228
2228,750,17.655621887731584,1.2150277631480622,2.63339070317992,8,2229
2229,750,19.73374697492103,1.258923017762879,3.2265705650385783,9,2230
2230,750,21.81271144924096,1.303018250277746,3.892120666836,10,2231
2231,750,23.89250547644463,1.347358370102319,4.634211379270752,11,2232
2232,750,25.971969538397342,1.392003853454898,5.456999647667729,12,2233
2233,750,28.050645784466283,1.43707194585662,6.365384979690418,13,2234
2234,750,30.130410625130526,1.482775725039812,7.366124875613188,14,2235
2235,750,32.20977219471537,1.5293033141167716,8.465407249278755,15,2236
2236,750,34.2875661725315,1.5769002959266007,9.67043374784062,16,2237
2237,750,36.36775190717088,1.6259884694733318,10.992771261483576,17,2238
2238,750,38.44584151958682,1.6768528149645396,12.440051286591483,18,2239
2239,750,40.52570313453343,1.7300373995305611,14.026459268961991,19,2240
2240,750,42.60552087271632,1.7859924868751471,15.76264252827238,20,2241
2241,750,44.68441833720104,1.8451869851802944,17.658298112593734,21,2242
2242,750,46.76350421336643,1.908051323179032,19.72034430933605,22,2243
2243,750,48.84205760787815,1.9746990085998992,21.9442195353914,23,2244
2244,750,50.92167394561746,2.0448144659720406,24.311451118233062,24,2245
2245,750,53.00023757590159,2.1172426527644417,26.77837894525729,25,2246
