,particle_id,r,phi,z,layer_id,hit_id
2055,1212,3.101848131712588,-1.639619795868651,2.26851438961318,1,2056
2056,1212,5.1813276479063575,-1.6274981775231103,3.84007312577927,2,2057
2057,1212,7.258699289930587,-1.615863818306327,5.441334005897808,3,2058
2058,1212,9.33826107412312,-1.6046403486791347,7.068188522707741,4,2059
2059,1212,11.417369164677677,-1.5938005955863357,8.711623433348715,5,2060
2060,1212,13.49619343850082,-1.5833097183393932,10.365156511083937,6,2061
2061,1212,15.575131325382594,-1.5731385094591894,12.022797349985057,7,2062
2062,1212,17.65469077914508,-1.5632628172166982,13.678892809157167,8,2063
2063,1212,19.735377059204144,-1.5536631150524882,15.32797780314988,9,2064
2064,1212,21.81259938222837,-1.5443462178788974,16.960738273672533,10,2065
2065,1212,23.89406412745388,-1.5352667303650802,18.577642962513004,11,2066
2066,1212,25.972230638420765,-1.5264491834605778,20.16733149952664,12,2067
2067,1212,28.05152269144736,-1.5178678721498702,21.72777259939937,13,2068
2068,1212,30.130824937279016,-1.5095226705572136,23.25263823134788,14,2069
2069,1212,32.20835007027565,-1.501416814624389,24.73513078675618,15,2070
2070,1212,34.288336601665044,-1.4935312066607906,26.172564464320843,16,2071
2071,1212,36.36676428299814,-1.4858792005884105,27.55619582852143,17,2072
2072,1212,38.44703036256432,-1.4784465533955564,28.88195124954806,18,2073
2073,1212,40.525899325114125,-1.471242891582041,30.140864370996965,19,2074
2074,1212,42.605779655750666,-1.464256888275289,31.32669080665012,20,2075
2075,1212,44.68496205414083,-1.457489444301957,32.42949274029564,21,2076
2076,1212,46.76399947775051,-1.4509299931139163,33.43881599584698,22,2077
2077,1212,48.84251987574593,-1.4445640510971287,34.34084020381474,23,2078
2078,1212,50.921225430490665,-1.438360747558818,35.11745076368204,24,2079
2079,1212,53.0004096565329,-1.4322642141874096,35.74178294888839,25,2080
