,particle_id,r,phi,z,layer_id,hit_id
1393,1427,3.101429531743274,-1.9177353665402748,2.887967259411738,1,1394
1394,1427,5.179284146287842,-2.0802652513988105,3.4659824482398847,2,1395
1395,1427,7.258466593416587,-2.1522609011130065,3.981736254106181,3,1396
1396,1427,9.33824767923039,-2.1944105826272056,4.457604738223679,4,1397
1397,1427,11.41737014403482,-2.2227759313600552,4.902264206429692,5,1398
1398,1427,13.497715902334832,-2.243574270138383,5.320885627345582,6,1399
1399,1427,15.577554998895206,-2.2597054772287506,5.716007615602074,7,1400
1400,1427,17.655438980812683,-2.272732179228207,6.08927515595569,8,1401
1401,1427,19.736648883312565,-2.2836070878224866,6.442879566749731,9,1402
1402,1427,21.81370636914785,-2.292871744733756,6.776417815074197,10,1403
1403,1427,23.89271840664025,-2.30094054944862,7.0914747654435,11,1404
1404,1427,25.97141536787815,-2.30806937359328,7.388050896675896,12,1405
1405,1427,28.053029264245183,-2.314458621427513,7.666782301445146,13,1406
1406,1427,30.13041743833865,-2.320227503946548,7.926814037190162,14,1407
1407,1427,32.20922396676844,-2.3254989308801965,8.168871396377572,15,1408
1408,1427,34.28807637586306,-2.3303505796768125,8.392670995644071,16,1409
1409,1427,36.3703867772862,-2.334853656866147,8.598353578100191,17,1410
1410,1427,38.44755707886269,-2.339041095172924,8.784844696512124,18,1411
1411,1427,40.52817737223655,-2.342971939805971,8.952627826992465,19,1412
1412,1427,42.60428253493399,-2.346665069687089,9.100706664233243,20,1413
1413,1427,44.68529289796576,-2.3501651677580204,9.22932048275418,21,1414
1414,1427,46.76366659360137,-2.3534825845919687,9.337487189885266,22,1415
1415,1427,48.84498947409983,-2.356645945169953,9.424950669704245,23,1416
1416,1427,50.92193646834469,-2.35966101927344,9.490825060247284,24,1417
1417,1427,53.00034964546517,-2.362550927677657,9.534679781450258,25,1418
