,particle_id,r,phi,z,layer_id,hit_id
1805,1178,3.100999201232228,1.365487497255384,-0.6794943037697863,1,1806
1806,1178,5.179685381962096,1.3694419657368797,-1.1243249735521132,2,1807
1807,1178,7.259310522320913,1.3731046280245065,-1.559066253454482,3,1808
1808,1178,9.33919418507923,1.376537020108184,-1.9828302481603544,4,1809
1809,1178,11.417901233007171,1.37978274465249,-2.394954554529292,5,1810
1810,1178,13.498491908917124,1.3828810499351718,-2.795877102024328,6,1811
1811,1178,15.57610643361912,1.3858515544703611,-3.184638937479661,7,1812
1812,1178,17.655900013764565,1.388722948492778,-3.562260663269626,8,1813
1813,1178,19.73728687823265,1.39151139638415,-3.928703568837072,9,1814
1814,1178,21.812573433164907,1.3942210449392716,-4.282778413630595,10,1815
1815,1178,23.89197668814021,1.3968772487191792,-4.626389104416546,11,1816
1816,1178,25.9742581537166,1.399488308472525,-4.959427131151955,12,1817
1817,1178,28.054295384730512,1.4020565707897876,-5.281222222780507,13,1818
1818,1178,30.131828312064872,1.404589527128128,-5.591922474461526,14,1819
1819,1178,32.211774803958754,1.4070999857133788,-5.892409826828938,15,1820
1820,1178,34.2903490649243,1.409589467149682,-6.182267612549524,16,1821
1821,1178,36.36868422258419,1.4120648995000995,-6.46179519450844,17,1822
1822,1178,38.448260933807255,1.4145331418263023,-6.731303542312638,18,1823
1823,1178,40.52602133543242,1.4169953128965775,-6.990508838695206,19,1824
1824,1178,42.60873336192408,1.41946390710514,-7.2403296080652595,20,1825
1825,1178,44.68394369516777,1.4219284112075163,-7.479374733483503,21,1826
1826,1178,46.76360477669155,1.4244071089430437,-7.709114374585731,22,1827
1827,1178,48.845201185056204,1.426901047030523,-7.92928357272892,23,1828
1828,1178,50.92131435654167,1.4294052362955654,-8.139166441993723,24,1829
1829,1178,53.00424153480754,1.431938459223006,-8.340025701581858,25,1830
