,particle_id,r,phi,z,layer_id,hit_id
1126,713,3.1029318819646687,-0.6492435023634131,0.5698978799402585,1,1127
1127,713,5.181683071490351,-0.6722093139976492,0.9476743961971774,2,1128
1128,713,7.2593330371570195,-0.6950843543182537,1.3212789056011722,3,1129
1129,713,9.340331562171604,-0.7179204522881414,1.6908992562619058,4,1130
1130,713,11.419667510722464,-0.7406671602957845,2.055080490787996,5,1131
1131,713,13.498576908307196,-0.7633445795396255,2.4135414237619486,6,1132
1132,713,15.575083560419372,-0.7859397536563537,2.765508753018503,7,1133
1133,713,17.65654379068632,-0.8085433372963362,3.111838987796133,8,1134
1134,713,19.734479588113587,-0.8310763429122185,3.4508083387600923,9,1135
1135,713,21.812823350114225,-0.8535972965078447,3.782845088509178,10,1136
1136,713,23.892160866376685,-0.8761313471855287,4.107891386564853,11,1137
1137,713,25.97283220569715,-0.8987044183004476,4.425934953990895,12,1138
1138,713,28.05184754106774,-0.9213101410741512,4.7365660858279615,13,1139
1139,713,30.132019057970176,-0.9440096206819298,5.040361875628918,14,1140
1140,713,32.209709338186244,-0.9667987819446996,5.337072161192955,15,1141
1141,713,34.289790438349485,-0.9897730001862994,5.627803569227359,16,1142
1142,713,36.367640653237046,-1.012930611641151,5.912474509955769,17,1143
1143,713,38.44673796012265,-1.036368810835614,6.192312562228927,18,1144
1144,713,40.52668333991821,-1.060153626375654,6.468221250764231,19,1145
1145,713,42.60602947366054,-1.0843533183807117,6.7412382268438815,20,1146
1146,713,44.68475321721792,-1.1090709277938848,7.012925523732919,21,1147
1147,713,46.7636718552029,-1.1344448940167626,7.285382174013151,22,1148
1148,713,48.843706962582274,-1.1606504962760715,7.56129501930369,23,1149
1149,713,50.9226194401439,-1.187871120368016,7.843716651108109,24,1150
1150,713,53.00113750668606,-1.216396784721621,8.137208184450468,25,1151
