,particle_id,r,phi,z,layer_id,hit_id
0,37,3.1009067205918983,-2.8835857386027497,-0.5009104262666142,1,1
1,37,5.180374732244871,-2.897312159655848,-0.4671432830827484,2,2
2,37,7.258415107960905,-2.9124443602709444,-0.2875438495367248,3,3
3,37,9.3380120076103,-2.9283608674165675,-0.0101718597929867,4,4
4,37,11.418463618324353,-2.944836693139912,0.339056008073328,5,5
5,37,13.49633674054492,-2.961785529949416,0.7441282702713927,6,6
6,37,15.575234669760958,-2.9792534130941823,1.1961456473841636,7,7
7,37,17.654317307597537,-2.997293952687832,1.6889701815812828,8,8
8,37,19.734027598109137,-3.0160025089262583,2.219108573117033,9,9
9,37,21.81393027298867,-3.0354949828601234,2.7846024303702066,10,10
10,37,23.893171072246147,-3.055913522105756,3.384770714766905,11,11
11,37,25.971347906161625,-3.077441774111892,4.020324026855359,12,12
12,37,28.0514365268852,-3.100351768928133,4.694408670033454,13,13
13,37,30.13031279858935,-3.124922628021209,5.4097881232230005,14,14
14,37,32.20929362958411,3.1315974231164887,6.17260243150799,15,15
15,37,34.28755029895843,3.102266269006161,6.990975359232911,16,16
16,37,36.36736074811507,3.0693833326896014,7.878448085320823,17,17
17,37,38.44668059911866,3.031653068827158,8.85371438700672,18,18
18,37,40.525119591925744,2.986839304865642,9.948806332391644,19,19
19,37,42.60490043638544,2.930529787638566,11.225044261588003,20,20
20,37,44.683877149170335,2.852126913255471,12.819138492125688,21,21
21,37,46.76263987805285,2.705635074328579,15.268100255040787,22,22
22,37,48.84203758917847,1.904493057281476,20.97278637235354,23,23
23,37,50.92147908139673,1.6892031983448133,21.34253405031469,24,24
24,37,53.00007878547166,1.5514386579336148,21.459400409794675,25,25
