,particle_id,r,phi,z,layer_id,hit_id
0,10,3.101113483875908,-2.6888831336911347,-0.4541402029795538,1,1
1,10,5.179971997486692,-2.659959035864693,-0.7477249051891306,2,2
2,10,7.259565056355687,-2.62728572651125,-1.0421740879337025,3,3
3,10,9.339065886055405,-2.590792168932851,-1.3486531062889924,4,4
4,10,11.416757422092186,-2.550600096566356,-1.6811547201934545,5,5
5,10,13.49650139349303,-2.506923879662644,-2.057275717005375,6,6
6,10,15.575550377749256,-2.460307634439854,-2.4953565139558034,7,7
7,10,17.65422772997621,-2.41138370856317,-3.014712913234842,8,8
8,10,19.733617156801703,-2.3608191125845868,-3.634051692068376,9,9
9,10,21.8136605168822,-2.3092593568487123,-4.369958229858327,10,10
10,10,23.891933206426327,-2.25727948010416,-5.235612261700924,11,11
11,10,25.970988575398632,-2.205154261067662,-6.243913262686121,12,12
12,10,28.050945600858256,-2.153034363387581,-7.405331225182609,13,13
13,10,30.130055089116222,-2.100947506048404,-8.72802988121799,14,14
14,10,32.20849310822817,-2.048727684096868,-10.220450088587002,15,15
15,10,34.28889211284697,-1.9960249371411145,-11.892759598462204,16,16
16,10,36.367413683252536,-1.9425499437817035,-13.74944630064378,17,17
17,10,38.44641423107855,-1.8877662611570107,-15.798762340320971,18,18
18,10,40.5253849115975,-1.831130351390461,-18.043920734777537,19,19
19,10,42.60438263587309,-1.772017322111049,-20.48334088481242,20,20
20,10,44.68453412426255,-1.7097280236294392,-23.10727169592837,21,21
21,10,46.76368166048076,-1.643673284956653,-25.8857175103232,22,22
22,10,48.84234177412609,-1.5732924539367956,-28.76726442512829,23,23
23,10,50.92152742411029,-1.4982445765340808,-31.66749916205248,24,24
24,10,53.00049183950146,-1.418635345555339,-34.459914218520744,25,25
