,particle_id,r,phi,z,layer_id,hit_id
156,235,3.1001282496971765,1.307094900059938,-5.215285035415919,1,157
157,235,5.180320493764931,1.2924586339310962,-8.598658644328172,2,158
158,235,7.259092145140355,1.278352603654774,-11.849210100922884,3,159
159,235,9.33846706655106,1.2649448653111457,-14.925515762037747,4,160
160,235,11.417147776415336,1.2524932586023951,-17.77407198853047,5,161
161,235,13.495983671840852,1.241274060730724,-20.34306697975916,6,162
162,235,15.57562576208317,1.2315572673834478,-22.58503073947444,7,163
163,235,17.65520306273835,1.223570520116365,-24.46201867161844,8,164
164,235,19.73346594615713,1.2174590246522163,-25.952259731031656,9,165
165,235,21.81288381184235,1.2132634581718964,-27.05420698971852,10,166
166,235,23.89246615079289,1.2109459946714218,-27.78038118375025,11,167
167,235,25.97129557064786,1.210392928990115,-28.15792463720873,12,168
168,235,28.050024148169182,1.211440432130576,-28.22456793344869,13,169
169,235,30.12990091117012,1.2139022699889532,-28.02393179617325,14,170
170,235,32.20880608555216,1.217581915496036,-27.6033115581574,15,171
171,235,34.288715132776524,1.2222958880367991,-27.0106481602374,16,172
172,235,36.3672331007584,1.2278671182677243,-26.29493877562139,17,173
173,235,38.44644971304829,1.234148699934682,-25.50336579419333,18,174
174,235,40.525432854765725,1.2410060371710407,-24.683950451159525,19,175
175,235,42.60429911939222,1.2483259977675705,-23.88514460733777,20,176
176,235,44.68350758146404,1.25601261885373,-23.15773808085178,21,177
177,235,46.76266389775551,1.2639783618878286,-22.5579444945118,22,178
178,235,48.842787884526345,1.2721465394562363,-22.150999691791167,23,179
179,235,50.92145275681927,1.280422741885514,-22.01926839696753,24,180
180,235,53.0009062402107,1.2887092367915391,-22.274700786912625,25,181
