,particle_id,r,phi,z,layer_id,hit_id
573,628,3.10034492621046,-1.56156335287255,4.354994247691231,1,574
574,628,5.180114882397774,-1.5663980954613836,6.818671731490888,2,575
575,628,7.258531505040082,-1.5709584678688573,8.976010227741728,3,576
576,628,9.339218539697791,-1.5754120948308563,10.868844315231575,4,577
577,628,11.417565426638246,-1.5798649760036958,12.52253360142818,5,578
578,628,13.497461927124,-1.5844137434111234,13.963876972152924,6,579
579,628,15.575400010393428,-1.58912070926864,15.209804144514791,7,580
580,628,17.654823997991073,-1.594051204264442,16.27872106917107,8,581
581,628,19.73417850565783,-1.599250259430553,17.18375108083299,9,582
582,628,21.814082830914334,-1.6047607653769422,17.937704959237976,10,583
583,628,23.89318844214659,-1.6106136762344636,18.55172618586368,11,584
584,628,25.9716190067674,-1.6168364246964475,19.03706081450168,12,585
585,628,28.05050732956063,-1.6234510472725276,19.404927940785623,13,586
586,628,30.12977373999631,-1.6304643790860656,19.66644138327924,14,587
587,628,32.209491770799964,-1.6378668136495085,19.83338974702353,15,588
588,628,34.287789917836605,-1.645616522406082,19.918521179529463,16,589
589,628,36.36807565130714,-1.6536545476982545,19.93612170570008,17,590
590,628,38.44709525146367,-1.6618416404791498,19.901860012066685,18,591
591,628,40.52601371455256,-1.6699726878328929,19.83304234365429,19,592
592,628,42.60514547691616,-1.6777138623653085,19.747934420707075,20,593
593,628,44.68405346760196,-1.6845359304722065,19.66415774865165,21,594
594,628,46.76343413932867,-1.6896126145348802,19.59449746640496,22,595
595,628,48.84211541688766,-1.691635498353442,19.5374763751893,23,596
596,628,50.92108319423819,-1.6885286460284543,19.455182720318973,24,597
597,628,53.00054051674286,-1.6769698266253192,19.220756020172274,25,598
