,particle_id,r,phi,z,layer_id,hit_id
1163,1071,3.10196606839765,0.3400009276945715,-4.531936294447561,1,1164
1164,1071,5.180064830914103,0.3561551743495907,-7.816766181228033,2,1165
1165,1071,7.259269390246347,0.3742741571447023,-11.339649612934837,3,1166
1166,1071,9.338892800712369,0.3951863772106953,-15.147544815590052,4,1167
1167,1071,11.418226329926902,0.4202343866660821,-19.31262176609745,5,1168
1168,1071,13.49663158935198,0.4517974988121516,-23.95375455306024,6,1169
1169,1071,15.575860448878617,0.4947256185680875,-29.29360981863575,7,1170
1170,1071,17.65430182780652,0.5608762280332493,-35.7907997827838,8,1171
1171,1071,19.73355568084076,0.6907886326233454,-44.6309032152491,9,1172
1172,1071,21.81283234605668,0.9769066693680788,-55.78730512927687,10,1173
1173,1071,23.89235678959945,1.2198832943118576,-61.827708042244886,11,1174
1174,1071,25.97165564769348,1.3735468930341577,-65.0654524074557,12,1175
1175,1071,28.050725622732067,1.4830660757221017,-67.29833500971479,13,1176
1176,1071,30.129893648308112,1.5669588141832824,-69.04326783252517,14,1177
1177,1071,32.20897112343379,1.6339981442458706,-70.50780057396418,15,1178
1178,1071,34.2888207569326,1.689095882043751,-71.79759996741849,16,1179
1179,1071,36.36741130280672,1.7352267077110393,-72.97378340046123,17,1180
1180,1071,38.44656621701168,1.7744477679571855,-74.07943289893967,18,1181
1181,1071,40.526386738304645,1.8081675268440247,-75.14650168782781,19,1182
1182,1071,42.60485863856636,1.8373889904598184,-76.20159956942967,20,1183
1183,1071,44.68401491509571,1.8629275277629784,-77.27331275651844,21,1184
1184,1071,46.76289562725787,1.8853907057301045,-78.39324439915154,22,1185
1185,1071,48.84316626100309,1.9053163739370536,-79.60667373870348,23,1186
1186,1071,50.92140195846394,1.923171911633076,-80.98587881690067,24,1187
1187,1071,53.0004853747787,1.9396456410889484,-82.69719628086688,25,1188
