,particle_id,r,phi,z,layer_id,hit_id
2531,1700,3.1007216533622515,2.230000766381506,2.0924766895186195,1,2532
2532,1700,5.179779834661709,2.233788725833587,3.5473146608908905,2,2533
2533,1700,7.259295126693162,2.239136880194116,5.038076653958619,3,2534
2534,1700,9.33825882735887,2.2466745930781977,6.554995820355792,4,2535
2535,1700,11.417559655653754,2.257826243011761,8.079314545374707,5,2536
2536,1700,13.49649568529286,2.2769791696251667,9.549581746372056,6,2537
2537,1700,13.49548659095046,2.542086149634508,5.538181347787173,6,2538
2538,1700,11.41641916704198,2.8649999336000285,-1.0882324062820032,5,2539
2539,1700,11.416990379556616,-2.976527670115644,-9.10794317964456,5,2540
2540,1700,13.496317849060697,-2.6907604193252754,-16.160387152846056,6,2541
2541,1700,15.57606789001229,-2.5745652468313853,-20.9105030941756,7,2542
2542,1700,17.654947802509046,-2.513350958125621,-25.033839006612983,8,2543
2543,1700,19.73439530211692,-2.4819078637961978,-28.828285780006105,9,2544
2544,1700,21.81293908953782,-2.469349160559898,-32.39264282578491,10,2545
2545,1700,23.892439646744737,-2.469688322907932,-35.770483788560554,11,2546
2546,1700,25.971620472740018,-2.4791826262703545,-38.975604878220686,12,2547
2547,1700,28.05002893295648,-2.495252836442892,-42.0132930838074,13,2548
2548,1700,30.12976899333973,-2.5160476145752955,-44.88907612967826,14,2549
2549,1700,32.209649381113366,-2.5401532402172275,-47.6037682358634,15,2550
2550,1700,34.28825083101252,-2.5664792060445865,-50.16008702714516,16,2551
2551,1700,36.367596972164336,-2.5942345184785065,-52.56752066594714,17,2552
2552,1700,38.44716164145837,-2.622799677403153,-54.83498012208965,18,2553
2553,1700,40.52579186198493,-2.6517081923757444,-56.97361058325275,19,2554
2554,1700,42.60443647435849,-2.68065519984502,-58.99970875384271,20,2555
2555,1700,44.683974889228246,-2.7094444154534942,-60.93296609242447,21,2556
2556,1700,46.7629538695871,-2.7379424029154134,-62.79658651754071,22,2557
2557,1700,48.84248682536802,-2.766145769075208,-64.62698666124565,23,2558
2558,1700,50.92169258357249,-2.794150033042696,-66.48475999838558,24,2559
2559,1700,53.00011449382715,-2.822347686626271,-68.52098315881085,25,2560
