,particle_id,r,phi,z,layer_id,hit_id
1909,787,3.1012300022768406,2.152126367832723,2.364928638928064,1,1910
1910,787,5.180252666913295,2.2158147360290887,3.7417920676673937,2,1911
1911,787,7.259423017687929,2.2742821644923312,4.9823754456413845,3,1912
1912,787,9.33798554758785,2.3282510072339155,6.109936771373228,4,1913
1913,787,11.417847364098856,2.378406942294105,7.146240398151754,5,1914
1914,787,13.496416437961754,2.4252231368144583,8.108148617607533,6,1915
1915,787,15.575686729639305,2.469190471380757,9.012573233127243,7,1916
1916,787,17.6546111794326,2.510652422972284,9.873222404629008,8,1917
1917,787,19.7345006299729,2.5499349191349627,10.703424095599722,9,1918
1918,787,21.812966388392766,2.587239026431701,11.51398969919402,10,1919
1919,787,23.8932547304472,2.6228213267271894,12.317214558071989,11,1920
1920,787,25.97230960354286,2.6567869315970416,13.122486749716042,12,1921
1921,787,28.05003843215589,2.689258680000295,13.940126980422406,13,1922
1922,787,30.130446255427884,2.720384583385321,14.782165835287088,14,1923
1923,787,32.20981714955465,2.7501587233906,15.657906396461598,15,1924
1924,787,34.288824003118364,2.7786036012074016,16.579016403655906,16,1925
1925,787,36.36738984311735,2.8056812033248217,17.557837443853188,17,1926
1926,787,38.44613468167359,2.8312948164636764,18.608438767316706,18,1927
1927,787,40.525006571688834,2.8552374986557,19.74638860205144,19,1928
1928,787,42.6047936058567,2.8771463908379,20.989781700450983,20,1929
1929,787,44.68437839373733,2.8963486544281785,22.356925071553903,21,1930
1930,787,46.76337426790508,2.9116380703445714,23.86358820973244,22,1931
1931,787,48.84232227763429,2.920745525630044,25.50654877609641,23,1932
1932,787,50.92151192855429,2.919433533266768,27.20213198689538,24,1933
1933,787,53.00011846718228,2.901795841399192,28.62814011411566,25,1934
