,particle_id,r,phi,z,layer_id,hit_id
58,142,3.10216979269896,-2.860743102475558,3.816666040600978,1,59
59,142,5.180047273655223,-2.852733014993654,6.388174027535072,2,60
60,142,7.259028527040935,-2.8449117335764704,8.976120983955056,3,61
61,142,9.338983736739625,-2.837202599593263,11.582718713459386,4,62
62,142,11.417081569821631,-2.8295515350327936,14.206726067556788,5,63
63,142,13.496877426949878,-2.8218885852337308,16.855039992934408,6,64
64,142,15.575345585647964,-2.8141720253627134,19.526423591702525,7,65
65,142,17.65478658019807,-2.8063413389486453,22.22676140177801,8,66
66,142,19.73489412168547,-2.798343649766112,24.95908999199836,9,67
67,142,21.81481459825241,-2.790123485951137,27.726348236218257,10,68
68,142,23.89272386130178,-2.7816215967909974,30.530986301456323,11,69
69,142,25.972304372828816,-2.772743392110788,33.384138610390764,12,70
70,142,28.05003326875346,-2.763405351985431,36.28887933955403,13,71
71,142,30.13014812944816,-2.753460595345328,39.26162279954913,14,72
72,142,32.209178755783135,-2.74275287910014,42.311766767347166,15,73
73,142,34.2883296070206,-2.731032216197549,45.46137798081844,16,74
74,142,36.36754496149162,-2.7179308536773887,48.74095830979192,17,75
75,142,38.44665688945539,-2.7028501485852003,52.19966215664707,18,76
76,142,40.52521089401439,-2.6846989769405702,55.92568551524939,19,77
77,142,42.60471498286965,-2.661046054389293,60.11447719367618,20,78
78,142,44.68363750591383,-2.6239274749856096,65.38131925594888,21,79
79,142,44.682972935896856,-2.426869319162034,79.13042281299121,21,80
80,142,42.60356109506287,-2.309744745641453,82.9942962071163,20,81
81,142,40.52432858211413,-2.1749607114775973,86.30909986156371,19,82
82,142,38.44563908137737,-1.944902061542521,91.00414164499034,18,83
83,142,38.44586648454803,-1.6770218454854695,96.46135774657566,18,84
84,142,40.5251064092324,-1.4596957444608194,101.92363157888724,19,85
85,142,42.60515553546127,-1.343075562472262,105.76901090971651,20,86
86,142,44.68378193576507,-1.2575613136389157,109.35316764637189,21,87
87,142,46.76367869916976,-1.189082699296187,112.99754932566928,22,88
88,142,48.84270865325253,-1.1317305590406137,116.9202644075721,23,89
89,142,50.92122767565014,-1.08205784183293,121.41676622764818,24,90
90,142,53.00074540530943,-1.0373029944870218,127.16417264646464,25,91
