,particle_id,r,phi,z,layer_id,hit_id
757,278,3.1011600069343843,-1.5224488873014597,0.0375345647844618,1,758
758,278,5.180496285917482,-1.5434141352733362,-0.0379980647492743,2,759
759,278,7.259767968629263,-1.5657477929346424,-0.2061780826208448,3,760
760,278,9.33826610294481,-1.5896668374187464,-0.4796211638517427,4,761
761,278,11.418225990634864,-1.6154752369164056,-0.8744919317665669,5,762
762,278,13.495869079485528,-1.6434707886826834,-1.4098776736435248,6,763
763,278,15.575980629968749,-1.6741581603944224,-2.112495809527964,7,764
764,278,17.654924710323385,-1.7080560829292717,-3.0144691912474144,8,765
765,278,19.735242223424308,-1.7459634519565048,-4.161258670656604,9,766
766,278,21.81316157052918,-1.7888403476584138,-5.611289699372378,10,767
767,278,23.89290695678667,-1.8382336824663843,-7.453631431073152,11,768
768,278,25.970939793330487,-1.8962288206260696,-9.813256789618093,12,769
769,278,28.05069313503322,-1.9663798229759453,-12.897590225308354,13,770
770,278,30.129555996540184,-2.0547766966243373,-17.06206238456696,14,771
771,278,32.208954071603735,-2.175273490698143,-23.088826370912724,15,772
772,278,34.287723227785825,-2.3893312754412244,-34.23370992616611,16,773
773,278,34.287447935859944,-2.7226568528375408,-50.2399778030316,16,774
774,278,32.208023797184694,-3.020948086716933,-60.23180662985594,15,775
775,278,30.12908450253304,2.8925985312088,-66.72715909294894,14,776
776,278,30.129267983796066,2.701422349355012,-68.46475450383726,14,777
777,278,32.20887562544853,2.433941272586775,-69.72803838152566,15,778
778,278,34.28819163890535,2.3240234381046005,-69.85115702617914,16,779
779,278,36.36690513898547,2.25423045852036,-69.73607742589536,17,780
780,278,38.44664196811495,2.206237558911093,-69.49265836461022,18,781
781,278,40.525654946045,2.17254595052864,-69.15682054160138,19,782
782,278,42.604640930355465,2.149055798124624,-68.74226947305053,20,783
783,278,44.68450020137515,2.1332139085219737,-68.25352088512896,21,784
784,278,46.76425620557897,2.1232935892254727,-67.69109502197044,22,785
785,278,48.84245116231781,2.1180416279138696,-67.05341860135839,23,786
786,278,50.92093118883686,2.116510952992666,-66.33655014066532,24,787
787,278,53.0011557796833,2.117985906178361,-65.53555059953479,25,788
