,particle_id,r,phi,z,layer_id,hit_id
3616,1597,3.103031239025316,-1.1398136747646592,-0.310297918848363,1,3617
3617,1597,5.18140638261351,-1.1365391395836493,-0.5085446123182962,2,3618
3618,1597,7.25928516208452,-1.1334601207281774,-0.6993916090302523,3,3619
3619,1597,9.340129223490525,-1.130568825559073,-0.8834551185721597,4,3620
3620,1597,11.417959900290322,-1.1278707933627057,-1.0605355210397764,5,3621
3621,1597,13.49622938454998,-1.1253586862980234,-1.231285513098774,6,3622
3622,1597,15.578413338028987,-1.1230266469167645,-1.3963342228857505,7,3623
3623,1597,17.658461656169056,-1.1208797266949215,-1.5555738808730837,8,3624
3624,1597,19.73504701925534,-1.118916894783689,-1.709319636497712,9,3625
3625,1597,21.81635242966481,-1.117129217148705,-1.8585833241402856,10,3626
3626,1597,23.896242868457147,-1.1155213452001358,-2.003340194198028,11,3627
3627,1597,25.97332053031575,-1.114093102449323,-2.143948514501229,12,3628
3628,1597,28.050903976393805,-1.1128415453274505,-2.2810982556242347,13,3629
3629,1597,30.13223569841365,-1.1117652622665983,-2.415470827783503,14,3630
3630,1597,32.2110428588411,-1.1108680356735892,-2.547155451990509,15,3631
3631,1597,34.29045393549386,-1.1101490583511089,-2.676871220262102,16,3632
3632,1597,36.36881264977507,-1.1096100665313224,-2.8050544590393933,17,3633
3633,1597,38.449047719354205,-1.1092520935926238,-2.932448800423624,18,3634
3634,1597,40.52932182913349,-1.1090778914883883,-3.0595312101536667,19,3635
3635,1597,42.60774008228277,-1.109090097459106,-3.186805473359464,20,3636
3636,1597,44.68687363645885,-1.1092918755284291,-3.315080163544767,21,3637
3637,1597,46.76459366086135,-1.1096868577710066,-3.444909896640027,22,3638
3638,1597,48.84313146857974,-1.1102800192264315,-3.5771600804129715,23,3639
3639,1597,50.92444787400592,-1.111077854007,-3.712735198156219,24,3640
3640,1597,53.00156435866817,-1.11208374404119,-3.851999627798012,25,3641
