,particle_id,r,phi,z,layer_id,hit_id
1826,977,3.100516177795124,2.1586704047488547,0.2907552165342634,1,1827
1827,977,5.17936371878722,2.155807752004359,0.4846635028290461,2,1828
1828,977,7.26030168274376,2.1532100037965782,0.6770278478148233,3,1829
1829,977,9.338343498103928,2.150851457982733,0.8667282980911687,4,1830
1830,977,11.416976661230944,2.148700626440045,1.053507405575629,5,1831
1831,977,13.496303886702938,2.1467342014674897,1.2368561095432724,6,1832
1832,977,15.576872286922704,2.144931574441108,1.4163539734597952,7,1833
1833,977,17.655348994204488,2.143277748527277,1.5912955756290574,8,1834
1834,977,19.73720854537222,2.141752800933343,1.7617517788397496,9,1835
1835,977,21.815328063752148,2.140348020634516,1.926784956167152,10,1836
1836,977,23.89575875621342,2.139046782858393,2.0865493300460383,11,1837
1837,977,25.97163653167629,2.1378421066664943,2.240216552364832,12,1838
1838,977,28.053955237755883,2.136717667970471,2.388298416110952,13,1839
1839,977,30.13163646965484,2.135670428212164,2.5297201350025893,14,1840
1840,977,32.211553195331824,2.1346884415438865,2.6646933449927217,15,1841
1841,977,34.29173355643608,2.1337650800948884,2.7928213367817287,16,1842
1842,977,36.370250151443976,2.1328940492844075,2.913744624011065,17,1843
1843,977,38.44978759688646,2.132067605101469,3.027382590569573,18,1844
1844,977,40.52853330915739,2.131280309648332,3.133401675036987,19,1845
1845,977,42.60470250390836,2.130526955575663,3.231502381656917,20,1846
1846,977,44.68568564850363,2.1297994149058863,3.3217990242163595,21,1847
1847,977,46.76516175437942,2.1290947199510755,3.40378069027211,22,1848
1848,977,48.84595148451721,2.128406873817881,3.477346550894445,23,1849
1849,977,50.92174747884996,2.12773306836363,3.5420882323786405,24,1850
1850,977,53.00441805412202,2.127064731531754,3.598159987536834,25,1851
