,particle_id,r,phi,z,layer_id,hit_id
777,392,3.1015332668598483,-0.6063847789050949,-0.3326871679398557,1,778
778,392,5.179276813933801,-0.6142791778029937,-0.4794176524427911,2,779
779,392,7.259897300204277,-0.6238450011317522,-0.537847316918441,3,780
780,392,9.338694041545878,-0.6354674234203889,-0.4755914278537112,4,781
781,392,11.417141756576283,-0.6496328339989477,-0.2504056172514204,5,782
782,392,13.497086520690642,-0.66687984389959,0.1925209792474937,6,783
783,392,15.575218442321027,-0.6876403710761874,0.9184470469463086,7,784
784,392,17.654772212398164,-0.7121142594253568,1.9998308219727647,8,785
785,392,19.73348449355972,-0.7397900303183541,3.4961582028364475,9,786
786,392,21.81348634298447,-0.7692033418050163,5.433859507103794,10,787
787,392,23.89170112535044,-0.7978068636118874,7.779177186997483,11,788
788,392,25.971206940528308,-0.822650112246411,10.452994265375995,12,789
789,392,28.050495611950826,-0.8409509589541315,13.34501607708361,13,790
790,392,30.13009210430782,-0.8506090370664574,16.345922548680957,14,791
791,392,32.20904297597496,-0.8502386086794278,19.351703769048022,15,792
792,392,34.287654156675536,-0.8391584413482368,22.26412219995294,16,793
793,392,36.36696562164615,-0.8174742281780143,24.9856561785036,17,794
794,392,38.44640107087157,-0.7863078314070202,27.421545085019428,18,795
795,392,40.52564839163693,-0.7478168955345418,29.499206328426144,19,796
796,392,42.60459583307642,-0.7047810168276367,31.18510031988353,20,797
797,392,44.684134034309984,-0.6598956120728563,32.487957130764,21,798
798,392,46.76344367083028,-0.6153007528373068,33.4443150357434,22,799
799,392,48.84204346009548,-0.5723825884901702,34.10315414910791,23,800
800,392,50.92114477814481,-0.5318631191405834,34.51325394416061,24,801
801,392,53.00117086318672,-0.4940535517882682,34.71631870199886,25,802
