,particle_id,r,phi,z,layer_id,hit_id
265,393,3.1003898736959843,0.683367749977812,-7.674299948864125,1,266
266,393,5.179695466299371,0.645542384504531,-11.176266317804618,2,267
267,393,7.258499009161282,0.6224507381762254,-14.036959374552293,3,268
268,393,9.337796661570524,0.6068372354222192,-16.455117645410503,4,269
269,393,11.417161545003385,0.5954796922356262,-18.53501608913224,5,270
270,393,13.49661921789636,0.5866770345433737,-20.34011797053234,6,271
271,393,15.57554837598732,0.5794264562458935,-21.911647660570207,7,272
272,393,17.654342976965925,0.5730789669832114,-23.279005415743523,8,273
273,393,19.733710848766385,0.5671855512389156,-24.463652243729573,9,274
274,393,21.813964461316434,0.5614176088262323,-25.48140488762247,10,275
275,393,23.891731710972667,0.5555316431931011,-26.3430194589052,11,276
276,393,25.9712408062078,0.5493124056470672,-27.060031596853808,12,277
277,393,28.05163765861064,0.5425928870764681,-27.639791346673363,13,278
278,393,30.129921812239264,0.5352403666913368,-28.08823744861408,14,279
279,393,32.20971169844059,0.5271205939829195,-28.41200672348732,15,280
280,393,34.28852643181055,0.5181405037233564,-28.615913872733493,16,281
281,393,36.36845290444834,0.5082075290117215,-28.70510594072394,17,282
282,393,38.44703679739029,0.4972703308516086,-28.68434289874184,18,283
283,393,40.52622868636784,0.4852779404727028,-28.55855178749144,19,284
284,393,42.60506101658,0.4722184564331384,-28.33279208520486,20,285
285,393,44.68493160256191,0.4580907452919803,-28.01205284253424,21,286
286,393,46.76404594428267,0.4429409640766638,-27.60191387354236,22,287
287,393,48.84260709493483,0.4268278761148883,-27.1077755916741,23,288
288,393,50.922554461639386,0.4098177690288379,-26.53436501219914,24,289
289,393,53.00015754260588,0.3920418897602827,-25.887663995447777,25,290
