,particle_id,r,phi,z,layer_id,hit_id
949,1431,3.1004245629632803,-2.0531321357093524,2.472041288680135,1,950
950,1431,5.180872984135568,-2.0359739253018363,4.192664796613741,2,951
951,1431,7.259032865173261,-2.0182113364731733,5.956341497158771,3,952
952,1431,9.337955026499053,-1.999874018498616,7.760357195027414,4,953
953,1431,11.417170270655626,-1.981033617209396,9.59806592127612,5,954
954,1431,13.49653354384184,-1.9617699119118943,11.462234532165834,6,955
955,1431,15.576038106776036,-1.94216909582064,13.345119756102974,7,956
956,1431,17.65562215371048,-1.922321777094026,15.238551409989505,8,957
957,1431,19.734975242174457,-1.9023207891364853,17.134020592950844,9,958
958,1431,21.81335210381739,-1.8822589145353,19.02277167923813,10,959
959,1431,23.89353525416164,-1.8621867962677885,20.89960857830237,11,960
960,1431,25.97135212491229,-1.842210896292338,22.75359416633349,12,961
961,1431,28.052043761167983,-1.822333357507939,24.58285084606665,13,962
962,1431,30.129440121751585,-1.802649691986748,26.37612611507176,14,963
963,1431,32.208473285542574,-1.7831322079934566,28.132571191350102,15,964
964,1431,34.28836913694361,-1.7637888103186803,29.84695612998788,16,965
965,1431,36.368461706936046,-1.7446052538117556,31.514740660406662,17,966
966,1431,38.4476291579008,-1.7255473273419155,33.13151700168319,18,967
967,1431,40.52538833267723,-1.7065457758217972,34.69372479401689,19,968
968,1431,42.60591833196289,-1.6874502661032638,36.20122495107525,20,969
969,1431,44.68415584189528,-1.668139213599724,37.6468618130628,21,970
970,1431,46.76326185305058,-1.6483247978709106,39.02874891446258,22,971
971,1431,48.84234058585912,-1.627590892732217,40.34066353821614,23,972
972,1431,50.92176119746425,-1.605153521531796,41.574178902514056,24,973
973,1431,53.000789922972864,-1.579260369078293,42.71267519774062,25,974
