,particle_id,r,phi,z,layer_id,hit_id
2791,1624,3.100467054292702,0.9839094977608528,-5.706956928207672,1,2792
2792,1624,5.1799302636906965,0.5028629976645326,-8.165968181128896,2,2793
2793,1624,7.258407758272447,0.297177833260987,-9.700540099044234,3,2794
2794,1624,9.339238097203468,0.1790090479883347,-10.892766343292648,4,2795
2795,1624,11.418253589218477,0.1010237586783446,-11.885040179143637,5,2796
2796,1624,13.495862628635324,0.0451280040960635,-12.737847617459366,6,2797
2797,1624,15.57654532326126,0.0027605136325267,-13.484138851793432,7,2798
2798,1624,17.655107367903415,-0.030513477501066,-14.140560004988522,8,2799
2799,1624,19.73414134753059,-0.0574309262989119,-14.720014541608164,9,2800
2800,1624,21.81252700014316,-0.0796721937128315,-15.23032445221013,10,2801
2801,1624,23.892682401226143,-0.0983879330624925,-15.677731075130716,11,2802
2802,1624,25.97241054988985,-0.1143374841709173,-16.06576884471,12,2803
2803,1624,28.05247899618217,-0.1280880608134646,-16.397495594915686,13,2804
2804,1624,30.129426114573366,-0.1400336156008287,-16.674520688763245,14,2805
2805,1624,32.2114815003578,-0.1505309979053596,-16.89925992371898,15,2806
2806,1624,34.28806854942832,-0.1597665530821397,-17.071453640825585,16,2807
2807,1624,36.36997593589216,-0.1679762135362174,-17.192440856203916,17,2808
2808,1624,38.44812135681962,-0.1752717485845757,-17.261706894543916,18,2809
2809,1624,40.52791365109708,-0.1817931778083684,-17.27926004225533,19,2810
2810,1624,42.604668283027856,-0.1876235480677732,-17.244572846643788,20,2811
2811,1624,44.684769125569694,-0.192860281344422,-17.156716378971286,21,2812
2812,1624,46.76414669607127,-0.1975578146500576,-17.01469375301832,22,2813
2813,1624,48.84249834505013,-0.201770832780107,-16.817274881473104,23,2814
2814,1624,50.92327051402263,-0.2055515958181272,-16.5625032030638,24,2815
2815,1624,53.00277168857155,-0.2089313716323561,-16.24895333911308,25,2816
