,particle_id,r,phi,z,layer_id,hit_id
1410,1155,3.1008412780748653,1.8197160465557167,-0.237930842230994,1,1411
1411,1155,5.179803900046605,1.8654925797882032,-0.5403830302676942,2,1412
1412,1155,7.25924524735672,1.9153263193766743,-0.9138979834462986,3,1413
1413,1155,9.33856722258656,1.9714810755962344,-1.3212003336824978,4,1414
1414,1155,11.416901550889037,2.0366337961510474,-1.7168690785408234,5,1415
1415,1155,13.495940471798324,2.114009082346547,-2.039158070751749,6,1416
1416,1155,15.575818606591122,2.2067217327203257,-2.201088103473166,7,1417
1417,1155,17.654180958017633,2.315845365956125,-2.095511818876581,8,1418
1418,1155,19.73352856190386,2.437984064142587,-1.632436715884077,9,1419
1419,1155,21.813070546005463,2.564677736420711,-0.7946461667022073,10,1420
1420,1155,23.89192696531128,2.6872843540915183,0.3584898847010382,11,1421
1421,1155,25.971762799878213,2.801397355650113,1.7497023481508749,12,1422
1422,1155,28.05090768868049,2.9064677789905664,3.3243757117229835,13,1423
1423,1155,30.12925846837352,3.0044360369334773,5.06423867916648,14,1424
1424,1155,32.20894032980373,3.0989492901047755,6.991850416258462,15,1425
1425,1155,34.28770567987528,-3.0869030071276176,9.190546812907616,16,1426
1426,1155,36.36675052390937,-2.9667890029572965,11.99576200254436,17,1427
1427,1155,36.366449475657696,-2.6639229204982304,16.15989436671439,17,1428
1428,1155,36.366888056191904,-2.2391358028039647,13.086495762206209,17,1429
1429,1155,38.44652721072917,-2.1866563516279727,12.341080228930648,18,1430
1430,1155,40.52513698254111,-2.158381430996018,11.95035391174108,19,1431
1431,1155,42.60512182621586,-2.1412508287527987,11.767084964563931,20,1432
1432,1155,44.68466161334257,-2.130396960700775,11.73119115416877,21,1433
1433,1155,46.76358198750536,-2.123341174455345,11.808393311913866,22,1434
1434,1155,48.84213832350878,-2.118639601072611,11.975936087828954,23,1435
1435,1155,50.922377774480616,-2.1153807215101232,12.217472837365426,24,1436
1436,1155,53.00145133687816,-2.1129678228183946,12.519800412290287,25,1437
