,particle_id,r,phi,z,layer_id,hit_id
995,441,3.100170590436429,-3.040880408224826,1.4358634524236678,1,996
996,441,5.180401683348548,-3.000194046565956,2.405165394910604,2,997
997,441,7.260028577922853,-2.9643284079624,3.376096384454499,3,998
998,441,9.339714065651028,-2.932516050805279,4.347824221619973,4,999
999,441,11.419229724151466,-2.904130489652695,5.31974425667336,5,1000
1000,441,13.49728428323895,-2.878666446747203,6.291142670206504,6,1001
1001,441,15.57732905846627,-2.8556555820878584,7.2637531484627615,7,1002
1002,441,17.655407148430136,-2.834790399371048,8.235980109663018,8,1003
1003,441,19.734996880995777,-2.8157445838866257,9.209782473176093,9,1004
1004,441,21.8145045806126,-2.798292916577071,10.184789330035734,10,1005
1005,441,23.893184467432384,-2.782238494383251,11.161047137172638,11,1006
1006,441,25.97107579309877,-2.7674093202261383,12.138980595883863,12,1007
1007,441,28.05239181290933,-2.753633018135105,13.120991965632877,13,1008
1008,441,30.13156082916937,-2.740823992572441,14.104874141717666,14,1009
1009,441,32.21029372357177,-2.7288637782663274,15.09185522227316,15,1010
1010,441,34.29072046429623,-2.7176488175630595,16.083380450079858,16,1011
1011,441,36.36810256532596,-2.707123709896661,17.077627640993477,17,1012
1012,441,38.44858200747771,-2.697186681729358,18.07799100853773,18,1013
1013,441,40.52766504401362,-2.6877972937664314,19.082788611720268,19,1014
1014,441,42.60446030977815,-2.678902221270862,20.09207300248587,20,1015
1015,441,44.68518931196228,-2.6704247931512546,21.10940436043107,21,1016
1016,441,46.7651784082743,-2.6623388562345545,22.13308245532448,22,1017
1017,441,48.843160015236265,-2.654605969432628,23.16309071312279,23,1018
1018,441,50.92109371320527,-2.6471784791356106,24.20107279656625,24,1019
1019,441,53.00044029491257,-2.6400135115668144,25.2485291979861,25,1020
