,particle_id,r,phi,z,layer_id,hit_id
81,128,3.100244485687568,-1.0980722725999432,1.3937616997775135,1,82
82,128,5.179694395359346,-0.6996820725998408,2.7074324200872013,2,83
83,128,7.259432763468466,-0.5338297295421135,3.8619353203998728,3,84
84,128,9.338481935305431,-0.4401049553974076,4.979213877600785,4,85
85,128,11.41780538226099,-0.3791067100881526,6.093120988983216,5,86
86,128,13.496088709637757,-0.3360009913185232,7.21801047103834,6,87
87,128,15.576915682075,-0.3037549476858335,8.364908737754085,7,88
88,128,17.655633256703908,-0.2787094950080777,9.537906895961022,8,89
89,128,19.734716504875703,-0.2586330551362896,10.743997052566309,9,90
90,128,21.81472142078947,-0.2421469778350224,11.988814373511453,10,91
91,128,23.89341415743145,-0.2283574479071641,13.27632387587385,11,92
92,128,25.97135257309588,-0.2166303780878999,14.612417383173202,12,93
93,128,28.050952444080355,-0.2065074369249025,16.004831107035116,13,94
94,128,30.13063836088984,-0.1976723736378847,17.459501389339295,14,95
95,128,32.20921748262042,-0.1898864444862026,18.983496925631783,15,96
96,128,34.28786768117395,-0.1829606599320012,20.5869371098218,16,97
97,128,36.36705494435015,-0.1767533906119551,22.28132632113177,17,98
98,128,38.44596293540541,-0.1711599048846428,24.07952584898449,18,99
99,128,40.52649826714714,-0.1660948396455949,26.00008146137815,19,100
100,128,42.605266620904914,-0.1615085093725541,28.061174979396824,20,101
101,128,44.6836958806096,-0.1573608974109202,30.291858407551853,21,102
102,128,46.76294581354559,-0.1536373791264062,32.731112275316534,22,103
103,128,48.842226626377645,-0.1503577221125984,35.43136173682754,23,104
104,128,50.921819046604085,-0.1475867533922894,38.47268817275023,24,105
105,128,53.0002786698702,-0.1454776876158198,41.9818304124218,25,106
