,particle_id,r,phi,z,layer_id,hit_id
2030,1188,3.100220073002311,1.974693076840444,-3.708944941700885,1,2031
2031,1188,5.179759111646238,1.974049652266907,-6.161355922602972,2,2032
2032,1188,7.259362739853236,1.972973259832444,-8.587803435678666,3,2033
2033,1188,9.339443655576384,1.9713736532647643,-10.990633795875418,4,2034
2034,1188,11.41687955975994,1.969131956536072,-13.368035504024832,5,2035
2035,1188,13.496322906525808,1.966074209032208,-15.727084038992366,6,2036
2036,1188,15.576788459031013,1.961959618353856,-18.068506520814097,7,2037
2037,1188,17.655100638542105,1.9564432541011063,-20.391096199777124,8,2038
2038,1188,19.73402972675966,1.9489803952296003,-22.70145643794619,9,2039
2039,1188,21.813628830990805,1.9386932739101213,-25.005842056621773,10,2040
2040,1188,23.891871245103985,1.9240472622467368,-27.31510479083728,11,2041
2041,1188,25.97109681304807,1.9019125869322229,-29.66513290758624,12,2042
2042,1188,28.05040869921366,1.8643296681337749,-32.166727054352094,13,2043
2043,1188,30.1292552025168,1.7689602166863996,-35.656998441487886,14,2044
2044,1188,30.129146121331324,1.6021171646322854,-39.9542464502316,14,2045
2045,1188,28.04960410718072,1.3938553333325423,-45.145825522431664,13,2046
2046,1188,25.97074521514179,1.1817106481264217,-49.13984622372982,12,2047
2047,1188,25.97093669103992,0.7043656965304758,-51.655579604981725,12,2048
2048,1188,28.05023633043353,0.5509029335213964,-50.114829968796656,13,2049
2049,1188,30.130150963127488,0.4622530278510441,-48.127412446692574,14,2050
2050,1188,32.20859907336768,0.4004785664554062,-45.8658992249771,15,2051
2051,1188,34.28897584405608,0.3542197398724348,-43.373248135783314,16,2052
2052,1188,36.367968913119306,0.318257409715984,-40.67318258600408,17,2053
2053,1188,38.446965417499,0.289537121306123,-37.77318664916008,18,2054
2054,1188,40.52531147807896,0.2661468362336168,-34.67724941391762,19,2055
2055,1188,42.60560895370335,0.2467525374015466,-31.379771431336337,20,2056
2056,1188,44.68446840642716,0.2304482671373078,-27.880339619755745,21,2057
2057,1188,46.76321907407098,0.2165194483357818,-24.1667133779344,22,2058
2058,1188,48.84211771056387,0.2044230325535848,-20.222704674319942,23,2059
2059,1188,50.92174946221241,0.1937234809236272,-16.024037202442457,24,2060
2060,1188,53.00063209959573,0.1840679327032597,-11.540297426187337,25,2061
