,particle_id,r,phi,z,layer_id,hit_id
3689,1971,3.101087067284245,0.6505317921510354,1.5528319203306653,1,3690
3690,1971,5.179579759348593,0.6067339558046924,3.597663212603163,2,3691
3691,1971,7.258635494425976,0.5275732975667617,7.48607765474078,3,3692
3692,1971,9.338196510690278,-0.7637032554390266,36.21974283128482,4,3693
3693,1971,11.416722413120032,-1.070620458085031,41.59110518581205,5,3694
3694,1971,13.496534615278016,-1.237944404648221,45.323291679302514,6,3695
3695,1971,15.576692684061904,-1.3498443123036767,48.42108076578941,7,3696
3696,1971,17.654776906297233,-1.4314686887786376,51.14894688718582,8,3697
3697,1971,19.734340733754365,-1.494318792259761,53.62465725204939,9,3698
3698,1971,21.8138349850267,-1.5444244838085426,55.90370945629464,10,3699
3699,1971,23.891816413933984,-1.5853960399920155,58.01650510355112,11,3700
3700,1971,25.97206692649376,-1.6196282149905237,59.98404569354486,12,3701
3701,1971,28.05142411660401,-1.648626098574738,61.81062320370247,13,3702
3702,1971,30.130608911256463,-1.6734949946672302,63.49638316875309,14,3703
3703,1971,32.20995632398107,-1.6950197933370557,65.03299751417475,15,3704
3704,1971,34.28904490738907,-1.713761609407099,66.40204316518582,16,3705
3705,1971,36.36756782327283,-1.7301238865625723,67.57235281085208,17,3706
3706,1971,38.44648300109153,-1.7443861507475835,68.49403259687789,18,3707
3707,1971,40.52593502255559,-1.7566890645833635,69.08542803486384,19,3708
3708,1971,42.6048873987444,-1.7670052785385242,69.21264859087148,20,3709
3709,1971,44.683755464764864,-1.7750643367968364,68.65405724266371,21,3710
3710,1971,46.76308122953204,-1.7801517603081698,67.0484473209132,22,3711
3711,1971,48.84181103650298,-1.7808482755101087,63.89045456803002,23,3712
3712,1971,50.920894849760025,-1.775225836894685,58.77904847431574,24,3713
3713,1971,53.00003315473372,-1.7623428214061652,51.95637053154464,25,3714
