,particle_id,r,phi,z,layer_id,hit_id
1682,751,3.1007642748261626,2.1036356962591736,2.889121853540523,1,1683
1683,751,5.180183527889392,2.23144821375894,5.726185755412498,2,1684
1684,751,7.258943716918566,2.368235379166536,9.09855963467073,3,1685
1685,751,9.337751401954522,2.5024781431426333,12.673549278947062,4,1686
1686,751,11.417329331014148,2.624541012339806,16.13133195890222,5,1687
1687,751,13.496387143650011,2.730445953105086,19.28270883238772,6,1688
1688,751,15.575052046116406,2.8206540692521185,22.0615216879367,7,1689
1689,751,17.654190329862857,2.8973840684854,24.464684850856628,8,1690
1690,751,19.73375949171136,2.9630555799157308,26.51053614475714,9,1691
1691,751,21.81415309783545,3.019810939006508,28.22275632283737,10,1692
1692,751,23.893016604210167,3.0693285046101337,29.62164094254529,11,1693
1693,751,25.971298378487656,3.1130158886279107,30.727059812069346,12,1694
1694,751,28.050649921072694,-3.1311975292081926,31.555252160103457,13,1695
1695,751,30.13036716921977,-3.0961033873409707,32.118370312809915,14,1696
1696,751,32.21031896175076,-3.064208231179303,32.42691898875305,15,1697
1697,751,34.28839775742288,-3.034991601797051,32.4901333457775,16,1698
1698,751,36.3681434048692,-3.007956209961028,32.316656843778986,17,1699
1699,751,38.44639833239624,-2.9827763155069067,31.915060907858496,18,1700
1700,751,40.52518596178869,-2.959122034818708,31.293871251998283,19,1701
1701,751,42.60552407776788,-2.9367304663372304,30.46219537462401,20,1702
1702,751,44.68532738352644,-2.91541324070485,29.43195147332989,21,1703
1703,751,46.76344812112153,-2.8950043175577345,28.21721745825228,22,1704
1704,751,48.84361396424169,-2.875321674703235,26.831345069400705,23,1705
1705,751,50.922434097435584,-2.856279301336018,25.294731781236603,24,1706
1706,751,53.0013394431916,-2.8377693755780125,23.6274477896068,25,1707
