,particle_id,r,phi,z,layer_id,hit_id
0,213,3.1007806766116643,-2.401713931237276,-1.1392541286575335,1,1
1,213,5.1798662273732,-2.372883789464363,-2.3111823111179177,2,2
2,213,7.259017405936184,-2.358364930185044,-3.610193212388701,3,3
3,213,9.338223495658934,-2.353771097714805,-4.941565391945389,4,4
4,213,11.41685132087258,-2.356835812296447,-6.235505610581949,5,5
5,213,13.496175822353148,-2.366593812689905,-7.429428532562344,6,6
6,213,15.575167587170704,-2.383178533268392,-8.44841011780704,7,7
7,213,17.65498596053035,-2.408336018674848,-9.177371774377878,8,8
8,213,19.7338066649292,-2.448154430976341,-9.354903409309768,9,9
9,213,21.81253923782896,-2.5602621380313364,-7.030857474705112,10,10
10,213,21.81239886536618,-2.6052458128358214,-5.625821754632771,10,11
11,213,19.733203807563864,-2.819856832699418,1.0280941102414332,9,12
12,213,17.65358725015708,-3.0052860860527306,5.492864091976777,8,13
13,213,15.574942811634951,3.0078329612741665,10.23039223306079,7,14
14,213,15.575130904138728,2.169377792034903,20.123958495934005,7,15
15,213,17.654405069649417,1.9212327508989857,23.096116900630182,8,16
16,213,19.73451610009312,1.7709021610959448,25.167398420656543,9,17
17,213,21.81469956864393,1.662450155049535,26.861965276473285,10,18
18,213,23.89333288089092,1.5783002853377237,28.3286851873078,11,19
19,213,25.971820462763755,1.5100537443219162,29.63476338354252,12,20
20,213,28.050181646766053,1.4530306815714364,30.815362097009704,13,21
21,213,30.13101658932357,1.4042590228993863,31.89264373564093,14,22
22,213,32.20998286336374,1.361898864168546,32.87757360235813,15,23
23,213,34.28875323102197,1.3245453533982574,33.779837485550495,16,24
24,213,36.36943174644088,1.2911761355580058,34.60614452411128,17,25
25,213,38.4492020584998,1.2610972253513053,35.359262552213686,18,26
26,213,40.52684285618568,1.233750332832826,36.04142832733071,19,27
27,213,42.60610353610472,1.2086386701126874,36.65532984788448,20,28
28,213,44.68379782411292,1.185444188133726,37.20056235441033,21,29
29,213,46.76479969568785,1.1638239608188612,37.67807947884831,22,30
30,213,48.84263140402976,1.143605223523175,38.08542444029903,23,31
31,213,50.92222050371225,1.1245364651343204,38.42195159765743,24,32
32,213,53.00059736178741,1.1064726061210703,38.68471816859047,25,33
