,particle_id,r,phi,z,layer_id,hit_id
85,89,3.101071420074566,0.4115539485133804,2.5825088788009936,1,86
86,89,5.17986739011921,0.3645235055072295,4.807056204452415,2,87
87,89,7.259450940896775,0.3230861759958034,7.405431509254029,3,88
88,89,9.33846030453246,0.2871078531941453,10.347912665637033,4,89
89,89,11.416784052055972,0.2564086969427059,13.599239305667384,5,90
90,89,13.496335145293193,0.2307406532722976,17.1223468116131,6,91
91,89,15.575247397167818,0.209851249991163,20.87048189784113,7,92
92,89,17.654208128332066,0.1934007497146923,24.79950972657113,8,93
93,89,19.7336562536356,0.1810144532733328,28.86532875540857,9,94
94,89,21.81362694794951,0.1722952281261711,33.02499044872718,10,95
95,89,23.892141156468032,0.1668391023196191,37.23461066154374,11,96
96,89,25.97100984652977,0.1642339419983413,41.46211260263435,12,97
97,89,28.05147272035959,0.1640946897826895,45.67905259646707,13,98
98,89,30.129438566586423,0.1660607410870769,49.851246867171774,14,99
99,89,32.20910033104396,0.1698098521833149,53.96630025095629,15,100
100,89,34.28754177508902,0.1750513050170626,58.002534307202026,16,101
101,89,36.36680998748648,0.181544275570926,61.95273769160757,17,102
102,89,38.445897409532925,0.1890818132708249,65.80816830487618,18,103
103,89,40.52642757654632,0.1975071450183626,69.5691840717021,19,104
104,89,42.60435745598889,0.2066808189478742,73.23018872635711,20,105
105,89,44.68394737086765,0.2165410045438562,76.80486119710481,21,106
106,89,46.76381152675131,0.2270484201578945,80.30209929763254,22,107
107,89,48.842894797657046,0.2382203078532408,83.73864320663026,23,108
108,89,50.921724190007225,0.2501602169763031,87.14472798391192,24,109
109,89,53.00045186800955,0.2630980248675741,90.56900279141072,25,110
