,particle_id,r,phi,z,layer_id,hit_id
0,4,3.1006626198402625,-2.3626831679729667,-8.190551139689092,1,1
1,4,5.179649920790292,-2.4683152566661826,-12.70236816885108,2,2
2,4,7.258644926610142,-2.570784224678788,-16.521911266284548,3,3
3,4,9.337780471593542,-2.670771624275168,-19.689681305371067,4,4
4,4,11.416669300078071,-2.767021034835818,-22.23744767002537,5,5
5,4,13.497045265745506,-2.857534654363081,-24.213288144960643,6,6
6,4,15.576150394512515,-2.940427217527579,-25.68049260807578,7,7
7,4,17.655548804916823,-3.014918487365408,-26.716330045612267,8,8
8,4,19.734137626268897,-3.0810139249575945,-27.393156861224767,9,9
9,4,21.812830697872258,-3.139355343837503,-27.77349890497713,10,10
10,4,23.89222019325385,3.092369986411818,-27.90668329596329,11,11
11,4,25.97164769792876,3.046903012309756,-27.8304182644404,12,12
12,4,28.05186804074386,3.006562709323875,-27.573123386567147,13,13
13,4,30.129276103062644,2.970655781696217,-27.156860295144185,14,14
14,4,32.209543811311235,2.938431077692969,-26.59647925951839,15,15
15,4,34.28893139561604,2.9093951770393507,-25.90473747093921,16,16
16,4,36.367942505823045,2.8830658095213257,-25.0905043696757,17,17
17,4,38.44689397292703,2.859036962161189,-24.16030512800667,18,18
18,4,40.525442785997406,2.836969744403108,-23.119169142786888,19,19
19,4,42.60460361108879,2.816559879886212,-21.970029558337885,20,20
20,4,44.68410717086908,2.797556847550609,-20.715328736515048,21,21
21,4,46.76456944452265,2.779734147924867,-19.35609085907933,22,22
22,4,48.84230257323448,2.7629264522445927,-17.895642921496318,23,23
23,4,50.9217418639176,2.74692310971028,-16.33115282252048,24,24
24,4,53.00025079340609,2.7315883812789443,-14.66428745784762,25,25
