,particle_id,r,phi,z,layer_id,hit_id
101,399,3.1013755437207458,-2.0103182299064013,2.7469217129118704,1,102
102,399,5.179633584483961,-1.937220128115467,4.403617871044933,2,103
103,399,7.259324196568423,-1.8783968728008384,5.922659052994568,3,104
104,399,9.338177873212832,-1.830743557720953,7.317774906272824,4,105
105,399,11.418139873279236,-1.7917349007261918,8.605244930892848,5,106
106,399,13.497299206407078,-1.7595433911493674,9.7966738309843,6,107
107,399,15.57714320814942,-1.7327515548987382,10.903403311081371,7,108
108,399,17.654924519838083,-1.7103423965551434,11.932500411014503,8,109
109,399,19.73416540251432,-1.6914776902194464,12.89256305728723,9,110
110,399,21.81441535364639,-1.6755498603281551,13.788806327316546,10,111
111,399,23.89227976079397,-1.6620976739164717,14.62437616723606,11,112
112,399,25.971736070480578,-1.650708210971751,15.40468003607928,12,113
113,399,28.050229639933555,-1.6410853450385816,16.131903225710698,13,114
114,399,30.12930841371707,-1.6329672024602104,16.809300984541704,14,115
115,399,32.2087531282027,-1.6261454996044895,17.439097582972256,15,116
116,399,34.289260625611774,-1.620443560929531,18.023495254308383,16,117
117,399,36.36913491931167,-1.615718224882155,18.56381221079508,17,118
118,399,38.447185148239335,-1.6118446575483047,19.061439107559,18,119
119,399,40.52605145977276,-1.608709456575177,19.51851487484326,19,120
120,399,42.6056212771278,-1.6062203816401093,19.936330307720308,20,121
121,399,44.68616036015956,-1.6042967508724766,20.316159589934653,21,122
122,399,46.76474826808529,-1.6028699888248852,20.65868827374668,22,123
123,399,48.84215856241435,-1.601876238231435,20.965256447614447,23,124
124,399,50.92309542667081,-1.6012588984031555,21.23758031864349,24,125
125,399,53.001688421772975,-1.6009712010155974,21.475903693201868,25,126
