,particle_id,r,phi,z,layer_id,hit_id
3282,1349,3.1012058294251594,-0.012581692298432,-0.9142039456932955,1,3283
3283,1349,5.181531855847047,0.0038877037665387,-1.5459189190860012,2,3284
3284,1349,7.259340627787417,0.0217448905117492,-2.192173248626728,3,3285
3285,1349,9.337638629020269,0.0412708260619406,-2.8543151157268136,4,3286
3286,1349,11.417862589946342,0.0628148939911709,-3.533234445727121,5,3287
3287,1349,13.496227189255327,0.0867780804856765,-4.228018707261098,6,3288
3288,1349,15.575162885251974,0.1137844016770428,-4.939607411511723,7,3289
3289,1349,17.65611821727332,0.1447002876056729,-5.668297889311226,8,3290
3290,1349,19.73511443741673,0.1806971856588511,-6.411702689681219,9,3291
3291,1349,21.813429099223733,0.2236775456961337,-7.167632587302551,10,3292
3292,1349,23.89179220595545,0.2767475472850816,-7.930080757401544,11,3293
3293,1349,25.971063686271293,0.3454249713167578,-8.68410599049003,12,3294
3294,1349,28.050370136477447,0.4403331051726115,-9.389274944698004,13,3295
3295,1349,30.129706849949816,0.5827116822699302,-9.931022311656564,14,3296
3296,1349,32.20866216638508,0.7962789207724152,-10.049126771106645,15,3297
3297,1349,34.28751220016449,1.0366152694699775,-9.71280094215326,16,3298
3298,1349,36.36709937702,1.241098519998702,-9.375474818399844,17,3299
3299,1349,38.44599623054384,1.41145180183352,-9.332295995712116,18,3300
3300,1349,40.52503456171355,1.564885654079704,-9.843275999697992,19,3301
3301,1349,42.60424467584832,1.727685073697173,-11.7775493556426,20,3302
3302,1349,44.68334748800045,2.19508594897326,-23.695498718758,21,3303
3303,1349,46.76268614656255,2.2652919327573584,-20.911854266198816,22,3304
3304,1349,48.842474648386,2.3037708014770666,-18.148906759025632,23,3305
3305,1349,50.921424563888046,2.3272844495273843,-15.562484366411004,24,3306
3306,1349,53.00086254007379,2.341623342705507,-13.166198709456356,25,3307
