,particle_id,r,phi,z,layer_id,hit_id
277,810,3.1003911469997525,-2.658198994384913,-7.615050390859444,1,278
278,810,3.0999278397838084,-2.428574662087897,-28.0689807623873,1,279
279,810,3.10076521002648,-0.3250664821580104,-41.25358614480238,1,280
280,810,5.179511511970621,-0.0943198320806443,-44.62179690586952,2,281
281,810,7.258774294535508,0.0029626078902813,-47.26213897090759,3,282
282,810,9.338023923766553,0.0596825288761747,-49.452806822103234,4,283
283,810,11.418075621799204,0.0989393239930948,-51.29888960705205,5,284
284,810,13.49664175957878,0.1294001666439868,-52.85410452586228,6,285
285,810,15.576021316658355,0.1552289792599155,-54.15323110499404,7,286
286,810,17.655825778716707,0.1787398510811619,-55.21495885312876,8,287
287,810,19.73399626181969,0.2014545381962331,-56.04727128240575,9,288
288,810,21.81370421500784,0.2246515329255709,-56.65071863294537,10,289
289,810,23.892840091768377,0.2495571865733844,-57.01271744854394,11,290
290,810,25.97129662832341,0.2777446092142168,-57.10576841768454,12,291
291,810,28.050873363643163,0.3117074734831924,-56.87413223455373,13,292
292,810,30.13002401218717,0.3562433083479234,-56.200549766094056,14,293
293,810,32.209079112085604,0.4241388656238906,-54.78241046623291,15,294
294,810,34.28754111675092,0.5849707963033522,-51.17596768285166,16,295
295,810,36.36667040811205,1.060180691839167,-43.63495859437516,17,296
296,810,38.44657828087193,1.2581791517158802,-41.59179559379264,18,297
297,810,40.52532945384437,1.383235515097577,-40.55402927882806,19,298
298,810,42.60530418024922,1.4769203245350344,-39.918615246549926,20,299
299,810,44.685180284629126,1.552077827791974,-39.51892653442865,21,300
300,810,46.76297959840632,1.6146722153238309,-39.28404035885359,22,301
301,810,48.84369173240876,1.6682259092459066,-39.177058342725005,23,302
302,810,50.9217295244249,1.7147130897632017,-39.17771017639326,24,303
303,810,53.00085882957943,1.7556602922119628,-39.27373382457564,25,304
