,particle_id,r,phi,z,layer_id,hit_id
6,205,3.100275268723191,0.9548331287697588,-2.491830198701756,1,7
7,205,5.179767589665015,1.0423690400024008,-3.708726132761978,2,8
8,205,7.2588238910521214,1.108339116313931,-4.710110519350145,3,9
9,205,9.338170450769478,1.1605076350245018,-5.564958825400179,4,10
10,205,11.41735773147864,1.2032621778242771,-6.315324223366066,5,11
11,205,13.496623423655382,1.2392880823904744,-6.989043972126385,6,12
12,205,15.575307062067129,1.2703051794511546,-7.605174739220299,7,13
13,205,17.65656413790848,1.2975261635811384,-8.1785863642659,8,14
14,205,19.734235993015428,1.32169745862884,-8.718194998293551,9,15
15,205,21.81383400251836,1.343487202703023,-9.233768425399068,10,16
16,205,23.893401823167284,1.363321326079981,-9.7315016275981,11,17
17,205,25.97297520848847,1.3815455148534024,-10.217002090481834,12,18
18,205,28.051301675154548,1.3984208874455628,-10.694787727781245,13,19
19,205,30.13111499943786,1.4141862916100802,-11.16972800570409,14,20
20,205,32.210171465972024,1.4290010986849329,-11.645164792466415,15,21
21,205,34.289586237940306,1.4430207626003957,-12.124964332370563,16,22
22,205,36.3677886491593,1.4563599215778098,-12.612242615240287,17,23
23,205,38.44614096497182,1.469135812184216,-13.110775053540095,18,24
24,205,40.5257497356458,1.4814504364029564,-13.624393718506449,19,25
25,205,42.60431886806511,1.493377227712193,-14.156294490483264,20,26
26,205,44.68450955002227,1.5050131214771951,-14.711275813109086,21,27
27,205,46.76490124580367,1.5164294284008284,-15.293618849504472,22,28
28,205,48.8425682892824,1.5276911468645804,-15.907824164152672,23,29
29,205,50.92309042948338,1.5389145286336223,-16.56199949055286,24,30
30,205,53.000701785209046,1.5501650475530686,-17.262338576525266,25,31
