,particle_id,r,phi,z,layer_id,hit_id
5,121,3.1006120056181143,-1.53323396085326,-7.49704860071029,1,6
6,121,5.179701308270695,-1.3838248756173408,-14.425000036725274,2,7
7,121,7.258761722459653,-1.1516989358110292,-23.527925128196905,3,8
8,121,9.33770291393747,-0.7621505897224984,-35.08111158222664,4,9
9,121,11.416945834603784,-0.2814836855779334,-44.63775931658069,5,10
10,121,13.496277845412957,0.0467604787567841,-49.52334088358605,6,11
11,121,15.575022499548888,0.261063270820083,-52.52398122253769,7,12
12,121,17.654628023097697,0.4131400249809842,-54.95641126179261,8,13
13,121,19.733616108801048,0.5244317809019292,-57.80768618396122,9,14
14,121,19.733074492937853,0.4789940848914905,-63.94287292758474,9,15
15,121,17.654165033104704,0.271278176807506,-67.64503242675376,8,16
16,121,17.654407677403466,-0.6711192701059919,-74.74207618314585,8,17
17,121,19.73427837940413,-0.871056146688954,-75.97226038349932,9,18
18,121,21.8129514861123,-1.0027639510753197,-76.82321940536323,10,19
19,121,23.893269952351464,-1.101430886973566,-77.48555714515089,11,20
20,121,25.97242969209344,-1.1798836651502596,-78.02162910836348,12,21
21,121,28.051729638815104,-1.244719936682041,-78.46085589461066,13,22
22,121,30.12944514012637,-1.2997133354246997,-78.81809151729162,14,23
23,121,32.20861918075408,-1.347386029364926,-79.10204393032907,15,24
24,121,34.28750231197892,-1.3893517437952256,-79.31647682494126,16,25
25,121,36.368514310976295,-1.4268350385930677,-79.46277983690781,17,26
26,121,38.44723908517159,-1.4606275501025772,-79.53959314105946,18,27
27,121,40.52609815222934,-1.4914340112108848,-79.54389353884132,19,28
28,121,42.60621859546322,-1.5197809185502944,-79.47001044031911,20,29
29,121,44.683944719125584,-1.5460269776643043,-79.3095960821955,21,30
30,121,46.76311403414816,-1.5705518020937224,-79.04980067573271,22,31
31,121,48.8432216315015,-1.5936198504537902,-78.67175620492311,23,32
32,121,50.92199094745814,-1.615438268828835,-78.14705570363748,24,33
33,121,53.00028454286153,-1.6362206139945783,-77.42832644225011,25,34
