,particle_id,r,phi,z,layer_id,hit_id
440,751,3.1006510059490324,1.5522054055781704,-0.9757630935986156,1,441
441,751,5.180817214983818,1.5348512514796115,-1.5832051510701604,2,442
442,751,7.259938769947652,1.518411386724043,-2.1580360200283,3,443
443,751,9.339578849017546,1.50283735143251,-2.704578505093074,4,444
444,751,11.418698924969853,1.4880874452555457,-3.2258488994164143,5,445
445,751,13.495916533680676,1.474116583065956,-3.724365841696778,6,446
446,751,15.576790247812951,1.4608352542853824,-4.203890005648137,7,447
447,751,17.65519973327857,1.4482327117222944,-4.665140741768441,8,448
448,751,19.736174204987613,1.4362315191910442,-5.111129141626353,9,449
449,751,21.8139506269285,1.4248215482111954,-5.542305891534186,10,450
450,751,23.89382607188744,1.4139339052026625,-5.961280246836504,11,451
451,751,25.972365252111555,1.40355113488047,-6.368695617972888,12,452
452,751,28.05034929990094,1.3936362761350138,-6.765928314730887,13,453
453,751,30.12945232369047,1.3841521867273794,-7.154386606062433,14,454
454,751,32.208425593152775,1.3750783037145502,-7.534821933819593,15,455
455,751,34.29027379783367,1.3663782125898167,-7.908672691677282,16,456
456,751,36.367121556292766,1.3580624828629886,-8.27535825881963,17,457
457,751,38.44663007928045,1.3500801251610806,-8.636995271514973,18,458
458,751,40.525386362390975,1.342426896837121,-8.993673184412522,19,459
459,751,42.60807017882564,1.335070143985868,-9.346820621005255,20,460
460,751,44.68368778466228,1.3280334513341328,-9.695165977040428,21,461
461,751,46.76541175177258,1.3212587843965926,-10.041461176367816,22,462
462,751,48.8424913579173,1.3147695913854842,-10.384409685405956,23,463
463,751,50.92457759495134,1.308525115748276,-10.72606223735974,24,464
464,751,53.00100734395435,1.3025476900260793,-11.06509034667814,25,465
