,particle_id,r,phi,z,layer_id,hit_id
2373,1436,3.1008453167725203,-1.131876183397634,0.998836350649862,1,2374
2374,1436,5.181217383839948,-1.1190297281466093,1.7883437295587772,2,2375
2375,1436,7.25983546314286,-1.1059937108815243,2.6669364627282004,3,2376
2376,1436,9.3378384478657,-1.092560851981542,3.631054029826276,4,2377
2377,1436,11.41803579779626,-1.078498858905991,4.679078935206019,5,2378
2378,1436,13.496066756476177,-1.063598958066991,5.806475209277205,6,2379
2379,1436,15.576491108564296,-1.047550377134857,7.013850252443176,7,2380
2380,1436,17.65568051420093,-1.0300442509108596,8.297480303705985,8,2381
2381,1436,19.73339994653433,-1.0106664133178702,9.655179422278568,9,2382
2382,1436,21.81316250765798,-0.9888443836179373,11.086495559916989,10,2383
2383,1436,23.89191992591629,-0.9638996822299714,12.58451365771068,11,2384
2384,1436,25.97154631770467,-0.9348619421703274,14.14136812229412,12,2385
2385,1436,28.0510834132519,-0.9004703643317651,15.738614298535282,13,2386
2386,1436,30.130144473926823,-0.859073119935061,17.341872290332105,14,2387
2387,1436,32.20880360188823,-0.8087133060233952,18.88788920171581,15,2388
2388,1436,34.288003613875645,-0.7477057590053492,20.269478226693032,16,2389
2389,1436,36.36717494347399,-0.6762556774822226,21.336587283665683,17,2390
2390,1436,38.44630392384906,-0.5981398202130868,21.9558341799234,18,2391
2391,1436,40.52603507350111,-0.5197446030885584,22.097625821290748,19,2392
2392,1436,42.60544429273946,-0.4465208806565544,21.84210173352008,20,2393
2393,1436,44.68399069384949,-0.3809781031503989,21.30504055975668,21,2394
2394,1436,46.76349029764637,-0.3233705675076757,20.5819448066962,22,2395
2395,1436,48.84168245384724,-0.2731020996620034,19.73939124562116,23,2396
2396,1436,50.92180263320488,-0.2291785662647278,18.81845560379434,24,2397
2397,1436,53.00138049440893,-0.1907648002533097,17.84740794375332,25,2398
