,particle_id,r,phi,z,layer_id,hit_id
3121,1581,3.1010166488690647,2.9572846762245883,0.9141936005857368,1,3122
3122,1581,5.182649533779668,2.972070549864004,1.5515749778389676,2,3123
3123,1581,7.258505695034666,2.987608735904957,2.2088979173995646,3,3124
3124,1581,9.338185103922328,3.0040597706466365,2.8918852404420363,4,3125
3125,1581,11.418714937050238,3.021507753070809,3.602731057838664,5,3126
3126,1581,13.496572166171877,3.040044066472551,4.3437115110436295,6,3127
3127,1581,15.57764912515777,3.0598657574202583,5.120969485657465,7,3128
3128,1581,17.656272145027856,3.081089564730251,5.937018848039671,8,3129
3129,1581,19.73545489332016,3.10394636489418,6.798283693038922,9,3130
3130,1581,21.813336424558447,3.1286554558958124,7.710033073865201,10,3131
3131,1581,23.89226310237548,-3.127653223127503,8.680214086452843,11,3132
3132,1581,25.97234224406084,-3.098260276465437,9.716809144791192,12,3133
3133,1581,28.05179198290745,-3.06596676092113,10.827645417806274,13,3134
3134,1581,30.12983723459076,-3.0303113717215826,12.021461039407384,14,3135
3135,1581,32.20902821954305,-2.990707755426509,13.308879932025654,15,3136
3136,1581,34.28913954321363,-2.946570654741853,14.697594314357126,16,3137
3137,1581,36.3680414954335,-2.897389542563827,16.18980741165076,17,3138
3138,1581,38.44727455521435,-2.842733341521332,17.782117630625315,18,3139
3139,1581,40.525283627383054,-2.782615196925521,19.45559874228686,19,3140
3140,1581,42.60519830169125,-2.717513303463198,21.17764365698652,20,3141
3141,1581,44.683886970096935,-2.648819344355993,22.89366522550077,21,3142
3142,1581,46.76303963641295,-2.5783437134379024,24.54435456716516,22,3143
3143,1581,48.84252362958724,-2.508090132115739,26.07308427349154,23,3144
3144,1581,50.92127921527303,-2.4397648460707626,27.4369457394966,24,3145
3145,1581,53.00013253504724,-2.3744346412300428,28.61100807677918,25,3146
