,particle_id,r,phi,z,layer_id,hit_id
2405,1312,3.100819725936956,2.582178070047138,4.0466727169887164,1,2406
2406,1312,5.179544826060529,2.577690496090883,7.286381237334339,2,2407
2407,1312,7.259418240615638,2.571602448102254,10.98898963406399,3,2408
2408,1312,9.338438559493676,2.563418319194028,15.202180651699734,4,2409
2409,1312,11.417348943190063,2.552446647734067,20.00311776642245,5,2410
2410,1312,13.496806249484433,2.5376626995275364,25.508326983128995,6,2411
2411,1312,15.575838807953378,2.517439915675284,31.895401178639453,7,2412
2412,1312,17.654722823451937,2.4888955317587693,39.46576024452135,8,2413
2413,1312,19.733350988830253,2.446231549300304,48.77207224058509,9,2414
2414,1312,21.81305929309764,2.3752922499117592,60.98687270949635,10,2415
2415,1312,23.892055889180448,2.2341029448606067,78.65815692485762,11,2416
2416,1312,25.97132301680829,1.983500287722348,99.83015280628406,12,2417
2417,1312,28.050148121778506,1.7747478200954283,113.01640966731308,13,2418
2418,1312,30.13022733279528,1.6308507687813685,121.03299024586482,14,2419
2419,1312,32.20839233782976,1.5237657980286077,126.72092905391597,15,2420
2420,1312,34.28898176728481,1.439118006539346,131.14295761258336,16,2421
2421,1312,36.36788138398273,1.3697917130119683,134.75461780723973,17,2422
2422,1312,38.4470867549846,1.3114752216609014,137.8031416108932,18,2423
2423,1312,40.525625490154056,1.2615130981971363,140.429555458078,19,2424
2424,1312,42.60640014222944,1.2180286127318738,142.72772034232804,20,2425
2425,1312,44.68465857890302,1.1798314729363495,144.753630710789,21,2426
2426,1312,46.76535432847026,1.145879090770419,146.55548671478573,22,2427
2427,1312,48.84332823105399,1.115533645978205,148.16062706707447,23,2428
2428,1312,50.923884224111305,1.0881553763558378,149.5972044161885,24,2429
2429,1312,53.000495479172095,1.06338240108873,150.8794232764625,25,2430
