,particle_id,r,phi,z,layer_id,hit_id
88,194,3.1018086482543925,-2.4487420833537867,2.294201950137852,1,89
89,194,5.180868209055511,-2.446598408735145,3.7597143827619632,2,90
90,194,7.25959136114822,-2.443531762247321,5.156197255460411,3,91
91,194,9.33774574570536,-2.439447855915702,6.473434356686363,4,92
92,194,11.417154834101648,-2.434242176396864,7.70169872770923,5,93
93,194,13.4973930867471,-2.427809191200525,8.82904121314653,6,94
94,194,15.576109441060057,-2.4200490501969214,9.842063196480964,7,95
95,194,17.655346773028977,-2.4108469547755687,10.729220703774825,8,96
96,194,19.7334689598877,-2.4001062154176016,11.477118716152384,9,97
97,194,21.81338007539175,-2.3877154972753862,12.074301542523967,10,98
98,194,23.89298907816977,-2.373606602263519,12.50858965047592,11,99
99,194,25.971469932092376,-2.3577343025264934,12.770507457023626,12,100
100,194,28.05116898513341,-2.34006511689284,12.853931111002064,13,101
101,194,30.130476606738497,-2.3206444733279548,12.756605973342172,14,102
102,194,32.20941239186568,-2.29956338358459,12.482085268252083,15,103
103,194,34.287653629312324,-2.276978639214812,12.040464403127569,16,104
104,194,36.367627620429566,-2.253075242705111,11.447894521577632,17,105
105,194,38.44710647148853,-2.228140299680292,10.728196865280132,18,106
106,194,40.52545078442374,-2.202478180098145,9.910467400044018,19,107
107,194,42.6046426050203,-2.176372036655444,9.026428073033903,20,108
108,194,44.68363027567179,-2.15013298516965,8.110788485465262,21,109
109,194,46.76313638738532,-2.1240230764766777,7.197506378755197,22,110
110,194,48.842063634796034,-2.0982882855092204,6.319841100835643,23,111
111,194,50.92102911261258,-2.0731085760057626,5.50783813006755,24,112
112,194,53.00081888096512,-2.0486180306567694,4.78865761813703,25,113
