,particle_id,r,phi,z,layer_id,hit_id
0,73,3.100577487312896,-1.0058323167757324,-6.861016650144137,1,1
1,73,5.179938219526074,-1.0217650364626238,-10.822873130970692,2,2
2,73,7.258986399225558,-1.0293372811975847,-14.279261941012592,3,3
3,73,9.338165883284718,-1.0326476462467928,-17.331655685044012,4,4
4,73,11.41704494384415,-1.0345876014952715,-20.09366424185952,5,5
5,73,13.495981019523658,-1.0373451701515204,-22.678138219022173,6,6
6,73,15.57530318246484,-1.0430790691636027,-25.201078887337783,7,7
7,73,17.654606337101786,-1.0550645124907376,-27.80269505152758,8,8
8,73,19.733703245652187,-1.0816842637597286,-30.71451797216393,9,9
9,73,21.812514180880644,-1.199241076789977,-34.58376248183254,10,10
10,73,23.891850271765573,-1.6941651280112957,-16.77805552580577,11,11
11,73,25.970854243128656,-1.7927267179449609,-6.350801147218832,12,12
12,73,28.05079456337358,-1.8495822068941703,2.6876376716303554,13,13
13,73,30.12949855585675,-1.8858559991497443,10.91531663659925,14,14
14,73,32.20891151676096,-1.909510973841109,18.55049881177881,15,15
15,73,34.28784478762204,-1.9243714272491312,25.69181358674988,16,16
16,73,36.36720131634844,-1.9324641066452,32.402585620510386,17,17
17,73,38.44626074722979,-1.9347716523362293,38.71911006529817,18,18
18,73,40.52557304274764,-1.931524805488733,44.66801595793095,19,19
19,73,42.6048536360411,-1.9221779761426456,50.26116991233856,20,20
20,73,44.68335477066351,-1.905020369038831,55.49267713192428,21,21
21,73,46.76292013995006,-1.875728259765455,60.326109794381765,22,22
22,73,48.84184739549754,-1.821247402084264,64.58108172221668,23,23
23,73,50.92092895201967,-1.639927904254191,66.33437952960917,24,24
24,73,53.00022302280844,-1.1153797681451545,51.54637605526768,25,25
