,particle_id,r,phi,z,layer_id,hit_id
953,1165,3.100569149012856,1.1509532478346165,-4.30525838749309,1,954
954,1165,5.180432237841859,1.1102449309123086,-7.267559494018393,2,955
955,1165,7.260081504036978,1.0654929299632827,-10.274380626026575,3,956
956,1165,9.337834033871374,1.0165577110105772,-13.301007625791923,4,957
957,1165,11.418420613868802,0.9633479141996638,-16.321574312950958,5,958
958,1165,13.495869558165158,0.9063379260637232,-19.2837117106234,6,959
959,1165,15.576121448394254,0.8460463493435977,-22.14321987062172,7,960
960,1165,17.65426673197203,0.7836344270009897,-24.83708185859912,8,961
961,1165,19.735067351410297,0.7202003415576261,-27.31896992105317,9,962
962,1165,21.81432681316435,0.6571371311690105,-29.542176430699,10,963
963,1165,23.89294332792124,0.5955144035020568,-31.481201179583337,11,964
964,1165,25.971727120987577,0.5361163937022159,-33.124335259329555,12,965
965,1165,28.051477302494305,0.4794136976675848,-34.47041518785544,13,966
966,1165,30.12994394904492,0.4256783665151325,-35.52319531232466,14,967
967,1165,32.2090485193237,0.3748571616907397,-36.29168720350047,15,968
968,1165,34.28796382033953,0.3268219381010158,-36.7831552676118,16,969
969,1165,36.3678150069391,0.2813040681792472,-37.00304230713509,17,970
970,1165,38.44780686119984,0.2380191118388212,-36.9525203058236,18,971
971,1165,40.525075876005765,0.1966788930584553,-36.62847487016222,19,972
972,1165,42.60426265528572,0.1568105262474649,-36.02002223230943,20,973
973,1165,44.6838844203037,0.1180208385478597,-35.108034293486114,21,974
974,1165,46.76428328109323,0.0798095590043093,-33.860734006453,22,975
975,1165,48.842060159253165,0.0416216554729451,-32.230794564279925,23,976
976,1165,50.92102951073959,0.0025396847560104,-30.134980180969563,24,977
977,1165,53.001249845414286,-0.0387616629124273,-27.433560560784343,25,978
