,particle_id,r,phi,z,layer_id,hit_id
918,1037,3.1018071974259263,3.017522375371312,-0.7158951073036377,1,919
919,1037,5.180761295424605,2.997073840337969,-1.264311459469873,2,920
920,1037,7.258417574962534,2.9777308163913463,-1.858825860643592,3,921
921,1037,9.340051166917991,2.959360301880786,-2.494753855110986,4,922
922,1037,11.416966704215149,2.941961692682129,-3.1639442207072648,5,923
923,1037,13.498824453941406,2.925384902796512,-3.86469317812184,6,924
924,1037,15.577697625287756,2.909631752850346,-4.590123172946719,7,925
925,1037,17.655052070192223,2.8946319778680207,-5.336894453057749,8,926
926,1037,19.735981632325533,2.880298378175886,-6.103500799735908,9,927
927,1037,21.81313172480424,2.866634642962598,-6.884211720356674,10,928
928,1037,23.892101689897764,2.853560159850629,-7.678382611411877,11,929
929,1037,25.9722676316002,2.841040830783484,-8.48332196655453,12,930
930,1037,28.05307607895796,2.8290445488606744,-9.29655650357484,13,931
931,1037,30.13071275351988,2.817559088734848,-10.114491043129888,14,932
932,1037,32.21124711748648,2.806520036693438,-10.937569512580872,15,933
933,1037,34.28753521486955,2.795936430272288,-11.761144795176609,16,934
934,1037,36.36880923760501,2.7857349368178435,-12.587154778278675,17,935
935,1037,38.44768169667583,2.7759278114224566,-13.411019273429112,18,936
936,1037,40.5264280182852,2.7664804643005656,-14.23204672649896,19,937
937,1037,42.60698115783787,2.757362705673588,-15.049431862875526,20,938
938,1037,44.68447003652514,2.748574916584172,-15.859713080996883,21,939
939,1037,46.76318065234779,2.740078816607495,-16.663005491652125,22,940
940,1037,48.84349051570692,2.731854430374015,-17.457835944678436,23,941
941,1037,50.92196353231339,2.723896759061032,-18.24122513130102,24,942
942,1037,53.00038531943985,2.716180306576719,-19.0120947209212,25,943
