,particle_id,r,phi,z,layer_id,hit_id
2,93,3.10079336729316,-0.6775023450988081,-0.318732646661104,1,3
3,93,5.1808129336614375,-0.6608263963425881,-0.6097598377412083,2,4
4,93,7.25860136873929,-0.6459162486650534,-0.9383845055106974,3,5
5,93,9.33883804697624,-0.6323005170012445,-1.2942663539884904,4,6
6,93,11.418965445543694,-0.6197158144889693,-1.6697131609257525,5,7
7,93,13.496746174271593,-0.6079795341222995,-2.0591335259046417,6,8
8,93,15.5762602384955,-0.5969274528749836,-2.4594416446247607,7,9
9,93,17.656695362707822,-0.5864592246321504,-2.8675113051569383,8,10
10,93,19.73526006865377,-0.5765064888075735,-3.280390795469032,9,11
11,93,21.81545376807905,-0.5669873124739692,-3.696792967428735,10,12
12,93,23.893558110471485,-0.557865998146255,-4.114302075685671,11,13
13,93,25.970878831368168,-0.5490928394512096,-4.531741145772813,12,14
14,93,28.05046267644025,-0.5406192922574079,-4.948463764868734,13,15
15,93,30.12946403921292,-0.5324268989662562,-5.362780208623391,14,16
16,93,32.209551227034,-0.5244832130877486,-5.774015674386405,15,17
17,93,34.2894750411374,-0.516770819804662,-6.181005925827975,16,18
18,93,36.36855769012709,-0.5092726882099421,-6.582782063525528,17,19
19,93,38.446646567935474,-0.5019721827938181,-6.978545399770908,18,20
20,93,40.52817667092394,-0.4948391664249277,-7.368405023312704,19,21
21,93,42.60576416667456,-0.4878857342325988,-7.750301238579325,20,22
22,93,44.684613609223895,-0.4810824661198185,-8.124563669853359,21,23
23,93,46.76624965712885,-0.4744143741832454,-8.490834315570098,22,24
24,93,48.84384818217303,-0.4678938431221485,-8.847340680108204,23,25
25,93,50.92364069548065,-0.4614927231486372,-9.194609508697951,24,26
26,93,53.0034759996466,-0.4552102435399655,-9.53173372345573,25,27
