,particle_id,r,phi,z,layer_id,hit_id
2548,1034,3.100289863556583,0.6438966107039694,1.3359627699953904,1,2549
2549,1034,5.180220853444921,0.6299257738753933,2.1818850747413165,2,2550
2550,1034,7.258661036227405,0.6152334402998269,2.9752661791800463,3,2551
2551,1034,9.337728353948965,0.5997473072113442,3.7059371014675335,4,2552
2552,1034,11.417182023914629,0.5834144186853751,4.36177046501669,5,2553
2553,1034,13.49686741227959,0.5661879206906885,4.929751698912369,6,2554
2554,1034,15.576799605710017,0.5480299556354622,5.396128988439507,7,2555
2555,1034,17.655257449901153,0.5289339841889757,5.746370975144735,8,2556
2556,1034,19.734967601301427,0.5088732901787266,5.966597616788206,9,2557
2557,1034,21.81318952009721,0.4878993385144854,6.042664048774299,10,2558
2558,1034,23.89170497376473,0.4660525840149057,5.962101367809986,11,2559
2559,1034,25.97089639804154,0.4434240717155402,5.714224657985646,12,2560
2560,1034,28.051598192265576,0.4201407084862369,5.29114548028469,13,2561
2561,1034,30.129824499149507,0.3964262689760232,4.690209788401795,14,2562
2562,1034,32.20849037058845,0.3724654965176999,3.9118474368795617,15,2563
2563,1034,34.28807999849437,0.3485025103807604,2.961640033054508,16,2564
2564,1034,36.36785783602381,0.3248202530410449,1.8505647887770136,17,2565
2565,1034,38.44673729202972,0.3017218435671447,0.5943953014741581,18,2566
2566,1034,40.52528132100692,0.2795033292127808,-0.7884438292935059,19,2567
2567,1034,42.60423525904081,0.2584740445318791,-2.2772285566617185,20,2568
2568,1034,44.68412068765155,0.2389754306395579,-3.849503477750744,21,2569
2569,1034,46.762709547549335,0.2214334146134138,-5.479674959793449,22,2570
2570,1034,48.8422211019312,0.2063607015054838,-7.144985569062264,23,2571
2571,1034,50.92145088084188,0.1945643689329886,-8.819375515897491,24,2572
2572,1034,53.00019339831072,0.1874306656202837,-10.476295049090666,25,2573
