,particle_id,r,phi,z,layer_id,hit_id
2490,1470,3.1012879934061788,1.5482261811651463,2.115410656814237,1,2491
2491,1470,5.180082128239416,1.49820715136048,3.6799832224693256,2,2492
2492,1470,7.259370034754015,1.4456406004170932,5.337323475528484,3,2493
2493,1470,9.338352042152636,1.3907800879581584,7.055514315577247,4,2494
2494,1470,11.41705727786025,1.333978551030393,8.795976896671593,5,2495
2495,1470,13.497028587295654,1.2756435623507796,10.516688088278045,6,2496
2496,1470,15.575849461723736,1.216356398712919,12.171220774753714,7,2497
2497,1470,17.65506085882829,1.1566083777236735,13.719167172153332,8,2498
2498,1470,19.73483801821973,1.096910834002042,15.125010903940831,9,2499
2499,1470,21.81330501491501,1.0377851645511535,16.360363225918352,10,2500
2500,1470,23.892516322705912,0.9795729110232696,17.408569020053015,11,2501
2501,1470,25.97229342268076,0.922604718945934,18.26039452201203,12,2502
2502,1470,28.05014246579652,0.867196360515165,18.91391723024062,13,2503
2503,1470,30.130128306188563,0.8134180609304772,19.375590249595373,14,2504
2504,1470,32.20962336545912,0.7614555416831702,19.65441384457038,15,2505
2505,1470,34.288082471101774,0.711382770761053,19.763340187459416,16,2506
2506,1470,36.36775072960865,0.6631642488007075,19.71697418971596,17,2507
2507,1470,38.446378466892654,0.6168356408108198,19.530467636610624,18,2508
2508,1470,40.52504946682418,0.572327706219983,19.218791465658924,19,2509
2509,1470,42.60464057450346,0.5295590934940785,18.796030210485103,20,2510
2510,1470,44.68376917624017,0.4884807362678511,18.275732382425343,21,2511
2511,1470,46.76303615276815,0.4489927547164964,17.669902233046262,22,2512
2512,1470,48.84306810289543,0.4109907746136385,16.98919767359796,23,2513
2513,1470,50.92226607619737,0.3744074115404073,16.243794853231496,24,2514
2514,1470,53.00123540897522,0.3391334300240132,15.441971685141056,25,2515
