,particle_id,r,phi,z,layer_id,hit_id
0,69,3.100375622254968,-0.2874188673027424,-1.713714686829988,1,1
1,69,5.179222048051382,-0.0099833759993129,1.2763167225817398,2,2
2,69,5.179059529078825,0.1697597000118587,6.533188464984761,2,3
3,69,3.099710335582606,0.2862064118159974,12.146129048514986,1,4
4,69,3.1003277872047628,-2.590884370725789,15.480926872390242,1,5
5,69,5.180117863852629,-2.5999764545591733,15.364409799372597,2,6
6,69,7.258345870693709,-2.596943836281985,14.932536835142272,3,7
7,69,9.3387942201764,-2.591625813198168,14.261234308742374,4,8
8,69,11.416838423516737,-2.586255839342705,13.404194238524326,5,9
9,69,13.497415376820804,-2.5814462957726194,12.396877575838914,6,10
10,69,15.57696804898,-2.577368999410061,11.268797218581334,7,11
11,69,17.656274410735488,-2.5740309540944506,10.041048498106823,8,12
12,69,19.73476199755891,-2.5713892109724963,8.7307606394549,9,13
13,69,21.81323975075804,-2.569383625988081,7.350730102726189,10,14
14,69,23.893065458444333,-2.567953590548364,5.910630334543264,11,15
15,69,25.97296156669608,-2.567044904168455,4.419883590006094,12,16
16,69,28.050608697053747,-2.5666082653787896,2.8871834033128394,13,17
17,69,30.129868982848663,-2.566599509477543,1.315326906734242,14,18
18,69,32.210652686287446,-2.5669825026067983,-0.291175416846805,15,19
19,69,34.288263637404576,-2.5677244800839016,-1.925076705457819,16,20
20,69,36.368941846147806,-2.568801246951129,-3.588513379007658,17,21
21,69,38.44607746205433,-2.570187552064193,-5.27415999894329,18,22
22,69,40.52651838337009,-2.571870405807757,-6.986208643342053,19,23
23,69,42.60641574627848,-2.573833758283838,-8.720823457450152,20,24
24,69,44.68440627691687,-2.5760661564932485,-10.476753017174609,21,25
25,69,46.76414710776989,-2.578565646889421,-12.257677903112745,22,26
26,69,48.843318912269766,-2.581327785760818,-14.062950208598956,23,27
27,69,50.92144130843436,-2.584354057361099,-15.894267545405334,24,28
28,69,53.00199999477314,-2.587657175080934,-17.757866610751087,25,29
