,particle_id,r,phi,z,layer_id,hit_id
258,196,3.1000462583289483,-0.0846487871497237,-5.160950910527301,1,259
259,196,5.179764646804824,0.0639438090586209,-5.006902262654741,2,260
260,196,7.259544758014905,0.1312890011387382,-4.299004824133243,3,261
261,196,9.338799148329295,0.169435241089433,-3.142868499310452,4,262
262,196,11.417721405236575,0.1932795221475261,-1.551206705181082,5,263
263,196,13.4968036418173,0.2088303519657263,0.5139306230905749,6,264
264,196,15.57615879415202,0.2190087977772797,3.1428819261816567,7,265
265,196,17.65454587955742,0.2254252876709598,6.508448596630176,8,266
266,196,19.73428409426945,0.2291044497367818,10.975926536934397,9,267
267,196,21.81314510550103,0.2309767373164258,17.499658141622227,10,268
268,196,21.81207208054844,0.2938707768074553,59.60007934913384,10,269
269,196,19.733108124412208,0.3628858853016324,71.65484342836022,9,270
270,196,17.654099885202697,0.4768708520415742,83.34490599341817,8,271
271,196,17.65481805093057,0.9022463162444948,109.40510046756636,8,272
272,196,19.733364671509893,0.9416147442484964,113.42275466965432,9,273
273,196,21.81296469087978,0.9404575044285955,115.404085055061,10,274
274,196,23.89243733638966,0.9231463261157904,116.35422844825474,11,275
275,196,25.971371752659664,0.8986426685314299,116.64306640905023,12,276
276,196,28.05030718856114,0.8711302831769808,116.46413067474457,13,277
277,196,30.129591385808784,0.8427195685299202,115.93430805310832,14,278
278,196,32.209529050066486,0.814493898082444,115.12972273952288,15,279
279,196,34.28907795564254,0.7870128136686785,114.1028816503986,16,280
280,196,36.3669782750195,0.7605413720954741,112.89127308161096,17,281
281,196,38.44774827592652,0.7351092975775428,111.51823242056771,18,282
282,196,40.52698852254521,0.7107669515075221,110.00530410474816,19,283
283,196,42.60511774944439,0.6874528195894505,108.36591176862407,20,284
284,196,44.68474163670269,0.6650560168945749,106.60741823214116,21,285
285,196,46.7628681603264,0.6435122800312707,104.73863831282506,22,286
286,196,48.84204612662524,0.6226904370935734,102.76098049238117,23,287
287,196,50.92282516465485,0.6024768073802537,100.6750674545388,24,288
288,196,53.0008493147168,0.5827994385850892,98.4845124706648,25,289
