,particle_id,r,phi,z,layer_id,hit_id
355,381,3.100261021403913,0.1387957107356195,-0.1280121015597046,1,356
356,381,5.179365615679325,0.1984761420908357,-0.8821909992461983,2,357
357,381,7.258887473805072,0.2804322457563424,-2.57700501188328,3,358
358,381,9.337865419965537,0.4197367309812927,-6.365381258730295,4,359
359,381,11.416801911933574,1.1187725433089757,-24.42257114325816,5,360
360,381,13.496276191293514,1.6559524614745216,-34.97597919480261,6,361
361,381,15.575433538330786,1.8882621770182213,-39.44303812995439,7,362
362,381,17.654620825585454,2.039306368102901,-42.41686465816671,8,363
363,381,19.733436152832887,2.1493961754480635,-44.59189320692824,9,364
364,381,21.81289489953012,2.2345443855638,-46.22608425854581,10,365
365,381,23.892482487950502,2.3028510172062737,-47.44823280283091,11,366
366,381,25.97088075456312,2.359020442025212,-48.33629114744735,12,367
367,381,28.05159786505329,2.406147382776735,-48.94584368490715,13,368
368,381,30.12983884962881,2.4461513829820065,-49.31707207468596,14,369
369,381,32.210059332788354,2.480554132853733,-49.48519810757209,15,370
370,381,34.28831109250193,2.510339184911545,-49.47977395305184,16,371
371,381,36.36844560141154,2.536355170043478,-49.32781791697116,17,372
372,381,38.44679910699954,2.559169829111771,-49.0545442849352,18,373
373,381,40.5262989537025,2.5793031989509063,-48.6830595927625,19,374
374,381,42.60487143265916,2.597127171692911,-48.23590300727314,20,375
375,381,44.6845910853562,2.61298149538266,-47.73378311834741,21,376
376,381,46.763773220152736,2.6271208964126007,-47.19737358360669,22,377
377,381,48.84254312311764,2.639773926614247,-46.64623765066142,23,378
378,381,50.9226739966433,2.6511441826390514,-46.09895864121805,24,379
379,381,53.00152391846577,2.661384761161582,-45.57498495293728,25,380
