,particle_id,r,phi,z,layer_id,hit_id
208,493,3.102045194642225,1.5042535331442906,0.7362456490420772,1,209
209,493,5.180211150111985,1.504074912063646,1.239823267956588,2,210
210,493,7.260453391848405,1.5034250076298097,1.7464042861277471,3,211
211,493,9.339009070903478,1.5022944158466878,2.250599009325489,4,212
212,493,11.416920404651762,1.500673531677407,2.748631425183433,5,213
213,493,13.4977274018212,1.4985488248093626,3.2377176917566217,6,214
214,493,15.575113840237318,1.4959162912373534,3.7131565753127855,7,215
215,493,17.65503989979753,1.4927568471838109,4.173471550039307,8,216
216,493,19.73354425181437,1.4890625993435145,4.615285756458045,9,217
217,493,21.813981889500365,1.484811833321883,5.03716219847666,10,218
218,493,23.89220744524681,1.479995188618285,5.436465866453231,11,219
219,493,25.9713085405312,1.4745853530091049,5.812356243076769,12,220
220,493,28.051700102076296,1.468556485325528,6.163769273188926,13,221
221,493,30.13117453790773,1.461887536025942,6.489598125629733,14,222
222,493,32.20970790629418,1.4545484012582748,6.789552881919592,15,223
223,493,34.28928313948444,1.4464968368188809,7.06404949038605,16,224
224,493,36.36687058324804,1.437705425378873,7.313349576426268,17,225
225,493,38.44589023542247,1.4281154797814684,7.539111063904188,18,226
226,493,40.52682558825678,1.4176730022507265,7.743265995777985,19,227
227,493,42.605304463342655,1.4063448220264114,7.928152776341927,20,228
228,493,44.68491737340088,1.394050674570334,8.097852114982658,21,229
229,493,46.76409837536984,1.3807311642157314,8.257147624704615,22,230
230,493,48.842417144995245,1.366314520987982,8.412342529323485,23,231
231,493,50.92200146137324,1.350701589783882,8.57162226726379,24,232
232,493,53.00137206318759,1.3338079686796456,8.74494849067668,25,233
