,particle_id,r,phi,z,layer_id,hit_id
0,54,3.1001073527821097,0.951311051068648,-1.7181855807329356,1,1
1,54,5.180106897905268,0.9938305022106582,-2.1929956496328344,2,2
2,54,7.258644395399942,1.029449632691019,-2.1993175601676,3,3
3,54,9.338421981079414,1.0590540588771766,-1.789292634413698,4,4
4,54,11.418150254701183,1.0832497387830131,-1.005909462105251,5,5
5,54,13.497077363220416,1.1025006486894575,0.113778495555934,6,6
6,54,15.576642212435967,1.1171734305387744,1.538353646766069,7,7
7,54,17.65521180650333,1.1275304529035266,3.237097192923187,8,8
8,54,19.734860667291628,1.1338069444412973,5.183335484023587,9,9
9,54,21.81428776736947,1.1362020530024748,7.347654666584617,10,10
10,54,23.89209332763893,1.1349293876807738,9.69929415968555,11,11
11,54,25.97206955149377,1.1302197576669264,12.212551990787992,12,12
12,54,28.050106090272447,1.1223535505433753,14.851584253638336,13,13
13,54,30.13027687332227,1.1116294125980457,17.59036704040205,14,14
14,54,32.209446859235165,1.0984143605899774,20.3943349817778,15,15
15,54,34.28792832238719,1.0830895810345098,23.235144000366866,16,16
16,54,36.36731186700703,1.066033569632624,26.08916673749519,17,17
17,54,38.44606778617119,1.0476405774020412,28.93221483495735,18,18
18,54,40.525425567962245,1.0282566645381852,31.74803103507257,19,19
19,54,42.6053063463732,1.008200930132051,34.5227631472908,20,20
20,54,44.68426537877919,0.987761201225611,37.24474312824239,21,21
21,54,46.76424769777545,0.9671445204445824,39.91024404283464,22,22
22,54,48.84407247311084,0.9465426021564038,42.51435627219789,23,23
23,54,50.92174457242515,0.9261130976535058,45.05364531023967,24,24
24,54,53.00224267574654,0.9059087547067264,47.534906061278974,25,25
