,particle_id,r,phi,z,layer_id,hit_id
2927,1682,3.100276489390351,-0.4591473157638895,1.5637974642769097,1,2928
2928,1682,5.179342611981201,-0.5435816378638609,2.379904694454265,2,2929
2929,1682,7.258458175072135,-1.4097740484548116,-1.4269090725644205,3,2930
2930,1682,9.338317759637071,-1.7952625637108122,-4.325577296796631,4,2931
2931,1682,11.41775275161579,-1.973130766516445,-6.3879353017677545,5,2932
2932,1682,13.496095547100856,-2.081613811808938,-8.17561922673292,6,2933
2933,1682,15.575934041197565,-2.155083626597276,-9.811905242433037,7,2934
2934,1682,17.655451974421123,-2.207700901525815,-11.341216046669992,8,2935
2935,1682,19.734333220866286,-2.2467367202116164,-12.78480124817807,9,2936
2936,1682,21.813074755566845,-2.2763715363634094,-14.1539298169657,10,2937
2937,1682,23.89270527045301,-2.299199331560304,-15.454788331228713,11,2938
2938,1682,25.97301163657916,-2.316909269122504,-16.689657411632723,12,2939
2939,1682,28.051435313796063,-2.330648844158356,-17.857610436677135,13,2940
2940,1682,30.130591300807595,-2.341266541584432,-18.959320661159225,14,2941
2941,1682,32.21018440234376,-2.349364040122274,-19.992633659557043,15,2942
2942,1682,34.28849348108756,-2.3553898588432154,-20.953845253259708,16,2943
2943,1682,36.36885650873843,-2.359700311806139,-21.84065037076892,17,2944
2944,1682,38.44741040813866,-2.362558328512785,-22.64663207901419,18,2945
2945,1682,40.52665624477497,-2.364184449792163,-23.36700815587338,19,2946
2946,1682,42.6055865005212,-2.364753059771226,-23.9943515152749,20,2947
2947,1682,44.683725362298375,-2.3644112627015943,-24.520030869606096,21,2948
2948,1682,46.76441045211157,-2.363284260390196,-24.93426714848418,22,2949
2949,1682,48.84316646916672,-2.361489743984921,-25.22313000823693,23,2950
2950,1682,50.92088722074666,-2.359141972397865,-25.37066088060711,24,2951
2951,1682,53.00039383528532,-2.3563615635523405,-25.35588357019582,25,2952
