,particle_id,r,phi,z,layer_id,hit_id
849,492,3.100153770107971,-1.2266215542020724,18.441105655355248,1,850
850,492,5.179987903874004,-1.074711304262178,21.783451114363707,2,851
851,492,7.259600473264975,-1.005922238621163,24.121451672557487,3,852
852,492,9.337725164158542,-0.9665234706485296,25.862688670559788,4,853
853,492,11.417441808840668,-0.9411483568621528,27.180314549878084,5,854
854,492,13.49780032908061,-0.9236576452099032,28.16479596471197,6,855
855,492,15.577042926350073,-0.9110579804110116,28.87144742000238,7,856
856,492,17.65595696709836,-0.9016855194611872,29.33780107153464,8,857
857,492,19.73444905964088,-0.8945456361720884,29.58961925056126,9,858
858,492,21.81302075180189,-0.888998321550562,29.64540477828641,10,859
859,492,23.893443546166285,-0.8846086677909105,29.51837962052652,11,860
860,492,25.972201778296323,-0.8810785131446278,29.218599323420467,12,861
861,492,28.0501488690588,-0.8781802361737249,28.753419232799946,13,862
862,492,30.129527798523537,-0.8757396641039638,28.127328808971,14,863
863,492,32.21080926360843,-0.8736219797415702,27.34314857132841,15,864
864,492,34.28954835100093,-0.8717213155129574,26.404500398261664,16,865
865,492,36.367178408016784,-0.8699429556494328,25.31171469599444,17,866
866,492,38.44806422626061,-0.8682020909443287,24.0616160091624,18,867
867,492,40.5256033558894,-0.8664308106697071,22.65637750317349,19,868
868,492,42.606665631161086,-0.8645541791012398,21.088351259753697,20,869
869,492,44.6842476728623,-0.8625114742369511,19.3586121553286,21,870
870,492,46.76422471093645,-0.8602294838807087,17.45687174415165,22,871
871,492,48.84372090388251,-0.8576407750862665,15.378521430991636,23,872
872,492,50.92161735837615,-0.854672008682163,13.116253876582642,24,873
873,492,53.0005013712065,-0.8512368364103131,10.656636075670226,25,874
