,particle_id,r,phi,z,layer_id,hit_id
368,246,3.101143898725107,-0.7336772750931099,0.6968402350101466,1,369
369,246,5.17928675441062,-0.7060890968012228,1.251796693798702,2,370
370,246,7.25928974492158,-0.6762755698315915,1.8863970283607847,3,371
371,246,9.337745473546589,-0.6437084771345976,2.608430218778253,4,372
372,246,11.417787264297132,-0.6075885762932117,3.4294725075251806,5,373
373,246,13.49662977791617,-0.5669785935400269,4.360708982549232,6,374
374,246,15.57644822639661,-0.5205405830389399,5.416791201438098,7,375
375,246,17.654740924575805,-0.4666627605766743,6.609863598914787,8,376
376,246,19.733526837062204,-0.4032898846102255,7.949432642771143,9,377
377,246,21.81318196682701,-0.3284367033354684,9.428152108091648,10,378
378,246,23.892613781961465,-0.2413677433393679,11.00226357609869,11,379
379,246,25.971154134279903,-0.1444081841983837,12.578169849106455,12,380
380,246,28.050966811401075,-0.0434591645496534,14.036163103678314,13,381
381,246,30.12927060603076,0.0542658286279269,15.283325757939304,14,382
382,246,32.209828517483274,0.1441945801223724,16.293209192377198,15,383
383,246,34.28823226239418,0.2244480284443485,17.07938947183673,16,384
384,246,36.36809113790253,0.2953783776027284,17.674287032313334,17,385
385,246,38.446425207847895,0.3578538997345031,18.10724479491561,18,386
386,246,40.525117001046624,0.4130682019416223,18.40334614245637,19,387
387,246,42.60571694892254,0.4621049155485961,18.5812710388764,20,388
388,246,44.68570296528316,0.5058069486565129,18.654484064681487,21,389
389,246,46.763330524387776,0.5449058674792391,18.633134883860595,22,390
390,246,48.84423147055164,0.580130979467904,18.524227541067496,23,391
391,246,50.92262339202333,0.6118981572842819,18.332919599177487,24,392
392,246,53.00044118325949,0.6406708461607276,18.062374326380525,25,393
