,particle_id,r,phi,z,layer_id,hit_id
712,384,3.1029233000293206,0.7088262386972277,-0.1801157940659195,1,713
713,384,5.179684809282479,0.7002208707102597,-0.2732386346503404,2,714
714,384,7.259642288225942,0.691507225420667,-0.3434408227722869,3,715
715,384,9.34075482493996,0.6826884301177742,-0.3896716457018705,4,716
716,384,11.420928877584696,0.6737676680088843,-0.4109402057489966,5,717
717,384,13.498018884299904,0.6647481599140006,-0.4063250597350638,6,718
718,384,15.57879155164502,0.6555934402189171,-0.3747889365852614,7,719
719,384,17.656089130950217,0.6463271100716983,-0.3153858617663658,8,720
720,384,19.73594923896791,0.6369134354549002,-0.2268630958774267,9,721
721,384,21.8151839632208,0.6273565927114763,-0.1081647759163431,10,722
722,384,23.89463093108365,0.6176413150436244,0.0419592080314146,11,723
723,384,25.9746432169212,0.6077527373083119,0.2248328573893943,12,724
724,384,28.05114027441223,0.5976955461427398,0.4413850414454927,13,725
725,384,30.13135985890487,0.5874171494237803,0.6938294964915883,14,726
726,384,32.20999734677686,0.5769230135458177,0.9831418922144586,15,727
727,384,34.28875026617077,0.5661807683684887,1.3112177143351025,16,728
728,384,36.368201358374165,0.5551587202899527,1.6800333876315126,17,729
729,384,38.44773997008188,0.5438257405317587,2.0915662588095234,18,730
730,384,40.525480715568825,0.5321511003772087,2.547699990431461,19,731
731,384,42.60434601446117,0.5200677568333749,3.0516817711352413,20,732
732,384,44.68468708881869,0.5075095824355706,3.6067288497470447,21,733
733,384,46.764073107057925,0.4944108727535165,4.215798404913642,22,734
734,384,48.842339868257945,0.4806699300802274,4.8830812526360905,23,735
735,384,50.92217463564658,0.4661314911958832,5.614815107564128,24,736
736,384,53.001508689783805,0.4506219501650511,6.417176081237702,25,737
