,particle_id,r,phi,z,layer_id,hit_id
1354,700,3.1014717771568066,-2.8025499127829354,3.17774835574871,1,1355
1355,700,5.179838672472608,-2.6985192325042435,5.2066583296334965,2,1356
1356,700,7.258584621828211,-2.5822944995130963,7.056930561978048,3,1357
1357,700,9.338239715345848,-2.4580421954930065,8.627816375520803,4,1358
1358,700,11.416732177252022,-2.332544313535874,9.838920612142587,5,1359
1359,700,13.49655442052263,-2.212108383807276,10.663562528311608,6,1360
1360,700,15.575389290103304,-2.100834236707041,11.118702330640875,7,1361
1361,700,17.655124068464687,-1.9998441084248464,11.24259547356438,8,1362
1362,700,19.73367362668776,-1.908678179458652,11.07039015720066,9,1363
1363,700,21.81262981016052,-1.825863741802124,10.623314063227705,10,1364
1364,700,23.89233152803056,-1.749678931882224,9.902458178550376,11,1365
1365,700,25.970969460364216,-1.6783082322553928,8.882757391353008,12,1366
1366,700,28.05044390578492,-1.609476799783821,7.491842345044704,13,1367
1367,700,30.129388977739968,-1.5399903806955897,5.555104763355052,14,1368
1368,700,32.20863139535404,-1.4625133870285705,2.5302714137599285,15,1369
1369,700,34.28760320270505,-1.3284981551790545,-6.780798932663098,16,1370
1370,700,36.366692553973536,-1.2907152025744684,-15.827918382156149,17,1371
1371,700,38.44641569982841,-1.2996373774055712,-19.259475140031604,18,1372
1372,700,40.52502479400184,-1.3135558099534237,-21.71480492497153,19,1373
1373,700,42.605356243681065,-1.3291997731175444,-23.722408333906422,20,1374
1374,700,44.68382296518119,-1.34556708664085,-25.460647085357888,21,1375
1375,700,46.76250866253488,-1.362275763592082,-27.017928450354745,22,1376
1376,700,48.84354862838068,-1.3791562472786745,-28.443843128135647,23,1377
1377,700,50.92284061158743,-1.396080924600629,-29.765322455349526,24,1378
1378,700,53.00071857097468,-1.4130036873566518,-31.00242471257959,25,1379
