,particle_id,r,phi,z,layer_id,hit_id
55,83,3.1007367094746767,1.4839322509352624,-0.3688899894616497,1,56
56,83,5.180473909796419,1.42422906566553,-0.6288060158876618,2,57
57,83,7.260099845623133,1.3669477035286846,-0.896018576020893,3,58
58,83,9.337512368422464,1.3122726236299422,-1.1685625258909056,4,59
59,83,11.417574270095894,1.2601462071857363,-1.4458602337063269,5,60
60,83,13.49634589473963,1.2106865902021946,-1.7265524256633429,6,61
61,83,15.57526560579371,1.163830732925263,-2.010294540956849,7,62
62,83,17.655421936724327,1.1194957658216336,-2.2969418362881697,8,63
63,83,19.73531140137828,1.0776290342994803,-2.586181584987571,9,64
64,83,21.813017082567804,1.0381607627131066,-2.877783288053664,10,65
65,83,23.89377441552581,1.000877659970119,-3.1726406090610624,11,66
66,83,25.97321615102166,0.9657397303403092,-3.470387234970332,12,67
67,83,28.051825152210384,0.932612926110998,-3.7714096032015902,13,68
68,83,30.13030516204572,0.9013635480959052,-4.076188590286776,14,69
69,83,32.20963074827762,0.871860338083537,-4.385300129098184,15,70
70,83,34.28829236781786,0.8440124333516055,-4.698993887414801,16,71
71,83,36.36773394829335,0.817693973429215,-5.017999910418297,17,72
72,83,38.446855901773006,0.7928191247749389,-5.342698090282866,18,73
73,83,40.52764811513063,0.7692716247662049,-5.673986252803886,19,74
74,83,42.6064922991113,0.74700487751358,-6.011901388702157,20,75
75,83,44.6858035448563,0.7259106783236964,-6.357477066026632,21,76
76,83,46.76527286643849,0.7059176684187436,-6.711349281431325,22,77
77,83,48.84167876599653,0.6869852668115487,-7.073672064502674,23,78
78,83,50.92114261649673,0.6689935129725755,-7.446274170527616,24,79
79,83,53.000761558305854,0.6519103753398322,-7.8294624412606595,25,80
