,particle_id,r,phi,z,layer_id,hit_id
1583,1194,3.101301766750206,0.9655495467145316,0.0318393993624859,1,1584
1584,1194,5.180589790162272,0.9681926111724718,0.0418223295831943,2,1585
1585,1194,7.25987247207852,0.970925467731273,0.042903573776698,3,1586
1586,1194,9.33985670488421,0.973750584859126,0.035286621370453,4,1587
1587,1194,11.417439028278627,0.976666078157716,0.019220713637349,5,1588
1588,1194,13.497337941983686,0.9796819594739484,-0.0050785046403056,6,1589
1589,1194,15.57649586546176,0.9827982737849914,-0.0373042396221094,7,1590
1590,1194,17.6557124573827,0.9860215572412238,-0.0771502550534783,8,1591
1591,1194,19.73570650744836,0.989359471216385,-0.1242792918174906,9,1592
1592,1194,21.81326410726941,0.9928143828135662,-0.1782066365967374,10,1593
1593,1194,23.89267292533716,0.9964023603568488,-0.2385798324311672,11,1594
1594,1194,25.974142494083107,1.0001346378839957,-0.3048926800053948,12,1595
1595,1194,28.050245363922464,1.0040097366600216,-0.3762845423367587,13,1596
1596,1194,30.131813597390032,1.0080620839858232,-0.4524180662616466,14,1597
1597,1194,32.21082430410277,1.0122929278548274,-0.5321810093782133,15,1598
1598,1194,34.289853353216955,1.016726459268329,-0.6146926480261925,16,1599
1599,1194,36.367341537136326,1.0213817089030184,-0.6987401531850832,17,1600
1600,1194,38.447956855281866,1.0262960801819552,-0.7831444611053904,18,1601
1601,1194,40.52532985386624,1.0314861372027908,-0.8660063661665696,19,1602
1602,1194,42.6055401925467,1.037004920332829,-0.9455786570797732,20,1603
1603,1194,44.68357973455579,1.0428850965750078,-1.0192372579239954,21,1604
1604,1194,46.76256879906386,1.0491911885220018,-1.0840894861946762,22,1605
1605,1194,48.84342200383182,1.0559963475991396,-1.1363682486884326,23,1606
1606,1194,50.92185945537884,1.0633737414539957,-1.1711683083113815,24,1607
1607,1194,53.00183118994417,1.0714490531015095,-1.1823373138830495,25,1608
