,particle_id,r,phi,z,layer_id,hit_id
621,412,3.101276704821141,-0.1122909063860566,1.471578754346611,1,622
622,412,5.181130442553313,-0.1140089193695005,2.4374975954859988,2,623
623,412,7.260428527358663,-0.1159775154377554,3.3838463323708616,3,624
624,412,9.339149208604608,-0.1182198045382518,4.308244682063029,4,625
625,412,11.417064306511843,-0.1207615617601279,5.2079539945621285,5,626
626,412,13.49710718709442,-0.1236364801221533,6.081241173923468,6,627
627,412,15.575052214437736,-0.1268725784467906,6.922989055643866,7,628
628,412,17.656438815171395,-0.1305175528890798,7.731636148969984,8,629
629,412,19.73638258919704,-0.1346077466987759,8.500967515656116,9,630
630,412,21.81309197164012,-0.1391888896246993,9.225624998160168,10,631
631,412,23.89359939379348,-0.1443353103223696,9.902544382950706,11,632
632,412,25.971844945717297,-0.1501003191839879,10.523431450245068,12,633
633,412,28.05041492950317,-0.1565686474502846,11.081969961925724,13,634
634,412,30.13093889879956,-0.1638377137557723,11.570276704018228,14,635
635,412,32.20876171749665,-0.1719966204134856,11.97789676297195,15,636
636,412,34.289430963609924,-0.1811903126693772,12.29513383720176,16,637
637,412,36.36706327840403,-0.1915348813332521,12.508838780957372,17,638
638,412,38.44783518484991,-0.2032252015814938,12.605722411917936,18,639
639,412,40.525058384236345,-0.2164096400194532,12.569976064024502,19,640
640,412,42.60581405640862,-0.2313419518067371,12.384415437435203,20,641
641,412,44.6837202945159,-0.2482035911104765,12.031467321975988,21,642
642,412,46.764016660480735,-0.2672712310975266,11.49212315459662,22,643
643,412,48.8432599312794,-0.2887397572184755,10.75051187329176,23,644
644,412,50.92121099492893,-0.3127872233446598,9.794589278096876,24,645
645,412,53.00129650911478,-0.3395606809265756,8.617557610919837,25,646
