,particle_id,r,phi,z,layer_id,hit_id
3567,1705,3.101201010168829,-0.9081484011207056,1.197263072339922,1,3568
3568,1705,5.18218546814654,-0.9145462359640798,1.9582199628178567,2,3569
3569,1705,7.25915815718282,-0.9215617641322522,2.685154478270448,3,3570
3570,1705,9.339394629889012,-0.9292150982403158,3.381868376357957,4,3571
3571,1705,11.41831186785227,-0.9374835189835248,4.048048609413257,5,3572
3572,1705,13.497615628503503,-0.9463632825933072,4.68557551663779,6,3573
3573,1705,15.576263081190548,-0.9558356100705796,5.295511994119565,7,3574
3574,1705,17.65641837615105,-0.9658917201338242,5.879934819573318,8,3575
3575,1705,19.734592669436665,-0.9764902006674728,6.439422507021735,9,3576
3576,1705,21.81341138879788,-0.9876137515589244,6.976358534758624,10,3577
3577,1705,23.89275911458445,-0.999225959635868,7.492457423464142,11,3578
3578,1705,25.972702148970885,-1.0112852195321045,7.989595629240512,12,3579
3579,1705,28.05060478754041,-1.0237276190030051,8.469146447441162,13,3580
3580,1705,30.12963725369951,-1.0365183432109537,8.933938244789974,14,3581
3581,1705,32.21012081594466,-1.0496018009268613,9.386192775766808,15,3582
3582,1705,34.28955056546628,-1.062900547442091,9.8276126141056,16,3583
3583,1705,36.368154344119375,-1.0763516354809224,10.260563186297125,17,3584
3584,1705,38.44598054409239,-1.08989007947194,10.687397240636308,18,3585
3585,1705,40.52557002170967,-1.1034675420643436,11.110980404477694,19,3586
3586,1705,42.606351477807685,-1.117016780671582,11.5335331301463,20,3587
3587,1705,44.6846554245367,-1.1304530708626508,11.956628785814368,21,3588
3588,1705,46.76450056057924,-1.1437451152771712,12.38336704675385,22,3589
3589,1705,48.84389925908627,-1.1568270118342123,12.815580637064802,23,3590
3590,1705,50.922927968322895,-1.169651009607832,13.255473613349931,24,3591
3591,1705,53.00092519364746,-1.1821699028396602,13.705045402962842,25,3592
