,particle_id,r,phi,z,layer_id,hit_id
0,159,3.100471663540476,-0.0213426731847586,5.726967073292308,1,1
1,159,5.180047578463245,-0.080833239141223,7.952522036449476,2,2
2,159,7.259559275927532,-0.1179308833569955,9.773162004586297,3,3
3,159,9.339159143290653,-0.1437775812094916,11.364572375717346,4,4
4,159,11.417605084572823,-0.1629233342423293,12.808331753944504,5,5
5,159,13.497520807222864,-0.1776780228839528,14.152059919716956,6,6
6,159,15.575138372991168,-0.1893147313806466,15.42161386452836,7,7
7,159,17.65526032043098,-0.1986632787856708,16.63864183366435,8,8
8,159,19.73551713090988,-0.2062374154080053,17.814718081223294,9,9
9,159,21.814582737192577,-0.2123979188182756,18.95858779250099,10,10
10,159,23.893074775201004,-0.2174085680333074,20.077694820583886,11,11
11,159,25.9723482490546,-0.2214639966167987,21.178172619635568,12,12
12,159,28.050339236702808,-0.224704731784875,22.263150434236177,13,13
13,159,30.13004840027829,-0.2272460645526477,23.337531938144704,14,14
14,159,32.20974545100825,-0.2291714908147917,24.403087407119003,15,15
15,159,34.288773595036126,-0.2305489004168894,25.461647326124748,16,16
16,159,36.36740600598613,-0.2314331265027638,26.51511007283623,17,17
17,159,38.44670622268009,-0.2318679338568866,27.565439310578803,18,18
18,159,40.52839350519499,-0.231887580502958,28.61465239449243,19,19
19,159,42.60420780820272,-0.231520847917143,29.65951493161792,20,20
20,159,44.683657267198285,-0.2307888247141894,30.705541384868354,21,21
21,159,46.76261844147541,-0.2297095001555496,31.751207164247937,22,22
22,159,48.84420072710776,-0.2282940466784238,32.798468909003866,23,23
23,159,50.92104982967381,-0.2265577019253039,33.843868833489736,24,24
24,159,53.00008818426632,-0.224501846069056,34.89098971867276,25,25
