,particle_id,r,phi,z,layer_id,hit_id
1601,838,3.100538533291372,2.205813932030752,0.2491961616514366,1,1602
1602,838,5.180548545597135,2.232970757764548,0.3416532767775102,2,1603
1603,838,7.258882101957724,2.262037689635416,0.3626123073157643,3,1604
1604,838,9.338352222630924,2.2936912381424293,0.2983087226455367,4,1605
1605,838,11.41703584236775,2.328863096111591,0.1291804296582945,5,1606
1606,838,13.49703731383973,2.36912945021609,-0.1744505383876955,6,1607
1607,838,15.575587958547798,2.417112962867643,-0.6598306283880255,7,1608
1608,838,17.654360004623335,2.4780915068407894,-1.412780934217377,8,1609
1609,838,19.733710476506367,2.564360222551515,-2.611552373013716,9,1610
1610,838,21.812666670956187,2.711829351264336,-4.676868583937122,10,1611
1611,838,23.8918886282038,2.9684600071922964,-7.633126958874024,11,1612
1612,838,25.971315637002164,-3.1058620759504656,-9.225311632922482,12,1613
1613,838,28.050191545619946,-2.977580977326188,-9.679976511070889,13,1614
1614,838,30.129645373644266,-2.894117520366169,-9.53274092385106,14,1615
1615,838,32.20839760852429,-2.8407591253658486,-8.932929729694777,15,1616
1616,838,34.28776297128845,-2.814869619011998,-7.853029425431874,16,1617
1617,838,36.36672433438734,-2.8497578774684347,-5.7854222252216125,17,1618
1618,838,36.36653580426186,-2.9560218080846874,-4.810689188117507,17,1619
1619,838,36.36681348441529,2.669623160070687,-13.453128243328472,17,1620
1620,838,38.44598089790779,2.577549081869304,-17.847791610557415,18,1621
1621,838,40.525094824635765,2.564328351494665,-21.996542904489587,19,1622
1622,838,42.604623301719656,2.6052681783908045,-25.99737308690179,20,1623
1623,838,44.683816736206246,2.673219242820604,-29.667595635332063,21,1624
1624,838,46.7629850079831,2.74723361775534,-33.031668593007794,22,1625
1625,838,48.84185625406179,2.819775505730842,-36.25645497603314,23,1626
1626,838,50.92090946619893,2.8904536322431453,-39.54045086059748,24,1627
1627,838,53.00030427706536,2.9624516621745927,-43.14805816019111,25,1628
