,particle_id,r,phi,z,layer_id,hit_id
312,228,3.100110323678796,2.724071120463779,-5.915499075112578,1,313
313,228,5.179385519535911,2.7703126667224818,-12.546798453013436,2,314
314,228,7.258363591899354,2.9239958444744807,-24.18711261135909,3,315
315,228,9.337648830187565,-3.098181465458173,-34.67512194315958,4,316
316,228,11.416776338325333,-2.9327528437432084,-39.5813239030058,5,317
317,228,13.496875420551907,-2.829523648199792,-42.28947577672315,6,318
318,228,15.576155855504684,-2.7591673671231023,-43.916485186586,7,319
319,228,17.65427584006969,-2.708115985815787,-44.87491002995641,8,320
320,228,19.73342587255717,-2.669326292713814,-45.360767968405625,9,321
321,228,21.81338769467286,-2.638829614222913,-45.4815342741264,10,322
322,228,23.892087251668475,-2.6142061309998024,-45.30334560066515,11,323
323,228,25.972151068258505,-2.593834984926845,-44.86907955040054,12,324
324,228,28.05192615000744,-2.576656662417641,-44.2080311655137,13,325
325,228,30.130349373241604,-2.561917752986625,-43.340749751826536,14,326
326,228,32.208648158174654,-2.5490568226904697,-42.28039170825929,15,327
327,228,34.288808300498665,-2.53765272552734,-41.03423479523785,16,328
328,228,36.36806431522664,-2.5274064675895365,-39.60828712636221,17,329
329,228,38.44626353748899,-2.5180692327632515,-38.00375791248406,18,330
330,228,40.52503224765904,-2.509432259964576,-36.21674167542706,19,331
331,228,42.60464589216502,-2.5013258681573243,-34.240240665495506,20,332
332,228,44.68488229800445,-2.4936023745553246,-32.063080697643414,21,333
333,228,46.76343631539342,-2.4861307135370674,-29.67065010269821,22,334
334,228,48.842916303757136,-2.4787599164522507,-27.0343155977736,23,335
335,228,50.921964543636136,-2.471335024178126,-24.11656741797414,24,336
336,228,53.00072399415851,-2.46364857662424,-20.854883058328376,25,337
