,particle_id,r,phi,z,layer_id,hit_id
2301,1303,3.1001934008253422,-0.4311599843651629,-2.719249586658524,1,2302
2302,1303,5.180600739856964,-0.3918451837131415,-4.629817694826532,2,2303
2303,1303,7.258563666559998,-0.3578891890223714,-6.572251615830904,3,2304
2304,1303,9.338329378131428,-0.3278342101422158,-8.534870991843253,4,2305
2305,1303,11.41814191963566,-0.3008058742472576,-10.506216884541612,5,2306
2306,1303,13.4963703882672,-0.2761981148969589,-12.478163310283822,6,2307
2307,1303,15.577269737794378,-0.2535124522716023,-14.45011130702632,7,2308
2308,1303,17.655456047077706,-0.2324730029105439,-16.413547994201547,8,2309
2309,1303,19.73478277311495,-0.2127828868076396,-18.369505618288475,9,2310
2310,1303,21.81409319823259,-0.1942538144478698,-20.314809897658545,10,2311
2311,1303,23.89453445410497,-0.1767165358565176,-22.24881219945423,11,2312
2312,1303,25.97302749627011,-0.1600669349572567,-24.16720245453737,12,2313
2313,1303,28.05088429932793,-0.1441865811617016,-26.069942819898376,13,2314
2314,1303,30.13074659589154,-0.1289675013392976,-27.95828601488471,14,2315
2315,1303,32.20976418338976,-0.1143566696492064,-29.82856403856333,15,2316
2316,1303,34.289016716931734,-0.1002830281837008,-31.680743867639464,16,2317
2317,1303,36.36686299531888,-0.086703200751646,-33.51240029847415,17,2318
2318,1303,38.4489888411322,-0.0735342949691982,-35.327537143203394,18,2319
2319,1303,40.52779499144759,-0.0607841726760843,-37.11854688636276,19,2320
2320,1303,42.60625905164712,-0.0483981964848681,-38.88706842293822,20,2321
2321,1303,44.68420211681628,-0.03634625237828,-40.63195537683714,21,2322
2322,1303,46.76519412780372,-0.0245808989533815,-42.355115185836574,22,2323
2323,1303,48.84235867414064,-0.0131167214723473,-44.0497737544212,23,2324
2324,1303,50.92308772076422,-0.0018914370511916,-45.72081162862653,24,2325
2325,1303,53.000666498121625,0.0090776536841871,-47.36160539214729,25,2326
