,particle_id,r,phi,z,layer_id,hit_id
2123,1435,3.100462267796217,-0.7634850667176615,-1.932067099228292,1,2124
2124,1435,5.181172744966824,-0.7267488848229927,-3.249335513812205,2,2125
2125,1435,7.259218875273022,-0.6934099457391106,-4.565165655961096,3,2126
2126,1435,9.33872319493802,-0.6631076621070393,-5.8722849393038885,4,2127
2127,1435,11.41795039904763,-0.635576448087222,-7.162470758758431,5,2128
2128,1435,13.495997450995722,-0.6105469263547031,-8.430115771681002,6,2129
2129,1435,15.575771974580633,-0.5877293541641119,-9.673419094274225,7,2130
2130,1435,17.656141399281776,-0.566909937825568,-10.88917962967622,8,2131
2131,1435,19.7340057680134,-0.5479133367114979,-12.073924763846438,9,2132
2132,1435,21.81285690652561,-0.5305265012352215,-13.228530902133087,10,2133
2133,1435,23.894409026752644,-0.5145821034235197,-14.353108078395849,11,2134
2134,1435,25.971981050578,-0.4999928294282541,-15.44358640830554,12,2135
2135,1435,28.051631091020344,-0.4865945428188327,-16.502882426169254,13,2136
2136,1435,30.130825940515606,-0.4743004966735432,-17.529480112961174,14,2137
2137,1435,32.21057972897855,-0.4630135631624211,-18.523762179850937,15,2138
2138,1435,34.28907119275828,-0.4526636101256752,-19.48479661158621,16,2139
2139,1435,36.36802305152119,-0.4431721773896255,-20.413332305178635,17,2140
2140,1435,38.44613437518711,-0.4344845843380382,-21.30872163933764,18,2141
2141,1435,40.525585461045495,-0.426539430474291,-22.17179118413427,19,2142
2142,1435,42.60534539576323,-0.4192959301569197,-23.001933670409493,20,2143
2143,1435,44.68440492601874,-0.4127180699542223,-23.798564018442864,21,2144
2144,1435,46.76507243326295,-0.4067653010749567,-24.562290139445487,22,2145
2145,1435,48.842874368687305,-0.4014214677171446,-25.29117135835352,23,2146
2146,1435,50.92317412817104,-0.3966490964917719,-25.98668104700767,24,2147
2147,1435,53.001095149445234,-0.3924406164443643,-26.64666733874662,25,2148
