,particle_id,r,phi,z,layer_id,hit_id
952,850,3.100517036325839,2.589454831095237,6.3380153770263945,1,953
953,850,5.18001830038498,2.5516369809619195,10.024273077870788,2,954
954,850,7.259365275716866,2.516263204712877,13.358669175360076,3,955
955,850,9.338936635177827,2.482630527988517,16.391504482660984,4,956
956,850,11.417346290569018,2.4502995607245803,19.151944945205628,5,957
957,850,13.4967706626733,2.4189194463359667,21.661500578586747,6,958
958,850,15.575645410256785,2.3882928919827244,23.92780324971259,7,959
959,850,17.655402725192367,2.358246247315116,25.954923285737827,8,960
960,850,19.734476815116448,2.32870284753365,27.73793574287649,9,961
961,850,21.81276022252233,2.299609156370071,29.26833171687476,10,962
962,850,23.892878487874864,2.270914710903065,30.534141486079456,11,963
963,850,25.971325175538443,2.2426930230695588,31.514560441841148,12,964
964,850,28.050157104114,2.2149805256780657,32.18718901094254,13,965
965,850,30.129935125651343,2.187876775831234,32.52311357681763,14,966
966,850,32.20965454688763,2.1615465894800474,32.487796613128445,15,967
967,850,34.28833945034017,2.136201344637397,32.04186713774086,16,968
968,850,36.36799711501978,2.112068803145996,31.139525369591688,17,969
969,850,38.44727716959762,2.089474075640033,29.730124578186853,18,970
970,850,40.52620638955928,2.0687849835770264,27.75764774503758,19,971
971,850,42.60474191681067,2.0504312733474066,25.16209217241284,20,972
972,850,44.68440790392148,2.034890351243272,21.87915269264408,21,973
973,850,46.76348841520888,2.022713297805239,17.852159839455865,22,974
974,850,48.842233737421004,2.0144540304571272,13.032950194452084,23,975
975,850,50.92150467685694,2.0106365680863685,7.394440666036125,24,976
976,850,53.00082085109312,2.0116766107132995,0.952200886153328,25,977
