,particle_id,r,phi,z,layer_id,hit_id
330,237,3.10098453586956,2.634694378121176,3.2128862951508705,1,331
331,237,5.179748136273381,2.640073778710345,5.400241631257908,2,332
332,237,7.258761353766078,2.6513889624662217,7.637623483666845,3,333
333,237,9.337960588672429,2.671084487130899,9.95759044121886,4,334
334,237,11.41720549252026,2.7045872457250053,12.41855891932872,5,335
335,237,13.4960280554718,2.7670905368123355,15.148466906861383,6,336
336,237,15.57502720633817,2.934635747836184,18.542202958566666,7,337
337,237,17.65430525802616,-2.850059452393274,20.972002520492364,8,338
338,237,19.73422023316005,-2.578662945326352,20.948370784213555,9,339
339,237,21.81264628632362,-2.4144888315510347,20.652224236403185,10,340
340,237,23.8926186999308,-2.296687110899972,20.28206980747282,11,341
341,237,25.97256890448811,-2.205624475962077,19.87755365398693,12,342
342,237,28.051182129591783,-2.132109361913977,19.452520895965584,13,343
343,237,30.129849235943382,-2.0709385028590934,19.01280997774867,14,344
344,237,32.209753894776924,-2.018903375494596,18.56141477814465,15,345
345,237,34.28989949570501,-1.9739206135812024,18.10049295590437,16,346
346,237,36.36792081742038,-1.9345538557590247,17.631851441104214,17,347
347,237,38.4461386138582,-1.899679085389809,17.155854490652317,18,348
348,237,40.52672116255662,-1.8684646398143088,16.67262213683057,19,349
349,237,42.60682416175878,-1.8403420328552345,16.183268657565627,20,350
350,237,44.685865973617446,-1.8148342998765843,15.6882791766504,21,351
351,237,46.76513837365772,-1.7915413627149643,15.187598451138811,22,352
352,237,48.8443388202044,-1.770158172364559,14.68147315945752,23,353
353,237,50.92104346463134,-1.7504544474530463,14.170615322373202,24,354
354,237,53.00000826061683,-1.7321766488686134,13.653913560522524,25,355
