,particle_id,r,phi,z,layer_id,hit_id
4083,1885,3.101890774769929,0.0683551206775748,-0.2549129039650779,1,4084
4084,1885,5.179403989388375,0.0752999035847101,-0.3647491572837271,2,4085
4085,1885,7.261489274758161,0.0823240891441073,-0.4274686942882102,3,4086
4086,1885,9.33922957535126,0.0894029201688282,-0.4441540195173292,4,4087
4087,1885,11.41759504824315,0.0965588424622634,-0.4162712960725994,5,4088
4088,1885,13.49820636658125,0.1038036498764839,-0.3449542448921558,6,4089
4089,1885,15.575641225512287,0.1111247775038201,-0.2316056700693352,7,4090
4090,1885,17.655141494351497,0.1185473068405171,-0.0771045033972939,8,4091
4091,1885,19.734896542158346,0.1260719027243778,0.1174087845240734,9,4092
4092,1885,21.81309675214837,0.1336991640676448,0.3507095960258919,10,4093
4093,1885,23.89513894655948,0.1414566102315259,0.6225016663325071,11,4094
4094,1885,25.97205386971629,0.1493184929119603,0.9306677247134356,12,4095
4095,1885,28.05286691302685,0.1573269286521667,1.2756509962648206,13,4096
4096,1885,30.132208830379444,0.165469811358244,1.655809632210154,14,4097
4097,1885,32.21190275200744,0.1737627725964311,2.0706778638358614,15,4098
4098,1885,34.29016693079247,0.1822074643897076,2.519145937152526,16,4099
4099,1885,36.36878716968712,0.1908201765638603,3.000884867929013,17,4100
4100,1885,38.4459461007393,0.1996026800211633,3.5147960005781,18,4101
4101,1885,40.52688392491572,0.2085871850025835,4.061610639996003,19,4102
4102,1885,42.6061484762935,0.2177604982312644,4.639355235294049,20,4103
4103,1885,44.68532929932426,0.2271397613069834,5.247869342400064,21,4104
4104,1885,46.76590523710377,0.2367425505715268,5.887075840990492,22,4105
4105,1885,48.84237732346808,0.2465540696791243,6.554709345612923,23,4106
4106,1885,50.92291455183145,0.2566242845826088,7.252895071654693,24,4107
4107,1885,53.00184109605342,0.2669378679666793,7.979294325071272,25,4108
