,particle_id,r,phi,z,layer_id,hit_id
0,23,3.10142000843042,0.7659950132347679,2.370283492132508,1,1
1,23,5.1801896967286,0.7704131606629602,4.129026516206906,2,2
2,23,7.260552791872411,0.7741490692652085,6.029725128459901,3,3
3,23,9.338018730167503,0.7771097729018762,8.073272216920074,4,4
4,23,11.416861266335928,0.7791861275322456,10.270950262155685,5,5
5,23,13.496784458103257,0.7802148255351383,12.63291498260826,6,6
6,23,15.575760316278082,0.7799632699328444,15.171380318467207,7,7
7,23,17.654861089985832,0.7780855596174927,17.908689268977085,8,8
8,23,19.73337029409511,0.7740328844882477,20.875964465677548,9,9
9,23,21.81377133155831,0.7668458224342747,24.12939088196784,10,10
10,23,23.892483298326376,0.7546577757259452,27.75905090927633,11,11
11,23,25.97155469185537,0.7327624395787558,31.98433387393549,12,12
12,23,28.05017314278155,0.6789468376641522,37.68224202285334,13,13
13,23,28.04968378302492,0.4875528457306207,43.23727526451733,13,14
14,23,25.970784786583632,0.226068276244019,42.00614768017033,12,15
15,23,25.971053229311725,-0.6118800033106724,27.23309521782736,12,16
16,23,28.050054721012263,-0.8317294052007119,21.66648778742343,13,17
17,23,30.12954937741304,-0.9857665107511636,17.199461820287524,14,18
18,23,32.20913619133771,-1.1104943483057022,13.249489701895763,15,19
19,23,34.28804834644041,-1.2186566459926664,9.65375307119792,16,20
20,23,36.36758157899319,-1.3168061254898518,6.365085643732222,17,21
21,23,38.446046031848944,-1.4088047432049664,3.4010533506774294,18,22
22,23,40.525651812234834,-1.4974040712914471,0.818202937574334,19,23
23,23,42.60523844180976,-1.5844178362808607,-1.2789247268290185,20,24
24,23,44.68384025843046,-1.671084741022299,-2.7394755189910285,21,25
25,23,46.76265455907066,-1.758244611745846,-3.355316516628889,22,26
26,23,48.84204837976115,-1.846389946018001,-2.8188045782624016,23,27
27,23,50.921386457803685,-1.936298076593308,-0.5474365994749562,24,28
28,23,53.00021213793374,-2.03369829028319,6.003298234766035,25,29
