,particle_id,r,phi,z,layer_id,hit_id
1817,1236,3.100140035773172,0.9747980066410618,-4.802679804711591,1,1818
1818,1236,5.179305063840879,0.9028298604223004,-5.579527211872403,2,1819
1819,1236,7.258531429041611,0.8899930674829853,-5.923254616343023,3,1820
1820,1236,9.338275367296388,0.8998312359941529,-5.984862946811113,4,1821
1821,1236,11.417851759642984,0.9213687183904674,-5.831676747722284,5,1822
1822,1236,13.49718950538943,0.9500537089889723,-5.503820398117345,6,1823
1823,1236,15.575033444673254,0.983553935426177,-5.030743241502822,7,1824
1824,1236,17.655095575932457,1.0205462698096843,-4.4359773673364735,8,1825
1825,1236,19.734406315280754,1.060015184921452,-3.742835269320057,9,1826
1826,1236,21.813629267311224,1.101209219575882,-2.972961443199864,10,1827
1827,1236,23.89196892577424,1.1434604124999397,-2.1478586776690385,11,1828
1828,1236,25.97241020463521,1.1862544640932984,-1.2864885563933122,12,1829
1829,1236,28.051855335582008,1.2290209290858067,-0.4087358925437492,13,1830
1830,1236,30.13068995099633,1.2713332082081004,0.4690360699528746,14,1831
1831,1236,32.2089038943816,1.3128344994722685,1.3328234636126446,15,1832
1832,1236,34.28782378988706,1.3532727068058372,2.171810811115435,16,1833
1833,1236,36.36817825670608,1.3924565465852017,2.977433263602656,17,1834
1834,1236,38.44787457235342,1.4302095298041153,3.7423575267026905,18,1835
1835,1236,40.52626019069297,1.4664427834977265,4.461879512773429,19,1836
1836,1236,42.60459804854927,1.5011468524105784,5.133565059677959,20,1837
1837,1236,44.68413057020888,1.5343437182823965,5.756106663296784,21,1838
1838,1236,46.76371633818221,1.5660423838748487,6.328381154380786,22,1839
1839,1236,48.84214891340191,1.59627248316713,6.850028263775094,23,1840
1840,1236,50.92083346954358,1.6251142528398417,7.321819722295032,24,1841
1841,1236,53.00146259935013,1.6526551900641857,7.744734713258662,25,1842
