,particle_id,r,phi,z,layer_id,hit_id
3556,1878,3.100584003526405,-2.7080451472089018,-1.6006084250487689,1,3557
3557,1878,5.179958039168403,-2.7406892491420924,-1.6812730040710022,2,3558
3558,1878,7.258412929000292,-2.772104222478556,-0.9469260398920412,3,3559
3559,1878,9.337772325684472,-2.800715163593928,0.5472462162669984,4,3560
3560,1878,11.41719618861835,-2.8255208727331995,2.700497453587332,5,3561
3561,1878,13.496658647551811,-2.846170641358643,5.393749592947337,6,3562
3562,1878,15.575428872939945,-2.862786903201474,8.509475028085554,7,3563
3563,1878,17.655568478968476,-2.8757879384993634,11.948696216282578,8,3564
3564,1878,19.73393333526342,-2.88567272520922,15.62180741286152,9,3565
3565,1878,21.81261081095445,-2.892984798214251,19.46519036215242,10,3566
3566,1878,23.89177844104918,-2.8982138919171003,23.42709048671,11,3567
3567,1878,25.971636192647185,-2.9017883713786063,27.467957564047303,12,3568
3568,1878,28.05095270110348,-2.9040701709517047,31.555099485889937,13,3569
3569,1878,30.13036817542173,-2.905363938338553,35.66712270197223,14,3570
3570,1878,32.20886190821239,-2.9059205584141647,39.785437723422206,15,3571
3571,1878,34.28861052337629,-2.9059485457365,43.90265510920507,16,3572
3572,1878,36.36739940237011,-2.9056220887622106,48.00671004814178,17,3573
3573,1878,38.44665413406319,-2.90509081494221,52.09624796220243,18,3574
3574,1878,40.526648297376006,-2.9044887927290026,56.17097280448538,19,3575
3575,1878,42.60461343399824,-2.9039458746169555,60.2283141842765,20,3576
3576,1878,44.68493618750617,-2.903598949922774,64.28441515611203,21,3577
3577,1878,46.76385632572313,-2.90361909016298,68.34690562472974,22,3578
3578,1878,48.84253096278907,-2.9042584010852988,72.44703402883815,23,3579
3579,1878,50.92119557118901,-2.9059909072998025,76.64809936209471,24,3580
3580,1878,53.00047397142733,-2.910116931770823,81.1358147360072,25,3581
