,particle_id,r,phi,z,layer_id,hit_id
639,386,3.1009261584070744,0.7000616283863704,0.0380396107979663,1,640
640,386,5.180076407780617,0.7101870506256067,0.2999259823856661,2,641
641,386,7.258851489894507,0.719922697640728,0.748614237952296,3,642
642,386,9.338622821224206,0.7284266310762183,1.3625707000433491,4,643
643,386,11.41722687216527,0.734996196735725,2.1067632248249097,5,644
644,386,13.496745103365395,0.7392259192049767,2.945077143612388,6,645
645,386,15.576154385154895,0.7409675619592041,3.8470680060561975,7,646
646,386,17.65448436866214,0.7402373199539164,4.793806190398044,8,647
647,386,19.733708889237946,0.737085211055269,5.780553495035463,9,648
648,386,21.813233598917066,0.7314914311514658,6.814344414277773,10,649
649,386,23.891952802828783,0.7232774047831955,7.916197862966896,11,650
650,386,25.9714636072052,0.711960615194493,9.128329992745304,12,651
651,386,28.05098516282833,0.6965008324224985,10.527082712080317,13,652
652,386,30.12929123144772,0.6745228677683478,12.270780077942373,14,653
653,386,32.208927207887086,0.6388916009923694,14.807434884173636,15,654
654,386,32.20814472861024,0.2902964187225205,33.97922457808364,15,655
655,386,30.12876355836423,0.054169949288767,43.87904287692973,14,656
656,386,30.1293761650068,-0.5267548407348973,65.31996347038485,14,657
657,386,32.20911435074067,-0.7289407335839192,73.61348717523501,15,658
658,386,34.287769741699286,-0.8562531445956383,79.59846226662222,16,659
659,386,36.36823700825861,-0.9524843138418384,84.72879534239036,17,660
660,386,38.446142362142446,-1.030248678736945,89.39454751130864,18,661
661,386,40.5263487061511,-1.0957021913575975,93.78536456033616,19,662
662,386,42.606174779520586,-1.152122202801538,97.99304491557284,20,663
663,386,44.68387897841576,-1.201611872189621,102.07499530600468,21,664
664,386,46.76477297738494,-1.2457472315073987,106.0826994421829,22,665
665,386,48.84170680669661,-1.2854195052013906,110.0322768986896,23,666
666,386,50.9231175116726,-1.3215651136109363,113.96291970384053,24,667
667,386,53.00004888431085,-1.3546236476779498,117.8766933715037,25,668
