,particle_id,r,phi,z,layer_id,hit_id
3597,2058,3.101208392187937,-0.4786242330207999,2.6131157722876672,1,3598
3598,2058,5.18070257506405,-0.4417515802595909,4.299433236564486,2,3599
3599,2058,7.258604069277296,-0.4034658679865144,5.918941555910596,3,3600
3600,2058,9.33905239231477,-0.3637968983986677,7.462598042252228,4,3601
3601,2058,11.417272679791608,-0.3229653731473358,8.913723322365101,5,3602
3602,2058,13.496709125560503,-0.2810565692494595,10.261065193297494,6,3603
3603,2058,15.575463106849371,-0.2382796818977681,11.48941094619536,7,3604
3604,2058,17.65581746244617,-0.1947737510377707,12.586249131267383,8,3605
3605,2058,19.73432492636313,-0.150806684895962,13.53659804030536,9,3606
3606,2058,21.813386853272867,-0.1065264875344668,14.32943948293344,10,3607
3607,2058,23.893270999180064,-0.0621212814766089,14.953672906135411,11,3608
3608,2058,25.97189308051606,-0.0178186051479924,15.399070680710624,12,3609
3609,2058,28.0506787776891,0.0262457691309381,15.65785715352603,13,3610
3610,2058,30.1304867192406,0.0699447470493318,15.723109547699217,14,3611
3611,2058,32.20945185597198,0.1131183663159841,15.589050891516512,15,3612
3612,2058,34.288990475864146,0.1557014015080192,15.250830048535391,16,3613
3613,2058,36.36761787594767,0.1975955064282803,14.704483980568126,17,3614
3614,2058,38.44697066124006,0.2387920182059483,13.945474410278177,18,3615
3615,2058,40.52553560610042,0.2792450750948061,12.969862614350562,19,3616
3616,2058,42.60456984784528,0.3189887604870928,11.771671701174364,20,3617
3617,2058,44.68369831975297,0.3580506519319738,10.34396519660118,21,3618
3618,2058,46.76443798594314,0.3965206810095338,8.675829002584859,22,3619
3619,2058,48.84354424442266,0.4344321129903778,6.756541776075089,23,3620
3620,2058,50.92172321699717,0.471930746084392,4.567039005610017,24,3621
3621,2058,53.00124139102165,0.5092432797667332,2.077436138525755,25,3622
