,particle_id,r,phi,z,layer_id,hit_id
1555,1153,3.100693684222147,1.3772480943401109,-2.8698080211863743,1,1556
1556,1153,5.180605405618704,1.4369279048879664,-4.093106747631635,2,1557
1557,1153,7.259423900910906,1.4728016881086103,-5.1684645324741645,3,1558
1558,1153,9.338888031883586,1.4980204164065083,-6.15937224780909,4,1559
1559,1153,11.419069212843617,1.5173264495302197,-7.09457611453688,5,1560
1560,1153,13.498638478671106,1.5329177718371267,-7.989490279574028,6,1561
1561,1153,15.575237993205556,1.5459755883450617,-8.853148920298644,7,1562
1562,1153,17.65533760245029,1.5572490515044053,-9.694922215425889,8,1563
1563,1153,19.735833453260955,1.5671704149940426,-10.518239394734362,9,1564
1564,1153,21.81588873355096,1.576042256423268,-11.32628219563788,10,1565
1565,1153,23.895371556218446,1.5840803624292985,-12.121689849104484,11,1566
1566,1153,25.973587991226548,1.5914399290703156,-12.906310216969882,12,1567
1567,1153,28.0522522648722,1.5982448417369244,-13.682475503312988,13,1568
1568,1153,30.13106319978497,1.604583951563097,-14.451438950435966,14,1569
1569,1153,32.21114297095297,1.610530793295816,-15.214743860383088,15,1570
1570,1153,34.29057365595879,1.6161359232028865,-15.972636779499055,16,1571
1571,1153,36.36820057619979,1.6214422157913817,-16.725513889802183,17,1572
1572,1153,38.44799651776371,1.6264969789389925,-17.475507269896305,18,1573
1573,1153,40.52579548871865,1.6313209099865411,-18.22171358051344,19,1574
1574,1153,42.60683735763919,1.6359519039683337,-18.966535768387345,20,1575
1575,1153,44.68780750996911,1.64040410273409,-19.70924197406676,21,1576
1576,1153,46.765572794100194,1.6446899538918192,-20.449124405998568,22,1577
1577,1153,48.84191068229524,1.6488297466294723,-21.18718063133528,23,1578
1578,1153,50.92371752238027,1.6528508273661855,-21.92617941694436,24,1579
1579,1153,53.00390128671677,1.6567513926835236,-22.66388804480273,25,1580
