,particle_id,r,phi,z,layer_id,hit_id
1694,736,3.1004901900277058,1.562068619412408,-1.167345789398844,1,1695
1695,736,5.180218866034422,1.7023900854685896,-2.040806592999232,2,1696
1696,736,7.25994135630999,1.8209114605800256,-2.9236983289445693,3,1697
1697,736,9.338681042031237,1.919719063002059,-3.787405946367681,4,1698
1698,736,11.41814387837086,2.0024803104415416,-4.620606461474603,5,1699
1699,736,13.496317291379787,2.072471499330488,-5.41863823696459,6,1700
1700,736,15.577545596837034,2.132523216207981,-6.18285438465548,7,1701
1701,736,17.656151875791853,2.1845341199014867,-6.912322987233424,8,1702
1702,736,19.73486342516617,2.230150014071277,-7.609698694360601,9,1703
1703,736,21.813725165176344,2.2705581860264235,-8.276690544945758,10,1704
1704,736,23.89414765325763,2.3066924457931086,-8.915315576139287,11,1705
1705,736,25.971453196247268,2.339184349971019,-9.525612201814756,12,1706
1706,736,28.0533028181959,2.3687090935104527,-10.11108158554864,13,1707
1707,736,30.129560213077973,2.3955694090015816,-10.670008555939674,14,1708
1708,736,32.20871212396191,2.420238995187594,-11.205700128601435,15,1709
1709,736,34.29056724417376,2.4430002208925945,-11.718859504904938,16,1710
1710,736,36.368429246441295,2.4640233635984217,-12.208594935949412,17,1711
1711,736,38.44762698493034,2.483566812349968,-12.67684617680126,18,1712
1712,736,40.52684717617269,2.5017857645559207,-13.123852495606611,19,1713
1713,736,42.605339684483326,2.518817390390715,-13.549945756918769,20,1714
1714,736,44.68697970596547,2.534813755811677,-13.95630239407506,21,1715
1715,736,46.76385822332198,2.549820145232428,-14.341761535593411,22,1716
1716,736,48.84491082164054,2.563992386536217,-14.708298652733228,23,1717
1717,736,50.92279893909587,2.5773587742786424,-15.054868603017391,24,1718
1718,736,53.0030887663161,2.5900246829031413,-15.382630610638284,25,1719
