,particle_id,r,phi,z,layer_id,hit_id
643,856,3.102616134619941,2.4090789046852024,-2.166623679765884,1,644
644,856,5.180879020627422,2.4045509750472616,-3.6300689078527313,2,645
645,856,7.258695288577794,2.3996248608850546,-5.10459833931975,3,646
646,856,9.338060494118016,2.394221595630328,-6.593281870417719,4,647
647,856,11.419498529495163,2.3882487562324743,-8.098429946388045,5,648
648,856,13.49593875913173,2.3816173512474657,-9.617110746149612,6,649
649,856,15.576266586946591,2.3741603228341432,-11.158432612549618,7,650
650,856,17.654525813307107,2.36571920376328,-12.721155921294695,8,651
651,856,19.735117170465514,2.3560400514648934,-14.312443294361362,9,652
652,856,21.814358665903328,2.344819572524033,-15.93428083056464,10,653
653,856,23.891815345185424,2.331616175038003,-17.59231902781946,11,654
654,856,25.97234756098517,2.3157412391339096,-19.298363498987577,12,655
655,856,28.050678659413737,2.2962220378245526,-21.058628944150875,13,656
656,856,30.12934663725703,2.2713653285911684,-22.88956095366376,14,657
657,856,32.209191827069866,2.238099957863892,-24.811830601808627,15,658
658,856,34.28840526809453,2.19005771722751,-26.84890914619492,16,659
659,856,36.3669460735912,2.110960847863466,-29.004652864855764,17,660
660,856,38.44594031753888,1.9556814637856523,-30.93237437929412,18,661
661,856,40.52532095356703,1.738965626253371,-31.1911571741742,19,662
662,856,42.60422113115207,1.5804915246108466,-30.360734322281687,20,663
663,856,44.68428772937763,1.4680223031376842,-29.32589681229038,21,664
664,856,46.76306618198436,1.3819369974574818,-28.25277798829784,22,665
665,856,48.84248144184524,1.312720609270528,-27.172024425568537,23,666
666,856,50.922265314666966,1.2554296254409925,-26.09004512833167,24,667
667,856,53.00064155719456,1.2071866319857034,-25.00782542192865,25,668
