,particle_id,r,phi,z,layer_id,hit_id
656,715,3.100499320733144,-3.097340897198114,0.6302495476022756,1,657
657,715,5.179500866871263,-3.012174326689287,0.9150042013103316,2,658
658,715,7.25843545739422,-2.889820386934696,0.9785291090000144,3,659
659,715,9.337901898082723,-2.7131741083731606,0.6587212742555408,4,660
660,715,11.416818741142034,-2.4921676576207785,-0.1284708366294822,5,661
661,715,13.496152829344451,-2.27871327395228,-1.1747270843766344,6,662
662,715,15.575097950504324,-2.1023248958605176,-2.2472908684473154,7,663
663,715,17.654444444912066,-1.960345931811612,-3.27109078660488,8,664
664,715,19.73456983351285,-1.8438306920295977,-4.239322038393127,9,665
665,715,21.81274125953398,-1.7456631013461368,-5.158795313000631,10,666
666,715,23.89292398035817,-1.6605631479600658,-6.040801219551916,11,667
667,715,25.972310140886872,-1.585103962032573,-6.892646443788024,12,668
668,715,28.050633382861147,-1.5167359844490154,-7.721699258512324,13,669
669,715,30.130177619177665,-1.4534857581791545,-8.53560287519172,14,670
670,715,32.20899614588052,-1.3939340391672186,-9.340042807741304,15,671
671,715,34.288608539955696,-1.3368214722687193,-10.142198914051328,16,672
672,715,36.36722441109553,-1.2811380071159215,-10.94853293561929,17,673
673,715,38.44638515482896,-1.2258541186019067,-11.76785481426623,18,674
674,715,40.52583127025015,-1.1699841797438155,-12.609983319663677,19,675
675,715,42.604695936711856,-1.1124753899730602,-13.487053646485265,20,676
676,715,44.68448395276529,-1.052030900551918,-14.416082716391877,21,677
677,715,46.76262095750011,-0.9871751067875524,-15.418040223123398,22,678
678,715,48.84182184543141,-0.915820877666762,-16.524961809618475,23,679
679,715,50.92128403774398,-0.8353841494852609,-17.77949990836926,24,680
680,715,53.00074282463813,-0.7427259566355024,-19.239167095124955,25,681
