,particle_id,r,phi,z,layer_id,hit_id
771,636,3.1030712675688346,-1.773074451999134,0.3459518572146969,1,772
772,636,5.1819781037267045,-1.7779905614014906,0.5740101772260129,2,773
773,636,7.2590927792605076,-1.782670460453681,0.7992767182013631,3,774
774,636,9.341148872823398,-1.7871500302408287,1.0227101275776669,4,775
775,636,11.420225967066978,-1.791430169871482,1.243619730379094,5,776
776,636,13.496080279090156,-1.795526951114084,1.462087567304362,6,777
777,636,15.576267744876564,-1.7994688070922382,1.6789460735099002,7,778
778,636,17.65708537221169,-1.803260055214172,1.893784185421243,8,779
779,636,19.734873247396727,-1.8069046773474249,2.106154644360765,9,780
780,636,21.81356758348501,-1.8104188711844225,2.3163342403891978,10,781
781,636,23.89324391511809,-1.8138105249821752,2.5241406129841044,11,782
782,636,25.973860644734664,-1.817086339180572,2.7293172913538424,12,783
783,636,28.051520142826128,-1.820246372867472,2.931168372476776,13,784
784,636,30.129555475581466,-1.8233011089164728,3.129633349687868,14,785
785,636,32.21086919490656,-1.8262590050260563,3.32450434190082,15,786
786,636,34.290734663709,-1.8291169817820752,3.5147591264951545,16,787
787,636,36.36773010836122,-1.8318764906944176,3.69959308595032,17,788
788,636,38.446815919407065,-1.8345466357508784,3.878623577632076,18,789
789,636,40.52519434562591,-1.8371255556578217,4.050609189148537,19,790
790,636,42.60593579094915,-1.839618131578154,4.214591410847144,20,791
791,636,44.68439410417464,-1.8420192931202504,4.368740360545764,21,792
792,636,46.76425536365128,-1.8443331257290287,4.511537918389794,22,793
793,636,48.84407937148687,-1.8465568989100944,4.640640782637605,23,794
794,636,50.92321785789008,-1.848687995965976,4.753202759444849,24,795
795,636,53.0009236271768,-1.8507227227408776,4.845604701014566,25,796
