,particle_id,r,phi,z,layer_id,hit_id
3259,2099,3.101133748716535,1.2655815279437908,-7.568800618878308,1,3260
3260,2099,5.180262871366812,1.220843084700563,-11.313381084626965,2,3261
3261,2099,7.259725943494383,1.1816476761411694,-14.32426429689979,3,3262
3262,2099,9.337894246913546,1.1466468266912773,-16.752046920768812,4,3263
3263,2099,11.417988129956145,1.1149328755523944,-18.70177042490145,5,3264
3264,2099,13.495849117202804,1.085985966565068,-20.24230770441462,6,3265
3265,2099,15.576632701731402,1.0593102468947764,-21.4321212295686,7,3266
3266,2099,17.655303670232236,1.0346465424889308,-22.31085392374178,8,3267
3267,2099,19.735490365311232,1.011692891506652,-22.9143740521664,9,3268
3268,2099,21.812681145570323,0.9902874025129752,-23.26945625345273,10,3269
3269,2099,23.892076649967777,0.9702007567890684,-23.40009767944114,11,3270
3270,2099,25.971133349645434,0.951311275628512,-23.3249922374812,12,3271
3271,2099,28.051313291563325,0.9334791183270502,-23.060083961372666,13,3272
3272,2099,30.12997669229676,0.916616237358422,-22.61935399445905,14,3273
3273,2099,32.21094424012431,0.9005952118394368,-22.01341642703204,15,3274
3274,2099,34.28764312031295,0.8853798455271599,-21.254149283705992,16,3275
3275,2099,36.36837720117607,0.8708325766894416,-20.346785860711684,17,3276
3276,2099,38.44764969974373,0.8569241817752447,-19.30037950028236,18,3277
3277,2099,40.52609276202648,0.8435868136091786,-18.120609522653247,19,3278
3278,2099,42.60471186623189,0.8307564372811627,-16.81169431210828,20,3279
3279,2099,44.68479232227784,0.8183726430295367,-15.376454078493788,21,3280
3280,2099,46.76473080196959,0.8063957938173516,-13.81877403379542,22,3281
3281,2099,48.84297051914231,0.7947874974127456,-12.142034470506855,23,3282
3282,2099,50.92103883974122,0.7834939883277965,-10.346394007597302,24,3283
3283,2099,53.00040072431144,0.7724641173488032,-8.430896549468033,25,3284
