,particle_id,r,phi,z,layer_id,hit_id
1993,1115,3.1002938785743805,-2.260304689896123,-14.45299206200418,1,1994
1994,1115,5.18002908953454,-2.952672847543427,-16.76681959531521,2,1995
1995,1115,7.258847406033278,3.0607573401460835,-17.67336676799622,3,1996
1996,1115,9.337798626234743,2.8996374604085173,-18.19563430085403,4,1997
1997,1115,11.418262140291487,2.787117173484393,-18.525455701835515,5,1998
1998,1115,13.497385811609742,2.7016715444389496,-18.740799632851715,6,1999
1999,1115,15.57564003002062,2.6331540800182496,-18.8836049970042,7,2000
2000,1115,17.654557303957333,2.5760672767464365,-18.97948713854415,8,2001
2001,1115,19.73461212039681,2.527162170369568,-19.04543242135182,9,2002
2002,1115,21.814499281251383,2.484390466075259,-19.093452468396023,10,2003
2003,1115,23.891788926744905,2.446380735523877,-19.132474495681528,11,2004
2004,1115,25.97325090768088,2.4120144016020166,-19.169536076945448,12,2005
2005,1115,28.051255580320102,2.380686563506804,-19.210008817910467,13,2006
2006,1115,30.13021139195228,2.3517704499162155,-19.258499824651835,14,2007
2007,1115,32.20839009415294,2.3248589754995352,-19.3187955681486,15,2008
2008,1115,34.287755184450944,2.299582757413287,-19.394287804810048,16,2009
2009,1115,36.3683655186184,2.275662045585623,-19.48799085996556,17,2010
2010,1115,38.44800683424671,2.252886751270861,-19.60255776876064,18,2011
2011,1115,40.52738225135949,2.231046122887896,-19.74061396987305,19,2012
2012,1115,42.60451517419816,2.209981921886256,-19.90452332348488,20,2013
2013,1115,44.685292750569175,2.189474432753414,-20.09733273138984,21,2014
2014,1115,46.764397670830384,2.169426928184285,-20.321232247556395,22,2015
2015,1115,48.84386291415296,2.1496745229841374,-20.57922103559332,23,2016
2016,1115,50.92209263030031,2.130087138051908,-20.874145124241995,24,2017
2017,1115,53.00124903728037,2.110492917411205,-21.20974204017622,25,2018
