,particle_id,r,phi,z,layer_id,hit_id
3784,2205,3.1006024184356127,-2.847500302542775,-1.0235076823710614,1,3785
3785,2205,5.180093855255703,-2.8598525447172056,-1.7579259293678788,2,3786
3786,2205,7.260440726237237,-2.873433816992421,-2.5360091141359007,3,3787
3787,2205,9.339274386261506,-2.8885348973246985,-3.362860897293139,4,3788
3788,2205,11.41752206441607,-2.905592928209907,-4.247329174669815,5,3789
3789,2205,13.496144367139152,-2.9252586724947367,-5.2024125284268905,6,3790
3790,2205,15.576542715142994,-2.948575706286499,-6.24848477289089,7,3791
3791,2205,17.65489443403046,-2.977303600048184,-7.416784690298911,8,3792
3792,2205,19.734288932359338,-3.0151936678172166,-8.773735451203187,9,3793
3793,2205,21.812640820890447,-3.072539260328411,-10.485459330518388,10,3794
3794,2205,21.812149895884488,2.6809459230530392,-16.00158271456545,10,3795
3795,2205,19.73325404086928,2.379567688377052,-15.324248537493276,9,3796
3796,2205,17.654003368732628,1.870478832903208,-11.104922408988074,8,3797
3797,2205,17.654300906516095,0.7427409621330503,10.353891431155027,8,3798
3798,2205,19.7334554881308,0.3926436926853694,18.463947179119323,9,3799
3799,2205,21.81253965570166,0.2414798139597338,21.389888677317764,10,3800
3800,2205,23.89258197575309,0.1517849594837432,22.50595323183257,11,3801
3801,2205,25.97106427256102,0.0927927924650935,22.5898161730835,12,3802
3802,2205,28.05057980984313,0.0516021767018749,21.97573526681644,13,3803
3803,2205,30.13024239747555,0.0216001668783648,20.84430753405288,14,3804
3804,2205,32.20934198154514,-0.0010723220993717,19.30617277842608,15,3805
3805,2205,34.288967575235404,-0.0188421933988419,17.431438515483457,16,3806
3806,2205,36.36701783611331,-0.0332775626797606,15.268512402376397,17,3807
3807,2205,38.44698587640237,-0.0454827924028907,12.84297948333336,18,3808
3808,2205,40.5252423261062,-0.0562000755698375,10.17533364952751,19,3809
3809,2205,42.60496078587006,-0.0660080823221596,7.266824736665704,20,3810
3810,2205,44.68427241728339,-0.0753305729683172,4.114479194593152,21,3811
3811,2205,46.764071005267965,-0.0845279988940278,0.6995571844365713,22,3812
3812,2205,48.84184205090772,-0.0939096792945106,-3.006349109477007,23,3813
3813,2205,50.92141012888828,-0.1038189562687212,-7.06600369828336,24,3814
3814,2205,53.00047359878664,-0.1146327941982018,-11.570936501862969,25,3815
