,particle_id,r,phi,z,layer_id,hit_id
492,750,3.1004926725008493,0.6637844405003611,1.5666350270775595,1,493
493,750,5.179957805942597,0.3307368630291553,1.6602670609975083,2,494
494,750,7.258387416417688,0.1249956894620659,1.4523671225879795,3,495
495,750,9.337785536670651,-0.0140060111948011,1.135159228152021,4,496
496,750,11.416677693995156,-0.1155867080899679,0.780122538406677,5,497
497,750,13.496845885125296,-0.1941036537428933,0.421852162507486,6,498
498,750,15.576046927399885,-0.2570857769273442,0.0826483020397401,7,499
499,750,17.65488911539119,-0.3089773194328323,-0.2209103927013935,8,500
500,750,19.733508831987685,-0.3525022849744875,-0.4741866760796061,9,501
501,750,21.81280395241184,-0.3894228275203879,-0.6630283930782257,10,502
502,750,23.893173103251183,-0.4208872724484211,-0.7726217281990979,11,503
503,750,25.97103827987225,-0.4476020972934795,-0.7869527267239165,12,504
504,750,28.051365792565363,-0.4701112904175853,-0.6884428301480199,13,505
505,750,30.130100533550777,-0.4886409272961968,-0.4574958884892215,14,506
506,750,32.20902933799199,-0.503317169499935,-0.0718993686663789,15,507
507,750,34.28891250926991,-0.514106427921292,0.4933130336108022,16,508
508,750,36.366729399836345,-0.5208355311343057,1.2640409893209787,17,509
509,750,38.44589597111538,-0.523250120441618,2.269391851436005,18,510
510,750,40.52644214762039,-0.5209976104654905,3.5363822996883534,19,511
511,750,42.60449704654,-0.5137241947027733,5.082952631885496,20,512
512,750,44.68471965882153,-0.5011340075891005,6.92011391423427,21,513
513,750,46.76360796902201,-0.4831865515890013,9.03139629321254,22,514
514,750,48.84243831520965,-0.4601845641697683,11.37692796003194,23,515
515,750,50.92129404353037,-0.4328728184986938,13.889388353420392,24,516
516,750,53.000027911484814,-0.4023601185995512,16.485073868227165,25,517
