,particle_id,r,phi,z,layer_id,hit_id
1850,1723,3.1007884497231384,1.815267397154436,-0.1787790599921095,1,1851
1851,1723,5.1800521479921215,1.834534030095324,0.7165277800915195,2,1852
1852,1723,7.258720000917722,1.84488606617812,2.247952570934997,3,1853
1853,1723,9.337687503909828,1.8455540386281288,4.3268175872724495,4,1854
1854,1723,11.416791572897672,1.8356911215205816,6.8940723646674105,5,1855
1855,1723,13.496607333749177,1.8143397946899191,9.905082965903055,6,1856
1856,1723,15.575715018331534,1.7806269278231257,13.307612163700808,7,1857
1857,1723,17.654901668211657,1.734170687020146,17.026610163146753,8,1858
1858,1723,19.73351182601861,1.675838357696674,20.94024451823744,9,1859
1859,1723,21.81319919874084,1.6081965803054183,24.88863634515413,10,1860
1860,1723,23.89223141062445,1.5353608298506358,28.69813064763185,11,1861
1861,1723,25.970884087135605,1.4615849508903078,32.239489438561776,12,1862
1862,1723,28.05031721872654,1.3900848918414976,35.44808086457449,13,1863
1863,1723,30.12985792554345,1.3227517852653856,38.30922909338585,14,1864
1864,1723,32.20991024805544,1.2603153129265507,40.8401207771965,15,1865
1865,1723,34.2879445817707,1.202894982251106,43.06643698064782,16,1866
1866,1723,36.36816594292784,1.150074221236442,45.02237234323852,17,1867
1867,1723,38.44600423322876,1.1015254427250596,46.730149331420535,18,1868
1868,1723,40.52606561096298,1.056663269178726,48.21548425794591,19,1869
1869,1723,42.604949078128335,1.0151042886453223,49.49299348636908,20,1870
1870,1723,44.683914462633965,0.9763990674049888,50.57656533414709,21,1871
1871,1723,46.76454220285351,0.9401428072337104,51.47598261317339,22,1872
1872,1723,48.84369311139268,0.906053183356798,52.19574409505874,23,1873
1873,1723,50.92143403676813,0.8738242517247331,52.73913571767223,24,1874
1874,1723,53.00070855342506,0.8431404476745196,53.10702315750038,25,1875
