,particle_id,r,phi,z,layer_id,hit_id
2733,1190,3.100383808944437,-0.3524064012998089,4.07320347041701,1,2734
2734,1190,5.17990746872425,-0.2291088210762288,6.565641565789191,2,2735
2735,1190,7.259005658727488,-0.1549858844248769,8.86547679205128,3,2736
2736,1190,9.337683710145784,-0.1054981469940006,11.019178386470852,4,2737
2737,1190,11.417137329096612,-0.0701936686109423,13.056846907426898,5,2738
2738,1190,13.49609129394826,-0.0438814351693887,14.995479559850782,6,2739
2739,1190,15.575809039808556,-0.0236220629875422,16.848351000652386,7,2740
2740,1190,17.654639734537955,-0.0076502230082238,18.622374682841148,8,2741
2741,1190,19.73354233233959,0.0051998624612861,20.324421167247543,9,2742
2742,1190,21.81309934126205,0.0157197945047896,21.959374114792944,10,2743
2743,1190,23.89348396239072,0.0244706901633166,23.53068201658234,11,2744
2744,1190,25.970909520201563,0.0318536999800964,25.03822586731487,12,2745
2745,1190,28.05194546474136,0.0382078676575716,26.488878994799123,13,2746
2746,1190,30.13121690451081,0.0437635114149373,27.88059644956904,14,2747
2747,1190,32.21048369499056,0.0487267758010815,29.21617820891141,15,2748
2748,1190,34.28952146279781,0.0532639473724353,30.49690157640717,16,2749
2749,1190,36.36792649732957,0.0575175654563348,31.72391151747715,17,2750
2750,1190,38.44688818495934,0.0616175493007896,32.89930319359034,18,2751
2751,1190,40.526495851798295,0.0656821991543821,34.02459238298624,19,2752
2752,1190,42.60522498943278,0.0698233875178643,35.100701403173325,20,2753
2753,1190,44.683370952467726,0.0741592874829246,36.12995130822707,21,2754
2754,1190,46.76359686479447,0.0788241199405381,37.11633715495555,22,2755
2755,1190,48.84313540486193,0.0839619815388069,38.06220527281243,23,2756
2756,1190,50.922494658134354,0.0897628161316255,38.97314175697269,24,2757
2757,1190,53.00127795212856,0.0964848416811574,39.8572043186381,25,2758
