,particle_id,r,phi,z,layer_id,hit_id
2236,854,3.100770453339436,-0.0702570546945768,3.379423616891849,1,2237
2237,854,5.179212989716568,-0.0896088065213598,5.570923806287858,2,2238
2238,854,7.259654862328218,-0.1095611704558002,7.69843072847884,3,2239
2239,854,9.339587554933392,-0.1300297529136812,9.753462061491108,4,2240
2240,854,11.416765831950672,-0.150919820385828,11.72839602999275,5,2241
2241,854,13.49652119391398,-0.172205151172945,13.623201872899466,6,2242
2242,854,15.576712300509827,-0.1937794010863015,15.431295657822243,7,2243
2243,854,17.65504122607833,-0.215531241270006,17.147138200926406,8,2244
2244,854,19.733922883637373,-0.2373998978048809,18.770105004290222,9,2245
2245,854,21.81289943312841,-0.2592992506849652,20.29807254527156,10,2246
2246,854,23.89357335051428,-0.281171982063659,21.73135292803389,11,2247
2247,854,25.97193849593693,-0.3029112203893452,23.06741875564844,12,2248
2248,854,28.051043520083883,-0.3244949939825278,24.30937141326834,13,2249
2249,854,30.13084824816109,-0.3458802736813457,25.45885193022158,14,2250
2250,854,32.210742708625695,-0.3670299742792531,26.517836277251664,15,2251
2251,854,34.28955364978336,-0.3879131641646091,27.488627566579,16,2252
2252,854,36.368197952777294,-0.4085310561367009,28.374914872779183,17,2253
2253,854,38.44711615159537,-0.4288899739483973,29.18029810570631,18,2254
2254,854,40.526278411426105,-0.4490009382691596,29.908296343708443,19,2255
2255,854,42.60518722686179,-0.468879274068665,30.56235907042257,20,2256
2256,854,44.68552095252992,-0.4885691653803088,31.14657963273133,21,2257
2257,854,46.76317786482404,-0.5080680502943855,31.663443955298817,22,2258
2258,854,48.844079461035605,-0.5274753157497067,32.117899113391644,23,2259
2259,854,50.92300281199374,-0.5467939536264232,32.5121430272648,24,2260
2260,854,53.0019165271211,-0.566102778921858,32.849916497269774,25,2261
