,particle_id,r,phi,z,layer_id,hit_id
1295,511,3.100231345001662,2.246973432657723,-0.2014260331613684,1,1296
1296,511,5.1792432052793975,2.234498460582384,-0.2458367962081169,2,1297
1297,511,7.261274283662353,2.222016835372154,-0.2176782187818204,3,1298
1298,511,9.340745260770037,2.209557006983563,-0.1171946460623445,4,1299
1299,511,11.418794762454151,2.1971083438035404,0.0553015952770792,5,1300
1300,511,13.496723345066926,2.184660258021287,0.2996856209565237,6,1301
1301,511,15.575950686858487,2.1722022536012577,0.6160177049672058,7,1302
1302,511,17.654671847119705,2.159743783164121,1.0038630041229268,8,1303
1303,511,19.73444066061688,2.1472746361462827,1.463289288254458,9,1304
1304,511,21.813539562609336,2.1348045174814985,1.993625674740677,10,1305
1305,511,23.89355555732787,2.12232346256133,2.594908071839612,11,1306
1306,511,25.972770536187383,2.109841323593249,3.2661869127259493,12,1307
1307,511,28.05270741007574,2.0973483283088163,4.007408749613894,13,1308
1308,511,30.1315619014809,2.08485434701088,4.8172873872846935,14,1309
1309,511,32.210697033702,2.07234971113146,5.695604160423144,15,1310
1310,511,34.2881374015241,2.059844136568948,6.6406633656227,16,1311
1311,511,36.3681520838269,2.047308845554108,7.653577560615751,17,1312
1312,511,38.448419498287045,2.0347536121729823,8.732404450136734,18,1313
1313,511,40.52648601239857,2.0221877356838966,9.874765084143554,19,1314
1314,511,42.60588226976424,2.009582715263113,11.081485500894182,20,1315
1315,511,44.68362765094566,1.9969475233088128,12.349698113159164,21,1316
1316,511,46.76250178667141,1.9842538397225145,13.679912366638495,22,1317
1317,511,48.84176963617333,1.9714918767413223,15.070532636055418,23,1318
1318,511,50.92310947165801,1.9586336153648496,16.521577289516017,24,1319
1319,511,53.00182166537867,1.945686494510357,18.028534649611025,25,1320
