,particle_id,r,phi,z,layer_id,hit_id
1914,814,3.100399802339478,-1.0411633588058582,1.7273117448465531,1,1915
1915,814,5.179477523642115,-1.0933412873674826,2.369977068863572,2,1916
1916,814,7.259575132135044,-1.137598497163968,2.6948982903309906,3,1917
1917,814,9.338608311325777,-1.1760103692019437,2.756271734609005,4,1918
1918,814,11.418246098324149,-1.210062410977604,2.5929462455267647,5,1919
1919,814,13.49708622693717,-1.2407577062222566,2.233163885035255,6,1920
1920,814,15.5767286817014,-1.2688655294814215,1.6974911877399412,7,1921
1921,814,17.655986856064164,-1.2949251706925635,1.0019011090618974,8,1922
1922,814,19.734133211464915,-1.319353859240733,0.1588230286307661,9,1923
1923,814,21.81265737311133,-1.342500494487326,-0.8229777888590193,10,1924
1924,814,23.8924114901541,-1.3646357627507963,-1.9368050316899,11,1925
1925,814,25.9730995069235,-1.3859671764197388,-3.176987638981396,12,1926
1926,814,28.05036053925792,-1.4066248125706091,-4.536179201883851,13,1927
1927,814,30.13072856486532,-1.4268176336298273,-6.015003030689283,14,1928
1928,814,32.20873297287772,-1.446612508825661,-7.606694263194376,15,1929
1929,814,34.2895929989844,-1.4661606564961298,-9.312843861115098,16,1930
1930,814,36.36870032804336,-1.4855046483411711,-11.127657505690024,17,1931
1931,814,38.44689123693349,-1.5047256218410336,-13.04975114926061,18,1932
1932,814,40.52525696626398,-1.5238954789793873,-15.078247726571322,19,1933
1933,814,42.60506224762219,-1.5430776829798714,-17.212625700886868,20,1934
1934,814,44.68516209125664,-1.562304463771892,-19.44979174097072,21,1935
1935,814,46.76453531135432,-1.5816005797412256,-21.786282530020227,22,1936
1936,814,48.84225397295064,-1.6009831819902909,-24.218153632143707,23,1937
1937,814,50.92230179604445,-1.6205072386792123,-26.746863974465136,24,1938
1938,814,53.00123930825109,-1.6401501047640537,-29.36443106090269,25,1939
