,particle_id,r,phi,z,layer_id,hit_id
1822,975,3.100859059539316,-0.6799957045722761,3.932126356203856,1,1823
1823,975,5.179273054321528,-0.7681725239339496,6.258645618560045,2,1824
1824,975,7.258533770769834,-0.8568292556776917,8.366213934743161,3,1825
1825,975,9.33777719822945,-0.9493442831191246,10.256695935509,4,1826
1826,975,11.417299729747908,-1.048619636865979,11.908184830950772,5,1827
1827,975,13.49596757843402,-1.155631491520574,13.272012710889513,6,1828
1828,975,15.575005423005576,-1.267419819317363,14.295500492165504,7,1829
1829,975,17.654386278098617,-1.3766092880814562,14.965553389078812,8,1830
1830,975,19.73432869689765,-1.4756020372714402,15.334571020058863,9,1831
1831,975,21.81250200975645,-1.5605597397645128,15.487304396425822,10,1832
1832,975,23.892051581017512,-1.6315923062478703,15.49964631432,11,1833
1833,975,25.97143378873267,-1.690333788765034,15.42428136211369,12,1834
1834,975,28.050424067219613,-1.7388357249664743,15.295012637574006,13,1835
1835,975,30.131027035780107,-1.7790008144263083,15.132931797963987,14,1836
1836,975,32.20959387278342,-1.812300954151692,14.951896564351324,15,1837
1837,975,34.289528625945195,-1.8400264550156968,14.760519205494736,16,1838
1838,975,36.36711245735235,-1.863107086187444,14.565146953763406,17,1839
1839,975,38.44652202373202,-1.8823661851547373,14.369560204048362,18,1840
1840,975,40.52747842296256,-1.8984120766271404,14.176768610558854,19,1841
1841,975,42.60539400822575,-1.9117113083986417,13.989376190074942,20,1842
1842,975,44.68336157584457,-1.9226937592692857,13.808730933269883,21,1843
1843,975,46.76442811545066,-1.9317017523765176,13.635848352659831,22,1844
1844,975,48.84218640622252,-1.9389807293030767,13.472259131241312,23,1845
1845,975,50.92285340874617,-1.944779913564153,13.31828702403422,24,1846
1846,975,53.00226993804742,-1.94927544394466,13.174937496306594,25,1847
