,particle_id,r,phi,z,layer_id,hit_id
4098,1394,3.1009152101636293,0.0525942112491276,5.437145941787341,1,4099
4099,1394,5.179314975158668,0.0967887033201519,8.329637024877217,2,4100
4100,1394,7.25950209635764,0.1291919494787096,10.8686448934516,3,4101
4101,1394,9.338452358748912,0.1542992873139478,13.150243711310988,4,4102
4102,1394,11.417325463574343,0.1745384688583873,15.236310400197551,5,4103
4103,1394,13.49681312702304,0.1913280757966545,17.167212217985835,6,4104
4104,1394,15.577546206605236,0.205563653567538,18.971187464163144,7,4105
4105,1394,17.65701324436507,0.2178260324299182,20.666475681276506,8,4106
4106,1394,19.735531346740544,0.2285371242903409,22.26900608941355,9,4107
4107,1394,21.81473528261176,0.2380069277520639,23.7921833992691,10,4108
4108,1394,23.89260591261864,0.2464506122541893,25.244273337681868,11,4109
4109,1394,25.97328179447366,0.2540546403827616,26.636045648001645,12,4110
4110,1394,28.05163979142128,0.2609324556583728,27.97065632348012,13,4111
4111,1394,30.13157686493438,0.2672021022033348,29.256215711793743,14,4112
4112,1394,32.21041746755359,0.2729392546733816,30.49581721446105,15,4113
4113,1394,34.29041705397804,0.278218365904843,31.69492621525545,16,4114
4114,1394,36.37056019846598,0.2830925130196881,32.856520554779074,17,4115
4115,1394,38.44609850913001,0.2875982266052482,33.98123242868808,18,4116
4116,1394,40.52567564865143,0.2917932722700845,35.076576161317725,19,4117
4117,1394,42.60557955370128,0.2957019517408197,36.143022861762205,20,4118
4118,1394,44.68674150165854,0.2993535693866061,37.18329963201872,21,4119
4119,1394,46.76592306189084,0.3027663401548644,38.19787224678199,22,4120
4120,1394,48.84457785185322,0.305963423689316,39.1893847334997,23,4121
4121,1394,50.92442741065799,0.3089648814953478,40.16038540230243,24,4122
4122,1394,53.00280981184744,0.3117820120479728,41.11124079911489,25,4123
