,particle_id,r,phi,z,layer_id,hit_id
2660,1400,3.1024553065923026,1.780902566896098,-0.9068858506772716,1,2661
2661,1400,5.181555887488144,1.768730846720582,-1.4571918787492084,2,2662
2662,1400,7.259291080735349,1.7565090410411974,-1.96104723503268,3,2663
2663,1400,9.339236403696765,1.7441658982200705,-2.418972939696461,4,2664
2664,1400,11.41855287609089,1.731663327921114,-2.829692238332054,5,2665
2665,1400,13.496750717840158,1.718943425349753,-3.192252017005212,6,2666
2666,1400,15.57535058967091,1.7059275327088588,-3.505657167104623,7,2667
2667,1400,17.654719355228412,1.6925323514264812,-3.768192471224875,8,2668
2668,1400,19.733846686467164,1.678668423195466,-3.977436599777649,9,2669
2669,1400,21.81265716902257,1.6642202600266949,-4.130439800220676,10,2670
2670,1400,23.893747919062942,1.6490244791571569,-4.223443696707026,11,2671
2671,1400,25.97162185098765,1.6329380397060775,-4.251172541406032,12,2672
2672,1400,28.051067439880047,1.6156840566627828,-4.207011222326257,13,2673
2673,1400,30.13032373551084,1.596949354565094,-4.081728897579547,14,2674
2674,1400,32.209629460591614,1.5762704922093858,-3.862405830882512,15,2675
2675,1400,34.28768150192835,1.552976752580458,-3.530358498485452,16,2676
2676,1400,36.36819398139994,1.5259314643624524,-3.05541731769069,17,2677
2677,1400,38.446188762671234,1.4932881368500663,-2.3886555261072804,18,2678
2678,1400,40.5250293397991,1.4511181411364968,-1.4312089109903263,19,2679
2679,1400,42.60440368326666,1.389086286034542,0.0659252184659848,20,2680
2680,1400,44.68348568603985,1.245590917283429,3.480027141299716,21,2681
2681,1400,46.76259241997257,0.6941079325413704,16.30774626054056,22,2682
2682,1400,48.842004493543655,0.8531654616535126,19.127265439673245,23,2683
2683,1400,50.921037400914685,0.9526060317710564,21.57599522737396,24,2684
2684,1400,53.00011985076346,0.9899079065427984,25.807517529684816,25,2685
