,particle_id,r,phi,z,layer_id,hit_id
2337,1545,3.1002011055632925,-2.792746245271475,-0.7043046773925923,1,2338
2338,1545,5.179455983014513,-2.561794341006399,-0.3359808647149904,2,2339
2339,1545,7.258932325073361,-2.4463557340648068,0.2060217319217514,3,2340
2340,1545,9.338920346482016,-2.3749278303858947,0.8764235066153887,4,2341
2341,1545,11.418353239556223,-2.3259103896090214,1.6586101982180566,5,2342
2342,1545,13.497035065057355,-2.29025542303422,2.5462275543782624,6,2343
2343,1545,15.575790471125366,-2.263436001063257,3.538634880175998,7,2344
2344,1545,17.65568377893473,-2.2429318125326265,4.6390905618145055,8,2345
2345,1545,19.73417656834124,-2.227265561512675,5.8519958225693145,9,2346
2346,1545,21.812939756761285,-2.2154917793051125,7.187213799894948,10,2347
2347,1545,23.893191129220245,-2.2070371128014497,8.658482552799633,11,2348
2348,1545,25.971387918842684,-2.2015956991030685,10.280984173383525,12,2349
2349,1545,28.05089481938223,-2.199044416482272,12.081987796946834,13,2350
2350,1545,30.13064067666324,-2.1994816306454408,14.095994153525794,14,2351
2351,1545,32.20986856400652,-2.2032599437829896,16.37442734689433,15,2352
2352,1545,34.28789543722816,-2.211133537836359,18.998284557249896,16,2353
2353,1545,36.36741696782121,-2.22465903799706,22.112752177360623,17,2354
2354,1545,38.44601814896474,-2.2472764480138228,25.99774611428814,18,2355
2355,1545,40.52534979355158,-2.2891005503602924,31.40610849741301,19,2356
2356,1545,42.60426790075466,-2.4282847285953952,43.269450987669536,20,2357
2357,1545,44.68360732729471,-2.862254193999978,63.58348701192285,21,2358
2358,1545,46.76346373481505,-2.9964471686130176,68.54704811019874,22,2359
2359,1545,48.84286830354132,-3.0838373076713186,71.8784349863075,23,2360
2360,1545,50.92219096269108,3.13433624324948,74.53363825342575,24,2361
2361,1545,53.00114534068125,3.0833249576739723,76.81558960179069,25,2362
