,particle_id,r,phi,z,layer_id,hit_id
154,250,3.1006963940178105,0.67137400842189,0.1553464469953427,1,155
155,250,5.180837052542547,0.6960119704693738,0.3290221080538034,2,156
156,250,7.258382627866903,0.7203652555618523,0.561848264287419,3,157
157,250,9.337876235149768,0.7442997876541212,0.8559896413289518,4,158
158,250,11.418724697225471,0.7676525306527082,1.2118735294960707,5,159
159,250,13.496829571886044,0.7902602442684166,1.6279254775478638,6,160
160,250,15.576960038973764,0.8120946682570837,2.1032974491309524,7,161
161,250,17.656286251055835,0.8330794070589654,2.634919223300976,8,162
162,250,19.73486758486756,0.8531996000425974,3.219816616623166,9,163
163,250,21.813853679528503,0.8724740329604984,3.855146427952627,10,164
164,250,23.89351478211825,0.8909302007641327,4.537834676543686,11,165
165,250,25.971077543129976,0.9085830696859366,5.263839072343047,12,166
166,250,28.052180619102568,0.9255275110524086,6.032305483421762,13,167
167,250,30.130554336327865,0.9417654216630869,6.838381310752044,14,168
168,250,32.20855190425841,0.9573732954525936,7.68070371370143,15,169
169,250,34.28812664136721,0.9724234713424128,8.558331327207494,16,170
170,250,36.368399033573,0.9869675008849356,9.46966294967678,17,171
171,250,38.447887906890216,1.001053988649963,10.413300961645849,18,172
172,250,40.526746581145,1.0147433827014751,11.389152021799696,19,173
173,250,42.60423645411768,1.028090714613804,12.397414248311502,20,174
174,250,44.68531048466934,1.041188089532846,13.442013568663867,21,175
175,250,46.76408650921119,1.0540617530465872,14.522600237126134,22,176
176,250,48.84383531698702,1.06680064841358,15.644862741123212,23,177
177,250,50.92235570085924,1.0794680495921989,16.813626221045077,24,178
178,250,53.00143326096036,1.0921653739804118,18.03880370044705,25,179
