,particle_id,r,phi,z,layer_id,hit_id
41,102,3.1007025800239503,-1.5799974961191126,4.6918715760881895,1,42
42,102,5.179404440169559,-1.5374698128231723,8.467545592382557,2,43
43,102,7.259343467084322,-1.472781129440884,13.115431924053963,3,44
44,102,9.338184443265948,-1.3536982216301174,19.50618487994892,4,45
45,102,11.416826722586906,-1.0184918250804171,30.4847891817864,5,46
46,102,13.496043762754253,-0.5511927474351488,39.60722401508066,6,47
47,102,15.57549557615492,-0.2947171598188067,43.6059969552072,7,48
48,102,17.654461615171105,-0.1271530548727749,46.04787828488786,8,49
49,102,19.73357606789463,-0.0040160188991721,47.73990594058549,9,50
50,102,21.81408285980576,0.0926315090638864,48.953739088197,10,51
51,102,23.891837407868337,0.1716513221590297,49.80847840023674,11,52
52,102,25.97184024930252,0.2384519958809264,50.36904190440988,12,53
53,102,28.050710426182885,0.2961900618753912,50.66932491545839,13,54
54,102,30.12928793967369,0.3470857320582918,50.72983491694304,14,55
55,102,32.20992132791473,0.3927194835493731,50.56161841173007,15,56
56,102,34.28773152664223,0.4340945664592031,50.170813851805946,16,57
57,102,36.36839729466814,0.4721500750960557,49.55815101888192,17,58
58,102,38.44764898533812,0.5074335561945992,48.72375108920528,18,59
59,102,40.52621899702847,0.540449888021604,47.66475392443863,19,60
60,102,42.60539702750917,0.5716050748207212,46.37607919842425,20,61
61,102,44.68465969205549,0.6011988770487976,44.8522691115398,21,62
62,102,46.76327617773038,0.6294715531287818,43.08723853574213,22,63
63,102,48.841792172406095,0.656636454979195,41.07296299830247,23,64
64,102,50.92146602547292,0.6828802539680976,38.79931564737272,24,65
65,102,53.00017291291503,0.7083210645738457,36.25866988030957,25,66
