,particle_id,r,phi,z,layer_id,hit_id
171,278,3.10062927369884,-1.7475674908259973,0.3629330575166971,1,172
172,278,5.179874781499735,-1.7868407786102791,0.6097330835858195,2,173
173,278,7.259237990169479,-1.8243817113518608,0.8512099832970925,3,174
174,278,9.337873397867249,-1.86020864330147,1.0809308367232813,4,175
175,278,11.418299173461383,-1.894443143281233,1.2933509505754888,5,176
176,278,13.497400342319873,-1.9271444591894296,1.4827909831100818,6,177
177,278,15.576013839787583,-1.958458528363429,1.644350961348808,7,178
178,278,17.6545021106298,-1.9885333413549744,1.773288880195052,8,179
179,278,19.73531392884297,-2.017549895622511,1.8650051520473312,9,180
180,278,21.813285734168563,-2.045585565363456,1.91455636165184,10,181
181,278,23.89278843665524,-2.0728489981718305,1.91718788826069,11,182
182,278,25.97307529535069,-2.0994770231877538,1.867621622003228,12,183
183,278,28.050710087022004,-2.1255734674477464,1.760391232194939,13,184
184,278,30.12932870693107,-2.151331701576301,1.5891896149875873,14,185
185,278,32.2097336974601,-2.1769098978066435,1.346897476270014,15,186
186,278,34.28755445804454,-2.2024065839724325,1.0262511809894903,16,187
187,278,36.36748483670553,-2.228037289468154,0.6176377965380251,17,188
188,278,38.44653720595465,-2.2539311786721044,0.1113414276575621,18,189
189,278,40.5257748899061,-2.280277887854201,-0.5046320444539383,19,190
190,278,42.60548948797579,-2.3072711477543515,-1.244033738322308,20,191
191,278,44.68522809158469,-2.33511070113484,-2.122457399259861,21,192
192,278,46.76391015989847,-2.364003580420606,-3.1573708324683363,22,193
193,278,48.84199318597552,-2.39419316914423,-4.369288728683571,23,194
194,278,50.92144429279713,-2.4259595417184263,-5.7823203938580745,24,195
195,278,53.00052189090592,-2.4595299806843767,-7.420138885063053,25,196
