,particle_id,r,phi,z,layer_id,hit_id
666,679,3.100130822706553,-0.085772908038056,1.4718622200253648,1,667
667,679,5.180438504945561,-0.062086782943766,2.52700961666474,2,668
668,679,7.259239163910179,-0.0341911603022098,3.67700291738926,3,669
669,679,9.338150096023057,0.0007565336804639,5.018172300677518,4,670
670,679,11.416763758821125,0.0569029168422283,7.242812361858903,5,671
671,679,11.416571002136076,0.0645333828004246,7.891190723445651,5,672
672,679,9.337394226941836,-0.0413875044515767,8.522104027731139,4,673
673,679,7.258313325944517,-0.3576563660062755,7.529571359599028,3,674
674,679,7.258503946037918,-1.2405587399500555,3.2433044528946766,3,675
675,679,9.337989103746796,-1.6663063403713445,-1.3512432705579815,4,676
676,679,11.416765333848204,-1.9693390660317471,-6.809228820295228,5,677
677,679,13.496215818129354,-2.3064570605500228,-13.59408754759485,6,678
678,679,15.575452506927263,-2.6224314958349524,-19.40982223709653,7,679
679,679,17.65439384406486,-2.862059201351881,-23.461766619024328,8,680
680,679,19.73355797178233,-3.058035641659985,-26.50174712415902,9,681
681,679,21.81253082038048,3.031541470659028,-28.944209034241087,10,682
682,679,23.891746182641484,2.780586862024469,-30.58900260757991,11,683
683,679,25.970874765216745,2.524345829362789,-30.61745114263086,12,684
684,679,28.05020894640733,2.355887981994101,-29.995179690973305,13,685
685,679,30.129660076587893,2.238647621122387,-29.27760173721043,14,686
686,679,32.209823961921195,2.149867285138749,-28.548724150878225,15,687
687,679,34.28899443742139,2.079166075594153,-27.82432681588281,16,688
688,679,36.36857785533742,2.0209265845609257,-27.10665836531532,17,689
689,679,38.44758296940479,1.971849824648548,-26.396032256278527,18,690
690,679,40.52704202341659,1.9297519343148053,-25.691492668797725,19,691
691,679,42.60522674014581,1.8931796163453407,-24.9930136054564,20,692
692,679,44.68434408586704,1.8610250831768136,-24.299380718856288,21,693
693,679,46.76321316277943,1.8325147720933617,-23.61067762455185,22,694
694,679,48.84409451358558,1.8070145729028195,-22.925994095739444,23,695
695,679,50.922658058523645,1.7841029011592948,-22.246712815864644,24,696
696,679,53.00023419480472,1.7633826148646286,-21.572454928042784,25,697
