,particle_id,r,phi,z,layer_id,hit_id
524,494,3.100174634273249,-2.568526434530801,6.040498545928557,1,525
525,494,5.180251606597781,-2.795664443379976,6.392657183428845,2,526
526,494,7.258376496012418,-2.8978108385243124,6.537415474435257,3,527
527,494,9.338773457362809,-2.958728181881846,6.566067688524207,4,528
528,494,11.416724183953944,-3.000207675116205,6.516196189243068,5,529
529,494,13.49682803837006,-3.030876887232485,6.408515316739916,6,530
530,494,15.575521380549244,-3.054746000266564,6.256302342373303,7,531
531,494,17.655307543261333,-3.0740593720291005,6.068366972936211,8,532
532,494,19.73376608392948,-3.0901126799636853,5.851415311633161,9,533
533,494,21.8143477841422,-3.1037713599245,5.60994887286229,10,534
534,494,23.89238524294964,-3.115568882279641,5.348290917724874,11,535
535,494,25.972464698401662,-3.1259265872420463,5.068871470668888,12,536
536,494,28.051708580235456,-3.1351144073864936,4.7744911623109445,13,537
537,494,30.132278670818604,3.139831029816212,4.466842083519524,14,538
538,494,32.210628398957624,3.1323905839664525,4.14812889484417,15,539
539,494,34.28775912056218,3.125618236036973,3.8196389679387854,16,540
540,494,36.36955890687748,3.119396536481946,3.4816296297314864,17,541
541,494,38.44742415006926,3.113671318752987,3.1365408718559493,18,542
542,494,40.52868603777707,3.108356721736101,2.7840751633376897,19,543
543,494,42.6054551476328,3.103418745080438,2.426379565116541,20,544
544,494,44.68626699642079,3.098792019980249,2.0627037762785534,21,545
545,494,46.76379837742408,3.094455255252333,1.6949672240124372,22,546
546,494,48.843337378505055,3.0903650778905223,1.3228196762429576,23,547
547,494,50.92213243408077,3.086499706318702,0.9472799124296216,24,548
548,494,53.00185344160162,3.082832425391305,0.5685336538285739,25,549
