,particle_id,r,phi,z,layer_id,hit_id
2824,2019,3.10072855792831,1.8302381205938727,5.258127674753652,1,2825
2825,2019,5.180103916312337,1.8333404788749053,9.397025478828285,2,2826
2826,2019,7.258696904276064,1.838608680591156,14.275903124025447,3,2827
2827,2019,9.337622040580134,1.8496722374892605,20.594155691414457,4,2828
2828,2019,9.337022076113394,1.9457437262024888,33.06458579178734,4,2829
2829,2019,7.258092412359393,2.0304556572022534,33.251994474072035,3,2830
2830,2019,5.178530004202811,2.1617161253894954,31.914150168502687,2,2831
2831,2019,3.0989357741514403,2.4693867857300664,29.55314032809048,1,2832
2832,2019,3.10041048089805,-1.975444100978774,22.81527692001309,1,2833
2833,2019,5.180630828949309,-1.6681936370320043,18.780769652117527,2,2834
2834,2019,7.2597484577519324,-1.5383777325660015,14.688122318970215,3,2835
2835,2019,9.338733386729547,-1.4595826370647969,10.354217614525297,4,2836
2836,2019,11.41812807344249,-1.4022963324404003,5.73767884879156,5,2837
2837,2019,13.496421004237838,-1.3555766990529192,0.8223128309907395,6,2838
2838,2019,15.575578494095256,-1.3141660148917518,-4.413149741333939,7,2839
2839,2019,17.654328869792142,-1.275132058250552,-9.983340694015602,8,2840
2840,2019,19.7348775835078,-1.236456710929832,-15.91385929318546,9,2841
2841,2019,21.81330362800948,-1.1966689189311506,-22.212740081682497,10,2842
2842,2019,23.892858494830904,-1.154323305251208,-28.9042366036807,11,2843
2843,2019,25.971700327932936,-1.1081035543913014,-35.98262558606184,12,2844
2844,2019,28.05121723724561,-1.0566546986671563,-43.41890500990679,13,2845
2845,2019,30.13007476758648,-0.9989167136591098,-51.10887345156577,14,2846
2846,2019,32.209076540320524,-0.9345141781908798,-58.85196353186047,15,2847
2847,2019,34.28827761384991,-0.8645430113563132,-66.33021416069327,16,2848
2848,2019,36.36694832608066,-0.791874913234971,-73.17832387373191,17,2849
2849,2019,38.44625318207145,-0.7202072444230556,-79.13018035429766,18,2850
2850,2019,40.52508550422422,-0.6527150446720564,-84.09269488946374,19,2851
2851,2019,42.60441236316673,-0.5910992395321213,-88.12831494949322,20,2852
2852,2019,44.68418818590153,-0.5358589315239929,-91.36509004279677,21,2853
2853,2019,46.76258889058818,-0.4868080222698193,-93.93771850866152,22,2854
2854,2019,48.843003512109526,-0.4433272566355074,-95.9695884888099,23,2855
2855,2019,50.92227152697141,-0.4048634762236989,-97.55328061159132,24,2856
2856,2019,53.00095501629474,-0.3708018322506162,-98.7644976135109,25,2857
