,particle_id,r,phi,z,layer_id,hit_id
1109,1035,3.1013897465518534,-0.7039743984010628,0.2106763305692993,1,1110
1110,1035,5.182046474076967,-0.7015125921039532,0.2961853832573311,2,1111
1111,1035,7.258956902472669,-0.6990885613728809,0.3362539467258685,3,1112
1112,1035,9.33926955405221,-0.6966904661124893,0.3305028753418355,4,1113
1113,1035,11.420828789527604,-0.694317283392053,0.2782223024968147,5,1114
1114,1035,13.497008468947657,-0.6919727562875385,0.1791217741790731,6,1115
1115,1035,15.578672526574262,-0.689640706807415,0.0320433021406216,7,1116
1116,1035,17.654541622307487,-0.6873296691725934,-0.1628811518585138,8,1117
1117,1035,19.73479562454099,-0.6850239473775815,-0.4072817491703731,9,1118
1118,1035,21.81630445478323,-0.6827224083033121,-0.7017658701564287,10,1119
1119,1035,23.89173331667402,-0.680428177345884,-1.045949847945664,11,1120
1120,1035,25.973911792676503,-0.6781216807435634,-1.4428774143291676,12,1121
1121,1035,28.050785000187883,-0.6758104049548814,-1.891260339088248,13,1122
1122,1035,30.12993629497721,-0.6734794825809167,-2.393652538460536,14,1123
1123,1035,32.21024823292142,-0.6711229602200351,-2.9510323192407952,15,1124
1124,1035,34.29000656966864,-0.6687347464468846,-3.564173074932309,16,1125
1125,1035,36.36685765160747,-0.6663085769320034,-4.233551389193295,17,1126
1126,1035,38.44804220586961,-0.6638255826818537,-4.9629919249688434,18,1127
1127,1035,40.52544900883393,-0.6612834551018304,-5.751240092067601,19,1128
1128,1035,42.606503864857466,-0.6586590607009232,-6.602833882755927,20,1129
1129,1035,44.683442357050176,-0.6559455560635232,-7.516480121129884,21,1130
1130,1035,46.76488010890391,-0.653111455501447,-8.49811615705838,22,1131
1131,1035,48.84367716054662,-0.6501414454623221,-9.54685518079599,23,1132
1132,1035,50.9229500630321,-0.6469998847028454,-10.666882783693126,24,1133
1133,1035,53.00182939668576,-0.6436473083460761,-11.860870458233162,25,1134
