,particle_id,r,phi,z,layer_id,hit_id
147,185,3.10142857975676,-2.611284186645719,-0.549776080506021,1,148
148,185,5.179167453966941,-2.608226811574029,-0.8586600107508389,2,149
149,185,7.26212729251081,-2.605004703151033,-1.1200665138303665,3,150
150,185,9.337966332002654,-2.6016255810420814,-1.331880544997702,4,151
151,185,11.419849891899982,-2.598054827433929,-1.4945662253190903,5,152
152,185,13.499360778385975,-2.5942910927442813,-1.6061100860627846,6,153
153,185,15.576363004552157,-2.590317666823464,-1.6651213410629424,7,154
154,185,17.654433093270057,-2.586107422212493,-1.6698061973838492,8,155
155,185,19.73644983571857,-2.5816295881908875,-1.6175662275603742,9,156
156,185,21.81266471204264,-2.576877158827495,-1.5057906054316703,10,157
157,185,23.892523368443303,-2.5717951961861614,-1.330485939522532,11,158
158,185,25.972451802691445,-2.5663509253489405,-1.0874136818746931,12,159
159,185,28.051610070588698,-2.560497230059623,-0.771345136965607,13,160
160,185,30.13121755633515,-2.55416961900212,-0.3754778248054009,14,161
161,185,32.2103201088823,-2.547294224855928,0.1083067157740487,15,162
162,185,34.288695701388455,-2.539773951562045,0.6904319699620487,16,163
163,185,36.3687818987435,-2.5314703272412804,1.3853671424569427,17,164
164,185,38.447588622483806,-2.5222205004439107,2.2104199761599403,18,165
165,185,40.526589034829,-2.5117737911251727,3.191272409011333,19,166
166,185,42.60633725885664,-2.4997658423699582,4.364686576483209,20,167
167,185,44.683941738733765,-2.485648753215985,5.7846739090885535,21,168
168,185,46.76428210033422,-2.468408944168768,7.548829502299327,22,169
169,185,48.8425165407121,-2.446123565603457,9.83632885253624,23,170
170,185,50.92165961550586,-2.413542622415524,13.121078449245276,24,171
171,185,53.000069001443,-2.3235376442822497,21.41828333048023,25,172
