,particle_id,r,phi,z,layer_id,hit_id
1925,1162,3.1031372682113214,-1.243075417139464,0.7175941057234141,1,1926
1926,1162,5.180859976267566,-1.2311446063390468,1.1573848254518992,2,1927
1927,1162,7.259878496175612,-1.2200465057981948,1.5691306309603732,3,1928
1928,1162,9.33850361134568,-1.2096687870213934,1.955321086964091,4,1929
1929,1162,11.420106269883057,-1.1998974565535487,2.3188012551744706,5,1930
1930,1162,13.498239103221188,-1.1906822115946536,2.6602612030686714,6,1931
1931,1162,15.578451295030476,-1.1819313703410947,2.982082386519721,7,1932
1932,1162,17.65578208687422,-1.1736100082101015,3.284662887509022,8,1933
1933,1162,19.733536716402813,-1.1656572755725358,3.569432598723949,9,1934
1934,1162,21.81576337738064,-1.158018913754167,3.837602443407434,10,1935
1935,1162,23.894960108161435,-1.1506884045823145,4.088739293975095,11,1936
1936,1162,25.97186203920064,-1.1436323556969796,4.32340239375263,12,1937
1937,1162,28.051710439386216,-1.1368072333496009,4.542459522219119,13,1938
1938,1162,30.131856251549262,-1.1301996262577088,4.7457694439852816,14,1939
1939,1162,32.20978886521493,-1.1237972678420136,4.9331875861880405,15,1940
1940,1162,34.291568716655746,-1.1175640190856388,5.105235318478968,16,1941
1941,1162,36.37083566950926,-1.1115033642790677,5.261287551885694,17,1942
1942,1162,38.449758337602844,-1.1055945870105548,5.401384525190835,18,1943
1943,1162,40.526399076724,-1.0998303198519543,5.5252061711502805,19,1944
1944,1162,42.60744346387148,-1.0941808306679968,5.632845520409184,20,1945
1945,1162,44.68687965313879,-1.08865238488849,5.723620841476539,21,1946
1946,1162,46.76301208144884,-1.0832397276621224,5.797127435934456,22,1947
1947,1162,48.84274930867818,-1.0779163209751643,5.853164549092291,23,1948
1948,1162,50.92449151284252,-1.072678799460251,5.89112614879911,24,1949
1949,1162,53.00241430716216,-1.0675344759321044,5.910392040593877,25,1950
