,particle_id,r,phi,z,layer_id,hit_id
227,279,3.1019845214428887,-2.523087568570724,0.0600628342847144,1,228
228,279,5.181169592095752,-2.52306256821955,0.1674730321725519,2,229
229,279,7.259142657332393,-2.522954336650652,0.3369326960809999,3,230
230,279,9.340126414654645,-2.522729512972211,0.5782567979669295,4,231
231,279,11.416763660477825,-2.5223415915485243,0.9028737880584004,5,232
232,279,13.49710479069378,-2.521718181630728,1.328877083281732,6,233
233,279,15.576415600554547,-2.5207490710376543,1.8795186823033632,7,234
234,279,17.656256865871185,-2.5192477840346843,2.591486993427658,8,235
235,279,19.73410348024574,-2.5168770544022383,3.5233612558634846,9,236
236,279,21.81389544596405,-2.5129155142870783,4.788880866665572,10,237
237,279,23.89258942553773,-2.505415106942308,6.653707082036178,11,238
238,279,25.97084948996037,-2.4831337196307373,10.404463404522224,12,239
239,279,25.97069318820926,-2.411686303143382,16.75587001635933,12,240
240,279,23.89150941297592,-2.272340072808295,22.526876404811382,11,241
241,279,23.892171894038952,-1.6253827065040776,30.312962445826045,11,242
242,279,25.97180497730104,-1.5263972654382667,30.26841675681949,12,243
243,279,28.05028118103149,-1.4688118527808327,29.79386327595013,13,244
244,279,30.13026706395926,-1.4341376734068734,29.032779982562765,14,245
245,279,32.208957149502744,-1.4149892026876427,28.03846190102868,15,246
246,279,34.28803972150764,-1.407391414116765,26.838408893237744,16,247
247,279,36.36703762655921,-1.4088866605616135,25.45558335070056,17,248
248,279,38.446521841435946,-1.4177156145155518,23.916033247756527,18,249
249,279,40.52508798959803,-1.432423067583874,22.257541966879685,19,250
250,279,42.60424439433204,-1.4516828169431293,20.530678264761544,20,251
251,279,44.68409902386699,-1.4742022693519357,18.80389568236926,21,252
252,279,46.76330963571776,-1.4987531093046835,17.160333904813278,22,253
253,279,48.84180884047398,-1.524333364803663,15.686241980003668,23,254
254,279,50.92161075273508,-1.5503172249075208,14.459244474121704,24,255
255,279,53.000685352361295,-1.5764311262620263,13.54380309319183,25,256
