,particle_id,r,phi,z,layer_id,hit_id
1228,767,3.100485159568766,-1.0839995697781604,-0.939479003670222,1,1229
1229,767,5.179406368452692,-1.0333485652915262,-1.7654043514245783,2,1230
1230,767,7.259073295496597,-0.9956636886446738,-2.6952336249068694,3,1231
1231,767,9.338762718877694,-0.9663625783837716,-3.7089278918282247,4,1232
1232,767,11.417754571320636,-0.9428751598600712,-4.795638941846434,5,1233
1233,767,13.497798890154996,-0.9236141644365944,-5.9507285668794125,6,1234
1234,767,15.575842666681256,-0.907590630759714,-7.169793131520912,7,1235
1235,767,17.65532426275132,-0.8940881888879773,-8.454087768581502,8,1236
1236,767,19.73494818995704,-0.8826339247260347,-9.803576024931989,9,1237
1237,767,21.81377348306104,-0.8728825671764412,-11.219477540134823,10,1238
1238,767,23.89263460026251,-0.8645722079527279,-12.705248343609943,11,1239
1239,767,25.97098451723602,-0.8575134912646013,-14.264453310443349,12,1240
1240,767,28.051030969243623,-0.8515576435031238,-15.903931256621911,13,1241
1241,767,30.12996244611078,-0.8466087719633075,-17.62790819309378,14,1242
1242,767,32.20895195178558,-0.8425897271631188,-19.44524361332316,15,1243
1243,767,34.287687186902815,-0.839454016523071,-21.365521070239545,16,1244
1244,767,36.36807287560224,-0.8371774113394977,-23.402969474162333,17,1245
1245,767,38.446495870005485,-0.8357666061869465,-25.56968911228783,18,1246
1246,767,40.525322329315344,-0.8352501383325196,-27.88825553472537,19,1247
1247,767,42.60550294021135,-0.835695024502005,-30.386854782441176,20,1248
1248,767,44.684814065309446,-0.8372150944167658,-33.09994559505223,21,1249
1249,767,46.76368972051209,-0.8399958878303354,-36.0814340960038,22,1250
1250,767,48.84229759898868,-0.8443448277675734,-39.41431145652636,23,1251
1251,767,50.92092201838129,-0.8508045137170559,-43.24164801387667,24,1252
1252,767,53.00052983612657,-0.8604782560887796,-47.86091494873494,25,1253
