,particle_id,r,phi,z,layer_id,hit_id
0,54,3.100485559619304,-1.0520986881858132,1.289301022973656,1,1
1,54,5.181098213935269,-1.0307411393189352,2.272406628785494,2,2
2,54,7.260172024036112,-1.0081512937161528,3.347512901341488,3,3
3,54,9.338652588252168,-0.984048558402317,4.514353666467183,4,4
4,54,11.417367464567642,-0.9580909277089146,5.773530475136765,5,5
5,54,13.496060402799149,-0.9298630934399844,7.125738164898927,6,6
6,54,15.575917267204408,-0.898805768672796,8.57320348557811,7,7
7,54,17.65561657736719,-0.8642144632990668,10.116762444365456,8,8
8,54,19.733990291104803,-0.8251154847207413,11.756971413640915,9,9
9,54,21.81297449532511,-0.7800372535781291,13.495673617495488,10,10
10,54,23.89281818074616,-0.7267791044684098,15.330105630689555,11,11
11,54,25.97176151493438,-0.6618097520676691,17.246611366914838,12,12
12,54,28.05010960838623,-0.5786544598899821,19.208961838326537,13,13
13,54,30.12970597823765,-0.4633070093524818,21.107317236676263,14,14
14,54,32.20863768337556,-0.2726123903096006,22.499371580376195,15,15
15,54,32.20825135500131,0.5752341165622181,15.254897069908388,15,16
16,54,30.12903525914784,0.9051877433581688,10.90660804162077,14,17
17,54,30.129365138421083,0.9626500898189512,3.4550189038163355,14,18
18,54,32.208593469310365,0.9023069628050072,-1.3806579249838158,15,19
19,54,34.288449674301354,0.8605453867131555,-5.063075613268795,16,20
20,54,36.367411448457545,0.8294985453585563,-8.326394642464688,17,21
21,54,38.44627478027966,0.805634898399486,-11.355494471968017,18,22
22,54,40.52582051932365,0.786945461838754,-14.229103899765192,19,23
23,54,42.60421905621389,0.772155511369995,-16.984856844021166,20,24
24,54,44.683552985014536,0.7603541696794885,-19.648459725423898,21,25
25,54,46.76355985249439,0.7508911560976774,-22.23324605748169,22,26
26,54,48.84170762620033,0.7432778352332724,-24.744482697902328,23,27
27,54,50.92187615206938,0.7371073809385702,-27.191707705123925,24,28
28,54,53.00044889242703,0.7320716483728585,-29.57305365532069,25,29
