,particle_id,r,phi,z,layer_id,hit_id
1709,1033,3.100622940037235,-2.421939152207025,0.2372969234115132,1,1710
1710,1033,5.180878345811101,-2.403817951952425,0.3708810642984836,2,1711
1711,1033,7.260732119266739,-2.3850686421903564,0.4891890832854955,3,1712
1712,1033,9.338968604429246,-2.36555533016536,0.5972197319811396,4,1713
1713,1033,11.417998101266996,-2.34508109341591,0.7008010052714564,5,1714
1714,1033,13.498066871164127,-2.323430501554595,0.8065752728528395,6,1715
1715,1033,15.576874968957677,-2.300365177868446,0.9223905460999688,7,1716
1716,1033,17.65572313486537,-2.275537703038051,1.0581957518956635,8,1717
1717,1033,19.73533133511118,-2.2484997242473868,1.2267715691742982,9,1718
1718,1033,21.8138640576258,-2.218680305192797,1.444971108664534,10,1719
1719,1033,23.89170417851886,-2.185236032489516,1.7365574349273132,11,1720
1720,1033,25.971983598024952,-2.1468559461320984,2.137289983050019,12,1721
1721,1033,28.05129323970488,-2.1015949612277747,2.702478164292203,13,1722
1722,1033,30.12988391677947,-2.045948511169499,3.529341914057244,14,1723
1723,1033,32.20837992317296,-1.9728223688729736,4.81367965852065,15,1724
1724,1033,34.287904078439006,-1.863872209508304,7.059004744691052,16,1725
1725,1033,36.36669004408611,-1.639006679423152,12.44480897529458,17,1726
1726,1033,38.44608670476574,-1.105938840485431,26.005196735165832,18,1727
1727,1033,40.52516974296044,-0.7980176125946443,32.79030190006922,19,1728
1728,1033,40.52497191447199,-0.6673909239831435,28.57477694252041,19,1729
1729,1033,38.44570223689089,-0.8409248630813323,15.085350721132826,18,1730
1730,1033,36.366601605361055,-1.089295163347825,-24.469031866402496,17,1731
1731,1033,34.28746613127059,-1.0427733539367263,-35.23158161762691,16,1732
1732,1033,34.28751298121344,-1.1113617995841902,-38.586053802519366,16,1733
1733,1033,36.367091357520046,-1.3188400769966897,-44.06707196236562,17,1734
1734,1033,38.44596828743417,-1.4295321826419225,-46.43752654426972,18,1735
1735,1033,40.525293715740055,-1.5129496008625842,-48.08834528269456,19,1736
1736,1033,42.60507312392826,-1.5812709161694023,-49.31536910463437,20,1737
1737,1033,44.684393404612926,-1.6398798145376263,-50.20917005339224,21,1738
1738,1033,46.76284309485305,-1.691982691365445,-50.78431748428469,22,1739
1739,1033,48.841744695801246,-1.7400554896404012,-50.99482907019075,23,1740
1740,1033,50.921050359520834,-1.7868247028974715,-50.68429309781733,24,1741
1741,1033,53.00020496664705,-1.8391385856718183,-49.213909639803006,25,1742
