,particle_id,r,phi,z,layer_id,hit_id
348,363,3.101022501483804,3.070118124595419,-2.631811068886452,1,349
349,363,5.180407031740313,3.007540794183404,-4.868743167559744,2,350
350,363,7.258611182271569,2.9377853806188847,-7.507119123358338,3,351
351,363,9.338237422043283,2.8597950325410726,-10.556149897771368,4,352
352,363,11.417445565386869,2.773065945811612,-13.990785642590769,5,353
353,363,13.49583354887771,2.677929623921283,-17.74203414010465,6,354
354,363,15.575874716871448,2.5759000416327607,-21.69204156769568,7,355
355,363,17.654524488082593,2.470108306775151,-25.671997649433465,8,356
356,363,19.73432541601162,2.364100646730331,-29.521749252839243,9,357
357,363,21.8129560887071,2.2613353021869536,-33.11171937330866,10,358
358,363,23.8926121907076,2.164008269981857,-36.37813242315914,11,359
359,363,25.97115535938536,2.073381913323169,-39.30023768304032,12,360
360,363,28.05031678869995,1.989674513871722,-41.89500281823464,13,361
361,363,30.129176371336527,1.912698985797748,-44.19100846481415,14,362
362,363,32.20986439053297,1.8419006860165208,-46.22496981200141,15,363
363,363,34.28804631277532,1.7768487018736725,-48.02670592865807,16,364
364,363,36.36834621974678,1.7168159484597465,-49.631133913835264,17,365
365,363,38.44709069856835,1.661367463563705,-51.062294509529735,18,366
366,363,40.52565564988882,1.6099716529786077,-52.344481056228425,19,367
367,363,42.605564396549546,1.562161682731732,-53.49820981328983,20,368
368,363,44.684081053919,1.5176223856003372,-54.53867051979508,21,369
369,363,46.76386889056927,1.475967376989081,-55.4813887949501,22,370
370,363,48.84269129963315,1.436956536950451,-56.33737851055447,23,371
371,363,50.92145687477952,1.400322944543186,-57.11734752633488,24,372
372,363,53.00217914256727,1.365818474062476,-57.8307449509253,25,373
