,particle_id,r,phi,z,layer_id,hit_id
614,738,3.101100221767855,2.429650984000434,-2.336580236912276,1,615
615,738,5.180900147677355,2.396039419785,-4.003451291392352,2,616
616,738,7.258387061559217,2.359936899036732,-5.730186081323843,3,617
617,738,9.337674023347098,2.3208272375215344,-7.49420118417045,4,618
618,738,11.41768102654568,2.2782338009608667,-9.254459384925845,5,619
619,738,13.496037370901286,2.231723035603093,-10.948663342637431,6,620
620,738,15.575121173417044,2.1808860888993027,-12.49257595230241,7,621
621,738,17.6548150431577,2.1257038855542243,-13.772704828057227,8,622
622,738,19.73346849620001,2.0668224174490493,-14.65962631766198,9,623
623,738,21.8127570573979,2.005591740211916,-15.040424933776883,10,624
624,738,23.89195222265355,1.944052428168876,-14.854136788077732,11,625
625,738,25.97145310197456,1.8842912322261511,-14.112774830334873,12,626
626,738,28.05035504980905,1.827944278805594,-12.887220278911975,13,627
627,738,30.12946610882168,1.775880542551611,-11.272790607507003,14,628
628,738,32.20866225604945,1.7283759481776135,-9.36279802937038,15,629
629,738,34.28824118437645,1.6852996475905375,-7.234714451432175,16,630
630,738,36.36779676011181,1.6463341426282383,-4.9488354020036525,17,631
631,738,38.4466588278032,1.6110888618585577,-2.550330812104228,18,632
632,738,40.52602953616716,1.579136988020002,-0.0701503711657238,19,633
633,738,42.605865824906665,1.5501030622658076,2.4682250793126457,20,634
634,738,44.68446238758548,1.523671134119538,5.045574492819526,21,635
635,738,46.76259725996073,1.49953245031024,7.6502604515689825,22,636
636,738,48.84370640554489,1.477394733439525,10.277318911945097,23,637
637,738,50.9208895263075,1.457109608677766,12.911069027051717,24,638
638,738,53.00149460692889,1.4384148731620332,15.555556791072808,25,639
