,particle_id,r,phi,z,layer_id,hit_id
3967,2192,3.100908750567022,-0.1027996084413238,-1.502432541816141,1,3968
3968,2192,5.179172643474151,-0.1334463419765238,-2.107040820165601,2,3969
3969,2192,7.258535649439902,-0.1628465455262636,-2.402941676131249,3,3970
3970,2192,9.338582765869065,-0.1907375248013816,-2.4121704105526263,4,3971
3971,2192,11.417239866996676,-0.2170095928096156,-2.1612919947357057,5,3972
3972,2192,13.49689999197149,-0.2417453626269446,-1.6766730352906407,6,3973
3973,2192,15.575037029093895,-0.2650614412407243,-0.9831986668408064,7,3974
3974,2192,17.655612285024336,-0.2872095395294429,-0.099951164347388,8,3975
3975,2192,19.73341009008516,-0.3083827896902152,0.9546163454785912,9,3976
3976,2192,21.814058051405944,-0.3289177722193812,2.1717068012097727,10,3977
3977,2192,23.892001717797527,-0.349068948385417,3.5411456007295072,11,3978
3978,2192,25.971640365415755,-0.3692297793395812,5.063768137947768,12,3979
3979,2192,28.05151925842292,-0.3898007500875968,6.74243994549164,13,3980
3980,2192,30.12960156260898,-0.4112814528278959,8.586097758102596,14,3981
3981,2192,32.20950928430335,-0.4344144530775244,10.61849256435461,15,3982
3982,2192,34.28846631510586,-0.460213505703042,12.872775615241125,16,3983
3983,2192,36.3670482350393,-0.4904063823690183,15.412122939800335,17,3984
3984,2192,38.44644615931856,-0.5283123605655449,18.357508263751125,18,3985
3985,2192,40.52534593166138,-0.5818915758479968,21.97826939330893,19,3986
3986,2192,42.60421148813824,-0.68328587961157,27.219001234407063,20,3987
3987,2192,44.68340987014053,-1.1200683810639618,36.81566898787053,21,3988
3988,2192,46.76273304188605,-1.3329498812072522,37.88327337743691,22,3989
3989,2192,48.84222207550313,-1.4531950745366766,37.770360431858194,23,3990
3990,2192,50.9215719805252,-1.5402624239144866,37.31864076089256,24,3991
3991,2192,53.00114494436012,-1.608715457060168,36.689807152837616,25,3992
