,particle_id,r,phi,z,layer_id,hit_id
958,537,3.1009460499666,2.6747297853419534,1.9695240725907084,1,959
959,537,5.180173309849679,2.582371130147345,2.7719092217136634,2,960
960,537,7.259478164663403,2.5141938469901377,3.270090641174953,3,961
961,537,9.33909250142611,2.463447314167824,3.547485069668326,4,962
962,537,11.417218600515325,2.425054807867233,3.660695856518821,5,963
963,537,13.496258782804569,2.39547610864646,3.647339479894917,6,964
964,537,15.57563186272208,2.372369956143521,3.5324505568726963,7,965
965,537,17.654836486296,2.35412729425189,3.333423728596649,8,966
966,537,19.734633890262867,2.339610499751595,3.06252170706108,9,967
967,537,21.81461073778244,2.3280119116293534,2.7287716710003167,10,968
968,537,23.89364968573076,2.318740526339508,2.3390898968086944,11,969
969,537,25.971281636497693,2.3113493933886176,1.898720648186277,12,970
970,537,28.05266053174953,2.305483235744332,1.4103691524606887,13,971
971,537,30.13082903934232,2.300899241245044,0.8786393704425777,14,972
972,537,32.208859757031085,2.297381073476146,0.3051608244514838,15,973
973,537,34.28837530418178,2.2947626067671907,-0.3087749488140758,16,974
974,537,36.36900949743015,2.292913486300274,-0.9617768388623772,17,975
975,537,38.44797341599335,2.2917282725711385,-1.651943007261707,18,976
976,537,40.52624923840864,2.2911171434124205,-2.378813369999577,19,977
977,537,42.60543767159788,2.2910068776711427,-3.142476866692938,20,978
978,537,44.68431238143154,2.2913371613191504,-3.942235663519391,21,979
979,537,46.76530501519936,2.292058163321376,-4.778999819961875,22,980
980,537,48.84440798395824,2.293125903616489,-5.651266038292938,23,981
981,537,50.92111665108535,2.294503153008596,-6.558976062994205,24,982
982,537,53.00189648674008,2.296164145214036,-7.505424168715734,25,983
