,particle_id,r,phi,z,layer_id,hit_id
22,502,3.100429461171216,-1.2821872530314635,5.402721276436349,1,23
23,502,5.179403406756642,-1.0336507023460937,8.770681353473481,2,24
24,502,7.258898802150472,-0.6972148510258795,11.079911581751515,3,25
25,502,9.33819894335358,-0.4190150606339524,11.94067041819153,4,26
26,502,11.417603475927772,-0.2331580730380965,12.07683320600902,5,27
27,502,13.496427586937417,-0.1060724961394509,11.895677535503474,6,28
28,502,15.576282942415215,-0.0148488898132835,11.545340630634634,7,29
29,502,17.655234884926053,0.0530225137238666,11.089068141409832,8,30
30,502,19.733563269053608,0.1048415296439087,10.55852078686162,9,31
31,502,21.8142246050856,0.1451361000534441,9.970876966698077,10,32
32,502,23.89291751628828,0.1767260712560392,9.338550050625416,11,33
33,502,25.97118076833554,0.2016276883290685,8.668589043974933,12,34
34,502,28.05077258952936,0.2212590319260637,7.9655754853480865,13,35
35,502,30.1305919588947,0.2366299614610105,7.233556740422706,14,36
36,502,32.20881979072167,0.2485030961956958,6.475911649591232,15,37
37,502,34.28854536459327,0.2574927764903079,5.693512812523164,16,38
38,502,36.368250707435735,0.2640606207887938,4.888368110159327,17,39
39,502,38.44783777835888,0.268586563643269,4.061563848129246,18,40
40,502,40.525994439170574,0.2713818099720197,3.2143542538733776,19,41
41,502,42.60466692015103,0.2727106930184783,2.3463864390018543,20,42
42,502,44.68414575403022,0.2727934415923797,1.4577027932222038,21,43
43,502,46.762786725113486,0.2718207640781859,0.5489724468365473,22,44
44,502,48.84176063461459,0.2699590544070871,-0.3805424504961081,23,45
45,502,50.92254804871958,0.2673530233312299,-1.3319579462862876,24,46
46,502,53.00183644630749,0.2641382773961686,-2.3043678517259742,25,47
