,particle_id,r,phi,z,layer_id,hit_id
0,51,3.101448962012123,-0.0737920290428752,0.4655495304888646,1,1
1,51,5.179285415335199,-0.0701487488575221,0.85206025346357,2,2
2,51,7.258772926163327,-0.0635319444851797,1.3143337047031327,3,3
3,51,9.338460542420092,-0.0527068901969943,1.8735955392948345,4,4
4,51,11.417042362479007,-0.0353317722642232,2.5657375718473308,5,5
5,51,13.49619890392754,-0.0060443743264621,3.462778700155077,6,6
6,51,15.575368075378938,0.0523225711603375,4.752536859375748,7,7
7,51,17.654211609718214,0.312644539873403,7.534204488249031,8,8
8,51,19.73374644937996,0.7648621834171688,8.686989844871519,9,9
9,51,21.81277655078252,0.9453973245245452,8.435924823571648,10,10
10,51,23.892603135819822,1.0612783473536869,7.976724234621451,11,11
11,51,25.972015234398487,1.1454051357399198,7.408208885221378,12,12
12,51,28.05016685050317,1.210192261062818,6.759825374039934,13,13
13,51,30.13082545465868,1.2620200976110476,6.042593468398349,14,14
14,51,32.20881392069085,1.3044380445718518,5.264305995069083,15,15
15,51,34.28920185692674,1.3399167321417416,4.426112310927988,16,16
16,51,36.36810178202465,1.3700010465597086,3.5308729336962585,17,17
17,51,38.44748732106792,1.3958801250461608,2.577966673498217,18,18
18,51,40.52560056447289,1.4183913629966869,1.5675222019644863,19,19
19,51,42.60638491016114,1.4382297170712943,0.4960502373790056,20,20
20,51,44.68407194849197,1.455853561702565,-0.6357682473183903,21,21
21,51,46.76360789889461,1.471718006982547,-1.833746078836608,22,22
22,51,48.843283236988206,1.4861447837757908,-3.101166339852572,23,23
23,51,50.921277101103584,1.499405957489437,-4.4422230363333615,24,24
24,51,53.00220396457744,1.511774929072932,-5.866889314165389,25,25
