,particle_id,r,phi,z,layer_id,hit_id
27,88,3.100248411173366,-0.647470752530592,5.811693029338414,1,28
28,88,5.179844673629599,-1.034965108770841,8.632525209803976,2,29
29,88,7.25918893141365,-1.2118090248680506,10.635588742269409,3,30
30,88,9.338732790697923,-1.3146312754792142,12.249021087746904,4,31
31,88,11.417492138798355,-1.3820109794126576,13.601922918527734,5,32
32,88,13.496174947744024,-1.429305352688398,14.751373963323346,6,33
33,88,15.57661459829148,-1.463935816610464,15.727570025021125,7,34
34,88,17.655823077576862,-1.4899015536918383,16.545854598085356,8,35
35,88,19.73472926204928,-1.5096471152715392,17.216785538459725,9,36
36,88,21.8126204082602,-1.5247166945321269,17.746233164395875,10,37
37,88,23.89238822935401,-1.5361665047587878,18.138198055251223,11,38
38,88,25.97187831036907,-1.54470550840782,18.393664606585126,12,39
39,88,28.05150743873787,-1.5508583308402046,18.512931922159872,13,40
40,88,30.131293577930613,-1.5550109582530949,18.495193254615764,14,41
41,88,32.210230579932045,-1.557453875350504,18.338925773948503,15,42
42,88,34.28830411922501,-1.5584125696790498,18.042000064478053,16,43
43,88,36.368730590014,-1.5580606433161228,17.60086071792996,17,44
44,88,38.44775952908916,-1.5565336102086158,17.0126475829981,18,45
45,88,40.52687460999199,-1.553937808368413,16.27290315717437,19,46
46,88,42.60516957841495,-1.550357560548118,15.377195401917804,20,47
47,88,44.68415628089489,-1.545853422658252,14.31931435600439,21,48
48,88,46.7626004550326,-1.5404740974967424,13.093447536957257,22,49
49,88,48.84371830418269,-1.5342407478398248,11.689980460150975,23,50
50,88,50.92271120772296,-1.5271834314632509,10.10337294206941,24,51
51,88,53.00116965800211,-1.5192992031568389,8.322484826505015,25,52
