,particle_id,r,phi,z,layer_id,hit_id
2338,1395,3.100414958022453,-0.1768167554478706,-1.6573135364791725,1,2339
2339,1395,5.181305204311729,-0.2069239364354018,-2.680019426674938,2,2340
2340,1395,7.258480107975044,-0.2411066597141735,-3.605912146245672,3,2341
2341,1395,9.338481522628795,-0.2804100652516225,-4.408922504190251,4,2342
2342,1395,11.417236337101066,-0.3259374398705194,-5.046372481046674,5,2343
2343,1395,13.496219230069944,-0.3791203648056751,-5.461384492317819,6,2344
2344,1395,15.57636200679433,-0.4414918880364517,-5.575714125444009,7,2345
2345,1395,17.654521047877946,-0.5141256763462753,-5.291342570538717,8,2346
2346,1395,19.734157232764296,-0.5971230993652283,-4.505284998337004,9,2347
2347,1395,21.81258568982112,-0.6881426788749807,-3.148934214322203,10,2348
2348,1395,23.8921392876253,-0.7827094088999522,-1.2268265144339807,11,2349
2349,1395,25.970883321162617,-0.8754077896840977,1.1741361763865967,12,2350
2350,1395,28.051347930213225,-0.962299656717708,3.93697960333359,13,2351
2351,1395,30.129762828292403,-1.0412212915797043,6.948787712049153,14,2352
2352,1395,32.209242263376886,-1.1118616315484338,10.136733672672293,15,2353
2353,1395,34.28769263382536,-1.17455258897597,13.448418909268655,16,2354
2354,1395,36.36759350438376,-1.230090508588609,16.85766170052192,17,2355
2355,1395,38.44699946252578,-1.2791913119781102,20.34239544583564,18,2356
2356,1395,40.526479135146296,-1.3225738509984015,23.890275111525607,19,2357
2357,1395,42.60430881635477,-1.3607997400055154,27.486856634803587,20,2358
2358,1395,44.68378634142879,-1.3944008168382196,31.12529615700341,21,2359
2359,1395,46.76298931836836,-1.4236955346941298,34.78591387823523,22,2360
2360,1395,48.84190871541068,-1.448928882505499,38.44556610463853,23,2361
2361,1395,50.921448518586416,-1.470249608435846,42.07224865972407,24,2362
2362,1395,53.00109933355192,-1.4876899730831965,45.61613610787034,25,2363
