,particle_id,r,phi,z,layer_id,hit_id
3520,1433,3.102426688959357,-2.245500398494765,0.1968638918068279,1,3521
3521,1433,5.179314705330393,-2.2544053139886,0.5256406851356985,2,3522
3522,1433,7.2586949309710045,-2.2637064012978203,1.01779597884223,3,3523
3523,1433,9.339369139126674,-2.273479829091713,1.6799461035600842,4,3524
3524,1433,11.41885273942366,-2.283811346349221,2.5203691447360725,5,3525
3525,1433,13.498173831899717,-2.2948263622524494,3.5516289231163043,6,3526
3526,1433,15.575729267298854,-2.306669300616684,4.789244378762582,7,3527
3527,1433,17.656101788888915,-2.319569543256297,6.2585809549361215,8,3528
3528,1433,19.73356385281928,-2.333766850579972,7.986423363918647,9,3529
3529,1433,21.81302485790601,-2.349685364751644,10.020305645111511,10,3530
3530,1433,23.8927572069062,-2.3679017081716824,12.423320109344049,11,3531
3531,1433,25.97240314309303,-2.389358907654993,15.295809081643242,12,3532
3532,1433,28.05146696662668,-2.415738850409892,18.809939254503625,13,3533
3533,1433,30.130085939845102,-2.4505940345467847,23.312459922119245,14,3534
3534,1433,32.20880523916119,-2.5042680899514385,29.750875089543623,15,3535
3535,1433,34.287608469283995,2.7659836527498305,76.66442177604732,16,3536
3536,1433,36.36732364604299,2.630931761374084,78.56967022392321,17,3537
3537,1433,38.446838305117225,2.5448348662666107,79.31821454248286,18,3538
3538,1433,40.525348465895945,2.484999033190173,79.44198482914298,19,3539
3539,1433,42.604440674579074,2.4432093409604048,79.11902250274773,20,3540
3540,1433,44.68400564180845,2.415463381193476,78.43603766077844,21,3541
3541,1433,46.76348981802647,2.3993072965703406,77.45316002884232,22,3542
3542,1433,48.84226524475461,2.392771644779875,76.22880095162941,23,3543
3543,1433,50.92162379225008,2.3938456902957297,74.82789586722079,24,3544
3544,1433,53.00112319391156,2.400299805871534,73.32271509337632,25,3545
