track_idx,coord,template_idx,seconds,chi2_red,R2,timed_out
0,x,0,0.041107458999999125,831.025945942248,-2.9637909692718343,False
0,x,1,0.004937916999999459,0.5801837015644646,0.9972326653240984,False
0,x,2,0.007829415999999867,65.25102035166564,0.6887685559414776,False
0,x,3,0.06630295800000141,0.5461001209555261,0.9973952356862849,False
0,x,4,0.060012749999998505,0.6807943403583284,0.9967527771287766,False
0,x,5,0.017551041999997352,765.3955464078786,-2.6507499790906275,False
0,x,6,0.0693616249999991,0.6804845346122312,0.9967542548265845,False
0,x,7,0.007064958000000843,0.7489065852796031,0.9964278983417375,False
0,x,8,0.023215916999998143,32.49819449430029,0.8449915427031693,False
0,x,9,0.012418875000001606,2.4530635937654313,0.988299485271796,False
0,x,10,0.06148845799999947,8.246868126496278,0.9606644514961348,False
0,x,11,0.07171883399999857,7.714154629336015,0.9632053648810459,False
0,x,19,0.008233166000000125,1.4196369676999808e-11,0.9999999999999323,False
0,x,20,0.05685954199999799,0.2370262064287303,0.9988694428361587,False
0,x,21,0.024988499999999192,1.3398990261844677,0.9936090086168077,False
0,x,22,0.01056283299999805,298.4656880382648,-0.4236084982186543,False
0,x,23,0.0038027500000019643,0.8431232081613409,0.9959785080420032,False
0,x,24,0.00806887499999931,2.009784857729793,0.9904138166706503,False
0,x,25,0.00669479099999748,2.041705185906384,0.9902615644946738,False
0,x,26,0.039141458999999656,0.8365027881514594,0.9960100858298883,False
0,x,27,0.02087020800000161,8.528985417149226,0.9593188208639917,False
0,x,28,0.011657250000002506,6.480941535609504,0.9690874904006752,False
0,x,29,0.009328625000001978,4.0973575184786855,0.9804566045032335,False
0,x,30,0.009755250000001325,8.695148339548695,0.9585262642724065,False
0,x,31,0.00957512500000135,62.677699755136175,0.7010426672268957,False
0,x,33,0.0046695830000018645,0.6807709040557242,0.996752888914221,False
0,x,34,0.004525958000002106,6.399380017373175e-05,0.9999996947651894,False
0,x,35,0.003016166999998404,0.6800102416050698,0.9967565170884883,False
0,x,36,0.00867358400000029,64.67838662044439,0.6914998791012397,False
0,x,37,0.0066247920000002125,0.13641877172116895,0.9993493157487707,False
0,x,38,0.003520707999999928,0.7441295954112732,0.9964506834176943,False
0,x,39,0.07083041599999973,0.6159780458997497,0.99706193503641,False
0,x,40,0.00666720899999973,1555.2218509958639,-6.418028712932692,False
0,x,41,0.008700250000000409,0.9960914425308636,0.995248886892459,False
0,x,42,3.093502375,0.0017816801585229165,0.9999915018204222,False
0,x,47,6.209225708000002,4.4095171090517e-06,0.9999999789676794,False
0,x,50,4.427222875000002,633.5449499447842,-2.021854809083704,False
0,x,51,3.141448416000003,0.00015845159259745333,0.9999992442245698,False
0,x,52,2.6861502919999936,0.0008072578017409046,0.9999961495772784,False
0,x,53,2.512266083,0.00013494933740377214,0.9999993563245919,False
0,x,54,3.7198810840000007,5.05954698953018e-07,0.9999999975867195,False
0,x,55,4.7356693750000005,1.9224604395395454e-08,0.9999999999083033,False
0,x,56,4.221603249999994,531.5534214380995,-1.5353801068063295,False
0,x,57,2.348716459000002,0.016532380513128178,0.9999211445793017,False
0,x,59,3.983180666999999,6.19652310108812e-08,0.999999999704441,False
0,y,0,0.015550625000003038,2997.930828323906,-3.6590289695827645,False
0,y,1,0.0038390420000027348,0.1452084308347931,0.9997743342576503,False
0,y,2,0.006490792000001022,224.51490498459148,0.6510855298782363,False
0,y,3,0.01016529200000349,0.00298811745609622,0.9999953562218111,False
0,y,4,0.012596334000001264,3.2461667701781796,0.9949551921346989,False
0,y,5,0.013580959000002224,0.002424073972149263,0.9999962327913793,False
0,y,6,0.06552024999999873,5.105027881449205,0.9920663703893738,False
0,y,7,0.007548042000003363,4.108940033981926,0.993614372129025,False
0,y,8,0.006028499999999326,1.699680287159623,0.9973585582355372,False
0,y,9,0.008640624999998181,12.904579183806195,0.9799452316612517,False
0,y,10,0.002839874999999381,44.884068820580424,0.9302464970398452,False
0,y,11,0.030098832999996716,42.71733910981322,0.9336137716935315,False
0,y,19,0.005741374999999493,5.831184512941949e-12,0.9999999999999909,False
0,y,20,0.009658832999996037,0.7104490327554678,0.9988959042704563,False
0,y,21,0.010779875000004324,643.4668786221354,-4.790678964639028e-11,False
0,y,22,0.0064705420000024105,355.0662642646639,0.44819807191633176,False
0,y,23,0.0028152920000010795,0.01280874987882013,0.9999800941582154,False
0,y,24,0.007154624999998305,10.082783886189356,0.984330531653373,False
0,y,25,0.005862417000003006,10.253864099046284,0.9840646590520801,False
0,y,26,0.004651290999994728,5.010171247080956,0.9922137853341428,False
0,y,27,0.008315166999999235,46.02072414574997,0.9284800419774526,False
0,y,28,0.008795458999998118,36.71780109382339,0.9429375429948985,False
0,y,29,0.06452020800000469,48.69099613770367,0.9243302215581025,False
0,y,30,0.005858416000002364,47.050734589391475,0.9268793217571727,False
0,y,31,0.0061817089999962604,47.57658509462226,0.926062107192249,False
0,y,33,0.003749375000005273,5.106432623824386,0.9920641873051749,False
0,y,34,0.003907416999993529,0.00019678104659668613,0.9999996941862074,False
0,y,35,0.0031195420000003082,5.132463228006909,0.9920237336236435,False
0,y,36,0.006537417000004098,222.53087645147042,0.6541688720037309,False
0,y,37,0.003797667000000615,0.0029988130459947947,0.9999953395999922,False
0,y,38,0.003449374999995314,0.2982720970853759,0.9995364608389193,False
0,y,39,0.011948499999995477,0.0024083236239077744,0.9999962572687048,False
0,y,40,0.005991458000004002,1203.207290524774,-0.8698822434479652,False
0,y,41,0.006521709000004705,11.629851418518616,0.9819262625545251,False
0,y,42,3.0225974159999964,0.001963103872977123,0.9999969491765026,False
0,y,47,2.1406787500000064,5.988649546708005e-06,0.9999999906931503,False
0,y,51,3.042789499999998,1597.890824553083,-1.483252639283033,False
0,y,52,2.5771548329999945,5.783309216302756e-05,0.9999999101226589,False
0,y,53,2.2986965829999946,0.0007758480287403727,0.9999987942688978,False
0,y,54,0.35868629200000157,0.06043533445541192,0.9999060785621356,False
0,y,55,13.648898040999995,1.800352295975639e-05,0.9999999720210573,False
0,y,56,15.493007875000004,76.46366665716809,0.8811692268845851,False
0,y,57,9.672537375000005,5.4474536684938244e-06,0.9999999915342128,False
0,y,58,9.40171199999999,0.006358872696281207,0.9999901177933039,False
0,y,59,15.35947679200001,0.00018073362745843165,0.9999997191252052,False
0,z,0,0.05217250000001172,3959.3477181346507,-3.492934625496021,False
0,z,1,0.008270957999997108,0.0022832752604487593,0.999997409016028,False
0,z,2,0.023621582999993507,299.6507979820997,0.6599663526280106,False
0,z,3,0.19717170799998485,0.00018564105822034384,0.9999997893407708,False
0,z,4,0.04681683299997985,3.832301834549359,0.9956512327702527,False
0,z,5,0.26446816699998976,1.3581010410976105e-05,0.9999999845887262,False
0,z,6,0.23590145800000073,5.9232363012868605,0.993278510661957,False
0,z,7,0.029115333000021337,5.066457631168468,0.9942507542807052,False
0,z,8,0.02624525000001654,1.8761086496828816,0.9978710550036449,False
0,z,9,0.026858583999995744,15.807005130229712,0.9820627422164221,False
0,z,10,0.007316959000007728,54.23280723326163,0.9384584343678285,False
0,z,11,0.05811116699999275,51.44328480074569,0.9416238906040273,False
0,z,19,0.026353665999977238,0.00026954425443548107,0.9999996941302457,False
0,z,20,0.028186125000019047,0.25194102808067154,0.9997141057948858,False
0,z,21,0.023529125000010254,881.2386665310971,-1.233946278489384e-11,False
0,z,22,0.03234249999999861,536.4321552523157,0.3912748320831819,False
0,z,23,0.007830749999982345,0.13907444481748255,0.9998421829975225,False
0,z,24,0.028194832999986374,12.516946062302795,0.9857961905918985,False
0,z,25,0.018674791999984564,12.724968975359683,0.985560133186612,False
0,z,26,0.015094916999998986,5.8590197030371565,0.9933513814978491,False
0,z,27,0.01908608399998002,55.69892820455582,0.9367947295997621,False
0,z,28,0.026771999999994023,44.017464142148235,0.9500504621342122,False
0,z,29,0.23706287499999235,59.15161221385526,0.9328767399103931,False
0,z,30,0.015510625000018763,57.0333073806698,0.9352805209899843,False
0,z,31,0.01852716700000201,57.64456141655686,0.9345868904684131,False
0,z,33,0.01933149999999273,5.924450390166587,0.9932771329547299,False
0,z,34,0.016437375000009524,5.17706773361682e-12,0.9999999999999941,False
0,z,35,0.013158583999995699,5.946976261251461,0.9932515713538371,False
0,z,36,0.014777291000001469,297.00896080205007,0.66296422060682,False
0,z,37,0.01019787500001712,0.13640369434387437,0.9998452136753344,False
0,z,38,0.01125849999999673,0.015785269741101463,0.9999820874068049,False
0,z,39,0.24661787499999832,0.009414514616199209,0.9999893167254527,False
0,z,40,0.02702249999998685,1152.3475965179855,-0.30764529553418174,False
0,z,41,0.015767874999994547,12.354236013750088,0.9859808284825566,False
0,z,42,10.154245666000008,0.0017720413931383296,0.9999979891470263,False
0,z,47,20.155500042,4.891127075278907e-06,0.9999999944497135,False
0,z,50,17.929819041000002,22.26336752847171,0.974736279314225,False
0,z,51,10.54847454099999,0.0016246094301911262,0.9999981564478593,False
0,z,52,8.083449166999998,1.138025842758556e-05,0.9999999870860655,False
0,z,53,7.556973041999981,6.588936160011025,0.992523096851811,False
0,z,54,12.242582333000001,2.5706141267662408e-05,0.9999999708295355,False
0,z,55,13.665523082999982,1.3128179784990015e-05,0.9999999851025831,False
0,z,56,15.620222708,0.0001514222244534154,0.9999998281711525,False
0,z,57,7.52232191600001,0.00014944024645267902,0.9999998304202344,False
0,z,58,7.874915290999979,0.028519710577818727,0.9999676367916419,False
0,z,59,12.582763292000038,6.662482806572981e-05,0.999999924396386,False
1,x,0,0.039775749999989785,14.246728338217933,0.9792904194287778,False
1,x,1,0.008219374999953288,1.018145949634613,0.9985199847237447,False
1,x,2,0.018550124999990203,666.1222522685738,0.03169962070284116,False
1,x,3,0.01857391600003666,256.5497600033974,0.6270696121111927,False
1,x,4,0.01643004199996767,3.71240904809755,0.994603502469499,False
1,x,5,0.02928816700000425,3188.3599950859893,-3.634720101397966,False
1,x,6,0.01647733300001164,3.8571802430708546,0.9943930576111768,False
1,x,7,0.012472500000001219,9.278173421171438,0.9865128978767657,False
1,x,8,0.014195959000005587,1.688949004928416,0.9975448801529807,False
1,x,9,0.02573270800002092,567.9744198848371,0.1743710042224671,False
1,x,10,0.00713616699999875,14.727586714633594,0.9785914255929079,False
1,x,11,0.0756020000000035,6.8591972700535235,0.9900292126623192,False
1,x,19,0.014089542000021993,8.352822362500558e-13,0.9999999999999988,False
1,x,20,0.025839333000021725,687.9293521054262,-4.575122503069906e-10,False
1,x,21,0.025139667000019017,687.9293517954137,-6.866507362701668e-12,False
1,x,22,0.0181924169999661,2340.3404827419063,-2.4020070180898156,False
1,x,23,0.007168207999995957,11.99759431188497,0.9825598453087442,False
1,x,24,0.017477499999984047,8.941934935376958,0.9870016667960148,False
1,x,25,0.018705832999955874,632.4587699457933,0.08063412572890827,False
1,x,26,0.08322333400002435,5.239721777498273,0.9923833431967117,False
1,x,27,0.020874208000009276,24.058614411378063,0.9650274925052214,False
1,x,28,0.020964000000049055,3217.9382810735674,-3.67771621126097,False
1,x,29,0.018221790999973564,21.248837167086194,0.9691118904698932,False
1,x,30,0.014244375000032505,18.526887095630048,0.9730686195502426,False
1,x,31,0.01809120799998709,0.7691150337743516,0.9988819854367714,False
1,x,33,0.009258125000030759,4.892301104466387,0.992888366964236,False
1,x,34,0.010170582999990074,0.12149234868641617,0.9998233941488757,False
1,x,35,0.007354415999998309,5.790475819166619,0.991582746390899,False
1,x,36,0.019592708000004677,684.9800532416626,0.004287211384934042,False
1,x,37,0.00977433299999575,9.83061874368176,0.98570984256146,False
1,x,38,0.007247375000019929,272.58895264792955,0.6037544379544553,False
1,x,39,0.1725792500000125,0.01578359596842577,0.9999770563707925,False
1,x,40,0.013023916999998164,1077.4280594618606,-0.5661899825284418,False
1,x,41,0.019605124999998225,3376.7237305397966,-3.908532717422405,False
1,x,42,0.2792063750000011,,,False
1,x,47,0.356924083000024,,,False
1,x,50,0.3472031669999751,,,False
1,x,51,0.2466633340000044,,,False
1,x,52,0.21948037500004602,,,False
1,x,53,0.21359516699999403,,,False
1,x,54,0.2589506250000113,,,False
1,x,55,0.3233158749999916,,,False
1,x,56,0.34389612500001476,,,False
1,x,57,0.22139537499998596,,,False
1,x,59,0.2546611659999485,,,False
1,y,0,0.02973962499999061,1.9409606685716096,0.9910643373276333,False
1,y,1,0.008524500000021362,18.659595739063768,0.9140962226454039,False
1,y,2,0.018108166999979858,204.70225715894298,0.0576056754460309,False
1,y,3,0.01665224999999282,44.35581481182236,0.79579771752506,False
1,y,4,0.019039499999962572,0.09340279065126685,0.9995699985870751,False
1,y,5,0.14417058300000463,14.070967758227345,0.93522103595546,False
1,y,6,0.01525391600000603,0.12296388189662867,0.9994339072463938,False
1,y,7,0.013238290999993296,0.03405611617860399,0.9998432147693509,False
1,y,8,0.01277508300000818,2.7443614578132083,0.9873656954336381,False
1,y,9,0.022137584000006427,204.82089798857044,0.05705948486634205,False
1,y,10,0.007447958000000199,10.639705522241211,0.9510176475909582,False
1,y,11,0.04416520800003809,18.7150648615753,0.9138408576730369,False
1,y,19,0.019815166000000772,1.0674570099657176e-12,0.9999999999999951,False
1,y,20,0.015413874999978816,26.10672907651835,0.879811616853468,False
1,y,21,0.038221041999975114,0.011511728053478151,0.9999470030895898,False
1,y,22,0.012029791999964345,516.0077985904792,-1.3755615964687506,False
1,y,23,0.008001167000031728,44.045889418459794,0.7972245309651935,False
1,y,24,0.019137334000049577,212.40752148766842,0.022132703758469985,False
1,y,25,0.02306733300002861,0.011267574195452499,0.9999481271085103,False
1,y,26,0.015031458000009934,439.1626750642827,-1.0217872449504548,False
1,y,27,0.013187249999987216,6.25478468170598,0.9712046478277472,False
1,y,28,0.018234708000022692,414.5237090368844,-0.9083560494699419,False
1,y,29,0.015466166999999587,0.10136502178751934,0.9995333426090819,False
1,y,30,0.012693624999997155,6.932244577835153,0.9680858040490519,False
1,y,31,0.015889667000010377,107.20434734838835,0.5064599193442758,False
1,y,33,0.00945200000001023,0.5387223476465524,0.9975198667079753,False
1,y,34,0.009720291999997244,0.037164080261478674,0.999828906535757,False
1,y,35,0.007081333000030554,1.360331736682872,0.9937373973010704,False
1,y,36,0.01516304200004015,207.4874072875595,0.04478359077208938,False
1,y,37,0.015104458000053,3.1775125013567886,0.9853715841288803,False
1,y,38,0.0074446250000050895,327.7490647386144,-0.5088688457778827,False
1,y,39,0.15285049999999956,24.170215563139482,0.8887268060153212,False
1,y,40,0.013004374999979973,8795.667440641328,-39.492895348430196,False
1,y,41,0.015853959000025952,387.15620336923666,-0.7823633888303276,False
1,y,42,0.2349669579999727,,,False
1,y,47,0.3057665409999686,,,False
1,y,51,0.2710864170000491,,,False
1,y,52,0.2241534999999999,,,False
1,y,53,0.1953058749999741,,,False
1,y,54,0.2568912919999775,,,False
1,y,55,0.2645099159999518,,,False
1,y,56,0.33602045899999666,,,False
1,y,57,0.2070016669999859,,,False
1,y,58,0.2108544170000073,,,False
1,y,59,0.2597173749999797,,,False
1,z,0,0.027365999999972246,1.7130245864139593,0.9841746088110049,False
1,z,1,0.008205833000033635,0.18181961136688418,0.9983203005382804,False
1,z,2,0.016823917000010624,104.60621274321983,0.033619102381841404,False
1,z,3,0.020999082999992424,36.962436580956044,0.6585308682483222,False
1,z,4,0.01405745800002478,0.3800104763819458,0.9964893589430319,False
1,z,5,0.023756791000039357,439.08964089411035,-3.056430590252762,False
1,z,6,0.015206000000034692,0.4021480531227812,0.9962848459344746,False
1,z,7,0.010455917000001591,1.4152622071440448,0.9869254193776978,False
1,z,8,0.016988875000038206,12.343904031075065,0.8859636273521821,False
1,z,9,0.025632875000042077,93.7100786047272,0.13428057948905903,False
1,z,10,0.007535458000006656,1.1060232174803957,0.9897822540204285,False
1,z,11,0.04354704200000015,1.1527967247834578,0.9893501475251553,False
1,z,19,0.013340625000012096,0.01927282141409134,0.9998219523872497,False
1,z,20,0.015389083000002302,2.522225752509854,0.9766989863910919,False
1,z,21,0.02113658299998633,0.8959358971990271,0.9917230983338545,False
1,z,22,0.012875000000008185,647.4758665357583,-4.9815597246108805,False
1,z,23,0.007530833999965125,4.702578913301626,0.9565562855954632,False
1,z,24,0.018575624999982665,106.78377414189116,0.013502192650750588,False
1,z,25,0.017153000000007523,98.63111616288403,0.08881868417756389,False
1,z,26,0.08804900000001226,2.091931857889408,0.9806741594636862,False
1,z,27,0.012906665999992128,1.6885306187595368,0.9844008908054235,False
1,z,28,0.020525125000006028,446.45564082810677,-3.124479718898156,False
1,z,29,0.017030457999965165,2.8698480681641314,0.9734875560503461,False
1,z,30,0.014025584000023628,1.595847383758815,0.9852571239629513,False
1,z,31,0.014613542000006419,46.902194709126526,0.5667046551572515,False
1,z,33,0.009239625000020624,0.626997939222674,0.9942076209871195,False
1,z,34,0.010001292000026751,8.750841824214316e-13,0.9999999999999919,False
1,z,35,0.007890957999961756,0.6778595311634953,0.9937377476441784,False
1,z,36,0.13998479200000702,0.765002057717387,0.9929327010716714,False
1,z,37,0.01573570800002244,62.89054403695556,0.4189998968099844,False
1,z,38,0.008202541000002839,208.1685338591413,-0.9231180379359645,False
1,z,39,0.15248791599998412,0.7649334732805447,0.9929333346735187,False
1,z,40,0.012533667000013793,9634.386029404499,-88.00510184754044,False
1,z,41,0.014939749999996366,462.1789334656334,-3.269735810807963,False
1,z,42,0.2355092500000069,,,False
1,z,47,0.30493945799997846,,,False
1,z,50,0.33628966699996,,,False
1,z,51,0.24083466700000145,,,False
1,z,52,0.2046555000000012,,,False
1,z,53,0.2074078330000475,,,False
1,z,54,0.3628813329999616,,,False
1,z,55,0.25460208300000886,,,False
1,z,56,0.34227004100000613,,,False
1,z,57,0.197260459000006,,,False
1,z,58,0.19508654100002332,,,False
1,z,59,0.2503779170000371,,,False
2,x,0,0.032876166999983525,100.255921234663,0.4405133894266784,False
2,x,1,0.008222958000033032,105.43277111076077,0.41162354277267876,False
2,x,2,0.014426665999963006,177.86189984377037,0.007426690930279811,False
2,x,3,0.014734250000003613,169.2920604329398,0.05525140139202456,False
2,x,4,0.026218374999984917,1.9877782724382738,0.9889070359683327,False
2,x,5,0.026033584000003884,191.983962108303,-0.07138266669554216,False
2,x,6,0.01650812500002985,2.0825344652255198,0.9883782410554689,False
2,x,7,0.011164541000027839,6.086856359181085,0.9660317855393916,False
2,x,8,0.012255917000004501,3.1055625923718435,0.982669146447096,False
2,x,9,0.021189542000001893,165.8783926639444,0.07430166182729847,False
2,x,10,0.007356250000043474,135.90014402778968,0.24159780268174513,False
2,x,11,0.04231637500004126,143.30535832203103,0.20027238075123754,False
2,x,19,0.012758790999953362,2.400171638829015e-12,0.9999999999999866,False
2,x,20,0.024846582999998645,179.1927087662204,-3.2319280585113574e-10,False
2,x,21,0.14885287499998867,28.40972219475561,0.8414571530306988,False
2,x,22,0.025498000000027332,2067.6608549267207,-10.538755509815413,False
2,x,23,0.0071202080000034584,155.2253267520099,0.13375199319806752,False
2,x,24,0.01731691699995963,136.30853532066433,0.23931874068297032,False
2,x,25,0.014543333000005987,177.49438562226152,0.009477634990214145,False
2,x,26,0.010786249999966913,103.61459873161184,0.4217700068350566,False
2,x,27,0.012826458999995793,130.507764582048,0.2716904302479677,False
2,x,28,0.019123707999995077,179.67794184446524,-0.0027078843757450954,False
2,x,29,0.018655416999990848,174.2388356399302,0.027645505802584847,False
2,x,30,0.01576654200005123,19.20758641192796,0.8928104466393527,False
2,x,31,0.014940791000014997,205.2768430400906,-0.1455647080721587,False
2,x,33,0.008789583000009316,2.236732196902001,0.9875177276295153,False
2,x,34,0.00939099999999371,0.402521270635489,0.9977536961546202,False
2,x,35,0.007644665999976041,11.40291524864388,0.9363650712641117,False
2,x,36,0.02217658299997538,163.25710441421631,0.0889299816324034,False
2,x,37,0.010624082999981965,275.8675383066408,-0.5395020271483448,False
2,x,38,0.007351416000005884,8950.845856548149,-48.95094901499877,False
2,x,39,0.020158625000021857,97.28617025088171,0.4570863348617268,False
2,x,40,0.011489999999980682,6157.979143223205,-33.36512114590156,False
2,x,41,0.01592500000003838,192.90398537192968,-0.07651693398944337,False
2,x,42,0.23296866700002283,,,False
2,x,47,0.3042716250000126,,,False
2,x,50,0.33369275000001153,,,False
2,x,51,0.23422912500001303,,,False
2,x,52,0.21064987500000143,,,False
2,x,53,0.20452349999999342,,,False
2,x,54,0.23980337500000815,,,False
2,x,55,0.31851595900002394,,,False
2,x,56,0.3402020830000083,,,False
2,x,57,0.22030949999998484,,,False
2,x,59,0.2563801249999642,,,False
2,y,0,0.028675500000019838,20.425436235733045,0.9767219185891418,False
2,y,1,0.008486124999990352,6.525691695431863,0.9925629210169488,False
2,y,2,0.018026540999983354,869.4921810242881,0.00907331709375303,False
2,y,3,0.014851249999992433,777.1836887469766,0.11427374333413398,False
2,y,4,0.15135870900002146,3.891421367479614,0.9955650972468499,False
2,y,5,0.043741667000006146,3614.0258266799315,-3.1187657606657737,False
2,y,6,0.1533537089999868,2.1573280433385977,0.9975413764855162,False
2,y,7,0.010895290999997087,36.023195352650916,0.958945754478856,False
2,y,8,0.02129891600003475,84.0627433937542,0.9041969355388084,False
2,y,9,0.025185416999988774,688.7727112897275,0.21503232234861724,False
2,y,10,0.007586957999990318,67.96789232085564,0.9225396161673444,False
2,y,11,0.04413208300002225,89.58628661219277,0.897901966499652,False
2,y,19,0.013547500000015589,1.483020560291125e-12,0.9999999999999983,False
2,y,20,0.01646350000004304,84.05717500714407,0.9042032816141305,False
2,y,21,0.016066041999977188,2.9594512870008494,0.9966272275805911,False
2,y,22,0.012976167000033456,4655.787076972118,-4.306020853536437,False
2,y,23,0.007694291999996494,147.90040904209846,0.831443611649373,False
2,y,24,0.016784583000003295,565.0360995715412,0.3560501634285872,False
2,y,25,0.019892292000008638,866.0828690411228,0.012958778387367698,False
2,y,26,0.014670040999988032,1530.9417594896115,-0.7447552405434668,False
2,y,27,0.013233582999987448,58.822296369531884,0.9329624989223911,False
2,y,28,0.019211332999987007,3496.201320154267,-2.984485717711276,False
2,y,29,0.017303833000028135,836.7699974149504,0.046365526925073786,False
2,y,30,0.013775083000041377,187.99520853585943,0.7857491160216619,False
2,y,31,0.015574709000020448,1385.9414030763228,-0.5795039302538416,False
2,y,33,0.008979541999963203,4.274771007838278,0.9951282084561234,False
2,y,34,0.010185666999973364,2.4160837975392,0.9972464825384644,False
2,y,35,0.007182542000009562,2.1571751983629963,0.9975415506770362,False
2,y,36,0.02061491599999954,746.6185961310226,0.1491075998076553,False
2,y,37,0.013365207999981976,174.326275011075,0.8013270720426392,False
2,y,38,0.0076247500000476975,9877.625593953746,-10.257148687956981,False
2,y,39,0.14981575000001612,81.26489937129793,0.9073855303956314,False
2,y,40,0.01246641699998463,10892.848589058689,-11.41415915556624,False
2,y,41,0.015249750000009499,3573.058994606773,-3.07207744316117,False
2,y,42,0.2318561670000463,,,False
2,y,47,0.30832725000004757,,,False
2,y,51,0.2701212499999883,,,False
2,y,52,0.22638666599999624,,,False
2,y,53,0.19505516699996406,,,False
2,y,54,0.25588804199998094,,,False
2,y,55,0.25912362499997244,,,False
2,y,56,0.3387817089999885,,,False
2,y,57,0.20850354100002733,,,False
2,y,58,0.2122197079999637,,,False
2,y,59,0.2641448329999889,,,False
2,z,0,0.02813291699999354,7.024301851509988,0.9813878925426766,False
2,z,1,0.008486541999957353,14.139552161384053,0.9625348013526016,False
2,z,2,0.01786079199996493,373.1797873335004,0.011195354416733028,False
2,z,3,0.01586308299999928,329.61670976130546,0.12662329274929696,False
2,z,4,0.014599041999986184,0.939392210264554,0.9975109172225767,False
2,z,5,0.19492283399995358,1469.9055409179293,-2.8947699654733072,False
2,z,6,0.01792079099999455,1.1400614566630798,0.9969792092099794,False
2,z,7,0.011060124999971777,25.769383266834904,0.9317195444315678,False
2,z,8,0.018602541999996447,46.426818866550505,0.8769840818471978,False
2,z,9,0.024486749999994117,107.56519208333307,0.7149873459250237,False
2,z,10,0.008980667000002995,56.64937047127638,0.8498976563237428,False
2,z,11,0.04637254099998245,66.67984936998614,0.8233201607864362,False
2,z,19,0.01445683399998643,1.0715381209103283,0.9971607736864676,False
2,z,20,0.016440917000011268,59.42832314519599,0.8425343386760695,False
2,z,21,0.017093583000018953,3.424084216046018,0.9909272943106404,False
2,z,22,0.01451545800000531,2716.720165392843,-6.19842181026141,False
2,z,23,0.007798541999989084,91.32241055245574,0.7580254159922334,False
2,z,24,0.01758216700000048,242.75692158118602,0.35677338389055546,False
2,z,25,0.017899209000006522,371.02411734714303,0.016907176356729003,False
2,z,26,0.014855709000016759,647.5099787500508,-0.7156901225129575,False
2,z,27,0.013668792000032681,51.922645063236494,0.8624219360422729,False
2,z,28,0.017971250000016425,1412.0980859796382,-2.7415990759115827,False
2,z,29,0.017477583000015784,353.44704894217847,0.06348067118278089,False
2,z,30,0.013472374999992098,119.51350667807525,0.6833282116975499,False
2,z,31,0.016315208000037273,1214.5740484971222,-2.2182248404722724,False
2,z,33,0.008952833000023475,1.5629125497688463,0.9958587918148131,False
2,z,34,0.009949124999991454,5.765658895850046e-12,0.9999999999999847,False
2,z,35,0.0074989170000208105,1.9445303583443299,0.9948476291667687,False
2,z,36,0.020523083000000497,323.91721373591247,0.14172509713066728,False
2,z,37,0.013999874999967687,108.95157955244733,0.7113138715928957,False
2,z,38,0.00814554099997622,10564.618606482069,-26.99279144121834,False
2,z,39,0.15180666699995982,62.66277033007213,0.8339641092294219,False
2,z,40,0.017978459000005387,7650.37730001755,-19.271003070061067,False
2,z,41,0.015157584000007773,1451.3797962485023,-2.8456827881561493,False
2,z,42,0.23526087499999448,,,False
2,z,47,0.3076946669999643,,,False
2,z,50,0.3374974170000087,,,False
2,z,51,0.23946320800001786,,,False
2,z,52,0.20679166600001508,,,False
2,z,53,0.2066139159999807,,,False
2,z,54,0.23982374999997091,,,False
2,z,55,0.2641193749999502,,,False
2,z,56,0.34939141699999254,,,False
2,z,57,0.19819020799997134,,,False
2,z,58,0.19407541700002184,,,False
2,z,59,0.25218183300000874,,,False
3,x,0,0.029053083000007973,1.6337188363635238,0.9582625800227836,False
3,x,1,0.008023332999982813,4.574388466751397,0.8831358442308768,False
3,x,2,0.012709250000000338,34.6564324242537,0.11461504708926773,False
3,x,3,0.015254459000004772,0.010936355568638027,0.999720603536405,False
3,x,4,0.015320208999980878,1.0524020874011477,0.9731137653988663,False
3,x,5,0.02108658400004515,0.0367415738770957,0.999061344911132,False
3,x,6,0.02004037500000777,1.08608477634315,0.9722532571504191,False
3,x,7,0.014323834000038005,1.2784647752370335,0.9673384305411336,False
3,x,8,0.020930292000002737,1.767425839847668,0.9548467013329508,False
3,x,9,0.016299208000020826,4.70670459824419,0.8797554988330308,False
3,x,10,0.0072162909999633484,10.699292347104597,0.7266599073166615,False
3,x,11,0.042877166999971905,9.481562324573078,0.757769856126699,False
3,x,19,0.013801999999998316,4.087383693772911e-12,0.9999999999998955,False
3,x,20,0.028271709000023293,39.1427845283903,-3.523181746345472e-10,False
3,x,21,0.02244462500004829,39.14278451905413,-1.138027450053869e-10,False
3,x,22,0.012575665999975172,262.3685816012834,-5.702859412145919,False
3,x,23,0.0071228330000394635,3.058286704892326,0.9218684428607363,False
3,x,24,0.013626333999980034,1.8042790809708402,0.9539051934259333,False
3,x,25,0.015063916000030986,2.096246314374559,0.9464461626741782,False
3,x,26,0.010555457999998907,1.5116358065207374,0.9613814953313573,False
3,x,27,0.012780416999987665,11.425272085322346,0.7081129452846944,False
3,x,28,0.01801429200003213,5.038103855739049,0.8712890787353181,False
3,x,29,0.014505624999969768,2.3550609142055374,0.9398340985852158,False
3,x,30,0.013028208999969593,11.470361885437836,0.7069610139472937,False
3,x,31,0.019560291999994206,51.109815358586964,-0.3057276326246994,False
3,x,33,0.010127333000014005,2.1050244031107046,0.9462219045166405,False
3,x,34,0.010127166999950532,0.0005151955471441271,0.9999868380455419,False
3,x,35,0.007238334000021496,2.341051896653093,0.9401919938582826,False
3,x,36,0.013540999999975156,34.620686031635834,0.11552827779222219,False
3,x,37,0.00980041700000811,0.0256713989239691,0.9993441601244696,False
3,x,38,0.007890250000002652,19.840818752925465,0.4931168285811358,False
3,x,39,0.019242667000014535,0.015226238131966212,0.9996110077931148,False
3,x,40,0.01237904200002049,1362.3762232574247,-33.805296561088625,False
3,x,41,0.01700804199998629,2.250408250100962,0.9425077117530667,False
3,x,42,0.47779991599998084,1225615.237356483,-31310.39627788475,False
3,x,47,0.6316796250000039,0.17640977771247981,0.9954931724990929,False
3,x,50,1.6406438340000022,1194.696060219873,-29.521488826996222,False
3,x,51,6.757736792000003,14.21887170090915,0.6367434796161282,False
3,x,52,6.014092416999972,99.55964466867397,-1.543499291204999,False
3,x,53,3.26141179199999,5471.165206212161,-138.77455293635313,False
3,x,54,9.66782866699998,0.0009153711695428778,0.9999766145617668,False
3,x,55,2.198524750000047,25.343957533168922,0.3525254309969681,False
3,x,56,1.5518310830000246,85.25801533123668,-1.1781285207095284,False
3,x,57,5.687493583000048,5.784054864574314,0.8522319008138789,False
3,x,59,9.787103041999956,0.12336494964501366,0.9968483348546907,False
3,y,0,0.027102624999997715,11.568130968147711,0.9860178803456765,False
3,y,1,0.009752833000050032,0.5919666502011282,0.9992845042507497,False
3,y,2,0.013581999999985328,708.1977109210053,0.1440185834444232,False
3,y,3,0.15152870800000073,0.21371361200837796,0.9997416895345422,False
3,y,4,0.01785754200000156,2.6026467438167358,0.9968542439318693,False
3,y,5,0.14801975000000311,0.2143898944219128,0.9997408721283725,False
3,y,6,0.03319545800002288,2.662118714548006,0.9967823616016007,False
3,y,7,0.012508084000046438,4.469684066416997,0.9945976011504586,False
3,y,8,0.012891125000010106,1.1471615208369448,0.9986134536606351,False
3,y,9,0.018961250000018026,38.03793377038592,0.9540244709499577,False
3,y,10,0.007573791000027086,25.675777593919264,0.9689663096377045,False
3,y,11,0.04324225000004844,17.441329520419227,0.9789190875383014,False
3,y,19,0.01348737500001107,7.117772165666713e-14,0.9999999999999999,False
3,y,20,0.01792054099996676,0.9847164439667693,0.9988097970896912,False
3,y,21,0.025702459000001454,827.3517366669485,-8.767124803910065e-10,False
3,y,22,0.01483070800003361,3342.2239773441934,-3.0396651534675874,False
3,y,23,0.007437750000008236,7.049377267450625,0.9914795884734225,False
3,y,24,0.015416749999985768,9.103257666119413,0.9889971129923851,False
3,y,25,0.01879854100002376,825.9067172533423,0.0017465590818056542,False
3,y,26,0.0889463749999777,4.1187164624400205,0.9950218071909251,False
3,y,27,0.012836916000026122,31.472313427376548,0.9619601772013467,False
3,y,28,0.019416583000008814,166.8999641118956,0.7982720566580443,False
3,y,29,0.01574258299996245,19.10881190569895,0.976903641975258,False
3,y,30,0.013471750000007887,34.09400590089203,0.9587914010211267,False
3,y,31,0.014659457999982806,41.1983677279638,0.9502045309893785,False
3,y,33,0.0099139159999595,3.7324930209551144,0.9954886261080879,False
3,y,34,0.010112665999997716,0.012089065223846101,0.9999853882397308,False
3,y,35,0.007587499999999636,3.7851437525981795,0.9954249884442554,False
3,y,36,0.018208208000032755,700.4829052186923,0.15334328219970284,False
3,y,37,0.009580749999997806,6.926873474958698,0.991627655839659,False
3,y,38,0.007930792000024667,3.4304305230591208,0.9958537217315983,False
3,y,39,0.1553692500000352,1.1952677565334116,0.9985553088189595,False
3,y,40,0.011724834000006013,1168.1562985717328,-0.4119222185981992,False
3,y,41,0.01277766700002303,61.26798188117459,0.925946874564243,False
3,y,42,0.6042214580000405,1157128.134442896,-1397.5927437814362,False
3,y,47,1.46138420799997,0.16084627076826258,0.9998055890091471,False
3,y,51,5.5910627090000276,2883.5041236402967,-2.4852215791372183,False
3,y,52,0.9606149580000078,22.95568618580789,0.9722540182263807,False
3,y,53,5.486529958999995,471.9138765589949,0.4296091298800314,False
3,y,54,8.12846187499997,0.001584475995544406,0.9999980848822493,False
3,y,55,9.844434583000009,0.02667874544354184,0.9999677540466956,False
3,y,56,10.587474333999978,534.6168478519807,0.3538215675059412,False
3,y,57,5.840142500000013,7.246393826329317,0.9912414593315837,False
3,y,58,5.951700333000019,2248.5544399155897,-1.7177732785639708,False
3,y,59,8.733370415999957,0.2973189091512195,0.9996406378372883,False
3,z,0,0.0268502090000311,10.466920067287884,0.9847320612214137,False
3,z,1,0.008649041000012403,0.08720414329480036,0.9998727966285684,False
3,z,2,0.013026000000024851,586.4823395528497,0.14450703765284334,False
3,z,3,0.16027062500000966,2.0922124451431024e-05,0.999999969481212,False
3,z,4,0.01694466599997213,2.7952290249706526,0.995922641488516,False
3,z,5,0.17405183300002136,6.835147785738353e-06,0.9999999900296728,False
3,z,6,0.01975070800000367,2.868055364097896,0.9958164108036425,False
3,z,7,0.012702708999995593,4.882552050323043,0.9928778948049319,False
3,z,8,0.01691162500003429,76.75137748828807,0.8880439207398101,False
3,z,9,0.018350666000003457,34.21046644448373,0.9500977074532488,False
3,z,10,0.007473167000000558,25.249656776605374,0.9631687056586627,False
3,z,11,0.04654654099999789,17.758299031351694,0.9740962364592929,False
3,z,19,0.013197499999989759,0.010017003705695455,0.999985388347447,False
3,z,20,0.016025417000037123,0.4154887618235488,0.9993939327960917,False
3,z,21,0.02050316700001531,5.575564824841332,0.9918670075003473,False
3,z,22,0.017324374999986958,986.6214642211977,-0.4391698815439298,False
3,z,23,0.007838832999993883,4.078293558261009,0.9940510545634876,False
3,z,24,0.014755166000043118,8.944261066410212,0.9869531409904968,False
3,z,25,0.017700208999997358,684.5211377481954,0.0014993181756678409,False
3,z,26,0.01743879099996093,4.424047817529136,0.9935467080289765,False
3,z,27,0.013066665999986071,30.420398662451714,0.9556262222876752,False
3,z,28,0.017838041999993948,138.5809882459845,0.7978539980420494,False
3,z,29,0.014935750000006465,17.839051855449476,0.9739784435300839,False
3,z,30,0.01491587499998559,32.64095162238818,0.9523871351035784,False
3,z,31,0.015362333000041417,22.66379323324806,0.9669406658929963,False
3,z,33,0.008655125000018415,4.424074071506349,0.9935466697326951,False
3,z,34,0.011129125000024942,9.576764909061818e-12,0.999999999999986,False
3,z,35,0.007904124999981832,4.536419991502562,0.9933827924299643,False
3,z,36,0.01767475000002605,580.3419397545546,0.15346394642770012,False
3,z,37,0.010937458000000788,2.2907572758169725,0.9966585068368792,False
3,z,38,0.007445707999977458,5.13071842146203,0.9925158982541704,False
3,z,39,0.1547073329999762,0.3547129153427678,0.9994825856086975,False
3,z,40,0.014411666000000878,1684.952526820464,-1.4578148929138735,False
3,z,41,0.01284554199997956,51.25448689023737,0.9252358513357052,False
3,z,42,0.4913289169999757,1301757.658181096,-1897.854304981317,False
3,z,47,0.6669199160000403,730.4239698203004,-0.06545845214599133,False
3,z,50,12.197220290999951,10974.6969929333,-15.008625338156307,False
3,z,51,6.514991375000022,14.651026905052648,0.9786287675465428,False
3,z,52,6.224887957999954,11.801473032156318,0.9827853688961257,False
3,z,53,3.992346999999995,1551.5679206541836,-1.2632487752918151,False
3,z,54,10.000770957999976,7.10242913269576e-05,0.9999998963979352,False
3,z,55,9.058808499999998,0.05547728519077784,0.9999190761190063,False
3,z,56,0.9227231670000151,34.62615691721379,0.9494913460166768,False
3,z,57,5.503370625000002,4.37563798622469,0.993617322721349,False
3,z,58,5.679841834000001,7.221868280098419,0.9894655694264676,False
3,z,59,8.947468249999986,1.0982778837134355,0.9983979585797337,False
4,x,0,0.03396533299996918,16.049354624571937,0.9819474839523472,False
4,x,1,0.008905207999987397,1.958458962717198,0.9977971007133837,False
4,x,2,0.017237374999922395,872.1065458656168,0.019043582575083318,False
4,x,3,0.017930417000002308,315.1947509900533,0.6454649776588357,False
4,x,4,0.03260662500008493,2.463919403844624,0.9972285524484624,False
4,x,5,0.0338403330000574,3544.8688952674675,-2.9873131422160197,False
4,x,6,0.025703459000055773,2.4803353976577975,0.9972100875320417,False
4,x,7,0.01076037500001803,14.140965478781224,0.9840940640788033,False
4,x,8,0.0190882499999816,97.3409724146946,0.8905096492839647,False
4,x,9,0.019885583000018414,595.3454126577785,0.33034798798411646,False
4,x,10,0.007752041999992798,11.32552274106075,0.9872609094998729,False
4,x,11,0.04474437500005024,26.155533377712654,0.9705799269141223,False
4,x,19,0.013148749999913889,2.882393282140591e-12,0.9999999999999968,False
4,x,20,0.015587624999966465,47.637521393776936,0.9464167164631706,False
4,x,21,0.016936500000042543,4.588400186751448,0.9948389097292694,False
4,x,22,0.0122473330000048,3460.6111138614347,-2.8925389293861032,False
4,x,23,0.007839957999976832,76.62507409668898,0.9138111524020265,False
4,x,24,0.017189458999951057,690.8401092691645,0.22293435152527474,False
4,x,25,0.016959708000058527,862.4788531962073,0.02987293244503275,False
4,x,26,0.01846041700002843,3476.2941745461717,-2.9101794334007636,False
4,x,27,0.013429499999915606,7.699056938431222,0.9913400038703095,False
4,x,28,0.017715375000079803,3502.0493959253236,-2.939149230513112,False
4,x,29,0.018808791999958885,874.4382102566576,0.016420897126250944,False
4,x,30,0.015284917000030873,32.67251466801362,0.9632495443487518,False
4,x,31,0.014868584000055307,365.77371230168546,0.5885731254871676,False
4,x,33,0.010114874999999302,2.476351683234297,0.9972145684641565,False
4,x,34,0.01002662500002316,0.6334256951812004,0.9992875148069975,False
4,x,35,0.007110916999977235,2.595065527199955,0.9970810376385625,False
4,x,36,0.01977533299998413,801.2285225185519,0.09876807516868635,False
4,x,37,0.016439332999993894,153.6768481291633,0.8271423473466667,False
4,x,38,0.007465416000059122,1461.5257248535042,-0.6439425272328654,False
4,x,39,0.14700362500002484,17.502289467386994,0.9803132045573393,False
4,x,40,0.014714541999978792,14120.829661491814,-14.883286900519332,False
4,x,41,0.013279374999910942,3604.019265362271,-3.053846222850063,False
4,x,42,0.2315702500000043,,,False
4,x,47,0.307862957999987,,,False
4,x,50,0.33522004199994626,,,False
4,x,51,0.23476374999995642,,,False
4,x,52,0.21330316599994603,,,False
4,x,53,0.351496582999971,,,False
4,x,54,0.2460150419999536,,,False
4,x,55,0.31751950000000306,,,False
4,x,56,0.34429966699997294,,,False
4,x,57,0.22133304199996928,,,False
4,x,59,0.2564682920000223,,,False
4,y,0,0.037097084000038194,25.766483455454708,0.6286923556783338,False
4,y,1,0.00819704200000615,42.62007723564873,0.38582381617829786,False
4,y,2,0.014737332999970931,68.64307969186869,0.010819607439428336,False
4,y,3,0.015852874999950473,56.86918867074847,0.18048714267410837,False
4,y,4,0.02098445800004356,1.4989545131726256,0.9783993314340443,False
4,y,5,0.022746374999996988,98.28703637568604,-0.4163643248837685,False
4,y,6,0.01965045800000098,1.7596429605661057,0.9746426832491694,False
4,y,7,0.0124786659999927,2.8277019250774815,0.9592514305469927,False
4,y,8,0.012123207999934493,1.86063173589896,0.9731873855428836,False
4,y,9,0.0163192090000166,57.76535190262005,0.16757299165582162,False
4,y,10,0.0074923749999697975,44.16149129841508,0.36361128471045023,False
4,y,11,0.042879541999923276,49.59699432488779,0.2852830243581197,False
4,y,19,0.014095874999952684,7.723519335432113e-12,0.9999999999998888,False
4,y,20,0.02587141700007578,69.3938945249149,-1.9753418900592123e-09,False
4,y,21,0.1318218750000142,18.78259083689258,0.7293336682919418,False
4,y,22,0.016348791000041274,955.9611726061124,-12.775868627048137,False
4,y,23,0.007293874999959371,57.723779011136145,0.1681720773801586,False
4,y,24,0.015524540999990677,51.570411230370034,0.25684512037692886,False
4,y,25,0.014234291999969173,67.82452522863113,0.022615378097041283,False
4,y,26,0.011394832999940263,16.640529523359454,0.7602018207775377,False
4,y,27,0.012413541000000805,39.90402986873637,0.4249633887714216,False
4,y,28,0.024908500000037748,97.81552943626475,-0.4095696789919261,False
4,y,29,0.021272249999924497,33.38099975424861,0.5189634470190672,False
4,y,30,0.017499499999985346,5.710821410916586,0.9177042669056855,False
4,y,31,0.014864416000023084,79.36452655440688,-0.14368169209301573,False
4,y,33,0.00885545899996032,2.281673978938061,0.9671199606382382,False
4,y,34,0.009411750000026586,0.03164831905730374,0.9995439322243478,False
4,y,35,0.00838579200001277,6.305480165359987,0.9091349430524962,False
4,y,36,0.018862124999941443,51.258573510152495,0.2613388546307628,False
4,y,37,0.010499416000016026,207.3455148690551,-1.9879504054090646,False
4,y,38,0.007647915999996258,1131.1759260556018,-15.300799026115016,False
4,y,39,0.02080329199998232,10.91828308991461,0.8426621940412655,False
4,y,40,0.014629624999997759,6600.453271675278,-94.11576385648208,False
4,y,41,0.019393874999991567,92.82950864261672,-0.3377186777239831,False
4,y,42,0.23172220899994045,,,False
4,y,47,0.3042419579999205,,,False
4,y,51,0.2741335829999798,,,False
4,y,52,0.22521145799998976,,,False
4,y,53,0.1956510420000086,,,False
4,y,54,0.25717629200005376,,,False
4,y,55,0.26281829200001994,,,False
4,y,56,0.33689254099999744,,,False
4,y,57,0.20981387500000892,,,False
4,y,58,0.20972358400001667,,,False
4,y,59,0.2590945000000602,,,False
4,z,0,0.03253229199992802,2.998152541809941,0.9833273891314513,False
4,z,1,0.008116042000096968,1.3616391298532187,0.9924279772163537,False
4,z,2,0.0190024999999423,176.10206465673647,0.02070319764407358,False
4,z,3,0.01709070899994458,63.6101119775061,0.6462666160189666,False
4,z,4,0.014995500000054562,0.5436534460454838,0.9969767641149473,False
4,z,5,0.04007412500004648,711.0773933207995,-2.9542740107221586,False
4,z,6,0.017485500000020693,0.58396044600912,0.996752618439802,False
4,z,7,0.010990958000093087,4.72564890095884,0.9737208483796799,False
4,z,8,0.012011541999982,1.0825281122891925,0.9939801028404089,False
4,z,9,0.018783750000011423,119.82213042971416,0.3336737453361531,False
4,z,10,0.00727070800007823,4.444800795264061,0.9752826338839596,False
4,z,11,0.04277783299994553,8.414192236937964,0.9532090008819428,False
4,z,19,0.014623958000015591,0.12875707297015185,0.999283986873827,False
4,z,20,0.020246833000101105,13.248400484361309,0.9263261549150188,False
4,z,21,0.02059074999999666,1.5297625978982987,0.9914930490826123,False
4,z,22,0.013961958999971102,1269.5329064583038,-6.059823621055338,False
4,z,23,0.0073233330000448404,19.326715978786346,0.8925248764404952,False
4,z,24,0.01724500000000262,137.4151014694045,0.235839910640961,False
4,z,25,0.0166472910000266,173.68385711819334,0.03415075667493661,False
4,z,26,0.016818916000033823,698.9558271670566,-2.8868664479712915,False
4,z,27,0.018524707999972634,2.8690831077668726,0.9840451392855262,False
4,z,28,0.017568042000107198,705.2429142124358,-2.921828697003832,False
4,z,29,0.018282290999991346,175.96132037870493,0.021485871156135206,False
4,z,30,0.013057082999921477,10.143942825377112,0.9435899244478668,False
4,z,31,0.017695500000058928,278.49794203416786,-0.5487163346346025,False
4,z,33,0.009007708000012826,0.9139167260291583,0.9949177442685609,False
4,z,34,0.009291250000046603,1.6696318896985494e-12,0.9999999999999907,False
4,z,35,0.0073861670000496815,1.0475715422546095,0.9941744949806881,False
4,z,36,0.021645124999963627,160.375026163981,0.10816065327643631,False
4,z,37,0.010061875000019427,42.75087280479044,0.7622640420641161,False
4,z,38,0.00730537499998718,1564.2171815864028,-7.698551530918502,False
4,z,39,0.15234124999994947,5.960768589126497,0.9668523953407725,False
4,z,40,0.01231304199995975,3489.7733659831515,-18.406495346410168,False
4,z,41,0.013494124999965607,726.4811807260942,-3.039933879500981,False
4,z,42,0.23478837499999372,,,False
4,z,47,0.30501441700005216,,,False
4,z,50,0.3360943339999949,,,False
4,z,51,0.23942766699997264,,,False
4,z,52,0.20674270799997885,,,False
4,z,53,0.2078264169999784,,,False
4,z,54,0.24128891699990618,,,False
4,z,55,0.26216712500001904,,,False
4,z,56,0.34719766599994273,,,False
4,z,57,0.19840933299997232,,,False
4,z,58,0.1938929159999816,,,False
4,z,59,0.2517753749999656,,,False
5,x,0,0.030957791999981055,0.5231397395795091,0.942244514962234,False
5,x,1,0.008039624999923944,9.047539070850315,0.0011368513982301653,False
5,x,2,0.02010058299993034,7.779121359723896,0.14117224652130556,False
5,x,3,0.01530120799998258,0.005836868610933743,0.9993556001346846,False
5,x,4,0.014627708000034545,0.7454560579093067,0.9177004288882753,False
5,x,5,0.019323875000054613,0.016196759676374007,0.9982118511740267,False
5,x,6,0.014505041000006713,0.7863698690723233,0.9131834770498183,False
5,x,7,0.013759583000023667,0.8638748741956748,0.9046267973998423,False
5,x,8,0.013431499999910557,0.9048109811723896,0.9001073840669948,False
5,x,9,0.017024291999973684,1.4167496280508527,0.8435885180297694,False
5,x,10,0.007535542000027817,8.721592632612161,0.03712187263157807,False
5,x,11,0.044759792000036214,8.882124335503304,0.019398909409803156,False
5,x,19,0.013738582999963,4.709178063481654e-12,0.9999999999994801,False
5,x,20,0.024214959000005365,9.05783648535984,-4.821254506737205e-11,False
5,x,21,0.0705249579999645,8.178150831627228,0.09711873853763608,False
5,x,22,0.012946292000037829,231.13097168956145,-24.517238258195682,False
5,x,23,0.007581125000001521,9.012350048705937,0.0050217771421372515,False
5,x,24,0.014701624999929663,0.7775841153440504,0.914153438667352,False
5,x,25,0.015152041999954236,0.8430631970268212,0.90692444068403,False
5,x,26,0.009899541999971007,0.7505748748857125,0.9171353031007954,False
5,x,27,0.013372458000048937,8.597825464752004,0.050785970903408084,False
5,x,28,0.019064249999928506,21.010044966213364,-1.319543414278321,False
5,x,29,0.015542500000037762,0.9557865830520559,0.8944795940351791,False
5,x,30,0.01419116599993231,6.268660510184169,0.3079296010014735,False
5,x,31,0.020377082999971208,60.203592345133465,-5.646575310267847,False
5,x,33,0.01385516599998482,1.6966148460593555,0.8126909390687955,False
5,x,34,0.010173375000022133,9.721989166576005e-05,0.9999892667645494,False
5,x,35,0.00737687499997719,2.1939286488617116,0.7577866797978162,False
5,x,36,0.017838165999933153,8.978298663931605,0.008781105855015903,False
5,x,37,0.010171417000037764,0.21283919494507958,0.97650220388728,False
5,x,38,0.007607874999962405,68.2234325216686,-6.531978815827287,False
5,x,39,0.020745542000099704,0.08742504280558158,0.9903481319240968,False
5,x,40,0.015146416999982648,1399.0890414735236,-153.46172425416614,False
5,x,41,0.013501916999985042,4.438664129721124,0.5099642020355165,False
5,x,42,7.350572499999998,2605294.694032816,-287627.806102799,False
5,x,47,1.0071949999999106,0.7283479912289949,0.9195891875017465,False
5,x,50,3.672085958000025,368.53624897693845,-39.6870061730934,False
5,x,51,0.5057510829999501,48.27989296005409,-4.330179346957352,False
5,x,52,2.3754109999999855,122.88255501713871,-12.56643556346794,False
5,x,53,1.0268722079999861,9694.010643212227,-1069.2346702049663,False
5,x,54,10.166850666000073,0.010000064873258526,0.9988959764409632,False
5,x,55,0.9257683749999615,28.180624956636382,-2.1111872027656178,False
5,x,56,12.262693042000024,314.97945822081215,-33.77424865696115,False
5,x,57,5.7818163749999485,6.61200514547772,0.27002379028552026,False
5,x,59,9.687010541000063,1.025488628498821,0.886784373927951,False
5,y,0,0.029130958999985523,13.126859995037053,0.9849011483689192,False
5,y,1,0.008348458999989816,0.3313737606673458,0.9996188453865859,False
5,y,2,0.01919820799992067,851.183620962928,0.020946729942704634,False
5,y,3,0.01686799999993127,287.87658308766726,0.6688769577990067,False
5,y,4,0.01572595800007548,2.9370236835653816,0.9966217598990246,False
5,y,5,0.06088483299993186,0.03755367311768174,0.9999568048003239,False
5,y,6,0.051981292000050416,3.0293278047107366,0.9965155893273389,False
5,y,7,0.011284999999929823,5.825151824199966,0.9932997607077879,False
5,y,8,0.016352833999917493,102.29468996297152,0.8823380193753676,False
5,y,9,0.01882883399991897,112.25758573405355,0.8708784406855392,False
5,y,10,0.00783529099999214,19.619373281940995,0.9774332927759712,False
5,y,11,0.04511670800002321,10.761144567937443,0.9876222550348425,False
5,y,19,0.014739875000032043,4.4794235952515565e-13,0.9999999999999994,False
5,y,20,0.016060125000080916,3.476312403689659,0.9960014561573415,False
5,y,21,0.019437125000081323,6.143664292119524,0.9929333994837339,False
5,y,22,0.019140166999932262,1067.2036220545986,-0.22752502545517417,False
5,y,23,0.007873166999956993,13.29067371374882,0.9847127256208363,False
5,y,24,0.015036915999985467,809.7299165983237,0.06862784576145098,False
5,y,25,0.015979166000079204,11.504247831798278,0.9867675185684027,False
5,y,26,0.08920625000007476,5.484898870994198,0.9936911283965904,False
5,y,27,0.014353249999999207,27.556346255987002,0.9683039825387685,False
5,y,28,0.017708583000057843,2570.532129504809,-1.9566920993286243,False
5,y,29,0.015834457999972074,21.12677397639309,0.9756994417679826,False
5,y,30,0.013814375000038126,28.188210459151115,0.9675771960979767,False
5,y,31,0.01668925000001309,10.301636266347842,0.9881507932893507,False
5,y,33,0.009346583000024111,4.075297208298032,0.9953124884455298,False
5,y,34,0.009890915999903882,0.039672469143081895,0.9999543677066979,False
5,y,35,0.007694624999999178,4.229870811888915,0.9951346939152625,False
5,y,36,0.02044312499992884,809.0215706155614,0.06944260351016296,False
5,y,37,0.011330958000030478,6.607721424841799,0.992399629046785,False
5,y,38,0.007926791999921079,27.395802086759126,0.9684886445670314,False
5,y,39,0.1491100829999823,1.3727549362893514,0.9984210220024665,False
5,y,40,0.013696582999955353,21149.033646609765,-23.326161876612137,False
5,y,41,0.013989250000008724,1091.3675424013015,-0.25531898747488047,False
5,y,42,7.369177000000036,2704903.129460576,-3110.2490758347362,False
5,y,47,0.6729244999999082,2.1824229979077487,0.997489720995415,False
5,y,51,0.7299760419999757,4192.966056927336,-3.822857287396923,False
5,y,52,0.47231987500003925,88.03938847885405,0.8987348333999247,False
5,y,53,5.055536416999985,691.722280558389,0.20436326067219068,False
5,y,54,9.991584791000037,0.0009483946146837289,0.9999989091321474,False
5,y,55,9.091564415999983,3.1307787807197536,0.9963988978081815,False
5,y,56,11.331951415999924,548.799950417154,0.3687561968646037,False
5,y,57,5.936975000000075,7.930797988598214,0.9908777923897115,False
5,y,58,1.5975634999999784,3079.0634720949524,-2.541617915131186,False
5,y,59,8.660938708000003,0.4999955566183508,0.9994248922645298,False
5,z,0,0.026521415999923192,0.007735124596315141,0.9845638980495465,False
5,z,1,0.008362582999893675,0.00020403774279169017,0.9995928252531351,False
5,z,2,0.021130500000026586,0.49041269503954515,0.021339570660139917,False
5,z,3,0.017114375000005566,0.16834243097504628,0.6640582973471564,False
5,z,4,0.014294957999936742,0.001940738697504472,0.9961270901301137,False
5,z,5,0.1687346249999564,7.089117830507575e-09,0.9999999858530597,False
5,z,6,0.016469042000039735,0.002018576345465881,0.9959717584538679,False
5,z,7,0.011402833000033752,0.004333256967493104,0.9913526155274084,False
5,z,8,0.01487241699999231,0.0009264430201148954,0.9981512038065176,False
5,z,9,0.01891166699999758,0.06663868070565583,0.8670168196506819,False
5,z,10,0.007651792000046953,0.011597292263174021,0.9768566125219443,False
5,z,11,0.04506654099998286,0.006634897632542153,0.986759494949114,False
5,z,19,0.013042416999951456,2.286685201407493e-05,0.9999543672432706,False
5,z,20,0.015651707999950304,0.002258323829522974,0.9954933218675932,False
5,z,21,0.01834054100004323,0.004096900416555345,0.9918242852169531,False
5,z,22,0.012504000000035376,198.49087815684604,-395.1055046125199,False
5,z,23,0.007583416999977999,0.007772690772885283,0.9844889315348893,False
5,z,24,0.016809125000008862,0.4674995195401448,0.06706476986195609,False
5,z,25,0.014310207999983504,0.0073265977216874,0.9853791483286768,False
5,z,26,0.09633304199996928,0.003715774020735304,0.9925848554997756,False
5,z,27,0.013929415999996309,0.01606230877450315,0.9679462906232942,False
5,z,28,0.01853779200007466,1.5187458788960781,-2.03078714913513,False
5,z,29,0.015579125000044769,0.013112723004948933,0.9738324410121496,False
5,z,30,0.013350208000019848,0.016402544777835485,0.9672673206119831,False
5,z,31,0.015575374999912128,9.977190287823774,-18.910335579505624,False
5,z,33,0.009336208000036095,0.003122862376828236,0.9937680613381561,False
5,z,34,0.009771624999984851,4.030519410997522e-15,0.999999999999992,False
5,z,35,0.007278041999938978,0.0032590161579107964,0.9934963548362684,False
5,z,36,0.019129458999941562,0.4657341665076729,0.07058768265391813,False
5,z,37,0.010334958000044026,12.70842213604337,-24.36074206417004,False
5,z,38,0.007511749999935091,27.91452315500052,-54.70581571810122,False
5,z,39,0.16458849999992253,0.0008381526420176829,0.9983273947987353,False
5,z,40,0.01567624999995587,1485.0381001379674,-2962.520396938094,False
5,z,41,0.012877624999987347,0.6477987435232134,-0.29273773471775355,False
5,z,42,7.251039416000026,2617511.0361652584,-5223465.888940856,False
5,z,47,1.0661751249999725,0.5395450817468253,-0.07670830443730536,False
5,z,50,0.9307473750000099,513.1236250656915,-1022.9820304217887,False
5,z,51,5.931716416999961,51.26858296593109,-101.31083722871092,False
5,z,52,5.8733393750000005,282.19313636690765,-562.1405116283338,False
5,z,53,1.112997916999916,2415.205887437329,-4818.749681547245,False
5,z,54,8.209040167000012,0.005353573344480496,0.9893164870306034,False
5,z,55,9.617520333000016,7.169748692795698,-13.3078460344191,False
5,z,56,1.0426157919999923,92.8051251884738,-184.20055573717855,False
5,z,57,5.635615166999969,10.883428833509909,-20.7188120181794,False
5,z,58,5.973280334000037,5.318773336299193,-9.614066580075452,False
5,z,59,9.456436625000038,0.6745508162974523,-0.3461237813918847,False
6,x,0,0.03169079099995997,13.453679985335254,0.9822589210283341,False
6,x,1,0.008779833999938091,0.28686480830923095,0.999621717535726,False
6,x,2,0.019139458000040577,712.5153274407093,0.06042133405680039,False
6,x,3,0.016524249999974927,265.9695332106179,0.6492716864166506,False
6,x,4,0.015278584000043338,3.683761460734977,0.9951423028451014,False
6,x,5,0.025567292000005182,0.0003302260024483158,0.9999995645380599,False
6,x,6,0.020124125000052118,3.7994063873513655,0.9949898043630497,False
6,x,7,0.011578834000033567,6.523810267465534,0.9913971914541279,False
6,x,8,0.013758749999965403,1.5681210231544709,0.9979321524713508,False
6,x,9,0.01890533300002062,82.80461521261822,0.8908073315771781,False
6,x,10,0.006975667000006069,27.726041122453168,0.9634382647973442,False
6,x,11,0.04230041699997855,16.891176708849674,0.9777259678955714,False
6,x,19,0.013674375000050532,6.094404814124554e-13,0.9999999999999992,False
6,x,20,0.017172416999983398,0.5686857909060731,0.9992500862561376,False
6,x,21,0.023781083000017134,758.3349360593929,-1.685533934647765e-10,False
6,x,22,0.01556412500008264,2569.1826171825332,-2.3879259618000224,False
6,x,23,0.007047041999953763,4.817490718290665,0.9936472784121799,False
6,x,24,0.015921165999998266,718.0633176358277,0.05310531849132594,False
6,x,25,0.017407165999998142,739.2334375257467,0.025188735874816404,False
6,x,26,0.016597583000020677,5.380118360495955,0.9929053534189523,False
6,x,27,0.013291832999925646,36.26375885715654,0.9521797597091997,False
6,x,28,0.017232583000009072,1933.369422046844,-1.5494927510781298,False
6,x,29,0.015514041999949768,21.64985226540791,0.9714508045988779,False
6,x,30,0.0130311249999977,36.877574677171,0.9513703339648082,False
6,x,31,0.02205816700006835,25.31398341263415,0.9666189935169777,False
6,x,33,0.009316666000017904,5.456165084411663,0.9928050722367036,False
6,x,34,0.010268125000038708,0.029883668553741326,0.9999605930478239,False
6,x,35,0.007203125000046384,5.82881728242726,0.9923136637833164,False
6,x,36,0.018311041999936606,707.3096288787564,0.06728597699397132,False
6,x,37,0.00945929099998466,4.747025843408613,0.9937401989299396,False
6,x,38,0.007072292000088964,33.59593991301566,0.9556977552778247,False
6,x,39,0.1528507499999705,3.1519190932248984e-07,0.9999999995843631,False
6,x,40,0.012272875000007843,1134.0618337240287,-0.49546299397494553,False
6,x,41,0.013373749999914253,718.2612604839917,0.0528442955069095,False
6,x,42,7.2903028329999415,383447.7293312728,-504.6442887735722,False
6,x,47,0.8415818749999744,0.7309295532873845,0.9990361388897513,False
6,x,50,1.8062829589999865,397.8506279056895,0.4753629180792629,False
6,x,51,0.5758297080000148,42.77157904497936,0.9435980369380756,False
6,x,52,6.121441416000039,139.72594683017164,0.8157463935661543,False
6,x,53,0.48908254200000556,121.0675731224815,0.8403507904145856,False
6,x,54,10.127474792000044,0.001611252890457961,0.9999978752754038,False
6,x,55,0.9182275000000573,70.81801430471282,0.9066138048648428,False
6,x,56,1.9898695000000544,11.240835340682008,0.9851769517556602,False
6,x,57,5.995487125000068,6.876316712282867,0.9909323487729921,False
6,x,59,9.920978292000086,0.38021551670475096,0.9994986179606276,False
6,y,0,0.028971916999921632,0.8811599160500398,0.9925449212811756,False
6,y,1,0.008430374999988999,8.399152255858242,0.9289387316668876,False
6,y,2,0.017580333000069004,117.054009673295,0.009661197050081838,False
6,y,3,0.01568379200000436,24.37914623815397,0.7937395346829998,False
6,y,4,0.016646832999981598,0.041488772105409216,0.9996489830547676,False
6,y,5,0.14816674999997304,7.316628998464632,0.938097450705089,False
6,y,6,0.015285416999972767,0.04881835766729463,0.9995869708860965,False
6,y,7,0.013053792000050635,0.004563697698108565,0.9999613887048553,False
6,y,8,0.019814458000041668,47.096141122915405,0.6015417485192796,False
6,y,9,0.0178522090000115,8.119702071630593,0.9313030279580149,False
6,y,10,0.007313292000048932,1.557631069396424,0.9868216177044332,False
6,y,11,0.0453216659999498,3.341263390895717,0.9717311453395264,False
6,y,19,0.02287425000008625,1.1988843302061059e-12,0.9999999999999899,False
6,y,20,0.015237209000019902,8.65225936460303,0.9267973117207273,False
6,y,21,0.027103166000074452,6.773295234989161e-05,0.9999994269434158,False
6,y,22,0.012642541999980494,90.47321493132486,0.23454877262046958,False
6,y,23,0.007749583000077109,15.354960540223928,0.8700889163627012,False
6,y,24,0.021351999999978943,95.39403206440258,0.19291605826314684,False
6,y,25,0.015137249999952473,101.14710102572248,0.14424205346532826,False
6,y,26,0.08795754200002648,21.54702339263512,0.817700791170211,False
6,y,27,0.013495666000039819,0.7755363584429352,0.993438552416887,False
6,y,28,0.017901291000043784,158.43166561550137,-0.34041564669965263,False
6,y,29,0.015460833000020102,0.08913193257682168,0.9992458967304143,False
6,y,30,0.014064916999927846,0.5619670440243569,0.9952454617212199,False
6,y,31,0.015117165999981808,13.193433335651703,0.8883765792141869,False
6,y,33,0.009550834000037867,0.3315535631055718,0.9971948815788866,False
6,y,34,0.010135958999967443,0.00446705992376504,0.9999622063115142,False
6,y,35,0.00715212500006146,0.5460332311397095,0.9953802702017037,False
6,y,36,0.017984791000003497,109.43341408446356,0.07413546439276253,False
6,y,37,0.014282624999964355,0.5518547767923168,0.9953310168478972,False
6,y,38,0.00759133299993664,54.99968682724904,0.5346735736166348,False
6,y,39,0.14797033399997872,9.585631619747954,0.9189004890108788,False
6,y,40,0.018889166999997542,9704.60524321153,-81.1060907395491,False
6,y,41,0.014122916000019359,75.64802433094884,0.359977722501463,False
6,y,42,7.300449583000045,453175.6541510496,-3833.1056074082053,False
6,y,47,0.9261967499999173,0.651012236224306,0.9944920923210782,False
6,y,51,0.6033214589999716,4037.3087907347444,-33.157766710554824,False
6,y,52,0.4844924589999664,20.138852573872697,0.8296146607325993,False
6,y,53,5.182944916999986,613.4027790742713,-4.189711789028614,False
6,y,54,10.089857041999949,0.000786677201602404,0.9999933442949941,False
6,y,55,10.098699666000016,2.397543413496663,0.9797155152500132,False
6,y,56,11.682390833999989,9.111748659551061,0.9229097893744427,False
6,y,57,5.784418334000065,7.813807712383033,0.9338910559496391,False
6,y,58,5.546348541000043,2851.6598668919523,-23.12655001635886,False
6,y,59,9.17204716699996,0.7232869201408549,0.9938806102868166,False
6,z,0,0.026728292000029796,9.383787269972542,0.9845911614635422,False
6,z,1,0.010729957999956241,0.21367729537198302,0.9996491268558666,False
6,z,2,0.016869166999981644,210.08345018882753,0.6550282023655588,False
6,z,3,0.016962750000061533,204.35029527388295,0.6644424458737814,False
6,z,4,0.016079417000014473,5.893206324014745,0.9903229408237597,False
6,z,5,0.16719499999999243,1.061742509754657e-05,0.9999999825654414,False
6,z,6,0.018507874999954765,2.4679774414673012,0.9959474075005005,False
6,z,7,0.011400833000038801,5.105310932742523,0.9916167204586179,False
6,z,8,0.02010154100003092,68.50560713062053,0.8875089759871729,False
6,z,9,0.01854608400003599,64.8633373926739,0.893489839010127,False
6,z,10,0.007976249999956053,15.180001544052494,0.9750733700534785,False
6,z,11,0.0444686250000359,8.886813770797628,0.9854072268948408,False
6,z,19,0.015550374999975247,0.024042644517959167,0.9999605202870965,False
6,z,20,0.01601483299998563,2.211504904707981,0.996368553440222,False
6,z,21,0.020913292000045658,4.97466333953052,0.9918312529934105,False
6,z,22,0.016386832999955914,697.7458771538483,-0.14574779363835777,False
6,z,23,0.007821749999948224,8.399138489151598,0.9862080239991349,False
6,z,24,0.02151533300002484,569.4879090171931,0.06486080874928413,False
6,z,25,0.016380708000042432,588.2092903526359,0.034118984166326194,False
6,z,26,0.09424033300001611,4.297552493832546,0.992943116614406,False
6,z,27,0.01356158399994456,20.579027556845322,0.9662077896975095,False
6,z,28,0.017212374999985514,1495.6052822068532,-1.4558890397636004,False
6,z,29,0.015460625000059736,15.921220041203568,0.9738562371609433,False
6,z,30,0.021922041999914654,21.26766994071016,0.9650769904799815,False
6,z,31,0.015975374999925407,4.881040525288234,0.9919849882376657,False
6,z,33,0.008915541999954257,3.816147604177889,0.9937336172941356,False
6,z,34,0.009924332999958096,4.855666787030008e-12,0.999999999999992,False
6,z,35,0.0079643329999044,3.971608954705167,0.993478338825004,False
6,z,36,0.019352249999997184,566.4608356299109,0.06983147610572538,False
6,z,37,0.014802584000108254,8.953042420419493,0.9852984747951661,False
6,z,38,0.0077307909999717594,22.515299536383324,0.9630282949543966,False
6,z,39,0.14691516599998522,0.8780806760980115,0.998558129785905,False
6,z,40,0.014966791999995621,18950.483814466883,-30.11802696329997,False
6,z,41,0.012464541999975154,572.1716384884945,0.060453936245775775,False
6,z,42,7.367381667000018,466054.10588318855,-764.2936133566315,False
6,z,47,0.8010832080000228,264.41633305792516,0.565809788172688,False
6,z,50,2.851726249999956,954.1630854563216,-0.5668028801432798,False
6,z,51,6.13651091600002,37.17774582279609,0.9389515271338191,False
6,z,52,5.829054250000013,265.32865691742734,0.5643116882435677,False
6,z,53,1.498845916999926,1333.7357477695127,-1.190087882047898,False
6,z,54,9.104164875000038,3.4700644882685856e-05,0.9999999430191011,False
6,z,55,9.83421845800001,6.463359158555915,0.9893867097780431,False
6,z,56,0.9354982500000233,41.78921810324547,0.931379165384723,False
6,z,57,5.767363624999916,11.053152190464946,0.9818499468794685,False
6,z,58,5.973796624999977,9.758082534577497,0.983976542319765,False
6,z,59,9.254617541000016,0.4125703017723611,0.9993225305538106,False
7,x,0,0.027661500000021988,12.994395766232808,0.9848332165332739,False
7,x,1,0.008020791000035388,0.023852415779938737,0.9999721599655882,False
7,x,2,0.01783312499992462,291.9445855517523,0.6592484642608216,False
7,x,3,0.035957166999992296,0.0035810368239451583,0.9999958202896794,False
7,x,4,0.017069375000005493,3.4637838162335726,0.9959571449060463,False
7,x,5,0.048598624999954154,0.0037061647494153385,0.9999956742430154,False
7,x,6,0.04067020899992713,3.519366384712144,0.9958922701095722,False
7,x,7,0.011828000000036809,5.11278165371366,0.9940324695622992,False
7,x,8,0.010893417000033878,1.5133861072498207,0.998233607794996,False
7,x,9,0.01670141700003569,22.0636618363328,0.9742477612984278,False
7,x,10,0.007050374999948872,40.19497835593996,0.9530852727482366,False
7,x,11,0.03989895899997009,32.174640420766295,0.9624464412843564,False
7,x,19,0.012486625000065033,8.304563264914602e-15,1.0,False
7,x,20,0.014712042000041947,0.07018621702500237,0.9999180801343043,False
7,x,21,0.0265263750000031,856.7667518058037,-3.07024872192585e-09,False
7,x,22,0.013153125000030741,3291.633740101344,-2.8419251718973872,False
7,x,23,0.005875166000009813,2.0028977794469722,0.9976622601409604,False
7,x,24,0.01434287500001119,11.28955334492384,0.9868230724922615,False
7,x,25,0.011703542000077505,12.114053312451382,0.9858607335962655,False
7,x,26,0.01366441700008636,5.132537335522145,0.9940094111489942,False
7,x,27,0.012447500000007494,45.10522019972371,0.9473541424861085,False
7,x,28,0.017397040999981073,22.99955068288766,0.9731554116624789,False
7,x,29,0.013383791999899586,21.81761571644165,0.9745349411173552,False
7,x,30,0.012838582999961545,48.20661906460596,0.9437342554306556,False
7,x,31,0.012874333000013394,52.721756859764604,0.9384642822442489,False
7,x,33,0.0074010000000725995,5.190904749116998,0.9939412859402941,False
7,x,34,0.00907420800001546,0.0048197995135756426,0.9999943744321098,False
7,x,35,0.007062999999902786,5.273757305866733,0.9938445821911938,False
7,x,36,0.018200249999949847,728.7412226759608,0.14942868245364005,False
7,x,37,0.008251874999928077,1.9584204980222182,0.9977141730816382,False
7,x,38,0.005549916999939342,1.3776860428927842,0.9983919940354608,False
7,x,39,0.14459320900004968,0.1260558047653121,0.999852870335028,False
7,x,40,0.011503916000037862,1152.1466548737592,-0.344761168641013,False
7,x,41,0.013043583000012404,5.662363268611168,0.9933910095436576,False
7,x,42,6.907314000000042,0.0028236432405604776,0.9999967043034254,False
7,x,47,1.1292792500000814,0.02867520346976243,0.9999665309099619,False
7,x,50,10.805197125000063,0.01718365671120247,0.999979943599903,False
7,x,51,7.455736458999922,0.9901623129976445,0.9988443035237412,False
7,x,52,6.449883875000069,70.98255403877069,0.9171506666113091,False
7,x,53,5.936235916999976,94.87399986496106,0.8892650771563178,False
7,x,54,9.858667959000059,0.00015275389988435675,0.999999821708884,False
7,x,55,8.442585166999947,6.33583028758051,0.9926049531057559,False
7,x,56,11.28001816599999,130.68517321009142,0.8474670342472057,False
7,x,57,5.5803173340000285,4.7917262703208765,0.994407198604599,False
7,x,59,8.390993999999978,4.209217498489441e-08,0.9999999999508709,False
7,y,0,0.07286783300003208,0.5105673207973688,0.8655996039046531,False
7,y,1,0.01028499999995347,3.1394413246216377,0.17358173866613824,False
7,y,2,0.018381750000003194,2.477469859587942,0.347837362714697,False
7,y,3,0.016332625000018197,0.012898006073696688,0.9966047628695903,False
7,y,4,0.03296224999996866,0.243701748702837,0.9358485938668425,False
7,y,5,0.018947582999999213,0.021072613436392964,0.9944529007689089,False
7,y,6,0.023124708000068495,0.2510215017879207,0.933921761353514,False
7,y,7,0.013623166999991554,0.2199730114254291,0.9420948841385063,False
7,y,8,0.012564916000087578,0.3825993710370497,0.8992855497823409,False
7,y,9,0.025667624999982763,0.48603154549946515,0.8720583367381499,False
7,y,10,0.007224457999996048,2.401280445588468,0.3678932632839097,False
7,y,11,0.0438510829999359,2.494218386961961,0.34342852450396555,False
7,y,19,0.015799249999986387,1.8411244150065606e-13,0.9999999999999515,False
7,y,20,0.023489208000000872,2.782833341079185,0.26745428453142683,False
7,y,21,0.09447337500000685,2.2260995065644384,0.41400743204115487,False
7,y,22,0.01902404200006913,48.440073845833176,-11.751237391379474,False
7,y,23,0.007405833999996503,3.258554363466032,0.1422267362037689,False
7,y,24,0.01809266599991588,3.1986571640498216,0.15799391713882882,False
7,y,25,0.021246458999939932,0.8496219370792037,0.7763477601809539,False
7,y,26,0.011647040999946512,0.24486514305721283,0.9355423450027378,False
7,y,27,0.013444416000083947,2.3498333792970665,0.38143605344272624,False
7,y,28,0.01847529199994824,1.223735760696239,0.6778670231052841,False
7,y,29,0.022372083000050225,2.0890861140480705,0.4500744764336717,False
7,y,30,0.012858124999979736,2.2589373582701193,0.4053632824914517,False
7,y,31,0.01543979199993828,0.07287561361051932,0.9808164155127499,False
7,y,33,0.00901445900001363,0.6438330045904854,0.8305190964805973,False
7,y,34,0.00945945799992387,7.968331273402272e-06,0.9999979024374734,False
7,y,35,0.007690832999969643,0.71092595923977,0.812857723900017,False
7,y,36,0.015339499999981854,3.5840497444910016,0.05654418983820608,False
7,y,37,0.016227834000005714,13.203969518932986,-2.475778141468216,False
7,y,38,0.007135542000014539,0.4888341756274474,0.871320579768665,False
7,y,39,0.02541670800007978,0.03377253397565824,0.991109807152594,False
7,y,40,0.011633999999958178,1511.0864106770562,-396.77440477804225,False
7,y,41,0.014145666999979767,1.6225532983442839,0.5728833454465625,False
7,y,42,6.249886916000037,0.004524301534954842,0.9988090347862392,False
7,y,47,1.444853999999964,0.020997434573377084,0.9944726906547001,False
7,y,51,4.612928000000011,2234.74937582607,-587.2695367494064,False
7,y,52,6.14197999999999,1.1985748167160494e-05,0.9999968449032369,False
7,y,53,4.976182875000063,327.64803850488414,-85.24920624795888,False
7,y,54,9.81098354200003,8.325112485779635e-05,0.9999780851932732,False
7,y,55,9.706509917000176,0.03461561040714832,0.9908878779344177,False
7,y,56,11.265454624999848,63.11140133148696,-15.613278977270557,False
7,y,57,5.687460208000175,6.340680873573396,-0.6691041243915992,False
7,y,58,5.378508165999847,1407.9601566261315,-369.62772141681995,False
7,y,59,9.751348292000102,0.000641027627717754,0.9998312575764959,False
7,z,0,0.0281397090000155,0.2152274754835544,0.9848141416440764,False
7,z,1,0.00945741700002145,0.0006857330022886506,0.9999516165665218,False
7,z,2,0.021120582999856197,13.685346577885037,0.03439960805856934,False
7,z,3,0.16452608300005522,2.466225265824202e-07,0.9999999825989933,False
7,z,4,0.021184666999943147,0.05940467054600629,0.9958085699301858,False
7,z,5,0.16646220899997388,2.550080282876582e-07,0.9999999820073353,False
7,z,6,0.020817000000079133,0.06043210875472041,0.995736076717728,False
7,z,7,0.012786250000090149,0.0917007099815899,0.9935298502675396,False
7,z,8,0.022503625000126704,1.5822845829666832,0.8883583543332061,False
7,z,9,0.018494959000008748,0.3707362756672583,0.9738418686692454,False
7,z,10,0.007935500000030515,0.6564148331645078,0.953685175850492,False
7,z,11,0.04367912499992599,0.5256740495798193,0.96290988573662,False
7,z,19,0.012788208000074519,7.973194478420142e-05,0.9999943743334013,False
7,z,20,0.016100167000104193,0.0016212704771912537,0.9998856076169274,False
7,z,21,0.030546209000021918,0.11497572455422173,0.9918876292930198,False
7,z,22,0.012454000000161614,37.34115607574961,-1.634689208423556,False
7,z,23,0.008876957999973456,0.03586431591204998,0.9974695125692068,False
7,z,24,0.013721125000074608,0.191747238079124,0.9864708425768269,False
7,z,25,0.013019749999784835,0.20538931296434362,0.9855082953164347,False
7,z,26,0.015283292000049187,0.09206071515527704,0.9935044492932321,False
7,z,27,0.013288875000171174,0.7365532250968466,0.9480308314596477,False
7,z,28,0.017818249999891123,0.3942200647667704,0.9721849171386643,False
7,z,29,0.015219500000057451,0.3678003222655881,0.9740490214614118,False
7,z,30,0.013100874999963708,0.7871840451244545,0.9444584601364416,False
7,z,31,0.015739499999881446,2.7349854119802877,0.8070269561145166,False
7,z,33,0.009823040999890509,0.09311230168475211,0.9934302522417185,False
7,z,34,0.010145542000145724,2.846706614163134e-13,0.9999999999999799,False
7,z,35,0.007652416999917477,0.0946015041549454,0.9933251782137635,False
7,z,36,0.018071041999974113,12.044045553676924,0.1502052914038685,False
7,z,37,0.013855208999984825,5.795983807574985,0.5910513333053271,False
7,z,38,0.00744470899985572,1.234313776014479,0.912910216842862,False
7,z,39,0.17225854200000867,0.002772524787588117,0.9998043782810814,False
7,z,40,0.01163695899981576,1499.7195490512706,-104.81608409583511,False
7,z,41,0.014124084000059156,0.09808341315604567,0.9930795042969919,False
7,z,42,6.359124792000102,0.003689070311731709,0.999739709351266,False
7,z,47,1.0663954999999987,0.02235959562482412,0.9984223684671697,False
7,z,50,9.850696375000098,18.750423603251928,-0.32297828756675573,False
7,z,51,7.510138332999986,9.742808958497916,0.3125742124690899,False
7,z,52,6.008393165999905,5.18331620431901,0.6342794733065293,False
7,z,53,5.981430208999882,903.618531390652,-62.756836782367905,False
7,z,54,9.8107259169999,3.2381886056201436e-06,0.9999997715223236,False
7,z,55,9.934825874999888,0.03897912579350823,0.9972497401560464,False
7,z,56,6.455039582999916,34.327144515982006,-1.4220288474407679,False
7,z,57,5.53686745899995,0.0038460705288963348,0.9997286318480134,False
7,z,58,5.17409908400009,2.3733359108637977,0.8325439496401181,False
7,z,59,8.623911208000209,0.14464698929590225,0.9897941065092956,False
8,x,0,0.025634041000103025,3730.4100802030757,-3.5571236210337993,False
8,x,1,0.00882641699990927,0.023073109855209873,0.9999718135508775,False
8,x,2,0.015038583999967159,281.81827932423914,0.655726660089423,False
8,x,3,0.027158958999962124,0.00010924430409722878,0.9999998665455572,False
8,x,4,0.13277962500001195,5.645371179960881,0.9931035318368262,False
8,x,5,0.02925704099993709,4.554618688113743e-05,0.9999999443601106,False
8,x,6,0.02797737499986397,3.7668302325078056,0.9953983849871939,False
8,x,7,0.014708250000012413,4.965355579646655,0.9939342488594155,False
8,x,8,0.02464962499993817,86.70397661295281,0.8940811515716951,False
8,x,9,0.017553582999880746,16.03949400231785,0.9804059190770218,False
8,x,10,0.007702167000161353,49.93818131140321,0.9389947858940816,False
8,x,11,0.044740999999930864,45.427319394179136,0.9445053209163021,False
8,x,19,0.012360415999864927,1.998230948650127e-12,0.9999999999999976,False
8,x,20,0.015619000000015149,0.47336563794775655,0.9994217295997764,False
8,x,21,0.023252875000025597,6.6476927819650555,0.9918790810793595,False
8,x,22,0.016985041999987516,1684.759529267134,-1.0581269301543128,False
8,x,23,0.007671000000073036,0.17557379262823308,0.9997855164819903,False
8,x,24,0.01350795799999105,11.9212254116749,0.9854368563382568,False
8,x,25,0.013003374999925654,12.296721247440276,0.984978145122606,False
8,x,26,0.012979249999943931,5.666986182534041,0.9930771266329271,False
8,x,27,0.013461249999863867,52.40480509228198,0.9359815221363784,False
8,x,28,0.018760042000167232,25.766296399608976,0.9685235147276825,False
8,x,29,0.1365760420001152,58.413813647031084,0.9286408292272625,False
8,x,30,0.02307770800007347,54.45551850477403,0.9334763405796287,False
8,x,31,0.01955150000003414,55.51175440240432,0.9321860273285416,False
8,x,33,0.009212707999949998,5.763678664911375,0.9929590056794811,False
8,x,34,0.009948665999900186,0.0008668166951096222,0.9999989410840225,False
8,x,35,0.007713334000072791,5.8108639260159,0.9929013634730424,False
8,x,36,0.015573417000041445,277.19366746462,0.6613761537082146,False
8,x,37,0.014572207999890452,0.8190220845465859,0.9989994706192108,False
8,x,38,0.0075948329999846464,0.0067303480224688685,0.9999917781082263,False
8,x,39,0.05991849999986698,8.757163451731574e-05,0.999999893021208,False
8,x,40,0.011755292000088957,1693.8074465975994,-1.0691799985573431,False
8,x,41,0.013254666999955589,12.216329826130746,0.9850763524609687,False
8,x,42,6.35650191600007,0.00857871058109,0.9999895201214379,False
8,x,47,0.6237014999999246,0.6000479088595294,0.9992669726811733,False
8,x,50,11.144770166000171,665.2775608725532,0.1872871823703013,False
8,x,51,7.1560990829998445,8.580659981852044e-05,0.9999998951774002,False
8,x,52,6.526472125000055,0.5680340948499782,0.9993060812255117,False
8,x,53,4.980941625000014,0.0035481001209393304,0.9999956655888969,False
8,x,54,8.660551792000206,1.8460824131198876e-06,0.9999999977447986,False
8,x,55,9.099485334000065,2.895755381034202,0.9964625027908652,False
8,x,56,12.033122209000112,670.1633798095467,0.1813185943579474,False
8,x,57,5.537147167000057,3.688645060841998,0.9954938971386605,False
8,x,59,9.140889332999905,9.094114391141905e-08,0.999999999888905,False
8,y,0,0.02429766600016592,98.54675219272886,-1.7012464785755919,False
8,y,1,0.008696750000126485,1.3325728718966419,0.9634730957889269,False
8,y,2,0.0170159589999912,8.663762438595551,0.7625192382524963,False
8,y,3,0.1435012500000994,1.2924974104096913,0.9645715967218365,False
8,y,4,0.05957474999991064,0.005620213832021206,0.9998459453763336,False
8,y,5,0.15148954200003573,1.2924749738664552,0.9645722117257006,False
8,y,6,0.08674783300011768,0.005731353611487547,0.9998428989447544,False
8,y,7,0.012853208000024097,0.011894941496081057,0.9996739499971921,False
8,y,8,0.020590500000025713,11.269399110055923,0.6910966218128947,False
8,y,9,0.017976165999925797,0.06680638497715878,0.998168782753865,False
8,y,10,0.010654208000005383,0.10218233105028147,0.9971990993535494,False
8,y,11,0.0521259160000227,0.06869676580567019,0.9981169658807305,False
8,y,19,0.020378959000026953,2.2704625042199156e-11,0.9999999999993776,False
8,y,20,0.016325208999887764,1.0318063215259086,0.9717173510990701,False
8,y,21,0.02609441700019488,0.04139422468033746,0.9988653506973781,False
8,y,22,0.012551750000056927,10.477990034653603,0.7127897870413376,False
8,y,23,0.008035542000015994,1.615730119002703,0.9557115257766293,False
8,y,24,0.018978290999939418,0.045123738113494856,0.998763121706529,False
8,y,25,0.01580712500003756,0.046193237218296206,0.9987338058678393,False
8,y,26,0.08851420899986806,2.5716445644622694,0.9295091348082569,False
8,y,27,0.012955874999988737,0.12514022010388398,0.9965698049772083,False
8,y,28,0.01859816699993644,0.1260972424089135,0.9965435722189097,False
8,y,29,0.01585137499978373,0.16902459258250904,0.9953668987019152,False
8,y,30,0.01617445800002315,0.148242540723054,0.9959365516144042,False
8,y,31,0.015895374999900014,2.3614386613504266,0.9352710492592393,False
8,y,33,0.009498375000021042,0.041320636381868836,0.9988673678123787,False
8,y,34,0.009961833000033948,3.7596661954497513e-05,0.9999989694449746,False
8,y,35,0.007205708000128652,0.04612624655035904,0.998735642136431,False
8,y,36,0.016490666999970927,8.531326301132017,0.7661494202929953,False
8,y,37,0.012039291000064622,0.21481732728183509,0.9941116826689302,False
8,y,38,0.007416917000000467,2.1066238349401907,0.9422557305116802,False
8,y,39,0.15725924999992458,1.373537338985808,0.9623502264907594,False
8,y,40,0.010658207999995284,1479.0677916177506,-39.542448886274066,False
8,y,41,0.013692417000129353,0.15920744720534288,0.9956359946263336,False
8,y,42,6.340867665999895,0.00835996626644039,0.9997708465379552,False
8,y,47,0.6883652910000819,0.00020671961493674406,0.9999943336475381,False
8,y,51,0.9657741249998253,3242.703284013458,-87.88512946500897,False
8,y,52,6.473680082999863,1.275235112937822e-05,0.9999996504477031,False
8,y,53,5.936126124999873,268.6751229510942,-6.3646032325158295,False
8,y,54,9.608872750000046,0.00018381190760018357,0.9999949615663928,False
8,y,55,9.664458833000026,0.00012043538555253138,0.9999966987683117,False
8,y,56,10.657788750000009,92.5302180495933,-1.536328393445904,False
8,y,57,5.765448458000037,5.125114623467291,0.8595164475652931,False
8,y,58,6.124832708999975,666.3115238355156,-17.264139784891093,False
8,y,59,9.175322541000014,0.0002440315219341697,0.9999933108978772,False
8,z,0,0.024566417000187357,0.004095049410536534,-3.4867651339576184,False
8,z,1,0.008290374999887717,8.219685265086664e-09,0.9999909940531695,False
8,z,2,0.015734208999901966,0.0003107136986985853,0.6595646962459556,False
8,z,3,0.1644717080000646,1.396551779222242e-11,0.9999999846985977,False
8,z,4,0.05020216699995217,3.929997935177625e-06,0.99569407449231,False
8,z,5,0.16504758299993227,1.787423528448769e-11,0.9999999804159883,False
8,z,6,0.04863941700000396,3.9613701392741194e-06,0.9956597013511328,False
8,z,7,0.013646707999896535,5.410018310269335e-06,0.9940724814049536,False
8,z,8,0.014514249999820095,1.8148084123004993e-06,0.9980115944173538,False
8,z,9,0.017841542000041954,1.709789174242083e-05,0.9812665936736464,False
8,z,10,0.0083534159998635,5.215862315445621e-05,0.9428520957030438,False
8,z,11,0.0432263329998932,4.7304588539344836e-05,0.9481704474704409,False
8,z,19,0.012457541999992827,9.665116890416024e-10,0.999998941035745,False
8,z,20,0.015339041000061115,2.4222078619301096e-07,0.9997346093613878,False
8,z,21,0.045017874999985,7.3869700339763865e-06,0.9919064225430939,False
8,z,22,0.011553041999832203,14.60560637551314,-16001.719106965664,False
8,z,23,0.007003208000014638,4.803953037402465e-07,0.9994736520409759,False
8,z,24,0.014005333000113751,1.2795764099360528e-05,0.985980245299205,False
8,z,25,0.01297100000010687,1.3191495203808213e-05,0.9855466601714432,False
8,z,26,0.012961042000142697,6.021230056120916e-06,0.9934028036365496,False
8,z,27,0.01266070899987426,5.481789427486405e-05,0.9399384495540898,False
8,z,28,0.018797583000150553,2.6613570098077186e-05,0.9708406843397416,False
8,z,29,0.12570958400010568,6.130588343313072e-05,0.932829845816634,False
8,z,30,0.013645750000023327,5.703754382077557e-05,0.9375064773862873,False
8,z,31,0.015352749999919979,0.17520164571374874,-190.9607205172769,False
8,z,33,0.011065791999953944,6.098614413525359e-06,0.9933180170071569,False
8,z,34,0.009754124999972191,1.156496792908425e-17,0.9999999999999873,False
8,z,35,0.007468917000096553,6.141539296065897e-06,0.9932709861054378,False
8,z,36,0.014708625000139364,0.0003056326756103224,0.6651317492779885,False
8,z,37,0.010540250000076412,0.459527528071427,-502.48405705182273,False
8,z,38,0.007848958000067796,0.10146010666520701,-110.16536662580289,False
8,z,39,0.17213366700002553,3.319902973322758e-08,0.9999636252864972,False
8,z,40,0.011801874999946449,1464.6551610760862,-1604757.0996406726,False
8,z,41,0.01441225000007762,1.1991284847222882e-05,0.9868616777552326,False
8,z,42,6.267167041999983,0.008260513218841742,-8.050680219763002,False
8,z,47,0.7504765000001044,0.0014834557575683787,-0.6253570845081524,False
8,z,50,11.21089745900008,36.39001713264079,-39869.93774125207,False
8,z,51,6.467573667000124,0.00015977050972604303,0.8249464949973524,False
8,z,52,6.534165583999993,1.747901887719543e-06,0.9980849009471728,False
8,z,53,5.9934877089999645,7.432040899199051,-8141.959617257551,False
8,z,54,9.516045792000114,2.3792569481210693e-06,0.9973931530369111,False
8,z,55,9.958049957999947,2.3536015632491747e-06,0.9974212625112547,False
8,z,56,10.84916475,0.00020745308259444457,0.7727028016995694,False
8,z,57,5.504333082999892,0.00041476163950458946,0.5455639538208965,False
8,z,58,5.17551129200001,0.03480344691099284,-37.1326026836214,False
8,z,59,8.467070666999916,0.0007705234294449078,0.155771442162426,False
9,x,0,0.03714737500013143,4.959981402206548,0.9903448480673847,False
9,x,1,0.008507292000103917,6.661550347830865,0.9870325560723957,False
9,x,2,0.020457041000099707,482.19120978180035,0.06136152265738082,False
9,x,3,0.016666165999822624,145.6275389903284,0.7165199018893558,False
9,x,4,0.1661538749999636,0.5614823575000868,0.9989070125410683,False
9,x,5,0.14315404200010562,4.307230591927439,0.991615499655832,False
9,x,6,0.040194041999939145,0.5607931716035601,0.9989083541175786,False
9,x,7,0.010874291999925845,1.4866257618366188,0.997106118665871,False
9,x,8,0.012501333000045634,1.3055514964666526,0.9974585997341379,False
9,x,9,0.018047207999870807,96.86963004793874,0.811432559938027,False
9,x,10,0.0072087910000391275,2.3235357912266927,0.9954769808057782,False
9,x,11,0.043213250000007974,3.0706627911500606,0.9940226155345677,False
9,x,19,0.013857541999868772,8.366381952726932e-13,0.9999999999999983,False
9,x,20,0.017032875000040804,12.311055878873777,0.9760351692229,False
9,x,21,0.02218658299989329,513.713449236762,-4.5341508325691393e-13,False
9,x,22,0.018717540999887206,1049.4031583141364,-1.0427792184022806,False
9,x,23,0.007784709000134171,26.601929151132058,0.9482164050976915,False
9,x,24,0.013165084000092975,455.33543849739186,0.11363924932449587,False
9,x,25,0.01923350000015489,466.1172937673193,0.09265117652641985,False
9,x,26,0.08976475000008577,20.09335856606239,0.9608860570111124,False
9,x,27,0.012843125000017608,3.6052621126499984,0.9929819588760853,False
9,x,28,0.01931429199999002,1555.1306833205156,-2.0272337343546636,False
9,x,29,0.015431792000072164,6.9581070731499866,0.986455275633739,False
9,x,30,0.012831249999862848,4.023693982021051,0.9921674350009699,False
9,x,31,0.017414458999837734,1.750013402049621,0.9965934055169269,False
9,x,33,0.009103500000037457,0.5615120644377647,0.9989069547132311,False
9,x,34,0.009137083000041457,0.030205980892522022,0.9999412007200952,False
9,x,35,0.007703291000098034,0.5732535824968342,0.9988840985507605,False
9,x,36,0.0193208749999485,475.5375151992074,0.0743136744698002,False
9,x,37,0.00950112500004252,33.950648469583186,0.9339113108289456,False
9,x,38,0.007192625000016051,19.537667902350933,0.9619677702980379,False
9,x,39,0.15327641699991545,9.654718214892112,0.9812060240407551,False
9,x,40,0.013206124999896929,1293.863101133181,-1.518647512647565,False
9,x,41,0.02059254199980387,904.7348385065926,-0.7611663464353329,False
9,x,42,6.425620833000039,1.840248198932591e-08,0.9999999999641775,False
9,x,47,1.475132333000147,0.29393606562122004,0.9994278209650573,False
9,x,50,1.1770350419999431,709.9545083224526,-0.38200490833474277,False
9,x,51,0.4997497500000918,58.42453773431693,0.8862701807376342,False
9,x,52,4.956833292000056,139.10479937021165,0.7292171353953321,False
9,x,53,4.099915165999846,10990.011714779816,-20.393272321588952,False
9,x,54,8.646265207999932,0.009340750062268725,0.9999818171977468,False
9,x,55,11.317013790999908,306.19498496502797,0.4039576238074166,False
9,x,56,1.009649999999965,25.461927129883644,0.9504355450149793,False
9,x,57,5.665669041000001,6.1238655253531045,0.9880792189995137,False
9,x,59,8.877646208999977,1.7030569677844236,0.9966848114054334,False
9,y,0,0.027473874999941472,9.090158801607059,0.9753331725073268,False
9,y,1,0.008002709000038521,4.098192467622112,0.98887924745465,False
9,y,2,0.015131790999930672,347.1609460501451,0.057952742596945495,False
9,y,3,0.016522874999964188,147.12607504765563,0.6007623637737749,False
9,y,4,0.016210333000117316,3.232219952748012,0.9912291288047997,False
9,y,5,0.022966666999991503,0.03016752265399799,0.999918138165303,False
9,y,6,0.014739667000185364,3.3558236816216804,0.9908937208186335,False
9,y,7,0.011897124999904918,5.529066526607566,0.9849964634079625,False
9,y,8,0.012889834000134215,2.111326642520275,0.9942707568472263,False
9,y,9,0.01932420799994361,78.48707456823972,0.7870194381601917,False
9,y,10,0.0073574580001150025,24.50121320744795,0.9335141208487492,False
9,y,11,0.04349608300003638,15.929032898714791,0.9567753748627307,False
9,y,19,0.012823582999999417,2.2487106503172476e-12,0.9999999999999939,False
9,y,20,0.024968584000134797,368.5175491537241,-1.2530674275978981e-09,False
9,y,21,0.025337790999856225,368.517548707199,-4.138800413500121e-11,False
9,y,22,0.015796458000068014,1460.2330032321458,-2.9624517432487103,False
9,y,23,0.007172250000166969,0.042929564441459574,0.9998835074080086,False
9,y,24,0.022385041999996247,356.59851029382185,0.03234320438858751,False
9,y,25,0.020534541999950306,337.9559732488406,0.08293112648660683,False
9,y,26,0.011096209000015733,4.476130230771053,0.9878536849963887,False
9,y,27,0.012446499999896332,31.010320584368607,0.9158511699254492,False
9,y,28,0.017434708000109822,1735.0993374348843,-3.7083221507187902,False
9,y,29,0.01486541600002056,13.753941425796159,0.9626776486639081,False
9,y,30,0.012817499999982829,29.552863973358573,0.9198060877202281,False
9,y,31,0.017050541999878988,0.7689225091373649,0.9979134711172734,False
9,y,33,0.010354874999848107,5.17455592759367,0.9859584544997633,False
9,y,34,0.009880916999918554,0.021417554145557505,0.9999418818609275,False
9,y,35,0.007455041999946843,5.948080410555942,0.9838594378160045,False
9,y,36,0.015253124999844658,344.7658065735315,0.06445213315545495,False
9,y,37,0.009470166000028257,1.645736336363059,0.9955341710531708,False
9,y,38,0.0069995000001199514,78.21457396777203,0.7877588889717879,False
9,y,39,0.020266999999876134,0.006813083104748838,0.999981512188147,False
9,y,40,0.012905499999988024,1222.6031193127233,-2.3176252356294937,False
9,y,41,0.013494833999857292,913.5495932211063,-1.4789853195967217,False
9,y,42,6.137865375000047,7.98298621802549e-10,0.9999999999978337,False
9,y,47,1.9902271670000573,202.55059666688928,0.45036376860249194,False
9,y,51,0.6734124580000298,2946.443646263741,-6.995395759909246,False
9,y,52,0.45150424999997085,90.34407156909026,0.7548445877550023,False
9,y,53,1.2509500839998964,717.1898522719104,-0.9461484393825372,False
9,y,54,8.586499624999988,0.0003985386180131661,0.9999989185355774,False
9,y,55,8.630787749999854,3.1085347284954103,0.9915647579347873,False
9,y,56,12.110615292000148,1161.3071714787268,-2.1512940851820694,False
9,y,57,5.271814333999828,7.730822334421462,0.979021833934742,False
9,y,58,2.1360030419998566,3271.9734870737343,-7.878745391332398,False
9,y,59,8.839150625000002,0.8067572916708248,0.9978108035979985,False
9,z,0,0.027751416999990397,5.016371993001338,0.9845099885297296,False
9,z,1,0.010356125000043903,0.17195786914515118,0.9994690127906827,False
9,z,2,0.01754587499999616,303.8384128657759,0.061780006154668166,False
9,z,3,0.01682087499989393,109.03955747261728,0.6632976983524126,False
9,z,4,0.01529891699988184,1.23530733583339,0.9961855052161075,False
9,z,5,0.1661996249999902,6.914966867335241e-06,0.9999999786473339,False
9,z,6,0.039657207999880484,1.2892442777417659,0.9960189538020581,False
9,z,7,0.01040733300010288,2.975497668703852,0.9908119866145714,False
9,z,8,0.02076070799989793,36.52861338697675,0.8872036122626541,False
9,z,9,0.018763292000130605,66.18673388740517,0.7956225597850386,False
9,z,10,0.007634083999846553,6.488781850811401,0.9799633469293385,False
9,z,11,0.04429900000013731,3.620808212078117,0.9888193377973187,False
9,z,19,0.013057665999895107,0.01912142937593825,0.9999409551044511,False
9,z,20,0.01547383299998728,2.0949415498043313,0.9935310481995177,False
9,z,21,0.02265254200005984,2.652145723790497,0.9918104622743968,False
9,z,22,0.013458334000006289,1221.67120629355,-2.7723878980242667,False
9,z,23,0.007817374999831372,6.168742912208155,0.9809515923857787,False
9,z,24,0.013835582999945473,300.6888827472792,0.07150541282896195,False
9,z,25,0.01692224999987957,310.96709769867533,0.039767402228242044,False
9,z,26,0.08490366699993501,2.7039604372668005,0.9916504640710746,False
9,z,27,0.013120041999854948,9.352185969126078,0.9711214662437364,False
9,z,28,0.017889625000179876,1242.7361903498436,-2.8374342791754823,False
9,z,29,0.015619082999819511,8.48953142643161,0.9737852497071361,False
9,z,30,0.01467737500001931,9.301845005154178,0.9712769136687753,False
9,z,31,0.017187292000016896,5.166154912562161,0.9840474751544687,False
9,z,33,0.008824208000078215,1.9966366392442672,0.9938346030782794,False
9,z,34,0.010106416000098761,3.560762488729509e-12,0.999999999999989,False
9,z,35,0.007676457999878039,2.0947872427205247,0.9935315246830204,False
9,z,36,0.01873341700002129,300.4655817587771,0.07219494201022003,False
9,z,37,0.013915959000087241,34.70376212189732,0.8928385546208075,False
9,z,38,0.007388874999833206,40.89775226855865,0.8737121862907905,False
9,z,39,0.15678145900005802,0.7091036806685745,0.9978103649086448,False
9,z,40,0.01592991699999402,15135.524998045374,-45.73685606956223,False
9,z,41,0.01259279200007768,691.2515766295186,-1.1345097344799044,False
9,z,42,6.954703542000061,2.664363358471267e-07,0.9999999991772736,False
9,z,47,0.7418551250000291,0.4564604617473729,0.9985904997081444,False
9,z,50,12.200325416999931,389.7729008910968,-0.20357635239712413,False
9,z,51,6.667620166000006,55.703884858894256,0.8279924581736136,False
9,z,52,0.6290167090000978,289.2840861489519,0.1067221851039567,False
9,z,53,0.9792572080000355,2593.06715337713,-7.00710952158893,False
9,z,54,2.421771999999919,0.005349251219192683,0.9999834820936608,False
9,z,55,8.941601125000034,10.933175505930947,0.9662395423964516,False
9,z,56,11.548385542000005,45.40476407029783,0.8597950237272913,False
9,z,57,5.846377582999821,12.553866254915453,0.9612350255211968,False
9,z,58,5.589029332999871,8.244043872188065,0.9745432885918811,False
9,z,59,9.26098491699986,0.15385839374064292,0.9995249020034469,False
10,x,0,0.02678108300005988,2502.595310133467,-3.3878841827239414,False
10,x,1,0.008702500000026703,0.06634405626992694,0.9998836767439203,False
10,x,2,0.14332708300003105,0.06215981923286364,0.9998910131068701,False
10,x,3,0.14887399999997797,0.062042813194447606,0.9998912182574764,False
10,x,4,0.040458250000028784,2.230994311620457,0.9960883229453569,False
10,x,5,0.030394208000188883,2314.908861344929,-3.058807245427624,False
10,x,6,0.15933270899995478,3.371774931092612,0.9940881540743168,False
10,x,7,0.026394666999976835,2.92068732926668,0.9948790610759644,False
10,x,8,0.011951791999990746,1.137438142470167,0.9980056916058452,False
10,x,9,0.052586332999908336,9.38144636828995,0.9835511958470436,False
10,x,10,0.007114083000033133,34.53191381774946,0.939454038842577,False
10,x,11,0.0429500420000295,34.042013030647816,0.9403129983020323,False
10,x,19,0.050238000000035754,3.05944010153795e-13,0.9999999999999994,False
10,x,20,0.025226250000059736,570.3421532909258,-1.2117435943537203e-09,False
10,x,21,0.022740540999848236,570.3421527212793,-2.1296320262820245e-10,False
10,x,22,0.016329166999867084,423.06779837758506,0.25822105827336217,False
10,x,23,0.006993250000050466,0.10591051158698762,0.9998143035525181,False
10,x,24,0.03337833400019008,7.618093545762386,0.9866429414150146,False
10,x,25,0.018993791999946552,570.3421526705945,-1.2409606675589657e-10,False
10,x,26,0.01145033400007378,3.3568542399660153,0.9941143150218438,False
10,x,27,0.01245258299991292,34.780163038826466,0.9390187751680523,False
10,x,28,0.018630583000003753,34.35033860638419,0.9397724007426007,False
10,x,29,0.12461095900016517,35.35313377678247,0.9380141663813018,False
10,x,30,0.012738166999952227,35.022785338208465,0.9385933773638113,False
10,x,31,0.013533167000105095,35.08812622670274,0.9384788129953942,False
10,x,33,0.009495791000063036,3.374250388849291,0.9940838137713155,False
10,x,34,0.009058332999984486,1.1584130215214336e-05,0.9999999796891564,False
10,x,35,0.008088541000006444,3.3767750212440912,0.9940793872487741,False
10,x,36,0.15107916700003443,0.07180251520406115,0.9998741062450377,False
10,x,37,0.009684042000117188,0.11909384037547835,0.9997911887805722,False
10,x,38,0.007401833000130864,0.053687386114545446,0.9999058681076441,False
10,x,39,0.13871404199994686,0.07206615336909945,0.9998736439994123,False
10,x,40,0.01957633300003181,1239.5302726205045,-1.1733099455656562,False
10,x,41,0.013028957999949853,3.5199229860984214,0.9938284011271946,False
10,x,42,6.7427830420001555,0.0003093785861052274,0.9999994575561623,False
10,x,47,1.112860875000024,0.0060464969144973825,0.9999893984744299,False
10,x,50,3.6098232500000904,91.32080341115694,0.8398841765510665,False
10,x,51,6.738523917000066,0.0002932606002337461,0.9999994858163668,False
10,x,52,6.008903458000077,0.00017639919579024598,0.9999996907133815,False
10,x,53,5.412831458000028,3.59238969755911e-06,0.9999999937013428,False
10,x,54,9.057269874999974,1.1548118097638656e-06,0.9999999979752298,False
10,x,55,10.634449790999952,2.107996872628309e-05,0.9999999630397848,False
10,x,56,2.1564832090000436,62.94904984129548,0.8896293224087474,False
10,x,57,5.691682333000017,2.966162369980261e-05,0.9999999479932816,False
10,x,59,8.96122483299996,9.547398049625846e-10,0.999999999998326,False
10,y,0,0.02641704200004824,1326.3615181061728,-3.7185161084264875,False
10,y,1,0.00791350000008606,0.11987980255470021,0.9995735289574467,False
10,y,2,0.019315374999905544,0.0032547119387059432,0.999988421399067,False
10,y,3,0.01666920800016669,0.002933317271222412,0.9999895647569638,False
10,y,4,0.050183624999817766,1.5035822969097286,0.994651022974156,False
10,y,5,0.0288272909999705,0.00250979841645509,0.9999910714205024,False
10,y,6,0.15951995799991892,2.3894740643839247,0.9914994730248496,False
10,y,7,0.02089950000004137,1.8369437204894827,0.9934650934778487,False
10,y,8,0.012007957999912833,0.8435920170512677,0.9969989309346973,False
10,y,9,0.042825499999935346,5.818620538330713,0.9793003232043883,False
10,y,10,0.012019750000035856,21.475734460280076,0.9236003174038031,False
10,y,11,0.04296291599985125,21.206519347790017,0.9245580471234727,False
10,y,19,0.08371149999993577,6.972763941914164e-13,0.9999999999999976,False
10,y,20,0.025399208999942857,281.09716866082186,-1.9074208879032994e-10,False
10,y,21,0.021769541000139725,281.09716860720476,1.1102230246251565e-16,False
10,y,22,0.01537087499991685,180.994938475251,0.3561125522108447,False
10,y,23,0.00793041700012509,0.08926886208264545,0.999682427032172,False
10,y,24,0.027161083000009967,4.607173371550645,0.9836100328068813,False
10,y,25,0.018002708000040002,281.0971689386024,-1.1789433873587996e-09,False
10,y,26,0.01367895800012775,2.3521505927051045,0.9916322508534694,False
10,y,27,0.013310499999988679,21.612031183678805,0.9231154433509122,False
10,y,28,0.018202499999915744,21.358079739547943,0.9240188727429234,False
10,y,29,0.13351645800003098,21.925863029112005,0.921998990108113,False
10,y,30,0.013562792000129775,21.74495543503752,0.9226425668291837,False
10,y,31,0.013647458000150436,21.791289013345114,0.9224777356480759,False
10,y,33,0.009711333000041122,2.394245611302832,0.9914824983006197,False
10,y,34,0.010204708000173923,5.706681665683413e-06,0.9999999796985445,False
10,y,35,0.008969166000042605,2.3976180654342336,0.9914705008331671,False
10,y,36,0.02274091699996461,0.0032047632240483786,0.9999885990910548,False
10,y,37,0.009792792000098416,0.06545707945895271,0.9997671371797046,False
10,y,38,0.006997499999897627,0.1363930721661308,0.9995147831874581,False
10,y,39,0.02726737500006493,0.0024924785557132755,0.9999911330357112,False
10,y,40,0.01734462500007794,1301.9342104311972,-3.6316162374814747,False
10,y,41,0.013426167000034184,3.3841646948706283,0.9879608723501604,False
10,y,42,6.881240875000003,7.554876564388028e-05,0.9999997312361202,False
10,y,47,1.5516210829998727,0.004087001772010396,0.9999854605373926,False
10,y,51,8.524351000000024,69.04354168652294,0.7543783808687098,False
10,y,52,5.96585462500002,2.0073251086437617e-05,0.9999999285896362,False
10,y,53,4.89837116700005,0.0006622291781083456,0.9999976441271843,False
10,y,54,0.9010780420001083,0.07845436042406523,0.999720899499583,False
10,y,55,9.557971749999979,9.105569316316656e-07,0.9999999967607041,False
10,y,56,10.413556041999982,32.07471045632242,0.8858945801010807,False
10,y,57,5.295831749999934,0.0020626295286395794,0.9999926622187664,False
10,y,58,5.693709791999936,0.0001424213294976105,0.9999994933377302,False
10,y,59,8.028442541999993,2.1060728799647284e-07,0.999999999250767,False
10,z,0,0.026935542000046553,423.77386476301245,-3.498270982060263,False
10,z,1,0.008248458000025494,1.6153038330377252e-05,0.999999828538875,False
10,z,2,0.16179887499993129,1.2306016517417288e-06,0.9999999869374208,False
10,z,3,0.16517083299982005,1.267333916671416e-06,0.9999999865475154,False
10,z,4,0.015810458000032668,0.4132652004530619,0.9956132762926923,False
10,z,5,0.029122624999899926,392.4268215937947,-3.165528672101299,False
10,z,6,0.16232083400018382,0.6366379488505638,0.9932422212658292,False
10,z,7,0.018696000000090862,0.5277002329128652,0.9943985723464427,False
10,z,8,0.012596665999808465,0.21583870490098483,0.9977089172698167,False
10,z,9,0.036100999999916894,1.6801384750948765,0.9821656813296196,False
10,z,10,0.007703583999955299,6.1791647772090865,0.9344094576803772,False
10,z,11,0.042853874999991604,6.095162876576666,0.9353011202945029,False
10,z,19,0.013917750000018714,1.9135070560801723e-06,0.9999999796885226,False
10,z,20,0.028662083000199345,94.20816721249093,-1.9353874058936071e-10,False
10,z,21,0.020950125000126718,94.20816719501799,-8.066658452321462e-12,False
10,z,22,0.01599525000005997,40.866059282342256,0.5662153240060801,False
10,z,23,0.007196333999900162,0.0010205540449893177,0.9999891670321652,False
10,z,24,0.02050058400004673,94.20816725392132,-6.33313401721125e-10,False
10,z,25,0.023785583000062616,1.359264174744696,0.985571694947192,False
10,z,26,0.013138083000058032,0.6311798704594316,0.9933001576269079,False
10,z,27,0.012915083000052618,6.221717695199248,0.9339577673518474,False
10,z,28,0.02021658299986484,6.146174327674885,0.9347596444053368,False
10,z,29,0.1369982919998165,6.31979657675344,0.932916680528112,False
10,z,30,0.013384374999986903,6.263276151559764,0.9335166330256183,False
10,z,31,0.013752584000030765,6.289894092672566,0.9332340891453418,False
10,z,33,0.009532792000072732,0.6367157791024657,0.9932413951139761,False
10,z,34,0.0091962080000485,5.262754892668438e-13,0.9999999999999944,False
10,z,35,0.007295583000086481,0.637342425285636,0.9932347433957458,False
10,z,36,0.16535066599999482,7.430448821619683e-05,0.9999992112733914,False
10,z,37,0.009985208999978568,0.009457884770099052,0.9998996065303914,False
10,z,38,0.01420454199978849,0.0002706454982027092,0.9999971271546166,False
10,z,39,0.15866733299981206,8.714239852816182e-05,0.9999990750016573,False
10,z,40,0.01259162499991362,1378.3211505442741,-13.630590866948557,False
10,z,41,0.013249791999896843,0.7438214728779897,0.9921044905656192,False
10,z,42,6.938046167000039,2.354216736625228e-05,0.999999750104815,False
10,z,47,14.372245083000053,1.7626293053387336e-07,0.9999999981290059,False
10,z,50,10.461871125000016,15.605679346794545,0.8343489761921012,False
10,z,51,7.339973541000063,0.000884945416676167,0.999990606489405,False
10,z,52,6.2811064580000675,2.7374831652406052e-05,0.9999997094218849,False
10,z,53,1.3747948749999068,6.152113041515977,0.9346966061994363,False
10,z,54,8.98940745799996,2.6707967626989372e-05,0.9999997165005071,False
10,z,55,8.908455917000083,1.8944061592351665e-07,0.9999999979891274,False
10,z,56,11.926358500000106,3.0864911194151987e-06,0.999999967237542,False
10,z,57,5.644286290999844,9.622474045496262e-07,0.999999989785945,False
10,z,58,5.933232124999904,0.0016098217998153838,0.9999829120781376,False
10,z,59,9.251386291000017,0.005900706594468677,0.9999373652330769,False
11,x,0,0.039498542000046655,4.2739712984597045,0.9838721852081844,False
11,x,1,0.008609208000052604,35.72629681248723,0.8651869519112408,False
11,x,2,0.017611333000104423,259.96691789131916,0.01901580264207192,False
11,x,3,0.015818000000081156,263.0025027221789,0.007561034577860948,False
11,x,4,0.020934957999998005,0.27931326805984985,0.9989460124222665,False
11,x,5,0.09307212499993511,430.8769609316587,-0.625912608835373,False
11,x,6,0.01756858299995656,0.3878521522189381,0.998536441346752,False
11,x,7,0.011936416000025929,0.1331465327133237,0.9994975720542282,False
11,x,8,0.012894290999838631,5.413974118285454,0.9795703888093824,False
11,x,9,0.019021958000166705,207.15427115292073,0.21830412860004778,False
11,x,10,0.007556499999964217,36.31207648855855,0.8629765144832,False
11,x,11,0.0440449580000859,52.571744156281895,0.8016207190392719,False
11,x,19,0.018327999999883104,1.8255231635798313e-12,0.9999999999999931,False
11,x,20,0.0159972909998487,53.02966597935807,0.7998927527437647,False
11,x,21,0.1563864580000427,0.4847547618165723,0.9981707797099981,False
11,x,22,0.012671457999886115,731.1048472306591,-1.758821420673574,False
11,x,23,0.007934165999813558,86.28571751142539,0.6744011660291909,False
11,x,24,0.016624249999949825,200.07472960864655,0.2450187522752615,False
11,x,25,0.014650209000137693,256.0007709456038,0.0339820433841832,False
11,x,26,0.014636124999924505,188.5279076568196,0.2885906419461748,False
11,x,27,0.017255582999951002,25.874404840074966,0.9023630296114589,False
11,x,28,0.019908624999970925,420.02506109657486,-0.5849630051862711,False
11,x,29,0.01555499999994936,223.57693387340368,0.15633327193101532,False
11,x,30,0.013586042000042653,31.4766855742552,0.8812228441064281,False
11,x,31,0.01551841700006662,396.12580378237396,-0.4947792466373364,False
11,x,33,0.009556458000133716,0.8916841390948904,0.9966352332189725,False
11,x,34,0.010795749999942927,0.1330990171001801,0.9994977513542176,False
11,x,35,0.0072354579999682755,3.1799221021484683,0.9880005757796422,False
11,x,36,0.017821375000039552,237.10767475780926,0.10527507154993587,False
11,x,37,0.010163124999962747,4.264244853810443,0.9839088879108775,False
11,x,38,0.007576959000061834,1331.9865143594884,-4.026246155777346,False
11,x,39,0.15613987500000803,51.22481383028945,0.8067033556126421,False
11,x,40,0.011835792000056244,6976.226119035652,-25.32476330250071,False
11,x,41,0.0165463749999617,438.4619637240045,-0.6545345886494263,False
11,x,42,0.23122541699990506,,,False
11,x,47,0.30510912499994447,,,False
11,x,50,0.34124499999984437,,,False
11,x,51,0.23420850000002247,,,False
11,x,52,0.20848354200006725,,,False
11,x,53,0.20259499999997388,,,False
11,x,54,0.2458962089999659,,,False
11,x,55,0.31561608300012267,,,False
11,x,56,0.3432274159999906,,,False
11,x,57,0.22077787500006707,,,False
11,x,59,0.2567380000000412,,,False
11,y,0,0.02767595800014533,15.787490956098434,0.976731665893698,False
11,y,1,0.008420584000077724,1.223409064129896,0.9981968831569239,False
11,y,2,0.0158629589998327,665.7287575210145,0.01881817717281986,False
11,y,3,0.017838416000131474,266.6172127312146,0.6070472248204517,False
11,y,4,0.022587457999861726,3.651589233720829,0.9946181189559845,False
11,y,5,0.034993208000059894,3211.941534229656,-3.7339079373783877,False
11,y,6,0.018872042000111833,3.830810660696689,0.9943539741305985,False
11,y,7,0.010270791000039026,14.337429985443949,0.978868832795869,False
11,y,8,0.023231833000181723,42.66356521795981,0.9371204650303202,False
11,y,9,0.021540707999974984,472.03960814581836,0.304286200746673,False
11,y,10,0.008423833000051673,7.05812485495432,0.9895974092561154,False
11,y,11,0.044471124999972744,6.076279921817681,0.9910444977142074,False
11,y,19,0.012869166999962545,2.512732611732236e-12,0.9999999999999963,False
11,y,20,0.015502624999953696,13.62676289112283,0.9799162468171977,False
11,y,21,0.020247042000164583,4.165837104821073,0.9938601966672884,False
11,y,22,0.01075366700001723,3182.838664054218,-3.6910147817415933,False
11,y,23,0.007709999999860884,25.246885796005596,0.962789972423187,False
11,y,24,0.019210333999808427,555.5386293951,0.1812214826492735,False
11,y,25,0.02006029199992554,658.2080363163773,0.029902563805025872,False
11,y,26,0.014848291999896901,2096.2366276577,-2.089530461416726,False
11,y,27,0.013523999999961234,13.276630314842958,0.9804322883965111,False
11,y,28,0.017860417000065354,3040.0677360401805,-3.4805923870155837,False
11,y,29,0.017345875000046362,674.1340978105442,0.006429998032904671,False
11,y,30,0.016378583000005165,13.023430535483573,0.9808054659380318,False
11,y,31,0.015035291999993206,178.18660618101944,0.7373803413463589,False
11,y,33,0.010230833000150596,3.9987850101481,0.994106405768077,False
11,y,34,0.009705582999913531,0.35088797012921163,0.9994828450863058,False
11,y,35,0.008250458000020444,5.186090078926096,0.99235650066262,False
11,y,36,0.02037833400004274,632.103350069377,0.06837685734694887,False
11,y,37,0.014312250000102722,226.59484457578247,0.6660340414435384,False
11,y,38,0.007836083000029248,825.9234770596252,-0.2172842070917218,False
11,y,39,0.15210833299988735,0.9906157242758096,0.9985399847444092,False
11,y,40,0.01701612500005467,14649.04222362606,-20.590435728166717,False
11,y,41,0.01410362499996154,3102.6657133682293,-3.572852180221364,False
11,y,42,0.22621820800009118,,,False
11,y,47,0.30954445799989116,,,False
11,y,51,0.2692478750000191,,,False
11,y,52,0.22604166699989037,,,False
11,y,53,0.1957921250000254,,,False
11,y,54,0.2577850000000126,,,False
11,y,55,0.2611219580001034,,,False
11,y,56,0.3365684579998742,,,False
11,y,57,0.20854258300005313,,,False
11,y,58,0.2130992499999138,,,False
11,y,59,0.2684194579999257,,,False
11,z,0,0.029770541999823763,2.827556050269054,0.9835755430777882,False
11,z,1,0.008369375000029322,0.9287727519456119,0.9946050271741197,False
11,z,2,0.019023666999828492,168.56996246437262,0.020825745749050495,False
11,z,3,0.019201832999897306,60.2736974367508,0.6498874895872897,False
11,z,4,0.014704667000160043,0.5401870639012897,0.9968622092707451,False
11,z,5,0.03522999999995591,685.5807033466854,-2.982340412932182,False
11,z,6,0.016139915999929144,0.5775631607862838,0.9966451023125472,False
11,z,7,0.010827290999941397,3.78283660440576,0.9780265940804546,False
11,z,8,0.011803749999899082,0.8717338491466993,0.9949363496962045,False
11,z,9,0.021070291999876645,121.0092942531561,0.2970919390053812,False
11,z,10,0.007135625000046275,2.877343853892322,0.9832863400977856,False
11,z,11,0.042469625000194355,5.791397499131093,0.9663594436139177,False
11,z,19,0.019452666000006502,0.09071771592507187,0.9994730469738519,False
11,z,20,0.01888312500000211,10.212733699466675,0.9406771778444671,False
11,z,21,0.020315083000014056,1.4526962064023632,0.9915617070576388,False
11,z,22,0.013636750000159736,1145.4208327852548,-5.653418992028592,False
11,z,23,0.007023082999921826,15.33696295561499,0.9109120092038181,False
11,z,24,0.018044958000018596,136.32111325234212,0.20815000219429436,False
11,z,25,0.015406417000122019,166.08343699806272,0.03526925444749118,False
11,z,26,0.01504091700007848,586.1293931222939,-2.4046564584504946,False
11,z,27,0.21169287499992606,2.036728361612185,0.9881692328488543,False
11,z,28,0.017452791999858164,651.6628281385227,-2.7853212662396114,False
11,z,29,0.01925795899978766,168.01028479955664,0.024076751753058456,False
11,z,30,0.012704457999916485,6.017956224379242,0.965043429375107,False
11,z,31,0.019335040999976627,242.49178151648576,-0.4085647635982155,False
11,z,33,0.00879145800013248,0.9060224269681012,0.9947371772450349,False
11,z,34,0.009342666000065947,1.6019070616491307e-12,0.9999999999999907,False
11,z,35,0.007816666999815425,1.0229818391725702,0.9940577937798629,False
11,z,36,0.02128912499983926,157.78073807310076,0.08349723592929303,False
11,z,37,0.009647874999927808,40.4249661152411,0.7651830404994187,False
11,z,38,0.008362875000102576,1008.087661499713,-4.855690241238489,False
11,z,39,0.15161141699991276,4.026270312990288,0.9766125579344053,False
11,z,40,0.013531125000099564,3606.884974176336,-19.95135368796509,False
11,z,41,0.012479750000011336,669.4120021281286,-2.888421094647747,False
11,z,42,0.23689808399990397,,,False
11,z,47,0.3091342079999322,,,False
11,z,50,0.34014812500004155,,,False
11,z,51,0.23847475000002305,,,False
11,z,52,0.20519895799998267,,,False
11,z,53,0.20866300000011506,,,False
11,z,54,0.2426334169999791,,,False
11,z,55,0.25903662499990787,,,False
11,z,56,0.3495067920000565,,,False
11,z,57,0.20145579199993335,,,False
11,z,58,0.20313566599998012,,,False
11,z,59,0.25410199999987526,,,False
12,x,0,0.030291457999965132,12.028332090826858,0.98603599404668,False
12,x,1,0.008200583000188999,1.8430413051360555,0.9978603650478888,False
12,x,2,0.018019916999946872,809.5519228126308,0.060169956705929506,False
12,x,3,0.015689374999965366,277.4759999392302,0.6778708397974988,False
12,x,4,0.015365415999895049,2.1307888282447367,0.9975263114072508,False
12,x,5,0.15733108300014464,0.32667674870655583,0.9996207524011389,False
12,x,6,0.02087058300003264,3.4092342723409343,0.9960421305867055,False
12,x,7,0.010457125000129963,5.535310833590625,0.9935739125882063,False
12,x,8,0.013319708000153696,1.4268404203262854,0.9983435435625303,False
12,x,9,0.01744187500003136,403.7734667251467,0.5312488007009273,False
12,x,10,0.006939999999985957,9.004752473181815,0.9895461468644037,False
12,x,11,0.0446239999998852,5.708151595275792,0.9933732572182911,False
12,x,19,0.013951750000160246,5.359746882508588e-14,0.9999999999999999,False
12,x,20,0.017604500000061307,12.267372337245694,0.9857584859600333,False
12,x,21,0.022005415999956313,861.3811918864833,-6.267741881060829e-11,False
12,x,22,0.01906650000000809,2346.1379690012727,-1.7236930539545687,False
12,x,23,0.007141916999898967,28.846668193444994,0.9665111469034089,False
12,x,24,0.01449708399991323,781.9269134302258,0.09224055407250908,False
12,x,25,0.016793833000065206,785.5744072637102,0.08800608289056455,False
12,x,26,0.08696737500008567,12.955452351222577,0.984959675839147,False
12,x,27,0.013652124999907755,14.9504003721249,0.9826436883996508,False
12,x,28,0.020921583000017563,3432.3889285520036,-2.9847502605089002,False
12,x,29,0.015679207999937717,18.632716005670744,0.9783687916774317,False
12,x,30,0.013017708000006678,14.106584444883222,0.9836232964236507,False
12,x,31,0.016223124999896754,1.4752220818385984,0.9982873760237321,False
12,x,33,0.008887374999858366,2.743198428558383,0.996815349052697,False
12,x,34,0.010330332999956227,0.08278320035307882,0.999903894813193,False
12,x,35,0.007928833000050872,2.80371844790365,0.9967450897761779,False
12,x,36,0.14871145799997976,5.030697133405685,0.9941597318572705,False
12,x,37,0.009484791999966546,23.42909991100285,0.97280054390187,False
12,x,38,0.0070359589999497985,76.33183806167945,0.9113843687493435,False
12,x,39,0.15328179099992667,5.031937641313242,0.9941582917191304,False
12,x,40,0.012979874999928143,1122.9498301582992,-0.30366188721784115,False
12,x,41,0.013409207999984574,3082.5050376833847,-2.578560882117343,False
12,x,42,1.2912624999999025,5.732639627070582e-08,0.9999999999334482,False
12,x,47,1.3030462080000689,744.5929523846772,0.13558252786941416,False
12,x,50,2.533394332999933,30.5092053127596,0.9645810639911296,False
12,x,51,0.48503241700018407,85.42124286641007,0.90083224050355,False
12,x,52,1.0659741659999327,251.9838259459098,0.7074653726652165,False
12,x,53,0.5005256669999198,11168.246247575626,-11.965509757435514,False
12,x,54,8.335449124999968,0.0010914456663804481,0.9999987329121222,False
12,x,55,2.659690875000024,0.5644825585806033,0.9993446774042283,False
12,x,56,1.3943142499999794,6.216675443211732,0.9927828985562287,False
12,x,57,5.7238079589999415,5.701466396829,0.9933810182403684,False
12,x,59,7.162347374999854,0.6761346432061799,0.9992150575730964,False
12,y,0,0.02715600000010454,1.5813523511034233,0.9462984533012647,False
12,y,1,0.008092165999869394,12.150913631111058,0.5873640334881106,False
12,y,2,0.019053875000054177,28.423484059021376,0.034759675494695164,False
12,y,3,0.016042500000139626,18.474653971755668,0.3726145268542199,False
12,y,4,0.014582792000055633,1.530239068514701,0.9480342222650561,False
12,y,5,0.02105958299989652,0.042114674807216555,0.9985698170466034,False
12,y,6,0.014948291000109748,1.6173413575851672,0.9450762934765603,False
12,y,7,0.013026500000023589,2.2776158798127706,0.922653863039315,False
12,y,8,0.018402584000114075,11.2131878158219,0.619208502954528,False
12,y,9,0.021579500000143526,23.219632398688706,0.21147859759681253,False
12,y,10,0.006990416000007826,15.856268031946321,0.46153296095517726,False
12,y,11,0.0427325830000882,13.948505738385816,0.5263191459102503,False
12,y,19,0.013487375000067914,1.2412721078683363e-12,0.9999999999999578,False
12,y,20,0.025721291999843743,29.447054139626488,-1.2115679570712246e-09,False
12,y,21,0.023713042000053974,29.44705410483051,-2.992228687048737e-11,False
12,y,22,0.012264417000096728,410.0072111615188,-12.923539166742296,False
12,y,23,0.007339000000001761,8.302044105209058,0.718068772655408,False
12,y,24,0.01426133299992216,1.5154107654386786,0.9485377803807059,False
12,y,25,0.014056458999903043,27.97350462482556,0.05004064155015753,False
12,y,26,0.010878999999931693,1.581126175802303,0.9463061340458417,False
12,y,27,0.012420291999887922,17.092422637037053,0.41955407231229114,False
12,y,28,0.021277291999922454,293.7324866277234,-8.97493622251091,False
12,y,29,0.014054417000124886,2.593278731097796,0.9119341879855483,False
12,y,30,0.014201208000031329,15.238032717565229,0.4825277712407393,False
12,y,31,0.02594404100000247,192.33541702631064,-5.5315673461718164,False
12,y,33,0.009457500000053187,2.892228631463926,0.9017820722828765,False
12,y,34,0.010106499999892549,0.0018244387826544023,0.9999380434193447,False
12,y,35,0.0073851669999385194,3.946004964820546,0.8659966137566435,False
12,y,36,0.015073750000055952,28.504913579229125,0.03199438970684354,False
12,y,37,0.009867209000049115,0.7700413933846059,0.9738499684665798,False
12,y,38,0.007747624999865366,162.22586070286667,-4.50906926479648,False
12,y,39,0.019825124999897525,0.05915020864327216,0.9979913030201776,False
12,y,40,0.012602582999988954,4693.411792807022,-158.38476481345376,False
12,y,41,0.014241125000125976,222.73664931658823,-6.56397052589091,False
12,y,42,6.176768541999991,1.0711008096759159e-06,0.9999999636262151,False
12,y,47,1.4323347919998923,49.95997024447212,-0.6966033365548634,False
12,y,51,8.505074917000002,2189.640529181219,-73.35855965257822,False
12,y,52,0.4316454999998314,25.730715930478677,0.12620407326151817,False
12,y,53,2.8042063339999004,748.7102074431677,-24.425640364573933,False
12,y,54,2.311004708000155,0.00011727653413639255,0.9999960173763487,False
12,y,55,9.846694624999827,7.234098300265607,0.7543354158711795,False
12,y,56,11.867116249999981,1570.083313121903,-52.31885857170771,False
12,y,57,5.898761207999996,11.187873521092301,0.6200681575277913,False
12,y,58,0.8947528329999841,12093.831783204698,-409.6975095204071,False
12,y,59,9.062717291999888,0.46731578341188174,0.9841303044521114,False
12,z,0,0.029041458999927272,3.2293163324985774,0.9843859125106245,False
12,z,1,0.008616874999916035,0.18191643894919596,0.9991204146943045,False
12,z,2,0.017191334000017378,194.11146709918094,0.06145043782916648,False
12,z,3,0.01742875000013555,70.00034868019208,0.6615408786126413,False
12,z,4,0.014797332999933133,0.7633948162963603,0.9963089049745198,False
12,z,5,0.14270633399996768,5.396687739889532e-05,0.9999997390644153,False
12,z,6,0.01689224999995531,0.8018734621595349,0.9961228566345248,False
12,z,7,0.010612833999857685,2.1764767658725392,0.9894765036491073,False
12,z,8,0.020536666999987574,23.424350201415532,0.8867407786143738,False
12,z,9,0.018220750000182306,98.38397795562885,0.5243030161237187,False
12,z,10,0.007533582999940336,3.043208196048234,0.985285765118985,False
12,z,11,0.04559254199989482,1.8486610217785255,0.9910615275927723,False
12,z,19,0.013304291999929774,0.0198702961558551,0.9999039250074404,False
12,z,20,0.015490582999973412,2.471103924357277,0.9880519500421934,False
12,z,21,0.023984707999943566,1.7003954113668087,0.9917784075680589,False
12,z,22,0.011308875000167973,860.0691539100364,-3.1585257167030596,False
12,z,23,0.007627334000062547,5.732720757633802,0.9722816862005595,False
12,z,24,0.014560958999936702,189.8359354821494,0.08212308734946605,False
12,z,25,0.01585645799991653,187.9884700720991,0.09105577884698846,False
12,z,26,0.09660370799997509,2.372648420111163,0.9885279928632817,False
12,z,27,0.013609374999987267,4.708217349610753,0.9772352690022972,False
12,z,28,0.017767457999980252,904.1736672075685,-3.3717757233294394,False
12,z,29,0.015534791999925801,5.444363756458048,0.9736759229308611,False
12,z,30,0.013453000000026805,4.400612413906606,0.9787225715405815,False
12,z,31,0.015631959000074858,13.29695568398305,0.9357078068498101,False
12,z,33,0.009714750000057393,1.2449726339761842,0.9939804250722808,False
12,z,34,0.010837333000154104,1.9847093988811772e-12,0.9999999999999905,False
12,z,35,0.007603541999969821,1.3215228764906568,0.9936102965184673,False
12,z,36,0.021254708000014944,190.9981824594417,0.07650349975902904,False
12,z,37,0.014192125000136002,57.93829812438009,0.7198621742950619,False
12,z,38,0.007987499999899228,83.99913363726446,0.5938552663779412,False
12,z,39,0.1517455829998653,0.7559406671828498,0.9963449465772721,False
12,z,40,0.015300791000072422,11874.37083451528,-56.413844294392305,False
12,z,41,0.013981124999872918,793.2011499004387,-2.8352118145193272,False
12,z,42,6.353696166999953,4.632029893989049e-09,0.9999999999776037,False
12,z,47,1.556932833000019,36.940600540355646,0.8213882725137327,False
12,z,50,11.186805916999901,12083.741652411562,-57.42617443853316,False
12,z,51,7.609002334000024,75.06923690715108,0.6370322656120788,False
12,z,52,0.5304177909999908,305.41491735391816,-0.47671356693471023,False
12,z,53,6.086424124999894,2757.443244859377,-12.33253098773066,False
12,z,54,1.069882292000102,0.001127064213676162,0.9999945505248088,False
12,z,55,10.136552292000033,17.212914686368762,0.9167737291155456,False
12,z,56,11.737667250000186,12.416419391098659,0.9399652933574976,False
12,z,57,2.622725416000094,6.598790871607939,0.9680941452045176,False
12,z,58,1.7571500000001379,8.28992736287266,0.9599173206347634,False
12,z,59,1.0487999579997904,0.9645411169552099,0.9953363412448398,False
13,x,0,0.031288916999983485,22.761918092138945,0.9658637428877774,False
13,x,1,0.008029790999898978,0.2993459525012124,0.9995510681323638,False
13,x,2,0.015649082999971142,660.5257076313479,0.009403544390946927,False
13,x,3,0.01492383400000108,596.214582376915,0.10585152816696497,False
13,x,4,0.019156166999891866,93.98236799337447,0.859053781634276,False
13,x,5,0.027899542000113797,3279.049488776301,-3.9176205616532425,False
13,x,6,0.02006287499989412,101.30936723400364,0.8480654137416089,False
13,x,7,0.011613832999955775,65.85502772233546,0.901236611547312,False
13,x,8,0.012433249999958207,13.625938509435645,0.9795650551737084,False
13,x,9,0.022137999999813474,588.5678627008014,0.11731938372607342,False
13,x,10,0.007858875000010812,64.73079968458278,0.9029226266359418,False
13,x,11,0.043328333000090424,69.10632833377221,0.8963606062312461,False
13,x,19,0.013316833999851951,1.6791789637592005e-12,0.9999999999999974,False
13,x,20,0.018579541999997673,42.25493331278563,0.9366298893623018,False
13,x,21,0.018758166999987225,3.466146025799276,0.9948017890475559,False
13,x,22,0.013633291999894936,4931.571488800501,-6.395922945840817,False
13,x,23,0.0071279589999448945,100.44829055611342,0.849356778324805,False
13,x,24,0.02003799999988587,502.4104733409647,0.2465304099409943,False
13,x,25,0.013416333999884955,661.5482661119918,0.007870004068631031,False
13,x,26,0.014618874999996478,2124.747223379885,-2.186502878280099,False
13,x,27,0.012369292000130372,67.79540687643228,0.8983266071517548,False
13,x,28,0.021365374999959386,3267.42017404126,-3.900179971794894,False
13,x,29,0.020280292000052214,644.3984272757019,0.03358977450181588,False
13,x,30,0.012859708000178216,187.33777506514437,0.7190478223070295,False
13,x,31,0.016813666999951238,110.87448058778085,0.8337205256073853,False
13,x,33,0.009252207999907114,9.600275111303159,0.9856023794558555,False
13,x,34,0.010054875000150787,2.9768506769528646,0.9955355897652469,False
13,x,35,0.007248208999953931,2.8721299738068025,0.995692640363228,False
13,x,36,0.019532541999979003,592.5856086143274,0.11129393336813154,False
13,x,37,0.009858750000148575,227.2571084492794,0.6591804322815831,False
13,x,38,0.007603458000176033,24801.271168475378,-36.1946936057825,False
13,x,39,0.15003379199993105,69.5774067023633,0.8956541256857519,False
13,x,40,0.014218790999848352,5703.0447796684675,-7.552908508554728,False
13,x,41,0.014624291000018275,3285.2362149918217,-3.9268988516427354,False
13,x,42,0.2313487090000308,,,False
13,x,47,0.30756633300006797,,,False
13,x,50,0.3360282500000267,,,False
13,x,51,0.23612991599998168,,,False
13,x,52,0.20895708300008664,,,False
13,x,53,0.20083499999986998,,,False
13,x,54,0.24254195799994704,,,False
13,x,55,0.31651191600008133,,,False
13,x,56,0.34597883300011745,,,False
13,x,57,0.22564783400002852,,,False
13,x,59,0.2563140830000066,,,False
13,y,0,0.030542875000037384,523.5411162279196,-0.16634533166086518,False
13,y,1,0.008313957999916965,173.42936600874913,0.6136339149929388,False
13,y,2,0.01637245899996742,443.197803276075,0.012643567371005249,False
13,y,3,0.017432166999924448,72.75786898273789,0.8379099593150852,False
13,y,4,0.023285249999844382,1.0549658019124921,0.9976497463141236,False
13,y,5,0.04394129199999952,535.9289078670062,-0.19394286411817485,False
13,y,6,0.016219332999980907,1.3566553770005734,0.9969776420292683,False
13,y,7,0.01265616599994246,1.7045520277784758,0.9962025975829815,False
13,y,8,0.013295875000039814,16.44911352112412,0.9633546512954858,False
13,y,9,0.020428417000175614,435.73552455554926,0.029268038075323854,False
13,y,10,0.007554916999879424,303.2243078572465,0.32447663621240497,False
13,y,11,0.044930583999985174,310.1571991927887,0.30903153516211523,False
13,y,19,0.013874291999854904,5.661405096167924e-13,0.9999999999999988,False
13,y,20,0.018453207999982624,168.76345590903279,0.6240286333714362,False
13,y,21,0.16102995799997188,7.748128084675049,0.9827387138458539,False
13,y,22,0.04301250000003165,2846.0256991482793,-5.340378406007274,False
13,y,23,0.007705125000029511,332.13865189382983,0.2600612366577625,False
13,y,24,0.020183291999956054,407.18212760832915,0.09287931940580785,False
13,y,25,0.015306791999819325,446.5506457126462,0.005174102218268528,False
13,y,26,0.01472729200008871,306.54313940106476,0.3170829405546679,False
13,y,27,0.013234000000011292,300.36350354262936,0.33084993843017463,False
13,y,28,0.018261749999965105,539.7249929293256,-0.2023997855590809,False
13,y,29,0.01779016699993008,439.5758749653671,0.020712502256656995,False
13,y,30,0.01831375000006119,244.49732244629698,0.45530866287362637,False
13,y,31,0.015657707999935155,291.3202663190779,0.35099646979486543,False
13,y,33,0.01022366699999111,1.4374046945409267,0.9967977486328784,False
13,y,34,0.010049875000049724,2.275565032965464,0.994930494337842,False
13,y,35,0.007172041999865542,14.913562766105791,0.9667755525372982,False
13,y,36,0.016782166999973924,418.7493377772687,0.06710987902624976,False
13,y,37,0.011564832999965802,211.455963079711,0.5289182305931739,False
13,y,38,0.007333667000011701,25016.04670168845,-54.73076952837143,False
13,y,39,0.021534958000074766,308.865275714203,0.3119096833560301,False
13,y,40,0.029433375000053275,1575.1552574192087,-2.509132185010972,False
13,y,41,0.017404708999947616,520.8259634463795,-0.16029651204892725,False
13,y,42,0.23004441700004463,,,False
13,y,47,0.30434058299988465,,,False
13,y,51,0.2698043340001277,,,False
13,y,52,0.22657937500002845,,,False
13,y,53,0.20226083300008213,,,False
13,y,54,0.2596232079999936,,,False
13,y,55,0.2607461659999899,,,False
13,y,56,0.3372617499999251,,,False
13,y,57,0.20829837500014037,,,False
13,y,58,0.21059591600010208,,,False
13,y,59,0.26008820800007015,,,False
13,z,0,0.028234083999905124,4.9229220602549475,0.9797965906042411,False
13,z,1,0.00795295900002202,18.923279732977125,0.9223398699235134,False
13,z,2,0.01751074999992852,239.85363455031026,0.01565348494879204,False
13,z,3,0.01866058299992801,215.1600026255882,0.11699483245277964,False
13,z,4,0.01496166600009019,0.5516493596712987,0.9977360604697914,False
13,z,5,0.030860083000106897,915.1481993901054,-2.755719368247,False
13,z,6,0.017334457999822916,0.6618707158272997,0.997283717906712,False
13,z,7,0.011410207999915656,26.54171429457105,0.891074221083501,False
13,z,8,0.012704875000054017,4.215014532577329,0.9827018053163484,False
13,z,9,0.02099699999985205,219.30554839685976,0.0999817338579343,False
13,z,10,0.007209958999965238,75.34527044256838,0.690787031329407,False
13,z,11,0.04344766700000946,76.20541569853204,0.6872570411054395,False
13,z,19,0.014396082999837745,1.2475399999614674,0.994880162422173,False
13,z,20,0.016960333000042738,48.3683431894408,0.8014989010002255,False
13,z,21,0.019665209000095274,2.331082596808534,0.9904333614340803,False
13,z,22,0.01465591700002733,2712.099617915941,-10.13031208542016,False
13,z,23,0.0073283749998154235,86.1764606918569,0.6463364046139404,False
13,z,24,0.01953724999998485,200.5126436813034,0.17710681182112498,False
13,z,25,0.017609249999850363,240.96317607256617,0.011099985758400877,False
13,z,26,0.016514624999899752,383.57168079844354,-0.57415770652867,False
13,z,27,0.012503875000220432,76.73778300791666,0.685072234080512,False
13,z,28,0.01841104200002519,909.1579393003481,-2.7311356605426833,False
13,z,29,0.016639209000004485,7.521858466858938,0.9691306942984516,False
13,z,30,0.013321083000164435,124.87366036177718,0.48752516246310706,False
13,z,31,0.016191124999977546,461.3373852948951,-0.8933040073762728,False
13,z,33,0.008628874999885738,0.9065433082157413,0.996279594645884,False
13,z,34,0.009957541999938258,1.2613412326384908e-12,0.9999999999999948,False
13,z,35,0.007397750000109227,1.1736622242206847,0.9951833528709086,False
13,z,36,0.016978915999970923,220.43935760227893,0.09532864139102304,False
13,z,37,0.010447750000139422,80.33376491635167,0.6703145162481696,False
13,z,38,0.008105082999918523,22629.88648679784,-91.87184637017232,False
13,z,39,0.14744054099992354,77.87270825141935,0.6804145614528696,False
13,z,40,0.01290162500004044,4692.137038870161,-18.2562799851413,False
13,z,41,0.013543208000101004,121.98384284340754,0.49938481932707024,False
13,z,42,0.2405154999999013,,,False
13,z,47,0.30623962499998925,,,False
13,z,50,0.33791566700006115,,,False
13,z,51,0.23676866599998903,,,False
13,z,52,0.20453241699988212,,,False
13,z,53,0.20462595799995142,,,False
13,z,54,0.24095354099995347,,,False
13,z,55,0.25794633300006353,,,False
13,z,56,0.34417145800011895,,,False
13,z,57,0.20228145800001585,,,False
13,z,58,0.1938522920002015,,,False
13,z,59,0.2512019999999211,,,False
14,x,0,0.028528666000056546,14.839061109014196,0.9829141942236004,False
14,x,1,0.00816474999987804,0.4607997605274582,0.9994694317145577,False
14,x,2,0.015427125000087472,840.9088444152635,0.031771276781927704,False
14,x,3,0.01772512499996992,301.0470264700073,0.6533722055565501,False
14,x,4,0.015702458000077968,2.8770055592044583,0.996687394314164,False
14,x,5,0.024965750000092157,3552.253395710689,-3.090091087420589,False
14,x,6,0.015722833999916475,2.968949923936113,0.9965815288859877,False
14,x,7,0.010059833000013896,9.490043736604969,0.989073092771707,False
14,x,8,0.012277084000061222,1.465734646429415,0.9983123421822544,False
14,x,9,0.018794082999875172,338.30895328991704,0.6104685447506366,False
14,x,10,0.0071179169999595615,7.136309820038997,0.9917831995805091,False
14,x,11,0.04264558299996679,8.349586952061255,0.9903862232301599,False
14,x,19,0.013188249999984691,2.7523460256112466e-13,0.9999999999999997,False
14,x,20,0.024452832999941165,868.5022722684548,-2.111069319354897e-09,False
14,x,21,0.018251540999926874,5.454792523380632,0.9937193111531549,False
14,x,22,0.013554333999991286,3479.563875998605,-3.006395831591634,False
14,x,23,0.007311791999882189,39.509811425074574,0.954508108072894,False
14,x,24,0.017859208000118088,733.2701285724877,0.15570729803016825,False
14,x,25,0.015942917000074885,863.316620714791,0.0059707958133466965,False
14,x,26,0.08774158300002455,16.797606285193627,0.980659110681679,False
14,x,27,0.013688750000028449,12.210647804601306,0.9859405689308265,False
14,x,28,0.026242166999963956,3663.3498945114934,-3.2180084257888133,False
14,x,29,0.017699708000009196,21.76719217138455,0.9749370923803313,False
14,x,30,0.012558291999994253,11.32747598785381,0.9869574595560003,False
14,x,31,0.016218209000044226,6.2237709683680205,0.9928339036290016,False
14,x,33,0.008926792000011119,3.3148084058215175,0.9961833048471349,False
14,x,34,0.013096958000005543,0.23199365070550074,0.9997328807780902,False
14,x,35,0.007456207999894104,3.6637842699081493,0.9957814914311356,False
14,x,36,0.019451833999937662,823.0947755858317,0.052282528664446715,False
14,x,37,0.009632083000042257,23.505293790535884,0.9729358291962054,False
14,x,38,0.007651709000128903,414.1512885575865,0.5231431135463126,False
14,x,39,0.151699957999881,4.930507663880653,0.9943229766556497,False
14,x,40,0.013000749999946493,2617.9409534416995,-2.01431676411222,False
14,x,41,0.015433583000003637,3756.3834847847943,-3.3251279963878684,False
14,x,42,0.23285612499989838,,,False
14,x,47,0.3070231669998975,,,False
14,x,50,0.33535299999994095,,,False
14,x,51,0.23520779099999345,,,False
14,x,52,0.21268641699998625,,,False
14,x,53,0.20394266700009211,,,False
14,x,54,0.24279570899989267,,,False
14,x,55,0.3195484170000782,,,False
14,x,56,0.569046291000177,,,False
14,x,57,0.21938270800001192,,,False
14,x,59,0.25556924999978037,,,False
14,y,0,0.03345904200000405,22.52814577491902,0.5380825657354245,False
14,y,1,0.00818054100000154,24.341663577983685,0.5008981698710572,False
14,y,2,0.01369245800015051,47.75653707148101,0.020799257345941125,False
14,y,3,0.0166854169999624,2.131659177235824,0.9562924286928427,False
14,y,4,0.01912029100003565,0.962614690478352,0.9802625341449014,False
14,y,5,0.022075624999843058,54.918488672455275,-0.1260495042388765,False
14,y,6,0.01798200000007455,1.0873543827144414,0.9777048696498147,False
14,y,7,0.01397337499997775,1.267548074121644,0.974010175535302,False
14,y,8,0.011595833999990646,1.6650307099353059,0.9658601856899691,False
14,y,9,0.018117957999947976,46.31569642234551,0.050342275332523445,False
14,y,10,0.0075948329999846464,21.62190743055382,0.5566640901557517,False
14,y,11,0.04570612500015159,25.53887524831212,0.4763505240703365,False
14,y,19,0.013246415999901728,8.685258941896917e-13,0.9999999999999822,False
14,y,20,0.02042000000005828,15.425689801102175,0.6837114281007903,False
14,y,21,0.1345901249999315,9.965965841274107,0.7956576889477143,False
14,y,22,0.018687166999825422,665.6408110109248,-12.648309036879132,False
14,y,23,0.006956041999956142,33.47969765734275,0.3135317839140236,False
14,y,24,0.016084541999816793,39.34064213815205,0.19335889156899022,False
14,y,25,0.01647533300001669,44.164775313982574,0.0944447935604843,False
14,y,26,0.010713166999948953,6.8511360295823955,0.8595242054894032,False
14,y,27,0.012483917000054134,18.870245112419592,0.6130842150366085,False
14,y,28,0.023950875000082306,54.817470645403645,-0.12397822911768541,False
14,y,29,0.019008665999990626,25.623162835575503,0.4746222901340841,False
14,y,30,0.013507290999996258,12.087971477902345,0.7521480539799955,False
14,y,31,0.013958457999933671,22.976073898645637,0.5288982408596019,False
14,y,33,0.008867374999908861,1.930577803333847,0.9604154041582539,False
14,y,34,0.010076250000111031,0.008889707937784964,0.9998177252969237,False
14,y,35,0.007604666999895926,3.8482222491272693,0.9210959940708607,False
14,y,36,0.015737292000039815,45.494900625439094,0.06717188449566469,False
14,y,37,0.010794166000096084,128.93050195992984,-1.643592919665787,False
14,y,38,0.007189334000031522,221.20066020832837,-3.535501609494026,False
14,y,39,0.02158083400013311,4.534833936263247,0.9070176978796571,False
14,y,40,0.01137270799995349,7097.122046180363,-144.51949543419414,False
14,y,41,0.014337666000074023,38.12304320821394,0.21832455804237005,False
14,y,42,0.23204508399999213,,,False
14,y,47,0.30678070899989507,,,False
14,y,51,0.2710180000001401,,,False
14,y,52,0.22539454099978684,,,False
14,y,53,0.19542462499998692,,,False
14,y,54,0.25811970800009476,,,False
14,y,55,0.2594211250000171,,,False
14,y,56,0.3352919999997539,,,False
14,y,57,0.20688995799991972,,,False
14,y,58,0.20906587500030582,,,False
14,y,59,0.2584672500001943,,,False
14,z,0,0.027301916999931564,7.17917826292445,0.9839906618516777,False
14,z,1,0.008268250000128319,1.1619023820873682,0.9974089948112529,False
14,z,2,0.017647415999817895,433.4620774494462,0.033393416597564785,False
14,z,3,0.016251999999894906,154.31022099863574,0.6558931374545403,False
14,z,4,0.013588625000011234,1.514719942048715,0.9966222229252201,False
14,z,5,0.023030999999718915,1808.4036595809039,-3.03268238154888,False
14,z,6,0.015618416000052093,1.6095175199324336,0.9964108273553649,False
14,z,7,0.01033329199981381,6.977477058062992,0.9844404490940739,False
14,z,8,0.019957167000029585,51.43644130491442,0.8852983793076528,False
14,z,9,0.025563333999798488,396.9064581618522,0.11491127964029535,False
14,z,10,0.007864291000259982,4.37473023075356,0.9902444913600331,False
14,z,11,0.04642045899981895,7.04262481410715,0.9842951716795958,False
14,z,19,0.016998624999814638,0.12004414299241484,0.9997323053965916,False
14,z,20,0.01704479199997877,15.342543666993379,0.9657866178238286,False
14,z,21,0.021179291999942507,3.733579241081499,0.9916742375819372,False
14,z,22,0.012057958000241342,1769.000734342618,-2.9448151172088224,False
14,z,23,0.008949250000114262,25.790889481732112,0.9424871404863454,False
14,z,24,0.019156124999881285,374.48858166952255,0.16490242795687637,False
14,z,25,0.015531957999883161,445.07280481447174,0.007501865541559405,False
14,z,26,0.08751283299989154,12.58404013871104,0.9719379925564602,False
14,z,27,0.013119540999923629,5.432916847558651,0.9878847690140998,False
14,z,28,0.025868666999940615,1866.1659354201606,-3.16149041113953,False
14,z,29,0.018118458000117244,11.963661132454181,0.9733214179190226,False
14,z,30,0.015046459000132018,6.852602336794035,0.9847189157326998,False
14,z,31,0.014680207999845152,88.45238599587803,0.8027540053230133,False
14,z,33,0.009896542000205955,2.5172926791734898,0.9943865177540852,False
14,z,34,0.010040958999979921,6.223841600592524e-12,0.9999999999999861,False
14,z,35,0.00750620799999524,2.7613746554337633,0.9938422227455544,False
14,z,36,0.01982966600007785,423.3216076065255,0.05600634035467067,False
14,z,37,0.013857500000085565,103.14151442672689,0.7699977182465312,False
14,z,38,0.014055125000140833,377.8788054312991,0.1573423372873003,False
14,z,39,0.1510971249999784,4.938096764669041,0.9889882019892178,False
14,z,40,0.01331812499984153,12919.92971375346,-27.811030464060234,False
14,z,41,0.014764582999760023,435.87754151490924,0.028007008906754005,False
14,z,42,0.23765829100011615,,,False
14,z,47,0.3072025830001621,,,False
14,z,50,0.33716216699986035,,,False
14,z,51,0.23841416699997353,,,False
14,z,52,0.20547450000003664,,,False
14,z,53,0.20459154199988916,,,False
14,z,54,0.24138287499999933,,,False
14,z,55,0.2578120839998519,,,False
14,z,56,0.3555735840000125,,,False
14,z,57,0.19453862499995012,,,False
14,z,58,0.19201733399995646,,,False
14,z,59,0.2508350419998351,,,False
15,x,0,0.0283150420000311,350.5282909634107,-3.7045761909028947,False
15,x,1,0.00826033399971493,0.02789104389319816,0.9996256634787488,False
15,x,2,0.016859875000136526,0.0007865599680716179,0.9999894432734991,False
15,x,3,0.018514625000079832,0.0007174049538758631,0.9999903714297754,False
15,x,4,0.12381308300018645,0.3947565337889245,0.9947018194024727,False
15,x,5,0.03407941600016784,0.0006128079567704367,0.9999917752666551,False
15,x,6,0.14907337500017093,0.6265710023367174,0.9915905474807705,False
15,x,7,0.03790008299984038,0.47979013668776216,0.9935605504266504,False
15,x,8,0.011779791000208206,0.2243718701635617,0.99698861807879,False
15,x,9,0.06394399999999223,1.5328718398700152,0.9794267323138527,False
15,x,10,0.007619541999702051,5.724541089215377,0.92316871303555,False
15,x,11,0.042529708000074606,5.712503808797058,0.9233302700462656,False
15,x,19,0.15288562500018088,0.011213065048896182,0.9998495051035364,False
15,x,20,0.0243588749999617,74.50794222382393,-1.5964496391518423e-10,False
15,x,21,0.021036750000348547,74.50794221362003,-2.269429089096775e-11,False
15,x,22,0.015382083000076818,53.057234002885615,0.28789827731424233,False
15,x,23,0.007211790999917866,0.026548134432536393,0.9996436871876421,False
15,x,24,0.03441937499974301,1.2151941669279858,0.9836904076149157,False
15,x,25,0.022687708000376006,74.50794221342021,-2.0012658197288147e-11,False
15,x,26,0.015798749999703432,0.6178305415680111,0.9917078565958691,False
15,x,27,0.012642249999771593,5.730572272274571,0.9230877661877356,False
15,x,28,0.019326583000292885,5.733706726176939,0.9230456974658072,False
15,x,29,0.1309068330001537,5.745118235696988,0.922892539169104,False
15,x,30,0.013137709000147879,5.736578784048887,0.9230071504628076,False
15,x,31,0.01397454200014181,5.738190813369137,0.9229855147918657,False
15,x,33,0.010726666999744339,0.627644098147734,0.9915761450455514,False
15,x,34,0.010248957999920094,4.1697105748271966e-08,0.999999999440367,False
15,x,35,0.009386083999743278,0.627787467709103,0.9915742208270437,False
15,x,36,0.0181778750002195,0.0007845637045804861,0.999989470066126,False
15,x,37,0.010101874999691063,0.022919957326017263,0.9996923823602479,False
15,x,38,0.007682000000386324,0.02845296971228457,0.999618121654315,False
15,x,39,0.04171791699991445,0.0006121670932835738,0.9999917838679326,False
15,x,40,0.018635749999702966,1383.2576985117187,-17.565238247718693,False
15,x,41,0.014773624999634194,0.323124070770164,0.9956632264805935,False
15,x,42,0.724228999999923,0.0006535181822732489,0.9999912288789239,False
15,x,47,0.8539061249998667,0.015122038721521163,0.9997970412512734,False
15,x,50,6.62970525000037,15.713297673937381,0.7891057354765918,False
15,x,51,7.086197999999968,0.0009703019708559875,0.9999869772007917,False
15,x,52,5.979167167000014,0.00014830923054319739,0.9999980094842759,False
15,x,53,5.337358541999947,1.159697752104763e-05,0.9999998443524653,False
15,x,54,9.665963166999973,3.6840546660165504e-07,0.9999999950554873,False
15,x,55,10.676789000000099,5.490482501308027e-07,0.9999999926310105,False
15,x,56,3.302316708000035,81.74748217345385,-0.09716467461861589,False
15,x,57,5.463729332999719,9.774777525596827e-05,0.9999986880891841,False
15,x,59,9.256673832999695,1.2098657932811736e-09,0.9999999999837619,False
15,y,0,0.03940266699964923,11.585618212133262,0.9850786175838442,False
15,y,1,0.008566208000047482,0.002892924315684868,0.9999962741366731,False
15,y,2,0.1628429170000345,0.002825849109567527,0.9999963605243637,False
15,y,3,0.1383618340000794,0.0034345781388325637,0.999995576528338,False
15,y,4,0.07253120800032775,3.3477107580142196,0.9956884068226333,False
15,y,5,0.1629380829999718,0.002927921157124432,0.9999962290634414,False
15,y,6,0.1333684579999499,5.10019098379961,0.9934313474972786,False
15,y,7,0.017020249999859516,4.249284992079303,0.9945272487664366,False
15,y,8,0.0240241659998901,87.42388377208228,0.8874047825343798,False
15,y,9,0.14826608400016994,49.95972161178006,0.9356557330023747,False
15,y,10,0.008112250000067434,51.15491057170104,0.934116421831921,False
15,y,11,0.04675445900011255,51.03807761843365,0.9342668936619599,False
15,y,19,0.13260958299997583,4.5084425298537203e-13,0.9999999999999994,False
15,y,20,0.01559712500011301,0.010596050029902722,0.9999863531050565,False
15,y,21,0.024132874999850173,6.23240664245202,0.9919731410804109,False
15,y,22,0.015543957999852864,853.3878434136777,-0.09909770266193507,False
15,y,23,0.007562875000076019,0.0044834546446426045,0.9999942256563203,False
15,y,24,0.018766124999729072,776.4440243545537,0.0,False
15,y,25,0.030563041999812413,11.057680915818146,0.9857585600906514,False
15,y,26,0.051357457999984035,5.097846128758319,0.9934343674896641,False
15,y,27,0.013780333000340761,51.21345453719508,0.9340410217210853,False
15,y,28,0.018113499999799387,51.244780115196676,0.9340006767934164,False
15,y,29,0.13487320800004454,51.354992445320306,0.9338587318151994,False
15,y,30,0.04124374999992142,51.27087010551761,0.9339670748987496,False
15,y,31,0.028265250000004016,703.0240286089673,0.09455929010029951,False
15,y,33,0.01007587499998408,5.134824590412535,0.9933867420839757,False
15,y,34,0.010090374999890628,4.3163314075093046e-07,0.9999999994440898,False
15,y,35,0.009223665999797959,5.135627020798981,0.9933857086155462,False
15,y,36,0.1632108750000043,0.003203750047404469,0.9999958738171112,False
15,y,37,0.018615790999774617,0.0012755968781164753,0.9999983571296345,False
15,y,38,0.007602624999890395,0.002808814425321378,0.9999963824637228,False
15,y,39,0.13758275000009235,0.004090790919617956,0.9999947313769038,False
15,y,40,0.015512082999975974,1677.696449488849,-1.1607435911217108,False
15,y,41,0.018839500000012777,1.545806211663589,0.9980091208597444,False
15,y,42,0.472013041000082,0.0006585944574102546,0.9999991517811501,False
15,y,47,0.7590624169997682,0.4976404984580372,0.999359077431407,False
15,y,51,7.508529833000011,14.331354502469628,0.9815423210779642,False
15,y,52,6.002211375000115,3.793144778892327e-06,0.9999999951147222,False
15,y,53,4.873258249999708,0.0001671172799965272,0.9999997847658366,False
15,y,54,8.862781417000406,0.000811722773340479,0.9999989545636931,False
15,y,55,8.311738874999719,3.6779690547185363e-10,0.9999999999995263,False
15,y,56,10.307232708000356,32.008434593934105,0.9587756057231013,False
15,y,57,5.639820333999978,3.2861320299629636e-05,0.9999999576771548,False
15,y,58,5.469052791999729,2.382963690683374e-05,0.9999999693092662,False
15,y,59,8.17949333300021,4.822587411017208e-11,0.9999999999999379,False
15,z,0,0.03796016600017538,10.31373586440818,0.9849454848623631,False
15,z,1,0.008564000000205851,3.2126967528886822e-06,0.9999999953105652,False
15,z,2,0.1622864999999365,1.0171829749472765e-05,0.9999999851526191,False
15,z,3,0.13129812499983018,4.476632524810099e-05,0.999999934656527,False
15,z,4,0.07277233300010266,3.0129692447052503,0.995602098822389,False
15,z,5,0.16802954199965825,1.450008851152466e-05,0.9999999788348466,False
15,z,6,0.13228587499997957,4.604611925807052,0.9932788466903419,False
15,z,7,0.017558540999743855,3.808863387163082,0.9944403664905638,False
15,z,8,0.023464750000130152,76.13712105803177,0.8888659301951198,False
15,z,9,0.14945179200003622,44.512416504733416,0.9350271466233868,False
15,z,10,0.00853791600002296,45.771594065857236,0.9331891794789763,False
15,z,11,0.047163957999600825,45.66784013807628,0.9333406246097129,False
15,z,19,0.012438374999874213,3.806397691410901e-07,0.9999999994443965,False
15,z,20,0.015650917000129994,0.021149303375993647,0.9999691292745897,False
15,z,21,0.024831749999975727,5.535333696005958,0.9919203122889773,False
15,z,22,0.015380249999907392,757.478762218522,-0.10565905915912,False
15,z,23,0.00784395799973936,0.00020523363713956992,0.999999700429317,False
15,z,24,0.018343707999974868,685.092530056028,-2.204902926905561e-13,False
15,z,25,0.031526750000011816,9.882432702690792,0.9855750394740331,False
15,z,26,0.054062208000232204,4.601020856867225,0.9932840884186959,False
15,z,27,0.01399254199986899,45.823583770293396,0.933113292351099,False
15,z,28,0.017789708999771392,45.85133188206768,0.9330727896298504,False
15,z,29,0.11513545799971325,45.95170141383917,0.9329262845559105,False
15,z,30,0.04521941599978163,45.874567997090715,0.9330388728755382,False
15,z,31,0.023281208000298648,616.2491211329625,0.10048775297155765,False
15,z,33,0.010367333999965922,4.6374208461304445,0.9932309569252605,False
15,z,34,0.010144625000066299,7.672354435879374e-12,0.9999999999999888,False
15,z,35,0.009455792000153451,4.638177127120027,0.9932298530145385,False
15,z,36,0.16529633400023158,3.855515301825474e-05,0.9999999437227071,False
15,z,37,0.018036750000192114,0.00026229715584359935,0.9999996171361614,False
15,z,38,0.007945583000037004,1.2265810433573776e-06,0.9999999982096126,False
15,z,39,0.1715539169999829,3.5505864840260787e-05,0.9999999481736214,False
15,z,40,0.015784708999944996,1666.6437069723524,-1.4327278927365033,False
15,z,41,0.018415583000205515,1.4800100541335877,0.997839693195877,False
15,z,42,6.087654250000014,5.031739093221838e-07,0.9999999992655387,False
15,z,47,0.8586539170000833,0.4239792192936837,0.9993811358310108,False
15,z,50,10.767300209000041,7.973867845477639e-08,0.9999999998836089,False
15,z,51,6.7326089590001175,2.070607489700083e-06,0.9999999969776237,False
15,z,52,5.496961583000029,0.0002487165682506638,0.999999636959159,False
15,z,53,2.428650457999993,4.797544312605974,0.9929972316115975,False
15,z,54,9.21982433400035,7.333793798054378e-09,0.9999999999892952,False
15,z,55,9.631526041000143,1.1787249813749495e-07,0.9999999998279466,False
15,z,56,11.021487125000021,5.954427938802016e-10,0.9999999999991308,False
15,z,57,5.734001583999998,4.720807799673288e-06,0.9999999931092406,False
15,z,58,5.357847833000051,0.006320015137654265,0.9999907749466527,False
15,z,59,9.17000199999984,0.011364313910559693,0.9999834120014276,False
16,x,0,0.029026000000158092,12.044146570658459,0.9860184922551736,False
16,x,1,0.008577916999911395,1.789969145035113,0.9979221053714775,False
16,x,2,0.018917291999969166,809.5717473023603,0.060204590794698754,False
16,x,3,0.016173499999695196,277.620345384631,0.6777230344761245,False
16,x,4,0.015001750000010361,2.1483731637973253,0.9975060502749455,False
16,x,5,0.149580750000041,0.3165316665669492,0.9996325526327976,False
16,x,6,0.020047250000061467,3.4699645245857056,0.9959718743382815,False
16,x,7,0.010735750000094413,5.5274805896942665,0.993583396530356,False
16,x,8,0.013556458000039129,1.4161070782016927,0.9983561050203744,False
16,x,9,0.018258165999668563,387.7178948938438,0.5499157438458755,False
16,x,10,0.007370750000063708,9.229086773505056,0.9892863684907497,False
16,x,11,0.04262970799982213,5.720071566084472,0.9933598263328176,False
16,x,19,0.01698716600003536,4.2754094548840586e-14,1.0,False
16,x,20,0.017468334000113828,11.902176697587299,0.9861832986919129,False
16,x,21,0.02110141699995438,861.434030632806,-2.4172663870558608e-11,False
16,x,22,0.018576375000066037,2352.9985673810343,-1.7314901475501379,False
16,x,23,0.007089084000199364,28.27108345397083,0.9671813714697498,False
16,x,24,0.013957833999938885,782.6821079750185,0.09141956300590615,False
16,x,25,0.0171165420001671,785.526929390981,0.08811713784638342,False
16,x,26,0.08662245899995469,12.607483230453408,0.9853645400780177,False
16,x,27,0.012514624999766966,15.260194922077037,0.9822851264521837,False
16,x,28,0.023994375000256696,3446.0525813071517,-3.0003673628484293,False
16,x,29,0.015678708999985247,18.68535623828788,0.9783090108188396,False
16,x,30,0.01358979199994792,14.441181130724926,0.9832358827054167,False
16,x,31,0.015789084000061848,1.8128750367706377,0.9978955149525696,False
16,x,33,0.00887537499966129,2.772279992239906,0.996781784914777,False
16,x,34,0.009517458000118495,0.08076971579023154,0.999906238071727,False
16,x,35,0.008071749999999156,2.8345602601368665,0.9967094865545036,False
16,x,36,0.01748695799960842,825.5113955593514,0.04170097044704757,False
16,x,37,0.010163709000153176,23.02723915532022,0.9732687143332831,False
16,x,38,0.007109292000222922,73.60534307884602,0.9145548695974374,False
16,x,39,0.14767304200040599,4.892197579042387,0.9943208679885018,False
16,x,40,0.012252250000074127,1123.520204111935,-0.3042440444496499,False
16,x,41,0.012606833000063489,3035.0387563454547,-2.52323990983882,False
16,x,42,6.434842542000297,9.333065238318876e-09,0.9999999999891657,False
16,x,47,0.7419699170000058,68.23227754184701,0.9207922195813727,False
16,x,50,2.476006750000124,32.28542060353514,0.9625213081254768,False
16,x,51,0.48385962499969537,87.66166048623693,0.8982375232796874,False
16,x,52,2.9177622500001235,188.42886039718252,0.7812614156149388,False
16,x,53,1.302394583000023,10802.95436828916,-11.54066357305909,False
16,x,54,8.635737416999746,0.003570449953469197,0.999995855225326,False
16,x,55,10.57294312499971,41.49887713747932,0.9518258210579427,False
16,x,56,1.356182125000032,21.90686881008365,0.9745693018483139,False
16,x,57,5.743270333000055,5.721757623259971,0.9933578690649183,False
16,x,59,10.109583916999782,0.2485693054800226,0.9997114470793504,False
16,y,0,0.027093333000266284,1.553122560311873,0.9462716721557833,False
16,y,1,0.008782166999935725,12.017185601135632,0.5842805299196983,False
16,y,2,0.017839749999893684,27.901511453016184,0.03478219104885549,False
16,y,3,0.015850208999836468,18.144865939205314,0.3723011108181822,False
16,y,4,0.014704749999964406,1.5125076252984297,0.947676694914152,False
16,y,5,0.023396875000344153,0.041608317630908054,0.9985606124153712,False
16,y,6,0.014744707999852835,1.5981539645466887,0.944713867181572,False
16,y,7,0.01327450000007957,2.2382300129763446,0.9225712387412554,False
16,y,8,0.01275362500018673,1.5187197747281405,0.947461793392723,False
16,y,9,0.020794582999769773,21.280707658959024,0.26382059788772394,False
16,y,10,0.007724749999852065,15.69294719051793,0.4571221659900325,False
16,y,11,0.04400141599990093,13.831439344316257,0.5215186961809414,False
16,y,19,0.014498084000024392,9.204428429661184e-13,0.9999999999999681,False
16,y,20,0.016461209000226518,8.35145867173424,0.7110917573676481,False
16,y,21,0.019653124999877036,1.963607296800405,0.932071467316396,False
16,y,22,0.01511816699985502,554.2240444074622,-18.17268599272186,False
16,y,23,0.007401958000173181,8.262407545684866,0.7141723694310752,False
16,y,24,0.01457254200022362,1.4989092589205264,0.9481471133508985,False
16,y,25,0.013869708000129322,27.457418465477172,0.050145031199102186,False
16,y,26,0.010644417000094109,1.56544320818273,0.9458454547889288,False
16,y,27,0.013776875000075961,16.895858394505044,0.4155089609623991,False
16,y,28,0.020945207999830018,286.7255955395409,-8.918912513500045,False
16,y,29,0.013661333000072773,2.5512361976243554,0.9117431821951841,False
16,y,30,0.01516633399978673,15.10597868788989,0.4774276054635893,False
16,y,31,0.015924416999951063,3.5776274059862696,0.8762364651153571,False
16,y,33,0.009247958999822004,2.869432003759333,0.9007355971999331,False
16,y,34,0.009371207999720355,0.0017421628869478064,0.9999397320590533,False
16,y,35,0.007602082999710547,3.901973756708565,0.8650161097409663,False
16,y,36,0.01601033400038432,27.981473479782018,0.032016004980255475,False
16,y,37,0.016880791999938083,145.85051108098466,-4.0455155799373115,False
16,y,38,0.0073497080002198345,30.18830758151823,-0.0443266540897842,False
16,y,39,0.01927937499976906,0.05673926212321869,0.9980371763601302,False
16,y,40,0.012499082999966049,10194.959225528555,-351.68183311793916,False
16,y,41,0.013101584000196453,213.35867501209174,-6.380875877017328,False
16,y,42,6.1133466670003145,2.138543029306491e-07,0.9999999926019785,False
16,y,47,0.8380117500000779,82.85682811119246,-1.8663280919672594,False
16,y,51,8.470645124999919,3188.5074552974625,-109.3024180252397,False
16,y,52,0.48578454200014676,14.755525438289306,0.48955109627479154,False
16,y,53,1.2267088749999857,768.2312101298074,-25.575995592856007,False
16,y,54,2.5855257499997606,0.0001526848153751257,0.9999947180602311,False
16,y,55,9.848223625000173,6.22221623042282,0.7847502302209608,False
16,y,56,11.126458875000026,351.9846914775193,-11.176469122985418,False
16,y,57,5.882253457999923,11.27834766073911,0.6098397021960946,False
16,y,58,0.9336882909997257,3607.295732966641,-123.78987346172909,False
16,y,59,9.108112874999733,0.18748904207741274,0.9935140516419319,False
16,z,0,0.027639375000035216,23.183242663513553,0.9843930036460228,False
16,z,1,0.008045709000271017,1.2734294373825479,0.9991427252488041,False
16,z,2,0.01718608300006963,1394.1303581729592,0.06146919424615138,False
16,z,3,0.018356125000082102,502.61102870581715,0.6616414447998706,False
16,z,4,0.015252458000304614,5.492799251288201,0.9963022386845434,False
16,z,5,0.16830391699977554,1.6868766795400316e-05,0.999999988643919,False
16,z,6,0.015178874999946856,14.101368141344391,0.9905069362227562,False
16,z,7,0.010559583000031125,15.513749174859589,0.989556119032925,False
16,z,8,0.012647333000131766,3.307877610584721,0.9977731314571862,False
16,z,9,0.019418875000155822,679.1591350138167,0.5427889748739512,False
16,z,10,0.0069143330001679715,22.21805171421828,0.9850427717498718,False
16,z,11,0.04261408299998948,13.351147326307187,0.9910119860854913,False
16,z,19,0.013420291999864276,0.13923439685977243,0.999906267179459,False
16,z,20,0.017457291000027908,17.23864357601681,0.9883949173399356,False
16,z,21,0.022840624999844295,1485.439103048189,-7.827960502027054e-11,False
16,z,22,0.01511762500012992,4721.380523621752,-2.1784409837487453,False
16,z,23,0.012622374999864405,40.415587175050625,0.972792161526326,False
16,z,24,0.01522037500035367,1364.371805856857,0.0815026996637519,False
16,z,25,0.01642083399974581,1350.0687115055628,0.09113156585090376,False
16,z,26,0.0840760420001061,16.738104791260938,0.9887318808571662,False
16,z,27,0.012549374999707652,34.272765391096044,0.9769275190592132,False
16,z,28,0.01743679199989856,6489.176309497495,-3.3685239581275175,False
16,z,29,0.01574762499967619,39.09349289781673,0.9736821975262027,False
16,z,30,0.013630041999931564,32.1333742733721,0.9783677606103486,False
16,z,31,0.015118541999981971,38.087652033059,0.9743593312187064,False
16,z,33,0.009540208000089478,8.953692830022238,0.9939723595451677,False
16,z,34,0.00953391700022621,1.1825362642026613e-11,0.999999999999992,False
16,z,35,0.007386666999991576,9.498077691492206,0.9936058787783725,False
16,z,36,0.018622459000198432,1372.1994128201022,0.07623314203072917,False
16,z,37,0.009107124999900407,17.78594393548532,0.9880264738551853,False
16,z,38,0.0070309170000655286,80.99541202349475,0.94547375798602,False
16,z,39,0.15500362500006304,5.28874494273251,0.996439608374188,False
16,z,40,0.011743542000203888,913.7781505680775,0.3848430751792564,False
16,z,41,0.0140278330000001,5602.614576654792,-2.771689169617617,False
16,z,42,0.7893844999998691,2.3481617962806147e-08,0.9999999999841921,False
16,z,47,0.6991184160001467,201.0460674878015,0.8646554630943917,False
16,z,50,12.235915415999898,1014.3160059802256,0.3171608287554818,False
16,z,51,7.671746041999995,76.42814338577247,0.9485484505996098,False
16,z,52,0.6827447079999729,267.027055337961,0.8202369556510853,False
16,z,53,2.091327457999796,2991.5098471434308,-1.0138892541867857,False
16,z,54,2.022255166999912,0.006454002980351537,0.9999956551547838,False
16,z,55,10.096459749999667,13.050545529705575,0.9912143516998126,False
16,z,56,1.007475040999907,23.47736022374573,0.984195003230084,False
16,z,57,1.6833999999998923,6.6373921299002765,0.9955316969125159,False
16,z,58,0.8208864580001318,0.2629177059837218,0.9998230033762644,False
16,z,59,1.9646031250003944,0.11666379928334802,0.9999214617421521,False
17,x,0,0.02801725000017541,1321.3780292461565,-3.0392900088775123,False
17,x,1,0.008039750000079948,0.6663257620397661,0.9979631241524423,False
17,x,2,0.013398415999745339,103.27539688903354,0.6842998221676782,False
17,x,3,0.1455498330001319,0.6054974934862858,0.9981490686830665,False
17,x,4,0.16471725000019433,1.1910657200130101,0.9963590586824652,False
17,x,5,0.15187562499977503,0.6049256987686623,0.9981508165891456,False
17,x,6,0.03695749999997133,1.1905583275113096,0.9963606097188963,False
17,x,7,0.01062308300015502,1.2711054816429124,0.9961143869819307,False
17,x,8,0.013037666999935027,0.38926823709506614,0.998810054907778,False
17,x,9,0.01806049999959214,4.177723835801459,0.987229212400762,False
17,x,10,0.007148666999910347,13.405402600852847,0.9590213340980875,False
17,x,11,0.04369195800018133,12.290373550891266,0.9624298406733691,False
17,x,19,0.030251958000008017,1.7562677323967709e-12,0.9999999999999947,False
17,x,20,0.018683792000047106,0.21244700755739415,0.9993505756444793,False
17,x,21,0.022519957999975304,327.1312598057183,-5.948130876731739e-11,False
17,x,22,0.01793904200030738,110.4603522040142,0.6623362980468868,False
17,x,23,0.007222332999845094,1.1640274168967857,0.9964417114473948,False
17,x,24,0.013276082999709615,3.3256567742947025,0.9898338765409713,False
17,x,25,0.013008542000079615,3.397803734985471,0.9896133321615136,False
17,x,26,0.08906566699988616,1.2857505168850525,0.9960696189116102,False
17,x,27,0.01253591700015022,14.00668226243579,0.9571832961741796,False
17,x,28,0.018953833999603376,8.70648382331883,0.9733853504889521,False
17,x,29,0.1475502910002433,15.455879717720334,0.9527532779110781,False
17,x,30,0.01330054200025188,14.544218947283047,0.9555401126850858,False
17,x,31,0.013669999999819993,15.092636719049155,0.9538636670524536,False
17,x,33,0.008835915999952704,1.191077558574665,0.9963590224934392,False
17,x,34,0.00929970900006083,0.00018301482650829334,0.9999994405461996,False
17,x,35,0.008060666999881505,1.1905522128433856,0.9963606284106836,False
17,x,36,0.018330750000131957,102.04826711535989,0.6880510068587269,False
17,x,37,0.010038750000148866,1.6205092208074154,0.9950463027536218,False
17,x,38,0.007322375000057946,0.3418056980045479,0.9989551420484002,False
17,x,39,0.15113333299996157,0.7316260559336846,0.9977635091907398,False
17,x,40,0.012788874999841937,1318.9667154854217,-3.0319189194796214,False
17,x,41,0.014874041999973997,2.007404749260012,0.9938636107397024,False
17,x,42,5.323375417000079,0.012924302138960168,0.9999604919989994,False
17,x,47,0.6847304580001037,0.004195130349544146,0.9999871760028305,False
17,x,50,10.047363207999751,673.9910820433304,-1.0603077874113933,False
17,x,51,6.815276165999876,2.629558871930718e-05,0.9999999196176216,False
17,x,52,6.380366916000185,0.19893884635178058,0.999391868430789,False
17,x,53,4.95623599999999,0.007663670779543036,0.9999765731016212,False
17,x,54,9.108859790999759,1.7079404736597545e-06,0.9999999947790362,False
17,x,55,9.896571833000053,0.4659845254859792,0.9985755426559038,False
17,x,56,9.5946798330001,485.60951766838843,-0.4844485298826984,False
17,x,57,5.899386583999785,0.08383832805220588,0.9997437165494151,False
17,x,59,9.165322832999664,3.647484030263642e-08,0.9999999998885009,False
17,y,0,0.024245750000318367,2507.5788478987715,-3.760107995210568,False
17,y,1,0.008692040999903838,0.31711896425180686,0.9993980167289923,False
17,y,2,0.013672375000169268,186.78900988547895,0.6454205776546622,False
17,y,3,0.02830495800026256,0.0062524892811962,0.999988130971737,False
17,y,4,0.13474245799989149,2.8840980864006838,0.9945251498785168,False
17,y,5,0.02925012500008961,0.0053811328184691885,0.9999897850576567,False
17,y,6,0.0290863340001124,2.901447924064365,0.9944922148818575,False
17,y,7,0.01582974999973885,3.6353385200443427,0.9930990788309367,False
17,y,8,0.024169333999907394,48.66119326196401,0.9076270182702896,False
17,y,9,0.018783541999709996,11.410359267902983,0.9783398466513294,False
17,y,10,0.008236042000135058,38.42598694899255,0.9270563923232055,False
17,y,11,0.04532470899994223,36.03537953206499,0.9315944548005877,False
17,y,19,0.013342165999802091,1.3698044745942643e-12,0.9999999999999974,False
17,y,20,0.016045666000081837,0.9798022923391647,0.9981400526131422,False
17,y,21,0.02305675000025076,4.509219799563536,0.9914402000806275,False
17,y,22,0.017475750000357948,1135.1768097713525,-1.1548930406308715,False
17,y,23,0.007662583000183076,0.054886822150918696,0.9998958089787799,False
17,y,24,0.013720208999984607,8.70159160389422,0.9834818690549003,False
17,y,25,0.012631499999770313,8.903739736511891,0.9830981335870819,False
17,y,26,0.011031208000076731,4.485139672700459,0.9914859111076217,False
17,y,27,0.013348500000120112,39.69911414841134,0.9246396296495406,False
17,y,28,0.018700208000154817,26.918785723118827,0.9489003796433559,False
17,y,29,0.12773574999982884,42.72854602147946,0.9188888940776478,False
17,y,30,0.019239457999901788,40.80743270217711,0.9225357213264019,False
17,y,31,0.01976199999990058,227.12241682576573,0.5688561366156815,False
17,y,33,0.00899020799988648,4.603924254535164,0.9912604237064288,False
17,y,34,0.009284332999868639,0.0002949212831451943,0.999999440154331,False
17,y,35,0.0078022079997026594,4.640148256306587,0.9911916601018087,False
17,y,36,0.014339625000047818,184.55615693770892,0.6496591766433704,False
17,y,37,0.013794583000162675,0.8652488236741034,0.9983575081410226,False
17,y,38,0.008505540999976802,0.17466751863087018,0.9996684306646488,False
17,y,39,0.022133500000109052,0.005149854303379291,0.9999902240909935,False
17,y,40,0.010667958999874827,1662.7270593455896,-2.1563355926678356,False
17,y,41,0.013296707999870705,11.029113196250297,0.9790635616704354,False
17,y,42,7.3054775830000835,0.005176286561161797,0.9999901739149435,False
17,y,47,1.2558471249999457,0.007707644562631407,0.9999853686672554,False
17,y,51,8.380598083000223,2844.9833998568038,-4.4005991633114965,False
17,y,52,6.802952417000142,1.5320329620030773e-05,0.9999999709175951,False
17,y,53,5.867495749999762,281.7490061970979,0.4651591122786586,False
17,y,54,0.7315050829997745,0.07920614391654654,0.999849643890862,False
17,y,55,9.754213042000174,1.3072582367644473e-06,0.9999999975184468,False
17,y,56,9.953899333000209,91.64601377022429,0.826029429446506,False
17,y,57,5.917621208000128,0.01396390357915501,0.9999734924829474,False
17,y,58,5.834859042000062,5.282644913339688,0.9899720161107126,False
17,y,59,9.146901209000134,0.00019894526847635458,0.9999996223444922,False
17,z,0,0.026019417000043177,4504.1311055535825,-3.4903999020227134,False
17,z,1,0.00791574999993827,0.004767340210492684,0.999995247193407,False
17,z,2,0.015847042000132205,341.23861426608977,0.6598016789126107,False
17,z,3,0.14008841700024277,0.00022191067445124626,0.999999778765838,False
17,z,4,0.02043862500022442,4.344274701963505,0.9956689691665493,False
17,z,5,0.16821533400025146,1.3065153746186973e-05,0.9999999869746764,False
17,z,6,0.15290820800009897,6.733470681332915,0.9932870568420068,False
17,z,7,0.015856084000006376,5.839332904674607,0.9941784687682163,False
17,z,8,0.013638249999985419,2.0723268219770112,0.9979339908319075,False
17,z,9,0.017951709000044502,18.22740500890249,0.9818281626915377,False
17,z,10,0.007088332999956037,59.882634536694766,0.9402999224589873,False
17,z,11,0.04380716700006815,55.76256317869423,0.9444074334502817,False
17,z,19,0.013589416999820969,0.0005618933758417773,0.999999439819601,False
17,z,20,0.018618292000155634,0.2924037030458705,0.9997084877130044,False
17,z,21,0.023558875000162516,1003.0579022559789,-1.0207812373153047e-10,False
17,z,22,0.01624720800009527,579.9547551406199,0.42181328326565826,False
17,z,23,0.007867416999943089,0.28546475207348215,0.9997154055100302,False
17,z,24,0.013808417000291229,14.170815856068698,0.9858723850082397,False
17,z,25,0.01191729199990732,14.489561865384248,0.9855546107215996,False
17,z,26,0.010625166999943758,6.646755907562867,0.993373507258861,False
17,z,27,0.012627874999907363,62.085582482440515,0.9381036903760577,False
17,z,28,0.01881154200009405,40.950809480730584,0.9591740323337185,False
17,z,29,0.14683854100030658,67.34855775426219,0.9328567597048353,False
17,z,30,0.01361041700010901,64.02186301045815,0.936173312753928,False
17,z,31,0.013732916999742883,65.03611918292255,0.935162148622439,False
17,z,33,0.009545583000090119,6.726518750070087,0.9932939875797517,False
17,z,34,0.009666000000379427,5.069380750640836e-12,0.9999999999999949,False
17,z,35,0.007213542000044981,6.761057250676299,0.9932595543725241,False
17,z,36,0.014935458000309154,337.172447079662,0.6638554500635059,False
17,z,37,0.009641166999699635,0.2447833961289901,0.999755962845611,False
17,z,38,0.007626999999956752,0.03908848909611785,0.9999610306752859,False
17,z,39,0.15117329199983942,0.019727543872785334,0.9999803325971208,False
17,z,40,0.012828082999931212,1119.1000673968094,-0.11568840143133907,False
17,z,41,0.013319749999936903,14.28620386318299,0.985757348770684,False
17,z,42,5.6655354580002495,0.012657520594780293,0.999987381066868,False
17,z,47,0.616036666999662,0.01814023637812092,0.9999819150655818,False
17,z,50,10.570876583000427,59.98915368410817,0.940193728043705,False
17,z,51,6.599267624999811,0.00011111909032219974,0.9999998892196651,False
17,z,52,5.456492583999989,1.8456050742003705e-05,0.999999981600214,False
17,z,53,0.7141895830000067,8.265700689728579,0.9917594979592086,False
17,z,54,9.535428499999853,1.9185299747258817e-05,0.9999999808731882,False
17,z,55,9.832100749999881,2.893944650980909e-05,0.9999999711487777,False
17,z,56,11.399582709000242,0.0007115768790974812,0.9999992905924199,False
17,z,57,5.643202416999884,0.00022046340586068852,0.9999997802086944,False
17,z,58,5.467703374999928,0.01122926740844372,0.9999888049659104,False
17,z,59,8.758089333000044,0.00023461530135709109,0.9999997660999421,False
18,x,0,0.029745916000138095,7.588646872822988,0.9790327819009877,False
18,x,1,0.008297834000131843,1.8130375152512586,0.9949906282844568,False
18,x,2,0.01715841699979137,311.29077859669627,0.13991232476202298,False
18,x,3,0.019454249999853346,0.01833061807783683,0.999949353017268,False
18,x,4,0.015801290999661433,2.7242337308079465,0.9924730187418396,False
18,x,5,0.018723207999755687,0.022865553374223014,0.9999368231184576,False
18,x,6,0.0220906249996915,2.782587421840178,0.9923117891330226,False
18,x,7,0.014387458999863156,3.701168552381603,0.9897737752777891,False
18,x,8,0.016804792000129964,1.5190297406517075,0.9958029635052339,False
18,x,9,0.01666066600000704,16.389992355134883,0.9547149116159338,False
18,x,10,0.007799291000083031,28.64799215133118,0.9208464025797655,False
18,x,11,0.0432789579999735,23.36149781432706,0.9354528379035802,False
18,x,19,0.016395957999975508,2.4804584388147446e-12,0.9999999999999931,False
18,x,20,0.017902791000324214,1.767641823937459,0.9951160553041197,False
18,x,21,0.02801950000002762,361.92912432251927,-1.7436305732587698e-09,False
18,x,22,0.02363345899993874,1402.2507733538068,-2.8743794891434358,False
18,x,23,0.007672749999983353,0.12722508852901776,0.99964848065491,False
18,x,24,0.014277333999871189,7.210183651298381,0.9800784651487587,False
18,x,25,0.014138208999611379,7.932166607999356,0.9780836465242247,False
18,x,26,0.011228750000100263,4.188346736585129,0.9884277156425915,False
18,x,27,0.0132013749998805,31.895511553806315,0.9118735977130211,False
18,x,28,0.018076416999974754,17.12468054318153,0.952684988794158,False
18,x,29,0.01606495800024277,12.267777145974486,0.966104476421099,False
18,x,30,0.013444583000364219,33.42832330365059,0.9076384819140753,False
18,x,31,0.017398292000052606,34.89921168939484,0.9035744586303391,False
18,x,33,0.009971833999770752,4.55205329784447,0.9874228046325302,False
18,x,34,0.010351208999964001,0.003173688893992229,0.9999912311867538,False
18,x,35,0.007259708000219689,4.7670009838907115,0.986828910215154,False
18,x,36,0.015265084000020579,309.4340620328259,0.14504238046169426,False
18,x,37,0.010838958000022103,0.07605809674421392,0.9997898536156238,False
18,x,38,0.007030582999959734,9.34773128404062,0.9741724810960233,False
18,x,39,0.020062749999851803,0.015615046667552706,0.9999568560647778,False
18,x,40,0.011694250000346074,1251.103890754798,-2.4567648991447024,False
18,x,41,0.01308966699980374,5.826015287052229,0.9839028834495811,False
18,x,42,0.48251650000020163,31.489312793513868,0.9129959134751505,False
18,x,47,0.9946056249996218,0.04303989673218297,0.9998810819745778,False
18,x,50,10.054674458000136,1934.9576158984883,-4.346233528164692,False
18,x,51,6.1532945829999335,0.728397301311997,0.9979874587215232,False
18,x,52,6.2212734159998035,98.89911106557837,0.7267445347949067,False
18,x,53,6.0214137500001925,274.08705946446497,0.24270515544880622,False
18,x,54,9.262121250000291,0.0002626620371392389,0.9999992742721712,False
18,x,55,1.0288134160000482,19.02775033860553,0.9474268604180441,False
18,x,56,2.914682624999841,118.24774550550711,0.6732848014565536,False
18,x,57,5.380012333000195,5.947249210338348,0.9835679175257295,False
18,x,59,8.9984535829999,4.0919362124227346e-05,0.9999998869409521,False
18,y,0,0.02597620900041875,5.681909799721045,0.9886606703946161,False
18,y,1,0.008690249999744992,2.1690492964640726,0.9956712503770934,False
18,y,2,0.01773808400002963,427.9850971089909,0.14587449407427355,False
18,y,3,0.1507578329997159,1.64410169227399,0.996718882972345,False
18,y,4,0.1449708339996505,1.2869885964976593,0.9974315699459407,False
18,y,5,0.14320233400030702,1.6446800929639431,0.9967177286639701,False
18,y,6,0.15849633400011953,1.2761340301853545,0.9974532322935452,False
18,y,7,0.01058191700030875,1.7987422065659697,0.9964102684705821,False
18,y,8,0.025910125000336848,81.91576456356401,0.8365215416990812,False
18,y,9,0.017729916000007506,12.125238445849293,0.9758017849406712,False
18,y,10,0.007963790999838238,11.175823265156152,0.9776965231617466,False
18,y,11,0.046848916999806534,7.6913017897970555,0.9846505472344405,False
18,y,19,0.021438333000332932,1.201986559596227e-12,0.9999999999999976,False
18,y,20,0.016311583000060637,1.797246873576915,0.9964132526914217,False
18,y,21,0.027071499999692605,2.926085934598961,0.9941604400570166,False
18,y,22,0.026253625000208558,528.5204798279956,-0.054762946828111225,False
18,y,23,0.007807499999671563,7.010549277550375,0.9860091181002499,False
18,y,24,0.014099957999860635,4.0973634303428215,0.991822933470013,False
18,y,25,0.014137165999727586,4.443842637887519,0.9911314684390204,False
18,y,26,0.09412087500004418,4.131387803019508,0.9917550313754715,False
18,y,27,0.01433633299984649,13.572953124181309,0.9729125954795915,False
18,y,28,0.01768779199983328,37.773815223848956,0.9246151810968347,False
18,y,29,0.014708249999785039,9.180794111580907,0.9816779825551798,False
18,y,30,0.02254295800003092,15.047533109341744,0.9699697911988799,False
18,y,31,0.015395832999729464,14.858985822121134,0.9703460731025632,False
18,y,33,0.010074416999941604,1.2871975340771402,0.9974311529713381,False
18,y,34,0.01041345800013005,0.004409519794238977,0.999991199966189,False
18,y,35,0.0072905409997474635,1.2755251786868846,0.997454447372289,False
18,y,36,0.019499125000038475,424.09215160460604,0.15364360582824477,False
18,y,37,0.011506625000038184,0.21078814190123787,0.999579332248808,False
18,y,38,0.007784124999943742,7.942668508974119,0.984148897229241,False
18,y,39,0.1486984170001051,2.7798026583028634,0.9944523761038998,False
18,y,40,0.012098000000150932,1602.3518251363907,-2.197797242381785,False
18,y,41,0.012759250000272004,10.614656961963615,0.9788164370462732,False
18,y,42,6.2147833750000245,0.001413259401483753,0.9999971795725845,False
18,y,47,0.6514787500000239,0.042089240077388394,0.9999160029316021,False
18,y,51,4.604402250000021,2802.8744527100816,-4.5936680415711635,False
18,y,52,4.795351083999776,0.0001387801489152594,0.9999997230378681,False
18,y,53,5.5343219159999535,476.285780680118,0.049481311062945954,False
18,y,54,8.439361958000063,1.9728100139444386e-05,0.9999999606288312,False
18,y,55,9.460817166999732,0.030122559929312783,0.999939884713479,False
18,y,56,10.418499416000031,48.891263331035,0.9024282029676987,False
18,y,57,5.5801566669997555,7.600228518253232,0.9848323012362951,False
18,y,58,5.752317041999959,2082.7235105029263,-3.1564701297501037,False
18,y,59,9.351226415999918,0.034826554386526605,0.9999304969995778,False
18,z,0,0.026725665999947523,4.644718716334311,0.9847804106108684,False
18,z,1,0.008622249999916676,0.023259568802071254,0.9999237841711941,False
18,z,2,0.0170509999998103,260.98633438928323,0.14481261661538225,False
18,z,3,0.14832112500016592,3.080353720297664e-05,0.9999998990644609,False
18,z,4,0.01797079100015253,1.264451033336781,0.9958567080795719,False
18,z,5,0.16585445900000195,6.0550791638416235e-06,0.9999999801590098,False
18,z,6,0.021823124999627908,1.2910815367949404,0.995769446535308,False
18,z,7,0.013320708999799535,2.0540063677729794,0.993269531390517,False
18,z,8,0.021930417000021407,34.110334515691484,0.8882289075054114,False
18,z,9,0.017524083999887807,10.123569466469855,0.9668275777626376,False
18,z,10,0.007798000000093452,12.86438855083188,0.9578465944993911,False
18,z,11,0.051912542000081885,9.757797334199655,0.9680261221747162,False
18,z,19,0.013060040999789635,0.002690956099468184,0.9999911824053512,False
18,z,20,0.015554874999907042,0.06301151056190153,0.9997935269332525,False
18,z,21,0.022530250000272645,2.4783150818908277,0.9918791771414225,False
18,z,22,0.015548083999874507,356.6878133913153,-0.16877735584543796,False
18,z,23,0.0075161249997108825,1.160626524625351,0.9961969152024617,False
18,z,24,0.3087620410001364,4.066360138097449,0.986675547995505,False
18,z,25,0.014268916000219178,4.427848911823973,0.9854910390852991,False
18,z,26,0.016353832999811857,1.9744789909287923,0.9935301228481883,False
18,z,27,0.012945416999627923,14.863912515892611,0.9512946511890393,False
18,z,28,0.018255999999837513,19.22854441567944,0.9369928367183694,False
18,z,29,0.014772333000109938,7.92856063562921,0.9740200764156621,False
18,z,30,0.023877375000211032,15.95627693534635,0.947715244352428,False
18,z,31,0.02205945800005793,3.162820624129046,0.9896362225248568,False
18,z,33,0.008938917000250513,1.990141849315224,0.9934787995522344,False
18,z,34,0.010765250000076776,5.596767944706858e-12,0.9999999999999817,False
18,z,35,0.00787541699992289,2.0297449952393283,0.9933490298812825,False
18,z,36,0.01682341700006873,258.94837188528504,0.15149051346890352,False
18,z,37,0.012320875000114029,2.903621090649295,0.9904855550055394,False
18,z,38,0.007701500000166561,2.4151554811475933,0.9920861354629056,False
18,z,39,0.15452537500004837,0.09465406184741604,0.9996898421533548,False
18,z,40,0.012474999999994907,1612.7163927300744,-4.284470986833951,False
18,z,41,0.013004790999730176,5.448613746028391,0.9821462463027305,False
18,z,42,0.4630829999996422,153.55994424801074,0.4968222101688077,False
18,z,47,1.5657644590000928,0.03890993379058978,0.9998725018130014,False
18,z,50,6.972193915999924,105.79411274942674,0.6533389739681537,False
18,z,51,7.450399708999612,10.539771771111786,0.9654637862035957,False
18,z,52,6.366110874999777,7.9551692388986615,0.9739328866328761,False
18,z,53,6.1994489580001755,959.580074941645,-2.144305526025493,False
18,z,54,9.817617624999912,0.00012284162846390757,0.9999995974785,False
18,z,55,9.607151791999968,0.01627933648779536,0.9999466566584537,False
18,z,56,1.1570027500001743,8.16298204220974,0.9732519357014288,False
18,z,57,5.667564249999941,5.053880265748763,0.9834396898576375,False
18,z,58,5.28862908300016,4.776139996204186,0.9843497757245017,False
18,z,59,9.301745124999798,0.6367016781047559,0.9979136867707302,False
19,x,0,0.032279459000164934,6.577479354398196,0.9619260152876362,False
19,x,1,0.008236000000124477,12.228944948732028,0.9292122957839429,False
19,x,2,0.012980958000298415,168.03634920813818,0.02731532154578098,False
19,x,3,0.014489791999949375,85.49503301651458,0.5051088107365651,False
19,x,4,0.014770291000331781,2.9994408500996497,0.9826376247010231,False
19,x,5,0.020995750000111002,1200.343461588392,-5.948232923839216,False
19,x,6,0.01614016699977583,3.1805393019787176,0.9815893295537848,False
19,x,7,0.011928458000056708,6.3074816081243394,0.9634889073181722,False
19,x,8,0.02256654199982222,5.348934341894074,0.969037493941424,False
19,x,9,0.02646195799979978,127.38975077615024,0.2625996734874213,False
19,x,10,0.007187417000295682,20.831783854288282,0.8794144417239288,False
19,x,11,0.04257370899995294,13.385547338494366,0.9225172596867717,False
19,x,19,0.015969458000199666,5.9612270443756334e-12,0.9999999999999655,False
19,x,20,0.025713749999795255,172.75521341145776,-1.6402434965812063e-12,False
19,x,21,0.021591500000340602,172.7552134113229,-8.595346656647962e-13,False
19,x,22,0.012509624999893276,1011.3702645587183,-4.854354520413563,False
19,x,23,0.007262833999902796,1.4898392611539304,0.9913760098364849,False
19,x,24,0.02111383300007219,155.07830082430138,0.10232346820584926,False
19,x,25,0.017351250000047003,161.30462207907942,0.06628217525824487,False
19,x,26,0.011432917000092857,3.1925363731494927,0.9815198840595859,False
19,x,27,0.013465249999626394,26.83121091016336,0.8446865343142934,False
19,x,28,0.024303292000240617,1233.7898976275587,-6.141838867062247,False
19,x,29,0.015521166999860725,8.995173994935984,0.947931099633291,False
19,x,30,0.012879124999926717,19.65249903823376,0.8862407758921933,False
19,x,31,0.023383041999750276,402.8181013365328,-1.3317276126294728,False
19,x,33,0.009564790999775141,4.499482398954162,0.973954578214407,False
19,x,34,0.01083825000023353,0.03298628574168788,0.9998090576539466,False
19,x,35,0.007134083999972063,6.386861015163427,0.9630294166581123,False
19,x,36,0.01629220799986797,167.29697765965565,0.03159520134728222,False
19,x,37,0.009598332999757986,2.6149342149132475,0.9848633557084645,False
19,x,38,0.007402165999792487,410.37908194935835,-1.3754946310801968,False
19,x,39,0.019739416999982495,0.07665412978668727,0.9995562847090221,False
19,x,40,0.019636999999875115,2989.5860005271616,-16.30533013444667,False
19,x,41,0.01596541700018861,1235.1085746356785,-6.1494720781363545,False
19,x,42,0.2306099159995938,,,False
19,x,47,0.3057771670000875,,,False
19,x,50,0.33365349999985483,,,False
19,x,51,0.23789450000003853,,,False
19,x,52,0.21422837499994785,,,False
19,x,53,0.2036858339997707,,,False
19,x,54,0.24365891700017528,,,False
19,x,55,0.31826679100004185,,,False
19,x,56,0.3435578749999877,,,False
19,x,57,0.22133120800026518,,,False
19,x,59,0.25736929200002123,,,False
19,y,0,0.028057750000243686,8.160625934170893,0.9889255555489931,False
19,y,1,0.008232667000356741,9.315507064771522,0.9873583146251323,False
19,y,2,0.01901670799998101,712.8792008601208,0.03258142526224539,False
19,y,3,0.016004708999844297,217.88573537387853,0.7043163732133552,False
19,y,4,0.16552387499996257,0.8634075974520669,0.9988283056283069,False
19,y,5,0.031470958000227256,2401.1190018164098,-2.25845826292912,False
19,y,6,0.024026459000197065,0.860917607128833,0.9988316846901266,False
19,y,7,0.010959791999994195,3.5216933383913402,0.9952208571298203,False
19,y,8,0.02060116700022263,138.19440957882637,0.8124621414256882,False
19,y,9,0.02214408400004686,675.1671347608747,0.08375889430907724,False
19,y,10,0.0076888339999641175,5.508651700526133,0.9925244389646664,False
19,y,11,0.0443733339998289,14.978451373725647,0.9796733695382541,False
19,y,19,0.016249416999926325,3.5632603525086804e-13,0.9999999999999996,False
19,y,20,0.01552429100001973,34.39477556476722,0.9533242873194431,False
19,y,21,0.018202542000381072,3.001039058926616,0.9959274152961453,False
19,y,22,0.01260341699980927,2159.1552501162623,-1.9300993663228976,False
19,y,23,0.007685083000069426,60.7568865668582,0.9175493680596994,False
19,y,24,0.016941124999902968,700.2167539330845,0.0497651028671825,False
19,y,25,0.021718958000292332,729.7326169447905,0.009710358539549824,False
19,y,26,0.0860640420000891,43.8326923326182,0.9405164848516032,False
19,y,27,0.013460415999816178,3.5389397131599525,0.995197452795288,False
19,y,28,0.020153333000052953,2415.0119616105803,-2.277311818127179,False
19,y,29,0.016900707999866427,11.016965183968857,0.9850493369096037,False
19,y,30,0.01371816700020645,6.51349845044406,0.9911608034294136,False
19,y,31,0.014377500000136934,79.88374250877774,0.8915931111058979,False
19,y,33,0.009339084000203002,0.8628266070634318,0.9988290940660858,False
19,y,34,0.01018083300004946,0.15403663301011497,0.9997909633219987,False
19,y,35,0.008133375000397791,0.895568970635019,0.9987846607726726,False
19,y,36,0.020917332999943028,712.3015772087217,0.03336529418266965,False
19,y,37,0.01572654199981116,31.30234559487692,0.9575208948096573,False
19,y,38,0.008305332999952952,324.24797027413416,0.5599766287391477,False
19,y,39,0.15639879199989082,18.512832632390182,0.9748770084216559,False
19,y,40,0.015549625000403466,14377.3879983713,-18.5109524714065,False
19,y,41,0.014676040999802353,2475.6215810397944,-2.3595625999887653,False
19,y,42,0.24028158300006908,,,False
19,y,47,0.30749808400014444,,,False
19,y,51,0.2721838749998824,,,False
19,y,52,0.2265633329998309,,,False
19,y,53,0.19648754100035148,,,False
19,y,54,0.2567912500003331,,,False
19,y,55,0.26327120799987824,,,False
19,y,56,0.3369133329997567,,,False
19,y,57,0.20721800000001167,,,False
19,y,58,0.21050600000035047,,,False
19,y,59,0.2672171670001262,,,False
19,z,0,0.027987499999653664,0.9203416162380939,0.9841069281241299,False
19,z,1,0.008120250000047236,0.11533075008236943,0.9980083918099354,False
19,z,2,0.018582582999897568,55.96633737599625,0.033536018743073326,False
19,z,3,0.016553541000121186,19.83001059279506,0.6575621724694184,False
19,z,4,0.014420333000089158,0.20033027243013116,0.9965405634576661,False
19,z,5,0.02362287500000093,234.38901547303053,-3.047585596589597,False
19,z,6,0.018074832999900536,0.21236090282200767,0.9963328105209776,False
19,z,7,0.011303457999929378,0.8084837358093333,0.9860385644884654,False
19,z,8,0.01335483299999396,0.17984892029833358,0.9968942490846142,False
19,z,9,0.021159957999770995,51.78223535006486,0.10578987868033607,False
19,z,10,0.007492166999782057,0.5633853854720952,0.9902710860107337,False
19,z,11,0.04352795900013007,0.7070884404808901,0.9877895259663533,False
19,z,19,0.014731249999840657,0.012109618413438836,0.9997908830455577,False
19,z,20,0.019442625000010594,1.5780437908660658,0.972749289015073,False
19,z,21,0.022181374999945547,0.48033845011796544,0.9917051957905879,False
19,z,22,0.012446250000266446,401.8919318280862,-5.940137494796988,False
19,z,23,0.007347624999965774,2.814537038736322,0.9513967002418341,False
19,z,24,0.019489625000005617,48.99048691223821,0.15399964970328262,False
19,z,25,0.021175041999867972,55.721110035819244,0.03777076774778754,False
19,z,26,0.08603491599978952,1.2954003119129822,0.9776301648192214,False
19,z,27,0.01378999999997177,0.8133422702753653,0.9859546640800544,False
19,z,28,0.018867917000079615,232.28822233924376,-3.0113077018573344,False
19,z,29,0.01739999999972497,1.538818457493131,0.9734266581915307,False
19,z,30,0.012557624999772088,0.8274200256213307,0.9857115600264977,False
19,z,31,0.01662741600011941,110.09789132780587,-0.9012437005802834,False
19,z,33,0.008725249999770313,0.33150538329345336,0.9942753442950278,False
19,z,34,0.009418541999821173,2.8724078304525193e-13,0.999999999999995,False
19,z,35,0.0074967909999941185,0.36037139189683964,0.9937768668368658,False
19,z,36,0.020809833999919647,56.044790554861805,0.03218123700920217,False
19,z,37,0.010084834000281262,30.083915370341355,0.480490916793731,False
19,z,38,0.007119583000076091,263.46260246690804,-3.5496476566230974,False
19,z,39,0.14744904200006204,0.48705298641992956,0.9915892447065802,False
19,z,40,0.013164499999675172,4852.867760047565,-82.80255195868025,False
19,z,41,0.014277792000029876,237.49698813209852,-3.1012561380356214,False
19,z,42,0.23575950000031298,,,False
19,z,47,0.304865707999852,,,False
19,z,50,0.3378651670000181,,,False
19,z,51,0.23891304100015986,,,False
19,z,52,0.20546708400024727,,,False
19,z,53,0.21023462499988455,,,False
19,z,54,0.24085037500026374,,,False
19,z,55,0.2595573339999646,,,False
19,z,56,0.3536382079996656,,,False
19,z,57,0.19777008400023988,,,False
19,z,58,0.19562550000000556,,,False
19,z,59,0.2523976659999789,,,False
20,x,0,0.03408316700006253,166.34224108783016,-0.0008290941556052811,False
20,x,1,0.008532542000011745,48.932288948515634,0.7055897641931783,False
20,x,2,0.014109834000009869,165.20930908260323,0.005987402394615371,False
20,x,3,0.01564329099983297,156.6092977116512,0.05773097356348711,False
20,x,4,0.023117082999760896,0.8976614108392785,0.9945990528275115,False
20,x,5,0.02693249999992986,165.85905798808878,0.002078067013217222,False
20,x,6,0.01841637500001525,1.1136532186577577,0.9932994978620961,False
20,x,7,0.011144167000111338,1.1212165680713282,0.9932539915607932,False
20,x,8,0.012724375000289001,4.39653934244723,0.9735474016777398,False
20,x,9,0.016032540999731282,130.60158235763672,0.21421123996239588,False
20,x,10,0.00849541700017653,55.11643256987014,0.6683817115770038,False
20,x,11,0.04515179200006969,68.24319828103894,0.5894020792840544,False
20,x,19,0.013937624999925902,1.1369539173210765e-12,0.9999999999999931,False
20,x,20,0.015955125000346015,46.979522630744405,0.7173389466746181,False
20,x,21,0.15142729199988025,7.428270464377189,0.9553064263689941,False
20,x,22,0.01942454199979693,946.8024328086333,-4.696613289416088,False
20,x,23,0.007403416999750334,90.61994709046509,0.45476819979183003,False
20,x,24,0.016995167000004585,116.7268182637903,0.2976913439266977,False
20,x,25,0.014777125000364322,161.3547117019112,0.02917930590405271,False
20,x,26,0.014552958000422223,56.344653683712224,0.6609918903460855,False
20,x,27,0.013484583000263228,45.71402022411517,0.7249530777515809,False
20,x,28,0.022390207999706035,152.81747622621543,0.08054517419978091,False
20,x,29,0.017276749999837193,122.67544395388559,0.2619003288366384,False
20,x,30,0.01365229199973328,40.60059549518297,0.755718950605175,False
20,x,31,0.01625620799995886,629.4539334621444,-2.787226899912741,False
20,x,33,0.009405207999861886,1.5964210994242043,0.9903948349356193,False
20,x,34,0.009964750000108324,0.12163233124997788,0.9992681764108211,False
20,x,35,0.007256917000177054,5.631750561543745,0.9661155231758356,False
20,x,36,0.31681499999967855,112.59702449528041,0.3225390177908779,False
20,x,37,0.010399708000022656,6.883568768492094,0.9585837256365317,False
20,x,38,0.007982790999903955,2495.6262256024584,-14.015400287903278,False
20,x,39,0.027373667000119895,51.297968342133025,0.6913562132376725,False
20,x,40,0.015037833000405953,4972.370369052389,-28.917193009544977,False
20,x,41,0.016750084000250354,172.58131094751,-0.03836762072108457,False
20,x,42,0.23258154199993442,,,False
20,x,47,0.3056249999999636,,,False
20,x,50,0.3368610410002475,,,False
20,x,51,0.23430362499993862,,,False
20,x,52,0.20937316600020495,,,False
20,x,53,0.20392645799984166,,,False
20,x,54,0.24311570800000482,,,False
20,x,55,0.3173836669998309,,,False
20,x,56,0.34352874999967753,,,False
20,x,57,0.22621404100027576,,,False
20,x,59,0.2642235839998648,,,False
20,y,0,0.029575874999864027,17.0925389165034,0.978649516121965,False
20,y,1,0.008518583000295621,0.15757378148418555,0.9998031728055373,False
20,y,2,0.017670875000021624,785.6537071680234,0.01863105940257126,False
20,y,3,0.018117207999694074,0.25824878891128883,0.999677418513943,False
20,y,4,0.033578583000235085,3.0878254562224634,0.9961429622630487,False
20,y,5,0.042198584000288974,3591.2366012318726,-3.485854297677106,False
20,y,6,0.020675249999840162,3.132665790085787,0.9960869516943489,False
20,y,7,0.01266787500026112,17.373926894478576,0.9782980312128723,False
20,y,8,0.01163716699966244,1.5605145774416351,0.9980507435735637,False
20,y,9,0.019445375000032072,542.445390505134,0.32242532128963397,False
20,y,10,0.007225166000353056,8.258624855106163,0.9896840581914116,False
20,y,11,0.0432058340002186,17.85093467677866,0.977702195391439,False
20,y,19,0.013191542000186018,1.0305330764118287e-12,0.9999999999999987,False
20,y,20,0.02677583299964681,800.56915899298,-3.4097946688405045e-10,False
20,y,21,0.0195149159999346,4.296719487239436,0.9946329190421108,False
20,y,22,0.010968665999826044,3692.197278252479,-3.611965422394963,False
20,y,23,0.007277583999893977,56.73514879190518,0.9291314833029333,False
20,y,24,0.01742724999985512,617.052912766359,0.2292322205455174,False
20,y,25,0.01766124999994645,777.9386930479034,0.028267970887464244,False
20,y,26,0.01628304099995148,2042.4314667710435,-1.5512242690395488,False
20,y,27,0.01260458299975653,7.877751352396461,0.9901598115958004,False
20,y,28,0.017091791999973793,3527.182796550731,-3.4058439650488097,False
20,y,29,0.017467499999838765,794.1989837011672,0.00795705773754718,False
20,y,30,0.012412250000124914,30.634688732560072,0.9617338634659115,False
20,y,31,0.016881999999895925,31.8000575897173,0.9602781880324229,False
20,y,33,0.009219624999786902,3.1194873879160157,0.9961034129857017,False
20,y,34,0.009650624999721913,0.6590957141111778,0.9991767160813877,False
20,y,35,0.007009124999967753,3.58418337062316,0.9955229559725312,False
20,y,36,0.022257166999679612,714.8304322283949,0.107097213972983,False
20,y,37,0.010359792000144807,22.2233032983853,0.9722406202433312,False
20,y,38,0.007505249999667285,2181.7477606235807,-1.7252458289948205,False
20,y,39,0.14570354099987526,9.816713350528426,0.9877378322114931,False
20,y,40,0.013162374999865278,3079.1665575954416,-2.8462218086424897,False
20,y,41,0.01796833299977152,3605.196817046616,-3.5032921613053576,False
20,y,42,0.2332169160004014,,,False
20,y,47,0.30725220799968156,,,False
20,y,51,0.27187616699984574,,,False
20,y,52,0.2253605000000789,,,False
20,y,53,0.19673833400020158,,,False
20,y,54,0.25820012499980294,,,False
20,y,55,0.26143070799980705,,,False
20,y,56,0.33801241700030005,,,False
20,y,57,0.20825404199968034,,,False
20,y,58,0.20979608400011784,,,False
20,y,59,0.2588255410000784,,,False
20,z,0,0.03110416699973939,13.928572238569547,0.9831845018896812,False
20,z,1,0.008180499999980384,7.4523057607811,0.9910030811994552,False
20,z,2,0.019561708999844996,780.0705138628286,0.058247031562011276,False
20,z,3,0.01762191600028018,294.7380984924718,0.644172578972953,False
20,z,4,0.015377499999885913,2.455670624281569,0.9970353512165571,False
20,z,5,0.04682633299989902,3380.365396519745,-3.0810017684341373,False
20,z,6,0.0148738749999211,2.6477105643188965,0.9968035078378178,False
20,z,7,0.010749958000360493,23.93870750468652,0.9710996013149247,False
20,z,8,0.011868832999880397,5.442089846907607,0.9934299474512215,False
20,z,9,0.019235833000038838,566.2899645454053,0.3163371187222467,False
20,z,10,0.007206750000023021,25.147358931347004,0.9696404369847312,False
20,z,11,0.04252695800005313,45.454347117014386,0.9451244912285117,False
20,z,19,0.013901249999889842,0.6919466307118971,0.9991646360400848,False
20,z,20,0.02292699999998149,67.5695657737676,0.9184255294711713,False
20,z,21,0.01871083300011378,7.079571004587767,0.9914530713693782,False
20,z,22,0.011184167000010348,3433.3516807909314,-3.144970332316637,False
20,z,23,0.007992792000095506,97.63361098929435,0.882130216006785,False
20,z,24,0.013902624999900581,619.7263240563403,0.25182519409796633,False
20,z,25,0.017352959000163537,800.5517191495961,0.03352075934273735,False
20,z,26,0.015464958999928058,3136.8803472974246,-2.787050434804172,False
20,z,27,0.01253912499987564,16.276346200974498,0.9803501131273531,False
20,z,28,0.017365624999911233,3335.30367971072,-3.026600269064974,False
20,z,29,0.01793258300040179,811.6925144118909,0.020070850876038215,False
20,z,30,0.013866666000012629,59.012685825994915,0.9287559636411257,False
20,z,31,0.01739645899988318,64.81876156652532,0.9217464831307756,False
20,z,33,0.008871041000020341,4.130483437125718,0.9950134058795086,False
20,z,34,0.009229708000020764,5.418015165594098e-12,0.9999999999999934,False
20,z,35,0.00764454200043474,4.7728318831482275,0.9942379201444849,False
20,z,36,0.02200425000000905,681.8716660411254,0.17679920702539664,False
20,z,37,0.009678333000010753,39.24055199722614,0.952626197670854,False
20,z,38,0.007490792000226065,1948.1106935473865,-1.3518887022265438,False
20,z,39,0.15184391699995103,32.782516895903434,0.9604227668512869,False
20,z,40,0.013435708000088198,3212.2211542342357,-2.878006864147856,False
20,z,41,0.019358250000095722,3412.149621958751,-3.1193737977888443,False
20,z,42,0.2417677499997808,,,False
20,z,47,0.30432299999984025,,,False
20,z,50,0.3371508749996792,,,False
20,z,51,0.23999329200023567,,,False
20,z,52,0.20853549999992538,,,False
20,z,53,0.20519454199984466,,,False
20,z,54,0.23911637499986682,,,False
20,z,55,0.25861891700014894,,,False
20,z,56,0.34631162499999846,,,False
20,z,57,0.2026981250000972,,,False
20,z,58,0.19446174999984578,,,False
20,z,59,0.25180600000021514,,,False
21,x,0,0.02741408300016701,2392.52817795502,-3.5407038345049093,False
21,x,1,0.00815033399976528,0.00785863134548267,0.9999850853512142,False
21,x,2,0.028958542000054877,0.00022543571222357538,0.9999995721526658,False
21,x,3,0.019361125000159518,0.00022141259398405556,0.9999995797880151,False
21,x,4,0.08010508300003494,2.410253439721672,0.9954256559497546,False
21,x,5,0.0385016249997534,0.00017765259834006422,0.9999996628387319,False
21,x,6,0.1167028750001009,2.4105726547815287,0.9954250501215518,False
21,x,7,0.03538245799973083,3.017438207997995,0.9942732991119255,False
21,x,8,0.011498083000333281,1.3046296558139914,0.9975239844883136,False
21,x,9,0.15087158300002557,31.93379923356679,0.9393938487470166,False
21,x,10,0.008861165999860532,36.27930004798182,0.931146659688736,False
21,x,11,0.04592045900017183,36.223667945658065,0.9312522421026321,False
21,x,19,0.1397423749999689,0.002188575910697394,0.9999958463707465,False
21,x,20,0.027980958000171086,526.9068992845135,-2.2262414134388564e-11,False
21,x,21,0.0220913749999454,526.9068994864342,-4.0548164825793265e-10,False
21,x,22,0.01509024999995745,476.86934328481266,0.09496470070335106,False
21,x,23,0.007196833999842056,0.006596331815344744,0.9999874810297142,False
21,x,24,0.030969958000241604,7.793296239880991,0.9852093486522249,False
21,x,25,0.01755658299998686,526.9068993322664,-1.1289147394677457e-10,False
21,x,26,0.012064666000242141,3.69817524582636,0.9929813497395262,False
21,x,27,0.013826625000092463,36.30715725023229,0.9310937903824337,False
21,x,28,0.022975833999680617,36.32603853901104,0.9310579561794563,False
21,x,29,0.12702591600009328,36.37728643919222,0.9309606944046496,False
21,x,30,0.01578349999999773,36.33493943432675,0.9310410634507256,False
21,x,31,0.01679170899978999,36.33737428396332,0.9310364424263284,False
21,x,33,0.010864667000078043,3.732510418138779,0.99291618609798,False
21,x,34,0.010016083000209619,1.3830104744747755e-07,0.9999999997375228,False
21,x,35,0.00899249999974927,3.732963961559595,0.9929153253322139,False
21,x,36,0.03356391699981032,0.00022505140283881012,0.9999995728820344,False
21,x,37,0.009848250000231928,0.006175934034619336,0.9999882788894146,False
21,x,38,0.006876124999962485,0.008160321777071655,0.999984512782451,False
21,x,39,0.03586570900006336,0.00017839863961981127,0.9999996614228437,False
21,x,40,0.017552083000282437,1241.736738928334,-1.3566530266393029,False
21,x,41,0.012862292000136222,1.0050084211990908,0.9980926261876887,False
21,x,42,0.7050108329999603,0.00014860025307279369,0.9999997179762624,False
21,x,47,0.6523916659998577,1.1796485492030701e-12,0.9999999999999978,False
21,x,50,10.25312895900015,2.0111943292016004,0.9961830176602785,False
21,x,51,4.435090915999808,0.002399658765392148,0.9999954457632483,False
21,x,52,5.975847958000031,0.00017242962556614596,0.9999996727512473,False
21,x,53,5.144534417000159,6.102431085158337e-06,0.9999999884183883,False
21,x,54,9.744818749999922,9.055827704957244e-08,0.9999999998281323,False
21,x,55,9.439791375000368,1.6285094676759666e-07,0.9999999996909303,False
21,x,56,10.43119866699999,11.098394951356681,0.9789367059594887,False
21,x,57,5.723380790999727,6.109253995292466e-05,0.9999998840543936,False
21,x,59,3.33453099999997,6.971575171293624e-10,0.9999999999986768,False
21,y,0,0.04916970799968112,4.7325142411253776,0.9853941423059976,False
21,y,1,0.009822875000281783,0.01327981564990767,0.9999590147883973,False
21,y,2,0.16893420799988235,0.013145936297092424,0.9999594279773865,False
21,y,3,0.15205620799997632,0.013244876233621443,0.9999591226211721,False
21,y,4,0.11175712500016743,1.332427341711532,0.9958877579339288,False
21,y,5,0.16403175000004921,0.01322454917045417,0.9999591853561532,False
21,y,6,0.13718266700016102,1.3326005812198594,0.9958872232685319,False
21,y,7,0.010731958000178565,1.7098704891407377,0.9947228632039732,False
21,y,8,0.01941712500001813,37.62108082651441,0.8838908612103904,False
21,y,9,0.16324858300004053,20.22567261261104,0.937577938302193,False
21,y,10,0.008050582999658218,20.654901897354677,0.9362532171219409,False
21,y,11,0.045915833999970346,20.621895895697662,0.9363550828403916,False
21,y,19,0.12867150000010952,0.016219873848244436,0.9999499409495309,False
21,y,20,0.015717125000264787,0.0009169481384788649,0.9999971700425311,False
21,y,21,0.026210874999833322,2.5619628120587037,0.9920930688543776,False
21,y,22,0.016689709000274888,365.4793266366363,-0.1279710451933318,False
21,y,23,0.008823874999961845,0.014658958380236127,0.9999547583696244,False
21,y,24,0.019015500000023167,324.0148124326061,-2.986944025451521e-12,False
21,y,25,0.035682083000210696,4.476463394954884,0.9861843865675143,False
21,y,26,0.06740920799984451,2.0180103776464455,0.9937718576428594,False
21,y,27,0.013691041999663867,20.671429888079164,0.9362022071369329,False
21,y,28,0.01795433300003424,20.682716217989274,0.936167374377821,False
21,y,29,0.1213994590002585,20.712620691773868,0.9360750808386455,False
21,y,30,0.047759749999841006,20.68774087534967,0.9361518668850534,False
21,y,31,0.0221748750000188,285.0298901846275,0.12031833345654808,False
21,y,33,0.010595624999950815,2.029575394507802,0.9937361647781581,False
21,y,34,0.009973375000299711,8.490655996662522e-08,0.9999999997379547,False
21,y,35,0.009818208000069717,2.029770058588115,0.9937355639905618,False
21,y,36,0.16404412499969112,0.013519445596635694,0.9999582752236073,False
21,y,37,0.015684917000271525,0.011364630316629855,0.9999649255840147,False
21,y,38,0.00765224999986458,0.013230799526045176,0.9999591660658143,False
21,y,39,0.14058650000015405,0.014081948454890253,0.9999565391830416,False
21,y,40,0.016345708000244485,1600.4918960501132,-3.9395639786924654,False
21,y,41,0.017515167000055953,0.3619097311721511,0.9988830457211011,False
21,y,42,0.966104207999706,0.00015701474150287247,0.9999995154087545,False
21,y,47,0.6457240830000046,5.824277394162095e-13,0.9999999999999982,False
21,y,51,7.601313000000118,15.367873510726625,0.9525704599879397,False
21,y,52,5.779391332999694,2.5825391483937343e-06,0.9999999920295646,False
21,y,53,4.771375208999871,0.00011926326689438796,0.9999996319203249,False
21,y,54,8.412696500000038,0.0007496987640928849,0.9999976862207056,False
21,y,55,8.763072459000341,2.478203934989409e-10,0.9999999999992352,False
21,y,56,9.357777916000032,10.087163481707485,0.9688682026417057,False
21,y,57,5.17581329099994,4.1831048114543044e-10,0.999999999998709,False
21,y,58,5.8659979579997525,2.4786168228439984e-05,0.9999999235029781,False
21,y,59,8.403199542000038,1.2695815501365664e-10,0.9999999999996082,False
21,z,0,0.024069957999927283,43.036823606008184,-3.4999157599468935,False
21,z,1,0.008856417000060901,2.1136140132647103e-08,0.9999999977900124,False
21,z,2,0.16162933399982649,1.525434255103206e-07,0.9999999840501109,False
21,z,3,0.1650603329999285,1.0473887395859356e-07,0.9999999890485387,False
21,z,4,0.15992366700038474,0.06467929599105846,0.9932371546274664,False
21,z,5,0.17842520800013517,1.6427431116519162e-07,0.9999999828235334,False
21,z,6,0.1513740410000537,0.061422297698062775,0.9935777052703983,False
21,z,7,0.017832582999744773,0.05314717863021237,0.9944429489289396,False
21,z,8,0.023554999999760184,1.062861840125022,0.8888675244992514,False
21,z,9,0.11737300000004325,0.1712469584897315,0.9820944757818202,False
21,z,10,0.009059250000063912,0.6397051899842492,0.9331126411074615,False
21,z,11,0.04773379099970043,0.6387089314999193,0.9332168095585456,False
21,z,19,0.012631916999907844,2.5023844348112707e-09,0.9999999997383515,False
21,z,20,0.015498791000027268,0.00020872503294932715,0.9999781757809577,False
21,z,21,0.03671608299964646,0.07727248696250068,0.991920414827169,False
21,z,22,0.016973624999991443,17.72142112231654,-0.8529458151236589,False
21,z,23,0.007545749999735563,1.3518331792221948e-06,0.9999998586527787,False
21,z,24,0.021625207999932172,9.563917615812226,-5.087930077252167e-12,False
21,z,25,0.018429707999985112,9.563917616002755,-2.5009327941916126e-11,False
21,z,26,0.06478699999979654,0.06424013756810303,0.9932830728840428,False
21,z,27,0.013509625000097003,0.6402040625975064,0.9330604791552888,False
21,z,28,0.017850000000180444,0.6405431541966635,0.9330250238520563,False
21,z,29,0.08871554200004539,0.6414472484065208,0.9329304920664241,False
21,z,30,0.03309229099977529,0.6407016066891181,0.9330084561128912,False
21,z,31,0.025337790999856225,3.9022906562072683,0.5919778052274954,False
21,z,33,0.008910167000067304,0.06474477173259782,0.993230308506016,False
21,z,34,0.010113042000284622,7.174476644668107e-14,0.9999999999999925,False
21,z,35,0.008211290999952325,0.06475202320949519,0.9932295502940376,False
21,z,36,0.16356020800003535,4.1218107814199604e-07,0.9999999569024854,False
21,z,37,0.015414749999763444,0.00011156021707474644,0.9999883353013319,False
21,z,38,0.0076737919998777215,3.973649329024259e-07,0.9999999584516567,False
21,z,39,0.16958258300019224,2.506794008448485e-07,0.9999999737890464,False
21,z,40,0.013344499999675463,1486.9461618614057,-154.47458913809248,False
21,z,41,0.013450250000005326,0.015126822370065858,0.9984183445552549,False
21,z,42,0.8463714999998047,0.00015240929609587666,0.9999840641354077,False
21,z,47,14.464407542000117,2.6828579050493983e-11,0.9999999999971948,False
21,z,50,11.782419708000361,1.057923233652519e-07,0.9999999889383904,False
21,z,51,6.922692582999844,1.4850365007682377e-06,0.9999998447250844,False
21,z,52,5.960536415999741,0.00015806175455804607,0.9999834731162576,False
21,z,53,3.028760707999936,12.658473491277983,-0.3235657185517642,False
21,z,54,3.5117542500001946,5.958849974641229e-12,0.9999999999993769,False
21,z,55,9.287711833999765,1.5920926484936825e-07,0.999999983353133,False
21,z,56,11.033971999999721,3.2935696134486194e-08,0.9999999965562547,False
21,z,57,5.02047845900006,0.00038103596892550537,0.9999601590076124,False
21,z,58,5.2634749590001775,0.005536007568876246,0.9994211569158906,False
21,z,59,9.268487583000024,0.01530110921969491,0.9984001211810446,False
22,x,0,0.02905229199996029,11.05145994861112,0.9515778835328678,False
22,x,1,0.00828720900017288,36.591100595177785,0.8396756136366472,False
22,x,2,0.013859124999726191,226.9361838002419,0.005676139290282212,False
22,x,3,0.021556124999733584,206.60530382327894,0.09475615611172572,False
22,x,4,0.020384458000080485,189.19601559416503,0.17103518043610633,False
22,x,5,0.02053058299998156,1712.3498915256268,-6.5026834703731025,False
22,x,6,0.019104540999705932,3.8879165507464837,0.9829650427264683,False
22,x,7,0.010910833999787428,54.46759913860785,0.761349501202672,False
22,x,8,0.02259333299980426,62.643651951547476,0.7255260187496283,False
22,x,9,0.02162220799982606,196.02925085310073,0.14109527067811256,False
22,x,10,0.007528167000145913,5.45279101419822,0.9761085247751705,False
22,x,11,0.04394700000011653,3.701068269560627,0.9837837209169822,False
22,x,19,0.012367083000299317,9.813963768678989e-12,0.999999999999957,False
22,x,20,0.015670415999920806,16.386546932579282,0.9282021300576491,False
22,x,21,0.018573917000139772,16.502026939893685,0.9276961528935636,False
22,x,22,0.01656954100008079,4041.4321580317305,-16.70758791690861,False
22,x,23,0.007798375000220403,6.532625060108971,0.9713772177642053,False
22,x,24,0.01913525000009031,167.2945737648668,0.2669966345777083,False
22,x,25,0.016339583999979368,225.94027367314735,0.010039732552096114,False
22,x,26,0.016222541999923124,1400.2880347186092,-5.135380358791185,False
22,x,27,0.01181516599990573,8.62050590196216,0.9622291405179574,False
22,x,28,0.02077454200025386,1702.824544399006,-6.460948037217679,False
22,x,29,0.01585845799991148,219.66983965065432,0.03751372132357855,False
22,x,30,0.014890416000071127,19.006551191582513,0.9167225470918002,False
22,x,31,0.014870874999814987,918.1983802229198,-3.023098225377356,False
22,x,33,0.008916708000015205,8.457770199737,0.9629421691280369,False
22,x,34,0.009849041000052239,0.6575104884116089,0.9971191091859108,False
22,x,35,0.0075641250000444415,7.263208561107752,0.968176156588684,False
22,x,36,0.017781249999643478,190.4487839203539,0.16554615961178742,False
22,x,37,0.015861959000176284,379.36840020902827,-0.6622076127760643,False
22,x,38,0.007731583999884606,20971.323961169066,-90.8861305238958,False
22,x,39,0.030326957999932347,1.5787917056680822,0.9930825034697058,False
22,x,40,0.013777624999875115,8504.23439877034,-36.26141436840666,False
22,x,41,0.01747916600015742,1703.2679337924294,-6.462890753650482,False
22,x,42,0.2316167500002848,,,False
22,x,51,0.2406638750003367,,,False
22,x,52,0.21046687499983818,,,False
22,x,53,0.20169604199963942,,,False
22,x,57,0.22189125000022614,,,False
22,y,0,0.033249125000111235,12.914331597873504,0.9839841971408054,False
22,y,1,0.007988290999946912,129.13106586908268,0.8398571634712061,False
22,y,2,0.019498916999964422,790.5007334693015,0.01965472921744371,False
22,y,3,0.021782458000416227,733.8781882296871,0.089875593152269,False
22,y,4,0.01644750000014028,0.33601407539632605,0.9995832896848995,False
22,y,5,0.06510954199984553,1821.9844735634395,-1.2595473811366498,False
22,y,6,0.01858475000017279,0.435867558279503,0.9994594556572117,False
22,y,7,0.011735458000202925,11.612935055194294,0.9855981335889465,False
22,y,8,0.011891666000337864,18.55985252659792,0.9769828630379398,False
22,y,9,0.021608957999887934,749.5881278552728,0.07039279653469865,False
22,y,10,0.007123290999970777,347.8368438978719,0.5686275920040607,False
22,y,11,0.04322412500005157,358.3949693243474,0.5555338554748759,False
22,y,19,0.015955249999933585,3.441079846414451e-12,0.9999999999999958,False
22,y,20,0.0180950839999241,222.8974139389483,0.7235721405776585,False
22,y,21,0.01850545900015277,0.08034691859211819,0.9999003571807985,False
22,y,22,0.014674375000140572,3433.4449935356147,-3.258011940270263,False
22,y,23,0.006993374999638036,402.9459571149703,0.5002836218697166,False
22,y,24,0.01945129099976839,692.0954982477016,0.14169270196713846,False
22,y,25,0.01459104200012007,798.811345674545,0.009348262660528128,False
22,y,26,0.015912749999642983,727.2481053136562,0.0980979390103186,False
22,y,27,0.012367833000098472,346.0335322235026,0.5708639821765988,False
22,y,28,0.02220983300003354,1615.7040798510413,-1.003727240978658,False
22,y,29,0.018749875000139582,804.7492540331723,0.0019843221463016203,False
22,y,30,0.013335124999684922,409.00081976282854,0.49277463963763846,False
22,y,31,0.01596412499975486,165.06212347011606,0.7952969993853409,False
22,y,33,0.008876041999883455,2.3746842014533107,0.9970550180057648,False
22,y,34,0.009424833000139188,4.417205866149556,0.9945219698127948,False
22,y,35,0.007839791999685986,10.070793208516237,0.9875106320880076,False
22,y,36,0.018091833000198676,733.0334631921043,0.09092318509069919,False
22,y,37,0.010515667000163376,127.55148176385462,0.8418160962612712,False
22,y,38,0.007497708999835595,22911.898728548374,-27.41435891476443,False
22,y,39,0.14881324999987555,365.1348278993044,0.5471753705298915,False
22,y,40,0.015394125000057102,6453.969463305507,-7.003937470568202,False
22,y,41,0.014879000000291853,1817.3547783239594,-1.253805830697766,False
22,y,42,0.23194483299994317,,,False
22,y,51,0.2719610420003846,,,False
22,y,52,0.22756687500032058,,,False
22,y,53,0.19575354199969297,,,False
22,y,57,0.2082545830003255,,,False
22,y,58,0.20995324999967124,,,False
22,z,0,0.02887487499992858,0.3944638964447364,0.9798291751270081,False
22,z,1,0.008794124999894848,1.5987335304630932,0.9182491113833304,False
22,z,2,0.016678334000062023,8.31233936752876,0.5749503486162802,False
22,z,3,0.018746124999779568,17.28703956916819,0.11603102117857711,False
22,z,4,0.01602208399981464,0.0481719643219892,0.9975367371643276,False
22,z,5,0.03933695900013845,73.46943489653101,-2.7568434479610833,False
22,z,6,0.016504541999893263,0.0575157166905011,0.997058946435238,False
22,z,7,0.01204870799983837,2.2369379701038015,0.8856146672651672,False
22,z,8,0.012027875000057975,0.34933427327067973,0.9821368685150025,False
22,z,9,0.020827541000016936,17.46262570228675,0.10705246275236524,False
22,z,10,0.007457916000021214,6.3329399441579435,0.6761665042197816,False
22,z,11,0.04376937500001077,6.360190691180153,0.6747730432445256,False
22,z,19,0.014751165999769,0.10453189271774636,0.9946547845806532,False
22,z,20,0.016277624999929685,3.9443281687500633,0.7983076437399318,False
22,z,21,0.01940091599999505,0.18905707636121602,0.990332607844084,False
22,z,22,0.0149909579999985,2128.8673092557215,-107.85916318288616,False
22,z,23,0.008033958000396524,7.106865780206772,0.6365919762482166,False
22,z,24,0.02174749999994674,16.47604732908537,0.1575009315949737,False
22,z,25,0.017809542000122747,19.308515649510518,0.012663284944598008,False
22,z,26,0.01678787499986356,31.020653088570615,-0.5862342955461186,False
22,z,27,0.013124749999860796,6.473152504189578,0.6689967656990139,False
22,z,28,0.018639832999724604,72.83347155760187,-2.7243236020365282,False
22,z,29,0.01696341700017001,0.6087589526050569,0.9688712444065641,False
22,z,30,0.013260124999760592,10.32981461895386,0.4717871938919487,False
22,z,31,0.017760249999810185,708.3926779752146,-35.22350429920688,False
22,z,33,0.009558666999964771,0.07868410388337425,0.9959765055965212,False
22,z,34,0.009647708000102284,1.1555743066012901e-13,0.9999999999999941,False
22,z,35,0.007720999999946798,0.1019801350421563,0.9947852681500153,False
22,z,36,0.019260708000274462,17.731701035991943,0.09329335454822663,False
22,z,37,0.010175249999974767,83.46892823912869,-3.2681653480134605,False
22,z,38,0.007746125000267057,23862.752981741523,-1219.216642689903,False
22,z,39,0.15732791700020243,6.512048872654437,0.6670078084241623,False
22,z,40,0.011281750000307511,4378.513945461732,-222.8943507729475,False
22,z,41,0.01285929200003011,73.82214772939186,-2.774879341350099,False
22,z,42,0.2367225830003008,,,False
22,z,51,0.23925662500005274,,,False
22,z,52,0.20255700000006982,,,False
22,z,53,0.2024980000001051,,,False
22,z,57,0.18174391599995943,,,False
22,z,58,0.1853264159999526,,,False
23,x,0,0.02931366600023466,8.237738734771682,0.9765099957735284,False
23,x,1,0.008243249999850377,3.2487174265477723,0.9907362458877091,False
23,x,2,0.01525516699985019,330.29148499007897,0.058170132825950405,False
23,x,3,0.01631512499989185,138.48470591170158,0.6051093107096812,False
23,x,4,0.01511954199986576,3.2073888932646617,0.9908540946630529,False
23,x,5,0.021970499999952153,0.02578806176596139,0.9999264650531683,False
23,x,6,0.01457933400024558,3.3214590386690546,0.9905288223663783,False
23,x,7,0.012476917000185495,5.199677582654932,0.985173061160911,False
23,x,8,0.01293675000033545,1.9154109414291536,0.9945381842568417,False
23,x,9,0.017916208000315237,50.33860718811951,0.8564588980453512,False
23,x,10,0.007859584000016184,23.73857358207222,0.9323091916693642,False
23,x,11,0.04231429199990089,16.039605002439373,0.9542628867667434,False
23,x,19,0.013546499999847583,2.2906158857352665e-12,0.9999999999999934,False
23,x,20,0.01713312500032771,0.8111748721569908,0.9976869257706674,False
23,x,21,0.022719707999840466,350.69124139842864,-9.546283763484098e-10,False
23,x,22,0.015821459000108007,1373.489753083447,-2.9165214075995847,False
23,x,23,0.006883250000100816,0.026027147874246075,0.9999257832964539,False
23,x,24,0.018512749999899825,339.8390375933755,0.030945179689571112,False
23,x,25,0.017277875000218046,346.3641374079116,0.01233878451772319,False
23,x,26,0.010987041000134923,4.540430702270687,0.9870529110208184,False
23,x,27,0.01212245900023845,29.385631536270477,0.916206542692245,False
23,x,28,0.018016875000284927,1235.4357150909752,-2.5228587727024228,False
23,x,29,0.01500087500016889,12.83407342923582,0.9634034959347431,False
23,x,30,0.012929249999615422,28.858748515050024,0.9177089555258886,False
23,x,31,0.017061167000065325,0.8141243839517368,0.9976785152047639,False
23,x,33,0.009310500000083266,5.165049514598082,0.985271803484648,False
23,x,34,0.009900250000100641,0.015558470833842668,0.999955634846235,False
23,x,35,0.007183125000210566,5.787392658351124,0.9834971850428944,False
23,x,36,0.01744983399976263,328.3705493078178,0.0636477024294424,False
23,x,37,0.009621167000204878,1.4905427459668192,0.9957497006727456,False
23,x,38,0.0069900419998703,54.48711149538303,0.8446293915692811,False
23,x,39,0.02037654100013242,0.007743993186372086,0.9999779179167324,False
23,x,40,0.012430958999630093,1238.5022464670647,-2.531603021252198,False
23,x,41,0.012606249999862484,485.6648580442165,-0.3848787798953621,False
23,x,42,7.339440332999857,2246630.0376836862,-6405.290704237845,False
23,x,51,0.5283608750000894,40.71360814448469,0.8839046905733943,False
23,x,52,2.463479500000176,123.85974765493755,0.6468125429101961,False
23,x,53,6.050688541999989,11461.281843323244,-31.681973489161294,False
23,x,57,5.621219042000121,6.691837556477354,0.980918150290321,False
23,y,0,0.02363570899979095,4.436731798375399,0.9903302546828909,False
23,y,1,0.008679333000145562,5.328360286200359,0.9883869728289137,False
23,y,2,0.015388667000024725,458.342861195151,0.0010532668900392617,False
23,y,3,0.0169624160002968,131.60005430009872,0.7131809929855015,False
23,y,4,0.16444812500003536,0.6190112786371015,0.9986508804938287,False
23,y,5,0.15388450000000375,3.5828797595116946,0.9921912037168915,False
23,y,6,0.09458254199989824,0.6147831613239827,0.9986600955691244,False
23,y,7,0.011876999999913096,1.42119923700652,0.996902532023289,False
23,y,8,0.01708254200002557,90.3261475946503,0.8031364341122225,False
23,y,9,0.019036209000205417,51.67953421203871,0.8873657555500142,False
23,y,10,0.007586749999973108,2.600715729221188,0.9943318055076088,False
23,y,11,0.04402504099971338,2.214096834494443,0.9951744316605258,False
23,y,19,0.016944458999660128,8.239555197459903e-13,0.9999999999999982,False
23,y,20,0.01643762499998047,8.873296984305803,0.9806608724934134,False
23,y,21,0.019053832999816223,1.9643619539079407,0.9957187225489122,False
23,y,22,0.015517458999966038,255.88759652153848,0.44229942204834505,False
23,y,23,0.007426041999679001,20.29564149642164,0.9557661600393311,False
23,y,24,0.014904999999998836,410.6783855334752,0.10493679225677754,False
23,y,25,0.01568704200008142,429.51870520983454,0.0638747895839944,False
23,y,26,0.088507916999788,14.761530967285749,0.9678276146877891,False
23,y,27,0.012948166000114725,4.165035355220698,0.990922410244296,False
23,y,28,0.018467125000370288,1111.17443505359,-1.4217767217268307,False
23,y,29,0.014821582999957172,6.478015937881547,0.9858813272638149,False
23,y,30,0.013735834000272007,4.675725628364019,0.9898093736440152,False
23,y,31,0.019417417000113346,7.3043797045806,0.9840802882273348,False
23,y,33,0.009435417000076995,0.6195658658351626,0.9986496717849851,False
23,y,34,0.00998545800030115,0.020534224108002316,0.9999552461752407,False
23,y,35,0.00720416700005444,0.6155170148718608,0.998658496153782,False
23,y,36,0.022993583000243234,425.7402481557217,0.07210984165955292,False
23,y,37,0.015490707999560982,2.342339741624007,0.9948949294712967,False
23,y,38,0.007587166000121215,49.98030983526123,0.8910691723231621,False
23,y,39,0.15026412499992148,7.4997498891708005,0.9836544838259429,False
23,y,40,0.011624249999840686,15633.342662607829,-33.07247696556004,False
23,y,41,0.012652582999635342,492.8822600896901,-0.07422448391710268,False
23,y,42,7.315073375000338,2376264.8412485193,-5178.009429708506,False
23,y,51,8.452807582999867,2039.84563503498,-3.4457922347768486,False
23,y,52,0.4359175419999701,34.39438793660004,0.9250382969269059,False
23,y,53,5.071135166999738,690.4156828915451,-0.5047436085597521,False
23,y,57,5.915374250000241,7.779583110030011,0.9830445943622692,False
23,y,58,1.731837958000142,3094.716170096292,-5.744856023194392,False
23,z,0,0.0292762090002725,31.716242513662454,0.9847306778113899,False
23,z,1,0.007788375000018277,0.8306207966203597,0.9996001097370001,False
23,z,2,0.01859708399979354,2006.6748611288888,0.033915667369413094,False
23,z,3,0.01675995799996599,701.856754805785,0.6621013061441523,False
23,z,4,0.016056666000167752,8.81758552515097,0.9957549021057222,False
23,z,5,0.1684442499999932,3.783422414858632e-05,0.9999999817852648,False
23,z,6,0.016585333999955765,9.164905260365675,0.9955876900869223,False
23,z,7,0.011388709000129893,19.14814928056423,0.9907814029182496,False
23,z,8,0.012187374999939493,4.3322361851203235,0.9979143081000449,False
23,z,9,0.019179832999725477,268.9284466130586,0.8705283232952856,False
23,z,10,0.007158667000112473,48.78708642254983,0.9765121690910082,False
23,z,11,0.0434918750001998,28.035030949118184,0.9865029434068258,False
23,z,19,0.01311962499994479,0.09334141693146632,0.9999550621367568,False
23,z,20,0.017154083000150422,9.190921703738715,0.9955751648498645,False
23,z,21,0.02800116700018407,2077.1218359405552,-7.665224011077498e-10,False
23,z,22,0.014723332999892591,7116.218922378561,-2.4259997679004526,False
23,z,23,0.007035875000383385,31.766182381661974,0.9847066349906108,False
23,z,24,0.01597020799999882,1940.6485657028863,0.0657030639169609,False
23,z,25,0.016495957999723032,2008.4561033891569,0.03305811427319483,False
23,z,26,0.08650200000010955,16.166893519890614,0.9922166850049207,False
23,z,27,0.013184084000386065,67.32455175097938,0.967587576887564,False
23,z,28,0.017816665999816905,6193.679700002507,-1.9818567199961588,False
23,z,29,0.015653417000066838,54.55875446613055,0.9737334837254522,False
23,z,30,0.012789249999968888,68.79525367123902,0.9668795289069693,False
23,z,31,0.01828920800016931,87.35302499201508,0.9579451606797932,False
23,z,33,0.00946075000001656,14.124521073692861,0.9931999554190215,False
23,z,34,0.009883665999950608,5.460641686767224e-11,0.9999999999999737,False
23,z,35,0.0074180000001433655,14.731236740910866,0.9929078610135875,False
23,z,36,0.019709416999830864,1931.388070799853,0.0701613940687591,False
23,z,37,0.009491416999935609,11.034916734458543,0.9946874003479337,False
23,z,38,0.007013708000158658,27.249308757724407,0.9868812178914519,False
23,z,39,0.16571683299980577,3.41274569802666,0.9983569833788314,False
23,z,40,0.012622415999885561,944.7381471306826,0.5451696036756302,False
23,z,41,0.014249041999846668,2603.5892594594548,-0.25346006016840916,False
23,z,42,7.318491416999677,2166579.492670948,-1042.0680843286293,False
23,z,51,6.690286333999666,38.37828563924765,0.9815233343540066,False
23,z,52,0.7317552079998677,299.9342341521604,0.8556010392879763,False
23,z,53,1.4229026660000272,1351.0980541241738,0.3495335556240874,False
23,z,57,5.728343708000011,10.31059065719482,0.9950361165692385,False
23,z,58,6.011647332999928,0.1289824889086382,0.9999379032626898,False
24,x,0,0.0251760840001225,3606.2812525289987,-3.4546480287677888,False
24,x,1,0.008783082999798353,0.015534517147951449,0.9999808110345962,False
24,x,2,0.15388854200000424,0.012325922282419362,0.9999847744417162,False
24,x,3,0.16590612499976487,0.012217393546517881,0.9999849085015096,False
24,x,4,0.14716674999999668,5.087211581560365,0.9937160372536583,False
24,x,5,0.1659532499998022,0.012113452176304274,0.9999850368947732,False
24,x,6,0.027467750000141677,3.3986534571486486,0.9958018235785867,False
24,x,7,0.026998291999916546,4.377314508649624,0.9945929354695843,False
24,x,8,0.019437833000210958,92.54029779511336,0.8856898765548316,False
24,x,9,0.038572041999941575,13.997395444970032,0.9827097595388345,False
24,x,10,0.00776320900013161,51.21097120254271,0.9367418024429705,False
24,x,11,0.04396308300010787,50.287482680714255,0.9378825388512768,False
24,x,19,0.012907332999930077,3.496495811107726e-13,0.9999999999999996,False
24,x,20,0.016426500000306987,0.06848021684644645,0.9999154100189023,False
24,x,21,0.029697082999973645,6.4346750122535,0.9920515871192811,False
24,x,22,0.017105082999933074,1039.6519703774402,-0.2842269573951315,False
24,x,23,0.007478583000192884,0.05315122555552114,0.9999343451091116,False
24,x,24,0.01883724999970582,809.5547010718014,-2.163460521842353e-10,False
24,x,25,0.024698582999917562,11.351447329350702,0.9859781589597616,False
24,x,26,0.012320082999849546,5.141085479165825,0.9936494896843022,False
24,x,27,0.013937250000253698,51.680733126396554,0.9361615304448787,False
24,x,28,0.01816754099991158,50.471882381355925,0.9376547596778159,False
24,x,29,0.13173199999982899,52.76318706633108,0.9348244324838199,False
24,x,30,0.02285249999977168,52.13629876851,0.9355987943609441,False
24,x,31,0.022293874999832042,605.6926676476706,0.2518199610516628,False
24,x,33,0.009233165999830817,5.180098942613505,0.9936012984213716,False
24,x,34,0.011001792000115529,2.8178683430160633e-05,0.9999999651923663,False
24,x,35,0.008160041999872192,5.186175681741778,0.9935937921477108,False
24,x,36,0.14871420800000124,0.020090524770494285,0.9999751832399364,False
24,x,37,0.014472666000074241,0.0017865750246587834,0.9999977931385949,False
24,x,38,0.0075385000000096625,0.017872665812506,0.9999779228435179,False
24,x,39,0.14284179099968242,0.02107011669203976,0.999973973201973,False
24,x,40,0.01481970899976659,1680.4340956502137,-1.0757511429295397,False
24,x,41,0.015494499999931577,6.8775158705031085,0.9915045692861945,False
24,x,42,6.673758374999579,0.003583849169892791,0.9999955730611336,False
24,x,47,2.1057078750000073,0.009462692875664846,0.999988311237196,False
24,x,50,10.212588750000123,73.76524576966708,0.9088817028818864,False
24,x,51,6.369596000000001,0.0003219289825929967,0.9999996023381963,False
24,x,52,6.631252584000322,6.808584297869882e-05,0.9999999158971681,False
24,x,53,5.771501583999907,2.540137661511605e-06,0.9999999968623027,False
24,x,54,9.325220291000278,5.8409435454560105e-06,0.9999999927849921,False
24,x,55,9.40043570800026,1.2955310671934594e-06,0.9999999983996991,False
24,x,56,2.918591790999926,67.96844449278179,0.9160421841569194,False
24,x,57,5.617210082999918,1.4229986486130106e-05,0.9999999824224521,False
24,x,59,9.572901250000086,1.4450928373125718e-07,0.9999999998214953,False
24,y,0,0.026608500000293134,222.6755320587894,-4.293588233019778,False
24,y,1,0.008048416999827168,0.2283562228111201,0.9945713666749401,False
24,y,2,0.015159500000208936,0.005672566001692977,0.9998651480548404,False
24,y,3,0.013579582999682316,0.0037311972566687153,0.9999112995410391,False
24,y,4,0.04707358300038322,0.3421289119344113,0.9918666879757866,False
24,y,5,0.0219481670001187,0.004196577237737432,0.9999002362240734,False
24,y,6,0.13557912499982194,0.5902260489686396,0.9859687607401012,False
24,y,7,0.021502917000361776,0.3909490601957535,0.990706103514705,False
24,y,8,0.015836250000120344,0.22443682269920762,0.994664541215138,False
24,y,9,0.023945999999796186,1.2136577735018697,0.9711481344657737,False
24,y,10,0.007295500000054744,4.478192914976685,0.8935414722006615,False
24,y,11,0.0431617079998432,4.41722004608155,0.8949909590766221,False
24,y,19,0.022416416999931243,7.285168433185807e-12,0.9999999999998268,False
24,y,20,0.025142749999758962,42.065140366170255,-1.749067557454964e-11,False
24,y,21,0.021082665999983874,42.065140369491566,-9.64472945952366e-11,False
24,y,22,0.01518520899981013,7.397439033964428,0.8241432461724767,False
24,y,23,0.007062541999857785,0.2060335633325362,0.9951020355205604,False
24,y,24,0.021362792000218178,42.06514036863241,-7.602274365581252e-11,False
24,y,25,0.019632000000001426,0.9261464081527694,0.9779830424882215,False
24,y,26,0.011368790999767953,0.5629463093517485,0.9866172725334745,False
24,y,27,0.012681499999871448,4.5091324975821445,0.8928059562286077,False
24,y,28,0.019282750000002125,4.416332884183227,0.8950120492688955,False
24,y,29,0.12545420800006468,4.580493661116521,0.8911095120252974,False
24,y,30,0.013538208999761991,4.53893645740355,0.892097437023335,False
24,y,31,0.01388683300001503,4.56411544046581,0.8914988657873062,False
24,y,33,0.010128791999704845,0.5905591647199556,0.9859608416948199,False
24,y,34,0.010022124999977677,1.459774029201068e-06,0.9999999652972981,False
24,y,35,0.00731458299969745,0.5922901173357783,0.9859196923583198,False
24,y,36,0.014976582999679522,0.005550305267421745,0.9998680545168944,False
24,y,37,0.009401916000115307,0.12556829314685097,0.997014908495348,False
24,y,38,0.007002165999892895,0.2556527820352834,0.9939224550348735,False
24,y,39,0.039852500000051805,0.004109669932128395,0.9999023022413231,False
24,y,40,0.013140624999778083,1393.9975364328766,-32.13902020349238,False
24,y,41,0.013858667000022251,1.203436880013327,0.9713911122235976,False
24,y,42,5.880596125000011,2.5856943342699965e-06,0.999999938531185,False
24,y,47,14.134243333000086,3.5132382452688913e-09,0.999999999916481,False
24,y,51,8.40055754199966,144.80655633840863,-2.4424360665487796,False
24,y,52,6.700323207999645,2.00944446032124e-05,0.9999995223017342,False
24,y,53,5.698301791999711,0.0008734717525186122,0.9999792352588169,False
24,y,54,9.288835916999687,0.0002266699848956463,0.9999946114530244,False
24,y,55,9.880155166999884,9.890520451917335e-07,0.9999999764876086,False
24,y,56,11.091234375000113,28.428991582695385,0.3241674380324693,False
24,y,57,5.990128042000379,5.874329967901042e-07,0.999999986035159,False
24,y,58,5.795255834000272,0.00042609018170223345,0.9999898707058148,False
24,y,59,8.201732875000289,3.48930204009798e-08,0.9999999991705003,False
24,z,0,0.02750324999988152,7.553372922887635,-3.4976975988919365,False
24,z,1,0.007998999999927037,4.936515178537475e-07,0.9999997060524789,False
24,z,2,0.16473899999982677,2.137211699882671e-08,0.999999987273855,False
24,z,3,0.16960212499998306,2.7590572279846902e-08,0.9999999835710415,False
24,z,4,0.11662354099962613,0.007360088374358365,0.9956173947523924,False
24,z,5,0.025829624999914813,6.9948977767267335,-3.1651504905242964,False
24,z,6,0.1423305410003195,0.01135727241769145,0.9932372494507415,False
24,z,7,0.012040665999847988,0.009433158684114522,0.9943829735938301,False
24,z,8,0.015289957999812032,0.003814578619769196,0.9977285881057278,False
24,z,9,0.021073874999729014,0.02992800202847806,0.9821792060001112,False
24,z,10,0.008387917000163725,0.10940197597650929,0.9348559895444077,False
24,z,11,0.04488962499999616,0.10746035771499979,0.9360121368552726,False
24,z,19,0.012306458000239218,5.845000499770879e-08,0.999999965195622,False
24,z,20,0.029714458999933413,1.6793865712719753,-3.4863485431912977e-09,False
24,z,21,0.02180891599982715,1.6793865658066525,-2.3199198118106779e-10,False
24,z,22,0.010938791999706154,1.0812110098579484,0.3561869362760759,False
24,z,23,0.008235666000018682,3.1067081581986534e-05,0.9999815009347927,False
24,z,24,0.03822412499994243,0.024097717975981904,0.9856508808202847,False
24,z,25,0.04275033399972017,0.024232777386806646,0.9855704589486287,False
24,z,26,0.010802916000102414,0.011241865602618839,0.9933059690757815,False
24,z,27,0.012802499999907013,0.11038949212330068,0.9342679676040595,False
24,z,28,0.018739333000212355,0.10782699977220805,0.935793817818573,False
24,z,29,0.13038595799980612,0.1126684021139644,0.9329109780713382,False
24,z,30,0.013718250000238186,0.1113468247733348,0.9336979185934576,False
24,z,31,0.0144369579998056,0.11630643907358924,0.9307446888830467,False
24,z,33,0.009577625000019907,0.01134383162150466,0.9932452528470194,False
24,z,34,0.009499499999947147,1.4345518010934366e-14,0.9999999999999915,False
24,z,35,0.007122250000065833,0.011358440316458954,0.993236554018974,False
24,z,36,0.1640144580001106,2.134507371280056e-06,0.999998728995804,False
24,z,37,0.009635957999762468,0.016147159339378506,0.990385084844734,False
24,z,38,0.006904582999595732,0.0006071026588030039,0.9996384973708229,False
24,z,39,0.17112725000015416,2.2112192727593296e-06,0.9999986833172789,False
24,z,40,0.013237000000117405,1451.3463898130733,-863.2122187351516,False
24,z,41,0.01349129099980928,0.015469736786515262,0.9907884598429704,False
24,z,42,6.6329793750001045,5.263712498691187e-06,0.9999968656933388,False
24,z,47,13.22321495899996,1.3641796084413356e-08,0.9999999918769172,False
24,z,50,11.957152834000226,20.018789444587036,-10.920298671447147,False
24,z,51,7.3238838340002985,0.0004707266565106983,0.9997197032141353,False
24,z,52,6.199924041000031,4.0451489140054086e-05,0.9999759129375135,False
24,z,53,1.2297038330002579,7.095901108293263,-3.225293481808408,False
24,z,54,9.110101167000266,5.0884482542330864e-05,0.9999697005540057,False
24,z,55,9.968340458000057,1.5850737933638066e-07,0.999999905615906,False
24,z,56,12.04174095899998,1.0454466858584084e-06,0.9999993774830004,False
24,z,57,5.708880958000009,1.2804921588533136e-05,0.9999923752387615,False
24,z,58,5.655649291999907,0.0030739792904718698,0.9981695820642054,False
24,z,59,9.168462958999953,0.01061274646569833,0.9936805815383769,False
25,x,0,0.027551166000193916,1023.839053017764,-3.7466802545345503,False
25,x,1,0.008466958000099112,0.13008783381904784,0.9993968921674515,False
25,x,2,0.14958170799991422,0.12591751780252067,0.9994162264140135,False
25,x,3,0.15765537500010396,0.12605075435805121,0.9994156087082076,False
25,x,4,0.1619869170003767,3.3105352279955493,0.9846518335549417,False
25,x,5,0.1517405420004252,0.12622151228297698,0.9994148170473814,False
25,x,6,0.050264832999801,2.244632971081153,0.9895935254949458,False
25,x,7,0.023888166999768146,2.9579182588217705,0.9862866217573037,False
25,x,8,0.017892500000016298,23.58901018099365,0.8906376070339306,False
25,x,9,0.023853916999996727,3.1966230547297765,0.9851799484593283,False
25,x,10,0.008533250000255066,11.7121534919973,0.9457005985904926,False
25,x,11,0.04487795799968808,11.534647483870643,0.9465235446007592,False
25,x,19,0.08181866700033424,1.6923707467016693e-11,0.9999999999999215,False
25,x,20,0.01599949999990713,0.032774309644896894,0.9998480531017166,False
25,x,21,0.03823054200029219,1.5985472566078502,0.9925888813515016,False
25,x,22,0.017961208000087936,324.6611911901986,-0.5051807811920264,False
25,x,23,0.007679833000111103,0.16221396502796717,0.9992479503272136,False
25,x,24,0.01897012499966877,215.69581225936486,-1.9099166692626568e-11,False
25,x,25,0.025472667000030924,2.6350244122831077,0.9877836088483493,False
25,x,26,0.011048667000068235,3.3449808034814623,0.9844921384031177,False
25,x,27,0.013137625000126718,11.802154649293335,0.9452833389489863,False
25,x,28,0.017409417000180838,11.633851466624323,0.9460636192006485,False
25,x,29,0.11431174999961513,12.009483896605948,0.9443221276711926,False
25,x,30,0.025136334000308125,11.890005989721255,0.9448760461994916,False
25,x,31,0.022613791999901878,128.72831049148533,0.4031951332501823,False
25,x,33,0.008578292000038346,3.3649211531952026,0.9843996917788403,False
25,x,34,0.009693334000075993,4.474460238446357e-06,0.9999999792556926,False
25,x,35,0.00773387500021272,3.3671195296517165,0.9843894997568742,False
25,x,36,0.15998874999968393,0.13455016388008179,0.999376204097459,False
25,x,37,0.01533079099999668,0.0782567834167599,0.9996371891387296,False
25,x,38,0.007641374999820982,0.1377049512681675,0.999361578002705,False
25,x,39,0.14910616700035462,0.1348196751670149,0.999374954600382,False
25,x,40,0.012912000000142143,1637.9011287327512,-6.593569442111047,False
25,x,41,0.013548625000112224,0.9122589583919983,0.9957706227633549,False
25,x,42,7.2220113749999655,0.0024613980910866092,0.9999885885680146,False
25,x,51,6.470007875000192,0.0002382071715643258,0.9999988956337674,False
25,x,52,6.12248099999988,0.00016720549552266586,0.9999992248088001,False
25,x,53,5.405406374999984,1.8715922444046755e-06,0.9999999913230014,False
25,x,57,5.5751090419998945,2.6883632644713343e-05,0.9999998753632147,False
25,y,0,0.026725791999979265,2963.142022660139,-4.207472622335783,False
25,y,1,0.008030625000174041,0.04345935280216595,0.9999236238465213,False
25,y,2,0.026653666000129306,0.0011468220424859898,0.9999979845568173,False
25,y,3,0.023757834000207367,0.0010951346435233134,0.9999980753930692,False
25,y,4,0.03782991700018101,8.27619320415608,0.9854552872598683,False
25,y,5,0.03226379199986695,0.0007387326898541537,0.9999987017394953,False
25,y,6,0.1620161669998197,12.62032560254994,0.9778208403250133,False
25,y,7,0.021251624999877095,10.373960600178423,0.9817686376834137,False
25,y,8,0.01347650000025169,3.5297876939836415,0.9937966953191882,False
25,y,9,0.04882154100005209,10.886216149520505,0.9808683916849301,False
25,y,10,0.006958959000257892,40.04055978350008,0.9296320874055211,False
25,y,11,0.04424204199995074,39.511372376549275,0.9305620897181699,False
25,y,19,0.0745977500000663,7.392120122810803e-12,0.999999999999987,False
25,y,20,0.025467833000220708,569.0173022635248,-1.729700827013403e-10,False
25,y,21,0.023308332999931736,569.0173021832662,-3.192246467165205e-11,False
25,y,22,0.014892958000018552,421.13946722149757,0.2598828443018014,False
25,y,23,0.007176249999702122,0.019746858494447867,0.9999652965587877,False
25,y,24,0.029461417000220536,8.706577430308636,0.9846989232187137,False
25,y,25,0.01879758299992318,569.0173021982627,-5.827760496401879e-11,False
25,y,26,0.013005834000068717,12.581761146653799,0.9778886141093066,False
25,y,27,0.012555333999898721,40.30858962952351,0.9291610475179752,False
25,y,28,0.018556874999831052,39.76209331559705,0.9301214687773062,False
25,y,29,0.10702050000008967,40.92901477976606,0.928070702553276,False
25,y,30,0.012462624999898253,40.56951949845493,0.9287024852423844,False
25,y,31,0.01365087499971196,40.62561907450769,0.9286038949607895,False
25,y,33,0.00976024999999936,12.795358975506963,0.9775132339090202,False
25,y,34,0.010178209000059724,1.1807725219369643e-05,0.999999979248917,False
25,y,35,0.008786500000041997,12.809395338449171,0.9774885661829444,False
25,y,36,0.027157958000316285,0.0011293800804151226,0.9999980152095971,False
25,y,37,0.009535082999718725,0.014406280229804011,0.9999746821754365,False
25,y,38,0.007117999999991298,0.05514409629673345,0.9999030888936296,False
25,y,39,0.01937104199987516,0.0007577799138444148,0.9999986682656029,False
25,y,40,0.01858437500004584,1132.4472316549395,-0.9901806629534795,False
25,y,41,0.013181291999899258,5.4699423461899785,0.9903870368697455,False
25,y,42,6.105622250000124,0.0007555550799493081,0.9999986721755612,False
25,y,51,8.461051374999897,66.2056005679702,0.8836492311990181,False
25,y,52,6.445367040999827,1.5068489406531039e-05,0.9999999735183985,False
25,y,53,4.88943316599989,0.0006054278227857356,0.9999989360115756,False
25,y,57,5.2736885829999665,0.0020011199648515073,0.9999964832001466,False
25,y,58,5.67473737499995,0.00013638284941472055,0.9999997603186249,False
25,z,0,0.02629849999993894,912.4370210456719,-4.082533972626093,False
25,z,1,0.009288499999911437,3.137760747548054e-05,0.9999998252177933,False
25,z,2,0.16545358300027146,2.841777845561234e-06,0.9999999841704884,False
25,z,3,0.16548537499966187,3.0273191749185303e-06,0.9999999831369704,False
25,z,4,0.14512037500026054,3.664842524977827,0.979585783776969,False
25,z,5,0.16905399999996007,3.730724938135131e-06,0.9999999792188,False
25,z,6,0.046786375000010594,2.408020107259486,0.9865866424535393,False
25,z,7,0.02318608400037192,3.0537524520055404,0.9829897294571397,False
25,z,8,0.017875915999866265,16.12754393679572,0.9101649888560569,False
25,z,9,0.02380387499988501,3.220042310400458,0.9820634476041448,False
25,z,10,0.007606500000292726,11.805443667405436,0.9342403178328421,False
25,z,11,0.044613958000354614,11.643751303467083,0.9351409903328346,False
25,z,19,0.012885999999980413,3.7244454418093606e-06,0.9999999792537786,False
25,z,20,0.015742291000151454,0.024741400110177014,0.9998621833576566,False
25,z,21,0.03647870800023156,1.4604007169319253,0.9918651522392772,False
25,z,22,0.016703458000392857,279.93375608283793,-0.5593107168594746,False
25,z,23,0.008714167000107409,0.0019824965037565315,0.9999889569300691,False
25,z,24,0.021196959000008064,179.52403780534178,-3.275379967249137e-12,False
25,z,25,0.026623792000009416,2.6047449398076474,0.9854908291298544,False
25,z,26,0.011927874999855703,3.642868872744058,0.9797081832756794,False
25,z,27,0.013383417000113695,11.887361638882885,0.9337840114101528,False
25,z,28,0.017683916999885696,11.724083640110353,0.9346935163475925,False
25,z,29,0.0951910419998967,12.07589613490726,0.9327338205926454,False
25,z,30,0.025725874999807274,11.967166333125482,0.9333394765432989,False
25,z,31,0.022649292000096466,101.15846330824293,0.4365185601592775,False
25,z,33,0.008760832999996637,3.692585263813488,0.9794312488234614,False
25,z,34,0.010144790999675024,1.374674081576808e-12,0.9999999999999923,False
25,z,35,0.007775332999699458,3.6962308071335364,0.9794109421093042,False
25,z,36,0.16160229200022513,0.00015411081436956066,0.9999991415588896,False
25,z,37,0.014753417000065383,0.005947581898948767,0.9999668702755816,False
25,z,38,0.007579416999760724,0.00027910766040306737,0.9999984452908712,False
25,z,39,0.17041008300020621,0.00014685321541368769,0.9999991819857819,False
25,z,40,0.012486458000239509,1640.541361678993,-8.138282436935874,False
25,z,41,0.013377124999806256,1.4214657118125602,0.9920820313023567,False
25,z,42,6.907579749999968,0.0036524173774911614,0.9999796549953859,False
25,z,51,7.448626416000025,0.0008524725302661573,0.9999952514853125,False
25,z,52,6.389937000000373,2.332797285106697e-05,0.9999998700565499,False
25,z,53,1.4757846249999602,5.794738069201331,0.9677216592270304,False
25,z,57,5.7543210000003455,8.419101633432321e-07,0.9999999953103207,False
25,z,58,5.9578264579999995,0.0018015287188981285,0.9999899649721512,False
26,x,0,0.02932504099999278,2.980653477125112,0.9573269875580566,False
26,x,1,0.008480792000227666,8.542835655809938,0.8776950977268692,False
26,x,2,0.013321375000032276,66.49268907424674,0.04804655424072812,False
26,x,3,0.01573275000009744,36.74284206345599,0.4739650990766924,False
26,x,4,0.0144505839998601,1.7823086761685654,0.9744832866694445,False
26,x,5,0.02598541599991222,552.3093901300283,-6.9072276122326075,False
26,x,6,0.01550704199962638,1.8646226806581987,0.9733048247768799,False
26,x,7,0.012697667000338697,2.630498080963978,0.9623400444905953,False
26,x,8,0.012749208000059298,2.0332348128904956,0.9708908616403292,False
26,x,9,0.024702540999896883,4.855014675005518,0.9304923892621846,False
26,x,10,0.00769212500017602,16.59096400486976,0.7624727534290546,False
26,x,11,0.04444220799996401,13.400752272447122,0.8081459408676059,False
26,x,19,0.013728833000186569,6.852216017134361e-12,0.9999999999999019,False
26,x,20,0.01630195799998546,5.036119782281004,0.9278995684075041,False
26,x,21,0.019486375000269618,0.5353111107201767,0.9923361310318751,False
26,x,22,0.013033583000378712,665.7796301147959,-8.531742840125048,False
26,x,23,0.007511417000387155,4.003208719114361,0.9426874083856167,False
26,x,24,0.02700616699985403,69.34533238165115,0.007206220306068212,False
26,x,25,0.018923499999800697,65.28083605800356,0.06539624592304683,False
26,x,26,0.010967791999973997,2.1678646495403844,0.9689634115900272,False
26,x,27,0.012841458999901079,18.730333948126813,0.7318441141366463,False
26,x,28,0.017603166000299098,447.6523907129932,-5.408888582709732,False
26,x,29,0.013634207999984937,4.238433390849823,0.9393197759450616,False
26,x,30,0.014698999999836815,17.492588627181327,0.7495644972291511,False
26,x,31,0.015772124999784864,28.06443198149238,0.5982109747700713,False
26,x,33,0.009877625000171975,3.2892829495258735,0.9529084432969468,False
26,x,34,0.009252166999885958,0.0036597906289581737,0.999947604009576,False
26,x,35,0.007786124999711319,4.061328555644521,0.941855326251142,False
26,x,36,0.012689624999893567,66.49151161995692,0.04806341145742421,False
26,x,37,0.01656387499997436,129.92344556616914,-0.8600702334887909,False
26,x,38,0.007657749999907537,11.382162344147916,0.8370454133445534,False
26,x,39,0.02006379200020092,0.011361481066810277,0.9998373415002302,False
26,x,40,0.014636500000051456,11707.820830829676,-166.61692958146824,False
26,x,41,0.013017665999996098,218.54598283725994,-2.1288492662173515,False
26,x,42,7.145726749999994,2.190480595349643e-10,0.999999999996864,False
26,x,47,0.7942207080000117,0.39055200137110446,0.9944085984695512,False
26,x,50,1.226358292000441,731.8494032516894,-9.477641540777237,False
26,x,51,0.5023716669998066,60.19064715572277,0.13827076690506335,False
26,x,52,5.151765166000132,139.14904524761175,-0.9921500384751518,False
26,x,53,0.5635214580001957,10182.54502370351,-144.78006931092511,False
26,x,54,8.723872417000166,0.008870074977746915,0.9998730101225146,False
26,x,55,1.2901905839999017,14.04067007563418,0.7989844530976286,False
26,x,56,1.1443392080000194,25.54363086229936,0.6343004358055555,False
26,x,57,5.7830650830001105,6.120481571535754,0.9123751257040646,False
26,x,59,8.942303124999853,1.8550649624462077,0.9734416594110656,False
26,y,0,0.029812875000061467,10.657227708078121,0.986881949003715,False
26,y,1,0.008479624999836233,2.22687102690396,0.9972589299493964,False
26,y,2,0.019489416999931564,762.8774990199845,0.06096911784319703,False
26,y,3,0.018819125000391068,256.1861074086869,0.6846588518532322,False
26,y,4,0.017298291999850335,1.7948140556832919,0.9977907516892545,False
26,y,5,0.14769904200011297,0.757165996787316,0.9990679994431404,False
26,y,6,0.031980707999991864,1.8562420911989344,0.997715139520258,False
26,y,7,0.010468916999798239,4.387581273125433,0.9945992976346394,False
26,y,8,0.013001541999983601,1.26201415471561,0.9984465785574757,False
26,y,9,0.01841816700016352,159.44017229427303,0.803744053490819,False
26,y,10,0.0071059580000110145,10.224480024877792,0.9874146209454474,False
26,y,11,0.044633375000103115,5.596618933421448,0.9931110853041315,False
26,y,19,0.014269666000018333,4.3273802166568403e-13,0.9999999999999994,False
26,y,20,0.017302500000369037,8.473402425643357,0.989570033767095,False
26,y,21,0.022681625000132044,812.4093833655189,-1.1983614101040985e-09,False
26,y,22,0.016198291999899084,2186.330939045045,-1.6911689924208897,False
26,y,23,0.006957500000225991,22.67337340812185,0.972091197000501,False
26,y,24,0.014247583000269515,742.796750906182,0.08568664148217675,False
26,y,25,0.016744582999763225,780.5241345529166,0.03924775923335988,False
26,y,26,0.0894466250001642,10.533870687389182,0.987033789963904,False
26,y,27,0.012646334000237403,15.875184300090693,0.9804591322501105,False
26,y,28,0.018158166999910463,2850.0711591905774,-2.5081711523310775,False
26,y,29,0.014711792000071,16.756804443157826,0.9793739402740265,False
26,y,30,0.012879791000159457,16.15794691174571,0.9801110779097943,False
26,y,31,0.01708325000026889,10.417911182377502,0.9871765252738659,False
26,y,33,0.008739915999740333,2.446505420055762,0.9969885805443893,False
26,y,34,0.00913345799972376,0.0480543588478948,0.9999408495767166,False
26,y,35,0.007975750000241533,2.4607057761128024,0.996971101233632,False
26,y,36,0.019166916999893147,753.8054694266465,0.07213593815566988,False
26,y,37,0.00938887500024066,20.81221033466542,0.974382114749354,False
26,y,38,0.007152874999974301,31.630956611275934,0.9610652494950938,False
26,y,39,0.14774545799991756,4.651720453436681,0.9942741669972586,False
26,y,40,0.01925024999991365,1164.3761508299444,-0.43323818762616684,False
26,y,41,0.013033624999934545,1605.4269546290293,-0.9761304945816924,False
26,y,42,2.1417588749995957,6.242866005271902e-12,0.9999999999999923,False
26,y,47,1.8227670840001338,0.26051376588657227,0.9996793319088468,False
26,y,51,0.702401416000157,2951.643250735379,-2.6331969013515346,False
26,y,52,0.46001504100013335,88.43121159760194,0.8911494456929634,False
26,y,53,1.2616682500001843,717.0647948041687,0.11736027384010395,False
26,y,54,8.648145999999997,0.0003989071950204212,0.9999995089825355,False
26,y,55,9.627340832999835,3.0528426235845827,0.996242236131498,False
26,y,56,12.270128500000283,1163.0640592040936,-0.43162312549826787,False
26,y,57,5.396481083000253,7.615447766717497,0.9906260957446165,False
26,y,58,3.427905084000031,3270.606676911073,-3.0258110600366264,False
26,y,59,9.078278124999997,0.8394786170131028,0.9989666803028032,False
26,z,0,0.02754129200002353,0.4734043420639643,0.9845096069901917,False
26,z,1,0.008599583999966853,0.016256562043167465,0.9994680645852568,False
26,z,2,0.01841770800001541,28.673123174006022,0.06177889106901746,False
26,z,3,0.018374000000221713,10.29017944294159,0.6632922228434524,False
26,z,4,0.015587291999963782,0.11656297302537183,0.9961859110656177,False
26,z,5,0.17262745800007906,3.656695512048573e-07,0.9999999880348266,False
26,z,6,0.01858612499972878,0.1216552473009217,0.9960192853656968,False
26,z,7,0.011543832999905135,0.2809176473554891,0.9908080167960536,False
26,z,8,0.013054916000328376,0.05963016059774834,0.9980488251990467,False
26,z,9,0.01852012499966804,6.264811705777277,0.7950073819943433,False
26,z,10,0.007033917000171641,0.6117197132904617,0.9799837518823683,False
26,z,11,0.052671750000172324,0.34132440403086184,0.9888314307823517,False
26,z,19,0.013973042000088753,0.001807595122847384,0.9999408531853903,False
26,z,20,0.017230375000053755,0.19816056941833882,0.9935159337872682,False
26,z,21,0.023369584000192845,30.561157609225027,-2.907123430873071e-10,False
26,z,22,0.012363374999949883,213.70095791062315,-5.9925675167566945,False
26,z,23,0.007138708000184124,0.5829353377061305,0.9809256133118585,False
26,z,24,0.014917999999852327,28.3748838009146,0.07153766320034827,False
26,z,25,0.017216500000358792,29.345882140549733,0.03976536084409488,False
26,z,26,0.09289495799976066,0.25522458684152816,0.991648726459279,False
26,z,27,0.012760749999870313,0.8819018231163563,0.9711430491393909,False
26,z,28,0.01758700000027602,117.40238717163292,-2.841555634343013,False
26,z,29,0.015211791999718116,0.8011634204065604,0.9737849125061404,False
26,z,30,0.01313487500010524,0.8769806808185088,0.9713040751830442,False
26,z,31,0.021084500000142725,41.69317841636455,-0.3642538990702364,False
26,z,33,0.008845208999900933,0.18840735202190725,0.993835071482377,False
26,z,34,0.009510666000096535,2.348499436564899e-13,0.9999999999999923,False
26,z,35,0.007269665999956487,0.19767650244291418,0.9935317730752218,False
26,z,36,0.01872558300010496,28.35443022068815,0.072206930395457,False
26,z,37,0.009815708000132872,14.340976122065538,0.5307449963248203,False
26,z,38,0.007738540999980614,41.00264758370131,-0.3416588507512699,False
26,z,39,0.15889641700005086,0.06703540591529625,0.9978065161407842,False
26,z,40,0.01417733300013424,6041.512634267827,-196.6859879875921,False
26,z,41,0.012532917000044108,65.42888545673144,-1.1409164637141362,False
26,z,42,7.01820083299981,2.2562968921769673e-08,0.9999999992617109,False
26,z,47,1.144662167000206,0.6766413252764427,0.977859434052691,False
26,z,50,2.6612023330003467,2428.465944133581,-78.4624986360635,False
26,z,51,6.792423875000168,55.71694844508544,-0.8231295153709957,False
26,z,52,0.9030129160000797,289.2138566018598,-8.463445736709831,False
26,z,53,0.9434657910001079,2595.41043601658,-83.92513503440267,False
26,z,54,7.05220695800017,0.005096227470575802,0.9998332449465029,False
26,z,55,8.943991665999874,10.599783317538222,0.6531615897488086,False
26,z,56,0.885855083000024,84.3240013712985,-1.7591887216457698,False
26,z,57,5.957222042000012,12.545796061946291,0.5894855742700498,False
26,z,58,5.236812458999793,4.420108710676943,0.8553684134455792,False
26,z,59,9.470085874999768,0.14513014093398074,0.9952511569479173,False
27,x,0,0.02807170899995981,5.458545833629517,0.9751584782212708,False
27,x,1,0.009110082999995939,3.231337104647955,0.9852943744531767,False
27,x,2,0.01487783299990042,190.33942339752048,0.13377645332762633,False
27,x,3,0.018311625000023923,0.01462115956805709,0.9999334599607825,False
27,x,4,0.016090916000393918,2.608630381108302,0.9881282762112729,False
27,x,5,0.03196924999974726,1264.2786212794324,-4.753657816959603,False
27,x,6,0.016046499999902153,2.691089967520231,0.9877530074722808,False
27,x,7,0.012437666999630892,3.7779215482148185,0.9828069007243443,False
27,x,8,0.0253528749999532,8.111222593219955,0.9630863019487343,False
27,x,9,0.018926874999579013,27.017629109779058,0.8770443553289842,False
27,x,10,0.007567249999738124,20.149816661731933,0.9082993667734789,False
27,x,11,0.044985792000261426,15.209764911374998,0.9307812524047191,False
27,x,19,0.01295008399983999,7.931454253779186e-12,0.9999999999999639,False
27,x,20,0.015596000000186905,1.745637000208157,0.9920557084468791,False
27,x,21,0.024490540999977384,1.8819813489808306,0.9914352133163672,False
27,x,22,0.014338582999698701,321.012622930547,-0.4609096097804095,False
27,x,23,0.007536083000104554,0.31986020142589394,0.9985443349928627,False
27,x,24,0.015137625000079424,5.1717165869286275,0.9764638212917272,False
27,x,25,0.014908916999957,218.26639813276483,0.006682430075960699,False
27,x,26,0.010768749999897409,3.7808947445351024,0.9827933698823593,False
27,x,27,0.013532375000067987,23.462647472313574,0.8932228681530416,False
27,x,28,0.017381791999923735,240.66264976346326,-0.09524159687243117,False
27,x,29,0.01502395899979092,8.61651456623645,0.9607867478303145,False
27,x,30,0.019206375000067055,23.74983790723287,0.891915881336198,False
27,x,31,0.015051834000132658,2.636273567977861,0.9880024736899452,False
27,x,33,0.008933082999647013,4.387404454512568,0.980033179782536,False
27,x,34,0.009355707999930019,0.005652860458726268,0.9999742741637649,False
27,x,35,0.007806707999861828,4.8097054962804915,0.9781113125222802,False
27,x,36,0.015192082999874401,212.53408655358217,0.032769843697995626,False
27,x,37,0.015123082999707549,45.55208525252291,0.7926951330342388,False
27,x,38,0.0075274579999131674,2.2971392752695103,0.989545853955496,False
27,x,39,0.024715791999824432,0.013182924676221385,0.9999400052833789,False
27,x,40,0.012763415999870631,1680.1410641680518,-6.646223391535746,False
27,x,41,0.012818166999750247,75.82277661773196,0.6549349929300332,False
27,x,42,7.0848889169997165,9732.066742237588,-43.29006466152359,False
27,x,51,1.059971083000164,33.70978730505987,0.8465887360813519,False
27,x,52,6.57327154099994,141.89977327114516,0.3542224585905819,False
27,x,53,5.852050459000111,3122.415068867885,-13.209927753586117,False
27,x,57,5.729615665999972,6.608324769099341,0.9699259017555336,False
27,y,0,0.02630991699970764,5.77305114773788,0.9888608390978623,False
27,y,1,0.00851508300002024,2.69348308990742,0.9948028969849986,False
27,y,2,0.017030958000304963,443.89091277837383,0.14350796937377353,False
27,y,3,0.018819041999904584,157.94068208106927,0.6952518476501308,False
27,y,4,0.15889291599978606,1.4574929866936153,0.9971877524593076,False
27,y,5,0.03315241700011029,1927.4429611187222,-2.7190207957896,False
27,y,6,0.15728233400022873,1.4404166758264503,0.9972207013747938,False
27,y,7,0.010416124999665044,2.317252267540823,0.9955288381830646,False
27,y,8,0.016610207999747217,84.24358231683645,0.8374511511529861,False
27,y,9,0.020605375000286585,341.08728956062527,0.3418686058967948,False
27,y,10,0.007777708000048733,7.342613812905478,0.9858323519727931,False
27,y,11,0.045599125000080676,4.1227557532569525,0.9920451008452025,False
27,y,19,0.01564929200003462,1.920207090811942e-12,0.9999999999999963,False
27,y,20,0.015435416999935114,4.194625824351553,0.9919064268120987,False
27,y,21,0.020068041999820707,2.9239741414169,0.9943581621569912,False
27,y,22,0.01747745800003031,439.75833803596464,0.15148181436800046,False
27,y,23,0.007679332999941835,12.48249475551725,0.9759148994208582,False
27,y,24,0.021285249999891676,491.1913836685918,0.052241229740005224,False
27,y,25,0.013919582999733393,491.02061600165104,0.052570727690093744,False
27,y,26,0.0897927080000045,6.894907740384238,0.9866962053929438,False
27,y,27,0.013214292000157002,10.295030569760709,0.9801356338140315,False
27,y,28,0.017466791000060766,471.57596920424095,0.09008937143993523,False
27,y,29,0.01559350000025006,9.367081983102205,0.9819261200493302,False
27,y,30,0.01425737499994284,11.372682262886125,0.9780562939123074,False
27,y,31,0.01722779100009575,1.7871866699094547,0.9965516051445209,False
27,y,33,0.009152791999895271,1.4584467362804021,0.9971859121897801,False
27,y,34,0.009893041999930574,0.01353372187623985,0.9999738865460003,False
27,y,35,0.007257499999923311,1.440229417278288,0.9972210626920669,False
27,y,36,0.017885791000026074,512.3379942788764,0.01143862950406016,False
27,y,37,0.01120287499998085,0.8781575115660692,0.9983055861504729,False
27,y,38,0.008048499999858905,22.68956900093667,0.9562202458572319,False
27,y,39,0.1604004169998916,3.944780121392338,0.9923885066369174,False
27,y,40,0.017222583000148006,17210.962036181812,-32.20872628622649,False
27,y,41,0.01286675000028481,172.95823715453224,0.6662753224056654,False
27,y,42,7.098257832999934,9966.722294600382,-18.230892030114696,False
27,y,51,4.722583917000065,3235.7515221258573,-5.2434154698976325,False
27,y,52,0.5116741249998995,35.63324221506706,0.9312452967519594,False
27,y,53,5.207046667000213,700.9618827896859,-0.35251308170364326,False
27,y,57,5.640142375000323,7.492137525001021,0.9855438444496318,False
27,y,58,6.0366193749996455,2702.7573662784753,-4.214997825579783,False
27,z,0,0.02807979199997135,32.16276879619553,0.9849990749339366,False
27,z,1,0.008020250000299711,0.4912273925204488,0.9997708883413523,False
27,z,2,0.019867791999786277,1837.361841409313,0.14304245766658652,False
27,z,3,0.16422541600013574,4.107871323420078e-05,0.9999999808406204,False
27,z,4,0.025584290999631776,10.283526113556794,0.9952036963726015,False
27,z,5,0.1168500420003511,9564.194559670399,-3.4608027006629696,False
27,z,6,0.01683658399997512,10.612064756548362,0.995050463807456,False
27,z,7,0.011989042000095651,19.289705407549405,0.9910031556300801,False
27,z,8,0.014574040999832505,4.787237732703108,0.9977672011089355,False
27,z,9,0.019058667000081186,216.4995331308458,0.8990232061824942,False
27,z,10,0.008324166999955196,65.07865746201767,0.9696468898503783,False
27,z,11,0.042999415999929624,41.33537587366727,0.9807209111881002,False
27,z,19,0.013419958000213228,0.05607736484306186,0.9999738451514159,False
27,z,20,0.017181416999846988,4.0229416430112455,0.998123673788337,False
27,z,21,0.027006750000055035,2144.0523610723,-3.098776790722013e-10,False
27,z,22,0.01579237500027375,7588.189849029382,-2.5391812201758586,False
27,z,23,0.0072076249998644926,20.9415110836586,0.9902327426930588,False
27,z,24,0.01622395799995502,27.48467338453034,0.987180969134867,False
27,z,25,0.01408674999993309,2072.3009650710787,0.03346531860032387,False
27,z,26,0.08131120799998826,16.47152560308466,0.9923175730652628,False
27,z,27,0.012464375000035943,83.31992157326202,0.9611390453368357,False
27,z,28,0.017610874999718362,2128.6048584532023,0.007204815628553574,False
27,z,29,0.016477874999964115,56.38221428560443,0.9737029676481979,False
27,z,30,0.013079415999982302,88.06419253763782,0.95892628642666,False
27,z,31,0.01471183400008158,104.36980902383962,0.9513212405857554,False
27,z,33,0.009691832999578764,16.262987337744185,0.9924148366718758,False
27,z,34,0.009329084000000876,1.161479220468655e-11,0.9999999999999946,False
27,z,35,0.007082249999712076,16.799748036852442,0.992164487982161,False
27,z,36,0.015826416999971116,2139.111860406215,0.0023042814125823208,False
27,z,37,0.009718165999856865,7.445429802351771,0.9965274029963824,False
27,z,38,0.007007707999946433,12.176720321389356,0.9943206982505443,False
27,z,39,0.15926470800013703,2.007776001190547,0.9990635601824535,False
27,z,40,0.011985416999777954,923.5164614406738,0.5692659011065501,False
27,z,41,0.013368040999921504,749.9141161668764,0.6502351668201773,False
27,z,42,6.937451290999888,7986.790903827642,-2.7250913509911467,False
27,z,51,6.521786666000025,37.216716116469755,0.9826418809522967,False
27,z,52,5.753968041999997,249.45142956662738,0.8836542268402581,False
27,z,53,1.2259689580000668,1361.7411613414954,0.3648750438713986,False
27,z,57,5.636872415999733,9.261870723963172,0.995680203107446,False
27,z,58,5.706554207999943,0.058620481149779004,0.9999726590253893,False
28,x,0,0.026237292000132584,2498.150994279392,-3.783589950676686,False
28,x,1,0.008081708000190702,0.1931250860597107,0.9996301940022784,False
28,x,2,0.014779582999835839,187.48161150632714,0.6410004219952936,False
28,x,3,0.023390625000047294,0.002992311127381479,0.9999942701664267,False
28,x,4,0.020183541999813315,3.5718554879661726,0.9931604246274021,False
28,x,5,0.019229416999678506,0.002299131736862862,0.9999955975025141,False
28,x,6,0.12173287499990693,3.605293471306464,0.9930963958311269,False
28,x,7,0.014343416999963665,4.6481969153296925,0.991099389867204,False
28,x,8,0.017549790999964898,1.743741017431325,0.9966609936602437,False
28,x,9,0.018314874999759923,11.813158464624127,0.9773795474146558,False
28,x,10,0.007332832999964012,34.72811085743352,0.9335008001982181,False
28,x,11,0.043854084000031435,31.13963846432524,0.94037219448834,False
28,x,19,0.013242749999790249,1.656196131744521e-13,0.9999999999999997,False
28,x,20,0.017533375000311935,0.6927614716267763,0.9986734641655054,False
28,x,21,0.022688084000037634,522.233515031116,-5.204636721600764e-11,False
28,x,22,0.01698987500003568,2125.360791188413,-3.069751806665252,False
28,x,23,0.007385290999991412,0.016838768780615233,0.9999677562463978,False
28,x,24,0.01364745800037781,8.395140255441849,0.9839245471340946,False
28,x,25,0.013099709000016446,8.723589648710275,0.9832956150877361,False
28,x,26,0.010802457999943726,5.402959411594738,0.989654131233699,False
28,x,27,0.012473666999994748,36.721951013086866,0.9296828909710819,False
28,x,28,0.01900870899999063,14.261140743267635,0.9726920231399546,False
28,x,29,0.021343249999972613,14.911493917133244,0.9714466929281226,False
28,x,30,0.013122542000019166,38.282863776190865,0.9266939737180553,False
28,x,31,0.013902041999699577,39.76454377543405,0.9238567754979601,False
28,x,33,0.009528833999866038,5.5510930982185895,0.9893704771165888,False
28,x,34,0.009788667000066198,0.0008473678955273332,0.9999983774157131,False
28,x,35,0.007292041000255267,5.61700426630443,0.9892442669707591,False
28,x,36,0.01633083400020041,183.75381829207964,0.6481385950675818,False
28,x,37,0.009594874999947933,0.09096135662157918,0.999825822445308,False
28,x,38,0.008340249999946536,0.9204747489329285,0.9982374268933583,False
28,x,39,0.025434416999814857,0.0022515585427150047,0.99999568859815,False
28,x,40,0.011597333000281651,1236.3925606655719,-1.3675090264098757,False
28,x,41,0.013455208000323182,8.447725874769828,0.9838238534447445,False
28,x,42,6.730776083999899,0.033984187257400954,0.9999349253039473,False
28,x,51,7.214738249999755,2.1562036630369207e-05,0.9999999587118865,False
28,x,52,6.510259291000239,16.316803489940305,0.9687557327878175,False
28,x,53,5.125816207999833,6.298925560114687e-05,0.9999998793848848,False
28,x,57,5.381373500000336,3.5054256943677724,0.9932876278644404,False
28,y,0,0.0243467079999391,513.1184017094051,-2.651362285915318,False
28,y,1,0.007919333000245388,1.1107281574769863,0.9920960330196605,False
28,y,2,0.014971124999647145,41.90936891394099,0.7017719719871993,False
28,y,3,0.15126575000022058,1.022124172860086,0.9927265410013159,False
28,y,4,0.16945658299982824,0.3347334819963205,0.9976180288839326,False
28,y,5,0.15300845799993112,1.0222307543918936,0.9927257825646971,False
28,y,6,0.1408624159998908,0.3334763916183451,0.9976269743678225,False
28,y,7,0.010310249999747612,0.4558748011940754,0.9967559844849964,False
28,y,8,0.013264707999951497,0.18683765150941453,0.998670458997304,False
28,y,9,0.018053458999929717,1.3477213910446724,0.9904095837475563,False
28,y,10,0.00735054200004015,3.2572779957375118,0.976821135260876,False
28,y,11,0.04274670899985722,2.704912246451107,0.9807517825700676,False
28,y,19,0.015912458000002516,4.1091386691761655e-13,0.9999999999999971,False
28,y,20,0.017252665999876626,0.6658222256809196,0.9952619938090773,False
28,y,21,0.022035708000203158,140.52793497609136,-3.5051384017492637e-10,False
28,y,22,0.01798708300020735,4.639480561898416,0.9669853501774295,False
28,y,23,0.007011333999798808,1.7912118393869925,0.9872536955707804,False
28,y,24,0.014747042000180954,0.9645488412043464,0.9931362483786121,False
28,y,25,0.013072165999801655,0.9979699901957861,0.9928984227177652,False
28,y,26,0.08785966599998574,1.448276528931421,0.9896940310858089,False
28,y,27,0.012672416000441444,3.578230849147987,0.9745372274131048,False
28,y,28,0.01834950000011304,1.244398567647343,0.9911448313227171,False
28,y,29,0.01771433400017486,136.44304055828405,0.02906820178263636,False
28,y,30,0.012951959000019997,3.8502746075407854,0.9726013578044435,False
28,y,31,0.013712124999983644,4.51625049536806,0.9678622581501718,False
28,y,33,0.009880749999865657,0.3344441623625634,0.9976200876890656,False
28,y,34,0.009139582999978302,0.0002269255869777795,0.9999983851923313,False
28,y,35,0.00781387500001074,0.3321788506350209,0.9976362076991456,False
28,y,36,0.01669554199997947,139.4442981526749,0.007711184076843569,False
28,y,37,0.009421499999916705,3.3716178539342265,0.97600749021403,False
28,y,38,0.006864832999781356,0.34430966975178195,0.9975498845127765,False
28,y,39,0.15519845800008625,1.204061987748711,0.9914318673481141,False
28,y,40,0.011850249999952212,1407.9818458542416,-9.01923102753417,False
28,y,41,0.013669582999682461,0.17199883017067827,0.9987760523894397,False
28,y,42,6.769464333000087,0.03416035774879431,0.9997569141127237,False
28,y,51,6.886440042000231,2565.2272437570687,-17.254215754986017,False
28,y,52,6.2355527079998865,5.415252049808086e-06,0.9999999614649425,False
28,y,53,5.88878187499995,269.09743484906454,-0.9149035029168371,False
28,y,57,5.6698765000001,4.9952282075845105,0.9644538417917743,False
28,y,58,6.040492374999758,923.6009994498592,-5.572365842639973,False
28,z,0,0.02595962499981397,9823.815149486038,-3.5549346247137645,False
28,z,1,0.008099415999822668,0.029628909747153976,0.9999862621858365,False
28,z,2,0.01466404099983265,748.3816944726113,0.653003477693328,False
28,z,3,0.13711804200011102,0.0004746419987479405,0.9999997799263075,False
28,z,4,0.024914666000313446,12.274818799922128,0.9943086269119409,False
28,z,5,0.16619220899974607,2.4174818259651188e-05,0.9999999887910435,False
28,z,6,0.11487929099985195,12.390014281946145,0.9942552150875429,False
28,z,7,0.014797040999837918,16.922956221636397,0.9921534599263627,False
28,z,8,0.013878499999918859,5.70990731107134,0.9973525301403431,False
28,z,9,0.017801333000079467,42.57828560154736,0.9802580459428142,False
28,z,10,0.007381333000012091,119.93867078598227,0.9443889368751205,False
28,z,11,0.04346833299996433,106.45210151109637,0.9506421532095088,False
28,z,19,0.014058416999887413,0.003501138656207638,0.9999983766533217,False
28,z,20,0.01727016699987871,0.4793182869447234,0.9997777580880503,False
28,z,21,0.025298457999724633,2156.741198899186,-1.4176304574675669e-09,False
28,z,22,0.01429725000025428,7081.858265609789,-2.283592059753795,False
28,z,23,0.007111082999927021,1.6966008108360173,0.9992133498381228,False
28,z,24,0.014826999999968393,30.59736507353638,0.9858131494253788,False
28,z,25,0.013429457999791339,31.752981337177474,0.9852773335074239,False
28,z,26,0.011259166999934678,18.586578629820735,0.99138210061288,False
28,z,27,0.012419708999914292,127.47800928060798,0.9408932283918022,False
28,z,28,0.018486834000214003,47.62373033870365,0.977918662456801,False
28,z,29,0.02239258300005531,56.57292729117299,0.9737692554858934,False
28,z,30,0.013482249999924534,133.4673119567726,0.9381162133805844,False
28,z,31,0.014876665999963734,136.58159707755055,0.9366722361770226,False
28,z,33,0.009625499999856402,18.85541945913575,0.9912574492036923,False
28,z,34,0.010635666999860405,1.2689804824227454e-11,0.9999999999999941,False
28,z,35,0.008020125000257394,19.01525945982668,0.9911833373904626,False
28,z,36,0.01809408299959614,733.5705872622485,0.6598708325891862,False
28,z,37,0.009997125000154483,0.6742034618513213,0.99968739714197,False
28,z,38,0.008158375000220985,0.19152323714206274,0.9999111978583655,False
28,z,39,0.1492249160000938,0.1232603660765927,0.9999428487913551,False
28,z,40,0.013664249999692402,2088.6449164124015,0.031573690696229506,False
28,z,41,0.014696708999963448,24.679717967688372,0.9885569404362138,False
28,z,42,6.583983042,0.03303416143567164,0.9999846832983488,False
28,z,51,6.963495833000252,0.00030667039922900423,0.9999998578084381,False
28,z,52,6.312690125000245,1.9658455819841945e-05,0.9999999908851114,False
28,z,53,5.703342208999857,884.2325115148699,0.5900145491634774,False
28,z,57,5.910806333999972,0.000571974575451561,0.9999997347968423,False
28,z,58,5.234406915999898,0.0910057159275462,0.9999578040628597,False
29,x,0,0.03217070800019428,6.3808468890327905,0.9669277820366051,False
29,x,1,0.008474083000237442,8.29680910259944,0.9569972632451865,False
29,x,2,0.01392191599961734,182.53386369730038,0.05391873040025441,False
29,x,3,0.016724832999898354,88.27646708080803,0.5424590793186274,False
29,x,4,0.015210250000109227,2.769557148548389,0.9856452600615911,False
29,x,5,0.022730416000285913,0.05645732831193953,0.9997073791143974,False
29,x,6,0.015577875000417407,2.8983929264523995,0.9849774983988488,False
29,x,7,0.01197199999978693,4.924399602367266,0.9744766141829441,False
29,x,8,0.016236250000019936,3.2608263204199965,0.9830989897289243,False
29,x,9,0.020206125000186148,89.35367065375397,0.5368758844896387,False
29,x,10,0.007231749999846215,21.066991418899036,0.890808830840884,False
29,x,11,0.043766708000021026,14.244987544955295,0.9261675854058898,False
29,x,19,0.01278116699995735,5.4122252858461626e-12,0.9999999999999719,False
29,x,20,0.0259903750002195,192.93676937059513,-1.167212992925215e-10,False
29,x,21,0.02235441599987098,192.9367694954577,-7.638893961825488e-10,False
29,x,22,0.01243395799974678,956.4744426722867,-3.9574502874914446,False
29,x,23,0.007007207999777165,0.9136468505963319,0.9952645270588727,False
29,x,24,0.016984749999664928,189.66119245159413,0.016977463173811658,False
29,x,25,0.0172989590000725,178.64513888672838,0.07407416693892876,False
29,x,26,0.011413583000376093,3.3789376362995847,0.9824868134378073,False
29,x,27,0.012523207999947772,26.244533158215205,0.8639733978811074,False
29,x,28,0.02213016699988657,1276.6370179197024,-5.616867392531769,False
29,x,29,0.014364666999881592,9.009843770095653,0.9533015723206131,False
29,x,30,0.01351195799998095,22.864611972543344,0.881491682224172,False
29,x,31,0.022737624999990658,214.60718001075824,-0.11231871838585405,False
29,x,33,0.009447750000163069,4.520737926863647,0.9765688109003845,False
29,x,34,0.010271958000430459,0.01853952018990808,0.9999039088285112,False
29,x,35,0.007438500000262138,5.69607241461098,0.9704769991025674,False
29,x,36,0.016780708000169398,181.39016152643293,0.059846590469291416,False
29,x,37,0.00959312500026499,1.5078938031585283,0.9921845182323016,False
29,x,38,0.008013458999812428,163.6066775449233,0.1520191921024544,False
29,x,39,0.01990612500003408,0.01128609584607132,0.9999415036548802,False
29,x,40,0.013763124999968568,1269.0930838927936,-5.5777668413387556,False
29,x,41,0.013695249999727821,1090.1196469240565,-4.650139424473219,False
29,x,42,7.210310625000147,2.2692782275724574e-06,0.9999999882382283,False
29,x,47,1.8030833749999147,56.05710762342982,0.709453476323646,False
29,x,50,1.0497914999996283,1.0659889204068431,0.9944749312222405,False
29,x,51,0.4777863750000506,85.78110703898287,0.5553926432538838,False
29,x,52,0.90899704200001,256.3341219276127,-0.3285913452047231,False
29,x,53,1.5375227919998906,10691.65135142528,-54.41531242360846,False
29,x,54,8.504502499999944,0.00038838137295165923,0.9999979870017817,False
29,x,55,1.929690582999683,30.110003047313498,0.8439384926520028,False
29,x,56,0.9125495000002957,36.756683880137814,0.8094884453371071,False
29,x,57,5.707393416999821,6.341279566036419,0.9671328612609027,False
29,x,59,1.9909232079999128,4.2955476399175145,0.9777359823405773,False
29,y,0,0.027516916999957175,7.812970601910241,0.9888216436716718,False
29,y,1,0.008199207999950886,6.0995546218329,0.9912731023216343,False
29,y,2,0.018798874999902182,656.702215371247,0.06042762234027721,False
29,y,3,0.015228833000037412,208.22858562415436,0.702078319956625,False
29,y,4,0.14368400000012116,1.099534527404707,0.9984268482029582,False
29,y,5,0.15185050000036426,2.877540091887056,0.9958829784297026,False
29,y,6,0.1650594159996217,1.082120521333413,0.9984517631776697,False
29,y,7,0.010548541999924055,2.9907097410400065,0.9957210616981237,False
29,y,8,0.02074679199995444,124.03625630446706,0.8225359416731739,False
29,y,9,0.018263083999954688,360.14870055314617,0.4847196142037039,False
29,y,10,0.0076469999999062566,3.6820418750437205,0.9947319427920283,False
29,y,11,0.04504291599960197,5.66191774539189,0.991899248405696,False
29,y,19,0.015393958000004204,3.986805559378568e-13,0.9999999999999994,False
29,y,20,0.01576033399987864,18.303220112153145,0.9738127881449539,False
29,y,21,0.023962249999840424,3.3108059585866894,0.9952630861390946,False
29,y,22,0.014729125000030763,2083.731310095593,-1.9812848740334004,False
29,y,23,0.007567582999854494,37.56279902303923,0.9462572722254645,False
29,y,24,0.014215040999715711,618.6851704414837,0.11482025945976759,False
29,y,25,0.013926957999956358,636.5323321321267,0.08928555019329332,False
29,y,26,0.08905687500009662,24.355148329796137,0.9651540316312999,False
29,y,27,0.014119416000085039,5.567915371293306,0.9920337416844913,False
29,y,28,0.019657165999888093,2278.1378885152935,-2.259430808131134,False
29,y,29,0.01566937500001586,11.380673884673529,0.9837171756529743,False
29,y,30,0.013678458999947907,5.8121815693822905,0.9916842594273154,False
29,y,31,0.015500875000270753,18.793602843350918,0.9731111762759361,False
29,y,33,0.009460917000069458,1.1009998687394542,0.9984247516754763,False
29,y,34,0.010498957999971026,0.0706594269162326,0.9998989044894355,False
29,y,35,0.007250374999784981,1.0820617333792601,0.9984518472881487,False
29,y,36,0.01608583400002317,695.4185468291383,0.0050344856175871255,False
29,y,37,0.01565808300028948,12.21882828435165,0.9825179917554352,False
29,y,38,0.0077903329997752735,124.11789863529665,0.8224191324450342,False
29,y,39,0.1471685419996902,10.823494686191834,0.9845143561284567,False
29,y,40,0.015894165999725374,15608.470480356807,-21.33171653390853,False
29,y,41,0.014306542000213085,2324.353791286326,-2.3255539072099483,False
29,y,42,5.9225304999999935,1.8545913353928537e-10,0.9999999999997347,False
29,y,47,1.008593916999871,4.718657704805491,0.9932488115080286,False
29,y,51,3.9101327919997857,2004.608094695282,-1.868079853734026,False
29,y,52,0.4761830409997856,80.57454021377617,0.8847185062643672,False
29,y,53,0.9569382500003485,2100.466202177802,-2.0052282108693755,False
29,y,54,0.5250491250003506,8.936581125741122e-05,0.999999872140453,False
29,y,55,9.986628459000258,7.216382836018401,0.989675207695915,False
29,y,56,11.285771666999608,223.2020881491659,0.6806550796507194,False
29,y,57,5.916365166000105,11.151128959656075,0.9840455955454768,False
29,y,58,1.1636961659996814,5960.903916069018,-7.528524092546176,False
29,y,59,3.5212613750004493,1.961776595562526,0.9971932010320875,False
29,z,0,0.029534458999478375,5.183775963795949,0.9843706769964846,False
29,z,1,0.019329749999997148,0.3079682615609509,0.9990714615237263,False
29,z,2,0.0177182500001436,311.30205679788617,0.061409977720175424,False
29,z,3,0.016032874999837077,112.32841885174459,0.6613246496435217,False
29,z,4,0.014529041999594483,1.2195206046920175,0.9963230892744415,False
29,z,5,0.16663024999979825,6.3796776967897545e-06,0.9999999807649782,False
29,z,6,0.017444375000195578,1.2818493214860027,0.9961351653259585,False
29,z,7,0.01047716599987325,3.547537048198675,0.9893040125999902,False
29,z,8,0.02111358299953281,37.583420006985364,0.886684259704037,False
29,z,9,0.019464416000118945,171.04308629031743,0.4842972262265852,False
29,z,10,0.007989249999809545,4.714568644439535,0.9857853586495985,False
29,z,11,0.04526837499997782,2.9385715241276653,0.9911400716697077,False
29,z,19,0.013954584000202885,0.03356547147005994,0.9998987985593832,False
29,z,20,0.015747415999612713,4.210813173617512,0.9873042045687227,False
29,z,21,0.021944790999441466,2.7281687653607336,0.9917744456666872,False
29,z,22,0.013133374999597436,1278.7747401242334,-2.8555646697938264,False
29,z,23,0.008693957999639679,9.558965972099898,0.9711792778466916,False
29,z,24,0.015566083000521758,303.9879919891721,0.08346221959220423,False
29,z,25,0.01486116599971865,301.5233900218576,0.09089310790437,False
29,z,26,0.09012050000001182,3.960586393265568,0.9880586498228316,False
29,z,27,0.01349420899987308,7.336248422293884,0.9778808735125006,False
29,z,28,0.019674416999805544,72.55270033667995,0.7812502707951005,False
29,z,29,0.0159217919999719,8.735379181859377,0.9736624299072739,False
29,z,30,0.014466083999650436,6.813916277047636,0.9794557289596089,False
29,z,31,0.015598709000187228,13.751575006464973,0.9585383687327174,False
29,z,33,0.009357625000120606,1.990795344509518,0.9939976604524302,False
29,z,34,0.009899833999952534,3.857714080856605e-12,0.9999999999999883,False
29,z,35,0.007767957999931241,2.1161329084443428,0.99361976193118,False
29,z,36,0.14658112500001153,1.2807587485284464,0.9961384534535959,False
29,z,37,0.013743166000494966,57.557461824097174,0.8264616047464022,False
29,z,38,0.007500374999835913,90.69300852080247,0.7265564070993882,False
29,z,39,0.1561403750001773,1.2807438983105601,0.996138498227686,False
29,z,40,0.015096541000275465,13349.707127390488,-39.24998112447953,False
29,z,41,0.013063125000371656,1312.0484995936038,-2.9558865853087197,False
29,z,42,2.875278917000287,4.0611190157986514e-08,0.9999999998775554,False
29,z,47,0.7003577080004106,213.1050227658087,0.3574785527499248,False
29,z,50,12.395048207999935,2764.888222325707,-7.3362651852916745,False
29,z,51,6.785191291999581,75.74792993105167,0.7716165065758116,False
29,z,52,0.48537629100064805,320.0916984999871,0.0349088036326467,False
29,z,53,1.4826127920005092,2694.6264485751667,-7.124422705134995,False
29,z,54,1.0401097089998075,0.0005832084472892813,0.9999982415997017,False
29,z,55,9.18567104199974,17.47792396310663,0.9473032552027497,False
29,z,56,1.3509238340002412,23.579574586043364,0.9289064978763304,False
29,z,57,3.4754050410001582,7.193012404028528,0.978312736696952,False
29,z,58,1.146816124999532,9.1892675210092,0.9722939356842121,False
29,z,59,3.691664999999375,3.019446636234414,0.9908962294861546,False
30,x,0,0.03921004099993297,10.54714457270452,0.985168083778415,False
30,x,1,0.009044209000421688,0.007394947416417187,0.9999896008592859,False
30,x,2,0.15873875000033877,0.0071773783239098155,0.9999899068157019,False
30,x,3,0.16312441700029012,0.0071466745384133725,0.9999899499928833,False
30,x,4,0.12595370799954253,3.024339648944279,0.9957470240414789,False
30,x,5,0.1654463750001014,0.007064611758712515,0.9999900653936219,False
30,x,6,0.13790091700047924,3.0251327134743815,0.9957459087949221,False
30,x,7,0.0214277499999298,3.853194252686654,0.9945814477134178,False
30,x,8,0.01875016699978005,80.7771704416961,0.886407148745406,False
30,x,9,0.1564591249998557,37.596414986451265,0.947130062220433,False
30,x,10,0.00886866699966049,46.338831757106,0.9348360434722591,False
30,x,11,0.05009054200036189,46.192246669887616,0.9350421786700815,False
30,x,19,0.07001233299979503,2.0617168749878306e-12,0.9999999999999971,False
30,x,20,0.015706209000200033,0.007724826127097664,0.9999891369675314,False
30,x,21,0.026069334000567324,5.683017658015524,0.9920082595617763,False
30,x,22,0.016058833999522903,798.0364849886863,-0.12223836560962176,False
30,x,23,0.007617374999426829,0.010683792016805731,0.9999849759233858,False
30,x,24,0.019164041000294674,711.1113908255716,-2.2289725620794343e-11,False
30,x,25,0.03929279200019664,10.03993999219925,0.9858813399392082,False
30,x,26,0.037479542000255606,4.597374475966672,0.9935349446860473,False
30,x,27,0.014647208000496903,46.412345490274895,0.9347326648256519,False
30,x,28,0.01803370800007542,46.43884898817317,0.9346953942963919,False
30,x,29,0.1365345839994916,46.58580047355147,0.9344887438513597,False
30,x,30,0.04229037499953847,46.48391030259204,0.9346320268479145,False
30,x,31,0.022831083999335533,629.0420699870939,0.115409937013071,False
30,x,33,0.009511082999779319,4.629016865275839,0.9934904475935832,False
30,x,34,0.010078791000523779,7.525932555867226e-07,0.9999999989416661,False
30,x,35,0.0091593750003085,4.629984316657617,0.9934890871156127,False
30,x,36,0.16426645800038386,0.007965850431274098,0.9999887980272371,False
30,x,37,0.015815582999493927,0.005052821065248309,0.9999928944731717,False
30,x,38,0.007681083000534272,0.007272781596678013,0.9999897726549024,False
30,x,39,0.16617412499999773,0.008095322356815473,0.9999886159574134,False
30,x,40,0.013030291999712063,1667.5829418669857,-1.3450375896357984,False
30,x,41,0.016863458000443643,1.7591835969781544,0.9975261490397798,False
30,x,42,5.923677750000024,5.725053920917401e-07,0.9999999991949146,False
30,x,47,1.035314417000336,0.19949690990096325,0.9997194575807965,False
30,x,50,9.85428208400026,15.807313908236598,0.9777709735598001,False
30,x,51,6.799248792000071,0.0007337915927746789,0.9999989681059785,False
30,x,52,6.231514957999934,8.14047931403273e-05,0.9999998855245547,False
30,x,53,5.181425125000715,1.875984815874638e-05,0.9999999736189739,False
30,x,54,9.40021279099983,8.573753623299053e-07,0.9999999987943163,False
30,x,55,9.330571542000143,5.920167690408555e-09,0.9999999999916748,False
30,x,56,3.0057914580002034,76.24538931015951,0.8927799634550344,False
30,x,57,5.222151375000067,0.00013432772072918947,0.999999811101717,False
30,x,59,8.862776457999644,1.9670023544525497e-09,0.9999999999972339,False
30,y,0,0.03921562499999709,2.265909438094303,0.9838007244511099,False
30,y,1,0.008897541000806086,0.035051615538552586,0.9997494115303124,False
30,y,2,0.02181137499974284,0.0009912936838953731,0.9999929131150321,False
30,y,3,0.0162387079999462,0.0009195980389089308,0.9999934256763416,False
30,y,4,0.14122054099971137,0.7175057065402397,0.9948704601990087,False
30,y,5,0.02962266700069449,0.0007740527848421438,0.9999944661979246,False
30,y,6,0.13307883400011633,1.1285638080691696,0.9919317534081181,False
30,y,7,0.015346790999501536,0.8780180436400397,0.9937229370306235,False
30,y,8,0.023712209000223083,13.885376564938177,0.9007316721074649,False
30,y,9,0.11705466700004763,2.8073289092738816,0.979930047603341,False
30,y,10,0.00859970900000917,10.474525324794628,0.9251162826159186,False
30,y,11,0.044434166999963054,10.443772694430645,0.9253361370923351,False
30,y,19,0.02349495799990109,1.108778196512275e-11,0.9999999999999207,False
30,y,20,0.015695667000727553,0.06978787355476024,0.9995010775917702,False
30,y,21,0.03327820899994549,1.1827745131589849,0.9915441941638317,False
30,y,22,0.01729566700032592,179.81918246176716,-0.28555026811847783,False
30,y,23,0.007610917000420159,0.03223313960595433,0.9997695611742003,False
30,y,24,0.019869499999913387,139.87720820165515,-2.532256626608387e-10,False
30,y,25,0.017854499999884865,139.87720854950985,-2.7400828273016486e-09,False
30,y,26,0.03373187500073982,1.1178243359903433,0.992008531263636,False
30,y,27,0.01398870800039731,10.489946143012554,0.925006037219831,False
30,y,28,0.017715375000079803,10.495214086719189,0.9249683760184408,False
30,y,29,0.1154383749999397,10.526398485374386,0.9247454347754462,False
30,y,30,0.030993708000096376,10.505280816916077,0.9248964076804331,False
30,y,31,0.024109500000122353,104.93351509431191,0.24981691821010998,False
30,y,33,0.009718625000459724,1.1339143338702378,0.991893501816803,False
30,y,34,0.009419791999789595,1.4719799985646822e-07,0.9999999989476627,False
30,y,35,0.009794083999622671,1.1342540242845722,0.9918910733267096,False
30,y,36,0.02219024999976682,0.0009878426309984166,0.9999929377870495,False
30,y,37,0.016010874999665248,0.042549890426674286,0.9996958054068672,False
30,y,38,0.007998334000149043,0.03480243685984608,0.9997511929404647,False
30,y,39,0.06587216600019019,0.0007733749913246063,0.999994471043557,False
30,y,40,0.013464416000715573,1562.0869364557104,-10.167558724787215,False
30,y,41,0.015874999999141437,0.6610408330029223,0.995274134781005,False
30,y,42,5.482835583999986,4.819591737721134e-05,0.9999996554412401,False
30,y,47,0.6207413749998523,0.029740880823342444,0.99978737865008,False
30,y,51,7.208635125000001,15.284560510299498,0.890728727641355,False
30,y,52,5.932735541000511,4.621088295956062e-06,0.9999999669632504,False
30,y,53,5.33780520900018,0.00022056042576268315,0.9999984231853877,False
30,y,54,8.598494083000332,0.0010961882871353742,0.9999921632101362,False
30,y,55,9.141892125000595,2.2953530128619605e-09,0.9999999999835902,False
30,y,56,10.159647916999347,24.69315229814024,0.8234655050535888,False
30,y,57,5.609911374999683,3.3777066800078475e-05,0.9999997585234418,False
30,y,58,5.23036458399929,4.508447737665509e-05,0.9999996776853215,False
30,y,59,8.420081124999342,1.8520037249397988e-10,0.999999999998676,False
30,z,0,0.028142207999735547,10.016264225213602,-3.499703229169418,False
30,z,1,0.007746874999611464,1.984302640718147e-08,0.9999999910857253,False
30,z,2,0.15935075000015786,3.848427191185626e-08,0.9999999827113384,False
30,z,3,0.1635878329998377,3.402266173672625e-08,0.9999999847156706,False
30,z,4,0.15021700000033889,0.014941400994108017,0.9932877299570171,False
30,z,5,0.1667382080004245,4.5938505081554076e-08,0.9999999793626012,False
30,z,6,0.1523327920003794,0.015065435194733108,0.9932320088737339,False
30,z,7,0.02841050000006362,0.01238259987447548,0.994437244926064,False
30,z,8,0.011702499999955762,0.005215481980466706,0.9976569985993275,False
30,z,9,0.0389657920004538,0.039830661415406185,0.9821064868337142,False
30,z,10,0.007355957999607199,0.14851407425881022,0.9332815863785558,False
30,z,11,0.04682216600031097,0.14805018967507005,0.9334899817355955,False
30,z,19,0.012483833000260347,2.352723501123821e-09,0.9999999989430632,False
30,z,20,0.02841362500021205,9.190888054398654e-05,0.9999587108848894,False
30,z,21,0.02323966699987068,2.2259832986812587,-1.1920264775255873e-09,False
30,z,22,0.011270375000094646,0.0013273855445948457,0.9994036857567784,False
30,z,23,0.007393500000034692,1.2666660608789163e-06,0.9999994309633575,False
30,z,24,0.0179152079999767,2.225983296045023,-7.725153849946764e-12,False
30,z,25,0.017881917000522662,2.225983299227659,-1.4374910151104814e-09,False
30,z,26,0.014132749999589578,0.014946774340438946,0.9932853160366878,False
30,z,27,0.012831000000005588,0.14874671155973318,0.9331770764743988,False
30,z,28,0.0183880840004349,0.1488298558507848,0.9331397247605742,False
30,z,29,0.11397704099999828,0.1493044176061524,0.9329265327944825,False
30,z,30,0.012751707999996142,0.14897810545287563,0.9330731251583421,False
30,z,31,0.01382062499942549,0.14942565920228412,0.9328720662599186,False
30,z,33,0.009346499999992375,0.015066026128044498,0.9932317434030483,False
30,z,34,0.01042566700016323,1.4207243175189598e-14,0.9999999999999937,False
30,z,35,0.007131082999876526,0.015069413363386687,0.993230221722563,False
30,z,36,0.16078120800011675,1.913110681307661e-07,0.9999999140554791,False
30,z,37,0.009449707999920065,0.0004981325806101871,0.9997762190841687,False
30,z,38,0.007194417000391695,3.21645566727941e-06,0.9999985550405194,False
30,z,39,0.16665758399994957,1.528786716009099e-07,0.9999999313208361,False
30,z,40,0.017900374999953783,1449.3145480596122,-650.089588428562,False
30,z,41,0.013893416999962938,0.006220515653975417,0.9972054976041035,False
30,z,42,5.348370916999556,1.5870313626376475e-06,0.9999992870425554,False
30,z,47,13.664276958999835,7.844526505941592e-09,0.9999999964759275,False
30,z,50,11.32503191700016,1.6275925252892348e-06,0.999999268820872,False
30,z,51,7.072315999999773,7.351190908250629e-05,0.9999669755342667,False
30,z,52,5.880268541000078,0.0001826686664426547,0.9999179379886773,False
30,z,53,2.0596329589998277,5.651233399516973,-1.5387582241076823,False
30,z,54,9.498169082999993,8.015212387123156e-09,0.9999999963992486,False
30,z,55,9.961379125000349,6.975664080448501e-08,0.9999999686625497,False
30,z,56,11.107672540999374,4.164846515408086e-10,0.9999999998128986,False
30,z,57,5.451261083000645,9.367696174103718e-06,0.9999957916592677,False
30,z,58,5.331670540999767,0.00741569106564781,0.9966685773972874,False
30,z,59,9.33322966600008,0.01587499284501969,0.9928683234625579,False
31,x,0,0.03369512500012206,12.150309235867962,0.9862275014231768,False
31,x,1,0.008650333999867144,5.492661001103385,0.9937740131257438,False
31,x,2,0.020631249999496504,854.1572368099046,0.031804121197143154,False
31,x,3,0.016925167000408692,282.14528440071075,0.6801854625728314,False
31,x,4,0.016245416999481677,1.5043547191698585,0.9982947986897616,False
31,x,5,0.14441562499996508,0.7466344528135364,0.9991536822858446,False
31,x,6,0.01856204199975764,1.4193867849822308,0.9983911107037159,False
31,x,7,0.010767166999357869,7.088174446086632,0.991965482476543,False
31,x,8,0.022485333000076935,131.72238806169497,0.8506913390516803,False
31,x,9,0.019967541000369238,469.9909355211101,0.4672605145327484,False
31,x,10,0.007840166999812936,7.339517524017627,0.9916805825521131,False
31,x,11,0.044130166999821085,18.610369074888705,0.9789049581683549,False
31,x,19,0.014538375000483938,8.863636046283473e-13,0.999999999999999,False
31,x,20,0.015689832999669306,40.4363738055415,0.9541649607530398,False
31,x,21,0.018331708000005165,4.391279348627676,0.9950224403835852,False
31,x,22,0.011563749999368156,2909.4114404272755,-2.297847334155968,False
31,x,23,0.007551791999503621,68.77424533806598,0.9220436963658118,False
31,x,24,0.018184124999606865,728.9513002289141,0.17372631839365937,False
31,x,25,0.015518167000664107,874.45944710993,0.008791360201888199,False
31,x,26,0.014872458999889204,2094.5098079649297,-1.3741480804606505,False
31,x,27,0.013106041000355617,5.662044296455093,0.9935820154449536,False
31,x,28,0.021357333000196377,3203.823396925718,-2.6315662686424024,False
31,x,29,0.020891624999421765,851.6083802440894,0.0346932759292371,False
31,x,30,0.015622040999915043,12.264227732134291,0.9860983736538959,False
31,x,31,0.014392333000614599,139.39606941856331,0.8419931435148558,False
31,x,33,0.009700125000563276,1.705205674510829,0.9980671320976702,False
31,x,34,0.010112375000062457,0.2880144843231822,0.9996735326650177,False
31,x,35,0.007282124999619555,1.7101717605481628,0.9980615029888504,False
31,x,36,0.019181624999873748,828.7109976651725,0.06064769098644229,False
31,x,37,0.015457459000572271,66.99583448927156,0.9240595430746119,False
31,x,38,0.007374917000561254,530.167396338181,0.39904988673121145,False
31,x,39,0.1529786659993988,16.84222110664504,0.9809091717981085,False
31,x,40,0.016876833999958762,15197.601447742814,-16.226635161867318,False
31,x,41,0.017827708999902825,3320.4305704266603,-2.7637416807996695,False
31,x,42,0.23251554199941893,,,False
31,x,47,0.3110173750001195,,,False
31,x,50,0.3357592909997038,,,False
31,x,51,0.24127374999989115,,,False
31,x,52,0.21404541700030677,,,False
31,x,53,0.2028165829997306,,,False
31,x,54,0.24320245800026896,,,False
31,x,55,0.3177580419996957,,,False
31,x,56,0.34536104099970544,,,False
31,x,57,0.226726625000083,,,False
31,x,59,0.2574269579999964,,,False
31,y,0,0.03218345799996314,2.201193295608217,0.9474046808261756,False
31,y,1,0.008593833000304585,22.311603614574878,0.46688647665348826,False
31,y,2,0.014765249999982188,40.86747077583743,0.023512531329879183,False
31,y,3,0.016352999999980966,26.211084133655255,0.3737122774941747,False
31,y,4,0.019468959000732866,2.232077889946817,0.9466667242368867,False
31,y,5,0.02068737500030693,443.14627650894124,-9.588538453293534,False
31,y,6,0.016955749999397085,2.4509832288633215,0.9414361994155822,False
31,y,7,0.011832082999717386,4.552146139741951,0.8912310065529865,False
31,y,8,0.014121291999799723,2.050359429813969,0.9510087056655654,False
31,y,9,0.019677708000017446,26.979520622148833,0.35535125374502585,False
31,y,10,0.00722620799933793,24.315832480849963,0.4189974261419094,False
31,y,11,0.045396749999781605,20.91802347277573,0.5001846847202074,False
31,y,19,0.012884083000244573,1.2109936668427931e-11,0.9999999999997107,False
31,y,20,0.01616199999989476,13.570407651054754,0.6757486390903642,False
31,y,21,0.023196125000140455,5.529236256284134,0.8678844123926021,False
31,y,22,0.012835749999794643,950.5624658493534,-21.71274239556953,False
31,y,23,0.007517791999816836,13.981331151097493,0.6659300317541099,False
31,y,24,0.02053733299999294,1.7268279873156223,0.9587391669180683,False
31,y,25,0.012727207999887469,39.37079687861785,0.05927406189625528,False
31,y,26,0.011135542000374699,2.7756443443928775,0.9336787457523007,False
31,y,27,0.012975458000255458,26.6823519592143,0.36245180266396193,False
31,y,28,0.02139824999994744,423.48502457780836,-9.118752440980076,False
31,y,29,0.014799167000091984,3.755286458386187,0.910271174157203,False
31,y,30,0.014914249999492313,19.305742523661724,0.5387085305295303,False
31,y,31,0.015586292000079993,32.51748385779245,0.22302714366677145,False
31,y,33,0.008750832999794511,3.4386274381004047,0.9178374257328509,False
31,y,34,0.009380833999784954,0.007061037365513746,0.9998312835521176,False
31,y,35,0.007830583000213664,6.013177324472288,0.8563211230651895,False
31,y,36,0.014532167000652407,40.923797198139134,0.022166667627319336,False
31,y,37,0.016527624999980617,240.47487180464267,-4.745907304499078,False
31,y,38,0.007514791999710724,308.43236787206325,-6.3696839183253795,False
31,y,39,0.020662875000198255,0.725664377227626,0.9826609732050745,False
31,y,40,0.010789334000037343,9389.830476939955,-223.36063743611385,False
31,y,41,0.01769691600020451,417.8988372505024,-8.985276064311726,False
31,y,42,0.23155141600000206,,,False
31,y,47,0.31538266700044915,,,False
31,y,51,0.27311812500011,,,False
31,y,52,0.2265226250001433,,,False
31,y,53,0.193844041000375,,,False
31,y,54,0.2610282920004465,,,False
31,y,55,0.2624602500000037,,,False
31,y,56,0.33730629199999385,,,False
31,y,57,0.20796608300042863,,,False
31,y,58,0.20999274999940098,,,False
31,y,59,0.2597185829999944,,,False
31,z,0,0.02799299999969662,15.678708550557255,0.9838855150409461,False
31,z,1,0.008449291000033554,3.1161822662005068,0.9967972060902571,False
31,z,2,0.018517290999625402,940.5925354266737,0.03326449268088583,False
31,z,3,0.01657737499954237,336.27499564519877,0.6543785260146397,False
31,z,4,0.014356999999108666,3.220508048681179,0.9966899806611215,False
31,z,5,0.1679409170001236,1.3940934857002297e-05,0.9999999856715887,False
31,z,6,0.017300458000136132,3.4280496056126095,0.9964766706626119,False
31,z,7,0.010713833999943745,16.620997516787035,0.9829170359519683,False
31,z,8,0.02190458299992315,111.96520520064968,0.8849228168681582,False
31,z,9,0.020579332999659528,528.1965197138273,0.4571227059354602,False
31,z,10,0.007679375000407163,10.312425140347067,0.9894009497478933,False
31,z,11,0.04468124999948486,19.04138879478509,0.9804293719509088,False
31,z,19,0.014921041999514273,0.3173353258042726,0.9996738446079179,False
31,z,20,0.016036500000154774,39.50800375704059,0.9593939047816252,False
31,z,21,0.01906991600026231,8.128066100996053,0.9916460211943897,False
31,z,22,0.01222862500071642,3590.009720138466,-2.6897909959537087,False
31,z,23,0.007739749999927881,63.8017755497288,0.9344249082032656,False
31,z,24,0.0197463329996026,802.4122697232332,0.17528536169161957,False
31,z,25,0.015090584000063245,965.9595754936121,0.00719239724673304,False
31,z,26,0.08572354199986876,32.730896370764434,0.9663593761206634,False
31,z,27,0.013088334000713076,10.813347245085714,0.9888861049380392,False
31,z,28,0.019569791999856534,3924.1991182183456,-3.0332689049580255,False
31,z,29,0.01889529200070683,972.9454178112352,1.2389365940057573e-05,False
31,z,30,0.017894624999826192,17.521567899584728,0.9819914349790714,False
31,z,31,0.013643415999467834,134.81947521023352,0.8614333318042556,False
31,z,33,0.008413249999648542,5.368948485184689,0.9944818261445795,False
31,z,34,0.008380207999834965,1.1226862403922267e-11,0.9999999999999885,False
31,z,35,0.007335208999393217,5.935636503527289,0.9938993875133229,False
31,z,36,0.01967154199974175,913.1501914651802,0.061469573321469184,False
31,z,37,0.015771500000482774,94.39951319628736,0.9029767323859391,False
31,z,38,0.008054416999584646,503.73609655650404,0.48226298581181337,False
31,z,39,0.15033804199993028,13.315792218542407,0.9863141066286379,False
31,z,40,0.016279417000077956,16839.85954934009,-16.307909165182874,False
31,z,41,0.017109667000113404,4069.594125918445,-3.1827050436010573,False
31,z,42,0.2408057499997085,,,False
31,z,47,0.30627012500008277,,,False
31,z,50,0.33686658300030103,,,False
31,z,51,0.23801458300022205,,,False
31,z,52,0.20580495799913479,,,False
31,z,53,0.20642383300037181,,,False
31,z,54,0.2403444159999708,,,False
31,z,55,0.2583379999996396,,,False
31,z,56,0.35278220899999724,,,False
31,z,57,0.20478033300059906,,,False
31,z,58,0.19357345799926406,,,False
31,z,59,0.25182829200002743,,,False
32,x,0,0.025396042000465968,403.7922705897162,-3.8818278621222957,False
32,x,1,0.00886170800004038,0.10659744938692875,0.9987112422986991,False
32,x,2,0.016241540999544668,0.0028741918650381777,0.9999652511676181,False
32,x,3,0.01525866700012557,0.0023963092255597602,0.9999710287442439,False
32,x,4,0.15869679200022802,0.8100773768455469,0.9902062060202788,False
32,x,5,0.026134957999602193,0.0021989608949372404,0.9999734146754494,False
32,x,6,0.06327145799969003,0.5055430783455431,0.9938880100855669,False
32,x,7,0.025239167000108864,0.6007162668783508,0.9927373711126418,False
32,x,8,0.026201708000371582,7.0584997130768645,0.9146631001287956,False
32,x,9,0.026213000000097963,1.8984132210205014,0.9770482814278137,False
32,x,10,0.008116832999803592,7.047307335414615,0.9147984154012626,False
32,x,11,0.04434870800014323,6.993306399242176,0.9154512839527144,False
32,x,19,0.029122416000063822,3.7830103440983505e-12,0.9999999999999543,False
32,x,20,0.015432958000019426,0.1757120092576947,0.997875650811119,False
32,x,21,0.03893950000019686,0.7308280033755686,0.9911643268849908,False
32,x,22,0.0165512920002584,138.1145461706923,-0.6697977865593014,False
32,x,23,0.007666208000046026,0.09601904952619165,0.9988391346110046,False
32,x,24,0.019051000000217755,82.71333648890854,-1.2614065347804626e-10,False
32,x,25,0.01837866700043378,82.7133366009242,-1.4804042436367126e-09,False
32,x,26,0.015197374999843305,0.8050698485548549,0.99026674678074,False
32,x,27,0.01309137499993085,7.07451947023106,0.9144694220856137,False
32,x,28,0.01938587499989808,7.049950558528715,0.9147664589692454,False
32,x,29,0.10533520799981488,7.137244079818195,0.9137110847695575,False
32,x,30,0.023660666999603563,7.101280429888065,0.9141458834545252,False
32,x,31,0.02203800000006595,41.42892996311984,0.4991263594607728,False
32,x,33,0.008790917000624177,0.8252365958785322,0.9900229318388905,False
32,x,34,0.009130582999205217,6.968837823127737e-07,0.9999999915747108,False
32,x,35,0.007663082999897597,0.8261283819766924,0.9900121501906566,False
32,x,36,0.02191491700068582,0.002845171150308723,0.9999656020265723,False
32,x,37,0.01540249999925436,0.14623947761343678,0.9982319722085992,False
32,x,38,0.007828917000551883,0.10272404741371233,0.9987580715300918,False
32,x,39,0.044939125000382774,0.002182394537165273,0.9999736149618661,False
32,x,40,0.012910792000184301,1544.9444438612659,-17.67829916718833,False
32,x,41,0.01375904199994693,1.059720858480399,0.9871880291184219,False
32,x,42,6.5506257080005525,0.0003811165480227666,0.9999953923204619,False
32,x,47,0.7268838330001017,1.1953249359353272e-09,0.9999999999855486,False
32,x,50,9.773630665999917,15.3618705738765,0.814275771865711,False
32,x,51,6.510173000000577,0.0007211943901842947,0.9999912807967749,False
32,x,52,6.151228249999804,0.00011697892367653869,0.9999985857308065,False
32,x,53,5.577859250000074,1.780179343049419e-06,0.9999999784777229,False
32,x,54,8.758220249999795,8.110652192228718e-07,0.9999999901942631,False
32,x,55,10.033467332999862,1.8146824431913084e-06,0.9999999780605823,False
32,x,56,1.5539348330003122,83.86690904901211,-0.013946633271616049,False
32,x,57,5.298588749999908,8.319776951032762e-05,0.9999989941432295,False
32,x,59,9.00783354199939,1.1132199466567703e-09,0.9999999999865412,False
32,y,0,0.02590200000031473,3425.1644226825656,-3.4568436509452205,False
32,y,1,0.007999749999726191,0.01325026910323288,0.9999827586736173,False
32,y,2,0.15056491599989386,0.012034504639144185,0.999984340633332,False
32,y,3,0.1437877500002287,0.012518002982484787,0.9999837115025061,False
32,y,4,0.04930495799999335,3.2338159760484175,0.995792140048597,False
32,y,5,0.15830237499994837,0.012050788921434298,0.9999843194441301,False
32,y,6,0.14020400000026711,4.9349652727282285,0.9935785947974526,False
32,y,7,0.032215000000178406,4.1447019521644055,0.9946068899763659,False
32,y,8,0.012155250000432716,1.6899529409190939,0.9978010235113816,False
32,y,9,0.05139808300009463,13.312404401451756,0.9826778228097565,False
32,y,10,0.007048708000183979,49.33022154547054,0.9358112319400826,False
32,y,11,0.042298291999941284,48.89010712170158,0.9363839113601637,False
32,y,19,0.06475266699999338,3.5252568086294424e-13,0.9999999999999996,False
32,y,20,0.025608542000554735,768.5179672765028,-1.2000800353462182e-10,False
32,y,21,0.027591166000092926,768.5179671997556,-2.014433064800869e-11,False
32,y,22,0.015634792000128073,628.169303116654,0.1826224890770417,False
32,y,23,0.007129208000151266,0.027556528945289455,0.9999641432860102,False
32,y,24,0.019645124999442487,10.756900288378105,0.9860030594628911,False
32,y,25,0.019914084000447474,768.5179677876771,-7.851506111933304e-10,False
32,y,26,0.017959333000362676,4.906338151481177,0.9936158445723042,False
32,y,27,0.013202166999690235,49.552156902024784,0.9355224483773933,False
32,y,28,0.01967345800039766,49.37637268630052,0.9357511798101382,False
32,y,29,0.13876212499963003,50.064483489723735,0.9348558060741873,False
32,y,30,0.012752666999404028,49.770786962627966,0.9352379656848101,False
32,y,31,0.013440792000437796,49.810226566240225,0.9351866466457032,False
32,y,33,0.00954504099991027,4.940720821040456,0.9935711056448785,False
32,y,34,0.01072533300066425,6.4700253212575765e-06,0.9999999915811658,False
32,y,35,0.007818250000127591,4.94357615162899,0.9935673902722906,False
32,y,36,0.15875783299998147,0.015223001955401591,0.9999801917422814,False
32,y,37,0.009659334000389208,0.029114178827415037,0.9999621164630229,False
32,y,38,0.007775834000312898,0.009906377757383176,0.9999871097642731,False
32,y,39,0.1493068330000824,0.015265206440995998,0.9999801368255619,False
32,y,40,0.017546375000165426,1186.6309400886746,-0.5440510056470118,False
32,y,41,0.014470375000200875,4.141378664367928,0.9946112142575647,False
32,y,42,6.40199366700017,0.0005024920247524363,0.9999993461544867,False
32,y,47,0.9393752500000119,0.5057520298170072,0.9993419125493318,False
32,y,51,7.813189749999765,70.72180291993482,0.9079763831949849,False
32,y,52,6.199695957999211,2.3152694599073654e-05,0.9999999698735806,False
32,y,53,5.645301874999859,8.389657995301881e-05,0.9999998908332876,False
32,y,54,0.8931833330007066,0.06603038152857206,0.9999140808876981,False
32,y,55,9.155947290999393,6.095742494564476e-09,0.9999999999920682,False
32,y,56,10.258815875000437,29.499132247273273,0.9616155594184046,False
32,y,57,5.566763415999958,3.856908175469295e-08,0.9999999999498137,False
32,y,58,5.477371040999969,2.223109909611387e-06,0.9999999971072766,False
32,y,59,8.951563999999962,2.597425928414634e-08,0.9999999999662021,False
32,z,0,0.033478209000350034,24.83667298484537,0.9849416929331991,False
32,z,1,0.008775625000453147,0.00011717288020138247,0.9999999289588742,False
32,z,2,0.16028499999993073,1.8041147721357206e-05,0.999999989061774,False
32,z,3,0.16507779099993058,1.7896918739162045e-05,0.9999999891492191,False
32,z,4,0.07663687500007654,7.24316486178896,0.9956085180695968,False
32,z,5,0.16865833399970143,2.907944137606717e-05,0.9999999823693311,False
32,z,6,0.05146220799997536,7.248545759147612,0.9956052556678745,False
32,z,7,0.011125416999675508,9.209293217536938,0.9944164677280852,False
32,z,8,0.024307124999722873,183.32512557119276,0.8888512146697234,False
32,z,9,0.08711533400037297,29.45294346066623,0.9821428793251634,False
32,z,10,0.007670125000004191,109.03740939883832,0.9338913551948748,False
32,z,11,0.04539733300043736,108.07993331386328,0.9344718664777454,False
32,z,19,0.013067791999674228,1.3883778314463901e-05,0.999999991582359,False
32,z,20,0.015844499999730033,0.16524714159423662,0.9998998117742438,False
32,z,21,0.026017250000222703,13.327914080938287,0.9919193757185929,False
32,z,22,0.015895083000032173,1872.4029036506615,-0.13522523299095823,False
32,z,23,0.00746237499970448,0.007438009154162682,0.9999954903852912,False
32,z,24,0.020319375000326545,1649.3668834594414,-4.871569814213217e-10,False
32,z,25,0.01755841700014571,23.795212272530563,0.9855731235283361,False
32,z,26,0.012933957999848644,11.06169011200005,0.9932933720033303,False
32,z,27,0.013153625000086322,109.52019702982265,0.9335986443152875,False
32,z,28,0.01741245900029753,109.13254351585846,0.9338336760223265,False
32,z,29,0.1185259589992711,110.63647117563292,0.9329218548407633,False
32,z,30,0.028313874999184918,109.99571207483572,0.9333103427554506,False
32,z,31,0.020991917000174,1437.7018117763841,0.12833110274332482,False
32,z,33,0.00929704100053641,11.154752968173812,0.9932369486222425,False
32,z,34,0.009946749999471649,1.3930858450929908e-11,0.9999999999999916,False
32,z,35,0.008453624999674503,11.161825505461755,0.9932326605906576,False
32,z,36,0.1699671659998785,0.0005849865401899303,0.9999996453266121,False
32,z,37,0.015530083000157902,0.0004738106458708634,0.9999997127318059,False
32,z,38,0.007994499999767868,7.224408601645178e-05,0.9999999561988986,False
32,z,39,0.17069912500028295,0.0005671091908840539,0.9999996561655282,False
32,z,40,0.012944750000315253,1776.4230571486664,-0.07703330037046041,False
32,z,41,0.01624729200011643,9.849624043476307,0.9940282394735515,False
32,z,42,6.537185166000199,0.0004688465907410426,0.999999715741479,False
32,z,47,0.6985087499997462,0.28622132924950633,0.999826465941411,False
32,z,50,10.472436833000756,6.187762234485863,0.996248401553618,False
32,z,51,6.707908209000379,0.00020539236902527663,0.999999875471994,False
32,z,52,5.966682500000388,5.381258256236198e-05,0.9999999673737947,False
32,z,53,1.340141874999972,4.991525834924792,0.9969736716024714,False
32,z,54,9.505046708000009,1.3191501349623957e-05,0.9999999920020818,False
32,z,55,9.443160457999511,6.901444762912313e-07,0.99999999958157,False
32,z,56,11.389726291000443,1.0562771765745867e-06,0.9999999993595863,False
32,z,57,4.599904874999993,3.5274898169054676e-05,0.9999999786130676,False
32,z,58,5.15796679199957,0.004054062233735364,0.9999975420494516,False
32,z,59,8.896829000000253,0.0014353546444023826,0.9999991297541745,False
33,x,0,0.029136457999811682,5.285656390241566,0.9884831664940678,False
33,x,1,0.008110333000331593,1.6660001850107105,0.9963699784217824,False
33,x,2,0.014457709000453178,457.8316394015047,0.0024378477439847,False
33,x,3,0.15094587500061607,1.338911692335651,0.9970826663896949,False
33,x,4,0.16590512499988108,1.2985218113120083,0.9971706712656706,False
33,x,5,0.15002216700031568,1.3389689451920963,0.9970825416423472,False
33,x,6,0.1387628330003281,1.2928584060245436,0.9971830111703025,False
33,x,7,0.011098416000095312,1.6638021530742302,0.996374767678969,False
33,x,8,0.01334316599968588,0.49533627692699134,0.998920719583409,False
33,x,9,0.016633582999929786,7.763497068462905,0.9830842384445664,False
33,x,10,0.007049165999887919,12.591084504482737,0.9725654841724163,False
33,x,11,0.04280425000069954,9.614262648973463,0.9790516344545298,False
33,x,19,0.016904250000152388,1.1263554998700576e-12,0.9999999999999976,False
33,x,20,0.016768041999966954,1.0178112842158047,0.9977823070144299,False
33,x,21,0.02357712499997433,458.95049082247317,-5.058842234006988e-12,False
33,x,22,0.013920750000579574,1726.4297858424804,-2.761690684233337,False
33,x,23,0.00758670799950778,4.5947899158792165,0.9899884845799636,False
33,x,24,0.013643000000229222,3.994542345086156,0.9912963545633259,False
33,x,25,0.013234166000074765,4.24426400003317,0.9907522399802894,False
33,x,26,0.08791070900042541,2.8393200926619118,0.9938134501445068,False
33,x,27,0.012603374999343941,14.459998832231838,0.9684933361627054,False
33,x,28,0.01818287500009319,11.539797493875346,0.9748561168912718,False
33,x,29,0.01562724999985221,8.657606279212926,0.9811360779596473,False
33,x,30,0.01280562500051019,15.786725904447412,0.965602551429379,False
33,x,31,0.013537208999878203,18.511783791001267,0.9596649656961463,False
33,x,33,0.009165041999949608,1.2988080180412631,0.9971700476543335,False
33,x,34,0.009700083000097948,0.002177998611722711,0.9999952543931093,False
33,x,35,0.00878779099912208,1.2914999917305152,0.9971859709978247,False
33,x,36,0.019412792000366608,389.2726953272181,0.15181985178492352,False
33,x,37,0.009093458999814175,6.269568752535726,0.9863393353358618,False
33,x,38,0.007106916999873647,0.08285501408286244,0.9998194685140552,False
33,x,39,0.14954799999941315,2.0354063501372104,0.995565085143498,False
33,x,40,0.012196708000374201,1292.2841891081982,-1.8157376774973502,False
33,x,41,0.013062875000287022,1.9028029541101126,0.99585401259576,False
33,x,42,6.839771832999759,0.0019017067092873118,0.9999958564011864,False
33,x,47,13.897094208000453,0.010735085544991444,0.9999766094910896,False
33,x,50,10.975440000000162,952.7546037676785,-1.075942008614248,False
33,x,51,6.61104129100022,0.06476677659354046,0.9998588806899894,False
33,x,52,6.420653625000341,70.68521726900967,0.8459850927652474,False
33,x,53,5.116064916999676,4.959732938710965e-05,0.9999998919331597,False
33,x,54,9.976669957999547,0.00013531262097357755,0.9999997051694601,False
33,x,55,11.290491707999536,2132.446932168947,-3.6463550531523232,False
33,x,56,4.293328708000445,329.9228228749791,0.28113635463075204,False
33,x,57,5.670564625000225,4.611820438754842,0.9899513770417514,False
33,x,59,8.863837917000637,5.623055740682833e-07,0.9999999987748013,False
33,y,0,0.02822775000004185,7.865843212848318,0.9803762313670029,False
33,y,1,0.008664792000672605,1.236966327107517,0.9969140065021489,False
33,y,2,0.015399625000100059,387.4448961462037,0.03339937063714793,False
33,y,3,0.01771908299997449,0.015863338701787202,0.9999604240155814,False
33,y,4,0.025880125000185217,2.7430200663539175,0.9931566915737816,False
33,y,5,0.020825167000111833,0.017069087033631095,0.9999574159049881,False
33,y,6,0.020510041999841633,2.7881288668332203,0.9930441537771381,False
33,y,7,0.014625875000092492,3.616593517613024,0.9909772935324583,False
33,y,8,0.02234066700020776,28.58626708655751,0.9286827519684909,False
33,y,9,0.01678124999943975,13.358598040763898,0.966672862639194,False
33,y,10,0.008262333999482507,30.959693453487354,0.9227615088631099,False
33,y,11,0.04639562499960448,26.35480261108871,0.9342498274102979,False
33,y,19,0.013110666000102356,1.990181951913894e-12,0.999999999999995,False
33,y,20,0.01582141699964268,1.6511594903976547,0.9958806740817291,False
33,y,21,0.027507292000336747,3.5381798680880485,0.991172920533189,False
33,y,22,0.016275250000035157,730.5457640749271,-0.8225714220448104,False
33,y,23,0.007482707999770355,0.10554108900027512,0.9997366952460439,False
33,y,24,0.013501334000466159,7.5670252189513265,0.9811217248909563,False
33,y,25,0.013163874999918335,8.107221658508529,0.9797740384879366,False
33,y,26,0.012052708000737766,4.259613328053166,0.9893730825604039,False
33,y,27,0.013271292000354151,33.66527678484146,0.9160115979031429,False
33,y,28,0.01828570799989393,8.686336355818362,0.9783292585038387,False
33,y,29,0.015548625000519678,12.935968294391207,0.9677272427146438,False
33,y,30,0.016391041999668232,35.32341998449353,0.9118748489711023,False
33,y,31,0.023107250000066415,32.09642790807209,0.9199255746434334,False
33,y,33,0.008952709000368486,4.53340836132885,0.9886900165189795,False
33,y,34,0.00967845800005307,0.0018993588710989658,0.9999952614642793,False
33,y,35,0.007932292000077723,4.674793335942818,0.9883372881521751,False
33,y,36,0.01826354100012395,342.62381706939783,0.14521935762186278,False
33,y,37,0.013997000000017579,6.515519926219863,0.9837450287151704,False
33,y,38,0.007537749999755761,0.09006314683912736,0.9997753097400869,False
33,y,39,0.0208895420000772,0.013382972204267748,0.9999666120537809,False
33,y,40,0.011392583000088052,1662.0274990221983,-3.146439513212738,False
33,y,41,0.013397374999840395,5.148258812278416,0.9871560826905477,False
33,y,42,6.422805707999942,0.0007550240307129633,0.9999981163600024,False
33,y,47,1.0028334999997242,0.021560731388622436,0.9999462101146845,False
33,y,51,8.388998333000018,3463.0734358854697,-7.639703338338759,False
33,y,52,6.168818165999255,0.0023113745975721924,0.9999942335641457,False
33,y,53,5.757716041999629,325.2862214540083,0.1884733299935888,False
33,y,54,9.650895416999447,9.440028952515761e-05,0.9999997644894018,False
33,y,55,9.139267540999754,0.028813410584558413,0.9999281160725508,False
33,y,56,10.903657083000326,83.0947381689619,0.7926945818366099,False
33,y,57,5.658580416999939,6.3147736364702265,0.9842458521663098,False
33,y,58,5.507437874999596,1399.8809936943828,-2.4924343125879727,False
33,y,59,9.511808666999968,0.0007981126629311965,0.9999980088621376,False
33,z,0,0.0315134170004967,0.2947179108382003,0.9848249112961551,False
33,z,1,0.007912000000033004,0.0007928651089029959,0.9999591752047795,False
33,z,2,0.1633792499997071,3.351595982847959e-07,0.9999999827425601,False
33,z,3,0.16954487500061077,2.811784928178131e-07,0.9999999855220588,False
33,z,4,0.021564042000136396,0.08170877086489785,0.9957927977901632,False
33,z,5,0.16719004199967458,2.1380856615769376e-07,0.9999999889909509,False
33,z,6,0.03125300000010611,0.08301950559110816,0.9957253077768116,False
33,z,7,0.012705791000371391,0.12408636538866835,0.9936107663210719,False
33,z,8,0.015742459000648523,0.034660120983103275,0.9982153429056664,False
33,z,9,0.01744349999989936,0.4757843733912806,0.9755017601421594,False
33,z,10,0.007109875000423926,0.9269471837035255,0.9522712898701204,False
33,z,11,0.04324350000024424,0.7554624319743098,0.9611010766701372,False
33,z,19,0.012919333000354527,9.233459355226429e-05,0.9999952456718915,False
33,z,20,0.017371959000229253,0.0021964670698790285,0.9998869034375084,False
33,z,21,0.02147324999987177,19.421165609395715,-5.5783822006105765e-11,False
33,z,22,0.011809208000158833,74.5528019460425,-2.8387398289901626,False
33,z,23,0.00804329200036591,0.04210968728253126,0.9978317631324606,False
33,z,24,0.013924290999966615,0.26405964037988683,0.98640351224507,False
33,z,25,0.01393141700009437,0.28133894051501807,0.9855137973595878,False
33,z,26,0.01535429099931207,0.1263592494192087,0.9934937350328177,False
33,z,27,0.012842666000324243,1.0304203101564915,0.9469434363035621,False
33,z,28,0.017975375000787608,0.42678678396161757,0.9780246565747346,False
33,z,29,0.015275417000339075,0.5038190148973513,0.9740582504130589,False
33,z,30,0.012934083999425638,1.0986912356143401,0.9434281516479064,False
33,z,31,0.01974587499989866,3.206031863155755,0.834920728867913,False
33,z,33,0.00953875000050175,0.12789752271187915,0.9934145290096729,False
33,z,34,0.009772166999937326,1.232423495046156e-13,0.9999999999999937,False
33,z,35,0.007634000000507513,0.12978179197460069,0.9933175075795114,False
33,z,36,0.017952958999558177,16.51167507828846,0.14981029402162138,False
33,z,37,0.009628916999645298,1.8281889934246163,0.905866154982884,False
33,z,38,0.006932499999493302,0.959887326390202,0.9505751948287097,False
33,z,39,0.16481499999918015,0.0032072028241890214,0.9998348604358321,False
33,z,40,0.011600541999541747,1429.0777359221186,-72.58352040983927,False
33,z,41,0.013112292000187153,0.12192024839711696,0.9937223001514938,False
33,z,42,6.564150625000366,0.002554863717352905,0.9998684495169404,False
33,z,47,0.6787069579995659,0.931615315612938,0.9520309267527072,False
33,z,50,10.365650165999796,110.96779451568514,-4.7137556392696895,False
33,z,51,7.569288249999772,9.444083786706665,0.5137220918056247,False
33,z,52,5.727788082999723,5.051956140515514,0.7398736902612448,False
33,z,53,6.03960454099979,958.0608072131156,-48.33075730547614,False
33,z,54,9.362054625000383,3.2965636099330567e-06,0.9999998302592298,False
33,z,55,10.053802417000043,0.03736415953552345,0.9980761113782207,False
33,z,56,1.3725309579995155,60.21826585266512,-2.1006514782455428,False
33,z,57,5.221177083999464,0.0038819941871778754,0.9998001152832188,False
33,z,58,5.80339154199919,0.06860605042980286,0.996467459687361,False
33,z,59,8.186804250000023,0.17302463848562394,0.9910909240992432,False
34,x,0,0.029603167000459507,11.668409003118036,0.9767770590693967,False
34,x,1,0.008548167000299145,3.196256125762927,0.9936386814013944,False
34,x,2,0.015485625000110304,473.4034174205483,0.057813314894488155,False
34,x,3,0.019195040999875346,195.93676052762675,0.6100387109630013,False
34,x,4,0.014978124999288411,3.6614661670414934,0.9927128015058535,False
34,x,5,0.03522250000060012,2671.759922702861,-4.317444978925702,False
34,x,6,0.014938792000066314,3.80833456648981,0.9924204980595097,False
34,x,7,0.011955582999689796,7.409367967128128,0.9852535753085326,False
34,x,8,0.019291958999929193,26.784251921202344,0.9466928953150113,False
34,x,9,0.019301958000141894,265.94940178289,0.47069671225246557,False
34,x,10,0.008531583000149112,21.65339246837964,0.9569045399329098,False
34,x,11,0.045081000000209315,11.739060121419802,0.9766364463477683,False
34,x,19,0.012251417000697984,9.417113623434913e-12,0.9999999999999812,False
34,x,20,0.01580220800042298,0.30111950088801687,0.9994006997543275,False
34,x,21,0.01962995800022327,3.902678674560729,0.9922327305885292,False
34,x,22,0.013293334000081813,2364.2309181781516,-3.705388279112036,False
34,x,23,0.0077261659998839605,2.0631607809264603,0.9958938137210489,False
34,x,24,0.015346084000157134,478.0949592028183,0.04847601812557967,False
34,x,25,0.017116541000177676,461.42698228263924,0.08164930193372744,False
34,x,26,0.011598500000218337,4.94656394450213,0.990155147778765,False
34,x,27,0.013329667000107293,30.378016519382797,0.939540439229547,False
34,x,28,0.02025599999979022,2679.772019245423,-4.333390978477869,False
34,x,29,0.0159851250000429,17.512821861013762,0.9651452715192087,False
34,x,30,0.01822512499984441,26.31512306611192,0.9476265745927684,False
34,x,31,0.015732249999928172,11.046730811705059,0.9780143482245138,False
34,x,33,0.008910499999728927,5.393848781626088,0.989264943351674,False
34,x,34,0.009299375000409782,0.05319321723176845,0.9998941327012661,False
34,x,35,0.007788625000102911,6.380247770699617,0.9873017720700417,False
34,x,36,0.016165750000254775,0.003447555356546172,0.9999931385354782,False
34,x,37,0.015998416999536857,107.2596915773251,0.7865274108004507,False
34,x,38,0.00787774999935209,55.740795128102725,0.8890624083935628,False
34,x,39,0.02160391699999309,0.0020201932151642735,0.9999959793295135,False
34,x,40,0.016095707999738806,16532.227882355928,-31.90311056637028,False
34,x,41,0.013321290999556368,2428.953327359475,-3.834201443349123,False
34,x,42,6.1359887500002515,5.162804491597778e-07,0.9999999989724777,False
34,x,47,0.6593387500006429,97.3520546181623,0.8062459917829149,False
34,x,50,5.857522792000054,24.60137750345172,0.9510373405301903,False
34,x,51,0.5003290829999969,91.45591820993485,0.817980721641155,False
34,x,52,1.0234737079999832,261.9988173259595,0.47855932569532,False
34,x,53,2.0146926659999735,10191.4679772724,-19.283472988398557,False
34,x,54,9.586001499999838,0.005650144086019827,0.9999887548540402,False
34,x,55,11.337237833000472,102.40929540330293,0.7961808660238014,False
34,x,56,0.8169333329997244,12.366433040522175,0.9753878233145955,False
34,x,57,4.681084165999891,5.655270967142295,0.9887446503133883,False
34,x,59,1.9098518330001752,8.817136737163043,0.9824517767958363,False
34,y,0,0.02785337499972229,3.054260373292161,0.9921811057969951,False
34,y,1,0.009759209000549163,11.665549342158611,0.9701362408641163,False
34,y,2,0.01968445799957408,367.07293508984463,0.060294770756459726,False
34,y,3,0.014744916000381636,100.77741152616,0.7420102340762827,False
34,y,4,0.02302858399980323,0.12000639469128707,0.9996927841149431,False
34,y,5,0.07608754200009571,1113.8181199422718,-1.8513698823362743,False
34,y,6,0.01727308399949834,0.11980180146189745,0.9996933078727829,False
34,y,7,0.01198024999939662,0.6247197779508613,0.9984007198950569,False
34,y,8,0.01335362499958137,2.053364896306438,0.994743394170066,False
34,y,9,0.01775625000027503,224.71548027460375,0.4247292793342725,False
34,y,10,0.007099000000380329,2.998227717080665,0.9923245491702786,False
34,y,11,0.04277162499965925,8.495961183614435,0.9782503737309357,False
34,y,19,0.015633375000106753,6.182817410245105e-12,0.9999999999999841,False
34,y,20,0.01699404200007848,20.70683708096812,0.9469905808192663,False
34,y,21,0.01835437499994441,0.777516947603588,0.9980095597587173,False
34,y,22,0.013678290999450837,622.056234678361,-0.5924614449379895,False
34,y,23,0.007229208999888215,37.95260939221374,0.9028414734511233,False
34,y,24,0.015909083999758877,329.18446347517454,0.15728910485422232,False
34,y,25,0.015230625000185682,355.17194495224663,0.09076125737645357,False
34,y,26,0.08616870800051402,36.41372476734339,0.9067810118669404,False
34,y,27,0.012463250000109838,1.190556183461703,0.9969521809854127,False
34,y,28,0.019769042000007175,1051.63255305949,-1.6921750826190975,False
34,y,29,0.016040209000493633,3.0701389507711085,0.9921404567028682,False
34,y,30,0.01926212500075053,1.778938090280512,0.995445925683603,False
34,y,31,0.021479250000083994,31.777127509355225,0.918650682095178,False
34,y,33,0.009373957999741833,0.21182321147370778,0.9994577334353232,False
34,y,34,0.009640249999392836,0.041445765790203426,0.9998938990071999,False
34,y,35,0.007883792000029644,0.4307429239008674,0.9988972998569066,False
34,y,36,0.01698412499990809,386.08739948333175,0.011617818811060499,False
34,y,37,0.0101952920003896,55.128256371733116,0.8588718866485852,False
34,y,38,0.007273541999893496,52.42982249611181,0.8657798664566542,False
34,y,39,0.15482070800044312,16.33483464927035,0.9581828893623255,False
34,y,40,0.012834625000323285,1349.8878776569682,-2.4557075073275074,False
34,y,41,0.013330333000340033,1089.7716225708796,-1.7898109463189469,False
34,y,42,6.519343625000147,3.8679289542947557e-07,0.9999999990098117,False
34,y,47,1.0323075829992376,226.0640548356371,0.4212769339121897,False
34,y,51,8.189836250000553,1725.2830961418827,-3.416717748403859,False
34,y,52,0.45131237500027055,71.95321276019226,0.8158000663408314,False
34,y,53,2.4202006249997794,708.2051061526271,-0.8130022074923953,False
34,y,54,5.1647886669998115,0.00015356064695676704,0.9999996068853648,False
34,y,55,7.633217917000366,4.428785023051951,0.9886623282527252,False
34,y,56,11.939657333000468,996.788188147907,-1.5517737302575014,False
34,y,57,5.832075709000492,10.356019555115724,0.9734886318226956,False
34,y,58,1.6521681249996618,5494.721108278672,-13.066463814393005,False
34,y,59,2.0037846669993087,2.4058466792519564,0.9938410422312995,False
34,z,0,0.030539917000169226,8.072240243531592,0.9843531121698628,False
34,z,1,0.008125541000481462,0.5090146132840081,0.9990133476807337,False
34,z,2,0.017845791000581812,484.24335487647,0.06136323651753017,False
34,z,3,0.017851874999905704,174.85159386653828,0.6610750927113782,False
34,z,4,0.014534041999468172,1.8886118689615983,0.9963391949227492,False
34,z,5,0.03475116600020556,2226.454908678927,-3.315665684364756,False
34,z,6,0.01436779200048477,1.9866145189220865,0.9961492307461731,False
34,z,7,0.01025087500056543,5.621837455260832,0.9891028689176815,False
34,z,8,0.012516333000348823,1.2046042213525339,0.997665046311485,False
34,z,9,0.0185685000005833,289.7397086075965,0.43838084797433063,False
34,z,10,0.00707841700022982,7.05556793914875,0.9863237866080317,False
34,z,11,0.04379087500001333,4.5476373866685345,0.9911850527320022,False
34,z,19,0.01286908299971401,0.05533799060872306,0.9998927351880423,False
34,z,20,0.017129832999671635,7.003279495343466,0.9864251403079155,False
34,z,21,0.021438750000015716,515.9006910143951,-3.232170087130726e-11,False
34,z,22,0.016798665999885998,1471.5601878554269,-1.8524098019902238,False
34,z,23,0.0070796250001876615,15.528516096012455,0.9699001835683119,False
34,z,24,0.015262124999935622,472.04126391997886,0.08501525166194268,False
34,z,25,0.01717208300033235,469.10557534881957,0.09070566577145278,False
34,z,26,0.08617799999956333,6.450419018295486,0.9874967815882921,False
34,z,27,0.012563917000079527,11.040978048352779,0.9785986368287273,False
34,z,28,0.018488583999896946,2064.83889378941,-3.002396061529087,False
34,z,29,0.015844791000745317,13.595602265058629,0.9736468616881176,False
34,z,30,0.013022832999922684,10.188650209472678,0.9802507529312116,False
34,z,31,0.017091916000026686,4.738404751601143,0.9908152773696864,False
34,z,33,0.009165832999315171,3.086445358483758,0.994017365333404,False
34,z,34,0.009309707999818784,3.723195879209052e-12,0.9999999999999928,False
34,z,35,0.00726879200010444,3.2859643862450265,0.9936306261193599,False
34,z,36,0.016240334000030998,513.5209204856062,0.004612846141980764,False
34,z,37,0.00961062500027765,19.734143835787272,0.9617481732819109,False
34,z,38,0.007810834000338218,98.81929485176438,0.8084528736322218,False
34,z,39,0.15534712499993475,2.119029342340327,0.9958925634733261,False
34,z,40,0.013352332999602368,1201.1866994758989,-1.3283293091794026,False
34,z,41,0.013642333999996481,2099.443655878233,-3.0694724634270942,False
34,z,42,0.6300938750000569,1.9370434153462822e-08,0.9999999999624531,False
34,z,47,0.6847430409998196,7.082644735857802,0.9862713020946717,False
34,z,50,2.8749243330003083,2816.9205353314555,-4.46019919043664,False
34,z,51,6.7688684160002595,82.66991863734293,0.8397561389625892,False
34,z,52,0.4472842920004041,337.0054648397044,0.3467629124745759,False
34,z,53,1.346481667000262,2831.444569441386,-4.488351961625688,False
34,z,54,0.47656641699995816,0.0041681855774778655,0.9999919205660116,False
34,z,55,9.703241083000648,7.710146814844398,0.9850549787015531,False
34,z,56,0.8022764160004954,21.284652564045917,0.9587427329804837,False
34,z,57,2.6123029999998835,6.933631353553313,0.9865601433094728,False
34,z,58,0.543874582999706,1.8902621664169388,0.9963359960562153,False
34,z,59,9.9402299580006,3.3468359278444377,0.9935126353070552,False
35,x,0,0.03264416700039874,6.566587026621004,0.9881614616535535,False
35,x,1,0.008401958000831655,1.8019257793849395,0.9967514071845514,False
35,x,2,0.015033499999844935,473.8309728910788,0.14575621710878095,False
35,x,3,0.15091845899951295,1.3273399920865565,0.9976070117807949,False
35,x,4,0.16177587500078516,1.643788206022143,0.9970365047121833,False
35,x,5,0.14639374999933352,1.3282215413598064,0.9976054224841279,False
35,x,6,0.15150737499971,1.6364034539627283,0.9970498182752382,False
35,x,7,0.011736667000150192,2.1560452752714805,0.9961129846350166,False
35,x,8,0.01309862499965675,0.6325154985201661,0.9988596726193385,False
35,x,9,0.01565799999934825,13.017039037953007,0.9765322967344733,False
35,x,10,0.007526667000092857,14.178791162549464,0.9744378377681421,False
35,x,11,0.0445312500005457,10.097705464236364,0.9817954025637884,False
35,x,19,0.017017333000694634,6.771126487598579e-13,0.9999999999999988,False
35,x,20,0.01775191700016876,1.4004163004149326,0.997475266526395,False
35,x,21,0.027869333000126062,554.6788669466627,-1.4757446376023609e-09,False
35,x,22,0.015439332999449107,2136.266992038714,-2.8513581866761832,False
35,x,23,0.00792600000022503,6.3759308947964595,0.9885051851005191,False
35,x,24,0.0147059579994675,4.9093592656339755,0.9911491863753464,False
35,x,25,0.013816040999699908,5.309162632105541,0.9904284028898274,False
35,x,26,0.08765412499997183,3.6063533657205427,0.9934983039990428,False
35,x,27,0.012765916999342153,16.905875909111984,0.9695213267685455,False
35,x,28,0.01751804200011975,33.55029067467223,0.9395140274428194,False
35,x,29,0.01565566699991905,10.734280870508087,0.9806477557988857,False
35,x,30,0.012675958000727405,18.604062935350413,0.9664597588416971,False
35,x,31,0.014346125000884058,22.694859863386473,0.9590846862044582,False
35,x,33,0.008694999999534048,1.6441550420707443,0.9970358433636607,False
35,x,34,0.009088249999877007,0.004410555441413649,0.9999920484523375,False
35,x,35,0.007743000000118627,1.6359099241994541,0.9970507080328861,False
35,x,36,0.016705000000001746,469.8465982820648,0.15293942680419714,False
35,x,37,0.009972875000130443,8.078642879505145,0.9854354593750838,False
35,x,38,0.007298458999684954,0.17122580242482088,0.9996913064245262,False
35,x,39,0.15446254199923715,2.360971107491281,0.9957435351305668,False
35,x,40,0.011708209000062197,1265.3792164178378,-1.2812825468739066,False
35,x,41,0.012958334000359173,8.506583115950168,0.9846639494752525,False
35,x,42,6.1307431249997535,0.0002947690637885909,0.999999468577078,False
35,x,47,0.6460219159998815,0.04492544527207096,0.9999190063872712,False
35,x,50,7.088591916000041,1021.2175596032362,-0.8410969336758447,False
35,x,51,6.301005291000365,2.424891947922811,0.9956282957653505,False
35,x,52,6.632168957999966,99.00336001251956,0.8215122910602193,False
35,x,53,6.065445042000647,85.55980777377363,0.8457489315015395,False
35,x,54,9.271273125000334,0.0005573820759480541,0.9999989951265318,False
35,x,55,2.1219333750004807,10.891349473834527,0.9803645854584998,False
35,x,56,1.6041284160000941,412.29662753573143,0.2566931016973071,False
35,x,57,5.700737250000202,6.104997709840001,0.9889936356283852,False
35,x,59,8.957267624999986,2.6297687469128444e-05,0.9999999525893466,False
35,y,0,0.02669841599981737,6.6692595819523195,0.9783273293202587,False
35,y,1,0.008374292000553396,1.977077839970818,0.9935752152982837,False
35,y,2,0.015359584000179893,264.8206233407646,0.13942918425314887,False
35,y,3,0.019412958999964758,0.01943894089355206,0.9999368305043203,False
35,y,4,0.020009124999887717,2.4763082913231953,0.9919528977032784,False
35,y,5,0.018556083000476065,0.025828268649526646,0.999916067510375,False
35,y,6,0.0197414159993059,2.5280499530091713,0.9917847561006967,False
35,y,7,0.01437445800002024,3.302060525346798,0.9892695029409149,False
35,y,8,0.022909041999810142,17.702058405124824,0.9424747413931803,False
35,y,9,0.01745329200002743,13.777868620732065,0.9552269325227769,False
35,y,10,0.008597250000093482,26.301355457363183,0.9145301501232936,False
35,y,11,0.046978542000033485,21.78877426881823,0.9291943995520587,False
35,y,19,0.014300625000032596,2.077126179258138e-12,0.9999999999999932,False
35,y,20,0.01643950000016048,1.9875952483762764,0.9935410375419713,False
35,y,21,0.021180541000831,2.7342106340470393,0.9911148087861049,False
35,y,22,0.016056250000474392,523.8337161303988,-0.702269267095444,False
35,y,23,0.009029124999869964,0.28163993750228306,0.9990847725237345,False
35,y,24,0.014035250000233646,6.4374955416833215,0.979080478250576,False
35,y,25,0.014128625000012107,7.053916511989455,0.9770773340446309,False
35,y,26,0.011375666999811074,3.8297984640627605,0.9875545463688319,False
35,y,27,0.013317124999957741,29.03864279704706,0.9056349607338551,False
35,y,28,0.018319124999834457,11.581471733596908,0.962364424448523,False
35,y,29,0.015695541000241064,10.72752942759899,0.9651394267032671,False
35,y,30,0.016264207999483915,30.3732338664769,0.9012980246190653,False
35,y,31,0.019647167000584886,7.904538957050181,0.9743131201318174,False
35,y,33,0.008881208000275365,4.194441696605607,0.9863695883390254,False
35,y,34,0.009307541999987734,0.002433809869726939,0.9999920910021337,False
35,y,35,0.007690415999604738,4.392270517263325,0.9857267165436797,False
35,y,36,0.013875291000658763,263.3835996384491,0.14409898921074038,False
35,y,37,0.011919749999833584,8.835105033973978,0.9712891184592053,False
35,y,38,0.007683249999899999,0.05650447860468394,0.9998163809727779,False
35,y,39,0.02631791699968744,0.01773643766874156,0.9999423630212765,False
35,y,40,0.011630375000095228,1653.4418979871195,-4.373085468157979,False
35,y,41,0.01319599999987986,4.436093117284342,0.9855843090144908,False
35,y,42,6.020356667000669,0.0022593469043691345,0.9999926579433882,False
35,y,47,1.5205340000002252,0.01806985389065603,0.9999412795396864,False
35,y,51,5.862852790999568,2679.072350375263,-7.706011823862282,False
35,y,52,6.137468959000216,0.00017031174763875427,0.9999994465486949,False
35,y,53,5.606969667000158,474.1173283540591,-0.5407090689321117,False
35,y,54,8.367317958000058,2.7424761343026114e-06,0.9999999910879489,False
35,y,55,9.604899500000101,0.03505466175810348,0.9998860850847477,False
35,y,56,11.245623124999838,66.02823418091097,0.7854322271635406,False
35,y,57,5.776168707999204,6.316772064253165,0.97947278569303,False
35,y,58,4.810674166999888,1403.166922498042,-3.559782723452498,False
35,y,59,9.93682091699975,0.0006442380644068964,0.9999979064603443,False
35,z,0,0.026402874999803316,0.15944185082907028,0.9847887548083053,False
35,z,1,0.00870904099974723,0.0007205352858024952,0.9999312587075186,False
35,z,2,0.018762584000796778,8.963385985898126,0.14486528304626345,False
35,z,3,0.16603641599976982,1.4540789977274898e-07,0.9999999861276371,False
35,z,4,0.020152792000772024,0.04355236265019207,0.9958449700407712,False
35,z,5,0.16673458400055097,1.953411764073294e-07,0.9999999813638483,False
35,z,6,0.03398454199941625,0.04443002076572546,0.9957612387448759,False
35,z,7,0.013357165999877907,0.06986241225929599,0.9933349100187084,False
35,z,8,0.023103792000256362,1.1712313996684596,0.8882609057538583,False
35,z,9,0.017493500000455242,0.3264882332475371,0.9688520138074939,False
35,z,10,0.006936750000022585,0.45225639918487803,0.9568533421950226,False
35,z,11,0.04059712500020396,0.34764498172591524,0.966833594635299,False
35,z,19,0.01324362499963172,8.346415293163795e-05,0.9999920372619336,False
35,z,20,0.016239000000496162,0.0017849736998529647,0.9998297079940555,False
35,z,21,0.020155624999460997,0.08509926527987988,0.9918812671637068,False
35,z,22,0.012301083000238577,51.1407099650553,-3.8789817385509755,False
35,z,23,0.008790042000327958,0.036369288323615766,0.9965302575248512,False
35,z,24,0.01434220900046057,0.14018662965203452,0.9866257624008614,False
35,z,25,0.014465833999565803,0.1520358590845482,0.9854953093027985,False
35,z,26,0.017018708000250626,0.0678713085077754,0.9935248674684558,False
35,z,27,0.01408079200064094,0.5187821111723158,0.9505065837289669,False
35,z,28,0.01791049999974348,0.5386544092376307,0.9486107050947055,False
35,z,29,0.01501979200020287,0.27224233553367116,0.9740272400512848,False
35,z,30,0.013899958999900264,0.5565122296542568,0.9469070138521987,False
35,z,31,0.015486249999412394,4.376964794402046,0.5824240352400236,False
35,z,33,0.00875345899930835,0.06847908391803496,0.993466883816492,False
35,z,34,0.010084999999889988,8.216109584965089e-14,0.9999999999999921,False
35,z,35,0.008174666999366309,0.0697760245368077,0.9933431516743434,False
35,z,36,0.015659708000384853,8.89734621717804,0.15116568102320993,False
35,z,37,0.014818833000390441,6.5994668079800105,0.3703904763483089,False
35,z,38,0.007693167000070389,2.074047975810219,0.8021294149852202,False
35,z,39,0.17123604199969122,0.0029170631566462933,0.9997217031620953,False
35,z,40,0.011313542000607413,1496.6604173194207,-141.78602799810858,False
35,z,41,0.013188375000027008,0.14223695861402125,0.9864301546830493,False
35,z,42,7.275482624999313,79908.58036969425,-7622.525458361314,False
35,z,47,1.9067140409997592,0.033916354565334234,0.9967642749841455,False
35,z,50,1.483340541999496,29.302057308769072,-1.7955068009252626,False
35,z,51,7.163884542000233,10.806325333561098,-0.03095682479402151,False
35,z,52,5.7367483750003885,7.986799581483198,0.23803464335654045,False
35,z,53,0.8435394579992135,1059.212097922989,-100.05210675701933,False
35,z,54,9.736659040999257,9.779411770162805e-05,0.9999906701390198,False
35,z,55,9.369394665999607,0.015860122118473038,0.9984868953473643,False
35,z,56,1.4802502500006085,63.25945054891155,-5.035147033152343,False
35,z,57,5.402898790999643,5.447691362238714,0.48027341247733424,False
35,z,58,5.309546874999796,2.7264527028713825,0.7398879883086886,False
35,z,59,9.664301916999648,0.6401448902696854,0.9389281996322176,False
36,x,0,0.033407874999284104,44.483175453826846,0.3423192832466352,False
36,x,1,0.008398999999371881,26.347923612254785,0.610447745479467,False
36,x,2,0.015597708999848692,66.02229916804701,0.023864807412016686,False
36,x,3,0.0165177090002544,4.7941708302037895,0.9291185110847283,False
36,x,4,0.02021941600014543,0.8601481603478344,0.9872827680838826,False
36,x,5,0.02555899999970279,65.64917444284315,0.029381431038969397,False
36,x,6,0.01660779099984211,0.9893110778882159,0.9853731031528327,False
36,x,7,0.012280375000045751,1.059442615750146,0.9843362131462745,False
36,x,8,0.013078166999548557,1.988997080261607,0.9705928137543905,False
36,x,9,0.017201374999785912,59.56161708122405,0.1193855516535749,False
36,x,10,0.007738667000012356,23.35201182596523,0.6547420970142845,False
36,x,11,0.04517841699998826,28.70585794572291,0.5755858470949335,False
36,x,19,0.014241041999412118,2.8304532951353607e-12,0.9999999999999581,False
36,x,20,0.01614533300016774,19.065973492302582,0.7181108816065984,False
36,x,21,0.14082770899949537,8.175288948573431,0.8791289101888722,False
36,x,22,0.013876999999411055,513.7800322777059,-6.596202753841403,False
36,x,23,0.007591665999825636,39.7088346876056,0.41290758601770006,False
36,x,24,0.016556999999920663,53.551298666925376,0.2082476996972762,False
36,x,25,0.015599249999468157,62.34629423491754,0.07821428976223688,False
36,x,26,0.011434541000198806,12.14770071514993,0.8203970730116151,False
36,x,27,0.013294750000568456,19.661582131163463,0.7093048484825215,False
36,x,28,0.02030045900028199,67.28506928344237,0.005194837336476854,False
36,x,29,0.017816583000239916,41.581527531622584,0.3852199499767339,False
36,x,30,0.014384082999640668,14.485372389309127,0.7858347566636977,False
36,x,31,0.01566954200006876,247.8132659905696,-2.6639022447227134,False
36,x,33,0.009594207999725768,1.7681706488516316,0.9738577174894791,False
36,x,34,0.009987958000237995,0.0156798255024555,0.9997681748488094,False
36,x,35,0.007044792000669986,3.794526193481595,0.9438981888948373,False
36,x,36,0.016432999999778986,62.55802681776708,0.07508383795820395,False
36,x,37,0.009696749999420717,2.205759095347868,0.9673880021375847,False
36,x,38,0.007540583000263723,673.2690347392632,-8.954236783180743,False
36,x,39,0.024558083000556508,9.468300325868563,0.8600118251176322,False
36,x,40,0.011456707999968785,5630.217287372435,-82.24237879285094,False
36,x,41,0.014649457999439619,55.7670310616119,0.1754882472840007,False
36,x,42,0.23421666699960042,,,False
36,x,47,0.3104258329994991,,,False
36,x,50,0.3381293749998804,,,False
36,x,51,0.2364147079997565,,,False
36,x,52,0.20977112499986106,,,False
36,x,53,0.20218841700079793,,,False
36,x,54,0.24617995799962955,,,False
36,x,55,0.3169220830004633,,,False
36,x,56,0.3415353749996939,,,False
36,x,57,0.22335683299934317,,,False
36,x,59,0.2559852080003111,,,False
36,y,0,0.02792679100002715,15.169502419139299,0.9822319046532835,False
36,y,1,0.007935458000247309,0.2601588066161807,0.999695275009455,False
36,y,2,0.016771042000073066,826.819493424194,0.031543211651464786,False
36,y,3,0.02271737499995652,300.41224502306954,0.6481260053621494,False
36,y,4,0.015358000000560423,3.000927660751171,0.9964850021225777,False
36,y,5,0.02496929100016132,3549.8245537505036,-3.157922876598433,False
36,y,6,0.01553754199994728,3.1021483087645354,0.9963664419961303,False
36,y,7,0.010236916999929235,10.226123729615319,0.9880221027404381,False
36,y,8,0.012215415999889956,1.4378046824726751,0.9983158939573458,False
36,y,9,0.018871833000048355,397.17135622034834,0.5347916937997834,False
36,y,10,0.007958791999953974,7.080373651509989,0.9917067316610411,False
36,y,11,0.04295887500029494,8.522761014018208,0.9900172579079923,False
36,y,19,0.013077792000331101,8.407192114894466e-13,0.999999999999999,False
36,y,20,0.02457404199958546,853.7494944498744,-3.013589378042525e-11,False
36,y,21,0.018931750000774628,5.37291349402593,0.9937066861777177,False
36,y,22,0.012407832999997481,3498.2079684011815,-3.0974641756721883,False
36,y,23,0.007034041999759211,39.17218740799015,0.9541174692766151,False
36,y,24,0.018914959000539966,717.0894164664346,0.16007046428752314,False
36,y,25,0.015202249999674677,849.2194022976761,0.005306113978463256,False
36,y,26,0.08907654199992976,16.33441072538403,0.9808674431644594,False
36,y,27,0.012678291999691282,12.114294987232142,0.9858104806312029,False
36,y,28,0.021090124999318505,3599.6298697178095,-3.2162600308721236,False
36,y,29,0.017231583000466344,22.0358948542745,0.9741892733194089,False
36,y,30,0.012617041999874345,11.613496513010979,0.9863970677712152,False
36,y,31,0.016598958000031416,7.674028866774751,0.9910113810703327,False
36,y,33,0.010373582999818609,3.4152564606633127,0.995999697237927,False
36,y,34,0.009294416000557248,0.25729800009682874,0.9996986258829115,False
36,y,35,0.0072454159999324474,3.844625996607395,0.9954967750824841,False
36,y,36,0.018997709000359464,807.2208782137998,0.05449914350078744,False
36,y,37,0.009475458000451908,22.376192124859713,0.9737906818440315,False
36,y,38,0.007506875000217406,503.00675688726113,0.41082629017948735,False
36,y,39,0.15671395800018217,4.542506025582495,0.9946793455747269,False
36,y,40,0.012837209000281291,2622.4259498493334,-2.071657397136335,False
36,y,41,0.018179083000177343,3711.632982944124,-3.347449699455013,False
36,y,42,0.23046762500052864,,,False
36,y,47,0.30901304200051527,,,False
36,y,51,0.27409266700033186,,,False
36,y,52,0.23209708400008822,,,False
36,y,53,0.19635945900063234,,,False
36,y,54,0.2579359999999724,,,False
36,y,55,0.2657208750006248,,,False
36,y,56,0.3373380829998496,,,False
36,y,57,0.20827162499972474,,,False
36,y,58,0.21169033299975126,,,False
36,y,59,0.2603285830000459,,,False
36,z,0,0.028410707999682927,3.2917540351783727,0.9839271951805658,False
36,z,1,0.007859957999244216,0.6046435504088448,0.9970476780260028,False
36,z,2,0.017835083000136365,197.97957771285215,0.03331564970945655,False
36,z,3,0.01664245900064998,70.66112951030969,0.6549795243500237,False
36,z,4,0.014021124999999302,0.6832701235152168,0.9966637642980467,False
36,z,5,0.025546167000356945,824.2692629692349,-3.024698941895732,False
36,z,6,0.01651220799976727,0.72682394905692,0.9964511019515925,False
36,z,7,0.010590875000161759,3.373185230808837,0.9835295871881112,False
36,z,8,0.011739917000340938,0.766114343886599,0.9962592568621274,False
36,z,9,0.027732374999686726,176.49538041687515,0.13821756709154975,False
36,z,10,0.00732579200030159,2.0847003451493724,0.9898209339469141,False
36,z,11,0.042814082999939274,3.6800187632526393,0.9820313964283148,False
36,z,19,0.014466583000285027,0.061926312280614224,0.9996976294340838,False
36,z,20,0.01964095899984386,7.796188376346475,0.961933178248001,False
36,z,21,0.019809499999610125,1.7086215400339027,0.9916572319104766,False
36,z,22,0.013811666000037803,1100.7690508464664,-4.37477767671982,False
36,z,23,0.0070532079998884,12.775836129621945,0.9376188140662939,False
36,z,24,0.018291625000529166,169.7581315293493,0.17111385436937065,False
36,z,25,0.01569062499947904,203.30473821286654,0.007314233918906954,False
36,z,26,0.08671466699979646,6.427464463931523,0.9686163119392902,False
36,z,27,0.013886542000363988,2.340887061289132,0.9885700388187113,False
36,z,28,0.021694374999242427,836.6435372966295,-3.085119402817435,False
36,z,29,0.01925512500019977,5.475677509909194,0.9732636476084195,False
36,z,30,0.013133499999639753,3.4257929223507193,0.9832727170972364,False
36,z,31,0.017480790999798046,212.05129742538327,-0.03539300895587494,False
36,z,33,0.009105457999794453,1.1377579570810896,0.9944446148222215,False
36,z,34,0.009355916999993497,1.18878719483984e-12,0.9999999999999942,False
36,z,35,0.007786583000779501,1.2540186288464972,0.9938769432813068,False
36,z,36,0.020684000000073866,192.67964141500497,0.05919390208201458,False
36,z,37,0.009892166999634355,33.71926014816313,0.8353573562224601,False
36,z,38,0.007596583000122337,451.2233419852341,-1.2032097866961347,False
36,z,39,0.15020337499936431,2.5781568621558493,0.9874115102172054,False
36,z,40,0.015744249999443127,3672.9915990634577,-16.934291701102,False
36,z,41,0.018320500000299944,866.3295966193496,-3.230068944081191,False
36,z,42,0.24217924999993556,,,False
36,z,47,0.31484412500049075,,,False
36,z,50,0.3356031659996006,,,False
36,z,51,0.2395568749998347,,,False
36,z,52,0.2055686660005449,,,False
36,z,53,0.20424495800034492,,,False
36,z,54,0.2406761660004122,,,False
36,z,55,0.257629167000232,,,False
36,z,56,0.3461721250005212,,,False
36,z,57,0.1980583749991638,,,False
36,z,58,0.19721945800029062,,,False
36,z,59,0.262274540999897,,,False
37,x,0,0.02749808299995493,13.035487628441883,0.9848521826778756,False
37,x,1,0.008893500000340282,0.07317192577029204,0.9999149709626314,False
37,x,2,0.01619166700038477,737.0570586578164,0.14350686381914557,False
37,x,3,0.04117383399989194,0.009445314043146403,0.9999890241243171,False
37,x,4,0.017966417000025103,3.2999058601341305,0.9961653623880969,False
37,x,5,0.04949862499961455,0.009637350746464284,0.9999888009691131,False
37,x,6,0.019108415999653516,3.3727518624386317,0.9960807120883147,False
37,x,7,0.011907500000233995,5.299596651754815,0.9938416326070865,False
37,x,8,0.01641879099952348,97.87962754719022,0.8862595125012878,False
37,x,9,0.018306041999494482,37.75133362962105,0.956131268596323,False
37,x,10,0.007864332999815815,33.00909425140469,0.9616419620085335,False
37,x,11,0.04406645800008846,23.536466212932364,0.9726495777707651,False
37,x,19,0.012671082999986538,5.951646985755682e-13,0.9999999999999993,False
37,x,20,0.015574291999655543,0.2816498312459534,0.9996727103493074,False
37,x,21,0.02294362500015268,6.501475803467184,0.9924449954921323,False
37,x,22,0.017440334000639268,1325.380793511269,-0.5401515244091188,False
37,x,23,0.007796957999744336,4.422822999925652,0.9948604826485519,False
37,x,24,0.01409504100047343,10.740981462395782,0.9875185010572448,False
37,x,25,0.017902999999932945,829.2546050621386,0.0363692077307326,False
37,x,26,0.016909834000216506,4.846129097516734,0.9943685821059393,False
37,x,27,0.014026541999555775,39.42409428214759,0.9541874462008475,False
37,x,28,0.0175191670005006,127.98607862432469,0.851274475183707,False
37,x,29,0.014528374999827065,21.631424990925687,0.9748633205354862,False
37,x,30,0.014860999999655178,42.363669158913815,0.9507715292434483,False
37,x,31,0.017697625000437256,34.706218648720174,0.9596698278562702,False
37,x,33,0.008941584000240255,4.8508880572381115,0.9943630519827434,False
37,x,34,0.009839208000812505,0.011245703172894592,0.9999869319919455,False
37,x,35,0.0075300830003470764,4.963793598474552,0.9942318507141715,False
37,x,36,0.019511500000589876,729.8880909210222,0.15183752368860992,False
37,x,37,0.010558625000157917,1.7560482773722128,0.9979593936742016,False
37,x,38,0.007692916999985755,4.105951953877493,0.9952287009198604,False
37,x,39,0.1557061250005063,0.33542710618923555,0.9996102187601822,False
37,x,40,0.01204299999972136,1695.5691651472246,-0.9703269032020994,False
37,x,41,0.012772375000167813,45.03825662291156,0.9476635394642028,False
37,x,42,0.4420169579998401,973147.5018616755,-1129.8407484135123,False
37,x,47,0.9198297920002005,14.500282152992572,0.9831500261874709,False
37,x,50,2.5859432500001276,187.76145174399318,0.7818128287775572,False
37,x,51,6.451813417000267,14.461495094796792,0.9831950984769594,False
37,x,52,6.181278082999597,102.51729278700155,0.8808703388964161,False
37,x,53,6.053931792000185,4904.472641017617,-4.6992156906654925,False
37,x,54,9.752768874999674,0.0005114678310494556,0.9999994056515957,False
37,x,55,0.9498023750002176,9.922023981178302,0.9884701661328958,False
37,x,56,1.8247382919998927,364.18388472949385,0.5768021024769769,False
37,x,57,5.389255584000239,5.731671043960153,0.9933395429155268,False
37,x,59,9.713308500000494,0.0778653442420039,0.9999095170012874,False
37,y,0,0.03186112499952287,0.42778712258140883,0.9160326884730873,False
37,y,1,0.010517458000322222,4.803402331856266,0.05717409735418155,False
37,y,2,0.01793870799974684,4.976854690825659,0.023128359434875123,False
37,y,3,0.013828000000103202,0.004453797257772169,0.9991257956070198,False
37,y,4,0.014495125000394182,0.39356644043091016,0.922749624367406,False
37,y,5,0.018032707999736886,0.015194479429495452,0.9970175829977143,False
37,y,6,0.026141999999708787,0.40915317025987896,0.9196902153058679,False
37,y,7,0.015238875000250118,0.38711782146412477,0.9240153782181414,False
37,y,8,0.012762999999722524,0.5601449666863679,0.8900531025006818,False
37,y,9,0.017600707999918086,0.7594473627410683,0.8509334434595183,False
37,y,10,0.007713875000263215,4.152770109861001,0.18488209881074102,False
37,y,11,0.04342587500013906,4.289226083175471,0.15809812001338075,False
37,y,19,0.014871957999275764,1.6598593577020075e-11,0.9999999999967419,False
37,y,20,0.021590750000541448,4.252100976084315,0.16538514495649337,False
37,y,21,0.04655800000000454,3.8605259861154484,0.24224463284957853,False
37,y,22,0.013273874999867985,201.38167978034951,-38.52778695135142,False
37,y,23,0.007430791999468056,4.9333583608085165,0.03166594670675871,False
37,y,24,0.016189709000173025,0.6801655176999861,0.8664951166132633,False
37,y,25,0.01465391700003238,0.7247039503511451,0.8577529823788963,False
37,y,26,0.01088666700070462,0.3993755586071505,0.921609393608103,False
37,y,27,0.012769041999490582,4.071322809788276,0.20086881383143684,False
37,y,28,0.020138500000030035,1.634376979963958,0.6791996911900207,False
37,y,29,0.022897249999914493,3.6979092598548555,0.27416352098958174,False
37,y,30,0.013392249999924388,3.7694575151944956,0.26011981951241214,False
37,y,31,0.02252595800018753,21.171526135772503,-3.155609266158499,False
37,y,33,0.009522957999251958,0.9878873833049464,0.8060945659913186,False
37,y,34,0.010046874999716238,1.8836868039140733e-05,0.9999963026442749,False
37,y,35,0.007367666999925859,1.1419301938258328,0.775858591188157,False
37,y,36,0.021645875000103842,4.337114604287171,0.1486984205869818,False
37,y,37,0.009952583000085724,0.030295345616930373,0.9940535406772367,False
37,y,38,0.0074176250000164146,18.09575381392462,-2.551887650659641,False
37,y,39,0.027987125000436208,29.696492580605224,-4.8289146917876336,False
37,y,40,0.012441582999599632,1415.0624344775651,-276.7526063636891,False
37,y,41,0.014123458000540268,1.942001373527154,0.6188182726664118,False
37,y,42,0.44097983299980115,925679.3748397701,-181694.06359186213,False
37,y,47,0.8978759580004407,9.132713972880943,-0.7925958935361588,False
37,y,51,8.156050624999807,780.9671351551291,-152.2905206078803,False
37,y,52,4.231668290999551,0.19546277178216154,0.9616339936763214,False
37,y,53,5.520771125000465,460.5041176571542,-89.38909931045404,False
37,y,54,8.217336833000445,0.0014963956176708077,0.9997062830778115,False
37,y,55,9.499042334000478,0.04807592227324963,0.9905635169237864,False
37,y,56,10.96530066700052,147.23473168106625,-27.8996651139091,False
37,y,57,5.969040709000183,7.166874760984357,-0.4067352053483586,False
37,y,58,5.909961832999215,1400.6258518875527,-273.91895157668944,False
37,y,59,8.758209249999709,0.2718544032795195,0.9466396201166847,False
37,z,0,0.026440249999723164,3.302112331537595,0.9847438470828314,False
37,z,1,0.008621166000011726,0.024581367214795345,0.9998864311508847,False
37,z,2,0.016034833999583498,185.1507093967706,0.14458163391307388,False
37,z,3,0.1475527080001484,2.022826999870835e-05,0.9999999065429793,False
37,z,4,0.018977959000039846,0.8859312045853821,0.9959068921422936,False
37,z,5,0.16304058300011093,3.306022823650531e-06,0.9999999847257801,False
37,z,6,0.01903687499998341,0.907972699017726,0.9958050578084426,False
37,z,7,0.012324416000410565,1.5204514699313356,0.992975332817462,False
37,z,8,0.019173917000443907,24.22254722884874,0.888088942027426,False
37,z,9,0.017852834000223083,9.7207187175168,0.9550891198331328,False
37,z,10,0.007807291000062833,8.238475617043207,0.9619372597904775,False
37,z,11,0.04506825000044046,5.900053440108283,0.9727410492241354,False
37,z,19,0.013112749999891093,0.0028285439121802235,0.9999869317896775,False
37,z,20,0.015503749999879801,0.1034696428557492,0.9995219579059695,False
37,z,21,0.02300866599944129,1.7596995696475364,0.9918699780542238,False
37,z,22,0.012837874999604537,198.86548937915518,0.08121771420681889,False
37,z,23,0.007658583999727853,1.167591518716399,0.9946055878886373,False
37,z,24,0.015136333999180351,2.8381956426970403,0.9868871975310224,False
37,z,25,0.018028958000286366,208.61285293608864,0.03618373170308942,False
37,z,26,0.020124499999838008,1.3971890640736415,0.9935448198378588,False
37,z,27,0.013397499999882712,9.825175825759464,0.9546065155312091,False
37,z,28,0.017728707999594917,33.00914800744658,0.8474937981796143,False
37,z,29,0.014956625000195345,5.6300263449892824,0.9739886066181009,False
37,z,30,0.014410750000024564,10.550800226011658,0.9512540442342918,False
37,z,31,0.015531416999692738,1.764451571412814,0.9918480232391494,False
37,z,33,0.00896229200043308,1.400329965762101,0.9935303084973452,False
37,z,34,0.01115420800033462,2.6536334674881498e-12,0.9999999999999878,False
37,z,35,0.007740417000604793,1.434030550150571,0.9933746077769555,False
37,z,36,0.01883174999966286,183.33537217568116,0.15296870844614174,False
37,z,37,0.015340582999670005,4.750123574871714,0.9780538623893675,False
37,z,38,0.007703292000769579,4.343970266776445,0.9799303391272833,False
37,z,39,0.14683120799963945,0.10020173600916447,0.9995370560254655,False
37,z,40,0.012463875000321423,1593.482197606659,-6.362077857040433,False
37,z,41,0.012789790999704564,11.837442546069036,0.9453096032178483,False
37,z,42,0.9043044999998529,943695.7219657551,-4358.986819371314,False
37,z,47,0.8891475000000355,0.13194921271708876,0.9993903788955676,False
37,z,50,2.7725387079999564,2029.1518680329486,-8.37492371025857,False
37,z,51,7.428058166000483,12.56374883741541,0.9419539815027257,False
37,z,52,6.069176582999717,9.736949140270253,0.9550141333437053,False
37,z,53,1.1020639999997002,915.4848080863655,-3.2296490316569164,False
37,z,54,8.63655375000053,7.321275161965875e-05,0.9999996617483532,False
37,z,55,8.988944041999275,0.053425467189579245,0.9997531679678698,False
37,z,56,1.8596893330004605,5.934375134087322,0.9725824789033382,False
37,z,57,5.727306457999475,4.448179613052273,0.9794488795152048,False
37,z,58,5.596885457999633,4.3638151275696915,0.9798386535029059,False
37,z,59,9.109162542000377,0.7394336354228589,0.996583728389138,False
38,x,0,0.029827708000084385,2294.202777933912,-3.2907748402184094,False
38,x,1,0.008265290999588615,0.2192154503041353,0.9995900082818314,False
38,x,2,0.15810337499988236,0.1953416752090568,0.9996346586477469,False
38,x,3,0.14350370800002565,0.1961115669232034,0.9996332187436423,False
38,x,4,0.021024917000431742,1.8653464546770806,0.9965113015671496,False
38,x,5,0.15839295800014952,0.1954246295253832,0.9996345035009148,False
38,x,6,0.13331645800008118,2.788599646027981,0.9947845703458722,False
38,x,7,0.012253834000148345,2.559555112636476,0.9952129450870322,False
38,x,8,0.01273937499991007,0.9055552688438939,0.9983063686430187,False
38,x,9,0.02389466699969489,8.188552209175175,0.9846852099845396,False
38,x,10,0.007112125000276137,28.901337286473545,0.9459467436487258,False
38,x,11,0.043545040999561024,27.72379201994087,0.9481490692894465,False
38,x,19,0.03118045900009747,1.3697629734893959e-12,0.9999999999999974,False
38,x,20,0.02302304200020444,534.682635806854,-1.0150717377754859e-08,False
38,x,21,0.02239520800048922,534.6826304254419,-8.603273649043786e-11,False
38,x,22,0.016191124999750173,308.74723075689667,0.42255982668112535,False
38,x,23,0.007083167000018875,0.42363150376579867,0.9992076954071518,False
38,x,24,0.02001441700031137,511.72202226427066,0.04294249861619204,False
38,x,25,0.014349917000799906,6.7155371473149374,0.9874401434313488,False
38,x,26,0.013234332999672915,2.7766215913010597,0.9948069725225025,False
38,x,27,0.012846958999944036,29.5129693280727,0.9448028276004989,False
38,x,28,0.01898037499995553,25.91172077356521,0.9515381287864602,False
38,x,29,0.12230750000071566,30.94403317463408,0.9421263541838372,False
38,x,30,0.012837541999942914,30.086857771889196,0.9437295022085571,False
38,x,31,0.014395500000318862,30.378752998562778,0.9431835798050812,False
38,x,33,0.009592833000169776,2.786169787992655,0.9947891148324466,False
38,x,34,0.009524041000076977,8.574552724006129e-05,0.9999998396328544,False
38,x,35,0.007482832999812672,2.790344282713589,0.9947813074070998,False
38,x,36,0.015575708999676863,174.75565979862884,0.6731600207872612,False
38,x,37,0.009744625000166707,0.5061260254570683,0.999053408514322,False
38,x,38,0.007185499999650347,0.1339894537138242,0.9997494037657091,False
38,x,39,0.15563579100034985,0.24531751002614116,0.9995411904257072,False
38,x,40,0.014968292000048677,1253.6114246785219,-1.3445897686799553,False
38,x,41,0.013685875000192027,4.836651907634408,0.990954163025266,False
38,x,42,7.099316292000367,0.0008668190713581667,0.9999983788157271,False
38,x,47,4.6291608339997765,7.130402363141548e-06,0.9999999866642342,False
38,x,50,10.520911374999741,195.14881030559866,0.6350193568713658,False
38,x,51,7.092385375000049,3.343930531748596e-05,0.9999999374595256,False
38,x,52,5.846593000000212,0.06524675289180483,0.9998779710632352,False
38,x,53,3.294321999999738,2.3486823948625523e-05,0.9999999560733366,False
38,x,54,8.529989499999829,7.113269736618288e-07,0.9999999986696276,False
38,x,55,10.502032708000115,3.926109478135964e-05,0.9999999265712171,False
38,x,56,9.949350374999995,554.0994912282506,-0.03631474026943837,False
38,x,57,5.6396167910006625,0.013246414576916846,0.9999752256500879,False
38,x,59,8.968224499999451,7.140262558303538e-08,0.9999999998664579,False
38,y,0,0.02811424999981682,1534.7539916123826,-3.8290989578024233,False
38,y,1,0.008045417000175803,0.3053862559702694,0.999039103036387,False
38,y,2,0.019917667000299843,0.007784504871117604,0.99997550607813,False
38,y,3,0.01699120800003584,0.006562837527409814,0.9999793500508635,False
38,y,4,0.021674999999959255,1.8513803716321575,0.9941746370610498,False
38,y,5,0.026526958000431478,0.005879961881408337,0.9999814987170917,False
38,y,6,0.15631966699947952,2.99180173158822,0.990586304578504,False
38,y,7,0.018844915999579825,2.2607598966522544,0.992886525579715,False
38,y,8,0.014088375000028464,1.0397306988162065,0.9967284903890209,False
38,y,9,0.019539458000508603,7.059899952531202,0.97778604539276,False
38,y,10,0.007150625000576838,25.274821022036207,0.9204728493796392,False
38,y,11,0.04261787500036007,24.433164717244225,0.9231211184875949,False
38,y,19,0.01869237500068266,2.8421675688317138e-12,0.999999999999991,False
38,y,20,0.0234563750000234,317.81373832010865,-5.763440835693245e-10,False
38,y,21,0.023117791000004217,317.81373834364797,-6.504106142557475e-10,False
38,y,22,0.017184500000439584,150.75333065662008,0.5256550848293916,False
38,y,23,0.007226499999887892,0.17026265682331945,0.9994642690469536,False
38,y,24,0.022841500000140513,5.502347738838297,0.9826868788898375,False
38,y,25,0.01373604200034606,5.570759697660009,0.9824716208609594,False
38,y,26,0.010667874999853666,2.9172649714612566,0.9908208342768232,False
38,y,27,0.012414833000548242,25.710146658399562,0.9191030985346466,False
38,y,28,0.01950475000012375,22.915573972906312,0.9278962133379126,False
38,y,29,0.13149645800058352,26.721914206859633,0.9159195748946958,False
38,y,30,0.012552416000289668,26.11457886093608,0.9178305537890753,False
38,y,31,0.01420408400008455,26.342549099596962,0.9171132460981074,False
38,y,33,0.009534540999993624,2.9944560895581147,0.9905779526488944,False
38,y,34,0.0101146669994705,5.0950542672289116e-05,0.9999998396842661,False
38,y,35,0.007159583000429848,3.0079469582752445,0.9905355036698281,False
38,y,36,0.015218291000564932,112.92729865918798,0.6446745841725374,False
38,y,37,0.010510166000130994,0.09221446977258832,0.9997098474398458,False
38,y,38,0.007501957999920705,0.42208496275687124,0.9986719108958877,False
38,y,39,0.019825708999633207,0.005705953173455695,0.9999820462349838,False
38,y,40,0.013658332999511913,1285.7449671048976,-3.0455927885373537,False
38,y,41,0.012918000000354368,6.695829163307405,0.9789315930690752,False
38,y,42,6.3593012080000335,0.001979736649367919,0.9999937707644075,False
38,y,47,13.757795792000252,2.0964896194889107e-06,0.9999999934034015,False
38,y,51,8.346170292000352,2961.259581341414,-8.317594634834432,False
38,y,52,5.975918666000325,2.9180206477226652e-05,0.9999999081845654,False
38,y,53,5.668316999999661,0.0027074510751012464,0.9999914810130897,False
38,y,54,8.850599124999462,0.0003137047196085138,0.9999990129290148,False
38,y,55,9.209693499999958,3.3697016710180175e-05,0.9999998939724352,False
38,y,56,10.448092749999887,90.3696221505151,0.7156522475073845,False
38,y,57,5.953227125000012,1.4061864971002651e-05,0.9999999557543829,False
38,y,58,5.592148083999746,0.081527725528342,0.9997434732494377,False
38,y,59,8.769680332999997,0.00012298523818224068,0.9999996130273068,False
38,z,0,0.024727459000132512,586.9021888435279,-3.4949157033278953,False
38,z,1,0.00855095800034178,0.00017720717979658265,0.9999986428209839,False
38,z,2,0.16398683300030825,1.8138930241588939e-06,0.9999999861079131,False
38,z,3,0.16666554199946404,1.5081932081040408e-06,0.9999999884491804,False
38,z,4,0.15716449999945326,0.8764367668516319,0.993287621922048,False
38,z,5,0.16576900000018213,1.9888588151365797e-06,0.9999999847679002,False
38,z,6,0.022393457999896782,0.5714678323975919,0.9956232916103921,False
38,z,7,0.017230041999937384,0.7434256585662247,0.9943063158896531,False
38,z,8,0.024319833999470575,14.521424744026572,0.8887845686088907,False
38,z,9,0.019914540999707242,2.329191052580493,0.9821613930952877,False
38,z,10,0.007790999999997439,8.228131028997298,0.9369831019983811,False
38,z,11,0.044980874999964726,7.918775248666333,0.939352369282364,False
38,z,19,0.013172750000194355,2.094493049734316e-05,0.9999998395887785,False
38,z,20,0.015495833000386483,0.03384178777293184,0.9997408154439005,False
38,z,21,0.02013495800019882,1.0556440731421086,0.9919151245101991,False
38,z,22,0.016371415999856254,288.32270536359135,-1.2081809892692488,False
38,z,23,0.007556749999821477,0.010940364640276461,0.9999162108818871,False
38,z,24,0.03038250000008702,1.8624411313618348,0.9857360970072749,False
38,z,25,0.013895125000090047,1.884854682223567,0.9855644380432247,False
38,z,26,0.010446042000694433,0.8704974052943183,0.9933331097904513,False
38,z,27,0.013627000000269618,8.388532512719133,0.9357546329932833,False
38,z,28,0.018294458000127634,7.411707620549095,0.9432358549595337,False
38,z,29,0.09557829200002743,8.762954609599465,0.9328870414338504,False
38,z,30,0.02583883299939771,8.53845924324034,0.9346063871216904,False
38,z,31,0.022597291999773006,34.240289335805215,0.737763434610338,False
38,z,33,0.009726416000376048,0.8795329998448237,0.9932639087606954,False
38,z,34,0.010099582999828272,4.915915502184195e-13,0.9999999999999962,False
38,z,35,0.008003584000107367,0.8819588875596786,0.9932453295817602,False
38,z,36,0.015539084000010916,44.09785228322253,0.6622671844153974,False
38,z,37,0.01506933300061064,0.04967315760753479,0.9996195675183902,False
38,z,38,0.00792495899986534,0.006000170106800477,0.9999540464163392,False
38,z,39,0.17053799999939656,0.0007338311477057968,0.9999943797974993,False
38,z,40,0.01979291700081376,1554.6707512323205,-10.906777834631336,False
38,z,41,0.013529709000067669,1.6908682754393274,0.9870501243512018,False
38,z,42,6.809408041999632,0.0011425932713520306,0.9999912492055141,False
38,z,47,0.6871478749999369,0.0016389850110825688,0.9999874474834072,False
38,z,50,11.463126083000134,8.352483426303483,0.9360307226172453,False
38,z,51,7.290565082999819,0.0004368185553476198,0.9999966545318432,False
38,z,52,5.56507212500037,2.7398081443315136e-05,0.9999997901659444,False
38,z,53,1.8283481669996036,7.587860456047806,0.9418867508643026,False
38,z,54,8.526303833000384,3.70880381530691e-05,0.9999997159533424,False
38,z,55,9.923450416000378,7.726587598246249e-07,0.9999999940824279,False
38,z,56,11.969801958000062,3.7102128615458395e-06,0.9999999715845428,False
38,z,57,5.631361124999785,7.840548633979495e-05,0.9999993995148451,False
38,z,58,5.9139488339997115,0.019049990305820396,0.9998541015825096,False
38,z,59,9.117161249999299,0.00013816490907270164,0.9999989418345488,False
39,x,0,0.038726792000488786,4.871513218308972,0.7166589371411629,False
39,x,1,0.008796166000138328,5.275166147196627,0.6931813348496904,False
39,x,2,0.016071375000137778,15.109646878296298,0.12117996727836355,False
39,x,3,0.015122000000701519,1.415354054497712,0.917678983069217,False
39,x,4,0.01416662500014354,0.2198614036795556,0.9872122354988034,False
39,x,5,0.022396499999558728,2.6926995274041308,0.8433849377259797,False
39,x,6,0.026963416999933543,12.875724130686253,0.2511112673256364,False
39,x,7,0.013231333000476297,0.17450903933347925,0.9898500579866256,False
39,x,8,0.013696625000193308,0.544119379489889,0.9683524694693793,False
39,x,9,0.01892725000016071,0.19655916802588977,0.9885675597935795,False
39,x,10,0.007835958000214305,2.480010655468497,0.8557555273830076,False
39,x,11,0.04526887500014709,2.965486464837486,0.8275188736668935,False
39,x,19,0.014453082999352773,4.37808142215304e-12,0.9999999999997453,False
39,x,20,0.015471792000425921,4.411244469792679,0.7434294765117989,False
39,x,21,0.1309521670000322,1.6301701206994041,0.9051846697441532,False
39,x,22,0.012244249999639578,151.3752481327505,-7.804414927019787,False
39,x,23,0.0075024589996246505,6.361845657210519,0.6299769641426483,False
39,x,24,0.019604582999818376,10.201355720052376,0.4066601397164906,False
39,x,25,0.017280709000260686,10.776030785393798,0.37323540359952045,False
39,x,26,0.014299999999821011,14.427361542664322,0.16086362274796095,False
39,x,27,0.01280279100046755,2.2176966009116885,0.8710124587901931,False
39,x,28,0.017971958999623894,3.6466054351062085,0.7879030573238462,False
39,x,29,0.02036808299999393,1.2861080363789916,0.9251962990453692,False
39,x,30,0.01324616599958972,1.9757906904271685,0.8850823944994738,False
39,x,31,0.017075417000341986,10.220617629228979,0.4055398122998928,False
39,x,33,0.009629416000279889,0.6768434496394178,0.9606328600958933,False
39,x,34,0.010039709000011499,0.0002039877519739077,0.999988135492225,False
39,x,35,0.007732042000498041,0.8223381416505166,0.9521704750366049,False
39,x,36,0.017026167000040004,16.190050355730406,0.05834062847455235,False
39,x,37,0.009983334000025934,0.019029377657251767,0.9988931972778636,False
39,x,38,0.00726512500023091,20.953148930595916,-0.21869473040153076,False
39,x,39,0.15058475000023464,5.45910069509644,0.6824831784529222,False
39,x,40,0.012715666000076453,1436.746533266405,-82.56526433397717,False
39,x,41,0.013110166999467765,3.124118737918011,0.8182923695306794,False
39,x,42,0.45296412500010774,1375289.415234319,-79989.74357151514,False
39,x,47,0.6162296669999705,0.19933312063934785,0.9884062188207452,False
39,x,50,2.0606125409995,1285.2350277590094,-73.75292429054603,False
39,x,51,6.656616833000044,14.104441111678263,0.17964559336656416,False
39,x,52,5.730964458999551,98.78050042859844,-4.745354826499365,False
39,x,53,2.4909698749997915,1125.1620288063355,-64.44262344033176,False
39,x,54,9.732066333999683,0.0006481743409815335,0.9999623003369874,False
39,x,55,0.8374744579996332,14.981612356409276,0.12862681918830832,False
39,x,56,1.1853444590005893,352.0581543540922,-19.476703474374585,False
39,x,57,5.701029167000343,5.835315477408176,0.6606014567975681,False
39,x,59,9.677885791000335,0.1364704911629137,0.99206248812594,False
39,y,0,0.026814625000042724,13.33752926109395,0.9843021174873672,False
39,y,1,0.00817487499989511,0.006850148041384445,0.9999919375757651,False
39,y,2,0.01731670800018037,728.1392286511285,0.14300138800467743,False
39,y,3,0.02108295800007909,0.00451326483657824,0.9999946880190651,False
39,y,4,0.017275500000323518,3.48385245133951,0.9958996073859042,False
39,y,5,0.02953358299964748,0.005059155940112875,0.9999940455211751,False
39,y,6,0.020938999999998487,3.5654408425190924,0.9958035802316946,False
39,y,7,0.011734124999748019,5.59828383821177,0.9934109833804847,False
39,y,8,0.01619974999994156,1.4718751204407072,0.998267645958885,False
39,y,9,0.01899316699928022,44.30623012444103,0.9478528607918418,False
39,y,10,0.007457124999746156,33.590813491528976,0.9604645933012532,False
39,y,11,0.043034999999690626,23.61505735804423,0.9722057669993626,False
39,y,19,0.012962790999154095,3.296008717895295e-13,0.9999999999999997,False
39,y,20,0.017407374999493186,0.23751005425184807,0.9997204576009373,False
39,y,21,0.027304332999847247,849.6387502804596,-1.4237191425792162e-09,False
39,y,22,0.017033125000125438,3611.66365248083,-3.2508226660220494,False
39,y,23,0.0074549170003592735,4.0498502002028856,0.9952334445614305,False
39,y,24,0.015046917000290705,11.023723892555422,0.9870253988479089,False
39,y,25,0.01699945799919078,848.4918425908741,0.0013498754396416013,False
39,y,26,0.01631254199946852,5.127655345940571,0.9939648993745303,False
39,y,27,0.012527583999144554,40.446692433813595,0.9523954239633642,False
39,y,28,0.017669208000370418,185.8960229534767,0.7812058087548652,False
39,y,29,0.01533016699977452,22.064815836409917,0.9740303560065492,False
39,y,30,0.01998474999982136,43.25673738301177,0.9490880831055334,False
39,y,31,0.015219834000163246,50.43913965680932,0.940634605340245,False
39,y,33,0.009607500000129221,5.160028876876194,0.9939267966738577,False
39,y,34,0.010315167000044312,0.012954850158946091,0.9999847525196172,False
39,y,35,0.007849249999708263,5.3120265976263905,0.993747899794547,False
39,y,36,0.019230833000619896,720.5574568343774,0.15192491206127545,False
39,y,37,0.014121166000222729,3.8051758787946124,0.9955214190937548,False
39,y,38,0.00850583400006144,6.8907080169340365,0.991889837858184,False
39,y,39,0.14833070900021994,0.1593555499850503,0.999812443170513,False
39,y,40,0.01236162500026694,1140.720093501609,-0.3425942434347913,False
39,y,41,0.013200291000430298,67.86716117430984,0.9201223328755532,False
39,y,42,0.4904415830005746,1276190.758021876,-1501.0392601179615,False
39,y,47,5.567697708999731,0.17693449482172002,0.9997917532657082,False
39,y,51,2.2033492079999633,3305.9618978574304,-2.8910206266756533,False
39,y,52,1.8173146250001082,41.72162000579975,0.950894871436328,False
39,y,53,5.431252332999975,474.38803704606187,0.4416591315251741,False
39,y,54,8.132229167000332,0.0016193560238489779,0.9999980940652416,False
39,y,55,9.623765291999916,0.024105005009971446,0.9999716291129185,False
39,y,56,11.308890667000014,131.23481548944773,0.8455404539482578,False
39,y,57,5.967316541999935,7.268714723353448,0.9914449350017255,False
39,y,58,5.956279665999318,2229.723023218461,-1.6243188951268377,False
39,y,59,8.78456420800012,0.29782017241282693,0.99964947435279,False
39,z,0,0.026188916999672074,12.38609124981308,0.9847273641968887,False
39,z,1,0.008534000000508968,0.10774496778884604,0.999867145363338,False
39,z,2,0.01494758299941168,693.8279175089821,0.1444773915818075,False
39,z,3,0.15081412499966973,6.003020108581535e-05,0.9999999259799254,False
39,z,4,0.017020832999151025,3.3016891640866577,0.9959288612427318,False
39,z,5,0.158788583000387,3.8614304482283035e-05,0.9999999523867379,False
39,z,6,0.019137000000228,3.3892308175528023,0.9958209182473167,False
39,z,7,0.011872625000250991,5.807795372874396,0.9928387138638072,False
39,z,8,0.016449499999907857,90.81081477150572,0.8880259742144289,False
39,z,9,0.019157624999934342,42.24225622571858,0.9479133019590141,False
39,z,10,0.007646082999599457,29.4813557448426,0.9636480952552534,False
39,z,11,0.044535291999636684,20.58684833586421,0.9746154431913872,False
39,z,19,0.013186165999286459,0.012368038977280145,0.9999847496235019,False
39,z,20,0.015510542000811256,0.5374149521615401,0.9993373419689902,False
39,z,21,0.020103333000406565,6.596810434674561,0.9918658210085066,False
39,z,22,0.017719750000651402,1222.2579637128863,-0.5071018258097408,False
39,z,23,0.007636667000042507,5.008034908513605,0.9938248563082279,False
39,z,24,0.01557895899986761,10.559930163678876,0.9869791071094692,False
39,z,25,0.015730582999822218,781.837442904594,0.03595748796878151,False
39,z,26,0.017822333999902185,5.233316058595539,0.9935470740047463,False
39,z,27,0.013008584000090195,35.66264487579798,0.9560262736662807,False
39,z,28,0.01780391700049222,183.27785960119044,0.7740097385036631,False
39,z,29,0.015124165999623074,21.106741004012814,0.973974390964563,False
39,z,30,0.014861166000628145,38.24921236254499,0.9528369137295167,False
39,z,31,0.015519999999924039,28.23363168987579,0.9651865979749534,False
39,z,33,0.010236250000161817,5.2283857297170515,0.9935531533332311,False
39,z,34,0.010130792000381916,1.7154339203185784e-11,0.9999999999999788,False
39,z,35,0.008012833000066166,5.363912676895138,0.9933860422031731,False
39,z,36,0.017869291999886627,686.3776507577585,0.15366392254081207,False
39,z,37,0.010660124999958498,2.0886849963137246,0.9974245527008689,False
39,z,38,0.007659834000151022,5.46844915905503,0.9932571437809052,False
39,z,39,0.153021125000123,0.4384139469614349,0.9994594148865933,False
39,z,40,0.013255457999548526,1703.2295119169917,-1.1001624725646852,False
39,z,41,0.013962500000161526,68.24809823524556,0.9158468698817637,False
39,z,42,0.45685970800059295,1444727.2612653815,-1780.4169822514098,False
39,z,47,0.6147582920002606,0.2002019140329833,0.9997531415796603,False
39,z,50,11.944002582999929,249.85679706436827,0.6919147624918738,False
39,z,51,6.6534008339995125,14.71629176672849,0.9818541168482865,False
39,z,52,6.460093832999519,232.87335528643018,0.7128561487392671,False
39,z,53,1.483965000000353,1469.5637282352495,-0.8120415196471376,False
39,z,54,9.78789629199946,0.00010394510957630557,0.9999998718307681,False
39,z,55,8.919863750000331,0.04741152825428784,0.9999415393452791,False
39,z,56,1.0831476250004926,32.62708157541949,0.9597692666580908,False
39,z,57,5.459514875000423,4.358667983045977,0.9946255564125004,False
39,z,58,5.914580208999723,8.564216513612466,0.9894399163454113,False
39,z,59,8.737156540999422,1.230011792456692,0.9984833373369499,False
40,x,0,0.027767125000536907,1726.6913872540283,-3.4305814172108677,False
40,x,1,0.008007458000065526,0.01726797335489977,0.9999556914672628,False
40,x,2,0.162594166999952,0.01701589377370109,0.9999563382876017,False
40,x,3,0.1369243330000245,0.017372808550832716,0.9999554224667487,False
40,x,4,0.10341416699975525,1.5980451749870312,0.9958995166661364,False
40,x,5,0.16589162499985832,0.017032595613756318,0.9999562954317314,False
40,x,6,0.15950579199943604,2.424171463426101,0.9937797286085562,False
40,x,7,0.05627429200012557,2.053093727512075,0.9947318907223061,False
40,x,8,0.011604958000134502,0.8373335764035441,0.9978514547469192,False
40,x,9,0.10410404200047196,6.634903365297894,0.9829752555828589,False
40,x,10,0.007707124999797088,24.768797483967248,0.9364448246691928,False
40,x,11,0.04527520800002094,24.710333718408034,0.936594839011755,False
40,x,19,0.06515225000021019,2.446746389159853e-12,0.9999999999999937,False
40,x,20,0.027509374999681313,389.7211744523679,-3.5722815816541242e-09,False
40,x,21,0.021422499999971478,389.7211730604651,-7.462919171530302e-13,False
40,x,22,0.01489516600031493,337.97187442986643,0.1327854430488371,False
40,x,23,0.007312458999876981,0.019840454131551208,0.9999490906435087,False
40,x,24,0.03147754199926567,5.3712747315104306,0.9862176471210583,False
40,x,25,0.020831916000133788,389.72117306065417,-1.2316814235191487e-12,False
40,x,26,0.021869000000151573,2.4193208153767234,0.9937921750661385,False
40,x,27,0.013710749999518157,24.798094756557525,0.9363696497117733,False
40,x,28,0.022160708000228624,24.813683015559032,0.9363296512203413,False
40,x,29,0.12866270799986523,24.869987191656755,0.936185178248407,False
40,x,30,0.015128541000194673,24.82727905988794,0.936294764626364,False
40,x,31,0.01518466699963028,24.831015016905557,0.9362851783958077,False
40,x,33,0.009908916999847861,2.4331254488508343,0.9937567532455437,False
40,x,34,0.009504792000370799,2.2293616695752704e-07,0.9999999994279598,False
40,x,35,0.008960249999290681,2.433467758656856,0.9937558749001273,False
40,x,36,0.16759395799999766,0.017703514183598754,0.9999545738969104,False
40,x,37,0.00942483299968444,0.021455714896044052,0.9999449459860557,False
40,x,38,0.0073279170001114835,0.016626750871474312,0.9999573368037951,False
40,x,39,0.16966320800020185,0.01762837192281605,0.999954766707222,False
40,x,40,0.017308667000179412,1283.4719350806545,-2.2933082003283465,False
40,x,41,0.01366524999957619,0.6286242812564101,0.9983869896615565,False
40,x,42,0.3940009170000849,0.0006461496236051319,0.9999983420207362,False
40,x,47,0.7757818339996447,0.05123804981583363,0.9998685263892297,False
40,x,50,10.58834541700071,18.758481540958574,0.9518669170739097,False
40,x,51,7.074437875000513,0.0009571309706300006,0.9999975440621737,False
40,x,52,5.780156333999912,0.00016047431756077007,0.9999995882330018,False
40,x,53,5.444276541999898,1.6484155867488925e-06,0.9999999957702693,False
40,x,54,0.5280510840002535,5.549075878784512e-12,0.9999999999999858,False
40,x,55,9.348988499999905,1.2163273838543397e-06,0.9999999968789804,False
40,x,56,2.573350166999262,79.79833375860912,0.7952424982917518,False
40,x,57,5.357123249999859,9.97271590071336e-05,0.999999744106387,False
40,x,59,9.048135875000298,1.2032972790708686e-09,0.9999999999969125,False
40,y,0,0.043735833000027924,7.125943716008865,0.984550200849872,False
40,y,1,0.008375125000384287,0.01394311910435034,0.9999697698440693,False
40,y,2,0.02815654200003337,0.0003981260571597868,0.9999991368206284,False
40,y,3,0.015595332999509992,0.0003879853372621972,0.9999991588067808,False
40,y,4,0.10552025000015419,2.144096206855312,0.9953513728041317,False
40,y,5,0.03901279099954991,0.00031312335292503366,0.9999993211154754,False
40,y,6,0.1366159589997551,3.287294296672533,0.9928727985155351,False
40,y,7,0.010872082999412669,2.676059951824401,0.9941980191793397,False
40,y,8,0.020646916999794485,49.30904526853547,0.8930927781576528,False
40,y,9,0.1559936249996099,30.467410480849598,0.9339434338365402,False
40,y,10,0.008794583999588212,32.10823143741541,0.9303859605767794,False
40,y,11,0.046313582999573555,32.036046483821806,0.9305424651857306,False
40,y,19,0.01870870799939439,2.1669763833594974e-12,0.9999999999999953,False
40,y,20,0.015646083000319777,0.05739009334840778,0.9998755722117972,False
40,y,21,0.028104249999159947,3.7895999876313478,0.9917837466865338,False
40,y,22,0.022284249999756867,521.3766169039048,-0.13039961214430051,False
40,y,23,0.007847208000384853,0.011625170302289076,0.9999747954020668,False
40,y,24,0.01766595800017967,461.23212674130843,-5.23539211982893e-10,False
40,y,25,0.029632166000737925,6.898719158131533,0.9850428477077604,False
40,y,26,0.05248379200020281,3.2964493501367236,0.992852949391985,False
40,y,27,0.013851583000359824,32.14440245841549,0.9303075379801693,False
40,y,28,0.017617790999793215,32.163327662442235,0.9302665061375474,False
40,y,29,0.11743337499956397,32.23206867233573,0.9301174683625442,False
40,y,30,0.03592833299990161,32.180429026078784,0.9302294285736614,False
40,y,31,0.024317708000126004,404.72109606468484,0.1225218868945609,False
40,y,33,0.010715833000176644,3.3293606995723364,0.9927815941078564,False
40,y,34,0.009874041999864858,2.636139313584436e-07,0.9999999994284572,False
40,y,35,0.009262917000341986,3.3299773943100304,0.9927802570484837,False
40,y,36,0.02839525000035792,0.00039712171355655386,0.9999991389981514,False
40,y,37,0.015545374999419437,0.016929851830771087,0.9999632942918368,False
40,y,38,0.007631874999788124,0.014027116623083247,0.9999695877285706,False
40,y,39,0.024233166999692912,0.00031422898913849534,0.9999993187183392,False
40,y,40,0.016840916999171895,1634.5823232608682,-2.5439472433658774,False
40,y,41,0.016893666999749257,1.26147534927438,0.9972649881116318,False
40,y,42,6.595012708000468,9.576327467334722e-06,0.9999999792375099,False
40,y,47,0.7477804170002855,0.12737082033814864,0.9997238465990981,False
40,y,51,7.421821417000501,14.34038694220299,0.9689085254077415,False
40,y,52,6.089878041999327,3.868347671481552e-06,0.9999999916130133,False
40,y,53,5.321715707999829,0.00017465029456240088,0.9999996213397018,False
40,y,54,8.928666249999878,0.0008280750720167786,0.9999982046457208,False
40,y,55,8.703125,3.7725418933845415e-10,0.9999999999991821,False
40,y,56,10.314237208000122,31.998541754051487,0.9306237794039204,False
40,y,57,5.623970333000216,3.798966795767193e-05,0.9999999176343846,False
40,y,58,5.494733208000071,2.451262413875081e-05,0.99999994685404,False
40,y,59,8.629380332999972,2.5945716612309705e-09,0.9999999999943747,False
40,z,0,0.026198458000180835,2658.5379976258423,-3.4998153404555845,False
40,z,1,0.00804824999977427,2.847873887182519e-06,0.9999999951797166,False
40,z,2,0.1631507080001029,8.407993221736592e-06,0.9999999857687132,False
40,z,3,0.16239874999973836,5.292368387527106e-06,0.9999999910421892,False
40,z,4,0.07770487500056333,2.5983071572366003,0.9956021307892571,False
40,z,5,0.1683179170004223,8.640950145414456e-06,0.9999999853744125,False
40,z,6,0.14620108399958553,3.9815046236648466,0.9932609443236615,False
40,z,7,0.03842066699962743,3.2847568215287946,0.9944402528200157,False
40,z,8,0.011640457999419596,1.386774784011972,0.9976527586017477,False
40,z,9,0.12884062499961146,10.57531513197012,0.9821003253278727,False
40,z,10,0.00779387499915174,39.4705321129598,0.933192564463456,False
40,z,11,0.04465991600045527,39.37982205220048,0.9333460994226339,False
40,z,19,0.13524587499978225,0.00026812082146409065,0.9999995461813272,False
40,z,20,0.02885904200047662,590.810465877239,-1.138578120674083e-11,False
40,z,21,0.022471249999398424,590.810465870538,-4.374278717023117e-14,False
40,z,22,0.014169375000165019,526.6665094630449,0.10856943150618759,False
40,z,23,0.0070347920000131126,0.00018192818180920616,0.9999996920701438,False
40,z,24,0.021131083000000217,8.516308943339101,0.985585379008493,False
40,z,25,0.01650912500008417,590.8104658747675,-7.2026828945581656e-12,False
40,z,26,0.012197707999803242,3.9678039452506213,0.9932841339575724,False
40,z,27,0.013904292000006535,39.515987077792765,0.9331156278357915,False
40,z,28,0.023014250000414904,39.539953728379594,0.9330750621180676,False
40,z,29,0.129618500000106,39.62603029299916,0.9329293697690115,False
40,z,30,0.014930290999473073,39.56126335493013,0.933038993653168,False
40,z,31,0.017320667000603862,39.56587966858805,0.9330311801259463,False
40,z,33,0.01045200000044133,3.9992041709936466,0.9932309862434459,False
40,z,34,0.010110332999829552,7.954668459673864e-12,0.9999999999999866,False
40,z,35,0.010194165999564575,3.999865415275228,0.9932298670278602,False
40,z,36,0.1648598329993547,3.28222892694019e-05,0.9999999444453151,False
40,z,37,0.009577625000019907,0.0002695980012113611,0.9999995436810674,False
40,z,38,0.007246957999996084,1.2797694999889682e-06,0.9999999978338747,False
40,z,39,0.16607625000051485,2.3258566998220297e-05,0.9999999606327776,False
40,z,40,0.023386416999528592,1227.8840071431807,-1.0783044276881442,False
40,z,41,0.013975750000099652,1.2907342896506089,0.9978153158005608,False
40,z,42,6.542890707999504,9.164602161022423e-06,0.9999999844880842,False
40,z,47,5.528514790999907,0.11590479471773801,0.9998038206812282,False
40,z,50,10.809982499999933,1.7493870967564232e-07,0.9999999997039004,False
40,z,51,6.912158375000217,1.040696105413892e-06,0.999999998238528,False
40,z,52,5.641861334000168,0.00019579691265038182,0.9999996685960659,False
40,z,53,2.5471443750002436,4.802290022028713,0.9918716910084643,False
40,z,54,8.359055375000025,1.8392629638151184e-06,0.9999999968868816,False
40,z,55,8.68082754199986,0.1426089649207415,0.9997586214646509,False
40,z,56,11.071784583000408,5.656453727973907e-10,0.9999999999990425,False
40,z,57,5.807047459000387,3.1128324591273283e-06,0.9999999947312503,False
40,z,58,5.462340791000315,0.006363458437163675,0.9999892292726605,False
40,z,59,9.194241750000401,0.011080763105669418,0.9999812448090449,False
41,x,0,0.03254887500042969,9.744129976597032,0.8402736859697189,False
41,x,1,0.00822912500007078,54.75565161503282,0.10244234982487577,False
41,x,2,0.01777783299985458,60.77987991303542,0.0036928685240417147,False
41,x,3,0.019046999999773107,43.21018839240596,0.2916962174099209,False
41,x,4,0.022952208999413415,2.2083952380872867,0.9637998639027907,False
41,x,5,0.02134162499987724,209.4262049386612,-2.432925859624549,False
41,x,6,0.01830258399968443,2.4914539029480927,0.9591599507139132,False
41,x,7,0.011047625000173866,6.117606377656284,0.8997198600862227,False
41,x,8,0.013246208000055049,1.5009174048870029,0.9753968794215304,False
41,x,9,0.017538916000376048,51.98310212767125,0.14789013337727408,False
41,x,10,0.007234874999994645,57.14329044137924,0.06330404297923098,False
41,x,11,0.04362212500018359,59.142398344340705,0.030534556380043543,False
41,x,19,0.013008999999328807,4.743434957563184e-12,0.9999999999999223,False
41,x,20,0.01672187500025757,60.98407760917268,0.00034564866800390615,False
41,x,21,0.10289291699973546,35.03807222586148,0.4256539946814091,False
41,x,22,0.015617291999660665,1390.5040310157483,-21.79321848659888,False
41,x,23,0.007276875000570726,60.84651908503208,0.002600515554754601,False
41,x,24,0.015910416999759036,48.6107839640533,0.20316935802901326,False
41,x,25,0.01697337499990681,57.88293987542836,0.051179668811502266,False
41,x,26,0.011651000000711065,22.4558398628368,0.6319026389878062,False
41,x,27,0.012787124999704247,55.193623117134564,0.09526309689526247,False
41,x,28,0.020910625000396976,190.44180025590455,-2.121732454844566,False
41,x,29,0.019769999999880383,16.80134387084835,0.7245914480111366,False
41,x,30,0.014272583000092709,42.50345839039659,0.30328097443868474,False
41,x,31,0.015605957999468956,145.47867093441783,-1.3846943682183759,False
41,x,33,0.00904670799991436,2.7083557808577536,0.9556044832121491,False
41,x,34,0.009392834000209405,0.03045598068224076,0.9995007638910569,False
41,x,35,0.007619332999638573,8.343515965035515,0.8632326278129814,False
41,x,36,0.01935266700002103,47.93703027988338,0.214213565443657,False
41,x,37,0.011952875000133645,275.43472495975925,-3.514941147073137,False
41,x,38,0.007595416000185651,2515.9955067405963,-40.242336604049676,False
41,x,39,0.020978583000214712,16.33785297994605,0.7321890161642959,False
41,x,40,0.015277208000043174,6861.217704257054,-111.46945764192489,False
41,x,41,0.017785334000109287,187.82732133330123,-2.0788757726758895,False
41,x,42,0.23677000000043336,,,False
41,x,47,0.3067583329993795,,,False
41,x,50,0.3375285000001895,,,False
41,x,51,0.23846033300014824,,,False
41,x,52,0.21041633400000137,,,False
41,x,53,0.19992062500023167,,,False
41,x,54,0.24331749999964813,,,False
41,x,55,0.31870195899955434,,,False
41,x,56,0.34270625000044674,,,False
41,x,57,0.22108820900029968,,,False
41,x,59,0.25712995800040517,,,False
41,y,0,0.030962333000388753,16.18407184449373,0.9825590752232063,False
41,y,1,0.008736542000406189,7.264177617094024,0.9921716872859712,False
41,y,2,0.01887837499998568,916.0156344177512,0.012846709545316082,False
41,y,3,0.019212541000342753,811.0618529377695,0.12595118815989903,False
41,y,4,0.14822049999929732,1.9974296392542614,0.9978474502325554,False
41,y,5,0.03322320900042541,3563.4550106626516,-2.840192467237539,False
41,y,6,0.14996537500064733,1.7734086120263524,0.9980888687038675,False
41,y,7,0.01821525000013935,16.920035696310226,0.9817659565135697,False
41,y,8,0.023455583000213664,118.0927890242411,0.8727361402097142,False
41,y,9,0.0223277089999101,748.4734528324017,0.19340019534587394,False
41,y,10,0.007587292000607704,31.07262109450659,0.9665142831585066,False
41,y,11,0.044300875000772066,56.967045203825826,0.9386089014122753,False
41,y,19,0.013629708999360446,2.481577042460261e-12,0.9999999999999973,False
41,y,20,0.015574124999147898,78.04388514976746,0.9158952367942603,False
41,y,21,0.01749258300060319,3.826875057816476,0.995875930318718,False
41,y,22,0.012745957999868551,4033.6663877100855,-3.3469203991866987,False
41,y,23,0.0077575839995915885,122.01192170660237,0.8685126481886631,False
41,y,24,0.017578875000253902,662.8901078516938,0.2856299318607143,False
41,y,25,0.01647720900018612,926.8809454881708,0.0011375998183892344,False
41,y,26,0.015099416999873938,1800.964142842654,-0.9408267859184192,False
41,y,27,0.01310562500020751,19.040682346031634,0.9794806207185155,False
41,y,28,0.019215459000406554,3483.7406785897947,-2.754287530416089,False
41,y,29,0.01981699999942066,869.3190590537092,0.06316973493000821,False
41,y,30,0.014423665999856894,82.92597002652427,0.9106340098355821,False
41,y,31,0.015556583000034152,715.7144020444453,0.22870330979332387,False
41,y,33,0.009646541000620346,2.033377597267675,0.9978087105607586,False
41,y,34,0.009968624999601161,1.1114186056824082,0.998802268768732,False
41,y,35,0.00767808300042816,1.7733632726878057,0.9980889175642532,False
41,y,36,0.02083008299996436,200.3449672408339,0.7840962684402927,False
41,y,37,0.017664417000560206,140.8787699351428,0.848180602959816,False
41,y,38,0.008228166999288078,3142.8705305743615,-2.3869454506653502,False
41,y,39,0.17379758300012327,43.53264643964056,0.9530866138519494,False
41,y,40,0.016387542000302346,12928.39480456938,-12.932412277810121,False
41,y,41,0.01628199999959179,3544.2950974202454,-2.8195445976036444,False
41,y,42,0.2404757080003037,,,False
41,y,47,0.3094688750006753,,,False
41,y,51,0.2716078329995071,,,False
41,y,52,0.22938720799993462,,,False
41,y,53,0.1953444999999192,,,False
41,y,54,0.2588742910002111,,,False
41,y,55,0.2612444999995205,,,False
41,y,56,0.3421230000003561,,,False
41,y,57,0.20846370900017064,,,False
41,y,58,0.21412133299963898,,,False
41,y,59,0.2607031249999636,,,False
41,z,0,0.028287208000620012,0.011245213114259018,0.982788480859644,False
41,z,1,0.00791837500037218,0.008886424324887166,0.9863987582268957,False
41,z,2,0.01842904200020712,0.6440075142407004,0.014305238570191503,False
41,z,3,0.019357916999979352,0.5648361222188074,0.13548212648755564,False
41,z,4,0.014988917000664514,0.001845302412945764,0.9971756464304008,False
41,z,5,0.029419667000183836,2.6316988564433603,-3.0279837099656888,False
41,z,6,0.017989041999499022,0.002024229837994283,0.996901786542672,False
41,z,7,0.010730125000009139,0.023942990136061014,0.963353719594551,False
41,z,8,0.011621333000221057,0.005274034129828262,0.9919277528624756,False
41,z,9,0.022880959000758594,0.5325377318787567,0.18491688222691838,False
41,z,10,0.007653249999748368,0.03228031593685423,0.9505929082927376,False
41,z,11,0.04451712500031135,0.05143724425672154,0.9212720021349222,False
41,z,19,0.014281791000030353,0.0007856510041187984,0.9987975108023622,False
41,z,20,0.017432874999940395,0.0666041537865941,0.8980580753715031,False
41,z,21,0.018277790999491117,0.005657592994409816,0.9913406914460202,False
41,z,22,0.015512500000113505,1164.8474314125767,-1781.8736243273188,False
41,z,23,0.007314084000427101,0.09540288979100821,0.8539797648120064,False
41,z,24,0.017287374999796157,0.46133210974418826,0.29390164897322957,False
41,z,25,0.017070791999685753,0.6523246824266825,0.0015752797893237025,False
41,z,26,0.0141661670004396,1.3902330136774597,-1.1278406982010392,False
41,z,27,0.01424191600017366,0.022635220785295163,0.9653553443733056,False
41,z,28,0.0181654999996681,2.677199044495637,-3.0976246629289133,False
41,z,29,0.01904975000070408,0.6039632018746716,0.07559562424339494,False
41,z,30,0.013368958000683051,0.0778697512171116,0.8808153567291118,False
41,z,31,0.01526591699985147,395.82361032023255,-604.8333955977148,False
41,z,33,0.008996167000077548,0.0031026245624745357,0.9952512343252387,False
41,z,34,0.009167000000161352,7.546066557146676e-15,0.9999999999999885,False
41,z,35,0.007584917000713176,0.0036584799116534607,0.9944004621002525,False
41,z,36,0.01678566700047668,0.5617711217278253,0.14017330611036327,False
41,z,37,0.00985008400039078,52.648993385324545,-79.58265754189752,False
41,z,38,0.007543333000285202,3257.163093074949,-4984.29679696645,False
41,z,39,0.1549475000001621,0.03949548773065858,0.9395496255938482,False
41,z,40,0.018064958000650222,4723.714039011294,-7228.946980099401,False
41,z,41,0.014189458999680937,2.61318449494887,-2.999646293502693,False
41,z,42,0.2372821250000925,,,False
41,z,47,0.3093245840000236,,,False
41,z,50,0.3431131249999453,,,False
41,z,51,0.23861904200020945,,,False
41,z,52,0.20610516700071457,,,False
41,z,53,0.20610558299995319,,,False
41,z,54,0.2402871670001332,,,False
41,z,55,0.2635896249994403,,,False
41,z,56,0.3463266669996301,,,False
41,z,57,0.19777512499967997,,,False
41,z,58,0.1945571669994024,,,False
41,z,59,0.25136954100071307,,,False
42,x,0,0.029946458999802417,3.67236434163586,0.9896016307279881,False
42,x,1,0.008111124999231833,2.2896689672969375,0.99351675890034,False
42,x,2,0.018808124999850406,340.8732252624286,0.034810998725278486,False
42,x,3,0.15394866699989507,1.9076435545278034,0.9945984711009046,False
42,x,4,0.16926770800000668,0.7050774506990293,0.998003559828034,False
42,x,5,0.14512720899983833,1.9079144071018672,0.994597704176705,False
42,x,6,0.16718737500013958,0.697532117721643,0.9980249245814409,False
42,x,7,0.010944874999950116,1.0481655863457373,0.9970320992660051,False
42,x,8,0.013391917000262765,0.38329734633869206,0.9989146862954136,False
42,x,9,0.01689425000040501,5.902630157763684,0.9832865907773193,False
42,x,10,0.006991125000240572,7.119259775354082,0.9798416809442889,False
42,x,11,0.04316045799987478,5.069018858911791,0.9856469769777043,False
42,x,19,0.0225014170000577,1.930730640119619e-12,0.9999999999999946,False
42,x,20,0.017361209000227973,1.658936583549391,0.9953026896054349,False
42,x,21,0.028278958000555576,353.1673334752523,-1.8112500388411945e-09,False
42,x,22,0.02951299999949697,867.3435132288042,-1.455899605053811,False
42,x,23,0.007368332999249105,5.490496910872886,0.9844535538811313,False
42,x,24,0.01470270900063042,2.5367733768381773,0.9928170780789083,False
42,x,25,0.01391387500007113,2.7097966427572073,0.992327159420436,False
42,x,26,0.09344995799983735,3.826396349903032,0.9891654861756864,False
42,x,27,0.012706500000604137,8.48003089732115,0.9759886317082753,False
42,x,28,0.01806870800010074,14.43785357692405,0.9591189438133969,False
42,x,29,0.015160292000473419,5.821136339214746,0.9835173420698996,False
42,x,30,0.012918792000164103,9.430809277880229,0.973296484694209,False
42,x,31,0.014458333000220591,12.01984647271834,0.965965576781377,False
42,x,33,0.009815499999604071,0.705240468160027,0.9980030982410019,False
42,x,34,0.009460875000513624,0.002114439778408641,0.9999940129236715,False
42,x,35,0.00769587499962654,0.6968687774181221,0.9980268028420891,False
42,x,36,0.01979929200024344,299.07586208243566,0.15316102516855756,False
42,x,37,0.009435332999601087,8.28826371172656,0.976531624130748,False
42,x,38,0.0071705840000504395,0.1142925240165973,0.9996763785509295,False
42,x,39,0.15726079099931667,2.7132178338279505,0.9923174722530435,False
42,x,40,0.011682333999488037,1328.6272792973834,-2.762033335953946,False
42,x,41,0.014424625000174274,2.8983295731792498,0.9917933248528154,False
42,x,42,6.978284583999994,4.378745708417064e-05,0.999999876014985,False
42,x,47,2.4784044999996695,0.017656359629162666,0.9999500056828943,False
42,x,50,10.202186541000628,0.23949854723716907,0.9993218553219114,False
42,x,51,7.469434083000124,0.9948449486281877,0.9971830776628161,False
42,x,52,6.428326666999965,71.1081242133552,0.7986559978737877,False
42,x,53,6.057924207999349,81.87886570934648,0.7681584390834173,False
42,x,54,9.436989916999664,0.00015592300685598654,0.9999995585010494,False
42,x,55,10.588761125000019,5.956075401254072,0.9831352595568995,False
42,x,56,11.056947875000333,227.33823543793872,0.35628747536573735,False
42,x,57,5.485045125000397,5.556968531194623,0.9842653382276957,False
42,x,59,8.515653624999686,1.4108472461120248e-07,0.9999999996005159,False
42,y,0,0.0293658750006216,9.54078405172682,0.9812086779649369,False
42,y,1,0.008637291000013647,0.9818510916518067,0.9980661673135377,False
42,y,2,0.017090874999666994,435.7063467274622,0.14184219769708495,False
42,y,3,0.018886374999965483,0.012026727201590932,0.999976312418073,False
42,y,4,0.018659583000044222,3.166134170589061,0.9937640505766412,False
42,y,5,0.019644666999738547,0.012017972364446744,0.999976329661411,False
42,y,6,0.021744207999290666,3.222300083937932,0.9936534274077895,False
42,y,7,0.015083374999449006,4.306469783794009,0.9915180702023232,False
42,y,8,0.02205270800004655,39.629102823656964,0.9219473756996751,False
42,y,9,0.017135709000285715,17.290234156500585,0.9659455285503875,False
42,y,10,0.0076584170001297025,35.09087472725232,0.9308857716601912,False
42,y,11,0.0440039169998272,29.081697746721467,0.9427213167469081,False
42,y,19,0.012350541999694542,1.8332948346492623e-12,0.9999999999999963,False
42,y,20,0.01669599999968341,1.296617522351033,0.9974462101556115,False
42,y,21,0.024723791999349487,4.39951590741583,0.9913348085685191,False
42,y,22,0.015562042000055953,917.8330781877561,-0.8077441909543797,False
42,y,23,0.007517457999711041,0.009514985508927662,0.9999812594902172,False
42,y,24,0.013589708000836254,8.950461856664006,0.9823713637999509,False
42,y,25,0.012977915999726974,9.663916176574517,0.9809661595934561,False
42,y,26,0.010947958000542712,4.860400066117259,0.9904270610919947,False
42,y,27,0.013315416999830632,38.70201565855187,0.9237733465401858,False
42,y,28,0.01856070899975748,13.347964934444038,0.9737101367942114,False
42,y,29,0.015503583999816328,15.754996260890618,0.968969299923938,False
42,y,30,0.016174792000128946,40.789030052210876,0.9196628081032573,False
42,y,31,0.020156333000159066,36.7014752161033,0.927713567752028,False
42,y,33,0.008774417000495305,5.130387724897503,0.989895299235304,False
42,y,34,0.009339833999547409,0.00304326331792376,0.9999940060543521,False
42,y,35,0.007778207999763254,5.295461572845353,0.9895701733526158,False
42,y,36,0.017131749999862222,433.3956998116077,0.14639319791569783,False
42,y,37,0.012531416999991052,6.795560225710889,0.9866156114720062,False
42,y,38,0.007550917000116897,0.021315117564197107,0.9999580182051924,False
42,y,39,0.02077287499923841,0.009410457006208862,0.9999814653672966,False
42,y,40,0.011496375000206172,1678.853321869497,-2.306633212725862,False
42,y,41,0.013209042000198679,5.127969980063815,0.9899000611732666,False
42,y,42,6.401258332999532,0.001198476701756915,0.9999976395061945,False
42,y,47,0.8449143749994619,0.026853289091719704,0.9999471103422646,False
42,y,51,4.008405707999373,2264.562465408101,-3.4602332811733625,False
42,y,52,5.060868042000038,3.7202979727899887e-06,0.9999999926725816,False
42,y,53,5.864872624999407,338.7858211970074,0.33273476975154714,False
42,y,54,0.5737718330001371,0.005466631498943141,0.9999892330407661,False
42,y,55,9.788870333999512,0.037345137439370894,0.9999264458245505,False
42,y,56,11.28573362499992,0.16121641336993814,0.9996824716370744,False
42,y,57,5.76385025000036,6.358670983397798,0.9874760990798851,False
42,y,58,5.48751325000012,1409.6668693787733,-1.7764493946240498,False
42,y,59,9.174547374999747,0.0009450024861608077,0.9999981387435304,False
42,z,0,0.02775733299949934,6.661899673860131,0.984809661748109,False
42,z,1,0.010743457999524253,0.022677458190858736,0.9999482912866485,False
42,z,2,0.01830895800048893,411.12000852239106,0.06257189430821397,False
42,z,3,0.1710900420002872,4.840269260019577e-06,0.9999999889633091,False
42,z,4,0.020373207999909937,1.8353550761383288,0.9958150578988363,False
42,z,5,0.16687941600048362,6.3975255714659755e-06,0.9999999854124826,False
42,z,6,0.02103662500030623,1.8680402941519836,0.9957405296798941,False
42,z,7,0.012922917000651069,2.8524268093154963,0.9934959500752797,False
42,z,8,0.021513249999770778,48.96927161200681,0.8883411885270722,False
42,z,9,0.017674749999969208,11.806790392578208,0.9730783787639181,False
42,z,10,0.008032082999307022,20.05996719806127,0.9542596403461259,False
42,z,11,0.04509991600025387,15.948412745794046,0.9636347294241063,False
42,z,19,0.013175999999475607,0.0026349971222903055,0.9999939917291554,False
42,z,20,0.015848124999138236,0.05203087165285269,0.9998813601857367,False
42,z,21,0.019248917000368237,3.5582636711035134,0.9918865141476743,False
42,z,22,0.014029875000233005,629.7224164620152,-0.4358812019325258,False
42,z,23,0.008763292000367073,1.1785900786290582,0.9973126010851009,False
42,z,24,0.013964582999506092,5.92123477347954,0.9864985119138103,False
42,z,25,0.01300520799941296,6.35650849569731,0.9855060089647504,False
42,z,26,0.015164125000410422,2.846906008649681,0.9935085385010501,False
42,z,27,0.013686500000403612,22.59661498994301,0.9484756237936417,False
42,z,28,0.017690249999759544,13.550405138693627,0.9691026212366164,False
42,z,29,0.015039709000120638,11.382785191536646,0.9740451874430783,False
42,z,30,0.016348666999874695,24.17001966391444,0.9448879760692978,False
42,z,31,0.02059754200035968,22.804913070218813,0.948000666431401,False
42,z,33,0.008980749999864202,2.878389475936713,0.9934367504914965,False
42,z,34,0.00994116599940753,4.032662285625408e-12,0.9999999999999908,False
42,z,35,0.007885957999860693,2.925926409394866,0.9933283576705239,False
42,z,36,0.017650541999501,372.6145186758429,0.1503713875396847,False
42,z,37,0.01097929200022918,1.2196101572599647,0.9972190678738507,False
42,z,38,0.00836658299976989,1.3618840602665239,0.99689465759797,False
42,z,39,0.17188141600036033,0.09171203234330445,0.9997908799499744,False
42,z,40,0.011658084000373492,1637.674534639212,-2.7341946510076056,False
42,z,41,0.01352979100010998,3.2948481728163608,0.9924871492090926,False
42,z,42,7.2167048749997775,531.664346411583,-0.21229103616669942,False
42,z,47,7.780129042000226,0.021246639546934204,0.9999515538123908,False
42,z,50,12.554557666999244,495.05009941174126,-0.1288039192789714,False
42,z,51,7.481149666999954,9.861764217090707,0.9775133908416844,False
42,z,52,6.077065041999958,5.283739622039567,0.987952116359748,False
42,z,53,5.964910790999966,871.4266053796614,-0.9870105443578487,False
42,z,54,9.010767416000817,2.7584373592419413e-05,0.9999999371026305,False
42,z,55,9.96577520899973,0.0391843142890517,0.999910652664051,False
42,z,56,4.599681708999924,62.89053494289045,0.8565981858938253,False
42,z,57,5.358268708000651,5.315423254414231,0.9878798719375289,False
42,z,58,5.28471616600018,4.765746689440216,0.9891332340954514,False
42,z,59,9.59472095900037,0.034663503457580756,0.9999209609318221,False
43,x,0,0.029181167000388086,13.939852103169034,0.9852475878416752,False
43,x,1,0.00847641600012139,32.35359872340015,0.9657604959048206,False
43,x,2,0.02182020799955353,935.8110867917412,0.009640077060561802,False
43,x,3,0.02168887499919947,833.2858152977071,0.11814159131839941,False
43,x,4,0.017020792000039364,0.9639485638152486,0.9989798624542369,False
43,x,5,0.10509174999970128,3057.1574311293825,-2.2353604703347765,False
43,x,6,0.017707582999719307,0.7436315284286803,0.9992130218656473,False
43,x,7,0.011263749999670836,15.444160200369641,0.9836555929697953,False
43,x,8,0.021078249999845866,176.5123527814072,0.8131986652372751,False
43,x,9,0.01949033300024894,907.1396139643155,0.039982822536336005,False
43,x,10,0.00843987499956711,99.1759824326703,0.8950430063227914,False
43,x,11,0.04446304200064333,136.11110760301224,0.8559549166070957,False
43,x,19,0.01367000000027474,8.379156739670692e-13,0.9999999999999991,False
43,x,20,0.016095916999802284,137.28099570308135,0.8547168352197461,False
43,x,21,0.017014083000503888,2.123045141183017,0.9977532016321508,False
43,x,22,0.012406208000356855,3783.222674535464,-3.003748373254198,False
43,x,23,0.007516874999964784,215.44107060572867,0.7720007754828381,False
43,x,24,0.0174369160004062,608.8760877081388,0.3556322597442211,False
43,x,25,0.01562841600025422,930.519311223529,0.015240312533208566,False
43,x,26,0.015250124999511172,1304.9139395770687,-0.3809779418970969,False
43,x,27,0.012840624999626016,78.12260400044936,0.9173235953605117,False
43,x,28,0.022213291999833018,2993.3457061107065,-2.167829132050693,False
43,x,29,0.017262166000364232,893.5589865419237,0.054355070650663584,False
43,x,30,0.013848499999767228,191.84611047389154,0.7969710961252624,False
43,x,31,0.01564604200029862,1283.541506711633,-0.35835970060418143,False
43,x,33,0.009429499999896507,1.6566692924267492,0.9982467627324135,False
43,x,34,0.009912540999721386,1.90672083185701,0.9979821355797581,False
43,x,35,0.007285749999937252,2.233122981348534,0.9976367073067015,False
43,x,36,0.021872000000257685,719.0313031163,0.23905604881578413,False
43,x,37,0.014603083000110928,72.0723118067982,0.9237265617233146,False
43,x,38,0.007513291000577738,6738.513004008643,-6.131303864175695,False
43,x,39,0.1561535000000731,121.1068415867917,0.8718337878294175,False
43,x,40,0.010886666999795125,10303.178093004617,-9.903754834965067,False
43,x,41,0.012858749999395513,3018.43410823071,-2.194379948065732,False
43,x,42,0.23487091700008023,,,False
43,x,47,0.3053936669994073,,,False
43,x,50,0.33477099999981874,,,False
43,x,51,0.23436070900061168,,,False
43,x,52,0.20891754200056312,,,False
43,x,53,0.20549949999985984,,,False
43,x,54,0.24807775000044785,,,False
43,x,55,0.3176729169999817,,,False
43,x,56,0.34212154100077896,,,False
43,x,57,0.22064270900045813,,,False
43,x,59,0.26016408299983595,,,False
43,y,0,0.03386195800067071,3.884761673135752,0.952480736083604,False
43,y,1,0.008496540999658464,55.295499240078605,0.323613224474288,False
43,y,2,0.013480333000188693,80.49654603311284,0.015348446789483106,False
43,y,3,0.015715583999735827,48.13511121303959,0.4112006743695107,False
43,y,4,0.02840504100004182,3.5399353052685067,0.9566987284750881,False
43,y,5,0.0216627919999155,0.03723397089305175,0.9995445458335944,False
43,y,6,0.017329457999949227,3.6097409339931636,0.9558448505867339,False
43,y,7,0.012391207999826293,17.145473658245493,0.7902727744221876,False
43,y,8,0.016015584000342642,73.98618295437764,0.09498464776143889,False
43,y,9,0.03130383300049289,53.301153127145,0.34800850718531884,False
43,y,10,0.007932999999866297,45.28446132225859,0.44607045426618397,False
43,y,11,0.044409416999769746,39.83945510882747,0.5126749744538007,False
43,y,19,0.013190708000365703,6.823121784961873e-12,0.9999999999999165,False
43,y,20,0.02418775000023743,81.75130153666008,-2.4111157514994375e-11,False
43,y,21,0.02263416700043308,81.75130153470367,-1.794120407794253e-13,False
43,y,22,0.01898933400025271,2316.9083672598676,-27.340935541885493,False
43,y,23,0.007537167000009504,31.74122967435408,0.6117342589232613,False
43,y,24,0.016425166999397334,74.69267782134906,0.08634264630447219,False
43,y,25,0.015467625000383123,78.86667522023734,0.0352853870250327,False
43,y,26,0.012222416999975394,21.2664320671902,0.7398642997975236,False
43,y,27,0.012742249999973865,49.38405506513316,0.3959233169617703,False
43,y,28,0.020390417000271555,751.7702393878714,-8.19581982519112,False
43,y,29,0.016624749999209598,6.3513763291808765,0.922308560109152,False
43,y,30,0.01326570899982471,16.0236915026536,0.8039946618360032,False
43,y,31,0.01857404200018209,1001.4010491348881,-11.249359096869771,False
43,y,33,0.009556957999848237,3.7072828644619613,0.954651696121451,False
43,y,34,0.01016604200049187,0.05090586221590113,0.9993773082353399,False
43,y,35,0.007461749999492895,9.657166271531555,0.8818714064456357,False
43,y,36,0.014075832999878912,81.17765106668459,0.007017019389727652,False
43,y,37,0.01100370899985137,55.122610737136604,0.32572803487726076,False
43,y,38,0.00733179199960432,8004.720288815413,-96.9155088487344,False
43,y,39,0.02015033299994684,18.418337169761113,0.7747028264504672,False
43,y,40,0.01311070900010236,2706.3074385985365,-32.104151099664016,False
43,y,41,0.019519832999321807,731.2735593962564,-7.945099902610831,False
43,y,42,0.2311998750001294,,,False
43,y,47,0.3054564579997532,,,False
43,y,51,0.27617108300000837,,,False
43,y,52,0.23426133299926732,,,False
43,y,53,0.19983316700017895,,,False
43,y,54,0.26269720900018,,,False
43,y,55,0.2661442499993427,,,False
43,y,56,0.33849449999979697,,,False
43,y,57,0.20772337500056892,,,False
43,y,58,0.21083783300036885,,,False
43,y,59,0.26006616599988774,,,False
43,z,0,0.028404334000697418,8.869697365020379,0.9820495194712108,False
43,z,1,0.007980624999618158,12.22825653825153,0.9752524723383931,False
43,z,2,0.019078916000580648,487.0227889282358,0.014363993498796912,False
43,z,3,0.01958845800072595,429.50026301669067,0.13077799713933635,False
43,z,4,0.01490150000063295,1.2966112768023765,0.9973759199981909,False
43,z,5,0.02785408300042036,1892.813491420287,-2.830673170018736,False
43,z,6,0.018481332999726874,1.5165188530656828,0.9969308713676236,False
43,z,7,0.013252165999801946,26.018597837266256,0.9473435998271884,False
43,z,8,0.011726165999789373,5.297414804886187,0.9892790996812313,False
43,z,9,0.0223876250001922,420.0056704556942,0.1499931396499583,False
43,z,10,0.007203916999969806,47.73038156128268,0.9034033237451369,False
43,z,11,0.04290662500079634,63.159171091648005,0.8721785621044703,False
43,z,19,0.014030915999683202,0.9929393073836976,0.9979904908848691,False
43,z,20,0.020311083000706276,66.2764378112468,0.8658698422856997,False
43,z,21,0.018650125000021944,4.385115691421562,0.9911254092900869,False
43,z,22,0.01706979200025671,2937.7722680686647,-4.94545921081293,False
43,z,23,0.007226917000480171,97.28345998596532,0.8031178762492867,False
43,z,24,0.017323291000138852,321.3760326451538,0.3495996561092235,False
43,z,25,0.01686045800033753,485.09901729835025,0.018257319704072406,False
43,z,26,0.014810958999987633,924.0939527397054,-0.8701799872951876,False
43,z,27,0.013535791999856883,39.54417947023317,0.919970547540126,False
43,z,28,0.023539709000033326,1919.79493850739,-2.885278183092313,False
43,z,29,0.01694258399948012,460.02737731633584,0.06899726795719174,False
43,z,30,0.013103291000334139,109.92138194014795,0.7775412683192829,False
43,z,31,0.018423292000079527,379.1779621137284,0.2326201959594335,False
43,z,33,0.00937233400054538,2.169593574802555,0.9956091797028533,False
43,z,34,0.009315166000305908,4.020737226633268e-12,0.9999999999999919,False
43,z,35,0.007740084000033676,2.6394201758266997,0.9946583453162314,False
43,z,36,0.024757084000157192,350.9809244006394,0.2896853195604321,False
43,z,37,0.009945292000338668,38.849188045051385,0.9213770701678992,False
43,z,38,0.007893959000284667,6629.140669433832,-12.4160451717964,False
43,z,39,0.15184454200061737,54.69024270691475,0.8893179669582812,False
43,z,40,0.014259957999456674,4029.5896470859616,-7.1550776224100705,False
43,z,41,0.014109959000052186,1929.026713827608,-2.903961436456205,False
43,z,42,0.2411169590004647,,,False
43,z,47,0.31753133300026093,,,False
43,z,50,0.3361070419996395,,,False
43,z,51,0.23818562499945983,,,False
43,z,52,0.20514091700079007,,,False
43,z,53,0.20678262500041455,,,False
43,z,54,0.2408333749999656,,,False
43,z,55,0.2593681660000584,,,False
43,z,56,0.3461052920001748,,,False
43,z,57,0.1992487910001728,,,False
43,z,58,0.19519975000002887,,,False
43,z,59,0.2539076250004655,,,False
44,x,0,0.033560834000127215,312.45194274167676,-0.13804414623084793,False
44,x,1,0.008083124999757274,93.71212947263169,0.6586721802996476,False
44,x,2,0.013396499999544176,271.93531825797174,0.009529611557675732,False
44,x,3,0.017534458999762137,252.61328770782504,0.07990627034218512,False
44,x,4,0.021717917000387388,1.0076526701207928,0.9963298252761611,False
44,x,5,0.14869462499973451,43.371032679267536,0.8420296272651611,False
44,x,6,0.01630162499986909,1.139667419198086,0.9958489877717268,False
44,x,7,0.013047709000602481,1.5288406973202289,0.9944315013987823,False
44,x,8,0.012010458000077051,8.669623546335927,0.9684226180821353,False
44,x,9,0.018115125000804255,240.24365452382872,0.12496020251667117,False
44,x,10,0.0070946670002740575,153.02111078321855,0.4426509950665912,False
44,x,11,0.04350437500033877,163.24349719250685,0.40541798281030783,False
44,x,19,0.01373133300057816,1.1146909983868257e-12,0.9999999999999959,False
44,x,20,0.017885166000269237,95.6535310227074,0.6516010107298243,False
44,x,21,0.15788262499972916,5.194057413937695,0.9810816774469353,False
44,x,22,0.01485262500045792,1888.7757562335069,-5.879490567614802,False
44,x,23,0.007057249999888882,184.65613110419397,0.3274267164902688,False
44,x,24,0.020648458000323444,202.75361718031877,0.26151021774903427,False
44,x,25,0.01616066599945043,272.6474748114951,0.006935722750886497,False
44,x,26,0.015371292000054382,154.25665825176486,0.43815075880103527,False
44,x,27,0.012785457999598293,146.73851348610668,0.4655341079522586,False
44,x,28,0.01728641699992295,320.19883114940586,-0.16626064866818058,False
44,x,29,0.01842774999931862,265.2945840394638,0.03371716705095695,False
44,x,30,0.014967500000238942,126.92872395966599,0.537687331935474,False
44,x,31,0.014956666999751178,217.59508921150868,0.20745310349863966,False
44,x,33,0.009440666999580571,1.422044517131924,0.9948204852746279,False
44,x,34,0.009599874999366875,0.9402814765079841,0.9965752114684916,False
44,x,35,0.007869208000556682,9.44474315521643,0.9655993988511238,False
44,x,36,0.019447833000413084,267.6906022148042,0.024990146713742556,False
44,x,37,0.010384959000475646,179.13816110630336,0.3475248262990105,False
44,x,38,0.00730012500025623,12765.060639817717,-45.494198147575275,False
44,x,39,0.026479582999854756,149.19142593413147,0.4565998615264032,False
44,x,40,0.012396541999805777,5626.707717329164,-19.494165355702435,False
44,x,41,0.015196208999441296,318.9634059875367,-0.16176085788040506,False
44,x,42,0.23199066599954676,,,False
44,x,52,0.21241600000030303,,,False
44,x,53,0.2049261669999396,,,False
44,x,57,0.22339691599972866,,,False
44,y,0,0.0297174580000501,14.680186879159553,0.9702010898588096,False
44,y,1,0.007980958000189275,0.18242427637441963,0.9996297019469848,False
44,y,2,0.014727291999406589,492.6368858124054,9.849098039360626e-06,False
44,y,3,0.013959791000161204,438.9978028980572,0.10889035756688226,False
44,y,4,0.02274320800006535,51.57131692251845,0.8953167932065889,False
44,y,5,0.022876084000017727,2385.5057280178635,-3.8422728821943233,False
44,y,6,0.022154042000693153,3.041432994957891,0.9938262782849266,False
44,y,7,0.011011124999640742,38.57094446021112,0.9217058939718021,False
44,y,8,0.011581625000872009,6.168175519391639,0.9874793890874525,False
44,y,9,0.020874916999673587,446.46543448407283,0.09373201629841388,False
44,y,10,0.007378667000011774,27.260149981613765,0.9446653665635087,False
44,y,11,0.04440950000025623,34.225707179447944,0.9305261723740772,False
44,y,19,0.013150833999134193,2.2730994850882073e-12,0.9999999999999953,False
44,y,20,0.01842337500056601,30.47553650844522,0.9381385413281798,False
44,y,21,0.019333208000716695,2.09866704953664,0.9957399731120453,False
44,y,22,0.014089958000113256,3835.792107156134,-6.786169567343857,False
44,y,23,0.00714683300066099,60.852950501698466,0.8764762588682907,False
44,y,24,0.01894491700022627,324.7598025060388,0.34077895247459977,False
44,y,25,0.01781924999977491,485.83437605409364,0.013818077746019175,False
44,y,26,0.018530457999986538,1448.464117838127,-1.940197726738206,False
44,y,27,0.012986791000002995,26.302291579035124,0.9466096971569391,False
44,y,28,0.01849762500023644,2364.0422765928843,-3.7987048087360247,False
44,y,29,0.021444875000270258,470.7847786249043,0.04436684426684245,False
44,y,30,0.013090542000099958,105.1328772651764,0.7865936456873532,False
44,y,31,0.016318166999553796,82.46478571549707,0.8326069852123501,False
44,y,33,0.010006583999711438,5.051152026122522,0.9897468045485444,False
44,y,34,0.009575084000061906,1.6075272303544854,0.9967369244083089,False
44,y,35,0.007341583999732393,3.217782488046695,0.993468311268481,False
44,y,36,0.01932320800005982,409.7843036411045,0.16819004131297188,False
44,y,37,0.009433833000002778,86.88881920012876,0.8236267605493173,False
44,y,38,0.0076725420003640465,15422.520805368225,-30.305753490252457,False
44,y,39,0.15106529100012267,31.636038289716637,0.9357828704785196,False
44,y,40,0.013839917000041169,4575.349331392371,-8.287376564958436,False
44,y,41,0.017015250000440574,2421.1731751413363,-3.9146732583303283,False
44,y,42,0.23204474999965896,,,False
44,y,52,0.21972754200032796,,,False
44,y,53,0.19300391700016917,,,False
44,y,57,0.19162566600061837,,,False
44,y,58,0.18297391699979926,,,False
44,z,0,0.0298697500002163,12.171564851469526,0.9816302226027318,False
44,z,1,0.008166083000105573,32.37216889951302,0.9511427212681673,False
44,z,2,0.015781832999891776,661.357857733914,0.0018541761259742717,False
44,z,3,0.01910337499975867,581.5049363298801,0.12237116869135956,False
44,z,4,0.015077582999765582,2.3581556105694537,0.9964409840342715,False
44,z,5,0.026164916999732668,2518.6089208512267,-2.8011780565113638,False
44,z,6,0.01588679199994658,2.8381346548722597,0.9957165818471417,False
44,z,7,0.012886750000689062,58.19862070459,0.9121644817065336,False
44,z,8,0.011403334000533505,10.328781554984094,0.9844114195450259,False
44,z,9,0.019545250000192027,234.26490716794365,0.6464387078258668,False
44,z,10,0.0073348750001969165,129.9635915003877,0.8038541243673052,False
44,z,11,0.042388374999973166,143.13379873757748,0.7839771588188813,False
44,z,19,0.013550542000302812,2.3611372068529057,0.9964364840985045,False
44,z,20,0.01992362500004674,115.3469328239843,0.8259141281099597,False
44,z,21,0.018461499999830266,6.279246365433015,0.9905231283435438,False
44,z,22,0.013272207999762031,3838.008816094417,-4.792465345316317,False
44,z,23,0.007141916999898967,182.98496481551186,0.7238322999772644,False
44,z,24,0.019398540999645775,443.0017525229376,0.33140531396309747,False
44,z,25,0.017106041999795707,649.9377035429604,0.019089896667279338,False
44,z,26,0.014738541999577137,1117.243844744354,-0.6861858747722143,False
44,z,27,0.012523207999947772,125.4339296974929,0.8106904580696261,False
44,z,28,0.018677333999221446,2513.150906373354,-2.792940618498001,False
44,z,29,0.017672958999355615,620.8237304580497,0.0630297853542543,False
44,z,30,0.012992167000447807,258.10543383140185,0.6104577001916274,False
44,z,31,0.019726166000509693,374.896688555056,0.4341920040874696,False
44,z,33,0.008926458999667375,3.815296155326453,0.99424181344525,False
44,z,34,0.009116125000218744,4.804244006888389e-12,0.9999999999999928,False
44,z,35,0.0073872090006261715,4.783388405563969,0.9927807326923723,False
44,z,36,0.017694707999908132,568.576579705654,0.14188312431889427,False
44,z,37,0.009558583999933035,46.44597037279486,0.9299020177635298,False
44,z,38,0.007428416000038851,14209.366358820327,-20.445303061113503,False
44,z,39,0.14986770800078375,140.7552463600861,0.7875669583422338,False
44,z,40,0.0159832909994293,5172.853581869132,-6.807062605933107,False
44,z,41,0.0169566250006028,2572.581911063517,-2.8826360964399766,False
44,z,42,0.23879624999972293,,,False
44,z,52,0.18911991599998146,,,False
44,z,53,0.17040983299921209,,,False
44,z,57,0.18080341699987912,,,False
44,z,58,0.18325699999968492,,,False
45,x,0,0.025643416000093566,3761.779328615456,-3.5443167559300077,False
45,x,1,0.007472875000530621,0.013880522404819646,0.9999832320067088,False
45,x,2,0.013090291000480647,284.39478121653303,0.6564445022730743,False
45,x,3,0.026099042000168993,2.5800874029883927e-05,0.9999999688319452,False
45,x,4,0.01968787500027247,3.7360139417662834,0.9954868084295084,False
45,x,5,0.032644083999912255,3.362935767971562e-06,0.9999999959374956,False
45,x,6,0.13075895800011494,5.756133834723736,0.9930464567032063,False
45,x,7,0.014529666999806068,4.969832928143693,0.993996326451757,False
45,x,8,0.013920959000643052,1.8081096148896907,0.9978157616112677,False
45,x,9,0.016125291000207653,16.03916409506742,0.9806243174356661,False
45,x,10,0.006852500000604778,50.15056045268771,0.9394169587644818,False
45,x,11,0.03834350000033737,45.68316336217598,0.9448136781571841,False
45,x,19,0.012997958000596554,2.8003335124896434e-14,1.0,False
45,x,20,0.015450209000846371,0.4345526213080689,0.9994750503456378,False
45,x,21,0.022020625000550353,827.7986616822163,-5.409139802736718e-11,False
45,x,22,0.015628250000190747,398.575637068215,0.51851137777898,False
45,x,23,0.006634500000473054,0.1981779296923063,0.9997605964603756,False
45,x,24,0.012358832999780134,11.966845733131876,0.9855437725527839,False
45,x,25,0.012274249999791209,12.335750564262268,0.9850981269529219,False
45,x,26,0.010048541999822191,5.6583523157545415,0.9931645790480478,False
45,x,27,0.010676124999918102,52.58989292908538,0.9364701885056697,False
45,x,28,0.01810191599997779,26.398461984407923,0.9681100451018003,False
45,x,29,0.019276417000583024,827.7986616473504,-1.1972645097557688e-11,False
45,x,30,0.013301333000526938,54.62718105360731,0.9340090971570898,False
45,x,31,0.01353554199977225,56.050502783005534,0.9322896914666012,False
45,x,33,0.009126791999733541,5.750352152235191,0.99305344110987,False
45,x,34,0.009165124999526597,0.0008421033263271267,0.999998982719633,False
45,x,35,0.006463167000219983,5.795434750349084,0.9929989802847888,False
45,x,36,0.013808292000248912,279.8205436948821,0.6619702873868154,False
45,x,37,0.008808665999822551,0.21076688081216957,0.9997453887151795,False
45,x,38,0.006740499999978056,0.26155614106395764,0.9996840341097597,False
45,x,39,0.07041825000032986,2.2172001460017983e-05,0.9999999732157075,False
45,x,40,0.012001875000350992,1160.8742622208772,-0.40236305761185354,False
45,x,41,0.013751084000432456,12.224889064864433,0.9852320502177633,False
45,x,42,2.487243749999834,0.07214435990821033,0.9999128479384523,False
45,x,47,5.183913583000503,0.00041211336062990287,0.9999995021574934,False
45,x,50,11.141739750000852,661.4520788364247,0.20095053363817983,False
45,x,51,7.14143462499942,7.75224621423708e-05,0.9999999063510661,False
45,x,52,6.626489833000051,0.5685698093817889,0.9993131544713335,False
45,x,53,4.194926750000377,0.000495806888104867,0.9999994010537694,False
45,x,54,7.138823833999595,1.7869136048086984e-06,0.9999999978413668,False
45,x,55,11.094191250000222,2303.0893073258712,-1.7821853477876028,False
45,x,56,5.981572459000745,645.5337073895794,0.2201802958793485,False
45,x,57,5.524602749999758,3.5498430110821464,0.9957117072355972,False
45,x,59,9.00021554200066,4.4459877054353866e-08,0.9999999999462914,False
45,y,0,0.03414574999987963,0.16382008211152285,0.9939746317526754,False
45,y,1,0.010378541000136465,1.3145970382648988,0.9516485942975177,False
45,y,2,0.01495375000013155,6.053834515748628,0.7773375413100015,False
45,y,3,0.1485216249993755,1.2810765109410942,0.9528814927210024,False
45,y,4,0.025139375000435393,0.004214021297227464,0.9998450066085269,False
45,y,5,0.14576575000046432,1.2810663247490308,0.9528818673732271,False
45,y,6,0.04779483300080756,0.004436376455439521,0.9998368282967312,False
45,y,7,0.012131749999753083,0.0022210329942922717,0.9999183095167113,False
45,y,8,0.013109708000229148,0.09285607776826567,0.9965847162610069,False
45,y,9,0.017477832999247767,0.02136714828784811,0.999214107726171,False
45,y,10,0.007468374999916705,0.01730524798238335,0.9993635060466265,False
45,y,11,0.04423124999993888,0.01150382832193375,0.9995768845858198,False
45,y,19,0.015272167000148329,3.3793785693447544e-13,0.9999999999999876,False
45,y,20,0.018623791000209167,1.0486374634822722,0.9614306940029509,False
45,y,21,0.022888583000167273,27.18839337206472,-5.0572213083910356e-11,False
45,y,22,0.012721624999358028,6.944481057146857,0.7445792047192714,False
45,y,23,0.007390041000689962,1.5494785494877386,0.9430095582198637,False
45,y,24,0.020441292000214162,0.01189737576969423,0.9995624097530338,False
45,y,25,0.018056124999930034,0.012144154093186074,0.999553333147435,False
45,y,26,0.08568916700005502,2.688162862871801,0.9011282930101432,False
45,y,27,0.012507583999649796,0.02427332819464835,0.9991072172649667,False
45,y,28,0.018866584000534203,0.11457498728217175,0.9957858860683659,False
45,y,29,0.016718500000024505,0.0685639055571218,0.997478192086516,False
45,y,30,0.012657041999773355,0.032730207899875324,0.998796169841534,False
45,y,31,0.014334790999782854,0.11874060909460696,0.9956326728293325,False
45,y,33,0.008950584000558592,0.05396681154822602,0.9980150790518426,False
45,y,34,0.009329792000244197,2.6681667578477494e-05,0.9999990186375777,False
45,y,35,0.007753666999633424,0.0596372795596221,0.9978065169667615,False
45,y,36,0.01735708300020633,5.965479505660443,0.7805872739765679,False
45,y,37,0.00962616699962382,3.2223712240484756,0.8814798954791374,False
45,y,38,0.0069375829998534755,0.6878856348027165,0.9746992907810328,False
45,y,39,0.14718687499953376,1.3487717154966048,0.9503916359783642,False
45,y,40,0.010964209000121627,1453.0154268198444,-52.442489484732064,False
45,y,41,0.012867958000242652,0.23385700800342427,0.9913986455611778,False
45,y,42,3.8330281250000553,0.07447951867672893,0.9972606134661484,False
45,y,47,1.0373219579996658,0.00026757780790006755,0.9999901583810322,False
45,y,51,7.508252374999756,2875.2671708414036,-104.75347839203572,False
45,y,52,6.7464895409993915,8.70104418604721e-06,0.9999996799721091,False
45,y,53,5.932254709000517,270.82554875473755,-8.961072177464493,False
45,y,54,8.944704915999864,0.00034046557576355795,0.9999874775397309,False
45,y,55,9.69998783399933,0.0001173062530682145,0.9999956854290186,False
45,y,56,10.568718749999789,72.50509014538656,-1.6667662615015053,False
45,y,57,5.7111855840003045,5.1079571716254035,0.8121272889507327,False
45,y,58,6.120766666000236,667.0116301733257,-23.53295496645246,False
45,y,59,9.052755041000637,3.1008533997972785e-06,0.9999998859493697,False
45,z,0,0.025410542000827263,5888.221659611636,-3.4870294971966036,False
45,z,1,0.008059916999627603,0.011351590603307064,0.9999913496935371,False
45,z,2,0.013593333000244456,446.722439427231,0.6595819793064965,False
45,z,3,0.16466008299994428,2.2397303172264117e-05,0.9999999829324767,False
45,z,4,0.021802958000080253,5.652947177884704,0.9956922578327434,False
45,z,5,0.1444121250005992,0.0003255867576488999,0.9999997518915779,False
45,z,6,0.15912958300032187,5.697218603430019,0.9956585214682196,False
45,z,7,0.014927125000212982,7.768298294419221,0.9940802867818023,False
45,z,8,0.014934625000023516,2.6161526577974428,0.9980064007737303,False
45,z,9,0.01770037499954924,24.51741789020365,0.9813168756837025,False
45,z,10,0.007366792000539135,75.23301019299274,0.9426698321813659,False
45,z,11,0.04342620799980068,68.3625478560254,0.9479053632037127,False
45,z,19,0.013910167000176443,0.0013349128930559575,0.9999989827499925,False
45,z,20,0.016938415999902645,0.351916545626427,0.999731827364515,False
45,z,21,0.024184459000025527,1312.2761205331908,-2.865918613537133e-10,False
45,z,22,0.014420208000046841,751.7416036412951,0.4271467779576007,False
45,z,23,0.007044541999675857,0.6646049222328086,0.9994935479568483,False
45,z,24,0.012749499999699765,18.408005121259997,0.9859724604917323,False
45,z,25,0.014015749999998661,18.966001764853342,0.9855472476611228,False
45,z,26,0.012835124999583059,8.660013913810257,0.9934007684962114,False
45,z,27,0.012512625000454136,78.99036584133634,0.9398065966239789,False
45,z,28,0.018763874999422114,39.24880567380476,0.9700910463347409,False
45,z,29,0.1312831670002197,88.14607069929734,0.9328296313974344,False
45,z,30,0.012878540999736288,82.13860005449132,0.9374075327647828,False
45,z,31,0.013824665999891295,83.92499578136969,0.9360462371506674,False
45,z,33,0.00982800000019779,8.77089257209986,0.9933162751059968,False
45,z,34,0.011023166000086349,1.9322358495154924e-11,0.9999999999999852,False
45,z,35,0.007320208000237471,8.831413556588963,0.9932701560129497,False
45,z,36,0.015355417000137095,439.56137599002557,0.6650389584644716,False
45,z,37,0.00951370799975848,0.43270079945655515,0.999670266956161,False
45,z,38,0.007089083000209939,0.09554532952734991,0.9999271911390752,False
45,z,39,0.14526345800004492,0.047803690967115064,0.9999635719264925,False
45,z,40,0.012995832999877166,1029.574411524168,0.21542852475216157,False
45,z,41,0.01314787499995873,17.398764255479012,0.986741537098613,False
45,z,42,6.503026000000318,0.006640371553395013,0.9999949398061495,False
45,z,47,1.2842659580001055,0.00031942947159167726,0.9999997565836437,False
45,z,50,9.872944124999776,27.742336449228986,0.9788593756884735,False
45,z,51,6.753646457999821,0.000139804290867402,0.9999998934642728,False
45,z,52,5.759551291999742,2.6846586106934213e-06,0.9999999979541968,False
45,z,53,6.102640999999494,7.452288313427203,0.9943210973674237,False
45,z,54,9.940065249999861,2.1601913112310244e-06,0.9999999983538591,False
45,z,55,10.043066416999864,2.3614436581500148e-06,0.9999999982004979,False
45,z,56,11.151578625000184,0.00024674303004014404,0.9999998119732377,False
45,z,57,5.506063499999982,0.00035857717137049625,0.9999997267517363,False
45,z,58,5.679786124999737,0.014797675148278339,0.9999887236573759,False
45,z,59,8.350442750000184,0.0014640902459533364,0.9999988843123612,False
46,x,0,0.05147958299949096,9.993636224975273,0.986372217065998,False
46,x,1,0.008676500000547094,0.47698172162353303,0.999349565741694,False
46,x,2,0.015274332999979379,240.6677097644298,0.6718144192904949,False
46,x,3,0.14769083300052444,0.316508476713509,0.9995683944541984,False
46,x,4,0.023263084000063827,2.3700315720572522,0.9967681157204811,False
46,x,5,0.14418462499997986,0.3172977693092038,0.9995673181384387,False
46,x,6,0.021874000000025262,2.3975507788333807,0.996730589261841,False
46,x,7,0.01188658299997769,3.5760750591729287,0.9951234992384138,False
46,x,8,0.024690457999895443,94.97184847979352,0.8704920104366956,False
46,x,9,0.016887208000298415,13.220214590248302,0.9819723061034997,False
46,x,10,0.00902795900037745,31.465569547730034,0.9570920992081368,False
46,x,11,0.04463920899979712,26.442899200672887,0.963941243973651,False
46,x,19,0.014462416999776906,7.426909663516109e-13,0.999999999999999,False
46,x,20,0.0159016249999695,0.08546655728500827,0.9998834538635811,False
46,x,21,0.023355624999567226,5.309562743701703,0.992759635540385,False
46,x,22,0.01636149999922054,1216.7323793047028,-0.6591923480762254,False
46,x,23,0.007713207999586302,2.3597353630909463,0.9967821561055499,False
46,x,24,0.013949707999927341,8.517350508135838,0.9883853483071949,False
46,x,25,0.013041084000178671,8.941845279655446,0.9878064876730215,False
46,x,26,0.02430637499946897,3.486411846555489,0.9952457681274556,False
46,x,27,0.013289958000314073,34.39683022307286,0.9530948970579607,False
46,x,28,0.018124416999853565,10.41386709481586,0.9857991708846648,False
46,x,29,0.016532208000171522,16.8481645922017,0.9770250662791728,False
46,x,30,0.017867874999865307,36.59802361039326,0.9500932483084098,False
46,x,31,0.020901374999994005,38.055792722938975,0.9481053671622042,False
46,x,33,0.008762792000197805,3.4872072858080463,0.9952446834298314,False
46,x,34,0.00998687500032247,0.0020434601129161053,0.9999972134436129,False
46,x,35,0.007718792000559915,3.506068942848953,0.9952189628050114,False
46,x,36,0.01453645800029335,234.29494584488566,0.6805046138733382,False
46,x,37,0.013323874999514373,0.23967344110659922,0.9996731702498552,False
46,x,38,0.007471832999726757,1.4625382762890689,0.998005615402317,False
46,x,39,0.1511641659999441,0.6762635433774427,0.9990778158652308,False
46,x,40,0.01204754199989111,1657.3215825208715,-1.2600000910566562,False
46,x,41,0.01377112499994837,4.061085964897413,0.994462116014626,False
46,x,42,5.7556668750003155,0.037025887238834244,0.9999495097937456,False
46,x,47,1.272596457999498,0.008407207467444356,0.9999885355444337,False
46,x,50,10.988444374999744,1606.4383920350876,-1.1906134274519928,False
46,x,51,6.793266083000162,0.0017023518671458431,0.9999976785945375,False
46,x,52,6.739906625000003,17.328822547796275,0.9763696189387969,False
46,x,53,6.072518375000072,11.990127453531937,0.9836497096142645,False
46,x,54,9.890295834000426,8.314524409605803e-06,0.9999999886619313,False
46,x,55,9.437161333999939,2.8312056490926953,0.9961392374948638,False
46,x,56,10.097313500000382,484.4059452986939,0.3394417281296419,False
46,x,57,5.714333749999241,3.443177530536431,0.9953047244333231,False
46,x,59,9.290988832999574,9.8470146193262e-07,0.9999999986572157,False
46,y,0,0.02869504199952644,718.937530228709,-4.780908165729047,False
46,y,1,0.00962108299972897,1.7352790679195436,0.9860467863871795,False
46,y,2,0.01567354099915974,50.811943195984774,0.5914260071458705,False
46,y,3,0.014781582999603415,0.014823172627846031,0.9998808082815498,False
46,y,4,0.019553332999748818,1.3029723695659121,0.9895229233497564,False
46,y,5,0.02175233300022228,0.024885299789304743,0.9997998996759665,False
46,y,6,0.0833708749996731,1.3216771660008901,0.9893725198641924,False
46,y,7,0.01484645799973805,1.56727363365,0.9873977020732011,False
46,y,8,0.022039458000108425,5.134735556314083,0.9587120807326437,False
46,y,9,0.017390749999321997,5.019947164556895,0.9596350832514147,False
46,y,10,0.007195416999820736,14.80206374405525,0.8809780160726487,False
46,y,11,0.04281458300010854,13.372441224430052,0.8924734745097431,False
46,y,19,0.02026354099962191,8.321704498766622e-12,0.999999999999933,False
46,y,20,0.017186792000757123,2.0710025243162646,0.9833472660687824,False
46,y,21,0.021663083999555965,124.36411540580742,-6.174949440662658e-11,False
46,y,22,0.018941833000098995,519.3254627183551,-3.1758465539342557,False
46,y,23,0.007277040999724704,0.945691917001036,0.9923957814199572,False
46,y,24,0.013986208999995142,3.1854596356798215,0.9743860226442155,False
46,y,25,0.012864334000369126,3.3675328572974315,0.9729219892207899,False
46,y,26,0.010393750000730506,2.0984963681004847,0.9831261906910803,False
46,y,27,0.012918417000037152,15.60253420374442,0.8745415093912268,False
46,y,28,0.01848562499981199,4.986151174208465,0.959906833589044,False
46,y,29,0.1198236669997641,17.58502535577178,0.858600486969439,False
46,y,30,0.013936125000327593,16.13235145087871,0.8702812993986724,False
46,y,31,0.015442917000655143,16.32695366195192,0.8687165215650486,False
46,y,33,0.00994899999932386,2.33555875890024,0.9812199945987361,False
46,y,34,0.010173458000281244,0.0003423987072275682,0.9999972468046259,False
46,y,35,0.00705745899995236,2.41143009181419,0.980609920441323,False
46,y,36,0.015658583000004,106.97652708623406,0.13981194057651503,False
46,y,37,0.010088084000017261,0.10510313887207717,0.9991548756766724,False
46,y,38,0.007249374999446445,4.08911829432023,0.9671197894888754,False
46,y,39,0.020209541999975045,0.01967021103556594,0.9998418337076367,False
46,y,40,0.011705750000146509,1332.8144809917492,-9.717034224261564,False
46,y,41,0.013229249999312742,4.615818369594013,0.9628846443781846,False
46,y,42,5.824028249999174,0.033260102910384476,0.9997325586821897,False
46,y,47,1.6442702499998632,0.0027555749803994467,0.9999778426841892,False
46,y,51,8.5312777500003,3023.9638216679327,-23.315404905886947,False
46,y,52,6.241159292000702,1.2604020761400286e-05,0.9999998986522702,False
46,y,53,5.381950375000088,236.04761023936996,-0.8980363385668668,False
46,y,54,9.116023334000602,3.208124660206983e-06,0.9999999742037753,False
46,y,55,8.611595749999651,0.025487947275808914,0.9997950538449599,False
46,y,56,3.6204907500004992,79.14703319584652,0.36358624879473855,False
46,y,57,5.698863458000233,5.34288999303134,0.9570383307441451,False
46,y,58,6.130935709000369,948.5148502376933,-6.626917517172897,False
46,y,59,9.338104999999814,0.00021602049757144342,0.9999982629997658,False
46,z,0,0.04992858300010994,0.9575772849129212,0.984853617216343,False
46,z,1,0.008730792000278598,0.0015065925435188599,0.9999761696233581,False
46,z,2,0.014467542000602407,21.557148331512536,0.6590219656444208,False
46,z,3,0.1647087500005,9.72228084443383e-07,0.9999999846218797,False
46,z,4,0.02629670799979067,0.2687032145512222,0.9957498138198192,False
46,z,5,0.16691612500017072,1.2039226353507734e-06,0.9999999809570743,False
46,z,6,0.02093074999993405,0.2720822371003373,0.9956963664691251,False
46,z,7,0.013193583999964176,0.39064607413169,0.9938209948534134,False
46,z,8,0.024399457999606966,7.048543899810387,0.8885103629169248,False
46,z,9,0.017055791000530007,1.337306014091412,0.9788472960799639,False
46,z,10,0.0075553749993559904,3.2691371642736966,0.948290750373354,False
46,z,11,0.04550970899981621,2.7930203635917086,0.9558216801755529,False
46,z,19,0.013269541999761714,0.00017620402235275139,0.9999972129105268,False
46,z,20,0.015452792000360205,0.010151832255681574,0.9998394244102041,False
46,z,21,0.026212042000224756,0.5122524478236951,0.9918974982188424,False
46,z,22,0.012846792000345886,47.94634903063739,0.24161342699049937,False
46,z,23,0.007355208000262792,0.08342747372964322,0.9986803942912059,False
46,z,24,0.013877708000109124,0.8712235861959532,0.9862195081957544,False
46,z,25,0.013190208000196435,0.9149143085578898,0.9855284345712912,False
46,z,26,0.015275374999873748,0.41352803387362613,0.9934590617472797,False
46,z,27,0.013156916999832902,3.544511740583697,0.9439350405968236,False
46,z,28,0.018382165999355493,1.0358817308696073,0.9836150444861743,False
46,z,29,0.01626191600007587,1.6385243585390292,0.9740828050896854,False
46,z,30,0.015810625000085565,3.747202991662243,0.9407289920364579,False
46,z,31,0.015270207999492413,0.6986732794758226,0.9889488053879473,False
46,z,33,0.008817957999781356,0.4190255888658919,0.9933721047218792,False
46,z,34,0.010836957999345032,7.341340416933361e-13,0.9999999999999883,False
46,z,35,0.008260832999440026,0.42377773420404535,0.9932969381390151,False
46,z,36,0.020785417000297457,59.158543230826574,0.06426566835375724,False
46,z,37,0.014915541999471316,1.0729466527133085,0.9830287737977024,False
46,z,38,0.007621375000780972,0.4318938717083285,0.9931685619470341,False
46,z,39,0.14389174999996612,0.006213852407762821,0.9999017130119814,False
46,z,40,0.01147645899982308,1531.7142057260762,-23.227736017361693,False
46,z,41,0.014078082999731123,0.5232940117262771,0.991722849387846,False
46,z,42,5.783239125000364,0.03396993725315707,0.9994626839202646,False
46,z,47,0.7321374590001142,0.21572484453690158,0.996587793880681,False
46,z,50,2.4659547919991383,40.27385295276596,0.36297236514880715,False
46,z,51,7.507752500000606,9.311819064340574,0.8527112347140918,False
46,z,52,6.172186791999593,4.0272621587823825e-05,0.9999993629918421,False
46,z,53,5.700751332999971,4.283821668499989,0.9322410798686342,False
46,z,54,9.570377582999754,1.1467635629775785e-05,0.9999998186118222,False
46,z,55,9.585809333000725,0.0265634732461441,0.9995798349227905,False
46,z,56,11.614738125000258,53.55693879231897,0.15286848544750575,False
46,z,57,5.345301875000587,0.000385955738289616,0.9999938951837708,False
46,z,58,5.660763250000855,0.09794915590001096,0.998450699038112,False
46,z,59,8.672717083999487,0.0001800805191371659,0.9999971515944271,False
47,x,0,0.02683995799998229,2905.328666315738,-3.2591122192345496,False
47,x,1,0.00807904100020096,0.3778313261746363,0.9994461122293057,False
47,x,2,0.014404166999156587,223.92535938010005,0.6717331001515587,False
47,x,3,0.14600049999990006,0.2867602685689576,0.9995796192774975,False
47,x,4,0.02100379100011196,2.2701717455546744,0.9966720060510351,False
47,x,5,0.14467512499959412,0.2870001904711488,0.9995792675602143,False
47,x,6,0.1505371670000386,3.3592490696602213,0.9950754560315596,False
47,x,7,0.012540917000478657,3.2832546259758857,0.9951868612806257,False
47,x,8,0.013636582999424718,1.0393562457532368,0.9984763393767635,False
47,x,9,0.0176000829997065,10.91789213208849,0.9839947444407278,False
47,x,10,0.008064207999268547,32.48073712999274,0.9523843529291555,False
47,x,11,0.042887500000688306,29.028150326107312,0.9574457268160017,False
47,x,19,0.01584408300004725,3.8227892111321886e-13,0.9999999999999994,False
47,x,20,0.01827450000018871,0.020352081944441783,0.9999701645456153,False
47,x,21,0.022968958000092243,682.1441934765409,-1.170296526353809e-09,False
47,x,22,0.0169716669997797,289.4141546131938,0.575728771541838,False
47,x,23,0.007276457999978447,1.3339421963423979,0.9980444864727133,False
47,x,24,0.013667542000803223,8.142316263092942,0.9880636435075044,False
47,x,25,0.013120875000822707,8.403622245269833,0.9876805778961841,False
47,x,26,0.018113125000127184,3.354198227062403,0.9950828603936461,False
47,x,27,0.012545124999633117,34.39064235697494,0.9495844973451277,False
47,x,28,0.01881016700008331,15.047249757374622,0.977941247731955,False
47,x,29,0.019632624999758264,15.783800526825674,0.976861489555668,False
47,x,30,0.013236083000265353,35.98879325461725,0.9472416629198025,False
47,x,31,0.01413916599994991,37.37779100168481,0.9452054398426638,False
47,x,33,0.00941583400071977,3.3633742297280644,0.9950694086883262,False
47,x,34,0.009298834000219358,0.0007938987051617956,0.999998836171716,False
47,x,35,0.007223333000183629,3.375676951106691,0.9950513733205686,False
47,x,36,0.017402874999788764,220.08305058075817,0.6773657931226098,False
47,x,37,0.013322834000064177,1.5275673486923678,0.997760638637566,False
47,x,38,0.007124332999410399,0.04629523471642066,0.9999321327730804,False
47,x,39,0.15742866600066918,0.48515242985536716,0.9992887831706805,False
47,x,40,0.01209679200019309,1217.8055909188279,-0.78526124533508,False
47,x,41,0.01348508400042192,6.079132044206935,0.9910882008386832,False
47,x,42,6.116294666999238,0.011498893657915928,0.9999831430161228,False
47,x,47,2.1913536250003744,8.462213551041096e-05,0.9999998759468505,False
47,x,50,3.055800124999223,879.376160609952,-0.28913530313488667,False
47,x,51,7.286552749999828,3.6872488154220194e-05,0.9999999459461965,False
47,x,52,6.374072624999826,0.5660809099674147,0.9991701447933686,False
47,x,53,4.7882620000000315,0.01176124466300555,0.9999827584185437,False
47,x,54,7.9581311669999195,2.8567307408722265e-06,0.9999999958121307,False
47,x,55,4.414177665999887,0.4761474456558006,0.9993019841687923,False
47,x,56,3.2527550419999898,365.3749350971161,0.464372871573408,False
47,x,57,5.496937290999995,3.6224401324755626,0.994689626956651,False
47,x,59,8.63839358399946,2.0443699248579306e-08,0.9999999999700302,False
47,y,0,0.026065500000186148,923.6281655859971,-4.334859948178045,False
47,y,1,0.008373167000172543,1.0441720060677964,0.9939688809612626,False
47,y,2,0.015998249999938707,66.64713094332257,0.6150473504617207,False
47,y,3,0.014915750000000116,0.0142866161283722,0.9999174807579304,False
47,y,4,0.01911179099988658,1.4188504815781773,0.9918047447136671,False
47,y,5,0.019343292000485235,0.017058880678610066,0.9999014682069214,False
47,y,6,0.12432895799975086,1.4319548230702908,0.9917290542689857,False
47,y,7,0.015052041999297217,1.7067067685291215,0.9901420918915637,False
47,y,8,0.01620316600019578,0.874263682550653,0.9949502684327226,False
47,y,9,0.01844249999976455,5.305612884858993,0.9693548738176323,False
47,y,10,0.007331083000281069,17.250322809372445,0.9003624405601836,False
47,y,11,0.04278108299968153,15.98774569415896,0.907655063646407,False
47,y,19,0.01639495800009172,1.9369051465914473e-12,0.9999999999999888,False
47,y,20,0.017126207999353937,1.5398146367031111,0.9911060578931632,False
47,y,21,0.02137608300017746,173.1307240623955,-1.4662715486224442e-11,False
47,y,22,0.017100582999773906,17.179513072559352,0.9007714363476015,False
47,y,23,0.007159499999943364,0.565164764691511,0.9967356183152326,False
47,y,24,0.013091457999507838,3.7656382048934036,0.9782497403315226,False
47,y,25,0.012841457999456907,3.898512988495528,0.977482257931598,False
47,y,26,0.010465291999935289,2.2870843822519116,0.9867898410598618,False
47,y,27,0.012408167000103276,17.934662736606814,0.8964097052444243,False
47,y,28,0.018649915999958466,9.423893644843911,0.9455677569881485,False
47,y,29,0.018711499999881198,173.13072446787052,-2.3566795182006217e-09,False
47,y,30,0.013177958000596846,18.476970403604156,0.8932773457516641,False
47,y,31,0.01526054199985083,19.068110105853428,0.8898629332869827,False
47,y,33,0.009239916999831621,2.4432573980255445,0.9858877884829914,False
47,y,34,0.009732083000017155,0.0002004882876132987,0.9999988419831968,False
47,y,35,0.007513249999647087,2.4860004796098476,0.985640905199759,False
47,y,36,0.015575166999951762,65.50169020648576,0.621663395898236,False
47,y,37,0.009445874999983062,0.13210156216596203,0.9992369837134147,False
47,y,38,0.006936374999895634,1.9633746937257823,0.9886595824953232,False
47,y,39,0.019965374999628693,0.01499448217998164,0.9999133921361364,False
47,y,40,0.012384499999825493,1320.559453770198,-6.6275280481911425,False
47,y,41,0.013021041000683908,6.077687183920996,0.9648953863219578,False
47,y,42,6.061320374999923,0.011754513208424841,0.9999321061396107,False
47,y,47,1.8017570409992913,0.00040406352909250806,0.9999976661362027,False
47,y,51,8.483778625000014,3331.3049474259633,-18.241558455414435,False
47,y,52,5.892296666999755,7.367889590559484e-05,0.9999995744320004,False
47,y,53,5.932578959000239,267.0991370345972,-0.5427598913191891,False
47,y,54,9.094852250000258,0.0002141142831693128,0.9999987632796875,False
47,y,55,9.713809083000342,0.00012213977558521994,0.9999992945228166,False
47,y,56,10.789327333000074,72.79467072692597,0.579539269403399,False
47,y,57,5.884799166999983,4.950347561792787,0.9714068800400714,False
47,y,58,6.024169917000108,664.7550271275047,-2.8396132791408952,False
47,y,59,9.264658999999483,0.00022831389467037317,0.9999986812629825,False
47,z,0,0.02516779100005806,387.7960463710734,-3.4861197393864876,False
47,z,1,0.00848687500001688,0.0008561682378217301,0.9999900956359203,False
47,z,2,0.014008041999659326,29.43207181640344,0.6595225774419935,False
47,z,3,0.17386112500025774,1.4079601253528553e-06,0.9999999837123721,False
47,z,4,0.05700754200006486,0.3718376730142111,0.9956984906360793,False
47,z,5,0.16668604200003756,1.2086439827831447e-06,0.9999999860181101,False
47,z,6,0.020596166000359517,0.3749427310073908,0.9956625705639551,False
47,z,7,0.01385904099970503,0.5140474162573172,0.9940533734610436,False
47,z,8,0.023299625000618107,9.626521813573632,0.8886380355508219,False
47,z,9,0.01762499999949796,1.6305441117741362,0.9811374659586628,False
47,z,10,0.007523624999521417,4.901811336453108,0.9432946446953487,False
47,z,11,0.045639500000106636,4.424892565585931,0.9488117579616968,False
47,z,19,0.013919125000029453,0.00010062616913993594,0.9999988359318052,False
47,z,20,0.016019457999391307,0.022320145704693317,0.999741795082315,False
47,z,21,0.032480290999956196,0.6996971137311567,0.9919057322454042,False
47,z,22,0.017199958000674087,90.41301048166457,-0.04591987157867994,False
47,z,23,0.007888832999924489,0.049824622778206526,0.9994236165483262,False
47,z,24,0.014098165999712364,1.2102758326252416,0.9859992324479574,False
47,z,25,0.012954791000083787,1.2495194137266166,0.9855452530805282,False
47,z,26,0.013300374999744236,0.5698608599176124,0.993407709861142,False
47,z,27,0.013500250000106462,5.164211475062981,0.9402591355599381,False
47,z,28,0.018866541000534198,2.3693057660959487,0.9725912900211607,False
47,z,29,0.13015599999926053,5.8071744945258565,0.9328211817171908,False
47,z,30,0.017866000000140048,5.381185306970283,0.9377491290775144,False
47,z,31,0.022172791000230063,0.026734276061298645,0.9996907313401487,False
47,z,33,0.009780749999663385,0.5772468519552967,0.9933222668944452,False
47,z,34,0.010283958000400162,1.0116941624905568e-12,0.9999999999999883,False
47,z,35,0.007744374999674619,0.5815044240707928,0.9932730142563951,False
47,z,36,0.017633292000027723,28.927617976385466,0.6653582231389806,False
47,z,37,0.013079666000521684,0.48627948966391793,0.9943745996436677,False
47,z,38,0.007734791000075347,0.11691174327694485,0.9986475362908189,False
47,z,39,0.15454754100028367,0.0035086965673665023,0.9999594105378905,False
47,z,40,0.011622999999417516,1540.3863922987416,-16.81956743870812,False
47,z,41,0.014984250000452448,1.10868942138522,0.9871744089588629,False
47,z,42,6.148204874999465,0.012078931786577343,0.999860267955732,False
47,z,47,1.2191510410002593,0.0002300429629255356,0.9999973388066058,False
47,z,50,1.8460460420001255,25.989245621652167,0.6993500349317785,False
47,z,51,7.035864417000084,0.0001377693836500134,0.9999984062499934,False
47,z,52,5.7166909579991625,1.4483024007656042e-05,0.9999998324568276,False
47,z,53,5.4258031250001295,13.422469710426629,0.8447255796371789,False
47,z,54,8.812962458000584,2.605070540656078e-06,0.9999999698639053,False
47,z,55,9.863032792000013,1.5110915625638678e-06,0.9999999825193223,False
47,z,56,4.288912625000194,12.738852150082826,0.8526338351760065,False
47,z,57,5.786810540999795,0.0005675044677800313,0.9999934349691831,False
47,z,58,5.128515417000017,0.06064624117644355,0.9992984294135869,False
47,z,59,8.66381333299978,0.0005129738398871616,0.9999940657928557,False
48,x,0,0.02839316700010386,798.6828769447741,-2.901906534081622,False
48,x,1,0.008167875000253844,0.7099691977926065,0.9965314976296215,False
48,x,2,0.014388416999281617,63.03449645096387,0.692049597312741,False
48,x,3,0.1512918329999593,0.6649459672348103,0.9967514553156696,False
48,x,4,0.15865491699969425,0.5998686536949979,0.9970693857512046,False
48,x,5,0.028584583999872848,735.1516299793598,-2.591529293241084,False
48,x,6,0.1315465409998069,0.5984900868425808,0.9970761206383099,False
48,x,7,0.01087266600006842,0.6900679509866824,0.9966287237091958,False
48,x,8,0.012632209000003058,0.2095349159503047,0.9989763325579331,False
48,x,9,0.018198540999947,2.2847132502980116,0.9888382012220639,False
48,x,10,0.007007250000242493,7.409132546830413,0.963803227124458,False
48,x,11,0.04320741599985922,6.817515262103564,0.9666935299162016,False
48,x,19,0.018776666000121622,2.006613857103564e-12,0.9999999999999902,False
48,x,20,0.018736167000497517,0.31516877612573935,0.9984602660925851,False
48,x,21,0.023402458000418846,204.6904173931909,-1.8231682830105456e-10,False
48,x,22,0.01561229200069647,51.28445976381551,0.7494535385374053,False
48,x,23,0.00713341600021522,1.0575160901330942,0.99483358281353,False
48,x,24,0.013916957999754231,1.8535959102815849,0.9909443933222387,False
48,x,25,0.013404416999946989,1.8889289143058157,0.9907717765261979,False
48,x,26,0.08736645799945109,0.9110223723883445,0.9955492671119799,False
48,x,27,0.012842167000599147,7.726610981047288,0.9622522095520774,False
48,x,28,0.018745332999969833,5.160344494418788,0.9747895159867348,False
48,x,29,0.14581812500000524,8.489235895773783,0.9585264615440472,False
48,x,30,0.013102916999741865,8.015529082841262,0.9608407213860648,False
48,x,31,0.013930125000115368,8.372453145802826,0.9590969950916335,False
48,x,33,0.009608291000404279,0.5994907474976862,0.9970712319841754,False
48,x,34,0.009505957999863313,9.108927092574081e-05,0.9999995549900572,False
48,x,35,0.007746374999442196,0.5982674427849323,0.9970772083495009,False
48,x,36,0.014844291999907,62.367691625375976,0.6953072233130271,False
48,x,37,0.00950124999963009,1.5858325269153282,0.992252531665133,False
48,x,38,0.007177167000008922,0.4253221450811968,0.9979221198990389,False
48,x,39,0.15618466700016143,0.7570724031250649,0.9963013783795808,False
48,x,40,0.011938791000829951,1358.4481391467896,-5.636598609230503,False
48,x,41,0.013442249999570777,0.8577295471890898,0.995809625295268,False
48,x,42,7.20495370900062,0.002707674928572428,0.9999867718530083,False
48,x,47,0.6348940830002903,0.0014469888275150072,0.9999929308423608,False
48,x,50,11.210154542000055,677.9554492703973,-2.3121015533018934,False
48,x,51,7.646315500000128,2.521973016619563e-05,0.9999998767908606,False
48,x,52,6.384535582999888,0.21391718076907346,0.9989549233250272,False
48,x,53,5.164909625000291,0.00614753553873585,0.9999699666666464,False
48,x,54,9.064505332999943,1.964455055005901e-07,0.9999999990402799,False
48,x,55,10.515460249999705,9.75999045098064e-06,0.9999999523182835,False
48,x,56,3.351287209000475,414.78383535512904,-1.026395962806558,False
48,x,57,5.808706875000098,0.08375669460119997,0.9995908128202426,False
48,x,59,8.985705166000116,8.108686930500745e-08,0.9999999996038561,False
48,y,0,0.024074250000012398,3030.273812331694,-3.6698562602469496,False
48,y,1,0.008547708000151033,0.1668854618700448,0.9997428182510483,False
48,y,2,0.015829832999770588,226.90613967471302,0.6503223396723063,False
48,y,3,0.023702125000454544,0.0032742437131975314,0.9999949541696729,False
48,y,4,0.13871929100059788,3.297700975658495,0.9949180204498578,False
48,y,5,0.027644499999951222,2812.8029994866997,-3.3347190747383726,False
48,y,6,0.030070458999944094,3.3152418674727984,0.9948909887528817,False
48,y,7,0.015013749999525317,4.196253263833399,0.9935332907891199,False
48,y,8,0.02426658399963344,63.87868327277293,0.9015586420726266,False
48,y,9,0.01896783400025015,13.195711051246018,0.9796645195525565,False
48,y,10,0.00804016700021748,44.953171584037136,0.9307241316327975,False
48,y,11,0.0442377920007857,42.363203449466745,0.9347154471561157,False
48,y,19,0.012451665999833494,7.40086025892287e-13,0.9999999999999989,False
48,y,20,0.01564737500029878,0.7792631552532819,0.9987991029361339,False
48,y,21,0.0223106249995908,5.448822499104068,0.9916029971434046,False
48,y,22,0.016349458000149752,1065.476024301517,-0.6419703928995439,False
48,y,23,0.007779917000334535,0.007984861486827958,0.9999876947900715,False
48,y,24,0.013924708000558894,10.202329495226955,0.9842775223583747,False
48,y,25,0.013024791999669105,10.411916383575797,0.9839545348320863,False
48,y,26,0.011464290999356308,5.086744055846196,0.9921609844375122,False
48,y,27,0.013553875000070548,46.32486689456038,0.9286102566730726,False
48,y,28,0.01842395800031227,33.57183281525801,0.9482635420593682,False
48,y,29,0.14006983299987041,49.5751811885337,0.9236013031944421,False
48,y,30,0.023843957999815757,47.5411358995912,0.9267359041296906,False
48,y,31,0.019906040999558172,323.68617597134386,0.5011777783697786,False
48,y,33,0.00900991599974077,5.192378402192832,0.991998194787423,False
48,y,34,0.010078915999656601,0.00028931104716181704,0.9999995541521696,False
48,y,35,0.007835665999664343,5.224904805791932,0.9919480694063922,False
48,y,36,0.01449516700085951,224.48569377863555,0.6540524099961128,False
48,y,37,0.013565625000410364,0.520659361910597,0.9991976288179703,False
48,y,38,0.00770474999990256,0.08600949427106976,0.9998674535701599,False
48,y,39,0.028501374999905238,0.0026271836970842345,0.9999959513327856,False
48,y,40,0.011365207999915583,1676.8764074420376,-1.5841796068349678,False
48,y,41,0.013207250000050408,12.118797037625693,0.9813241166582,False
48,y,42,7.297298958999818,0.0028981736491754343,0.999995533718998,False
48,y,47,4.6133588749999035,5.190108513424836e-05,0.9999999200169284,False
48,y,51,8.449421749999601,2301.9981442447456,-2.5475343519226143,False
48,y,52,5.96347437500026,1.3781704090146452e-05,0.9999999787614647,False
48,y,53,5.726139332999992,0.004898721505042556,0.9999924507398656,False
48,y,54,0.681040708999717,0.0739847424380706,0.9998859845235004,False
48,y,55,8.544610875000217,6.1826203463407595e-06,0.9999999904721651,False
48,y,56,10.064939083000354,68.36404274708651,0.8946464006984836,False
48,y,57,5.446050292000109,3.6566787216826553,0.9943648115392509,False
48,y,58,5.727329209000345,5.919887593887166,0.9908770540708992,False
48,y,59,9.057922875000259,4.044368058340327e-07,0.9999999993767356,False
48,z,0,0.024158375000297383,2496.8911227900444,-3.49144542627684,False
48,z,1,0.010453625000081956,0.0021022495411593617,0.9999962184418053,False
48,z,2,0.014509459000692004,189.08576944853533,0.6598696648756226,False
48,z,3,0.16505120799956785,6.3462746548035135e-06,0.9999999885842253,False
48,z,4,0.1310050419997424,3.718608391471505,0.9933109111168106,False
48,z,5,0.02510270800030412,2313.203242425634,-3.1610248954835987,False
48,z,6,0.020712334000563715,2.424469638985906,0.9956388274315292,False
48,z,7,0.015162833999966097,3.219649430780549,0.9942084460238957,False
48,z,8,0.02425516699986474,61.859136454645984,0.8887268519773511,False
48,z,9,0.019218000000364555,10.039948558459821,0.9819399890442315,False
48,z,10,0.007661833000383922,33.60734093660938,0.9395466080353584,False
48,z,11,0.044496166000499215,31.534272376431932,0.9432756750411168,False
48,z,19,0.01266849999956321,0.0002479385712574807,0.999999554004357,False
48,z,20,0.015472000000045227,0.16250958046389058,0.9997076753146188,False
48,z,21,0.021517958000004,4.4966095522864205,0.991911430889785,False
48,z,22,0.02148295799997868,1125.7573380981366,-1.0250292858779297,False
48,z,23,0.008857416999489942,0.12676615121294632,0.9997719711344739,False
48,z,24,0.01381795800079999,7.871262466417845,0.985841054309043,False
48,z,25,0.01250491599967063,8.029234689033418,0.9855568914914217,False
48,z,26,0.011560500000086904,3.6887886887726804,0.9933645512479629,False
48,z,27,0.01315412500025559,34.70798370173198,0.9375667552222927,False
48,z,28,0.018399500000668922,24.77496975642649,0.9554344105824251,False
48,z,29,0.14845066699945164,37.32160730757071,0.9328653296441777,False
48,z,30,0.014527375000398024,35.21224263008901,0.9366596866534007,False
48,z,31,0.018852000000151747,261.1286018044959,0.5302779310079314,False
48,z,33,0.008869416999914392,3.7318759133812898,0.9932870452982108,False
48,z,34,0.010097083999426104,3.1342241201786743e-12,0.9999999999999943,False
48,z,35,0.007849916999475681,3.748988584932889,0.9932562627664174,False
48,z,36,0.014566584000021976,187.07428221891197,0.6634879584548039,False
48,z,37,0.014754083000298124,0.0785401155775748,0.9998587208550384,False
48,z,38,0.007578458000352839,0.027778427905852346,0.9999500317447453,False
48,z,39,0.1579915410002286,0.008793134755666393,0.9999841827765253,False
48,z,40,0.0113392080002086,1649.8644396578322,-1.9678010482081714,False
48,z,41,0.01337404100013373,7.936594575054119,0.9857235339262577,False
48,z,42,7.158014208000168,0.0029782655836573667,0.9999946426509303,False
48,z,47,1.5071630419997746,0.003614229109581705,0.999993498670144,False
48,z,50,11.69957866599998,20.604482343026334,0.9629363462684836,False
48,z,51,1.6765569999997751,0.00471638699897526,0.9999915160919025,False
48,z,52,5.327460833999794,5.6727892294358214e-05,0.9999998979570114,False
48,z,53,4.802511625000079,7.083171503591104,0.9872586842241684,False
48,z,54,9.04296549999981,5.07911649399993e-05,0.9999999086360861,False
48,z,55,9.486401084000136,2.6966347297224076e-05,0.9999999514925276,False
48,z,56,11.140860417000113,9.272068436012301,0.9833212633947295,False
48,z,57,5.810915916999875,0.00013981984018158287,0.9999997484899618,False
48,z,58,5.134771375000128,0.01173771811689321,0.9999788860155455,False
48,z,59,9.059691999999814,5.843062007183347e-05,0.999999894894119,False
49,x,0,0.030004290999386285,10.336700037986965,0.9556777194802447,False
49,x,1,0.008335415999681572,23.371764172614977,0.8997852424764818,False
49,x,2,0.01337062499987951,231.0145195354193,0.009443023270764739,False
49,x,3,0.016242415999840887,128.9618344443718,0.4470302338676707,False
49,x,4,0.029374583000389975,3.9863030322475033,0.9829073069178049,False
49,x,5,0.02103016699948057,1717.960373134399,-6.366366567672483,False
49,x,6,0.0196913339996172,4.144382387421411,0.9822294854178435,False
49,x,7,0.010430000000269501,19.521577790136796,0.9162942869752493,False
49,x,8,0.02061775000038324,18.74793698122004,0.9196115473028518,False
49,x,9,0.02434933299991826,171.32487759047558,0.2653836082432558,False
49,x,10,0.007419333000143524,15.382403328494968,0.9340424707219863,False
49,x,11,0.043584584000200266,7.722989050694728,0.966884935627623,False
49,x,19,0.012576209000144445,7.740773261171561e-12,0.9999999999999668,False
49,x,20,0.015545541999927082,2.5331830367541013,0.9891380761025967,False
49,x,21,0.017774333000488696,3.0173680052333167,0.9870619607159143,False
49,x,22,0.015929666999909387,2664.905015743738,-10.426728765682464,False
49,x,23,0.007393417000457703,2.2154111456510646,0.9905006361891816,False
49,x,24,0.01975041700006841,187.7941811973603,0.19476560716488356,False
49,x,25,0.013598874999843247,228.89277408094367,0.018540762092554175,False
49,x,26,0.016239791999396402,1016.0816274845164,-3.3568116283568408,False
49,x,27,0.013021542000387853,22.926157688210683,0.9016959388815826,False
49,x,28,0.018745208999462193,1727.1164732452526,-6.405626605797692,False
49,x,29,0.015607416999955603,222.20719317074546,0.04720756982136154,False
49,x,30,0.015479374999813444,7.459710991807454,0.9680138340127763,False
49,x,31,0.015083416000379657,332.5576796015214,-0.42595941742815513,False
49,x,33,0.009607500000129221,4.134368752405666,0.9822724224420929,False
49,x,34,0.009314584000094328,0.2479622444066215,0.9989367736207387,False
49,x,35,0.007691417000387446,7.814359325781226,0.9664931530520748,False
49,x,36,0.020725916000628786,213.13524136254622,0.08610679214831696,False
49,x,37,0.01405145800072205,428.95685302671734,-0.8393051845223285,False
49,x,38,0.007339833000514773,2940.016648454947,-11.606367810490083,False
49,x,39,0.020445707999897422,1.8235589652358037,0.992180841883341,False
49,x,40,0.014408875000299304,10517.462952999607,-44.09736585620847,False
49,x,41,0.015832625000257394,1719.9375442408066,-6.374844392519069,False
49,x,42,0.23209599999972852,,,False
49,x,47,0.31097775000034744,,,False
49,x,50,0.3342695419996744,,,False
49,x,51,0.2358708329993533,,,False
49,x,52,0.20959129199945892,,,False
49,x,53,0.20241087500016874,,,False
49,x,54,0.24294004199964547,,,False
49,x,55,0.3191170419995615,,,False
49,x,56,0.3433948749998308,,,False
49,x,57,0.22055774999989808,,,False
49,x,59,0.25755866700001206,,,False
49,y,0,0.03400608299943997,8.205460114513668,0.9892277137049861,False
49,y,1,0.008288125000035507,42.39739075202354,0.9443398877127513,False
49,y,2,0.016217957999288046,751.7867386932686,0.013039869918536118,False
49,y,3,0.022387042000445945,668.2852123384209,0.12266228419047198,False
49,y,4,0.01943645900064439,0.11915797623112523,0.9998435671106334,False
49,y,5,0.04659754200019961,2057.584126567326,-1.7012361254738724,False
49,y,6,0.021231290999821795,17.108777520966058,0.9775392668977141,False
49,y,7,0.011218374999771186,4.873039238114098,0.993602580103101,False
49,y,8,0.020365667000078247,201.3607338398069,0.7356497450204167,False
49,y,9,0.02470962499955931,670.4439118975064,0.11982830177500026,False
49,y,10,0.008696707999661157,80.54593956176386,0.894257737073696,False
49,y,11,0.043802791999951296,117.13179596998299,0.8462271191586197,False
49,y,19,0.016582208999352588,9.356629740769932e-13,0.9999999999999988,False
49,y,20,0.016264625000076194,125.36737167719988,0.8354152965326731,False
49,y,21,0.0167162499992628,0.7952118883258182,0.9989560304959508,False
49,y,22,0.012800832999346312,2641.6310037894305,-2.46798413025876,False
49,y,23,0.015459291999832203,190.50299388239466,0.7499039954470534,False
49,y,24,0.01716275000035239,516.5047546753791,0.32192259636267084,False
49,y,25,0.014554000000316591,758.4691819012137,0.004267029592515681,False
49,y,26,0.014766833000066981,920.4278225985312,-0.20835539757117938,False
49,y,27,0.013283040999340301,58.15528000248858,0.9236526267862272,False
49,y,28,0.01961162499992497,1883.5969130837004,-1.4728223559642024,False
49,y,29,0.016706166999938432,751.3436529675033,0.013621561405005478,False
49,y,30,0.013415583999631053,122.69512450107116,0.8389234741644653,False
49,y,31,0.01673108399972989,939.0455310451405,-0.23279708429502755,False
49,y,33,0.00949608300015825,0.6535940083548023,0.9991419491801258,False
49,y,34,0.010148291999939829,1.0057908058167209,0.9986795784316852,False
49,y,35,0.0071696670001983875,2.562949231675932,0.9966353108176877,False
49,y,36,0.01915062499938358,666.8370054878216,0.1245635180751461,False
49,y,37,0.012562750000142842,31.388998902497292,0.958791916848941,False
49,y,38,0.007407666000290192,4063.679814428889,-4.334877235570034,False
49,y,39,0.1510398330001408,102.7661871229428,0.8650865675189598,False
49,y,40,0.01218320899988612,9454.283768987101,-11.411766074359635,False
49,y,41,0.014641791000030935,1977.504614790749,-1.5961061979398394,False
49,y,42,0.23091512500013778,,,False
49,y,47,0.3064430419999553,,,False
49,y,51,0.27244729199992435,,,False
49,y,52,0.22987224999997125,,,False
49,y,53,0.1967844580003657,,,False
49,y,54,0.2595248329998867,,,False
49,y,55,0.2613722920004875,,,False
49,y,56,0.34423645800052327,,,False
49,y,57,0.2092850830003954,,,False
49,y,58,0.21071987499999523,,,False
49,y,59,0.2604084159993363,,,False
49,z,0,0.028520458000457438,0.14000879310496722,0.982676943987579,False
49,z,1,0.00827724999999191,0.12181229163302143,0.9849283669677935,False
49,z,2,0.01692324999930861,7.966585241712387,0.014307606619787805,False
49,z,3,0.02031695799996669,6.9929900047094655,0.1347689322979786,False
49,z,4,0.01489262500035693,0.022546792719398526,0.9972103226910487,False
49,z,5,0.028941917000338435,32.44075047266052,-3.013840310026451,False
49,z,6,0.01768233299935673,0.024909298991956073,0.9969180137040087,False
49,z,7,0.010791917000460671,0.31474974624518837,0.9610565353562265,False
49,z,8,0.016915500000322936,0.9629970722682447,0.8808499676860054,False
49,z,9,0.024636957999973674,6.888226727289337,0.14773111904744296,False
49,z,10,0.007606374999340915,0.44938522884066673,0.944398310150955,False
49,z,11,0.04342054199969425,0.6932397432587368,0.9142265950860383,False
49,z,19,0.014865209000163304,0.0106263599833669,0.9986852180843956,False
49,z,20,0.016117707999910635,0.8669881178968967,0.8927289965482992,False
49,z,21,0.016501666999829467,0.0702454759580753,0.991308643638342,False
49,z,22,0.01665554200008046,1331.3741904765186,-163.72872284403786,False
49,z,23,0.007472582999980659,1.243079962956037,0.8461957756463108,False
49,z,24,0.017019082999468083,5.619971458419066,0.30465024229291215,False
49,z,25,0.014587708999897586,8.070216780787387,0.0014854479807679954,False
49,z,26,0.01487833299961494,16.827278807702747,-1.0820113284164692,False
49,z,27,0.014414416000363417,0.32396024233680476,0.9599169359342271,False
49,z,28,0.020142458000009356,29.377828146134625,-2.6348700050376537,False
49,z,29,0.020028957999784325,7.827502298587234,0.03151610874810118,False
49,z,30,0.013045333999798459,1.0830042970396812,0.8660016725860527,False
49,z,31,0.01543008299995563,454.3267092506957,-55.21309103341941,False
49,z,33,0.009293582999816863,0.03789106606552683,0.9953118011714353,False
49,z,34,0.009849082999608072,8.342243975148381e-14,0.9999999999999897,False
49,z,35,0.007316167000681162,0.04491311474183716,0.9944429747224388,False
49,z,36,0.022534292000273126,6.138350182805325,0.24051210154443714,False
49,z,37,0.010184499999922991,57.360181390949954,-6.097080212477037,False
49,z,38,0.007641291999789246,3690.2720076088176,-455.59124167258335,False
49,z,39,0.15913499999987835,0.5425040152249787,0.9328768769854343,False
49,z,40,0.01842933300031291,5204.607122513245,-642.9574165770271,False
49,z,41,0.015271917000063695,32.516959568528144,-3.0232695351993364,False
49,z,42,0.23574141700009932,,,False
49,z,47,0.3169820829998571,,,False
49,z,50,0.3491213750003226,,,False
49,z,51,0.23915695800042158,,,False
49,z,52,0.20633329100019182,,,False
49,z,53,0.20753425000020798,,,False
49,z,54,0.2399145409999619,,,False
49,z,55,0.25849529199967947,,,False
49,z,56,0.34683483300068474,,,False
49,z,57,0.19893387499996606,,,False
49,z,58,0.1947822920001272,,,False
49,z,59,0.2529382499997155,,,False
50,x,0,0.02761641699999018,2022.5400827170001,-3.751513872717797,False
50,x,1,0.008131624999805354,0.239869087044902,0.999436480243596,False
50,x,2,0.021444042000439367,0.006061719125901407,0.999985759321773,False
50,x,3,0.01971420800055057,0.005309050787740261,0.999987527550784,False
50,x,4,0.01982837500054302,2.3288989227637997,0.9945287632941225,False
50,x,5,0.02131050000025425,0.00458095197582489,0.9999892380590875,False
50,x,6,0.15898441700028343,3.7167739487930294,0.9912682556304535,False
50,x,7,0.0182989169998109,2.876918826233582,0.9932413108494895,False
50,x,8,0.012681584000347357,1.2765718296225057,0.9970009747595094,False
50,x,9,0.01960379199954332,9.009680337194535,0.9788337341362234,False
50,x,10,0.007179541999903449,32.188154474635304,0.9243809980181178,False
50,x,11,0.04233204200045293,31.080688322918594,0.926982746595767,False
50,x,19,0.013219209000453702,2.300128213270672e-12,0.9999999999999946,False
50,x,20,0.024046458000157145,425.6622535200204,-9.876539586173294e-09,False
50,x,21,0.02318362500045623,425.66224931679244,-1.977973340672179e-12,False
50,x,22,0.016589834000114934,226.89762177005537,0.46695385335512984,False
50,x,23,0.007089374999850406,0.10691334784765899,0.9997488305622134,False
50,x,24,0.022588208000343002,7.060366839628492,0.9834132182241327,False
50,x,25,0.013632416999826091,7.148151303303598,0.9832069878999351,False
50,x,26,0.010449958000208426,3.6399943533650965,0.9914486324328393,False
50,x,27,0.012721707999844512,32.761377502900004,0.923034336365162,False
50,x,28,0.020135292000304617,29.103412368720104,0.931627922336336,False
50,x,29,0.12851162500010105,34.09507867160178,0.9199010982853344,False
50,x,30,0.012953958000252896,33.294396971751304,0.9217821241482979,False
50,x,31,0.014012916999490699,33.56197703017839,0.9211535035486156,False
50,x,33,0.009481000000050699,3.7216647985736477,0.9912567656526872,False
50,x,34,0.010038291999990179,6.911327001409092e-05,0.999999837633546,False
50,x,35,0.007293958999980532,3.7371750014445224,0.9912203278363297,False
50,x,36,0.01577329199972155,149.52188520589166,0.6487311584567883,False
50,x,37,0.009697667000182264,0.05884227215759042,0.9998617630004725,False
50,x,38,0.0070887499996388215,0.34927436414292884,0.9991794565651424,False
50,x,39,0.019629833000180952,0.004475694176490466,0.9999894853391775,False
50,x,40,0.013525250000384403,1257.2821188602568,-1.9537083001387598,False
50,x,41,0.01333829200029868,8.129310309069147,0.9809019702307801,False
50,x,42,7.0481636670001535,0.0009261455574410539,0.9999978242243494,False
50,x,47,4.6048615830004564,8.109887274632826e-06,0.9999999809476003,False
50,x,50,9.94230349999998,195.78823305369397,0.5400385320325436,False
50,x,51,7.093988249999711,3.3762759142916626e-05,0.9999999206818101,False
50,x,52,5.881685834000564,0.06481248557827976,0.9998477372948096,False
50,x,53,3.400095207999584,2.3674982957416665e-05,0.9999999443808254,False
50,x,54,8.492687457999637,7.212212515989107e-07,0.999999998305649,False
50,x,55,10.535616749999463,7.810925072890672e-05,0.9999998164994645,False
50,x,56,9.990681875000519,553.8748358917934,-0.301207322899514,False
50,x,57,5.7067130409996025,0.013320117094970272,0.9999687073093365,False
50,x,59,9.309911916999226,6.363249971582306e-08,0.9999999998505094,False
50,y,0,0.0269872500002748,1806.4167308618191,-3.2320251260152526,False
50,y,1,0.009272415999475925,0.2880576220595733,0.9993251462558617,False
50,y,2,0.15648125000006985,0.2632475984800904,0.9993832705199761,False
50,y,3,0.1424540830003025,0.2639295685023372,0.9993816728187258,False
50,y,4,0.16024162500070815,2.056086046808251,0.9951830562335466,False
50,y,5,0.15911504199993942,0.26328427418496636,0.9993831845971091,False
50,y,6,0.03383741700054088,1.386791561778065,0.9967510615719382,False
50,y,7,0.011921708000045328,1.944015441316865,0.9954456122707136,False
50,y,8,0.02423545799956628,56.18899626393384,0.8683619123251269,False
50,y,9,0.021425166999506473,6.240089495310533,0.9853808841107561,False
50,y,10,0.007874166999499721,21.970446469893528,0.9485282216988749,False
50,y,11,0.044237499999326246,21.047051649624755,0.9506915265519834,False
50,y,19,0.027563624999856984,1.8796345101649446e-12,0.9999999999999956,False
50,y,20,0.015536249999968277,0.03146783019801576,0.9999262780034175,False
50,y,21,0.024865999999747146,3.1169250910429556,0.9926977507040095,False
50,y,22,0.017305583000052138,687.9966960203975,-0.6118203814380676,False
50,y,23,0.00752512500002922,0.49116969991559495,0.9988493006759362,False
50,y,24,0.016159709000021394,5.078714823654943,0.9881017218372863,False
50,y,25,0.014633666000008816,5.139029682047959,0.9879604177894271,False
50,y,26,0.016818957999930717,2.0550524094358265,0.9951854778117221,False
50,y,27,0.014430875000471133,22.450464563947016,0.9474036480607603,False
50,y,28,0.01899074999982986,19.636479081949897,0.9539961784888705,False
50,y,29,0.1240186659997562,23.572901337499978,0.9447740330074423,False
50,y,30,0.021036000000094646,22.90120334812716,0.946347669211954,False
50,y,31,0.02227062499969179,225.38670698438662,0.4719700107224445,False
50,y,33,0.009063915999831806,2.0590738785591602,0.9951760564206983,False
50,y,34,0.010905625000305008,6.931569671231906e-05,0.9999998376090272,False
50,y,35,0.009407624999766995,2.0613512662013336,0.9951707210174335,False
50,y,36,0.017239915999198274,138.1530045206832,0.6763388113178652,False
50,y,37,0.012831125000047905,0.10987882271039835,0.9997425788133032,False
50,y,38,0.00800283400076296,0.34797188944669066,0.9991847807019686,False
50,y,39,0.1622440410001218,0.31486181466256885,0.9992623501055379,False
50,y,40,0.012410041999828536,1608.8629223374744,-2.76920131181368,False
50,y,41,0.01391466700079036,3.4285191094537195,0.9919677565157906,False
50,y,42,6.2636205420003535,0.003211261524474316,0.999992476741814,False
50,y,47,0.9642958750000616,0.004415966640706423,0.9999896543906731,False
50,y,51,8.365456042000005,2961.180845103118,-5.9373758142578446,False
50,y,52,6.69126312500066,8.515107728772014e-07,0.9999999980051032,False
50,y,53,5.129027541999676,0.0038322873846405787,0.9999910218189276,False
50,y,54,8.656150791999607,0.0012753905931667954,0.9999970120488016,False
50,y,55,9.446200291999958,1.3754910847655576e-05,0.9999999677753603,False
50,y,56,10.232428292000805,105.97686666912914,0.7517202122534862,False
50,y,57,6.008169208000254,1.8538876503313012e-05,0.9999999565676126,False
50,y,58,5.579408666000745,0.0002225739997484718,0.9999994785595465,False
50,y,59,8.706910457999584,6.242077792002339e-05,0.9999998537622599,False
50,z,0,0.024558834000345087,7271.193342059947,-3.494882784195376,False
50,z,1,0.008562084000004688,0.002223326411622209,0.9999986255912694,False
50,z,2,0.16169354199973895,1.5842667595423653e-05,0.9999999902064309,False
50,z,3,0.1381842909995612,0.00035118349924834755,0.9999997829065203,False
50,z,4,0.14264112499949988,10.706396835606514,0.9933815542300657,False
50,z,5,0.16433675000007497,2.2586540282194604e-05,0.9999999860375256,False
50,z,6,0.028705540999908408,7.079786286738588,0.9956234406102275,False
50,z,7,0.02081783300036477,9.211927715540682,0.9943054003173974,False
50,z,8,0.0181910829996923,179.90966005076288,0.8887840282014124,False
50,z,9,0.028715792000184592,28.85850755296955,0.9821603411331288,False
50,z,10,0.016538708000553015,101.89990828233884,0.9370078442557804,False
50,z,11,0.04593787500016333,98.04514821064457,0.9393907673700974,False
50,z,19,0.01295183399997768,0.0002628098889415899,0.9999998375370328,False
50,z,20,0.01573116600047797,0.42032364731073174,0.9997401656870876,False
50,z,21,0.025960042000406247,13.078643689882497,0.9919150863418489,False
50,z,22,0.01674033299968869,2096.8134206421028,-0.29620133900110246,False
50,z,23,0.007549541000116733,0.1372317029350051,0.9999151665497051,False
50,z,24,0.0209614169998531,23.07253848300728,0.9857370927802102,False
50,z,25,0.020329250000031607,23.35195896371948,0.9855643615311263,False
50,z,26,0.01127758399979939,10.784263010541377,0.9933334191698739,False
50,z,27,0.013376459000028262,103.89905960954347,0.9357720153538484,False
50,z,28,0.018895500000326138,91.65339859479118,0.9433419984758635,False
50,z,29,0.1326328340001055,108.55820694462868,0.932891838722543,False
50,z,30,0.018021584000052826,105.24087570124571,0.9349425358218904,False
50,z,31,0.02494937499977823,106.2715242540749,0.9343054128327558,False
50,z,33,0.009670165999523306,10.89635315391987,0.9932641276475545,False
50,z,34,0.010104167000463349,7.691813103124104e-12,0.9999999999999952,False
50,z,35,0.00775324999995064,10.926595942075647,0.9932454322585815,False
50,z,36,0.015234792000228481,546.3182714222851,0.6622787378375888,False
50,z,37,0.015175833999819588,0.009445901897306106,0.9999941607629144,False
50,z,38,0.007697750000261294,0.006114494730667641,0.9999962201614225,False
50,z,39,0.17071595800007344,0.00919831642872579,0.9999943138144987,False
50,z,40,0.011510083000757731,1775.108838285938,-0.09733104071526077,False
50,z,41,0.015674417000809626,20.9907786220263,0.9870239883583851,False
50,z,42,6.579716709000422,0.0012476242426918628,0.9999992287476807,False
50,z,47,14.860301959000026,5.73672711462152e-06,0.9999999964536885,False
50,z,50,11.515479667000363,9.054278844880578,0.9944028551864049,False
50,z,51,7.280726875000255,0.0004232529632119724,0.999999738354852,False
50,z,52,6.2181995000000825,7.952167606348921e-06,0.9999999950841547,False
50,z,53,1.935290458000054,7.074748196380283,0.9956265550406314,False
50,z,54,8.516908292000153,2.6283688169173436e-05,0.9999999837520347,False
50,z,55,9.946127332999822,6.628301249928232e-07,0.9999999995902538,False
50,z,56,11.929375790999984,4.3245634961311976e-06,0.9999999973266553,False
50,z,57,5.598595333000048,8.534925403068608e-05,0.9999999472390741,False
50,z,58,5.701963333000094,0.017927430240622082,0.9999889176791535,False
50,z,59,9.160698292000234,0.00012866759474407515,0.9999999204606824,False
51,x,0,0.02776312500009226,343.46112240479204,-3.981584295821798,False
51,x,1,0.008285832999717968,0.1404483637162005,0.9979629270464041,False
51,x,2,0.01447983399975783,0.0037090768311008066,0.9999462032885572,False
51,x,3,0.013444707999951788,0.002931286940525087,0.9999574844078793,False
51,x,4,0.0554662089998601,0.4536136798075482,0.993420755257895,False
51,x,5,0.023887209000349685,0.0028130480820544087,0.9999591993526055,False
51,x,6,0.13927091699952143,0.7510677221150235,0.9891064608902743,False
51,x,7,0.02841366700067738,0.5335575555319467,0.9922612436570843,False
51,x,8,0.013410166999165085,0.2761449125664254,0.9959947747501078,False
51,x,9,0.0395438750001631,1.6775286197211647,0.9756690068171803,False
51,x,10,0.007455166999534413,6.216010069622191,0.9098425524010105,False
51,x,11,0.04667650000010326,6.156429706773091,0.9107067101776762,False
51,x,19,0.05093124999984866,2.4238000126548026e-12,0.9999999999999648,False
51,x,20,0.029281250000167347,68.9461631321661,-3.23639248733798e-09,False
51,x,21,0.023751708999952825,68.94616291178198,-3.9925618366964954e-11,False
51,x,22,0.016579707999881066,27.909574481245627,0.5951975671500268,False
51,x,23,0.007332832999964012,0.12612784983091724,0.998170632787827,False
51,x,24,0.023321291999309324,1.3027257000402492,0.9811051747468655,False
51,x,25,0.018490833999749157,68.94616290943235,-5.846212403071149e-12,False
51,x,26,0.01166487499995128,0.7295361795205008,0.9894187558996853,False
51,x,27,0.012625916999240872,6.246097243854414,0.9094061659080896,False
51,x,28,0.017873832999612205,6.201395272545435,0.9100545264465574,False
51,x,29,0.13418291699963447,6.31518546206252,0.9084041055280325,False
51,x,30,0.012869416000285128,6.275524310414981,0.908979353663304,False
51,x,31,0.013805666999360255,6.2927563411917955,0.9087294190759426,False
51,x,33,0.009275833000174316,0.7518278286656623,0.9890954362513595,False
51,x,34,0.010070250000353553,9.714285914352548e-07,0.9999999859103313,False
51,x,35,0.007760084000437928,0.7529744806825714,0.9890788051297926,False
51,x,36,0.014312374999462918,0.0036599940370479413,0.9999469151888571,False
51,x,37,0.009754292000252462,0.08786939282359399,0.9987255361413001,False
51,x,38,0.007064082999931998,0.15204727006607086,0.9977946956922507,False
51,x,39,0.04283120899981441,0.0027821813138689867,0.999959647046384,False
51,x,40,0.02291229200000089,1380.710707189426,-19.02592528624402,False
51,x,41,0.013369790999604447,1.1491787327582788,0.983332230768599,False
51,x,42,6.543980417000057,0.001548410566348113,0.999977541744152,False
51,x,47,1.3166053330005525,1.0328761957659448e-06,0.9999999850190909,False
51,x,50,6.771869458000765,63.27232363978264,0.08229376414656808,False
51,x,51,6.622219582999605,0.00027602816834749165,0.9999959964680165,False
51,x,52,6.145015791000333,0.00015553011058167017,0.9999977441803283,False
51,x,53,5.959532957999727,5.082616023329489e-06,0.9999999262813795,False
51,x,54,9.222956458000226,4.924210761881471e-07,0.9999999928578901,False
51,x,55,9.9795463749997,2.5354558074990833e-06,0.9999999632255705,False
51,x,56,1.5297190830006002,94.57346431840429,-0.37170018356480483,False
51,x,57,5.518415209000523,4.394848544884476e-05,0.9999993625680735,False
51,x,59,8.948183707999306,6.13173782370487e-10,0.9999999999911064,False
51,y,0,0.03376837500036345,11.556302984113394,0.9852295986994137,False
51,y,1,0.008689792000041052,0.01476055140116165,0.9999811341682618,False
51,y,2,0.1500504160003402,0.012932176894052601,0.9999834710596739,False
51,y,3,0.1411895839992212,0.013471357000625555,0.9999827819200279,False
51,y,4,0.1438877919999868,4.938778154439485,0.9936876235093591,False
51,y,5,0.16561941700001626,0.012667286605684584,0.9999838096226091,False
51,y,6,0.07645583300018188,3.2873790042479323,0.9957983182695527,False
51,y,7,0.02642924999963725,4.218363099114732,0.9946084040985111,False
51,y,8,0.019212500000321597,89.47761333475455,0.8856364134628643,False
51,y,9,0.047092791000068246,13.53230609278291,0.9827040194612805,False
51,y,10,0.007853916000385652,49.964023944887984,0.9361397251982213,False
51,y,11,0.04574529199999233,49.387556712854376,0.9368765224564344,False
51,y,19,0.06188570799986337,1.9162232077163222e-13,0.9999999999999998,False
51,y,20,0.015429750000294007,0.03921550175128568,0.9999498776815676,False
51,y,21,0.028880374999971536,6.2238153471689195,0.9920451851751544,False
51,y,22,0.017851499999778753,960.7937508159671,-0.22801464154723905,False
51,y,23,0.007785458999933326,0.03531656598210018,0.9999548610093703,False
51,y,24,0.02011570800004847,782.3960066459829,-8.673985973928211e-10,False
51,y,25,0.02898300000015297,10.968837676923156,0.9859804528739106,False
51,y,26,0.013610959000288858,4.979957824313892,0.9936349907382812,False
51,y,27,0.013471000000208733,50.255444094225396,0.9357672537807873,False
51,y,28,0.01800145800007158,49.8737348550802,0.9362551259532343,False
51,y,29,0.12405566599954909,50.92607113886431,0.9349101084994668,False
51,y,30,0.02602500000011787,50.541250205469936,0.9354019578065431,False
51,y,31,0.02581416600060038,621.0830621972027,0.20617812787871792,False
51,y,33,0.010311499999261287,5.01548813527548,0.9935895785548209,False
51,y,34,0.010228457999801321,1.1043759428811738e-05,0.9999999858846935,False
51,y,35,0.007840375000341737,5.019227396195846,0.9935847993114558,False
51,y,36,0.16164225000011356,0.017392113745002078,0.9999777707022884,False
51,y,37,0.01571679199969367,0.0046801944045636095,0.9999940181258993,False
51,y,38,0.007945791000565805,0.015453521146579668,0.9999802484662131,False
51,y,39,0.14136612499987677,0.01865153376878809,0.9999761610059017,False
51,y,40,0.012726792000648857,1676.636079657775,-1.1429507140502686,False
51,y,41,0.015770166000038444,5.014370038544348,0.9935910076223552,False
51,y,42,6.634849832999862,0.0018031190405562913,0.9999976953882346,False
51,y,47,1.2764399170000615,0.061767757214191345,0.9999210530770312,False
51,y,51,7.540224334000413,133.91149070427912,0.8288443579939873,False
51,y,52,6.106682832999468,4.464545619724092e-06,0.9999999942937521,False
51,y,53,5.249671917000342,0.0005525383266389469,0.9999992937868772,False
51,y,54,0.9162837919993763,0.08270395201070346,0.9998942940002506,False
51,y,55,8.956870291999621,6.354666415658771e-07,0.9999999991877941,False
51,y,56,10.653309749999607,39.151476718600506,0.9499595135711427,False
51,y,57,5.505863458000022,0.002177629091628791,0.9999972167175254,False
51,y,58,5.423852916999749,3.625810100228205e-05,0.9999999536576097,False
51,y,59,8.416121291999843,1.278322427859677e-09,0.9999999999983662,False
51,z,0,0.024256167000203277,1628.3302195470712,-3.4985795636558326,False
51,z,1,0.00877791699986119,4.312993291002154e-05,0.9999998808451551,False
51,z,2,0.16265541600023425,4.955294413649139e-06,0.9999999863100335,False
51,z,3,0.16624195799977315,4.8303224692014314e-06,0.9999999866552929,False
51,z,4,0.15597133399933227,2.387573550561625,0.9934038627716009,False
51,z,5,0.16683429200020328,5.411204350637388e-06,0.9999999850504935,False
51,z,6,0.0661069170000701,1.590171870206249,0.9956068403127715,False
51,z,7,0.025386541000443685,2.024494460687011,0.994406939514938,False
51,z,8,0.025197166999532783,40.23413079595115,0.8888453727706,False
51,z,9,0.04572533300051873,6.461613659193176,0.982148533014654,False
51,z,10,0.008196042000236048,23.82892815953929,0.9341679421314532,False
51,z,11,0.042286333000447485,23.558475638461942,0.9349151199272421,False
51,z,19,0.013564959000177623,5.112323618753946e-06,0.9999999858762098,False
51,z,20,0.01581649999934598,0.044388130775182395,0.9998773691382884,False
51,z,21,0.03436291599973629,2.925042972883625,0.9919189987493511,False
51,z,22,0.017099458000302548,486.23518878723104,-0.3433194674830766,False
51,z,23,0.008052417000726564,0.002730358932974541,0.99999245685135,False
51,z,24,0.021669208999810508,361.9654152020637,-1.9118040484045196e-11,False
51,z,25,0.01842879199921299,361.9654153485845,-4.2391046228829055e-10,False
51,z,26,0.011770457999773498,2.4262552643596136,0.9932969969988664,False
51,z,27,0.013537249999899359,23.965635662048655,0.9337902610139472,False
51,z,28,0.01807970799927716,23.784595917636413,0.9342904185892633,False
51,z,29,0.10605970800042996,24.281140971856495,0.9329186161093154,False
51,z,30,0.026802499999575957,24.09967845122635,0.9334199416863247,False
51,z,31,0.025517208000565006,255.64694246388754,0.2937255004706387,False
51,z,33,0.014425125000343542,2.4471340171077585,0.9932393153755078,False
51,z,34,0.009744124999997439,9.133788407265056e-12,0.9999999999999748,False
51,z,35,0.007677499999772408,2.449142293542275,0.9932337671204806,False
51,z,36,0.164415457999894,0.00020213616930119408,0.9999994415594397,False
51,z,37,0.014506708000226354,0.0031337710404567482,0.9999913423467853,False
51,z,38,0.007848291999835055,0.0001568247480234547,0.9999995667410713,False
51,z,39,0.17195620799975586,0.00020263766086628921,0.9999994401739715,False
51,z,40,0.012578208000377344,1612.4636241755197,-3.4547450018289867,False
51,z,41,0.01570558399998845,2.555994162363753,0.9929385680093614,False
51,z,42,6.745641999999862,0.0017690871282166948,0.9999951125520452,False
51,z,47,0.6780769580000197,936.1676635962789,-1.5863456128579858,False
51,z,50,10.318641792000562,8.974662151183539,0.9752057468077576,False
51,z,51,7.192107415999999,0.0006999363871716114,0.9999980662893255,False
51,z,52,5.739471042000332,2.2389368502864784e-05,0.9999999381450062,False
51,z,53,1.4225695410004846,5.599413965366507,0.9845305276960017,False
51,z,54,9.154442790999383,2.0828622307116785e-05,0.9999999424568717,False
51,z,55,8.970499958999426,2.616521405052183e-07,0.999999999277135,False
51,z,56,12.03838979199918,9.423399675248775e-07,0.9999999973966022,False
51,z,57,5.861138999999639,2.268506558672071e-07,0.9999999993732809,False
51,z,58,5.0560211660003915,0.0047332769699792296,0.9999869233999402,False
51,z,59,8.784149084000092,0.003871615630921754,0.9999893039073116,False
52,x,0,0.03672266700050386,97.77322568418718,-0.14775920421124433,False
52,x,1,0.009257833000447135,18.50721685312159,0.7827439123659878,False
52,x,2,0.14543266700002278,15.709449993386434,0.8155868777282073,False
52,x,3,0.014773625000088941,10.9389225198338,0.8715880659716897,False
52,x,4,0.016756416999669455,0.44604587413010854,0.9947638706409573,False
52,x,5,0.14648333300010563,15.709403281911625,0.8155874260738794,False
52,x,6,0.015611625000019558,0.5062088491542628,0.994057617903017,False
52,x,7,0.013809000000037486,0.37656745284225907,0.9955794773366469,False
52,x,8,0.013463999999657972,1.8862830772318475,0.9778569363085776,False
52,x,9,0.020547541999803798,83.63806562944215,0.018173339614569906,False
52,x,10,0.007447541999681562,13.302576251322138,0.843841151549056,False
52,x,11,0.04827754100006132,18.34549509984473,0.784642362882945,False
52,x,19,0.017295999999987544,2.360017661503943e-12,0.9999999999999722,False
52,x,20,0.015370916999927431,17.912422028041494,0.7897262046073015,False
52,x,21,0.160092916999929,2.6990546756890956,0.9683158162675554,False
52,x,22,0.014710000000377477,379.7609079621081,-3.4580106103998958,False
52,x,23,0.007718542000475281,31.730190357250972,0.6275195200008655,False
52,x,24,0.01906920799956424,83.77996600651612,0.01650757209255127,False
52,x,25,0.017039749999639753,83.15530490640663,0.02384046432502418,False
52,x,26,0.019998374999886437,31.945898428549224,0.624987324478802,False
52,x,27,0.013313874999766995,10.175128328265492,0.8805542405799333,False
52,x,28,0.017923290999533492,81.66556670357713,0.04132849054281185,False
52,x,29,0.01820683400001144,81.83346401399317,0.03935754520431156,False
52,x,30,0.013842792000104964,8.87184590874851,0.8958534636772565,False
52,x,31,0.01663612500033196,133.12555093194678,-0.5627599000504968,False
52,x,33,0.00916833300016151,1.1675326843688947,0.986294342082665,False
52,x,34,0.012132959000155097,0.013800500769452695,0.9998379960191554,False
52,x,35,0.00798016600037954,2.301511845654838,0.9729825687352894,False
52,x,36,0.016675415999998222,81.31344495775541,0.045462045224491376,False
52,x,37,0.009900582999762264,1.9853092355955095,0.976694468936511,False
52,x,38,0.0075769169998238795,350.96635506971825,-3.119991557820623,False
52,x,39,0.149339792000319,21.652920349716254,0.7458165212865715,False
52,x,40,0.012070208999830356,6914.423851598144,-80.16837264962051,False
52,x,41,0.014412209000511211,66.29691178567543,0.22174102183583344,False
52,x,42,0.23541029199986951,,,False
52,x,51,0.23613045899946883,,,False
52,x,52,0.2091995830005544,,,False
52,x,53,0.2036660830008259,,,False
52,x,57,0.21890087500014488,,,False
52,y,0,0.029534667000007175,13.524716722817034,0.9819750957729998,False
52,y,1,0.007809458000338054,0.039020178046757774,0.9999479963250523,False
52,y,2,0.018405667000479298,726.43165229627,0.03185691586341122,False
52,y,3,0.015773166999679233,267.82720856795873,0.643056495543609,False
52,y,4,0.01541762499982724,3.36779700418333,0.9955116088787301,False
52,y,5,0.021357083000111743,3240.952007730028,-3.3193399714674428,False
52,y,6,0.015228916999149078,3.4874017201018823,0.9953522071260935,False
52,y,7,0.011805499999354652,8.868867651766452,0.9881801228594063,False
52,y,8,0.012622166000255675,1.488252965367831,0.99801654868519,False
52,y,9,0.024294041000757716,638.0580176448307,0.1496358189953887,False
52,y,10,0.007096083999385883,10.336612895157211,0.9862240029654405,False
52,y,11,0.04315308300010656,5.811563972711302,0.9922547077203856,False
52,y,19,0.012979207999705977,6.422097131194097e-13,0.9999999999999991,False
52,y,20,0.023976957999366277,750.3350171567021,-7.364078458138579e-09,False
52,y,21,0.022019375000127184,750.3350124233644,-1.0557794638543783e-09,False
52,y,22,0.026018000000476604,2343.646922570106,-2.1234673662304266,False
52,y,23,0.00815537500056962,21.22127275637362,0.9717176029008162,False
52,y,24,0.022310583000034967,737.8784729381274,0.016601302751378944,False
52,y,25,0.018443458000547253,688.1699892098603,0.08284968908244494,False
52,y,26,0.09890095799983101,7.516957319607051,0.9899818651627815,False
52,y,27,0.013108624999404128,17.869887446440657,0.9761841215331365,False
52,y,28,0.019232291999287554,3265.470643151982,-3.3520168891667135,False
52,y,29,0.017343542000162415,20.640519579827455,0.9724915947411858,False
52,y,30,0.013590499999736494,14.175201520406526,0.9811081699498593,False
52,y,31,0.01618125000004511,2.171844100776592,0.997105500786835,False
52,y,33,0.009048375000020314,4.263682071458063,0.994317628785322,False
52,y,34,0.009891042000162997,0.1384053664544204,0.9998155419055369,False
52,y,35,0.007087583999236813,4.813083573975841,0.9935854205130152,False
52,y,36,0.017065625000213913,745.6372709160746,0.006260857673279441,False
52,y,37,0.00944487500055402,16.0166836900552,0.9786539566436651,False
52,y,38,0.0083809999996447,259.1654742185587,0.6546003182563067,False
52,y,39,0.16130445799990412,1.2200288846242013,0.9983740211162851,False
52,y,40,0.014240166000490717,1078.4823461777444,-0.43733442990111815,False
52,y,41,0.016639124999528576,3406.6492094182163,-3.5401709324644157,False
52,y,42,0.23244324999996024,,,False
52,y,51,0.2707177079992107,,,False
52,y,52,0.22144370800015167,,,False
52,y,53,0.1944017920004626,,,False
52,y,57,0.2059392500004833,,,False
52,y,58,0.20985299999938434,,,False
52,z,0,0.027911457999834965,33.79105197006266,0.9843221723754988,False
52,z,1,0.008788000000095053,3.763161202120989,0.9982540291227887,False
52,z,2,0.01750587500009715,2083.259083665747,0.03344302983452396,False
52,z,3,0.016149875000337488,740.7819518726651,0.6563039304283709,False
52,z,4,0.013972957999612845,8.261762769213698,0.9961668404793965,False
52,z,5,0.024618084000394447,8776.848756145633,-3.072140814292438,False
52,z,6,0.015456790999451187,8.740363960136278,0.9959447868132717,False
52,z,7,0.012216833999445953,30.11610176219943,0.9860272165374429,False
52,z,8,0.021439167000607995,242.5242471476516,0.8874775089893197,False
52,z,9,0.022862249999889173,1885.6908628592591,0.1251075483771159,False
52,z,10,0.0076292499998089625,21.874823882231123,0.9898508718093245,False
52,z,11,0.044728333999955794,23.674425909215312,0.989015921468129,False
52,z,19,0.012960667000697867,0.3989581448110913,0.9998148978306659,False
52,z,20,0.016601166000327794,52.31340628254505,0.9757284689782708,False
52,z,21,0.022199291000106314,17.96235674165116,0.9916661152492412,False
52,z,22,0.017230375000508502,8005.527511288822,-2.714275615816394,False
52,z,23,0.007601750000503671,96.07431434796229,0.9554249882239845,False
52,z,24,0.017210291999617766,2134.3163766210787,0.00975429002741346,False
52,z,25,0.015917333000288636,32.146104503378574,0.9850853685866402,False
52,z,26,0.0896294170006513,43.01445322397933,0.9800428473311461,False
52,z,27,0.014264917000218702,33.04727014531793,0.9846672602777314,False
52,z,28,0.020015832999888516,8869.46526859021,-3.1151115308766677,False
52,z,29,0.016322667000167712,57.39171468135782,0.9733723173032303,False
52,z,30,0.013896041000407422,31.57631785064437,0.9853497290135432,False
52,z,31,0.015381958000034501,57.95504663051173,0.9731109516256529,False
52,z,33,0.009665874999882362,13.576893535394172,0.9937008117796186,False
52,z,34,0.010081417000037618,2.041841134818327e-11,0.9999999999999906,False
52,z,35,0.012939999999616703,14.688609640436608,0.9931850156606437,False
52,z,36,0.017717207999339735,2139.85894493023,0.007182738522450549,False
52,z,37,0.016317833000357496,11.462186420517805,0.9946819595004031,False
52,z,38,0.007751707999887003,220.07975834378942,0.897890941128063,False
52,z,39,0.15178533299967967,15.843391041136572,0.9926492387999472,False
52,z,40,0.01711554099983914,26869.159012971737,-11.466319302337563,False
52,z,41,0.01558454200039705,9086.438160591086,-3.215779115981534,False
52,z,42,0.2388636249997944,,,False
52,z,51,0.22781483300059335,,,False
52,z,52,0.20500749999973777,,,False
52,z,53,0.20250058300007368,,,False
52,z,57,0.18273333399974945,,,False
52,z,58,0.18285879099948943,,,False
53,x,0,0.029142374999537424,15.033114253291089,0.9799925724614025,False
53,x,1,0.008568249999370892,0.3685493227147139,0.9995095012420996,False
53,x,2,0.014364542000294023,727.7229373522533,0.031480524132711185,False
53,x,3,0.015568709000035597,276.6998811043001,0.6317427827756397,False
53,x,4,0.016376832999412727,3.551586330165796,0.9952732278255445,False
53,x,5,0.025589791999664158,3371.332136405245,-3.4868735972592164,False
53,x,6,0.015603499999997439,3.690832520766932,0.9950879064063404,False
53,x,7,0.010594790999675752,10.320928676195969,0.9862639750393157,False
53,x,8,0.013470416000018304,1.5371821864689381,0.9979541789750804,False
53,x,9,0.0194839170007981,257.8096636387522,0.6568835919760738,False
53,x,10,0.007133375000194064,10.447722588905565,0.9860952262372957,False
53,x,11,0.04279733400016994,5.875809484251216,0.9921799415273502,False
53,x,19,0.013148374999218504,7.4932917457331e-13,0.999999999999999,False
53,x,20,0.02515450000009878,751.376668712236,-1.0760503599271942e-11,False
53,x,21,0.024521958000150335,751.3766687081995,-5.388356427715735e-12,False
53,x,22,0.018877499999689462,2452.9795908331193,-2.264647004628995,False
53,x,23,0.007149457999730657,21.11959835669669,0.9718921291592402,False
53,x,24,0.019044665999899735,698.7564836585182,0.07003169946224563,False
53,x,25,0.01688883299993904,748.3723021690452,0.003998482598996489,False
53,x,26,0.09005279099983454,7.125883123858825,0.9905162305130549,False
53,x,27,0.012790624999979627,18.61500515688771,0.9752254682208967,False
53,x,28,0.01938083299955906,3407.453992179813,-3.534947828572337,False
53,x,29,0.016328250000697153,22.041319910543486,0.9706654187858179,False
53,x,30,0.012824166999962472,13.839288200459311,0.9815814241020725,False
53,x,31,0.015569041000162542,3.187312387007046,0.99575803652181,False
53,x,33,0.010369374999754655,4.353155032896363,0.9942064277289792,False
53,x,34,0.009867374999885214,0.18574096318889569,0.9997527991340093,False
53,x,35,0.007141250000131549,5.165647066477753,0.9931250898761781,False
53,x,36,0.020151458000327693,714.9939013129334,0.04842147608065073,False
53,x,37,0.009711624999908963,13.931131421450921,0.9814591908403584,False
53,x,38,0.007564333999653172,415.3408316609889,0.4472268717402431,False
53,x,39,0.15820625000014843,0.7059973535011025,0.9990603948952544,False
53,x,40,0.016410666999945533,2470.643499924839,-2.288155731779371,False
53,x,41,0.016978540999843972,602.6415371345381,0.19795015970635366,False
53,x,42,0.2389136249994408,,,False
53,x,47,0.3729803329997594,,,False
53,x,50,0.3351378749994183,,,False
53,x,51,0.20162600000003295,,,False
53,x,52,0.193111124999632,,,False
53,x,53,0.17350391699983447,,,False
53,x,54,0.2478521670000191,,,False
53,x,55,0.3176972500004922,,,False
53,x,56,0.344924875000288,,,False
53,x,57,0.18864174999998795,,,False
53,x,59,0.2621459580004739,,,False
53,y,0,0.023113166999792156,260.87719520973553,-0.5949462745775276,False
53,y,1,0.008461249999527354,23.42577242334763,0.8567799365303627,False
53,y,2,0.015797834000295552,158.57375469668042,0.030514648488513485,False
53,y,3,0.01707504199930554,27.5594850803541,0.8315073189021109,False
53,y,4,0.017226916000254278,0.2906423265913294,0.9982230762038871,False
53,y,5,0.1474078750006811,18.204420878173128,0.8887021411084228,False
53,y,6,0.016241500000433007,0.3555995628752565,0.9978259418283254,False
53,y,7,0.011976542000411428,0.14595768184007477,0.9991076465663867,False
53,y,8,0.011279082999863022,3.0101626295469748,0.9815965221950176,False
53,y,9,0.020562749999953667,141.92422206622493,0.13230625975239796,False
53,y,10,0.007199625000794185,17.474020469175002,0.8931676499097762,False
53,y,11,0.043028709000282106,26.2269985184939,0.8396538511279535,False
53,y,19,0.016593749999628926,7.761756679556205e-13,0.9999999999999952,False
53,y,20,0.0173343329997806,28.70294888245921,0.8245164306038234,False
53,y,21,0.15737566699954186,0.9439609600353711,0.9942288285668488,False
53,y,22,0.015544666999630863,559.4603445858875,-2.420418529315059,False
53,y,23,0.008043916000133322,48.55980548879319,0.7031159400640867,False
53,y,24,0.01933487500082265,147.22352235482637,0.0999074935575327,False
53,y,25,0.01383099999929982,156.83422759352513,0.04114973780888731,False
53,y,26,0.015487874999962514,109.25929604700514,0.3320124932613091,False
53,y,27,0.012369709000267903,12.168146863829227,0.9256066039295856,False
53,y,28,0.022016332999555743,246.83050508571273,-0.5090678747218278,False
53,y,29,0.02000012499956938,132.8068616755153,0.1880478126982278,False
53,y,30,0.01232125000024098,12.342356621375966,0.9245415234668383,False
53,y,31,0.015145874999689113,30.363369866165684,0.8143649788448305,False
53,y,33,0.008517207999830134,0.9278125258460744,0.9943275565715323,False
53,y,34,0.00931570900047518,0.037905945104545896,0.999768251318862,False
53,y,35,0.007384667000223999,2.275340257189477,0.9860890659159264,False
53,y,36,0.01757804099997884,152.76220132518702,0.0660452183105319,False
53,y,37,0.01063179199991282,107.25869672382643,0.34424372119543645,False
53,y,38,0.007311000000299828,204.64304639833142,-0.2511429533302276,False
53,y,39,0.15049537499999133,29.61979212452845,0.8189110509839825,False
53,y,40,0.014158250000036787,5603.191113574163,-33.25668842060409,False
53,y,41,0.014958875000047556,240.73900647402002,-0.4718257807568782,False
53,y,42,0.23754891600037809,,,False
53,y,47,0.3095064170001933,,,False
53,y,51,0.24894104200029687,,,False
53,y,52,0.1900055420001081,,,False
53,y,53,0.18132458400032192,,,False
53,y,54,0.25698054199983744,,,False
53,y,55,0.2740689590000329,,,False
53,y,56,0.3414838750004492,,,False
53,y,57,0.2071247920002861,,,False
53,y,58,0.20953529100006563,,,False
53,y,59,0.26044208300027094,,,False
53,z,0,0.027068874999713444,15.20579571452,0.9840263916627955,False
53,z,1,0.008734666999771434,2.2829327143858915,0.9976017912035363,False
53,z,2,0.02023712499976682,920.102441896463,0.03343722927139481,False
53,z,3,0.016454624999823864,327.0775786288298,0.6564067257651516,False
53,z,4,0.014358540999637626,3.2385461938085705,0.9965979242748576,False
53,z,5,0.02531287500005419,3843.16439980201,-3.0372239671288357,False
53,z,6,0.01544779199957702,3.4389156724669063,0.9963874371925038,False
53,z,7,0.010433499999635387,14.334743185774283,0.9849414277580147,False
53,z,8,0.018012042000009387,109.0659640012214,0.885426779066119,False
53,z,9,0.01953224999942904,346.86033921118985,0.635625039932719,False
53,z,10,0.0086886669996602,9.175920118454936,0.9903607442282213,False
53,z,11,0.045043333000649,13.835423812656042,0.9854659601304806,False
53,z,19,0.013226500000200758,0.23703503852766036,0.9997509959400533,False
53,z,20,0.016081250000752334,30.515603336367604,0.9679435193645822,False
53,z,21,0.0192758329994831,7.916482976458401,0.9916837763147546,False
53,z,22,0.013240541999948618,3503.1493958405936,-2.6800399956996785,False
53,z,23,0.007698500000515196,52.13902681397046,0.9452282268520756,False
53,z,24,0.021520125000279222,876.4405065603954,0.0793038624549981,False
53,z,25,0.016385667000577087,944.6895133532013,0.007608640160877589,False
53,z,26,0.08485608299997693,24.995899502608154,0.9737419391798404,False
53,z,27,0.013460832999953709,12.006808708815708,0.9873869106691197,False
53,z,28,0.025354041999889887,4000.4653272154137,-3.202467763162568,False
53,z,29,0.018023875000835687,25.365344253913847,0.9733538394137783,False
53,z,30,0.016815209000014875,14.034717944039066,0.9852566026947776,False
53,z,31,0.015361833000497427,83.4593175976424,0.9123264262900703,False
53,z,33,0.009329041000455618,5.3755438967738645,0.9943530194395206,False
53,z,34,0.01024583399976109,4.4236574038297354e-12,0.9999999999999953,False
53,z,35,0.007654500000171538,5.8806771481614195,0.9938223796185437,False
53,z,36,0.019759332999456092,900.1931253154282,0.05435186151409832,False
53,z,37,0.016477624999424734,76.89696541508437,0.9192201427060342,False
53,z,38,0.007532083000114653,340.0193614732674,0.642811451027586,False
53,z,39,0.15105312499963475,9.683784486895709,0.9898272353831598,False
53,z,40,0.015845165999962774,17360.9402218756,-17.23757629500784,False
53,z,41,0.014780167000026267,3789.588475968639,-2.980942741227519,False
53,z,42,0.23760191699966526,,,False
53,z,47,0.3074502499994196,,,False
53,z,50,0.3370126250001704,,,False
53,z,51,0.23901329199998145,,,False
53,z,52,0.19807758400020248,,,False
53,z,53,0.20930545899955177,,,False
53,z,54,0.24260125000000698,,,False
53,z,55,0.2581540829996811,,,False
53,z,56,0.347064166000564,,,False
53,z,57,0.2010160840000026,,,False
53,z,58,0.193124125000395,,,False
53,z,59,0.25283841700002085,,,False
54,x,0,0.030461291999927198,15.184997717065642,0.9736707008924698,False
54,x,1,0.009048500000062631,3.4044545899369085,0.9940970091094768,False
54,x,2,0.013421082999229839,566.1532079714027,0.018345775803818243,False
54,x,3,0.016487374999996973,239.45628614073078,0.5848062476893157,False
54,x,4,0.022243000000344182,3.829721959332411,0.9933596371336547,False
54,x,5,0.03847899999982474,2925.4411756059562,-4.072428535662538,False
54,x,6,0.021340500000405882,4.035859359825119,0.993002215066431,False
54,x,7,0.01030229100069846,15.403661412164206,0.9732915594569898,False
54,x,8,0.020765999999639462,27.48347546079153,0.9523463447670849,False
54,x,9,0.021079709000332514,385.99038353581204,0.3307304716073013,False
54,x,10,0.007619083999998111,7.5980626461921235,0.9868257033832466,False
54,x,11,0.05221883299964247,4.4286997752976385,0.9923210682534237,False
54,x,19,0.012704665999990539,1.3549889904460892e-11,0.9999999999999765,False
54,x,20,0.01643016600064584,8.419550994964068,0.9854013230276368,False
54,x,21,0.01951245899999776,3.398619864654172,0.9941071259517735,False
54,x,22,0.011692124999171938,3016.73170320282,-4.230717371233502,False
54,x,23,0.007510250000450469,16.576110011630174,0.9712586483931408,False
54,x,24,0.018178709000494564,469.98015939224285,0.18510042465555743,False
54,x,25,0.01904941599968879,560.3878868600277,0.02834227806352907,False
54,x,26,0.015362291999736044,1886.8142562771714,-2.2715511611860717,False
54,x,27,0.014297124999757216,14.708205895423056,0.9744974112231498,False
54,x,28,0.017339666999760084,2792.097789022647,-3.841224160477328,False
54,x,29,0.014884375000292493,575.4675802984943,0.002195566263563764,False
54,x,30,0.015319500000259723,12.29239999504217,0.978686182095692,False
54,x,31,0.01604700000007142,199.33446982912238,0.6543735483954931,False
54,x,33,0.011005124999428517,4.176202264179397,0.9927588742128325,False
54,x,34,0.010578583000096842,0.3433349753284257,0.9994046907725683,False
54,x,35,0.008043584000006376,5.80900037413543,0.9899277621757903,False
54,x,36,0.020567125000525266,535.0602022805535,0.07225800300596441,False
54,x,37,0.01549775000057707,275.52132718538934,0.5222729980515497,False
54,x,38,0.007632458000443876,1004.9206363578378,-0.7424339803659916,False
54,x,39,0.16129683399958594,0.06817962230726221,0.9998817832111526,False
54,x,40,0.013083124999866413,13840.563156999548,-22.99818122907983,False
54,x,41,0.012972749999789812,2849.192124190395,-3.9402201469098976,False
54,x,42,0.23639679200005048,,,False
54,x,47,0.3076405000001614,,,False
54,x,50,0.33576766599981056,,,False
54,x,51,0.23315304200059472,,,False
54,x,52,0.20696024999961082,,,False
54,x,53,0.19689049999942654,,,False
54,x,54,0.24148933299966302,,,False
54,x,55,0.3222598749998724,,,False
54,x,56,0.34319200000027195,,,False
54,x,57,0.2179223750008532,,,False
54,x,59,0.2547443330004171,,,False
54,y,0,0.02476341700003104,770.4956083453135,-1.0602470819855507,False
54,y,1,0.00810429099965404,37.162533427168064,0.9006301914985089,False
54,y,2,0.016492125000695523,366.81429878474205,0.019166260629551957,False
54,y,3,0.018649833000381477,369.58140140077063,0.011767237158840094,False
54,y,4,0.020601166999767884,0.11780505402984728,0.9996849981801592,False
54,y,5,0.15353024999967602,21.639731841284306,0.9421369909210761,False
54,y,6,0.018788374999530788,0.20027084299363065,0.9994644908868845,False
54,y,7,0.01210591699964425,0.23745808245356717,0.9993650550163168,False
54,y,8,0.011423208999985945,6.734371949579266,0.9819927978721095,False
54,y,9,0.017641540999647987,273.1778044009151,0.2695431767756824,False
54,y,10,0.007394040999315621,41.30313774525056,0.8895585281800037,False
54,y,11,0.04258704200037755,62.24981001806318,0.8335487080590966,False
54,y,19,0.01867166600004566,7.42420830418103e-12,0.9999999999999801,False
54,y,20,0.01773783299995557,67.20473421127568,0.820299614878087,False
54,y,21,0.03230508300021029,0.025982577885056958,0.999930524548498,False
54,y,22,0.012836000000788772,1111.6245609733255,-1.972400145053594,False
54,y,23,0.007284416000402416,105.90794789982854,0.7168101436836347,False
54,y,24,0.01683150000008027,279.2810524976828,0.25322355217846493,False
54,y,25,0.01466720799999166,361.5819635522588,0.03315712998420561,False
54,y,26,0.014306125000075554,340.98255934391455,0.08823838152050434,False
54,y,27,0.01368291600010707,28.171061822974654,0.9246727076850428,False
54,y,28,0.016655333999551658,708.6837105154641,-0.8949667341722469,False
54,y,29,0.015099000000191154,329.1330793530612,0.11992299634476,False
54,y,30,0.012967375000698667,40.79610427653915,0.8909142973927902,False
54,y,31,0.0155440409998846,83.24671445780282,0.7774045709165056,False
54,y,33,0.008723083999939263,0.6419655069581816,0.9982834327047154,False
54,y,34,0.009476707999965583,0.22410357992472668,0.9994007639477739,False
54,y,35,0.008296625000184576,2.8106459245776225,0.9924845450098783,False
54,y,36,0.01780616599990026,330.8870192829329,0.11523309340000987,False
54,y,37,0.009671958000581071,135.52664832854185,0.6376119750379892,False
54,y,38,0.007621457999448467,961.1782183125629,-1.5701179839289034,False
54,y,39,0.1570377500001996,58.73279131067164,0.8429529505371984,False
54,y,40,0.011247583000113082,4388.809702700918,-10.735345776723891,False
54,y,41,0.014159790999656252,742.6827567528807,-0.9858776167811154,False
54,y,42,0.23178391700002976,,,False
54,y,47,0.307546750000256,,,False
54,y,51,0.2738621250000506,,,False
54,y,52,0.22856229199987865,,,False
54,y,53,0.20066783299989766,,,False
54,y,54,0.2530985840003268,,,False
54,y,55,0.26192837500002497,,,False
54,y,56,0.3321406659997592,,,False
54,y,57,0.20672241600004782,,,False
54,y,58,0.20981379199929506,,,False
54,y,59,0.25822516700009146,,,False
54,z,0,0.030250916999648325,9.112999537288129,0.9834568005268907,False
54,z,1,0.008182417000170972,3.5198224310171145,0.9936103228856776,False
54,z,2,0.01758949999930337,539.4212078774731,0.020766696472570456,False
54,z,3,0.018816582999534148,193.81623694746236,0.6481574858168558,False
54,z,4,0.015287250000255881,1.6970704951507083,0.9969192387636661,False
54,z,5,0.033680667000226094,2186.2168123787283,-2.9687284818417905,False
54,z,6,0.014227665999896999,1.8180764742022208,0.9966995716781255,False
54,z,7,0.010594708000098763,13.216861159479794,0.9760068932654933,False
54,z,8,0.01198770799965132,3.041111045803055,0.9944793471738103,False
54,z,9,0.01953287500055012,371.6676257610672,0.3252966111208673,False
54,z,10,0.008209542000258807,11.149931229324856,0.9797590754083301,False
54,z,11,0.0430987500003539,21.90939067234529,0.9602269901645636,False
54,z,19,0.013579917000242858,0.3384699423432906,0.9993855617188473,False
54,z,20,0.019317250000312924,36.51245014655048,0.9337174611328805,False
54,z,21,0.02134124999975029,4.666351189301294,0.9915289825023776,False
54,z,22,0.011297167000520858,2408.9689888822754,-3.373099586425874,False
54,z,23,0.008044249999329622,53.95120167206044,0.9020601847478592,False
54,z,24,0.0174080420001701,428.93841500070295,0.22133061326286263,False
54,z,25,0.017671916999461246,531.729296051726,0.034730137504497494,False
54,z,26,0.01852012499966804,1910.1977241224633,-2.467659781385346,False
54,z,27,0.012670541999796114,7.3989700856777185,0.986568348048072,False
54,z,28,0.017393416999766487,2106.1430192184152,-2.8233672615981926,False
54,z,29,0.015491999999539985,538.2924914866329,0.022815701339281236,False
54,z,30,0.013496833000317565,24.495681198377866,0.955531991564761,False
54,z,31,0.018553124999925785,43.43009714699208,0.9211595745945785,False
54,z,33,0.009015417000227899,2.850155871448911,0.9948259958844611,False
54,z,34,0.00931041700005153,4.115059379578086e-12,0.9999999999999926,False
54,z,35,0.00753145900034724,3.2419762211095975,0.9941147084345344,False
54,z,36,0.020758582999405917,498.79455897008296,0.09451790803017956,False
54,z,37,0.00992141700044158,39.010334440400314,0.929182949969479,False
54,z,38,0.007344167000155721,1256.8469408205801,-1.2816054762304385,False
54,z,39,0.1610783750002156,15.333224908201254,0.972164971897068,False
54,z,40,0.011632832999566745,2955.6577814518228,-4.365526032645426,False
54,z,41,0.012823374999243242,2166.6067547613457,-2.933129545013571,False
54,z,42,0.8801095420003548,,,False
54,z,47,0.3077472080003645,,,False
54,z,50,0.333513708999817,,,False
54,z,51,0.2398437500005457,,,False
54,z,52,0.20491833300002327,,,False
54,z,53,0.2047518340004899,,,False
54,z,54,0.23964320799950656,,,False
54,z,55,0.2562919999991209,,,False
54,z,56,0.3412216249998892,,,False
54,z,57,0.20209487499960233,,,False
54,z,58,0.19587099999989732,,,False
54,z,59,0.25120529199921293,,,False
55,x,0,0.02650137500040728,8.108897488032335,-11.261767518796502,False
55,x,1,0.008580499999879976,0.49896001993135736,0.24550387095139292,False
55,x,2,0.013022624999393884,0.0023759207168388657,0.9964072813208001,False
55,x,3,0.016248124999947322,0.0005259590991599086,0.9992046775523045,False
55,x,4,0.15849016699939966,0.1522371734644116,0.7697964696810745,False
55,x,5,0.02047666699945694,0.00127456965150369,0.9980726755053548,False
55,x,6,0.05551058299988654,0.06438852639422549,0.9026356982944834,False
55,x,7,0.013492999999471067,0.057320559973293196,0.9133234349704051,False
55,x,8,0.01211783300004754,0.08345710738821924,0.8738013829751972,False
55,x,9,0.0227216250004858,0.1625923989775745,0.7541379454446404,False
55,x,10,0.009077959000023839,0.6165432570177923,0.06770185540127993,False
55,x,11,0.04527758400035964,0.6149454782420959,0.07011791651476318,False
55,x,19,0.014463583999713592,3.314644197977403e-12,0.9999999999949878,False
55,x,20,0.01596887499999866,0.5012359734905245,0.24206231635444875,False
55,x,21,0.031627583999579656,0.15413033455279962,0.766933749912363,False
55,x,22,0.012393332999636186,11.759378886888143,-16.781797129544795,False
55,x,23,0.007762334000290139,0.4946550499103041,0.2520135773142429,False
55,x,24,0.028087959000004048,0.05534782252856736,0.9163064851271685,False
55,x,25,0.039302084000155446,0.0561833287005504,0.9150430849600686,False
55,x,26,0.014866041999994195,0.09410190984682419,0.8577049785967273,False
55,x,27,0.01358425000034913,0.6173460935230914,0.06648785626044607,False
55,x,28,0.021666375000677363,0.594060748183984,0.10169849883724724,False
55,x,29,0.030885666999893147,0.61915427730821,0.063753633853873,False
55,x,30,0.01360508400011895,0.6177960666885675,0.0658074349882688,False
55,x,31,0.014998458999798459,0.2944735184031474,0.5547155666438686,False
55,x,33,0.008890415999303514,0.15547147746406792,0.7649057574988782,False
55,x,34,0.009343333000288112,4.055486417657581e-08,0.9999999386754713,False
55,x,35,0.008479374999296851,0.15764804829630263,0.7616144832445861,False
55,x,36,0.015498834000027273,0.0022039342981636785,0.9966673484242872,False
55,x,37,0.015389457999845035,2.38371635745646,-2.604506759275359,False
55,x,38,0.0077043749997756095,0.4041843194658171,0.3888177563784414,False
55,x,39,0.034326083000451035,0.001155776209118799,0.9982523075176513,False
55,x,40,0.011441332999311271,1486.380190863491,-2246.6111421819246,False
55,x,41,0.01524500000050466,0.544358782277917,0.1768547025094217,False
55,x,42,7.157369957999435,0.0006442430116795132,0.9990258160191959,False
55,x,47,12.45372000000043,3.3813015575297867e-06,0.9999948870073064,False
55,x,50,10.669667665999441,419.9358892378971,-634.0007820710088,False
55,x,51,7.334242332999565,3.481260296559357e-05,0.999947358559543,False
55,x,52,5.8790242499999295,0.06750678405510473,0.8979204641263567,False
55,x,53,5.745807624999543,6.40428849997987e-05,0.9999031583555891,False
55,x,54,9.039555457999995,1.4091085679901466e-06,0.9999978692341721,False
55,x,55,10.217674708999766,3.4910479660214646e-08,0.9999999472105565,False
55,x,56,10.489722375000383,36.56449671424179,-54.29054459173149,False
55,x,57,5.568920583999898,0.013715469892697056,0.9792603244172824,False
55,x,59,9.121660124999835,9.308802989236895e-08,0.9999998592381044,False
55,y,0,0.026337999999668682,3820.8479754447385,-3.4858232218106755,False
55,y,1,0.007860165999773017,0.0017702478156393215,0.9999979216606337,False
55,y,2,0.16456624999955238,0.0002448810454856894,0.9999997125001865,False
55,y,3,0.16544474999955128,0.0002580646540976721,0.9999996970221203,False
55,y,4,0.0323396670000875,3.6717685265594486,0.9956892018139935,False
55,y,5,0.16562429199984763,0.0002735731157348032,0.9999996788145868,False
55,y,6,0.15606641700014734,5.620735981754654,0.9934010386823393,False
55,y,7,0.017997665999246237,4.758548828965086,0.9944132797284071,False
55,y,8,0.01325720899967564,1.8626398102487622,0.9978131888605931,False
55,y,9,0.025384000000485685,15.076889829356022,0.9822991485283226,False
55,y,10,0.0083474169996407,53.685906610629466,0.936970670357569,False
55,y,11,0.04253262500060373,51.75241005612306,0.9392406700537715,False
55,y,19,0.040267874999699416,8.793282333640775e-15,1.0,False
55,y,20,0.0254051249994518,851.7607108491669,-1.8541168600449964e-10,False
55,y,21,0.02306008399955317,851.7607108032664,-1.315227926568241e-10,False
55,y,22,0.015368041999863635,564.4843389866925,0.33727356533199426,False
55,y,23,0.0072681669998928555,0.06931690908152771,0.999918619269225,False
55,y,24,0.01988341699961893,12.058052318151088,0.985843380462612,False
55,y,25,0.013842834000570292,12.197057397342688,0.9856801831262629,False
55,y,26,0.010472416000084195,5.56852075061169,0.9934623413821323,False
55,y,27,0.012430958000550163,54.68682342580721,0.9357955553251258,False
55,y,28,0.018906459000390896,48.8574041233383,0.9426395189281641,False
55,y,29,0.13787587500064546,57.01818604496882,0.9330584454891138,False
55,y,30,0.01336025000000518,55.62541494076306,0.934693612604389,False
55,y,31,0.014024416999745881,55.975301213604446,0.934282832594875,False
55,y,33,0.009409415999471094,5.624342398862904,0.9933968046092446,False
55,y,34,0.010054999999738357,0.00012453107058585803,0.9999998537957092,False
55,y,35,0.007330000000365544,5.638957457852582,0.9933796459650313,False
55,y,36,0.015676999999413965,287.33590526995505,0.6626565399608886,False
55,y,37,0.009534124999845517,0.07164454288768553,0.9999158865371596,False
55,y,38,0.007375958000011451,0.004332391365766833,0.9999949136050638,False
55,y,39,0.13935387499986973,0.006083770902403604,0.9999928574177864,False
55,y,40,0.013687042000128713,1162.4442841306718,-0.36475452499716887,False
55,y,41,0.013012999999773456,10.798680115183336,0.987321932111168,False
55,y,42,7.113286916999641,0.000675648596448105,0.9999992067624299,False
55,y,47,2.519112541999675,0.00013193274073761683,0.9999998451058624,False
55,y,51,8.50656670799981,794.7732148484703,0.06690552302714492,False
55,y,52,6.140540417000011,1.0893835643989188e-06,0.9999999987210216,False
55,y,53,5.092500042000211,0.0042310340735202566,0.9999950326024429,False
55,y,54,9.16228483299983,0.001185669436817004,0.9999986079782479,False
55,y,55,9.442900791999818,7.6208161895152985e-06,0.9999999910528672,False
55,y,56,10.452110958999583,90.29523248490833,0.8939899066116471,False
55,y,57,5.685416207999879,1.9510381328942375e-05,0.9999999770940581,False
55,y,58,5.57017091599937,0.14853403426694586,0.9998256153020414,False
55,y,59,8.765622207999513,0.00012906220681916248,0.9999998484759801,False
55,z,0,0.02569212499929563,33.630497152447084,-3.495151529652694,False
55,z,1,0.008647125000607048,9.252425237252602e-06,0.9999987632935288,False
55,z,2,0.16467083299994556,8.94326399871512e-08,0.9999999880461693,False
55,z,3,0.1669545830000061,1.3193518696676003e-07,0.9999999823651534,False
55,z,4,0.16154612499940413,0.050367224301526715,0.9932677681112754,False
55,z,5,0.1684861670000828,1.571327623488388e-07,0.9999999789971711,False
55,z,6,0.02242054199996346,0.03275227293585913,0.9956222345117335,False
55,z,7,0.013999750000039057,0.042548202486675256,0.994312881649505,False
55,z,8,0.021019833999162074,0.8320294388704664,0.888788488974731,False
55,z,9,0.02929883399974642,0.13340774532357402,0.9821683269283712,False
55,z,10,0.008415125000283297,0.4727923479666583,0.9368051790451819,False
55,z,11,0.04508120900027279,0.4558037406303798,0.9390759264536479,False
55,z,19,0.012453250000362459,1.0937999675577875e-06,0.9999998537994673,False
55,z,20,0.015756750000036845,0.0019024404795541542,0.9997457141893271,False
55,z,21,0.036621624999497726,0.060485163169446514,0.9919153745331224,False
55,z,22,0.012824415999602934,5.733372130368141,0.23366055562407373,False
55,z,23,0.007600333000482351,0.000572143660263402,0.9999235255893496,False
55,z,24,0.02344008300042333,0.10676926638862339,0.9857289046620058,False
55,z,25,0.014103292000072543,0.10799589739726151,0.985564949540266,False
55,z,26,0.010458166999342211,0.04989508802402085,0.9933308752399156,False
55,z,27,0.013385333000769606,0.48158667200228433,0.9356297037329435,False
55,z,28,0.01961662499979866,0.4303132971710427,0.9424830543765078,False
55,z,29,0.1017119170001024,0.5020701885694019,0.9328918164393968,False
55,z,30,0.019292875000246568,0.48983251332596395,0.9345275402391542,False
55,z,31,0.016251791999820853,0.01340541856168759,0.9982081921810418,False
55,z,33,0.009982665999814344,0.050407906666455365,0.993262330386281,False
55,z,34,0.010022542000115209,1.3354846539569926e-13,0.9999999999999821,False
55,z,35,0.007791957999870647,0.050540661341687304,0.9932445860044857,False
55,z,36,0.015448084000126983,2.5273710929315776,0.6621841186916644,False
55,z,37,0.010966167000333371,0.06302057229942105,0.9915764842640539,False
55,z,38,0.007597625000016706,0.005220849008184857,0.9993021659091496,False
55,z,39,0.17274995899970236,3.841875911165989e-05,0.9999948648352415,False
55,z,40,0.012102292000236048,1485.1657581444385,-197.51163957666918,False
55,z,41,0.014740749999873515,0.09540777622730168,0.9872475149771103,False
55,z,42,7.08511904199986,0.0006555506370977012,0.999912377166601,False
55,z,47,0.811950582999998,8.701694603531584e-05,0.9999883690581111,False
55,z,50,10.172850584000116,5.780420589095607,0.22737191973927273,False
55,z,51,6.988021000000117,0.0004980796940770969,0.9999334251977136,False
55,z,52,5.755932459000178,2.6090684649800343e-05,0.9999965126420677,False
55,z,53,1.9268369169994912,7.46034468455688,0.0028283058526825666,False
55,z,54,8.817491875000087,4.1585157535776656e-05,0.9999944416050807,False
55,z,55,9.912151958999857,4.1010900241202164e-07,0.99999994518362,False
55,z,56,11.955365040999823,3.3419236890747274e-06,0.999999553308614,False
55,z,57,5.482838667000578,5.6786524181570865e-05,0.9999924097455389,False
55,z,58,5.86903783300113,0.018406539999217323,0.9975397275259407,False
55,z,59,8.880861457999345,0.00015390033565372506,0.9999794292268088,False
56,x,0,0.028390249999574735,2785.629820069314,-3.2281655137255365,False
56,x,1,0.008559292000427376,0.4661766150140002,0.9992924142781978,False
56,x,2,0.015151333000176237,215.26149053379243,0.6732655559073913,False
56,x,3,0.15219312500084925,0.35672324338672146,0.9994585479718929,False
56,x,4,0.02089983400037454,2.1054781259613207,0.9968042020738163,False
56,x,5,0.15911258300002373,0.35640075279453987,0.9994590374639247,False
56,x,6,0.15958662500088394,3.081308788109206,0.9953230384521449,False
56,x,7,0.012478791999456007,3.103743260557556,0.9952889863099538,False
56,x,8,0.014008250000188127,0.9597242197768949,0.99854328352622,False
56,x,9,0.017768000001524342,10.491242283808338,0.984075878100905,False
56,x,10,0.007148624999899766,30.059718792573012,0.9543738850599027,False
56,x,11,0.04281408400129294,26.538335112662015,0.959718813854363,False
56,x,19,0.01699604200075555,4.885593037121604e-13,0.9999999999999992,False
56,x,20,0.017171124998640153,0.047862478760358707,0.9999273519831537,False
56,x,21,0.023347917000137386,658.8270519856852,-2.319140435247391e-10,False
56,x,22,0.01680425000085961,2243.043689154284,-2.404601682511383,False
56,x,23,0.007061542000883492,1.5911795052603424,0.9975848297351579,False
56,x,24,0.014148749998639687,7.6707915104260325,0.9883568965647578,False
56,x,25,0.013544708001063555,7.93969675315744,0.9879487390035537,False
56,x,26,0.02017241700013983,3.107772009804817,0.9952828712768262,False
56,x,27,0.013493374999598018,32.02769666496066,0.9513867917599045,False
56,x,28,0.019404708000365645,12.401685971875713,0.9811761130066327,False
56,x,29,0.14892233300088265,36.921246662198314,0.9439591216549451,False
56,x,30,0.012995584000236704,33.647630622515514,0.9489279765776072,False
56,x,31,0.01403266600027564,35.191678775152624,0.9465843445905152,False
56,x,33,0.010108292000950314,3.1118910228164998,0.9952766192369317,False
56,x,34,0.01019099999939499,0.0009189653736085799,0.9999986051493013,False
56,x,35,0.00752745799945842,3.1225244220378943,0.9952604793422631,False
56,x,36,0.15084404199842538,0.5939564752669703,0.9990984637415623,False
56,x,37,0.009611040999516263,1.8512314742990446,0.9971901101068197,False
56,x,38,0.00750733300083084,0.05355153073036054,0.9999187168611529,False
56,x,39,0.15251416600040102,0.5941661599259347,0.9990981454719066,False
56,x,40,0.011683041999276611,1225.2537294224483,-0.85975018180223,False
56,x,41,0.014166250000926084,5.215663135850378,0.992083410780811,False
56,x,42,2.666424791999816,0.159278124833663,0.9997582398530988,False
56,x,47,2.8339177500001824,0.0003403952936318099,0.9999994833313346,False
56,x,50,10.53570312499869,811.9976159852879,-0.23248979186004237,False
56,x,51,6.6731891660001565,9.771000967631449e-05,0.9999998516909568,False
56,x,52,6.7219299169992155,17.78394401851621,0.973006657864093,False
56,x,53,5.047363249999762,1.2376153295171414e-07,0.9999999998121487,False
56,x,54,8.58400674999939,2.7839947323554327e-06,0.9999999957743163,False
56,x,55,4.455211583999699,3.3777533478497976,0.9948730803653968,False
56,x,56,10.115121625000029,476.86817385620554,0.27618610600531335,False
56,x,57,5.57342404100018,3.510568315834704,0.9946714872953863,False
56,x,59,8.944267708000552,4.927252719140704e-07,0.9999999992521175,False
56,y,0,0.025441541998588946,1043.3268586126792,-4.299663671715515,False
56,y,1,0.008132250000926433,1.0920995231698603,0.9944525916101334,False
56,y,2,0.013919040999098797,75.46729767761065,0.6166577208254826,False
56,y,3,0.014971874999901047,0.015069575438025007,0.9999234528653818,False
56,y,4,0.019248500000685453,1.5747468201160526,0.9920009453932627,False
56,y,5,0.01871966699945915,0.01769283672680976,0.9999101277962159,False
56,y,6,0.14255187500020838,1.5904585105760936,0.9919211365831424,False
56,y,7,0.013243959001556505,1.9124045308627995,0.9902857855770008,False
56,y,8,0.015764583000418497,0.9545311266445373,0.9951513814739454,False
56,y,9,0.017572708000443527,5.995898208000923,0.9695433471783715,False
56,y,10,0.007071707999784849,19.045395441239023,0.9032573641709907,False
56,y,11,0.044017415999405785,17.513707684037488,0.911037696764025,False
56,y,19,0.01605254199967021,1.9713674182122803e-12,0.99999999999999,False
56,y,20,0.017094834000090486,1.6185664632655252,0.9917783599503693,False
56,y,21,0.021349333999751252,196.8666170899902,-1.4633094735927443e-10,False
56,y,22,0.014281665999078541,21.073136516497065,0.8929572883860348,False
56,y,23,0.0072416249986417824,0.534549007679281,0.9972847148203234,False
56,y,24,0.012882208000519313,4.203986079767567,0.9786455106379918,False
56,y,25,0.012928250000186381,4.3662859152093,0.9778210954178568,False
56,y,26,0.019081959000686766,2.5273205214128227,0.9871622697685338,False
56,y,27,0.01244429199869046,19.881997273316156,0.899007777092359,False
56,y,28,0.018769750000501517,9.394520797647411,0.9522797671952287,False
56,y,29,0.13112554200051818,21.912309776936002,0.8886946395278076,False
56,y,30,0.013210458000685321,20.530378730061265,0.8957142707253368,False
56,y,31,0.013826791999235866,21.248235401441125,0.8920678593525201,False
56,y,33,0.009035375000166823,2.697953454588946,0.9862955259004097,False
56,y,34,0.01082858399968245,0.0002733425520972983,0.9999986115342653,False
56,y,35,0.007621416998517816,2.7487783863845574,0.9860373565238322,False
56,y,36,0.01570575000005192,74.04734031080422,0.6238705098092296,False
56,y,37,0.00975266599925817,0.1100127453015817,0.9994411813087265,False
56,y,38,0.0072159579995059175,2.1922450813547862,0.9888643127307182,False
56,y,39,0.019589333000112674,0.015380900776653179,0.9999218714629923,False
56,y,40,0.01096687500103144,1311.6142321218183,-5.662451215455143,False
56,y,41,0.013408834000074421,6.4204977389299644,0.967386559312214,False
56,y,42,1.3482534169997962,0.6715750246416125,0.996588680017634,False
56,y,47,1.1243104170007427,0.0036891835280265933,0.999981260492088,False
56,y,51,3.0828302090012585,2690.5180346714096,-12.666705279114158,False
56,y,52,6.855604541999128,1.92171976342469e-06,0.9999999902384681,False
56,y,53,6.033373291998942,289.298104584497,-0.4695132618375233,False
56,y,54,8.61291333400004,0.002891575443845981,0.9999853120072514,False
56,y,55,9.635254749999149,0.00012288263745369665,0.9999993758076443,False
56,y,56,9.832214292000572,69.82163643339297,0.6453353164915021,False
56,y,57,4.493878416998996,4.969977052557885,0.97475459716457,False
56,y,58,6.1116050419987005,962.9297525877283,-3.8912800299121653,False
56,y,59,8.927160416998959,0.00024255494534694606,0.9999987679224189,False
56,z,0,0.026126040998860844,4262.057010313549,-3.4847969563098804,False
56,z,1,0.00838475000091421,0.011291405655859703,0.9999881184926445,False
56,z,2,0.014342708000185667,323.649684828722,0.659436014600912,False
56,z,3,0.16716570899916405,1.2159086689290815e-05,0.9999999872054656,False
56,z,4,0.02061379100086924,4.079299152240086,0.9957075120352513,False
56,z,5,0.16483529200013436,1.8557262121819176e-05,0.9999999804729143,False
56,z,6,0.1322939169986057,6.340753403841858,0.9933278716128273,False
56,z,7,0.01466762500058394,5.688764161671877,0.9940139345542086,False
56,z,8,0.014471500000581727,1.854857467028894,0.998048205572476,False
56,z,9,0.018181792000177666,18.20513909392587,0.9808434396348842,False
56,z,10,0.007377541998721426,53.03633040364339,0.9441919306587111,False
56,z,11,0.04302291699968919,47.41988957096877,0.9501018930760886,False
56,z,19,0.013529709000067669,0.0013260037767915658,0.9999986046977579,False
56,z,20,0.016830832999403356,0.23007025366523493,0.9997579060132518,False
56,z,21,0.022905750000063563,950.3344414484974,-4.015010546254416e-11,False
56,z,22,0.016724084000088624,3278.340016685721,-2.4496697939522325,False
56,z,23,0.00785412500044913,0.651396185925919,0.9993145611086565,False
56,z,24,0.013471709000441479,13.268600468043987,0.9860379673829849,False
56,z,25,0.013192166999942856,13.739609584083194,0.9855423427949291,False
56,z,26,0.013553499999034102,6.255585906045398,0.9934174900609076,False
56,z,27,0.013375917000303161,56.15364133118607,0.9409117055172163,False
56,z,28,0.01862687500033644,22.98867724436088,0.975809908341063,False
56,z,29,0.019207916999221197,24.607828232100122,0.974106138681472,False
56,z,30,0.013521791001039674,58.68160844477896,0.9382516239675659,False
56,z,31,0.014164042000629706,60.57031118865316,0.9362642154705412,False
56,z,33,0.009506541999144247,6.337816828496646,0.9933309616569393,False
56,z,34,0.009423458999663126,1.0454322889918712e-11,0.999999999999989,False
56,z,35,0.007447375000992906,6.388937982714649,0.993277168853069,False
56,z,36,0.1420581670008687,0.047279335269316346,0.9999502497929054,False
56,z,37,0.010040625000328873,0.5831913248284782,0.9993863304333546,False
56,z,38,0.007164667000324698,0.1533399085973456,0.9998386463734075,False
56,z,39,0.14550633399994695,0.047418346667224213,0.9999501035166137,False
56,z,40,0.012209749998874031,1129.6418400689276,-0.18867820721354245,False
56,z,41,0.015358083001046907,11.510403570081014,0.9878880496501852,False
56,z,42,6.8301895420008805,0.021111038224250568,0.9999777856749116,False
56,z,47,3.7764346250005474,0.0001911808437783678,0.999999798827828,False
56,z,50,11.151601291001498,27.387701024117874,0.9711809865761855,False
56,z,51,6.711830165999345,0.00040714531332242153,0.9999995715768096,False
56,z,52,5.998991750000641,3.866269947715166e-05,0.9999999593167439,False
56,z,53,5.912431541000842,891.5672176908005,0.06183846565881301,False
56,z,54,9.624487832999876,2.716587653252682e-06,0.9999999971414404,False
56,z,55,10.020126334000452,1.2746799482775525e-06,0.9999999986587038,False
56,z,56,5.430101208999986,13.650632377498287,0.9856359700515115,False
56,z,57,5.928260667000359,0.0003719320862546196,0.99999960863032,False
56,z,58,5.099869084000602,0.09898140562540526,0.9998958457135589,False
56,z,59,8.808787707999727,0.0015238804386899934,0.9999983964798367,False
57,x,0,0.028538874999867403,175.6257478752469,-2.762494279155287,False
57,x,1,0.008812500000203727,0.2477236669652497,0.9946929257751534,False
57,x,2,0.15053908299887553,0.24393336302062965,0.994774126835251,False
57,x,3,0.14823233300012362,0.24397084140403458,0.9947733239222109,False
57,x,4,0.15766979199906928,0.10776709338567805,0.9976912663590032,False
57,x,5,0.16145454199977394,0.24392348885820436,0.9947743383730243,False
57,x,6,0.1367074589998083,0.10788056776392307,0.9976888353561226,False
57,x,7,0.014462374998402083,0.131670075483095,0.9971791840790167,False
57,x,8,0.026016458001322462,8.164957176999794,0.8250791524609956,False
57,x,9,0.03825808399960806,0.4390030369875704,0.9905950782548648,False
57,x,10,0.006852874999822234,1.5881681114567514,0.9659760968651505,False
57,x,11,0.04593775000103051,1.5464435936714818,0.9668699763866151,False
57,x,19,0.06560679100039124,3.303613574555147e-12,0.9999999999999293,False
57,x,20,0.0157731250001234,0.1610434216165326,0.9965499082004866,False
57,x,21,0.03313729100045748,0.2630681441602583,0.9943641954587772,False
57,x,22,0.016732292000597226,115.0556763319143,-1.464879604616244,False
57,x,23,0.00788545800060092,0.275045849343861,0.994107592723837,False
57,x,24,0.02603741699931561,0.37480664080067355,0.9919703810012888,False
57,x,25,0.028521832999103935,0.3768847186233126,0.9919258615842106,False
57,x,26,0.08595462500124995,0.2595541765232843,0.9944394764656409,False
57,x,27,0.013026541999352048,1.6094979025642062,0.9655191409917191,False
57,x,28,0.017813500000556814,1.5585622390606926,0.9666103542383843,False
57,x,29,0.11446441699990828,1.6589530184910557,0.9644596460543258,False
57,x,30,0.021941834000244853,1.6302929701889337,0.9650736406939594,False
57,x,31,0.022845084000437055,8.719403230112158,0.8132010529899698,False
57,x,33,0.009541375000480912,0.1077171352341634,0.9976923366306549,False
57,x,34,0.009889499999189866,1.8149233875667665e-06,0.9999999611182361,False
57,x,35,0.007267417000548448,0.10760424819874499,0.9976947550506764,False
57,x,36,0.14214691599954676,0.25166122526140716,0.9946085700315204,False
57,x,37,0.01308387499921082,0.13959743937240637,0.9970093532789025,False
57,x,38,0.00871000000006461,0.27072939213459796,0.9942000657567068,False
57,x,39,0.14693808300035016,0.25165963008355324,0.9946086042055957,False
57,x,40,0.016348916999049834,1502.572365324988,-31.190154330718883,False
57,x,41,0.013395375000982312,0.030930824832765814,0.9993373576887741,False
57,x,42,6.156374750000396,0.005849911828256945,0.9998746752110459,False
57,x,47,0.6048228750005364,22.92601539730762,0.5088476329936038,False
57,x,50,10.33737920800013,89.40584304367758,-0.9153738961660776,False
57,x,51,7.052158167000016,0.00033149268551839456,0.9999928983116204,False
57,x,52,6.073518415998478,8.760907690385676e-05,0.9999981231188784,False
57,x,53,5.456966959000056,2.582046247186073e-06,0.9999999446838841,False
57,x,54,8.959019500000068,8.163229812322883e-06,0.9999998251161584,False
57,x,55,10.61838225000065,1.5641418130167426e-07,0.9999999966490821,False
57,x,56,2.693151458999637,77.7522071723988,-0.6657138159813032,False
57,x,57,5.466494500000408,1.4555819564328817e-05,0.9999996881653829,False
57,x,59,8.814234082999974,1.3490419650231166e-07,0.9999999971098983,False
57,y,0,0.023978750001333538,3653.331032197141,-3.538374077159612,False
57,y,1,0.008599291999416891,0.010528693001814058,0.9999869206630977,False
57,y,2,0.03214762500101642,0.00021931541128747956,0.9999997275540135,False
57,y,3,0.0388154169995687,0.00021363180021666758,0.999999734614516,False
57,y,4,0.13794749999942724,5.607020974444019,0.9930346419702342,False
57,y,5,0.05024629199942865,0.00015804319653336352,0.9999998036698181,False
57,y,6,0.03669679100130452,3.668340123205111,0.9954429807825692,False
57,y,7,0.013275915998747223,4.639244854693982,0.9942368681073293,False
57,y,8,0.019647667000754154,87.04510591839782,0.8918676548163533,False
57,y,9,0.03622904099938751,14.773428107144873,0.9816476134898937,False
57,y,10,0.007814791999408044,54.02208641408418,0.9328907141414153,False
57,y,11,0.04598512499978824,53.023924714511274,0.9341306869613519,False
57,y,19,0.0125426670001616,2.5565110210903693e-13,0.9999999999999997,False
57,y,20,0.0155272080010036,0.24471534937373526,0.9996960007762524,False
57,y,21,0.029012541001065983,6.5641147329526435,0.9918456860654049,False
57,y,22,0.016909250000026077,1041.548236430911,-0.2938700256479474,False
57,y,23,0.007898959000158357,0.00033627660019127964,0.9999995822582209,False
57,y,24,0.018949125000290223,804.9867581710004,-9.697673775121984e-10,False
57,y,25,0.028453958000682178,11.905193990002681,0.9852106958521931,False
57,y,26,0.012709124999673804,5.603195652998004,0.9930393940005141,False
57,y,27,0.013379292000536225,54.5301740759713,0.9322595389609263,False
57,y,28,0.018056625000099302,53.09872289417608,0.9340377684394283,False
57,y,29,0.12439166600051976,55.6997001211116,0.9308066876756061,False
57,y,30,0.02254687499953434,55.02163456837823,0.9316490189891442,False
57,y,31,0.020238707998942118,596.1010477116893,0.2594896223583084,False
57,y,33,0.008755958000620012,5.663473832096393,0.9929645130431008,False
57,y,34,0.00993245800054865,3.1411521991870424e-05,0.9999999609788339,False
57,y,35,0.007932624999739346,5.6718763821003755,0.9929540749210736,False
57,y,36,0.033626541999183246,0.00021476419815049958,0.9999997332077873,False
57,y,37,0.014171124999847962,0.03623044934090684,0.9999549924902388,False
57,y,38,0.007771665999825927,0.008497041637122886,0.9999894444951309,False
57,y,39,0.04284395799913909,0.00016981436924916462,0.9999997890470027,False
57,y,40,0.013905333000366227,1687.3348674868778,-1.0961026401936982,False
57,y,41,0.014315125001303386,8.309320961135498,0.9896776923535077,False
57,y,42,6.154828832999556,0.0047522741689011985,0.9999940964567116,False
57,y,47,1.311465542001315,0.009258156563049432,0.999988498995197,False
57,y,51,6.88072800000009,528.483556464393,0.34348788770431504,False
57,y,52,6.07340566700077,1.7939683742905978e-05,0.9999999777143119,False
57,y,53,5.360622791999049,0.0009715434285271204,0.9999987930938993,False
57,y,54,8.819489250001425,0.00024935436678477884,0.9999996902379269,False
57,y,55,9.841480582999793,5.281717592953955e-07,0.9999999993438752,False
57,y,56,10.800469334000809,44.82757125506884,0.9443126599990374,False
57,y,57,5.96360737500072,4.856581372315677e-07,0.999999999396688,False
57,y,58,5.291585832999772,0.000155068011337026,0.9999998073657611,False
57,y,59,9.360708291000265,7.852845427794774e-08,0.9999999999024475,False
57,z,0,0.02778404099990439,92.42915149295148,-3.497554947057899,False
57,z,1,0.00829150000026857,6.772654793200969e-06,0.999999670446103,False
57,z,2,0.160649999999805,3.496612452736193e-07,0.9999999829856637,False
57,z,3,0.16347691699957068,2.618479566864277e-07,0.9999999872586132,False
57,z,4,0.07347074999961478,0.0900457632691078,0.9956184194974086,False
57,z,5,0.168534999998883,4.798157775318079e-07,0.9999999766524111,False
57,z,6,0.13791170799959218,0.1389097351900241,0.9932407237694264,False
57,z,7,0.017917999999554013,0.11551539113755155,0.9943790805121516,False
57,z,8,0.014247040999180172,0.04658103188376234,0.9977333909594112,False
57,z,9,0.021469749999596388,0.36618428419416466,0.9821816611717147,False
57,z,10,0.007236125000417815,1.3364981457037908,0.9349666879999198,False
57,z,11,0.04388091600048938,1.3114016347345763,0.9361878713088685,False
57,z,19,0.014098500001637149,8.019565068115392e-07,0.9999999609772091,False
57,z,20,0.031783499998709885,20.550977815382083,-4.841517853293453e-09,False
57,z,21,0.023106374999770196,20.550977716023546,-6.782130412830156e-12,False
57,z,22,0.016765666001447244,0.40012036188294176,0.9805303490950855,False
57,z,23,0.0070881659994483925,0.00042579951168307767,0.9999792808148804,False
57,z,24,0.029987292000441812,0.2947981824886087,0.985655272144996,False
57,z,25,0.0337801669993496,0.2965475652401716,0.9855701480805478,False
57,z,26,0.01158433300042816,0.13753940912758889,0.9933074031304465,False
57,z,27,0.012703207999948063,1.349275058951202,0.9343449699763761,False
57,z,28,0.018197707999206614,1.3135680855353808,0.9360824529277698,False
57,z,29,0.1409486669999751,1.3787172576826834,0.9329123277372321,False
57,z,30,0.013259625000500819,1.3616385896746084,0.9337433669337213,False
57,z,31,0.014034125000762288,1.3816098065980935,0.932771577795531,False
57,z,33,0.009429499999896507,0.13879695491263122,0.993246211599687,False
57,z,34,0.010270582999510225,2.968103474956026e-13,0.9999999999999856,False
57,z,35,0.007191916998635861,0.1389861827033177,0.9932370038727698,False
57,z,36,0.1632713330000115,2.889378632544418e-05,0.9999985940432263,False
57,z,37,0.009410499998921296,0.018069696998351478,0.9991207378428334,False
57,z,38,0.007180415999755496,0.0007205378751745339,0.999964938997787,False
57,z,39,0.1698956670006737,2.9358597905201856e-05,0.999998571425734,False
57,z,40,0.012957291000930127,1423.9693439741425,-68.28961549471852,False
57,z,41,0.013494708000507671,0.19522723549788176,0.9905003431857654,False
57,z,42,7.068531124999936,0.005336144082319931,0.9997403459749656,False
57,z,47,13.63942333399973,6.461941893904996e-09,0.9999999996855652,False
57,z,50,10.265346625001257,14.069279266157242,0.3153961110432776,False
57,z,51,6.896746499998699,0.0005518927586442409,0.9999731451823717,False
57,z,52,5.419786374999603,4.920333052017314e-05,0.9999976057912572,False
57,z,53,1.3481260419994214,7.2921691473936665,0.6451668018812828,False
57,z,54,8.421134166999764,5.901009620004243e-05,0.9999971285990858,False
57,z,55,9.99139649999961,2.0256950807179632e-07,0.999999990143072,False
57,z,56,11.966516542001045,8.973181520695351e-07,0.9999999563369605,False
57,z,57,5.43734462500106,2.8029292707963657e-05,0.9999986361090408,False
57,z,58,5.922605334000764,0.003236395378729948,0.9998425186663392,False
57,z,59,8.971274749999793,0.013179024871268506,0.9993587154317684,False
58,x,0,0.028452167000068584,13.411892723642335,0.9830166713525759,False
58,x,1,0.008086416999503854,0.12921768533771652,0.999836373100921,False
58,x,2,0.017889582999487175,677.9367750954411,0.14153629984494154,False
58,x,3,0.022501665998788667,0.0003967859661823236,0.9999994975544015,False
58,x,4,0.016123082999911276,3.6672539799204213,0.995356197603283,False
58,x,5,0.03328374999910011,3634.6988642131073,-3.602578220487443,False
58,x,6,0.01986787500027276,3.769204865108595,0.9952270983460249,False
58,x,7,0.011638791000223137,6.107050891474668,0.9922667102627786,False
58,x,8,0.014728166999702808,1.5581466754122328,0.998026936420184,False
58,x,9,0.018647041999429348,77.40275496001759,0.9019857634720916,False
58,x,10,0.007184583999332972,31.360642225572434,0.9602883720824648,False
58,x,11,0.04296000000067579,20.678882677539885,0.9738145638493588,False
58,x,19,0.014055542000278365,2.754173860263797e-13,0.9999999999999997,False
58,x,20,0.017242083999008173,0.2916359292122831,0.9996307047086294,False
58,x,21,0.023997666001378093,789.7093086039272,-2.2980506386716115e-11,False
58,x,22,0.017365083000186132,2683.125814818667,-2.3976119891807275,False
58,x,23,0.0073817499996948754,3.8687677530165985,0.9951010229828178,False
58,x,24,0.01542291700025089,10.92336113450562,0.9861678708662213,False
58,x,25,0.013988333999805036,767.2228708582286,0.028474322745187686,False
58,x,26,0.014664540998637676,5.393844398499947,0.9931698356093088,False
58,x,27,0.012946458000442362,39.17031244783411,0.9503990746696644,False
58,x,28,0.017472625000664266,705.3050744682411,0.1068801307011199,False
58,x,29,0.015589667000313057,21.893172503700807,0.9722769223235985,False
58,x,30,0.01279137500023353,41.059454780681314,0.948006875018086,False
58,x,31,0.015616250000675791,46.842744850606,0.940683559961459,False
58,x,33,0.009403666999787674,5.480696650619751,0.9930598555809926,False
58,x,34,0.009742750000441447,0.019835186045730667,0.9999748829273885,False
58,x,35,0.007222165999337449,5.749924390058648,0.9927189355278644,False
58,x,36,0.016664167000271846,788.7569622820779,0.0012059453945236775,False
58,x,37,0.009761625000464846,3.794957879987411,0.9951944875934368,False
58,x,38,0.007693540999753168,17.391862597343106,0.9779768803428585,False
58,x,39,0.17149670800063177,0.00475883090020606,0.9999939739460476,False
58,x,40,0.012198166999951354,1138.8862916054231,-0.4421588795058726,False
58,x,41,0.013122166999892215,241.98125847323172,0.6935818587391678,False
58,x,42,6.745828540999355,5446.585338042597,-5.896949648214727,False
58,x,47,0.651771374999953,0.6305448942084001,0.9992015481046594,False
58,x,50,3.121268250000867,1283.9826954647403,-0.6258928209471306,False
58,x,51,1.169723792001605,34.77188083659451,0.955968759062921,False
58,x,52,6.54694224999912,140.71751553147814,0.821810995512416,False
58,x,53,6.118609084000127,5224.707363116124,-5.615988068410384,False
58,x,54,8.035097334000966,0.0006014199576652455,0.9999992384286837,False
58,x,55,0.905054167000344,26.60445734855102,0.966311075405462,False
58,x,56,2.2565251250016445,16.972945838497182,0.9785073499147522,False
58,x,57,5.617297082999357,6.727335185416737,0.9914812512499516,False
58,x,59,9.619623458000206,0.0778007690335375,0.9999014817627351,False
58,y,0,0.027357709001080366,0.7066269140594537,0.9913455496324038,False
58,y,1,0.008132541999657406,6.722228581648226,0.9176691511998987,False
58,y,2,0.018901084000390256,15.95297097439417,0.8046151473053278,False
58,y,3,0.015469332998691243,15.919395276486656,0.8050263674348141,False
58,y,4,0.014779125000131899,0.05234414670046191,0.999358912304867,False
58,y,5,0.142934832998435,6.08106821872964,0.9255217965324567,False
58,y,6,0.014652249999926426,0.05888844621921143,0.9992787606516412,False
58,y,7,0.013976374999401742,0.006964985886207677,0.9999146959683195,False
58,y,8,0.012153333000242128,0.6998345323329347,0.9914287396855427,False
58,y,9,0.01958737499990093,1.9380554031375623,0.976263564318901,False
58,y,10,0.007318957999814302,1.0932547628348093,0.9866103046801075,False
58,y,11,0.04320495799947821,2.161906495283658,0.9735219362713914,False
58,y,19,0.01844570899993414,1.0628996832304522e-12,0.999999999999987,False
58,y,20,0.017247166999368346,6.306951015994563,0.9227552850694379,False
58,y,21,0.15588400000160618,0.017117797216651416,0.9997903488765195,False
58,y,22,0.012244708001162508,111.41969246240166,-0.36461855500108475,False
58,y,23,0.007760624999718857,10.870128291773621,0.8668675309151291,False
58,y,24,0.018351624999922933,65.33256623972223,0.1998359520993367,False
58,y,25,0.014198541999576264,68.55370160781564,0.16038492693200557,False
58,y,26,0.09229379200041876,16.77074221292073,0.7945994509667644,False
58,y,27,0.01665145799961465,0.6177757924438712,0.9924337584266454,False
58,y,28,0.014241582999602542,50.82017438506932,0.37757723610969074,False
58,y,29,0.014898166000421043,0.016034309153128885,0.999803618953675,False
58,y,30,0.013687583001228631,0.4251763063525823,0.9947926307821093,False
58,y,31,0.017253707999770995,1.5655075857868865,0.9808263633443376,False
58,y,33,0.009377416999996058,0.3401852307018976,0.9958335634599801,False
58,y,34,0.01005812500079628,0.00194405239460613,0.9999761901158498,False
58,y,35,0.008162500000253203,0.4953220264870175,0.9939335173782408,False
58,y,36,0.015836624999792548,79.841210823645,0.02214056298472389,False
58,y,37,0.010513375000300584,27.814152206160987,0.6593447051116238,False
58,y,38,0.007309583999813185,1.1645247415952127,0.9857374218594714,False
58,y,39,0.1588250410004548,7.408704353015441,0.9092615030143456,False
58,y,40,0.012491375000536209,1463.8758418245059,-16.92889651571828,False
58,y,41,0.01270512500013865,23.07985246815856,0.7173282906397837,False
58,y,42,6.8849224589994265,5076.860156550647,-61.17911230649406,False
58,y,47,0.6260622499994497,214.23927561356376,-1.6239068180062919,False
58,y,51,1.5140117090013518,4707.039230082589,-56.649711020843576,False
58,y,52,0.5202083330004825,12.846678501212265,0.8426596280652677,False
58,y,53,6.062889750000977,704.0388523836624,-7.622752945836902,False
58,y,54,10.065075624999736,0.015176362628192015,0.999814126698951,False
58,y,55,9.619164916000955,0.44662644821219033,0.9945299190393094,False
58,y,56,11.661241833000531,220.50040692415703,-1.7005903536803584,False
58,y,57,5.716677999998865,7.608697023635183,0.9068120822417651,False
58,y,58,5.68803674999981,2306.1360983407867,-27.24452339262731,False
58,y,59,8.746803791000275,0.5405827088573446,0.9933791847857737,False
58,z,0,0.026516833999266964,0.18287974852990352,0.9846640958719993,False
58,z,1,0.008183416999600013,0.0026363417257263405,0.9997789220278386,False
58,z,2,0.017370166000546305,10.206831854841662,0.14407693561061408,False
58,z,3,0.16563129099995422,2.0700319954570333e-07,0.999999982641155,False
58,z,4,0.019245416999183362,0.04758474380798354,0.9960096452731321,False
58,z,5,0.060033792000467656,52.658323034035455,-3.415814217172385,False
58,z,6,0.017602249999981723,0.04912258601600638,0.9958806851184085,False
58,z,7,0.012012457998935133,0.09192367069434425,0.9922914778033399,False
58,z,8,0.013346499999897787,0.02051530306563727,0.998279630612462,False
58,z,9,0.01781375000064145,3.0619214896319598,0.7432338200925368,False
58,z,10,0.0072972500001924345,0.36348255709272687,0.9695191310542342,False
58,z,11,0.04374129099960555,0.23171441374908652,0.9805689254119309,False
58,z,19,0.012998500000321656,0.0002998186722833311,0.9999748578481167,False
58,z,20,0.016344083000149112,0.02065134589935496,0.9982682223517225,False
58,z,21,0.02289691700025287,11.92494077984301,-1.014210937455573e-11,False
58,z,22,0.0143884999997681,136.24236879315276,-10.424993323642163,False
58,z,23,0.008077542001046822,0.11308558436142638,0.990516885035293,False
58,z,24,0.014893749999828287,0.15130425564819908,0.9873119490953375,False
58,z,25,0.01364475000082166,11.506417185132687,0.03509649249588409,False
58,z,26,0.09720183399986126,0.07754467231786481,0.9934972698187544,False
58,z,27,0.012984000000869855,0.4640702809809578,0.9610840599082813,False
58,z,28,0.017845333000877872,10.646000902873045,0.1072491595953089,False
58,z,29,0.01558833300077822,0.3110065125030355,0.9739196597913601,False
58,z,30,0.014035915999556892,0.4918811569334726,0.9587518993997942,False
58,z,31,0.019460083000012673,16.193538640376634,-0.35795547663542027,False
58,z,33,0.00957275000109803,0.07585708687767373,0.9936387871202962,False
58,z,34,0.010141209000721574,1.3490334528598695e-13,0.9999999999999887,False
58,z,35,0.007600000000820728,0.07835398053689856,0.9934294029644041,False
58,z,36,0.018881416999647627,11.86691951854152,0.004865538726968599,False
58,z,37,0.010268957999869599,7.645831556021888,0.35883693703340225,False
58,z,38,0.007232040999952005,11.513769591364582,0.03447993545231376,False
58,z,39,0.16226058400025067,0.010761775402067233,0.9990975405579903,False
58,z,40,0.013869332999092876,1443.0440206000758,-120.01058170904466,False
58,z,41,0.013009541999053909,3.762428771251718,0.684490779388222,False
58,z,42,6.730959874999826,6018.481925543551,-503.697007449946,False
58,z,47,0.7313270829999965,0.4725453421607145,0.960373359424622,False
58,z,50,12.561284207999051,5041.1193366080915,-421.7374734791416,False
58,z,51,6.451712832998965,37.36761227365804,-2.1335679534107466,False
58,z,52,6.436275416001081,248.52885785547562,-19.841097867596122,False
58,z,53,1.7273924170003738,1382.4511489706777,-114.92939323619004,False
58,z,54,8.77579708399935,2.5670064079072564e-05,0.9999978473633913,False
58,z,55,9.8617057499996,0.38789054416545815,0.9674723295209103,False
58,z,56,3.3280625410006905,6.498306922340501,0.45506589572414147,False
58,z,57,5.745281166000495,10.452932109174268,0.12343949523429854,False
58,z,58,5.696220874999199,2.955644899632185,0.7521459473695539,False
58,z,59,9.457826625000962,0.7152932806011485,0.940017037081016,False
59,x,0,0.028333000000202446,5.759813816071421,0.9891411417616914,False
59,x,1,0.008013082999241306,3.3356878978235214,0.9937112963775602,False
59,x,2,0.018476708999514813,453.53054999732353,0.1449682044545434,False
59,x,3,0.1532001659998059,2.332688088256046,0.9956022312398563,False
59,x,4,0.15545695799846726,1.074565722850844,0.9979741433968534,False
59,x,5,0.15161591700052668,2.332807742619208,0.9956020056579522,False
59,x,6,0.17684983299841406,1.0572307959283351,0.9980068245771891,False
59,x,7,0.010647625000274274,1.8197510537335306,0.9965692608559034,False
59,x,8,0.013237834000392468,0.7346835569081287,0.9986149162370107,False
59,x,9,0.015809832999366336,31.534692754121043,0.9405482938962115,False
59,x,10,0.008582083000874263,7.353617505031434,0.9861363765260827,False
59,x,11,0.04398633300115762,4.21478509461912,0.9920539525566433,False
59,x,19,0.022657666999293724,6.41325082935424e-13,0.9999999999999988,False
59,x,20,0.017962292000447633,4.222205055101925,0.9920399638581211,False
59,x,21,0.02726629199969466,530.4253626759418,-5.607936337526098e-10,False
59,x,22,0.018060458000036306,1291.6236164927059,-1.4350713749827695,False
59,x,23,0.0070695000013074605,12.634932015875407,0.9761796231627782,False
59,x,24,0.014436916000704514,3.7466750185217177,0.9929364708321615,False
59,x,25,0.014220541999748093,499.54719603848457,0.058213970390739056,False
59,x,26,0.08874179200029175,7.793260054319549,0.9853075274919477,False
59,x,27,0.012624709001102019,10.088359622297252,0.9809806235941283,False
59,x,28,0.017667374999291496,254.14207189054355,0.5208711914699103,False
59,x,29,0.01660858300056134,9.000784675874078,0.9830310062182668,False
59,x,30,0.012725958998998976,11.325548003249683,0.9786481778464273,False
59,x,31,0.0147059579994675,16.540341972796146,0.968816834288188,False
59,x,33,0.009000292000564514,1.0753724825681528,0.9979726224293912,False
59,x,34,0.00938049999967916,0.010770230985628317,0.9999796951055708,False
59,x,35,0.007756625000183703,1.056911387922977,0.9980074267505165,False
59,x,36,0.014965999998821644,528.0381248330505,0.004500609727121185,False
59,x,37,0.010274750000462518,16.28826686877528,0.9692920662848077,False
59,x,38,0.00702087499848858,2.1402102430831693,0.9959651057530766,False
59,x,39,0.15689758299959067,4.551730280162174,0.9914187167450822,False
59,x,40,0.011653167000986286,1279.9600635445252,-1.4130823190751118,False
59,x,41,0.013160083000911982,97.3010289850294,0.8165603760937798,False
59,x,42,0.4051477499997418,2854670.929006283,-5380.852248176143,False
59,x,47,1.393843707999622,1.4138553948136592,0.9973344875733812,False
59,x,50,6.169695541999317,1021.8968248618403,-0.9265610156338457,False
59,x,51,0.770423457999641,36.44426590272445,0.9312923768590089,False
59,x,52,6.6559822500003065,135.6141768748414,0.744329388272964,False
59,x,53,4.382281666999916,206.44533039179996,0.610792874861644,False
59,x,54,9.951584250000451,0.0004563788627139707,0.9999991395983392,False
59,x,55,11.519406417000937,1454.083133893576,-1.7413529537375725,False
59,x,56,1.5607970000000932,281.10113997267393,0.47004581622532704,False
59,x,57,5.519899915998394,5.856288162724755,0.9889592606649416,False
59,x,59,8.638431999999739,0.09307870673516477,0.9998245206331805,False
59,y,0,0.027286417000141228,7.748344655117015,0.9771355734187565,False
59,y,1,0.008276874999864958,2.800577835818154,0.9917358340184527,False
59,y,2,0.014511874998788699,292.2645714193693,0.1375626494487885,False
59,y,3,0.01765545800117252,0.018155873229962906,0.9999464242171764,False
59,y,4,0.015002624999397085,2.841187846062453,0.9916159987969927,False
59,y,5,0.019921000000977074,0.02980387574812009,0.9999120523725762,False
59,y,6,0.020358333000331186,2.9241331163616673,0.9913712373508475,False
59,y,7,0.012592041999596404,4.137213712179999,0.9877915834434929,False
59,y,8,0.013615792000564397,1.6959457195110494,0.9949954695982804,False
59,y,9,0.018951792000734713,30.18104010753603,0.9109394062345177,False
59,y,10,0.007203208999271737,26.634784164499788,0.9214039779923451,False
59,y,11,0.042693167000834364,20.132517025017783,0.9405913807525121,False
59,y,19,0.015410832998895785,1.3033229840789487e-12,0.9999999999999961,False
59,y,20,0.025431916999878013,1.6436904310175684,0.9951496686253528,False
59,y,21,0.022660000000541913,338.88208950546004,-1.0190071009219537e-11,False
59,y,22,0.01845470799889881,1328.9602093686844,-2.921600611356044,False
59,y,23,0.007149791999836452,0.08855744802935585,0.9997386776971321,False
59,y,24,0.014478708000751794,7.078786518990168,0.9791113583801594,False
59,y,25,0.01674504200127558,334.68646704977914,0.012380773673796197,False
59,y,26,0.010724792000473826,4.232349270859715,0.9875108499328505,False
59,y,27,0.01270204199863656,30.94587296857073,0.9086824770997893,False
59,y,28,0.01827887500076031,167.5403176070853,0.5056088155815841,False
59,y,29,0.015418375000081141,12.18030847110145,0.9640573850066829,False
59,y,30,0.013052874999630149,31.872729243870968,0.9059474364941843,False
59,y,31,0.020633250000173575,2.5288560827657793,0.9925376520001928,False
59,y,33,0.009447250000448548,4.754397637450221,0.985970348434652,False
59,y,34,0.009977333998904214,0.006830215105730274,0.9999798448625132,False
59,y,35,0.0070964999995339895,5.137808565269009,0.984838949226207,False
59,y,36,0.017685791999610956,289.61844095499436,0.1453710599442013,False
59,y,37,0.01032883299922105,0.3639941251564344,0.9989258974244071,False
59,y,38,0.007085582999934559,23.09255983675333,0.9318566529417703,False
59,y,39,0.020131457999013946,0.014871143435190401,0.9999561170569473,False
59,y,40,0.01195950000146695,1248.36518228669,-2.68377444827842,False
59,y,41,0.013066583998806891,56.50765667670085,0.8332527494747815,False
59,y,42,0.4024306659994181,2870469.4708530162,-8469.407731111465,False
59,y,47,1.015886541999862,0.26577760633824515,0.9992157224752456,False
59,y,51,8.303204999998343,5602.593565363771,-15.532575013323594,False
59,y,52,0.5722636669997883,26.52336483733328,0.9217327629314673,False
59,y,53,5.390016084000308,468.46169334997126,-0.3823737159977525,False
59,y,54,10.041172207998898,0.0016496636616888573,0.9999951320423451,False
59,y,55,9.882141333000618,0.03267318477665697,0.9999035853891698,False
59,y,56,11.236518625000826,193.59002476791727,0.42873928494597846,False
59,y,57,5.702875541999674,7.469241971430867,0.9779591716328029,False
59,y,58,5.619326083999113,2280.7766739968965,-5.730295712436562,False
59,y,59,9.050465833999624,0.04190169466582137,0.9998763531742637,False
59,z,0,0.02621812500001397,0.08443766706650953,0.9846928266832029,False
59,z,1,0.008101000001261127,0.0009831085616597193,0.9998217784353196,False
59,z,2,0.017051208000339102,4.7204529252040786,0.14425879385125995,False
59,z,3,0.1639469170004304,9.184673309647587e-08,0.9999999833496838,False
59,z,4,0.020601458998498856,0.022210261840199856,0.995973641394763,False
59,z,5,0.17204012500042154,8.051062001465263e-08,0.9999999854047363,False
59,z,6,0.02693600000020524,0.02287153224724476,0.9958537638438835,False
59,z,7,0.012565875000291271,0.041126614761212724,0.992544414809718,False
59,z,8,0.014076375000513508,0.00938954166875505,0.9982978290769721,False
59,z,9,0.0189394999997603,0.39842038307722555,0.9277728759144425,False
59,z,10,0.007724291999693378,0.1821203185589417,0.9669845534872941,False
59,z,11,0.04494608300046821,0.12083780739848159,0.9780940742996446,False
59,z,19,0.013282125000841916,0.00011227620144962263,0.9999796461539661,False
59,z,20,0.016642208000121173,0.006488492030279756,0.9988237421103319,False
59,z,21,0.023509957998612663,5.516215523252863,-8.628431302781792e-12,False
59,z,22,0.013702041998840286,179.78495702577814,-31.59208351622052,False
59,z,23,0.006974958001592313,0.04371183272772281,0.992075756912717,False
59,z,24,0.015969666999808396,0.0708020559214762,0.9871647408221034,False
59,z,25,0.014881375000186381,5.3204674506578655,0.03548593627713392,False
59,z,26,0.05003733299963642,0.03561746689270737,0.9935431335590725,False
59,z,27,0.012327250000453205,0.22692456812510503,0.9588622730256834,False
59,z,28,0.01733037499980128,2.7476238676574405,0.5019005591607307,False
59,z,29,0.01526591699985147,0.14372746791739205,0.9739445517832347,False
59,z,30,0.012807625000277767,0.24213636418825785,0.9561046222415251,False
59,z,31,0.019831749999866588,9.010556421662002,-0.633467072444317,False
59,z,33,0.009523833001367166,0.035302087178288685,0.9936003067628917,False
59,z,34,0.008996084001410054,6.466500543393171e-14,0.9999999999999882,False
59,z,35,0.0068985830002930015,0.03635283698385177,0.9934098229427539,False
59,z,36,0.015812167001058697,5.506354741777345,0.0017875990135700626,False
59,z,37,0.010073499999634805,6.495841283418145,-0.17759018952248184,False
59,z,38,0.007301957999516162,8.407208900414592,-0.5240899970364967,False
59,z,39,0.14942187500128057,0.004011119127348242,0.9992728494543995,False
59,z,40,0.014076665998800308,1452.21147411487,-262.26227972888273,False
59,z,41,0.012947208000696264,1.0091932366634702,0.8170497087327244,False
59,z,42,0.40576354199947673,2956758.362638303,-536011.117401867,False
59,z,47,1.1185137080010463,0.214641336371157,0.9610890228149684,False
59,z,50,10.02723345800041,7613.088443525592,-1379.1288966138713,False
59,z,51,7.391069749999588,13.969404269206171,-1.532425393902861,False
59,z,52,6.534216292000565,103.93874976326288,-17.84240188332379,False
59,z,53,1.6813347499992233,1409.4689608898655,-254.5137584745557,False
59,z,54,9.912054666998301,5.4494521661894587e-05,0.9999901210310886,False
59,z,55,9.533875417000672,0.3451033278797835,0.9374383893399334,False
59,z,56,0.8744368749994464,19.005704857087242,-2.4454246352658346,False
59,z,57,5.624845166999876,4.30500643761305,0.21957247328299234,False
59,z,58,5.16598837499987,2.8199689424793677,0.48878557579621384,False
59,z,59,9.547867416000372,0.6047861224242432,0.890362129637599,False
60,x,0,0.02967999999964377,13.073898488548714,0.9851860828993894,False
60,x,1,0.00919258300018555,1.481908223664901,0.9983208630849235,False
60,x,2,0.014243334000639152,882.5177854621699,2.7013740235837247e-05,False
60,x,3,0.01618649999909394,290.2433312134037,0.6711278849712305,False
60,x,4,0.015097166999112233,2.3666327315056366,0.9973183896813316,False
60,x,5,0.024988875000417465,3418.129727698862,-2.873052132813724,False
60,x,6,0.016920792000746587,2.447293208384919,0.9972269940185281,False
60,x,7,0.010657292001269525,6.715840543104233,0.9923903413236987,False
60,x,8,0.01957462499922258,112.30043147121779,0.8727533884682854,False
60,x,9,0.029545207999035483,682.2792461210745,0.22691550646828662,False
60,x,10,0.007833958001356223,7.852642781657226,0.991102240904649,False
60,x,11,0.044262708999667666,6.5150850550898864,0.9926178155663313,False
60,x,19,0.014229833999706898,1.1593217310391794e-12,0.9999999999999987,False
60,x,20,0.015183166000497295,16.403539251122467,0.9814132968191865,False
60,x,21,0.018355207999775303,5.473260960401363,0.9937982971025504,False
60,x,22,0.014666332999695442,3080.727638659034,-2.49074485231994,False
60,x,23,0.007436292000420508,34.707784793804386,0.9606729203893086,False
60,x,24,0.019863499999701162,7.732740416176198,0.9912381011994157,False
60,x,25,0.01716804100033187,807.2745876762008,0.08528440619761957,False
60,x,26,0.09011795799960964,15.474730772128542,0.9824657213750458,False
60,x,27,0.014509541999359499,13.497981290397302,0.9847055584807638,False
60,x,28,0.024264167001092574,3575.546613245305,-3.0514197937500427,False
60,x,29,0.015306041999792797,19.89018598464726,0.9774626086816893,False
60,x,30,0.01817629200013471,12.024947074668722,0.9863746403370501,False
60,x,31,0.01536583300003258,26.623560061723477,0.9698330829153256,False
60,x,33,0.009170291999907931,2.9141353566703736,0.996698019368019,False
60,x,34,0.00997237499905168,0.1281600685015712,0.9998547829760148,False
60,x,35,0.007763541998428991,3.036696436860219,0.9965591465074652,False
60,x,36,0.019092292001005262,876.9615266759723,0.006322760729579935,False
60,x,37,0.016116082999360515,38.20819364034682,0.9567066385250015,False
60,x,38,0.007671624998693005,156.04463957704866,0.823187218662146,False
60,x,39,0.15439216699996905,5.461068021626833,0.9938121128121016,False
60,x,40,0.016333707999365288,17557.438162682298,-18.894175686684974,False
60,x,41,0.014416125000934699,3640.3279869063176,-3.124822987137117,False
60,x,42,0.23576737500115996,,,False
60,x,47,0.30796908299998904,,,False
60,x,50,0.34016574999986915,,,False
60,x,51,0.23756608300027438,,,False
60,x,52,0.20738033299858216,,,False
60,x,53,0.19864050000069255,,,False
60,x,54,0.24245724999855156,,,False
60,x,55,0.3203236250010377,,,False
60,x,56,0.3390225829989504,,,False
60,x,57,0.219345916999373,,,False
60,x,59,0.25462462500036054,,,False
60,y,0,0.02627550000033807,0.8147222089958968,0.9531303073712718,False
60,y,1,0.008122082999761915,16.078911793309498,0.07500538805043955,False
60,y,2,0.013383209001403884,16.25271872322255,0.06500654759682323,False
60,y,3,0.019007291999514564,16.234450212591973,0.06605750640043173,False
60,y,4,0.01621641700148757,1.3608623751206093,0.9217117190035687,False
60,y,5,0.020266542000172194,174.5175327232893,-9.039720320310764,False
60,y,6,0.0170072920009261,1.4589040067642223,0.9160715374923535,False
60,y,7,0.013252790999104036,2.0243186602729235,0.8835441180540242,False
60,y,8,0.02229487499971583,22.94419580662127,-0.31994364851677726,False
60,y,9,0.028285458998652757,15.434662427037033,0.11206804503957202,False
60,y,10,0.007083125001372537,16.846516631851678,0.030846283946554975,False
60,y,11,0.043230792000031215,16.329319708031246,0.06059981291670913,False
60,y,19,0.013514374999431311,1.9580890235119128e-11,0.9999999999988736,False
60,y,20,0.02726345799965202,17.3827086050972,-4.661186991938848e-10,False
60,y,21,0.022878583000419894,17.373236089569108,0.0005449385159301823,False
60,y,22,0.012635041999601526,424.15580538986427,-23.40101915205518,False
60,y,23,0.007103750000169384,14.28173041626113,0.17839441784520182,False
60,y,24,0.015210833000310231,1.056737874791515,0.9392075251739416,False
60,y,25,0.019712208999408176,15.351151699573306,0.11687228639227831,False
60,y,26,0.011656917000436806,1.5212821680973747,0.9124830195703574,False
60,y,27,0.012641540999538847,17.099734682430366,0.016279046098336747,False
60,y,28,0.023957708001034916,160.4071749003325,-8.22797353503725,False
60,y,29,0.02053850000083912,1.445721713676402,0.9168298941669916,False
60,y,30,0.014092041999901994,15.209572370369795,0.12501712345340177,False
60,y,31,0.021463375000166707,170.40024887634618,-8.802859429272475,False
60,y,33,0.009120124999753898,2.5948511614984078,0.8507222768523532,False
60,y,34,0.010165457999391947,0.0006700696327361011,0.999961451943522,False
60,y,35,0.007998582999789505,3.964782957053099,0.7719122463032861,False
60,y,36,0.01674875000026077,16.016323074379414,0.0786060190212019,False
60,y,37,0.009529458000542945,1.1308692669031606,0.9349428622937008,False
60,y,38,0.007617792000019108,269.81016172701777,-14.521756015265865,False
60,y,39,0.02283391599848983,0.2990958815379274,0.9827934823926326,False
60,y,40,0.011368624998794985,4897.627584888265,-280.75284407258545,False
60,y,41,0.0149394170002779,136.94382217941092,-6.8781636023678345,False
60,y,42,0.23690979200000584,,,False
60,y,47,0.30681245800042234,,,False
60,y,51,0.2687986249984533,,,False
60,y,52,0.2225793750003504,,,False
60,y,53,0.19863616599832312,,,False
60,y,54,0.2542275409996364,,,False
60,y,55,0.25901949999934004,,,False
60,y,56,0.33208025000021735,,,False
60,y,57,0.2056369590009126,,,False
60,y,58,0.20879958300065482,,,False
60,y,59,0.26269308399969304,,,False
60,z,0,0.02841199999966193,6.371863163159545,0.9842523654448323,False
60,z,1,0.008668957998452242,0.548192720538616,0.9986451782770921,False
60,z,2,0.014678957999421982,404.6147525527096,2.1642701093504968e-05,False
60,z,3,0.015951249999488937,137.71724220385752,0.6596410270216013,False
60,z,4,0.014356290999785415,1.4457926121706028,0.9964268200499562,False
60,z,5,0.026519875000303728,1645.5014787457656,-3.0667470853889736,False
60,z,6,0.01729512499878183,1.5264786650676228,0.9962274098551379,False
60,z,7,0.010400458000731305,4.894637654771606,0.9879032297000732,False
60,z,8,0.021029416000601486,46.026750572696116,0.886247957744706,False
60,z,9,0.021624125000016647,315.43439588411513,0.22042494238842825,False
60,z,10,0.007568332999653649,4.574234191241965,0.9886950854767393,False
60,z,11,0.043183040999792865,3.7998230167176326,0.990608991011051,False
60,z,19,0.014525290998790297,0.05874918626700794,0.9998548053070104,False
60,z,20,0.01562687499972526,7.6529725551651335,0.9810861890826121,False
60,z,21,0.020076541000889847,3.340752672047439,0.9917435527299496,False
60,z,22,0.012000750000879634,1554.9689433860624,-2.8430019663097883,False
60,z,23,0.007479291998606641,15.20148887763178,0.9624305347730208,False
60,z,24,0.015983582999979262,366.5489160435622,0.09409881715277679,False
60,z,25,0.017203457999130478,368.3543290345037,0.08963685943735078,False
60,z,26,0.08558533299947158,6.52427295589697,0.9838756948137781,False
60,z,27,0.014080749999266118,7.205202725941745,0.9821928223317704,False
60,z,28,0.023739583999486058,1719.6296463277351,-3.2499499043186644,False
60,z,29,0.01545345800150244,10.699385111966079,0.9735571837633913,False
60,z,30,0.013683000001037726,6.569929425594368,0.9837628578959939,False
60,z,31,0.014408208000531886,28.547732424359133,0.9294461845639191,False
60,z,33,0.008915332999094971,2.3763925816897493,0.9941269043327187,False
60,z,34,0.010149959000045783,4.320997043987049e-12,0.9999999999999893,False
60,z,35,0.007782041999234934,2.552444992541716,0.9936918025488821,False
60,z,36,0.015386290999231278,402.0721556912988,0.0063055011533770244,False
60,z,37,0.014377457999216858,72.51020367227825,0.8207958708916127,False
60,z,38,0.007269166999321897,154.30621836631147,0.6186424795698735,False
60,z,39,0.15522899999996298,2.2959191459373325,0.9943257890584539,False
60,z,40,0.016044416999648092,13597.298719338647,-32.60481631300749,False
60,z,41,0.014584040998670389,1754.0481161066916,-3.33501285531875,False
60,z,42,0.236562165999203,,,False
60,z,47,0.3182622910007922,,,False
60,z,50,0.3323923330008256,,,False
60,z,51,0.23644879200037394,,,False
60,z,52,0.2043032920009864,,,False
60,z,53,0.20463474999996834,,,False
60,z,54,0.24352704099874245,,,False
60,z,55,0.25590366699907463,,,False
60,z,56,0.34095950000119046,,,False
60,z,57,0.19476337500054797,,,False
60,z,58,0.19357400000080816,,,False
60,z,59,0.24866929200106824,,,False
61,x,0,0.028717250001136563,8.097754233544258,0.9509904648715294,False
61,x,1,0.008456166000541998,30.810669013782373,0.813526501075134,False
61,x,2,0.014287707999756094,163.91906720442222,0.007922807893728012,False
61,x,3,0.01613454099970113,98.10314452778937,0.40625642995789657,False
61,x,4,0.032040125001003616,3.8471268555522884,0.9767162730143331,False
61,x,5,0.02079658300135634,1364.3894671025255,-7.257609651807037,False
61,x,6,0.01793429200006358,4.020637632428153,0.9756661445133668,False
61,x,7,0.010380040999734774,18.05983254246986,0.8906975969043363,False
61,x,8,0.020003625000754255,28.28786113676176,0.828795134538848,False
61,x,9,0.023416500000166707,118.63643556655632,0.2819840675911892,False
61,x,10,0.007796584000971052,21.902839077775962,0.8674388070770497,False
61,x,11,0.0426114999991114,13.980340617120016,0.9153876525735409,False
61,x,19,0.01258166699881258,4.38825219922762e-12,0.9999999999999735,False
61,x,20,0.025701667000248563,165.2281380268286,-1.5972156930388337e-10,False
61,x,21,0.02302504099861835,5.156892693566906,0.9687892585610738,False
61,x,22,0.014501958999971976,2236.3234196750636,-12.534761371390209,False
61,x,23,0.0070252500008791685,5.7438448546339735,0.9652368844426564,False
61,x,24,0.018859415999031626,137.4074957031113,0.1683771458905684,False
61,x,25,0.015129375000469736,162.6033836808678,0.01588563758772943,False
61,x,26,0.020877417000519927,827.4051675593685,-4.007652919003266,False
61,x,27,0.01302775000112888,28.946460646655083,0.8248091336199752,False
61,x,28,0.018709875001150067,1368.753919355203,-7.284024355171095,False
61,x,29,0.018057958001008956,11.208284802739449,0.9321647938518212,False
61,x,30,0.012876707998657366,7.59234949036528,0.9540492946162406,False
61,x,31,0.01997816699986288,825.1114788451623,-3.9937709692217984,False
61,x,33,0.009495541999058332,4.019003832238073,0.9756760326608085,False
61,x,34,0.009866250000413856,0.1634450272398731,0.9990107918105363,False
61,x,35,0.00731416700000409,8.335508263111514,0.9495515209213977,False
61,x,36,0.018605749999551335,154.6133081180069,0.06424347578378609,False
61,x,37,0.009590208999725292,26.239850260416002,0.8411901835972615,False
61,x,38,0.008246332999988226,4884.581905302655,-28.562651763888383,False
61,x,39,0.020023708000735496,3.8412498585121524,0.976751841998595,False
61,x,40,0.012138707999838516,2507.429944018111,-14.175562554674936,False
61,x,41,0.016050917000029585,1357.7243417942125,-7.217270727765568,False
61,x,42,0.23211075000108394,,,False
61,x,47,0.30634104199998546,,,False
61,x,50,0.33144116699986625,,,False
61,x,51,0.24365933300032339,,,False
61,x,52,0.21250425000107498,,,False
61,x,53,0.19900991699978476,,,False
61,x,54,0.24201700000048731,,,False
61,x,55,0.31341820799934794,,,False
61,x,56,0.33665491700048733,,,False
61,x,57,0.21826224999858823,,,False
61,x,59,0.2540398750006716,,,False
61,y,0,0.031012875000669737,9.764117873311665,0.9882823636591866,False
61,y,1,0.008205833999454626,37.249629580338386,0.9552977935215802,False
61,y,2,0.01841450000028999,822.4613202657566,0.012987882745554957,False
61,y,3,0.021783083999252995,731.0146904913802,0.1227303465494769,False
61,y,4,0.017721209000228555,0.28760226056866467,0.999654856819237,False
61,y,5,0.047096499998588115,2412.3148094887306,-1.8949494510311706,False
61,y,6,0.018894957998782047,0.22715901378869766,0.9997273930169985,False
61,y,7,0.015006374998847605,7.171703453102971,0.9913934454604127,False
61,y,8,0.019476457999189734,195.18909039372852,0.7657592003083717,False
61,y,9,0.025839124999038177,743.4685392318494,0.10778484174528147,False
61,y,10,0.0077781250001862645,78.83565709364073,0.9053916009107918,False
61,y,11,0.04509416600012628,116.22157778900257,0.8605258353947766,False
61,y,19,0.014221041999917361,6.331693739198654e-13,0.9999999999999992,False
61,y,20,0.016122666998853674,126.70894527810907,0.8479402480427735,False
61,y,21,0.01697470799990697,1.3318632456194766,0.9984016693191997,False
61,y,22,0.014058165999813355,2990.2407531842623,-2.5885017133052,False
61,y,23,0.0074541659996612,192.9143308516258,0.768489073649005,False
61,y,24,0.017165458000818035,563.3651426414406,0.3239217352541167,False
61,y,25,0.015541000000666827,830.4664714475011,0.003381131616781774,False
61,y,26,0.014608290999603923,1090.4766450557802,-0.30864958111981156,False
61,y,27,0.013251750000563334,56.4929628765819,0.93220442405635,False
61,y,28,0.019534917000783025,2214.3691834273513,-1.6574006123612035,False
61,y,29,0.02073904200005927,781.6327509456808,0.06198507161767919,False
61,y,30,0.013598958001239225,130.9540334911975,0.8428458400725867,False
61,y,31,0.017153916000097524,969.9640741316454,-0.1640259193709861,False
61,y,33,0.009099083999899449,0.8053032635817833,0.999033578771871,False
61,y,34,0.010174375000133296,1.1600766469486743,0.9986078254633151,False
61,y,35,0.007330917000217596,2.2007709216359213,0.9973589182695497,False
61,y,36,0.020129790998907993,169.50452341888692,0.7965825085977031,False
61,y,37,0.012488125001254957,44.54898424824046,0.946538048439551,False
61,y,38,0.007677542000237736,4262.54265514367,-4.115354542851081,False
61,y,39,0.15431045799959975,100.92109158770769,0.8788875077414866,False
61,y,40,0.011626375000560074,10052.155225868792,-11.063301662927064,False
61,y,41,0.015438666998306871,84.10837228902264,0.8990639674276854,False
61,y,42,0.23698787500143226,,,False
61,y,47,0.3063925000005838,,,False
61,y,51,0.2688217499999155,,,False
61,y,52,0.22120883299976413,,,False
61,y,53,0.19397887500053912,,,False
61,y,54,0.2535212919992773,,,False
61,y,55,0.25858845800030394,,,False
61,y,56,0.3331538329985051,,,False
61,y,57,0.20564520800144237,,,False
61,y,58,0.20697991700035345,,,False
61,y,59,0.26172308300010627,,,False
61,z,0,0.030160750000504777,27.533030544896747,0.9826094327889413,False
61,z,1,0.00798199999917415,25.329117677612857,0.9840014805979654,False
61,z,2,0.016571541000303114,1560.5604019600516,0.014310084284083424,False
61,z,3,0.020510374999503256,1370.5305356597032,0.13433781449038418,False
61,z,4,0.015094458000021405,4.384825004726645,0.9972304322319664,False
61,z,5,0.02995641599954979,6341.47938425495,-3.0054407839194255,False
61,z,6,0.016191749999052263,4.867727631312026,0.9969254185659141,False
61,z,7,0.016636665999612887,63.89288831365743,0.9596436154488894,False
61,z,8,0.011804374998973799,13.829227550980097,0.9912651057132932,False
61,z,9,0.025779749999855994,1380.496819278563,0.1280428545209168,False
61,z,10,0.006872040999951423,94.23002196693491,0.9404819049017017,False
61,z,11,0.043092500000057044,142.65098168966648,0.9098979866835815,False
61,z,19,0.014762209000764415,2.1919839638030894,0.9986154867919127,False
61,z,20,0.6935836249995191,174.80533200273393,0.8895884755552843,False
61,z,21,0.01963149999937741,13.791136903754516,0.9912891647415796,False
61,z,22,0.011790041999120149,6181.102621011259,-2.9041427130175133,False
61,z,23,0.007307124998988002,250.92555071673078,0.8415089959822807,False
61,z,24,0.017376583000441315,1091.1065745117976,0.31082914437864395,False
61,z,25,0.01591858299980231,1580.9484118167677,0.0014324951231373673,False
61,z,26,0.014896708000378567,3254.4449164784432,-1.055590755344468,False
61,z,27,0.012859833001130028,69.07023383143405,0.9563734714284211,False
61,z,28,0.021206082999924547,5766.21642866886,-2.6420899687289623,False
61,z,29,0.018779916001221864,1466.1328391162926,0.07395295125919132,False
61,z,30,0.013228834000983625,226.65614951281427,0.8568381713202671,False
61,z,31,0.01596916699963913,86.47675785002146,0.9453790650784721,False
61,z,33,0.0087912500002858,7.366354015720614,0.9953472221518824,False
61,z,34,0.009385459001350682,2.263419457940047e-11,0.9999999999999857,False
61,z,35,0.0078148329994292,8.758277055871467,0.9944680479126756,False
61,z,36,0.024251208998975926,1027.3593549102202,0.3510935208406397,False
61,z,37,0.00940683299995726,36.572667080223944,0.976899766848797,False
61,z,38,0.007471041000826517,3965.9204135690957,-1.5049769001424553,False
61,z,39,0.15714529100114305,112.92741141666569,0.9286721548864731,False
61,z,40,0.018876540998462588,2123.178621812493,-0.34105399198624853,False
61,z,41,0.015913999999611406,6445.69264300575,-3.0712645470403777,False
61,z,42,0.23564966699996148,,,False
61,z,47,0.30850275000011607,,,False
61,z,50,0.33159866599999077,,,False
61,z,51,0.23650037500010512,,,False
61,z,52,0.20425695800076937,,,False
61,z,53,0.20574533300168696,,,False
61,z,54,0.24166575000162993,,,False
61,z,55,0.2613498749997234,,,False
61,z,56,0.3460033339997608,,,False
61,z,57,0.20257549999951152,,,False
61,z,58,0.19390587499947287,,,False
61,z,59,0.25172016699980304,,,False
62,x,0,0.02862062499843887,3.7696356396410478,0.9712077277339425,False
62,x,1,0.008095999999568448,3.6698756146424842,0.9719696893863692,False
62,x,2,0.013706583999010036,113.59041995702799,0.13240254208494706,False
62,x,3,0.016125750000355765,0.012852189480580622,0.99990183567482,False
62,x,4,0.016247249999651103,1.7213049068648005,0.9868527666148468,False
62,x,5,0.019728375000340748,0.04132552213441802,0.9996843579065523,False
62,x,6,0.016603541998847504,1.769231703585773,0.9864867043446583,False
62,x,7,0.013461792001180584,2.248760992338952,0.9828240856830189,False
62,x,8,0.0195281670003169,3.4504994101572244,0.9736452729207066,False
62,x,9,0.016490625001097214,10.19805571401908,0.9221078043684827,False
62,x,10,0.007956374998684623,17.309113998585715,0.8677939274314155,False
62,x,11,0.043145458001163206,14.423788714737157,0.8898318852316601,False
62,x,19,0.014031458000317798,3.0727365544589103e-12,0.9999999999999766,False
62,x,20,0.01886541600106284,2.995434843656964,0.977121031362591,False
62,x,21,0.02769050000097195,130.9252567852875,-5.953837423078312e-11,False
62,x,22,0.020249790999514516,587.513116290394,-3.4873932711766455,False
62,x,23,0.008418457999141538,1.4349492419605778,0.9890399356298436,False
62,x,24,0.016065292000348563,3.7871272013474417,0.9710741281356914,False
62,x,25,0.017182042000058573,4.307342008836832,0.9671007556917978,False
62,x,26,0.012249249999513268,2.602716450727065,0.9801205931171066,False
62,x,27,0.013876999999411055,19.08731776253613,0.8542121036663305,False
62,x,28,0.018999333000465413,15.679742197020218,0.8802389807516824,False
62,x,29,0.015384457999971346,5.669285212892921,0.9566983074737988,False
62,x,30,0.014005750001160777,19.559631657498954,0.8506045957905543,False
62,x,31,0.019660625001051812,22.93302208123555,0.824838822961331,False
62,x,33,0.010050167000372312,3.1338358235272676,0.9760639321956556,False
62,x,34,0.010611249999783468,0.001720922489465362,0.9999868556874981,False
62,x,35,0.009175083998343325,3.3960490290078904,0.9740611619744273,False
62,x,36,0.016423832999862498,113.02415292728548,0.13672765890106198,False
62,x,37,0.014346124999065069,0.028529608423035747,0.9997820924004639,False
62,x,38,0.00743812499968044,17.300855427917966,0.8678570059456078,False
62,x,39,0.019743666998692788,0.021505766190570718,0.9998357401259321,False
62,x,40,0.012155583001003833,1317.8494412006005,-9.065662452282123,False
62,x,41,0.013542082999265403,5.854899715676989,0.9552805939832725,False
62,x,42,0.5918739999997342,7023761.148344349,-53646.106152185996,False
62,x,47,0.6308298330004618,0.14182147363053743,0.9989167752875096,False
62,x,50,5.60108183400007,240.27760766186913,-0.8352273165308441,False
62,x,51,6.655390791000173,14.40040411978694,0.8900104954977447,False
62,x,52,6.194229000000632,101.44010572777705,0.22520598221797206,False
62,x,53,6.0843555409992405,4899.965436744706,-36.425669861944215,False
62,x,54,9.508412417000727,0.0006550304048279726,0.9999949969133463,False
62,x,55,1.0023915840010886,29.71601121471963,0.7730307203810032,False
62,x,56,2.0889066669988097,349.8719211684839,-1.672302730428029,False
62,x,57,5.489199584000744,5.73565895526823,0.956191348434657,False
62,x,59,9.585631832998843,0.08192799332334894,0.9993742384369535,False
62,y,0,0.026428999999552616,9.522042892755717,0.9870441958880496,False
62,y,1,0.010302209000656148,1.2892709281177648,0.9982458027358148,False
62,y,2,0.016300208000757266,628.6571427230492,0.14464166078324414,False
62,y,3,0.14745833300003142,0.7255310762645091,0.9990128338417413,False
62,y,4,0.03998212499936926,1.872935232985412,0.9974516621836066,False
62,y,5,0.14556358300069405,0.7258449733329734,0.9990124067496797,False
62,y,6,0.020279791999200825,1.9127541899123524,0.9973974840401454,False
62,y,7,0.011589582998567494,3.455413827685177,0.9952985231025085,False
62,y,8,0.02084604199990281,103.36132946018446,0.85936535338906,False
62,y,9,0.01873295899895311,29.445586574191193,0.959935986855622,False
62,y,10,0.007989707999513485,19.624934459313888,0.9732980822047996,False
62,y,11,0.04431312500128115,13.137958859056026,0.9821243378835975,False
62,y,19,0.013831874999596039,3.747270268358955e-13,0.9999999999999994,False
62,y,20,0.01568420800140302,1.5561894773517724,0.9978826302027072,False
62,y,21,0.02729041699967638,4.86846316795557,0.9933759114676679,False
62,y,22,0.017404000000169617,931.362839378523,-0.2672232881158474,False
62,y,23,0.007728541000687983,8.133839120768283,0.9889330023490059,False
62,y,24,0.014672499999505817,7.242731984502739,0.9901454532516374,False
62,y,25,0.01737183400109643,725.8870965158491,0.012349436379186285,False
62,y,26,0.08843075000004319,4.132530372097633,0.9943772303285553,False
62,y,27,0.013513375000911765,24.23574944895843,0.9670245528293201,False
62,y,28,0.017504249999547028,125.22922511250367,0.8296116360824975,False
62,y,29,0.01647308300016448,15.641610226828004,0.9787178402390482,False
62,y,30,0.014847124999505468,26.50505886724084,0.9639369036112054,False
62,y,31,0.01562158399974578,21.996518626580663,0.9700712767543129,False
62,y,33,0.00932216599903768,2.704633714198514,0.9963200433992593,False
62,y,34,0.010087124999699881,0.009918102020376756,0.9999865053131576,False
62,y,35,0.006972875000428758,2.715508380110699,0.9963052472002789,False
62,y,36,0.020481584000663133,621.8377144870356,0.15392025544789456,False
62,y,37,0.011951000000408385,0.30148289686291535,0.9995897988069523,False
62,y,38,0.00827979099994991,8.76629434354588,0.988072476297173,False
62,y,39,0.14707108299990068,2.041391685932736,0.9972224583425443,False
62,y,40,0.012992624999242253,1651.3184805969067,-1.2468034435481856,False
62,y,41,0.013179333000152837,45.32615047577119,0.9383287039003322,False
62,y,42,0.553315790999477,7085714.152832488,-9639.906430616196,False
62,y,47,0.6299089589992946,0.15088961131847353,0.9997946978113008,False
62,y,51,6.525596208999559,3006.7282541886466,-3.0909900026569863,False
62,y,52,0.7960942910012818,0.49738053663671505,0.9993232581627347,False
62,y,53,5.504841125000894,463.1418556841765,0.3698437167454459,False
62,y,54,8.383645625001009,0.0015226383529077388,0.9999979282802592,False
62,y,55,9.797585041000275,0.0406115328174071,0.9999447434684139,False
62,y,56,11.599419332998878,894.2326648122429,-0.21670353371637785,False
62,y,57,5.910966667001048,7.181518855982558,0.9902287405578509,False
62,y,58,5.995910167001057,2289.470135102981,-2.1150801277235702,False
62,y,59,8.665399333000096,0.18071451645130562,0.999754117692842,False
62,z,0,0.026430374999108608,0.26869343092855874,0.9847404916417525,False
62,z,1,0.008220292000260088,0.002066833286594646,0.9998826213960539,False
62,z,2,0.015131707999898936,15.062807219112292,0.14456028245875363,False
62,z,3,0.1625482090003061,2.113021183350305e-07,0.9999999879998315,False
62,z,4,0.017086292000385583,0.07199306602844997,0.9959114043503018,False
62,z,5,0.166619334000643,2.3704291493496497e-07,0.9999999865379725,False
62,z,6,0.038593082999796025,0.07380852738368185,0.9958083015404248,False
62,z,7,0.012373042000035639,0.12417923837249077,0.9929476722995522,False
62,z,8,0.013348916998438654,0.029862744712909613,0.9983040493361819,False
62,z,9,0.01779441699909512,0.8146636253602021,0.9537340144216272,False
62,z,10,0.007235541999762063,0.6639607984755024,0.9622926570297154,False
62,z,11,0.04373387499981618,0.4730408179915321,0.9731352929210493,False
62,z,19,0.013155082999219303,0.00023770804173179754,0.9999865001989923,False
62,z,20,0.017297665999649325,0.009024552063251761,0.9994874819709484,False
62,z,21,0.021945999998933985,17.60826265258131,-7.172595850590824e-10,False
62,z,22,0.01280229199983296,104.7024439300463,-4.946210939203371,False
62,z,23,0.006764916999600246,0.09773672615643812,0.9944493827610975,False
62,z,24,0.014167291999910958,0.2305604939289354,0.9869061190962808,False
62,z,25,0.01984295900001598,16.971943578700202,0.03613752669770243,False
62,z,26,0.019627083000159473,0.11365255355426272,0.9935454987310108,False
62,z,27,0.01229491699996288,0.7941386303797812,0.9548996600846951,False
62,z,28,0.017350374999296037,2.9107331867760267,0.8346950379890502,False
62,z,29,0.015241125000102329,0.45806642199617803,0.9739857116308076,False
62,z,30,0.013122917000146117,0.8526311068842947,0.9515777834350477,False
62,z,31,0.020419415999640478,13.364235225968715,0.24102476779018334,False
62,z,33,0.010576499998933286,0.11383765195616988,0.9935349867114157,False
62,z,34,0.009324041999207111,1.718750443140556e-13,0.9999999999999902,False
62,z,35,0.007315791999644716,0.11662048667192822,0.9933769452979804,False
62,z,36,0.01949604199944588,14.912280195562436,0.15310894092823368,False
62,z,37,0.009875875000943779,4.56732736290661,0.7406145366923513,False
62,z,38,0.007826834000297822,4.559644034099295,0.74105088461403,False
62,z,39,0.1713190830014355,0.00840171869339947,0.9995228536247331,False
62,z,40,0.013399417000982794,1433.7745177436748,-80.42623420953329,False
62,z,41,0.015462290999494144,1.0553255422375003,0.9400664583544399,False
62,z,42,0.6015254579997418,7142984.012812462,-405659.91947116086,False
62,z,47,0.62430941599996,0.15370026969330552,0.9912711280586778,False
62,z,50,12.425674083999183,1017.4486956801759,-56.78245795650921,False
62,z,51,6.520374665999043,14.223471566065875,0.19222742999107367,False
62,z,52,6.59838070799924,177.63824261304063,-9.08834580931312,False
62,z,53,0.7652138329995068,882.3255506793015,-49.10860916382413,False
62,z,54,9.866180666000218,8.341401945245114e-05,0.9999952627910454,False
62,z,55,8.709740166999836,0.054748197082415066,0.9968907666700634,False
62,z,56,1.1215557920004358,14.521258063043678,0.1753156821902342,False
62,z,57,5.707234375000553,4.423277665850933,0.7487953379446475,False
62,z,58,4.9682856670006,2.2905077660941546,0.8699185823763673,False
62,z,59,9.070738667000114,0.7192665014703883,0.959151762091597,False
63,x,0,0.030807917000856833,1.4651349758348566,0.9926441482496248,False
63,x,1,0.00809004099937738,13.360445477895253,0.9329225922011944,False
63,x,2,0.020257415999367367,187.3207832405273,0.05953790332776021,False
63,x,3,0.016174417000001995,42.868915167270536,0.7847724681542272,False
63,x,4,0.017312374999164604,0.042534814426730225,0.9997864498532127,False
63,x,5,0.15086608300043736,10.570056970711597,0.9469320073904658,False
63,x,6,0.014764040999580175,0.055455553207408054,0.9997215800353846,False
63,x,7,0.0127215000011347,0.03264216856542814,0.9998361168378762,False
63,x,8,0.012062207999406382,1.8526736547736298,0.9906984728566901,False
63,x,9,0.017488667001089198,101.6505525431636,0.4896535765074027,False
63,x,10,0.007415542000671849,4.708019698368301,0.97636293207777,False
63,x,11,0.043789917001049616,9.587221099188316,0.9518664298737981,False
63,x,19,0.020071625000127824,2.05684224125433e-12,0.9999999999999897,False
63,x,20,0.016675083999871276,17.37411151624661,0.9127715939378398,False
63,x,21,0.023815333001039107,0.010728845158547835,0.9999461347959466,False
63,x,22,0.012496334000388742,263.7366520127221,-0.32411535137943615,False
63,x,23,0.007011625000814092,30.400548380947495,0.8473711086632585,False
63,x,24,0.015209040999252466,158.02586600702097,0.20661586663035159,False
63,x,25,0.013564167000367888,180.85572356796408,0.09199636025703106,False
63,x,26,0.014351499999975204,261.1383580628774,-0.31107036548107736,False
63,x,27,0.012582166998981847,2.368638405224593,0.988108021959445,False
63,x,28,0.01758358300139662,386.98138727562053,-0.9428774562780184,False
63,x,29,0.016852041999300127,0.27873894095093527,0.9986005642070463,False
63,x,30,0.012723957999696722,2.363493904121101,0.9881338504244472,False
63,x,31,0.019731374999537366,21.603827086547838,0.8915358981183058,False
63,x,33,0.008921374999772524,0.3740411973684287,0.9981220900178107,False
63,x,34,0.00930687500112981,0.01907278424791709,0.9999042432433131,False
63,x,35,0.007734959001027164,0.8213975132382916,0.9958760943973337,False
63,x,36,0.014653958000053535,195.83112744762548,0.01681089771764055,False
63,x,37,0.01061449999906472,61.46809031117202,0.6913935117479453,False
63,x,38,0.007491708000088693,38.92993876403514,0.8045484798857853,False
63,x,39,0.14803629200105206,16.60543002843407,0.9166308336398918,False
63,x,40,0.014694457999212318,1434.7101146540233,-6.20310079427681,False
63,x,41,0.014832791999651818,412.22718881058614,-1.069626442872091,False
63,x,42,7.309910333000516,1.5502057275608215e-07,0.9999999992217042,False
63,x,47,1.113372416999482,86.51524878883117,0.5656418318217804,False
63,x,50,1.9818440419985563,0.4718962201702704,0.9976307994182195,False
63,x,51,0.4757334999994782,87.5356635834476,0.5605187407230845,False
63,x,52,1.0006339580013446,254.00921835497337,-0.2752778305515442,False
63,x,53,0.5831227090002358,10954.433421095091,-53.997791728380115,False
63,x,54,9.617363875000592,0.00010774127792305818,0.999999459074501,False
63,x,55,2.235159666999607,0.5232831344379242,0.997372806448632,False
63,x,56,1.2802929160006897,24.043068063083556,0.8792894530447976,False
63,x,57,5.561472125000364,6.021863905865253,0.9697666502519745,False
63,x,59,2.0051869159997295,2.671299801530412,0.9865884811672947,False
63,y,0,0.031625833000362036,13.658688586728827,0.9802695878708141,False
63,y,1,0.00795441699847288,0.870684603043685,0.9987422682680327,False
63,y,2,0.015723290998721495,651.4823528812462,0.05891292303654627,False
63,y,3,0.015887833000306273,252.98233390904508,0.6345589345760019,False
63,y,4,0.017169500000818516,3.7151870438571355,0.994633293595731,False
63,y,5,0.029698791000555502,3174.1762684276273,-3.585199051072114,False
63,y,6,0.014061165999009972,3.8518462245648357,0.994435885042232,False
63,y,7,0.010887291999097215,7.840431686973334,0.9886742458858738,False
63,y,8,0.0136506670005474,1.6445247185737744,0.9976244314929604,False
63,y,9,0.01848641700053122,333.1248811659965,0.5187904640949639,False
63,y,10,0.00738091699895449,20.083821396487778,0.9709882782109341,False
63,y,11,0.04499566700178548,10.213076157508816,0.9852468851299383,False
63,y,19,0.012744625000777887,1.1123067743043018e-12,0.9999999999999984,False
63,y,20,0.023776415999236633,692.2657521853708,-4.98541208315828e-10,False
63,y,21,0.023353041999143898,692.2657519118034,-1.0336420608325625e-10,False
63,y,22,0.016627707998850383,2359.8470764204794,-2.408874511193578,False
63,y,23,0.00719908300015959,7.530337230920058,0.9891221872367625,False
63,y,24,0.02382279199991899,649.736762118072,0.06143448467459356,False
63,y,25,0.015879374999713036,633.8688042775094,0.08435625683850745,False
63,y,26,0.015519167000093148,5.278765892109936,0.9923746539850088,False
63,y,27,0.012815416001103586,29.536183396350918,0.9573340392503384,False
63,y,28,0.017436749998523737,3371.3219860675053,-3.8699823400269766,False
63,y,29,0.015561917000013636,21.07736339900797,0.9695530750394945,False
63,y,30,0.013111250000292785,26.269380582559794,0.9620530403060847,False
63,y,31,0.017090624998672865,0.48020006907583157,0.9993063356553472,False
63,y,33,0.009430500000235043,5.2533395274524874,0.9924113831812601,False
63,y,34,0.009887541998978122,0.06822843354808958,0.9999014418474889,False
63,y,35,0.007209874998807209,5.945068319892009,0.9914121588362731,False
63,y,36,0.017423375000362284,642.7800366081486,0.07148369697699375,False
63,y,37,0.009650042000430403,7.195076103204465,0.9896064826490726,False
63,y,38,0.007163459000366856,123.21806254167541,0.8220075712049524,False
63,y,39,0.041323208999529015,2.5980839549181208e-05,0.999999962469847,False
63,y,40,0.012606082998900092,1113.96483048033,-0.609157794559505,False
63,y,41,0.013557292000768939,2958.6245941426,-3.2738277695779354,False
63,y,42,3.2517074169991247,3.728132733762732e-05,0.9999999461459314,False
63,y,47,0.7737379169993801,96.39529756964116,0.8607539123329533,False
63,y,51,6.914244792000318,3985.5981574186467,-4.757323898840502,False
63,y,52,0.4644889579994924,64.58850914257505,0.9066998346070427,False
63,y,53,1.207955583000512,2118.824014054593,-2.060708995674177,False
63,y,54,1.56193466699915,9.220501377787296e-05,0.9999998668069112,False
63,y,55,9.818168333000358,7.887483799083609,0.9886062776063725,False
63,y,56,12.05564908300039,1594.0951551913593,-1.302721391248637,False
63,y,57,5.9144951660000515,11.290183671241799,0.983690968907202,False
63,y,58,0.9460986670001148,12062.98473588073,-16.425366925654977,False
63,y,59,3.1537091249992955,1.62290055948887,0.9976556682817621,False
63,z,0,0.028317874999629566,0.9818089530907181,0.9843769273889432,False
63,z,1,0.007992374999957974,0.05708012263215721,0.9990917103600218,False
63,z,2,0.017473833000622108,58.983265450385744,0.0614265269554235,False
63,z,3,0.015590166998663335,21.2779782032265,0.6614133559904747,False
63,z,4,0.01675699999941571,0.23143427917941103,0.9963172931587909,False
63,z,5,0.033496166000986705,256.62978944350095,-3.0836313643450515,False
63,z,6,0.015346457999839913,0.24319649969824217,0.9961301263737922,False
63,z,7,0.010312041000361205,0.6677124315460218,0.9893750003312661,False
63,z,8,0.01234712500081514,0.14263533180417942,0.9977303098136721,False
63,z,9,0.018473500000254717,31.37598350330165,0.5007284594703534,False
63,z,10,0.007205249999969965,0.9059450847788422,0.9855841141022655,False
63,z,11,0.04413320799903886,0.558528536512712,0.9911123932473662,False
63,z,19,0.01354695800000627,0.006226719671430522,0.9999009170844804,False
63,z,20,0.01790695800082176,0.7784631526403862,0.9876126752353935,False
63,z,21,0.02297783299945877,62.84352495003328,-3.446822827157803e-10,False
63,z,22,0.011956833999647642,301.74556118405604,-3.801537812017698,False
63,z,23,0.007210874999145744,1.782721832561607,0.971632370485368,False
63,z,24,0.016055875001256936,57.63304642845164,0.08291193891270998,False
63,z,25,0.016124375000799773,57.127289709882504,0.09095981208891413,False
63,z,26,0.08936099999846192,0.7381920529747265,0.9882534906529177,False
63,z,27,0.012773500000548665,1.406524644797865,0.9776186226599957,False
63,z,28,0.01961170800132095,267.4294154166895,-3.2554808267279736,False
63,z,29,0.015300667000701651,1.6547979199056957,0.9736679646504266,False
63,z,30,0.012929749998875195,1.3096694909766464,0.9791598340088437,False
63,z,31,0.020843250000325497,78.49855634845919,-0.2491112877250321,False
63,z,33,0.008945666999352397,0.3776514938431468,0.993990606124122,False
63,z,34,0.00921412500065344,4.6348405828166e-13,0.9999999999999927,False
63,z,35,0.007314541999221547,0.4012003859094358,0.993615883476194,False
63,z,36,0.019646875000034925,51.98319811044675,0.1728153669022202,False
63,z,37,0.009859415999017074,19.861590203364994,0.6839516843461146,False
63,z,38,0.007246000001032371,87.9074175743663,-0.3988301527414544,False
63,z,39,0.1475999590002175,0.23733465988358976,0.9962234031246003,False
63,z,40,0.013037917000474408,5225.992717211344,-82.15880949020323,False
63,z,41,0.013436833000014303,245.6526570750514,-2.9089573246415017,False
63,z,42,1.7194897909994324,5.279673339529585e-09,0.999999999915987,False
63,z,47,13.080864666999332,44.143588769255715,0.297563451134072,False
63,z,50,11.986598333000074,5112.31041502926,-80.34983549786818,False
63,z,51,7.659636458000023,76.69785994479487,-0.22045763715853806,False
63,z,52,0.503009583999301,316.01270882440735,-4.028564345882766,False
63,z,53,3.9439290419995814,2798.7746265747783,-43.53560855736155,False
63,z,54,0.45961604100011755,0.0001247576531888563,0.9999980147890601,False
63,z,55,7.938981999999669,20.51214877775721,0.6735996460870624,False
63,z,56,3.481789540999671,50.54324690860856,0.19572864561278647,False
63,z,57,3.135396458001196,6.84945570030382,0.8910077735437232,False
63,z,58,1.0648393329993269,3.8754798682455025,0.9383312780009923,False
63,z,59,2.491982334000568,2.380084755747854,0.9621268100657844,False
64,x,0,0.030038874998354004,17.608393354843077,0.9755741983010925,False
64,x,1,0.008286166999823763,0.43356740036974484,0.9993985691294414,False
64,x,2,0.015712291999079753,711.976540360384,0.012368849408184723,False
64,x,3,0.020550416000332916,630.7480165018084,0.12504646718294,False
64,x,4,0.04374991700024111,3.387683823163339,0.9953007130397603,False
64,x,5,0.02472716700140154,3428.0703001427237,-3.7553097931089745,False
64,x,6,0.019945500000176253,3.393967259073633,0.9952919968578555,False
64,x,7,0.010707917001127498,21.236388364202053,0.9705415593273127,False
64,x,8,0.011485958000776009,2.3541575261037186,0.9967343877580527,False
64,x,9,0.02335266600130126,539.280831287712,0.25192682946098277,False
64,x,10,0.006978457999139209,7.66553306787739,0.9893666169957015,False
64,x,11,0.04247091700017336,15.41006617875094,0.9786236476512105,False
64,x,19,0.013085165999655146,1.7608765229372118e-12,0.9999999999999976,False
64,x,20,0.026134124998861807,720.8931600261919,-1.0253897730905237e-09,False
64,x,21,0.020447208000405226,3.6605055364625736,0.9949222634598405,False
64,x,22,0.01192533299945353,3689.5669101385465,-4.118049550903955,False
64,x,23,0.007196082999143982,48.26847119344688,0.933043516127706,False
64,x,24,0.015179791998889414,539.140338700734,0.25212171629707925,False
64,x,25,0.018815458999597467,676.3223841978572,0.061827157762492146,False
64,x,26,0.015445291999640176,3090.2910133513633,-3.286753138853242,False
64,x,27,0.012720332999379025,7.971400287575519,0.988942327743185,False
64,x,28,0.01968591699915123,3460.893363260089,-3.800840899479616,False
64,x,29,0.018738874998234678,676.2994505423377,0.0618589705980338,False
64,x,30,0.013939417000074172,36.57906272150091,0.9492586907639967,False
64,x,31,0.016778749999502907,34.766172335436266,0.9517734744912519,False
64,x,33,0.009394333001182531,3.4286084052809884,0.9952439437646043,False
64,x,34,0.009829665999859571,0.7723333237890398,0.998928643844321,False
64,x,35,0.0073015829984797165,4.04649008433081,0.9943868380047703,False
64,x,36,0.02122666699870024,624.9201760948076,0.13313066153535225,False
64,x,37,0.009453208000195445,20.369355133833473,0.9717442801732508,False
64,x,38,0.008277082999484264,3277.738422089176,-3.5467742062236267,False
64,x,39,0.14501958300024853,7.746428695682557,0.9892544011607154,False
64,x,40,0.013707791000342695,3191.168801832186,-3.4266875898620457,False
64,x,41,0.016544750000321073,3397.7505362054344,-3.7132511835262747,False
64,x,42,0.23144600000159699,,,False
64,x,47,0.3109092079994298,,,False
64,x,50,0.3306195420009317,,,False
64,x,51,0.23442012499981502,,,False
64,x,52,0.2084718750011234,,,False
64,x,53,0.1969342910015257,,,False
64,x,54,0.24081379199924413,,,False
64,x,55,0.31309608300034597,,,False
64,x,56,0.33420254200063937,,,False
64,x,57,0.21720079199985776,,,False
64,x,59,0.2539059160008037,,,False
64,y,0,0.032304917000146816,348.87854985133845,-0.32955084551176417,False
64,y,1,0.008569750001697685,58.1570937980537,0.7783675343048246,False
64,y,2,0.01881945900095161,257.476217173267,0.018776813914876622,False
64,y,3,0.019889958000931074,254.8138199071148,0.02892301676343023,False
64,y,4,0.020087999999304884,0.6502203157132936,0.9975220575443978,False
64,y,5,0.04832208300103957,330.8269993989644,-0.2607576962138809,False
64,y,6,0.017475624999860884,0.8457770532991948,0.9967768050033241,False
64,y,7,0.0131630830001086,0.5747592512856922,0.9978096341869163,False
64,y,8,0.013329041999895708,7.166995649869675,0.9726870994788194,False
64,y,9,0.017689875001451583,226.3353111511094,0.13745254777528326,False
64,y,10,0.007702292001340538,73.68141281992605,0.719205480660885,False
64,y,11,0.04527258400048595,92.71004141358239,0.6466887574447242,False
64,y,19,0.014678625000669854,6.959285557588627e-13,0.9999999999999973,False
64,y,20,0.016786708001745865,73.19285510136677,0.721067338685887,False
64,y,21,0.16029799999887473,3.4759100920213184,0.9867535587850298,False
64,y,22,0.01650537499881466,1152.7781337268782,-3.393153844044404,False
64,y,23,0.007510790999731398,125.41059610363885,0.5220693156493073,False
64,y,24,0.01636454099934781,177.3319094346851,0.3242009569646329,False
64,y,25,0.014002791998791508,260.1746388468531,0.008493324662836255,False
64,y,26,0.01608841699999175,124.35128303605316,0.5261062809063297,False
64,y,27,0.01332399999955669,60.323543632629914,0.7701113511415233,False
64,y,28,0.021642749999955413,322.1824369276886,-0.22781389572038124,False
64,y,29,0.017762666000635363,212.922379525687,0.18856825721334058,False
64,y,30,0.015084374999787542,65.18169235535484,0.7515972987738062,False
64,y,31,0.01582158300152514,802.5038959885602,-2.0582841332398467,False
64,y,33,0.009568457999193924,1.2856913069751308,0.9951003236943506,False
64,y,34,0.00974050000149873,0.26986179235844177,0.9989715762853453,False
64,y,35,0.007324874999540043,5.831880895018956,0.9777751249591001,False
64,y,36,0.018623250000018743,218.245764415372,0.16828122356199948,False
64,y,37,0.010024125000200002,9.167094658268912,0.9650648672468362,False
64,y,38,0.007737792000625632,3543.912616226916,-12.505593901751963,False
64,y,39,0.04264866700032144,224.3250997056966,0.14511331777115966,False
64,y,40,0.013203208000049926,5542.8522729513725,-20.123407928603072,False
64,y,41,0.013974583000162966,331.11572947823925,-0.26185802560125104,False
64,y,42,0.23652120800034027,,,False
64,y,47,0.3056444170015311,,,False
64,y,51,0.26804654199986544,,,False
64,y,52,0.22218416600117052,,,False
64,y,53,0.19380466599977808,,,False
64,y,54,0.253918958000213,,,False
64,y,55,0.25943316699886054,,,False
64,y,56,0.33074595800098905,,,False
64,y,57,0.20687845799875504,,,False
64,y,58,0.21069841600001382,,,False
64,y,59,0.25447479200011003,,,False
64,z,0,0.028425708998838672,13.624826706725782,0.9828917273314929,False
64,z,1,0.008377459000257659,9.80209110371867,0.9876918179633665,False
64,z,2,0.017727874999764026,784.9960209556666,0.014304823152495372,False
64,z,3,0.019836166999084526,687.9657705461958,0.13614270166872589,False
64,z,4,0.01447629200083611,2.276226271628289,0.9971418132099241,False
64,z,5,0.029465499999787426,3218.504793519498,-3.0413767292355622,False
64,z,6,0.018001542001002235,2.4829160245725475,0.9968822792923727,False
64,z,7,0.010637958999723196,27.52578714753477,0.9654367220903552,False
64,z,8,0.020888209000986535,94.33908683846798,0.8815413321819532,False
64,z,9,0.020487415999014047,618.9745090001652,0.2227728907845351,False
64,z,10,0.008000750000064727,35.03150437051028,0.9560120255721979,False
64,z,11,0.0446276670008956,57.60157159824214,0.927671491590363,False
64,z,19,0.01981083299870079,0.8775459631670097,0.9988980927287979,False
64,z,20,0.015941792000376154,77.13112695993541,0.9031488341346451,False
64,z,21,0.016477541999847745,6.872668164984401,0.9913702035660623,False
64,z,22,0.012859832999311038,3667.179036820898,-3.6047630723401864,False
64,z,23,0.007386540999505087,110.51061740293243,0.8612352424004677,False
64,z,24,0.017457792000641348,570.6650930010544,0.28343352736798144,False
64,z,25,0.018209042000307818,780.3062717766353,0.020193595863429725,False
64,z,26,0.01581879100012884,2778.745013267586,-2.4891840011270614,False
64,z,27,0.0141299999995681,23.955076344324656,0.9699203529912567,False
64,z,28,0.016831500000989763,3269.546946578507,-3.105468779058855,False
64,z,29,0.0177518330001476,770.5786727268562,0.032408240536405786,False
64,z,30,0.014567249998435727,84.342038899648,0.8940943154748006,False
64,z,31,0.014931333000276936,672.9354809286652,0.15501577055967997,False
64,z,33,0.009258417001547059,3.828401560206542,0.9951927948012564,False
64,z,34,0.010046249999504653,8.004893785880307e-12,0.9999999999999899,False
64,z,35,0.007268875000590924,4.491728273397465,0.9943598760036931,False
64,z,36,0.016364125000109198,716.888639311507,0.0998251516665577,False
64,z,37,0.015372333000414073,157.11165965816576,0.8027197577854898,False
64,z,38,0.007217958000182989,2881.332022133237,-2.617999329035322,False
64,z,39,0.1567965419999382,43.4680508735067,0.9454185155730906,False
64,z,40,0.011831083998913527,12698.817468638268,-14.94551156484206,False
64,z,41,0.01385429099900648,3179.0017112037663,-2.991773932954095,False
64,z,42,0.2362567920008587,,,False
64,z,47,0.3064124169995921,,,False
64,z,50,0.33609558299940545,,,False
64,z,51,0.23579658400012704,,,False
64,z,52,0.2002431670007354,,,False
64,z,53,0.20418820899976708,,,False
64,z,54,0.24282966700047837,,,False
64,z,55,0.2600219579999248,,,False
64,z,56,0.34515620800084434,,,False
64,z,57,0.20230295799956366,,,False
64,z,58,0.193120292000458,,,False
64,z,59,0.2493579170004523,,,False
65,x,0,0.03833729100006167,7.81728388607472,0.9855602152813444,False
65,x,1,0.008850624999467982,0.04371389781251899,0.9999192533771544,False
65,x,2,0.1460257089984225,0.04182110427786061,0.9999227496722302,False
65,x,3,0.15088166699933936,0.041651213423650704,0.9999230634880512,False
65,x,4,0.14311125000131142,3.260575680565465,0.9939771905981157,False
65,x,5,0.15962645900071948,0.041822512910411336,0.9999227470702586,False
65,x,6,0.02620879200003401,2.1636268480304888,0.996003432093247,False
65,x,7,0.02610583300156577,2.8064256928602958,0.9948160789061282,False
65,x,8,0.018706749999182648,63.92195843950347,0.8819258284446478,False
65,x,9,0.08141441699990537,9.03797688641418,0.9833053983411704,False
65,x,10,0.00856233300146414,33.50040793150217,0.9381193409926256,False
65,x,11,0.045960125000419794,33.21134137568762,0.9386532935644084,False
65,x,19,0.08003525000094669,7.434423408418682e-12,0.9999999999999862,False
65,x,20,0.015575416999126901,0.0006342885971553293,0.9999988283666136,False
65,x,21,0.02893624999887834,4.238812439196689,0.9921702294586242,False
65,x,22,0.015465624999706051,668.5309408486094,-0.23488452054431197,False
65,x,23,0.008236084000600385,0.06225683470754011,0.9998850015806586,False
65,x,24,0.02065625000068394,541.3712212042444,-1.266697857715826e-10,False
65,x,25,0.020447082999453414,7.350684509779144,0.9864220996188916,False
65,x,26,0.011689708000631072,3.261869895810678,0.9939747999737258,False
65,x,27,0.013451499999064254,33.64612385903274,0.9378501801620501,False
65,x,28,0.017462791000070865,33.54599113104568,0.9380351414678562,False
65,x,29,0.14614158299991686,33.981809367224315,0.9372301148628874,False
65,x,30,0.02855000000090513,33.789811724434706,0.9375847654894701,False
65,x,31,0.024610917000245536,427.1899262954878,0.21091127563200673,False
65,x,33,0.00911774999985937,3.27949481255769,0.9939422439085733,False
65,x,34,0.010650917000020854,4.097309948124745e-06,0.9999999924316074,False
65,x,35,0.007933999999295338,3.2810713289476103,0.9939393318284176,False
65,x,36,0.16045416699853376,0.046437698743858336,0.9999142220773272,False
65,x,37,0.015489708001041436,0.0277771955619348,0.9999486910377252,False
65,x,38,0.011950957999943057,0.044527009268969714,0.9999177514290923,False
65,x,39,0.15245033300016075,0.046694827473389884,0.999913747119074,False
65,x,40,0.013051416999587673,1637.974117865873,-2.0256024958803542,False
65,x,41,0.01602116600042791,2.445162297108407,0.9954833906908109,False
65,x,42,6.71182837500055,0.00036641770192965493,0.9999993231673802,False
65,x,47,15.377619291000883,3.649030055733485e-06,0.9999999932596527,False
65,x,50,9.980481209000573,33.971153409646554,0.9372497981359572,False
65,x,51,6.809027541001342,0.0007696964642011343,0.999998578246434,False
65,x,52,6.487079000000449,0.00010534279406972376,0.9999998054148614,False
65,x,53,5.722122541001227,1.8789942727239761e-06,0.9999999965291944,False
65,x,54,10.007571416999781,3.131735971055571e-07,0.9999999994215178,False
65,x,55,10.594624417000887,2.362130854196352e-07,0.9999999995636764,False
65,x,56,1.6568880419999914,101.86833989017985,0.8118327389540874,False
65,x,57,5.362796166999033,8.178349522750751e-05,0.9999998489326879,False
65,x,59,0.611184792000131,1.1705674265956945e-10,0.9999999999997837,False
65,y,0,0.025330709000627394,1443.4271234475623,-3.658613125100705,False
65,y,1,0.014275166000516037,0.0698824952147067,0.9997744565665051,False
65,y,2,0.021971750000375323,0.0019353988774159108,0.9999937535643704,False
65,y,3,0.02103208399967116,0.0017981881408306278,0.9999941964074679,False
65,y,4,0.14365745800023433,2.4396841243460745,0.9921260004761222,False
65,y,5,0.03055287499955739,0.001503759177226028,0.9999951466671742,False
65,y,6,0.04028591700080142,1.5770252288257751,0.994910203424697,False
65,y,7,0.027049583999541937,1.9378441344506379,0.9937456723844921,False
65,y,8,0.024468875000820844,30.9212470879278,0.9002027014815648,False
65,y,9,0.05193233299905842,6.17503911309816,0.980070266248302,False
65,y,10,0.007977249999385094,22.912139365705613,0.9260518307856984,False
65,y,11,0.04524225000022852,22.73236269536926,0.9266320540213652,False
65,y,19,0.04355595900051412,1.4184118815667354e-11,0.9999999999999543,False
65,y,20,0.016362792001018533,0.19413673944047577,0.9993734301179948,False
65,y,21,0.031059041999469628,2.6127450692724663,0.9915674520212817,False
65,y,22,0.01760320799985493,407.6640930137643,-0.31572232743566864,False
65,y,23,0.007953125001222361,0.05469025653296389,0.9998234890125308,False
65,y,24,0.01923479099968972,309.8405222367981,-9.203393602774668e-11,False
65,y,25,0.027448790999187622,4.925253115241515,0.9841039090686445,False
65,y,26,0.011717167000824702,2.450371634061257,0.9920915068932976,False
65,y,27,0.013784208000288345,23.0027245747391,0.9257594700305981,False
65,y,28,0.01816329100074654,22.934803200060333,0.9259786840126644,False
65,y,29,0.11905724999996892,23.211763363604522,0.9250848042787605,False
65,y,30,0.029291208000358893,23.09196056090385,0.925471463847518,False
65,y,31,0.026400125001600827,225.23618971638146,0.2730576746027682,False
65,y,33,0.008686790999490768,2.4862214090973107,0.9919758029344334,False
65,y,34,0.009698042000309215,2.3418777784343725e-06,0.9999999924416673,False
65,y,35,0.009220208001352148,2.4881922541925428,0.9919694420973125,False
65,y,36,0.022222583998882328,0.0019174055670719032,0.9999938116371823,False
65,y,37,0.016548625000723405,0.09672691204568096,0.999687817102307,False
65,y,38,0.007977207998919766,0.06812348620190485,0.9997801337097021,False
65,y,39,0.030661000000691274,0.0015010258754532707,0.9999951554888148,False
65,y,40,0.013112000000546686,1609.6184832410681,-4.194990221966661,False
65,y,41,0.015060708999953931,2.570201791593696,0.9917047590377286,False
65,y,42,6.867279541000244,0.00036253725889072295,0.9999988299230317,False
65,y,47,14.13448766699912,2.5505143253869537e-09,0.9999999999917683,False
65,y,51,7.4893408749994705,89.77904603863217,0.7102411092043003,False
65,y,52,6.379249208001056,1.1810039207937876e-06,0.999999996188349,False
65,y,53,5.25013970800137,0.00081862136961668,0.9999973579267044,False
65,y,54,0.8533663329999399,0.06542518312308859,0.9997888423933164,False
65,y,55,9.289098708000893,6.972146072278552e-09,0.9999999999774977,False
65,y,56,4.99392729200008,31.9432147870848,0.8969043346576476,False
65,y,57,5.833758000000671,3.7680466844457014e-08,0.9999999998783875,False
65,y,58,5.866336792001675,2.5876491860575334e-06,0.9999999916484481,False
65,y,59,9.172341999999844,6.930100911018308e-10,0.9999999999977633,False
65,z,0,0.027171417001227383,26.93652018600423,-3.49899388738797,False
65,z,1,0.008192999999664607,3.8227909525181867e-07,0.9999999361509467,False
65,z,2,0.1625719579988072,7.091695785349557e-08,0.9999999881553016,False
65,z,3,0.16766433399970992,8.55823927077855e-08,0.9999999857058499,False
65,z,4,0.09482954099985363,0.02629550860643167,0.995608069206075,False
65,z,5,0.1669326249993901,1.3810502829632468e-07,0.9999999769334096,False
65,z,6,0.1573337089994311,0.04050254893542822,0.9932351796436274,False
65,z,7,0.02274299999953655,0.03341985776106065,0.9944181455233958,False
65,z,8,0.012142375000621541,0.013871082506636873,0.9976832228150525,False
65,z,9,0.024408791001405916,0.10692999593065272,0.9821403286412479,False
65,z,10,0.007238583999424009,0.39610116961682207,0.9338423549668737,False
65,z,11,0.04287566600032733,0.39280321727384715,0.9343931858585214,False
65,z,19,0.012557416999698034,4.5321579290546226e-08,0.9999999924302951,False
65,z,20,0.026680208999096067,5.987232004346229,-1.456414988609822e-10,False
65,z,21,0.022162917000969173,5.987232008538737,-8.458831413094003e-10,False
65,z,22,0.01121679100106121,0.003228775472279528,0.9994607231738463,False
65,z,23,0.007463208999979543,2.4269622896331744e-05,0.9999959464368706,False
65,z,24,0.02622716700170713,5.987232004235491,-1.2714562735993695e-10,False
65,z,25,0.038306959000692586,0.08637627337263112,0.9855732543314658,False
65,z,26,0.011504125001010834,0.04015802405878723,0.9932927229084351,False
65,z,27,0.01264791700123169,0.3977633669163921,0.933564731300611,False
65,z,28,0.018028541000603582,0.39658304094937064,0.9337618718100045,False
65,z,29,0.1446616660014115,0.4015958278384484,0.9329246256691887,False
65,z,30,0.013537500000893488,0.3994018278704894,0.933291072128368,False
65,z,31,0.015193999999610242,0.4025880095889971,0.9327589093999722,False
65,z,33,0.009815667001021211,0.04049449498189751,0.9932365248317754,False
65,z,34,0.009651750000557513,4.8435664011642796e-14,0.9999999999999919,False
65,z,35,0.007196250000561122,0.040518833147779876,0.9932324598204533,False
65,z,36,0.16527033300008043,2.0142199198694743e-06,0.9999996635807801,False
65,z,37,0.009926249998898129,0.0035439046408462355,0.9994080896416258,False
65,z,38,0.0070429999996122206,6.154025834099964e-05,0.9999897214174588,False
65,z,39,0.17380662499999744,1.880049398203589e-06,0.999999685990221,False
65,z,40,0.018819500000972766,1441.4468820248287,-239.75347024942312,False
65,z,41,0.01304820899895276,0.03449127813835143,0.9942391946531658,False
65,z,42,6.445069458000944,0.00037943929717908914,0.9999366252557177,False
65,z,47,13.603240375001405,9.706028073597469e-10,0.9999999998378879,False
65,z,50,10.589554082998802,12.557330686295199,-1.0973516107290475,False
65,z,51,6.673810250000315,6.310371037037355e-05,0.9999894602864339,False
65,z,52,6.258626458000435,4.8092592007576045e-05,0.9999919674747897,False
65,z,53,1.2700970829992002,4.783345432222189,0.20107565074369338,False
65,z,54,9.513569791000918,2.0913244501513554e-09,0.9999999996507026,False
65,z,55,8.619639542001096,9.486834069036604e-08,0.9999999841548916,False
65,z,56,11.98725899999954,5.447862745182708e-07,0.9999999090086581,False
65,z,57,5.391790958999991,5.164924431981947e-05,0.9999913734352887,False
65,z,58,5.36909554200065,0.003901491658539617,0.9993483647107252,False
65,z,59,9.28891004200159,0.02232678497349367,0.9962709337202003,False
66,x,0,0.026214749999780906,40.920511345237415,-4.803988725473679,False
66,x,1,0.010753958998975577,0.1004305914332505,0.9857553583469801,False
66,x,2,0.013616666999951121,0.002299558574713412,0.999673840536141,False
66,x,3,0.01603400000021793,0.0010721181967727992,0.999847935381991,False
66,x,4,0.1615516249985376,0.14010222220932125,0.9801285054515491,False
66,x,5,0.023772500000632135,0.001647761849970483,0.9997662885705701,False
66,x,6,0.06598570899950573,0.07743263478821939,0.9890172892634966,False
66,x,7,0.014300458000434446,0.08431853743646975,0.9880406225498778,False
66,x,8,0.02449312499993539,0.29197231425267206,0.9585879070333221,False
66,x,9,0.021876124999835156,0.26055498313858405,0.9630440056884007,False
66,x,10,0.008704375000888831,0.9708918941298453,0.8622928838879415,False
66,x,11,0.04431737500090094,0.9660573002759117,0.8629786018151624,False
66,x,19,0.02372270900013973,5.6037384461044495e-12,0.9999999999992052,False
66,x,20,0.019976499999756925,0.11672278472283044,0.9834445439642325,False
66,x,21,0.033571042000403395,0.06546826607501188,0.9907142636862503,False
66,x,22,0.02005045799887739,12.84794899381997,-0.8222976364216665,False
66,x,23,0.007412542001475231,0.09785147643084917,0.9861211688880398,False
66,x,24,0.018658791999769164,7.0504119323776635,-4.943170317517342e-10,False
66,x,25,0.017596082998352358,7.0504119292910605,-5.6526561209579995e-11,False
66,x,26,0.023361042000033194,0.13105403256967282,0.9814118616200829,False
66,x,27,0.014302999999927124,0.9733231848689627,0.8619480401024098,False
66,x,28,0.01957508299892652,0.97132307784332,0.8622317266509143,False
66,x,29,0.1036675830000604,0.9789219043680539,0.8611539418914743,False
66,x,30,0.025840833999609458,0.9757133468813223,0.8616090298379789,False
66,x,31,0.024277832999359816,0.13574957175798644,0.9807458666065048,False
66,x,33,0.009546833000058541,0.14109027625823237,0.9799883641294708,False
66,x,34,0.009542750000036904,4.2056648809973195e-08,0.9999999940348664,False
66,x,35,0.008242500000051223,0.14130206145106977,0.9799583254317361,False
66,x,36,0.01464045800094027,0.0022776496682033183,0.9996769480008864,False
66,x,37,0.01508020899927942,0.13592573813761658,0.9807208799275126,False
66,x,38,0.007520749999457621,0.09669101166895362,0.9862857642015618,False
66,x,39,0.07203479200143192,0.001631272922162528,0.999768627288928,False
66,x,40,0.017644792000282905,1492.694186721041,-210.71730131171432,False
66,x,41,0.014381875000253785,0.25872863067381796,0.9633030476398762,False
66,x,42,6.225186125000619,0.00020673988156297694,0.999970676907442,False
66,x,47,1.2093503330015665,2.6976338175465624e-06,0.9999996173792617,False
66,x,50,10.304863375000423,33.0735894481209,-3.6910151891388967,False
66,x,51,6.774869834000128,0.000778543390009171,0.9998895747655795,False
66,x,52,6.470349166000233,0.0002084260535962455,0.9999704377480779,False
66,x,53,5.9074687079992145,1.9269668534118446e-06,0.9999997266873378,False
66,x,54,9.519994958000098,2.810406268705134e-05,0.9999960138410393,False
66,x,55,10.300837125001635,1.522011781644629e-06,0.9999997841244176,False
66,x,56,2.6208667920000153,87.2444239094608,-11.374372559982463,False
66,x,57,5.496024624999336,7.518306131624578e-05,0.9999893363590561,False
66,x,59,8.737437625000894,1.3836869046883535e-09,0.9999999998037438,False
66,y,0,0.028523249999125255,3788.0363874859177,-3.487535408651307,False
66,y,1,0.008002208000107203,0.0012459866382769015,0.9999985239293961,False
66,y,2,0.16176016600002185,0.0009273990049581936,0.9999989013474405,False
66,y,3,0.13349708399982774,0.0016580587809862618,0.9999980357639874,False
66,y,4,0.020177291000436526,3.6636444248087434,0.9956598267811391,False
66,y,5,0.16591683299884608,0.001002275484691276,0.9999988126442656,False
66,y,6,0.1626977079995413,5.609894606908694,0.9933541819264273,False
66,y,7,0.029618459000630537,4.657761147725977,0.994482136405946,False
66,y,8,0.011455707999630249,1.9349092782153345,0.9977077902611484,False
66,y,9,0.03982620799979486,14.953848990454095,0.9822847723791732,False
66,y,10,0.00756816700049967,55.508523025417354,0.9342412698617661,False
66,y,11,0.044366874999468564,55.092853551675326,0.9347336968848736,False
66,y,19,0.06904749999921478,3.094846026503187e-14,1.0,False
66,y,20,0.02554020899879106,844.1240108334512,-1.113917846851109e-10,False
66,y,21,0.021190207999097765,844.1240112686214,-6.269200714115186e-10,False
66,y,22,0.016567042001042864,707.804755154535,0.16149197730494258,False
66,y,23,0.007085249999363441,0.006511934125955042,0.9999922855717369,False
66,y,24,0.023660750000999542,12.055024087582497,0.9857188944583832,False
66,y,25,0.018477540999811026,844.124010755789,-1.9388046723634034e-11,False
66,y,26,0.01223612499961746,5.579893766822362,0.9933897227234011,False
66,y,27,0.01453804199991282,55.717852665172124,0.9339932853984745,False
66,y,28,0.019734041999981855,55.60689338718076,0.9341247344232382,False
66,y,29,0.14041462500063062,56.20142723709523,0.9334204139177787,False
66,y,30,0.012714458000118611,55.92451395012904,0.933748462028534,False
66,y,31,0.014084124999499181,55.95688563411807,0.9337101125874836,False
66,y,33,0.009587665999788442,5.624163218978086,0.9933372784716176,False
66,y,34,0.010027041998910136,5.1173316615999506e-06,0.9999999939377016,False
66,y,35,0.007758959000057075,5.627119213898302,0.9933337766225022,False
66,y,36,0.16509633299938287,0.00180977008784504,0.9999978560376618,False
66,y,37,0.009528874999887194,0.006748920283654885,0.9999920048237015,False
66,y,38,0.007252166999023757,0.0005072440641253152,0.9999993990882173,False
66,y,39,0.13669137499891804,0.002097352319145834,0.9999975153504788,False
66,y,40,0.0177947080010199,1165.7864200628026,-0.38106060866769553,False
66,y,41,0.013200499999584281,4.387448556789907,0.9948023649357555,False
66,y,42,6.262878375000582,0.00021521883611260904,0.999999745038841,False
66,y,47,4.6406135839988565,5.7731253758891215e-08,0.999999999931608,False
66,y,51,7.550614166999367,89.59072195449268,0.8938654500823707,False
66,y,52,6.25772733300073,4.754781741423402e-05,0.9999999436719998,False
66,y,53,5.51774608300002,7.469112855319436e-05,0.9999999115164033,False
66,y,54,0.9267764579999493,0.055744175561436425,0.9999339621017146,False
66,y,55,9.673831707999852,1.4271606170318722e-09,0.9999999999983094,False
66,y,56,9.89207987500049,30.75596168370682,0.9635646406305092,False
66,y,57,5.757283041999472,2.1138885883346813e-08,0.9999999999749576,False
66,y,58,5.514178666999214,6.426323923330385e-06,0.9999999923869908,False
66,y,59,9.400290707999375,1.0168226425946221e-07,0.9999999998795411,False
66,z,0,0.03560699999979988,17.336844658333984,0.984942460581986,False
66,z,1,0.00856904099964595,5.8894112966591867e-05,0.999999948848799,False
66,z,2,0.16328224999961094,1.8900961544719273e-05,0.9999999835839809,False
66,z,3,0.1643193749987404,1.8519467041571863e-05,0.9999999839153196,False
66,z,4,0.09129029099858599,5.057736566733511,0.9956072128913659,False
66,z,5,0.16565387499940698,2.0470469755722957e-05,0.9999999822208187,False
66,z,6,0.047235874999387306,5.060926655557535,0.9956044422090901,False
66,z,7,0.04617516700091073,6.423105299766919,0.9944213515698312,False
66,z,8,0.02439908299857052,127.97026465878731,0.8888542094938199,False
66,z,9,0.0945284579993313,20.568957859965145,0.9821352789467944,False
66,z,10,0.007645749999937834,76.27989220667145,0.9337487584194463,False
66,z,11,0.05271579199870757,75.71104842844781,0.9342428153128486,False
66,z,19,0.013034208999670227,6.9837218955838345e-06,0.9999999939344402,False
66,z,20,0.016057834000093862,0.10095855840850439,0.9999123146395563,False
66,z,21,0.026600999999573105,9.303597394647152,0.9919195628004955,False
66,z,22,0.016582958000071812,1323.5845368349512,-0.14957056657282908,False
66,z,23,0.007733249998636893,0.003742462100576198,0.9999967495659268,False
66,z,24,0.021697124999263906,1151.3730219107704,-2.2641821750823965e-10,False
66,z,25,0.018878667000535643,1151.373022066593,-3.617541821654413e-10,False
66,z,26,0.020307666000007885,7.723995748189638,0.9932914914602393,False
66,z,27,0.013559957998950267,76.56635529746873,0.9334999571314095,False
66,z,28,0.017585999999937485,76.41379693453358,0.9336324583799767,False
66,z,29,0.10546916699968278,77.23501108756436,0.9329192106856249,False
66,z,30,0.026930459000141127,76.83453870682519,0.9332670322631752,False
66,z,31,0.021889249999730964,989.9397095424304,0.14020939267474908,False
66,z,33,0.009231750000253669,7.788203316644207,0.9932357253729268,False
66,z,34,0.009908957999869017,7.96503323655705e-12,0.9999999999999931,False
66,z,35,0.008242792000601185,7.792393812808808,0.9932320858086103,False
66,z,36,0.16456379200099036,0.0002879799038587156,0.999999749881317,False
66,z,37,0.016501041000083205,0.0005708381632257159,0.9999995042109269,False
66,z,38,0.00774762500077486,4.4146719835628855e-05,0.9999999616573265,False
66,z,39,0.17651029199987534,0.00032519132126623997,0.9999997175621496,False
66,z,40,0.01258570900063205,1725.7653866065177,-0.49887599774854396,False
66,z,41,0.016667249999954947,6.149386799601453,0.9946590838208207,False
66,z,42,6.263857791000191,0.018258481129120728,0.9999841419932674,False
66,z,47,0.6476138750003884,2.616143435480923e-10,0.9999999999997727,False
66,z,50,7.0381991250014835,10.244533386505012,0.991102333306522,False
66,z,51,6.956989667000016,1.6696248435669927e-06,0.9999999985498836,False
66,z,52,6.224762999998347,4.6214441503652446e-05,0.9999999598614518,False
66,z,53,1.3602073749989358,4.475001435062085,0.9961133348177216,False
66,z,54,10.03723487499883,1.419880568265922e-07,0.9999999998766793,False
66,z,55,8.874618791000103,6.646843906694488e-08,0.9999999999422703,False
66,z,56,11.985648875001061,3.1259029494282213e-07,0.9999999997285065,False
66,z,57,5.5659749589995045,5.924421261774022e-05,0.9999999485447275,False
66,z,58,5.1766044159994635,0.003639296794704398,0.9999968391679097,False
66,z,59,9.095166958000846,0.0026536265631781253,0.9999976952503548,False
67,x,0,0.03027500000098371,6.6377230666676805,0.9895159575006875,False
67,x,1,0.008197834000384319,6.977529370799759,0.9889792457851981,False
67,x,2,0.019675707999340375,594.7512085892072,0.060612067611157006,False
67,x,3,0.015540249998593936,184.43033227436138,0.7086989887486479,False
67,x,4,0.1532143750009709,0.8178240814183141,0.9987082765670645,False
67,x,5,0.14720020900131203,3.7347038405098716,0.9941011709297014,False
67,x,6,0.05277979199854599,0.813330219990329,0.9987153744579714,False
67,x,7,0.011120999999548076,2.34035010607282,0.9963035020098155,False
67,x,8,0.0121242910008732,1.7071936495260074,0.9973035496364611,False
67,x,9,0.018104083001162508,286.8126914382358,0.546989771013418,False
67,x,10,0.007219166998766013,2.995463876156258,0.9952687736039365,False
67,x,11,0.042675542001234135,5.350782575829429,0.9915486332638251,False
67,x,19,0.018906500001321547,5.042615900054871e-13,0.9999999999999992,False
67,x,20,0.016770958000051905,17.80627892137933,0.9718756291741362,False
67,x,21,0.021886249998715357,2.7505233043662263,0.9956556483407493,False
67,x,22,0.01646341599916923,1356.621851329605,-1.1427349411815348,False
67,x,23,0.007015166000201134,36.28338574623968,0.9426917100394347,False
67,x,24,0.015414624998811632,558.0619309819883,0.1185614490239999,False
67,x,25,0.015942666999762878,576.1008922566957,0.09006956487216178,False
67,x,26,0.08929600000010396,25.37674913074966,0.9599183464406366,False
67,x,27,0.013871041999664158,4.233484125276047,0.9933133655857925,False
67,x,28,0.020569457999954466,130.7330755109716,0.793511855502744,False
67,x,29,0.015636166001058882,9.437007061514329,0.9850945901018288,False
67,x,30,0.013093374998788931,4.589802287893512,0.9927505739895421,False
67,x,31,0.016771166998296394,5.704470525258312,0.9909899959937757,False
67,x,33,0.00906100000065635,0.8185770411574157,0.9987070872945044,False
67,x,34,0.010196834000453237,0.059095869315787974,0.999906660220799,False
67,x,35,0.007687125000302331,0.8169436558891603,0.9987096671672104,False
67,x,36,0.0170187090006948,162.0860533752112,0.7439909657176095,False
67,x,37,0.009594375000233413,39.359319178736264,0.937833384901815,False
67,x,38,0.0070315420016413555,51.30368009145061,0.9189677006636671,False
67,x,39,0.14784524999959103,11.485231450152485,0.9818594940722213,False
67,x,40,0.012252708000232815,1244.9143741111259,-0.9662970381707034,False
67,x,41,0.013962458000605693,1954.1373121079314,-2.0864889095044528,False
67,x,42,6.203387625000687,5.157917848424754e-09,0.9999999999918533,False
67,x,47,0.9070467500005179,8.092656935857825,0.9872179422980232,False
67,x,50,1.8610631250012375,90.10076554775884,0.8576891133095261,False
67,x,51,0.4721292499998526,88.0163101946275,0.8609814348316288,False
67,x,52,2.107517791999271,188.59046658844295,0.7021282076971304,False
67,x,53,1.6800347919997876,10811.787513576663,-16.07682568968319,False
67,x,54,8.560473875000753,0.0038705687428670288,0.9999938865772511,False
67,x,55,6.718797167000957,83.5629945084065,0.8680152852119873,False
67,x,56,1.6743937920000462,22.371135917511324,0.9646656033459935,False
67,x,57,5.721538249999867,5.736122304301143,0.9909400031583815,False
67,x,59,10.129393625000375,0.3062697247393144,0.9995162580936008,False
67,y,0,0.027582374999838066,7.605462629363599,0.9704267150299446,False
67,y,1,0.008666749999974854,6.8138175091292945,0.9735049691581622,False
67,y,2,0.01330808300008357,242.87118184127084,0.055613179417193126,False
67,y,3,0.01606037499914237,111.42804300475734,0.5667202075633606,False
67,y,4,0.015379374999611173,3.0093199859702793,0.9882984794156264,False
67,y,5,0.026895082999544684,1516.0896506335514,-4.895203679685876,False
67,y,6,0.014946750001399778,3.141549074921403,0.9877843162779647,False
67,y,7,0.014326582999274251,5.42137221791072,0.978919390792874,False
67,y,8,0.020130417000473244,7.013074763260577,0.9727301719044061,False
67,y,9,0.019714082998689264,109.17605703850506,0.5754768902234555,False
67,y,10,0.007428958000673447,21.931999607593106,0.9147190242110536,False
67,y,11,0.04597900000044319,14.192159052346659,0.944814827913957,False
67,y,19,0.012777500000083819,5.097683049040754e-12,0.9999999999999801,False
67,y,20,0.015518457999860402,1.355115758163112,0.9947307315233073,False
67,y,21,0.019532874999640626,1.871630558150381,0.9927223015150787,False
67,y,22,0.012391958000080194,1496.559870766399,-4.8192635595958935,False
67,y,23,0.007790749999912805,0.19807863478353774,0.9992297857213424,False
67,y,24,0.017464416998336674,250.83192731975643,0.02465840308308931,False
67,y,25,0.018749249999018502,237.26827410397192,0.077399676209162,False
67,y,26,0.011379916999430861,3.8300055396799944,0.9851073036866234,False
67,y,27,0.013225708000391023,27.932334647714157,0.8913871604303808,False
67,y,28,0.02327862499987532,1573.3706437148392,-5.117936630239133,False
67,y,29,0.014478917000815272,10.955261646902516,0.9574012666429371,False
67,y,30,0.017964750000828644,24.70585240299687,0.9039331005689142,False
67,y,31,0.016175666998606175,8.118745303422408,0.9684308529069059,False
67,y,33,0.008509500001309789,4.823665427808563,0.9812435299141397,False
67,y,34,0.009279541998694185,0.023239580529353408,0.9999096345914678,False
67,y,35,0.00756845800060546,5.9184753464183295,0.9769864416489122,False
67,y,36,0.017778374998670188,241.03693473250235,0.06274551509440474,False
67,y,37,0.014237792000130867,143.63496098848708,0.4414859634474656,False
67,y,38,0.00761945799968089,35.44665354915486,0.8621682811776964,False
67,y,39,0.021233082999970065,0.007613454070215432,0.9999703956408968,False
67,y,40,0.01471937499991327,14284.522816448613,-54.54432182483045,False
67,y,41,0.012738833000184968,1289.4454626971726,-4.013914337631719,False
67,y,42,6.939309249999496,7.259735091646175e-09,0.999999999971771,False
67,y,47,0.8053442090003955,286.25723021367446,-0.1130902952784758,False
67,y,51,8.51336020800045,3199.1759857357183,-11.43976174838386,False
67,y,52,0.4496079170003213,8.26280784540775,0.9678706762529317,False
67,y,53,1.2576577500003623,764.2572645888208,-1.9717584554105496,False
67,y,54,2.613548957999228,0.00015572620786586508,0.9999993944700346,False
67,y,55,9.673105791000125,6.123096541617782,0.9761907871027729,False
67,y,56,11.389135250001345,352.9195550397401,-0.3723018679231509,False
67,y,57,5.891602957999567,11.300845401094033,0.9560574894998782,False
67,y,58,0.9385578750006971,3604.0860519555445,-13.014224915072896,False
67,y,59,9.20033366700045,0.2149740494689382,0.9991640891375146,False
67,z,0,0.02806520800004364,15.14678980657082,0.9843936013697328,False
67,z,1,0.008621207998658065,0.8302059724434173,0.9991446025516536,False
67,z,2,0.016763499999797205,910.8894062536029,0.06147088831230141,False
67,z,3,0.015676249999160063,328.38560628788343,0.6616499772151406,False
67,z,4,0.014620457999626524,3.5894115465791403,0.9963016726211057,False
67,z,5,0.1634475000009843,4.0436145239323014e-05,0.9999999583368747,False
67,z,6,0.01722949999930279,9.214114917884837,0.990506295243417,False
67,z,7,0.010559207999904174,10.12978222469195,0.9895628432522542,False
67,z,8,0.020145957998465747,109.89603020798702,0.8867693235852707,False
67,z,9,0.01835070800007088,442.23311528147315,0.5443479197424655,False
67,z,10,0.00777974999982689,14.537018124510247,0.9850218757476843,False
67,z,11,0.04546170800131222,8.727766357525095,0.9910074013921891,False
67,z,19,0.01348833300107799,0.09078127831352639,0.9999064640867392,False
67,z,20,0.015559958999801893,11.235260717502888,0.9884238205117055,False
67,z,21,0.018413625000903266,7.977528003908803,0.9917804047126136,False
67,z,22,0.016902457999094622,3577.504949540253,-2.6860594922931447,False
67,z,23,0.007652333000805811,26.3646707833792,0.9728353289868271,False
67,z,24,0.015853040998990764,891.4984412792293,0.08145024585803984,False
67,z,25,0.01726004200099851,882.0959676417375,0.09113802482448585,False
67,z,26,0.08986220800034062,10.911842316188142,0.9887570526064093,False
67,z,27,0.01387783300015144,22.418508417400446,0.9769012323055954,False
67,z,28,0.01725333400099771,4239.521626787166,-3.368164169055629,False
67,z,29,0.0154917089985247,25.5422274781454,0.9736827282203403,False
67,z,30,0.01374687499992433,21.024725667106033,0.9783373075058764,False
67,z,31,0.01596599999902537,14.95471660199448,0.9845915027755812,False
67,z,33,0.009408666999661364,5.850790538027538,0.9939716751467006,False
67,z,34,0.010060790998977609,8.056498392849344e-12,0.9999999999999917,False
67,z,35,0.008840583999699447,6.206177957232611,0.9936055039775535,False
67,z,36,0.019979459000751376,803.893516729344,0.17171342320185534,False
67,z,37,0.01477304199943319,20.373719364313157,0.9790080677132832,False
67,z,38,0.007736290999673656,80.74418867979367,0.9168057382649015,False
67,z,39,0.15758649999952468,3.4477868056399994,0.9964475947730091,False
67,z,40,0.017756707999069477,19587.098967266033,-19.181442959024988,False
67,z,41,0.012903332999485428,3655.179161382858,-2.7660906229015354,False
67,z,42,6.139959791000365,3.849617444334336e-08,0.9999999999603357,False
67,z,47,0.8306126669995137,4.979693306832084,0.9948692046436677,False
67,z,50,12.097605208999084,1530.615054507349,-0.5770594954560855,False
67,z,51,7.746263916998942,75.79732642324454,0.9219027063571925,False
67,z,52,0.6717910830011533,267.55362944456823,0.724327818012279,False
67,z,53,2.0376618329992198,3006.4483214734587,-2.0976749242178347,False
67,z,54,1.0001732079999783,0.003729519415871503,0.9999961573133682,False
67,z,55,10.281612083001164,12.68833245838911,0.9869266572767071,False
67,z,56,0.8658257910010434,30.148726456614614,0.9689364512688556,False
67,z,57,1.9966338329995779,6.650879421209056,0.9931473086499027,False
67,z,58,3.4452896250004414,12.709116934118187,0.98690524212421,False
67,z,59,2.082025457999407,0.1590149132178887,0.9998361599945911,False
68,x,0,0.027770167000198853,10.185270804811433,0.98634045584832,False
68,x,1,0.008264500000223052,0.5837788065440891,0.999217089801968,False
68,x,2,0.016923167000641115,638.3164350683431,0.1439489735078845,False
68,x,3,0.14993712500108813,0.25485414256528505,0.9996582131708305,False
68,x,4,0.01895212499948684,2.5417859700337604,0.996591191501222,False
68,x,5,0.14609287500024948,0.2554123610272765,0.999657464539805,False
68,x,6,0.03554295899994031,2.5943634077259037,0.9965206794995971,False
68,x,7,0.011347832998580998,4.217345463021885,0.9943440859198538,False
68,x,8,0.012934291999044945,1.1561060845486362,0.9984495373359678,False
68,x,9,0.0180646250009886,26.917128182757466,0.963901234646101,False
68,x,10,0.007132416001695674,24.45971369032817,0.9671968919144831,False
68,x,11,0.043743624999478925,17.31630968254495,0.9767769653663847,False
68,x,19,0.014236667000659509,2.4245534704747412e-14,1.0,False
68,x,20,0.017766875000233995,0.6913165957067675,0.9990728700549243,False
68,x,21,0.02851366699906066,745.6523221712055,-1.147623551744914e-09,False
68,x,22,0.015597667001202353,3009.3832398369873,-3.0359067541395763,False
68,x,23,0.007223915999929886,5.627708359541128,0.9924526375112562,False
68,x,24,0.014181374999679974,8.2558170328862,0.9889280609784445,False
68,x,25,0.014478917000815272,9.094529983180681,0.9878032566610453,False
68,x,26,0.09462937500029511,3.861977943105362,0.9948206720039547,False
68,x,27,0.012601874999745633,29.30322399831324,0.9607012233977672,False
68,x,28,0.017707916998915607,84.1256800358929,0.8871784105929174,False
68,x,29,0.014794457998505095,17.139797407925723,0.977013687320536,False
68,x,30,0.013010667000344256,31.783046599223354,0.9573755144446519,False
68,x,31,0.014517250001517823,37.698281829758876,0.9494425474821138,False
68,x,33,0.009401208999406663,3.6614345259366474,0.9950896223061746,False
68,x,34,0.00932108300003165,0.008511537784760933,0.9999885851119329,False
68,x,35,0.007127958000637591,3.704160357819743,0.9950323223680376,False
68,x,36,0.01851758399971004,632.2825870882535,0.15204101293109007,False
68,x,37,0.009759250000570319,6.0868274624817635,0.9918369093899642,False
68,x,38,0.00780966599995736,2.021960945133094,0.9972883327962206,False
68,x,39,0.14731095800016192,1.0705055073703063,0.9985643369211515,False
68,x,40,0.011669707999317325,1195.8946142282696,-0.6038233638413111,False
68,x,41,0.01289724999878672,27.97723354595692,0.96247951927971,False
68,x,42,6.960673166999186,18.591150597632694,0.9750672665179473,False
68,x,51,0.8645144580004853,38.256798127197804,0.9486935170272047,False
68,x,52,6.135931041999356,108.74001111260229,0.8541679439544108,False
68,x,53,6.021783209000205,76.11339128458953,0.897923751983618,False
68,x,57,5.51503162500012,5.707936839603243,0.9923450424863784,False
68,y,0,0.04678124999918509,1.8413340393801718,0.9640721159188292,False
68,y,1,0.01165308300005563,3.608937714161821,0.9295828496744579,False
68,y,2,0.01957504100028018,44.96894684156775,0.12257142114201636,False
68,y,3,0.027865833000760176,0.0062729291474756905,0.9998776033753572,False
68,y,4,0.018552208000983228,1.1415462071660516,0.9777262903268937,False
68,y,5,0.02690245800113189,0.034173937820790916,0.9993332023139941,False
68,y,6,0.019859042000462068,1.1731821389353179,0.9771090139038778,False
68,y,7,0.01911741699950653,1.3958178960911756,0.9727649722990683,False
68,y,8,0.013012417000936694,1.1485063637293231,0.9775904846051485,False
68,y,9,0.0225572919989645,4.748413943315548,0.9073495291586076,False
68,y,10,0.010888916998737841,10.795329726978352,0.7893628495677766,False
68,y,11,0.05313183299949742,9.480244203858334,0.8150226371027893,False
68,y,19,0.01709475000097882,1.047943871092114e-12,0.9999999999999796,False
68,y,20,0.017480124999565305,3.1373859863895732,0.9387837091879115,False
68,y,21,0.02718629199989664,0.3580379586971281,0.9930140072351785,False
68,y,22,0.013405124998826068,90.33194958612553,-0.7625459281950557,False
68,y,23,0.009041417000844376,2.2209934044106436,0.9566642489238014,False
68,y,24,0.014733542000612943,2.0223266445353043,0.9605406103915912,False
68,y,25,0.014439417000176036,2.293373131357089,0.9552519845633196,False
68,y,26,0.013736041999436566,1.7001895910551237,0.9668261090942502,False
68,y,27,0.014510500001051696,11.576467522268223,0.7741213846513714,False
68,y,28,0.022954957999900216,3.1889687207930293,0.9377772331968084,False
68,y,29,0.018259958998896764,2.7081626687087965,0.9471586619519203,False
68,y,30,0.014159165999444667,11.749144476563425,0.7707521330844498,False
68,y,31,0.019517499998983112,0.9104345731596525,0.9822357122019094,False
68,y,33,0.009329458000138402,2.1926989119567217,0.9572163275924618,False
68,y,34,0.012843624999732128,0.0005495070245876373,0.9999892780862902,False
68,y,35,0.009037042000272777,2.3851066859252454,0.953462090690512,False
68,y,36,0.016891332999875885,44.8681501009539,0.12453815479005836,False
68,y,37,0.01707620799970755,39.63537103049339,0.22663949862290667,False
68,y,38,0.008214416000555502,0.10372766340952055,0.9979760785456167,False
68,y,39,0.02249662500071281,0.017087522950960384,0.9996665903466255,False
68,y,40,0.012652000001253327,1595.542197675232,-30.132023792917376,False
68,y,41,0.015821541999684996,1.9106372162275813,0.9627198808267822,False
68,y,42,0.45102987499922165,600745.2277490228,-11720.667249549568,False
68,y,51,2.2279832499989425,2228.111832144878,-42.474644965632045,False
68,y,52,1.720484083001793,0.1142460789879453,0.9977708445101092,False
68,y,53,4.949626125000577,463.60305141087946,-8.04576591457242,False
68,y,57,5.665611749998789,6.413438344271268,0.8748617771318246,False
68,y,58,6.0321202499999345,1398.9437182460485,-26.296018359680588,False
68,z,0,0.02655195800070942,2.073054491542447,0.9849213270697577,False
68,z,1,0.008368124999833526,0.013581970425201715,0.9999012094999792,False
68,z,2,0.01649145800001861,117.65994852309798,0.14418270816948475,False
68,z,3,0.16504241700022249,1.699692459926563e-06,0.9999999876370318,False
68,z,4,0.016502332999152713,0.6188108961556029,0.9954989860870189,False
68,z,5,0.15646537500106206,5.85624902691673e-06,0.9999999574036939,False
68,z,6,0.01827945799959707,0.6331782425414331,0.9953944830370937,False
68,z,7,0.015066875001139124,1.0271895326733056,0.9925285827923294,False
68,z,8,0.019757750000280794,15.160109036787484,0.8897306719697248,False
68,z,9,0.018622874998982297,5.503913496741984,0.9599664592550247,False
68,z,10,0.0077105410000513075,5.457210502657101,0.9603061604908301,False
68,z,11,0.0447437919992808,3.99547438940923,0.9709383174610932,False
68,z,19,0.012741708000248764,0.0015694391719815795,0.9999885844486699,False
68,z,20,0.015499332999752369,0.04934515613535112,0.9996410806020333,False
68,z,21,0.024747874998865882,1.1245891460628783,0.9918201320883921,False
68,z,22,0.01240904200130899,108.38056482861019,0.2116776979511078,False
68,z,23,0.00831958400158328,0.6569656226694597,0.9952214619581586,False
68,z,24,0.01631404200088582,1.8240043932940022,0.9867328303322401,False
68,z,25,0.015557667000393849,2.007399989626368,0.9853988749416681,False
68,z,26,0.02046758300093643,0.9669435412291286,0.9929667910517123,False
68,z,27,0.013844540999343735,6.429396432826638,0.9532348202399027,False
68,z,28,0.018827042000339134,15.167953631161453,0.8896736131353729,False
68,z,29,0.015288708000298357,3.588535510106437,0.9738982484656278,False
68,z,30,0.011524542000188376,6.903851201988883,0.9497838022789286,False
68,z,31,0.013373957999647246,4.0850887492447105,0.9702864939671498,False
68,z,33,0.009186958999634953,0.9727675086289597,0.9929244295508755,False
68,z,34,0.01036279100117099,7.80346226597838e-13,0.9999999999999943,False
68,z,35,0.008177292000254965,0.99453337068694,0.9927661122869752,False
68,z,36,0.018433791999996174,116.59977858488213,0.15189401330596375,False
68,z,37,0.01542541700109723,6.493059802764957,0.952771755165225,False
68,z,38,0.008702499999344582,3.545731903310669,0.9742095869228373,False
68,z,39,0.1466157499999099,0.055363598819997493,0.9995973045560289,False
68,z,40,0.012493750000430737,1579.806247016683,-10.49095780603142,False
68,z,41,0.013303249999808031,5.125826283436402,0.9627165333373995,False
68,z,42,6.054427457998827,1.0536024635698234e-07,0.9999999992336465,False
68,z,51,7.3942963749996125,11.063918587699641,0.9195249278823235,False
68,z,52,5.879345208000814,18.31095148188385,0.8668125466246533,False
68,z,53,1.6934532079994824,906.1412576079077,-5.590954414276827,False
68,z,57,5.613154582999414,4.561204428296798,0.966823395128853,False
68,z,58,5.385969833001582,3.9941035533108837,0.9709482884431645,False
69,x,0,0.029298708999704104,3805.432370254974,-3.472379435791818,False
69,x,1,0.009327542000391986,0.006467475300114391,0.9999923990231019,False
69,x,2,0.015492042000914807,288.40107343215817,0.6610532248161194,False
69,x,3,0.17038795799999207,0.0016370660808673926,0.9999980760187115,False
69,x,4,0.03254700000070443,3.610186848381927,0.9957570851747951,False
69,x,5,0.17353749999892898,0.0015644251851319132,0.999998161390784,False
69,x,6,0.1601518749994284,5.511844498291956,0.9935221395129428,False
69,x,7,0.01595524999902409,4.738668962581898,0.994430823212907,False
69,x,8,0.012785499999154126,1.7926310624276596,0.9978931891255695,False
69,x,9,0.01985558300111734,15.013268491378685,0.9823554785023378,False
69,x,10,0.007202875000075437,51.98697296791529,0.9389016946804414,False
69,x,11,0.043863041000804515,49.36475512996826,0.9419834872321284,False
69,x,19,0.013618208999105264,1.3755312421234299e-16,1.0,False
69,x,20,0.021848874999705004,0.20807948475365973,0.9997554521226296,False
69,x,21,0.021795665999889025,850.8742214343946,-3.5105918172462225e-11,False
69,x,22,0.016963374999249936,516.7153510709561,0.39272416760020945,False
69,x,23,0.007109832999049104,0.1517753060268805,0.9998216242751174,False
69,x,24,0.016961249999440042,11.895551277784145,0.9860196125601873,False
69,x,25,0.014546332999088918,12.08884510997651,0.9857924416959987,False
69,x,26,0.011318916000163881,5.456047252455321,0.9935877158865513,False
69,x,27,0.012824874998841551,53.36356991338565,0.9372838328263144,False
69,x,28,0.019525208001141436,42.63660741595062,0.9498908224701282,False
69,x,29,0.14687975000015285,56.602915733494356,0.9334767533090133,False
69,x,30,0.012627542000700487,54.620193401967036,0.9358069711974509,False
69,x,31,0.014103708999755327,55.19956252390723,0.9351260607792415,False
69,x,33,0.010465290999491117,5.512749094387232,0.9935210763756747,False
69,x,34,0.009389958000610932,0.00024674845031306237,0.9999997100059631,False
69,x,35,0.007151457999498234,5.532443318232101,0.9934979305059921,False
69,x,36,0.013521041000785772,285.9213751521357,0.6639675195704361,False
69,x,37,0.00976858300055028,0.15629135749892678,0.9998163167321711,False
69,x,38,0.007375875000434462,0.008373402121240882,0.999990159060046,False
69,x,39,0.1645162500008155,0.015954130050517913,0.9999812497198185,False
69,x,40,0.01652220799951465,1162.8658000210892,-0.3666717956286991,False
69,x,41,0.013318417000846239,11.6409461545565,0.9863188402448707,False
69,x,42,7.372360542000024,0.0013502230525239002,0.9999984131343758,False
69,x,47,0.6778598749988305,0.014126750476801002,0.9999833973692922,False
69,x,50,2.5706642090008245,651.8495066542866,0.23390615174791662,False
69,x,51,7.254350708000857,0.0001561037662040841,0.999999816537201,False
69,x,52,6.299956916000156,0.0008103382083013932,0.9999990476404292,False
69,x,53,5.838115041000492,0.0001310967454046779,0.9999998459269982,False
69,x,54,9.231897042000128,9.455673132608966e-07,0.9999999988887108,False
69,x,55,9.171937249999246,2.57763101539204e-08,0.9999999999697061,False
69,x,56,11.056467374999556,568.2580576659566,0.3321479915939365,False
69,x,57,5.6026788750004926,0.016255563731497585,0.9999808954563171,False
69,x,59,8.877950332998807,8.666094994789239e-08,0.9999999998981507,False
69,y,0,0.026323124999180436,23.52431443833091,-9.754545922011435,False
69,y,1,0.007853207998778089,0.6997533015071453,0.6800957139530712,False
69,y,2,0.01577916600035678,0.006733042938427649,0.9969218733380724,False
69,y,3,0.015102125000339583,0.0016779233767685233,0.9992329083996739,False
69,y,4,0.8675019999991491,0.1211899002011508,0.9445959477197954,False
69,y,5,0.035012874999665655,0.003928758053556664,0.9982039005211305,False
69,y,6,0.15797241700056475,0.273722810069954,0.8748628981934234,False
69,y,7,0.016083167000033427,0.11558294019866942,0.9471592661530549,False
69,y,8,0.014512957999613718,0.13663466560918802,0.937535106934366,False
69,y,9,0.024280542000269634,0.3313274778468307,0.8485279311722723,False
69,y,10,0.007270875001267996,1.2424536653860885,0.4319908860513353,False
69,y,11,0.04309895799997321,1.2281205804256958,0.4385435029539334,False
69,y,19,0.017474500000389526,5.841006586482381e-14,0.9999999999999732,False
69,y,20,0.021860165999896708,0.7211649494698356,0.6703070099343271,False
69,y,21,0.03736479199869791,0.0681694164948917,0.9688351759583497,False
69,y,22,0.011000624999724096,1.6951699285446846,0.2250238411861598,False
69,y,23,0.006951084000320407,0.6783506084079716,0.6898803241015705,False
69,y,24,0.030959708001319086,0.1647879295747597,0.9246643569294731,False
69,y,25,0.039890083000500454,0.168495238903276,0.9229694965531952,False
69,y,26,0.011668624998492305,0.1946447142861337,0.9110148130456828,False
69,y,27,0.012722375000521424,1.249792092416761,0.4286359976143699,False
69,y,28,0.019806084001174895,1.1351867719619966,0.4810297957405033,False
69,y,29,0.08192158299971197,1.2665910224743366,0.42095607711260696,False
69,y,30,0.013894292000259156,1.2553723369205485,0.42608489263193317,False
69,y,31,0.01914812500035623,1.3722679671628892,0.37264403989977946,False
69,y,33,0.009747666999828652,0.27384561625309556,0.8748067552295311,False
69,y,34,0.009967542000595131,4.774985306056232e-07,0.9999997817033143,False
69,y,35,0.007459209000444389,0.2786757410488938,0.8725985804042186,False
69,y,36,0.01480091600024025,1.337167349247289,0.38869089254043276,False
69,y,37,0.009975292001399794,0.2301599282636223,0.8947784206673949,False
69,y,38,0.007076957999743172,0.9169041497868577,0.5808214598212427,False
69,y,39,0.029087499999150168,0.003457321884671054,0.9984194256936438,False
69,y,40,0.012252375001480686,1429.1632353448065,-652.3666128659642,False
69,y,41,0.014165624999805004,0.9158017518712687,0.5813254400345074,False
69,y,42,7.010075916999995,0.002044314992222121,0.9990654061558076,False
69,y,47,1.0735546659998363,0.00018119079433253027,0.9999171655045079,False
69,y,51,8.031418583001141,1959.8392388723494,-894.9742971242174,False
69,y,52,6.601044625000213,4.188671482030365e-05,0.999980850766162,False
69,y,53,5.398888375000752,0.0005933376666702562,0.9997287454561028,False
69,y,54,1.0504165000002104,0.06668737378115493,0.9695127173364437,False
69,y,55,9.774226790999819,2.0536049900175698e-05,0.9999906115907314,False
69,y,56,10.388491125000655,80.3461667326453,-35.73163534899297,False
69,y,57,5.723043292000511,1.7168887010667386e-05,0.9999921509472988,False
69,y,58,5.615549124999234,0.006488979480271535,0.9970334511558024,False
69,y,59,8.999066041000333,0.00018293349163903854,0.9999163688003889,False
69,z,0,0.02650208399973053,5855.696524165579,-3.493123563522028,False
69,z,1,0.008216959000492352,0.0032010917377935898,0.9999975437762773,False
69,z,2,0.014657874999102205,443.13538717672236,0.6599786136905534,False
69,z,3,0.16575779100094223,1.1841872760082541e-05,0.9999999909136348,False
69,z,4,0.02499516600073548,5.669294122175628,0.995649904515413,False
69,z,5,0.16913962500075286,1.738576599850637e-05,0.9999999866597603,False
69,z,6,0.1460994170010963,8.763954430489356,0.9932753464940063,False
69,z,7,0.015772082999319537,7.485800890261171,0.9942560840998058,False
69,z,8,0.013257416001579259,2.7810961671904466,0.9978660422940882,False
69,z,9,0.02061974999924132,23.360505410617098,0.9820752942228023,False
69,z,10,0.00727095799993549,80.38595751478101,0.9383192010727689,False
69,z,11,0.04418745900147769,76.35642672724325,0.9414110928155711,False
69,z,19,0.039102499998989515,0.00037795472615916563,0.999999709992265,False
69,z,20,0.02269500000147673,0.3705559243320709,0.9997156694257723,False
69,z,21,0.022557375001269975,1303.2573979875642,-1.1399325927641257e-11,False
69,z,22,0.015471458998945309,879.8505399848466,0.32488352542367704,False
69,z,23,0.007038540999928955,0.19522681354966948,0.999850200878312,False
69,z,24,0.015229542001179652,18.518658684114346,0.9857904825916037,False
69,z,25,0.013154750000467175,18.818329099019735,0.9855605430452244,False
69,z,26,0.010752542000773246,8.667084047584844,0.9933496759265921,False
69,z,27,0.013186125001084292,82.50107939612562,0.9366962508523176,False
69,z,28,0.019152291000864352,65.9776438721563,0.9493748173040963,False
69,z,29,0.14343474999986938,87.47697158128886,0.9328782083129823,False
69,z,30,0.012593249999554246,84.43107810850738,0.9352153471448965,False
69,z,31,0.014051166999706766,85.14763168561075,0.9346655297579259,False
69,z,33,0.010536708001382067,8.763268036973535,0.993275873169333,False
69,z,34,0.009751540999786812,1.3350625026134338e-11,0.9999999999999898,False
69,z,35,0.007428625000102329,8.795716477291398,0.9932509752171953,False
69,z,36,0.013172917000702,439.33091595267234,0.6628978154000299,False
69,z,37,0.009515499999906751,0.12950999163753996,0.9999006259301969,False
69,z,38,0.00713704200097709,0.014573253526568304,0.9999888178240544,False
69,z,39,0.15270037499976752,0.014060120631398523,0.9999892115550978,False
69,z,40,0.014348833999974886,1038.0881976224473,0.2034664838755158,False
69,z,41,0.014051000000108615,18.189177758346474,0.9860432959853972,False
69,z,42,7.31598191699959,0.0014889858227629367,0.9999988574890692,False
69,z,47,0.6529779170014081,0.015776002188869466,0.9999878949452247,False
69,z,50,11.252797332999762,21.204558733903212,0.9837295696407417,False
69,z,51,7.1344978749984875,0.001379369494113243,0.9999989415985696,False
69,z,52,6.136475040999358,4.6822884526843114e-05,0.99999996407242,False
69,z,53,5.285905791999539,6.518692726180663,0.9949981540589596,False
69,z,54,9.204683791998832,1.1960053269737897e-05,0.9999999908229539,False
69,z,55,9.999053416999232,2.6301090436812056e-05,0.9999999798189594,False
69,z,56,11.134673583001131,0.00013773209191392558,0.9999998943170458,False
69,z,57,5.570648582999638,0.0001335675908041244,0.9999998975125014,False
69,z,58,5.91113708299963,0.02836647845290466,0.9999782341703972,False
69,z,59,9.260224542000287,6.734862164072988e-05,0.9999999483228549,False
70,x,0,0.034378291999018984,18.25379191045329,0.977936750817733,False
70,x,1,0.00889900000038324,0.8742986583569828,0.9989432404371825,False
70,x,2,0.01492191599936632,817.0228145099823,0.01246940731213686,False
70,x,3,0.017377374999341555,725.0004984838239,0.12369623069077795,False
70,x,4,0.1554169169994566,2.9064539330311074,0.9964869865025402,False
70,x,5,0.02819820800141315,3609.2185885798035,-3.362440936313315,False
70,x,6,0.025743040998349898,2.6992008366518676,0.9967374920814163,False
70,x,7,0.010742208000010578,22.918168536786922,0.9722989466676919,False
70,x,8,0.01991512499989767,70.7838813809025,0.9144439456384654,False
70,x,9,0.027363208999304334,695.7623823745251,0.15903616688069877,False
70,x,10,0.007979083000464016,18.15777864990737,0.9780528014718994,False
70,x,11,0.045386290999886114,34.83951458139667,0.9578896869554874,False
70,x,19,0.013480917001288617,4.710643756309525e-12,0.9999999999999943,False
70,x,20,0.016234250000707107,51.03541293981529,0.938313801409875,False
70,x,21,0.017377957999997307,3.784785494281166,0.9954253523940998,False
70,x,22,0.012916167001094436,4203.62763700155,-4.080899600456022,False
70,x,23,0.007823166999514797,83.3492068008035,0.8992563119043047,False
70,x,24,0.01716429199950653,588.3324069234014,0.288886136117261,False
70,x,25,0.013367125000513624,827.1140055455013,0.000272245020886297,False
70,x,26,0.014696583000841201,2523.6375236901604,-2.0503055915198396,False
70,x,27,0.012805166999896755,12.381977307636603,0.985033978033292,False
70,x,28,0.020837707999817212,3649.8538362913837,-3.4115565173521407,False
70,x,29,0.01850104200093483,778.0644810198831,0.05955811215409812,False
70,x,30,0.014259499999752734,69.87035350706005,0.9155481213195736,False
70,x,31,0.015110791999177309,708.6842948757038,0.14341752847265987,False
70,x,33,0.009488207999311271,3.0000091715209667,0.9963739068449416,False
70,x,34,0.009632249999413034,1.1187685190115368,0.9986477511777653,False
70,x,35,0.0075568340016616276,2.8061222076812595,0.9966082568593044,False
70,x,36,0.01766670899996825,738.4658777365125,0.1074207072683997,False
70,x,37,0.014550875001077657,216.24855074221352,0.73862166919974,False
70,x,38,0.007713958000749699,3589.6818860852086,-3.3388270407757394,False
70,x,39,0.15959995800039906,24.06412257390342,0.9709138388722071,False
70,x,40,0.012135499999203603,12914.425125669615,-14.60958846201195,False
70,x,41,0.015226792000248679,3655.180228825342,-3.417994496172968,False
70,x,42,0.2334666250008013,,,False
70,x,47,0.31356520900044416,,,False
70,x,50,0.3326515839999047,,,False
70,x,51,0.23379675000069255,,,False
70,x,52,0.2072113750000426,,,False
70,x,53,0.20078975000069477,,,False
70,x,54,0.24824420799996005,,,False
70,x,55,0.3224780420005118,,,False
70,x,56,0.3370911669990164,,,False
70,x,57,0.21887641700050153,,,False
70,x,59,0.25509266699918953,,,False
70,y,0,0.030511250000927248,137.0352568987564,0.19818321518257986,False
70,y,1,0.008265208000011626,67.01357427163069,0.6078920864774173,False
70,y,2,0.013840458001141087,169.09596261081523,0.01059052878353639,False
70,y,3,0.017254000000320957,159.3500416434446,0.06761558344458052,False
70,y,4,0.02269420799893851,1.2744391870346432,0.9925430377953871,False
70,y,5,0.03439795800113643,165.94157746547245,0.02904737713449268,False
70,y,6,0.01886199999898963,1.5152607380951253,0.9911339496077485,False
70,y,7,0.015288665999833029,2.25018830320993,0.9868337624101616,False
70,y,8,0.01265416699970956,4.3397510515464575,0.9746073724834927,False
70,y,9,0.018313208000108716,165.77039983657806,0.030048966792066367,False
70,y,10,0.007522417001382564,82.21625131188212,0.5189386163931604,False
70,y,11,0.04541883299862093,94.95994170044098,0.44437309883724974,False
70,y,19,0.013427249999949709,6.518482628841503e-12,0.9999999999999618,False
70,y,20,0.01945874999910302,50.47200997028923,0.7046796154981525,False
70,y,21,0.14712024999971618,13.342374219467816,0.9219314806963254,False
70,y,22,0.0181631670002389,1187.3994212247353,-5.9476776106159015,False
70,y,23,0.007590666000396595,114.86413636061394,0.3279102430147435,False
70,y,24,0.01679004099969461,113.86284643564296,0.333768962051578,False
70,y,25,0.013424958000541665,166.92847923468872,0.023272845664038533,False
70,y,26,0.011735207999663544,61.00889423659493,0.6430264989527921,False
70,y,27,0.013152542000170797,72.72500880136965,0.5744735037347741,False
70,y,28,0.02384600000004866,141.64908247865677,0.17118693060657875,False
70,y,29,0.017051917000571848,169.65305034170328,0.007330912949256474,False
70,y,30,0.017420874999515945,49.73104265436851,0.7090151423133086,False
70,y,31,0.01605408300019917,936.2313479289276,-4.478050147315531,False
70,y,33,0.009761874998730491,1.8213529252205978,0.9893429517368866,False
70,y,34,0.00993824999932258,0.19946702039384948,0.9988328842621321,False
70,y,35,0.007247458999700029,7.718198555363464,0.9548394968543298,False
70,y,36,0.02084258300055808,130.76325098520218,0.23488179721010238,False
70,y,37,0.009484083000643295,18.571840008035693,0.8913329796988773,False
70,y,38,0.007569291999971028,4830.016161132854,-27.261252735834287,False
70,y,39,0.023004290998869692,50.02301522735386,0.7073067607257957,False
70,y,40,0.01971508300084679,4291.8426716895365,-24.11230737137078,False
70,y,41,0.014211083000191138,152.4105044904683,0.10822000521197694,False
70,y,42,0.2330267500001355,,,False
70,y,47,0.30842070800099464,,,False
70,y,51,0.2716390000005049,,,False
70,y,52,0.22544654099874606,,,False
70,y,53,0.20187799999985145,,,False
70,y,54,0.25421458300115773,,,False
70,y,55,0.2598803330001829,,,False
70,y,56,0.3338464170010411,,,False
70,y,57,0.20798399999875983,,,False
70,y,58,0.21315950000098383,,,False
70,y,59,0.2602146669996728,,,False
70,z,0,0.02834070800054178,0.5656047943534874,0.9826144976215565,False
70,z,1,0.007895875000031083,0.5181886164227947,0.9840719712540653,False
70,z,2,0.016603208001470193,32.06758231465913,0.014309931301589085,False
70,z,3,0.020516749998932937,28.16164704374294,0.13437017057197986,False
70,z,4,0.014967666000302415,0.09015104169000007,0.9972289464916715,False
70,z,5,0.027687207999406382,130.32988571684763,-3.006066710771961,False
70,z,6,0.015968208001140738,0.10004177064902127,0.9969249262755095,False
70,z,7,0.010840541999641573,1.3094529438351383,0.9597501692051114,False
70,z,8,0.011448250001194538,0.28356924356522833,0.9912836775648411,False
70,z,9,0.02615062500080967,28.322094968826942,0.1294383386444362,False
70,z,10,0.007325959000809235,1.9266123787792453,0.9407799855517636,False
70,z,11,0.0439015419997304,2.92068310127682,0.9102243412523243,False
70,z,19,0.01418145900061063,0.04487094744320475,0.9986207614021579,False
70,z,20,0.01763224999922386,3.5844398349683604,0.8898218545911343,False
70,z,21,0.01890520900087722,0.283343206783665,0.9912906254603376,False
70,z,22,0.015007958998467075,1222.0164816599115,-36.56221775432441,False
70,z,23,0.007054540999888559,5.144790000073352,0.8418599706441541,False
70,z,24,0.017469083000833052,22.43566220153104,0.3103749076021809,False
70,z,25,0.014866125000480679,32.48639744430611,0.0014364346387319982,False
70,z,26,0.01574429200081795,66.93819007436284,-1.0575392471288443,False
70,z,27,0.012638791999052046,1.4104478747361058,0.9566457973381852,False
70,z,28,0.020631332999982988,118.46423583932184,-2.6413415772035616,False
70,z,29,0.018743582999377395,30.12570833455777,0.07399905529191797,False
70,z,30,0.01334037499873375,4.634991168775929,0.8575301150321274,False
70,z,31,0.015586749999783933,397.38244053175737,-11.214700854708132,False
70,z,33,0.00909216600120999,0.15145487084608433,0.9953445956547606,False
70,z,34,0.00943570900017221,7.268978183202749e-13,0.9999999999999777,False
70,z,35,0.008738792001167894,0.1800323962559218,0.9944661825986078,False
70,z,36,0.022993624999799067,21.1260475719818,0.35062970827602946,False
70,z,37,0.009763333999217139,48.097992992072065,-0.4784311942013382,False
70,z,38,0.007518332999097765,3944.892828040906,-120.25771268082084,False
70,z,39,0.15347674999975425,2.3100847619812357,0.9289928506180045,False
70,z,40,0.01195620799990138,4028.2347961915393,-122.81946958241008,False
70,z,41,0.014183749999574502,132.47832651668713,-3.072105264561536,False
70,z,42,0.24098091700034274,,,False
70,z,47,0.30790083299871185,,,False
70,z,50,0.3306620000003022,,,False
70,z,51,0.23579987500124844,,,False
70,z,52,0.2063958750004531,,,False
70,z,53,0.20345554100094887,,,False
70,z,54,0.23832554100044945,,,False
70,z,55,0.2554855839989614,,,False
70,z,56,0.3398831250015064,,,False
70,z,57,0.1960674170004495,,,False
70,z,58,0.19113854199895286,,,False
70,z,59,0.2525600829994801,,,False
71,x,0,0.04334158300116542,6.248731671127385,0.9843484734617223,False
71,x,1,0.008756916999118403,0.027237233675860634,0.9999317774697101,False
71,x,2,0.02535225000065111,0.000770340090968242,0.9999980704886988,False
71,x,3,0.023349332999714534,0.0007406656064161937,0.9999981448159395,False
71,x,4,0.12573162499938917,1.9061679951642119,0.995225520868406,False
71,x,5,0.03240154199920653,0.0006036094219848901,0.9999984881077658,False
71,x,6,0.11142841699984274,1.9068020182029122,0.995223932797588,False
71,x,7,0.02185316699979012,2.367911066140854,0.9940689687375712,False
71,x,8,0.018754624999928637,41.84737204508769,0.8951826884890546,False
71,x,9,0.11733045800065156,7.590838489590494,0.9809868279963811,False
71,x,10,0.007999709001524025,28.296141039828484,0.9291251687983234,False
71,x,11,0.048909416000242345,28.189894096439225,0.9293912910998701,False
71,x,19,0.04966329099988798,1.1988758956975165e-11,0.99999999999997,False
71,x,20,0.01552695899954415,0.09524270504507305,0.99976144059242,False
71,x,21,0.028533249998872634,3.3063754910922913,0.9917183475834856,False
71,x,22,0.015678874999139225,472.8748807152904,-0.18443455957598331,False
71,x,23,0.007592250000016065,0.022175581838137247,0.999944455655018,False
71,x,24,0.020990000000892906,399.2410360822669,-4.54001281013916e-11,False
71,x,25,0.030776499999774387,6.079443805089618,0.9847724976745303,False
71,x,26,0.03324816699932853,2.940476486706927,0.9926348340448788,False
71,x,27,0.013246874999822467,28.349458735616107,0.9289916211642594,False
71,x,28,0.017513999999209773,28.359662587153167,0.9289660630411826,False
71,x,29,0.10342287499952363,28.475618273744427,0.9286756227404198,False
71,x,30,0.04112708299908263,28.400983094453128,0.9288625653954813,False
71,x,31,0.0215629579997767,331.7462796843854,0.16905766262191624,False
71,x,33,0.009356540998851415,2.973537657680576,0.9925520239928372,False
71,x,34,0.009882499998639105,6.51184760092017e-07,0.9999999983689433,False
71,x,35,0.009155749999990803,2.974517441081163,0.9925495698778738,False
71,x,36,0.026335791999372304,0.0007670426304748468,0.9999980787480214,False
71,x,37,0.016419540999777382,0.0345571541102474,0.999913442880394,False
71,x,38,0.0076440829998318804,0.0271917545416842,0.999931891383687,False
71,x,39,0.030137749999994412,0.00060505832919456,0.9999984844786118,False
71,x,40,0.012122333000661456,1624.6620389865327,-3.0693763722362455,False
71,x,41,0.016171875000509317,1.7325356968355436,0.9956604268090388,False
71,x,42,0.5920713330015133,0.00013425404530690338,0.9999996637268387,False
71,x,47,0.6612412920003408,996.6252625884741,-1.4962996600087926,False
71,x,50,9.649825957998473,21.669597643572448,0.9457230202155595,False
71,x,51,6.855175167000198,0.0007932970056273184,0.9999980129873085,False
71,x,52,6.7150536249992,0.00012305789319004911,0.9999996917704292,False
71,x,53,4.9172563339998305,2.7684089689350074e-05,0.999999930658206,False
71,x,54,9.800409333000061,2.2124780702338898e-06,0.9999999944582899,False
71,x,55,9.952283832999456,2.0602077131347088e-07,0.999999999483969,False
71,x,56,9.844593957999678,98.21946049487885,0.7539845566398663,False
71,x,57,5.417682041999797,0.0001323559284708535,0.9999996684811517,False
71,x,59,8.675322582999797,2.720542053633611e-09,0.9999999999931857,False
71,y,0,0.038883250001163105,6.56563310490692,0.9854671851572222,False
71,y,1,0.008915750000596745,0.02552729968194265,0.9999434961543257,False
71,y,2,0.1571261669996602,0.02495566688838392,0.9999447614448794,False
71,y,3,0.1486355420001928,0.025097353858626742,0.9999444478253897,False
71,y,4,0.11224475000017264,1.834836687906738,0.9959386488056794,False
71,y,5,0.16028866700071376,0.02494030723526276,0.9999447954429709,False
71,y,6,0.06370345799950883,1.8354298652254706,0.9959373358270216,False
71,y,7,0.036561833001542254,2.36519237244952,0.9947647237871592,False
71,y,8,0.01931483400039724,52.84137352669708,0.8830373422895618,False
71,y,9,0.12970483299977786,7.637369900861723,0.9830949306972276,False
71,y,10,0.008261916998890229,28.458829297338315,0.9370073090877804,False
71,y,11,0.04585154200140096,28.34502093572504,0.9372592201861403,False
71,y,19,0.0821568749997823,9.954796921838617e-12,0.999999999999978,False
71,y,20,0.015856457999689155,4.71950638774599e-05,0.9999998955352646,False
71,y,21,0.02858820899928105,3.5574369185316543,0.9921257293507241,False
71,y,22,0.01641741700041166,529.9109918041034,-0.1729407056398351,False
71,y,23,0.00866462500016496,0.03131521914847236,0.9999306847832685,False
71,y,24,0.020415457998751663,451.7798636459695,-4.805875697400097e-10,False
71,y,25,0.028898542001115857,6.1949491780611154,0.9862876819452651,False
71,y,26,0.024052500000834698,2.7743951735212504,0.9938589667267049,False
71,y,27,0.013383917001192458,28.51594907819578,0.9368808763149163,False
71,y,28,0.017715082998620346,28.52798666438551,0.936854231510302,False
71,y,29,0.11529766700004984,28.65022891429783,0.9365836522751309,False
71,y,30,0.0408871250001539,28.571201279689067,0.9367585773680931,False
71,y,31,0.01957054199920094,379.77276804717917,0.15938535824762556,False
71,y,33,0.009022750000440283,2.7898007010211487,0.9938248670937931,False
71,y,34,0.01001712499964924,7.390214367047435e-07,0.9999999983642002,False
71,y,35,0.008467083000141429,2.7904491221112995,0.9938234318348481,False
71,y,36,0.1615248749985767,0.026444935589732776,0.9999414649971581,False
71,y,37,0.0164297080009419,0.019421188530823533,0.9999570118323039,False
71,y,38,0.00782529199932469,0.02552424854927016,0.9999435029079085,False
71,y,39,0.16923229200074275,0.02657336280275205,0.9999411807277087,False
71,y,40,0.012356459001239273,1624.0644167947603,-2.5948136432391795,False
71,y,41,0.016264375000901055,1.1358178716707639,0.9974859041679054,False
71,y,42,0.41287737499988,0.003500170055860999,0.9999922524876844,False
71,y,47,0.7570421250002255,0.2405959745166811,0.9994674486536637,False
71,y,51,8.046161082998879,45.33952554379896,0.899642438244839,False
71,y,52,5.714201333999881,6.429544190958978e-05,0.9999998576841354,False
71,y,53,5.301396874998318,0.0002480522490534152,0.9999994509444331,False
71,y,54,1.6165005840011872,0.03999025306968276,0.9999114828784839,False
71,y,55,9.06654725000044,8.624762632510941e-09,0.9999999999809094,False
71,y,56,10.529221541999505,31.873621691191353,0.9294487774437714,False
71,y,57,5.528383584000039,3.2086820755757755e-05,0.9999999289768683,False
71,y,58,5.605907249999291,6.048929241458836e-05,0.9999998661089231,False
71,y,59,7.887653124998906,1.2083829584292875e-09,0.9999999999973253,False
71,z,0,0.025818707999860635,8112.3024814267965,-3.4996002899303393,False
71,z,1,0.008034958000280312,2.4854847294115572e-05,0.9999999862139166,False
71,z,2,0.16147287499916274,1.92355205006207e-05,0.9999999893307536,False
71,z,3,0.16158616699976847,3.779787288522756e-05,0.9999999790348892,False
71,z,4,0.06631212499996764,7.926082319819458,0.9956036892872369,False
71,z,5,0.1690440000002127,2.405445293328977e-05,0.9999999866578664,False
71,z,6,0.11895358299989311,7.9286819630350305,0.9956022473593263,False
71,z,7,0.03408687500086671,10.034044061452143,0.9944344792774366,False
71,z,8,0.012005999999018968,4.217203891120832,0.9976608697845492,False
71,z,9,0.08203975000105856,32.25026095722099,0.982111948625476,False
71,z,10,0.00766312499945343,120.13900229161851,0.9333632478841899,False
71,z,11,0.04557462499906251,119.6727993986667,0.9336218337390807,False
71,z,19,0.07283708300019498,2.948308993177205e-06,0.9999999983646798,False
71,z,20,0.02331870899979549,1802.8940266659756,-4.5278181204366774e-10,False
71,z,21,0.021265666000545025,1802.8940265482672,-3.87493370723746e-10,False
71,z,22,0.0159502499991504,1656.1459512452618,0.08139584052104087,False
71,z,23,0.006859541999801877,0.0015842101170018682,0.9999991212960416,False
71,z,24,0.016684625001289533,25.976001627190453,0.9855920529688657,False
71,z,25,0.01945920800062595,1802.8940259391272,-4.962563693311495e-11,False
71,z,26,0.012402624999594991,12.103913695566213,0.993286397579657,False
71,z,27,0.013420792000033543,120.37297198398767,0.9332334733722029,False
71,z,28,0.023516166998888366,120.42014753460371,0.9332073068033753,False
71,z,29,0.1410211660004279,120.92178526888267,0.9329290665257514,False
71,z,30,0.01581912499932514,120.60538754539272,0.9331045608803576,False
71,z,31,0.016708082999684848,120.62310346296945,0.9330947345026989,False
71,z,33,0.011097333999714465,12.201198377193668,0.9932324372912359,False
71,z,34,0.009883666001769598,1.327155762043919e-11,0.9999999999999927,False
71,z,35,0.009061541999471956,12.204607788142845,0.9932305462145002,False
71,z,36,0.16355287499936821,0.0001750337067302257,0.9999999029151441,False
71,z,37,0.00928662499973143,0.0007690182602253342,0.9999995734534314,False
71,z,38,0.007404582998788101,6.170645434697121e-06,0.9999999965773665,False
71,z,39,0.16719004200058407,0.00017242700810714298,0.9999999043609854,False
71,z,40,0.04005337499984307,2209.2855718241995,-0.22541066759762507,False
71,z,41,0.012896083000669023,5.9658245174092706,0.9966909732730421,False
71,z,42,7.127033666998614,0.004968024058119109,0.999997244417039,False
71,z,47,0.7395907079990138,0.58345849274547,0.9996763767118977,False
71,z,50,10.907018666999647,1.7912636432033604e-06,0.999999999006451,False
71,z,51,6.775541375000103,8.151667082376109e-05,0.999999954785656,False
71,z,52,5.5411244580009225,7.124892249702952e-05,0.999999960480804,False
71,z,53,1.805303332999756,6.0790431556695985,0.9966281749961401,False
71,z,54,9.457311375001154,4.207071290144206e-10,0.9999999999997666,False
71,z,55,9.678044833999593,3.9598759776807567e-07,0.99999999978036,False
71,z,56,10.557513499999914,1.6417635847187183e-09,0.9999999999990894,False
71,z,57,4.884644332998505,4.2544052253180965e-07,0.9999999997640235,False
71,z,58,5.352352625001004,0.008338420650811532,0.9999953749801535,False
71,z,59,8.660413249999692,0.045186527869390584,0.9999749366700308,False
72,x,0,0.03226208299929567,3.8731896991513235,0.9903792282191137,False
72,x,1,0.008753166999667883,4.2353201155678235,0.989479717902843,False
72,x,2,0.019572791999962647,344.06105090334466,0.1453729079785907,False
72,x,3,0.14459516599890776,3.2287374981254175,0.991980008978992,False
72,x,4,0.16622395800004597,0.5348767430778153,0.9986713981302845,False
72,x,5,0.029061624998576008,1299.1643639451652,-2.227046652043772,False
72,x,6,0.16851033300008567,0.5300331444066105,0.9986834293399678,False
72,x,7,0.010648708999724477,1.059975168464838,0.9973670850174363,False
72,x,8,0.01650033300029463,79.40567590342997,0.8027610457238096,False
72,x,9,0.018669207998755155,64.02486222719685,0.8409660678573231,False
72,x,10,0.007772458000545157,3.7207850144728756,0.9907577923493319,False
72,x,11,0.04370254199966439,2.112936357763449,0.9947515923400205,False
72,x,19,0.01671787500163191,4.785382188224333e-12,0.9999999999999881,False
72,x,20,0.01528304099883826,4.886064038441151,0.9878633088818403,False
72,x,21,0.021205624998401618,1.789469141269465,0.9955550655778971,False
72,x,22,0.01548541600095632,258.0631149000958,0.35898664244034684,False
72,x,23,0.007328749999942374,12.68263721293107,0.9684970869792097,False
72,x,24,0.015402749999338994,2.246400650074983,0.9944200750127107,False
72,x,25,0.014711457999510458,375.5318614726813,0.06720129497615157,False
72,x,26,0.08413908299917239,9.581373536613178,0.9762004406436956,False
72,x,27,0.013543541999752051,5.350458544365766,0.9867097806777408,False
72,x,28,0.01752979199955007,193.27716931086593,0.5199110601778691,False
72,x,29,0.015569749999485794,5.740729975913496,0.9857403697613731,False
72,x,30,0.013804000000163796,6.176703595169316,0.9846574373415471,False
72,x,31,0.016450749999421532,0.4284356589314101,0.9989357914232097,False
72,x,33,0.010277332999976352,0.5351264752958211,0.998670777810377,False
72,x,34,0.010179124999922351,0.008184351084480627,0.9999796705609395,False
72,x,35,0.007166542000049958,0.5298858197607376,0.9986837952855852,False
72,x,36,0.015242917001160095,400.26138444029306,0.005774637569283869,False
72,x,37,0.010901834000833333,0.38606580677783375,0.999041035604265,False
72,x,38,0.007592957999804639,21.8679789171591,0.9456812470307563,False
72,x,39,0.15511574999982258,5.408236223531549,0.9865662643750395,False
72,x,40,0.014734124999449705,1573.1142919458998,-2.9075219040725586,False
72,x,41,0.012950749998708488,75.36442303725913,0.8127992763694196,False
72,x,42,0.4097832089992153,3106009.2738143504,-7714.141445107069,False
72,x,47,1.1641965409999102,0.26003131592680345,0.9993540977486944,False
72,x,50,6.118281749999369,1022.437762190169,-1.5396743083219095,False
72,x,51,0.8073597090005933,36.411345854195915,0.909556392558078,False
72,x,52,6.543789999999717,135.0666799420121,0.6645024375622923,False
72,x,53,4.371018042000287,212.0429640116668,0.47329794743956743,False
72,x,54,10.011296582999421,0.0004477482054777765,0.9999988878202115,False
72,x,55,10.966333833001045,1864.3977360680572,-3.63105257443034,False
72,x,56,3.2877444999994623,179.90970608719465,0.5531150400894421,False
72,x,57,5.524306250001246,5.859591737709317,0.9854451242473302,False
72,x,59,8.564594833000228,0.09287847352244409,0.9997692954214682,False
72,y,0,0.026791500000399537,9.689598749211989,0.9792405102591631,False
72,y,1,0.008364374998564017,1.9126813208694349,0.9959021741471691,False
72,y,2,0.015093457999682869,401.77195188039894,0.1392233126376432,False
72,y,3,0.016507292000824236,0.013713238566410643,0.9999706200594368,False
72,y,4,0.014973125000324217,3.2668903457823215,0.9930008477778068,False
72,y,5,0.022067333999075345,0.01791358314704473,0.9999616210273317,False
72,y,6,0.018148874998587416,3.3589612419540424,0.99280359040173,False
72,y,7,0.012705375000223285,4.899545445555005,0.9895029643595887,False
72,y,8,0.01772454199999629,30.246761959812726,0.9351977970553909,False
72,y,9,0.01861658400048327,39.361718211707405,0.9156694506607816,False
72,y,10,0.007904542000687798,30.240950059454875,0.9352102487666512,False
72,y,11,0.04513666599996213,22.207104287618908,0.9524223690201815,False
72,y,19,0.01262995800061617,6.34283644623323e-12,0.9999999999999865,False
72,y,20,0.015789707998919766,0.9695304287340132,0.9979228286423759,False
72,y,21,0.021264915998472134,3.9996784581723843,0.9914308852132986,False
72,y,22,0.016606958000920713,739.3646425856687,-0.5840524576668298,False
72,y,23,0.007720458001131192,0.07337115864798077,0.999842805893758,False
72,y,24,0.014822749999439111,8.609057378490176,0.9815555171114204,False
72,y,25,0.014464665999184945,458.67874216732196,0.017303307514478394,False
72,y,26,0.011181374999068794,4.866375502143888,0.9895740293353188,False
72,y,27,0.014407874999960768,35.66247433076357,0.923594899111529,False
72,y,28,0.01766325000062352,232.72837595002866,0.5013908771682488,False
72,y,29,0.01483291700060363,15.505972086805668,0.9667792158592817,False
72,y,30,0.014607958000851795,36.98979094659789,0.9207511884086998,False
72,y,31,0.015873291000389145,7.0890299384959246,0.9848121012964897,False
72,y,33,0.008934416000556666,5.294517663668456,0.9886567557680813,False
72,y,34,0.009406416000274476,0.009481322116756433,0.9999796867327216,False
72,y,35,0.007760040998618933,5.665662215944935,0.9878615967811338,False
72,y,36,0.022225833001357387,466.68221933464446,0.00015625050558409903,False
72,y,37,0.01392758300062269,15.274314739622811,0.9672755303555476,False
72,y,38,0.007646000000022468,1.5979863036507964,0.996576392775879,False
72,y,39,0.020937916999173467,0.009754722916436743,0.9999791009849273,False
72,y,40,0.013412999998763553,1690.5396835263841,-2.621898297852396,False
72,y,41,0.012984749999304768,79.91497267175389,0.8287860933917988,False
72,y,42,0.40232375000050524,3178572.261327047,-6808.935061025458,False
72,y,47,0.8008404159991187,381.64000276202154,0.18235502551894145,False
72,y,51,8.247583458998633,5610.591126373958,-11.020416112428034,False
72,y,52,5.082766792000257,11.105112288039876,0.9762078419776512,False
72,y,53,5.359706500001266,468.3862263109559,-0.003494500806067835,False
72,y,54,9.190722957999242,0.0010828326106939686,0.9999976800842786,False
72,y,55,9.623523917000057,0.03340036364517907,0.9999284413602277,False
72,y,56,11.542379374999655,207.0399256999572,0.5564271210031866,False
72,y,57,5.682924291000745,7.452710805862361,0.9840329328881336,False
72,y,58,5.604516416000479,2279.43567316304,-3.8835790517924194,False
72,y,59,9.22227012499934,0.03983281696103719,0.9999146601447125,False
72,z,0,0.026571499998681247,0.0002971549774028628,0.9846923519007447,False
72,z,1,0.008426875001532608,3.472638066904707e-06,0.99982111044557,False
72,z,2,0.01694991699878301,0.016611866914209114,0.1442559191945565,False
72,z,3,0.16398629099967366,3.1486980247901264e-10,0.99999998377979,False
72,z,4,0.01810870799999975,7.814875196394093e-05,0.995974243457352,False
72,z,5,0.16764300000068033,3.7722052378579246e-10,0.9999999805678536,False
72,z,6,0.025396125000042957,8.047885884866317e-05,0.9958542102795916,False
72,z,7,0.011740375000954373,0.00014480899019946448,0.9925403064658187,False
72,z,8,0.013577749999967637,3.304711882383798e-05,0.9982976099876538,False
72,z,9,0.017940624999027932,0.0014085374499056501,0.9274405705526964,False
72,z,10,0.0075308329996914836,0.00064005900566494,0.9670279861804403,False
72,z,11,0.0453600410000945,0.00042439429525418333,0.9781377428577446,False
72,z,19,0.01359750000119675,3.9657214227101714e-07,0.9999795709738638,False
72,z,20,0.015925958001389517,2.299316481574053e-05,0.9988155295975057,False
72,z,21,0.024690624999493593,0.00015807398586671856,0.9918569731846899,False
72,z,22,0.012200041999676614,140.41941267503316,-7232.568740191018,False
72,z,23,0.007364332999713952,0.00015431084930514038,0.9920508274850202,False
72,z,24,0.01495329200042761,0.0002491125517463192,0.9871672104819892,False
72,z,25,0.015985457999704522,0.018723455090069386,0.03547951905101965,False
72,z,26,0.05701808300000266,0.00012534462963640104,0.9935429939677429,False
72,z,27,0.013540333000491955,0.0007978443353863148,0.9588998292042061,False
72,z,28,0.017584582999916165,0.009769024745456436,0.496758242505806,False
72,z,29,0.015485374999116175,0.0005058014160681249,0.9739441346298604,False
72,z,30,0.012958749999597785,0.0008512483731751175,0.956148772416616,False
72,z,31,0.014491665999230463,3.5525677711700108,-182.00705498901846,False
72,z,33,0.009890165998513112,0.00012421975525863483,0.993600940771398,False
72,z,34,0.009436708000066574,8.878696494948373e-17,0.9999999999999954,False
72,z,35,0.007414375000735163,0.00012792358183402869,0.993410141767012,False
72,z,36,0.015602791001583682,0.01937740034642167,0.0017921686054415131,False
72,z,37,0.010100833000251441,6.695537397998135,-343.91406208217705,False
72,z,38,0.007419958001264604,8.453270616114779,-434.4619700811157,False
72,z,39,0.1729380829983711,1.4143550359490469e-05,0.9992714088329617,False
72,z,40,0.014639791999798035,1474.5409789000507,-75958.53670441851,False
72,z,41,0.013120874999003718,0.003585830695684052,0.8152794379795218,False
72,z,42,0.40356995799993456,2986071.3480794253,-153824544.6804129,False
72,z,47,4.865771624999979,0.21463902446035743,-10.056919468497346,False
72,z,50,12.264376040999196,815.7185318889539,-42019.94255102648,False
72,z,51,7.499141125001188,13.968607266147243,-718.5791446460979,False
72,z,52,6.528971874999115,104.52398665122895,-5383.450967547067,False
72,z,53,1.9404692919997615,1413.730396927792,-72825.93903542426,False
72,z,54,9.617130207998343,5.191062689961608e-05,0.9973258748140915,False
72,z,55,9.546672374999616,0.3507567771338115,-17.06889239992107,False
72,z,56,0.8605710840001848,19.19487837103537,-987.8053903046804,False
72,z,57,5.754957749999448,10.291229571198693,-529.1426284742487,False
72,z,58,5.095976917000371,3.1702435520909473,-162.311996684306,False
72,z,59,9.52383112499956,0.6063130888919567,-30.233625914156253,False
73,x,0,0.03718591700089746,585.9519148451323,-0.5219389362256215,False
73,x,1,0.008469832999253413,78.4406871317479,0.7962598416259938,False
73,x,2,0.015747125000416418,384.1355367686715,0.002254595668162329,False
73,x,3,0.019637999999758904,344.5938383866658,0.10495935496222486,False
73,x,4,0.020467625001401757,0.5118539081769486,0.9986705216370534,False
73,x,5,0.056164042000091285,559.2365653143738,-0.45254906034052556,False
73,x,6,0.015758458999698632,0.6834205438575758,0.9982248981372673,False
73,x,7,0.012670333000642131,0.4411999519096614,0.9988540367076885,False
73,x,8,0.01155958399976953,11.366025987403736,0.9704781278768343,False
73,x,9,0.019440250000116066,381.61587362010914,0.008799114688948673,False
73,x,10,0.007073832999594742,118.86247677097116,0.6912691521764767,False
73,x,11,0.043548707999434555,143.32352704123602,0.6277345448407742,False
73,x,19,0.014247791001253063,1.2987933098234437e-12,0.9999999999999967,False
73,x,20,0.01809424999919429,112.85785413093141,0.7068654302356303,False
73,x,21,0.15680849999989732,1.6884948643598938,0.995614339653851,False
73,x,22,0.016509542001585942,1448.72096787604,-2.7628767700499237,False
73,x,23,0.007022792000498157,185.79020331199848,0.5174325107128638,False
73,x,24,0.016663124999467982,246.0787885405672,0.360840232499101,False
73,x,25,0.017781665999791585,380.7888106334705,0.01094731035174279,False
73,x,26,0.016510874998857616,217.020557176527,0.4363154594082481,False
73,x,27,0.012637499999982538,101.9984952394625,0.7350712961107215,False
73,x,28,0.020365874999697553,531.4214242191201,-0.3803026094339448,False
73,x,29,0.016442416999780107,364.2585066979054,0.0538827672549419,False
73,x,30,0.013401083000644576,119.94436084662279,0.6884590896824375,False
73,x,31,0.015250875001584063,123.77406443022464,0.6785118997331954,False
73,x,33,0.008655165998789016,1.1225739362397946,0.9970842505347781,False
73,x,34,0.009352332999696955,0.6577158793216594,0.9982916628816239,False
73,x,35,0.007839833999241819,7.130935551834418,0.9814782609407108,False
73,x,36,0.019083707999016042,93.22699308129027,0.7578542076867296,False
73,x,37,0.010205290998783312,189.19110080866528,0.5085990924968687,False
73,x,38,0.008431416001258185,4698.893198300353,-11.20480441223439,False
73,x,39,0.04201162500066857,400.6401882711281,-0.04061423215546922,False
73,x,40,0.013767124999503721,1346.4903662356953,-2.4973451979731784,False
73,x,41,0.014970666999943205,576.0108884623959,-0.4961183275124794,False
73,x,42,0.2319614170010027,,,False
73,x,47,0.30715720799889823,,,False
73,x,50,0.33629683400067734,,,False
73,x,51,0.2377037919995928,,,False
73,x,52,0.20751887499864097,,,False
73,x,53,0.19851579100031813,,,False
73,x,54,0.24053820799963432,,,False
73,x,55,0.31579654199958895,,,False
73,x,56,0.33970433400099864,,,False
73,x,57,0.21800033300132782,,,False
73,x,59,0.254459334000785,,,False
73,y,0,0.029645415999766556,18.332566230570595,0.9709663708595808,False
73,y,1,0.007877584001107607,1.7509741833248222,0.9972269493297492,False
73,y,2,0.013609749999886844,623.9766531350093,0.011796465832924041,False
73,y,3,0.015792666999914218,556.4199818471088,0.11878723381735046,False
73,y,4,0.14782320799895388,3.778254951597964,0.9940163067361665,False
73,y,5,0.02409566700043797,0.14791704072021075,0.9997657410070251,False
73,y,6,0.019284957999843755,3.5015871757577144,0.9944544706842915,False
73,y,7,0.012943166000695783,29.308155135497937,0.9535841247596336,False
73,y,8,0.011709250000421889,5.265849977732258,0.9916603745793311,False
73,y,9,0.019957958998929826,555.702039079042,0.11992425325096034,False
73,y,10,0.007196000000476488,8.446509635692415,0.9866231041955964,False
73,y,11,0.04332616700048675,15.205338164002363,0.975919020629412,False
73,y,19,0.01308341700132587,2.044389384958526e-12,0.9999999999999968,False
73,y,20,0.023234875001435285,631.4252398934468,-7.85267406655521e-10,False
73,y,21,0.019801500000539818,2.8543585330843997,0.9954794988306018,False
73,y,22,0.013008500000069034,3776.379686065616,-4.980723370621594,False
73,y,23,0.007140458999856492,43.353912007693125,0.9313395960398201,False
73,y,24,0.017128458001025137,442.97049808662007,0.298459310069357,False
73,y,25,0.018963750000693835,622.4312982058599,0.014243873431999177,False
73,y,26,0.017579041999852052,2652.5880343229132,-3.200953444391182,False
73,y,27,0.013140666000253987,8.543085571475169,0.9864701550739001,False
73,y,28,0.019637249999505002,3194.7610287226858,-4.059602989216178,False
73,y,29,0.01872245800041128,597.789124236131,0.053270146745428626,False
73,y,30,0.013156790999346413,54.171316146565204,0.9142078701221295,False
73,y,31,0.01658816700000898,43.552250355168,0.9310254838772083,False
73,y,33,0.009009958999740775,3.9902083056108317,0.9936806322322219,False
73,y,34,0.009489374999247957,1.0511939074342773,0.9983352044836897,False
73,y,35,0.013173291999919456,4.244914503417761,0.9932772492473259,False
73,y,36,0.020738625000376487,484.55090923738504,0.23260763269511464,False
73,y,37,0.00976625000112108,30.7908096805948,0.9512360169353228,False
73,y,38,0.008078333999947063,6317.21641929707,-9.004694182519225,False
73,y,39,0.14898333400014963,8.539057187095972,0.986476534901832,False
73,y,40,0.01426858299964806,3548.8251983249174,-4.620341058445113,False
73,y,41,0.019243374999859952,3194.9996023866393,-4.0599808228044925,False
73,y,42,0.23896129099921382,,,False
73,y,47,0.30656441700011783,,,False
73,y,51,0.2682756670001254,,,False
73,y,52,0.22273275000043213,,,False
73,y,53,0.19521625000015774,,,False
73,y,54,0.25677524999991874,,,False
73,y,55,0.2595643340009701,,,False
73,y,56,0.3317879999995057,,,False
73,y,57,0.21241858299981686,,,False
73,y,58,0.20826895799837075,,,False
73,y,59,0.2700435409988131,,,False
73,z,0,0.029800166999848443,33.67329107536304,0.9822593252011168,False
73,z,1,0.008847416000207886,40.331748776589045,0.9787513362589253,False
73,z,2,0.016481541000757716,1838.5794447741043,0.03134980336052762,False
73,z,3,0.020755625000674627,1647.3319050183125,0.13210800965822933,False
73,z,4,0.015656583000236424,5.07657008528879,0.9973254239160858,False
73,z,5,0.16718791600033,3.8597673234490274e-05,0.9999999796649289,False
73,z,6,0.7985745419991872,5.813152751157771,0.9969373574954787,False
73,z,7,0.011083540999607067,90.98241031033166,0.9520661835482099,False
73,z,8,0.016070083000158775,228.63392751047672,0.8795448847908292,False
73,z,9,0.02223562500148546,1780.2274420191065,0.06209238514212734,False
73,z,10,0.007850583000617917,155.20304677400844,0.9182317292820819,False
73,z,11,0.0443702079992363,215.0668002421562,0.8866926860640595,False
73,z,19,0.015054500001497217,3.3521557744149937,0.9982339265462352,False
73,z,20,0.016881416999240173,238.60888496557175,0.8742896076648873,False
73,z,21,0.016750832999605336,16.727405190832325,0.9911872155574117,False
73,z,22,0.010699292000936111,7789.333979425516,-3.1037877978604715,False
73,z,23,0.007551000000603381,346.53236292497553,0.8174304393300447,False
73,z,24,0.016880750001291744,1256.5198359984993,0.33800620382173074,False
73,z,25,0.01768445800007612,1862.5575627668657,0.01871700211021965,False
73,z,26,0.01552333299878228,3669.1488802531258,-0.933080343337225,False
73,z,27,0.013107665999996243,123.30116551815944,0.9350391420047037,False
73,z,28,0.028073249999579275,7502.809677685712,-2.9528333085066807,False
73,z,29,0.01755829100147821,1763.6569118441857,0.07082252044195336,False
73,z,30,0.014693167000586982,365.02024894439927,0.8076901507180596,False
73,z,31,0.015128957998967962,1497.5146037146949,0.21103881614593822,False
73,z,33,0.009991832999730832,8.508675680885357,0.9955172291331453,False
73,z,34,0.009967416001018137,1.4027754548496423e-11,0.9999999999999926,False
73,z,35,0.0074486670000624144,10.267549711903593,0.9945905715003449,False
73,z,36,0.018744707998848753,1587.079655582524,0.1638517308391857,False
73,z,37,0.013499042001058115,138.87285297102497,0.9268352440681205,False
73,z,38,0.007843458999559516,5554.400857423614,-1.9263198270003943,False
73,z,39,0.15557254099985585,180.37928201183536,0.9049677034696108,False
73,z,40,0.012804458998289192,17495.563240195097,-8.217486261528123,False
73,z,41,0.015178290999756427,7543.127489106011,-2.9740746293924083,False
73,z,42,0.23561433299983037,,,False
73,z,47,0.30761837499994726,,,False
73,z,50,0.33172799999920244,,,False
73,z,51,0.23976266600038798,,,False
73,z,52,0.2055993750000198,,,False
73,z,53,0.20830020799985505,,,False
73,z,54,0.2405551670017303,,,False
73,z,55,0.25597587499942165,,,False
73,z,56,0.3457481670011475,,,False
73,z,57,0.19796341599976586,,,False
73,z,58,0.19318570799987356,,,False
73,z,59,0.25008729100045457,,,False
74,x,0,0.027693833000739687,1057.2138355840361,-2.864823176998419,False
74,x,1,0.008792791999439942,1.080976920181873,0.9960483068663102,False
74,x,2,0.01472079199993459,83.83746318225782,0.6935180377879313,False
74,x,3,0.1441594999996596,0.9765005559663104,0.9964302378061808,False
74,x,4,0.15591874999881838,0.7478012530941173,0.9972662866134834,False
74,x,5,0.14629525000054855,0.9764319413751982,0.9964304886383711,False
74,x,6,0.14986641700124892,0.746404419957832,0.9972713929721951,False
74,x,7,0.010973041999022826,0.906458239295995,0.9966862892876567,False
74,x,8,0.020595957999830716,44.79880060769391,0.8362304416923382,False
74,x,9,0.01686462500038033,3.15938875495248,0.98845032246618,False
74,x,10,0.007849749999877531,8.809817934252264,0.9677942272495657,False
74,x,11,0.04539816599935875,7.668171133215628,0.9719677093475889,False
74,x,19,0.0243038329990668,1.1554291276093326e-11,0.9999999999999578,False
74,x,20,0.015925083000183804,0.5044347080340927,0.9981559539940985,False
74,x,21,0.019256041001426638,1.640568412757935,0.9940026259478758,False
74,x,22,0.01869033299954026,331.492366587753,-0.21182615878145095,False
74,x,23,0.007579207998787751,1.918516013922789,0.992986541694325,False
74,x,24,0.013847207999788225,2.372110910522988,0.9913283491789194,False
74,x,25,0.016945624998697895,2.4459831533873366,0.9910582967574041,False
74,x,26,0.08814424999945913,1.44197668792982,0.9947286114344844,False
74,x,27,0.01415712500056543,9.451221032489329,0.9654494702321778,False
74,x,28,0.01879541700145637,3.7173145234387692,0.9864107308826104,False
74,x,29,0.14756608299830987,11.056936544593157,0.9595795068265092,False
74,x,30,0.019352291999894078,9.999627881254296,0.9634446766623314,False
74,x,31,0.018953333001263672,52.02837999036,0.8098014970288943,False
74,x,33,0.010504083998966962,0.7475636457271458,0.9972671552272189,False
74,x,34,0.01017370899899106,0.00032649892109071226,0.9999988064282219,False
74,x,35,0.007205083000371815,0.7447055301722431,0.9972776035498452,False
74,x,36,0.016436832998806494,82.38892583320037,0.6988134099548047,False
74,x,37,0.014496834000965464,0.07704000399071698,0.9997183672943375,False
74,x,38,0.007700790998569573,1.7749351990943603,0.9935114255373506,False
74,x,39,0.15220370899987756,1.1923238795069877,0.995641259309228,False
74,x,40,0.011292291999779991,1564.332608349778,-4.718681233437246,False
74,x,41,0.014252332999603823,0.9331801150523755,0.9965886029717195,False
74,x,42,2.8239039170002798,0.11575620878395282,0.9995768336891443,False
74,x,47,0.8018735839996225,0.04722623859425705,0.9998273565334295,False
74,x,50,2.821542875000887,883.6636683661047,-2.2303813204318463,False
74,x,51,7.028125333001299,2.8600523398019973e-05,0.9999998954459713,False
74,x,52,6.495474875000582,0.564716376411658,0.9979355842058379,False
74,x,53,5.103270375000648,0.0001232308185931834,0.9999995495089945,False
74,x,54,8.802426333000767,2.019742449306463e-06,0.9999999926164914,False
74,x,55,5.802992709001046,3.086436333991611,0.9887170123238587,False
74,x,56,10.013715500001126,398.6465287567781,-0.45731950520495945,False
74,x,57,5.483110000001034,3.6378800495012844,0.9867011169763157,False
74,x,59,8.940173166000022,1.9692833985214504e-08,0.9999999999280095,False
74,y,0,0.02572991700071725,2771.7429158409336,-3.764177067161109,False
74,y,1,0.010103624999828753,0.3609519701676432,0.9993795820352633,False
74,y,2,0.013969708001241088,206.75337057946956,0.644624448738196,False
74,y,3,0.018542916999649606,0.006320339709290444,0.9999891363598956,False
74,y,4,0.021332833000997198,3.1759575977929457,0.994541043374836,False
74,y,5,0.019320416999107692,0.00541649643180357,0.9999906899200726,False
74,y,6,0.1531358749998617,3.45561905167576,0.9940603506390333,False
74,y,7,0.015129165998587268,4.0873254131165835,0.9929745497362309,False
74,y,8,0.015548250001302222,1.6328581044995294,0.9971933814312557,False
74,y,9,0.017746916999385576,13.100537015131422,0.9774822990767712,False
74,y,10,0.007154791999710142,40.828945064753036,0.9298216574696785,False
74,y,11,0.04298991600080626,37.204946993061604,0.9360507230896947,False
74,y,19,0.013547166001444566,6.9643010443069706e-12,0.999999999999988,False
74,y,20,0.017208209001182695,1.0704304762210974,0.9981601034144771,False
74,y,21,0.02205566600059683,581.7883922292506,-1.2923107028939285e-10,False
74,y,22,0.01814008300061687,223.6414372890219,0.615596597826588,False
74,y,23,0.007243291000122554,0.013290336023413554,0.9999771560653278,False
74,y,24,0.013051874999291613,9.54587089314889,0.9835921943065838,False
74,y,25,0.013174375000744476,9.871867308332966,0.9830318592782807,False
74,y,26,0.010750999999800115,4.91288281361714,0.9915555502999515,False
74,y,27,0.012562666999656358,42.81292660449207,0.9264115145955771,False
74,y,28,0.01904087500042806,20.321593307500507,0.9650704730765425,False
74,y,29,0.020846584000537405,581.788392163241,-1.5771384198615124e-11,False
74,y,30,0.012712207999356906,44.424350795788904,0.9236417374514672,False
74,y,31,0.014048707998881582,45.748507927596876,0.9213657258471357,False
74,y,33,0.009699250000267057,5.059549549784765,0.9913034539395813,False
74,y,34,0.009935457999745267,0.0006957247199899961,0.9999988041619094,False
74,y,35,0.0073727500002860324,5.118379475422059,0.9912023348274941,False
74,y,36,0.016545167000003858,203.14505368409576,0.6508265609563756,False
74,y,37,0.009703457999421516,0.002584430387028985,0.9999955577828264,False
74,y,38,0.007062374999804888,1.0484448112883749,0.9981978932109551,False
74,y,39,0.02949741700103914,0.005081858531442362,0.9999912651084141,False
74,y,40,0.011244957999224425,1211.856495153482,-1.0829850019293037,False
74,y,41,0.013301167000463465,11.151583477483744,0.9808322344895966,False
74,y,42,2.4082643750007264,0.11103478982056471,0.999809149183246,False
74,y,47,12.998395000000528,0.00013705562867023278,0.9999997644235765,False
74,y,51,8.417081000001417,3333.8748467602827,-4.730390794523495,False
74,y,52,6.467988750000586,7.378209334632445e-06,0.9999999873180534,False
74,y,53,5.919975875000091,266.56166570160156,0.5418236779962902,False
74,y,54,8.599656458000027,1.5946311932221415e-06,0.9999999972590873,False
74,y,55,9.677644500001406,0.00012229448630236587,0.999999789795589,False
74,y,56,10.184613125000396,70.26759729503308,0.8792213831649888,False
74,y,57,5.870136374998765,4.949185328034516,0.9914931521584502,False
74,y,58,5.996280833000128,664.3179098625853,-0.14185487167070376,False
74,y,59,8.803133792000153,0.00024243536425263098,0.9999995832928819,False
74,z,0,0.02465120799934084,55.0611076620521,-3.4859261488877165,False
74,z,1,0.00813462500082096,0.00012497957475328294,0.9999898176922647,False
74,z,2,0.013990792000186048,4.1792401835587665,0.659509886052847,False
74,z,3,0.1676050000005489,1.3600704542098367e-07,0.9999999889192647,False
74,z,4,0.05456045900064055,0.05278128183988559,0.9956998153064666,False
74,z,5,0.16665508299956855,2.3820148197553912e-07,0.9999999805933025,False
74,z,6,0.13313441600075748,0.08185767075658734,0.9933309103044599,False
74,z,7,0.013211917001171969,0.07306059553079124,0.9940476236337911,False
74,z,8,0.014695332998599042,0.0242092075201033,0.9980276329033401,False
74,z,9,0.017436750000342727,0.23202016631359065,0.9810969053233787,False
74,z,10,0.007330791000640602,0.6943901637893152,0.9434268011389871,False
74,z,11,0.044439833000069484,0.6259513523292967,0.9490026325554496,False
74,z,19,0.012892499998997664,1.4687516952158957e-05,0.9999988033819305,False
74,z,20,0.01716429199950653,0.003141602443468502,0.9997440480740587,False
74,z,21,0.023937624999234686,12.274189506183971,-2.575051283315588e-12,False
74,z,22,0.013017666999076027,5.553651167114417,0.5475341842872248,False
74,z,23,0.00799104200086731,0.007263903893995802,0.9994081968597311,False
74,z,24,0.013304375001098379,0.17177835049689286,0.9860049129589542,False
74,z,25,0.013057792000836344,0.17742556833182757,0.9855448241007772,False
74,z,26,0.013066499999695225,0.08089716297633327,0.9934091645777683,False
74,z,27,0.01278324999839242,0.7320934588084193,0.9403550467881027,False
74,z,28,0.01878062499963562,0.33024874524485354,0.9730940486881583,False
74,z,29,0.12943833399913274,0.8245807162280729,0.932819945804588,False
74,z,30,0.013917124999352382,0.7631814898492623,0.9378222497325203,False
74,z,31,0.017051415999958408,0.25966322712679174,0.9788447761054498,False
74,z,33,0.009764916998392437,0.08194812502948481,0.9933235408343329,False
74,z,34,0.009144833000391372,1.1505682178665349e-13,0.9999999999999907,False
74,z,35,0.007324374999370775,0.08256083319457078,0.9932736224128536,False
74,z,36,0.017279584000789328,4.106623265133691,0.6654261152579346,False
74,z,37,0.009693082998637692,0.5084119808135318,0.9585787737301357,False
74,z,38,0.007316875000469736,0.12183672300873834,0.9900737459733966,False
74,z,39,0.1571278749997873,0.000510191619726387,0.9999584337833899,False
74,z,40,0.011104416000307538,1434.7576385281425,-115.89225083326103,False
74,z,41,0.01342004099933547,0.15621111170152166,0.987273203528166,False
74,z,42,2.55639233400143,0.11251460779237264,0.9908332352424594,False
74,z,47,13.495487791000414,0.00012338280484869128,0.9999899477839423,False
74,z,50,5.281865500001004,33.62539543785862,-1.73952063563986,False
74,z,51,7.046858124998835,0.00013318458380134546,0.9999891492156174,False
74,z,52,5.762624999999389,8.478980303871515e-06,0.9999993092024284,False
74,z,53,5.380834792000314,12.592111492843683,-0.0259016684182658,False
74,z,54,8.894871916001648,2.58559779567752e-06,0.9999997893467594,False
74,z,55,9.979724541000905,1.2977619929662747e-06,0.9999998942690275,False
74,z,56,4.915169334000893,12.725469209084952,-0.0367665582078871,False
74,z,57,5.687662250000358,0.000628531468172387,0.9999487924259393,False
74,z,58,5.165145417000531,0.07004103315595814,0.9942936327387767,False
74,z,59,8.608902042000409,0.0006769452824498678,0.9999448480665782,False
75,x,0,0.06121691599946644,0.25956969048702805,0.9873418497282135,False
75,x,1,0.008192207998945378,0.02554566838436409,0.9987542424210015,False
75,x,2,0.16029270900071424,0.025467552492726322,0.998758051812973,False
75,x,3,0.1384187080002448,0.025478177099948575,0.9987575336944109,False
75,x,4,0.03506079200087697,0.057817685512351155,0.9971804683736031,False
75,x,5,0.16852612500042596,0.02546846606256923,0.9987580072619149,False
75,x,6,0.16664462499829824,0.08725898346647516,0.995744736902026,False
75,x,7,0.012913833999846247,0.08419115863944622,0.9958943421490608,False
75,x,8,0.012579165999341058,0.02946293903135522,0.9985632131817562,False
75,x,9,0.14256658399972366,0.27647485344739225,0.9865174541960549,False
75,x,10,0.008069665998846176,1.0321269953559797,0.9496673953639577,False
75,x,11,0.04501279200121644,1.0298211325436681,0.949779842845517,False
75,x,19,0.05287854099879041,3.772410991636483e-12,0.999999999999816,False
75,x,20,0.034019624999928055,20.506131356882616,-6.631683868718596e-09,False
75,x,21,0.021465540999997756,20.506131239957202,-9.297103087391179e-10,False
75,x,22,0.016497749998961808,10.812785121326785,0.47270477278959855,False
75,x,23,0.007208333001472056,0.026127587906658922,0.9987258645901944,False
75,x,24,0.03965558299933036,0.22906683617650664,0.9888293489537839,False
75,x,25,0.01996412500011502,20.506131250775738,-1.457286069594943e-09,False
75,x,26,0.017229250001037144,0.0872215367313279,0.9957465630258688,False
75,x,27,0.012695125000391272,1.033282243976676,0.9496110586221194,False
75,x,28,0.019253791000664933,1.0340054590975485,0.9495757903838992,False
75,x,29,0.12311770800079103,1.0361532788168641,0.9494710500164364,False
75,x,30,0.012400665998939076,1.0344340945610044,0.9495548875885919,False
75,x,31,0.013589000000138185,1.0350696600510014,0.9495238936637431,False
75,x,33,0.009781165999811492,0.08723506189743505,0.9957459034589344,False
75,x,34,0.00921504100006132,8.162803074786916e-09,0.9999999996019335,False
75,x,35,0.007265666999956011,0.08723667942983272,0.9957458245785069,False
75,x,36,0.16320020900093368,0.025633903870314244,0.9987499395378784,False
75,x,37,0.009687082998425467,0.030033820283666336,0.9985353736421492,False
75,x,38,0.00800945900118677,0.02519197439501132,0.9987714906276741,False
75,x,39,0.15824699999939185,0.02562945703208642,0.9987501563919589,False
75,x,40,0.02087629199922958,1428.160976744669,-68.64555924081904,False
75,x,41,0.013376457998674596,0.0013829591493671179,0.9999325587486753,False
75,x,42,2.2117672090007545,0.00014737920482580535,0.9999928129200365,False
75,x,47,0.609439250001742,0.18275083034185044,0.9910879907880596,False
75,x,50,10.472145792000447,15.176762474975938,0.2598914777491871,False
75,x,51,7.080068834000485,0.0014572524119496513,0.9999289357706604,False
75,x,52,5.991026166999291,0.00014624919614835907,0.9999928680259298,False
75,x,53,5.232210416999806,4.361470380375562e-06,0.9999997873089598,False
75,x,54,9.753660917000161,1.5061859107709742e-07,0.9999999926549484,False
75,x,55,9.656940790999215,4.581986205517616e-07,0.9999999776555306,False
75,x,56,1.7724160830002802,63.34700174249523,-2.089173723708296,False
75,x,57,5.539618167000299,8.10524465435108e-05,0.9999960474042777,False
75,x,59,3.7451684579991706,9.599994961652013e-10,0.9999999999531848,False
75,y,0,0.048420416000226396,12.551800530806453,0.9848852001356219,False
75,y,1,0.008528332999048871,0.0005481872252091866,0.9999993398763646,False
75,y,2,0.06582425000124204,1.4012649007079194e-05,0.9999999831260555,False
75,y,3,0.01603445900036604,1.3949827473652767e-05,0.9999999832017048,False
75,y,4,0.07376295900030527,3.683356041509599,0.9955645256423551,False
75,y,5,0.07756679200065264,1.0729091935790895e-05,0.9999999870800944,False
75,y,6,0.12683491700045124,3.683954718618324,0.9955638047191171,False
75,y,7,0.022649665999779245,4.644024861269337,0.9944076942450605,False
75,y,8,0.025382249999893247,91.74596359713628,0.8895200832158112,False
75,y,9,0.15293870900131878,55.02549496665502,0.9337386423710242,False
75,y,10,0.008324917000209098,55.8739367634785,0.9327169540543492,False
75,y,11,0.04615229100090801,55.76691843106437,0.9328458248623491,False
75,y,19,0.012390709000101197,1.0326530272513273e-13,0.9999999999999999,False
75,y,20,0.01560470799995528,0.030088704858257872,0.999963767369391,False
75,y,21,0.01932854199912981,6.7253972097344095,0.9919013186527231,False
75,y,22,0.014413124999919091,903.5045909900246,-0.08799458976771923,False
75,y,23,0.007602666999446228,0.00014424741976072617,0.9999998262981573,False
75,y,24,0.01935237500038056,830.431143212723,-4.418687638008123e-14,False
75,y,25,0.031281749999834574,12.044598687976004,0.9854959694293508,False
75,y,26,0.02835945800143236,5.628943879240183,0.9932216609104236,False
75,y,27,0.014135167000858928,55.927544308013424,0.9326524001837808,False
75,y,28,0.026941749998513842,55.959932722221,0.9326133982575256,False
75,y,29,0.12591170800078544,56.05865049851479,0.9324945229274026,False
75,y,30,0.04124829200009117,55.98027163384914,0.9325889062670766,False
75,y,31,0.01938699999845994,55.98864425558705,0.9325788240082327,False
75,y,33,0.011623832999248407,5.675047580873122,0.9931661431206469,False
75,y,34,0.010048041998743429,3.319363376795122e-07,0.9999999996002843,False
75,y,35,0.009741084000779665,5.6758469182573625,0.9931651805635573,False
75,y,36,0.07326424999882875,1.3983293330708329e-05,0.9999999831614055,False
75,y,37,0.02015462500094145,0.0015050419425429295,0.9999981876378856,False
75,y,38,0.007930125000711996,0.0005862098491249243,0.9999992940897582,False
75,y,39,0.07762908299991977,1.1119377152254273e-05,0.9999999866101155,False
75,y,40,0.015699333998782095,1687.4528473982396,-1.0320201875738868,False
75,y,41,0.01786716599963256,1.6294711645075919,0.9980378009931038,False
75,y,42,5.840192375000697,4.5240234801555546e-05,0.9999999455219916,False
75,y,47,0.6761619580011029,0.659466217541721,0.999205874896514,False
75,y,51,7.801933791999545,14.190644108066838,0.9829117149277813,False
75,y,52,5.994896959000471,3.298664984746696e-06,0.9999999960277682,False
75,y,53,5.103201125000851,0.00015156545339739977,0.9999998174858269,False
75,y,54,8.832423750000089,0.0008146245951429283,0.9999990190341466,False
75,y,55,9.25568920799924,1.783086252665477e-10,0.9999999999997853,False
75,y,56,10.070317499999874,30.794218666167303,0.962917794066545,False
75,y,57,4.9169854579995445,1.0116407259624297e-09,0.9999999999987818,False
75,y,58,5.46762091599885,1.839820826909321e-05,0.9999999778449924,False
75,y,59,8.358991125000102,8.799221822564633e-11,0.9999999999998941,False
75,z,0,0.02615545799926622,2219.7065602689645,-3.4998664291424726,False
75,z,1,0.007961500001329114,1.6594563463876181e-06,0.9999999966358923,False
75,z,2,0.16273016599916446,5.9533214403285786e-06,0.9999999879312195,False
75,z,3,0.1377738750015851,5.935908942386442e-05,0.999999879665187,False
75,z,4,0.0824922499996319,2.1695759189171095,0.9956017601525545,False
75,z,5,0.16596345800098788,1.0135008307139336e-05,0.9999999794539582,False
75,z,6,0.1415237920009531,3.2802429615707926,0.9933501772502692,False
75,z,7,0.03703141599908122,2.7418509114336485,0.9944416243611143,False
75,z,8,0.011943457999223028,1.1588116829424475,0.9976508166065252,False
75,z,9,0.1473946670012083,8.831021608089374,0.9820974454999772,False
75,z,10,0.007726207999439794,32.97498695354155,0.9331519582589903,False
75,z,11,0.04751399999986461,32.91161146168772,0.9332804352628106,False
75,z,19,0.13779137499841454,1.9649782389851427e-07,0.9999999996016528,False
75,z,20,0.030665457999930368,493.2827678413616,-3.0701616804407195e-09,False
75,z,21,0.02131100000042352,493.2827669024674,-1.1668026544953136e-09,False
75,z,22,0.016199042000152986,439.69135530405174,0.10864237447804181,False
75,z,23,0.007148125001549488,0.00010619241547703665,0.9999997847230377,False
75,z,24,0.02136895799958438,7.111265792010957,0.9855837943722157,False
75,z,25,0.017387500000040745,493.28276713238427,-1.632898705139496e-09,False
75,z,26,0.012255166999239009,3.313086072154759,0.9932835965528966,False
75,z,27,0.014711542000441113,33.00673307270377,0.9330876014208251,False
75,z,28,0.02392758300084097,33.02592980743137,0.9330486851317552,False
75,z,29,0.11485249999896041,33.08711746858976,0.932924643374501,False
75,z,30,0.016012250000130734,33.038374843774015,0.9330234561207453,False
75,z,31,0.016281375001199194,33.04159982697141,0.9330169183225137,False
75,z,33,0.010938000001260662,3.339207020313201,0.9932306432572585,False
75,z,34,0.010227500000837608,6.921008661284508e-12,0.999999999999986,False
75,z,35,0.010147625000172411,3.339668652085203,0.9932297074212563,False
75,z,36,0.16356245899987698,2.0258812227442972e-05,0.9999999589306304,False
75,z,37,0.009474458000113373,0.00018850882454577055,0.999999617848347,False
75,z,38,0.007036667000647867,7.497006619424371e-07,0.9999999984801807,False
75,z,39,0.1656145410015597,2.0393608087001897e-05,0.9999999586573676,False
75,z,40,0.019311457999720005,1252.6363073418424,-1.5393879390298975,False
75,z,41,0.013084792000881862,0.9303436038112451,0.9981139750517968,False
75,z,42,0.43680391699854226,5.197386534209043e-11,0.9999999999998946,False
75,z,47,3.8465759579994483,1.011004462620818e-05,0.9999999795045655,False
75,z,50,10.511878499999511,3.023051645855105e-07,0.9999999993871564,False
75,z,51,6.670553916999779,1.7156117748695757e-06,0.9999999965220521,False
75,z,52,5.6551691250006115,0.00017501903774724763,0.9999996451953125,False
75,z,53,3.073664749999807,4.2476818703311565,0.9913889514082149,False
75,z,54,9.293093250000311,4.905040779685365e-11,0.9999999999999005,False
75,z,55,7.186759915999573,1.1325265032084129e-07,0.9999999997704103,False
75,z,56,11.242480708000585,4.597395767874556e-10,0.999999999999068,False
75,z,57,5.697274375001143,1.393713445261368e-05,0.9999999717461557,False
75,z,58,5.756360790999679,0.00585714997665554,0.9999881261816214,False
75,z,59,9.118736417000036,0.015362116959676281,0.9999688573815906,False
76,x,0,0.030314207999253995,13.395360698723927,0.9798174860092044,False
76,x,1,0.008585999999922933,1.1496238817542497,0.9982678853821482,False
76,x,2,0.01585904099920299,624.6767044129714,0.05881247917871235,False
76,x,3,0.01582383400091203,244.66927140116164,0.6313618495064395,False
76,x,4,0.014935458000763902,3.732846778677011,0.9943757966634432,False
76,x,5,0.025475333000940736,4.870908598980953e-05,0.9999999266110237,False
76,x,6,0.01482804099941859,3.871542101369792,0.9941668272781715,False
76,x,7,0.012711332999970182,7.770750431433703,0.9882919704195549,False
76,x,8,0.021706166000512894,48.57895429520769,0.9268070903970023,False
76,x,9,0.018703042000197456,312.049882366301,0.5298408711544481,False
76,x,10,0.007692708999456954,20.698460342134457,0.9688140562364362,False
76,x,11,0.0439627499999915,10.668735095898311,0.9839256366304812,False
76,x,19,0.013469416999214445,8.663419210525609e-12,0.9999999999999869,False
76,x,20,0.015677499999583233,1.4605241579748718,0.9977994583411979,False
76,x,21,0.020972750000510132,5.117722097078754,0.9922892335526929,False
76,x,22,0.014383375000761589,2830.9842520309867,-3.2653856480162053,False
76,x,23,0.007597833000545506,6.301176729784336,0.9905061468393708,False
76,x,24,0.01527337500010617,624.5342669853832,0.05902708671633394,False
76,x,25,0.016704541998478817,607.87492941808,0.08412736740989668,False
76,x,26,0.014499834000162082,5.27111804116072,0.9920581150440394,False
76,x,27,0.014305749999039108,30.091624898506062,0.9546615687192561,False
76,x,28,0.01926504099901649,3271.129982220048,-3.9285441517193487,False
76,x,29,0.015371708001111983,20.625449246504157,0.9689240605500328,False
76,x,30,0.017005542000333662,26.79386847189257,0.9596302303861796,False
76,x,31,0.015542166998784523,11.901783474425828,0.9820678280420697,False
76,x,33,0.009000082998682046,5.326738069037054,0.9919743134939334,False
76,x,34,0.010005041000113124,0.06443812591410442,0.9999029124032527,False
76,x,35,0.007945416000438854,6.058608803465042,0.9908716189365219,False
76,x,36,0.017511915999421035,556.1345928856933,0.16208346649820582,False
76,x,37,0.015382334000605624,68.25462707744958,0.8971621595782493,False
76,x,38,0.00754087499990419,55.331063551577465,0.9166338264887713,False
76,x,39,0.03570495799976925,0.00015879283186185606,0.9999997607501118,False
76,x,40,0.017735958001139807,18758.07336381843,-27.262402679585957,False
76,x,41,0.013612041000669706,2841.4430332173115,-3.28114367815568,False
76,x,42,1.0084522920005838,7.98900078779593e-05,0.999999879631371,False
76,x,47,0.8206313749997207,46.92112943364155,0.9293049009610758,False
76,x,50,1.0894141249991662,0.9102829384428877,0.9986284954504842,False
76,x,51,0.47231579099934606,86.76609162801097,0.8692713173169122,False
76,x,52,1.0008172089983418,252.5350824289193,0.6195105940839709,False
76,x,53,0.47267666699917754,10751.277826375093,-15.198728800965885,False
76,x,54,8.652081041998827,0.0003029152259845914,0.9999995436038698,False
76,x,55,4.118046207999214,0.9362114248611455,0.9985894295341817,False
76,x,56,4.2263918749995355,35.86711262828249,0.9459597603445861,False
76,x,57,5.509791500000574,5.831690852312271,0.9912135115385136,False
76,x,59,1.8222676669993234,1.7160347561769271,0.9974144857869687,False
76,y,0,0.030984499999249238,1.5888668486799173,0.9930143753976554,False
76,y,1,0.008189667001715861,12.971488212716768,0.9429694519316941,False
76,y,2,0.021740209000199684,213.83258339960105,0.05986196601670868,False
76,y,3,0.01705720899917651,51.131824689199476,0.7751934135900636,False
76,y,4,0.019675416999234585,0.027143367890613557,0.9998806612532166,False
76,y,5,0.15958237499944516,10.055900199153365,0.9557881493415943,False
76,y,6,0.015059875000588363,0.03680074044728275,0.9998382015723554,False
76,y,7,0.012387208000291139,0.07439521968593744,0.9996729133864385,False
76,y,8,0.012778958998751477,1.8681278249773903,0.9917865743719626,False
76,y,9,0.017262625000512344,112.96810098835684,0.5033235502395481,False
76,y,10,0.0070430420000775484,4.124330598153343,0.9818669353454005,False
76,y,11,0.04392670800007181,9.063542025663294,0.9601511591663822,False
76,y,19,0.01983120800105098,1.003740968007217e-11,0.9999999999999559,False
76,y,20,0.016640583000480547,17.693335195737358,0.9222093419951689,False
76,y,21,0.024507207999704406,0.06533447953454233,0.9997127499085294,False
76,y,22,0.011181042000316666,302.1809142407103,-0.3285710068359262,False
76,y,23,0.007233624999571475,31.266741622455225,0.8625323955280173,False
76,y,24,0.015278917000614456,183.413880787382,0.19360107544294458,False
76,y,25,0.01516112500030431,206.5167794155421,0.09202668789974999,False
76,y,26,0.08540958300000057,36.92258602767427,0.8376658651092115,False
76,y,27,0.012572083000122802,1.876416763735068,0.9917501311580073,False
76,y,28,0.019372708000446437,473.4992888280336,-1.081790732796732,False
76,y,29,0.01612725000086357,0.5649798784732151,0.9975160049804228,False
76,y,30,0.012400790999890887,1.9785666197876375,0.9913010182898273,False
76,y,31,0.01884925000013027,24.73723073380778,0.8912400949446861,False
76,y,33,0.017509750001408975,0.3043826192823066,0.9986617489592969,False
76,y,34,0.009485665999818593,0.02160902101942058,0.9999049936066127,False
76,y,35,0.007738417001746711,0.7000895953966694,0.99692198052624,False
76,y,36,0.014967957999033388,225.96152651322092,0.006535758420813331,False
76,y,37,0.00998733300002641,59.59644527652273,0.7379777955076259,False
76,y,38,0.007372457999736071,38.711957647596776,0.8297986996376345,False
76,y,39,0.1495529580006405,16.39639990490913,0.9279114579923564,False
76,y,40,0.013385874999585212,1420.841784078349,-5.2468842692157525,False
76,y,41,0.013870249998944928,499.81105538258277,-1.1974732545431688,False
76,y,42,6.842076958000689,2.0392121103250787e-07,0.9999999991034384,False
76,y,47,1.2095953329990152,99.99594216663218,0.5603570467127419,False
76,y,51,8.539442707999115,2176.148221026501,-8.567670546957018,False
76,y,52,0.4390687909999542,35.496753457199084,0.8439346919095259,False
76,y,53,3.333578125000713,806.1097370772368,-2.544148470461757,False
76,y,54,0.4703739590004261,0.00010154535441969431,0.9999995535448885,False
76,y,55,9.753712333000294,7.765984610908833,0.9658560103985633,False
76,y,56,5.521013292000134,238.03439077795193,-0.04654389246279811,False
76,y,57,5.921886624999388,11.214483327083263,0.9506943135623075,False
76,y,58,0.8809107500001119,12076.002756494536,-52.09344960141731,False
76,y,59,9.022356250001394,0.9132631025130266,0.9959847401922766,False
76,z,0,0.030891124999470776,9.334910275469413,0.9843810954424507,False
76,z,1,0.008056915999986813,0.5348648423451485,0.9991050794622279,False
76,z,2,0.01743204199920001,560.9481671982076,0.06143759000828042,False
76,z,3,0.01574925000022631,202.32685833347085,0.6614724944873258,False
76,z,4,0.016597874999206397,2.2033529066638122,0.9963134130119906,False
76,z,5,0.1702435000006517,1.0441145008109338e-05,0.9999999825301752,False
76,z,6,0.015519999999014544,5.66611754019894,0.9905196143872124,False
76,z,7,0.010350625001592562,6.3220388710509035,0.9894221455994556,False
76,z,8,0.012403249998897081,1.3498271122702608,0.9977415079295252,False
76,z,9,0.0183922079995682,291.85788560857543,0.5116717434695142,False
76,z,10,0.007300499999473686,8.697783501704576,0.985447117715492,False
76,z,11,0.04356237499996496,5.324947949976934,0.9910904495758075,False
76,z,19,0.013322458000402548,0.05838167570591407,0.999902317452032,False
76,z,20,0.017213500001162174,7.281400804132022,0.9878169686854026,False
76,z,21,0.02346558399949572,597.6674127374243,-1.3217826833056279e-10,False
76,z,22,0.017642625000007683,1730.3909539199649,-1.8952405924612536,False
76,z,23,0.0077055839992681285,16.77429186203518,0.9719337352066376,False
76,z,24,0.015291417001208174,548.3324476958408,0.08254585061471398,False
76,z,25,0.017688125000859145,543.2771232210815,0.09100427476113548,False
76,z,26,0.08200837499862246,6.947616616196814,0.9883754468303805,False
76,z,27,0.013244874999145395,13.482293789424965,0.9774418121117635,False
76,z,28,0.020173417000478366,2613.598325259565,-3.3729978745775595,False
76,z,29,0.015431166999405832,15.735592871926242,0.9736716566126061,False
76,z,30,0.01288629100054095,12.57561775863807,0.9789588364828162,False
76,z,31,0.017011750000165193,2.621132568177427,0.9956143960459236,False
76,z,33,0.009812124999371008,3.5944356493950544,0.9939858932020286,False
76,z,34,0.009218832999977167,6.23385192343432e-12,0.9999999999999896,False
76,z,35,0.007160666000345373,3.8171245317565567,0.993613296541001,False
76,z,36,0.017124792000686284,177.6331203184725,0.7027893498018236,False
76,z,37,0.012503333999120514,18.610972763507174,0.9688606533176611,False
76,z,38,0.0075409999990370125,86.08130496435264,0.8559712255659668,False
76,z,39,0.1546425829983491,2.2229878288126543,0.9962805604225186,False
76,z,40,0.01212712499909685,1173.8038665823024,-0.9639750164079062,False
76,z,41,0.013432959000056144,2316.3779992650893,-2.875697336352732,False
76,z,42,6.843457541999669,2.4415872479690548e-08,0.999999999959148,False
76,z,47,0.6921539590002794,85.29799355410196,0.8572818397866193,False
76,z,50,12.153260499999305,1772.7475247025777,-1.966110393767989,False
76,z,51,7.278785582999262,75.44383677054044,0.8737695327323165,False
76,z,52,0.6047933749996446,292.7270661027405,0.5102174555566114,False
76,z,53,1.3819233329995768,2785.840449665297,-3.6611884647916035,False
76,z,54,0.9358700419998058,0.002274938468764972,0.9999961936380994,False
76,z,55,8.819624292000299,19.791652087725875,0.9668851744824223,False
76,z,56,2.8489427090007666,23.644756457978588,0.9604382705879736,False
76,z,57,2.611943042000348,6.693756217955598,0.9888001987791475,False
76,z,58,1.045307917000173,1.7009714795721078,0.9971539832295587,False
76,z,59,0.7514572920008504,1.836391851753691,0.996927401740735,False
77,x,0,0.03152158299963048,10.449496142531501,0.9513949675461625,False
77,x,1,0.00900629199895775,39.28643292504423,0.8172621606562286,False
77,x,2,0.013448624999000458,213.6726753399266,0.006117885710861026,False
77,x,3,0.018710790998738958,194.48979859299342,0.09534557038817915,False
77,x,4,0.020607250000466593,189.7211151976422,0.11752673664075408,False
77,x,5,0.01970383299885725,1643.152837996203,-6.642999808608204,False
77,x,6,0.018470584000169765,3.9043144321790724,0.98183937989951,False
77,x,7,0.01076308299889206,52.08244575135374,0.7577424852365655,False
77,x,8,0.020823999999265652,64.80766084940956,0.6985521200374623,False
77,x,9,0.021925666000242927,184.10298154976192,0.14365905580337468,False
77,x,10,0.007305458000701037,7.120909427394612,0.9668776341846179,False
77,x,11,0.04519037499994738,5.164644904255596,0.9759770490596043,False
77,x,19,0.012653083000259358,7.042436260812466e-12,0.9999999999999672,False
77,x,20,0.015336874999775318,17.4943822071093,0.9186262185910158,False
77,x,21,0.019429082998613012,17.30108954159606,0.9195253046476267,False
77,x,22,0.015781750000314787,3950.7010264104006,-17.376383797349906,False
77,x,23,0.007927291999294539,6.9854972272374924,0.9675074936815266,False
77,x,24,0.01840045799872314,157.84630126756156,0.26578999684004,False
77,x,25,0.015002209000158473,212.68579829932892,0.010708268819473954,False
77,x,26,0.02389716600009706,932.688061841096,-3.3383272166183824,False
77,x,27,0.013240792000942747,10.258734699440895,0.9522822798151839,False
77,x,28,0.02098620899960224,1634.7443066928856,-6.603888168074324,False
77,x,29,0.014923124999768334,206.59602871108476,0.039034366502620044,False
77,x,30,0.01458512499993958,15.435337956081684,0.9282037055128721,False
77,x,31,0.015529917000094429,880.3175562142952,-3.094729813366179,False
77,x,33,0.009568584000589908,8.083224801323366,0.9624014977908011,False
77,x,34,0.009408791998794186,0.5820154279548305,0.9972927997313442,False
77,x,35,0.007457583000359591,7.549548702533298,0.9648838513653385,False
77,x,36,0.020265709001250798,195.65523477262317,0.08992463309501875,False
77,x,37,0.01569191700036754,386.28249392904155,-0.7967634896147082,False
77,x,38,0.007566833999590017,20145.737905529622,-92.70635974679178,False
77,x,39,0.02781291700011934,2.9502633476846842,0.9862770755828193,False
77,x,40,0.01374733299962827,8460.01754478457,-38.35112484999406,False
77,x,41,0.01655745900097827,1633.9568211396338,-6.600225239225828,False
77,x,42,0.23380345800069335,,,False
77,x,51,0.23259029200016812,,,False
77,x,52,0.20474554199972772,,,False
77,x,53,0.19935712500046066,,,False
77,x,57,0.21809475000009115,,,False
77,y,0,0.022103125000285218,1900.0339512217258,-1.3269107133232727,False
77,y,1,0.00856995800131699,122.6011635305374,0.8498542824976001,False
77,y,2,0.01598966600067797,802.1129285990783,0.017677991673689775,False
77,y,3,0.021652124998581712,741.8818799312729,0.09144102750244076,False
77,y,4,0.016157250000105705,0.349486039505909,0.9995719956430461,False
77,y,5,0.07189558299978671,1890.8658010007146,-1.3156827734451926,False
77,y,6,0.018539917000452988,0.3885235563863636,0.9995241876466721,False
77,y,7,0.013559707998865633,12.348834748845116,0.9848767776724885,False
77,y,8,0.018862541999624227,253.04865366377604,0.690099420158436,False
77,y,9,0.02075291700020898,761.2509274795393,0.06772037544885579,False
77,y,10,0.007927041999209905,335.925447226519,0.5886028660031659,False
77,y,11,0.04347783400044136,347.86020089587555,0.5739867555088016,False
77,y,19,0.016893209000045317,1.2813715181646565e-12,0.9999999999999984,False
77,y,20,0.0166399170011573,219.63948095105027,0.7310145637318032,False
77,y,21,0.017548249999890686,0.09189126177707402,0.999887463715397,False
77,y,22,0.01736454199999571,3524.3563119293667,-3.3161662740414553,False
77,y,23,0.007583374999740045,394.92486779852993,0.5163481656486788,False
77,y,24,0.018987916999321897,687.0248887764734,0.15862262725054288,False
77,y,25,0.01598720800029696,808.9190562583009,0.009342745160695665,False
77,y,26,0.015943541999149602,744.5232856626004,0.08820618251953571,False
77,y,27,0.013149749998774496,333.31707181784446,0.5917972598080296,False
77,y,28,0.02275408300010895,1678.828376507555,-1.0560073321924954,False
77,y,29,0.018955958999868017,3.3169219502576825,0.9959378719436308,False
77,y,30,0.01437695799904759,404.393031801419,0.5047528085027404,False
77,y,31,0.016415457999755745,2326.7888826407107,-1.8495438069287102,False
77,y,33,0.009312750000390224,2.415039458746714,0.997042378539582,False
77,y,34,0.010137125000255764,4.332057550326635,0.9946946678936414,False
77,y,35,0.01259458299864491,9.52031119855645,0.9883407798540399,False
77,y,36,0.016316916999130626,738.6815197364373,0.0953604061109482,False
77,y,37,0.010749708000730607,47.449981210318185,0.9418895280506528,False
77,y,38,0.007532957999501377,23877.392197875637,-28.241877323156668,False
77,y,39,0.15520433300116565,354.1664656601824,0.5662636750703267,False
77,y,40,0.03217216699886194,1766.355807589747,-1.1631993731367416,False
77,y,41,0.014347959000588162,1887.8623596429713,-1.312004555028265,False
77,y,42,0.2334164999992936,,,False
77,y,51,0.26918845799991686,,,False
77,y,52,0.22203220799929113,,,False
77,y,53,0.1954234999993787,,,False
77,y,57,0.20662404099857667,,,False
77,y,58,0.20991058300023724,,,False
77,z,0,0.03452850000030594,41.308529386272205,0.9799326703228605,False
77,z,1,0.007928459001050214,161.9436710418652,0.9213291520127723,False
77,z,2,0.017562000000907574,2018.1419762860878,0.019603917759765443,False
77,z,3,0.018866624999645865,1818.421185019862,0.11662656710758812,False
77,z,4,0.01493362499968498,5.096027983354056,0.9975243932644119,False
77,z,5,0.03724958299972059,7749.422882467297,-2.764603245394643,False
77,z,6,0.01685608399930061,6.096140247489919,0.9970385472946632,False
77,z,7,0.011576750001040637,229.71189980615364,0.8884079270635075,False
77,z,8,0.013367208001000108,36.25109586840365,0.9823895281977625,False
77,z,9,0.019414832999245846,1847.3669560281244,0.10256495953617872,False
77,z,10,0.007372041998678469,643.5812436956468,0.6873537455062252,False
77,z,11,0.04426324999985809,649.6065807756476,0.6844266883730692,False
77,z,19,0.012808082999981707,10.672177755998407,0.9948155474768892,False
77,z,20,0.016538457999558887,410.82868866800726,0.8004229426993936,False
77,z,21,0.01960487499854935,19.831643967266363,0.9903659572624959,False
77,z,22,0.012303666999287088,8807.02616863365,-3.278377861108253,False
77,z,23,0.00710758399873157,732.5893288096163,0.6441143803085259,False
77,z,24,0.020074624999324442,1703.9052541002854,0.17225742526666288,False
77,z,25,0.017311208001046907,2032.3972700263255,0.01267881818880634,False
77,z,26,0.01646245800111501,3261.145319748052,-0.5842364574274321,False
77,z,27,0.012777541000104975,656.2139509213863,0.6812168845629755,False
77,z,28,0.017944457998964936,7694.005289571361,-2.737681853539774,False
77,z,29,0.01667720899968117,63.84709201790222,0.9689836296889404,False
77,z,30,0.012989999999263091,1065.0759559096234,0.48259522534501575,False
77,z,31,0.01618683400010923,369.6481378650927,0.8204281014771571,False
77,z,33,0.00892345799911709,8.329401733394244,0.9959536479976238,False
77,z,34,0.010141207998458412,2.390964739202901e-11,0.9999999999999883,False
77,z,35,0.007815666998794768,10.773254285057822,0.9947664453650157,False
77,z,36,0.017863291999674402,1859.6176109193286,0.09661369634392492,False
77,z,37,0.009558165998896584,89.11707463968116,0.9567076886244457,False
77,z,38,0.007282583999767667,22974.074948741163,-10.160608786448654,False
77,z,39,0.14782033300070907,664.361720832935,0.6772587677435744,False
77,z,40,0.01659279099840205,10201.484480021243,-3.9557937621676986,False
77,z,41,0.019881207999787875,7460.890516920584,-2.624436694128477,False
77,z,42,0.24126254099974176,,,False
77,z,51,0.23672699999951874,,,False
77,z,52,0.20526833300027647,,,False
77,z,53,0.2057899159990484,,,False
77,z,57,0.1843711669989716,,,False
77,z,58,0.1863517089986999,,,False
78,x,0,0.037252583000736195,8.696363226464994,0.51665515319512,False
78,x,1,0.00824487499994575,6.733191551353898,0.6257684558307057,False
78,x,2,0.017554624999320367,1.193878703899606,0.9336440872796281,False
78,x,3,0.01588645800075028,1.1424041348363358,0.9365050496210489,False
78,x,4,0.014786333000301966,0.3067380837739462,0.9829514627839198,False
78,x,5,0.0212796249998064,1.4928890334413711,0.9170250595134444,False
78,x,6,0.015288499998860061,0.32432038783871336,0.9819742363453092,False
78,x,7,0.012847874999351916,0.26661777400638625,0.9851813541158907,False
78,x,8,0.011783750000176951,0.6822541082438087,0.9620802398837761,False
78,x,9,0.01670524999826739,0.3502716366658799,0.9805318630149739,False
78,x,10,0.007367249998424086,3.773602193485623,0.7902627654095482,False
78,x,11,0.043875041001228965,4.461062870393983,0.7520536236210078,False
78,x,19,0.014994166000178666,2.7532221956213674e-12,0.999999999999847,False
78,x,20,0.01732504200117546,5.4753341446901125,0.6956803120507948,False
78,x,21,0.135064208001495,2.486723116303101,0.8617876493431316,False
78,x,22,0.01611899999988964,121.12993083952428,-5.732415187873273,False
78,x,23,0.007342208999034483,8.176778148145742,0.545533750321566,False
78,x,24,0.018244458000481245,9.604918943095155,0.46615752421708,False
78,x,25,0.017459083999710856,10.342964206127354,0.4251368854390499,False
78,x,26,0.013014250000196625,1.7758501155757165,0.9012980507243274,False
78,x,27,0.013369416999921668,3.386866667004526,0.811757569494105,False
78,x,28,0.018342749999646912,2.793062048184418,0.8447612970341638,False
78,x,29,0.02179437500126369,2.055798866671611,0.8857384676333315,False
78,x,30,0.012912042000607471,2.983233422639419,0.8341915506403036,False
78,x,31,0.014705624998896383,4.330699725271382,0.7592992218978291,False
78,x,33,0.008941750000303728,0.882195015578087,0.9509675017530346,False
78,x,34,0.009477875000811764,0.00032167497484851776,0.999982121268697,False
78,x,35,0.007802875001289067,1.1162434131634429,0.9379590654757235,False
78,x,36,0.015374499998870306,16.688720400063836,0.07243904203651175,False
78,x,37,0.01040379100049904,29.336549223035867,-0.6305287073152779,False
78,x,38,0.007296707999557839,0.8796474272048833,0.9511090970015198,False
78,x,39,0.025755083999683848,1.6153449506871687,0.9102189458518856,False
78,x,40,0.013337915999727556,1515.3981609327366,-83.22600032567524,False
78,x,41,0.013725458000408253,3.1994645439643894,0.8221734005826791,False
78,x,42,0.4346260840011382,3962778.2317717033,-220250.66008802914,False
78,x,47,0.7823618750007881,0.510009049164217,0.9716536396516656,False
78,x,50,3.0833050000001094,1274.786326862519,-69.85276750989448,False
78,x,51,0.9439133749983739,34.71853667036748,-0.9296601753201768,False
78,x,52,6.671611000001576,141.65735896663847,-6.873331953309643,False
78,x,53,6.049661000000924,2686.5919820405625,-148.32108470755142,False
78,x,54,9.902578375000303,0.0005605725654149186,0.9999688433137282,False
78,x,55,0.7423286659995938,29.854908585638814,-0.6593391790242713,False
78,x,56,11.694833833998928,37.980119729150005,-1.1109393287818299,False
78,x,57,5.624827874999028,6.765082089470902,0.6239959761332408,False
78,x,59,9.482427292001375,0.07411086065609271,0.9958809100243898,False
78,y,0,0.02655587499975809,13.444752038470781,0.9842398900996817,False
78,y,1,0.008524291000867379,0.020629813142523958,0.999975817469789,False
78,y,2,0.01945999999952619,731.6834216625449,0.1423113565317773,False
78,y,3,0.02508687499903317,0.00866214955961614,0.9999898461177534,False
78,y,4,0.017766083001333755,8.89304575568723,0.9895754582860918,False
78,y,5,0.030555166998965433,0.009448146276039803,0.9999889247623728,False
78,y,6,0.019154042000081972,9.723033043126522,0.9886025365967606,False
78,y,7,0.011779500000557164,5.825808448620233,0.993170912996704,False
78,y,8,0.016746541999964393,92.54197304464866,0.8915211183216554,False
78,y,9,0.018091500000082306,78.0428649966463,0.9085171577903831,False
78,y,10,0.009095625000554719,28.87916431361828,0.96614747508101,False
78,y,11,0.04460612499860872,18.56744592792375,0.978235002954686,False
78,y,19,0.013055583000095794,1.6655530893718812e-13,0.9999999999999998,False
78,y,20,0.01575570900058665,0.7470618908337398,0.9991242845187334,False
78,y,21,0.020324832999904174,6.447683913277671,0.992441942641634,False
78,y,22,0.01797370900021633,1225.058941847179,-0.43602972391264583,False
78,y,23,0.007973374998982763,6.283136758235836,0.9926348269164665,False
78,y,24,0.016542499999559368,10.661353508941668,0.987502625373359,False
78,y,25,0.014175416999933077,824.866345291832,0.033081144399313644,False
78,y,26,0.021607749999020598,4.972408654318679,0.994171279125333,False
78,y,27,0.013442416999168927,36.56522958827234,0.9571377712885594,False
78,y,28,0.01768929200079583,696.6987195869776,0.18332087072461478,False
78,y,29,0.015696790998845245,22.02591171564786,0.9741809452268038,False
78,y,30,0.01424145800046972,38.672854672480845,0.954667186270647,False
78,y,31,0.01718220800103154,20.388075731032643,0.9761008374674618,False
78,y,33,0.008879125000021304,4.940046187746318,0.9942092148216082,False
78,y,34,0.010109875000125612,0.02086278422640661,0.9999755443781116,False
78,y,35,0.00763474999985192,5.1221051526846715,0.9939958029797566,False
78,y,36,0.015065125000546686,851.6669620852332,0.0016651194066830133,False
78,y,37,0.011202542000319227,4.385141513973171,0.9948596811610275,False
78,y,38,0.007728249998763204,9.051201131368694,0.9893900665365875,False
78,y,39,0.1542894169997453,0.3103013943607384,0.999636260745951,False
78,y,40,0.014752417000636342,1704.1799544783034,-0.997661488709195,False
78,y,41,0.01292762500088429,243.33074323765265,0.7147645977718073,False
78,y,42,0.4089377499985858,4214081.562968823,-4938.800181606591,False
78,y,47,0.6796002500013856,430.4128327402645,0.4954645852088597,False
78,y,51,1.0675299579997954,4299.709244226992,-4.0401740422235,False
78,y,52,0.7014784170005441,60.29698306177018,0.9293191070395364,False
78,y,53,6.037877208000282,716.2614476735955,0.16038919123264828,False
78,y,54,10.026799332999872,0.015204810691262505,0.9999821767268878,False
78,y,55,9.308128792001298,0.36706304062682854,0.9995697240198949,False
78,y,56,11.50338337500034,222.53046185081507,0.739146953034001,False
78,y,57,5.651774292000482,7.583638829079113,0.9911103617940579,False
78,y,58,5.656162375000349,2317.016246757593,-1.7160360105738404,False
78,y,59,8.512544332999823,0.4898675756955295,0.9994257709768486,False
78,z,0,0.02706529200077057,6.04768950554366,0.9846680062487893,False
78,z,1,0.008365084000615752,0.08479405759012035,0.9997850316290345,False
78,z,2,0.01766700000007404,337.60819535916147,0.144101770294362,False
78,z,3,0.16244937499868684,7.98959191230988e-06,0.9999999797449302,False
78,z,4,0.0184668750007404,4.1485309205333785,0.9894827189636608,False
78,z,5,0.043231875000856235,1735.527856111906,-3.399879031581963,False
78,z,6,0.018025999999736086,1.6262972670787779,0.995877040394748,False
78,z,7,0.011903959000846953,3.026864478754352,0.9923263475693513,False
78,z,8,0.0141351250003936,0.6773973494882077,0.9982826744131094,False
78,z,9,0.019255916000474826,96.30854599051003,0.7558403049691705,False
78,z,10,0.007431916999848909,12.154447238334999,0.9691862637893776,False
78,z,11,0.044219084000360454,7.7893142916443665,0.9802526703898679,False
78,z,19,0.012851624998802436,0.009648777855840682,0.9999755385917785,False
78,z,20,0.017182916999445297,0.6506207114963884,0.9983505580645423,False
78,z,21,0.023607958000866347,394.44899373251536,-2.5375213041911593e-10,False
78,z,22,0.01788404100079788,1174.360974569333,-1.9772188382452551,False
78,z,23,0.00710537499981001,3.6548684257087043,0.990734243248914,False
78,z,24,0.015975125001205015,5.012544455140265,0.9872922873779434,False
78,z,25,0.012946040998940589,380.58435839347953,0.0351493740959159,False
78,z,26,0.0952478750004957,2.560447301375387,0.9935088000154428,False
78,z,27,0.012961917000211542,15.466892953085862,0.9607886109414211,False
78,z,28,0.017855959000371513,327.00544990971053,0.17098166001549353,False
78,z,29,0.015800999999555643,10.286025960161366,0.973923051836338,False
78,z,30,0.013008457999603706,16.410690506616806,0.9583959123447289,False
78,z,31,0.02335941700039257,0.11687308032548809,0.9997037054670891,False
78,z,33,0.017884250000861357,2.511225943464877,0.9936335851174588,False
78,z,34,0.009375583000291954,3.5514440530720656e-12,0.999999999999991,False
78,z,35,0.007306416999199428,2.5928133830426243,0.993426746106852,False
78,z,36,0.017830667000453104,393.6456335167979,0.0020366641279198072,False
78,z,37,0.009501999998974497,7.1690968800747905,0.9818250344257299,False
78,z,38,0.007002499998634448,11.053016583290114,0.9719785909921977,False
78,z,39,0.15011491699988255,0.34668313607495876,0.9991210951436778,False
78,z,40,0.011952999999266467,1268.03877864898,-2.214709123660823,False
78,z,41,0.013964624999061925,116.07092689938126,0.7057390720394516,False
78,z,42,0.4247219580011006,3856141.1883809976,-9775.019841932812,False
78,z,47,0.6749139169987757,0.8578380500326337,0.9978252243917954,False
78,z,50,12.445484750000105,5334.469718772609,-12.523851765086928,False
78,z,51,6.4295199169991974,37.57587027826153,0.904738328947855,False
78,z,52,6.325949832998958,248.8587879728153,0.36909767298146445,False
78,z,53,1.3635417919995234,1148.4959309891187,-1.911646244582316,False
78,z,54,8.69049595800061,2.69261227603663e-05,0.9999999317373774,False
78,z,55,9.583072457999151,0.33616297763265257,0.9991477656603025,False
78,z,56,1.210189999999784,15.425459057262476,0.9608936534095025,False
78,z,57,5.63838083399969,10.597894817485296,0.9731324075138567,False
78,z,58,6.002643624999109,1.09424219166632,0.997225896860353,False
78,z,59,8.56042408400026,0.678040133753682,0.9982810448379911,False
79,x,0,0.027389208000386134,996.4639397017031,-3.3673198820188963,False
79,x,1,0.008073167000475223,0.03705723356981702,0.999837584897462,False
79,x,2,0.16316583400111995,0.03648683488607159,0.9998400848509605,False
79,x,3,0.14633450000110315,0.03665023252772639,0.9998393687088698,False
79,x,4,0.07081016600022849,0.8740332746291256,0.9961692714149029,False
79,x,5,0.14835020899954543,0.03671419150113181,0.9998390883883433,False
79,x,6,0.1566387080001732,1.3185872493090127,0.9942208723460603,False
79,x,7,0.03011779099870182,1.1438292901044882,0.9949868046386061,False
79,x,8,0.011996332999842707,0.4499055222426965,0.9980281460732952,False
79,x,9,0.06650345799971547,3.7036128131805715,0.9837677398751173,False
79,x,10,0.009083082999495673,13.80299316110386,0.9395039960182547,False
79,x,11,0.04381574999933946,13.749768371975991,0.9397372705709135,False
79,x,19,0.03947183400123322,4.627417496153473e-12,0.9999999999999797,False
79,x,20,0.027383083001041086,228.16371855145633,-4.70005567798637e-09,False
79,x,21,0.023555292000310146,228.16371748028325,-5.299316541140797e-12,False
79,x,22,0.01673283299896866,179.32348581054464,0.21405783622459107,False
79,x,23,0.007499166998968576,0.04162493832701579,0.9998175654797927,False
79,x,24,0.027700458000254002,3.013335560674015,0.986793099297436,False
79,x,25,0.019068833998971968,228.1637175119392,-1.4404144543789243e-10,False
79,x,26,0.021108375000039814,1.3140633631539433,0.9942406997147807,False
79,x,27,0.013063542000963935,13.829701869735176,0.9393869366149175,False
79,x,28,0.02016395800092141,13.83668167127847,0.9393563454165429,False
79,x,29,0.14236262499980512,13.892428544734628,0.9391120170278223,False
79,x,30,0.01278450000063458,13.856249358525172,0.9392705838087688,False
79,x,31,0.014425708000999293,13.861977404899557,0.9392454788252173,False
79,x,33,0.009755917000802583,1.3193532283351914,0.9942175151995576,False
79,x,34,0.00949383300030604,3.327347054493094e-07,0.9999999985416844,False
79,x,35,0.008075540999925579,1.319599612024448,0.9942164353447411,False
79,x,36,0.16385991700008162,0.0377428589990304,0.9998345799261336,False
79,x,37,0.009589792000042507,0.047097711289685575,0.9997935793130912,False
79,x,38,0.011951333999604685,0.03557518114553422,0.9998440804631928,False
79,x,39,0.1398968329995114,0.037703572039185645,0.9998347521137201,False
79,x,40,0.016729458000554587,1332.652536666609,-4.840773245592094,False
79,x,41,0.013121874999342253,0.4345570553744232,0.9980954156069346,False
79,x,42,0.5072264589998667,0.0040371178161079605,0.9999823060482153,False
79,x,47,7.260708750000049,5.2886335004375755e-11,0.9999999999997682,False
79,x,50,9.688095416999204,21.54856961355735,0.9055565457486304,False
79,x,51,6.489920333000555,0.000765794386155044,0.9999966436627409,False
79,x,52,6.477811540999028,0.00011710525146846884,0.9999994867490206,False
79,x,53,5.2269396249994315,2.3695998141907495e-05,0.9999998961447578,False
79,x,54,8.97654374999911,3.744870030153295e-05,0.9999998358691701,False
79,x,55,10.55237608400057,1.4967794608990118e-06,0.9999999934398883,False
79,x,56,3.723700832999384,97.4191878001692,0.5730294506219907,False
79,x,57,5.821101584000644,0.00011807387793428612,0.9999994825037073,False
79,x,59,8.736489000000802,2.4356664417466287e-09,0.9999999999893249,False
79,y,0,0.02825283399943146,2832.4928452826944,-3.547647941692161,False
79,y,1,0.007996416999958456,0.012720398857053698,0.9999795770373168,False
79,y,2,0.030162791999828187,0.0003553412248545289,0.9999994294895422,False
79,y,3,0.024202459000662202,0.0003476328069098051,0.9999994418656268,False
79,y,4,0.09112687500055472,2.8667932448154114,0.9953972817898713,False
79,y,5,0.019659542000226793,0.0002780430427347254,0.9999995535939753,False
79,y,6,0.16564762499911012,4.401344220392906,0.9929335164895885,False
79,y,7,0.04403712499879475,3.588727453516825,0.9942381958547715,False
79,y,8,0.012934416999996756,1.5498812790907694,0.9975116214607699,False
79,y,9,0.05013987500024086,11.524779017426665,0.9814966390244044,False
79,y,10,0.008637541999632958,42.96887897592267,0.9310122409110013,False
79,y,11,0.043459208000058425,42.814398958639146,0.9312602629788423,False
79,y,19,0.1289380420002999,1.774339769460847e-12,0.9999999999999971,False
79,y,20,0.02876908399957756,622.8478740548132,-2.524285225291578e-09,False
79,y,21,0.021650290998877608,622.84787258812,-1.6946777314785777e-10,False
79,y,22,0.015952833000483224,540.230936894969,0.13264384328439827,False
79,y,23,0.007015957999101374,0.008799210594453637,0.9999858726167605,False
79,y,24,0.02697374999843305,9.246982144917965,0.985153706782266,False
79,y,25,0.016854999999850406,622.8478732162897,-1.178011910241139e-09,False
79,y,26,0.01211466699896846,4.401022681773131,0.992934032729001,False
79,y,27,0.013129499999195104,43.04638759919476,0.9308877986086408,False
79,y,28,0.02086741699895356,43.06509609877947,0.9308577615796788,False
79,y,29,0.1129069590006111,43.23163218370727,0.930590383151839,False
79,y,30,0.01425050000034389,43.123404081345925,0.9307641464528678,False
79,y,31,0.015240333999827271,43.1329659701267,0.9307487945680766,False
79,y,33,0.009961874999135034,4.443868338226321,0.9928652428071821,False
79,y,34,0.009847708000961575,9.045854358153275e-07,0.9999999985476623,False
79,y,35,0.010363417000917252,4.445157082732451,0.9928631736911698,False
79,y,36,0.03236412499973085,0.00035391398174319257,0.9999994317810217,False
79,y,37,0.009124541998971836,0.00798297692337253,0.9999871831031685,False
79,y,38,0.007166875000621076,0.013866761008339017,0.9999777365202307,False
79,y,39,0.0215913330011972,0.0002802654952407635,0.9999995500257646,False
79,y,40,0.018561292001322727,1216.9160089461939,-0.9537933140812915,False
79,y,41,0.01294729199980793,2.3074274290944126,0.9962953595395656,False
79,y,42,0.4905404170003749,0.004056671093052866,0.9999934868990129,False
79,y,47,13.367558874999304,3.0993122851855795e-12,0.999999999999995,False
79,y,51,7.40189087500039,45.44065996502346,0.9270437261286538,False
79,y,52,5.923389584000688,2.6278713118424776e-05,0.9999999578087776,False
79,y,53,5.0818733329997485,0.00045110486140437423,0.9999992757382961,False
79,y,54,1.4682748329996684,0.033715686680800425,0.9999458685047018,False
79,y,55,9.816086834000089,4.94687489238661e-09,0.9999999999920577,False
79,y,56,10.429602791000434,32.74656225707513,0.947424461567874,False
79,y,57,5.314485000000786,3.059434981597376e-05,0.9999999508798999,False
79,y,58,5.81544487499923,5.3681426067915585e-05,0.9999999138129414,False
79,y,59,8.801625084000989,1.0190706416507434e-09,0.9999999999983639,False
79,z,0,0.027115124999909312,8.45152839020045,-3.499630191796422,False
79,z,1,0.007940915998915443,2.3019143615324694e-08,0.9999999877445086,False
79,z,2,0.1617439169986028,3.142722576658784e-08,0.9999999832680093,False
79,z,3,0.16410249999898952,2.978886770983048e-08,0.9999999841402782,False
79,z,4,0.1416609999996581,0.012608105027001559,0.9932873904669578,False
79,z,5,0.1667303329995775,3.653357022913576e-08,0.9999999805493696,False
79,z,6,0.15893483299987565,0.012711751096265244,0.9932322088523446,False
79,z,7,0.028354416999718524,0.010452055304785641,0.9944352806445907,False
79,z,8,0.012679583000135608,0.004395626463997528,0.9976597494990141,False
79,z,9,0.034734709000986186,0.0336015586306079,0.98211038516051,False
79,z,10,0.007373541999186273,0.1252063702300865,0.9333395880979611,False
79,z,11,0.04430520899950352,0.12474793072741436,0.9335836632678117,False
79,z,19,0.0123945420000382,2.729216742971244e-09,0.9999999985469532,False
79,z,20,0.026068000001032487,8.937711471231851e-05,0.999952415238375,False
79,z,21,0.022607250000874046,1.8782717768849944,-6.472655744715894e-10,False
79,z,22,0.010978792000969406,0.019271024135824724,0.9897400235762164,False
79,z,23,0.016405667000071844,1.4690012079846104e-06,0.9999992178974166,False
79,z,24,0.04911358299978019,0.027063775855914872,0.9855911289268713,False
79,z,25,0.01862749999963853,1.8782717782770293,-1.388391179801829e-09,False
79,z,26,0.03656345800118288,0.012610557486276604,0.9932860847670549,False
79,z,27,0.012795208000170533,0.12543639544389037,0.9332171216813415,False
79,z,28,0.017499749999842606,0.12549314240301707,0.9331869093553822,False
79,z,29,0.1167783339988091,0.12598216803468115,0.9329265499984463,False
79,z,30,0.013652957999511273,0.12566497911961322,0.933095422745818,False
79,z,31,0.014072083000428393,0.12618617463818602,0.9328179360022464,False
79,z,33,0.009547249999741325,0.012711699395872425,0.993232236377857,False
79,z,34,0.009282084000005852,1.2262901124804945e-14,0.9999999999999934,False
79,z,35,0.007260624999616994,0.012715050538647943,0.9932304522149797,False
79,z,36,0.16185508400121762,1.9529777204566688e-07,0.9999998960226233,False
79,z,37,0.0096704999996291,0.000684589081024142,0.9996355218185716,False
79,z,38,0.007215874999019434,5.186560686627848e-06,0.9999972386527052,False
79,z,39,0.167038000001412,1.6672731225190006e-07,0.9999999112336594,False
79,z,40,0.018799250001393375,1450.342514264625,-771.1686142825889,False
79,z,41,0.013167541999791865,0.005942910281891501,0.99683596891628,False
79,z,42,0.5309867500000109,0.00408888772230145,0.9978230585289797,False
79,z,47,0.982184958000289,3.316689885173903e-06,0.9999982341799902,False
79,z,50,10.255931665999015,4.2526904700657724e-06,0.9999977358492391,False
79,z,51,6.650767875000383,9.674160558994862e-05,0.9999484943516465,False
79,z,52,5.763602082999569,9.567085203651413e-05,0.9999490644254597,False
79,z,53,1.87455195900111,6.018435850061297,-2.204241222182476,False
79,z,54,9.249721666999903,1.5519431559406837e-07,0.9999999173738766,False
79,z,55,9.519364875000974,1.0544366413246642e-07,0.9999999438613382,False
79,z,56,11.095088832998954,3.0005886994108814e-09,0.9999999984024737,False
79,z,57,4.990807832999053,2.7318616244859548e-08,0.9999999854554508,False
79,z,58,5.306273959000464,0.008049606984360948,0.9957143544993681,False
79,z,59,8.902941250000367,0.0002956392331675698,0.9998426003962807,False
80,x,0,0.029612666001412435,4.937745187823699,0.9885654941368969,False
80,x,1,0.008201667000321322,1.6122662796562293,0.9962664196862419,False
80,x,2,0.016170708999197814,430.7241538460486,0.0025573059788606134,False
80,x,3,0.1511377500009985,1.3219680255839492,0.996938673308487,False
80,x,4,0.1499944589995721,1.2069521543881256,0.9972050195056908,False
80,x,5,0.1474171669997304,1.3228431433456367,0.9969366467682755,False
80,x,6,0.1474993749998248,1.2011580689540269,0.997218437068029,False
80,x,7,0.011014624999006628,1.5374267581881715,0.9964397281326008,False
80,x,8,0.013014167001529131,0.4593322193517255,0.998936308627622,False
80,x,9,0.017109041998992325,6.782810805204756,0.9842928124133079,False
80,x,10,0.007476916998712113,12.06229094086791,0.972066939212268,False
80,x,11,0.04365512500044133,9.380551873618435,0.978277134336025,False
80,x,19,0.01662695799859648,1.8658567506327423e-12,0.9999999999999957,False
80,x,20,0.017204582998601836,0.9349073938127803,0.9978350028870724,False
80,x,21,0.02217995899991365,431.8284713783928,-1.4999113062685865e-12,False
80,x,22,0.015309917000195128,1615.042062362708,-2.7400082889623527,False
80,x,23,0.007105916000000434,4.164355475953606,0.9903564592147728,False
80,x,24,0.013841334000971983,3.74112418853012,0.991336550421064,False
80,x,25,0.014116833001025952,3.9573093940181825,0.9908359229270075,False
80,x,26,0.08864045900008932,2.639052090909338,0.9938886565712319,False
80,x,27,0.012724583000817802,13.719325757833232,0.9682296868614015,False
80,x,28,0.01809733300069638,8.553325209193787,0.9801927714911792,False
80,x,29,0.015575667001030524,8.090913065754094,0.9812635951493885,False
80,x,30,0.013030832998992992,14.932071171225848,0.9654212907185457,False
80,x,31,0.014176959000906209,17.32629076757049,0.9598769142935594,False
80,x,33,0.009777291999853333,1.2067535773296445,0.997205479357395,False
80,x,34,0.009672209000200382,0.001756522743722565,0.9999959323600454,False
80,x,35,0.0077716249998047715,1.199960432135139,0.9972212104766814,False
80,x,36,0.01692466699932993,366.3861948394044,0.15154692401255454,False
80,x,37,0.009035207998749684,5.7912699942712065,0.9865889574724098,False
80,x,38,0.006928750000952277,0.12031409230179962,0.9997213845304874,False
80,x,39,0.1532374999987951,1.9366351652002494,0.9955152675343026,False
80,x,40,0.012369250000119791,1299.6673867806633,-2.0096843374733635,False
80,x,41,0.013215875000241795,1.3603272009390626,0.9968498436506538,False
80,x,42,6.0854563749999215,0.02496705465224862,0.9999421829353387,False
80,x,47,0.666050666000956,0.021756529215190425,0.9999496176591929,False
80,x,50,10.931497457999285,917.7596258628345,-1.1252874386321272,False
80,x,51,5.880637915999614,3.259664924599175,0.9924514821493838,False
80,x,52,6.473447041000327,16.483311346282367,0.9618290306479966,False
80,x,53,5.255992625001454,8.207191053945889e-05,0.9999998099432622,False
80,x,54,8.326879082998857,8.12627445133765e-06,0.9999999811817076,False
80,x,55,6.845609250000052,4.625763300600936,0.9892879612920322,False
80,x,56,11.69240279099904,554.8843346212973,-0.2849646825067915,False
80,x,57,5.6923496250001335,3.65869981015899,0.9915274233806634,False
80,x,59,9.077276541000174,1.465602668404599e-07,0.9999999996606054,False
80,y,0,0.02809295800034306,8.191080863621249,0.9808303100706712,False
80,y,1,0.008533707999959006,1.0715552687005894,0.9974922256799639,False
80,y,2,0.01480295799956366,158.5587092497678,0.6289230514849433,False
80,y,3,0.020034624998515937,0.014519914624639434,0.99996601886054,False
80,y,4,0.024650708000990562,2.8142734873829744,0.9934137202369637,False
80,y,5,0.01925479200144764,0.014960537081500438,0.9999649876662429,False
80,y,6,0.020465083998715272,2.8573309803199987,0.9933129522427906,False
80,y,7,0.014525582999340259,3.6991901780966767,0.9913427385366598,False
80,y,8,0.02219116600099369,31.916014231280222,0.9253065490647344,False
80,y,9,0.01688554199972714,13.293840755906661,0.9688882566899796,False
80,y,10,0.009135249998507788,32.320871042681546,0.9243590575590884,False
80,y,11,0.044735458001014194,27.744386070486485,0.9350694631018835,False
80,y,19,0.012178999999377993,3.2343328065328047e-12,0.9999999999999925,False
80,y,20,0.015560332998575177,1.5669839817034736,0.9963327676098414,False
80,y,21,0.026988166000592173,3.756796215024009,0.9912079224013608,False
80,y,22,0.017456833000323968,792.8199045176535,-0.855446429164471,False
80,y,23,0.008035165999899618,0.07813206482250179,0.9998171465425476,False
80,y,24,0.015416583999467548,7.874044557244145,0.9815722741399774,False
80,y,25,0.013275875000545057,8.390262924970195,0.9803641617785085,False
80,y,26,0.011489083000924438,4.370341482289311,0.9897720346684832,False
80,y,27,0.01405841700034216,34.98521837882436,0.918123651860101,False
80,y,28,0.018078082999636536,8.843926102672,0.9793024481177972,False
80,y,29,0.015653000000384054,13.535451115203982,0.968322812916617,False
80,y,30,0.016429541999968933,36.699839317726195,0.9141109028356027,False
80,y,31,0.023912832999485545,35.03404450069418,0.9180093834708273,False
80,y,33,0.0095460410011583,4.622907596191067,0.9891809510043412,False
80,y,34,0.010764333999759401,0.001736808072244403,0.9999959353261473,False
80,y,35,0.008744583001316641,4.7508510738494145,0.9888815232687315,False
80,y,36,0.01767654200011748,365.1607639411357,0.1454096552510763,False
80,y,37,0.013784832999590435,5.6981900178022125,0.986664453981306,False
80,y,38,0.007481541999368346,0.09888772074059818,0.9997685718190338,False
80,y,39,0.02016837500013935,0.012091350318398477,0.9999717024602381,False
80,y,40,0.00961875000029977,1664.209848409664,-2.8947713131530035,False
80,y,41,0.011194749999049236,5.834198039093712,0.9863461526924444,False
80,y,42,6.094844708000892,0.015372592483756532,0.9999640233277842,False
80,y,47,0.8473084999986895,0.02172393633231186,0.9999491591976116,False
80,y,51,8.550660958999288,3485.2089338902256,-7.156478456747353,False
80,y,52,6.6538162079996255,1.3210330140168115e-05,0.9999999690836976,False
80,y,53,5.726127666999673,334.511670961686,0.2171381143901634,False
80,y,54,8.834259041999758,3.4659330665060793e-06,0.9999999918886331,False
80,y,55,9.025970791000873,0.031103229478854497,0.9999272087194795,False
80,y,56,10.657682999999452,77.7986545357325,0.8179268268498536,False
80,y,57,5.686456375000489,6.3156132728615875,0.9852194905446476,False
80,y,58,5.348736084000848,1408.3609039832577,-2.2960047992997823,False
80,y,59,9.178740999999718,0.0008723423334439525,0.9999979584462267,False
80,z,0,0.02724379200117255,8.09762213369811,0.9848339943675766,False
80,z,1,0.008695999998963089,0.018661067084608268,0.9999650497585786,False
80,z,2,0.015641916001186473,533.7735785953064,0.000297498974771937,False
80,z,3,0.13972483399993507,0.00011274256968297211,0.999999788844871,False
80,z,4,0.04865037499985192,2.253544956975428,0.9957793442388253,False
80,z,5,0.16753987499942014,9.189870769806634e-06,0.999999982788326,False
80,z,6,0.021121125000718166,2.2872668008813766,0.995716186725895,False
80,z,7,0.01202154100064945,3.375428882668873,0.993678172110135,False
80,z,8,0.026251875000525615,59.56829223886452,0.8884347724934053,False
80,z,9,0.01688670800103864,12.430060667940692,0.9767197867486488,False
80,z,10,0.007559166999271838,26.138557275246548,0.9510451956988548,False
80,z,11,0.04462466699987999,21.6220544557819,0.9595041366160665,False
80,z,19,0.014202541999111418,0.002176193964117486,0.9999959242146186,False
80,z,20,0.015566083000521758,0.06459621560856574,0.9998790179939768,False
80,z,21,0.01885124999898835,4.328804545290029,0.9918925984651316,False
80,z,22,0.01774933299930126,860.4090873863213,-0.6114569005617374,False
80,z,23,0.007868165999752819,1.0041537561529363,0.9981193242571471,False
80,z,24,0.013718333999349852,7.290325759115036,0.9863459766707531,False
80,z,25,0.013028625000515603,7.732178978536849,0.9855184314600955,False
80,z,26,0.012432125000486849,3.479248857607965,0.9934837280747518,False
80,z,27,0.013287333000334911,28.827715036191258,0.9460086823773401,False
80,z,28,0.01785083299910184,9.972067427567453,0.9813233529206028,False
80,z,29,0.01541966699915065,13.84698977969178,0.9740660256154717,False
80,z,30,0.01723149999997986,30.666235044144145,0.9425653252614404,False
80,z,31,0.020617249998394982,31.1452275478512,0.9416682220267909,False
80,z,33,0.00866712499919231,3.523323919421968,0.9934011800594599,False
80,z,34,0.018313249998755055,5.528272202427738e-12,0.9999999999999897,False
80,z,35,0.007902709001427866,3.571466112026198,0.9933110147304117,False
80,z,36,0.017294999999649008,454.1185953726835,0.14948301347014792,False
80,z,37,0.010447374999785097,0.736714927973431,0.9986202094191776,False
80,z,38,0.007761749999190215,0.762471584360799,0.9985719698755938,False
80,z,39,0.14918658300121024,0.07607437521600197,0.9998575205925938,False
80,z,40,0.011115125000287662,1652.511314095258,-2.094982142092941,False
80,z,41,0.013264667000839836,3.4394608116972996,0.9935582469542971,False
80,z,42,6.500753166001232,0.001655720110445858,0.9999968990081155,False
80,z,47,1.426142708000043,0.014527466589457604,0.9999727915631919,False
80,z,50,9.800238874999195,51.68035587740005,0.90320805844217,False
80,z,51,7.520709417000035,9.168329453685583,0.9828286707086679,False
80,z,52,5.769132499999614,3.931240914871668,0.9926371938733416,False
80,z,53,5.937128124998708,854.5659572276537,-0.6005133243569951,False
80,z,54,8.73944845799997,9.964520360736332e-06,0.9999999813374878,False
80,z,55,10.052412457998798,0.03671164414907487,0.9999312429015892,False
80,z,56,1.0963628339995921,52.71318104642149,0.9012736841194287,False
80,z,57,5.346661417001087,0.0037080756161560853,0.9999930551593108,False
80,z,58,5.539470499999879,0.06154080750670224,0.9998847404561659,False
80,z,59,9.258434041999863,0.01579578064601625,0.9999704161426292,False
81,x,0,0.025865624998914427,856.9127162346974,-4.654539858088634,False
81,x,1,0.008795375000772765,1.7290763852399067,0.9885902832893181,False
81,x,2,0.016272499999104184,60.981109066104864,0.597601826566547,False
81,x,3,0.01623216699954355,0.01634389057254908,0.9998921509986632,False
81,x,4,0.024766541999269975,1.4799254291563262,0.9902343644018565,False
81,x,5,0.020190749999528634,0.025096215057770013,0.9998343967295119,False
81,x,6,0.02123095800016017,1.5017156092903887,0.9900905767794433,False
81,x,7,0.013858042000720161,1.8052020943553142,0.9880879499147944,False
81,x,8,0.024448083000606857,6.941811076006789,0.9541928288926794,False
81,x,9,0.017389583999829483,5.882167669176319,0.9611851348367573,False
81,x,10,0.007777541999530513,16.81799524829278,0.8890225075869095,False
81,x,11,0.045701291999648674,15.0676467542597,0.90057259330456,False
81,x,19,0.013413959000899922,1.3144846512161211e-11,0.9999999999999133,False
81,x,20,0.017377750000378,2.0892141184170403,0.986213829855881,False
81,x,21,0.029280250000738306,1.37180733856417,0.9909478070209836,False
81,x,22,0.01604941700134077,261.66676158026416,-0.7266695952348741,False
81,x,23,0.007857667000280344,0.8413671841906912,0.9944480409869527,False
81,x,24,0.014435041999604437,3.690921789365271,0.9756445855270309,False
81,x,25,0.01300762499886332,3.9102112517839407,0.9741975524952962,False
81,x,26,0.01102816700040421,2.3710091773001034,0.9843543389624931,False
81,x,27,0.014202875001501525,17.804947830401897,0.8825098691257818,False
81,x,28,0.01878745800058823,5.199855162813055,0.9656875341941344,False
81,x,29,0.021219667001787457,151.47812171864547,0.000436029645884739,False
81,x,30,0.0334541669999453,18.45029009510406,0.8782514265927991,False
81,x,31,0.02103358299973479,2.11681647104395,0.9860316892479184,False
81,x,33,0.008715666001080535,2.6189889049142114,0.9827179864761474,False
81,x,34,0.009357582999655278,0.0004585692335015242,0.9999969740231889,False
81,x,35,0.008007542000996182,2.7044735636583495,0.9821538958739588,False
81,x,36,0.016350915999282734,59.289762237983034,0.6087625759314186,False
81,x,37,0.011612749998676009,5.535760721662273,0.9634709824554551,False
81,x,38,0.008529832999556675,0.4762996397421015,0.9968570249381417,False
81,x,39,0.020162667000477086,0.019742680001490247,0.9998697232881962,False
81,x,40,0.011785750000854023,1605.3078456969974,-9.593000927658013,False
81,x,41,0.013213500000347267,4.799900317208401,0.9683267301974854,False
81,x,42,5.5330271660004655,0.04402746746074484,0.9997094744133318,False
81,x,47,8.781482792001043,0.00015027269651362354,0.9999990083903111,False
81,x,50,11.818511332998241,1256.4516071244557,-7.290991086540119,False
81,x,51,6.57114462500067,0.0017174852828916202,0.9999886667699011,False
81,x,52,6.508521833000486,16.635541083585057,0.8902264742536049,False
81,x,53,1.4761099580009613,118.21606129706858,0.21992354903105094,False
81,x,54,9.832521166999868,9.1510370652713e-06,0.9999999396147322,False
81,x,55,9.208303707999221,2.2347624728126587,0.9852533948481879,False
81,x,56,11.850922292000178,422.6337618618655,-1.7888481598484334,False
81,x,57,5.735348333000729,3.5072499312155854,0.9768565874299554,False
81,x,59,9.158204875000592,7.290264669723434e-07,0.9999999951893476,False
81,y,0,0.02563449999979639,2972.0440716875164,-3.206887083192343,False
81,y,1,0.008308291999128414,0.5894739358170601,0.9991656078353309,False
81,y,2,0.017292208000071696,230.61887765814276,0.6735621834135559,False
81,y,3,0.14862191700012772,0.40455101822486733,0.9994273636554467,False
81,y,4,0.04679099999884784,2.1829051331278193,0.9969101281182632,False
81,y,5,0.14803641700018488,0.40499372818852136,0.9994267370056451,False
81,y,6,0.13633949999893957,2.20910470435417,0.9968730429892683,False
81,y,7,0.011171957999977167,3.3590571944904095,0.995245301219513,False
81,y,8,0.01241058300001896,0.9762811611051739,0.9986180875831073,False
81,y,9,0.017615291000765865,12.726487966388044,0.9819858331340956,False
81,y,10,0.007156124998800806,29.013465433892247,0.9589318428568303,False
81,y,11,0.04284904199994344,24.116055921859292,0.965864057965463,False
81,y,19,0.015156707999267383,1.7664930115692825e-12,0.9999999999999974,False
81,y,20,0.017712041999402572,0.14525690854067397,0.9997943908644876,False
81,y,21,0.025897916000758414,706.4710825805398,-9.066813966285281e-11,False
81,y,22,0.015383165999082848,2518.9862410200453,-2.5655900196895405,False
81,y,23,0.00799899999947229,2.6692924441932173,0.9962216536384121,False
81,y,24,0.013542833001338295,7.98878605903383,0.9886919843476433,False
81,y,25,0.012991291001526406,8.404438669116907,0.9881036338540852,False
81,y,26,0.08445575000041572,3.2128407324455237,0.9954522685896764,False
81,y,27,0.012715374999970663,31.89668445053517,0.9548506864047179,False
81,y,28,0.01797666699894762,10.175057860704468,0.9855973469933682,False
81,y,29,0.015311666998968576,15.951451903797478,0.9774209414956128,False
81,y,30,0.013614458999654744,34.0359214658759,0.9518226261368855,False
81,y,31,0.01396858299995074,36.761073648526335,0.9479652110917526,False
81,y,33,0.009408040999915102,3.205502077474212,0.9954626563538085,False
81,y,34,0.009597124999345397,0.002158996053376798,0.9999969439710884,False
81,y,35,0.007189083999037393,3.220533662819308,0.9954413793536352,False
81,y,36,0.019741500000236556,681.4007208436207,0.03548674856380907,False
81,y,37,0.009556458999213646,3.010701731891292,0.9957383935359859,False
81,y,38,0.007173333000537241,0.03177254290976344,0.9999550264070306,False
81,y,39,0.1534520410004916,0.8153096185366312,0.9988459405647115,False
81,y,40,0.011662332999549108,1212.9283100897187,-0.7168831677712963,False
81,y,41,0.013438375000987435,3.445206744516308,0.9951233577286075,False
81,y,42,6.215029167000466,0.02836361954090739,0.9999598516906879,False
81,y,47,0.9395329170001787,0.8219889591609382,0.9988364860508756,False
81,y,51,8.382985624999492,2889.0249566077155,-3.0893746794516552,False
81,y,52,5.764019375001226,1.8639832851399685e-05,0.9999999736155756,False
81,y,53,5.383730249999644,244.77659761678464,0.6535221275513807,False
81,y,54,8.90376387499964,3.232114521129316e-06,0.9999999954249869,False
81,y,55,8.49660216600023,0.015931394895689736,0.9999774493319119,False
81,y,56,12.001016292000713,1994.6958470322868,-1.8234642526727094,False
81,y,57,5.732962250000128,5.420587958487472,0.9923272330706318,False
81,y,58,6.0667423750001035,974.5309186594287,-0.37943497303258544,False
81,y,59,9.440605792000497,8.54283886379046e-05,0.999999879077303,False
81,z,0,0.024536584000088624,1234.5922062105715,-3.4774777749744405,False
81,z,1,0.00791587500134483,0.0072116936087591845,0.9999738454546443,False
81,z,2,0.16184366699962993,3.2073262088760497e-06,0.9999999883680363,False
81,z,3,0.165046041000096,6.795338675973107e-06,0.999999975355443,False
81,z,4,0.020379416000650963,1.1700654303630353,0.9957565405537455,False
81,z,5,0.16650845799995295,4.2051244711914025e-06,0.9999999847493356,False
81,z,6,0.08141024999895308,1.185419168475986,0.9957008573728395,False
81,z,7,0.012847333999161492,1.7125634874116367,0.9937890706627298,False
81,z,8,0.013772665999567835,0.508231815513653,0.998156802993693,False
81,z,9,0.01722399999925983,5.949648744757423,0.9784224945779284,False
81,z,10,0.007219375000204309,14.082886474735105,0.9489257984288945,False
81,z,11,0.044008374999975786,11.944166762128624,0.9566822624110282,False
81,z,19,0.013260916999570327,0.000842905655646192,0.9999969430461974,False
81,z,20,0.016983542000161833,0.04119939851178864,0.9998505827347274,False
81,z,21,0.024478541999997105,275.733854696536,-9.72333324966712e-13,False
81,z,22,0.01561424999999872,1246.9802327825305,-3.5224052525437246,False
81,z,23,0.006963666999581619,0.3967518937800771,0.9985611056204284,False
81,z,24,0.01460274999953981,3.7918002368942143,0.986248332686347,False
81,z,25,0.013011458000619314,3.9909235522239226,0.9855261750262039,False
81,z,26,0.014123708999250084,1.8019203330761977,0.9934650014773808,False
81,z,27,0.01309650000075635,15.328044557651568,0.9444100015410294,False
81,z,28,0.0182939999995142,4.502608608033339,0.9836704542030461,False
81,z,29,0.015973749999830034,7.1472926929881995,0.9740790165180796,False
81,z,30,0.013546082998800557,16.22970441601176,0.9411399647174649,False
81,z,31,0.01423725000131526,17.803887106535353,0.9354308990234548,False
81,z,33,0.009963541999240988,1.8257163042224043,0.9933787009715093,False
81,z,34,0.009445207999306149,2.5591141206778508e-12,0.9999999999999907,False
81,z,35,0.007324500000322587,1.8473826440519152,0.9933001239688652,False
81,z,36,0.019355459000507835,265.9972002852696,0.03531178433538262,False
81,z,37,0.009791917000256944,1.2098444107935007,0.9956122746982731,False
81,z,38,0.0072175419991253875,0.495918626745649,0.9982014590580764,False
81,z,39,0.14693441600138613,0.029478421042530102,0.9998930910349221,False
81,z,40,0.0114987500001007,1311.5476402172035,-3.7565709392556332,False
81,z,41,0.013066208999589435,2.1329449009534476,0.9922644794441257,False
81,z,42,6.253230832999179,0.02804760242730245,0.9998982801641888,False
81,z,47,0.700722040999608,0.24687529890596616,0.9991046609086943,False
81,z,50,11.064984708000338,16.05243221757022,0.9417828752466663,False
81,z,51,7.501336207998975,9.367204708868632,0.9660280935789078,False
81,z,52,5.907808207999551,3.964264940206747e-05,0.9999998562285743,False
81,z,53,6.0073885830006475,853.1494810030578,-2.0941049365985056,False
81,z,54,8.938302624999778,9.974244508611649e-06,0.9999999638265511,False
81,z,55,9.832771249999496,0.02950847496374711,0.9998929820387988,False
81,z,56,11.762180875000922,51.53413996864158,0.8131018767158333,False
81,z,57,5.044824167000115,0.0007168198103222517,0.9999974003199168,False
81,z,58,5.74476387499999,0.10967914662522067,0.9996022282184173,False
81,z,59,8.707005666999976,0.00018305136299315172,0.9999993361302579,False
82,x,0,0.028066417000445654,8.098950337462306,0.987595018658536,False
82,x,1,0.008702332999746432,1.5779850708156198,0.9975830355114006,False
82,x,2,0.018248790998768527,558.0766076501118,0.14520652472894102,False
82,x,3,0.1495617079999647,1.0401647187599812,0.998406802932402,False
82,x,4,0.10725058299976808,2.1727079172033066,0.9966721118107507,False
82,x,5,0.1466369579993625,1.0408472399967996,0.9984057575298677,False
82,x,6,0.1632204580000689,2.1706656126692985,0.9966752399629905,False
82,x,7,0.011022332999345963,2.801443592927601,0.9957090914190839,False
82,x,8,0.02573083300012513,96.4529555806684,0.8522651622182751,False
82,x,9,0.01827104200128815,19.87378783714557,0.9695597630518066,False
82,x,10,0.00748583299900929,17.13438977409811,0.9737556378803951,False
82,x,11,0.04514299999937066,11.832206409483499,0.9818768737154667,False
82,x,19,0.015415416999530862,3.2235892684398935e-12,0.9999999999999951,False
82,x,20,0.015568832999633742,1.4758470921811047,0.9977394779720187,False
82,x,21,0.02600808300121571,4.183414987148704,0.9935923567009498,False
82,x,22,0.017799915998693905,799.5056374830267,-0.22458492793768503,False
82,x,23,0.007836417000362417,7.3140522474566545,0.9887972295322629,False
82,x,24,0.013974667001093621,6.12191195148902,0.9906232041970884,False
82,x,25,0.015092124998773215,6.701130613120026,0.9897360279099435,False
82,x,26,0.09359800000129326,3.8810154018520477,0.9940555353916402,False
82,x,27,0.013817250001011416,20.787286195901533,0.9681605780187278,False
82,x,28,0.01796745800129429,64.98385209219649,0.9004656851676984,False
82,x,29,0.015214957998978207,13.287009500201538,0.9796485843145076,False
82,x,30,0.015071666999574518,22.82946534164587,0.965032617833356,False
82,x,31,0.015248833000441664,21.136448154719947,0.967625774444954,False
82,x,33,0.010243165999781922,2.1728055688179215,0.9966719622399536,False
82,x,34,0.010292416998709086,0.006828044577344879,0.9999895416366256,False
82,x,35,0.007189624999227817,2.170661034321963,0.9966752469755428,False
82,x,36,0.018729125000390923,552.727417510273,0.15339975979172527,False
82,x,37,0.012496584000473376,0.7187533452927788,0.998899101554404,False
82,x,38,0.00749862500015297,7.6437786261864495,0.9882921950024163,False
82,x,39,0.1479455839998991,2.245782942810246,0.9965601844261626,False
82,x,40,0.012331124999036547,1634.0143784757013,-1.5027833277251763,False
82,x,41,0.013878666000891826,20.602146284506034,0.9684441526859039,False
82,x,42,0.40828091599905747,375575.275306137,-574.2602606954172,False
82,x,47,4.510353749999922,0.03277294780557632,0.9999498024078315,False
82,x,50,9.238505625000471,231.1954650305715,0.6458830699739844,False
82,x,51,0.7347998750010447,38.3653190577293,0.941236697690436,False
82,x,52,6.249285500000042,98.09765211341036,0.8497460172734467,False
82,x,53,6.077819875001296,84.57600036598414,0.8704568292482677,False
82,x,54,8.941412791999028,0.0005034497511398814,0.9999992288772608,False
82,x,55,10.763572249999925,3.2595401204143393,0.9950074351995394,False
82,x,56,1.7750804160004918,81.81413209989502,0.874687121184982,False
82,x,57,5.545401290999507,5.7331644505212,0.9912186400616275,False
82,x,59,9.403406667001036,0.0621939307810496,0.9999047389453269,False
82,y,0,0.027704750000339118,5.171480556727594,0.9755157323190599,False
82,y,1,0.008518624999851454,2.771138166259109,0.9868801036957797,False
82,y,2,0.016763500001616194,182.31970871752483,0.1368111118693618,False
82,y,3,0.015575499999613385,0.018886966735367126,0.9999105800468246,False
82,y,4,0.01597833400046511,2.095839663201445,0.9900772904843663,False
82,y,5,0.020022541999423993,0.03447879272857479,0.9998367608693058,False
82,y,6,0.019078000001172768,2.1464399049602196,0.9898377246868443,False
82,y,7,0.013578459000200382,2.774596526474988,0.9868637301609025,False
82,y,8,0.02446287499878963,8.887143390608207,0.9579240035212975,False
82,y,9,0.017767833000107203,12.22722082415746,0.9421104760293106,False
82,y,10,0.00790387500092038,21.55307207841703,0.8979574262484545,False
82,y,11,0.04722291699908965,17.81181276530458,0.915670341047465,False
82,y,19,0.012943542000357411,1.9035508400774123e-11,0.9999999999999098,False
82,y,20,0.015737832998638623,2.4422742128179835,0.9884371032780733,False
82,y,21,0.025384624999787775,1.8527723156386302,0.9912280878115421,False
82,y,22,0.013581708999481634,340.44530285591003,-0.611831241441888,False
82,y,23,0.008174084001439041,0.7144323171057326,0.9966175349786097,False
82,y,24,0.015103957999599515,5.075351695280393,0.9759708524243603,False
82,y,25,0.014110707999861916,5.655710052258578,0.9732231577927641,False
82,y,26,0.01111779100028798,3.22360983823411,0.9847378859279363,False
82,y,27,0.012795166998330387,23.847627681932128,0.8870939002254901,False
82,y,28,0.018102707999787526,13.29355292100498,0.9370619487826931,False
82,y,29,0.01476350000120874,8.08636765376528,0.961715259676705,False
82,y,30,0.022656125000139582,24.739956898294498,0.8828691860158393,False
82,y,31,0.02356816700012132,0.7146449716844278,0.9966165281699074,False
82,y,33,0.00899737500003539,3.6668964984802206,0.9826391544080553,False
82,y,34,0.009492584000327042,0.0021820110696275014,0.9999896693137438,False
82,y,35,0.0077211249990796205,3.897797242237408,0.9815459596148303,False
82,y,36,0.015384165999421384,181.31501431576717,0.1415678167240626,False
82,y,37,0.016300291999868932,15.836828367970442,0.9250208638077418,False
82,y,38,0.007623916999364155,0.07012524319279807,0.9996679934872249,False
82,y,39,0.022095040998465265,0.020993087721634936,0.9999006086605977,False
82,y,40,0.013068500000372296,1638.163478608017,-6.755851090496809,False
82,y,41,0.013358750000406872,5.0154828074883335,0.9762543004347284,False
82,y,42,0.40708375000031083,360931.6098600857,-1707.8232380242953,False
82,y,47,0.6998254579993954,0.05896967813547966,0.9997208092791435,False
82,y,51,3.1610584580012073,176.11175970980239,0.16620251798360597,False
82,y,52,3.5344776250003633,3.0321225334818425e-05,0.9999998564447861,False
82,y,53,5.260412292000183,477.82728371913925,-1.2622633869552775,False
82,y,54,9.910456957999486,0.0032566140124598492,0.999984581628348,False
82,y,55,9.0531261670003,0.04316858670964328,0.9997956192195228,False
82,y,56,10.495862249999846,573.4786878137791,-1.7151229803002197,False
82,y,57,5.679722834000131,6.530656952622139,0.9690807397985126,False
82,y,58,6.081028624999817,1416.5079115776532,-5.706427395171893,False
82,y,59,9.579827790999843,0.034582718088237055,0.9998362688368411,False
82,z,0,0.02748312500079919,14.638034814987813,0.9847653769111101,False
82,z,1,0.008159959001204697,0.08712155241480338,0.9999093277184585,False
82,z,2,0.01672833399970841,821.789543131074,0.14471757266391494,False
82,z,3,0.16461912500017206,2.5266322056286213e-05,0.9999999737039228,False
82,z,4,0.01697979100026714,3.9609737182590266,0.995877592694281,False
82,z,5,0.16707587500059162,1.988356617014833e-05,0.9999999793060584,False
82,z,6,0.03775054200013983,4.050744981727087,0.9957841627099672,False
82,z,7,0.012106333000701852,6.581724859909586,0.9931500301247519,False
82,z,8,0.014515082999423612,1.6400601271092037,0.9982930975233067,False
82,z,9,0.01755141600006027,35.92523046633867,0.9626105995474347,False
82,z,10,0.0072445000005245674,38.83732805501317,0.9595798164045981,False
82,z,11,0.0436520000002929,28.7646666837977,0.9700629995252836,False
82,z,19,0.013632209000206785,0.01005684448995311,0.9999895332783939,False
82,z,20,0.017192749999594525,0.2839159641019935,0.9997045127466438,False
82,z,21,0.02618445799998881,960.8399722329418,-7.323688322458111e-10,False
82,z,22,0.01556608400096593,3836.818827728427,-2.9931923540002474,False
82,z,23,0.007947250000142958,4.259167302741096,0.9955672459213345,False
82,z,24,0.014394875001016771,12.717784432462029,0.9867638890873569,False
82,z,25,0.01457375000063621,13.948195801140066,0.985483331028641,False
82,z,26,0.017982084000323084,6.209140433136938,0.9935377996158355,False
82,z,27,0.01270312499946158,45.462706151578125,0.95268441415981,False
82,z,28,0.01772687499942549,87.2248568211981,0.909220203774024,False
82,z,29,0.015513166999880923,24.974971484673357,0.9740071476783759,False
82,z,30,0.014233500000045751,48.83666745720257,0.9491729435657478,False
82,z,31,0.013891667000279995,55.43241721971969,0.9423083771884566,False
82,z,33,0.009577000000717817,6.245341233411915,0.9935001234144413,False
82,z,34,0.00928866699905484,5.266298325027841e-12,0.9999999999999946,False
82,z,35,0.007188125000539003,6.380376485162116,0.9933595846611093,False
82,z,36,0.018036957999356673,814.7080529644288,0.15208767629873188,False
82,z,37,0.009718708000946208,3.570468137705592,0.9962840137343341,False
82,z,38,0.007009165999988909,3.119493814599912,0.9967533679831877,False
82,z,39,0.1561380419989291,0.3553688545279995,0.9996301477196433,False
82,z,40,0.012756042000546586,1109.0778669670178,-0.1542794844409241,False
82,z,41,0.01362649999828136,27.884461515219744,0.9709790783674004,False
82,z,42,6.700822417000381,0.9933117305720832,0.9989662048207766,False
82,z,47,2.4768383329992503,0.05959865943811353,0.9999379723354522,False
82,z,50,6.806786916000419,107.2789626973718,0.8883487720367952,False
82,z,51,7.183251333000953,11.407967877565627,0.9881270885729192,False
82,z,52,6.462136624999403,7.2094880129614705,0.9924966818340343,False
82,z,53,5.664366332999634,959.1388832451111,0.0017704178994907283,False
82,z,54,10.054346708000594,0.00014621976088789753,0.9999998478209012,False
82,z,55,9.127029790999586,0.0175970647613213,0.9999816857486338,False
82,z,56,11.943800500001089,8.427985742049826,0.9912285229676322,False
82,z,57,5.232888542001092,6.367441007026074,0.993373047338058,False
82,z,58,5.338070499999958,0.3822996683812868,0.999602119312571,False
82,z,59,9.422340249999252,0.6289194872241278,0.9993454482475129,False
83,x,0,0.029297082999619306,12.294819787657024,0.9857454243043479,False
83,x,1,0.008273165998616605,1.1068358912465504,0.9987167379215857,False
83,x,2,0.01784066599975631,810.1747149767725,0.06068596361747758,False
83,x,3,0.01779187499960244,279.91239155705773,0.675470446699286,False
83,x,4,0.016337625000232947,2.418111660745762,0.9971964488862827,False
83,x,5,0.16241550000086136,0.1797341991736733,0.9997916167303411,False
83,x,6,0.02161754200096766,2.5002757032944545,0.9971011881517458,False
83,x,7,0.010653916999217472,5.435757260722985,0.9936977999942744,False
83,x,8,0.0130271250000078,1.2980141400450464,0.9984950864565031,False
83,x,9,0.020084707999558304,195.14497487013844,0.7737495250881896,False
83,x,10,0.007628208000824088,13.29611972735706,0.98458452027883,False
83,x,11,0.045449791999999434,6.987883875693052,0.991898269240311,False
83,x,19,0.013957749999462976,2.2192413697019156e-14,1.0,False
83,x,20,0.017989749998378102,7.161440591381319,0.9916970481257282,False
83,x,21,0.023772790998918936,862.5174171799094,-1.980703823178942e-09,False
83,x,22,0.015220667000903632,2461.4245319514216,-1.8537679214347427,False
83,x,23,0.0072431250009685755,20.416658099813834,0.9763289903095435,False
83,x,24,0.013460833000863204,793.4919088902002,0.08002795693531917,False
83,x,25,0.0180008329989505,785.1747131145007,0.08967088776373966,False
83,x,26,0.08965725000052771,8.333559383634409,0.9903380972556031,False
83,x,27,0.013082458999633673,20.305479250869073,0.9764578907200748,False
83,x,28,0.018201792001491413,3268.535133566715,-2.7895294343475694,False
83,x,29,0.015346375001172419,19.47301380356693,0.9774230485619568,False
83,x,30,0.014066416999412468,20.18868349771985,0.9765933033518133,False
83,x,31,0.01590595800007577,12.572474687136912,0.9854235120803169,False
83,x,33,0.008551499999157386,3.2314523525221124,0.9962534642262781,False
83,x,34,0.009446875001231092,0.05493342702096563,0.9999363103561324,False
83,x,35,0.007112999999662861,3.318609360706742,0.9961524146629636,False
83,x,36,0.020067832998392987,800.485145755828,0.07192001993580421,False
83,x,37,0.009449957999095204,17.30446214915022,0.9799372605830918,False
83,x,38,0.007898332998593105,41.763832177904305,0.9515791432975612,False
83,x,39,0.14957349999895087,3.107018771965308,0.996397732131279,False
83,x,40,0.012757332999171922,1130.9011383964762,-0.31116325086403207,False
83,x,41,0.012235832999067497,1981.1885925277531,-1.296983871849915,False
83,x,42,0.7204010420009581,3.196217620445818e-08,0.9999999999629432,False
83,x,47,0.9414940829992702,0.15388236158132218,0.9998215892701747,False
83,x,50,0.9604385830007232,49.45276555389664,0.9426646179348599,False
83,x,51,0.5846910000000207,48.15295336142811,0.9441716161347258,False
83,x,52,1.659426499998517,148.95850707741,0.8272979717215587,False
83,x,53,0.584982416999992,11257.569009986355,-12.051990380776383,False
83,x,54,8.651445375000549,0.00037890957584948255,0.9999995606934201,False
83,x,55,3.8358417920007923,152.79816403197788,0.8228462854301359,False
83,x,56,1.520325833998868,44.77186843980345,0.9480916354421345,False
83,x,57,5.564006833001258,6.182658029966908,0.9928318455731273,False
83,x,59,9.6933938330003,7.473993358727822,0.9913346754225919,False
83,y,0,0.026792167000166955,1.1291065406868181,0.9460162449071008,False
83,y,1,0.009733458999107825,10.097315208891048,0.5172368844830093,False
83,y,2,0.017912833000082173,19.134120679870122,0.0851778397530405,False
83,y,3,0.01715054099986446,13.22233172543511,0.367826602803335,False
83,y,4,0.01586512500034587,1.2427839898887558,0.9405812081269844,False
83,y,5,0.02295145800053433,229.57944721973323,-9.976431546959624,False
83,y,6,0.013904750001529464,1.308279839488857,0.9374497836094517,False
83,y,7,0.012717083000097773,1.686865010468528,0.9193492338247182,False
83,y,8,0.020929665999574354,9.993565425520636,0.5221972692603423,False
83,y,9,0.0202620410000236,6.872640457637548,0.6714119297537897,False
83,y,10,0.008149500001309207,13.134848277004876,0.37200927723179744,False
83,y,11,0.044735625000612345,11.93762165589686,0.42924992404027373,False
83,y,19,0.013933709000411909,5.604220805604739e-13,0.9999999999999732,False
83,y,20,0.02658675000020594,20.915672488557025,-4.771323336427713e-10,False
83,y,21,0.024487291000696132,20.91567247860813,-1.4652723479002816e-12,False
83,y,22,0.011845000000903383,323.32656999650777,-14.458578744129287,False
83,y,23,0.007279333000042243,7.647965367353672,0.6343428414655583,False
83,y,24,0.024701166999875568,1.2147976567676182,0.9419192637477063,False
83,y,25,0.014754791000086698,1.7301243404681734,0.917280960378385,False
83,y,26,0.010898874999838881,1.323601289177946,0.9367172492046993,False
83,y,27,0.012975999999980559,13.874760647300622,0.3366332991917137,False
83,y,28,0.018346499999097432,172.05325790437175,-7.226044755701455,False
83,y,29,0.014746415999979945,1.9173582078075848,0.9083291149365909,False
83,y,30,0.013571040999522666,12.874373735014078,0.38446283531163394,False
83,y,31,0.032393957999374834,146.03668295181922,-5.9821653165297315,False
83,y,33,0.0096418339999218,2.492014190082174,0.8808542162517329,False
83,y,34,0.009984917000110727,0.0007966137513467017,0.9999619130701075,False
83,y,35,0.0070054999996500555,3.2341112970733747,0.8453737836837014,False
83,y,36,0.016333583000232466,20.20765703098969,0.03385095307420616,False
83,y,37,0.009726583000883693,0.42171980432270517,0.9798371386454514,False
83,y,38,0.007541417000538786,99.74317198724243,-3.7688245304760146,False
83,y,39,0.01938449999943259,0.03170488448251525,0.9984841565809089,False
83,y,40,0.013040167001236114,5218.772995511349,-248.51495109022127,False
83,y,41,0.012615416999324225,83.77090329024163,-3.005173793768402,False
83,y,42,6.763409082999715,1.9226523533077737e-06,0.9999999080759964,False
83,y,47,2.0403881660004117,0.19448897086820927,0.9907012805317442,False
83,y,51,1.7049721670009603,3227.109719577993,-153.29146363251306,False
83,y,52,0.46161824999944656,23.901843318076597,-0.14277192581580267,False
83,y,53,1.0088942910006153,732.36810136799,-34.01527871590577,False
83,y,54,8.005506084000444,0.00043338362307639573,0.9999792794793703,False
83,y,55,9.142406333001418,1.6176498020752361,0.9226584847447729,False
83,y,56,10.998743959000421,834.1148560801079,-38.87989661505915,False
83,y,57,5.528575708998687,7.6494132789066285,0.6342736153120868,False
83,y,58,2.2915688329994737,3320.5947357059395,-157.76107923888182,False
83,y,59,9.694671333998485,1.2723957359256384,0.939165439828489,False
83,z,0,0.027478500000142958,2.8175823001358578,0.984492764700545,False
83,z,1,0.007963625001139008,0.1043060506470688,0.9994259268059489,False
83,z,2,0.016943167000135873,170.47790702821246,0.06173423309848569,False
83,z,3,0.0165727080002398,61.221248983851325,0.6630542741295167,False
83,z,4,0.01483229199948255,0.689798846090677,0.9962035277496225,False
83,z,5,0.1695654579998518,2.083182597263857e-06,0.9999999885347084,False
83,z,6,0.03654620899942529,0.7206425691906456,0.9960337719729768,False
83,z,7,0.012515625001469743,1.7017379556379861,0.9906340798297819,False
83,z,8,0.013499291000698577,0.3609683856977859,0.9980133245114402,False
83,z,9,0.019880583000485785,42.386592476844186,0.7667152923806917,False
83,z,10,0.008029124999666237,3.4799684091668555,0.980847164977925,False
83,z,11,0.04481775000022026,1.939877454597011,0.9893234223755972,False
83,z,19,0.013867415998902288,0.011569745409875624,0.9999363231503772,False
83,z,20,0.01787158399929467,1.300087739408234,0.9928446574625458,False
83,z,21,0.024477000000842963,181.69468933256263,-1.9755308500180035e-12,False
83,z,22,0.01262187500105938,519.5728280629386,-1.8595928145867342,False
83,z,23,0.007226959000036004,3.6725485405433336,0.9797872543548668,False
83,z,24,0.01378379100060556,168.44053821361146,0.07294737764381665,False
83,z,25,0.018413792000501417,164.94179435877126,0.0922035478032166,False
83,z,26,0.08892854200166767,1.5812756668999604,0.9912970727283679,False
83,z,27,0.012492249999922933,5.075359993174768,0.9720665473942655,False
83,z,28,0.017373916998622008,726.8711287762189,-3.000508388262441,False
83,z,29,0.014958042000216665,4.765828034023673,0.9737701302578524,False
83,z,30,0.012988792001124239,5.0032694474390125,0.972463314883732,False
83,z,31,0.019885333998900023,70.503569014494,0.6119668149156086,False
83,z,33,0.010061749999294989,1.1164324535216723,0.9938554480726708,False
83,z,34,0.009298375000071246,1.2943583823403866e-12,0.9999999999999929,False
83,z,35,0.007304583999939496,1.1732677807604945,0.9935426413117924,False
83,z,36,0.019140582999170874,168.47802958581929,0.07274103494692463,False
83,z,37,0.009571208000124898,14.573563334098724,0.919790922961689,False
83,z,38,0.007629790999999386,45.73677775915171,0.7482767497099031,False
83,z,39,0.15363100000104168,0.4305111834231143,0.9976305791599887,False
83,z,40,0.012949707999723614,1340.3802571193758,-6.37710200581964,False
83,z,41,0.012650124999709078,439.66258048119596,-1.419787733461673,False
83,z,42,6.31502349999937,2.079804825179747e-09,0.9999999999885533,False
83,z,47,1.0817810839998856,5.356505802689226,0.9705191944664073,False
83,z,50,12.443922832999306,2802.3641074897478,-14.423478351455893,False
83,z,51,6.18713979200038,47.88746276903397,0.73643994249343,False
83,z,52,0.6623426250007469,301.03362719821126,-0.6568102694945186,False
83,z,53,6.113046832999316,1958.1418761743394,-9.777100218896035,False
83,z,54,8.661676792000435,0.00037805090845190523,0.9999979193067786,False
83,z,55,10.137534166000478,1.9707793373712537,0.9891533465033314,False
83,z,56,0.8554460000013933,92.34932950360701,0.49173346869396395,False
83,z,57,4.344795417000569,6.592563110183456,0.9637162586621898,False
83,z,58,5.159013291999145,3.0976728821249293,0.982951219468714,False
83,z,59,6.282689208999727,0.1567961886539643,0.9991370348289746,False
84,x,0,0.029491917000996182,3.907101758896263,0.9528900973650123,False
84,x,1,0.008933667000746937,59.31861877037781,0.28476540229556924,False
84,x,2,0.015694124998844927,81.58538887768871,0.016283689639226773,False
84,x,3,0.017084291999708512,48.42678694892381,0.4160937290935639,False
84,x,4,0.03226083300069149,3.595584950316325,0.9566462131323961,False
84,x,5,0.018988291998539353,0.0357453443097661,0.999569000298942,False
84,x,6,0.016647791000650614,3.6038569331423407,0.9565464736504016,False
84,x,7,0.01050283299991861,18.33150283963203,0.7789677957678723,False
84,x,8,0.020540916999379988,81.2439783218956,0.020400249440967855,False
84,x,9,0.023711083998932736,54.50805492620599,0.34276880438314117,False
84,x,10,0.008249208000052022,48.22934223404113,0.41847441991451473,False
84,x,11,0.043631832999381004,43.05780052421607,0.48083031475853855,False
84,x,19,0.01243104199966183,6.81521840038948e-12,0.9999999999999178,False
84,x,20,0.015404875000967877,37.21750643051591,0.5512496954382047,False
84,x,21,0.02337791700119851,27.660258911040646,0.6664862640982815,False
84,x,22,0.014874291999149136,2257.9968549439386,-26.22581047302116,False
84,x,23,0.007197082999482518,35.22377689302288,0.5752891011634165,False
84,x,24,0.015181417000349029,77.0416385621444,0.07106998602262515,False
84,x,25,0.016056041000410914,79.85213024471255,0.03718246588810181,False
84,x,26,0.014987582999310689,25.068677988175818,0.6977342664490935,False
84,x,27,0.013184333000026527,52.09435402854621,0.3718720172748531,False
84,x,28,0.019733207998797297,742.4855038436236,-7.952523367050473,False
84,x,29,0.020509707999735838,6.3269282713770325,0.9237130248362603,False
84,x,30,0.015523416001087753,16.542280323874678,0.8005413568653619,False
84,x,31,0.015313666999645648,344.4025624495711,-3.1526359397465304,False
84,x,33,0.008964415999798803,3.7785597019632506,0.9544399939789991,False
84,x,34,0.00936258399997314,0.05216443146358756,0.9993710270581861,False
84,x,35,0.007912166000096477,9.887273206452601,0.8807841446614671,False
84,x,36,0.021255249999740045,81.64520754351892,0.015562425721131978,False
84,x,37,0.013723000000027241,414.08554815550235,-3.9928389532582758,False
84,x,38,0.00729995800065808,6272.936763378017,-74.63597223576134,False
84,x,39,0.02115300000150455,22.476798453626216,0.7289858693120665,False
84,x,40,0.015806833000169718,7996.530730503982,-95.41821671881658,False
84,x,41,0.01835262500026147,721.0170536153881,-7.693667401071753,False
84,x,42,0.2320343330011383,,,False
84,x,47,0.3056242080001539,,,False
84,x,50,0.3349600419987837,,,False
84,x,51,0.2353594169999269,,,False
84,x,52,0.20867762499983655,,,False
84,x,53,0.1992867090011714,,,False
84,x,54,0.2408322910014249,,,False
84,x,55,0.3158290829996986,,,False
84,x,56,0.3398135829993407,,,False
84,x,57,0.21984308299943223,,,False
84,x,59,0.2557632919997559,,,False
84,y,0,0.02891875000022992,14.376306039763026,0.9849066892213404,False
84,y,1,0.008013375001610257,35.03467486980243,0.9632180036807328,False
84,y,2,0.01732787500077393,943.3362885464359,0.009615701527364462,False
84,y,3,0.020357625000542612,841.6489962036356,0.11637455191113033,False
84,y,4,0.01710441700015508,1.0403071346079513,0.998907808525746,False
84,y,5,0.056928541998786386,3042.495101952987,-2.194236682866475,False
84,y,6,0.01996549999967101,0.7680646524366344,0.9991936288455974,False
84,y,7,0.013236333001259482,16.846642825468592,0.9823131467124733,False
84,y,8,0.012116582998714875,7.06160991282917,0.9925861989361385,False
84,y,9,0.022394625000742963,809.0522587088182,0.15059702102237993,False
84,y,10,0.007413332999931299,112.11694055174266,0.8822913325147992,False
84,y,11,0.04346354199878988,148.5665497041966,0.8440238333966649,False
84,y,19,0.01390249999894877,8.054588416111299e-13,0.9999999999999991,False
84,y,20,0.018637041001056787,143.52473175345352,0.8493171072744964,False
84,y,21,0.018265165999764577,2.031376515113734,0.9978673104922586,False
84,y,22,0.015098833999218186,3945.281371543612,-3.1420485683362305,False
84,y,23,0.006970458000068902,227.78746670986752,0.7608518476842143,False
84,y,24,0.01716929199938022,607.0100536643494,0.36271589096764534,False
84,y,25,0.015975750000507105,938.4869213742551,0.014706926325104952,False
84,y,26,0.015161584000452422,1280.5213722062708,-0.3443861709654743,False
84,y,27,0.01275549999991199,91.54311792994571,0.903891255184567,False
84,y,28,0.03406387500035635,2989.4039423404943,-2.1384976516150243,False
84,y,29,0.01642320899918559,902.8846021828364,0.052084877692504805,False
84,y,30,0.012669874999119202,214.23816759173835,0.7750769053490492,False
84,y,31,0.016335124999386608,224.0501955281219,0.7647755117502266,False
84,y,33,0.008479124999212218,1.85444915891594,0.9980530619338983,False
84,y,34,0.009233333999873139,2.135740776653883,0.9977577411613572,False
84,y,35,0.013768667000476853,2.464518826767157,0.9974125656152999,False
84,y,36,0.021841249999852153,733.4900108335246,0.229927864923552,False
84,y,37,0.009729332999995677,65.55351251969431,0.9311770677143427,False
84,y,38,0.007341082999118953,7560.190636254046,-6.937248031816046,False
84,y,39,0.15692445800050336,134.66206409984122,0.8586217921395767,False
84,y,40,0.014850707999357837,4764.327555899253,-4.001943910600296,False
84,y,41,0.013074125001367065,3015.5856379991747,-2.1659851347136554,False
84,y,42,0.23299374999987776,,,False
84,y,47,0.30912912500025413,,,False
84,y,51,0.2690856250010256,,,False
84,y,52,0.22296108399859804,,,False
84,y,53,0.19482504200095718,,,False
84,y,54,0.25931766600115225,,,False
84,y,55,0.26319354100087367,,,False
84,y,56,0.3332169580007758,,,False
84,y,57,0.20608262500172714,,,False
84,y,58,0.21340829200016742,,,False
84,y,59,0.25891083300120954,,,False
84,z,0,0.02852445899952727,0.03850726706155887,0.9818639238752099,False
84,z,1,0.007976625000083004,0.0595774650521688,0.9719403238931282,False
84,z,2,0.0192322079983569,2.0999139005239815,0.010986723765016193,False
84,z,3,0.01929099999870232,1.8480566471341777,0.12960595251360463,False
84,z,4,0.014886458999171737,0.005483898283313438,0.9974172044833048,False
84,z,5,0.022181000000273343,8.39008148371391,-2.9515439056886246,False
84,z,6,0.021348000000216416,0.006520020766224901,0.9969292135751303,False
84,z,7,0.011005791999195935,0.1208855977157912,0.9430655413935369,False
84,z,8,0.011494874999698368,0.024094481408948064,0.9886520290229516,False
84,z,9,0.018113500000254135,2.0447363756020986,0.036974124812226616,False
84,z,10,0.007084208000378567,0.23483808931363734,0.8893964233300755,False
84,z,11,0.043050541999036795,0.29947872561458005,0.8589521048892304,False
84,z,19,0.016298791000735946,0.00474170055788377,0.9977667632932438,False
84,z,20,0.01683683299961558,0.2996882126310412,0.8588534411104787,False
84,z,21,0.01854925000043295,0.01895988158524601,0.9910703126452125,False
84,z,22,0.016243457999735256,1602.7843792573237,-753.8762021300013,False
84,z,23,0.007240042001285474,0.44485001686511727,0.7904854229960687,False
84,z,24,0.017285666999669047,1.3665135783572848,0.35640215019601695,False
84,z,25,0.01649350000116101,2.085313411453944,0.017863233095321673,False
84,z,26,0.014216957999451552,3.8652090753538455,-0.8204284899466723,False
84,z,27,0.013402708000285202,0.20107944415587353,0.9052960029463651,False
84,z,28,0.021384290999776567,8.133208009089312,-2.8305621470303555,False
84,z,29,0.016928458000620594,1.9801061857269386,0.06741352321621419,False
84,z,30,0.012929250000524917,0.5290938301544856,0.7508084392097066,False
84,z,31,0.015917459000775125,571.989313670348,-268.39439038112613,False
84,z,33,0.008792208000159007,0.009161757730883157,0.9956850135487788,False
84,z,34,0.009267708001061692,1.4319126890855353e-14,0.9999999999999932,False
84,z,35,0.008027750000110245,0.011221257748998698,0.9947150343225762,False
84,z,36,0.021346917001210386,1.648229375635292,0.22372020377738078,False
84,z,37,0.00994933399852016,49.20491225543285,-22.17443180144556,False
84,z,38,0.007681625000259373,7652.407996515178,-3603.115912481828,False
84,z,39,0.15446949999932258,0.2661441605825787,0.8746519520905568,False
84,z,40,0.012957666000147583,4461.05805116394,-2100.0602565920362,False
84,z,41,0.013439459000437637,8.198893466289864,-2.8614985531423867,False
84,z,42,0.2374881670002651,,,False
84,z,47,0.3070339170008083,,,False
84,z,50,0.3429732079985115,,,False
84,z,51,0.23760337500061723,,,False
84,z,52,0.20465416700062633,,,False
84,z,53,0.20925687499948253,,,False
84,z,54,0.2399875829996745,,,False
84,z,55,0.2593117500000517,,,False
84,z,56,0.34414495800047007,,,False
84,z,57,0.19506250000085856,,,False
84,z,58,0.1922215419999702,,,False
84,z,59,0.2522267499989539,,,False
85,x,0,0.028621792000194546,123.18828830096223,-5.328029843178959,False
85,x,1,0.008421708000241779,0.5341007767295367,0.9725639044017533,False
85,x,2,0.015389749998576008,0.010951962561218729,0.9994374112435148,False
85,x,3,0.014136792000499554,0.003185543587857222,0.9998363625701052,False
85,x,4,0.1435284999988653,0.5140413324867922,0.9735943332156967,False
85,x,5,0.021209582999290433,0.00757269228937433,0.9996110001733014,False
85,x,6,0.044121750001067994,0.27527007822100125,0.9858597169102552,False
85,x,7,0.018793416000335128,0.2957425703392494,0.9848080703383667,False
85,x,8,0.02380362499934563,0.523954864297467,0.9730850873611233,False
85,x,9,0.01839862499946321,0.8899237575963549,0.9542857184404947,False
85,x,10,0.007501500000216765,3.249338826724026,0.8330854876733509,False
85,x,11,0.04473549999966053,3.1737540176647547,0.8369681857286199,False
85,x,19,0.01377179100018111,5.455777990125629e-12,0.9999999999997198,False
85,x,20,0.01635320900095394,0.6395155483294951,0.9671488781050431,False
85,x,21,0.03470387500055949,0.17085733825636332,0.9912232700825347,False
85,x,22,0.014486082998701022,32.72577562726765,-0.6810825742183069,False
85,x,23,0.007520084000134375,0.48239951403217923,0.9752197342520684,False
85,x,24,0.02672287499990489,0.6241474634093156,0.9679383175992409,False
85,x,25,0.020225958000082755,17.787189572141035,0.08629409507014862,False
85,x,26,0.011809374998847488,0.4649657790825971,0.9761152836306708,False
85,x,27,0.014267833001213148,3.2882384118539805,0.831087264149145,False
85,x,28,0.02005937499961874,2.968731986990054,0.847499913594251,False
85,x,29,0.09508975000062492,3.3780665967809362,0.826472901511135,False
85,x,30,0.019919166999898152,3.323291418102965,0.8292866346193736,False
85,x,31,0.017054915999324294,0.38392888307445666,0.9802780486419459,False
85,x,33,0.008874624998497893,0.5201763133803791,0.9732791868432825,False
85,x,34,0.010087540998938493,3.4226480799010843e-06,0.999999824182806,False
85,x,35,0.0077100840007915394,0.5250508712444862,0.9730287868412871,False
85,x,36,0.014884292000715504,8.37086427625818,0.5699990665999963,False
85,x,37,0.013523792000341928,1.015004614640511,0.9478604696842813,False
85,x,38,0.007545250000475789,0.42657760971917935,0.9780872363601644,False
85,x,39,0.026847250001083012,0.007119778480671571,0.9996342657948746,False
85,x,40,0.012301167000259738,1519.8809900068832,-77.07440460043173,False
85,x,41,0.01451108400033263,1.4833814506436673,0.923800531544378,False
85,x,42,6.819101125000088,0.001584426938537086,0.9999186099499418,False
85,x,47,0.7282659580014297,0.000707111435511583,0.999963676561075,False
85,x,50,11.021774666000056,514.6319144646859,-25.436004249272617,False
85,x,51,6.888141082999937,2.9901003500979343e-05,0.9999984640224724,False
85,x,52,5.759725542000524,0.0612594933304758,0.9968531756766829,False
85,x,53,3.657372916000895,2.5620689898420346e-05,0.9999986838968824,False
85,x,54,9.587039832998926,1.3931062653455543e-06,0.999999928437856,False
85,x,55,9.14309745799983,0.20930109584384948,0.989248461854798,False
85,x,56,10.05470887500087,531.6455552602021,-26.309973911324587,False
85,x,57,5.22680866599876,0.03340857409112207,0.9982838429141074,False
85,x,59,8.383711540998775,7.665620495456406e-08,0.9999999960622656,False
85,y,0,0.026859542000238434,3705.7684774632403,-3.448031808109148,False
85,y,1,0.008030958000745159,0.02135456227599443,0.9999743681309748,False
85,y,2,0.16377904200089688,0.012556320570434813,0.9999849286555191,False
85,y,3,0.1468547500007844,0.013215630308155207,0.9999841372864138,False
85,y,4,0.03178029199989396,3.45570096746055,0.9958521240827489,False
85,y,5,0.1667039999992994,0.012580481243809269,0.9999848996554765,False
85,y,6,0.1579261660008342,5.258942070722721,0.9936876948061281,False
85,y,7,0.017967542000405956,4.530323783801563,0.9945622549239296,False
85,y,8,0.012679125000431668,1.7269629029449838,0.9979271274040892,False
85,y,9,0.02154362500004936,14.371379351917371,0.9827500414900473,False
85,y,10,0.008406499999182415,50.76423339211225,0.9390677193635791,False
85,y,11,0.043100292001327034,48.712944925898235,0.9415298797496952,False
85,y,19,0.042612708999513416,7.88472490262464e-14,0.9999999999999999,False
85,y,20,0.026039959000627277,833.1254445625731,-2.594946479916871e-11,False
85,y,21,0.021736249998866697,833.1254445469249,-7.1669337131652355e-12,False
85,y,22,0.016585709001446958,535.9411550308437,0.35671013465908097,False
85,y,23,0.007184791998952278,0.15056132726568708,0.9998192813240164,False
85,y,24,0.02417454200076463,823.6607568317409,0.011360459305654658,False
85,y,25,0.013302999999723397,11.64510143307168,0.986022391334491,False
85,y,26,0.010907375000897446,5.215666468601869,0.993739638486884,False
85,y,27,0.012704790999123361,51.83043259236205,0.9377879610663911,False
85,y,28,0.018780374999550986,45.0397370456904,0.9459388290913296,False
85,y,29,0.1442321249996894,54.321504480173296,0.9347979288880031,False
85,y,30,0.014008707999892067,52.82381113581498,0.9365956093623805,False
85,y,31,0.014725707998877624,53.22612981506548,0.9361127064791632,False
85,y,33,0.01019470800019917,5.261490836421846,0.9936846355241006,False
85,y,34,0.00974737500109768,0.00014977182122897852,0.9999998202289677,False
85,y,35,0.0077110000001994194,5.27542058879216,0.993667915650207,False
85,y,36,0.015528500000073109,279.2416360606063,0.6648264221308632,False
85,y,37,0.010206500001004315,0.15702114096263547,0.9998115276132886,False
85,y,38,0.007958457999848179,0.0014912576182511948,0.999998210044324,False
85,y,39,0.14877658299883478,0.033931191366377206,0.999959272410189,False
85,y,40,0.014818624998952146,1169.7658070334983,-0.4040692367498542,False
85,y,41,0.014042082999367267,10.273984681160043,0.9876681419965262,False
85,y,42,6.895376250000481,0.001461060902958004,0.9999982462894244,False
85,y,47,12.275829207999777,1.356683249682778e-06,0.9999999983715738,False
85,y,51,8.218966208998609,1031.3159737541537,-0.2378879801497389,False
85,y,52,6.141580041999987,2.9734192414775286e-05,0.9999999643100657,False
85,y,53,5.602234707999742,0.0023892001684887223,0.9999971322443887,False
85,y,54,2.348050458000216,0.025849810825474863,0.9999689724866827,False
85,y,55,9.75202758299929,5.940332972733727e-05,0.999999928698217,False
85,y,56,10.280829332999929,87.16988215344294,0.8953700397405664,False
85,y,57,6.018475041999409,1.2440544248108479e-05,0.9999999850676218,False
85,y,58,5.555372292001266,0.0003595108695188125,0.9999995684793066,False
85,y,59,9.021331374999136,0.00011033565439930455,0.9999998675641764,False
85,z,0,0.026103749998583226,737.3583103226258,-3.4946107631111962,False
85,z,1,0.008234250000896282,0.0002495433219520158,0.9999984788940668,False
85,z,2,0.16207358300016494,2.8262413588052967e-06,0.9999999827724803,False
85,z,3,0.16684258299937937,2.6647989562268984e-06,0.9999999837565618,False
85,z,4,0.026761875000374857,0.7153728844694756,0.9956394026877278,False
85,z,5,0.16872587499892688,3.532804361428677e-06,0.9999999784655841,False
85,z,6,0.1352048749995447,1.1066855818935586,0.9932541332238022,False
85,z,7,0.015787708000061684,0.9354649747689652,0.9942978184618677,False
85,z,8,0.012813583000024664,0.35684287878430937,0.9978248433342783,False
85,z,9,0.019471792000331334,2.9282095357295805,0.9821509272877437,False
85,z,10,0.007216542000605841,10.300572270452935,0.9372122584843106,False
85,z,11,0.043433333999928436,9.891197854108555,0.9397076242136787,False
85,z,19,0.013108541999827139,2.9489929770369787e-05,0.9999998202424061,False
85,z,20,0.0225978340004076,164.0538749624728,-2.4598665326891478e-09,False
85,z,21,0.02044095900055254,164.05387477192696,-1.2983831787494182e-09,False
85,z,22,0.014439625001614331,50.33602970649213,0.6931737830525102,False
85,z,23,0.006952124998861109,0.015374625824378756,0.9999062830678903,False
85,z,24,0.01658845800011477,162.24013682904769,0.01105574455190994,False
85,z,25,0.012758584000039264,2.368318565651906,0.9855637754852216,False
85,z,26,0.010297124999851803,1.0932584365297977,0.9933359791747123,False
85,z,27,0.012933500000144704,10.51327887023655,0.9359156929484127,False
85,z,28,0.01984695800092595,9.148958316454749,0.9442319887838505,False
85,z,29,0.1434094999985973,11.009931005192557,0.9328883207739285,False
85,z,30,0.013182792001316557,10.71128906932243,0.9347087101836457,False
85,z,31,0.014194834000591072,10.887485216439957,0.9336346962501665,False
85,z,33,0.009378708999065566,1.10474736085809,0.9932659477636335,False
85,z,34,0.009556917000736576,9.61314241085492e-13,0.9999999999999941,False
85,z,35,0.007190166999862413,1.107972115302846,0.9932462910840615,False
85,z,36,0.01516441700005089,55.38877322881773,0.6623744890040735,False
85,z,37,0.009847999999692547,0.08128583114825436,0.9995045174558248,False
85,z,38,0.00882116600041627,0.0071169793362361455,0.9999566180356583,False
85,z,39,0.15977470800135052,0.001075019467876311,0.9999934471558762,False
85,z,40,0.012252167000042391,1349.765091788974,-7.227572164436674,False
85,z,41,0.0134738329998072,2.162257851461839,0.9868198306362753,False
85,z,42,6.9824280829998315,0.001476278509601522,0.9999910012578882,False
85,z,47,1.5693379580006876,9.96476055805682e-07,0.9999999939259219,False
85,z,50,10.413533666998774,13.988441833592908,0.9147326335863603,False
85,z,51,6.760863584000617,0.00043108642856811477,0.9999973722874286,False
85,z,52,5.506374458000209,2.9619186916156424e-05,0.9999998194545116,False
85,z,53,0.6138125830002537,31.260308980831656,0.8094509558833729,False
85,z,54,8.60277162499915,2.564439446995936e-05,0.9999998436830917,False
85,z,55,9.827286416999414,1.1747980342311123e-06,0.9999999928389498,False
85,z,56,12.02424341599908,3.84400771375592e-06,0.9999999765686258,False
85,z,57,5.880954917000054,3.031846853421258e-05,0.9999998151919994,False
85,z,58,5.744779041999209,0.021548286573347123,0.9998686511572416,False
85,z,59,9.23411537499851,0.0001031901620579877,0.9999993709983239,False
86,x,0,0.027505375001055654,1274.9117224303484,-3.158573743290825,False
86,x,1,0.008219874998758314,0.3374098691358504,0.9988994188398859,False
86,x,2,0.1454502920005325,0.3163556412803074,0.9989680946215929,False
86,x,3,0.1442192079994129,0.31640198327569663,0.9989679434608483,False
86,x,4,0.03560070899948187,0.8945160959803746,0.9970822206084953,False
86,x,5,0.14791512500050885,0.31644437831831645,0.9989678051744807,False
86,x,6,0.15445712499968067,1.338537506014178,0.9956338883477286,False
86,x,7,0.01184645799912687,1.307104151994366,0.9957364193060613,False
86,x,8,0.012537167000118643,0.43632443278333,0.9985767741422362,False
86,x,9,0.020750833000420243,4.21551447283705,0.9862496143907247,False
86,x,10,0.007338625000556931,14.87753168793853,0.9514716889381973,False
86,x,11,0.043524249998881714,14.27200854688766,0.9534468159928996,False
86,x,19,0.01565770799970778,3.774585405482067e-12,0.9999999999999877,False
86,x,20,0.025197334000040428,306.5742731504672,-2.0523405197536704e-10,False
86,x,21,0.02325287500025297,306.5742731677813,-2.6171020905962905e-10,False
86,x,22,0.01592562499899941,146.97570649645345,0.5205869526616085,False
86,x,23,0.007107499999619904,0.5056983111570852,0.9983504867970031,False
86,x,24,0.025552707998940605,3.4551603358154757,0.9887297772868606,False
86,x,25,0.013561417001255904,3.493291264312731,0.988605399829766,False
86,x,26,0.020045666000441997,1.3371964683659205,0.9956382626144756,False
86,x,27,0.012676041998929577,15.191764157500828,0.9504467090323572,False
86,x,28,0.018567875000371714,13.48401243567022,0.9560171429263419,False
86,x,29,0.1485074579995853,15.925100801583948,0.9480546732078974,False
86,x,30,0.013670041000295896,15.488465552075938,0.9494789129039117,False
86,x,31,0.014270957999542588,15.687146260544607,0.9488308457765963,False
86,x,33,0.009271582999645034,1.3379013258211616,0.995635963473559,False
86,x,34,0.00934416699965368,4.361144560969312e-05,0.9999998577459055,False
86,x,35,0.007113957999536069,1.3386316726044012,0.995633581190219,False
86,x,36,0.015609915999448276,98.03446196793004,0.6802260640444062,False
86,x,37,0.009748500000569038,0.6664833798092347,0.9978260296498561,False
86,x,38,0.007765542000925052,0.24259663805436063,0.9992086855964425,False
86,x,39,0.15046437499950116,0.36001654075496153,0.9988256792159068,False
86,x,40,0.01323450000018056,1318.8445905745452,-3.3018762706090747,False
86,x,41,0.012965915999302524,2.02152762370924,0.9934060754565275,False
86,x,42,6.292676416998802,0.0029860616984131853,0.9999902599077596,False
86,x,47,14.053237417001583,7.144176638034762e-07,0.9999999976696751,False
86,x,50,10.891757207999035,418.35392445056743,-0.36460871369692316,False
86,x,51,7.072731624999506,3.177749875123258e-05,0.9999998963464923,False
86,x,52,5.923013583000284,0.06886273894850325,0.9997753799160805,False
86,x,53,5.142031208000844,7.965874746135137e-05,0.9999997401649308,False
86,x,54,8.70962770799997,2.503572457747145e-06,0.9999999918337164,False
86,x,55,10.798023999999714,5.006412486357855e-07,0.9999999983669822,False
86,x,56,10.667446957999346,36.41301369067688,0.8812261272808155,False
86,x,57,5.546990791001008,0.010689739392072179,0.9999651316489006,False
86,x,59,9.085357416000988,9.66714658859503e-08,0.9999999996846719,False
86,y,0,0.024528167001335532,2554.0449171804676,-3.679221690268709,False
86,y,1,0.008540333999917493,0.15664430173982782,0.9997130146735371,False
86,y,2,0.02379566700074065,0.003892209957880782,0.9999928691491933,False
86,y,3,0.023924957999042817,0.0035321740904658647,0.9999935287647032,False
86,y,4,0.15417191600135993,2.81112665457118,0.994849783287804,False
86,y,5,0.029333000000406173,0.0029360348209892355,0.9999946209411881,False
86,y,6,0.029140083001038874,2.8197765842468288,0.994833935900671,False
86,y,7,0.01916608300052758,3.507522862043902,0.9935739277939921,False
86,y,8,0.024153875001502456,53.54645630346419,0.9018984599343711,False
86,y,9,0.021103166000102647,11.065421288607633,0.9797272322983365,False
86,y,10,0.007636041998921428,39.46031318449576,0.9277054400587732,False
86,y,11,0.05211662500005332,38.15439007669795,0.9300979992854044,False
86,y,19,0.012556625000797794,2.5068949739128537e-12,0.9999999999999954,False
86,y,20,0.015516666999246809,0.621079315634552,0.9988621312861237,False
86,y,21,0.02291004199832969,4.609724067263005,0.9915546039552418,False
86,y,22,0.01588399999855028,826.6859309778815,-0.5145570515423938,False
86,y,23,0.007612999999764725,0.049952952615301374,0.9999084820561306,False
86,y,24,0.021197374999246676,8.693269728105193,0.9840732103035947,False
86,y,25,0.020209833999615512,493.4885479197839,0.09588813344965108,False
86,y,26,0.01090029200167919,4.360706224556234,0.9920108252546478,False
86,y,27,0.013044625000475207,40.135108884819566,0.9264691584819632,False
86,y,28,0.01881775000038033,36.132507532841835,0.933802255459893,False
86,y,29,0.12187433400140435,41.702565511927915,0.9235974482004472,False
86,y,30,0.02121320800142712,40.76634029486184,0.9253126902908284,False
86,y,31,0.021366334000049392,319.3524493185251,0.4149198795840543,False
86,y,33,0.008814124999844353,4.44168459346513,0.9918624661801099,False
86,y,34,0.009370833000502898,7.76697600280349e-05,0.9999998577025708,False
86,y,35,0.007616999999299878,4.457502686857482,0.9918334861237287,False
86,y,36,0.014851542000542395,189.72000027480314,0.6524172560975685,False
86,y,37,0.014897708000717103,0.3357859734662347,0.9993848123031188,False
86,y,38,0.007798083999659866,0.12338430932137706,0.9997739497326253,False
86,y,39,0.021470874999067746,0.0029044477889431115,0.9999946788112453,False
86,y,40,0.012516917000539252,1659.225669826723,-2.039838763632539,False
86,y,41,0.0136674999994284,9.264590052344612,0.983026504180578,False
86,y,42,7.166590290999011,0.0006522999370624189,0.9999988049325235,False
86,y,47,0.9280824170000415,0.007346207959668404,0.9999865411389616,False
86,y,51,4.228141083000082,1499.199488277461,-1.7466575534356457,False
86,y,52,6.16441337499964,5.765757957979767e-07,0.9999999989436654,False
86,y,53,4.995914208000613,0.0045324105041955436,0.9999916962488021,False
86,y,54,3.5818430409999564,1.6162448897318753e-05,0.9999999703890559,False
86,y,55,9.336531000000832,2.713728484632704e-06,0.9999999950282248,False
86,y,56,10.118649375001041,104.24053118747794,0.8090227187249136,False
86,y,57,5.6434968749999825,3.0408250197871628e-05,0.9999999442895687,False
86,y,58,5.571559666999747,0.17538780042007535,0.9996786750325284,False
86,y,59,8.876601250000022,5.851344608844545e-05,0.9999998927985235,False
86,z,0,0.02436479099924327,280.46734807918534,-3.495217682385162,False
86,z,1,0.00869770900135336,7.512042170667713e-05,0.9999987960001395,False
86,z,2,0.16168958400157862,1.1606199094102565e-06,0.9999999813980516,False
86,z,3,0.16294558299887285,6.137125840215287e-07,0.9999999901636619,False
86,z,4,0.12966795800093678,0.4199975241028316,0.9932684488592519,False
86,z,5,0.16763041699960013,8.628501470281325e-07,0.9999999861705854,False
86,z,6,0.03419625000060478,0.2731577336907423,0.9956219378727102,False
86,z,7,0.014739000000190572,0.35471844271166647,0.994314715681287,False
86,z,8,0.017411875000107102,6.938682628825464,0.8887895897359548,False
86,z,9,0.02015195800049696,1.112450916818469,0.982170084801971,False
86,z,10,0.007788915998389712,3.9459865527957207,0.936755316980523,False
86,z,11,0.04454112500025076,3.8060376652875636,0.9389983613779022,False
86,z,19,0.012923541000418481,8.880805189927689e-06,0.9999998576620316,False
86,z,20,0.01662275000126101,0.01577532893577248,0.9997471593821413,False
86,z,21,0.03371241700006067,0.5044147123019229,0.9919154441701546,False
86,z,22,0.0171533749999071,176.59234118132423,-1.8303509128198399,False
86,z,23,0.007588625001517357,0.004647368059632458,0.9999255138567064,False
86,z,24,0.02441949999956705,0.8905333012346174,0.9857268909558325,False
86,z,25,0.013628082999275648,0.9006283126996683,0.985565092178355,False
86,z,26,0.010390749999714899,0.4161417836261858,0.9933302471145141,False
86,z,27,0.013238167000963585,4.018399569043266,0.9355947103241684,False
86,z,28,0.020177458000034676,3.6015664426009546,0.9422755437738375,False
86,z,29,0.10631191600077727,4.186894836671909,0.9328941360447388,False
86,z,30,0.01909700000032899,4.086355838270183,0.9345055346138769,False
86,z,31,0.021582583000054,6.254383284796852,0.899757263985342,False
86,z,33,0.008997292001367896,0.4204068768353561,0.9932618879185429,False
86,z,34,0.010218958999757888,4.1247687224344695e-13,0.9999999999999933,False
86,z,35,0.007798667000315618,0.42149941345048253,0.9932443771817508,False
86,z,36,0.015582083000481362,21.07858894767664,0.6621608668308421,False
86,z,37,0.011725250000381493,0.050663231183095216,0.9991879901378156,False
86,z,38,0.008795875000942033,0.0050156162554066555,0.9999196117229554,False
86,z,39,0.17228091699871584,0.0003118332106229853,0.9999950020629069,False
86,z,40,0.012413165999532794,1526.715948176037,-23.46958825411192,False
86,z,41,0.01492662499913422,0.7920175469758951,0.987305861782812,False
86,z,42,6.949895583000398,0.0010068978688517454,0.9999838618465379,False
86,z,47,0.6411885829984385,0.0007816852485385918,0.9999874714637003,False
86,z,50,9.833918125001219,6.056857078792042,0.9029231344513634,False
86,z,51,7.255975957999908,0.0005010964577320178,0.9999919686278178,False
86,z,52,5.857253166999726,2.4957519538318933e-05,0.9999995999909298,False
86,z,53,1.9005105839987664,7.292329976928369,0.8831214724901927,False
86,z,54,8.857013540999105,4.499742411461939e-05,0.9999992787994113,False
86,z,55,9.932941041999584,3.7869595889530787e-07,0.9999999939304137,False
86,z,56,11.96700729100121,3.2662010914138912e-06,0.9999999476506445,False
86,z,57,5.2398439579992555,0.00013512180133571462,0.9999978343221955,False
86,z,58,5.9118595410000125,0.01793816435073793,0.9997124943273032,False
86,z,59,8.834459166999295,0.00015494591806049503,0.9999975165892377,False
87,x,0,0.02731987500010291,114.31797371211697,-3.959949475688627,False
87,x,1,0.008854916999553097,0.04287315946228963,0.9981398488978505,False
87,x,2,0.01315670900112309,0.0011511398206939239,0.9999500551386218,False
87,x,3,0.023376834000373492,0.0009242695140406257,0.999959898431168,False
87,x,4,0.16563441700054682,0.24446379680197589,0.9893933732255762,False
87,x,5,0.04902479199881782,0.0008773875236142774,0.9999619325146658,False
87,x,6,0.1336269169987645,0.2453207770700777,0.9893561911561831,False
87,x,7,0.014835792000667425,0.17537873688007932,0.9923907882042604,False
87,x,8,0.025499708001007093,1.8599902334542002,0.9193000253272571,False
87,x,9,0.06336012500105426,0.5550005971044714,0.9759200165011023,False
87,x,10,0.008171707999281352,2.0714283421637742,0.9101262943523222,False
87,x,11,0.045838625001124456,2.065685666287972,0.9103754536163847,False
87,x,19,0.02492954199988162,5.960931721624855e-12,0.9999999999997413,False
87,x,20,0.015599416999975801,0.05701555464948755,0.9975262483999062,False
87,x,21,0.042714375000286964,0.20640310776270518,0.9910447241769155,False
87,x,22,0.016280083000310697,41.16823716918494,-0.786179108427294,False
87,x,23,0.0076873750003869645,0.04153716015609106,0.9981978143152133,False
87,x,24,0.021474291999766137,23.048213348600857,-1.6056045382129014e-11,False
87,x,25,0.017522667001685477,23.048213364303653,-6.973579491642568e-10,False
87,x,26,0.042436666999492445,0.24039348541828207,0.9895699730913531,False
87,x,27,0.014002375000927714,2.074307891248828,0.9100013584606959,False
87,x,28,0.01916295800037915,2.0751278477363893,0.9099657827535825,False
87,x,29,0.10098116599874629,2.081079539137541,0.9097075548679227,False
87,x,30,0.026901917000941467,2.0771694531256695,0.9098772029856659,False
87,x,31,0.022875582999404287,10.153798369235504,0.5594539925579558,False
87,x,33,0.009826333000091836,0.2471482675104885,0.9892769012601378,False
87,x,34,0.009856750000835746,2.6203413133153122e-08,0.9999999988631043,False
87,x,35,0.008487250001053326,0.24725386439386565,0.9892723196953206,False
87,x,36,0.013527416000215453,0.0011467991429663913,0.9999502434689561,False
87,x,37,0.01745341700006975,0.05243097650937792,0.9977251609173687,False
87,x,38,0.007982458000697079,0.042288652486253346,0.9981652090837878,False
87,x,39,0.06806429200150887,0.0008746947623108561,0.9999620493463378,False
87,x,40,0.01293012499991164,1506.8670664244682,-64.37891001170108,False
87,x,41,0.013450542001010035,0.21606902405245534,0.9906253460609761,False
87,x,42,0.4166382919993339,0.002629653892655146,0.9998859063887979,False
87,x,47,0.8696681250003166,4.416879429572933e-06,0.9999998083634787,False
87,x,50,10.270980915998734,15.871105024091678,0.3113954307738146,False
87,x,51,6.175997832999201,0.0007478042960332468,0.9999675547824582,False
87,x,52,6.582117707999714,9.943801214521722e-05,0.9999956856520441,False
87,x,53,5.098764000000301,2.1721539927047774e-05,0.9999990575607923,False
87,x,54,10.014927457999875,1.0937707657476437e-06,0.9999999525442277,False
87,x,55,10.760931417000393,5.093923651732909e-07,0.999999977898835,False
87,x,56,6.1981973749989265,79.57404457349966,-2.452503817594513,False
87,x,57,5.601998999998614,0.00011708527402460987,0.999994919984805,False
87,x,59,8.889240582999264,2.1000295439510582e-09,0.9999999999088853,False
87,y,0,0.0378650420007034,12.392692287212478,0.9850320057924031,False
87,y,1,0.00865279200115765,0.0013978001009550562,0.9999983117257066,False
87,y,2,0.1631657499983703,0.0013015470820664154,0.9999984279808831,False
87,y,3,0.13494625000021188,0.0015945482828742333,0.9999980740916575,False
87,y,4,0.09548720900056651,3.5926825276709864,0.9956607289184932,False
87,y,5,0.17032741699949838,0.0013419569319376016,0.9999983791735388,False
87,y,6,0.09116675000041141,3.593668395354411,0.995659538179513,False
87,y,7,0.01939916700030153,4.556168056075802,0.994497023286655,False
87,y,8,0.024206250000133878,92.80718714496768,0.8879067270118032,False
87,y,9,0.1535181660001399,39.227695886500506,0.9526204709034553,False
87,y,10,0.009550667000439717,54.731598309604614,0.9338947318722663,False
87,y,11,0.04641187500055821,54.55243866234979,0.9341111223466035,False
87,y,19,0.12656870799946773,1.4182563103878353e-13,0.9999999999999998,False
87,y,20,0.015961832999892067,0.02366355039451846,0.9999714189720016,False
87,y,21,0.019013666000319063,6.658853499503579,0.9919573827623679,False
87,y,22,0.016123416999107576,923.5869976721561,-0.11551586297621896,False
87,y,23,0.00897729199823516,0.0032454017134850677,0.9999960801775012,False
87,y,24,0.02075524999963818,827.9460909560454,-5.180496032153314e-10,False
87,y,25,0.028316666001046542,11.84182594692865,0.9856973466238734,False
87,y,26,0.033772458000385086,5.474494852147971,0.9933878607378138,False
87,y,27,0.014822625000306289,54.82145885437616,0.9337861975778241,False
87,y,28,0.0178759579994221,54.85121263318709,0.9337502607225731,False
87,y,29,0.13709045799987507,55.033503833865346,0.9335300879326247,False
87,y,30,0.016002459000446834,54.88755813624132,0.9337063623293442,False
87,y,31,0.021714333999625524,737.3213329125051,0.10945731690927474,False
87,y,33,0.009552749999784282,5.515855190430322,0.993337905385943,False
87,y,34,0.010024082999734674,9.525629036340261e-07,0.9999999988494868,False
87,y,35,0.008680208999066963,5.517113413067242,0.9933363856944422,False
87,y,36,0.16523500000039348,0.0016982721585758374,0.9999979488131195,False
87,y,37,0.015628625000317697,0.0005045698708526708,0.9999993905764196,False
87,y,38,0.009005207999507547,0.001330768717532138,0.9999983926867549,False
87,y,39,0.17177566600003047,0.0017160019207432136,0.9999979273989691,False
87,y,40,0.013150875000064843,1685.1720463264269,-1.035364458637075,False
87,y,41,0.017233000000487664,2.285855008577195,0.9972391257900356,False
87,y,42,0.427217209000446,0.001979973966183782,0.9999976085713927,False
87,y,47,0.9424874589985848,0.3449183556096213,0.9995834048139656,False
87,y,51,8.006553250001161,15.22964888354023,0.9816055066171712,False
87,y,52,5.641018707998228,5.375746531108795e-06,0.9999999935071298,False
87,y,53,5.193537125000148,0.00025996148590911217,0.9999996860164099,False
87,y,54,8.819460291999349,0.0009861455487150984,0.9999988089254119,False
87,y,55,8.759179249998851,3.228239455668269e-09,0.9999999999961009,False
87,y,56,10.706610207998892,22.299064146647837,0.9730670095531816,False
87,y,57,5.75502091600174,1.7917215739003896e-05,0.9999999783594415,False
87,y,58,5.661310832998424,4.7141813553720636e-05,0.9999999430617355,False
87,y,59,8.580472040999666,2.3231293374253709e-10,0.9999999999997194,False
87,z,0,0.02448716599974432,253.7794104050485,-3.499684966852149,False
87,z,1,0.00884954100001778,5.472352792532425e-07,0.9999999902971389,False
87,z,2,0.16245737499957613,1.024631244986339e-06,0.9999999818325773,False
87,z,3,0.16795437499968102,8.677350394842042e-07,0.9999999846144559,False
87,z,4,0.1416912090007827,0.38103029949627526,0.9932440685088594,False
87,z,5,0.1660963329995866,1.2580575522584404e-06,0.999999977693767,False
87,z,6,0.08895012500033772,0.2480520670235245,0.9956018648037644,False
87,z,7,0.030365957998583326,0.3137635220146521,0.9944367551295729,False
87,z,8,0.02593683399936708,6.268017962631127,0.8888636940506918,False
87,z,9,0.08529625000119267,1.0091619476538156,0.9821068587174605,False
87,z,10,0.00810920799995074,3.7620613551677,0.9332960428223662,False
87,z,11,0.04548012499981269,3.749806701116698,0.9335133263384688,False
87,z,19,0.01238704200113716,6.490720902252871e-08,0.9999999988491501,False
87,z,20,0.016016624998883344,0.002417997956029892,0.999957127219126,False
87,z,21,0.03140420900126628,0.4556974878486458,0.9919201674705126,False
87,z,22,0.015063167000334943,83.29253620502615,-0.4768344382806895,False
87,z,23,0.008534165999662946,3.490929211516677e-05,0.9999993810340378,False
87,z,24,0.021069708998766146,56.39937293951243,-5.940725689157489e-10,False
87,z,25,0.01887820800038753,56.39937293415749,-4.991260738052006e-10,False
87,z,26,0.028937375000168686,0.3786932133196567,0.9932855066677644,False
87,z,27,0.013682332999451319,3.7682078316233834,0.9331870615316358,False
87,z,28,0.01795266699991771,3.770235174411786,0.9331511153378407,False
87,z,29,0.10917116600103327,3.7827143883506,0.9329298502191732,False
87,z,30,0.03025095800148847,3.774320045666285,0.9330786877372482,False
87,z,31,0.0248771670012502,34.729533489546874,0.3842212829666438,False
87,z,33,0.008772291999775916,0.38171855039532,0.9932318653430513,False
87,z,34,0.009972457999538165,2.7971080936821846e-13,0.999999999999995,False
87,z,35,0.008380167000723304,0.38180805691961206,0.9932302783302942,False
87,z,36,0.164274500000829,5.389188333721098e-06,0.9999999044459529,False
87,z,37,0.014902375000019674,0.0004164361850898891,0.9999926162976,False
87,z,38,0.007990500000232714,3.649292855142927e-06,0.9999999352955066,False
87,z,39,0.17028545900029712,4.793153751078432e-06,0.9999999150140595,False
87,z,40,0.012991666000743862,1522.4074742537136,-25.993340454173065,False
87,z,41,0.014650584000264644,0.16290234047911759,0.997111628514902,False
87,z,42,0.4061384590004309,0.002038140948475063,0.9999638623473373,False
87,z,47,1.929110082999614,6.944471422694583e-10,0.999999999987687,False
87,z,50,10.476144500000373,5.329222810911433e-06,0.9999999055091833,False
87,z,51,7.173883416000535,7.665434030324906e-05,0.9999986408653793,False
87,z,52,5.889654374999736,0.00014492535743312098,0.999997430372893,False
87,z,53,2.1387147500008723,5.6383131141072695,0.900028797775751,False
87,z,54,9.498363583001264,9.26543095743745e-08,0.9999999983571748,False
87,z,55,9.99810724999952,7.570794930864698e-08,0.9999999986576456,False
87,z,56,12.032454999998663,3.047660018429943e-09,0.9999999999459629,False
87,z,57,5.454988292000053,1.1453353322135855e-05,0.9999997969241016,False
87,z,58,5.450313041999834,0.007558752091519295,0.9998659780826975,False
87,z,59,9.341489000000365,0.015615207501591582,0.9997231315403521,False
88,x,0,0.03905124999982945,5.732606986872128,0.6183140145922782,False
88,x,1,0.008458250000330736,5.11380109648329,0.6595150835980638,False
88,x,2,0.014696374999402906,13.25855075359947,0.11722484708006997,False
88,x,3,0.01684525000018766,1.079586493549209,0.928119434043388,False
88,x,4,0.014915499999915482,0.22924706040114667,0.9847363703195746,False
88,x,5,0.02378645899989351,1.6668687537550506,0.8890172578934324,False
88,x,6,0.019909749998987536,0.2406324563670622,0.9839783127572022,False
88,x,7,0.01339712499975576,0.1865206409664211,0.9875811624956706,False
88,x,8,0.011857333000079961,0.5320669524784798,0.9645741458424242,False
88,x,9,0.01823800000056508,0.21895359058118374,0.9854217257225343,False
88,x,10,0.00726195899915183,2.538796636035724,0.8309629287348319,False
88,x,11,0.04276120800022909,2.977747884659883,0.8017368645269178,False
88,x,19,0.015047124999910011,3.770415925285527e-12,0.999999999999749,False
88,x,20,0.0172991670006013,4.265035726135238,0.7160272162984442,False
88,x,21,0.13769983400015917,1.7596861222822446,0.8828373315788632,False
88,x,22,0.012236874999871361,94.57600533589138,-5.297019118042125,False
88,x,23,0.007187708000856219,6.05933784496344,0.5965597604075279,False
88,x,24,0.020554958000502666,8.500954253547652,0.43399310146295333,False
88,x,25,0.01655087499966612,8.982998378708572,0.401897845788983,False
88,x,26,0.014853082999252365,1.7722831007419353,0.8819986049493285,False
88,x,27,0.012662290999287507,2.3003276136756607,0.8468405711403129,False
88,x,28,0.017576959000507486,2.7380268002825137,0.8176978711898756,False
88,x,29,0.022826166999948327,1.426633330353879,0.9050125100571862,False
88,x,30,0.012736083999698167,2.067652987669508,0.8623324135271896,False
88,x,31,0.014767791999474866,1.17847706417442,0.9215351443854621,False
88,x,33,0.00921083299908787,0.6904105129485819,0.9540313826546805,False
88,x,34,0.010322666999854846,0.0001624198055300232,0.9999891858340079,False
88,x,35,0.00758170800145308,0.830830694904133,0.9446819861857486,False
88,x,36,0.015868541999225272,14.793625455804364,0.015017160118918293,False
88,x,37,0.01035799999954179,20.355594961040357,-0.35530751350257295,False
88,x,38,0.007497167000110494,0.15889745190322457,0.9894203578498671,False
88,x,39,0.02973970900166023,1.704122587143969,0.8865368390997096,False
88,x,40,0.012397374999636668,1506.4162725049514,-99.29956365786097,False
88,x,41,0.014352416999827255,2.773359224220329,0.8153453828580517,False
88,x,42,7.217627459000141,1.1561873155537934e-06,0.9999999230192309,False
88,x,47,0.739730082999813,0.1746942001534772,0.9883685855173241,False
88,x,50,1.9681613339998876,1189.2968827372308,-78.1852561442683,False
88,x,51,6.754419791001055,14.251223102212826,0.051131161530867164,False
88,x,52,5.8888777079992,99.87919815401409,-5.650114033013221,False
88,x,53,5.997064582999883,5060.708863609781,-335.9499520710084,False
88,x,54,9.89406658400003,0.0008965646470455276,0.999940305316312,False
88,x,55,3.1019318329999805,5.880661846447667,0.6084562892849439,False
88,x,56,1.6251995000002353,79.51574657130998,-4.294283413288888,False
88,x,57,5.699380792000738,5.768848747345373,0.615900981204359,False
88,x,59,9.566956250000658,0.1187137931153638,0.9920958490246251,False
88,y,0,0.02685849999943457,13.307430246792224,0.9843690017765533,False
88,y,1,0.008065042000453104,0.00917578016906158,0.9999892220661043,False
88,y,2,0.015971374999935506,729.5101964504059,0.14311235353262464,False
88,y,3,0.021528458000830142,0.004684601175488167,0.9999944974355459,False
88,y,4,0.01737325000067358,3.47396362021444,0.9959194586656593,False
88,y,5,0.036183416999847395,0.005199229099216286,0.9999938929500808,False
88,y,6,0.023764416999256355,3.5536570710401425,0.9958258501954157,False
88,y,7,0.012526500000603846,5.552403551582619,0.993478108963106,False
88,y,8,0.015583292000883375,1.4694913615648328,0.9982739254359401,False
88,y,9,0.019388999999137013,41.78747502388131,0.9509161471638702,False
88,y,10,0.0072642080012883525,33.95180754102208,0.9601199755689535,False
88,y,11,0.043421332999059814,24.07614898949233,0.9717199913805366,False
88,y,19,0.013719000000492088,3.5927274979557367e-13,0.9999999999999996,False
88,y,20,0.0174519579995831,0.21712247658112113,0.9997449664598822,False
88,y,21,0.029749541001365287,851.3487149203387,-2.751265881784093e-10,False
88,y,22,0.015454292000868008,3591.6295397050326,-3.2187525249618263,False
88,y,23,0.007574374998512212,3.9348914090530163,0.9953780497448642,False
88,y,24,0.014546207999956096,11.03140548647573,0.9870424359652167,False
88,y,25,0.015321582999604288,850.1844371029647,0.0013675683806894101,False
88,y,26,0.015277208000043174,5.114168891403524,0.993992862380383,False
88,y,27,0.012522750001153327,40.68551077719272,0.952210521875054,False
88,y,28,0.017679749998933403,159.53863203434074,0.8126048359711663,False
88,y,29,0.015455958999154973,22.04010755479821,0.974111539520061,False
88,y,30,0.020039959001223906,43.55577868909706,0.9488390856323122,False
88,y,31,0.014503624999633757,50.63178469361134,0.9405275607748123,False
88,y,33,0.009552374998747837,5.147327613359527,0.9939539139196829,False
88,y,34,0.009279874999265303,0.012236780871227202,0.9999856265938268,False
88,y,35,0.007165541999711422,5.292300280665881,0.9937836280370528,False
88,y,36,0.018457166001098813,722.1545802025631,0.15175231048675564,False
88,y,37,0.009646417000112706,3.704546966013825,0.995648613896857,False
88,y,38,0.007029333000900806,6.234480853407507,0.9926769363177976,False
88,y,39,0.1489540839993424,0.16586761762181956,0.9998051707663845,False
88,y,40,0.01173029200072051,1141.5844798548944,-0.340912906969967,False
88,y,41,0.013057583000772865,57.64293764737051,0.9322922127525345,False
88,y,42,0.47103704099936294,1110050.869488229,-1302.8733134136444,False
88,y,47,0.88651208400006,0.0991105323098071,0.9998835840935681,False
88,y,51,4.340555708999091,3158.129518674127,-2.7095604470825156,False
88,y,52,0.6564412499992613,14.86098375848784,0.9825441872382846,False
88,y,53,5.550797040999896,469.2350188973043,0.44883335018563963,False
88,y,54,8.106290542000352,0.001571196746358585,0.9999981544615981,False
88,y,55,9.808243792000212,0.026823756941720504,0.9999684926323621,False
88,y,56,11.443727416000911,789.0253504456049,0.07320544820870778,False
88,y,57,5.885131750001165,7.236856719149199,0.9914995387973101,False
88,y,58,6.022100707999925,2259.854279972156,-1.6544402322911376,False
88,y,59,8.796385625000767,0.30499700128055596,0.9996417484445337,False
88,z,0,0.026421209000545787,2.9953267639553216,0.9847338256453619,False
88,z,1,0.008136166999975103,0.02454836365000741,0.9998748852365251,False
88,z,2,0.01402054199934355,167.8513287027133,0.14451816059975453,False
88,z,3,0.14131487499980722,3.1619858183892056e-05,0.9999998388442043,False
88,z,4,0.016996292000840185,0.8004648303623031,0.9959202996440595,False
88,z,5,0.16464083299979393,3.2876406575934856e-06,0.999999983244,False
88,z,6,0.03142604200002097,0.8211807991614876,0.9958147173097982,False
88,z,7,0.011765290999392164,1.39453029197607,0.9928925475389474,False
88,z,8,0.014302542000223184,0.33253066989436925,0.99830520287604,False
88,z,9,0.018241375000798143,9.63615005289703,0.9508877800628582,False
88,z,10,0.007056667000142625,7.2621719879168385,0.962987148816275,False
88,z,11,0.0429848329986271,5.12131696441796,0.9738983677357025,False
88,z,19,0.013777709000351024,0.0028205550745063613,0.9999856245782389,False
88,z,20,0.0176179170011892,0.11490850519937695,0.9994143499479542,False
88,z,21,0.022462999999333988,196.20677025361184,-9.906320208585839e-11,False
88,z,22,0.019112916001176927,561.6196490496907,-1.862386697357035,False
88,z,23,0.006922332999238279,1.150716395013194,0.9941351850721573,False
88,z,24,0.01455891600016912,2.5618029166261205,0.9869433510700544,False
88,z,25,0.019557416999305133,195.91239635216945,0.0015003247933502717,False
88,z,26,0.022450917000242043,1.2662175150397448,0.9935465146614029,False
88,z,27,0.012860791999628418,8.73607265511293,0.955475172214056,False
88,z,28,0.01761208300013095,38.0318165628357,0.8061646062597927,False
88,z,29,0.015015250000942615,5.105307076475956,0.9739799647566558,False
88,z,30,0.012921208999614464,9.375138651392142,0.9522180674998991,False
88,z,31,0.01739041700056987,3.1624582608288536,0.983882012546996,False
88,z,33,0.009703083998829243,1.2666653887921477,0.9935442319993323,False
88,z,34,0.009923208001055173,1.3439111623351309e-12,0.9999999999999931,False
88,z,35,0.007169333001002087,1.2985803955766355,0.9933815719303326,False
88,z,36,0.018356124999627355,166.11075495260206,0.153389280327345,False
88,z,37,0.010494292000657879,4.7067723304877855,0.9760111624850142,False
88,z,38,0.009093084001506213,5.007590531552481,0.9744779931621327,False
88,z,39,0.1678692500008765,0.10002049778907915,0.9994902291206889,False
88,z,40,0.013396374999501859,1337.8236343709486,-5.818437675592138,False
88,z,41,0.013906416999816429,14.019627666887605,0.9285466671198195,False
88,z,42,6.379756499998621,1.7911664026740615e-05,0.9999999087102651,False
88,z,47,0.6852347500007454,0.16558477777972705,0.9991560700092963,False
88,z,50,12.248815166998611,425.28547432734774,-1.1675372048567172,False
88,z,51,6.428146333000768,14.618634715487579,0.9254937294057688,False
88,z,52,6.5387629169999855,172.6612048694652,0.12000383746497567,False
88,z,53,4.919445290999647,1544.5833846927655,-6.872222670243683,False
88,z,54,9.993228834000547,6.157800806619784e-05,0.9999996861575776,False
88,z,55,8.996212833000754,0.055610363998184774,0.9997165726547977,False
88,z,56,1.5577551250007673,43.934642679012384,0.7760798843659885,False
88,z,57,5.510984207998263,4.383874220076898,0.9776568656889633,False
88,z,58,5.150121999999101,1.2643263916175984,0.9935561530822377,False
88,z,59,9.504896833999737,0.9123135622754568,0.995350244228644,False
89,x,0,0.02987691700036521,7.605185305171992,0.984343095594901,False
89,x,1,0.008747166999455658,0.03326202387962279,0.9999315229928916,False
89,x,2,0.02551833399957104,0.0009261084932354213,0.9999980934071209,False
89,x,3,0.018524666000303114,0.0008895353192609545,0.9999981687008404,False
89,x,4,0.09817645799921593,2.3186540188768405,0.9952265536123932,False
89,x,5,0.034069708999595605,0.0007227660044298889,0.9999985120312281,False
89,x,6,0.044551334000061615,2.3198339109346877,0.9952241245516383,False
89,x,7,0.029616916999657406,2.8840631500417158,0.9940625376994084,False
89,x,8,0.019289292000394198,50.89667409240273,0.8952182847852109,False
89,x,9,0.11742158299966832,9.230440885133344,0.9809971585495533,False
89,x,10,0.008287041000585305,34.335012589915294,0.9293140155963605,False
89,x,11,0.045349500000156695,34.137792677272365,0.9297200350679613,False
89,x,19,0.012837125001169625,9.192165135930592e-12,0.9999999999999811,False
89,x,20,0.015879874999882304,0.13957965521504015,0.9997126453556481,False
89,x,21,0.02796683300039149,4.021941355649684,0.991719971466639,False
89,x,22,0.017333834000965,586.7949699138458,-0.20804324689972464,False
89,x,23,0.0076157499988767086,0.024079337485988197,0.9999504275214833,False
89,x,24,0.02089250000062748,485.74003573188287,-1.510569447304988e-12,False
89,x,25,0.019185499999366584,485.7400357312129,-1.3145040611561853e-13,False
89,x,26,0.027654250001432956,3.5756687886829037,0.9926387192208673,False
89,x,27,0.013115083000229788,34.43417490432139,0.9291098687130244,False
89,x,28,0.01778316699892457,34.41068495002338,0.9291582278198924,False
89,x,29,0.11618379100036691,34.66449873070169,0.9286356977379397,False
89,x,30,0.03570200000103796,34.528227474035134,0.9289162413346013,False
89,x,31,0.023442083000190905,394.001526307604,0.18886338921076962,False
89,x,33,0.009124125001108041,3.616644749647027,0.9925543614205011,False
89,x,34,0.009934416000760393,1.8661650922917936e-06,0.9999999961580991,False
89,x,35,0.008300499999677413,3.618472356001415,0.9925505989010052,False
89,x,36,0.026609624999764492,0.0009200350223082221,0.9999981059106628,False
89,x,37,0.015833542000109446,0.045473476039237105,0.999906383100642,False
89,x,38,0.0075463749999471474,0.032993208936402,0.9999320764060826,False
89,x,39,0.02439345799939474,0.0007254762749766177,0.9999985064515551,False
89,x,40,0.012671333000980667,1641.094050762935,-2.3785439330581766,False
89,x,41,0.01488887500090641,2.7932428697168525,0.9942495107171629,False
89,x,42,6.201235749998887,0.006060940070324432,0.9999875222554773,False
89,x,47,0.6473090409999713,0.11943140012780357,0.9997541248582732,False
89,x,50,10.69879149999906,14.860673430271335,0.9694061178055816,False
89,x,51,6.80120474999967,0.0008905230296133393,0.9999981666674268,False
89,x,52,6.669022124999174,0.00018954495597449454,0.9999996097810722,False
89,x,53,5.327923333999934,4.948900025413754e-06,0.9999999898116283,False
89,x,54,6.917010749999463,6.108880849468832e-09,0.9999999999874235,False
89,x,55,10.420347041999776,1.0347867890674876e-06,0.9999999978696695,False
89,x,56,9.965236000000004,58.011873605687306,0.8805701211793954,False
89,x,57,5.746746875000099,8.807645001588666e-05,0.9999998186757452,False
89,x,59,2.4023394159994496,5.72269776692386e-10,0.9999999999988218,False
89,y,0,0.03765870799907134,5.212569220124132,0.9857334139184271,False
89,y,1,0.008555791999242501,0.047602684214691146,0.9998697134247271,False
89,y,2,0.15009720899979584,0.046364662217464776,0.9998731018396619,False
89,y,3,0.14155379099975107,0.04673405303568484,0.9998720908322904,False
89,y,4,0.1495949579984881,2.1311056418062004,0.9941672521162166,False
89,y,5,0.16660000000047148,0.046234032411939865,0.9998734593680297,False
89,y,6,0.06520816700140131,1.421281294085683,0.9961100119591851,False
89,y,7,0.032312375000401516,1.8541956208087809,0.9949251433757048,False
89,y,8,0.022155083001052844,43.86343693848233,0.8799475896645074,False
89,y,9,0.11433229199974448,5.989073008869093,0.9836081552068443,False
89,y,10,0.008036458000788116,22.261414133942854,0.9390714314520171,False
89,y,11,0.04450583300058497,22.123006743272917,0.939450246748262,False
89,y,19,0.11359479199927591,1.1466461688430124e-11,0.9999999999999686,False
89,y,20,0.016145124998729443,0.0026913657649852295,0.9999926338433618,False
89,y,21,0.03137741699902108,2.8363133404701766,0.9922371278505213,False
89,y,22,0.017018749998896965,453.64387831948306,-0.24160450770366015,False
89,y,23,0.007881375000579283,0.05848754327170355,0.9998399220162748,False
89,y,24,0.01914204100103234,365.3690653825509,-5.179512374553497e-10,False
89,y,25,0.020084750000023632,4.8769718301702305,0.9866519300762643,False
89,y,26,0.02787995800099452,2.138107153921023,0.9941480892675196,False
89,y,27,0.013623500000903732,22.331023345464978,0.9388809139228845,False
89,y,28,0.017765791999408975,22.317094095064082,0.9389190377043642,False
89,y,29,0.11571633399944403,22.49286734371433,0.9384379536023009,False
89,y,30,0.03077679200032435,22.399947543208132,0.9386922712480956,False
89,y,31,0.023673459001656738,286.49970804087604,0.21586216422209603,False
89,y,33,0.008749124999667401,2.1477971862571468,0.9941215680503197,False
89,y,34,0.010113000000274042,1.3980778829236664e-06,0.9999999961735188,False
89,y,35,0.008357292001164751,2.148478735918708,0.9941197026771218,False
89,y,36,0.15995704099987051,0.049226292689938216,0.9998652696755707,False
89,y,37,0.015303833000871236,0.03450989334407592,0.9999055478511137,False
89,y,38,0.014845499999864842,0.04815228612730393,0.9998682091870535,False
89,y,39,0.15572266599883733,0.04936698502366696,0.9998648846064799,False
89,y,40,0.012836915999287157,1605.9388400639923,-3.395388096729902,False
89,y,41,0.015262291999533772,1.1546791817920241,0.996839690899444,False
89,y,42,6.103873209000085,0.008102986597753718,0.9999778224612599,False
89,y,47,0.801839582998582,0.02577090389254541,0.9999294661033251,False
89,y,51,5.7444587079990015,57.624587222619894,0.8422838912425926,False
89,y,52,6.372262834000139,3.3084816948500607e-06,0.9999999909448226,False
89,y,53,4.559593291998681,0.000314650443402428,0.9999991388147674,False
89,y,54,0.9273798750000424,0.04497567150408641,0.9998769034497207,False
89,y,55,9.768344874999457,1.1355616022940054e-08,0.9999999999689202,False
89,y,56,9.411852457998975,38.80713089741134,0.8937864898965119,False
89,y,57,5.114167083000211,4.865096289816614e-10,0.9999999999986684,False
89,y,58,5.6760090830011904,6.184036659127152e-05,0.9999998307454777,False
89,y,59,8.49097058299958,4.85415343445451e-09,0.9999999999867144,False
89,z,0,0.026515250001466484,5340.8867035173125,-3.499320167629585,False
89,z,1,0.007874209000874544,3.839303981910938e-05,0.9999999676565732,False
89,z,2,0.16177500000048894,1.7149701072646728e-05,0.9999999855525871,False
89,z,3,0.151084749999427,7.313624021066539e-05,0.9999999383878785,False
89,z,4,0.03648770800100465,5.216210446049513,0.9956057107814973,False
89,z,5,0.16720295899904158,2.4789675276533224e-05,0.9999999791164479,False
89,z,6,0.15831933300069068,7.9358340790063835,0.9933146197811833,False
89,z,7,0.05580729099892778,6.615456613438449,0.9944269446233862,False
89,z,8,0.011532374999660533,2.764280668255965,0.9976712885986737,False
89,z,9,0.03460395799993421,21.217349977445657,0.982125879847946,False
89,z,10,0.007151666999561712,78.83746571832064,0.9335849983041873,False
89,z,11,0.04410712500066438,78.36934397438804,0.9339793578404034,False
89,z,19,0.07949741700031154,4.5452592951680706e-06,0.9999999961709398,False
89,z,20,0.02281083400157513,1187.0430432958563,-1.9250223637357067e-10,False
89,z,21,0.020303667000916903,1187.0430431778784,-9.311418303070695e-11,False
89,z,22,0.015156958999796188,1041.2934946265873,0.12278370973317054,False
89,z,23,0.007116999999198015,0.0024442986463455905,0.9999979408508726,False
89,z,24,0.027585957999690436,17.092526019668796,0.985600752963851,False
89,z,25,0.018614041999171604,1187.043043156144,-7.480438490858887e-11,False
89,z,26,0.01238266600012139,7.965848337063228,0.9932893348867289,False
89,z,27,0.013051208999968367,79.07286261007634,0.9333866930336829,False
89,z,28,0.021637084000758477,79.02080203608776,0.9334305503936099,False
89,z,29,0.1327610000007553,79.62134775422263,0.9329246330036364,False
89,z,30,0.014225917000658228,79.3058647478558,0.9331904051744176,False
89,z,31,0.015070082999955048,79.33311241659156,0.9331674509362416,False
89,z,33,0.011329375000059372,8.031140697589237,0.9932343306803462,False
89,z,34,0.010672374999558087,1.6854051113218554e-11,0.9999999999999858,False
89,z,35,0.008726666999791632,8.034578519237709,0.9932314345581975,False
89,z,36,0.18082741699981852,0.000202873183335949,0.9999998290936588,False
89,z,37,0.009795916999792098,0.0018011575355677567,0.9999984826518751,False
89,z,38,0.0076676249991578516,2.2230449265302232e-05,0.9999999812724152,False
89,z,39,0.13677008400009072,0.00045221620932420063,0.9999996190397543,False
89,z,40,0.018409457999950973,1076.1489815853954,0.09342042155051078,False
89,z,41,0.013167291999707231,5.394817005428888,0.9954552473586058,False
89,z,42,6.542377249999845,0.013364746405118207,0.9999887411442381,False
89,z,47,15.713507833999756,3.141460207872432e-09,0.9999999999973536,False
89,z,50,10.880277624999508,1.7042519717362459,0.9985642879744846,False
89,z,51,6.990098416999899,4.2226076946311205e-05,0.9999999644275098,False
89,z,52,5.56819383400034,8.710313580556571e-05,0.9999999266217545,False
89,z,53,1.5683588749998307,4.730068876230791,0.9960152507494521,False
89,z,54,9.011390792000384,1.9118893016670426e-09,0.9999999999983894,False
89,z,55,9.18870062499991,4.446014189588758e-07,0.9999999996254547,False
89,z,56,11.777484707999974,4.881083698039008e-08,0.9999999999588803,False
89,z,57,5.415663666999535,7.214618871903088e-05,0.999999939221927,False
89,z,58,5.47057570799916,0.009662390502653382,0.9999918601178288,False
89,z,59,9.420171957999628,0.0029771577504796583,0.9999974919546786,False
90,x,0,0.026802541000506608,389.95608414577373,-2.904433626960413,False
90,x,1,0.008782000000792323,0.3413456714729123,0.9965822779223057,False
90,x,2,0.14457329200013191,0.33191584967486487,0.9966766939727828,False
90,x,3,0.1470130830002745,0.33200767680834886,0.9966757745540009,False
90,x,4,0.15769575000012992,0.2955111524698728,0.997041195848059,False
90,x,5,0.1508211249984015,0.33192020817892254,0.9966766503332795,False
90,x,6,0.14163562500107219,0.29555268644458504,0.9970407799893145,False
90,x,7,0.010812791999342153,0.33112492954867734,0.996684613057168,False
90,x,8,0.024470459000440314,16.069282990115617,0.8391063726952996,False
90,x,9,0.019075250000241795,1.0888953491270141,0.9890974399676682,False
90,x,10,0.007681499999307562,3.8785084788846302,0.9611664504207418,False
90,x,11,0.04409800000030373,3.7418172991730296,0.9625350702737798,False
90,x,19,0.05027595899991866,4.9232912411723374e-12,0.9999999999999507,False
90,x,20,0.01661437499933527,0.1799185485223424,0.9981985663013737,False
90,x,21,0.033311125000182074,0.6176660778221504,0.9938156210339315,False
90,x,22,0.015959958000166807,215.9386509926663,-1.1620848207642296,False
90,x,23,0.00782620800055156,0.41091401791933196,0.9958857251506457,False
90,x,24,0.021066750001409673,0.9145095168293277,0.990843477368726,False
90,x,25,0.014148165999358753,0.9220053535468915,0.990768425335607,False
90,x,26,0.0932425000009971,0.4103065523771059,0.9958918073967926,False
90,x,27,0.014163166999423993,3.948983049788049,0.9604608240805766,False
90,x,28,0.01907170800041058,3.6739980718829783,0.9632141099973575,False
90,x,29,0.13306670800011489,4.112762816759747,0.9588209798632955,False
90,x,30,0.021399125000243657,4.01672235776108,0.9597825845488194,False
90,x,31,0.021349874999941676,28.017263935794336,0.7194772645079492,False
90,x,33,0.00948324999990291,0.2954815316412765,0.9970414924264788,False
90,x,34,0.010167792001084308,8.242700976427635e-06,0.9999999174699917,False
90,x,35,0.008111749999443418,0.29521280010614936,0.9970441830998263,False
90,x,36,0.016881041998203727,30.57626837665111,0.6938552434736844,False
90,x,37,0.014548208000633167,0.16929028918580635,0.9983049817025862,False
90,x,38,0.007541958999354392,0.38749937424375747,0.9961201641704406,False
90,x,39,0.15230662500107428,0.351182566386131,0.9964837860540017,False
90,x,40,0.012410833000103594,1525.0662302540409,-14.269719116678104,False
90,x,41,0.013790583001537016,0.24903186667797353,0.9975065694985317,False
90,x,42,6.0030401250005525,0.00022374711351421723,0.9999977597329816,False
90,x,47,0.9154285000004165,0.00039014711127415594,0.9999960936537148,False
90,x,50,9.815570917000514,358.94574392238997,-2.593942727922672,False
90,x,51,7.217727375000322,0.000364140639546101,0.9999963540434018,False
90,x,52,6.474298291001105,0.0001079588709144533,0.9999989190622661,False
90,x,53,5.351779041000555,4.4242872228781146e-05,0.9999995570184308,False
90,x,54,8.79553579200001,1.5410330701757415e-07,0.9999999984570414,False
90,x,55,9.999178666999796,1.398405019579527e-05,0.9999998599847572,False
90,x,56,9.807475500001601,115.2586678509673,-0.15402691957423564,False
90,x,57,5.859216541999558,0.00177562385205353,0.9999822215737653,False
90,x,59,9.237098499999775,7.87743690838612e-08,0.9999999992112719,False
90,y,0,0.026157082998906844,3439.000729621076,-3.5721748700708016,False
90,y,1,0.008011249999981374,0.03497510842120646,0.9999535003553724,False
90,y,2,0.0242084170004091,0.0007846387031275827,0.9999989568175053,False
90,y,3,0.0277759580003476,0.0007501208641461941,0.999999002709207,False
90,y,4,0.024481667000145535,3.526660442883782,0.9953112809446822,False
90,y,5,0.03465329199934786,0.0005774270608884726,0.9999992323067936,False
90,y,6,0.15751841699966462,5.471918351076077,0.9927250473195957,False
90,y,7,0.02155141700131935,4.461633812947046,0.994068227487331,False
90,y,8,0.013384334000875242,1.8558417277874089,0.9975326457951774,False
90,y,9,0.027427541001088684,14.117525328439372,0.9812306540157697,False
90,y,10,0.007306125000468455,51.08922514872565,0.9320765275376576,False
90,y,11,0.043779667001217604,49.74069301557129,0.9338694101845219,False
90,y,19,0.04925329099933151,8.449624819072132e-13,0.9999999999999989,False
90,y,20,0.029024834000665578,752.1586190928545,-2.0071033723922937e-09,False
90,y,21,0.02154608300043037,752.1586175834312,-3.1508129438861943e-13,False
90,y,22,0.016109042000607587,516.1649038706431,0.3137552481560827,False
90,y,23,0.007148458998926799,0.0014592733143212436,0.9999980598861993,False
90,y,24,0.026442292000865564,11.265085131772826,0.9850229926661356,False
90,y,25,0.019575250000343658,11.363373499343098,0.984892317612666,False
90,y,26,0.010295707999830483,5.410290525298933,0.9928069819333014,False
90,y,27,0.012678249999225955,51.78107665675188,0.931156706250162,False
90,y,28,0.01875429199935752,48.725221783211516,0.9352194860975289,False
90,y,29,0.1297565000004397,53.38343119569276,0.9290263649877173,False
90,y,30,0.012599790999956895,52.439723398866306,0.9302810309248819,False
90,y,31,0.021154500000193366,52.65582496614222,0.9299937224207657,False
90,y,33,0.009471334000409115,5.479993555343465,0.992714311280576,False
90,y,34,0.010060541999337147,6.221598279144237e-05,0.9999999172834275,False
90,y,35,0.0073368329994991655,5.492606300836628,0.9926975425496217,False
90,y,36,0.02989062499909778,0.0007608416368242908,0.9999989884558669,False
90,y,37,0.009621916000469355,0.00029622062568038677,0.9999996061726626,False
90,y,38,0.00783837500057416,0.0657963870875699,0.9999125232556678,False
90,y,39,0.02500487500037707,0.0005987232422203485,0.9999992039933756,False
90,y,40,0.016061958000136656,1181.8384547906085,-0.5712622672436356,False
90,y,41,0.012943249999807449,9.830955453325956,0.9869296778318988,False
90,y,42,5.912475458000699,0.00023383445197968652,0.999999689115505,False
90,y,47,0.680367416000081,0.005707134303736393,0.99999241232611,False
90,y,51,6.710943292000593,1015.5047530232431,-0.3501204789572472,False
90,y,52,6.11346895799943,3.494457148428982e-05,0.9999999535409544,False
90,y,53,5.2473141249993205,0.0005168746623242558,0.9999993128116195,False
90,y,54,3.6306818329994712,2.576410784014636e-05,0.9999999657464433,False
90,y,55,9.653581333999682,2.875401252962176e-07,0.9999999996177135,False
90,y,56,9.985382750001008,88.30495162513786,0.8825979659597921,False
90,y,57,5.735943290999785,3.3378791327953342e-06,0.9999999955622669,False
90,y,58,5.469560166999145,0.0040572858071071406,0.9999946058109124,False
90,y,59,9.935446625000623,5.856513185516877e-08,0.9999999999221373,False
90,z,0,0.024417749998974614,194.4240785455995,-3.4963834389603363,False
90,z,1,0.008526416000677273,3.0230882676534725e-05,0.9999993008600517,False
90,z,2,0.16037424999922223,4.151615357857636e-07,0.999999990398692,False
90,z,3,0.16354362499987474,6.986435642014515e-07,0.9999999838426938,False
90,z,4,0.13126958399880095,0.2914089488500732,0.9932606785055844,False
90,z,5,0.1687037909996434,9.443387674301281e-07,0.9999999781605796,False
90,z,6,0.03493608299868356,0.18953400291294384,0.9956167077751239,False
90,z,7,0.015004625000074157,0.24443811480509478,0.994346957951494,False
90,z,8,0.024271792000945425,4.807912180074176,0.8888089537871157,False
90,z,9,0.021408708998933434,0.7701874817223388,0.9821881206092553,False
90,z,10,0.007997707998583792,2.7730300551063225,0.935869021425785,False
90,z,11,0.04469670800062886,2.6976400618043668,0.9376125416722587,False
90,z,19,0.013185750000047847,3.576737898723955e-06,0.9999999172819274,False
90,z,20,0.01701537500048289,0.009572842663318393,0.9997786119315205,False
90,z,21,0.033365166000294266,0.3495235613705364,0.9919166804614464,False
90,z,22,0.0201418750002631,58.36675478408451,-0.3498292575704043,False
90,z,23,0.007523833000959712,0.0018853376861047396,0.9999563983987371,False
90,z,24,0.030962416998590925,0.6187115855680309,0.9856912551796484,False
90,z,25,0.021288957999786362,0.6240578137146094,0.9855676146723665,False
90,z,26,0.01038962500024354,0.2888867869759004,0.9933190077360287,False
90,z,27,0.014562416999979177,2.811725788171833,0.9349741175917756,False
90,z,28,0.018254124999657506,2.6430710936520687,0.9388745407338801,False
90,z,29,0.1041058749997319,2.9014119499658775,0.9328999744320843,False
90,z,30,0.021168166000279598,2.848602327779127,0.9341212856626403,False
90,z,31,0.022227292000025045,3.480914850288136,0.9194979963266442,False
90,z,33,0.009517708000203129,0.2916943449817913,0.9932540782405874,False
90,z,34,0.010255125000185217,3.045433277729668e-13,0.999999999999993,False
90,z,35,0.007991249998667627,0.2922727874725317,0.9932407007862349,False
90,z,36,0.16650441700039664,0.00012700311723628957,0.9999970628395551,False
90,z,37,0.01292624999950931,0.030962670498084877,0.9992839362290153,False
90,z,38,0.0074484169999777805,0.0022229525990929916,0.9999485904866984,False
90,z,39,0.17131591700126592,0.00012586673394778572,0.9999970891203277,False
90,z,40,0.01221724999959406,1515.8547752723064,-34.056688237330505,False
90,z,41,0.013628291000713944,0.49332083967984053,0.9885911268284077,False
90,z,42,6.028078416000426,0.00022359265279727424,0.9999948290442797,False
90,z,47,1.0244225830010691,0.000294681393853924,0.9999931849977173,False
90,z,50,10.146029625000665,13.023590609671382,0.6988075881795086,False
90,z,51,7.2880305830003635,0.0014488408306925654,0.9999664931218111,False
90,z,52,5.676040500000454,2.608359384374535e-05,0.9999993967730733,False
90,z,53,1.120709207998516,19.735064478822316,0.54359348001961,False
90,z,54,9.301599874999738,7.888998544647542e-05,0.9999981755365553,False
90,z,55,10.04106291700009,8.183272686812809e-07,0.9999999810748071,False
90,z,56,11.831503250001333,3.1630061115942638e-06,0.99999992685017,False
90,z,57,5.111066125000434,5.7242684394571036e-05,0.9999986761667585,False
90,z,58,6.027616541001407,0.01277132158038989,0.9997046417332808,False
90,z,59,9.00592266700005,0.019480918034368636,0.9995494710435008,False
91,x,0,0.029350166998483473,8.189483895056705,0.9876773578443856,False
91,x,1,0.009018665999974473,1.7986220661503187,0.9972936296867572,False
91,x,2,0.016223042001001886,568.280683713583,0.14491320831862375,False
91,x,3,0.14883595799983595,1.138250309590527,0.9982872850806792,False
91,x,4,0.1497693330002221,2.1069404771992124,0.996829705769447,False
91,x,5,0.15196137499879114,1.1383618621926512,0.9982871172284903,False
91,x,6,0.15034800000103132,2.1025661807878766,0.9968362877335915,False
91,x,7,0.011430665999796474,2.854117333831413,0.9957054355285844,False
91,x,8,0.02155233300072723,99.39232708943555,0.8504452667064671,False
91,x,9,0.018446083000526414,26.286914644019397,0.9604463179017966,False
91,x,10,0.007714874998782761,15.568796501742563,0.9765737730798448,False
91,x,11,0.04463370800112898,10.161304924903357,0.9847103766210167,False
91,x,19,0.015365750001365086,2.7081458903898104e-12,0.9999999999999959,False
91,x,20,0.01677541600110999,2.0551865086904004,0.9969075794965633,False
91,x,21,0.026201000000583008,4.182158989063545,0.9937071432924822,False
91,x,22,0.01752591699914774,772.0905044468858,-0.16175758081527647,False
91,x,23,0.007593500000439235,8.934269232665702,0.9865566861005113,False
91,x,24,0.014769666000574944,6.03587683102523,0.9909178708649781,False
91,x,25,0.017387333000442595,663.1208620803806,0.0022080519296945322,False
91,x,26,0.08945841700005985,4.56657433163624,0.9931287170123463,False
91,x,27,0.01368745800027682,19.499886180401884,0.9706586980870253,False
91,x,28,0.018721417000051588,121.74300284476274,0.8168144075707278,False
91,x,29,0.015590625000186265,13.345400598120683,0.9799192967345319,False
91,x,30,0.014870749999317923,21.468667695721468,0.9676962903936034,False
91,x,31,0.015351374999227119,17.35584597255933,0.9738848159458614,False
91,x,33,0.009804041999814217,2.1071640840542365,0.9968293693102398,False
91,x,34,0.009935333000612445,0.009183721863125745,0.9999861813369895,False
91,x,35,0.008203207999031292,2.102497341762507,0.9968363913150488,False
91,x,36,0.019261833000200568,561.8645260490356,0.15456754257550487,False
91,x,37,0.012485457998991478,0.16637344776590923,0.9997496593818015,False
91,x,38,0.007383833999483613,10.340997063998508,0.9844399954887475,False
91,x,39,0.14859158400031447,2.6350299908125017,0.9960350942669667,False
91,x,40,0.01360187499994936,1635.0127088574698,-1.4601887969147547,False
91,x,41,0.012981334000869538,44.69180452560149,0.9327526469903586,False
91,x,42,6.868301458000133,0.001042687110404964,0.9999984310781599,False
91,x,47,0.9494896250016609,2.740526044217247,0.9958763553120344,False
91,x,50,6.33132679099981,101.78352937405572,0.8468472463119405,False
91,x,51,6.743631625000489,14.325240294170735,0.9784449408289567,False
91,x,52,6.257260709000548,100.77524143823601,0.8483644080259316,False
91,x,53,6.121767667000313,5433.491343978979,-7.175725155024255,False
91,x,54,9.858038874999693,0.0006542233038440219,0.9999990155961271,False
91,x,55,3.7326966249984252,5.625305341791755,0.9915356540618137,False
91,x,56,4.088164999999208,79.50077264575656,0.8803759083035931,False
91,x,57,5.551986958998896,5.75078883918001,0.9913468401811631,False
91,x,59,9.646517167000638,0.08464174204354544,0.9998726403382684,False
91,y,0,0.02696312499938358,5.144375417760537,0.9744674156699142,False
91,y,1,0.008414457999606384,3.222828894533218,0.984004442940339,False
91,y,2,0.013273167000079411,174.15870022770355,0.1356148532570126,False
91,y,3,0.015139790999455727,0.017840550326313515,0.9999114537103709,False
91,y,4,0.015810458999112598,2.123428986206833,0.9894609888943766,False
91,y,5,0.02137270800085389,0.03797160613932055,0.9998115391748911,False
91,y,6,0.016511666999576846,2.1806421443308284,0.9891770283226912,False
91,y,7,0.013530707999962033,2.86325696020271,0.98578907178067,False
91,y,8,0.024027292000027956,7.569265097801615,0.9624321936616115,False
91,y,9,0.017672082998615224,14.25115866734398,0.9292685931864217,False
91,y,10,0.007682292000026791,21.195274666376093,0.8948035293166531,False
91,y,11,0.04528695899898594,17.20484635384313,0.9146088388302543,False
91,y,19,0.012830207999286358,1.4716916809886097e-11,0.999999999999927,False
91,y,20,0.015630374999091146,2.5475904201868715,0.9873557891950553,False
91,y,21,0.02473762500085286,1.7354088616800158,0.9913868119043086,False
91,y,22,0.011006417000317015,316.96195617495437,-0.5731468289670352,False
91,y,23,0.007593459000418079,0.7957540985593794,0.9960505101246434,False
91,y,24,0.013970583999252995,5.002677914166926,0.9751706892777027,False
91,y,25,0.01573604199984402,5.674673404989178,0.9718354386115828,False
91,y,26,0.010496250000869622,3.221268169053796,0.984012189139184,False
91,y,27,0.012826666999899317,23.694192791799306,0.882400889036733,False
91,y,28,0.01785924999967392,27.8364147644491,0.8618421966315322,False
91,y,29,0.014674083000500104,7.943178370017912,0.9605763858366148,False
91,y,30,0.018703249999816762,24.440619444989405,0.8786962213324664,False
91,y,31,0.025132500000836444,0.3899107119000337,0.998064793619373,False
91,y,33,0.00890616700053215,3.7310479790594138,0.9814820479788389,False
91,y,34,0.009568957999363192,0.002741676172382155,0.9999863925020255,False
91,y,35,0.007880249999288935,4.013463122136204,0.9800803640286733,False
91,y,36,0.015750458000184153,173.08320321571668,0.14095276426181724,False
91,y,37,0.015217624999422696,24.17697706562897,0.8800047322278348,False
91,y,38,0.007577667000077781,0.14195380574005764,0.9992954543123891,False
91,y,39,0.02230362500085903,0.02070497558659698,0.9998972369836401,False
91,y,40,0.012192166999739129,1640.6524592084377,-7.1428927458287355,False
91,y,41,0.014616165999541408,9.967515820586263,0.9505291862308582,False
91,y,42,6.978732624998884,0.0009861360199210803,0.9999951056058228,False
91,y,47,1.1163050409995776,0.08935853018477205,0.9995564953911259,False
91,y,51,4.409708957999101,2780.889499881567,-12.802121715931326,False
91,y,52,0.6612582500001736,3.1543119721582413,0.9843445063992649,False
91,y,53,5.553178292000666,464.52977860035776,-1.305556026296558,False
91,y,54,8.392012583000906,0.001542144186271426,0.9999923460239023,False
91,y,55,10.021462167000209,0.026638417997046488,0.9998677880989048,False
91,y,56,11.438686833998872,799.8361278783435,-2.9697498193460263,False
91,y,57,6.039591292001205,7.196063096936656,0.9642844713018366,False
91,y,58,7.120210084000064,2279.374671701734,-10.313001345928406,False
91,y,59,8.865280333000555,0.20674738204992454,0.9989738705793147,False
91,z,0,0.026366625001173816,22.73818936865104,0.9847379588548093,False
91,z,1,0.008938083999964874,0.17921816410647184,0.9998797074406316,False
91,z,2,0.015049249999719905,1274.5027313340001,0.14454432541163498,False
91,z,3,0.16454083300050115,2.5210285967561044e-05,0.9999999830786693,False
91,z,4,0.016993791999993846,6.086352027448268,0.9959147954324324,False
91,z,5,0.16710937499919964,2.272411777006239e-05,0.9999999847474038,False
91,z,6,0.021747791999587207,6.241373419635349,0.9958107439256222,False
91,z,7,0.011794625001130044,10.538102412303779,0.9929267475962466,False
91,z,8,0.020904375000100117,166.76454158771074,0.8880664043206756,False
91,z,9,0.017863125000076252,70.50462785899695,0.9526767714937804,False
91,z,10,0.0078243330008263,55.78242086101168,0.962558425890636,False
91,z,11,0.04557704199942236,39.58767592836009,0.9734284586575703,False
91,z,19,0.013175125000998378,0.02060418993950288,0.99998617031508,False
91,z,20,0.016047749999415828,0.8039071416430521,0.9994604115713107,False
91,z,21,0.022091749999162857,12.114743335244473,0.9918684945292593,False
91,z,22,0.019769458000155282,2655.94729666308,-0.7826915003626156,False
91,z,23,0.007781958000123268,8.446630446413273,0.9943305590730496,False
91,z,24,0.015586792000249261,19.486778515800502,0.986920329905186,False
91,z,25,0.017701665999993565,1488.8885908398856,0.0006469483743534177,False
91,z,26,0.01880824999898323,9.615600920767571,0.9935459374311124,False
91,z,27,0.01475462500093272,66.86535885738299,0.9551194758067996,False
91,z,28,0.018151958000089508,261.68281070657645,0.8243565589483944,False
91,z,29,0.017910917000335758,38.760699192262436,0.9739835315689535,False
91,z,30,0.01656241700038663,71.77869508321737,0.9518216081347929,False
91,z,31,0.019622083000285784,60.15533054466264,0.9596232965171382,False
91,z,33,0.008915082999010338,9.626668303438443,0.9935385089218783,False
91,z,34,0.009870083998976042,8.946736050667808e-12,0.999999999999994,False
91,z,35,0.008162833999449504,9.864749481118238,0.9933787070717515,False
91,z,36,0.019895416999133886,1261.5842304681971,0.15321531889099682,False
91,z,37,0.012596583999766153,4.336430051748663,0.9970893560256704,False
91,z,38,0.008122291999825393,4.72683552162461,0.996827312982227,False
91,z,39,0.15852145900134929,0.7286862877417257,0.9995109003656737,False
91,z,40,0.012804416001017671,1780.5089292357088,-0.19509078303479943,False
91,z,41,0.012965249999979278,95.55213756973262,0.9358646974278985,False
91,z,42,0.5226255830002628,6138257.751100527,-4119.044073792469,False
91,z,47,0.9123131249998551,0.1790358591581658,0.9998798298050634,False
91,z,50,3.3149341249991267,643.1109975022486,0.5683391344107622,False
91,z,51,6.622609874999398,14.3334079920981,0.9903793103760582,False
91,z,52,6.669424458001231,179.2136697500648,0.8797104572769083,False
91,z,53,5.945124583000506,2763.5831533942023,-0.8549374847501441,False
91,z,54,10.054401375000452,6.21894716293306e-05,0.999999958257966,False
91,z,55,8.788085082998805,0.055667490307456415,0.9999626355681296,False
91,z,56,6.8393177920006565,40.78780614833067,0.9726229223635491,False
91,z,57,5.753551957999662,4.406599333077375,0.9970422578842395,False
91,z,58,5.397895124999195,10.131332770043295,0.9931997743934177,False
91,z,59,9.020742458998939,0.7746071958195109,0.9994800779119969,False
92,x,0,0.03341316700061725,22.964139339493503,0.9758382797037346,False
92,x,1,0.00870816699898569,34.02654845152792,0.9641989654313223,False
92,x,2,0.016846000000441563,947.599307171752,0.0029833439721805854,False
92,x,3,0.015563959001156036,853.8809817362853,0.10158908452836324,False
92,x,4,0.01691825000125391,19.24564989092726,0.979750688553578,False
92,x,5,0.039044332999765174,3503.0848543891234,-2.685770895853665,False
92,x,6,0.023356166000667145,21.174106023934396,0.9777216633416816,False
92,x,7,0.01288570900032937,55.06537066930079,0.9420629676360793,False
92,x,8,0.01983358300094551,114.999010863828,0.8790037852600716,False
92,x,9,0.021123374999660882,851.0049058688587,0.10461514788881698,False
92,x,10,0.008146250000208966,225.22091528891855,0.7630338032864532,False
92,x,11,0.0447737499998766,232.7817417565312,0.7550786793596059,False
92,x,19,0.014070041999730165,1.9570290760379946e-12,0.9999999999999979,False
92,x,20,0.01721654199900513,134.16017768186168,0.8588433626828055,False
92,x,21,0.01637954199941305,2.2175813508757507,0.997666771676397,False
92,x,22,0.016546584000025177,5204.755790557628,-4.4761840521297955,False
92,x,23,0.007686584000111907,281.10888165719973,0.7042312768187977,False
92,x,24,0.01965020799980266,778.01708807545,0.18140928384523203,False
92,x,25,0.017217041000549216,942.4912198226107,0.008357818319084886,False
92,x,26,0.017474583999501192,1367.1873526541128,-0.43848623800193254,False
92,x,27,0.01782670899956429,228.04226506119034,0.7600653199896146,False
92,x,28,0.01839770900005533,3483.7833596756227,-2.665462827274522,False
92,x,29,0.01767920899874298,18.503273038679776,0.9805317803939144,False
92,x,30,0.013621874999444117,382.6856105190654,0.5973573167244539,False
92,x,31,0.017031875000611763,2180.5465425048205,-1.2942621482173937,False
92,x,33,0.009697790999780409,8.316108304198881,0.9912502062529318,False
92,x,34,0.010183749998759595,5.083191346344375,0.9946517199836205,False
92,x,35,0.008396208999329247,3.8265571984595033,0.9959738876619759,False
92,x,36,0.018061708999084658,858.9442813829934,0.0962617335646998,False
92,x,37,0.016260165999483434,111.12367200153852,0.8830812232280103,False
92,x,38,0.007680333999815048,24004.664606248494,-24.2565090050803,False
92,x,39,0.15238291700006812,238.11525713695522,0.7494670208988854,False
92,x,40,0.03523466700062272,1912.7961626807562,-1.0125485733741204,False
92,x,41,0.016039250000176253,3511.992311805364,-2.695142877597043,False
92,x,42,0.23673595899890643,,,False
92,x,47,0.3073273749996588,,,False
92,x,50,0.3362730000008014,,,False
92,x,51,0.23523179199946753,,,False
92,x,52,0.20542658399972424,,,False
92,x,53,0.19888183400144044,,,False
92,x,54,0.2400364159984747,,,False
92,x,55,0.31491737499891315,,,False
92,x,56,0.3364973750012723,,,False
92,x,57,0.22304841699951794,,,False
92,x,59,0.25428199999987555,,,False
92,y,0,0.031529333000435145,58.094754619573486,0.6666236778893749,False
92,y,1,0.00813262500014389,151.2636129429303,0.1319748696366977,False
92,y,2,0.014801457999055856,169.26715623682685,0.028661668856666656,False
92,y,3,0.017533458001707913,166.96232222876154,0.041887941860416555,False
92,y,4,0.05867916600072931,3.040053520074073,0.9825546752339618,False
92,y,5,0.029304749999937485,312.9926536143667,-0.7961060407757814,False
92,y,6,0.01614862499991432,2.825962138441235,0.9837832370528681,False
92,y,7,0.010810166000737809,17.415977595716903,0.9000585406575594,False
92,y,8,0.01309370799936005,1.448504940406354,0.9916877650529048,False
92,y,9,0.022100874999523512,173.11816499302418,0.0065626834325279715,False
92,y,10,0.008137875000102213,173.57379706661968,0.003948042129271578,False
92,y,11,0.04362429200045881,173.8356302823058,0.002445514146780736,False
92,y,19,0.013154416001270874,8.464641580084051e-12,0.9999999999999514,False
92,y,20,0.02162879199931922,174.26179032072804,-2.0993942140279387e-09,False
92,y,21,0.1158077919990319,59.828525008595044,0.6566744492634633,False
92,y,22,0.0154002910003328,2367.776186947225,-12.587466234337677,False
92,y,23,0.00782449999860546,174.25222729462436,5.487525556768791e-05,False
92,y,24,0.015358458000264363,162.58870609540517,0.06698590587472308,False
92,y,25,0.01649974999963888,169.56960593107593,0.02692606351066773,False
92,y,26,0.011337625001033302,170.37652354273675,0.022295572730849145,False
92,y,27,0.013079291000394733,173.4044844124258,0.0049196415501066015,False
92,y,28,0.024970166999992216,304.5215049573868,-0.7474944165110871,False
92,y,29,0.015373374999398948,163.10690250279106,0.06401223960215696,False
92,y,30,0.015147959000387345,111.49097705860662,0.36020984814013723,False
92,y,31,0.016377207999539678,324.39789973148385,-0.8615549617358491,False
92,y,33,0.008927416000005906,3.7514494924473145,0.9784723346786546,False
92,y,34,0.00911933400129783,0.6551167531702855,0.996240617330168,False
92,y,35,0.007693707999351318,14.753167297950847,0.9153390579669217,False
92,y,36,0.01243429200076207,171.7896858552996,0.014186151193696372,False
92,y,37,0.011548417000085465,308.24166555256147,-0.7688425307255577,False
92,y,38,0.008168333000867278,22026.978773219293,-125.40165568666585,False
92,y,39,0.021646957999109873,168.34450668981736,0.033956286496302335,False
92,y,40,0.01198183399901609,6798.00095855157,-38.01027850288684,False
92,y,41,0.020746750000398606,295.08222993954934,-0.6933272062449622,False
92,y,42,0.23324091599897656,,,False
92,y,47,0.30674466699929326,,,False
92,y,51,0.273191708000013,,,False
92,y,52,0.2245754579998902,,,False
92,y,53,0.19550549999985378,,,False
92,y,54,0.2560350419989845,,,False
92,y,55,0.26368974999968486,,,False
92,y,56,0.3361981250000099,,,False
92,y,57,0.20750566699825868,,,False
92,y,58,0.21009870799935015,,,False
92,y,59,0.26114275000145426,,,False
92,z,0,0.02932912500000384,45.028011584771754,0.9795057562749536,False
92,z,1,0.009019625000291853,189.65154970554835,0.9136811743245454,False
92,z,2,0.016525040999113116,2190.0311030323637,0.0032197822797773723,False
92,z,3,0.018751042000076268,1943.760431576008,0.1153084796377637,False
92,z,4,0.016190457999982755,4.9064320503047085,0.9977668653196018,False
92,z,5,0.03364112499912153,8205.345695386448,-2.734616488958664,False
92,z,6,0.018176625000705826,5.854904526605168,0.9973351734590984,False
92,z,7,0.011663334000331815,256.3224716670905,0.8833362828677906,False
92,z,8,0.020256582998626982,280.9155565221981,0.872142879978515,False
92,z,9,0.025160375000268687,1950.5393221289537,0.11222310610498087,False
92,z,10,0.00678837499981455,747.8918570014189,0.6596012691231448,False
92,z,11,0.03877041700070549,746.4344731802037,0.660264589091798,False
92,z,19,0.015161250001256121,12.235182521075995,0.9944312261682867,False
92,z,20,0.0171055000009801,448.88421108105484,0.795692900875695,False
92,z,21,0.0176587500009191,21.22278787666808,0.9903405686380232,False
92,z,22,0.01406262499949662,9497.199682027487,-3.32259649357313,False
92,z,23,0.008232125001086388,823.2267915910983,0.6253130015281023,False
92,z,24,0.01988066699959745,1893.7910601249541,0.13805175524026914,False
92,z,25,0.015972084000168252,2171.089150941484,0.011841104188424989,False
92,z,26,0.016805000001113513,3476.0904086684577,-0.582122806187616,False
92,z,27,0.013684583000213024,766.5590286973579,0.6511050119505708,False
92,z,28,0.02452458300103899,8117.471388082027,-2.6946209970929855,False
92,z,29,0.01818529199954355,68.51162759866733,0.968817321827252,False
92,z,30,0.013579582999227569,1191.1680660531135,0.4578466202704642,False
92,z,31,0.09719883300022047,5311.44857898607,-1.4174756530356296,False
92,z,33,0.009145167001406662,8.04797847848521,0.9963370083060078,False
92,z,34,0.009871041000224068,2.7985237076296437e-11,0.9999999999999872,False
92,z,35,0.007079584000166506,10.478971416457261,0.9952305556777172,False
92,z,36,0.018610417000672896,2015.329132587103,0.08273439186475606,False
92,z,37,0.01654400000006717,191.31292494102493,0.9129250088223111,False
92,z,38,0.0077563340000779135,25113.552672254227,-10.430290860123883,False
92,z,39,0.16018137500032026,764.8337574514392,0.6518902593590447,False
92,z,40,0.011721832999683102,14484.869959399244,-5.592706291608191,False
92,z,41,0.016489542000272195,8238.628324015583,-2.7497648883422685,False
92,z,42,0.23785175000011805,,,False
92,z,47,0.30911891700088745,,,False
92,z,50,0.3317330840000068,,,False
92,z,51,0.2356854169993312,,,False
92,z,52,0.20269708299929334,,,False
92,z,53,0.2042847079992498,,,False
92,z,54,0.23875012499956938,,,False
92,z,55,0.2574004580001201,,,False
92,z,56,0.34760508299950743,,,False
92,z,57,0.1963847919996624,,,False
92,z,58,0.19178912499955914,,,False
92,z,59,0.2490997500008234,,,False
93,x,0,0.030925416000172845,22.457225726415455,0.9739021973606561,False
93,x,1,0.00834562499949243,32.30778397184142,0.9624547493050355,False
93,x,2,0.014601875000153086,843.4288502599878,0.019841544874238615,False
93,x,3,0.015217792000839836,775.4183235363762,0.09887736726181284,False
93,x,4,0.020614749999367632,26.571852631779294,0.9691205416824835,False
93,x,5,0.02191191699967021,2.8282811623644357,0.9967132216381858,False
93,x,6,0.01683187500020722,28.35141740503667,0.9670524888071111,False
93,x,7,0.011608999999225489,62.216571921869466,0.9276973997280712,False
93,x,8,0.011281416000201716,4.005985395691652,0.9953445978810339,False
93,x,9,0.020878665998679935,755.5057377533716,0.12201801429162762,False
93,x,10,0.0073145839996868744,234.27216126647065,0.7277496025952456,False
93,x,11,0.043952584001090145,235.3160767161478,0.7265364563362314,False
93,x,19,0.013959292000436108,1.087489748962959e-12,0.9999999999999988,False
93,x,20,0.017291457999817794,118.41468194670502,0.862388923872697,False
93,x,21,0.01973287500004517,2.2016311566342486,0.9974414588823015,False
93,x,22,0.01488779200008139,5006.137266777903,-4.817690215410583,False
93,x,23,0.0071312500003841706,270.0927409690687,0.6861220912145461,False
93,x,24,0.01769041700026719,739.2746796377487,0.14088031529397227,False
93,x,25,0.014698250000947155,853.0341249920399,0.008679143636096232,False
93,x,26,0.018275790998814045,1319.1347344608864,-0.5329817838616246,False
93,x,27,0.012614125000254717,240.51513066945077,0.7204945754005555,False
93,x,28,0.01730570799918496,3211.9588943078597,-2.7326547067980806,False
93,x,29,0.017302209000263247,17.69337378630281,0.9794383249861569,False
93,x,30,0.012525416999778827,374.6193977080011,0.5646504503557928,False
93,x,31,0.02825170799951593,306.69290058176534,0.6435886209730679,False
93,x,33,0.008826666000459227,9.86991011908208,0.9885300629074194,False
93,x,34,0.010149916000955272,5.338583701083695,0.9937959699251445,False
93,x,35,0.007788333001371939,3.8925913321507744,0.995476374438246,False
93,x,36,0.019782958001087536,823.3050005396702,0.04322770417738453,False
93,x,37,0.014411707999897772,266.57728524849404,0.6902074431053187,False
93,x,38,0.007983833000253071,32257.34646557302,-36.486636683587975,False
93,x,39,0.15262479200100643,240.88344601640802,0.7200665518614491,False
93,x,40,0.015748709000035888,6794.620293289623,-6.896107096388759,False
93,x,41,0.017259375001231092,3244.408729145453,-2.7703650364526764,False
93,x,42,0.2360501250004745,,,False
93,x,51,0.23609695800041663,,,False
93,x,52,0.2061686249999184,,,False
93,x,53,0.20053579100022034,,,False
93,x,57,0.21705220900003042,,,False
93,y,0,0.035039374999541906,79.91032171948906,0.5903776814903855,False
93,y,1,0.008208499999454943,162.254229469092,0.16828073979695857,False
93,y,2,0.016210415999012184,187.70973008980937,0.037795203526890475,False
93,y,3,0.015258207999067963,189.40432826677764,0.02910865066043411,False
93,y,4,0.02785033300096984,2.9090139618918336,0.985088321283077,False
93,y,5,0.028333333000773564,285.9564795698247,-0.46582010475964997,False
93,y,6,0.021165750000363914,278.96125370646,-0.42996240108642114,False
93,y,7,0.010872540999116609,16.439737471363454,0.9157294923383229,False
93,y,8,0.019256958999903873,249.64852025306027,-0.27970459232443257,False
93,y,9,0.016394542000853107,190.78283257225686,0.022042402927530902,False
93,y,10,0.00780112499887764,193.91458509523173,0.005988960745650251,False
93,y,11,0.04501483399872086,194.07340434293872,0.005174849288333561,False
93,y,19,0.013339541999812354,5.141912714768496e-13,0.9999999999999973,False
93,y,20,0.026921000000584172,195.08292911806254,-9.383649413052808e-11,False
93,y,21,0.12618237499918905,51.71359502712579,0.7349148115328852,False
93,y,22,0.014611290998800541,2287.1109115227405,-10.723788042741628,False
93,y,23,0.007795458001055522,194.72222121954215,0.001848997664116614,False
93,y,24,0.014854249999189051,188.4349909281266,0.03407749823271622,False
93,y,25,0.01436262500101293,194.0826308707943,0.005127553874541668,False
93,y,26,0.012229291998664849,196.77395661558762,-0.008668249567681308,False
93,y,27,0.013771459000054165,193.85139159510422,0.006312892216328692,False
93,y,28,0.0198078749999695,274.6727715100601,-0.407979533512155,False
93,y,29,0.015278333001333522,184.90414743861024,0.052176690744383025,False
93,y,30,0.014413792001505499,131.3471762838985,0.326711071593899,False
93,y,31,0.015474124998945626,134.2616704146867,0.31177130139341247,False
93,y,33,0.010021916999903624,3.644139208095338,0.9813200507860332,False
93,y,34,0.010014584000600735,0.9757245733113415,0.9949984113022395,False
93,y,35,0.007082957999955397,15.437449762778883,0.9208672443354341,False
93,y,36,0.016558583000005456,190.99052961835204,0.020977742646625663,False
93,y,37,0.01067450000118697,476.12781072408524,-1.4406431301870333,False
93,y,38,0.007506083999032853,34330.601440172824,-174.97952623839114,False
93,y,39,0.019565415999750257,192.47735554681307,0.01335623555052945,False
93,y,40,0.0141995419999148,2879.6785747517265,-13.76130478479328,False
93,y,41,0.01785816700066789,274.548265270067,-0.40734131139519336,False
93,y,42,0.2371575839988509,,,False
93,y,51,0.2679288330000418,,,False
93,y,52,0.22055774999898858,,,False
93,y,53,0.19178629100133548,,,False
93,y,57,0.20768045899967547,,,False
93,y,58,0.21118179200129816,,,False
93,z,0,0.030725999999049236,0.03771271919597751,0.9790558430131637,False
93,z,1,0.008553790999940247,0.19142180543218182,0.8936918782535612,False
93,z,2,0.019036583000342944,1.7877426710034818,0.00715822269435995,False
93,z,3,0.017960541999855195,1.5995028780000877,0.11169918022502656,False
93,z,4,0.01625387499916542,0.0042878174268687124,0.9976187152972833,False
93,z,5,0.16640041599930555,2.7623618692846763e-08,0.9999999846589316,False
93,z,6,0.015975000000253203,0.005045335410947941,0.9971980196827226,False
93,z,7,0.01137116599966248,0.24414377444454663,0.8644121758297736,False
93,z,8,0.015209458000754239,0.03537128301609218,0.9803561843296129,False
93,z,9,0.026288084000043455,1.5565591438464341,0.13554843662685634,False
93,z,10,0.00797545900059049,0.7325846943872035,0.5931513512545766,False
93,z,11,0.04366433399991365,0.7177192726804983,0.6014070202314763,False
93,z,19,0.016580792000240763,0.011850683194856541,0.993418597902089,False
93,z,20,0.015438707998328027,0.3888108049121885,0.7840698122577274,False
93,z,21,0.017087208998418646,0.017863064310295513,0.9900795585373572,False
93,z,22,0.015820291999261826,2145.8055877441716,-1190.695800544075,False
93,z,23,0.007404332998703467,0.7566608423886941,0.579780408131618,False
93,z,24,0.017170334000184084,1.6452958077885722,0.08626759292968522,False
93,z,25,0.014165582999339676,1.7774559507910057,0.012871061428956887,False
93,z,26,0.01842775000113761,2.965063739662757,-0.6466794695116089,False
93,z,27,0.01289987500058487,0.7557461561840911,0.5802883887777059,False
93,z,28,0.017932749999090447,6.540730073837511,-2.6324635400351966,False
93,z,29,0.018387500000244472,1.7557729913288072,0.0249129220159795,False
93,z,30,0.013796458000797429,1.08322735814845,0.3984182438927163,False
93,z,31,0.01614629200048512,934.0185454220181,-517.7170657803351,False
93,z,33,0.009083874998395913,0.006972215168360552,0.9961279066546939,False
93,z,34,0.009831875000600121,6.5640078839156905e-15,0.9999999999999963,False
93,z,35,0.007144167000660673,0.009163734876980903,0.9949108230342164,False
93,z,36,0.02053137500115554,1.7638567192388777,0.02042353832801047,False
93,z,37,0.010343874999307445,120.8577137741773,-66.11960803469398,False
93,z,38,0.008000042000276153,30757.33684158106,-17080.411922579828,False
93,z,39,0.02185500000086904,0.7327881017267396,0.5930383868398557,False
93,z,40,0.012076166998667759,4578.953719653288,-2541.970318356287,False
93,z,41,0.017466125000282773,6.6627135563325455,-2.700208355621168,False
93,z,42,0.23777945800065936,,,False
93,z,51,0.21203791700099828,,,False
93,z,52,0.1892215829993802,,,False
93,z,53,0.17092487499940034,,,False
93,z,57,0.18274258299970825,,,False
93,z,58,0.18325979200017173,,,False
94,x,0,0.03480866599966248,16.18527756824419,0.9799981124794199,False
94,x,1,0.008660708999741473,0.09410605128611288,0.9998837030353731,False
94,x,2,0.01698466699963319,793.6809154798007,0.019163166543079035,False
94,x,3,0.017114374999437132,298.69190599638773,0.6308743003104678,False
94,x,4,0.021409166998637374,3.168850446869615,0.9960839108294204,False
94,x,5,0.033984417001192924,3498.572358986044,-3.3235619847723417,False
94,x,6,0.016638625000268803,3.2844144437431964,0.9959410959745532,False
94,x,7,0.010426458000438288,13.588662437713117,0.983207028950338,False
94,x,8,0.019395707999137812,70.24824485375115,0.9131866916610856,False
94,x,9,0.021437416999106063,568.3424188071837,0.29763817233139434,False
94,x,10,0.007733500000540516,6.5615791954370035,0.991891151172964,False
94,x,11,0.04480354200131842,11.38044432449473,0.9859359614715918,False
94,x,19,0.013085667000268586,3.400505141096952e-12,0.9999999999999958,False
94,x,20,0.015640375000657514,25.93556685773686,0.9679486317807269,False
94,x,21,0.01901654100038286,4.806324493502222,0.994060308110189,False
94,x,22,0.01164829200024542,3380.0161502397405,-3.177049332010516,False
94,x,23,0.007635167001353693,44.63916743797267,0.9448345817770534,False
94,x,24,0.01795779200074321,655.8772652805542,0.18946195194164706,False
94,x,25,0.017492791999757173,784.2199299695137,0.030855123459645917,False
94,x,26,0.01644549999946321,2237.5424520181537,-1.7651717592783376,False
94,x,27,0.013502582998626167,9.584413300978937,0.9881555100931315,False
94,x,28,0.01698437500090222,3321.2730982435646,-3.1044542273736653,False
94,x,29,0.018934292000267305,798.763144479748,0.012882509793006647,False
94,x,30,0.015861125000810716,16.181476515973756,0.98000280984835,False
94,x,31,0.01877533399965614,208.47503519676212,0.74236498649637,False
94,x,33,0.009196000000883942,3.355215203220687,0.9958535998644946,False
94,x,34,0.00994604199877358,0.42005093118099557,0.9994808979059536,False
94,x,35,0.007705292000537156,3.961486807264219,0.9951043648649791,False
94,x,36,0.021216749999439344,750.3005890988803,0.07277289953768862,False
94,x,37,0.015038499999718624,175.91072619491374,0.782608204018838,False
94,x,38,0.007608040999912191,874.3883240032644,-0.08057565477507356,False
94,x,39,0.15280279100079497,5.468280956763677,0.9932422573436297,False
94,x,40,0.015392417000839487,15030.590536181568,-17.57491661820247,False
94,x,41,0.012679624998781946,3398.3857829613303,-3.199750662027398,False
94,x,42,0.23218079099933675,,,False
94,x,47,0.36481983399971796,,,False
94,x,50,0.33013083299920254,,,False
94,x,51,0.19887216600000102,,,False
94,x,52,0.1900880410012178,,,False
94,x,53,0.17509520899875497,,,False
94,x,54,0.243188000000373,,,False
94,x,55,0.3181451250002283,,,False
94,x,56,0.33724904200062156,,,False
94,x,57,0.18760850000035134,,,False
94,x,59,0.2599577909986692,,,False
94,y,0,0.032282000000122935,136.10438339827712,-0.015376083497226523,False
94,y,1,0.008064416000706842,36.72152207191039,0.7260473591631192,False
94,y,2,0.022252875000049244,131.74055097108965,0.01717930500918019,False
94,y,3,0.015777415999764344,125.32679177777766,0.06502771023755949,False
94,y,4,0.02094424999995681,0.7614276054879116,0.9943195409242288,False
94,y,5,0.025106583001615945,134.0966246323882,-0.0003976516391577256,False
94,y,6,0.018050833001325373,0.9330732226859177,0.9930390174745911,False
94,y,7,0.011453167000581743,0.8390424572285202,0.9937405128120262,False
94,y,8,0.012127374999181484,3.4336659438851127,0.9743839089448165,False
94,y,9,0.016827207999085658,111.7705249803549,0.16616118400182045,False
94,y,10,0.007213792001493857,36.61193304200404,0.7268649234266813,False
94,y,11,0.04316754199862771,46.973519863503036,0.6495646397551174,False
94,y,19,0.014383375000761589,7.492692487823442e-12,0.9999999999999442,False
94,y,20,0.017068625000320026,35.260714179988945,0.7369453872721817,False
94,y,21,0.15910600000097475,5.969677208691743,0.9554645683514349,False
94,y,22,0.016302624999298132,728.0700172113578,-4.431602305008382,False
94,y,23,0.008379333999982919,66.48281552043046,0.5040199355999742,False
94,y,24,0.01640495900028327,100.08557450284748,0.25333412403117705,False
94,y,25,0.015528459000051953,129.70234446024563,0.03238488540759632,False
94,y,26,0.01666466599999694,42.756089806139215,0.681027826370779,False
94,y,27,0.012756957999954466,29.438749923240536,0.780378839727416,False
94,y,28,0.021953666999252164,134.78050956333365,-0.005499621064449345,False
94,y,29,0.01730358399981924,97.75053638079685,0.27075414977896284,False
94,y,30,0.013932707999629201,26.0867788215089,0.8053854648212793,False
94,y,31,0.015094791999217705,55.93450849514843,0.5827132032775877,False
94,y,33,0.009131834000072558,1.5382574797996122,0.9885241766925413,False
94,y,34,0.009343792000436224,0.06093116451658347,0.9995454367769425,False
94,y,35,0.008116666000205441,4.395121104069283,0.9672111893700966,False
94,y,36,0.017934790999788675,119.02083177922881,0.112071903864153,False
94,y,37,0.01016854199951922,160.94143621388955,-0.20066731941380245,False
94,y,38,0.007506959000238567,698.5820638619894,-4.211614073662339,False
94,y,39,0.042159415999776684,106.1161557766738,0.20834433132838726,False
94,y,40,0.014389666999704787,5804.377285985115,-42.302248822784286,False
94,y,41,0.014298500000222703,131.76367077861286,0.017006824894814976,False
94,y,42,0.23251162499946076,,,False
94,y,47,0.3088709170006041,,,False
94,y,51,0.25506908299939823,,,False
94,y,52,0.19431854100002965,,,False
94,y,53,0.1826296250001178,,,False
94,y,54,0.2542139170000155,,,False
94,y,55,0.26272083399999246,,,False
94,y,56,0.3330870829995547,,,False
94,y,57,0.192460915999618,,,False
94,y,58,0.17904066699884424,,,False
94,y,59,0.25860841699977755,,,False
94,z,0,0.0279429580004944,0.8760399599945962,0.9835799737139772,False
94,z,1,0.009456083000259241,0.285936773728259,0.9946405534505669,False
94,z,2,0.01857933399878675,52.24069814375503,0.020828186049948294,False
94,z,3,0.018538333000833518,18.675730888792614,0.6499520500108762,False
94,z,4,0.014541833001203486,0.1675254685861893,0.996859991868658,False
94,z,5,0.03512941700137162,212.4930068057035,-2.982855710562785,False
94,z,6,0.014801125000303728,0.1791045718364942,0.9966429593262843,False
94,z,7,0.010646749999068561,1.1683739085418765,0.9781006219279322,False
94,z,8,0.011983374999545049,0.26924628976175025,0.9949533909899163,False
94,z,9,0.021730375001425273,37.5769013988634,0.2956785798670306,False
94,z,10,0.00712299999941024,0.8852825355557846,0.9834067358017863,False
94,z,11,0.043110250000609085,1.7829006619623402,0.9665822598606465,False
94,z,19,0.013978417000544141,0.02794534116857671,0.9994762074134578,False
94,z,20,0.018876457999795093,3.1509428141261795,0.940940406606537,False
94,z,21,0.02094612499968207,0.45013427231771636,0.9915629230158152,False
94,z,22,0.01822616699973878,831.4094084784929,-14.583495006035712,False
94,z,23,0.007444083999871509,4.735254968965883,0.9112449036435285,False
94,z,24,0.018020207999143167,42.272788360556426,0.20766137646495453,False
94,z,25,0.016103124999062857,51.469155677816524,0.035289566980072906,False
94,z,26,0.015244874999552849,181.82086354636652,-2.4079533983782166,False
94,z,27,0.012747834000037983,0.6287279221689628,0.9882154587915892,False
94,z,28,0.017143500001111533,201.9613218107799,-2.7854554179393487,False
94,z,29,0.018929334000858944,52.06482381191866,0.024124680826062894,False
94,z,30,0.01834887500081095,1.84758764381084,0.9653698015358888,False
94,z,31,0.016519958000571933,208.63045327912081,-2.910458065096875,False
94,z,33,0.009102957999857608,0.280963750001628,0.994733765157842,False
94,z,34,0.009243332999176346,1.1409098205944364e-12,0.9999999999999786,False
94,z,35,0.007548125000539585,0.31714379826586653,0.9940556256086689,False
94,z,36,0.021403041999292327,48.91765685308832,0.08311350159950726,False
94,z,37,0.010108417000083136,42.59411676336785,0.20163856807543545,False
94,z,38,0.007421332999001606,999.3947986182181,-17.732123661946677,False
94,z,39,0.1495383330002369,1.2393491974196897,0.9767702989264119,False
94,z,40,0.015588624999509193,4344.93345009957,-80.43911775679128,False
94,z,41,0.01304254100068647,207.46898381095215,-2.888688100176714,False
94,z,42,0.2407813330009958,,,False
94,z,47,0.30733179099843255,,,False
94,z,50,0.32990233300006366,,,False
94,z,51,0.23447216600106913,,,False
94,z,52,0.20539716700113786,,,False
94,z,53,0.2040995829993335,,,False
94,z,54,0.2375941660011449,,,False
94,z,55,0.2575808750007127,,,False
94,z,56,0.3388485830000718,,,False
94,z,57,0.20075245900079608,,,False
94,z,58,0.19197499999972933,,,False
94,z,59,0.2551504590010154,,,False
95,x,0,0.028178958998978487,2156.5885123033436,-3.366257439266403,False
95,x,1,0.00833795799917425,0.08181086268201035,0.9998343646524313,False
95,x,2,0.14242716599983396,0.07744228238830834,0.9998432093374964,False
95,x,3,0.14944795900009922,0.07736903560774586,0.9998433576338908,False
95,x,4,0.03854999999930442,1.8869536584309003,0.9961796488288462,False
95,x,5,0.028965290999622084,1994.3867689477659,-3.037861658361561,False
95,x,6,0.1420207079991087,2.8452324266893254,0.9942395050429876,False
95,x,7,0.024723041000470403,2.4855653564588356,0.9949676917193488,False
95,x,8,0.011758374999772059,0.9575915054929447,0.9980612476553669,False
95,x,9,0.04916537499957485,7.993332082779567,0.9838165948339921,False
95,x,10,0.007272667000506772,29.425741273303533,0.9404242575681409,False
95,x,11,0.04259104099946853,29.01175273717047,0.9412624241981445,False
95,x,19,0.04806816699965566,2.291653464728066e-12,0.9999999999999953,False
95,x,20,0.025359165998452227,493.9215208368496,-1.142698158318467e-09,False
95,x,21,0.02278195800136018,493.92152116081127,-1.7985952727173071e-09,False
95,x,22,0.01600279100057378,358.7089438540135,0.2737531588902017,False
95,x,23,0.0071991250006249174,0.12116593741812616,0.9997546858510006,False
95,x,24,0.02837537500090548,6.501987024074684,0.9868359916359016,False
95,x,25,0.01852362500176241,493.9215203951877,-2.4850366209250296e-10,False
95,x,26,0.011495541999465786,2.833175893730583,0.9942639148580369,False
95,x,27,0.012741750000714092,29.63548954382588,0.9399995984635798,False
95,x,28,0.018532957999923383,29.283620110500614,0.9407119979418029,False
95,x,29,0.12906475000090722,30.120399311928036,0.9390178437754368,False
95,x,30,0.01257916699978523,29.840593856830278,0.9395843415764304,False
95,x,31,0.013496625000698259,29.899745424222015,0.9394645825358462,False
95,x,33,0.00937800000065181,2.8460636472149066,0.9942378221429894,False
95,x,34,0.009344833999421098,9.68959328708883e-06,0.9999999803823221,False
95,x,35,0.007441583000399987,2.848019757760174,0.9942338617758765,False
95,x,36,0.15149604200087197,0.08728735575545699,0.9998232768725944,False
95,x,37,0.009540834000290488,0.13893028992053927,0.9997187199095032,False
95,x,38,0.00793099999827973,0.06832248753723652,0.9998616733939847,False
95,x,39,0.1394672080004966,0.08754885663732206,0.999822747434473,False
95,x,40,0.018691916000534547,1259.7950069756896,-1.5505975246447874,False
95,x,41,0.013171458000215353,2.854690761927463,0.9942203555731833,False
95,x,42,6.484480415998405,0.00174424375608084,0.9999964685811723,False
95,x,47,2.1222396250013844,0.0023341890840426214,0.9999952741701096,False
95,x,50,3.669589791999897,90.93271342799473,0.815896433551151,False
95,x,51,6.71705104099965,0.00029153002493549846,0.9999994097644809,False
95,x,52,5.826237083001615,0.00020927475526936554,0.9999995762995807,False
95,x,53,5.459307209001054,3.151889597375905e-06,0.9999999936186429,False
95,x,54,8.110259582999788,2.755049001209232e-06,0.9999999944220916,False
95,x,55,11.39352400000098,2.4976162323041207e-07,0.9999999994943294,False
95,x,56,2.2937824159998854,61.84061698161782,0.8747966742823706,False
95,x,57,5.692189833000157,3.096512601898219e-05,0.999999937307599,False
95,x,59,8.91069591700034,9.39552134135255e-10,0.9999999999980977,False
95,y,0,0.02441687499958789,1672.3681841561558,-3.6778509795764425,False
95,y,1,0.008598124999480206,0.10122933749841909,0.9997168471870818,False
95,y,2,0.020168125000054715,0.002748475321756602,0.9999923121247474,False
95,y,3,0.022163792000355897,0.002524979164464122,0.9999929372751947,False
95,y,4,0.13690879099885933,2.8947283242645296,0.9919030343583695,False
95,y,5,0.030533249999280088,0.0021229237608140035,0.9999940618811766,False
95,y,6,0.06018641700029548,1.849311502137712,0.9948272134666435,False
95,y,7,0.01101241700052924,2.271478844115033,0.993646351541068,False
95,y,8,0.02368087499962712,35.1912569729021,0.9015650635650664,False
95,y,9,0.035521833999155206,7.2110009629821725,0.9798298076715485,False
95,y,10,0.008030166998651111,26.599563584515717,0.9255972484115887,False
95,y,11,0.04566424999939045,26.267008429983257,0.926527452340443,False
95,y,19,0.013116790998537908,3.5138982265172972e-12,0.9999999999999901,False
95,y,20,0.01541091699982644,0.29956798574542537,0.99916206586035,False
95,y,21,0.037439540999912424,3.026933060755551,0.991533238961663,False
95,y,22,0.016336541999407928,492.50674351098843,-0.3776112069145656,False
95,y,23,0.007444541999575449,0.07052826798157846,0.9998027224324219,False
95,y,24,0.01999075000094308,357.50779400057115,-1.2893686118786718e-10,False
95,y,25,0.02872991699950944,5.748705440654809,0.9839200556243346,False
95,y,26,0.017879082999570528,1452.9156915035783,-3.064011235762293,False
95,y,27,0.014064125000004424,26.767908716667762,0.9251263632029337,False
95,y,28,0.01847129199995834,26.464900850926934,0.9259739191747608,False
95,y,29,0.11645504199987045,27.155262191667465,0.9240428806004565,False
95,y,30,0.023127583001041785,26.93220024043805,0.9246668165117888,False
95,y,31,0.024398916999416542,243.6368503667375,0.3185131779315501,False
95,y,33,0.009423583000170765,2.9223110923464706,0.9918258814443677,False
95,y,34,0.009547624998958781,7.015719721622828e-06,0.999999980376037,False
95,y,35,0.007983708999745431,2.926147740674895,0.991815149794895,False
95,y,36,0.02139766599975701,0.0027072367229072024,0.9999924274749566,False
95,y,37,0.014259791998483706,0.15345431506869303,0.9995707665184825,False
95,y,38,0.0076678749992424855,0.09606907620802552,0.9997312811697183,False
95,y,39,0.02849450000030629,0.00211365572466077,0.9999940878051881,False
95,y,40,0.013410458001089864,1621.5918187908196,-3.535822284750843,False
95,y,41,0.015327334000176052,3.9772499484896446,0.9888750678565735,False
95,y,42,6.871247582999786,0.00336930112594405,0.99999057558693,False
95,y,47,3.3784418329996697,2.5272439988414708e-06,0.9999999929309401,False
95,y,51,8.029264292001244,51.82609036175741,0.8550350754916496,False
95,y,52,6.533255166999879,2.4716722902076324e-06,0.9999999930863821,False
95,y,53,4.688710417000038,0.0007084105170422726,0.9999980184753199,False
95,y,54,0.8121415829991747,0.08307527482837383,0.9997676266749056,False
95,y,55,9.426192249999076,5.235476874775212e-07,0.9999999985355629,False
95,y,56,10.59520933299973,49.779294239409936,0.8607602545142029,False
95,y,57,5.5365988749999815,0.0020373422697936763,0.9999943012647438,False
95,y,58,5.814720332999059,0.00038600441773716855,0.999998920290902,False
95,y,59,8.233226917000138,2.91139649965256e-09,0.9999999999918564,False
95,z,0,0.02532641699872329,160.7999454793572,-3.4983027087125773,False
95,z,1,0.010198791000220808,5.921673307540726e-06,0.9999998343439794,False
95,z,2,0.1646612090007693,4.950550665658715e-07,0.9999999861510678,False
95,z,3,0.17004670799906307,5.938980105515628e-07,0.999999983385983,False
95,z,4,0.1403884580013255,0.2413200070319953,0.9932491865089723,False
95,z,5,0.030568416999813053,148.9050863643469,-3.165549629616078,False
95,z,6,0.06548129100156075,0.15699692882381425,0.9956080848903125,False
95,z,7,0.025834124999164487,0.20020241761479202,0.9943994316990422,False
95,z,8,0.023983790999409393,3.973586496170503,0.8888407900528664,False
95,z,9,0.01876191700102936,0.6379233463780427,0.9821543949632014,False
95,z,10,0.007891582999945967,2.3455368600831084,0.9343847115143984,False
95,z,11,0.05309508400023333,2.3141903476978247,0.9352616154284579,False
95,z,19,0.012436041000910336,7.016033557113307e-07,0.9999999803729767,False
95,z,20,0.01580104200002097,0.00495924697541834,0.9998612674025715,False
95,z,21,0.03683008299958601,0.28888039140439226,0.9919187071657611,False
95,z,22,0.017069041001377627,85.8197497621026,-1.400767062856127,False
95,z,23,0.007639833000212093,0.0003742088010044896,0.9999895316851124,False
95,z,24,0.020777375000761822,35.74680405126785,-7.636025145529857e-11,False
95,z,25,0.028581292001035763,0.5157634296025886,0.9855717610754162,False
95,z,26,0.01109766599984141,0.23950952695811586,0.9932998338359731,False
95,z,27,0.013767041999017238,2.361412570974588,0.9339405959825616,False
95,z,28,0.017820375000155764,2.3339589141464234,0.934708599096655,False
95,z,29,0.09419016699939675,2.398004196825599,0.9329169624907024,False
95,z,30,0.02396841700101504,2.376923581893147,0.9335066827606272,False
95,z,31,0.02410270899963507,7.250494822986177,0.7971708236310802,False
95,z,33,0.009895250001136446,0.2416061681131277,0.9932411812875617,False
95,z,34,0.009724542000185465,2.675837374243994e-13,0.9999999999999926,False
95,z,35,0.00771116699979757,0.24183989966660097,0.9932346427574834,False
95,z,36,0.16282212499936577,2.8542995044817883e-05,0.9999992015231626,False
95,z,37,0.013321917000212125,0.007515977728512091,0.9997897440644398,False
95,z,38,0.007872749998568906,0.0002570201545532599,0.9999928099822797,False
95,z,39,0.16913929099973757,2.8046227629219245e-05,0.9999992154199969,False
95,z,40,0.012242291999427835,1510.5794362131137,-41.25774796991635,False
95,z,41,0.013337374999537133,0.2793410536473031,0.9921855656447496,False
95,z,42,6.764972166998632,0.0035431003286560438,0.9999008834377516,False
95,z,47,3.2989882090005267,0.0003607827714817188,0.9999899072719622,False
95,z,50,11.099081250000381,0.06883350558598955,0.9980744151143547,False
95,z,51,7.311982125000213,0.0008537093044187937,0.9999761178844615,False
95,z,52,6.321348292000039,2.6195675250756673e-05,0.9999992671883278,False
95,z,53,1.4252541670011851,6.095959565421916,0.8294684034649751,False
95,z,54,9.315373458000977,2.7578111707905634e-05,0.9999992285153193,False
95,z,55,9.454265582999142,1.641836971170265e-07,0.9999999954070384,False
95,z,56,11.871815917000276,1.6850381770688662e-06,0.999999952861851,False
95,z,57,5.708160333999331,4.4338069062099395e-07,0.9999999875966341,False
95,z,58,5.9074446669983445,0.0006369082960124106,0.9999821827905189,False
95,z,59,9.37580912500016,0.001610213415840711,0.9999549550383957,False
96,x,0,0.025139291001323727,3610.893917016365,-3.5575903304860867,False
96,x,1,0.008857833001457038,0.023313623766067257,0.9999705740604165,False
96,x,2,0.03034645899970201,0.0004433538248159112,0.9999994404086214,False
96,x,3,0.033153166999909445,0.0004242412839022859,0.9999994645320472,False
96,x,4,0.14850441599992337,3.6600746516614215,0.9953803348354657,False
96,x,5,0.03597779200026707,0.00031014762387262927,0.9999996085385381,False
96,x,6,0.033724958999300725,3.670644233858437,0.9953669941429044,False
96,x,7,0.020098290999158053,4.665059578021662,0.9941118651191223,False
96,x,8,0.01606487499884679,84.44098543504617,0.8934204583242153,False
96,x,9,0.03742466699986835,14.691841704480703,0.9814562827853162,False
96,x,10,0.007864499999413965,52.752665056374205,0.9334167544952517,False
96,x,11,0.04555091700058256,51.0040388174722,0.9356238318066338,False
96,x,19,0.012256959000296774,1.370476811433653e-12,0.9999999999999982,False
96,x,20,0.01554020899857278,0.38787508382435687,0.9995104326595851,False
96,x,21,0.02500420800060965,6.4842052155266705,0.9918157797846383,False
96,x,22,0.017736125000737957,1116.925048394164,-0.4097580592024568,False
96,x,23,0.007671499999560183,0.0030799530064153564,0.999996112551528,False
96,x,24,0.021026791999247507,11.73838045149938,0.9851840761676195,False
96,x,25,0.01751387500007695,763.0579356787689,0.036885173263739635,False
96,x,26,0.010826208999787923,5.5993322680287045,0.9929326468214185,False
96,x,27,0.013484541999787325,53.655693887088006,0.9322769715047805,False
96,x,28,0.02399633300046844,48.6207326809612,0.938631988028328,False
96,x,29,0.12560900000062247,55.753349600709114,0.9296293569204707,False
96,x,30,0.030161124999722233,54.28972855717829,0.9314767069863523,False
96,x,31,0.020209041998896282,516.6992063262568,0.34783370527035307,False
96,x,33,0.009160875000816304,5.671311757307512,0.9928417959042025,False
96,x,34,0.009984124999391497,0.00010329637203627995,0.9999998696216069,False
96,x,35,0.007967875000758795,5.687318831520881,0.9928215921296439,False
96,x,36,0.014957999999751337,270.35219718297725,0.6587674442884439,False
96,x,37,0.014732874999026535,0.09841650678133583,0.9998757808648011,False
96,x,38,0.00867645800099126,0.013550083883866481,0.9999828973842196,False
96,x,39,0.03923220899923763,0.0003357340992681242,0.9999995762438555,False
96,x,40,0.01161883399981889,1687.8683157734731,-1.130390006433457,False
96,x,41,0.013426208000964834,11.053400474368534,0.986048642724293,False
96,x,42,6.507541666998804,0.000676585176468075,0.9999991460291748,False
96,x,47,0.8910650409998198,0.009358402349268364,0.9999881880318181,False
96,x,50,7.532368707999922,241.9644342768471,0.6945978499160939,False
96,x,51,6.730378958000074,0.00036084239599442567,0.9999995445527194,False
96,x,52,6.279232208000394,0.0005870267772303793,0.9999992590678028,False
96,x,53,5.727849333999984,9.325289438977675e-05,0.999999882298262,False
96,x,54,8.329201290998753,1.709838383315096e-07,0.999999999784188,False
96,x,55,9.89089283300018,2.9113363758339534e-06,0.9999999963253757,False
96,x,56,4.345631041000161,604.1283371842565,0.23748259262108695,False
96,x,57,5.3804778330013505,0.008968289695130041,0.9999886804233703,False
96,x,59,8.842301874999976,3.4153193770082633e-10,0.9999999999995689,False
96,y,0,0.024778709001111565,218.06282501086685,-2.6311457114663948,False
96,y,1,0.00661204199968779,0.4494588953653703,0.9925156856043433,False
96,y,2,0.14334195799892768,0.4388938927631847,0.9926916122616662,False
96,y,3,0.13954591600122512,0.43899365971874665,0.9926899509589989,False
96,y,4,0.16647254199961026,0.10780958112427025,0.9982047728761889,False
96,y,5,0.14993129199865507,0.43888727505476266,0.9926917224586407,False
96,y,6,0.130216958001256,0.10745400773197376,0.998210693824881,False
96,y,7,0.010860582999157486,0.1456081912179076,0.9975753567391923,False
96,y,8,0.012627125001017703,0.04923613920360343,0.9991801280401214,False
96,y,9,0.019858957999531412,0.4908931803480687,0.9918257288168207,False
96,y,10,0.0070515419993171236,1.698252799608023,0.9717209782548897,False
96,y,11,0.043734916998801054,1.611186904357324,0.9731707849889757,False
96,y,19,0.014743417001227499,1.2954893039346705e-11,0.9999999999997843,False
96,y,20,0.022081500001149834,0.2870670295994364,0.9952198078082248,False
96,y,21,0.02254391700080305,60.05344934960108,-2.4626722883169805e-10,False
96,y,22,0.015699208999649272,6.431635541938666,0.8929014800452043,False
96,y,23,0.007079874998453306,0.526186500579127,0.9912380303478404,False
96,y,24,0.016408167000918183,0.4192280601634612,0.9930190844188455,False
96,y,25,0.01349287499942875,0.42341587894100163,0.9929493495605829,False
96,y,26,0.086064166000142,0.5089875081753142,0.9915244250944256,False
96,y,27,0.012750457999572973,1.7436780069855857,0.9709645652947564,False
96,y,28,0.018657042000995716,1.5307941424053935,0.974509471822828,False
96,y,29,0.14648941700033902,1.8505048743189816,0.969185702156724,False
96,y,30,0.013320541998837143,1.7871513995225465,0.9702406536290902,False
96,y,31,0.014794458000324084,1.8599606215710873,0.9690282466340713,False
96,y,33,0.009204040999975405,0.10754288842724191,0.9982092137984004,False
96,y,34,0.009436166001250967,7.78826073107775e-06,0.9999998703111842,False
96,y,35,0.007728917000349611,0.1073124179575502,0.9982130515541371,False
96,y,36,0.015330374999393825,17.45122955213664,0.7094050425839484,False
96,y,37,0.009579499999745167,0.8214001138248431,0.9863221826069416,False
96,y,38,0.007005583000136539,0.35673962493229683,0.9940596313969678,False
96,y,39,0.1437592920010502,0.4602919732041223,0.9923352950029917,False
96,y,40,0.011908541999218869,1415.0768721066813,-22.56362353504965,False
96,y,41,0.013510415999917313,0.04615283834915664,0.999231470650556,False
96,y,42,6.531077416999324,0.0042440409448266415,0.9999293289396057,False
96,y,47,1.8348338750001858,1.6161756692214617e-06,0.9999999730877129,False
96,y,51,7.61383266699886,783.2547404896926,-12.042627012527912,False
96,y,52,6.073338709000382,2.1717205844252813e-06,0.9999999638368718,False
96,y,53,5.0897030840005755,0.003507816414315476,0.9999415884274231,False
96,y,54,8.705893541999103,0.0011616506032112854,0.9999806563883328,False
96,y,55,8.602762417000122,8.673849577187416e-05,0.9999985556450673,False
96,y,56,10.429220333999183,92.2256454819645,-0.5357260324512785,False
96,y,57,5.622993167000459,2.624301485361176e-05,0.9999995630057034,False
96,y,58,5.550492624999606,0.18722879755079527,0.9968822973596911,False
96,y,59,9.470026957998925,0.00012171094971409289,0.9999979732896102,False
96,z,0,0.02561079199949745,1.881786369271206,-3.4954281102490397,False
96,z,1,0.007915292000689078,4.615862413281971e-07,0.9999988973095998,False
96,z,2,0.1606029579997994,7.202367819171661e-09,0.9999999827941538,False
96,z,3,0.16584320800029673,7.3470775909020285e-09,0.9999999824484544,False
96,z,4,0.09008616699975391,0.0018277740283051632,0.9956336027934943,False
96,z,5,0.1654802920002112,7.518752099879423e-09,0.9999999820383386,False
96,z,6,0.13353466700027639,0.0028272361094550313,0.9932459726096977,False
96,z,7,0.013622667000163347,0.0023774141594332704,0.9943205591152413,False
96,z,8,0.014621750000515021,0.0009205689266591681,0.9978008388742192,False
96,z,9,0.031615875001079985,0.007436955734923711,0.9822337432073112,False
96,z,10,0.008309584000016912,0.02654087676027652,0.9365960953872724,False
96,z,11,0.04629329199997301,0.025639090340976663,0.9387503866952339,False
96,z,19,0.012454542000341462,5.457716577628031e-08,0.9999998696197777,False
96,z,20,0.028334583999821916,0.00010381538094233419,0.9997519938557398,False
96,z,21,0.042969750000338536,0.0033841020798417386,0.9919156670140168,False
96,z,22,0.011915625000256114,3.8465194311020614,-8.189008837327396,False
96,z,23,0.007249041000250145,2.8597386622870912e-05,0.9999316832676635,False
96,z,24,0.02332587499950023,0.005977413228532441,0.9857204665243027,False
96,z,25,0.017247375000806642,0.40237966177621887,0.03874909921795766,False
96,z,26,0.010537582998949802,0.002792799156598971,0.9933282395707239,False
96,z,27,0.012545874998977524,0.027006806783973766,0.9354830280592585,False
96,z,28,0.02039945799879206,0.024436418949377866,0.9416234666948937,False
96,z,29,0.11873616699995182,0.02809163997473981,0.9328914535318112,False
96,z,30,0.012889374998849235,0.027445281723935806,0.9344355485988198,False
96,z,31,0.018662458000108018,0.01330233691746122,0.9682218447921278,False
96,z,33,0.010143874998902902,0.002821163934025014,0.9932604785220394,False
96,z,34,0.0094316249997064,4.076789264095328e-15,0.9999999999999902,False
96,z,35,0.007459291999111883,0.0028281819329663976,0.9932437131175099,False
96,z,36,0.014996500000052038,0.14145050834804537,0.6620867268354756,False
96,z,37,0.009388542001033784,0.059557027626723984,0.8577233098676637,False
96,z,38,0.008217541999329114,0.004397282505972706,0.9894952648670147,False
96,z,39,0.17061987499982934,1.8990712744593235e-06,0.9999954632797166,False
96,z,40,0.011679541999910725,1457.2170574411552,-3480.168016586502,False
96,z,41,0.013182583001253079,0.005231904338571988,0.9875014240628923,False
96,z,42,6.58263929199893,0.0037745095500795935,0.9909830166638932,False
96,z,47,6.885385333000158,1.1551103801816699e-06,0.9999972405392247,False
96,z,50,10.241471375000401,9.84671456828062,-22.522966361474303,False
96,z,51,6.68830566699944,0.000560610954172662,0.9986607479555305,False
96,z,52,6.066727666000588,2.6031219342136937e-05,0.9999378136237537,False
96,z,53,2.1610653749994526,6.235864368720355,-13.896951339754189,False
96,z,54,8.994208582998908,7.042944761867467e-05,0.9998317500202019,False
96,z,55,9.166137958000036,2.7214282496677786e-07,0.9999993498738617,False
96,z,56,11.844532832999903,4.758289165828238e-06,0.9999886328505605,False
96,z,57,5.175658583999393,0.0001117338808608209,0.9997330772307148,False
96,z,58,5.872318458999871,0.017325926321446364,0.9586098308004545,False
96,z,59,8.68083341700003,0.00016004252678100906,0.9996176719709128,False
97,x,0,0.027595084000495262,12.59575579113882,0.9852741900493963,False
97,x,1,0.008764083999267314,0.15551417482150426,0.9998181869971902,False
97,x,2,0.0173180420006247,732.0774797569766,0.14412171728494028,False
97,x,3,0.17142804200011597,0.026167138676498055,0.999969407765799,False
97,x,4,0.01800379099950078,3.149419797021454,0.9963179853472363,False
97,x,5,0.162448040999152,0.026375185007522343,0.9999691645369858,False
97,x,6,0.019351541999640176,3.2103506339193983,0.9962467505647294,False
97,x,7,0.011977624999417458,4.942844644027083,0.9942212764322956,False
97,x,8,0.027135624999573338,100.82587427136255,0.8821235750165883,False
97,x,9,0.017805707999286824,27.779369267809894,0.9675228926974596,False
97,x,10,0.007623292000062065,33.99622957786007,0.9602547061008558,False
97,x,11,0.044668250000540866,25.3782331805688,0.9703300822200703,False
97,x,19,0.013183292001485825,1.7381899663826283e-13,0.9999999999999998,False
97,x,20,0.01650725000035891,0.19027884372432663,0.9997775433140521,False
97,x,21,0.02691762500035111,6.405558611772216,0.992511204543139,False
97,x,22,0.01900937500067812,1350.773457960008,-0.5792012450918147,False
97,x,23,0.008057166000071447,3.8578452938574044,0.9954897588077929,False
97,x,24,0.014158083000438637,10.503496529711569,0.9877202689320024,False
97,x,25,0.014439750000747154,11.481665407461401,0.986576683010507,False
97,x,26,0.02028716600034386,4.6244998719091726,0.9945934561324035,False
97,x,27,0.013998666998304543,39.59285837749689,0.9537116376709719,False
97,x,28,0.018095999999786727,58.33933406688413,0.9317949664665546,False
97,x,29,0.015489542000068468,21.013308797754952,0.9754331540782348,False
97,x,30,0.016106208000564948,42.63909398581791,0.9501502565695333,False
97,x,31,0.02102441700117197,39.33395867785515,0.9540143196089526,False
97,x,33,0.009260499999072636,4.629777505116178,0.9945872860045537,False
97,x,34,0.010227125001620152,0.00787050744071764,0.999990798519858,False
97,x,35,0.007778625000355532,4.708683970241711,0.9944950357554555,False
97,x,36,0.017149707999124075,726.1603827700882,0.1510394479184214,False
97,x,37,0.010689082999306265,0.8830749908593701,0.9989675891861388,False
97,x,38,0.007619541998792556,2.977015985474228,0.9965195441743286,False
97,x,39,0.1670221659987874,0.4259569819356896,0.9995020099097562,False
97,x,40,0.012558624999655876,1688.5902294207,-0.974145832550108,False
97,x,41,0.01396658400153683,16.54603557141855,0.980655882878259,False
97,x,42,0.43003262499951234,129.67051851312993,0.8484010452819413,False
97,x,47,3.710551457999827,0.027644263918743826,0.9999676808455609,False
97,x,50,10.545125000000553,1952.962095996017,-1.283225329487737,False
97,x,51,1.2070634159990732,38.37124090600057,0.9551398415053339,False
97,x,52,6.189586832999339,98.71346474486432,0.8845932117530309,False
97,x,53,6.043393624999226,277.2798871578086,0.675829621571159,False
97,x,54,9.099412625000696,0.00030101259562781283,0.9999996480835014,False
97,x,55,3.5000089589993877,0.08994815904791473,0.9998948408084827,False
97,x,56,1.1160247499992693,68.8443734842579,0.9195134315948893,False
97,x,57,5.407556166999711,5.86490908791567,0.9931432827026566,False
97,x,59,9.898982792001334,2.591668308232824e-05,0.9999999697005757,False
97,y,0,0.028013957999064587,0.4309483543137098,0.9455729370030279,False
97,y,1,0.008196459000828327,3.9146518175309564,0.5055950464800506,False
97,y,2,0.01427029099977517,5.071401117690869,0.359502210989893,False
97,y,3,0.014078915999562014,0.007204156801020756,0.9990901436514971,False
97,y,4,0.015432791000421275,0.5385252249395287,0.9319864061439118,False
97,y,5,0.018405374999929336,0.01470034627068869,0.9981434047385417,False
97,y,6,0.018403707999823382,0.5550366054262997,0.9299010844645853,False
97,y,7,0.013075291000859579,0.5752684487072754,0.927345883132973,False
97,y,8,0.020528166998701636,3.8379667195983544,0.5152800693240371,False
97,y,9,0.01713575000030687,1.5546771098485441,0.8036504649555284,False
97,y,10,0.0071191659990290646,5.549109344022538,0.29916956215049495,False
97,y,11,0.042601959001331124,5.325208633357578,0.3274473313134274,False
97,y,19,0.014292249999925843,1.255637792090873e-11,0.9999999999984142,False
97,y,20,0.02536520899957395,7.917905736293675,8.534284390293578e-13,False
97,y,21,0.024456374998408137,7.917905736300432,0.0,False
97,y,22,0.012461457999961567,123.73050788390299,-14.626670991629524,False
97,y,23,0.007035000000541913,3.491050281239773,0.559094235583697,False
97,y,24,0.013184208000893705,0.5886492923279301,0.9256559358077214,False
97,y,25,0.012501542001700727,0.6709233048290395,0.9152650552843633,False
97,y,26,0.010236833000817569,0.7166648684010908,0.909488077748202,False
97,y,27,0.012663708999752998,5.672456154112359,0.2835913506640506,False
97,y,28,0.018635833999724127,1.6522473528537658,0.7913277313622373,False
97,y,29,0.018473209000148927,7.754490525194331,0.02063869115755046,False
97,y,30,0.013147916999514564,5.638811026303907,0.287840596478408,False
97,y,31,0.019767750000028173,39.10106013939603,-3.938308366078836,False
97,y,33,0.009104417000344256,1.2096665385220151,0.8472239277898728,False
97,y,34,0.010008583001763327,4.4390134252912966e-05,0.9999943937026113,False
97,y,35,0.0072532499998487765,1.3400648995567983,0.8307551334675359,False
97,y,36,0.01667333399927884,7.260280119902249,0.08305549956009628,False
97,y,37,0.009969999999157153,0.05709834072772242,0.9927887066821282,False
97,y,38,0.00733054200100014,12.869727945363058,-0.6253954484909439,False
97,y,39,0.020356541999717592,0.00669290927270994,0.9991547121807696,False
97,y,40,0.011705000000802102,1398.069824208939,-175.57065779393506,False
97,y,41,0.013947290999567485,1.8018921552866831,0.7724281880465276,False
97,y,42,0.39961637499982317,268.2432951048452,-32.878061199321536,False
97,y,47,3.406220499999108,0.026698521543630595,0.996628082925864,False
97,y,51,8.351918374999514,3679.827847950924,-463.74762020471957,False
97,y,52,4.901950416999171,0.00016599085971891184,0.9999790360146676,False
97,y,53,5.293888500000321,476.9982263425168,-59.24297866488492,False
97,y,54,8.900585167000827,0.00124874346147308,0.9998422886678546,False
97,y,55,9.31736245799948,0.030984278828175827,0.9960868088279802,False
97,y,56,11.009930041998814,1028.6975380101787,-128.92040727310152,False
97,y,57,5.641819040998598,7.640793382586867,0.034998188023774746,False
97,y,58,5.9330079999999725,2055.405523756512,-258.58954200898097,False
97,y,59,9.467813499999465,0.034844863959744614,0.99559923228184,False
97,z,0,0.02675950000048033,0.5526541714438491,0.984776794014831,False
97,z,1,0.008363791999727255,0.002888811714943098,0.9999204258683617,False
97,z,2,0.01764750000074855,31.047038626367474,0.14478983664612977,False
97,z,3,0.16908737500125426,4.292502040584915e-07,0.9999999881760337,False
97,z,4,0.018400875000224914,0.1502321871903062,0.9958617601216588,False
97,z,5,0.16677783299928706,3.9183151869873647e-07,0.9999999892067549,False
97,z,6,0.01809891599987168,0.15345471063834865,0.9957729936909027,False
97,z,7,0.012549958999443334,0.24537437152274535,0.9932410089452266,False
97,z,8,0.020096874999580905,4.058173566270471,0.8882150623028813,False
97,z,9,0.017608250000193948,1.2385366682484342,0.9658837301966396,False
97,z,10,0.00882508299946494,1.514951783014999,0.9582697023887756,False
97,z,11,0.04380479199971887,1.14252029438272,0.9685285614723868,False
97,z,19,0.013228290999904857,0.00033404165407103636,0.9999907986130019,False
97,z,20,0.016454624999823864,0.008169531960200552,0.9997749651151503,False
97,z,21,0.026176207999014878,0.2948466119841378,0.991878265034104,False
97,z,22,0.011821875001260196,40.85207325354008,-0.12529599556825577,False
97,z,23,0.00839112500034389,0.14343694109068614,0.9960489394400094,False
97,z,24,0.014133833999949275,0.48294660449539867,0.9866969326932541,False
97,z,25,0.014605000000301516,0.5267920766950033,0.9854891816451298,False
97,z,26,0.017216917000041576,0.234804023945735,0.9935321758029367,False
97,z,27,0.015347791000749567,1.7559166184361812,0.9516321747732409,False
97,z,28,0.019397083000512794,2.4978063094363465,0.9311963576421357,False
97,z,29,0.01578200000039942,0.9432726538281864,0.9740169627745902,False
97,z,30,0.020866499999101507,1.885398556595575,0.9480655135268241,False
97,z,31,0.016285916999549954,5.309906093623613,0.8537353042790712,False
97,z,33,0.009615666998797678,0.2365551651249268,0.9934839395201809,False
97,z,34,0.011030666000806377,5.478345708648153e-13,0.9999999999999849,False
97,z,35,0.008259166999778245,0.24136067303973985,0.9933515687888437,False
97,z,36,0.01734404099988751,30.798620011750213,0.15163268328743684,False
97,z,37,0.01540391699927568,9.261138859887879,0.744896118031652,False
97,z,38,0.008051459000853356,2.5736626012803665,0.9291068484776691,False
97,z,39,0.16772141699948406,0.011711993429840098,0.9996773857908037,False
97,z,40,0.012374583000564598,1520.6069010849183,-40.8860713874793,False
97,z,41,0.013580041000750498,0.7299470175233038,0.9798931513047557,False
97,z,42,0.421277707999252,810.6105017476849,-21.328774990708677,False
97,z,47,1.665903791999881,0.043705686267034555,0.9987960994431146,False
97,z,50,8.193883915999322,142.0185144385703,-2.9119891076868885,False
97,z,51,2.0729321669987257,11.462169997425187,0.6842673340328584,False
97,z,52,6.4911999169999035,7.903292567895521,0.7822988462969499,False
97,z,53,6.1919502500004455,961.4478368000116,-25.4836840466857,False
97,z,54,9.509981291001168,0.0001407805632179674,0.9999961221110356,False
97,z,55,9.52946087500095,0.016503052245589237,0.9995454130689682,False
97,z,56,2.6653110000006563,40.82859944709054,-0.12464939483799498,False
97,z,57,5.561214125000333,5.207216849369477,0.8565639439574038,False
97,z,58,5.091561583998555,3.175048701585806,0.9125412909289962,False
97,z,59,9.159898083998996,0.6376404692590639,0.982435793106111,False
98,x,0,0.029692416999751003,3582.8298997879738,-3.4604426191929525,False
98,x,1,0.00827358299829939,0.011688743634832627,0.9999854481033899,False
98,x,2,0.15301737500158197,0.009894412203317205,0.999987681955572,False
98,x,3,0.15701358299884305,0.009837702795510519,0.9999877525559261,False
98,x,4,0.03942312499930267,3.3901686300725378,0.9957794109497854,False
98,x,5,0.14882491699972888,0.010423692999966115,0.9999870230276605,False
98,x,6,0.14465820900113613,5.175660500963651,0.9935565635749724,False
98,x,7,0.011390749999918626,4.351398518073876,0.9945827281936387,False
98,x,8,0.011883207998835132,1.7641155819613659,0.9978037650273521,False
98,x,9,0.041608375000578235,13.94053607020557,0.9826447353178499,False
98,x,10,0.007239208000100916,51.42932513004008,0.9359730827020458,False
98,x,11,0.04421029200057092,50.784726252094394,0.9367755758116525,False
98,x,19,0.06258133299888868,2.6553112008791924e-14,1.0,False
98,x,20,0.025126583001110703,803.2453749904278,-1.2529086657053767e-09,False
98,x,21,0.02227566600049613,803.2453742938224,-3.8566971838349673e-10,False
98,x,22,0.01637204200051201,634.2238363806063,0.21042329414870442,False
98,x,23,0.007357167000009213,0.03292562859836104,0.9999590092521354,False
98,x,24,0.02180950000001758,11.258572045130727,0.9859836453345643,False
98,x,25,0.01981520899971656,803.2453740196194,-4.430078526240777e-11,False
98,x,26,0.013064999999187421,5.1431702586447265,0.9935970122888663,False
98,x,27,0.01250400000026275,51.75550184438137,0.9355670091348574,False
98,x,28,0.019112666999717476,51.261764040482014,0.9361816878119974,False
98,x,29,0.14534637499855307,52.50601354014192,0.9346326599060059,False
98,x,30,0.0124899579986959,52.074823086946665,0.9351694702844542,False
98,x,31,0.013600167001641239,52.142316711711565,0.9350854441238924,False
98,x,33,0.009583625000232132,5.181202065868214,0.9935496646060097,False
98,x,34,0.014342416998260887,1.3458597753605234e-05,0.9999999832447243,False
98,x,35,0.00730733399905148,5.18546804281767,0.9935443536797502,False
98,x,36,0.16255245899992588,0.014284501627735724,0.9999822165155376,False
98,x,37,0.00995399999919755,0.0346062918831538,0.999956916911066,False
98,x,38,0.007294707998880767,0.007021792385472575,0.99999125822244,False
98,x,39,0.14521083299950988,0.014700867827059809,0.999981698160608,False
98,x,40,0.01920487499955925,1177.666563010608,-0.46613550622703803,False
98,x,41,0.015116458000193234,5.517993687712542,0.9931303760140644,False
98,x,42,6.57059633300014,0.0003775862885251078,0.9999995299241045,False
98,x,47,0.78554429200085,0.02809420150928589,0.9999650241353151,False
98,x,50,5.200964000001477,64.16786100844607,0.9201142476673367,False
98,x,51,6.853054875000453,0.0002842746117170914,0.9999996460924383,False
98,x,52,5.923278334001225,0.0001883454382774296,0.9999997655194236,False
98,x,53,5.606376375000764,5.060794378099269e-06,0.9999999936995662,False
98,x,54,9.020279709000533,6.780978880873747e-07,0.9999999991558023,False
98,x,55,11.503561334000551,1.8086253110534444e-07,0.9999999997748352,False
98,x,56,2.5053156659996603,58.742877338630095,0.9268680788695116,False
98,x,57,5.605137583001124,3.975946552594729e-05,0.9999999505014696,False
98,x,59,8.71877987500011,9.314207511523665e-10,0.9999999999988405,False
98,y,0,0.024206416999732028,246.12684387962847,-4.112693469400854,False
98,y,1,0.008510167001077207,0.15742790382661132,0.9967298137695642,False
98,y,2,0.015242791998389293,0.004059861960922294,0.9999156661280537,False
98,y,3,0.01437620899923786,0.002982894063455865,0.999938037546991,False
98,y,4,0.13909579100072733,0.5833620334481917,0.987882056212586,False
98,y,5,0.020046916000865167,0.003047848213830763,0.9999366882806728,False
98,y,6,0.05203391699978965,0.3480264714677989,0.9927705867437919,False
98,y,7,0.026509499999519903,0.40308217169659066,0.9916269369306464,False
98,y,8,0.024228124999353895,3.464972262775167,0.9280235313617005,False
98,y,9,0.03007383300064248,1.2620786572395502,0.9737833500522414,False
98,y,10,0.00757220800005598,4.6733132771983,0.9029231517530799,False
98,y,11,0.044635041000219644,4.626515197250901,0.9038952693569793,False
98,y,19,0.027453791999505484,4.914779010553601e-13,0.9999999999999898,False
98,y,20,0.015738291000161553,0.22792437189110387,0.9952654191256974,False
98,y,21,0.03182208299949707,0.43906970800189093,0.9908793823813429,False
98,y,22,0.016456749999633757,101.85917028238453,-1.115879383542695,False
98,y,23,0.00880529200003366,0.14358628603149587,0.9970173401027002,False
98,y,24,0.01908795800045482,48.14034820478404,-6.721290191080698e-12,False
98,y,25,0.020263417000023765,0.9742071840779879,0.9797631878369396,False
98,y,26,0.012746749998768792,0.5652933146074238,0.9882573904075947,False
98,y,27,0.013514125001165667,4.696960885590064,0.902431929539827,False
98,y,28,0.017981749999307794,4.655581501179713,0.9032914867710004,False
98,y,29,0.1118502500012255,4.75125770016737,0.9013040437516582,False
98,y,30,0.025363749999087304,4.720027171566987,0.9019527829021883,False
98,y,31,0.023888790999990306,14.352814106086303,0.7018547924679026,False
98,y,33,0.008847791001244332,0.5866446477424259,0.9878138677923383,False
98,y,34,0.009391165998749784,8.041045050743287e-07,0.9999999832966621,False
98,y,35,0.007840709000447532,0.587716589799253,0.9877916007731578,False
98,y,36,0.014054541999939829,0.004000393198764894,0.9999169014486191,False
98,y,37,0.014841374999377877,0.22853596180494293,0.9952527148155574,False
98,y,38,0.008006207999642356,0.14846632384624214,0.996915969049171,False
98,y,39,0.03741249999984575,0.003007703694591623,0.9999375221865489,False
98,y,40,0.013729750000493368,1529.9369424114366,-30.78076186556708,False
98,y,41,0.013586625000243657,0.9883157434961858,0.979470116433337,False
98,y,42,6.145423457999641,0.0010119987488518322,0.9999789781589332,False
98,y,47,8.53855429199939,1.4715649673896927e-09,0.9999999999694318,False
98,y,51,7.643078290999256,134.90973405619886,-1.8024253892641933,False
98,y,52,6.285336209000889,1.9986849060966593e-05,0.9999995848212611,False
98,y,53,4.910929249999754,0.0007278773220942822,0.9999848800985194,False
98,y,54,1.0097413749990665,0.08358921675116233,0.9982636349783731,False
98,y,55,9.195621417000439,8.559446760385623e-07,0.9999999822198071,False
98,y,56,10.467171375001271,45.15487645380851,0.06201599826349624,False
98,y,57,5.579480334001346,0.0021113687756235022,0.9999561413896165,False
98,y,58,5.383782750001046,3.862698150503325e-06,0.9999999197617322,False
98,y,59,8.348509375000503,1.4652871401313694e-09,0.9999999999695622,False
98,z,0,0.02667562500027998,622.1617700044001,-3.4984412584222966,False
98,z,1,0.00797700000111945,1.955913245862045e-05,0.9999998585808183,False
98,z,2,0.16861533299925213,1.7625324038413913e-06,0.9999999872562911,False
98,z,3,0.16679516700060049,2.218612548132709e-06,0.9999999839586765,False
98,z,4,0.04589066700100375,0.6068800479795733,0.9956120507907046,False
98,z,5,0.16769100000055914,3.187979937908919e-06,0.9999999769498205,False
98,z,6,0.14220591699995566,0.9346837080394279,0.9932419188086886,False
98,z,7,0.011666417000014917,0.7740728458341057,0.9944031899827277,False
98,z,8,0.011908542001037858,0.31769478168688603,0.9977029586476912,False
98,z,9,0.04867749999903026,2.4673047173405744,0.9821605475092012,False
98,z,10,0.007257999999637832,9.089980453553606,0.9342763488823356,False
98,z,11,0.050855416999183944,8.977653399831539,0.9350885116947449,False
98,z,19,0.07027633300094749,2.3171514923686e-06,0.9999999832462064,False
98,z,20,0.025325874999907683,138.30607856752735,-1.8381163258140987e-10,False
98,z,21,0.0234964579994994,138.3060789130781,-2.682261079911541e-09,False
98,z,22,0.01654962499924295,74.00398032788992,0.4649260458544445,False
98,z,23,0.007234208000227227,0.0012372513265681143,0.9999910542519923,False
98,z,24,0.027094332999695325,1.9877427129015484,0.9856279439497201,False
98,z,25,0.018591583000670653,138.30607859560544,-3.8682590464134137e-10,False
98,z,26,0.011480166998808272,0.9268695435511545,0.993298417876341,False
98,z,27,0.012644291999095003,9.14681429041498,0.933865420906787,False
98,z,28,0.018287791001057485,9.060011440876682,0.9344930350395373,False
98,z,29,0.13007866600128182,9.278085729376851,0.9329162837441575,False
98,z,30,0.012514500000179396,9.202441446953381,0.9334632176404897,False
98,z,31,0.013665042000866379,9.230409626296462,0.9332609981889812,False
98,z,33,0.009417957999175997,0.9349146605231556,0.9932402489436606,False
98,z,34,0.010487583000212908,1.7927038355655463e-12,0.999999999999987,False
98,z,35,0.007068165999953635,0.9357504831726955,0.9932342056615551,False
98,z,36,0.16301404099976935,9.542100341335427e-05,0.9999993100736828,False
98,z,37,0.009598458998880233,0.007812514310730488,0.9999435128636928,False
98,z,38,0.007055707999825245,0.00020278831302641812,0.9999985337715076,False
98,z,39,0.15180995899936534,0.00011302734140006748,0.9999991827738695,False
98,z,40,0.02044012499936798,1359.443544723404,-8.829239315100263,False
98,z,41,0.01320941700032563,1.0301037464879095,0.9925519994685243,False
98,z,42,6.288025582998671,0.002728703388174701,0.9999802705461904,False
98,z,47,2.2548649580003257,2.781915123337167e-07,0.9999999979885807,False
98,z,50,10.037764415999845,8.844751112491906,0.9360494404459652,False
98,z,51,7.128110666000794,0.0008338154922381967,0.9999939712303246,False
98,z,52,6.06382316700001,2.4957557140361378e-05,0.9999998195483712,False
98,z,53,1.4972382500000094,5.841347798105527,0.9577650681757475,False
98,z,54,9.387733083000057,2.067412777771491e-05,0.9999998505190227,False
98,z,55,8.694247292,3.135985618023711e-07,0.9999999977325758,False
98,z,56,12.014644791999672,1.2464831729743733e-06,0.9999999909875026,False
98,z,57,5.57338454100136,2.79746349840855e-07,0.9999999979773387,False
98,z,58,5.383879958999387,0.00027281752773270645,0.9999980274364612,False
98,z,59,9.202668583000559,0.004112564037659661,0.9999702647629012,False
99,x,0,0.042340542000602,3.3497537575712597,0.98928983053334,False
99,x,1,0.007929041999886977,1.6433940480919875,0.9947455753379535,False
99,x,2,0.0152116669996758,94.52559101599337,0.6977732776836961,False
99,x,3,0.15089933300077973,1.4293015360103456,0.9954300934404422,False
99,x,4,0.17167020899978525,0.7223211712454435,0.9976905221358706,False
99,x,5,0.15164399999957823,1.4293275380939285,0.9954300103039666,False
99,x,6,0.13046258299982583,0.7192793313548974,0.9977002478121668,False
99,x,7,0.010345124999730615,0.9693431821846704,0.9969007185292101,False
99,x,8,0.013509333999536466,0.31152502776157864,0.9990039608634244,False
99,x,9,0.016566041000260157,3.9798389976888586,0.9872752586607515,False
99,x,10,0.007062207998387748,8.057898905446606,0.9742364755536179,False
99,x,11,0.043807542000649846,6.414802841317651,0.9794899474713814,False
99,x,19,0.024595792001491645,2.1886732628205225e-12,0.999999999999993,False
99,x,20,0.01754458300092665,0.9489447815205503,0.9969659383464782,False
99,x,21,0.023904665998998098,312.76384263713413,-3.469624587637554e-11,False
99,x,22,0.014636249999966822,1179.6500592913485,-2.7716957605643,False
99,x,23,0.0071941669993975665,3.400439143957131,0.9891277741205518,False
99,x,24,0.013790625000183354,2.4554614556960797,0.9921491517846899,False
99,x,25,0.01356350000060047,2.5737024357364358,0.9917710998364612,False
99,x,26,0.08956654200119374,2.3896989557953514,0.99235941426052,False
99,x,27,0.012425667000570684,9.050032305955723,0.9710643269056854,False
99,x,28,0.017382834001182346,4.066587058576718,0.9869978990396411,False
99,x,29,0.016299124999932246,5.416943895824846,0.9826804024073285,False
99,x,30,0.012962917000550078,9.826096910918585,0.968583015132412,False
99,x,31,0.014345084000524366,11.41772972835907,0.963494086680595,False
99,x,33,0.009130000000368454,0.7221407864147301,0.9976910988803855,False
99,x,34,0.009199583999361494,0.0009113279861793382,0.9999970862105462,False
99,x,35,0.007676791999983834,0.7165725135873627,0.9977089023220513,False
99,x,36,0.015655041999707464,91.98691841948317,0.705890176923688,False
99,x,37,0.009564166999552981,5.182925362631444,0.9834286299876919,False
99,x,38,0.007841250000637956,0.2964961128918324,0.9990520128209126,False
99,x,39,0.14644558300096833,1.8758896573902655,0.9940022170029681,False
99,x,40,0.01078629100084072,1335.3347613800197,-3.269466541167928,False
99,x,41,0.01324120800018136,0.6288362090901352,0.9979894216549784,False
99,x,42,6.673429417000079,0.022400052388640748,0.999928380300611,False
99,x,47,0.6561571250003908,0.19571798954238545,0.9993742307681766,False
99,x,50,11.697822833000828,1243.7298131852724,-2.976577991693845,False
99,x,51,6.904937375000372,0.009793380894837965,0.999968687618068,False
99,x,52,6.715027832999112,17.306184503807927,0.94466692710229,False
99,x,53,1.3744564590015216,118.93793972618221,0.6197196621979735,False
99,x,54,9.83981537499858,7.78710871670791e-06,0.9999999751022731,False
99,x,55,8.320395082999312,1.3225485246385438,0.9957714149003507,False
99,x,56,10.395517708000625,551.5149160763342,-0.7633589338372884,False
99,x,57,5.674870708000526,3.48998159501718,0.988841479994261,False
99,x,59,8.918193790999794,7.651690252816454e-06,0.9999999755352467,False
99,y,0,0.024316708999322145,2648.5816980018494,-3.858954763017862,False
99,y,1,0.007936832998893806,0.6229704254667571,0.9988571297920225,False
99,y,2,0.01734770899929572,197.00627047255756,0.6385822053443977,False
99,y,3,0.018985749999046675,0.009228624593910257,0.9999830696295076,False
99,y,4,0.019080541998846456,3.1735008280479415,0.9941780550037336,False
99,y,5,0.019358833000296727,0.008426247778791965,0.9999845416296541,False
99,y,6,0.10717854100039403,3.214557338232907,0.9941027347952361,False
99,y,7,0.013684375000593718,4.184641628922452,0.9923230669494865,False
99,y,8,0.01572387499982142,1.6122091500499616,0.9970423221852941,False
99,y,9,0.019074791000093683,14.443725695409258,0.9735022673393919,False
99,y,10,0.0073514159994374495,37.98686701132757,0.9303112044698999,False
99,y,11,0.0438948339997296,33.07713112749303,0.9393183589691986,False
99,y,19,0.013285291999636684,1.7050097778637307e-12,0.9999999999999969,False
99,y,20,0.01755833300012455,1.2421982930351858,0.9977211254925195,False
99,y,21,0.023437292000380694,545.0928911792317,-7.100611210120178e-10,False
99,y,22,0.015520958000706742,2323.4247322745164,-3.262438148657357,False
99,y,23,0.008367708998775925,0.009007886648698062,0.999983474584239,False
99,y,24,0.01383979099955468,9.266108748222132,0.9830008629634561,False
99,y,25,0.013222083000073326,9.76984244689861,0.9820767384569993,False
99,y,26,0.011054999999032589,4.898949462631978,0.9910126337264968,False
99,y,27,0.012920499999381718,40.79734529935733,0.925155242366,False
99,y,28,0.018930958000055398,11.236414180454421,0.9793862397212252,False
99,y,29,0.0163919580008951,16.283136160672555,0.9701277774197196,False
99,y,30,0.013980208001157735,42.77988788029116,0.9215181694662734,False
99,y,31,0.013645583001562045,45.06145652034645,0.9173325183990957,False
99,y,33,0.009538542000882444,5.101516666232262,0.9906410141236327,False
99,y,34,0.010004334000768722,0.001591168250031867,0.9999970809227622,False
99,y,35,0.007215584000732633,5.204749051197314,0.9904516291826274,False
99,y,36,0.017736042000251473,465.44905995482833,0.1461105660754587,False
99,y,37,0.00924062500052969,0.033691116612737854,0.9999381919720807,False
99,y,38,0.007052917000692105,2.504625799336536,0.9954051394878833,False
99,y,39,0.023421833000611514,0.007338932458288062,0.9999865363636505,False
99,y,40,0.011532042000908405,1215.1410081422787,-1.2292365735614648,False
99,y,41,0.013254749999759952,7.8184668362322975,0.9856566340007301,False
99,y,42,6.6437129999994795,0.022351923947134984,0.9999589942845987,False
99,y,47,0.610725459000605,0.0441045485668481,0.9999190880135994,False
99,y,51,8.556580417000077,3020.105131831141,-4.54053296758655,False
99,y,52,6.392356583000947,1.2621971429894587e-05,0.999999976844366,False
99,y,53,5.336918208999123,238.0755784377967,0.5632385186829312,False
99,y,54,2.8412863339999603,0.025486447585087002,0.9999532438451948,False
99,y,55,8.317246958000396,0.02363973522100146,0.9999566317308108,False
99,y,56,10.581297624999934,80.40806619823961,0.8524874061714826,False
99,y,57,5.67187741700036,5.391032147110057,0.9901098835846579,False
99,y,58,6.085653833000833,974.4089400438587,-0.7876016299309143,False
99,y,59,9.018401291999908,0.00012532294399840796,0.9999997700888306,False
99,z,0,0.024686249998921994,2738.1679749912078,-3.477976910142737,False
99,z,1,0.008239207998485654,0.0152870201724915,0.999974999735596,False
99,z,2,0.015373124999314314,208.52022256449683,0.6589877792487732,False
99,z,3,0.16354704200057313,6.174379794118414e-06,0.9999999899024712,False
99,z,4,0.019390875000681262,2.5967817699679814,0.995753244902138,False
99,z,5,0.1683080830007384,8.27740630236628e-06,0.9999999864631992,False
99,z,6,0.0890598330006469,2.6301614646304285,0.9956986560298222,False
99,z,7,0.011979083001278923,3.788228288353094,0.9938047632721841,False
99,z,8,0.013275416000396945,1.1308483063700125,0.9981506201770491,False
99,z,9,0.017263249999814434,13.06424512584419,0.978634843239607,False
99,z,10,0.007108832998710568,31.420573201515666,0.9486150584679567,False
99,z,11,0.043703999999706866,26.744648872268698,0.9562620258458473,False
99,z,19,0.013499125001544598,0.0017873692288613724,0.9999970769513741,False
99,z,20,0.017052124998372165,0.09463261380942681,0.9998452386181361,False
99,z,21,0.024424082999757957,611.4743398523124,-4.462652469783279e-12,False
99,z,22,0.015479292000236455,2366.6721224162698,-2.870435712802678,False
99,z,23,0.007170041000790661,0.8437057111594456,0.9986202107657257,False
99,z,24,0.013522125000235974,8.417433892032754,0.986234199305725,False
99,z,25,0.013126333000400336,8.849697275008946,0.9855272793995151,False
99,z,26,0.014861707999443752,3.99775069734381,0.9934621120841682,False
99,z,27,0.012461834001442185,34.13410711975911,0.9441773678873332,False
99,z,28,0.018334582999159466,9.976117664526896,0.9836851409545968,False
99,z,29,0.01615062500059139,15.8488829933775,0.9740808698574724,False
99,z,30,0.013182165999751305,36.114928586024945,0.940937949097081,False
99,z,31,0.01405466700089164,38.562798916481306,0.9369347225167823,False
99,z,33,0.009360875001220847,4.050733550953739,0.9933754643703443,False
99,z,34,0.010026250000009895,9.46369890934376e-12,0.9999999999999846,False
99,z,35,0.007301749999896856,4.097758856622517,0.9932985595803897,False
99,z,36,0.01684883300004003,589.8936238948544,0.03529292162944686,False
99,z,37,0.009755999999470077,1.1590725682107617,0.9981044624562727,False
99,z,38,0.006948500000362401,0.46376065627400576,0.9992415697175648,False
99,z,39,0.1501821670008212,0.06267967366297961,0.9998974941880989,False
99,z,40,0.011632208999799332,1216.2609820765979,-0.9890629954738337,False
99,z,41,0.013519541000277968,4.888488495229198,0.9920054069702553,False
99,z,42,6.665727792000325,0.02253548131528162,0.9999631456631184,False
99,z,47,2.0417220420004014,0.0125197323108042,0.9999795253349243,False
99,z,50,7.563677166999696,36.09935693623659,0.9409634148423682,False
99,z,51,7.503269166998507,9.34064438816603,0.9847243886138154,False
99,z,52,6.001532333000796,4.167744639761275e-05,0.9999999318410542,False
99,z,53,5.641767541999798,4.169841294568505,0.9931806765667481,False
99,z,54,8.827343416000076,1.2017795310177458e-05,0.9999999803461985,False
99,z,55,9.737561874999301,0.02787005749440669,0.9999544215420368,False
99,z,56,6.909897290999652,52.12465897858016,0.9147557704687946,False
99,z,57,5.093763208000382,0.0005569278993548548,0.9999990892047906,False
99,z,58,5.701500708000822,0.11418675004769423,0.999813259947955,False
99,z,59,7.03771845799929,0.0001815564177864271,0.9999997030841591,False
