track_idx,coord,template_idx,seconds,chi2_red,R2,timed_out
0,x,0,0.0488515420000013,8.060363385242464,0.987265081878033,False
0,x,1,0.00514883399999988,1.7050963833062536,0.9973060441826701,False
0,x,2,0.06040104199999874,632.2968606178173,0.001006733333220322,False
0,x,3,0.008942541999999776,194.16360697636418,0.6932324860642254,False
0,x,4,0.012640375000000148,2.004467968930007,0.996833054014765,False
0,x,5,0.016543291000001403,2595.084955899371,-3.100087409636391,False
0,x,6,0.010549666999999374,2.098037459725694,0.996685219513137,False
0,x,7,0.007130666999998425,6.072170982042406,0.9904063133902284,False
0,x,8,0.020083832999997497,80.05956405562466,0.8735104182777385,False
0,x,9,0.014306040999997549,501.93517398858575,0.20697082280644474,False
0,x,10,0.008027167000001612,5.0405494629278245,0.9920362170249499,False
0,x,11,0.07197954100000103,5.380220673497022,0.9914995557296407,False
0,x,19,0.0076127079999999125,0.014331335058161213,0.9999773573014241,False
0,x,20,0.07262533300000129,14.05051735425737,0.9778009775086137,False
0,x,21,0.024166458999999918,4.04745646335281,0.9936052477786057,False
0,x,22,0.007749083000000212,2298.659508682123,-2.6317519737315314,False
0,x,23,0.0036826669999996398,27.801872310080864,0.9560746146812076,False
0,x,24,0.008819292000001866,547.1848317774256,0.1354789235649111,False
0,x,25,0.008846333000001039,570.453830321906,0.09871522234187813,False
0,x,26,0.03963070900000076,12.980868786566461,0.9794909617286507,False
0,x,27,0.020477458000002002,8.155313201335964,0.9871150665405285,False
0,x,28,0.01185891600000133,2735.97748090088,-3.3226896279404015,False
0,x,29,0.00913333400000127,13.663686844243575,0.9784121478289399,False
0,x,30,0.009153540999999876,7.571363465952719,0.9880376740846332,False
0,x,31,0.007745415999998784,29.433778951036143,0.9534962945159767,False
0,x,33,0.004650500000000335,2.827889810564007,0.9955320940912649,False
0,x,34,0.005891542000000527,0.0333268132190771,0.9999473455206265,False
0,x,35,0.003095167000001453,2.933960001447088,0.995364509190744,False
0,x,36,0.008322166999999325,625.2934961975072,0.012071652891839202,False
0,x,37,0.007182290999999452,50.744661350575335,0.9198263060186982,False
0,x,38,0.0036794579999970267,160.42175222464166,0.746542707577714,False
0,x,39,0.07071133300000199,5.128357896825381,0.991897484667281,False
0,x,40,0.008446416999998263,15669.17598008605,-23.756411542242784,False
0,x,41,0.00910462499999909,2663.8077736428286,-3.208665573578247,False
0,x,42,2.856895709,1.9598303525632174e-07,0.9999999996903579,False
0,x,47,0.43579629199999914,6.155327490287469,0.9902749308119009,False
0,x,50,0.31572191699999763,1.8895522625739314e-22,1.0,False
0,x,51,0.24836070799999987,75.990079708722,0.8799399733088822,False
0,x,52,0.2514068750000007,871.770826471048,-0.37734858412891836,False
0,x,53,0.24345854100000253,9421.884403105849,-13.886044300170397,False
0,x,54,3.426761208000002,0.0025011100155207916,0.9999960483876794,False
0,x,55,0.40635933300000104,26.772324073114323,0.9577012426474343,False
0,x,56,5.242862625000001,66.62306727992178,0.894739322994111,False
0,x,57,2.560265166999997,6.37216614585459,0.9899323380040654,False
0,x,59,0.6760487499999996,6.502633277211754,0.9897262073178877,False
0,y,0,0.015817167000001575,2.772345332938317,0.9873015548881503,False
0,y,1,0.0034178339999968443,1.3450444027078876,0.9938391612625386,False
0,y,2,0.007980207999999323,217.9690243478903,0.0016151094598528815,False
0,y,3,0.007404625000006604,68.44062035876101,0.6865147170805194,False
0,y,4,0.00683541699999779,0.8867997342368369,0.995938104240977,False
0,y,5,0.013318750000003376,916.565974266631,-3.198236986327405,False
0,y,6,0.010332167000001391,0.9423651837544997,0.9956835923652622,False
0,y,7,0.004878958999995575,3.952317450098678,0.9818968129228364,False
0,y,8,0.008880875000002675,27.446800193668683,0.8742827303603591,False
0,y,9,0.009826958000004993,178.2460842488495,0.18356198618402653,False
0,y,10,0.003061166999998477,2.327163164292204,0.9893406664180748,False
0,y,11,0.0321366249999997,3.2451485392642816,0.9851359280115471,False
0,y,19,0.006394042000003708,0.18952999438424833,0.9991318771863869,False
0,y,20,0.0076065410000012434,6.9562607739196265,0.968137556828929,False
0,y,21,0.010216374999998834,2.136478702972222,0.9902140771497704,False
0,y,22,0.005324042000005136,918.2325200535446,-3.2058704293729328,False
0,y,23,0.003212541999999985,11.807732054609403,0.9459158873140927,False
0,y,24,0.010056749999996839,2.5721096579730833,0.9882187139800465,False
0,y,25,0.00810229199999668,194.62061977366866,0.10856009586267423,False
0,y,26,0.03763687500000401,6.09323237990029,0.9720905703879603,False
0,y,27,0.009600916000003679,2.792618361212976,0.987208696349303,False
0,y,28,0.009516791000002911,968.7450033776727,-3.4372377086702857,False
0,y,29,0.007622624999996219,5.56145830855791,0.9745263072987328,False
0,y,30,0.006108874999995351,3.0648462339648987,0.9859617843362198,False
0,y,31,0.00638483299999848,37.32597628644548,0.8290321716099952,False
0,y,33,0.003835250000001622,2.0685852275009133,0.9905250562913231,False
0,y,34,0.003966208000001359,0.06805289625466077,0.9996882906478046,False
0,y,35,0.0032029170000029694,2.1354932383107137,0.9902185909701683,False
0,y,36,0.006155249999999057,215.17692747045268,0.014404024507290392,False
0,y,37,0.005715375000001188,65.8214793884068,0.6985114252312283,False
0,y,38,0.002995540999997104,166.72870750467436,0.23631615597693312,False
0,y,39,0.06769258300000303,2.961847683558277,0.9864335586939809,False
0,y,40,0.007408583000000135,11409.201553031575,-51.258684360093376,False
0,y,41,0.007319124999995097,1002.6458363446508,-3.592517017334509,False
0,y,42,2.5733188749999982,1.6871574757050173e-07,0.9999999992272147,False
0,y,47,0.40493474999999535,4.953899251822233,0.9773091696075882,False
0,y,51,2.613958083,4195.008955333303,-18.214810770546627,False
0,y,52,0.23732016700000003,45.151218677916546,0.7931894467465308,False
0,y,53,0.24943691700000414,1632.868115175247,-6.479185904111771,False
0,y,54,0.2551329170000045,0.00046870538595165554,0.9999978531427718,False
0,y,55,4.288161416999998,5.7644604690402135,0.9735964766020139,False
0,y,56,1.8041015840000014,693.2549961408083,-2.1753838212064722,False
0,y,57,0.47935308299999946,8.474193875517864,0.9611848190350135,False
0,y,58,0.23876020899999872,4317.893868581566,-18.777672585565753,False
0,y,59,3.8504742909999976,1.7251244957238554,0.992098243151823,False
0,z,0,0.014476791999996408,3.007082544516326,0.9779621972860523,False
0,z,1,0.003410999999999831,1.603972976123493,0.9882450715991241,False
0,z,2,0.006230582999997125,54.142866503456936,0.603206831635974,False
0,z,3,0.005989834000004635,52.5575224766983,0.6148252353140351,False
0,z,4,0.008926875000000223,1.6993844227201649,0.9875458361755458,False
0,z,5,0.010299125000003073,808.0360433469142,-4.92179916760562,False
0,z,6,0.006337500000000773,1.777022437401539,0.9869768557018402,False
0,z,7,0.004755541000001529,3.2914791997933577,0.9758779587296711,False
0,z,8,0.009561790999995878,4.774025525470355,0.9650129216194867,False
0,z,9,0.009380457999995429,99.44807532569104,0.27118160813177883,False
0,z,10,0.00306708400000133,6.362528242746886,0.9533713690595982,False
0,z,11,0.01830041600000243,3.354549809235831,0.9754157374147038,False
0,z,19,0.0049162500000008436,0.005469551906503851,0.999959915664414,False
0,z,20,0.006809582999999009,0.06958589409185911,0.9994900305585337,False
0,z,21,0.007212791000000607,1.0255121525652877,0.9924843983613942,False
0,z,22,0.004792082999998115,899.3722638887107,-5.591168757279284,False
0,z,23,0.003094791999998847,0.3953746169384507,0.997102444752612,False
0,z,24,0.006636084000000153,126.83974839173362,0.0704381040549742,False
0,z,25,0.008214625000000808,124.72780304977714,0.08591577521952287,False
0,z,26,0.004667957999998862,2.144815523272676,0.9842814353580379,False
0,z,27,0.0052011249999992515,9.06824452037228,0.9335421689483601,False
0,z,28,0.008927208999999436,848.1968258087031,-5.2161227811508,False
0,z,29,0.005993791999998166,4.903637069678557,0.9640630462507778,False
0,z,30,0.006193291999998962,7.104627206207554,0.9479327985152696,False
0,z,31,0.005956957999998735,16.88952739994556,0.8762228614407119,False
0,z,33,0.0036277499999997076,2.425003177523679,0.9822280430231559,False
0,z,34,0.00373695900000115,0.030793086020969355,0.9997743287905677,False
0,z,35,0.003080707999998822,2.914615060314566,0.9786398574912933,False
0,z,36,0.007084292000001824,135.96830497417037,0.0035382680681950163,False
0,z,37,0.006179207999998937,123.95320523323204,0.0915925179131365,False
0,z,38,0.002906249999995225,112.79282778119173,0.1733828222563828,False
0,z,39,0.008484125000002507,0.013052422315218417,0.9999043435942766,False
0,z,40,0.006293332999995016,11310.800001974469,-81.89269592382453,False
0,z,41,0.0063207090000005905,857.85374906069,-5.286894822257256,False
0,z,42,2.7144504590000054,4.966674091465659e-07,0.9999999963601071,False
0,z,47,0.31647066699999726,6.94388614412456,0.9491108106788118,False
0,z,50,0.45842170899999957,1.304957073257939e-22,1.0,False
0,z,51,0.3158376670000038,65.67850637161322,0.5186663669729172,False
0,z,52,0.2788805420000031,986.6398819654784,-6.230721054903783,False
0,z,53,0.30648733299999975,2812.468920391071,-19.611550993076285,False
0,z,54,0.22043945899999784,0.001982032588513524,0.999985474411656,False
0,z,55,0.5326282080000055,14.634274831145017,0.892750778598152,False
0,z,56,0.4246008749999959,45.76034708577063,0.66463923544866,False
0,z,57,0.6224285830000014,10.654943125074492,0.9219138380664262,False
0,z,58,0.2853400420000014,8.126960976564506,0.9404404900716526,False
0,z,59,3.2326057089999978,1.4353178651063911,0.9894810829184914,False
1,x,0,0.016178249999995842,2.8214967425229083,0.9874121003670107,False
1,x,1,0.0033341660000019147,0.7821875543683635,0.9965103279120718,False
1,x,2,0.007720582999994008,213.56358058976184,0.047201835391120994,False
1,x,3,0.007183249999997088,75.61848868091225,0.662633689570549,False
1,x,4,0.07099804199999937,1.7854290942983655,0.9920344397701659,False
1,x,5,0.012877250000002505,1004.4775532976008,-3.481402524390207,False
1,x,6,0.034674416999990854,1.7723955610337567,0.9920925879176103,False
1,x,7,0.005059041999999181,2.2438200427288852,0.9899893623598143,False
1,x,8,0.008709417000005715,19.684341048131987,0.912179764122692,False
1,x,9,0.008985332999998263,159.44578816642817,0.2886443751314788,False
1,x,10,0.003379207999998357,4.3993838144988935,0.980372473563662,False
1,x,11,0.030001666999993404,1.7928301021143163,0.9920014207196152,False
1,x,19,0.005653666000000612,0.4991392325322451,0.9977731271252913,False
1,x,20,0.007377375000004349,1.548284088757216,0.9930924447230788,False
1,x,21,0.009265917000007562,1.2408055931090498,0.9944642373550492,False
1,x,22,0.005493666999996094,1044.78787091907,-3.6612440335954455,False
1,x,23,0.0031837500000051477,4.469617256030968,0.9800591322439429,False
1,x,24,0.0071980839999952195,203.70032938118666,0.09120600324902361,False
1,x,25,0.008982957999990049,205.1947376023106,0.08453881118223427,False
1,x,26,0.041537667000000056,1.8707655517472384,0.9916537174587728,False
1,x,27,0.009365125000002195,7.434334197733667,0.966832266254721,False
1,x,28,0.011036124999989738,1057.134641867919,-3.7163282416164103,False
1,x,29,0.0069581250000112504,4.707763652680689,0.9789966596584512,False
1,x,30,0.006098792000003073,5.647163023281343,0.9748055986466845,False
1,x,31,0.006342208000006622,18.04991861023851,0.9194716192916306,False
1,x,33,0.0035566250000016453,1.788464485548559,0.9920208975959616,False
1,x,34,0.0037179580000099577,0.7263294621101278,0.9967595346711795,False
1,x,35,0.0031055830000070728,1.772837344280213,0.9920906169342375,False
1,x,36,0.0070984580000015285,223.39568850958958,0.0033366110191646037,False
1,x,37,0.005942791999999031,92.45353165144957,0.5875253869323211,False
1,x,38,0.003137667000004285,125.58947433372003,0.439691822412258,False
1,x,39,0.06751687499999548,0.5182987930537294,0.9976876481590313,False
1,x,40,0.006794916999993461,11895.844009701368,-52.07243073756721,False
1,x,41,0.008268999999998528,1063.8969771052011,-3.746497901559173,False
1,x,42,0.6811946659999961,1.038020812351009e-06,0.9999999953689467,False
1,x,51,0.15836120899999173,9.387909140102361e-24,1.0,False
1,x,52,0.16800758300000496,2.2317913537326644,0.990043027468662,False
1,x,53,0.1988760000000127,3696.9909134167215,-15.493852309236022,False
1,x,57,2.4419220419999874,18.63430589592033,0.9168644185147902,False
1,y,0,0.011523875000008843,6.655617962466898,0.984732533237307,False
1,y,1,0.003380250000006413,2.1504569723068134,0.995067019992066,False
1,y,2,0.006479667000007794,435.87779046327086,0.0001304588060446754,False
1,y,3,0.00634250000000236,148.93561491310155,0.6583533545209366,False
1,y,4,0.006037749999990183,1.9607434782743445,0.9955022079011241,False
1,y,5,0.01119749999999442,1797.6931890744106,-3.1237674951433236,False
1,y,6,0.008466209000005165,5.454891398258064,0.9874869060113336,False
1,y,7,0.004173417000004065,8.307999704884239,0.980942098829277,False
1,y,8,0.0078697909999903,51.912142494968585,0.8809176075622663,False
1,y,9,0.009025166000000695,344.9989990252114,0.2085992945383175,False
1,y,10,0.003012208999990662,5.3290921144137515,0.9877754797239017,False
1,y,11,0.01811216699999818,6.274238355272056,0.9856073882109027,False
1,y,19,0.006116875000003574,0.46926545285465476,0.9989235417740709,False
1,y,20,0.006295958000009705,12.481771988674762,0.9713677918337171,False
1,y,21,0.008856624999992846,4.799862902270609,0.988989490121104,False
1,y,22,0.004976541999994311,1668.248465566544,-2.826831429265255,False
1,y,23,0.0029248339999981,21.406538956315543,0.9508950748280777,False
1,y,24,0.007763249999996447,390.91563043622506,0.10327013534140939,False
1,y,25,0.007623749999993379,392.10679691139717,0.10053769266349744,False
1,y,26,0.03537324999999214,10.829198532239717,0.9751586660187009,False
1,y,27,0.005415999999996757,6.819717468288197,0.9843561018127527,False
1,y,28,0.008909458999994513,1891.91989272901,-3.3399161795055345,False
1,y,29,0.0062167500000072096,12.635065483117351,0.9710161485536284,False
1,y,30,0.006280875000001629,7.163478239611366,0.9835675415047406,False
1,y,31,0.005706709000008914,35.32021065250367,0.9189782007877537,False
1,y,33,0.005640958000000751,4.449006115965758,0.9897943281321772,False
1,y,34,0.004038625000006846,0.19750456689331478,0.9995469399794987,False
1,y,35,0.0029034580000057986,4.659880137546383,0.9893105996288656,False
1,y,36,0.005874083999998447,432.24348150915097,0.00846727913967682,False
1,y,37,0.006328917000004708,66.62837261652135,0.8471597272993087,False
1,y,38,0.0030648750000068503,167.3117925791141,0.6161998410044851,False
1,y,39,0.06342308300000354,5.030474502936284,0.9884604851559589,False
1,y,40,0.0069945000000046775,13976.709547451423,-31.06147793802085,False
1,y,41,0.0058387090000024955,1932.4976723851346,-3.4329984305748438,False
1,y,42,2.8179295420000017,8.792378508133927e-07,0.9999999979830971,False
1,y,51,0.19386516600000903,7.483034783755407e-23,1.0,False
1,y,52,0.19780416700000103,22.60524918052272,0.9481453273802238,False
1,y,53,0.21953470800001185,992.9005574199668,-1.2776361781213095,False
1,y,57,0.3933117499999952,6.722185734589405,0.9845798319773973,False
1,y,58,0.2253537910000034,3055.6772481433754,-6.009484481626457,False
1,z,0,0.011599000000003912,2.9458991023607313,0.9858578367032548,False
1,z,1,0.004301959000002853,0.10750213382330481,0.9994839223345907,False
1,z,2,0.006492541000000074,72.84433480960239,0.6503015064926577,False
1,z,3,0.0061547080000110554,70.8966351604027,0.6596516863647118,False
1,z,4,0.005963790999999219,1.2191895332511848,0.9941471255905867,False
1,z,5,0.011423041000000467,898.7409770758811,-3.314520361236421,False
1,z,6,0.0060292910000043776,1.2738652774374364,0.993884647727026,False
1,z,7,0.004601457999996228,2.7649780741446053,0.9867263711085225,False
1,z,8,0.008600375000000327,20.841523936050056,0.8999476137453426,False
1,z,9,0.008945832999998515,157.1528032112498,0.24556798168214544,False
1,z,10,0.002993000000003576,2.569778681298303,0.9876634506191023,False
1,z,11,0.018538833000008026,1.6259067945743098,0.9921946276517987,False
1,z,19,0.0052924999999959255,0.021256263559385966,0.9998979566034374,False
1,z,20,0.006824042000005193,3.0592348712551782,0.9853137539307718,False
1,z,21,0.007665917000011291,1.500979763193884,0.9927943557540082,False
1,z,22,0.004710166999998933,950.9918554347992,-3.565357348001524,False
1,z,23,0.0029165409999905023,6.539161948659906,0.9686079214228,False
1,z,24,0.011800874999991606,2.164774499912924,0.9896077246997818,False
1,z,25,0.00745095899999626,189.00181442956693,0.09267275281012899,False
1,z,26,0.03993395899999541,2.6968931444811917,0.9870532214723302,False
1,z,27,0.0054750000000041155,4.309014631431061,0.9793140272465787,False
1,z,28,0.011626957999993692,945.8359588034135,-3.5406058105018996,False
1,z,29,0.0061419169999936685,5.218515756492002,0.9749478514264774,False
1,z,30,0.005614917000002606,3.6304507339786127,0.9825715595352298,False
1,z,31,0.005709082999999282,26.383089637490595,0.8733446228259958,False
1,z,33,0.0035847919999980604,1.6080205751010477,0.9922804927231277,False
1,z,34,0.0038030829999939897,0.05278319325773106,0.9997466075678639,False
1,z,35,0.0030527910000017755,1.72144257075244,0.9917359960081319,False
1,z,36,0.00633704099999477,207.12973709156395,0.0056473545840707295,False
1,z,37,0.005943708999993191,78.82899455296666,0.621571386272895,False
1,z,38,0.0030058749999994916,144.0188329119084,0.3086192764664919,False
1,z,39,0.06435458400000016,0.703403449509242,0.9966232222826362,False
1,z,40,0.0062472090000085245,11532.971795991702,-54.36549785597498,False
1,z,41,0.006928292000011993,959.3511979913444,-3.605487435075233,False
1,z,42,2.71320054200001,3.2233963387543845e-08,0.9999999998452568,False
1,z,51,0.176949166,5.12964520471081e-24,1.0,False
1,z,52,0.157381541999996,3.607689395473271,0.982680828235484,False
1,z,53,0.1760952090000103,358.01130828305446,-0.7186788168552736,False
1,z,57,0.5288098749999932,6.897856754617066,0.9668859613884337,False
1,z,58,0.2532807919999982,9.38607252436966,0.954940965137483,False
2,x,0,0.012026042000002235,2.7917215065738596,0.9946531775634679,False
2,x,1,0.003586166999994589,0.7611231926178019,0.9985422648521097,False
2,x,2,0.006772916999992162,521.8853418668476,0.00046324512669393414,False
2,x,3,0.00713387499999385,178.01301875050999,0.6590619800690196,False
2,x,4,0.006231999999997129,39.1239221234787,0.9250682189744367,False
2,x,5,0.009170375000010722,3600.3383731874596,-5.89551946622748,False
2,x,6,0.006382209000008743,41.172588450455656,0.9211445270673986,False
2,x,7,0.004978415999985941,72.94862561343218,0.8602857243368964,False
2,x,8,0.006351332999997794,27.441705426281082,0.9474424916939469,False
2,x,9,0.00963433399999758,412.4028775597359,0.21014866510345054,False
2,x,10,0.00319625000000201,6.039806520282404,0.9884323085454928,False
2,x,11,0.018201834000009853,5.098325293609647,0.9902354729852457,False
2,x,19,0.007154958000000988,0.10006465591362596,0.9998083519627288,False
2,x,20,0.012614916999993397,522.1272147546146,-3.3306690738754696e-14,False
2,x,21,0.008927875000011909,522.127214885626,-2.509523699956162e-10,False
2,x,22,0.007560166000004642,2838.3083681697613,-4.436047553092561,False
2,x,23,0.003172417000001815,19.803219690348083,0.9620720408154635,False
2,x,24,0.00804483400000322,469.7183532684263,0.10037565559727257,False
2,x,25,0.008071749999999156,469.0249389887141,0.10170371178763649,False
2,x,26,0.004728666999994857,60.73833869963559,0.8836713793434746,False
2,x,27,0.005875958000004289,9.357196458437366,0.9820787038215671,False
2,x,28,0.008030207999993877,3738.7181622822377,-6.160550257927961,False
2,x,29,0.006516708000006588,13.96821775893366,0.9732474819082189,False
2,x,30,0.005744582999994918,7.763058030997072,0.9851318647800311,False
2,x,31,0.006741542000000322,9.291276633064012,0.982204956243411,False
2,x,33,0.004371875000003911,63.363495434743136,0.8786435687622136,False
2,x,34,0.0037950420000072427,0.0019449333920995963,0.9999962749817723,False
2,x,35,0.002960375000000681,67.91628087101567,0.869923882625163,False
2,x,36,0.006032415999996488,517.1215697300579,0.009587021865718692,False
2,x,37,0.003954292000003079,20.92434316681703,0.9599248179839628,False
2,x,38,0.003281415999992987,153.85435446550105,0.7053316699114918,False
2,x,39,0.06679841700000111,3.059158127830539,0.9941409716992661,False
2,x,40,0.005485750000005396,754.9821316225514,-0.4459735296069527,False
2,x,41,0.005816332999998508,3893.677163059313,-6.457334253088805,False
2,x,42,2.7201320000000067,5.802726536959831e-08,0.9999999998888638,False
2,x,52,0.14081533399999557,1.2766043144341762e-23,1.0,False
2,x,53,0.4638886249999956,2045.2788114824343,-2.917203994899457,False
2,x,57,0.8249786670000105,4.34798626575436,0.9916725538472497,False
2,y,0,0.0114376669999956,0.31006379317202204,0.9960207906272711,False
2,y,1,0.0036234170000000177,0.040100304443999785,0.9994853720079329,False
2,y,2,0.00648262500000385,77.90305166709378,0.00022975857133811228,False
2,y,3,0.006905750000001376,26.23738699855736,0.6632820130577108,False
2,y,4,0.005901250000007963,6.825251717785983,0.9124080069820343,False
2,y,5,0.011051250000008395,563.0976760923166,-6.226524346959969,False
2,y,6,0.006550375000003328,7.158734295809573,0.9081282522046777,False
2,y,7,0.004844958000006727,11.61490363402782,0.8509399213270143,False
2,y,8,0.008545707999999763,5.36528442424911,0.9311445240028928,False
2,y,9,0.008789207999996052,60.1774183305086,0.2277119988836176,False
2,y,10,0.0030767500000052905,0.8948210556555845,0.9885162975813678,False
2,y,11,0.018420665999997254,0.552729099547793,0.9929065409701663,False
2,y,19,0.00521237499999927,0.001907362152521258,0.9999755218328562,False
2,y,20,0.006625999999997134,1.7660562746507884,0.9773352844298135,False
2,y,21,0.007653082999993899,0.5068714788933378,0.9934950555853443,False
2,y,22,0.004971124999997301,702.3487413422448,-8.0136054451312,False
2,y,23,0.0030478749999929278,2.4974501734617434,0.9679489274239487,False
2,y,24,0.01133770900000286,0.7455900426056895,0.990431456522549,False
2,y,25,0.0073871250000081545,70.46677558330323,0.09566334398968435,False
2,y,26,0.004625165999996739,9.751711318484535,0.8748512340583687,False
2,y,27,0.005350500000005809,1.5422698653814055,0.9802072514148785,False
2,y,28,0.007832792000002087,584.4385360094723,-6.50040266385628,False
2,y,29,0.006352499999991323,1.8532310049937173,0.9762165259301611,False
2,y,30,0.006503917000003412,1.0956582746151666,0.9859388494507717,False
2,y,31,0.006228249999992386,29.81417463069764,0.6173792434228933,False
2,y,33,0.0035225000000025375,10.275249327360982,0.8681323994256996,False
2,y,34,0.0038365829999946754,0.018432994000449184,0.999763439833643,False
2,y,35,0.0031478339999893024,11.01421476279419,0.8586488729658169,False
2,y,36,0.005995334000004959,77.28513861761378,0.008159757017361713,False
2,y,37,0.006517958000003432,114.8364355681952,-0.4737555006631038,False
2,y,38,0.002979874999994081,150.81038715362806,-0.9354278676893,False
2,y,39,0.06237395800000911,0.2701259388870725,0.9965333338122446,False
2,y,40,0.005732957999995847,10604.53707670698,-135.09352094093717,False
2,y,41,0.006022667000010529,607.332528257705,-6.794213132990308,False
2,y,42,2.5716286250000024,7.843903823982761e-12,0.9999999999998993,False
2,y,52,0.15684116699999606,2.0628310977569706e-24,1.0,False
2,y,53,0.5311559579999994,265.1251416232275,-2.4024883644118575,False
2,y,57,0.43453712500000563,4.074554321628052,0.9477091324322412,False
2,y,58,0.2312534169999907,532.5784532682183,-5.834855341470269,False
2,z,0,0.012625458000002254,0.048942239829214,0.972325122624585,False
2,z,1,0.0038533329999950183,0.388250427278512,0.7804599257537121,False
2,z,2,0.005196334000004299,1.73910947872642,0.016603209535855812,False
2,z,3,0.005938999999997918,0.17297324862884605,0.9021905523381244,False
2,z,4,0.005726207999998678,1.799395835008202,-0.01748631156761027,False
2,z,5,0.009717582999996921,0.004199465076330663,0.9976253706116569,False
2,z,6,0.00605037500000094,1.9088732883632946,-0.07939142885581374,False
2,z,7,0.005447415999995542,2.9155887187104446,-0.6486487040442117,False
2,z,8,0.0048248330000006945,1.3510221214123155,0.2360510742452624,False
2,z,9,0.0074043329999966545,1.4990406573274417,0.15235251763988233,False
2,z,10,0.0028378330000009555,0.24347490566067514,0.8623246875978109,False
2,z,11,0.017662708000003136,0.3373011860810464,0.8092696820589119,False
2,z,19,0.00709491700000342,0.008870098394070337,0.9949843144445295,False
2,z,20,0.011634417000010444,1.7684717881295295,-1.0042755516082025e-09,False
2,z,21,0.06706549999999822,0.0694012208024377,0.9607563878949182,False
2,z,22,0.00558024999999418,428.8507051237152,-241.4979060638477,False
2,z,23,0.0029168749999968213,0.6389799798062775,0.6386824009650596,False
2,z,24,0.007328040999993846,1.0576864441111737,0.4019206569916097,False
2,z,25,0.005769125000000486,1.6476964049366116,0.06829364333027799,False
2,z,26,0.004313916999990397,2.119736915892941,-0.19862636896443608,False
2,z,27,0.0053794170000003305,0.1881846956460164,0.8935890879921562,False
2,z,28,0.010334915999990812,10.82453839187811,-5.120843134397856,False
2,z,29,0.009344624999997109,0.05324248056813275,0.9698935086332838,False
2,z,30,0.006882165999996914,7.702575808789837,-3.355498271573885,False
2,z,31,0.006105375000004187,37.45388470465602,-20.17867245249308,False
2,z,33,0.0036019169999974565,3.205395450279479,-0.8125228092492494,False
2,z,34,0.00412124999999719,0.011421901346996579,0.9935413720280221,False
2,z,35,0.0030895000000015216,3.5934176770663178,-1.031933845252782,False
2,z,36,0.006654375000010759,1.6900975839304586,0.04431747400654995,False
2,z,37,0.0043784580000050255,37.57116322432564,-20.244988760491093,False
2,z,38,0.00319616599999506,141.45563722345435,-78.98750012016252,False
2,z,39,0.008326749999994831,0.005930076115602334,0.9966467793484962,False
2,z,40,0.004947250000000736,7350.092640762065,-4155.183150604625,False
2,z,41,0.00850745799999686,9.219074208599993,-4.213017408442391,False
2,z,42,2.9520942080000054,3.125602486997611e-09,0.9999999982325969,False
2,z,52,0.14054325000000745,1.6875206219368674e-23,1.0,False
2,z,53,0.20902520900000354,621.0890974771368,-350.2010212827837,False
2,z,57,0.47758420899999976,4.502331463931429,-1.5458882062320138,False
2,z,58,0.19824670799999922,10.54074785189961,-4.96037094469803,False
3,x,0,0.012277125000011324,0.3483596737527519,0.9976398908159567,False
3,x,1,0.003982333000010385,0.06515393681373567,0.9995585872411862,False
3,x,2,0.006475541000000362,147.49657924242794,0.0007223639436270135,False
3,x,3,0.008297166999994943,51.64006622556239,0.650142643519485,False
3,x,4,0.006149124999993205,49.12514159416797,0.6671810586029233,False
3,x,5,0.009503457999997522,1920.2593981773236,-12.009605252415895,False
3,x,6,0.006935959000003322,51.674844919229486,0.6499070206259148,False
3,x,7,0.00512762500000008,83.45534358105476,0.4345966606257399,False
3,x,8,0.005732750000007059,35.672252989863956,0.7583233128279737,False
3,x,9,0.01009558299999469,117.09015349108003,0.20672348886321013,False
3,x,10,0.0034912920000067516,2.199255018877149,0.985100221526246,False
3,x,11,0.01881545899999537,1.5607958202696064,0.9894257320023525,False
3,x,19,0.006030582999997591,0.041386135808741856,0.9997196122095245,False
3,x,20,0.007315916999999672,4.547666465774365,0.9691899200725014,False
3,x,21,0.01017083400000729,1.4484454628620433,0.9901868967706269,False
3,x,22,0.005084374999995589,1839.2726038765104,-11.46092613879601,False
3,x,23,0.0031575829999894722,4.629944626538901,0.9686324920534236,False
3,x,24,0.007294125000001372,132.616835142728,0.10153145107935557,False
3,x,25,0.0079645419999963,132.4645245796539,0.10256334307438997,False
3,x,26,0.004940082999993933,71.14134397652718,0.5180230321281362,False
3,x,27,0.006143291000000772,3.3877104181852458,0.9770485303746358,False
3,x,28,0.0076923339999979135,1960.4000511466506,-12.2815549953521,False
3,x,29,0.006427500000000919,4.405570418386448,0.9701526095332065,False
3,x,30,0.005771750000008069,2.4652405130667545,0.9832981908810321,False
3,x,31,0.006739290999988157,26.23917737265426,0.8222316526140326,False
3,x,33,0.004110749999995278,79.10515804236836,0.4640688229215193,False
3,x,34,0.004241540999998961,0.0044363817815557365,0.9999699438649894,False
3,x,35,0.003640667000013309,85.07119264321958,0.42364941127692557,False
3,x,36,0.006457625000010125,146.0305416431637,0.010654652503042317,False
3,x,37,0.006430667000003609,316.99621104382794,-1.1476242095761386,False
3,x,38,0.0032484580000016194,151.0608049677338,-0.02342498289958983,False
3,x,39,0.06697566600000471,0.5072781115560365,0.9965632309932715,False
3,x,40,0.006667457999995463,15087.545852467063,-101.21692754355463,False
3,x,41,0.006617416000011644,2062.995952989664,-12.97663410016477,False
3,x,42,2.9016298749999976,4.892490879918182e-09,0.9999999999668537,False
3,x,53,0.14334312500000124,1.82888237300817e-23,1.0,False
3,x,57,2.4002252089999985,1.2608540536930908,0.9914578137021357,False
3,y,0,0.011288374999992357,3.123975271151559,0.992816898597558,False
3,y,1,0.003194125000007375,0.9343401679812672,0.9978516282657672,False
3,y,2,0.00713724999999954,434.395179690904,0.001174992239431849,False
3,y,3,0.00716099999999642,143.3192559970866,0.6704593796703993,False
3,y,4,0.006045874999998091,13.900174699285383,0.9680386828606936,False
3,y,5,0.010595208000012235,2424.516764175387,-4.574803978064988,False
3,y,6,0.006121791999987636,14.57197354499364,0.9664939845798435,False
3,y,7,0.004358334000002628,27.34227316253085,0.9371306416816385,False
3,y,8,0.005533499999998526,10.728853639377816,0.9753306486337193,False
3,y,9,0.008766416000000277,347.45237677291925,0.2010866161692223,False
3,y,10,0.0030248749999941538,4.211115565305624,0.9903171864379573,False
3,y,11,0.01939787499999568,3.980532741010273,0.9908473762329504,False
3,y,19,0.005511666000003856,0.03660314838285127,0.9999158366812597,False
3,y,20,0.010980666999998334,434.9061910972338,-1.5906387318409543e-11,False
3,y,21,0.008209208000010904,3.2705551690562045,0.9924798606318828,False
3,y,22,0.006552458000001593,1766.8709905181518,-3.0626485129783516,False
3,y,23,0.002795083000009413,18.211940055609563,0.9581244405604988,False
3,y,24,0.006525166000002969,384.41672547005055,0.11609277277402641,False
3,y,25,0.08300762500000758,391.39228265595295,0.10005355022717222,False
3,y,26,0.009120332999998482,22.031589698748018,0.9493417427709766,False
3,y,27,0.005071624999999358,6.647983109493455,0.9847139837379025,False
3,y,28,0.008724957999987737,2542.1838580351696,-4.845361390836672,False
3,y,29,0.006453709000012964,10.586688315439764,0.9756575359644829,False
3,y,30,0.005196709000003352,5.777516993929561,0.9867154868974267,False
3,y,31,0.007008791999993491,10.34951096129331,0.9762028888681789,False
3,y,33,0.0036416250000002037,21.67115470673665,0.9501705076848717,False
3,y,34,0.00394949999999028,0.005323509532018209,0.9999877594073364,False
3,y,35,0.002870957999988377,23.086763303576095,0.9469155331045133,False
3,y,36,0.006037707999993813,429.5222952268356,0.012379441759573173,False
3,y,37,0.0037948750000111886,24.297615751527253,0.9441313638451253,False
3,y,38,0.003007625000009284,151.62801891561753,0.6513546552752356,False
3,y,39,0.06658199999999681,3.1408224705708356,0.9927781610496352,False
3,y,40,0.005500499999996578,964.497395528381,-1.2177136478797261,False
3,y,41,0.005310542000003693,2628.707757172338,-5.044309809851474,False
3,y,42,2.584170333000003,6.569806212507929e-08,0.9999999998489374,False
3,y,53,0.12359133399999678,7.7862266163665e-24,1.0,False
3,y,57,0.545240457999995,1.791576874696533,0.995880544100315,False
3,y,58,0.8014735830000035,714.6390621497657,-0.6432027797952369,False
3,z,0,0.011417750000006777,0.08071149130395391,0.9879173320067302,False
3,z,1,0.0031378749999930733,0.18319680428548893,0.9725750803528869,False
3,z,2,0.006326583000003438,6.28938437267888,0.05846686724005501,False
3,z,3,0.006245082999996043,3.2529578820982694,0.513025847367062,False
3,z,4,0.00566808299998911,11.168291585452867,-0.6719150780013641,False
3,z,5,0.009072083000006614,256.5705801670124,-37.409117300584136,False
3,z,6,0.006610291999990636,11.77867926286911,-0.7632913062713818,False
3,z,7,0.005122000000000071,18.926533151407245,-1.833339003375181,False
3,z,8,0.007763457999999446,13.558084953531278,-1.029671815889754,False
3,z,9,0.00942600000000482,5.085681707220766,0.23866350881334575,False
3,z,10,0.002906667000004859,0.5522930372823486,0.9173206529000124,False
3,z,11,0.017646417000008796,0.373421451802442,0.9440980788385867,False
3,z,19,0.004936166999996772,0.03272890414056438,0.9951004190837616,False
3,z,20,0.010481333000001314,6.679939509271347,-2.103583973678269e-11,False
3,z,21,0.009000082999989445,6.679939510503976,-2.05562900035261e-10,False
3,z,22,0.004837334000001192,497.2529966184023,-73.43974544061447,False
3,z,23,0.002837834000004591,0.025187872802101486,0.9962293262135574,False
3,z,24,0.006735125000005837,6.275975494340061,0.06047420253410796,False
3,z,25,0.007761041999998497,5.94190211745678,0.11048563997701222,False
3,z,26,0.004817000000002736,15.709605925698634,-1.351758710423221,False
3,z,27,0.005310958000009691,0.6989268878898741,0.8953692788782729,False
3,z,28,0.007562624999991385,252.49830999636544,-36.79949049706585,False
3,z,29,0.005949959000005833,0.486599179666457,0.9271551517792455,False
3,z,30,0.005375292000010745,0.4259024130760281,0.9362415763654954,False
3,z,31,0.008300208999997949,126.0984965581927,-17.877191385614843,False
3,z,33,0.00372170800000049,18.869911905565633,-1.8248626922103548,False
3,z,34,0.004420459000002097,0.02252868700424779,0.9966274115246923,False
3,z,35,0.0029097500000005994,20.566755834652195,-2.0788835447595653,False
3,z,36,0.006310541999994257,6.657327744479828,0.0033850253613961767,False
3,z,37,0.00381074999999953,17.453392114727734,-1.6128069110312517,False
3,z,38,0.002939667000006807,167.95299427012452,-24.14289149483301,False
3,z,39,0.008281167000006917,0.02247695260144177,0.9966351562659036,False
3,z,40,0.004630333000008591,4480.993441140161,-669.8134759326904,False
3,z,41,0.007433417000001441,265.0351361000843,-38.676277867158376,False
3,z,42,2.664411000000001,5.992352694083446e-08,0.9999999910293309,False
3,z,53,0.11837587499999813,1.647301932658292e-23,1.0,False
3,z,57,0.16021712500000262,1.4362787644460489,0.7849862618541986,False
3,z,58,0.15232266700000707,0.00464072581917361,0.9993052742748897,False
4,x,0,0.012653042000010828,8.349158674182851,0.8544978286912698,False
4,x,1,0.003284708000009573,26.083558901769724,0.5454374981035921,False
4,x,2,0.00885920800000406,54.10808970792614,0.05704935729451288,False
4,x,3,0.00693408299999021,46.48806668811738,0.18984476076828816,False
4,x,4,0.00599166699998932,4.68344106276316,0.9183808967560193,False
4,x,5,0.009216708000010954,763.130568483175,-12.299202834617939,False
4,x,6,0.005930790999997271,5.3974032098421505,0.9059385601462886,False
4,x,7,0.00496366599999476,18.731481624560466,0.6735633667340888,False
4,x,8,0.009103832999997508,33.31471008485843,0.41941902854754765,False
4,x,9,0.01018233299998883,37.05523778827185,0.3542322326168329,False
4,x,10,0.002965625000001637,32.85415348867557,0.42744522464349355,False
4,x,11,0.017605875000000992,29.27711495674652,0.4897828676996797,False
4,x,19,0.005417832999995653,2.480554213812012,0.9567709707955703,False
4,x,20,0.010148624999999356,57.381677663995035,-2.3075488186918847e-09,False
4,x,21,0.009415250000003539,57.38167758330366,-9.013270130253659e-10,False
4,x,22,0.004655791999994108,801.8032514022328,-12.973158086235882,False
4,x,23,0.0028569159999989324,17.87222330593081,0.6885378037947116,False
4,x,24,0.00690162499999758,8.833365952207586,0.8460594682449719,False
4,x,25,0.007181750000000875,50.908147629852174,0.11281527798082691,False
4,x,26,0.004732291999999916,9.10895749783098,0.8412566887258179,False
4,x,27,0.005185208999989754,35.164512899473095,0.3871822084651,False
4,x,28,0.008651957999987303,788.6108199546944,-12.743251397985471,False
4,x,29,0.006053540999999996,13.321654392059775,0.7678413220887926,False
4,x,30,0.005378250000006801,30.277325667751533,0.47235202994742864,False
4,x,31,0.01566483300000243,444.5038908569145,-6.7464429409936795,False
4,x,33,0.004061375000006251,19.721416255128133,0.6563116119379209,False
4,x,34,0.0040121250000026976,2.280760480921499,0.9602528092758159,False
4,x,35,0.0028707079999890084,25.751030616232676,0.5512325236211717,False
4,x,36,0.007241791999987868,54.69352802887333,0.046846826693608956,False
4,x,37,0.003968208000003415,0.8803920739936476,0.9846572614837016,False
4,x,38,0.002892875000000572,296.9124535421928,-4.174342513405367,False
4,x,39,0.008114790999997012,1.4042707167594677,0.9755275415922351,False
4,x,40,0.005282792000002701,3216.731155125697,-55.05850671331709,False
4,x,41,0.007729499999996392,745.5918439838298,-11.993552577361305,False
4,x,42,0.8988575420000018,0.0010413690165942402,0.9999818518896381,False
4,x,47,0.5471279169999974,4.499170742018048,0.9215922061612506,False
4,x,50,0.41804554200000155,753.1142324545197,-12.12464648737379,False
4,x,51,0.31035979199999986,47.21136459270533,0.17723972836591917,False
4,x,52,0.18361875000000794,944.3243820847046,-15.456897440213904,False
4,x,53,0.21315720799999838,11013.595343011224,-190.93575051808344,False
4,x,54,0.16706979100000297,6.1056122759795e-23,1.0,False
4,x,55,4.664854583000007,299.4764949824948,-4.219026488336054,False
4,x,56,1.5635367919999936,6.817601198629522,0.8811885345304347,False
4,x,57,2.257472667000002,9.114823279094791,0.8411544647840278,False
4,x,59,0.6959460839999991,0.5218319371118347,0.990905948387016,False
4,y,0,0.011461250000010637,18.194927929635504,0.9821560187609855,False
4,y,1,0.0031742499999865004,11.4442630496003,0.988776475733174,False
4,y,2,0.005852083000007724,1019.0133872304945,0.0006415065580390733,False
4,y,3,0.006245958000008045,276.4340942694495,0.7288978109149971,False
4,y,4,0.005954207999991468,0.5586037655702579,0.9994521706735291,False
4,y,5,0.06579062500000532,6.124744261457513,0.993993390789023,False
4,y,6,0.006149708999998893,0.7811481196119425,0.9992339187907118,False
4,y,7,0.004284459000004404,0.8373071206905063,0.9991788429934608,False
4,y,8,0.004678583000000458,0.11291172424950315,0.9998892661352128,False
4,y,9,0.008784165999998095,798.2429694698227,0.21715366906209543,False
4,y,10,0.002823708000008196,1.7990340371706446,0.9982356660201256,False
4,y,11,0.01833370899998954,7.647447144403079,0.9925000580437134,False
4,y,19,0.006081709000000046,1.2507670926243215,0.9987733579038358,False
4,y,20,0.006955792000013616,28.667616142000128,0.9718853294399739,False
4,y,21,0.007539458000010768,1.3683861481858046,0.9986580075034985,False
4,y,22,0.007042959000003179,1674.9345423073194,-0.6426281359888832,False
4,y,23,0.0028575000000046202,65.88596177967915,0.9353848572273747,False
4,y,24,0.006322624999995696,880.8701927746422,0.1361201729039917,False
4,y,25,0.007309874999990029,917.6325403314092,0.10006690340812219,False
4,y,26,0.03692833299999165,72.24953713340444,0.9291440235365758,False
4,y,27,0.0051358750000076725,3.470426468486609,0.9965965116743227,False
4,y,28,0.007855542000001492,2828.8804724822844,-1.7743165718271507,False
4,y,29,0.00650854100000231,10.76671838631404,0.9894409518062328,False
4,y,30,0.005128499999997871,3.942474895908974,0.9961335681927433,False
4,y,31,0.006016375000001517,1.308668582188243,0.9987165732274971,False
4,y,33,0.0038051249999995207,5.094796554363527,0.9950034726994118,False
4,y,34,0.003828249999997979,2.0836700168541693,0.997956520144909,False
4,y,35,0.003161750000003849,6.3002329272911695,0.9938212869767461,False
4,y,36,0.005666875000002847,1008.1147902357875,0.011329889664430493,False
4,y,37,0.003948750000006385,52.9456873033021,0.9480755376124328,False
4,y,38,0.002772332999995797,115.09418329000782,0.887125771792615,False
4,y,39,0.06358950000000618,19.874663122799475,0.9805086825698642,False
4,y,40,0.00539458299999751,1354.3228353394954,-0.328200439090782,False
4,y,41,0.0058565829999963626,1930.591752968073,-0.8933541893314079,False
4,y,42,2.0062545840000183,5.713652362406638e-06,0.9999999943965535,False
4,y,47,0.2977927500000135,12.427747815728594,0.9878119605790873,False
4,y,51,3.543014709000005,1297.297489120386,-0.2722750069034545,False
4,y,52,0.20534183300000564,4.685766154575508,0.9954046136551897,False
4,y,53,0.38581583300000943,1980.19319585161,-0.9419989116224154,False
4,y,54,0.16800508299999706,2.8583409921008044e-23,1.0,False
4,y,55,4.19789958299998,0.4777224223210911,0.9995314919644464,False
4,y,56,1.8883092499999918,427.1208974392438,0.58111747899352,False
4,y,57,0.4972020840000084,17.39475636188332,0.9829407564910925,False
4,y,58,0.2427210830000206,5315.779203318259,-4.213247600736997,False
4,y,59,0.3494303329999866,0.3283980735410218,0.999677936121217,False
4,z,0,0.0113689159999808,0.6495016268429685,0.8999949496622589,False
4,z,1,0.0031712500000082855,4.348439581756768,0.3304621554560786,False
4,z,2,0.0061137909999899875,6.153467050295363,0.052538505395922086,False
4,z,3,0.007016958000008344,4.650836865627818,0.2839014474521371,False
4,z,4,0.007250958000014407,0.28366883379123903,0.956322948503715,False
4,z,5,0.008143875000001799,71.48565257765978,-10.006787341247957,False
4,z,6,0.005973667000006344,0.3208613924844841,0.9505963366669035,False
4,z,7,0.005350042000003441,0.9806899857103554,0.8490012228862449,False
4,z,8,0.008896875000004911,5.1245490258129385,0.21096304904475838,False
4,z,9,0.008363792000011472,3.2248734956003577,0.5034598483949086,False
4,z,10,0.003336999999987711,4.9875632747871,0.23205501611723534,False
4,z,11,0.017846332999994274,4.598927564797529,0.2918940251886436,False
4,z,19,0.005283582999993541,0.10024059776635974,0.9845657568646341,False
4,z,20,0.00827408300000343,3.2684805910631205,0.4967455776423728,False
4,z,21,0.009154833999986067,6.494688267003503,-3.489653011001792e-10,False
4,z,22,0.005176624999990054,379.84031221738064,-57.48476427725163,False
4,z,23,0.0032219590000011067,3.3687762590214283,0.4813028552406122,False
4,z,24,0.006187583000013319,0.5718638969176868,0.9119489845228411,False
4,z,25,0.00631425000000263,5.941999538860585,0.08509857645936958,False
4,z,26,0.004434958000018696,0.33241704646577824,0.9488170897638557,False
4,z,27,0.0052485420000039085,5.227226204710689,0.19515364069251506,False
4,z,28,0.00934554200000548,71.526134440188,-10.013020413703185,False
4,z,29,0.005893749999984266,1.0373151063618213,0.8402825410429744,False
4,z,30,0.005425875000014457,4.572566813025192,0.295952842286219,False
4,z,31,0.006831790999996201,101.29324604842726,-14.596321473718616,False
4,z,33,0.003755124999997861,1.1233195882315328,0.8270402608342886,False
4,z,34,0.003972459000010531,0.09167163529032049,0.985885136968305,False
4,z,35,0.0028634589999967375,1.6769286863762585,0.7417999728360876,False
4,z,36,0.006119165999990628,6.190028469771391,0.04690907131291289,False
4,z,37,0.0037626670000179274,7.483115963833797,-0.15219016815069986,False
4,z,38,0.0029547499999864613,206.8960687420786,-30.85619698876404,False
4,z,39,0.007904333999988467,0.018223586964484215,0.997194078264937,False
4,z,40,0.004563958000005641,5392.683581135919,-829.3221588656535,False
4,z,41,0.007261749999997846,65.48152646260166,-9.082320165870573,False
4,z,42,0.3145821660000081,1.9061787196257594e-05,0.9999970650189172,False
4,z,47,0.3427825410000196,7.404882762306612,-0.14014444734960252,False
4,z,50,5.084614500000015,14807.313091225384,-2278.9112886790435,False
4,z,51,0.38212816700001895,59.507087156793325,-8.162423927240221,False
4,z,52,0.1938715000000002,1125.2587033395732,-172.25830855487962,False
4,z,53,0.31050654200001304,3597.741327521938,-552.9513492981454,False
4,z,54,0.16162908300000822,1.5530864629291514e-23,1.0,False
4,z,55,0.2220561249999946,0.6250981838182635,0.9037523960599873,False
4,z,56,4.9820151659999965,37.803645151598964,-4.82070202766373,False
4,z,57,0.6886759999999867,19.68628928242496,-2.031136904493428,False
4,z,58,0.24377137499999435,3.8458957150926807,0.40783982874528757,False
4,z,59,0.4976547079999989,0.5652368580806236,0.9129693628022799,False
5,x,0,0.011787208000015426,0.07275115569389294,0.9509920448363132,False
5,x,1,0.0034020829999974467,1.3729383147385112,0.07513635035132615,False
5,x,2,0.005423375000020769,1.3806054055894847,0.06997150532478902,False
5,x,3,0.006265500000012025,0.8204433502172565,0.44731804548958365,False
5,x,4,0.008269458000000895,0.19491670441623665,0.8686966685329727,False
5,x,5,0.009045208999992838,17.015305143193448,-10.462158966418647,False
5,x,6,0.006256707999995115,0.2058217404224713,0.861350620067425,False
5,x,7,0.005145624999983056,0.23110320208688556,0.8443200625744933,False
5,x,8,0.004818125000014106,0.13179182884078494,0.9112199940033163,False
5,x,9,0.008647292000006246,1.1566408979855438,0.2208425456845302,False
5,x,10,0.002980957999994871,1.4362106358225488,0.032513699958856446,False
5,x,11,0.01888224999999011,1.3914866775931702,0.06264146519835756,False
5,x,19,0.005396125000004304,0.006244242760265224,0.9957936397531079,False
5,x,20,0.006873541000004479,1.1763171472865246,0.20758787317335636,False
5,x,21,0.016470333000000892,1.4838812183594698,0.0004009761221904773,False
5,x,22,0.00570533300000875,471.2308592477351,-316.4390922245823,False
5,x,23,0.00341004099999509,1.2212002380542464,0.17735291018242683,False
5,x,24,0.010562832999994498,0.11355758998782119,0.9235032732395941,False
5,x,25,0.007570750000013504,1.283028143759866,0.13570327311775998,False
5,x,26,0.004301625000010745,0.2137468328924357,0.856011975303206,False
5,x,27,0.00520129099999167,1.4584782068205124,0.017513414249800463,False
5,x,28,0.009674500000016906,15.884686271552766,-9.700530942229936,False
5,x,29,0.006071749999989606,0.1261901893978772,0.9149934721294405,False
5,x,30,0.005642999999992071,1.2858018569107375,0.13383479407521726,False
5,x,31,0.005950041999994937,29.61391001715953,-18.94906005959491,False
5,x,33,0.0035468330000014703,0.2863806017157032,0.807083096415869,False
5,x,34,0.003761125000011134,0.006141442274108826,0.9958628900841617,False
5,x,35,0.003138415999984545,0.39628479755895263,0.733047435390086,False
5,x,36,0.00739887500000691,1.3536460648247626,0.08813234621918264,False
5,x,37,0.004615125000015041,43.172799923197175,-28.08284580150636,False
5,x,38,0.002943874999999707,122.88668712069737,-81.78116265211024,False
5,x,39,0.008118375000009337,0.054403969568858186,0.9633514096659086,False
5,x,40,0.004811082999992777,7383.804673707605,-4973.012645366954,False
5,x,41,0.006250290999986419,13.717171962593696,-8.24041057634779,False
5,x,42,1.6595794170000033,1.0811575765275511e-07,0.9999999271690992,False
5,x,47,0.3643385839999951,8.851623442854796,-4.962791390400984,False
5,x,50,0.3193520410000019,109.26272309246104,-72.60354049780624,False
5,x,51,0.19530941700000426,73.925280609003,-48.798890519248644,False
5,x,52,0.18992754099997455,897.5158466508811,-603.6009297286967,False
5,x,53,0.17728137499997842,10637.444356130001,-7164.788516885303,False
5,x,54,3.4057648749999885,0.0016993756195960014,0.9988552357226895,False
5,x,55,0.22569879200000287,1.7282459655113372e-23,1.0,False
5,x,56,1.1623217920000002,53.14580805412809,-34.801044717606516,False
5,x,57,1.1725672089999932,10.9282445995446,-6.361682659801967,False
5,x,59,0.20622050000000058,0.7430266901454494,0.49946886247021416,False
5,y,0,0.011618708000014522,12.644971272097951,0.985194476535962,False
5,y,1,0.004119957999989765,1.259203459635704,0.9985256458107761,False
5,y,2,0.005918750000006412,853.8387723643162,0.00027214718631263235,False
5,y,3,0.006373916000001145,280.15270775046537,0.6719796827640308,False
5,y,4,0.006124916999993957,3.073659666706135,0.9964011669669587,False
5,y,5,0.010969875000000684,3533.277015836953,-3.1369817801286946,False
5,y,6,0.006183625000005577,3.2357975517625306,0.9962113257874133,False
5,y,7,0.004415999999991982,9.926456362971226,0.9883774838681515,False
5,y,8,0.005195084000007455,2.3122617909514465,0.9972926592347053,False
5,y,9,0.009092084000002387,665.1722648208082,0.22117469763157438,False
5,y,10,0.002916583000001083,9.016540136565622,0.989442870712492,False
5,y,11,0.017607209000004787,7.629309674098379,0.9910671269262967,False
5,y,19,0.005454041999996662,0.08921146777173516,0.999895545632257,False
5,y,20,0.011965875000015558,854.0712058709795,-5.048670370655373e-10,False
5,y,21,0.008808833000017557,854.0712064732443,-1.2100360713418468e-09,False
5,y,22,0.007387582999996312,2500.0493140354956,-1.9272141457434389,False
5,y,23,0.00280116600001179,32.47125514890434,0.9619806229947959,False
5,y,24,0.0061960419999991245,9.041679099745036,0.9894134364416498,False
5,y,25,0.007285750000022517,772.5729427676099,0.09542326465650053,False
5,y,26,0.03820679199998267,13.991717079316691,0.983617622289336,False
5,y,27,0.005189749999999549,14.371237281308156,0.9831732562931823,False
5,y,28,0.009458667000018295,3721.77174254968,-3.35768319883027,False
5,y,29,0.00608616599998868,21.471280694035823,0.974860081270414,False
5,y,30,0.005205832999990889,13.06451442976716,0.984703249159372,False
5,y,31,0.006190333999995801,1.2487971255014574,0.9985378301978247,False
5,y,33,0.003503542000004245,4.867215136510508,0.9943011600139309,False
5,y,34,0.0038757079999811594,0.0023496692508391216,0.9999972488602403,False
5,y,35,0.0029048339999917516,5.197176978836621,0.993914820045759,False
5,y,36,0.006030624999993961,846.8032014380548,0.008509833788378107,False
5,y,37,0.0042730419999941205,23.283662146285966,0.9727380316793416,False
5,y,38,0.002977582999989181,148.92598432126775,0.8256281404024371,False
5,y,39,0.06292654199998537,5.007417025330588,0.9941370028711457,False
5,y,40,0.0055124579999983325,1020.1602471805429,-0.1944674409848921,False
5,y,41,0.005942750000002661,3803.040639097251,-3.452837907278407,False
5,y,42,2.6471327499999973,6.142989578692432e-08,0.9999999999280741,False
5,y,47,0.4518491249999954,450.9429972584428,0.4720077267723377,False
5,y,51,3.4991107909999926,4530.3425112596615,-4.304408440894397,False
5,y,52,0.19891941699998483,12.466039436921484,0.9854039811229763,False
5,y,53,0.22706516699997792,2148.6354466400635,-1.5157568045320842,False
5,y,54,0.2503882919999967,0.0008819270802932612,0.999998967384599,False
5,y,55,0.2510853750000024,1.956134983558337e-23,1.0,False
5,y,56,1.8321648749999895,492.3418578900991,0.42353535073626825,False
5,y,57,0.547429416,22.310641431195695,0.973877305206997,False
5,y,58,0.302651333,10872.302201747683,-11.729971614192513,False
5,y,59,0.43682129199999054,0.6253437393918577,0.9992678084269685,False
5,z,0,0.011507832999996026,0.7631424793668857,0.9820246573463142,False
5,z,1,0.003153792000006206,0.009687887331281826,0.999771807887677,False
5,z,2,0.006101583000003075,42.410141535579214,0.0010557049244634964,False
5,z,3,0.006389249999983804,15.190595104214811,0.6421950559767091,False
5,z,4,0.005608042000005753,0.31836294932056264,0.9925011603245796,False
5,z,5,0.010055957999981047,204.18224230600867,-3.8093847066321196,False
5,z,6,0.006184708999995792,0.3395024783436943,0.9920032319717462,False
5,z,7,0.004314625000006345,0.9415293755386864,0.9778228658456289,False
5,z,8,0.005758417000009786,0.15612600719221967,0.9963225497828921,False
5,z,9,0.009125457999999753,32.67428780098725,0.23037763580510895,False
5,z,10,0.0031032919999915975,0.8192102366767966,0.9807040164742381,False
5,z,11,0.017733416999988094,0.5019111897943503,0.9881777965947363,False
5,z,19,0.005312082999978429,0.01694373603007118,0.9996009009205898,False
5,z,20,0.008012915999984216,0.4980649520119438,0.9882683923143242,False
5,z,21,0.010808917000019846,0.4484289124341894,0.9894375381075478,False
5,z,22,0.004978166000000783,337.51986133273186,-6.95006872755097,False
5,z,23,0.0028700419999836413,0.9980821056415725,0.9764908017434654,False
5,z,24,0.00620437499998161,38.73176701956473,0.08769751051337582,False
5,z,25,0.00770391599999698,38.32427274868624,0.09729578258772209,False
5,z,26,0.03830683399999657,0.6308031980502009,0.9851418261483752,False
5,z,27,0.005197875000021668,1.2450997350377693,0.9706724563493241,False
5,z,28,0.009549999999990177,214.50866473198627,-4.052617112784698,False
5,z,29,0.006311665999987781,1.4071462238323864,0.9668555528998838,False
5,z,30,0.005242999999978792,1.0624254807737457,0.9749752338819371,False
5,z,31,0.00831633399999987,89.15960731250003,-1.1000986521414262,False
5,z,33,0.004056249999990769,0.5914108217315234,0.9860696888757372,False
5,z,34,0.0037524999999902775,0.0029494392943075903,0.9999305278065567,False
5,z,35,0.0032237499999894226,0.6673086354541813,0.984281963457199,False
5,z,36,0.006066791999984389,42.18441064266523,0.006372654586363602,False
5,z,37,0.004006207999992739,21.696366462636934,0.4889556903851213,False
5,z,38,0.002920958000004248,156.52402101904886,-2.6868251832663166,False
5,z,39,0.06628025000000548,0.06360410828626346,0.998501845105548,False
5,z,40,0.005022000000025173,5055.598858025044,-118.08146152206758,False
5,z,41,0.006126166000001376,218.68749687879097,-4.151046884107831,False
5,z,42,2.885516082999999,1.9282743143282004e-08,0.9999999995458071,False
5,z,47,0.3467149579999784,10.17392782034388,0.7603595086775037,False
5,z,50,5.0440495,18199.55031753535,-427.6789976258402,False
5,z,51,0.30245983300000034,78.30542722427795,-0.8444352451293171,False
5,z,52,0.21467916600002468,931.7714185664024,-20.94729159558405,False
5,z,53,0.19029683299999078,2833.2879535677257,-65.73632143265299,False
5,z,54,0.19668562499998643,0.001553286036166315,0.9999634133212418,False
5,z,55,0.19464800000000082,2.27275216229258e-23,1.0,False
5,z,56,3.91020583400001,41.22199353976349,0.0290417860633303,False
5,z,57,0.5083660420000058,12.929422623569401,0.695455556129192,False
5,z,58,0.34507825000000025,3.5956098633793756,0.9153076639150833,False
5,z,59,0.8802917079999872,0.6452671924077749,0.9848011358294008,False
6,x,0,0.013232874999999922,14.904417222926645,0.9829603851911286,False
6,x,1,0.003375707999992983,123.36758698403706,0.858958848865669,False
6,x,2,0.006321208000002798,866.9420165460301,0.008860406776118546,False
6,x,3,0.0064960420000090835,139.27589992221118,0.8407715208627666,False
6,x,4,0.006783041000005596,1.043194376648117,0.998807358242661,False
6,x,5,0.06363729200000989,104.00357348544891,0.8810969389522894,False
6,x,6,0.0061697499999979755,0.7795864411559172,0.999108730487826,False
6,x,7,0.005146875000008322,3.928529501775614,0.9955086717934484,False
6,x,8,0.0049682499999903484,17.423760113823867,0.9800801227970833,False
6,x,9,0.008080832999979748,710.4862339653574,0.187729947927604,False
6,x,10,0.004655582999987473,60.68786622169196,0.9306180276274573,False
6,x,11,0.018037624999976742,96.74281472212772,0.8893978695218401,False
6,x,19,0.0060027080000111255,4.712595424125753,0.994612281072377,False
6,x,20,0.0070460409999952844,139.14708068295806,0.8409187946664998,False
6,x,21,0.06741550000000984,10.865224685879603,0.9875782299508874,False
6,x,22,0.006569000000013148,474.2503408970656,0.4578088488135379,False
6,x,23,0.002872999999993908,231.57732299349954,0.7352470530542499,False
6,x,24,0.06194533300001126,22.60700001506062,0.9741543351558739,False
6,x,25,0.061551291000000674,10.86492315289409,0.9875785746813017,False
6,x,26,0.006610583999986375,1050.1271973957928,-0.20056776969574663,False
6,x,27,0.00512741699998287,41.474204693802896,0.9525842264131199,False
6,x,28,0.007403708999987657,1063.3792048271268,-0.21571825150907697,False
6,x,29,0.008321207999983926,7.123442023399931,0.9918560580815364,False
6,x,30,0.0052011660000061966,38.16868500589373,0.9563632928054959,False
6,x,31,0.005756291000011515,3.317418338841152,0.9962073303633244,False
6,x,33,0.003643541000002415,10.333136553660658,0.9881865446995806,False
6,x,34,0.003783416000004536,5.984657695561652,0.9931579839473057,False
6,x,35,0.0031493749999924603,18.069081209260204,0.9793423534009502,False
6,x,36,0.0060340830000029655,843.5302945475934,0.035626077576859205,False
6,x,37,0.004354208000023618,241.68210449794773,0.7236946668060477,False
6,x,38,0.0028170420000037666,21.740479271901446,0.9751449931243463,False
6,x,39,0.06412341699999047,145.59683932269684,0.8335450475962498,False
6,x,40,0.005612208000002283,1691.531529358991,-0.9338592892448963,False
6,x,41,0.0073615839999945365,1090.2504159827822,-0.24643901574237348,False
6,x,42,2.362482833999991,0.0002334244397657778,0.9999997331353194,False
6,x,47,0.3782632909999961,11.257328665068105,0.9871299533983415,False
6,x,50,0.9718833340000117,188.28644359796198,0.7847397570361649,False
6,x,51,0.21731620799999973,35.588346136095325,0.959313289424625,False
6,x,52,0.261967999999996,380.9332977293598,0.5644944338248443,False
6,x,53,0.20143025000001558,5679.664626433639,-5.49332986526513,False
6,x,54,2.7736085839999873,0.00021751359539113452,0.9999997513255415,False
6,x,55,0.4919460410000056,12.359506386596696,0.9858698783786436,False
6,x,56,0.2525952910000058,3.954210535669126e-24,1.0,False
6,x,57,2.5395912079999903,14.973478262012627,0.9828814305103301,False
6,x,59,0.7931540419999976,0.6160408613829591,0.9992957055061271,False
6,y,0,0.021839666999994733,26.528155766388018,0.9361499434273399,False
6,y,1,0.00530162500001552,153.89536351741418,0.6295925071690398,False
6,y,2,0.012108041999994157,397.2293350967426,0.043917121808257575,False
6,y,3,0.012232957999998462,290.2023147749448,0.3015181914992189,False
6,y,4,0.01233229100000699,4.401351122289098,0.9894064811504776,False
6,y,5,0.01089370799999756,2311.3296557811414,-4.5630904228434455,False
6,y,6,0.008551417000006722,4.257841050526931,0.9897518925044161,False
6,y,7,0.006211874999991096,6.558076346432674,0.9842155048615141,False
6,y,8,0.006703208000004679,42.54544023757854,0.8975982804835593,False
6,y,9,0.009938874999988911,293.3760177277884,0.2938794730421824,False
6,y,10,0.0034670830000038677,200.4463959330573,0.5175498126286029,False
6,y,11,0.023487667000011925,171.00610403142556,0.5884090280218013,False
6,y,19,0.006922290999995084,3.7508160357340796,0.9909722402799406,False
6,y,20,0.00921091600000068,101.66004943010297,0.7553165789415419,False
6,y,21,0.012633499999992637,25.08111758020365,0.9396327890071198,False
6,y,22,0.009338458000001992,2441.044438129336,-4.875298186706795,False
6,y,23,0.005773541000024807,95.14777351508114,0.7709908379911574,False
6,y,24,0.011362084000012374,10.068207012587072,0.9757670456627273,False
6,y,25,0.011739541999986614,24.66824021985385,0.9406265347860594,False
6,y,26,0.00844987499999661,6.968678967270276,0.983227234104955,False
6,y,27,0.009837666999999328,219.82893806686016,0.47089838225162484,False
6,y,28,0.014350084000000152,2207.617840296783,-4.313468649500272,False
6,y,29,0.013907957999975906,28.5577730811311,0.9312649004749236,False
6,y,30,0.009232125000011138,194.9232537741917,0.5308433465782652,False
6,y,31,0.010266375000014705,103.96185824721297,0.7497764040237611,False
6,y,33,0.005720624999980828,6.472038616568496,0.9844225872522987,False
6,y,34,0.005766666999988956,4.261635138968343,0.9897427605932588,False
6,y,35,0.004897792000008394,12.853333439662974,0.9690635838202678,False
6,y,36,0.009736082999978635,393.68503639315793,0.0524478193330743,False
6,y,37,0.010077375000008715,630.647030434796,-0.5178909881726879,False
6,y,38,0.10857774999999492,6.166591991478738,0.9851577602686085,False
6,y,39,0.009398250000003827,3.1793859431178477,0.9923476032739672,False
6,y,40,0.006504457999994884,15513.098209093905,-36.33814770203076,False
6,y,41,0.009133250000019189,2134.1636346775895,-4.136673276855946,False
6,y,42,0.4434688329999972,0.006676061726441033,0.9999839315283479,False
6,y,47,0.591904833000001,0.3567294189843986,0.9991413955126068,False
6,y,51,3.743792124999999,2390.5720473446067,-4.753817257714161,False
6,y,52,0.30702833399999463,4.024561515300369,0.9903133680797492,False
6,y,53,0.4549128750000193,501.84007825791554,-0.20786826153195692,False
6,y,54,0.43323608299999705,0.0009054576059105984,0.9999978206732548,False
6,y,55,4.192302291000004,0.288246092297011,0.9993062265819725,False
6,y,56,0.2210094579999975,1.3722988102823289e-21,1.0,False
6,y,57,2.453220625,7.83476691567465,0.9811426653550767,False
6,y,58,0.37052933300000745,4259.47343688908,-9.252036451765028,False
6,y,59,4.1476719579999894,0.29826717715033807,0.9992821070449629,False
6,z,0,0.019849542000002884,10.38926482556949,0.9674453140993923,False
6,z,1,0.004946582999991733,4.488372514566197,0.9859357173130281,False
6,z,2,0.012175250000012738,294.78775247643915,0.07628471789479929,False
6,z,3,0.01128024999999866,146.10820966106243,0.5421709858324562,False
6,z,4,0.14253224999998793,1.008467051865761,0.9968399758148622,False
6,z,5,0.028376542000017935,1021.7545405853957,-2.2016604345682316,False
6,z,6,0.1939453340000057,0.9307358467632261,0.9970835459816906,False
6,z,7,0.011079915999999912,1.0077581939982059,0.9968421970158435,False
6,z,8,0.01718579199999226,30.53712474205544,0.9043121413327919,False
6,z,9,0.019219833999983393,216.44339994503977,0.3217761777398783,False
6,z,10,0.006381458999982215,15.725219437790534,0.9507251390632119,False
6,z,11,0.03659691699999712,7.713737147733262,0.9758290606524662,False
6,z,19,0.010484791999999743,0.9479437040455673,0.9970296252858324,False
6,z,20,0.01370975000000385,0.4083710550022683,0.9987203722640914,False
6,z,21,0.013580332999993061,0.777148807498113,0.997564809854123,False
6,z,22,0.007996625000004087,1020.1327686702841,-2.1965786240469574,False
6,z,23,0.006607666999997264,1.9853702958572115,0.9937788565925323,False
6,z,24,0.012808167000002868,295.1680805548104,0.07509296262256082,False
6,z,25,0.00939858300000651,282.14537458488144,0.11589951722915837,False
6,z,26,0.010221041999983527,1.0509628802206528,0.9967068154452492,False
6,z,27,0.011642542000004141,22.578538314762206,0.9292503141201208,False
6,z,28,0.01569833399997833,892.850130426546,-1.7977394012342462,False
6,z,29,0.010190417000018215,8.00854688560812,0.9749052764792747,False
6,z,30,0.010784499999999753,19.25198729776626,0.9396740375797559,False
6,z,31,0.012737624999999753,7.058665390697518,0.9778817232470487,False
6,z,33,0.006088417000000845,1.0179558827641912,0.9968102426321347,False
6,z,34,0.007481832999985727,1.2905106418491983,0.9959561942734009,False
6,z,35,0.0063367919999848255,0.93071478424651,0.9970836119809338,False
6,z,36,0.013767624999985628,318.4944576241729,0.0019999294347567975,False
6,z,37,0.018389625000025944,122.64538678396804,0.6156915709681354,False
6,z,38,0.007249124999987089,89.15673531875895,0.7206280171930537,False
6,z,39,0.02093945900000449,0.8715263589548777,0.9972690784818529,False
6,z,40,0.01038116600000194,11252.376813008392,-34.25924104670123,False
6,z,41,0.01444704100001104,1131.0784404593924,-2.5442260810871464,False
6,z,42,4.345237209000004,0.00039433387859377257,0.9999987643576544,False
6,z,47,0.44457137500000954,169.7310106524696,0.4681491104370844,False
6,z,50,5.3447107089999975,2069.2149427505765,-5.4838699997616445,False
6,z,51,0.337431582999983,41.29302342162983,0.8706086109125717,False
6,z,52,0.169817624999979,388.84824330612946,-0.21845314720237852,False
6,z,53,0.21910495800000263,2426.9699802049995,-6.604892812177101,False
6,z,54,0.1998150839999937,0.001014588574877689,0.9999968207940669,False
6,z,55,0.9460433330000058,0.7390121101187915,0.9976843109184731,False
6,z,56,0.25822008299999766,5.231995142062385e-23,1.0,False
6,z,57,0.29874312499998723,29.9323062452295,0.9062073357013661,False
6,z,58,0.2092872499999885,7.27638956527123,0.9771994861267886,False
6,z,59,0.5611604999999997,1.5817714909546416,0.995043530517402,False
7,x,0,0.014958000000007132,0.007027685230090427,0.9927895754814398,False
7,x,1,0.003254333999990422,0.06358773380272537,0.9347588089279074,False
7,x,2,0.005603874999991376,0.9331192456864723,0.04261706841534174,False
7,x,3,0.006526665999984971,0.436935348832926,0.5517031214259345,False
7,x,4,0.0061407909999786625,0.2214771649501815,0.7727638150865997,False
7,x,5,0.009350082999986853,12.027991264064498,-11.340752364391687,False
7,x,6,0.005826208000001998,0.23021943148163598,0.7637942254020349,False
7,x,7,0.005018167000002904,0.30913368841071936,0.6828279791351821,False
7,x,8,0.00913570899999172,0.19065692964238026,0.8043854619098891,False
7,x,9,0.009566375000019889,0.6071989263189306,0.3770122191546801,False
7,x,10,0.0036364999999989323,0.11765112428960074,0.8792896204881675,False
7,x,11,0.01908624999998665,0.07715987219208645,0.9208337573343996,False
7,x,19,0.005229166999981771,0.0024842794677346776,0.9974511223826,False
7,x,20,0.00754754199999752,0.01191334889582368,0.9877768710230773,False
7,x,21,0.012133041999987881,0.007556832630483563,0.9922466687824615,False
7,x,22,0.005375167000011061,386.2750559921109,-395.31927774857184,False
7,x,23,0.0029063750000091204,0.012214005665245605,0.9874683963445832,False
7,x,24,0.008209790999984534,0.9505078753484323,0.024776286201317332,False
7,x,25,0.00668795800001476,0.907778986393712,0.06861624466314342,False
7,x,26,0.004491583999993054,0.25457113357074657,0.7388093115842971,False
7,x,27,0.005054166999997278,0.14951632096272272,0.8465958404086538,False
7,x,28,0.009506666999982372,12.141369409213766,-11.457078655465851,False
7,x,29,0.005709332999998651,0.03362476551771251,0.9655008974104787,False
7,x,30,0.005298041000003195,0.10300497090437011,0.8943166144433453,False
7,x,31,0.0066601670000068225,59.235172782929055,-59.77545140559573,False
7,x,33,0.003979624999999487,0.302267578857343,0.6898726265617356,False
7,x,34,0.0038934579999931884,0.003687404564491868,0.9962167126996778,False
7,x,35,0.002944665999990548,0.3376428362856799,0.6535775144216067,False
7,x,36,0.0058449160000009215,0.9746413662956359,1.5257619801478661e-05,False
7,x,37,0.003911958000003324,23.57313100172356,-23.18609772479422,False
7,x,38,0.0029140830000073947,163.2403082428572,-166.4850085675341,False
7,x,39,0.008042875000001004,0.0043740800503136515,0.9955121817485669,False
7,x,40,0.004526208999976689,6235.878574725641,-6397.02869619812,False
7,x,41,0.007797667000005504,12.33576206689766,-11.656526060877606,False
7,x,42,2.7253527919999954,1.1981452200009127e-12,0.9999999999987707,False
7,x,53,0.24682949999998982,1091.455543234267,-1118.8364115909023,False
7,x,57,0.1384140830000149,2.2089576570091458e-23,1.0,False
7,y,0,0.011073084000003064,2.1674119500230327,0.9960100827078455,False
7,y,1,0.0033345000000224445,0.6093890150456349,0.9988781958276304,False
7,y,2,0.006136416999993344,543.0066780169567,0.00039688608701871075,False
7,y,3,0.006300207999998975,188.11502650168444,0.6537052417999266,False
7,y,4,0.0058333749999803786,65.51601729628462,0.8793937210133207,False
7,y,5,0.009571542000003319,4332.7054549146105,-6.975934808420823,False
7,y,6,0.00629474999999502,68.86908462043917,0.8732211697831496,False
7,y,7,0.004668958000024759,116.06788674650679,0.7863344490701004,False
7,y,8,0.008623207999988836,47.034399534523786,0.9134159226044194,False
7,y,9,0.008827458000013166,428.1347660068398,0.2118608065047073,False
7,y,10,0.003053332999996883,6.518718107638624,0.9879999064782901,False
7,y,11,0.018112875000014128,5.151148232268554,0.9905174208317155,False
7,y,19,0.005377624999994168,0.07889775592390982,0.9998547597189958,False
7,y,20,0.006234292000016239,15.522769630597642,0.9714246445071993,False
7,y,21,0.007697916000012128,4.626949787671797,0.9914824004880262,False
7,y,22,0.00627074999999877,3995.401250980446,-6.355002605855901,False
7,y,23,0.00310258399997565,19.706806236055982,0.963722389288505,False
7,y,24,0.007399625000005017,6.350111761408965,0.9883102883493421,False
7,y,25,0.0075282500000071195,487.58522636025856,0.10242041157280157,False
7,y,26,0.00443937500000402,98.05246857081286,0.81949843919382,False
7,y,27,0.005284082999992279,10.244505908475462,0.981141226395208,False
7,y,28,0.007332040999983747,4467.30304027946,-7.22371107140753,False
7,y,29,0.006178625000018201,14.63119732654371,0.9730659106048201,False
7,y,30,0.005447582999977385,8.091083026240472,0.9851053916730912,False
7,y,31,0.006134374999987813,27.58868800154837,0.9492128926741114,False
7,y,33,0.0037097080000023652,104.50477545472579,0.8076205999071362,False
7,y,34,0.003940249999999423,7.203764874244964e-06,0.9999999867388264,False
7,y,35,0.003072957999989967,112.01116765093093,0.7938023296770518,False
7,y,36,0.005861041000002842,538.2172749364727,0.009213540516610386,False
7,y,37,0.006168500000001131,244.20244413586542,0.5504557614745407,False
7,y,38,0.0028802919999861842,154.12521101699681,0.7162759739388062,False
7,y,39,0.06178037499998368,2.811829575519277,0.9948237955198888,False
7,y,40,0.006687916999993604,20371.890640548525,-36.50194269240852,False
7,y,41,0.006133042000016076,4676.308727708744,-7.608462759439828,False
7,y,42,2.9499594170000023,6.052349646788073e-07,0.9999999988858429,False
7,y,53,0.1958197499999983,212.2950572501126,0.6091930193740256,False
7,y,57,0.14002041699998813,4.0148841578142464e-23,1.0,False
7,y,58,0.3719417919999728,444.54145247165934,0.18165827761662456,False
7,z,0,0.011655000000018845,0.23573371491778716,0.9916541228132749,False
7,z,1,0.00366391699998303,0.3284677352264255,0.9883709830010632,False
7,z,2,0.006296292000001813,28.201989675368463,0.0015414539494338353,False
7,z,3,0.006924333000000615,8.565021598135129,0.6967654016540956,False
7,z,4,0.0681334159999949,0.20584092909794022,0.9927124420244601,False
7,z,5,0.013260333000005176,103.81636625643223,-2.675497342628401,False
7,z,6,0.07124699999999962,0.2028819457134307,0.9928172013794522,False
7,z,7,0.004535083000007489,0.39032821102009085,0.9861808850175552,False
7,z,8,0.008505082999988645,4.430535707458741,0.8431420516206336,False
7,z,9,0.009320833999993283,22.921600050401707,0.18848748889992417,False
7,z,10,0.0032357919999981277,0.18533616242233397,0.9934383893692289,False
7,z,11,0.01897466700000905,0.4137283336423637,0.985352430973008,False
7,z,19,0.007945583000008583,0.001866481751814165,0.9999339193908799,False
7,z,20,0.006905917000011641,1.138666836923327,0.9596868289252855,False
7,z,21,0.008815625000011096,0.1495048708942028,0.9947069544475836,False
7,z,22,0.007117958000009139,410.711893732221,-13.5407754907346,False
7,z,23,0.0032431250000115597,1.9609739573789071,0.9305740045696975,False
7,z,24,0.00806558300001825,24.54731595835043,0.13093091362185216,False
7,z,25,0.007957750000002761,25.336959898821455,0.10297449105110879,False
7,z,26,0.03672995899998455,1.1281125310078028,0.960060491814333,False
7,z,27,0.0056161660000100255,0.17935846281538945,0.9936500228506598,False
7,z,28,0.008411499999994021,109.07113000991629,-2.8615361234923373,False
7,z,29,0.006623332999993181,0.47463177408005147,0.9831962157098698,False
7,z,30,0.005535124999994423,0.23080919542377387,0.9918284696813715,False
7,z,31,0.0064137909999999465,43.94864840401898,-0.5559506294227805,False
7,z,33,0.003895583000002034,0.20603657275919857,0.992705515488857,False
7,z,34,0.00417995800000881,0.0006530548677981124,0.9999768793542123,False
7,z,35,0.002962958000011895,0.2028816449025531,0.9928172120293104,False
7,z,36,0.006132207999996808,27.85343591040111,0.013881593400435266,False
7,z,37,0.006245124999992413,28.206559504609714,0.001379664475980591,False
7,z,38,0.0031163330000083533,165.4283494895156,-4.856797736902535,False
7,z,39,0.06763879100000736,0.6002265669338925,0.978749678578701,False
7,z,40,0.005828750000006266,8096.848834148262,-285.6594877735084,False
7,z,41,0.005742542000007234,44.85942028082276,-0.5881954452802765,False
7,z,42,5.198298457999982,2.0745529426156728e-11,0.9999999999992655,False
7,z,53,0.5085284589999901,723.4886093486773,-24.6142702443915,False
7,z,57,0.2381999170000313,9.347277362047414e-24,1.0,False
7,z,58,0.405396082999971,7.262694803323366,0.7428727626239546,False
8,x,0,0.01183400000002166,0.4003924586286324,0.996988139638991,False
8,x,1,0.0031740410000224983,0.2356111358279754,0.9982276693146442,False
8,x,2,0.0058939589999909,132.83888504256586,0.0007499800803638657,False
8,x,3,0.006807415999958266,44.83018648997181,0.6627752127793667,False
8,x,4,0.005772582999952647,19.146444710383417,0.8559752646816452,False
8,x,5,0.009184333999996852,1142.0097016254565,-7.5905058351851675,False
8,x,6,0.006145833000005041,20.125207700107588,0.8486127447638885,False
8,x,7,0.004680875000019569,33.59075491191486,0.7473212568436485,False
8,x,8,0.0059449170000220874,13.436321447794612,0.8989283561808483,False
8,x,9,0.008980582999981834,105.79543044921725,0.2041781595056913,False
8,x,10,0.003326875000027485,1.4301222962002658,0.9892422333076063,False
8,x,11,0.01908425000004854,1.27714322856909,0.9903929832279234,False
8,x,19,0.006019707999996626,0.018699083946293663,0.999859340433339,False
8,x,20,0.011977957999988575,132.9385863342639,-2.682298827494378e-13,False
8,x,21,0.009167708999996194,1.0936830773040915,0.991773020103024,False
8,x,22,0.005586459000028299,967.9534939833129,-6.2812079673370995,False
8,x,23,0.00529433400004109,5.296834244594427,0.960155780269264,False
8,x,24,0.008433540999988054,118.81533570267041,0.10623891092124049,False
8,x,25,0.00862266600000794,119.22873107457997,0.10312923912986105,False
8,x,26,0.006112374999986514,28.559866902332658,0.7851649570687566,False
8,x,27,0.006091458000014427,2.2234294964751666,0.9832747619950981,False
8,x,28,0.008343874999980017,1179.833471078166,-7.875026458547405,False
8,x,29,0.008755583999970895,3.4116412954645865,0.9743367114880611,False
8,x,30,0.007787832999952116,1.8100684052112221,0.986384175918191,False
8,x,31,0.011033583000028102,292.00395867676065,-1.196532750413167,False
8,x,33,0.004641959000025508,30.5157976876116,0.77045191671521,False
8,x,34,0.003984207999963019,6.385307388837483e-05,0.999999519679909,False
8,x,35,0.0030854999999974098,32.645903923367925,0.754428681516959,False
8,x,36,0.006264166999983445,131.4926194801789,0.010876953741737583,False
8,x,37,0.0040191670000240265,22.28984242587421,0.8323297769254587,False
8,x,38,0.0029818749999890315,154.79834077018603,-0.16443498489594877,False
8,x,39,0.06658099999998512,0.8652109277267497,0.9934916494030448,False
8,x,40,0.006765708999978415,1015.9481237578693,-6.642236552776489,False
8,x,41,0.006919165999988763,1237.122556932527,-8.30597045632941,False
8,x,42,1.9824947920000113,3.287268093818056e-09,0.9999999999752723,False
8,x,53,0.18420974999997952,15.918718498361025,0.8802550941956092,False
8,x,57,0.4915079589999891,0.19680390487376515,0.9985195878014005,False
8,y,0,0.011423333000038838,1.5142048250980777,0.9963210314450972,False
8,y,1,0.0031645000000253276,0.7009781883464652,0.998296877232291,False
8,y,2,0.005621833000020615,411.27794136681933,0.000743764295096927,False
8,y,3,0.006538459000012153,138.57870506112863,0.6633040062687514,False
8,y,4,0.005919750000032309,44.903325043942104,0.8909012056301271,False
8,y,5,0.011463291999973535,3194.1208242884068,-6.760555162909536,False
8,y,6,0.00625999999999749,47.17098610456802,0.8853916116855429,False
8,y,7,0.004805833999967035,79.7440802644809,0.806250806449734,False
8,y,8,0.005716083000038452,31.878235190323625,0.9225474500496313,False
8,y,9,0.009177000000022417,327.1307163829912,0.20519100258585288,False
8,y,10,0.003010042000028079,4.364028630384732,0.9893969931691102,False
8,y,11,0.018318082999996932,3.8311889112239697,0.9906916004369669,False
8,y,19,0.005705374999990909,0.045814597565879384,0.9998886871439011,False
8,y,20,0.010510332999956518,411.584062897448,-5.220268661787486e-13,False
8,y,21,0.007819124999969063,3.2873222282412202,0.9920129992276644,False
8,y,22,0.007118375000004562,2537.786588636913,-5.165901008831245,False
8,y,23,0.002910625000026812,16.286130770009827,0.960430608864279,False
8,y,24,0.0063633749999780775,367.85669074363017,0.10624165533960717,False
8,y,25,0.007941541000036523,369.4543964618068,0.10235980989853233,False
8,y,26,0.004550917000017307,67.39135533591798,0.8362634479539004,False
8,y,27,0.005098416999999245,6.865259680031682,0.9833199088621032,False
8,y,28,0.007720790999997007,3310.749581862941,-7.043920745030377,False
8,y,29,0.0062542499999835854,10.453192695019288,0.9746025329031525,False
8,y,30,0.005314624999982698,5.584954838208925,0.9864305852882272,False
8,y,31,0.0074152079999976195,10.91314039119084,0.9734850268147635,False
8,y,33,0.0037143750000154796,71.17699982229385,0.8270657048252479,False
8,y,34,0.0037701249999599895,0.0009615455783222951,0.9999976637929769,False
8,y,35,0.002862917000015841,76.12648328862068,0.8150402550751136,False
8,y,36,0.0056901660000221455,407.12733686599967,0.010828227895564257,False
8,y,37,0.003914541000028748,21.497217698404587,0.9477695575793659,False
8,y,38,0.0029185829999960333,154.09706486682862,0.6256000201220024,False
8,y,39,0.06610912500002541,2.6232679878998715,0.9936264101932565,False
8,y,40,0.005440125000006901,749.8420155511135,-0.821844145939,False
8,y,41,0.005625249999980042,3461.585120491247,-7.410396399035392,False
8,y,42,2.923779833000026,1.3086616910558904e-07,0.9999999996820427,False
8,y,53,0.14391120800002,97.98592446072774,0.7619297409841803,False
8,y,57,0.5596394169999712,0.32544635794743,0.9992092833827031,False
8,y,58,0.11944199999999228,2.3119228208741835e-23,1.0,False
8,z,0,0.011020458000018607,0.04698474787952622,0.9943077425055128,False
8,z,1,0.0030894999999873107,0.8775288224151986,0.8936863505401921,False
8,z,2,0.0054099159999623225,7.904900595883978,0.042311990787460285,False
8,z,3,0.005955959000004896,4.299954271915304,0.47905548002466425,False
8,z,4,0.005441374999975324,12.513800189530928,-0.5160616184643134,False
8,z,5,0.008837875000040185,300.01854001371845,-35.34759916680019,False
8,z,6,0.006061999999985801,13.136920860129802,-0.5915534209590525,False
8,z,7,0.004977499999995416,19.46475109811821,-1.3581775005090808,False
8,z,8,0.008923124999967058,16.105102226584112,-0.9511520862859126,False
8,z,9,0.008459625000000415,5.150818139969115,0.37597232116348556,False
8,z,10,0.0027953339999839955,1.4872964835919464,0.8198122808499781,False
8,z,11,0.017786749999970652,1.0796517770477325,0.8691989167400784,False
8,z,19,0.0052006669999968835,0.0010994253401857264,0.9998668033262975,False
8,z,20,0.01007591699999466,8.254150124912345,-6.305913569093491e-10,False
8,z,21,0.009581249999996544,8.254150127459765,-9.39214261919119e-10,False
8,z,22,0.004730583999958071,528.5238585999784,-63.03128740511899,False
8,z,23,0.002760667000018202,0.24782116952987732,0.9699761736901068,False
8,z,24,0.007782958000007056,8.186599160602057,0.008183878185594184,False
8,z,25,0.006279167000002417,7.643151156245066,0.07402324341103039,False
8,z,26,0.00431883400000288,16.04313315157418,-0.9436444599269034,False
8,z,27,0.005046999999990476,1.7916161691859904,0.782943592834787,False
8,z,28,0.008646041999952558,316.8798651957487,-37.390368554017,False
8,z,29,0.00573933299995133,0.48153118308572623,0.941661930531644,False
8,z,30,0.005620499999963613,1.0419123543863116,0.8737710922050382,False
8,z,31,0.008587874999989253,152.44434604628455,-17.468811911030457,False
8,z,33,0.0037235839999993914,19.630382343870103,-1.3782439208370127,False
8,z,34,0.004018333000033181,0.0026303717042344475,0.9996813273727656,False
8,z,35,0.0028925000000299406,21.585482209155046,-1.615106570162594,False
8,z,36,0.0070912500000304135,8.201205382574594,0.006414317205880371,False
8,z,37,0.003756209000016497,13.411007780286692,-0.6247593738653958,False
8,z,38,0.0029205420000266713,183.04007709124215,-21.175520730380402,False
8,z,39,0.008320667000020876,0.013087270697949183,0.9984144617546146,False
8,z,40,0.004671416000007866,4327.411093039537,-523.2709461641055,False
8,z,41,0.0074450410000395095,303.770978772612,-35.80221153808893,False
8,z,42,2.9656531660000383,6.730740566212337e-08,0.9999999918456286,False
8,z,53,0.20023295800001506,50.6860523988692,-5.140674892482603,False
8,z,57,0.18589008300000387,0.37063442385025447,0.9550972034097926,False
8,z,58,0.12461837500001138,3.16554333232751e-23,1.0,False
9,x,0,0.012176416999977846,8.354856939491459,0.9875176033908348,False
9,x,1,0.003205083000011655,2.130825904222998,0.9968164848022864,False
9,x,2,0.006161125000005541,669.0506976106772,0.00041901139680955435,False
9,x,3,0.006679292000001169,204.45400139820987,0.694539840446555,False
9,x,4,0.006193958000039856,1.5837496628470797,0.9976338324444737,False
9,x,5,0.012135041000021829,2542.802835359369,-2.799020584043329,False
9,x,6,0.0062631250000322325,1.6360653697524277,0.9975556712734074,False
9,x,7,0.004183749999981501,4.152725454281653,0.9937957087111446,False
9,x,8,0.005283374999976331,1.2525327420671584,0.9981286800521327,False
9,x,9,0.008696125000028587,520.119883190699,0.222925932386566,False
9,x,10,0.0028995000000122673,4.3629180295083065,0.9934816749572117,False
9,x,11,0.017692042000021502,4.821902116492182,0.9927959395278058,False
9,x,19,0.005756249999990359,0.01969426220309516,0.9999705762057298,False
9,x,20,0.006876417000000856,14.541728107243792,0.9782742398904187,False
9,x,21,0.008022874999994656,3.408984990010073,0.9949068783597165,False
9,x,22,0.007468958999993447,1691.7988195418247,-1.5275961038447017,False
9,x,23,0.0029012919999900078,30.184725422731045,0.9549031519038538,False
9,x,24,0.0066095839999888994,585.2337320430465,0.1256439690913671,False
9,x,25,0.007039707999979328,606.2082411099267,0.09430744917828549,False
9,x,26,0.035883582999986174,15.203169113390654,0.9772860279997682,False
9,x,27,0.005538583000031849,7.6508352112291185,0.9885694321052323,False
9,x,28,0.0078042499999924075,2676.1894363773395,-2.998304003054943,False
9,x,29,0.006303250000030403,12.712492365458678,0.9810071707097,False
9,x,30,0.005363249999959407,6.954643098451201,0.9896095631488641,False
9,x,31,0.007162832999995317,7.106405132412288,0.9893828263044351,False
9,x,33,0.0035871669999778533,1.803909094860237,0.9973049079197882,False
9,x,34,0.004124959000023409,0.1898417038187794,0.9997163710333776,False
9,x,35,0.00309983300002159,1.8225048349822905,0.9972771253491081,False
9,x,36,0.005913541999973404,662.9507135279657,0.00953256309272088,False
9,x,37,0.0038794160000179545,29.1540146733272,0.9564430634135979,False
9,x,38,0.0029706249999890133,140.54102779971726,0.7900276615672901,False
9,x,39,0.06321537499997021,5.81910175206565,0.991306094586128,False
9,x,40,0.005265624999992724,1134.3692167691886,-0.6947802418987865,False
9,x,41,0.006125832999998693,2603.468054788945,-2.889656167008568,False
9,x,42,2.6478411660000347,1.4159005901989442e-08,0.999999999978846,False
9,x,47,0.3370571250000012,218.57926497673398,0.6734362903231866,False
9,x,50,0.33548037500003147,140.10487484566565,0.7906792866273191,False
9,x,51,0.19188700000000836,63.782771981857834,0.9047067038399873,False
9,x,52,0.19772550000004685,889.0322762368055,-0.3282397952121192,False
9,x,53,0.22301329200001874,10527.24244950963,-14.728003053469019,False
9,x,54,3.483476875000008,0.00036972930904701786,0.9999994476137763,False
9,x,55,0.2657339999999522,1.338563192147775,0.9980001480849012,False
9,x,56,0.5436784999999986,100.9126376174946,0.8492336164770766,False
9,x,57,2.6320005829999786,8.063496037932168,0.9879529049592526,False
9,x,59,0.1685422909999943,4.6572377771989907e-23,1.0,False
9,y,0,0.011432167000009485,5.006797569673949,0.9738706261491092,False
9,y,1,0.003733415999988665,0.6270878004159021,0.9967273668754563,False
9,y,2,0.006434041000034085,191.5927021284201,0.00011988274935159637,False
9,y,3,0.006512708000002476,75.08635708194403,0.6081408389308289,False
9,y,4,0.005730667000023004,1.558517489965974,0.9918664404578424,False
9,y,5,0.00949049999996987,992.4163467347495,-4.179202350147388,False
9,y,6,0.006658833000017239,1.6706883928163598,0.9912810452196722,False
9,y,7,0.0044043330000249625,7.503247857624765,0.9608422018986199,False
9,y,8,0.005450917000018762,1.3655309026042597,0.9928735949551453,False
9,y,9,0.009261417000004712,153.17044053404592,0.20063720413598496,False
9,y,10,0.0029201670000134072,5.542300442528867,0.9710759545914246,False
9,y,11,0.01785958299996082,4.094275574307552,0.9786328774748887,False
9,y,19,0.005153584000026967,0.7373062296263059,0.9961521611672127,False
9,y,20,0.009402625000006992,191.6156739994972,-2.3866213449963425e-09,False
9,y,21,0.009138082999982089,191.61567357668372,-1.800508631077946e-10,False
9,y,22,0.0047969999999963875,738.0057260497686,-2.8514893505687082,False
9,y,23,0.0030917500000100517,4.716386311409121,0.9753862185476657,False
9,y,24,0.006560624999963238,177.64971950574372,0.0728852383433285,False
9,y,25,0.008819666000022153,170.07200599442763,0.11243165629148189,False
9,y,26,0.006833583000002363,5.121524691137472,0.9732718905689622,False
9,y,27,0.005141667000032157,7.355956708403531,0.9616108819679401,False
9,y,28,0.008753333000015573,1040.5308399470707,-4.4303012937926685,False
9,y,29,0.006450208000046587,9.393313446449605,0.9509783658465615,False
9,y,30,0.00525495800002318,6.79664716971418,0.964529795271586,False
9,y,31,0.008042957999975897,197.47710000560238,-0.030589493829318082,False
9,y,33,0.0036026249999849824,5.084552459613803,0.9734648405027553,False
9,y,34,0.0038664580000045135,0.48897150612540874,0.9974481653975046,False
9,y,35,0.00290612499998133,5.825933857369073,0.969595734264992,False
9,y,36,0.006299708000028659,190.12977740512582,0.007754564694992028,False
9,y,37,0.003810165999993842,16.61080465590298,0.913311868758762,False
9,y,38,0.0029942080000182614,163.37387311045117,0.14738773665879024,False
9,y,39,0.06640329200001815,0.8981382327753223,0.9953128143633949,False
9,y,40,0.00622012500002711,1206.460522753062,-5.296251765059639,False
9,y,41,0.005391250000002401,1067.9532960996623,-4.573413053105793,False
9,y,42,3.099104000000011,1.267585918184965e-05,0.9999999338474825,False
9,y,47,0.49858441600002834,180.81464504510845,0.0563681889764458,False
9,y,51,3.5997154169999703,3933.1639028958634,-19.526316194223014,False
9,y,52,0.1843237919999865,9.227309537131138,0.9518447036896499,False
9,y,53,0.2550532920000137,2094.680662165645,-9.931677056702316,False
9,y,54,0.2184499159999973,0.0002910032005498447,0.999998481318385,False
9,y,55,3.1376477919999957,0.5689119454078304,0.9970309738504632,False
9,y,56,4.931663624999999,813.0686881299424,-3.2432264182760067,False
9,y,57,0.37217583300002843,11.676584242922807,0.9390624784127992,False
9,y,58,0.24497116700001698,10881.305872969573,-55.787138921462564,False
9,y,59,0.1671672919999878,2.630995871806697e-23,1.0,False
9,z,0,0.01301162499999009,0.48301221574683234,0.9643460731022712,False
9,z,1,0.0031607500000063737,0.8129120962989019,0.9399942537459299,False
9,z,2,0.0055038749999880565,12.843128215304032,0.05197438160318002,False
9,z,3,0.006011958999977196,6.39687472195113,0.5278096572408044,False
9,z,4,0.006084750000013628,0.2556575596961248,0.9811284359958402,False
9,z,5,0.008944374999998672,96.74561954838516,-6.1413540581374715,False
9,z,6,0.006658374999972239,0.26914280104174915,0.9801330122913037,False
9,z,7,0.004693458000019746,0.5015277367185227,0.9629793353476632,False
9,z,8,0.008583083000019087,0.3333042413004159,0.9753968850753524,False
9,z,9,0.009259625000026972,8.931932636899562,0.3406823618341497,False
9,z,10,0.0028463749999900756,1.6366486581568394,0.8791894910463811,False
9,z,11,0.017553374999977223,1.095514106999212,0.9191337638821678,False
9,z,19,0.004996500000004289,0.00037853764865981187,0.9999720579455067,False
9,z,20,0.007231124999975691,0.20056085075358204,0.9851954429345892,False
9,z,21,0.010049625000021933,13.547237509563901,-1.7666113016900908e-10,False
9,z,22,0.005084000000010747,338.6511546806593,-23.997801544514836,False
9,z,23,0.0028049999999666397,0.10928577592234974,0.9919329844284117,False
9,z,24,0.007225165999955152,13.26116696792207,0.021116522028726492,False
9,z,25,0.00704579199998534,12.530465354507873,0.07505383677849986,False
9,z,26,0.00435991599999852,0.30067419930673955,0.977805497309131,False
9,z,27,0.004982750000010583,2.0559160141811903,0.8482409411444228,False
9,z,28,0.00798495899999807,99.56671020771239,-6.349595085714792,False
9,z,29,0.005674708000015016,0.6898964443781253,0.9490747509215101,False
9,z,30,0.005213958999945589,1.6578936756180667,0.8776212733599352,False
9,z,31,0.006499834000010196,86.18621336082812,-5.36190317880005,False
9,z,33,0.0036677919999874575,0.42312550899939294,0.9687666574993293,False
9,z,34,0.004011792000028436,0.0007605526791459644,0.9999438592053367,False
9,z,35,0.002931915999965895,0.5570686984932847,0.9588795355364202,False
9,z,36,0.005792625000026419,13.546715771944443,3.851229639328935e-05,False
9,z,37,0.003931374999979198,15.334750390842942,-0.13194667050947984,False
9,z,38,0.0029170829999998205,176.52468747705197,-12.030308753619801,False
9,z,39,0.008168291999993471,0.0011337384513354992,0.9999163122038175,False
9,z,40,0.004700708000029863,5414.9649013126045,-398.70989646017745,False
9,z,41,0.007355916999983947,99.54391303835786,-6.347912294714603,False
9,z,42,2.962146332999964,2.2827172657301687e-07,0.9999999831499429,False
9,z,47,0.31827666700002055,7.7770238191045244,0.4259328652806078,False
9,z,50,5.252568250000024,68078.45731472882,-5024.264913137788,False
9,z,51,0.2815760000000296,67.19765273975857,-3.9602476301305325,False
9,z,52,0.25548558299999513,954.2240088569032,-69.43679631008366,False
9,z,53,0.1934087080000495,2815.7285678766852,-206.84522057624693,False
9,z,54,0.1876659170000039,0.0005315479610397655,0.9999607633688596,False
9,z,55,0.2585473330000241,0.6919261125263872,0.9489249293695378,False
9,z,56,0.8436358750000181,33.27678818088588,-1.456352312659484,False
9,z,57,0.570339707999949,13.101626394058165,0.03289313506732283,False
9,z,58,0.257288874999972,3.781922955015417,0.7208343802185778,False
9,z,59,0.1640071250000119,4.3264861356490407e-23,1.0,False
10,x,0,0.011817584000027637,12.092802747621882,0.9851653579180707,False
10,x,1,0.0031222920000004706,1.2492833902431648,0.9984674626436951,False
10,x,2,0.005905666999979076,814.8885750967595,0.0003491663178657456,False
10,x,3,0.006307583000022987,267.7930509401637,0.6714893854109681,False
10,x,4,0.00736320800001522,2.9492639988583402,0.9963820400662049,False
10,x,5,0.01110225000002174,3363.8839679417356,-3.1265879970935115,False
10,x,6,0.00624983299996984,3.109047742539052,0.9961860280500096,False
10,x,7,0.004092124999999669,9.697548983726755,0.9881036951277606,False
10,x,8,0.0050812919999998485,2.272965557909675,0.997211677787205,False
10,x,9,0.008834166999974968,636.3458521955632,0.21937344429951067,False
10,x,10,0.0028024169999980586,8.664183493516434,0.9893713588370775,False
10,x,11,0.01764337500003421,7.428105349931773,0.9908876968794705,False
10,x,19,0.005260166999960347,0.10271795905019332,0.9998739924738956,False
10,x,20,0.010063290999994479,815.1732062539028,-1.598903232036264e-10,False
10,x,21,0.009004749999974138,815.1732061710381,-5.823763693513229e-11,False
10,x,22,0.006998582999983682,2367.74556600282,-1.9045919912680689,False
10,x,23,0.0030072909999603326,31.1478625963085,0.9617898842082562,False
10,x,24,0.008123583000042345,8.743117333767037,0.9892745280780957,False
10,x,25,0.0072350840000012795,735.9369495732489,0.09720174308367158,False
10,x,26,0.0375026250000019,13.49151605775678,0.9834495099245059,False
10,x,27,0.00498279199996432,13.698863590163546,0.9831951498316457,False
10,x,28,0.009000540999977602,3544.8720295865287,-3.348612053190074,False
10,x,29,0.005990499999995791,20.63139852469518,0.9746907793709207,False
10,x,30,0.00544679099999712,12.51107698141986,0.9846522470470853,False
10,x,31,0.006364916999984871,2.018286874492077,0.9975241005723314,False
10,x,33,0.0034533340000280077,4.772866558722027,0.9941449663422837,False
10,x,34,0.003680709000036586,0.0003370655939745245,0.9999995865104601,False
10,x,35,0.0028202919999671394,5.097645527653153,0.9937465492126585,False
10,x,36,0.005993499999988217,808.149002100036,0.008616823971596355,False
10,x,37,0.0037687910000272495,23.44760311311151,0.9712360478276597,False
10,x,38,0.0032210840000175267,148.584870419764,0.8177260129459635,False
10,x,39,0.0631990410000185,4.8705727744846605,0.9940251068878405,False
10,x,40,0.005347083999993174,1038.0524018557699,-0.2734132992325333,False
10,x,41,0.0054035840000210555,3626.7764992685593,-3.449086981790235,False
10,x,42,2.667051000000015,2.8571915401847426e-07,0.9999999996494988,False
10,x,47,0.39019266600001856,641.0291721160432,0.21362826047195227,False
10,x,50,0.3271405419999951,123.025794596695,0.8490801787000263,False
10,x,51,0.19485099999997146,73.77883624978575,0.9094930553463232,False
10,x,52,0.1990375839999956,897.3452899410082,-0.10080321973314232,False
10,x,53,0.17610591699997258,10673.017650134338,-12.092944628158586,False
10,x,54,3.3872072080000066,0.0014168458349169666,0.999998261908237,False
10,x,55,0.27056333299998414,8.97874908674404,0.9889854707940645,False
10,x,56,0.3345541249999542,104.88174419278312,0.8713380869183216,False
10,x,57,2.4793436250000127,8.60721733528111,0.9894412411121662,False
10,x,59,0.323759750000022,0.6189518808938013,0.9992407112056134,False
10,y,0,0.011190333000001829,0.7353169924808679,0.9798087790216273,False
10,y,1,0.0032207919999791557,0.02829469418907176,0.9992230501556078,False
10,y,2,0.007077207999998336,0.016517706397369113,0.9995464368927476,False
10,y,3,0.0063717499999711436,13.478016674106652,0.6299043598884866,False
10,y,4,0.005659333999972205,0.2927125510060493,0.9919623456809206,False
10,y,5,0.010174208000023555,181.2191140439277,-3.9761330345715526,False
10,y,6,0.005922334000047158,0.3128936538004092,0.9914081886163145,False
10,y,7,0.004225624999946831,0.8951400134763468,0.975420165719678,False
10,y,8,0.008206749999999374,2.3026720517253243,0.9367704531344438,False
10,y,9,0.009443332999978793,27.951552007372065,0.2324725675586654,False
10,y,10,0.0029275840000195785,0.8606640402865458,0.9763668485792311,False
10,y,11,0.018237290999991274,0.5067898898445654,0.9860839518736907,False
10,y,19,0.0050272080000013375,0.02113616257623582,0.9994196177518329,False
10,y,20,0.006288832999985061,0.34095131782488153,0.9906377474321068,False
10,y,21,0.010318541999993158,0.4199712663794948,0.9884679223644406,False
10,y,22,0.008420875000012984,454.418522754208,-11.477971954163166,False
10,y,23,0.00303129200000285,0.6884256068297993,0.9810963792530166,False
10,y,24,0.007443125000008877,0.6431590773591134,0.9823393622233719,False
10,y,25,0.007793417000016234,32.80782144485272,0.09912326331932209,False
10,y,26,0.004558333999966635,0.5899872016131434,0.9837994197278221,False
10,y,27,0.005138666999982888,1.2772179575244464,0.9649286086386846,False
10,y,28,0.008716250000020409,190.13944663707977,-4.221078287341021,False
10,y,29,0.006449792000012167,1.329399076046615,0.963495756541217,False
10,y,30,0.005411290999973062,1.0818412914547235,0.9702934968147648,False
10,y,31,0.005717375000017455,32.97577683733983,0.09451134155103391,False
10,y,33,0.00346045799994954,0.5792930405609947,0.9840930729021541,False
10,y,34,0.0037408329999948364,0.00548004219059495,0.9998495223910605,False
10,y,35,0.003019125000037093,0.6659591923115277,0.9817132891636656,False
10,y,36,0.0060412079999991875,36.20890662322743,0.005732163827467773,False
10,y,37,0.006557041999997182,46.437979235266354,-0.2751500510886675,False
10,y,38,0.003149542000016936,142.63850746754153,-2.91674020014888,False
10,y,39,0.06195687500002123,0.031599152884938184,0.9991323123426312,False
10,y,40,0.005212915999948109,8680.676223850998,-237.3644790883048,False
10,y,41,0.006076542000016616,193.89867862865984,-4.324303814055523,False
10,y,42,2.5594577499999787,2.350847276531335e-09,0.9999999999354476,False
10,y,47,0.3561923340000135,9.819288338895694,0.7303701359707685,False
10,y,51,3.5346096670000406,3861.433463318768,-105.03189800918527,False
10,y,52,0.18875116700002081,5.43562726536497,0.8507419896543367,False
10,y,53,0.2370122080000101,2162.8917964564,-58.39129200213198,False
10,y,54,0.2645525419999899,0.0019060430857617853,0.9999476615697278,False
10,y,55,0.2048004170000013,0.0015281649717428381,0.9999580378028097,False
10,y,56,2.035165124999992,506.5056464838597,-12.908243029233736,False
10,y,57,0.40759891599998355,22.741131176461753,0.37554658796485396,False
10,y,58,0.23342683399999942,10886.948759297688,-297.9469717509884,False
10,y,59,0.21246208299999125,0.5316356435716143,0.9854017071968957,False
10,z,0,0.01138170900003388,0.04038753642027153,0.9800266860853138,False
10,z,1,0.003251959000010629,0.011248147577569733,0.9944373239261816,False
10,z,2,0.006947707999984232,1.9071492805323884,0.05683548345568612,False
10,z,3,0.0060204170000019985,0.7496833110566338,0.6292504709244954,False
10,z,4,0.006284791000041423,0.015667914007533024,0.9922515658889337,False
10,z,5,0.010830416999965564,10.234331917846221,-4.061302129823258,False
10,z,6,0.006212457999993148,0.016199981891409258,0.9919884362254158,False
10,z,7,0.004323749999969095,0.02890903634434448,0.9857032810353135,False
10,z,8,0.006393582999976388,0.009319675735128331,0.9953910333350422,False
10,z,9,0.009001374999968448,1.4626128241088354,0.27667722122044136,False
10,z,10,0.0029665409999779513,0.06749391019271372,0.966621458620782,False
10,z,11,0.01816662499999211,0.03200589456666056,0.9841717560425548,False
10,z,19,0.004954207999958271,0.00027141249642492093,0.9998657752496946,False
10,z,20,0.006291125000018383,0.0030906313650922042,0.9984715544467184,False
10,z,21,0.007283042000040041,0.013208451690492638,0.9934678721376835,False
10,z,22,0.005586291999975401,456.9954064426053,-225.00320592632923,False
10,z,23,0.0031430829999976595,0.015726477620826646,0.9922226037502154,False
10,z,24,0.006418041000017638,1.8786192173774194,0.07094478444077923,False
10,z,25,0.008129124999982196,1.850803771119154,0.08470067769488143,False
10,z,26,0.00565025000003061,0.018554182982202877,0.99082418602418,False
10,z,27,0.005268250000028729,0.10187841201586977,0.9496168945996577,False
10,z,28,0.008592958000008366,10.717887090949674,-4.3004402432987305,False
10,z,29,0.006323957999995855,0.061603947980731155,0.9695342895243901,False
10,z,30,0.005288459000041712,0.08059787424761639,0.9601410042332753,False
10,z,31,0.005961332999959268,42.44433299543734,-19.99048523276187,False
10,z,33,0.003554583999971328,0.019315184796559602,0.9904478390252043,False
10,z,34,0.003812958000025901,0.0010209286017421294,0.9994951084108007,False
10,z,35,0.0030127919999927144,0.02251781531028198,0.9888640052419874,False
10,z,36,0.006602250000014465,2.015772615442089,0.0031167335909985106,False
10,z,37,0.004189625000037722,29.222256260011704,-13.451619219924995,False
10,z,38,0.0031902090000244243,146.6483963392609,-71.52372179104256,False
10,z,39,0.010021415999972305,0.00032640183989804215,0.9998385807358297,False
10,z,40,0.0048762499999952524,7155.151363279326,-3537.5194778590517,False
10,z,41,0.006353375000003325,10.828018421972272,-4.354904759863115,False
10,z,42,2.9861203750000413,4.832706970487763e-10,0.9999999997610026,False
10,z,47,0.2966449580000017,11.250109419941046,-4.563646286339631,False
10,z,50,5.118212832999973,9070.419547059868,-4484.699129209582,False
10,z,51,0.29310870899996644,77.91720585339057,-37.53329392688244,False
10,z,52,0.2241288749999626,937.4213697030849,-462.5937951891772,False
10,z,53,0.18615387500000224,2836.239314698769,-1401.638120339008,False
10,z,54,0.19394349999998894,0.0015339443369484166,0.99924140082597,False
10,z,55,0.1968293329999824,0.001633458898527467,0.9991921867427732,False
10,z,56,0.321658541999966,18.617720116776436,-8.207235727344306,False
10,z,57,0.548998083000015,13.394646457816732,-5.624208906783675,False
10,z,58,0.1731391249999774,5.454600205279046,-1.6975263122131663,False
10,z,59,0.8522947910000198,0.5628723785360595,0.7216362346685767,False
11,x,0,0.012140750000014577,8.473618779371686,0.983444135185059,False
11,x,1,0.003139875000044867,0.01705216328764276,0.9999666832651382,False
11,x,2,0.005778415999998288,511.70635222315497,0.00022158030323282674,False
11,x,3,0.006227082999998856,173.79408582139257,0.6604388909376246,False
11,x,4,0.0063423750000310974,2.7781899744737717,0.9945719368731122,False
11,x,5,0.010940041000026213,2361.794976751762,-3.6145052513924725,False
11,x,6,0.0059367919999999685,2.9170388669768066,0.9943006521299773,False
11,x,7,0.004257917000018097,7.673175268069931,0.9850080519613683,False
11,x,8,0.004827832999978909,1.402191075872539,0.9972603811309784,False
11,x,9,0.00855183300001272,395.5870385625468,0.22709698140681067,False
11,x,10,0.0030211669999857804,7.890728687480653,0.9845829933063153,False
11,x,11,0.017502250000006825,4.660070704076561,0.990895094219653,False
11,x,19,0.005142291000026944,0.043992978512413794,0.9999140459555684,False
11,x,20,0.009279208000009476,511.81976223034303,-1.6202115205032896e-09,False
11,x,21,0.008671499999991283,511.8197621393019,-1.4423340299885012e-09,False
11,x,22,0.007116999999993823,1627.774760729514,-2.1803671594733762,False
11,x,23,0.0027707080000141104,13.537233820133647,0.9735507793152105,False
11,x,24,0.007923249999976179,6.343232639112751,0.9876065108901845,False
11,x,25,0.007184708000011142,463.95459549736154,0.09351957371223008,False
11,x,26,0.03549762500000497,5.76462865799346,0.988736994753362,False
11,x,27,0.0049258330000157,12.707044791228011,0.9751728132644917,False
11,x,28,0.009342415999981313,2488.8167335045982,-3.862681985337087,False
11,x,29,0.007455750000019634,14.603566491968945,0.9714673648942505,False
11,x,30,0.005209625000020424,10.74248442701905,0.9790111964461631,False
11,x,31,0.006823916999962876,4.363813388362755,0.991473925554541,False
11,x,33,0.0036719999999945685,4.351640833942607,0.9914977084471491,False
11,x,34,0.003670833000001039,0.003525961884306418,0.9999931109305459,False
11,x,35,0.002811083000040071,4.855298509680826,0.990513655634574,False
11,x,36,0.005834666000055222,507.6939136192652,0.008061134197959285,False
11,x,37,0.003963750000025357,16.35448183476569,0.9680464040896039,False
11,x,38,0.002897000000018579,168.76832514864472,0.6702582864587958,False
11,x,39,0.06382333300001619,0.9687899536445324,0.9981071657901749,False
11,x,40,0.005074790999969991,1086.5510964627592,-1.1229174377487374,False
11,x,41,0.0058715839999763375,2536.967599107084,-3.956759762777083,False
11,x,42,2.633093874999986,1.0340059171764655e-06,0.999999997979746,False
11,x,47,0.34108012500001905,637.0413653524142,-0.24465957236301006,False
11,x,50,5.177732625000033,314.5904104739716,0.38534922994611964,False
11,x,51,0.19442745800000694,62.39879350312172,0.8780844386853927,False
11,x,52,0.1871525829999996,870.1163241755089,-0.7000444097617529,False
11,x,53,0.18856412499997077,9874.556157874707,-18.293034193997347,False
11,x,54,4.0359177079999995,0.00012218095390371375,0.9999997612812886,False
11,x,55,0.29528416699997706,8.332201701405985,0.983720437681818,False
11,x,56,0.6457274580000103,17.918352921347736,0.9649908927465072,False
11,x,57,2.511535792000018,7.163183783821235,0.98600447985007,False
11,x,59,0.5954177500000242,1.3882386223129024,0.9972876416133042,False
11,y,0,0.01127487500002644,3.4001660965708824,0.9902810463669546,False
11,y,1,0.0033747080000239293,4.896177792228954,0.9860048822350734,False
11,y,2,0.006077375000018037,349.15963552436216,0.0019704297343928756,False
11,y,3,0.006184417000042686,97.27117526914768,0.7219623937706727,False
11,y,4,0.060627542000020185,0.4898293821940499,0.9985998833826241,False
11,y,5,0.01801749999998492,1174.9820108330134,-2.3585405414357234,False
11,y,6,0.07018383400003358,0.46981038630103483,0.9986571052027758,False
11,y,7,0.004438458000038281,1.7588568956265191,0.9949725254207445,False
11,y,8,0.00897391700004846,66.95185375359625,0.8086264188876289,False
11,y,9,0.008791207999991002,282.7426153834967,0.19181525521074771,False
11,y,10,0.003102540999975645,2.2377406483859303,0.9936036955293515,False
11,y,11,0.018392500000004475,5.7113245817236304,0.983674886103645,False
11,y,19,0.0068630000000098335,0.011818353591364761,0.9999662187001132,False
11,y,20,0.006299500000011449,14.382657139746186,0.9588889560418363,False
11,y,21,0.0074465000000145665,1.5329220327528341,0.9956183322413502,False
11,y,22,0.004848125000023629,1088.7654421474194,-2.112101158871255,False
11,y,23,0.0030375829999798043,26.23133774506545,0.925020970141971,False
11,y,24,0.006195791000038753,293.5095389921572,0.16103933769640943,False
11,y,25,0.0068210840000233475,315.48839944750773,0.09821548744740016,False
11,y,26,0.03702083299998549,18.892273813559804,0.9459987753533678,False
11,y,27,0.005935000000022228,1.7412543306595187,0.9950228401724002,False
11,y,28,0.008277167000017016,1229.1773718312622,-2.513451268061504,False
11,y,29,0.0066057920000162085,5.0585008951635455,0.9855409017511246,False
11,y,30,0.005750999999975193,2.4627060980529643,0.9929606596563227,False
11,y,31,0.005787624999982199,43.24697915561232,0.8763838667744575,False
11,y,33,0.003711249999980737,0.4918711461556588,0.9985940472532383,False
11,y,34,0.004327791999969577,0.013689393437613617,0.9999608705644648,False
11,y,35,0.0029474170000298727,0.4697799557380767,0.9986571921847709,False
11,y,36,0.005642374999979438,344.5033868422772,0.015279739856257524,False
11,y,37,0.005798083000001952,34.82902172159388,0.9004455554280458,False
11,y,38,0.003004750000002332,189.94030504578743,0.457079164559562,False
11,y,39,0.06209354199995687,8.518261565323142,0.975651604411025,False
11,y,40,0.006640624999988631,11991.71502663925,-33.276832076568404,False
11,y,41,0.008817082999996728,831.4061098033469,-1.3764713846063645,False
11,y,42,2.4690685829999666,3.4963802204796407e-09,0.999999999990006,False
11,y,47,0.28132854200003976,20.8212742825052,0.9404849664442353,False
11,y,51,3.6148750830000154,5556.69360862471,-14.883120412772964,False
11,y,52,0.1897024579999993,7.753067316014467,0.977838817393592,False
11,y,53,0.2254452910000282,1888.2286242511916,-4.397267641187998,False
11,y,54,0.19895650000000842,0.00010100706278574521,0.999999711283822,False
11,y,55,4.178285416999984,3.4359063100210405,0.9901788873936892,False
11,y,56,4.914841249999995,446.841895702453,-0.2772422117890314,False
11,y,57,0.42588695800003507,9.577128118598894,0.9726249655226341,False
11,y,58,0.24362650000000485,10819.850202404821,-29.927201626921367,False
11,y,59,0.6198765000000321,0.8726471667196886,0.99750564616243,False
11,z,0,0.013317207999989478,2.291793207951534,0.9755430251389305,False
11,z,1,0.0031205839999870477,0.834706335279781,0.9910923935949003,False
11,z,2,0.006007082999985869,38.37175153113496,0.5905141182388846,False
11,z,3,0.006231666000019231,37.27507850888764,0.6022173139909521,False
11,z,4,0.006006792000050609,1.212612407087956,0.9870595518594458,False
11,z,5,0.010130374999960168,555.3612426281927,-4.926562615965837,False
11,z,6,0.005774500000029548,1.2854786977248025,0.9862819559436619,False
11,z,7,0.004721916999983478,2.939307985898071,0.9686330419033296,False
11,z,8,0.005710124999950494,0.5492359727680918,0.994138803478351,False
11,z,9,0.009234583000022667,69.3761807894468,0.2596489492867068,False
11,z,10,0.002855541999963407,4.153935359488316,0.9556710909566228,False
11,z,11,0.018058083999960672,2.287415197218162,0.9755897452784598,False
11,z,19,0.0049241669999560145,0.02684345073897322,0.9997135389014901,False
11,z,20,0.0101817500000152,93.70714166922757,-6.782241435132619e-11,False
11,z,21,0.009699000000011893,93.70714171094221,-5.129821012417324e-10,False
11,z,22,0.004446207999990293,491.1867295554498,-4.241721397527842,False
11,z,23,0.002852292000000034,0.40523839383056826,0.9956754801540262,False
11,z,24,0.006284332999996423,87.7757074559154,0.06329756837847111,False
11,z,25,0.008888082999988,85.30672260762556,0.08964545184259864,False
11,z,26,0.00452654199995095,1.8910006031097213,0.9798201015466577,False
11,z,27,0.0050459999999930005,5.8596351178233395,0.9374686388482064,False
11,z,28,0.007727792000025602,579.8636661620196,-5.188041336787124,False
11,z,29,0.006069499999966865,3.8973828141441436,0.9584089030464118,False
11,z,30,0.005166916999996829,4.696907662209419,0.949876737473144,False
11,z,31,0.007845332999977472,187.61438420372,-1.0021353855685367,False
11,z,33,0.00391283400000475,2.156197966816959,0.9769900358867603,False
11,z,34,0.004000500000017837,0.0024910838743897653,0.9999734162857794,False
11,z,35,0.0028356669999993755,2.5982499966520565,0.9722726576593307,False
11,z,36,0.006965583000010156,93.36733056534547,0.0036263094946293872,False
11,z,37,0.003820834000009654,12.566432951610077,0.8658967424615296,False
11,z,38,0.002928208000014365,182.44569149093263,-0.9469774475387691,False
11,z,39,0.008298874999979944,0.02459227768364693,0.9997375623965554,False
11,z,40,0.005451833999984501,4048.002729316599,-42.19844418987826,False
11,z,41,0.005497084000012364,587.5719923480464,-5.270301088277131,False
11,z,42,2.565434584000002,3.216550110680294e-07,0.999999996567444,False
11,z,47,0.3686870420000332,133.07124766571005,-0.42007583738342125,False
11,z,50,5.191724792000002,12714.076613766692,-134.67884355610602,False
11,z,51,0.42437762500003373,61.39501722828656,0.34482029716405294,False
11,z,52,0.2383001250000234,989.8540042680092,-9.563271770994598,False
11,z,53,0.24180358299997806,2783.227181669618,-28.701334735859998,False
11,z,54,0.1856308330000047,0.00015397865568401523,0.9999983568098124,False
11,z,55,0.3652496249999899,6.1198126293480986,0.9346921427678885,False
11,z,56,4.897497583000018,46.204879181405396,0.506922542279269,False
11,z,57,0.6412260000000174,11.224358106711845,0.8802187548618926,False
11,z,58,0.2215405410000244,2.395683689331632,0.9744343531686142,False
11,z,59,1.8148918329999901,0.6645103025910076,0.992908648254562,False
12,x,0,0.014226624999992055,49.188709863965116,-0.2624780708796943,False
12,x,1,0.0033794999999940956,12.511688500632008,0.6788748392586463,False
12,x,2,0.005406624999977794,38.13490573378987,0.021229010536745307,False
12,x,3,0.006197708000001967,3.7230409514320453,0.9044443822338715,False
12,x,4,0.03385554200002616,0.06131789516408876,0.9984262141005273,False
12,x,5,0.012250208000011753,23.105106138738392,0.4069840435706502,False
12,x,6,0.011152207999998609,0.05908061965978382,0.9984836360428899,False
12,x,7,0.005382124999982807,0.3045993474290929,0.9921821491639647,False
12,x,8,0.005111834000047111,3.034300946586816,0.9221215922086684,False
12,x,9,0.007123374999991938,33.78049973458802,0.1329892518787661,False
12,x,10,0.003038791999983914,9.359602780869219,0.7597763125792314,False
12,x,11,0.01824608399999761,11.900247350582811,0.6945680958149865,False
12,x,19,0.0059929590000251665,0.08644869318812068,0.9977812067096689,False
12,x,20,0.006336791999956404,12.592534261595743,0.6767998509000868,False
12,x,21,0.061820667000006324,3.500104785372526,0.9101662647885168,False
12,x,22,0.008118708999973023,332.17263421359746,-7.525547175373834,False
12,x,23,0.003034791999994013,18.48316322898405,0.5256108907589604,False
12,x,24,0.007577000000026146,21.34917002116812,0.45205192293623764,False
12,x,25,0.005885999999975411,35.072956220516964,0.09981704680235393,False
12,x,26,0.006572875000017575,20.264167156224936,0.4798996206624173,False
12,x,27,0.005570582999951057,7.740034531766287,0.8013441724487047,False
12,x,28,0.007097792000024583,31.3391879740726,0.19564799146260903,False
12,x,29,0.007805374999975356,38.743781700929816,0.005601591998513511,False
12,x,30,0.0052370419999761,7.107974702433953,0.8175666282972694,False
12,x,31,0.006181084000047576,96.09555992731568,-1.4663898982643975,False
12,x,33,0.003621250000037435,0.060723796755652655,0.9984414622380505,False
12,x,34,0.0042577500000220425,0.07083706968719819,0.9981818948426826,False
12,x,35,0.002859666999995625,0.18714256221499273,0.9951967965498979,False
12,x,36,0.006438791999983096,36.89852877313951,0.05296187778369543,False
12,x,37,0.0039650409999580916,3.5156444836026224,0.909767422690445,False
12,x,38,0.002924082999982147,241.5069416633916,-5.198520324246546,False
12,x,39,0.0627977499999588,13.90813475952187,0.6430336313089746,False
12,x,40,0.005063124999992397,7079.830916380257,-180.71103292168564,False
12,x,41,0.006489708000003702,31.646354119074395,0.18776426116649259,False
12,x,42,3.1351950840000313,1.645653385672845e-07,0.9999999957762639,False
12,x,47,0.3037937919999649,8.776344767715162,0.7747462203753148,False
12,x,50,0.5591280829999619,178.5471334110733,-3.5825930619710116,False
12,x,51,0.19660124999995787,95.65152573574117,-1.454993310894376,False
12,x,52,0.23550141599997687,323.31347203523393,-7.298167803004004,False
12,x,53,0.18428316600000016,10388.183564654708,-265.62325527381296,False
12,x,54,3.5156213750000234,0.014605235751839751,0.9996251418281203,False
12,x,55,0.3118007500000317,10.539562513109834,0.7294914506547231,False
12,x,56,0.44120712500000536,94.17469904751964,-1.4170890577938984,False
12,x,57,0.2413617910000312,12.564134752615605,0.6775287530691063,False
12,x,59,0.5020763750000015,3.6180183791343064,0.9071398929484226,False
12,y,0,0.011442291999969711,13.92454091275538,0.9832393013398439,False
12,y,1,0.0034112499999991996,0.10037501320781597,0.9998791805518095,False
12,y,2,0.008871166000005815,819.107229865263,0.014056582824159225,False
12,y,3,0.006202041999983976,286.77179489518534,0.6548183765205966,False
12,y,4,0.005865207999988797,3.5246959619393867,0.9957573921282662,False
12,y,5,0.010555082999985643,3532.3707093435405,-3.251845815687526,False
12,y,6,0.006241083000020353,3.6776618272713733,0.9955732700957926,False
12,y,7,0.004119292000041241,9.60213126031161,0.9884421016421502,False
12,y,8,0.007700082999974711,82.69931041663159,0.9004564509537151,False
12,y,9,0.008952625000006265,627.9479514680443,0.24415128263388253,False
12,y,10,0.003497250000009444,11.709303256249216,0.9859057397563032,False
12,y,11,0.018412000000012085,6.900244795347428,0.9916943097499045,False
12,y,19,0.005338124999980209,0.02045778623299028,0.9999753753612092,False
12,y,20,0.006354792000024645,10.490004519443154,0.987373385895042,False
12,y,21,0.007684707999999318,6.301779644240506,0.9924146705947723,False
12,y,22,0.006117625000001681,3200.13462263243,-2.8519397097495234,False
12,y,23,0.003052458000013303,23.419543167982635,0.9718103520786453,False
12,y,24,0.007705124999972668,9.45389092841419,0.9886205356420775,False
12,y,25,0.007236499999976331,757.6311528518783,0.08805413923092131,False
12,y,26,0.037181874999987485,8.913391367634889,0.9892711244349813,False
12,y,27,0.005863832999978058,19.267162366262202,0.9768084919653327,False
12,y,28,0.010213582999995197,3702.2716699141292,-3.4563522924207106,False
12,y,29,0.006804333000047791,22.458796995352166,0.9729667835322386,False
12,y,30,0.008194124999988617,16.446126475424172,0.9802041179160963,False
12,y,31,0.008069541999986996,22.54270806937346,0.9728657814069454,False
12,y,33,0.004296374999967156,5.0259118740155095,0.9939504077771275,False
12,y,34,0.004840457999989667,0.04027156569142647,0.9999515259008283,False
12,y,35,0.0037426250000294203,5.5354919436510315,0.9933370361734319,False
12,y,36,0.0071954169999912665,826.0646970098923,0.005682015146868835,False
12,y,37,0.0071580000000039945,59.311140074846804,0.9286083360152876,False
12,y,38,0.003572500000018408,131.74331482580132,0.8414231381759512,False
12,y,39,0.07868187500002932,1.9839718661912367,0.9976119317105099,False
12,y,40,0.009855167000011988,17965.4862963717,-20.624705904725204,False
12,y,41,0.007971999999995205,3758.464146568432,-3.523990081994649,False
12,y,42,3.0526964999999677,8.803149564048163e-07,0.999999998940382,False
12,y,47,0.2713954590000185,14.50884096417033,0.9825359907495531,False
12,y,51,0.2623199159999672,1619.4490629376473,-0.9492992917637908,False
12,y,52,0.1951779590000342,94.28136754660032,0.8865153543935912,False
12,y,53,0.3102221249999957,1061.6452287237553,-0.2778816819972456,False
12,y,54,0.27521837500000856,0.0046825133559867576,0.9999943637498843,False
12,y,55,4.180554208999979,4.395796317107145,0.9947088655989393,False
12,y,56,5.083381333000034,933.2915861011185,-0.12338490257662449,False
12,y,57,0.3349249159999772,14.06048098625997,0.983075672921347,False
12,y,58,0.2422116669999923,10465.47895047389,-11.597093155323947,False
12,y,59,1.256000666000034,1.125273336812163,0.9986455304037105,False
12,z,0,0.01158841599999505,0.23063249405155545,0.9881288383204346,False
12,z,1,0.0034223339999925884,0.4961375895237623,0.974462707153356,False
12,z,2,0.005849957999998878,19.405449830576273,0.0011588204393688795,False
12,z,3,0.00614837500000931,4.36230108156669,0.7754627696882772,False
12,z,4,0.006726416999981666,0.00430386240133395,0.9997784707370792,False
12,z,5,0.060175458000003346,0.34718759830109563,0.9821294907748299,False
12,z,6,0.006365667000011399,0.003834920554529373,0.9998026082052387,False
12,z,7,0.004752332999998998,0.06442351307734041,0.9966839801006716,False
12,z,8,0.008570125000005646,5.466183609952505,0.7186435082758496,False
12,z,9,0.008321458000011717,14.498427407166258,0.2537340561758019,False
12,z,10,0.005812999999989188,0.03147016300314042,0.9983801615005341,False
12,z,11,0.01834779199998593,0.2503603237640103,0.9871134035393706,False
12,z,19,0.007238458000017545,0.09989925752071986,0.9948579655153367,False
12,z,20,0.006118249999985892,0.8372695914284297,0.9569038927922762,False
12,z,21,0.008501749999993535,0.00435216558846544,0.9997759844658083,False
12,z,22,0.010897958000043673,516.4111551965497,-25.580817857777635,False
12,z,23,0.002942416000053072,1.7967820311702758,0.9075156773434008,False
12,z,24,0.00708612500000072,15.870890756837401,0.1830903492245083,False
12,z,25,0.006272292000005564,18.19484183683913,0.06347147626580807,False
12,z,26,0.036437208999984705,2.083808401323987,0.892741798838528,False
12,z,27,0.005293208000011873,0.004971085212437051,0.9997441273116244,False
12,z,28,0.0077891669999985425,49.9415220801416,-1.5705999736724774,False
12,z,29,0.006422583000016857,0.04562686235285843,0.9976514850513606,False
12,z,30,0.005284667000012178,0.0009824732255313698,0.9999494299424108,False
12,z,31,0.006252042000028268,45.1619353794605,-1.3245841348436151,False
12,z,33,0.0036544580000281712,0.21748242878228516,0.9888057010996814,False
12,z,34,0.004024249999986296,0.13532382327724662,0.9930345852095671,False
12,z,35,0.002859957999987728,0.2754943182902954,0.9858197015660132,False
12,z,36,0.005601207999973212,19.20639385525445,0.011404669256321331,False
12,z,37,0.0040941670000052,22.640865024090346,-0.16537511494851365,False
12,z,38,0.003048375000048509,159.1537656948605,-7.191994333864406,False
12,z,39,0.06568562500001462,0.7082842620447127,0.9635430513622902,False
12,z,40,0.005050707999998849,7600.317421182146,-390.20505240992645,False
12,z,41,0.0063404160000004595,33.4692815527294,-0.7227375277073047,False
12,z,42,2.6751754169999913,5.412041775930297e-08,0.9999999972143031,False
12,z,47,0.34266350000001466,8.391552899309755,0.5680683174329136,False
12,z,50,5.1154891250000105,3643.92319830166,-186.56074079174752,False
12,z,51,0.2662729169999807,87.96403438931155,-3.5277023019529095,False
12,z,52,0.18487829100001818,915.0895788272094,-46.10167310212089,False
12,z,53,0.2408424999999852,2807.2733514305996,-143.49653319934382,False
12,z,54,0.2119573330000435,0.007159485530597568,0.9996314855344831,False
12,z,55,0.3420184999999947,8.695092263836148,0.5524444787920331,False
12,z,56,4.282835666999972,19.328033323722607,0.005143618302767994,False
12,z,57,0.2931476669999711,14.776716248828244,0.23940991747811302,False
12,z,58,0.2089403749999974,5.393043517188731,0.7224081897012826,False
12,z,59,2.5580118329999664,1.9228444159735918,0.9010269691591272,False
13,x,0,0.01182066600000553,2.3403196988434813,0.9944764929721077,False
13,x,1,0.0032968329999789603,5.663357950903307,0.9866336221248991,False
13,x,2,0.006622165999999652,423.03566043566514,0.0015721165701586548,False
13,x,3,0.006413541999961581,126.37785840787005,0.7017292169822757,False
13,x,4,0.006481749999977637,4.905069702464268,0.9884232966174443,False
13,x,5,0.0131992919999675,1769.1962871246844,-3.1755697439470687,False
13,x,6,0.007377916999985246,5.131063729754613,0.987889916669988,False
13,x,7,0.004374208000001545,11.993359012367312,0.9716938660877901,False
13,x,8,0.005299249999950462,6.822266601592844,0.9838984231348072,False
13,x,9,0.008411665999972229,343.39408076842926,0.18953824154949794,False
13,x,10,0.0028145420000100785,2.9926981151787757,0.9929367816372614,False
13,x,11,0.01795012500002713,6.960829389320277,0.9835713940830948,False
13,x,19,0.006868041999950947,0.03689489910150835,0.9999129224803853,False
13,x,20,0.008970374999989872,423.70176922357257,-5.098985678131385e-10,False
13,x,21,0.008596584000031271,2.2349928307897686,0.9947250802468326,False
13,x,22,0.006025333000025057,1204.1103768269247,-1.8418818728262885,False
13,x,23,0.00282808299999715,31.313193956584875,0.9260961453384242,False
13,x,24,0.007924291999984234,2.6668979174319616,0.9937057191814921,False
13,x,25,0.006989916000009089,382.37223503835986,0.09754392592218208,False
13,x,26,0.035835540999983095,18.087374596032255,0.9573110713264195,False
13,x,27,0.005168375000039305,2.5502914337139693,0.9939809280483116,False
13,x,28,0.008192167000004247,1861.1537507824578,-3.3926032103712798,False
13,x,29,0.0072602089999804775,6.908160336148427,0.9836957009824858,False
13,x,30,0.005352542000025551,3.574312383132073,0.9915640843522923,False
13,x,31,0.008996541999977126,91.71345651450183,0.7835424271904032,False
13,x,33,0.003587207999999009,7.915289896856052,0.9813187235082905,False
13,x,34,0.0038089579999791567,0.003941859588232374,0.9999906966175821,False
13,x,35,0.0030954590000078497,7.970204948056995,0.9811891157152204,False
13,x,36,0.0058445839999876625,417.78634199335266,0.01396129883533681,False
13,x,37,0.0038592090000406643,42.02117916538955,0.9008236872274116,False
13,x,38,0.002900291000003108,117.79848919450869,0.7219778206958212,False
13,x,39,0.06505795900000066,10.017158759109568,0.9763579963742572,False
13,x,40,0.005460208000044986,1112.8487804491838,-1.6264907580062857,False
13,x,41,0.006831667000028574,1921.3093522441511,-3.5345794914772117,False
13,x,42,2.8897097500000086,4.279965945175124e-08,0.9999999998989864,False
13,x,53,0.17309095899997828,5.223233938498223,0.9876723810931141,False
13,x,57,0.6436058749999916,0.5309037956331021,0.9987469870685773,False
13,y,0,0.011776999999995041,0.9610113695565282,0.9946886453171949,False
13,y,1,0.0031396250000170767,1.7667324482454916,0.9902355550001634,False
13,y,2,0.005662166999968576,172.25876001047777,0.047953644858486744,False
13,y,3,0.006073667000009664,71.70410702748852,0.6037029771952083,False
13,y,4,0.005669417000035537,41.88558572006008,0.7685051302161638,False
13,y,5,0.009134874999972453,2145.720382992242,-10.859050127008672,False
13,y,6,0.007003874999952586,43.86420351920561,0.7575696290911119,False
13,y,7,0.004735541000002286,66.20399399065106,0.6341012139482706,False
13,y,8,0.008365083999990475,28.194065224254963,0.8441759534798616,False
13,y,9,0.008869415999981811,129.81833383075121,0.2825150282830714,False
13,y,10,0.002872542000034173,7.803284493685306,0.9568725064554424,False
13,y,11,0.01766716700001325,3.970712966284286,0.978054510512939,False
13,y,19,0.004776583000023038,0.029139275390710706,0.9998389519294955,False
13,y,20,0.01132433400005084,180.93526547661935,-1.7994272738519612e-11,False
13,y,21,0.009242749999998523,180.93526548699788,-7.535505552880295e-11,False
13,y,22,0.005449166000005334,1803.83952508667,-8.969529822544308,False
13,y,23,0.002821374999996351,0.8079074142358099,0.9955348261593883,False
13,y,24,0.010369416999992609,2.8076872561643618,0.9844823658405183,False
13,y,25,0.008195333000003302,166.09702377556346,0.08200856620725772,False
13,y,26,0.0043432090000123935,55.02813965404189,0.6958683565081848,False
13,y,27,0.005318208999995022,11.323110238682185,0.9374189978440155,False
13,y,28,0.007513458999994782,2184.1232929975336,-11.071296810400222,False
13,y,29,0.005858125000031578,6.114966955951069,0.9662035649050887,False
13,y,30,0.005201249999970514,7.073333405955272,0.9609068282656231,False
13,y,31,0.007273333000000548,1.3312216314843202,0.9926425529705247,False
13,y,33,0.003605375000006461,62.9410149057779,0.652135172537474,False
13,y,34,0.00393208399998457,0.09956664636126153,0.9994497112207464,False
13,y,35,0.0032013750000032815,68.91692191341615,0.6191072993254493,False
13,y,36,0.0068251669999881415,180.41191170858033,0.002892491761702698,False
13,y,37,0.003909874999976637,8.035168324778763,0.9555909219589828,False
13,y,38,0.002891334000025836,203.53169024266293,-0.12488679147308535,False
13,y,39,0.00848858299997346,0.05217134049396308,0.9997116574242314,False
13,y,40,0.005199666000009984,838.137912252455,-3.6322529223903164,False
13,y,41,0.006914999999992233,2239.612003670222,-11.377973955552214,False
13,y,42,1.5151737919999846,8.817735430483862e-09,0.9999999999512658,False
13,y,53,0.4375159169999847,28.12178918486195,0.8445754114805115,False
13,y,57,0.3961106250000057,0.761105346198456,0.9957934936331663,False
13,y,58,0.682893708999984,363.9412707045418,-1.011444644317388,False
13,z,0,0.011465583000017432,0.22613945137021768,0.9954979339798352,False
13,z,1,0.0033083750000173495,2.372563992465437,0.9527661375915419,False
13,z,2,0.005576415999996698,48.13258172924971,0.04175914749479159,False
13,z,3,0.005894166000018686,22.534101397354952,0.5513829560420545,False
13,z,4,0.0058214999999677275,29.153644561400135,0.41959869563420193,False
13,z,5,0.009542208999960167,992.5738405322093,-18.76051915262139,False
13,z,6,0.0058827080000014575,30.541634774469674,0.3919660842666636,False
13,z,7,0.00501800000000685,44.38206852547232,0.11642572137473983,False
13,z,8,0.005640541999980542,18.68559873336585,0.6280003395506654,False
13,z,9,0.009032040999954916,32.95827830641419,0.34385467043729756,False
13,z,10,0.003004791000023488,5.05583670957198,0.8993465734715971,False
13,z,11,0.01839416699999674,3.204813893588527,0.9361974054334468,False
13,z,19,0.00520429199997352,0.037363571832170504,0.9992561524929933,False
13,z,20,0.006478666000020894,0.1704947657434293,0.996605728514779,False
13,z,21,0.007433124999977281,0.37795824104819703,0.992475470583509,False
13,z,22,0.004855333000023165,1104.247527976708,-20.98375932829199,False
13,z,23,0.003349958000001152,0.24249952341426323,0.9951722317461442,False
13,z,24,0.006965082999954575,48.654446846447286,0.03136966791920803,False
13,z,25,0.0072602500000016335,46.582918998534595,0.07261039384033308,False
13,z,26,0.0041509999999789216,36.82249642937514,0.2669244178852723,False
13,z,27,0.005331916999978148,6.54021618358113,0.8697950098214929,False
13,z,28,0.007838125000034779,937.8790737992709,-17.67163594671817,False
13,z,29,0.005702457999973376,2.0555188696219147,0.9590779866110923,False
13,z,30,0.006776375000015378,3.941582502082903,0.9215295493962607,False
13,z,31,0.006264665999992758,14.553484801425444,0.7102639587985196,False
13,z,33,0.0035313330000121823,43.89127438045412,0.12619662879400684,False
13,z,34,0.0037458329999822126,0.06971836627749314,0.998612021538491,False
13,z,35,0.003027832999975999,48.29163650449808,0.03859262747958914,False
13,z,36,0.005641125000011016,50.21475992072373,0.0003063906805157446,False
13,z,37,0.007015959000000294,297.1976421686859,-4.916718193015548,False
13,z,38,0.003076082999996288,113.56321297742952,-1.2608575336525782,False
13,z,39,0.00966195900002731,0.09486725959356138,0.9981113482709255,False
13,z,40,0.00547820799999954,12552.908383218703,-248.90784201474776,False
13,z,41,0.007807624999998097,1012.1251304597865,-19.149753306591425,False
13,z,42,0.22345674999996845,5.013062549963392e-07,0.9999999900198137,False
13,z,53,0.16949608300001273,7.538092788446413,0.8499289213178707,False
13,z,57,0.1602955829999928,0.38107092576875307,0.9924135021298536,False
13,z,58,0.20585804099999905,39.591643249332215,0.2117952410546171,False
14,x,0,0.01268591699999888,9.26222245137334,0.9789450268216977,False
14,x,1,0.003240917000027821,17.13127268470575,0.9610570261316516,False
14,x,2,0.005728417000000263,412.0924000396172,0.06322759193395777,False
14,x,3,0.006032500000003438,222.4798225822871,0.4942567270678153,False
14,x,4,0.006487291999974332,39.3867436296041,0.910465675483855,False
14,x,5,0.007912333000035687,3417.603545732683,-6.7689292572327595,False
14,x,6,0.005564791000040259,41.26068670822601,0.906205810050349,False
14,x,7,0.0046570420000193735,64.31001871914717,0.8538098467903893,False
14,x,8,0.008352292000040507,20.562182785594594,0.9532578482852297,False
14,x,9,0.008599166000010428,270.39005003324286,0.3853467371337408,False
14,x,10,0.0033763330000056158,42.66341405643134,0.9030171167482836,False
14,x,11,0.020508290999998735,27.117547055465995,0.9383561311648773,False
14,x,19,0.00674066699997411,0.004884210175135003,0.9999888971664441,False
14,x,20,0.013516083000013168,439.9066375273574,-2.9391711287019007e-10,False
14,x,21,0.01270633399997223,439.90663743558986,-8.531042539061673e-11,False
14,x,22,0.009020666000026267,3081.6516956252144,-6.005240279738491,False
14,x,23,0.005572166999968431,0.8994540077768174,0.997955352496846,False
14,x,24,0.012521916000025612,428.3258427014978,0.02632557391054824,False
14,x,25,0.008927874999983487,404.3198030442191,0.08089633419565867,False
14,x,26,0.005391374999987875,49.65970511951827,0.8871130805999128,False
14,x,27,0.006251625000004424,55.06663143614567,0.8748220036827561,False
14,x,28,0.012276584000005641,3467.9442233172667,-6.88336416979133,False
14,x,29,0.007868040999994719,20.99761518138483,0.9522680191742945,False
14,x,30,0.0063754589999689415,42.43878785484705,0.903527739190611,False
14,x,31,0.008008208999967792,2.8056708593842523,0.9936221220121181,False
14,x,33,0.005331249999983356,60.6639732064421,0.8620980725245373,False
14,x,34,0.00562545900004352,0.09506425443343058,0.9997838990223114,False
14,x,35,0.0039502500000025975,69.65658030123483,0.8416559915684921,False
14,x,36,0.009901082999988375,423.90536717835784,0.036374241394372064,False
14,x,37,0.006516666999971221,1.6826517270677783,0.9961749799070543,False
14,x,38,0.005276917000003323,288.238548636075,0.3447733584086512,False
14,x,39,0.014432292000037705,0.0648910625587949,0.9998524890123445,False
14,x,40,0.011873583000010512,981.6426170074606,-1.2314794403049567,False
14,x,41,0.014981458000022485,3305.5901236137065,-6.51429926851172,False
14,x,42,2.844266291999986,9.236119560317138e-08,0.9999999997900436,False
14,x,51,0.20162645900001053,27.101044764720164,0.9383936443309514,False
14,x,52,0.8976769999999874,103.05544387390454,0.7657333736006986,False
14,x,53,0.25383195799997793,4813.947155801264,-9.943110984354703,False
14,x,57,2.4481407079999826,8.58392469518288,0.9804869398062401,False
14,y,0,0.011404332999973121,1.1557762176559867,0.9963417369842253,False
14,y,1,0.003251874999989468,20.9343986800994,0.9337384389131946,False
14,y,2,0.005916083999977673,315.58331302156085,0.0011156616773064787,False
14,y,3,0.006371999999998934,82.71316780105991,0.7381962718545545,False
14,y,4,0.015987209000002167,0.39064993585954694,0.99876351477852,False
14,y,5,0.014746582999975999,692.2433177192898,-1.1910886280957986,False
14,y,6,0.0075386670000057165,23.380675898977668,0.9259954819813554,False
14,y,7,0.004987916999994013,1.4147942429337477,0.9955218931011125,False
14,y,8,0.00840325000001485,104.76760708960414,0.6683895581063205,False
14,y,9,0.008681416999991143,254.8479650128397,0.19335519211263474,False
14,y,10,0.0030612919999839505,9.058963233621483,0.9713265685410706,False
14,y,11,0.018532084000014493,17.978504722369095,0.9430944348048969,False
14,y,19,0.007075124999971649,0.014263416876379805,0.9999548534312782,False
14,y,20,0.006333624999967924,32.44580159533163,0.8973025450946831,False
14,y,21,0.008500834000017221,0.10830838748172492,0.9996571822796059,False
14,y,22,0.0044918750000420005,714.0539286064239,-1.2601235761601188,False
14,y,23,0.002988625000000411,51.516298083980104,0.8369406074365681,False
14,y,24,0.006891125000038301,272.6955717620147,0.13686394519719491,False
14,y,25,0.005872041999964495,291.70602431011235,0.07669205862655093,False
14,y,26,0.0367972499999496,50.01478964895621,0.8416931821061366,False
14,y,27,0.005371374999981526,4.625061226205497,0.9853607556799919,False
14,y,28,0.007769958000039878,713.7963250964475,-1.259308209500996,False
14,y,29,0.0067543330000034985,0.7598485200041355,0.9975949273779315,False
14,y,30,0.005808124999987285,5.738709419058196,0.9818358362931232,False
14,y,31,0.006013957999982722,74.32104779409528,0.7647590110565123,False
14,y,33,0.0037026670000273043,0.4021074529660174,0.9987272494440695,False
14,y,34,0.004005208000023686,0.025000242756836114,0.9999208692287784,False
14,y,35,0.002985916999989513,0.6453268627711363,0.9979574113404501,False
14,y,36,0.006172332999994978,312.38489105241,0.011239307258382403,False
14,y,37,0.005149500000015905,8.102905407550953,0.9743526828810497,False
14,y,38,0.0029339999999820066,256.93426563145107,0.18675163315696297,False
14,y,39,0.0654155420000393,27.144305464463596,0.9140828412519791,False
14,y,40,0.005017542000018693,10355.32849103849,-31.77668691936961,False
14,y,41,0.00577770799998234,548.6510902254311,-0.7365904932762128,False
14,y,42,3.016430541000034,1.993933884747088e-06,0.9999999936888002,False
14,y,51,0.2693863750000105,2504.1153184360546,-6.926026091147694,False
14,y,52,0.26316845799999555,80.53280248212613,0.745097564410401,False
14,y,53,0.33442058299999644,340.0624925260594,-0.07636584007865954,False
14,y,57,2.3835596249999753,5.544373354939727,0.9824509488254071,False
14,y,58,0.2103622089999817,1722.2162761230043,-4.451159153355393,False
14,z,0,0.011563457999955062,5.359345404465519,0.9904647842485574,False
14,z,1,0.003368749999992815,4.418665101024747,0.9921384195471831,False
14,z,2,0.006826624999973774,482.5441635399961,0.14146927251237862,False
14,z,3,0.006337875000042459,189.69660211205647,0.6624964632906707,False
14,z,4,0.007547292000026573,2.4740285219400913,0.9955982692005138,False
14,z,5,0.011268833000031009,1839.8757658738002,-2.2734617867397593,False
14,z,6,0.03280879199996889,3.2943051431500923,0.9941388531769477,False
14,z,7,0.004355292000013833,5.382540641564148,0.9904235158522423,False
14,z,8,0.007969290999994882,90.04871736005808,0.8397875331092882,False
14,z,9,0.009062958000015442,410.0913784248359,0.2703754887995995,False
14,z,10,0.0030707500000062282,2.113422086461178,0.996239851316267,False
14,z,11,0.018825915999968856,3.9400150102907463,0.9929900220359484,False
14,z,19,0.005881625000029089,0.20423038721845713,0.9996366383096887,False
14,z,20,0.006362875000036183,16.696863592526793,0.9702933502672746,False
14,z,21,0.009650083999986236,1.7829720812278573,0.9968277798517818,False
14,z,22,0.004849666999973579,1734.61318982533,-2.0861811960283485,False
14,z,23,0.0029584999999769934,32.326936869757496,0.9424847076697904,False
14,z,24,0.006904916999985744,525.4911854566907,0.06505898562988,False
14,z,25,0.00693262500004721,520.5565491408714,0.0738385693990159,False
14,z,26,0.0367312910000237,17.545991733900642,0.968782602327447,False
14,z,27,0.005466000000012627,4.010159605109806,0.9928652224951613,False
14,z,28,0.0073373339999989184,1887.7100071072193,-2.358567294230871,False
14,z,29,0.0061227909999956864,8.388974609082645,0.9850745423565486,False
14,z,30,0.0055369169999721635,3.748299660655823,0.9933311172786826,False
14,z,31,0.006010957999990296,28.46283227317549,0.949359627689659,False
14,z,33,0.0037069999999630454,3.2956492762424148,0.9941364617283535,False
14,z,34,0.003909000000021479,0.5446848063612294,0.9990309101665924,False
14,z,35,0.0032747910000239244,3.294303511293302,0.9941388560803073,False
14,z,36,0.006903416999989531,560.3718582210578,0.003000149099847582,False
14,z,37,0.006026166000026478,41.08881981471951,0.9268957806714513,False
14,z,38,0.0029459579999979724,174.04904929740988,0.6903362050519366,False
14,z,39,0.061876917000006415,8.574506629688612,0.9847444483409987,False
14,z,40,0.0055625830000280985,14051.514847358963,-24.000110198631166,False
14,z,41,0.006517542000040066,1925.8596947877763,-2.4264422818331193,False
14,z,42,0.29102349999999433,7.550949376376073e-08,0.9999999998656554,False
14,z,51,0.48185983299998725,32.49601582873041,0.9421838865375133,False
14,z,52,0.18216866599999548,215.87336595508577,0.6159234077996267,False
14,z,53,0.18346883300000627,710.7213509765286,-0.26449797676247133,False
14,z,57,0.3314797909999925,17.929511269061546,0.9681002537873427,False
14,z,58,0.23392533300000196,13.498375524973095,0.9759840217020971,False
15,x,0,0.013207458000010774,8.663483133255365,0.9886304522260795,False
15,x,1,0.003708249999988311,1.1531981552253834,0.998486596982188,False
15,x,2,0.006860791999997673,761.6868124480321,0.00039805356681299475,False
15,x,3,0.0072414169999888145,251.05756871723392,0.6705238554019828,False
15,x,4,0.0065972090000059325,8.926825394853614,0.9882848542283595,False
15,x,5,0.010782833000007486,3598.014449070957,-3.721864929007741,False
15,x,6,0.006501667000009093,9.412623877064595,0.9876473151500188,False
15,x,7,0.004739334000021245,21.595297061583498,0.971659347879238,False
15,x,8,0.004872207999994771,6.488866466366836,0.9914843168557971,False
15,x,9,0.008668457999988277,598.3062978096525,0.21481095631471603,False
15,x,10,0.0029119580000269707,8.243992791175204,0.9891809716201406,False
15,x,11,0.017868458999998893,7.078502223262618,0.9907105066221851,False
15,x,19,0.005332124999995358,0.10972242408234578,0.9998560054514695,False
15,x,20,0.009830500000020947,761.9901254536953,-1.553788209207596e-10,False
15,x,21,0.009105250000004617,761.9901261561264,-1.0772165381922605e-09,False
15,x,22,0.007155291000003672,2615.695419158044,-2.4327156378923678,False
15,x,23,0.002814625000041815,29.12116896503156,0.9617827475753477,False
15,x,24,0.007879000000002634,8.329781305806163,0.9890683868086337,False
15,x,25,0.007376500000020769,686.696633580016,0.09881163712213537,False
15,x,26,0.03669758300003423,17.500397384949697,0.977033301609717,False
15,x,27,0.005303958999945735,12.95712004529877,0.9829956850955289,False
15,x,28,0.009060707999992701,3789.0398045336915,-3.972557620568117,False
15,x,29,0.0060953749999725915,19.512211488380995,0.9743930914068013,False
15,x,30,0.005585415999973975,11.50137829797562,0.9849061320933592,False
15,x,31,0.006734832999995888,3.4680941382543904,0.9954486363760576,False
15,x,33,0.0037069999999630454,14.590017093802329,0.9808527478129953,False
15,x,34,0.003691790999994282,1.5607577617306773e-05,0.9999999795173492,False
15,x,35,0.0028601669999943624,15.628399862997737,0.9794900231074244,False
15,x,36,0.0058952080000267415,754.9025983166707,0.009301337094767104,False
15,x,37,0.004033124999978099,22.66545860560593,0.9702549182043108,False
15,x,38,0.002978791000032288,149.9720852547579,0.80318368930468,False
15,x,39,0.06409000000002152,4.537230304470971,0.9940455523587337,False
15,x,40,0.005463500000018939,930.298622875031,-0.22088015571812303,False
15,x,41,0.005981667000014568,3890.9269427258387,-4.106269508431905,False
15,x,42,2.713891832999991,3.691297635300861e-08,0.9999999999515572,False
15,x,51,0.18841841599999043,91.70735011053206,0.8796475872043904,False
15,x,52,0.1743722909999974,268.84879601764595,0.6471754855099408,False
15,x,53,0.17730208400001857,9568.99976260765,-11.55790520696972,False
15,x,57,0.4644804170000043,18.006186154989244,0.9763695282178808,False
15,y,0,0.011367457999995167,0.19754524346668276,0.9913545817078717,False
15,y,1,0.0034336669999674996,0.23086884907281127,0.9898961992917166,False
15,y,2,0.006376375000002099,22.82208472808534,0.0012087089003084417,False
15,y,3,0.006399125000029926,6.480633987877323,0.7163799510422908,False
15,y,4,0.06985383399995726,0.07814595199981651,0.9965800014669098,False
15,y,5,0.014378125000007458,81.46499866816522,-2.5652541022722586,False
15,y,6,0.06653199999999515,0.07742424539652122,0.9966115864109975,False
15,y,7,0.004572709000001396,0.16383944977489742,0.9928296902967697,False
15,y,8,0.008715625000036198,3.84713785496552,0.8316329191228151,False
15,y,9,0.008993916999997964,18.123039933458827,0.20685885319166475,False
15,y,10,0.002952875000005406,0.09826705739087034,0.9956994164953208,False
15,y,11,0.018021874999988086,0.25665685740110417,0.9887676065956511,False
15,y,19,0.008248374999993757,0.0010541992511813043,0.9999538637664478,False
15,y,20,0.006362208999973973,0.8028491317401273,0.964863914475693,False
15,y,21,0.008619916000043304,0.08139575661927821,0.9964377762236699,False
15,y,22,0.007004375000008167,393.62232007296825,-16.226583371129188,False
15,y,23,0.0030128749999676074,1.4964182506046242,0.934510386130184,False
15,y,24,0.006408125000007203,19.4912826291211,0.1469787456195235,False
15,y,25,0.006784332999984599,20.691357239862572,0.09445838719655397,False
15,y,26,0.03650079200002665,0.9176534033705308,0.9598395922872656,False
15,y,27,0.005523875000051248,0.11554573388471816,0.9949432282763477,False
15,y,28,0.009885125000039352,85.4935734830185,-2.741561634584035,False
15,y,29,0.006642582999973001,0.32030367743822585,0.9859821516156756,False
15,y,30,0.005543499999987489,0.13586016177097335,0.9940541826918532,False
15,y,31,0.005968832999997176,43.08450319117151,-0.8855607224936097,False
15,y,33,0.0036312500000121872,0.07820638782431967,0.9965773565387228,False
15,y,34,0.004000749999988784,0.00794949703810857,0.9996520962696929,False
15,y,35,0.003021875000001728,0.07742234244841298,0.9966116696920834,False
15,y,36,0.005719958999975461,22.55946976519419,0.01270185428879067,False
15,y,37,0.005085167000004276,26.770622459955458,-0.17159606096005176,False
15,y,38,0.0030063749999840184,158.72334546959993,-5.946407264633101,False
15,y,39,0.06583729099997981,0.43226710227024095,0.9810821569405049,False
15,y,40,0.0052253329999985,7894.423329629138,-344.49347107560754,False
15,y,41,0.0062296670000137055,57.1517051486824,-1.5012011853480778,False
15,y,42,2.933242208000024,3.3582095378791086e-11,0.9999999999985303,False
15,y,51,3.5168763330000274,527.5213372872851,-22.086572669823155,False
15,y,52,0.19980320799999163,111.81811797457986,-3.893635430365772,False
15,y,53,1.1798533330000396,1935.3564121090576,-83.6994107952664,False
15,y,57,0.3414449160000004,9.50523213857776,0.5840106987154778,False
15,y,58,0.23352187499995125,10228.752480013705,-446.65362225123806,False
15,z,0,0.011411540999972658,0.7127313819424727,0.9843467523128812,False
15,z,1,0.0033995409999647563,0.05772196928496515,0.9987322905864713,False
15,z,2,0.006304124999985561,0.008699816991940544,0.9998089316765647,False
15,z,3,0.007171540999991066,16.85806131241967,0.6297575553236421,False
15,z,4,0.005837625000026492,1.0366064856829786,0.9772336977358195,False
15,z,5,0.009749624999983553,266.1513624632283,-4.845306246438452,False
15,z,6,0.006046917000048779,1.0937550524479092,0.9759785815823855,False
15,z,7,0.004371208000009119,2.224413498133436,0.9511466783601463,False
15,z,8,0.009434166999994886,2.0236569667178137,0.9555557612077278,False
15,z,9,0.009239707999995517,34.60689246246505,0.23995172217606442,False
15,z,10,0.0035341669999979786,1.1529150575525013,0.9746792895397796,False
15,z,11,0.018389167000009365,0.6143098567042543,0.9865083191406236,False
15,z,19,0.005090749999965283,0.00954630225889384,0.9997903408808136,False
15,z,20,0.006483833999993749,0.3517112698040523,0.9922755981284429,False
15,z,21,0.007669666000026609,0.44625184891552766,0.9901992659522416,False
15,z,22,0.005494499999997515,505.08608720106145,-10.092871489295586,False
15,z,23,0.002963374999978896,0.6971280374284269,0.9846894382428316,False
15,z,24,0.008726957999954266,41.96334152991563,0.07838689948417898,False
15,z,25,0.007991541999956553,41.17814993423226,0.095631542894686,False
15,z,26,0.004735541000002286,1.6401985259622276,0.963977405186003,False
15,z,27,0.005360375000009299,1.742884102461926,0.9617221898221674,False
15,z,28,0.008143000000018219,278.108108231213,-5.107904341288835,False
15,z,29,0.006129459000021598,1.5825987801697672,0.9652424302858479,False
15,z,30,0.005610166999986177,1.3784486548315824,0.9697260443910185,False
15,z,31,0.0058157910000318225,30.08248248596696,0.3393183444330766,False
15,z,33,0.0038722919999827354,1.7330354208475207,0.9619384898990375,False
15,z,34,0.0037276250000104483,0.00031328268047548896,0.9999931195798055,False
15,z,35,0.003043875000003027,1.9470307094459784,0.9572386529882804,False
15,z,36,0.005983499999956621,45.28031504925531,0.005538405107052169,False
15,z,37,0.0065661250000061955,63.921401175764515,-0.40386343363324695,False
15,z,38,0.0028938749999838365,140.36522275651313,-2.082748499830538,False
15,z,39,0.06717104199998403,0.010097211906972705,0.9997782416167807,False
15,z,40,0.005549416999997447,9188.0633408293,-200.7913548958137,False
15,z,41,0.006550917000026857,284.5401207496961,-5.2491663758074605,False
15,z,42,2.9286528340000473,2.4434549939439785e-09,0.999999999946336,False
15,z,51,0.2773471250000057,81.75598230879785,-0.7955525369115974,False
15,z,52,0.27261545900000783,740.4908231256068,-15.262909923838823,False
15,z,53,0.4159247079999773,2643.3372598436317,-57.053866992855326,False
15,z,57,0.3784954169999537,10.263180409533048,0.7745965603897417,False
15,z,58,0.17319858300004398,8.7245573015651,0.8083883215165033,False
16,x,0,0.012113582999973005,8.851074962684514,0.9822340488456494,False
16,x,1,0.0032776250000097207,1.1572101058829842,0.9976772382673164,False
16,x,2,0.007118958000035036,469.91026845721643,0.056792207552760154,False
16,x,3,0.006462124999984553,185.800332350106,0.6270600302324256,False
16,x,4,0.006337708999978986,1.5055293309879196,0.9969780890266394,False
16,x,5,0.009164875000010397,1914.5085724812682,-2.8428175025840754,False
16,x,6,0.005821374999982254,3.9424765454823865,0.9920866283440707,False
16,x,7,0.004090042000029825,6.314425256581195,0.9873256331971914,False
16,x,8,0.005169667000018308,1.477767526271897,0.9970338127515679,False
16,x,9,0.00844987499999661,363.51608835821344,0.27034748922363006,False
16,x,10,0.0028019579999636335,6.255642046068084,0.9874436233454021,False
16,x,11,0.018057249999969827,5.585316548968417,0.9887891062488003,False
16,x,19,0.00549633400004268,0.17835299468540236,0.9996420083882273,False
16,x,20,0.007235917000002701,10.54227035078638,0.9788394674208901,False
16,x,21,0.007888374999993175,4.8934062632347075,0.9901779143191605,False
16,x,22,0.006893500000046515,1434.0106718959432,-1.8783581270216536,False
16,x,23,0.0027724590000275384,20.362858899004667,0.959127500547919,False
16,x,24,0.0067624170000044614,468.445191075961,0.05973292303675071,False
16,x,25,0.006885208999960923,464.27970531471533,0.06809392064217457,False
16,x,26,0.037787084000001414,9.263740816455622,0.9814057425176526,False
16,x,27,0.00513154099996882,9.290045566254935,0.9813529434054507,False
16,x,28,0.007893041999977868,1947.1769716490558,-2.908389784634855,False
16,x,29,0.006704374999969787,14.656244844614683,0.9705818636591171,False
16,x,30,0.005268582999974569,8.885152034366968,0.9821656490644312,False
16,x,31,0.006911999999999807,8.746537144309848,0.9824438780226541,False
16,x,33,0.0034620000000131768,2.929552517245999,0.9941197778637147,False
16,x,34,0.0038239159999875483,0.023354843005627318,0.999953121965207,False
16,x,35,0.0029605830000036804,3.1123092066604805,0.9937529471193185,False
16,x,36,0.006381582999949842,497.2282663304215,0.001959295404107997,False
16,x,37,0.004091416999983721,25.222165664503365,0.9493738596620586,False
16,x,38,0.0030244580000271526,137.0276771275043,0.7249569087478374,False
16,x,39,0.0650629170000343,3.672077288556088,0.9926293759776608,False
16,x,40,0.005046582999966631,1291.8290941968164,-1.5929700837500098,False
16,x,41,0.007045666999999867,1944.880157753987,-2.9037796007145427,False
16,x,42,3.0328918750000184,5.159377329873337e-07,0.9999999989644055,False
16,x,47,0.3893914579999773,0.4506466436987436,0.9990954583151112,False
16,x,50,0.5118344999999636,235.91161070000956,0.5264762562614915,False
16,x,51,0.19322354199999836,78.14623206150623,0.8431442341687966,False
16,x,52,0.2711817079999719,256.60487119512754,0.4849405719824127,False
16,x,53,0.201130083999999,4631.447223460034,-8.29627932119421,False
16,x,54,3.4946858330000055,0.0006254729164713308,0.9999987445455688,False
16,x,55,4.7485560419999615,68.08723609942426,0.8633347343823388,False
16,x,56,1.5185974580000448,35.44821141035607,0.9288480557355406,False
16,x,57,0.32659795800009306,16.788254523779887,0.9663024761293155,False
16,x,59,0.6937445410000009,0.7426424065967474,0.998509361995422,False
16,y,0,0.011925666000024648,9.244050397937308,0.9744349619926611,False
16,y,1,0.003997209000090152,7.742471916866905,0.978587677446066,False
16,y,2,0.0056544579999808775,343.8281862998309,0.04912021545112499,False
16,y,3,0.006082333999984257,155.20279362205972,0.5707763213105708,False
16,y,4,0.012989915999924051,2.4315117629356173,0.9932754920236467,False
16,y,5,0.009621999999922082,1784.456053286382,-3.9350322489448635,False
16,y,6,0.009835582999926373,2.47283859308632,0.9931611999181255,False
16,y,7,0.004676166000081139,3.2594608540692502,0.9909857435831043,False
16,y,8,0.005961541000033321,4.63031836544034,0.9871945456912508,False
16,y,9,0.009006457999930717,220.06666211338958,0.39139096620109604,False
16,y,10,0.002877375000025495,22.672023173363428,0.9372990075584576,False
16,y,11,0.017813749999959327,12.292185195888267,0.9660051418806357,False
16,y,19,0.005117125000083433,0.4225776719275216,0.9988313332598997,False
16,y,20,0.009949750000032509,361.58954396122084,-3.9471479418295985e-09,False
16,y,21,0.009644875000049069,361.5895425677884,-9.351763807785574e-11,False
16,y,22,0.0062191670000402155,1423.7269621698608,-2.937411884736939,False
16,y,23,0.0027884160000439806,0.8111007165042229,0.9977568468633796,False
16,y,24,0.006995333999952891,353.18605221165757,0.02324041304796909,False
16,y,25,0.008256583000047613,343.7853576575104,0.04923866091838136,False
16,y,26,0.004851999999914369,2.4438340410246577,0.993241413941624,False
16,y,27,0.005066209000005983,31.574400432991293,0.912678889406696,False
16,y,28,0.008698041999991801,1821.9892122005167,-4.038832703601563,False
16,y,29,0.005948207999949773,11.277973366995422,0.9688100123472575,False
16,y,30,0.005649874999903659,25.696417682066066,0.9289348427999635,False
16,y,31,0.0066192909999927,0.531789617128685,0.998529300340375,False
16,y,33,0.0037612499999113425,2.498671585942844,0.99308975705317,False
16,y,34,0.00403362500003368,0.7586754890968497,0.9979018323268418,False
16,y,35,0.0028590839999651507,2.8709011304152874,0.9920603314180593,False
16,y,36,0.006558708999932605,350.9993554342847,0.029287868851167964,False
16,y,37,0.0036934589999191303,4.660025273220586,0.9871123892561612,False
16,y,38,0.002982916999940244,237.7017737522981,0.34261988859933834,False
16,y,39,0.008391833000018778,0.4753560930311579,0.9986853710157104,False
16,y,40,0.005317707999893173,1352.9997870258396,-2.741811163962851,False
16,y,41,0.006200832999979866,1717.4730436042255,-3.7497862675131293,False
16,y,42,3.0256965830000127,2.8712835203645985e-08,0.9999999999205927,False
16,y,47,0.3185791670000526,90.6211971674711,0.7493810342732553,False
16,y,51,0.2583166250000204,2027.555642736327,-4.607340379723034,False
16,y,52,0.19140391700000237,24.001243747322242,0.9336229593944434,False
16,y,53,0.33721254199997475,1472.2028341950652,-3.071475142444819,False
16,y,54,0.20162962500000958,0.00018664672610163558,0.9999994838160285,False
16,y,55,4.394029916000022,5.713026232072597,0.984200244863177,False
16,y,56,1.2678962500000353,974.7674226245217,-1.6957843299158397,False
16,y,57,0.5807033749999846,22.22219614281282,0.9385430342175204,False
16,y,58,0.21547237499999028,9754.811143547775,-25.977580920032434,False
16,y,59,0.6450615840000182,0.2532138755549175,0.999299720136317,False
16,z,0,0.01159816699998828,1.270376230898712,0.9941626080914981,False
16,z,1,0.003438415999994504,15.778164026187167,0.9274991732549008,False
16,z,2,0.005746208000005026,217.38033255691244,0.0011351255860114762,False
16,z,3,0.006155415999955949,52.512841229950276,0.7587029519032352,False
16,z,4,0.008360833999972783,0.008502643258305765,0.9999609302663655,False
16,z,5,0.06388849999996182,12.004666945369713,0.9448384313349548,False
16,z,6,0.011025042000028407,0.007284027555803811,0.9999665298181111,False
16,z,7,0.005149375000087275,0.18210753840686636,0.9991632139791994,False
16,z,8,0.009125708000055965,82.02781348104789,0.6230813494143974,False
16,z,9,0.008161542000038935,172.18044985723122,0.2088290536672177,False
16,z,10,0.0030029170000034355,7.067939054827431,0.9675227470060219,False
16,z,11,0.01909362499998224,13.713454573837641,0.9369865345242674,False
16,z,19,0.007951042000058806,0.025963661055817048,0.9998806967091513,False
16,z,20,0.006455749999986438,22.694949187761946,0.8957164739623781,False
16,z,21,0.008242500000051223,0.041112466090163585,0.9998110877934772,False
16,z,22,0.005225542000061978,554.4474640999052,-1.5476918269609832,False
16,z,23,0.003144749999933083,37.77290609101162,0.8264331061828163,False
16,z,24,0.00641866699993443,180.333477550355,0.17136580716742789,False
16,z,25,0.00648183299995253,204.04788034794623,0.06239788125804513,False
16,z,26,0.03790533299991239,42.983594137239905,0.8024899407653854,False
16,z,27,0.005555249999929401,3.7071325307464003,0.9829656877133052,False
16,z,28,0.007713040999988152,457.8132648202702,-1.1036566826947563,False
16,z,29,0.006913208000014492,0.29821052177583124,0.9986297195708607,False
16,z,30,0.005459875000042302,4.190224489324571,0.9807458751715737,False
16,z,31,0.005985375000022941,71.66157505998942,0.6707143220794158,False
16,z,33,0.004117749999977605,0.2546713537980829,0.9988297824976334,False
16,z,34,0.004061417000002621,0.06149250906371234,0.9997174412854151,False
16,z,35,0.00296549999995932,0.7758909537937921,0.9964347730495937,False
16,z,36,0.006125540999960322,215.35564651280293,0.01043857888093025,False
16,z,37,0.005720999999994092,5.03164075135684,0.9768795587527013,False
16,z,38,0.00290612499998133,235.83605730069914,-0.08366912032522,False
16,z,39,0.06555245799995646,20.25532411753575,0.9069265763701049,False
16,z,40,0.0053305000000136715,9697.664289834764,-43.56086762328766,False
16,z,41,0.0059369159999960175,334.1620936547504,-0.5354782734311065,False
16,z,42,2.4901234589999603,2.5287890252436915e-06,0.9999999883801883,False
16,z,47,0.4244911250000314,52.832381751153164,0.7572346599063136,False
16,z,50,5.328982875000065,8187.028543408545,-36.619480758198314,False
16,z,51,0.44705866700007846,42.94598303964153,0.8026627641475068,False
16,z,52,0.17206508300000678,280.5567602609667,-0.28916121255218297,False
16,z,53,0.37691208299997925,1322.9138479409987,-5.078802801712306,False
16,z,54,0.21747720799999115,0.002305884927948185,0.999989404434928,False
16,z,55,0.5320044169999392,11.514801375292603,0.9470893686915195,False
16,z,56,0.4680267499999218,30.14830181041416,0.8614682416415469,False
16,z,57,0.4716616250000243,18.46691070972676,0.9151443544596831,False
16,z,58,0.18800149999992755,5.648719183884343,0.974044076978614,False
16,z,59,0.7906487090000383,1.4897578635878919,0.9931545472222958,False
17,x,0,0.014352000000030785,1.9271698425787336,0.970122848484664,False
17,x,1,0.003576165999902514,12.631549051110328,0.8041715387324487,False
17,x,2,0.005790958000034152,63.29650813151177,0.018706435699315405,False
17,x,3,0.006294707999927596,6.324876235014297,0.9019446644430614,False
17,x,4,0.0065410419999807345,56.12678908060208,0.12985947352382987,False
17,x,5,0.011658791999934692,453.0858422803482,-6.0242456374005675,False
17,x,6,0.00638695899999675,59.367089749652735,0.07962469301536701,False
17,x,7,0.005487334000008559,90.20933998244467,-0.3985265124051205,False
17,x,8,0.00644824999994853,44.6421612371459,0.30790707399740824,False
17,x,9,0.007284166999966146,55.32095477119624,0.14235242210907817,False
17,x,10,0.003279916999986199,7.723166163550377,0.8802668033982147,False
17,x,11,0.018526667000060115,11.014467912921939,0.8292413468577141,False
17,x,19,0.009459541999945031,0.31326576310589027,0.995143402277218,False
17,x,20,0.012433833000045524,64.50313182846303,-1.421507356269558e-10,False
17,x,21,0.06723512500002471,1.921642740337044,0.970208535831709,False
17,x,22,0.0050323339999067684,837.6721567584436,-11.98653465548295,False
17,x,23,0.0030618329999470006,21.69011817203304,0.6637354255480474,False
17,x,24,0.00761899999997695,36.916223082740814,0.4276832451149505,False
17,x,25,0.005967583000028753,58.57562181020654,0.09189491799705618,False
17,x,26,0.004513499999916348,65.14693374096916,-0.009980940514315417,False
17,x,27,0.0052380839999841555,5.814159115628041,0.9098623748701619,False
17,x,28,0.010591708999982075,353.6404025766004,-4.482530733039872,False
17,x,29,0.007736040999930083,1.4547960595680889,0.9774461174436659,False
17,x,30,0.04003629099997852,29.638087488744503,0.5405170779648982,False
17,x,31,0.008077416999981324,185.70505341384154,-1.879008323721337,False
17,x,33,0.003836125000020729,98.69916597551078,-0.530145330803744,False
17,x,34,0.004241916999944806,0.40919361995543585,0.993656220893246,False
17,x,35,0.002921582999988459,110.71345009422313,-0.7164042577713605,False
17,x,36,0.006768249999936415,61.27813001999998,0.04999760024565536,False
17,x,37,0.004295749999982945,0.42066811038116675,0.9934783304544085,False
17,x,38,0.002920041999914247,247.10535265513863,-2.8309047279658723,False
17,x,39,0.008294417000001886,0.18077444810546078,0.9971974314578724,False
17,x,40,0.005791499999986627,3696.2535937319894,-56.30347487757776,False
17,x,41,0.007286125000064203,303.32455109989485,-3.702477888200244,False
17,x,42,2.8355097500000284,1.372193480183287e-05,0.9999997872671541,False
17,x,53,0.18861704100004317,93.97350053047913,-0.4568827571620382,False
17,x,57,1.5102292909999733,5.1466608232626205,0.9202106831389049,False
17,y,0,0.011313874999927975,9.400873426875458,0.9884765086712272,False
17,y,1,0.0034252080000669594,0.9935718055493599,0.9987820901775968,False
17,y,2,0.006565833999957249,814.2752055173548,0.0018700556919772904,False
17,y,3,0.0062527920000547965,262.1824615089964,0.6786195085748095,False
17,y,4,0.0070007919999852675,7.606428045394677,0.9906761208619769,False
17,y,5,0.0632082919998993,0.08728317507153642,0.9998930092061223,False
17,y,6,0.00666062499999498,7.882339567011144,0.990337911433716,False
17,y,7,0.0044960420000279555,16.278438213361845,0.9800460624157146,False
17,y,8,0.0075679159999708645,78.72696654117573,0.9034973161446601,False
17,y,9,0.008780333000004248,661.5296419085469,0.1891039538447421,False
17,y,10,0.0031263750000789514,7.889155377132975,0.990329556685676,False
17,y,11,0.0190138330000309,6.142637612368344,0.9924704197101984,False
17,y,19,0.005503500000031636,0.016930169929784473,0.9999792471765631,False
17,y,20,0.006550707999963379,16.139841372775134,0.9802159529586647,False
17,y,21,0.007820417000061752,5.3022556744512235,0.993500551011271,False
17,y,22,0.006722500000023501,3464.5722934849955,-3.246836115008775,False
17,y,23,0.0031394589999536038,31.003888323270502,0.9619957612417089,False
17,y,24,0.0076178340000296885,7.607283736106138,0.9906750719653429,False
17,y,25,0.007735750000051667,727.4495167229813,0.10830006772429945,False
17,y,26,0.038358000000016546,15.119914087572838,0.9814661690495874,False
17,y,27,0.005499333000102524,13.452651776002924,0.9835098815768978,False
17,y,28,0.007702124999923399,4126.755145349698,-4.058532859027284,False
17,y,29,0.00640016599993487,19.137954866887306,0.9765408971119057,False
17,y,30,0.006511959000022216,11.453164001523593,0.9859608325667633,False
17,y,31,0.006627374999993663,27.148574806432578,0.9667215638202198,False
17,y,33,0.003632707999940976,10.496041690357888,0.9871340629840308,False
17,y,34,0.004123000000049615,0.09408358055838967,0.9998846733409211,False
17,y,35,0.0030814169999757723,11.17523589406589,0.9863015139046435,False
17,y,36,0.005765916999962428,803.7187697649285,0.014810023111181625,False
17,y,37,0.00574116600000707,63.9275792732649,0.9216382487058172,False
17,y,38,0.0029409999999643333,155.84521344595672,0.8089665838238898,False
17,y,39,0.06546679200005201,4.394417422419171,0.9946133695495264,False
17,y,40,0.007281832999979088,18628.288197693233,-21.834358869497784,False
17,y,41,0.006239457999981823,4016.4279068088736,-3.9232948956037914,False
17,y,42,3.139028416999963,2.404308936140384e-07,0.9999999997052823,False
17,y,53,0.22096029199997247,55.10152444486965,0.9324571334693885,False
17,y,57,0.4636259169999448,6.308110687951208,0.9922675845623309,False
17,y,58,0.7711510419999286,795.2197297232717,0.025228056603999183,False
17,z,0,0.01172541700009333,1.168243573972396,0.9840200406611039,False
17,z,1,0.0032177499999761494,2.1512257332693325,0.9705742017227282,False
17,z,2,0.005556208999905721,69.28377539046848,0.05229359848286763,False
17,z,3,0.005941916999972818,33.54937250576856,0.5410908988228456,False
17,z,4,0.006874417000062749,20.386511567206373,0.7211406652140596,False
17,z,5,0.00949666700000762,1110.8353888657723,-14.1946946182828,False
17,z,6,0.006090292000067166,21.459186589863727,0.7064679517253577,False
17,z,7,0.004879292000055102,35.657802225277976,0.5122504909341765,False
17,z,8,0.007742124999936095,18.20454760025707,0.7509869200941314,False
17,z,9,0.010104833000013969,55.265411714718724,0.2440454613025569,False
17,z,10,0.0033228749999807405,5.961859568882504,0.9184499914080401,False
17,z,11,0.01774245899991911,3.7908563226572034,0.9481463187598149,False
17,z,19,0.005103207999923143,0.09957019553184973,0.998638017181165,False
17,z,20,0.01086158299995077,73.1067926808376,-3.9759928682769896e-10,False
17,z,21,0.009458166999934292,73.10679266078068,-1.2324807840968788e-10,False
17,z,22,0.005029000000035921,965.4110119914931,-12.205489900097731,False
17,z,23,0.0029453329999569178,0.06156173978301919,0.9991579203853702,False
17,z,24,0.008735542000067653,69.94378496305272,0.04326557866905789,False
17,z,25,0.007613874999947257,65.57487536738292,0.10302623068507832,False
17,z,26,0.004417624999973668,28.39132904229546,0.611645812755979,False
17,z,27,0.0052027079999561465,7.737401928312816,0.8941630230563063,False
17,z,28,0.006953875000021981,1142.223698806376,-14.624043366902036,False
17,z,29,0.00607720799996514,4.250326562389204,0.9418614001761124,False
17,z,30,0.005332082999984777,5.293962741823956,0.927585897974752,False
17,z,31,0.008452207999994243,397.31569984002346,-4.434730281939155,False
17,z,33,0.003682791999949586,34.174062728747494,0.5325459989534924,False
17,z,34,0.004132375000040156,0.045477860629056246,0.9993779256485005,False
17,z,35,0.0029274580000446804,38.10287314218668,0.4788052961961812,False
17,z,36,0.005935041999919122,72.81014914368681,0.004057673676050699,False
17,z,37,0.004177374999926542,7.600478179840353,0.8960359509130197,False
17,z,38,0.00337970900000073,204.24601222086952,-1.7938034868217319,False
17,z,39,0.008910874999969565,0.05543406917932022,0.9992417384600174,False
17,z,40,0.005975250000005872,2777.2221637082102,-36.98856526146553,False
17,z,41,0.0071491249999553474,1180.1720962927425,-15.143125056986928,False
17,z,42,2.7470902920000526,2.532002107635922e-07,0.9999999965365707,False
17,z,53,0.21121737500004656,688.9130316380413,-8.423379232618517,False
17,z,57,3.213454333999948,8.613522728790674,0.8821788999851291,False
17,z,58,0.47741949999999633,0.11396736699798009,0.9984410837507146,False
18,x,0,0.02223745800006327,11.688880246546667,0.9846072987029483,False
18,x,1,0.007695040999919911,0.9736064668708679,0.9987178897200313,False
18,x,2,0.012402334000057635,759.1710143863628,0.00027270265845735775,False
18,x,3,0.012275833000103376,253.6794330926211,0.6659379122346836,False
18,x,4,0.014703917000019828,3.237748558669322,0.9957363155933366,False
18,x,5,0.021991332999959923,3228.4268149422223,-3.2514089094615537,False
18,x,6,0.012599958999999217,3.441352102598576,0.9954681967942198,False
18,x,7,0.009200792000001456,11.167023799309323,0.9852945142653319,False
18,x,8,0.011331375000054322,2.5073137419836784,0.9966982011386634,False
18,x,9,0.0194421250000687,596.9021249413471,0.21395925708862917,False
18,x,10,0.005548832999920705,9.213477168279418,0.9878670754625594,False
18,x,11,0.03739312499999414,7.669167297232625,0.9899007262532016,False
18,x,19,0.010927874999993037,0.21767187925770753,0.9997133550735818,False
18,x,20,0.02135491700005332,759.3780992120427,-5.259030988469249e-10,False
18,x,21,0.01919233399996756,759.3780994401098,-8.262370787548434e-10,False
18,x,22,0.014259957999911421,2269.7967001351444,-1.989020494117566,False
18,x,23,0.006897750000007363,27.652141780756338,0.9635858055111262,False
18,x,24,0.01703545899999881,679.4135432898636,0.10530268867096204,False
18,x,25,0.01480479099996046,681.1905363985161,0.10296262499065534,False
18,x,26,0.07951279200005956,12.10694678252335,0.9840567606552612,False
18,x,27,0.010017000000061671,14.10251456791902,0.9814288631842703,False
18,x,28,0.0223353330000009,3407.222506709312,-3.4868590653807754,False
18,x,29,0.013124749999974483,20.798305518057234,0.9726113966802885,False
18,x,30,0.01087900000004538,12.902653540684495,0.9830089206406423,False
18,x,31,0.012940208000031816,3.2820256261481036,0.9956780085819177,False
18,x,33,0.007817625000029693,5.884416516371232,0.9922510057564581,False
18,x,34,0.009182792000046902,0.019892921700379807,0.9999738036668012,False
18,x,35,0.005601374999969266,6.363958755155359,0.9916195123811107,False
18,x,36,0.013559374999999818,752.75449030575,0.008722411822634557,False
18,x,37,0.008308292000037909,21.843204644447606,0.971235403445793,False
18,x,38,0.005861291999963214,151.71439626570793,0.8002123099113353,False
18,x,39,0.13815587500005222,4.122022472362329,0.9945718444095145,False
18,x,40,0.012779750000049717,1039.5443954526338,-0.36894176573962945,False
18,x,41,0.010902292000082525,3494.272492253706,-3.601492323411917,False
18,x,42,3.3877296249999063,2.333802499691683e-08,0.9999999999692669,False
18,x,47,0.8123714580000296,645.6327730409068,0.14978747207698218,False
18,x,50,0.698846875000072,50.930651511183186,0.9329311029764814,False
18,x,51,0.400080207999963,61.23769815020667,0.9193580928315496,False
18,x,52,0.38563525000006393,895.5672949138163,-0.17934306548223145,False
18,x,53,0.4082607500000677,10342.448328988046,-12.619629464108698,False
18,x,54,7.027533041999959,0.0003095972838241029,0.9999995923015369,False
18,x,55,0.5616902079999591,17.713996453688488,0.9766730216720958,False
18,x,56,1.3334759580000082,133.42612708385906,0.8242955290750731,False
18,x,57,5.145470458000091,8.287757345228021,0.9890861253989465,False
18,x,59,0.4665692499999068,0.0058025992128503,0.999992358748268,False
18,y,0,0.029535083000041595,1.2236848118947905,0.9872338341180509,False
18,y,1,0.009998167000048852,0.8434936464687898,0.991200201468124,False
18,y,2,0.015554916999917623,95.76722368551702,0.0009026411548244129,False
18,y,3,0.01748333300008653,26.75215723695151,0.7209065000503797,False
18,y,4,0.01242279099994903,0.031551468259036396,0.9996708373972623,False
18,y,5,0.0432679589999907,303.4976897805325,-2.166258022380147,False
18,y,6,0.014378500000020722,0.03088685747141159,0.9996777709895397,False
18,y,7,0.011576417000014771,0.06770130719102413,0.9992937020140937,False
18,y,8,0.021362916000043697,18.733695629524604,0.8045595862073842,False
18,y,9,0.02397454199990534,74.97696266967677,0.21779829784461047,False
18,y,10,0.008389333000081933,0.28151995389497503,0.9970630260377776,False
18,y,11,0.04721979100008866,0.7919948007531298,0.9917374662937918,False
18,y,19,0.015832999999929598,0.033353135784841316,0.9996520413917264,False
18,y,20,0.016493207999928927,2.7463383668987267,0.9713486587240532,False
18,y,21,0.02508991700005936,0.23927077700946056,0.9975037931334002,False
18,y,22,0.015060625000046457,490.08670760342216,-4.112859246913267,False
18,y,23,0.008622084000080577,5.8731373110935285,0.9387281394423883,False
18,y,24,0.015229041999987203,81.93292434697611,0.14522980653238848,False
18,y,25,0.018624291000037374,87.09878665265815,0.09133663528714864,False
18,y,26,0.09278795799991713,4.769253862807809,0.9502444703457135,False
18,y,27,0.01407041700008449,0.46837262775671057,0.9951136742056576,False
18,y,28,0.021154290999902514,315.3282693480998,-2.28968125994187,False
18,y,29,0.017397916999925656,1.2139201063647256,0.9873357049996483,False
18,y,30,0.011971041999913723,0.49461990260896277,0.9948398479217518,False
18,y,31,0.014749625000035849,38.90806481806757,0.5940892582919579,False
18,y,33,0.009611417000087386,0.1155555425363093,0.9987944598067595,False
18,y,34,0.01112250000005588,0.08790294569259206,0.9990829471974193,False
18,y,35,0.007720083999970484,0.1508427029991867,0.9984263243689464,False
18,y,36,0.018603500000040185,94.74695645803342,0.011546640772507,False
18,y,37,0.013676457999963532,32.444718968061665,0.6615185051629873,False
18,y,38,0.007338249999975233,163.17056450178345,-0.7022867925079292,False
18,y,39,0.15194741699997394,1.608107223921221,0.9832233240316591,False
18,y,40,0.014340500000002976,9045.914756221628,-93.37205333380065,False
18,y,41,0.0147698749999563,1.331292144801569,0.9861112141029549,False
18,y,42,5.2251835409999785,9.420026789232383e-10,0.9999999999901725,False
18,y,47,2.415919457999962,76.85435805377884,0.19821225684248212,False
18,y,51,7.8031766670000025,3556.2087395889057,-36.10036296857514,False
18,y,52,0.4345381670000279,2.0956093449131075,0.9781374286410415,False
18,y,53,0.6279088750000028,2128.342027360841,-21.20405705023047,False
18,y,54,0.4888791250000395,0.00025186754423237934,0.9999973723765967,False
18,y,55,8.070296541999937,0.5672522745755223,0.9940821063040483,False
18,y,56,11.344138292000025,464.8776512592688,-3.8498642404470624,False
18,y,57,1.1965040830000362,12.53228730095039,0.8692561540283846,False
18,y,58,0.5785439160000578,10881.807623604722,-112.52511681769636,False
18,y,59,0.48227529199994024,0.0034111594770257787,0.9999644128722444,False
18,z,0,0.027465375000019776,1.549997188609945,0.9817248336917093,False
18,z,1,0.008504582999989907,0.014841080004669443,0.999825016969532,False
18,z,2,0.015618000000017673,84.75711420094521,0.000675375919757415,False
18,z,3,0.01589116599996032,28.641686387480423,0.6623015925915765,False
18,z,4,0.014811332999897786,0.21132116220482344,0.9975084281364291,False
18,z,5,0.0292341670000269,355.0976051206716,-3.1867610063705083,False
18,z,6,0.015166083000053732,0.21495610953237004,0.9974655704671244,False
18,z,7,0.01060766600005536,0.5198078911948485,0.9938712303933486,False
18,z,8,0.019192500000031032,8.6809885785804,0.8976472272596795,False
18,z,9,0.021871540999995887,64.19247106176361,0.2431417985693598,False
18,z,10,0.007430124999928012,1.2837529173144708,0.984863973796162,False
18,z,11,0.04498429200009468,0.5938764678259589,0.9929979284505458,False
18,z,19,0.012682124999969346,0.004262271527102109,0.999949745895295,False
18,z,20,0.015839165999977922,0.7321544776433296,0.9913675683152102,False
18,z,21,0.024391375000050175,0.4933926142874091,0.9941826784282937,False
18,z,22,0.013012458999924092,549.529453982816,-5.479200244128584,False
18,z,23,0.012256041999989975,1.9863603169713668,0.9765799154943009,False
18,z,24,0.016364667000061672,76.70507270003809,0.09561257879449603,False
18,z,25,0.01858166599993183,77.08051493276443,0.09118594544790048,False
18,z,26,0.09091758399995342,0.610205704612762,0.992805399380068,False
18,z,27,0.013102249999974447,2.1960220029199014,0.9741079096046501,False
18,z,28,0.022465334000003168,373.84993453818936,-3.407859432413674,False
18,z,29,0.015361374999997679,2.1239256851851236,0.9749579577250599,False
18,z,30,0.01528895800004193,1.8184896655453173,0.9785591862282327,False
18,z,31,0.014780333999965478,29.111681136489548,0.6567601424100649,False
18,z,33,0.009173374999932093,0.23466639415798837,0.9972331773168891,False
18,z,34,0.01025325000000521,0.028169118735268506,0.9996678733784629,False
18,z,35,0.007799458000022241,0.25818244572272575,0.9969559124570442,False
18,z,36,0.01414050000005318,84.27586540010529,0.006349516450878334,False
18,z,37,0.01651983299996118,56.55429167853878,0.33319938031644425,False
18,z,38,0.0073968750000403816,141.408357368425,-0.6672683455689195,False
18,z,39,0.1549267500000724,0.09563645787900989,0.9988724030045227,False
18,z,40,0.013976875000025757,9443.541406573248,-110.34361469334655,False
18,z,41,0.014572625000027983,380.4419879491893,-3.4855827168715,False
18,z,42,1.6369325420000678,4.166700626344525e-09,0.9999999999508727,False
18,z,47,15.432219625000016,73.95508147955067,0.12803621625013406,False
18,z,50,12.289972999999918,28577.193762748808,-335.93801025977746,False
18,z,51,0.6783414170000697,67.93030103589619,0.1990710964343141,False
18,z,52,0.7706170829999337,856.296150855611,-9.096118032362163,False
18,z,53,0.47114995899994483,2767.7859316403933,-31.63344513020565,False
18,z,54,0.46043379200000345,0.0008472727285977853,0.999990010272188,False
18,z,55,0.5534049999999979,0.7071188001798281,0.9916627502501507,False
18,z,56,3.2552112910000233,33.49900021386233,0.605031670658171,False
18,z,57,1.4774714589999576,14.066235467936412,0.8341527362777652,False
18,z,58,1.0351012920000358,4.265332338384044,0.9497098069487434,False
18,z,59,0.4729712500000005,0.003859208447794836,0.999954498190887,False
19,x,0,0.029269666999994115,9.150041007523528,0.9858308437612865,False
19,x,1,0.008733208999956332,1.5722798138341083,0.997565270110279,False
19,x,2,0.01467170899991288,645.5416391817571,0.0003563550545140348,False
19,x,3,0.01591774999997142,209.19562370106777,0.6760533123033747,False
19,x,4,0.01612470800000665,2.1096081070266752,0.9967331985893463,False
19,x,5,0.026399500000025,2601.1397138145157,-3.027955172381823,False
19,x,6,0.01726404199996523,2.227138114332831,0.9965511992917596,False
19,x,7,0.010461957999950755,7.330845638015176,0.9886479309632032,False
19,x,8,0.01799900000003163,78.60664179381587,0.8782748855375232,False
19,x,9,0.021900249999930566,506.1490378193528,0.21621063872391322,False
19,x,10,0.007837875000063832,6.194549198535192,0.9904075254580528,False
19,x,11,0.04417695899996943,6.1583918344544895,0.9904635163919097,False
19,x,19,0.013580417000071066,0.0891565117449345,0.9998619380455701,False
19,x,20,0.015497374999995372,14.060365942373462,0.9782270350868193,False
19,x,21,0.019047249999971427,4.974025691514453,0.9922975484918053,False
19,x,22,0.014502500000048713,2331.182955942322,-2.6099177584683235,False
19,x,23,0.007769082999971033,27.259902213475936,0.9577870948122309,False
19,x,24,0.018741999999974723,6.591018208293266,0.9897935794289092,False
19,x,25,0.017380875000071683,582.7752369248986,0.09755230853582642,False
19,x,26,0.08854500000006738,12.463920904804738,0.9806991856646398,False
19,x,27,0.01303970800006482,9.549678265841147,0.9852119915892299,False
19,x,28,0.022625040999969315,2740.926871514509,-3.2444204402410914,False
19,x,29,0.01573095799994917,15.665916104973741,0.9757407849067086,False
19,x,30,0.016016417000059846,9.002710971218027,0.9860589894385957,False
19,x,31,0.014847374999931162,29.687082201054817,0.9540285223167408,False
19,x,33,0.009436124999979256,3.4737017585734096,0.9946208522012688,False
19,x,34,0.009943083000052866,1.3068445868161257e-05,0.9999999797630578,False
19,x,35,0.007218291000071986,3.6528697116336537,0.9943434044042815,False
19,x,36,0.015381916999899659,639.9150391040498,0.009069340660615488,False
19,x,37,0.015299375000040527,53.18679642439757,0.9176383988056136,False
19,x,38,0.007682124999973894,158.53866892474292,0.7544973658560331,False
19,x,39,0.15220133399998304,4.938403796122058,0.992352710233804,False
19,x,40,0.017977792000010595,15765.698349285669,-23.41373136358382,False
19,x,41,0.014762832999963393,2807.4314277120684,-3.3474050549083563,False
19,x,42,6.596714541999972,8.629709865349102e-08,0.9999999998663659,False
19,x,47,0.714521457999922,10.902619364057685,0.9831169153172609,False
19,x,50,0.7862558329999274,164.40709630117703,0.74540990228031,False
19,x,51,0.46553020799990463,75.57837576002,0.8829642606485155,False
19,x,52,0.4660596249999571,902.4743285678103,-0.3975128365426017,False
19,x,53,0.4236468750000313,10687.494073614045,-15.54995570018183,False
19,x,54,8.240033249999897,0.001743964001694395,0.9999972994111835,False
19,x,55,0.8012047920000214,11.699509920158222,0.9818829026188194,False
19,x,56,2.5675749160000123,49.39909779096346,0.9235037816687243,False
19,x,57,5.858504417000063,11.22360159161203,0.9826198631916662,False
19,x,59,0.49364775000003647,0.8544299913809934,0.9986768854879486,False
19,y,0,0.028121958999918206,3.710572392391754,0.982029379348527,False
19,y,1,0.008682375000034881,0.011954064133299682,0.999942105441138,False
19,y,2,0.01567595899996377,206.33253771113118,0.0007138060787299505,False
19,y,3,0.015363832999923943,72.70028450720928,0.6479062807635718,False
19,y,4,0.014972667000051842,1.1432455436427351,0.9944631636837442,False
19,y,5,0.025471374999938234,945.9353139476366,-3.5812459346273062,False
19,y,6,0.01674249999996391,1.2036837541542473,0.9941704562415762,False
19,y,7,0.011013041999945017,3.2048456529167115,0.9844786573647831,False
19,y,8,0.021195833000092534,17.00179552150476,0.917658844673844,False
19,y,9,0.02225795799995467,157.65161959357678,0.2364796718114024,False
19,y,10,0.007780625000009422,3.6961708346191475,0.982099127329203,False
19,y,11,0.04406383299999561,2.077248742966036,0.9899397060046226,False
19,y,19,0.013041749999956664,0.024271789585230304,0.9998824496392894,False
19,y,20,0.01659150000000409,2.140717791390671,0.9896323199542418,False
19,y,21,0.019171791999951893,1.812659137055178,0.9912211361812434,False
19,y,22,0.011596042000064699,986.2543610121782,-3.776514540978023,False
19,y,23,0.00773579199994856,4.761780953060134,0.9769382860422525,False
19,y,24,0.02745425000000523,2.7852575970843763,0.9865107583410941,False
19,y,25,0.017904124999972737,186.97261656761802,0.09447556623893283,False
19,y,26,0.08667483299996093,2.1731119104321923,0.989475432454667,False
19,y,27,0.013015958000096362,5.8379983479370114,0.9717260728048811,False
19,y,28,0.02383066700008385,994.6263395095714,-3.8170607515808417,False
19,y,29,0.014975416999959634,6.262612164456969,0.969669631638095,False
19,y,30,0.014162499999997635,4.920395197219137,0.9761701036406515,False
19,y,31,0.015156582999907187,24.427101936465007,0.8816974482386734,False
19,y,33,0.009090666000020065,1.8458946902744091,0.9910601735437082,False
19,y,34,0.009923624999942149,0.00024057788934389346,0.9999988348606281,False
19,y,35,0.007910041999934947,2.0874289024451045,0.989890402618292,False
19,y,36,0.014716082999939317,205.20870408963262,0.00615662878951484,False
19,y,37,0.01557691599998634,90.63135517050661,0.561064566146823,False
19,y,38,0.007541542000012669,136.3016050557497,0.33987962513111536,False
19,y,39,0.14694862499993633,0.23886001069858231,0.9988431804618952,False
19,y,40,0.01485149999996338,11669.276637355255,-55.515308569909855,False
19,y,41,0.01492241699997976,1012.4694496697216,-3.903476465929379,False
19,y,42,6.992632624999942,3.0619254016162645e-08,0.9999999998517083,False
19,y,47,0.6430155839999543,13.251402138306878,0.9358223218024498,False
19,y,51,8.389829332999966,4596.007795095439,-21.25886032198812,False
19,y,52,0.4567305000000488,4.292203181520674,0.9792124915033836,False
19,y,53,0.5565474999999651,2173.493284803401,-9.526414574154005,False
19,y,54,0.553149167000015,0.0008806015784070567,0.9999957351709555,False
19,y,55,0.5102485419999994,0.02541515119382995,0.9998769122408606,False
19,y,56,9.220469833000038,508.826117541359,-1.4642885703150634,False
19,y,57,0.893894375000059,12.244506329852046,0.9406988046454746,False
19,y,58,0.543466125000009,10879.079987655716,-51.688318356504496,False
19,y,59,0.5127445829999715,0.6886527258266768,0.9966647957275246,False
19,z,0,0.02770508300000074,0.028556568901793863,0.9873553695994565,False
19,z,1,0.008677499999976135,0.010194880284336991,0.9954857849478853,False
19,z,2,0.015409750000003442,2.2572273129365352,0.000517001876175871,False
19,z,3,0.015341292000016438,0.6864604413745353,0.6960405644100431,False
19,z,4,0.018320916999982728,0.004600980336518083,0.9979627210805502,False
19,z,5,0.04129583300004924,8.26573894124129,-2.6600060132858094,False
19,z,6,0.09566883299999063,0.004617133570616963,0.9979555685519794,False
19,z,7,0.010421249999922111,0.012139101724403089,0.9946248985574021,False
19,z,8,0.014250584000023991,0.004266244284826029,0.9981109396452503,False
19,z,9,0.021838999999999942,1.7618577488148448,0.2198628578695282,False
19,z,10,0.0076618329999291745,0.013380607085273251,0.9940751694746652,False
19,z,11,0.04590237499996874,0.01836451707057937,0.9918683322341515,False
19,z,19,0.014135959000100229,1.6594932256563065e-05,0.9999926518908617,False
19,z,20,0.015581624999981614,0.05530776352136305,0.9755101451293622,False
19,z,21,0.017723667000041132,0.011300272688538376,0.9949963256418054,False
19,z,22,0.01392566699996678,450.1862581215124,-198.3390335136734,False
19,z,23,0.007693541999969966,0.11241331456110643,0.9502242436893061,False
19,z,24,0.016479000000003907,1.9742137959537445,0.12583322361528448,False
19,z,25,0.018795249999925545,2.0488299411270834,0.09279376495780878,False
19,z,26,0.08616237500007173,0.06243137149548866,0.9723558659769559,False
19,z,27,0.012971208000067236,0.022117605358454192,0.9902064934318784,False
19,z,28,0.019906500000047345,8.682726838872986,-2.844645066569317,False
19,z,29,0.015662749999933112,0.04175507945232862,0.9815111700276129,False
19,z,30,0.013055874999963635,0.02131614216456461,0.9905613752071094,False
19,z,31,0.01516300000002957,45.434535026250515,-19.11806477182901,False
19,z,33,0.009912374999998974,0.0046228176550253686,0.9979530516828571,False
19,z,34,0.00967666700000791,0.00047568141034124036,0.9997893719079887,False
19,z,35,0.007469207999974969,0.004617130879892209,0.9979555697434118,False
19,z,36,0.014707624999914515,2.23622122432338,0.00981833732679871,False
19,z,37,0.01028879099999358,26.77094738835738,-10.853970845107751,False
19,z,38,0.007372874999987289,151.42493350065484,-66.04980294122043,False
19,z,39,0.152406166999981,0.02458817254702038,0.9891125451677658,False
19,z,40,0.011990125000011176,7086.933079986463,-3137.0397896536224,False
19,z,41,0.014930958000036298,8.443197227295183,-2.738583185717911,False
19,z,42,6.442534459000058,1.3818680482880026e-09,0.9999999993881193,False
19,z,47,0.8535082919999013,7.476560769261615,-2.3105639518400904,False
19,z,50,12.44137575000002,10503.850630865776,-4650.024759542118,False
19,z,51,0.7175214589999541,80.57803452119897,-34.679337683274504,False
19,z,52,0.521172125000021,932.9337443049216,-412.09592988917785,False
19,z,53,0.4500167920000422,2844.963930578445,-1258.7282792885608,False
19,z,54,0.47437812500004384,0.0017411711727450584,0.9992290227156085,False
19,z,55,0.673631916999966,0.02280547780784154,0.9899019087699349,False
19,z,56,0.7893464580000682,21.828498079436596,-8.66549207513902,False
19,z,57,1.3091469590000315,13.454070905241567,-4.957359743200767,False
19,z,58,0.40168695900001694,5.31436096945207,-1.3531584100628553,False
19,z,59,2.1162836249999373,0.7408608989997814,0.6719524576540366,False
20,x,0,0.028682750000029955,0.2144414284881055,0.9849426048103428,False
20,x,1,0.008313832999988335,0.35179560422945044,0.9752980313728843,False
20,x,2,0.015987250000080167,14.221852909615288,0.001386713849786947,False
20,x,3,0.015996166000036283,4.787796036850964,0.6638161873728698,False
20,x,4,0.014963792000003195,0.8477674479178904,0.9404724656880616,False
20,x,5,0.023257291000049918,94.65215421637895,-5.646173277415212,False
20,x,6,0.016980541999942034,2.97935831368354,0.7907989335035978,False
20,x,7,0.011970707999921615,2.636364989373801,0.8148828340257978,False
20,x,8,0.026810041999965506,1.1846332029789743,0.916818823592974,False
20,x,9,0.022184000000038395,12.31204909274748,0.13548706473832484,False
20,x,10,0.008555583999964256,0.47633849621969504,0.9665530255408422,False
20,x,11,0.04481495899995025,0.6471639768961895,0.9545582035088123,False
20,x,19,0.018106916999954592,0.1992875056223555,0.9860066650848519,False
20,x,20,0.016041624999957094,1.0281039193131734,0.9278098121324886,False
20,x,21,0.017639959000007366,0.40763429159582,0.9713772163117508,False
20,x,22,0.01701991699997052,404.0374076565647,-27.370221936042352,False
20,x,23,0.007255624999970678,1.1676428182462126,0.9180118343798784,False
20,x,24,0.01748025000006237,0.4213258872579747,0.9704158360033115,False
20,x,25,0.02151741700004095,11.6736419700673,0.180313982773058,False
20,x,26,0.011956374999954278,2.2292387583162583,0.8434699433186699,False
20,x,27,0.013518207999936749,0.42269593443970943,0.9703196356469284,False
20,x,28,0.01941658299995197,101.32756287327611,-6.114899245657559,False
20,x,29,0.017128749999983484,0.5661326996721057,0.960247962117902,False
20,x,30,0.013662084000088726,0.530019585054135,0.9627837101875075,False
20,x,31,0.015393041000038465,44.42768314552286,-2.119570631474851,False
20,x,33,0.009109041999977308,2.2530608559088914,0.841797231379434,False
20,x,34,0.009622333000038452,0.1713817680206623,0.9879661172396433,False
20,x,35,0.007957916999998815,2.376006746860118,0.8331643618819256,False
20,x,36,0.01578866600004858,14.016721075979508,0.015790418893209868,False
20,x,37,0.011683166000011624,32.51403848952486,-1.2830323888448403,False
20,x,38,0.0075093750000405635,161.6844062142992,-10.352964851699824,False
20,x,39,0.14900479199991423,0.5012223184741843,0.9648057626721107,False
20,x,40,0.013195833000054336,7966.782737689841,-558.4021496559308,False
20,x,41,0.01449079199994685,0.6499672166854628,0.9543613689250471,False
20,x,42,7.237439999999992,4.981666729120986e-07,0.9999999650203204,False
20,x,47,0.6382444579999174,20.59824550893829,-0.4463432976938415,False
20,x,50,11.513468166000052,1412.876174809916,-98.20767208162891,False
20,x,51,0.5760193329999765,87.79668320632067,-5.164803903328011,False
20,x,52,0.471441958000014,292.5825496614897,-19.544216231496087,False
20,x,53,0.48398016600003757,9531.257592895749,-668.2545989946727,False
20,x,54,8.20063704200004,0.015802776728092768,0.9988903792706174,False
20,x,55,0.665348999999992,7.828611183554715,0.45029981749309467,False
20,x,56,12.245960042000092,198.18102514629703,-12.915641374701524,False
20,x,57,5.686075208000034,8.759746264796698,0.38491847307628235,False
20,x,59,1.1514825000000428,6.30637926982091,0.5571861018132414,False
20,y,0,0.028399082999953862,10.969254613995776,0.9869728631530673,False
20,y,1,0.0082326250000051,3.856299813353668,0.9954202407402175,False
20,y,2,0.016256915999974808,841.077776973036,0.001132193106202939,False
20,y,3,0.016196541999988767,261.1625527819487,0.6898421602828122,False
20,y,4,0.01531529099997897,2.346229192349724,0.9972136075021898,False
20,y,5,0.030466041999943627,3356.380020227643,-2.9860522316646803,False
20,y,6,0.01794020800002727,2.5054205082997196,0.9970245511687651,False
20,y,7,0.010007708999978604,10.462092688934577,0.9875751709701268,False
20,y,8,0.01351733299998159,3.6499307739110862,0.9956653255533969,False
20,y,9,0.022864458000071863,688.4269544411327,0.1824210066945644,False
20,y,10,0.007181958000046507,7.828321928208143,0.9907030491469773,False
20,y,11,0.04299783299995852,10.267863099110043,0.9878058389175314,False
20,y,19,0.014772207999953935,0.3468797798213201,0.9995880439902087,False
20,y,20,0.025058542000010675,842.0311191141103,-3.719100583055024e-10,False
20,y,21,0.018887582999923325,7.062767972040188,0.991612224519567,False
20,y,22,0.025044083000011597,2255.952451265963,-1.6791794280458796,False
20,y,23,0.007141000000046915,41.652842187730045,0.9505328945003322,False
20,y,24,0.018787500000030377,730.3455143322622,0.13263833363751143,False
20,y,25,0.018744916000059675,737.7818932934233,0.12380685604111308,False
20,y,26,0.08942904200000612,20.889174488364187,0.9751919210324314,False
20,y,27,0.012678582999910759,10.416922114137503,0.9876288157509294,False
20,y,28,0.019013167000025533,3550.095489742234,-3.2161096074424798,False
20,y,29,0.016683958000044186,19.834141015275826,0.976444883600597,False
20,y,30,0.013243125000030886,10.785056284000005,0.9871916179305131,False
20,y,31,0.016348665999998957,4.113914825281978,0.9951142959762103,False
20,y,33,0.00881216699997367,4.845250852017116,0.994245757972797,False
20,y,34,0.009919667000076515,0.06259838381423725,0.9999256578736623,False
20,y,35,0.007817667000040274,4.987533410178808,0.994076782557299,False
20,y,36,0.013877374999992753,830.7202619496543,0.01343282522313749,False
20,y,37,0.00945062499999949,31.447999586759234,0.9626522121515638,False
20,y,38,0.007641000000035092,131.8803342329039,0.8433783131189962,False
20,y,39,0.14922358299997995,9.418812196208954,0.9888141756451694,False
20,y,40,0.012928667000096539,1016.3260952440261,-0.20699350956444018,False
20,y,41,0.014260540999998739,2400.773222532649,-1.8511692370126767,False
20,y,42,6.722411374999979,3.7795350945451406e-07,0.9999999995511407,False
20,y,47,0.9564738749999151,12.653357023845347,0.9849728154443227,False
20,y,51,5.223118792000037,2499.806655375742,-1.968781793878903,False
20,y,52,0.4644402919999493,69.66960881510126,0.9172600545757613,False
20,y,53,0.42437341700008346,1955.1759513954364,-1.3219758839549858,False
20,y,54,0.7180292089999512,0.0055738650262015235,0.9999933804524539,False
20,y,55,5.212086250000084,3.078510902737435,0.9963439464005543,False
20,y,56,4.96370724999997,475.5635109373195,0.4352186037797269,False
20,y,57,0.8913625409999213,12.29235852503553,0.9854015389092272,False
20,y,58,0.5759735830000636,9188.776927149323,-9.912633419337437,False
20,y,59,2.0003900840000597,1.789898790260145,0.9978743080269896,False
20,z,0,0.02820429200005492,6.658841448926609,0.9811624216298259,False
20,z,1,0.010163625000018328,0.9791974901960081,0.9972298920761331,False
20,z,2,0.016554540999891287,0.11664329602896412,0.999670021091934,False
20,z,3,0.016359875000034663,119.78102414774796,0.6611445929521815,False
20,z,4,0.031478292000088004,1.126874875183636,0.9968121190544229,False
20,z,5,0.029618332999916674,1602.0128939259564,-3.532026129594084,False
20,z,6,0.024386667000044326,1.1380765352970494,0.996780430035863,False
20,z,7,0.010877250000021377,1.9727921350809072,0.9944190552158829,False
20,z,8,0.0122464169999148,1.127721218346768,0.9968097247857223,False
20,z,9,0.022017082999923332,265.5612926265387,0.2487384329080936,False
20,z,10,0.007075792000023284,8.124020310881148,0.9770174931388735,False
20,z,11,0.04270362500005831,3.2340042624973337,0.9908511399150237,False
20,z,19,0.012859165999998368,0.13531741012195533,0.9996171928198663,False
20,z,20,0.024657166999986657,353.4871268273506,-8.306637599986288e-10,False
20,z,21,0.021093791999987843,353.4871266509698,-3.3169000879240684e-10,False
20,z,22,0.013492874999997184,1052.7528571345351,-1.978192918813709,False
20,z,23,0.007181166000009398,4.698197486987826,0.9867089997504064,False
20,z,24,0.016380333000029168,319.7021543452305,0.0955762449393418,False
20,z,25,0.02120045799995296,318.5796011549086,0.09875190002282286,False
20,z,26,0.08438358300008986,1.2290770294922992,0.9965229935201755,False
20,z,27,0.013287999999988642,13.30522953130867,0.9623600733023034,False
20,z,28,0.02007429200000388,1692.0609263704928,-3.7867681716241375,False
20,z,29,0.015247333999923285,8.504062395678558,0.9759423702948704,False
20,z,30,0.013133250000009866,10.512448558844921,0.9702607315238619,False
20,z,31,0.01726516700000502,1.6823228074821355,0.9952407805512498,False
20,z,33,0.010444665999898461,1.1421587610042356,0.9967688815934991,False
20,z,34,0.01009137500000179,0.3462297961668756,0.9990205306779854,False
20,z,35,0.007414790999973775,1.2316721531527508,0.9965156520260569,False
20,z,36,0.015156583000020873,351.4466456432482,0.005772433385289988,False
20,z,37,0.009637750000024425,12.093737114644677,0.9657873336626561,False
20,z,38,0.007473125000046821,196.34740738640122,0.4445415613525314,False
20,z,39,0.031596207999996295,0.13474049728972262,0.9996188248816555,False
20,z,40,0.014299417000074754,1220.860343387909,-2.4537618253869913,False
20,z,41,0.014850791999947432,1737.6034352159454,-3.915605986149494,False
20,z,42,7.331756709000047,4.603938241354305e-09,0.9999999999869756,False
20,z,47,0.8159999160000098,9.124280315735584,0.9741878002596365,False
20,z,50,11.966057249999949,5736.603574491053,-15.22860676920238,False
20,z,51,0.7215517909999107,99.49292973652506,0.7185387464823737,False
20,z,52,0.398979541000017,108.09039236186625,0.6942168915123003,False
20,z,53,0.5795358340000121,2557.063202433257,-6.233822706664597,False
20,z,54,0.4575873750000028,0.010793247458652124,0.9999694663634161,False
20,z,55,1.1093186249999007,5.583894167118096,0.9842034016291527,False
20,z,56,1.1114055419999431,75.39269638150891,0.7867172784457352,False
20,z,57,1.3157789580000099,14.988937129068454,0.9575969363409376,False
20,z,58,0.4372204999999667,2.336070763992214,0.9933913554733955,False
20,z,59,8.646828458999948,1.7565797503942593,0.9950307108278053,False
21,x,0,0.02912379100007456,12.559513361722352,0.9845869823631236,False
21,x,1,0.008459457999947517,0.6718430457406585,0.9991755151322365,False
21,x,2,0.015919416999963687,814.7904910335794,9.022268856850868e-05,False
21,x,3,0.016026291000002857,272.56736018253565,0.665505708005063,False
21,x,4,0.01518104100000528,3.229362822488891,0.9960369303566656,False
21,x,5,0.02476200000000972,3422.37441361524,-3.1999332042441777,False
21,x,6,0.015088083000023289,3.397002602202208,0.9958312030480553,False
21,x,7,0.01038170899994384,9.80073718578943,0.9879725487167882,False
21,x,8,0.012800166000033641,2.02269357192337,0.997517753212233,False
21,x,9,0.02088875000004009,627.5881918671195,0.229824628442709,False
21,x,10,0.008062249999966298,9.560795430981036,0.9882670049104458,False
21,x,11,0.042683708000026854,7.061708645132601,0.9913338807994241,False
21,x,19,0.013685874999964653,0.06599227007847501,0.9999190143763279,False
21,x,20,0.02545883400000548,814.8640106164686,-4.430997790905167e-10,False
21,x,21,0.020918124999980137,814.8640102686181,-1.6218137943724287e-11,False
21,x,22,0.0182895829999552,2436.6565789288966,-1.9902616243478128,False
21,x,23,0.007099000000039268,27.991936734635,0.965648333485901,False
21,x,24,0.017186124999966523,8.973450083841424,0.9889877943179392,False
21,x,25,0.018102457999930266,738.7111776384252,0.09345465213650694,False
21,x,26,0.09010020899995652,11.534296034451383,0.9858451276663499,False
21,x,27,0.012722542000005888,15.465910584552738,0.9810202556624077,False
21,x,28,0.023025333999953546,3601.5642412302677,-3.4198347158582,False
21,x,29,0.015868250000039552,21.196136802438023,0.9739881298772852,False
21,x,30,0.013329791999922236,13.695276262030596,0.9831931756837093,False
21,x,31,0.015394291999996312,1.3587857869302127,0.9983324999388495,False
21,x,33,0.009334167000019988,4.983406199056889,0.9938843707215699,False
21,x,34,0.009327417000008609,0.007656499069052044,0.9999906039548039,False
21,x,35,0.007439459000011084,5.384629358150989,0.9933919902089389,False
21,x,36,0.014123708000056467,809.0354054882143,0.007152855806407898,False
21,x,37,0.010296874999994543,20.769843447650864,0.9745112764998163,False
21,x,38,0.007202374999906169,155.25714232087074,0.8094686470786601,False
21,x,39,0.15128083400009018,3.639966273500432,0.9955330383626103,False
21,x,40,0.012724000000048363,1037.8909565123433,-0.2736983637147512,False
21,x,41,0.0153235829999403,3668.3714235317907,-3.5018203986969647,False
21,x,42,7.229666250000037,3.000282353331849e-08,0.9999999999631806,False
21,x,47,0.6400632909999331,24.66714879241743,0.9697285087057826,False
21,x,50,1.023017665999987,386.12424684799174,0.5261488518471089,False
21,x,51,0.48982308300003297,85.23696520089666,0.8953973127685676,False
21,x,52,0.47459924999998293,311.5447076139278,0.6176727604937648,False
21,x,53,0.4310670840000057,10747.409766441717,-12.189206580706845,False
21,x,54,1.8538046250000662,0.004245123274478575,0.9999947903905179,False
21,x,55,0.6518617920000906,8.579606429775948,0.9894711187120819,False
21,x,56,1.2615352909999729,135.61766481988406,0.833570187033567,False
21,x,57,1.2108957090000558,11.466567639523548,0.985928243860065,False
21,x,59,1.43941441700008,2.1962513383833913,0.9973047633583731,False
21,y,0,0.02848879099997248,0.4651868163539318,0.987162107021785,False
21,y,1,0.00872179199996026,0.49427815803478464,0.9863592649850766,False
21,y,2,0.015869791000000077,36.19185128011602,0.0012031788448252367,False
21,y,3,0.02583212500007903,11.601166793266072,0.6798392979369035,False
21,y,4,0.024051874999940992,0.3103447086869869,0.9914353287401689,False
21,y,5,0.025409499999909713,136.1611096702558,-2.7576768994497454,False
21,y,6,0.15215875000001233,0.32265243100696467,0.9910956690241265,False
21,y,7,0.010270375000004606,0.6873007260980587,0.9810323662337346,False
21,y,8,0.02193004100001872,5.551389043839554,0.8467967364513098,False
21,y,9,0.022478417000002082,29.77716954778214,0.17823097643906594,False
21,y,10,0.008601916999964487,0.49842385281889046,0.9862448550661201,False
21,y,11,0.04359175000001869,0.8243325401037729,0.9772506602589084,False
21,y,19,0.018487208999999893,0.0772283972098366,0.9978687059404868,False
21,y,20,0.015897916999961126,1.6175347743586075,0.9553604324290275,False
21,y,21,0.01908479200005786,0.41559328702048304,0.9885307537667314,False
21,y,22,0.014845916000012949,416.1449870506733,-10.484471656033552,False
21,y,23,0.007687832999977218,2.5747704335700576,0.9289433274813717,False
21,y,24,0.02248991700002989,0.4680298694945973,0.9870836464750367,False
21,y,25,0.01733066700001018,32.288235841892785,0.10893236518936877,False
21,y,26,0.08802241599994431,1.5293954228131628,0.9577928392009527,False
21,y,27,0.012930125000025328,0.44935937520540414,0.9875989014201654,False
21,y,28,0.02135470800010353,143.5339007482691,-2.9611459133657774,False
21,y,29,0.015848290999997516,0.929854606648249,0.9743385377534689,False
21,y,30,0.013506792000043788,0.5752516138870925,0.9841246174762417,False
21,y,31,0.01581266699997741,43.45996291570895,-0.19937696670355942,False
21,y,33,0.00965974999996888,0.3317456161418091,0.990844721805744,False
21,y,34,0.009674333000020852,0.0430325745639591,0.9988124177912883,False
21,y,35,0.007272624999927757,0.3226502230410151,0.9910957299579912,False
21,y,36,0.015093665999984296,35.765136335046364,0.012979352640862252,False
21,y,37,0.01280941699997129,29.5199415367829,0.185329771074069,False
21,y,38,0.007470458000057079,161.60614449913552,-3.4598907681067086,False
21,y,39,0.15405762499995035,0.8589607141266487,0.9762950166840947,False
21,y,40,0.013367374999916137,8338.1614200121,-229.11061401996636,False
21,y,41,0.015999500000020817,138.2542016281357,-2.8154405539733935,False
21,y,42,5.2794284999999945,1.8265921552733188e-07,0.9999999949591016,False
21,y,47,0.7753954589999239,32.9126268610104,0.09170086851279091,False
21,y,51,8.462958166000021,3472.171544000604,-94.82250639271918,False
21,y,52,0.4686977909999541,8.573151573020978,0.7634042958416083,False
21,y,53,0.49982187499995234,2206.609469924842,-59.89642961432871,False
21,y,54,0.6199255830000538,0.0017475591176388259,0.9999517721136184,False
21,y,55,5.100347499999998,0.5014823783046894,0.9861604480677327,False
21,y,56,11.51219387499998,520.335692503208,-13.359852210470134,False
21,y,57,0.7886694159999479,12.5089488440978,0.654786978295808,False
21,y,58,0.5516847919999464,10797.21732205698,-296.9738796759759,False
21,y,59,2.4861552080000138,1.0342602436881352,0.9714572256708396,False
21,z,0,0.028048957999999402,0.3729808330365728,0.9889788147850638,False
21,z,1,0.00796758299998146,0.5063441617879346,0.9850380708731507,False
21,z,2,0.014846083000065846,33.7988071270031,0.0012813517576115707,False
21,z,3,0.016037207999943348,10.28570342647132,0.6960684504720155,False
21,z,4,0.1525257910000164,0.16552910748268126,0.9951087916846096,False
21,z,5,0.030845208999949136,119.11247188273767,-2.5196463135675544,False
21,z,6,0.14207587500004593,0.15357142006565452,0.9954621285751207,False
21,z,7,0.010674041999891415,0.42082045729985496,0.9875652049882117,False
21,z,8,0.012446791999991547,0.2883949746938975,0.991478236548293,False
21,z,9,0.02164875000005395,27.600142790951026,0.18444526175443032,False
21,z,10,0.0073193330000549395,0.37015775744743495,0.9890622336532409,False
21,z,11,0.04395470800000112,0.7167848418441468,0.9788197735607276,False
21,z,19,0.015400041000020792,0.03367291921908367,0.9990050012049688,False
21,z,20,0.017826124999942294,1.5350523143032313,0.9546408437859502,False
21,z,21,0.019838624999920285,0.2782077201195377,0.9917792590393998,False
21,z,22,0.01267991700001403,313.92310114273175,-8.276092320277314,False
21,z,23,0.007115166999938083,2.555424747880996,0.924489928289515,False
21,z,24,0.016975999999999658,29.254644995299486,0.13555648888052618,False
21,z,25,0.017795167000031142,30.309240488260883,0.10439431853483228,False
21,z,26,0.08745600000008835,1.6364087546598767,0.951645869237787,False
21,z,27,0.012617500000033033,0.30245106367403757,0.9910628941330099,False
21,z,28,0.01915654199990513,125.33378149299341,-2.703479367228431,False
21,z,29,0.0162513330000138,0.6901029235715892,0.9796081957452606,False
21,z,30,0.012563249999971049,0.4097149005679907,0.9878933623271837,False
21,z,31,0.018002333000026738,60.52432137652373,-0.7884290473274287,False
21,z,33,0.009172540999998091,0.16635960609017192,0.9950842513378594,False
21,z,34,0.009548625000093125,0.013291902593056152,0.9996072384761857,False
21,z,35,0.007915417000049274,0.1535447444100495,0.9954629168122501,False
21,z,36,0.01416429200003222,33.39511047357283,0.013210156655928285,False
21,z,37,0.009898124999949687,30.070463627370764,0.11144991972346763,False
21,z,38,0.0077921659999447,137.8018518175638,-3.071897527489405,False
21,z,39,0.1516874580000831,0.8665796766877548,0.9743934961951818,False
21,z,40,0.011741207999989456,5531.440451749614,-162.44815691412478,False
21,z,41,0.015217583999969975,121.74920833920433,-2.597559059413249,False
21,z,42,6.546645457999944,5.201957670733472e-08,0.9999999984628771,False
21,z,47,1.1527631669999892,10.716914422753968,0.6833266261319905,False
21,z,50,12.458985791000032,3100.356623878377,-90.61222657456847,False
21,z,51,0.7290822080000225,93.5298865708573,-1.7637082437646696,False
21,z,52,0.4888706670000147,907.8127829324081,-25.824898051004297,False
21,z,53,0.6019613339999523,3201.56935490803,-93.6029546656228,False
21,z,54,0.4717241660000582,0.0031035546376055128,0.9999082932755358,False
21,z,55,1.025498749999997,0.5103368434977198,0.984920091393429,False
21,z,56,8.240097125000034,51.20292438594157,-0.5129917229513501,False
21,z,57,1.1219244169999456,13.429197185577852,0.6031815676285963,False
21,z,58,0.48950587499996345,4.292664576429128,0.8731563469971072,False
21,z,59,4.394304166999973,1.4497079110192077,0.9571626797419528,False
22,x,0,0.03154108300009284,0.7770069089955304,0.9614062126706825,False
22,x,1,0.008326291999992463,1.4283724556984803,0.9290530082241532,False
22,x,2,0.013980749999973341,19.081276194700166,0.052236592873766696,False
22,x,3,0.015311624999981177,10.106712362414497,0.4980014939405727,False
22,x,4,0.015113375000055385,0.7095638096962081,0.9647560987541317,False
22,x,5,0.02518645899999683,165.97960200925684,-7.24417567822019,False
22,x,6,0.015463292000049478,0.7598361739286611,0.9622590798585888,False
22,x,7,0.012140916000021207,1.4702210839673844,0.9269743947128245,False
22,x,8,0.02292404100001022,0.6073169043852247,0.9698346833496719,False
22,x,9,0.022051790999967125,13.309479447107023,0.33892065398800053,False
22,x,10,0.007312124999998559,2.792529389190994,0.8612955893833293,False
22,x,11,0.04374499999994441,1.9534787809791105,0.9029710756074166,False
22,x,19,0.012893250000047374,0.016798998929604684,0.9991655968762585,False
22,x,20,0.01870433299995966,0.39588076674065803,0.980336676620923,False
22,x,21,0.02478987499989671,20.132953072117612,-2.3282442640493173e-10,False
22,x,22,0.012407499999994798,359.26077600371787,-16.844415312570685,False
22,x,23,0.007636165999997502,0.2586659388996687,0.9871521113652164,False
22,x,24,0.01535466699999688,19.854750648492974,0.013818261931343168,False
22,x,25,0.015636291999953755,18.49757473227376,0.08122893495450645,False
22,x,26,0.010745250000013584,0.9370044484232051,0.9534591649180848,False
22,x,27,0.012911416999941139,3.4330679802048496,0.8294801577937093,False
22,x,28,0.020617541999968125,169.36920488571738,-7.41253661688169,False
22,x,29,0.01421566699991672,1.2885607704108244,0.9359974283904046,False
22,x,30,0.013660082999990664,2.753962673237679,0.8632111909259418,False
22,x,31,0.02032445899999402,106.96966509993166,-4.3131631878177,False
22,x,33,0.009112957999946047,1.3255054926959997,0.9341623909688479,False
22,x,34,0.009982707999938611,0.007134309659111516,0.9996456401783078,False
22,x,35,0.0070882919999348815,1.6682785946821759,0.9171369153300708,False
22,x,36,0.016514250000000175,18.91911676643641,0.06029102123907637,False
22,x,37,0.010173457999940183,12.370340190239073,0.3855675246046728,False
22,x,38,0.007825457999956598,183.93972612002352,-8.136251671772353,False
22,x,39,0.020121291000009478,0.01641897005067687,0.9991844728393452,False
22,x,40,0.011282292000032612,5064.013979460351,-250.52862386852684,False
22,x,41,0.0180447909999657,169.22956728323135,-7.40560084337552,False
22,x,42,7.090601124999921,3.1897113457231663e-05,0.9999984156763615,False
22,x,47,0.7814236660000233,9.830608146909137,0.5117155385012818,False
22,x,50,0.7957542909999802,102.78624124287046,-4.105373310046182,False
22,x,51,0.4765173749999576,78.73871874551875,-2.910937381207989,False
22,x,52,0.48509641600003306,299.2796378125977,-13.86516343679129,False
22,x,53,0.42887341699997705,10546.259953516943,-522.8307524084987,False
22,x,54,8.167463249999969,0.002728890160119531,0.9998644565379465,False
22,x,55,0.5868335830000433,1.528075731157276,0.9241007652459439,False
22,x,56,12.159178500000053,160.4579050307667,-6.969914025694766,False
22,x,57,1.5438156660000004,10.814407038221184,0.46285043222416933,False
22,x,59,1.099627708000071,1.3418956218127491,0.9333482963319684,False
22,y,0,0.02819616599992969,12.154024391053635,0.9855187481678198,False
22,y,1,0.00811891699993339,1.6225714083803744,0.9980667419757897,False
22,y,2,0.015599124999994274,838.9954103753627,0.0003554845066616741,False
22,y,3,0.01790070899994589,271.94752709446703,0.6759805231350011,False
22,y,4,0.015047541999933856,2.600823573566432,0.9969011761102266,False
22,y,5,0.02636258400002589,3391.556487652993,-3.0409647060540363,False
22,y,6,0.015341874999990068,2.7265869007710335,0.99675133188136,False
22,y,7,0.01038262500003384,8.452866692606252,0.98992859588388,False
22,y,8,0.012814542000000984,2.099804201357598,0.9974981296351099,False
22,y,9,0.021595584000010604,652.3037161502405,0.22279451803702088,False
22,y,10,0.007881416000032004,8.01062797140807,0.9904555135603269,False
22,y,11,0.04407250000008389,7.274655734406895,0.9913324082383853,False
22,y,19,0.013545666000027268,0.0535252519610955,0.9999362258435486,False
22,y,20,0.02492812499997399,839.2937665955562,-3.452118590985265e-10,False
22,y,21,0.02094583399991734,839.2937663569019,-6.086020576390183e-11,False
22,y,22,0.018795791999991707,2380.4530816715037,-1.836257312084114,False
22,y,23,0.008235582999986946,33.79775828543651,0.9597307168928486,False
22,y,24,0.02248174999999719,8.246577447134737,0.990174384967218,False
22,y,25,0.017599249999989297,761.2726277235835,0.0929604647555663,False
22,y,26,0.09166325000001052,15.054681041529857,0.9820626797839885,False
22,y,27,0.01272704200005137,12.882524842182484,0.9846507559577318,False
22,y,28,0.022624542000016845,3569.8756178566364,-3.2534280143287084,False
22,y,29,0.015242708999949173,20.07693588225309,0.9760787739784815,False
22,y,30,0.012921333000008417,11.840305951540316,0.9858925367649807,False
22,y,31,0.01842320799994468,1.5480601159368639,0.9981555205363306,False
22,y,33,0.009019208000040635,3.9030546367302374,0.9953495965376823,False
22,y,34,0.009588875000076769,0.013403524667224815,0.9999840299961642,False
22,y,35,0.008125832999894556,4.115363626857837,0.9950966350614378,False
22,y,36,0.014740791000008358,832.1250244079586,0.008541397762808378,False
22,y,37,0.009671165999975528,25.145971020677,0.9700391304806686,False
22,y,38,0.007903708999947412,144.89071980812076,0.8273659049728657,False
22,y,39,0.14727716599998075,5.648793039755991,0.9932695877575508,False
22,y,40,0.014099458000032428,1040.2544483055153,-0.23944021755842204,False
22,y,41,0.016354417000002286,3644.2884851893864,-3.342089303522217,False
22,y,42,7.024203249999914,2.7184960347250963e-07,0.9999999996760972,False
22,y,47,1.1302030409999588,12.056396427047057,0.9856350697323613,False
22,y,51,8.41888425000002,4411.094465447302,-4.25572170619457,False
22,y,52,0.45220462500014946,15.738200783306556,0.9812482810964047,False
22,y,53,0.4765184999998837,2155.4134970441332,-1.5681276134472597,False
22,y,54,0.6440687500000877,0.0012526640211378251,0.9999985074784641,False
22,y,55,1.5709482090001075,0.041697398616595154,0.9999503184697771,False
22,y,56,3.6492612500001087,485.4694617758862,0.4215738502232713,False
22,y,57,1.065856124999982,21.973706833621318,0.9738188132501695,False
22,y,58,0.579859542000122,10833.331772636773,-11.907675723984013,False
22,y,59,2.2038849999999,0.7544306830929713,0.9991011124907866,False
22,z,0,0.027335916999845722,2.4216829691393302,0.9842531173346157,False
22,z,1,0.008485374999963824,0.19706447333609892,0.9987185972818555,False
22,z,2,0.015231709000090632,153.75646359819194,0.00020563295052578034,False
22,z,3,0.01582862500004012,52.42899943663865,0.6590828308605312,False
22,z,4,0.015064665999943827,0.81540421440258,0.9946978714172398,False
22,z,5,0.023456500000065716,679.056821928732,-3.415535903876287,False
22,z,6,0.016215749999901163,0.8712983697243959,0.9943344222305586,False
22,z,7,0.011251040999923134,2.849817572976536,0.9814691916690645,False
22,z,8,0.021976290999873527,15.165503430817134,0.9013870080725586,False
22,z,9,0.02244508300009329,120.30369461226884,0.21773073213423633,False
22,z,10,0.008293833000152517,2.072922900121776,0.9865209137205079,False
22,z,11,0.04368666699997448,1.7190995655720327,0.9888216337587753,False
22,z,19,0.01318229200001042,0.07472510033475613,0.9995141034552724,False
22,z,20,0.015655915999786885,2.9623524292746994,0.9807374389167534,False
22,z,21,0.01860562500019114,1.5548570857732429,0.9898896129662198,False
22,z,22,0.012043499999890628,773.3327127910821,-4.028560569161689,False
22,z,23,0.007873792000054891,5.507574170663529,0.9641872510392381,False
22,z,24,0.017378750000034415,138.1686945690162,0.10156438760402065,False
22,z,25,0.017817250000007334,138.7278990300273,0.09792818619131871,False
22,z,26,0.0894168750000972,2.577833447024448,0.9832377559992406,False
22,z,27,0.013755415999867182,3.0840176211223578,0.9799463165754307,False
22,z,28,0.02313633399990067,714.7074496273647,-3.6473524787424783,False
22,z,29,0.015342291000024488,4.533225317341634,0.9705229098616084,False
22,z,30,0.014937500000087311,2.8360450877874994,0.9815587466236338,False
22,z,31,0.015018125000096916,30.89593808266669,0.7991005767374926,False
22,z,33,0.009250208999901588,1.6131440116762465,0.9895106048983526,False
22,z,34,0.010424332999946273,0.01593180855908465,0.9998964041440501,False
22,z,35,0.00804258299990579,1.755841982056966,0.9885827178772979,False
22,z,36,0.014615374999948472,152.54166521216723,0.008104803853820286,False
22,z,37,0.015656042000046,74.39038589489621,0.5162799205975723,False
22,z,38,0.007626416999983121,149.25867329424156,0.029452308536216165,False
22,z,39,0.15687675000003765,0.8195380884237892,0.9946709910906261,False
22,z,40,0.01488437500006512,10789.459889077438,-69.15796909062568,False
22,z,41,0.01434004099996855,729.8519047301019,-3.7458286048799705,False
22,z,42,6.852829582999902,1.1066144390741e-07,0.999999999280429,False
22,z,47,7.264225791999934,9.282095765307846,0.9396435971314985,False
22,z,50,12.434348667000222,1086.855809440543,-6.0672301550412975,False
22,z,51,0.6531042500000694,83.85770659587504,0.4547191010626931,False
22,z,52,0.49259775000018635,921.3989705818659,-4.991354633391595,False
22,z,53,0.47054179199994906,2842.265961019277,-17.481704319823788,False
22,z,54,0.4768787089999478,0.0027030888447824373,0.9999824232885083,False
22,z,55,0.7060507920000418,0.035220352199065136,0.9997709812718758,False
22,z,56,0.8230620419999468,26.48588000639328,0.8277767775282542,False
22,z,57,1.1064956660000007,12.662034872119058,0.9176656977906879,False
22,z,58,0.8670748750000712,8.216813315057268,0.9465705475058287,False
22,z,59,3.626674125000136,1.0129560468852814,0.9934132996685512,False
23,x,0,0.029430375000174536,12.755263738827294,0.9844098827236805,False
23,x,1,0.008224208999990879,0.773116346207141,0.9990550587778974,False
23,x,2,0.016496749999987514,817.9948340700435,0.00020605957709929346,False
23,x,3,0.015984874999958265,273.4410327527063,0.6657867797906823,False
23,x,4,0.015614999999797874,3.2685083380510167,0.9960050666648522,False
23,x,5,0.025281583999912982,3455.259565602543,-3.223189966969742,False
23,x,6,0.014786208000032275,3.4494413905695054,0.995783921295718,False
23,x,7,0.010442250000096465,10.599922643502023,0.9870442477305214,False
23,x,8,0.012860292000141271,2.23910071426001,0.9972632598240565,False
23,x,9,0.02119670800016138,636.8146821690616,0.2216534458572813,False
23,x,10,0.007908667000037894,9.800833085665566,0.9880209347027421,False
23,x,11,0.0427382090001629,7.549728463388849,0.990772346651656,False
23,x,19,0.01305475000003753,0.12783677273288685,0.9998437515428972,False
23,x,20,0.02354112500006522,818.163432167506,-9.396920130910758e-09,False
23,x,21,0.021078999999872394,818.1634244851199,-7.125855461254105e-12,False
23,x,22,0.019281792000128917,2453.076794702466,-1.9982723760399068,False
23,x,23,0.007343916999843714,28.557715493490594,0.9650953408096117,False
23,x,24,0.01707699999997203,9.431332036678022,0.9884725572489622,False
23,x,25,0.018028250000043045,738.5050952103907,0.09736236903965301,False
23,x,26,0.09235495799998716,11.996654550887492,0.9853370925759452,False
23,x,27,0.01294366699994498,15.510897913759532,0.9810418096804666,False
23,x,28,0.022854917000131536,3640.7488731553008,-3.449904217451926,False
23,x,29,0.016061124999851017,21.86454765096737,0.9732760631961973,False
23,x,30,0.013210666000077254,13.91427286662055,0.982993284165109,False
23,x,31,0.015506624999943597,1.6044785282783378,0.9980389266003922,False
23,x,33,0.009022958000059589,5.426010915371884,0.993368059787291,False
23,x,34,0.009382332999848586,0.0003723707198244486,0.9999995448699994,False
23,x,35,0.007320625000147629,5.880541106928964,0.9928125103970865,False
23,x,36,0.014858291000109602,811.5094057831697,0.008132872354144727,False
23,x,37,0.010208791999957612,20.935978714172567,0.9744110063004869,False
23,x,38,0.007529082999781167,154.5219768867298,0.8111355601295994,False
23,x,39,0.1522271250000813,3.8783043147779273,0.9952597437153266,False
23,x,40,0.013420874999837906,1027.1682891366554,-0.25545613309515103,False
23,x,41,0.014762583999981871,3721.3294344359183,-3.548393784291095,False
23,x,42,7.149775874999932,9.555676011337672e-07,0.9999999988320578,False
23,x,47,1.3072865420001563,659.0655529623752,0.19445732570869967,False
23,x,50,0.8184603330000755,145.33587547433814,0.8223632698237087,False
23,x,51,0.4621583749999445,74.5622705202184,0.9088662872363518,False
23,x,52,0.49010533400019085,898.5148441270379,-0.09820949854717242,False
23,x,53,0.42666412500011575,10688.124406424262,-12.06355684773686,False
23,x,54,8.211286499999915,0.0014746182758273202,0.9999981976482549,False
23,x,55,0.641223416999992,8.915324829096154,0.9891032469035508,False
23,x,56,2.968677416999981,56.26813293440721,0.9312262914096674,False
23,x,57,6.0159748749999835,8.657791544579181,0.9894180168832537,False
23,x,59,0.717500457999904,0.67735579250574,0.9991721020859166,False
23,y,0,0.029974290999916775,0.45169395586595223,0.988224320875089,False
23,y,1,0.008292083000014827,1.3530618021704046,0.9647256258100985,False
23,y,2,0.016653790999953344,38.24563418013503,0.002934818619420354,False
23,y,3,0.015437000000019907,8.869755967365869,0.76876511445072,False
23,y,4,0.014517790999889257,0.015010387287328892,0.999608678615375,False
23,y,5,0.14969079200000124,0.9114172681277699,0.9762393161143811,False
23,y,6,0.015371583999922223,0.020611302269046002,0.9994626625423811,False
23,y,7,0.012198375000025408,0.009716981764267569,0.9997466779047347,False
23,y,8,0.01260516699994696,0.08104475296790938,0.9978871601151311,False
23,y,9,0.02078550000010182,30.908510889126916,0.194213910253898,False
23,y,10,0.007479833999923358,0.38524259058501564,0.9899567105712505,False
23,y,11,0.04802095900004133,1.1057008514920772,0.9711743354848531,False
23,y,19,0.017423457999939274,0.018901005737897658,0.9995072500399504,False
23,y,20,0.017686832999970648,2.2771203279482233,0.9406353838423112,False
23,y,21,0.018565374999980122,0.01447664882707022,0.9996225931979436,False
23,y,22,0.012953665999930308,295.0375261765317,-6.691639865762142,False
23,y,23,0.007228375000067899,4.41548655323964,0.8848880925766924,False
23,y,24,0.017382999999881577,30.776290179994618,0.1976609093208297,False
23,y,25,0.01654695799993533,34.93902594179305,0.08913822493211743,False
23,y,26,0.016836249999869324,54.65019819196078,-0.42473280783128686,False
23,y,27,0.012759582999933627,0.11033243194728563,0.9971236291767697,False
23,y,28,0.01909420900005898,90.97761970441907,-1.3717901098179577,False
23,y,29,0.015779624999822772,0.17083274223522898,0.9955463837174131,False
23,y,30,0.012543666999818015,0.17854127332125244,0.9953454220100124,False
23,y,31,0.016900584000040908,48.4210453234811,-0.26233854851778826,False
23,y,33,0.008937332999948921,0.16917111268538773,0.9955897024648732,False
23,y,34,0.009479457999987062,0.043287598714186755,0.9988714906056936,False
23,y,35,0.007561792000160494,0.26751893377580205,0.9930257709161886,False
23,y,36,0.014659374999837382,37.67237170222641,0.01787979387653149,False
23,y,37,0.00994500000001608,36.808190234993155,0.040409038582326806,False
23,y,38,0.007444916000167723,129.75278596512223,-2.3826602132838093,False
23,y,39,0.15323133299989422,1.9218721953020697,0.9498967165775368,False
23,y,40,0.01311766699996042,5811.684250375793,-150.51083608485106,False
23,y,41,0.014666209000097297,65.4874488481628,-0.7072603569967548,False
23,y,42,6.586343708999948,2.4334965403992213e-08,0.9999999993655865,False
23,y,47,0.8785168340000382,28.940314069602,0.24552487844465354,False
23,y,51,8.711441291000028,3778.762245036784,-97.5124797642562,False
23,y,52,0.46504354199987574,3.9266555452000125,0.8976319361066458,False
23,y,53,0.5635849160000816,2165.8376010898987,-55.46347110889934,False
23,y,54,0.610668915999895,0.0007833620432488774,0.9999795777208437,False
23,y,55,0.49613624999983585,0.008055172772846233,0.9997900013302439,False
23,y,56,4.88774791700007,513.2166688500132,-12.379578662608818,False
23,y,57,1.2393611249999594,12.596238373058815,0.6716155721462631,False
23,y,58,0.5624813750000612,10889.368740954194,-282.8862696767343,False
23,y,59,0.9273121660000925,0.5708896767907653,0.9851168837609878,False
23,z,0,0.02840983399983088,1.0754802683554714,0.9846070456216979,False
23,z,1,0.008400166999990688,0.07071036410050055,0.998987948509426,False
23,z,2,0.015319125000132772,69.85345835110233,0.0002130869315526418,False
23,z,3,0.01609095799994975,23.29077518922122,0.6666476824617344,False
23,z,4,0.01442687499979911,0.2820843480119068,0.9959626302522314,False
23,z,5,0.026607250000097338,294.6637689295728,-3.217414382699105,False
23,z,6,0.016619375000118453,0.297764642544627,0.9957382039512733,False
23,z,7,0.010455249999949956,0.9075539157015965,0.9870105138780411,False
23,z,8,0.01250116699998216,0.19490829731930912,0.9972103490720696,False
23,z,9,0.022334333000117113,54.3943608117539,0.2214734765031634,False
23,z,10,0.007113500000059503,0.8230274575230843,0.988220310052629,False
23,z,11,0.04315333299996382,0.6425717261033458,0.9908031067089496,False
23,z,19,0.014721208000082697,0.010443130585753257,0.9998505313045687,False
23,z,20,0.02171512499990058,1.2354948844825744,0.9823168151466448,False
23,z,21,0.019959749999998166,0.5774668738791467,0.9917349285652682,False
23,z,22,0.011937624999973195,351.4192178525726,-4.029734293809771,False
23,z,23,0.007063834000064162,2.4687714859795067,0.9646653797635503,False
23,z,24,0.0286348749998524,0.7968385974540911,0.9885951415954505,False
23,z,25,0.017938041999968846,63.06523369891815,0.09737045509090936,False
23,z,26,0.08598108399996818,1.0420811953158637,0.9850850742966102,False
23,z,27,0.020816916000057972,1.3031604685825249,0.9813483424747804,False
23,z,28,0.023617915999921024,310.4999168729554,-3.444071356325665,False
23,z,29,0.015175709000004645,1.8511695033579771,0.9735048902800743,False
23,z,30,0.013174291000041194,1.170424055992492,0.9832481500337439,False
23,z,31,0.020251165999980003,98.15162774897799,-0.4048082261949384,False
23,z,33,0.008796792000111964,0.4657850709847879,0.993333389222727,False
23,z,34,0.009410542000068745,1.0328475023787188e-05,0.9999998521723276,False
23,z,35,0.0072930419999011065,0.5036815003819534,0.9927909915368047,False
23,z,36,0.015641417000097135,69.29665127494903,0.008182462263607193,False
23,z,37,0.010019374999956199,23.93245695308534,0.6574635268735967,False
23,z,38,0.007374125000069398,151.43456314325758,-1.167427325586052,False
23,z,39,0.14922370900012538,0.3417673931453013,0.995108408730993,False
23,z,40,0.013098041999910492,4821.930408134788,-68.01452027684586,False
23,z,41,0.014870917000052941,317.4277600088738,-3.543227032602543,False
23,z,42,7.142920582999977,6.950844334716487e-08,0.9999999990051511,False
23,z,47,1.3248120840000865,13.991587588400375,0.7997435417782308,False
23,z,50,12.725386000000071,18605.134047042382,-265.28845550670775,False
23,z,51,0.7269147919998886,78.51319599587664,-0.12373055984302272,False
23,z,52,0.5310075840000081,936.3756315103667,-12.402000762722354,False
23,z,53,0.44444145800002843,2843.634189740981,-39.69989254028346,False
23,z,54,0.4685432920000494,0.001388917938994308,0.9999801209272738,False
23,z,55,0.5980358340000294,0.007743501435239094,0.9998891701058326,False
23,z,56,1.4583112090001578,20.1559986045252,0.7115145892513683,False
23,z,57,4.344072833999917,17.44386849362239,0.7503323121734107,False
23,z,58,1.1401321250000365,3.622027063996768,0.9481592559216997,False
23,z,59,2.037339250000059,0.609375382694485,0.991278233789059,False
24,x,0,0.03638308299991877,86.1064148530335,0.30210512851523064,False
24,x,1,0.008666666999943118,33.81051899633756,0.7259648093576259,False
24,x,2,0.014278999999987718,122.44518387667623,0.007578401546566638,False
24,x,3,0.0147364579997884,7.03759948269862,0.942960061745432,False
24,x,4,0.014358291999997164,2.623801847913144,0.9787340135276072,False
24,x,5,0.024428582999917126,113.2291338734024,0.08227474146049574,False
24,x,6,0.012499292000029527,2.494493292336919,0.9797820629433189,False
24,x,7,0.011583624999957465,11.692418409893296,0.905232625728916,False
24,x,8,0.011683167000001049,3.934052410870952,0.9681143965129051,False
24,x,9,0.014782290999846737,87.04349614977639,0.29451005871378333,False
24,x,10,0.007485208999923998,21.275848241968728,0.8275586621519274,False
24,x,11,0.04078420899986668,27.80311509394421,0.7746549839697467,False
24,x,19,0.015157291999912559,6.114626893453809,0.950440780082787,False
24,x,20,0.015726416999996218,25.820716845080916,0.7907223765500028,False
24,x,21,0.1639715830001478,11.23176772717017,0.908966212240062,False
24,x,22,0.015023874999997133,327.2308278569736,-1.652214901095168,False
24,x,23,0.008275124999954642,50.711178918622466,0.5889844937260631,False
24,x,24,0.01799091599991698,72.78034216646712,0.4101133158362501,False
24,x,25,0.018699499999911495,119.64792879651037,0.030250231258841076,False
24,x,26,0.013759792000200832,12.88566352863569,0.895561341072414,False
24,x,27,0.013308708000067782,17.61739752537614,0.8572105062920833,False
24,x,28,0.017840750000004846,38.82236969020454,0.6853436210075237,False
24,x,29,0.025539541000171084,9.655782335060824,0.9217396173872313,False
24,x,30,0.014405000000124346,14.190858551369576,0.8849826993509099,False
24,x,31,0.016405458000008366,117.60200865686673,0.04683247051896755,False
24,x,33,0.009389457999986917,16.92412382628076,0.8628295087782482,False
24,x,34,0.010187667000082001,6.687045290864887,0.9458013131559783,False
24,x,35,0.00742716699983248,22.69985151703322,0.8160170762626384,False
24,x,36,0.014971708000075523,119.98773960929994,0.027496055232285155,False
24,x,37,0.011291332999917358,3.7656219321415203,0.9694795301967034,False
24,x,38,0.008215750000090338,281.17282521508935,-1.2789135171104085,False
24,x,39,0.03041270800008533,12.142094609715304,0.9015879877049062,False
24,x,40,0.011969375000035143,6668.529169206303,-53.04861316638264,False
24,x,41,0.013533790999872508,28.701102957625352,0.767376767523408,False
24,x,42,6.793798499999866,1.4476771529923311e-05,0.9999998826653668,False
24,x,47,0.8604832920000263,2.614424432761943,0.9788100177365037,False
24,x,50,11.2947489579999,299.2478503653999,-1.4254120953625682,False
24,x,51,0.511881583000104,32.293613943465964,0.7382593667228963,False
24,x,52,1.512683917000004,163.0335285216929,-0.3213912532481573,False
24,x,53,0.6028042919999734,5087.633503167459,-40.23541011334514,False
24,x,54,8.718798708000122,0.00013978251356694865,0.9999988670588654,False
24,x,55,11.42180195900005,176.97398554687516,-0.43437904260895954,False
24,x,56,2.9318122499998935,4.647375722666968,0.9623328913618351,False
24,x,57,0.8693128330000945,21.222280607687484,0.8279928293078384,False
24,x,59,3.494363458999942,0.4493279456277663,0.9963581845858566,False
24,y,0,0.024731666999969093,26.211991917812224,0.9691586915273562,False
24,y,1,0.007928916000082609,5.2322186917576605,0.9938437158391167,False
24,y,2,0.016853582999829086,722.959462724608,0.14935820699858415,False
24,y,3,0.012578750000102445,367.96777426009265,0.5670452032210581,False
24,y,4,0.012321874999997817,2.764546808908434,0.9967472048218255,False
24,y,5,0.02178087500010406,3545.1907349217568,-3.171309124194411,False
24,y,6,0.014782375000095271,2.809550648919745,0.9966942528250221,False
24,y,7,0.011051292000047397,7.664866991286565,0.9909814359770418,False
24,y,8,0.0275917080000454,60.57311554103723,0.9287290280186328,False
24,y,9,0.02444695799999863,573.0340746334721,0.32576201318385234,False
24,y,10,0.00807899999995243,33.63480021497,0.9604249363383668,False
24,y,11,0.043282709000095565,17.079014292806054,0.979904650136292,False
24,y,19,0.013473666999971101,0.33761831741185405,0.9996027546969356,False
24,y,20,0.01620579199993699,1.0379221324732755,0.9987787697799327,False
24,y,21,0.021349083999893992,6.144393111806264,0.9927704417148996,False
24,y,22,0.013141458000063722,3371.312120977675,-2.966721697711917,False
24,y,23,0.00830074999998942,5.568327595217592,0.9934482465285617,False
24,y,24,0.01735566600018501,840.9621750907856,0.010514960590407685,False
24,y,25,0.018881583999927898,786.8865389159805,0.0741409292444074,False
24,y,26,0.01018195899996499,3.8334977237640118,0.9954894658063952,False
24,y,27,0.013384082999891689,48.934313651192454,0.9424233661087024,False
24,y,28,0.015664833000073486,2285.880112342183,-1.6895908520526843,False
24,y,29,0.01511508299995512,31.237152278271456,0.9632460344012831,False
24,y,30,0.015022457999975813,41.58114209637802,0.951075185966017,False
24,y,31,0.014200792000110596,19.20613838827486,0.9774018533021694,False
24,y,33,0.00742074999993747,3.9814676006578473,0.995315362875483,False
24,y,34,0.007680625000148211,0.4224176217596136,0.9995029789335425,False
24,y,35,0.007441749999998137,5.1976107805764125,0.9938844358754909,False
24,y,36,0.016942541000162237,849.582190551054,0.00037255872019947844,False
24,y,37,0.013516250000066066,98.70786914031102,0.8838592713450002,False
24,y,38,0.007308499999908236,77.41503891145662,0.9089126418558263,False
24,y,39,0.023800624999921638,0.2830780368431304,0.9996669273711253,False
24,y,40,0.015425000000050204,18404.852187336724,-20.65534483158958,False
24,y,41,0.01835787499999242,3577.174013145386,-3.2089409895159857,False
24,y,42,6.932835333999947,1.3330101292997298e-06,0.9999999984315661,False
24,y,47,0.6797207090000938,797.389787649768,0.06178269507512768,False
24,y,51,1.1072294169998713,2948.3773078789836,-2.469092098424095,False
24,y,52,0.459853166999892,12.989775466258608,0.9847160920314102,False
24,y,53,0.7291954999998325,686.2071867006443,0.1926013258535294,False
24,y,54,0.49379625000005944,0.00025990766118675354,0.9999996941898815,False
24,y,55,6.260880416999953,0.24382966453756644,0.9997131074234128,False
24,y,56,2.629262874999995,160.25222180613176,0.811445531432853,False
24,y,57,1.6566819999998188,26.333103815461,0.9690161899804762,False
24,y,58,0.5564884579998761,2958.0780280021677,-2.4805060688947136,False
24,y,59,1.1450875830000768,0.42361847863421986,0.9995015659925718,False
24,z,0,0.028297250000150598,3.961259936608209,0.98954308262699,False
24,z,1,0.008374166000066907,10.299057501716138,0.97281259118594,False
24,z,2,0.014846040999827892,378.7072091178011,0.0002902971071171434,False
24,z,3,0.015859750000117856,113.06359601352605,0.7015351932645053,False
24,z,4,0.0204266660000485,0.12986263748303778,0.9996571891540236,False
24,z,5,0.02951083299990387,948.9643754202094,-1.5050721796853028,False
24,z,6,0.016176624999843625,0.131346935991697,0.9996532709090433,False
24,z,7,0.011873582999896826,0.5929248419588459,0.9984347994880444,False
24,z,8,0.01276366699994469,1.7782633884745667,0.9953057477625037,False
24,z,9,0.021834874999967724,292.2230800772371,0.22859073836224497,False
24,z,10,0.0070708340001601755,3.2316825866949683,0.9914690178565257,False
24,z,11,0.04414074999999684,8.927866211821637,0.9764322562042612,False
24,z,19,0.019280209000044124,0.04911640575097351,0.9998703427180199,False
24,z,20,0.01716612499990333,20.819300325512884,0.9450412982859748,False
24,z,21,0.01837124999997286,1.00406656532532,0.99734946929042,False
24,z,22,0.012425124999936088,642.6103616664138,-0.6963601385723439,False
24,z,23,0.007074458000033701,37.68134544844585,0.9005289422648617,False
24,z,24,0.020936125000162065,340.2893676637357,0.10170555391011815,False
24,z,25,0.01669949999995879,350.01601947825844,0.07602917922929053,False
24,z,26,0.08743000000004031,35.55300412910739,0.9061473287565449,False
24,z,27,0.012500999999929263,1.3985052932484294,0.9963082315901396,False
24,z,28,0.02245145799997772,986.7897375800703,-1.6049234121314422,False
24,z,29,0.016065459000174087,3.8242845056111694,0.9899046697954642,False
24,z,30,0.012790416999905574,2.3240837305182174,0.9938648935119379,False
24,z,31,0.017216750000216052,52.91092604216797,0.8603259592638246,False
24,z,33,0.01519408400008615,0.25715700017055254,0.9993211580290848,False
24,z,34,0.009528958000146304,0.11186237073995407,0.9997047061827056,False
24,z,35,0.007903790999989724,0.5087465022172168,0.9986570131163752,False
24,z,36,0.01807850000000144,375.6207623654543,0.008437886303982678,False
24,z,37,0.010231915999838748,57.233803743737724,0.8489144448309576,False
24,z,38,0.007328916999995272,92.08241406615538,0.7569212294052192,False
24,z,39,0.1538427909999882,15.31565123749606,0.9595698080743811,False
24,z,40,0.013386208999918381,1550.3161200353313,-3.092517993943086,False
24,z,41,0.013871625000092536,1005.4817713295795,-1.6542665644567336,False
24,z,42,6.529545708000114,7.709404266554066e-07,0.9999999979648747,False
24,z,47,0.6951910420000331,11.44043756777067,0.9697995808728243,False
24,z,50,1.0209165829999165,6086.725890154876,-15.067713486131058,False
24,z,51,0.934385999999904,51.59044241032519,0.8638117664190135,False
24,z,52,0.4088715410000532,320.2535735740856,0.15459595914757573,False
24,z,53,0.5279308749998108,1364.6311908711455,-2.6023476964226293,False
24,z,54,0.43624229199986075,0.0003973017343772073,0.9999989512045473,False
24,z,55,1.5398377920000712,0.49147665029092297,0.9987026019990861,False
24,z,56,1.8913498749998325,26.416623214831702,0.9302655087896206,False
24,z,57,0.7674522909999268,22.73670592918777,0.9399797390121488,False
24,z,58,0.46830850000014834,4.447725497910143,0.9882589128777801,False
24,z,59,3.9166139169999497,1.2278051031845016,0.996758845236207,False
25,x,0,0.029552374999866515,2.120170184121587,0.9766153216736266,False
25,x,1,0.009047957999882783,0.5013160199442991,0.9944706731780061,False
25,x,2,0.019352041999809444,78.13220926910624,0.13823116919082212,False
25,x,3,0.015890833999947063,35.10541869627754,0.6128004582494277,False
25,x,4,0.016388333000122657,0.7459322645375966,0.9917726481628163,False
25,x,5,0.02367099999992206,476.4228342578757,-4.254764362736941,False
25,x,6,0.015169624999998632,0.7833895835871965,0.9913595080462807,False
25,x,7,0.011752667000109795,1.8037613927105187,0.980105191431346,False
25,x,8,0.0217675420001342,4.341975918314229,0.9521096415226189,False
25,x,9,0.02247779200001787,66.64421614138554,0.26493940512360836,False
25,x,10,0.007626958000173545,3.299243833467851,0.9636105835542246,False
25,x,11,0.04562949999990451,1.7055253209164158,0.9811886982913878,False
25,x,19,0.012835457999926803,0.0066347157163923675,0.9999268215853724,False
25,x,20,0.016187917000024754,0.18491390826215845,0.9979604692608322,False
25,x,21,0.018787458000133483,0.7886275878636317,0.9913017348326048,False
25,x,22,0.01258716600000298,654.9484583940997,-6.223834734873268,False
25,x,23,0.007453582999914943,0.6346235364419601,0.9930003414965534,False
25,x,24,0.016360124999891923,84.90066432185968,0.06357766007134913,False
25,x,25,0.023748458999989452,82.61995804413094,0.08873299102593613,False
25,x,26,0.012223415999869758,1.1117097874526845,0.9877382598969843,False
25,x,27,0.012886874999821885,4.819259488415194,0.9468453835678272,False
25,x,28,0.021310207999931663,497.5339257226188,-4.487611747686935,False
25,x,29,0.015915666000182682,3.3313614940817757,0.9632563378584418,False
25,x,30,0.014749000000165324,3.900690216586515,0.9569768565519661,False
25,x,31,0.014748542000006637,22.67703955931349,0.7498807975602684,False
25,x,33,0.008859625000013693,1.199019355959153,0.9867752682514885,False
25,x,34,0.009513290999848323,0.0010841327675713357,0.9999880424240363,False
25,x,35,0.008847207999906459,1.4481505337513312,0.9840274452241807,False
25,x,36,0.01753983399999015,90.36723126039078,0.003283486346752018,False
25,x,37,0.015485458000057406,88.28240827838971,0.02627829835130102,False
25,x,38,0.007643416999826513,126.03066062938825,-0.3900707028854067,False
25,x,39,0.021770542000012938,0.0060001890397504976,0.9999338201755488,False
25,x,40,0.01514241699987906,10120.787650348126,-110.62847463161515,False
25,x,41,0.015626583000084793,503.63474508920314,-4.554901486729272,False
25,x,42,7.210027332999971,4.4329896500952064e-11,0.9999999999995111,False
25,x,47,0.8369275000000016,10.087221746556907,0.8887417446407669,False
25,x,50,0.7846524169999611,148.23759420516438,-0.635004813445885,False
25,x,51,0.46732679100000496,75.3767698435383,0.16862262790356208,False
25,x,52,0.45619508400000086,901.6801120129697,-8.945191914604539,False
25,x,53,0.4307920829999148,10679.27484184279,-116.78837793575171,False
25,x,54,8.240589292000095,0.0017959820934905332,0.9999801909941708,False
25,x,55,1.3242347499999596,7.819773885022592,0.9137508402600281,False
25,x,56,1.4528646670000853,20.15966864823224,0.7776464502539432,False
25,x,57,5.478005166000003,11.2412389572542,0.8760133695992909,False
25,x,59,0.48688787499986574,0.8670178684108834,0.9904371195728296,False
25,y,0,0.027729416000056517,10.689238148033255,0.9860040059499942,False
25,y,1,0.00857370800008539,1.9278751476268263,0.997475729446602,False
25,y,2,0.016038334000086252,763.4588275493763,0.0003623214464975044,False
25,y,3,0.016110541999978523,246.65638026206616,0.6770395436293049,False
25,y,4,0.014735375000100248,2.4931783414712836,0.9967355475900538,False
25,y,5,0.02650504100006401,3071.7251591597083,-3.0219748550332985,False
25,y,6,0.017504041999927722,2.6321517330893673,0.9965535822586374,False
25,y,7,0.010188792000008107,8.580662368339922,0.9887648775535521,False
25,y,8,0.020315083000014056,93.63950343729435,0.8773927650592188,False
25,y,9,0.022148875000084445,598.4841270781202,0.21637256410556271,False
25,y,10,0.0077074579999134585,7.188017910217159,0.9905883417967215,False
25,y,11,0.044568792000063695,7.2503692621213585,0.9905067018203101,False
25,y,19,0.013664957999935723,0.09565416545787919,0.9998747548597883,False
25,y,20,0.01545262499985256,16.792873801938608,0.978012187720069,False
25,y,21,0.01944591700021192,5.799720643430174,0.9924061140286148,False
25,y,22,0.017109874999960084,2740.835960426807,-2.588723841954414,False
25,y,23,0.008172834000106377,32.55400151211815,0.9573752960540673,False
25,y,24,0.016719791000014084,7.67505225107834,0.9899506415563076,False
25,y,25,0.01770762499995726,689.4981506376412,0.0972030110873684,False
25,y,26,0.09117812499994216,14.955879309270104,0.980417463347127,False
25,y,27,0.01353400000016336,11.094593178139268,0.9854732528213862,False
25,y,28,0.022230583999999,3236.4877355783124,-3.2377073522686297,False
25,y,29,0.015626166000174635,18.31799762318385,0.9760152611260444,False
25,y,30,0.019090000000005602,10.46874657421416,0.9862927074189399,False
25,y,31,0.01503637499990873,30.02847692187868,0.9606821011461252,False
25,y,33,0.009139250000089305,4.061169622696878,0.994682492326566,False
25,y,34,0.010081583999863142,0.00038307340567863353,0.9999994984213999,False
25,y,35,0.00756970900010856,4.261132564037339,0.9944206700995313,False
25,y,36,0.014703499999995984,756.789400124673,0.009094961253036549,False
25,y,37,0.01454929200008337,45.74946526264592,0.940097766113972,False
25,y,38,0.007586749999973108,159.83766712102025,0.7907159512201324,False
25,y,39,0.1598304999999982,5.961106711664358,0.9921948025750315,False
25,y,40,0.016810290999956123,16795.709742135627,-20.991525528861658,False
25,y,41,0.014834750000090935,3314.7251129328897,-3.340147755670456,False
25,y,42,6.961933833000103,1.2900555211584164e-06,0.999999998310861,False
25,y,47,0.7775104579998242,12.636424701115507,0.9834544499354522,False
25,y,51,8.490003957999988,4666.894340969083,-5.110615604558055,False
25,y,52,0.4609375420000106,6.55104358777142,0.9914223665142452,False
25,y,53,0.5578918749999957,2171.8320608809227,-1.8436964525197874,False
25,y,54,0.6032177920001232,0.0019676434834038237,0.999997423658627,False
25,y,55,0.49800450000020646,0.019160920679406782,0.9999749115766617,False
25,y,56,4.664858290999973,505.4790158753918,0.3381491551952661,False
25,y,57,0.9254174170000624,12.142945441468818,0.9841005888544438,False
25,y,58,0.5567927089998648,10862.53111205799,-13.222895842239218,False
25,y,59,0.5126172080001652,0.6978526947546045,0.9990862639574212,False
25,z,0,0.03135662499994396,0.14287708962695014,0.9731065701434973,False
25,z,1,0.008122375000084503,0.10865785422559632,0.9795475790513095,False
25,z,2,0.014109707999978127,5.018374158840931,0.05540283759379572,False
25,z,3,0.014207708000185448,2.194682411256448,0.5868999176947662,False
25,z,4,0.015108125000097061,0.05478305218700494,0.9896883105950498,False
25,z,5,0.024048374999892985,30.733632172313634,-4.7849217339164305,False
25,z,6,0.017415875000097003,0.057053061187312404,0.9892610319600861,False
25,z,7,0.011883291000003737,0.10584468021620222,0.9800770964014551,False
25,z,8,0.01464945800012174,0.0522349727390675,0.9901679297983862,False
25,z,9,0.022642292000000452,3.7006195967604834,0.3034407838868465,False
25,z,10,0.007093708999946102,0.3305108427006719,0.9377886952471386,False
25,z,11,0.04282324999985576,0.1862711221604033,0.964938610023535,False
25,z,19,0.012689124999951673,0.00011506942356115629,0.9999783407439272,False
25,z,20,0.02001266700017368,0.00536427542871733,0.9989902946277123,False
25,z,21,0.022069791000149053,5.312713565784412,-1.5138557074578785e-11,False
25,z,22,0.013112791999901674,345.2315181457899,-63.982144035473425,False
25,z,23,0.007109749999926862,0.0025030938520155567,0.9995288483331429,False
25,z,24,0.035856041999977606,0.09809520829548019,0.9815357618884764,False
25,z,25,0.019427957999823775,4.891084228335728,0.07936233191453568,False
25,z,26,0.01081120800017743,0.06476206386111195,0.9878099839074365,False
25,z,27,0.01351029100010237,0.45312676171267846,0.9147089794869009,False
25,z,28,0.017908750000060536,31.897351994942365,-5.003966071285015,False
25,z,29,0.014825749999999971,0.2034720792802521,0.9617009129583499,False
25,z,30,0.013262915999803226,0.3624571619898983,0.9317755121733409,False
25,z,31,0.015975292000121044,63.44212789169406,-10.941567544925112,False
25,z,33,0.009381917000155227,0.07746769466262234,0.9854184318983971,False
25,z,34,0.009840124999982436,0.0014227992749528714,0.9997321897261434,False
25,z,35,0.007403084000088711,0.0976921366689164,0.9816116311446632,False
25,z,36,0.015949165999927573,5.30626720132113,0.001213384516806748,False
25,z,37,0.00989587499998379,21.45126998384965,-3.0377237956752428,False
25,z,38,0.007838291000098252,160.61769294683248,-29.232703299438864,False
25,z,39,0.01985500000000684,0.00036617408106900533,0.9999310758849427,False
25,z,40,0.01167983400000594,6002.936185567681,-1128.9190350331328,False
25,z,41,0.015986708000127692,32.05658856799715,-5.033938809526117,False
25,z,42,5.834727000000157,5.225567494111667e-09,0.9999999990164034,False
25,z,47,0.8314290419998542,10.701775167044163,-1.0143708172277637,False
25,z,50,11.917479125,1975.4340164123525,-370.8314552406307,False
25,z,51,0.6649661249998644,80.34712517175949,-14.12355676211065,False
25,z,52,0.5181195420000222,931.6641852374212,-174.3650321469885,False
25,z,53,0.4532334999998966,2838.198360549715,-533.2276268895041,False
25,z,54,0.4681167920000462,0.0016804071876808158,0.9996837007742091,False
25,z,55,0.6365739169998506,0.017127058792920022,0.9967762126489402,False
25,z,56,7.6771036249999725,32.150487214228576,-5.0516131382980625,False
25,z,57,1.3072098749998986,13.341225398336874,-1.511188535452134,False
25,z,58,1.0225650419999965,4.471080718520932,0.15841863800378386,False
25,z,59,2.201122166999994,0.7461311863138294,0.8595574225701814,False
26,x,0,0.029030541999873094,8.44972217372043,0.984904413073381,False
26,x,1,0.008538208000118175,0.5652209861815942,0.9989902221215995,False
26,x,2,0.016867541999999958,559.6105426121421,0.0002452841198528066,False
26,x,3,0.016136333000076775,184.7732612489671,0.6698991079761668,False
26,x,4,0.013741167000034693,2.1889902174397142,0.9960893279767646,False
26,x,5,0.027655249999952503,2355.6242955843027,-3.2083669248963798,False
26,x,6,0.015658875000099215,2.3024081554158875,0.9958867047062526,False
26,x,7,0.010368791000018973,6.764651144970977,0.9879148240276164,False
26,x,8,0.0187449170000491,61.057811235828694,0.8909190766145958,False
26,x,9,0.02072308299989345,435.3314325222325,0.22227224204278506,False
26,x,10,0.008240291999982219,6.311100721480384,0.9887251003541803,False
26,x,11,0.04884141599995928,4.884865771808635,0.9912730958051447,False
26,x,19,0.013625374999946871,0.051779468479962155,0.9999074950097313,False
26,x,20,0.016135084000097777,9.817775549164004,0.982460360094516,False
26,x,21,0.019008667000207424,4.368221358896759,0.9921960907255598,False
26,x,22,0.01346316600006503,2130.1092366377165,-2.8054800481920203,False
26,x,23,0.008329375000130312,19.89548036982155,0.9644563516770344,False
26,x,24,0.01570874999993066,6.073544787943477,0.9891494984788658,False
26,x,25,0.018085166999981084,505.954153101977,0.09610342896375557,False
26,x,26,0.09040237499993964,8.316365829110126,0.9851426566807912,False
26,x,27,0.013515957999970851,10.167558355851723,0.9818354665589375,False
26,x,28,0.022523999999975786,2482.4068583232397,-3.434866347866458,False
26,x,29,0.015048792000015965,14.364772122843043,0.974337065550408,False
26,x,30,0.01724979200002963,9.070649870458915,0.983795114113184,False
26,x,31,0.01478870799996912,26.369892102042385,0.9528896938517121,False
26,x,33,0.009480375000066488,3.4209006574186236,0.9938884969020639,False
26,x,34,0.00991716700013967,0.0028417966417040876,0.9999949230770727,False
26,x,35,0.007785458000171275,3.6856150801079917,0.9934155796278292,False
26,x,36,0.014728417000014815,555.0723345548942,0.008352877814747917,False
26,x,37,0.015844291999883353,66.77213308382302,0.8807103336039251,False
26,x,38,0.007635457999867867,147.7746924749995,0.7359977440739272,False
26,x,39,0.15609170800007632,2.740310398738678,0.9951043841466489,False
26,x,40,0.01736845799996445,15261.616353661648,-26.265163465838807,False
26,x,41,0.01473145799991471,2537.1983729247827,-3.5327524149469944,False
26,x,42,7.028294791999997,3.6669608481323443e-07,0.9999999993448906,False
26,x,47,0.6727434580000136,13.328140512351176,0.9761890273386583,False
26,x,50,0.7703379580000274,101.41566227702891,0.8188190198270792,False
26,x,51,0.4597372919999998,68.20480813078419,0.8781508327985302,False
26,x,52,0.47936683300008553,1003.6631849958653,-0.7930630786031472,False
26,x,53,0.42609241699983613,10562.983851861705,-17.870968496002472,False
26,x,54,8.202049792000025,0.0009542179212028686,0.9999982952718113,False
26,x,55,0.6323260410001694,1.3921291394382609,0.9975129352178195,False
26,x,56,0.924730750000208,75.6366092670963,0.8648737808708987,False
26,x,57,6.0194684159998815,8.280994239454474,0.9852058486882207,False
26,x,59,0.49079804100006186,0.2343596837185627,0.9995813120354807,False
26,y,0,0.027800250000154847,4.11705789320071,0.9858640715179091,False
26,y,1,0.008616250000159198,0.7796586920762456,0.9973230399480582,False
26,y,2,0.018081791999975394,291.11721726956,0.00044831285368818197,False
26,y,3,0.016069209000079354,94.39879349495594,0.6758815085296374,False
26,y,4,0.014673874999971304,1.0090014050369518,0.9965355911745892,False
26,y,5,0.026665874999935113,1188.0252129750504,-3.0790875137488287,False
26,y,6,0.015029625000124724,1.0692796565813847,0.9963286256484875,False
26,y,7,0.010421167000004061,3.680862365741043,0.9873617499427282,False
26,y,8,0.012576542000033442,1.0223577601481202,0.996489732096206,False
26,y,9,0.02322449999996934,229.55866313792467,0.2118097610623293,False
26,y,10,0.007254917000182104,2.8930803391751057,0.9900666014837773,False
26,y,11,0.042929541999910725,2.984006174623943,0.9897544074023675,False
26,y,19,0.013756208999893715,0.06643984054448543,0.9997718786427926,False
26,y,20,0.024191458000132116,291.2477879005803,-1.7315915368243395e-09,False
26,y,21,0.019437790999973004,2.3879243481039882,0.9918010558313527,False
26,y,22,0.013610166000034951,798.7933062004687,-1.7426587969702525,False
26,y,23,0.00713616699999875,12.543814851997775,0.9569307806107682,False
26,y,24,0.023646125000141183,3.1182877378541125,0.9892933513221458,False
26,y,25,0.017331791000060548,262.38366611333817,0.09910503197625553,False
26,y,26,0.08465791699995862,5.795267255545618,0.9801019355121801,False
26,y,27,0.01267429099993933,4.323157591438503,0.9851564276931085,False
26,y,28,0.021488124999905267,1252.4539719340892,-3.3003038173473165,False
26,y,29,0.015403332999994745,7.258279298851758,0.9750786800348238,False
26,y,30,0.014168041999937486,4.139559534752156,0.9857868120758628,False
26,y,31,0.018991292000009707,133.60669041495075,0.5412610972622713,False
26,y,33,0.009892125000078522,1.791151243049051,0.9938500777669013,False
26,y,34,0.009732750000011947,0.0030722005814304244,0.999989451591688,False
26,y,35,0.0075630839999121235,1.886542033500145,0.9935225532514229,False
26,y,36,0.01472604099990349,288.4552317714687,0.009588246660188093,False
26,y,37,0.009584124999946653,25.81098899101658,0.9113779053164124,False
26,y,38,0.007361875000015061,144.14774387800452,0.5050683640666291,False
26,y,39,0.160023499999852,2.3524164005067263,0.9919229724574486,False
26,y,40,0.013601458000039202,1233.030846955693,-3.233614469585965,False
26,y,41,0.013872875000060958,1284.0472876352114,-3.4087795451238776,False
26,y,42,6.198295665999922,1.0550714253840465e-07,0.999999999637741,False
26,y,47,0.7941746669998793,258.24918280674535,0.11330079065842436,False
26,y,51,8.480431124999996,3120.501511808684,-9.714249676214978,False
26,y,52,0.43780037500005164,4.024165702704548,0.9861830170842484,False
26,y,53,0.554326790999994,2126.875779932109,-6.302633262715171,False
26,y,54,0.5553463749999992,0.000566954698801849,0.9999980533596362,False
26,y,55,2.0200615420001213,0.1331518852876757,0.9995428226717942,False
26,y,56,11.939614292000215,342.05998448785596,-0.17446380467249822,False
26,y,57,1.3008343329997842,22.419821867588087,0.9230214860410776,False
26,y,58,0.5604879160000564,10879.434328856547,-36.35456473718891,False
26,y,59,0.49186587500003043,0.22966929210246373,0.9992114299162383,False
26,z,0,0.03443941699993047,0.2956243377871245,0.96968629707363,False
26,z,1,0.008261915999810299,0.28891475870289796,0.9703743060130925,False
26,z,2,0.014066250000041691,9.20933613741735,0.05566273092244467,False
26,z,3,0.014595792000136498,4.27206004342859,0.5619374236590673,False
26,z,4,0.014991791000056764,0.15223429449581957,0.984389698043485,False
26,z,5,0.024578166000083,62.953679404001186,-5.455351916759371,False
26,z,6,0.015039499999829786,0.1607241280146167,0.9835191395058842,False
26,z,7,0.012056042000040179,0.3202167983158681,0.9671645542825015,False
26,z,8,0.013882040999988021,0.11943029743663933,0.9877534624381661,False
26,z,9,0.023164542000131405,6.779723646386828,0.30479834617862844,False
26,z,10,0.007217999999966196,0.7668242939003665,0.9213688425789968,False
26,z,11,0.04414587499991285,0.4679170105166378,0.9520191830037672,False
26,z,19,0.01408958399997573,0.0007952649013361692,0.9999184525058142,False
26,z,20,0.020015249999914886,0.03275893216553297,0.9966408566179482,False
26,z,21,0.022227666999924622,9.752168469646195,-3.032334383590296e-10,False
26,z,22,0.012900041999955647,336.36100957895474,-33.49089407426467,False
26,z,23,0.007262624999839318,0.0030754487831805887,0.9996846394939048,False
26,z,24,0.016479000000117594,9.400142217891,0.03609722801656301,False
26,z,25,0.020490625000093132,8.946726474292218,0.08259106629956015,False
26,z,26,0.010807915999976103,0.19764467793728882,0.9797332584427356,False
26,z,27,0.012580041000092024,1.0119501882637778,0.8962333155215326,False
26,z,28,0.018468959000074392,65.12144854454549,-5.677637775330092,False
26,z,29,0.014427458000000115,0.4504208163281914,0.9538132654427867,False
26,z,30,0.013389665999966383,0.8106387443840483,0.9168760520131508,False
26,z,31,0.016208125000048312,73.26503005665299,-6.51269118318743,False
26,z,33,0.009993790999942576,0.25340155881918114,0.9740158755783662,False
26,z,34,0.009763042000031419,0.00010828580004760938,0.9999888962336513,False
26,z,35,0.007205665999890698,0.32048572121237834,0.9671369785799868,False
26,z,36,0.014465083999994022,9.744439921802728,0.0007924950140759668,False
26,z,37,0.010031208000100378,18.797030342831093,-0.9274718650561764,False
26,z,38,0.007520165999949313,166.5988480341827,-16.083261902544354,False
26,z,39,0.019948999999996886,0.0009586064837580969,0.9999017032481512,False
26,z,40,0.011593374999847583,5683.137480772274,-581.756286479716,False
26,z,41,0.01798733300006461,65.51039432559662,-5.71752078005665,False
26,z,42,6.64997137499995,3.147235648121994e-08,0.9999999967727837,False
26,z,47,0.7237997090001045,25.720218150698418,-1.6373845200226298,False
26,z,50,12.275171582999974,10039.832378229128,-1028.4974304968898,False
26,z,51,0.6842633750000005,72.58931688625538,-6.443402678512219,False
26,z,52,0.5450979590000316,942.3981666765525,-95.6347299983128,False
26,z,53,0.46710141700009444,2813.621714156283,-287.5124189319449,False
26,z,54,0.46482854199985013,0.0010489984863834006,0.9998924343349926,False
26,z,55,0.583187541000143,0.14545697464945329,0.9850846532085353,False
26,z,56,0.9113582080001379,46.421100346406384,-3.7600798227562784,False
26,z,57,1.3664302920001319,12.966224447758242,-0.329573467895643,False
26,z,58,1.1169702920001328,4.074125482310725,0.5822338902135532,False
26,z,59,1.2207166250000228,0.2272126489373463,0.9767013203562419,False
27,x,0,0.02954362500008756,4.780820621449516,0.9842428361991677,False
27,x,1,0.008657708000100683,0.021284068719771333,0.9999298495836341,False
27,x,2,0.019306207999989056,303.3396590949402,0.0002191937085501694,False
27,x,3,0.016254458000048544,108.0238514837146,0.6439628973760607,False
27,x,4,0.014577874999986307,2.3548473194614448,0.9922386305873458,False
27,x,5,0.02616966699997647,1377.1477106953355,-3.5389575919266036,False
27,x,6,0.015468332999944323,2.4659835602080475,0.9918723353237678,False
27,x,7,0.011384958000007828,5.732507472259867,0.9811061601381508,False
27,x,8,0.02026004100002865,25.628541082944075,0.9155305852705536,False
27,x,9,0.02186054100002366,236.0958208733028,0.22184896343911764,False
27,x,10,0.007481999999981781,4.682968673549508,0.9845653476032504,False
27,x,11,0.044790374999820415,2.823913984646736,0.9906926281618054,False
27,x,19,0.012862625000025218,0.02258815653876225,0.999925551425012,False
27,x,20,0.01550654199991186,4.017675736845964,0.9867580945413265,False
27,x,21,0.02125687500006279,2.5758715493406648,0.9915101541875967,False
27,x,22,0.011298375000023952,1331.27800472875,-3.3877750800438706,False
27,x,23,0.007533458000125393,8.358644521610971,0.9724506436637608,False
27,x,24,0.019154042000081972,3.819691417348529,0.9874106334251994,False
27,x,25,0.018457749999925,272.95287560415346,0.10037135643486894,False
27,x,26,0.08398612499991032,4.242617973468752,0.9860167047363444,False
27,x,27,0.013337875000161148,7.504805947167744,0.9752648204217442,False
27,x,28,0.022772000000031767,1444.4832047583077,-3.760889451239602,False
27,x,29,0.015527708000036,8.735151073267179,0.9712097112221804,False
27,x,30,0.015373833000012382,6.333602759761478,0.9791250029990236,False
27,x,31,0.01459729199996218,24.881798284559167,0.917991783780795,False
27,x,33,0.00901620899981026,3.5728551842056944,0.988224183914871,False
27,x,34,0.009492749999935768,0.0036182993761580988,0.9999880744038597,False
27,x,35,0.0077217080001901195,3.929612390817342,0.9870483435755606,False
27,x,36,0.015313541000068653,300.9435253588095,0.008116639515137192,False
27,x,37,0.014700124999990294,95.57445519843502,0.6849950113207888,False
27,x,38,0.007287250000217682,143.9440714658823,0.525573015211995,False
27,x,39,0.1565933340000356,0.6633371762959646,0.9978136990760159,False
27,x,40,0.015570582999998805,12914.67460721749,-41.56563032450176,False
27,x,41,0.013749375000088548,1479.4533398302876,-3.8761479371978877,False
27,x,42,0.9906631250000828,1.7049072000233885e-09,0.9999999999943808,False
27,x,53,0.4666314999999486,55.20824065236769,0.8180385000825722,False
27,x,57,0.5738154580001265,0.005856124758876913,0.9999806987284464,False
27,y,0,0.029024790999983452,2.9571755333091274,0.987775799271697,False
27,y,1,0.008545708999918133,1.2042019128541317,0.9950221399662188,False
27,y,2,0.014711333000150262,241.6711419050795,0.0009938484848639462,False
27,y,3,0.016358917000161455,79.30702322258918,0.6721652265422785,False
27,y,4,0.015263750000030996,1.0962453999443844,0.995468404338716,False
27,y,5,0.031218375000207743,956.6384987605586,-2.954496749195499,False
27,y,6,0.018980874999897424,2.1622785415187495,0.9910616983590252,False
27,y,7,0.011833125000066502,3.6087480872626196,0.9850823664338879,False
27,y,8,0.019997082999907434,30.800192486835716,0.8726799504498373,False
27,y,9,0.021954957999923863,194.75042510852523,0.19495198657181945,False
27,y,10,0.007766208000020924,2.140987707181682,0.9911497091753186,False
27,y,11,0.04445345799990719,2.8327851964230835,0.9882899968327241,False
27,y,19,0.014003499999944324,0.058266555075499535,0.9997591410935986,False
27,y,20,0.015945790999921883,6.92783134275503,0.9713621325512255,False
27,y,21,0.023746709000079136,1.9179075383838864,0.9920718650403229,False
27,y,22,0.012364458000092782,967.6414899199508,-2.9999802759693317,False
27,y,23,0.007653500000060376,12.443084961283,0.9485634969812425,False
27,y,24,0.02162958400003845,214.7875618610166,0.11212363264964664,False
27,y,25,0.01823224999998274,216.36971905689694,0.10558340298511792,False
27,y,26,0.09158108300016465,6.21601873534255,0.9743045822286074,False
27,y,27,0.01465454200001659,2.9193070837130817,0.9879323376725858,False
27,y,28,0.021757541999932073,1006.2130701388542,-3.1594252374512255,False
27,y,29,0.016188499999998385,5.630768708582791,0.9767238548496513,False
27,y,30,0.013773791999938112,2.9985025043660394,0.9876049642353585,False
27,y,31,0.014720917000204281,35.434047025127164,0.8535247912840083,False
27,y,33,0.009557832999917082,1.8974942294222619,0.9921562483931083,False
27,y,34,0.010318667000092319,0.0029854150766215276,0.9999876590642852,False
27,y,35,0.007297667000102592,1.952099429284766,0.9919305245845587,False
27,y,36,0.014824416000010388,239.0112572025101,0.011989125617420715,False
27,y,37,0.013545165999858,65.72283510955245,0.7283187555953783,False
27,y,38,0.0076638749999347056,169.52404336407815,0.2992313405092035,False
27,y,39,0.15545291699982045,2.8702717959603548,0.9881350369014642,False
27,y,40,0.015499833999911061,11569.179844002265,-46.824004724083586,False
27,y,41,0.015363167000032263,1037.3053604429265,-3.287952744019063,False
27,y,42,6.439693666000039,2.3701862783289703e-08,0.9999999999020226,False
27,y,53,0.4063424579999264,200.4434311030207,0.17141856853820026,False
27,y,57,0.48106029099994885,0.012105378390113875,0.999949959488821,False
27,y,58,0.4473353330001828,292.2635205081441,-0.20814199225236574,False
27,z,0,0.030877375000045504,0.033306213671459264,0.9830101914052248,False
27,z,1,0.008682000000135304,0.10910459535326375,0.9443447336840094,False
27,z,2,0.01726654200001576,1.957998196656477,0.0012069544063829651,False
27,z,3,0.015080291000003854,0.33360616221463835,0.8298244015974361,False
27,z,4,0.015188542000032612,0.015853923561298344,0.9919127665053842,False
27,z,5,0.1534165830000802,0.09168351510855796,0.9532313883422482,False
27,z,6,0.016233333999934985,0.013424943856014077,0.9931518115880961,False
27,z,7,0.012582083000097555,0.06376727762523028,0.9674717200775381,False
27,z,8,0.012622999999848616,0.031248837773830605,0.9840596779380686,False
27,z,9,0.01905454200004897,1.4281510657109793,0.2714868915992671,False
27,z,10,0.0075453330000527785,0.03229187663227194,0.9835276141395043,False
27,z,11,0.04548641700012013,0.06339467450282074,0.9676617883871333,False
27,z,19,0.01767945899996448,0.04923918501438855,0.9748826349038272,False
27,z,20,0.01579758299999412,0.1215297985861242,0.9380065222391468,False
27,z,21,0.020385667000027752,0.027353986212370923,0.9860464778543546,False
27,z,22,0.01383154200016179,451.9534726036821,-229.54565940830685,False
27,z,23,0.00824733399986144,0.25903377788737697,0.8678644666938141,False
27,z,24,0.016831583999874056,1.4805738742204344,0.2447455306219486,False
27,z,25,0.01586025000005975,1.8130934690876146,0.07512420030403533,False
27,z,26,0.016884166000181722,1.778910776719684,0.09256110881347934,False
27,z,27,0.012735166000084064,0.025358863194585496,0.9870642086156346,False
27,z,28,0.018374167000047237,3.423712249490174,-0.7464673822191559,False
27,z,29,0.016308041999991474,0.009704283089713207,0.9950497551637031,False
27,z,30,0.012640207999993436,0.019882820141408675,0.9898575889814715,False
27,z,31,0.015356084000131887,49.30100036652229,-24.148897680792945,False
27,z,33,0.009216292000019166,0.10109544519786533,0.9484302754837859,False
27,z,34,0.010033667000016067,0.056233941930220334,0.9713145445066651,False
27,z,35,0.007756416000120225,0.12146997152621526,0.9380370405774565,False
27,z,36,0.013827833000050305,1.9329289232944848,0.013995023330450329,False
27,z,37,0.010284124999998312,25.24130995665056,-11.875826387085608,False
27,z,38,0.008574250000037864,159.89695819824112,-80.5649218332738,False
27,z,39,0.15675474999989092,0.13329502251806702,0.9320049723586912,False
27,z,40,0.01190833400005431,6906.272619146071,-3521.9537365028173,False
27,z,41,0.01360370900010821,2.453834936310418,-0.2517239666546529,False
27,z,42,6.2168850000000475,3.826026874723233e-07,0.9999998048308195,False
27,z,53,1.289346291999891,777.9293818277386,-395.82899497011493,False
27,z,57,0.3714552920000642,0.030846232495811726,0.9842650506255876,False
27,z,58,0.5923382500000116,5.597192988617837,-1.8551800718832183,False
28,x,0,0.028930292000040936,11.833514537924557,0.9862350939895451,False
28,x,1,0.008205915999951685,2.364528096475746,0.9972495485679458,False
28,x,2,0.015898083999900336,859.2267286031632,0.0005357137992351158,False
28,x,3,0.01608295799996995,271.17888417507777,0.684561011800248,False
28,x,4,0.01579870899990965,2.234742542995553,0.9974005168994119,False
28,x,5,0.028516249999938736,3356.073786606819,-2.9038309446228374,False
28,x,6,0.014570415999969555,2.338610016471534,0.9972796968332043,False
28,x,7,0.010291917000131434,7.529779502333342,0.991241257464391,False
28,x,8,0.013218791999861423,2.1012867380561584,0.9975557545175897,False
28,x,9,0.02256400000010217,676.8187167230183,0.2127152088289932,False
28,x,10,0.008105209000177638,7.1597689268491305,0.9916716588280848,False
28,x,11,0.0475200829998812,7.504449593171906,0.991270721561278,False
28,x,19,0.014176500000075976,0.039662693219941175,0.9999538638126024,False
28,x,20,0.02713137499995355,859.6872749393937,-2.1760371282653068e-14,False
28,x,21,0.01951541600010387,5.755778241220168,0.9933048000022728,False
28,x,22,0.01796504100002494,2314.6045569085227,-1.692379687801878,False
28,x,23,0.007039374999976644,37.46847668199596,0.9564161552994509,False
28,x,24,0.02349162499990598,7.70867608240525,0.991033162514882,False
28,x,25,0.017160999999987325,773.6462446024942,0.10008410365612108,False
28,x,26,0.09115987500013034,17.80480709552727,0.979289204790448,False
28,x,27,0.012973540999837496,11.3988454681056,0.9867407069984728,False
28,x,28,0.024357667000003858,3538.676520545289,-3.116236943014923,False
28,x,29,0.015928207999877486,19.153684952035775,0.9777201716131176,False
28,x,30,0.013377916999843364,10.735961502800642,0.9875117826961464,False
28,x,31,0.016102167000099143,1.6726155412620796,0.9980543907185552,False
28,x,33,0.009205958999928043,3.253647525207027,0.9962153126839798,False
28,x,34,0.009605292000060217,0.023154953810524508,0.9999730658409337,False
28,x,35,0.007802082999887716,3.3706298666152232,0.9960792372239627,False
28,x,36,0.015546416999995927,850.9142953213653,0.010204849918975967,False
28,x,37,0.010160167000094589,28.000616473093718,0.9674292998287449,False
28,x,38,0.007955042000048707,140.1341642944116,0.8369940228505839,False
28,x,39,0.15304954199996246,7.01882790574162,0.9918356033521183,False
28,x,40,0.014044833000070867,1052.3248842824455,-0.22407870275462538,False
28,x,41,0.015430917000003319,3424.4272522041156,-2.983340630981885,False
28,x,42,6.524318666999989,3.755656693271704e-07,0.9999999995631369,False
28,x,47,1.1878653329999906,795.2903468064665,0.07490738784920314,False
28,x,50,0.7884886250001273,78.39250642786261,0.9088127639979422,False
28,x,51,0.4670981249998931,61.186983280385846,0.9288264639200332,False
28,x,52,0.44564841700002944,892.8614156485103,-0.03858861434406635,False
28,x,53,0.43713883400005216,10301.70325686844,-10.983082170891656,False
28,x,54,7.728557374999809,0.0001475292935588857,0.9999998283919073,False
28,x,55,0.6293743749999976,11.946139626298038,0.9861040869458717,False
28,x,56,3.8327039999999215,48.8361508233268,0.9431931212116978,False
28,x,57,5.651882500000056,8.04123216365704,0.9906463287313121,False
28,x,59,0.8724138750001202,0.09417680618990647,0.9998904522505622,False
28,y,0,0.030122500000061336,1.6220206442434608,0.8817578861286555,False
28,y,1,0.008632375000161119,3.2560814253777783,0.7626380699652175,False
28,y,2,0.014821332999872538,12.817881279397058,0.06560167208306344,False
28,y,3,0.014533625000012762,9.968609953718598,0.273307946190547,False
28,y,4,0.016493332999971244,0.9372049424484207,0.9316796035124078,False
28,y,5,0.0192802080000547,172.6064591639223,-11.582671294488582,False
28,y,6,0.014869332999978724,1.023103991362006,0.9254177318407203,False
28,y,7,0.012631957999929,3.757773983656192,0.7260656694751914,False
28,y,8,0.012771500000098968,0.5953808500398621,0.9565979073589,False
28,y,9,0.022876207999843245,9.178743115145076,0.33088768477233965,False
28,y,10,0.007663916000183235,4.75026199819319,0.6537152457938921,False
28,y,11,0.0443244999999024,3.97273013446517,0.7103957889767494,False
28,y,19,0.013080582999918988,0.4777679811057793,0.9651716541176695,False
28,y,20,0.01590683400013404,1.7804788424012756,0.870206595226829,False
28,y,21,0.025232958000060535,0.1281784881186462,0.990656040389023,False
28,y,22,0.01736604100005934,504.40689934810393,-35.77027061392825,False
28,y,23,0.007376000000022032,1.7394516016915231,0.8731974003593321,False
28,y,24,0.015839249999999083,12.492921507413904,0.08929060014868617,False
28,y,25,0.014523124999868742,12.310440839122855,0.10259308186244598,False
28,y,26,0.011450792000005094,2.032347364544853,0.8518458754779143,False
28,y,27,0.013777707999906852,5.27651044940648,0.6153527690191263,False
28,y,28,0.01903087499999856,2.419333573871149,0.823635342158135,False
28,y,29,0.014714375000039581,2.463795232373163,0.8203941747253025,False
28,y,30,0.014028832999883889,4.478996156291791,0.6734899919916952,False
28,y,31,0.02197541700002148,22.371821367728717,-0.6308617643434293,False
28,y,33,0.009081207999997787,3.6957711525147103,0.7305855538836887,False
28,y,34,0.009467165999922145,0.43134582414448486,0.9685557380311828,False
28,y,35,0.007901791999984198,4.719487219894313,0.6559586665868983,False
28,y,36,0.014363832999833903,13.241847913409734,0.034695338557352406,False
28,y,37,0.015373250000038752,83.32171404316387,-5.073989030172052,False
28,y,38,0.007509583999990355,114.05284014059485,-7.314227663572376,False
28,y,39,0.01991054199993414,0.3098409770294214,0.9774132023424342,False
28,y,40,0.012812417000077403,8812.421772023603,-641.4082099990393,False
28,y,41,0.02000654200014651,171.44117168406595,-11.497724129743775,False
28,y,42,6.466307166999968,3.2374704243772314e-06,0.9999997639947753,False
28,y,47,0.9936087080000107,80.7212530896276,-4.884420542694855,False
28,y,51,2.9283295830000498,4062.211705996158,-295.1272415456452,False
28,y,52,0.4594335829999636,1.9756660961457997,0.8559778284319034,False
28,y,53,1.2894116669999676,2075.3844456025454,-150.2914430618799,False
28,y,54,0.5464415420001387,0.00014638506893585148,0.9999893288164663,False
28,y,55,9.121775208000145,0.820202310440707,0.9402088651997988,False
28,y,56,11.854792374999988,588.07632114771,-41.86960685547959,False
28,y,57,0.949519207999856,12.097419030906549,0.1181219525914251,False
28,y,58,0.5642981670000609,10884.164641881962,-792.4341893534485,False
28,y,59,0.4958606249999775,0.09705766063929051,0.9929246874864839,False
28,z,0,0.032007625000005646,0.7234015366520642,0.9755066264947359,False
28,z,1,0.008108457999924212,1.3560289305240862,0.9540867396646889,False
28,z,2,0.013555791000044337,28.10331959446788,0.048460545507268304,False
28,z,3,0.017515125000045373,12.220922695954545,0.5862164938765619,False
28,z,4,0.02847074999999677,0.3276915794490203,0.9889048172511207,False
28,z,5,0.02313437500015425,177.21333076733083,-5.000197788747344,False
28,z,6,0.021880457999941427,0.3354197931635439,0.9886431506448893,False
28,z,7,0.011764624999841544,0.4016085227535001,0.9864020919886018,False
28,z,8,0.01386870800001816,0.7390705630813756,0.9749760949747543,False
28,z,9,0.02290604099994198,19.082481762105026,0.35389361298601674,False
28,z,10,0.007338291999985813,2.7681090133884694,0.906275664989606,False
28,z,11,0.04315195899994251,1.7024385207682524,0.9423577910106349,False
28,z,19,0.012658832999932201,0.055290666604205806,0.9981279346533332,False
28,z,20,0.018141582999987804,0.28609484051488193,0.9903132251846041,False
28,z,21,0.024202958999921975,29.534581527001937,-1.447020281375444e-11,False
28,z,22,0.01333875000000262,341.06823294946696,-10.548097698373729,False
28,z,23,0.007088334000172836,0.1694087745779929,0.9942640536678821,False
28,z,24,0.01568987499990726,28.342253038286863,0.04037059022538958,False
28,z,25,0.019811708999895927,27.472042027849547,0.06983472905716259,False
28,z,26,0.010941000000002532,0.3341322110305869,0.9886867463915159,False
28,z,27,0.012591708999934781,3.629352492925632,0.8771151543264624,False
28,z,28,0.018192541999951573,184.24258308223935,-5.238198530643205,False
28,z,29,0.013866541999959736,0.9384366385068281,0.9682258359522568,False
28,z,30,0.014137166999944384,2.8931467794475623,0.9020420595143909,False
28,z,31,0.020095750000109547,106.60613559831717,-2.609536011282073,False
28,z,33,0.00938029199983248,0.34352488119226365,0.9883687235966703,False
28,z,34,0.010378625000157626,0.08713789419667942,0.9970496316625216,False
28,z,35,0.009369999999989886,0.4078872489677818,0.9861895030203569,False
28,z,36,0.013970792000009169,29.528295938780374,0.0002128212918316441,False
28,z,37,0.010153333000062048,13.55806119392723,0.5409428374081418,False
28,z,38,0.007485082999892256,186.15142300099552,-5.302829204927131,False
28,z,39,0.021120749999909094,0.07438061358594794,0.9974815755043279,False
28,z,40,0.011850791999904686,5040.239172531217,-169.65551336815528,False
28,z,41,0.014096000000108688,183.93758089940442,-5.227871579419585,False
28,z,42,6.060022375000017,3.472453487080702e-10,0.9999999999882427,False
28,z,47,0.8386832090000098,52.897175330514756,-0.791025049158697,False
28,z,50,12.111238083999979,1106.3501240116661,-36.459481964090024,False
28,z,51,0.7138117080000939,65.1339333118181,-1.20534471609872,False
28,z,52,0.6354737909998676,876.2182909465512,-28.6675370246282,False
28,z,53,0.5229384579999987,2808.2031718682583,-94.08186765204373,False
28,z,54,0.4446629159999702,0.0002789008142923858,0.9999905568049426,False
28,z,55,0.6209364999999707,1.061625859538533,0.9640548196498635,False
28,z,56,0.9156007499998395,14.571013778070162,0.5066456667090582,False
28,z,57,1.4935611670000526,13.75952626456386,0.5341215093166856,False
28,z,58,0.5069134579998718,3.6469844948135655,0.8765181591778408,False
28,z,59,0.9999843329999294,0.092573305070279,0.9968655961830039,False
29,x,0,0.02889774999994188,2.163388520475757,0.9957488383116767,False
29,x,1,0.008365916000002471,1.35443239327148,0.9973384757082683,False
29,x,2,0.018933791999870664,508.14918497891784,0.0014626005965857614,False
29,x,3,0.016640415999972902,165.97221876460742,0.6738566692667204,False
29,x,4,0.015315375000000131,43.08367974656225,0.915338513171783,False
29,x,5,0.025319666999848778,3775.830152566816,-6.419686447572454,False
29,x,6,0.015711958000110826,45.38106244710032,0.9108240465248969,False
29,x,7,0.01440658399997119,80.66230813433486,0.8414947149867469,False
29,x,8,0.015571833000194601,32.07055386791434,0.9369798311139219,False
29,x,9,0.021818166000002748,411.4675115019175,0.1914467030166248,False
29,x,10,0.007061875000090367,5.294538143929583,0.9895959798705553,False
29,x,11,0.043580750000046464,5.521654432939006,0.9891496855237503,False
29,x,19,0.013612415999887162,0.14151181268839425,0.9997219225345553,False
29,x,20,0.02379833400004827,508.89349510112163,-4.315012791522577e-09,False
29,x,21,0.01968575000000783,4.42628804056106,0.9913021327600562,False
29,x,22,0.017553124999949432,2933.2563011296993,-4.763988618490544,False
29,x,23,0.007189582999899358,22.278360555994283,0.9562219582946353,False
29,x,24,0.01734208299990314,445.3853228678532,0.12479658498838786,False
29,x,25,0.017935541000042576,454.92180157005106,0.1060569492195067,False
29,x,26,0.011459125000101267,67.63509344685895,0.8670938135586395,False
29,x,27,0.012551250000115033,7.7746011147905145,0.9847225377742486,False
29,x,28,0.019927332999941427,3951.3644190215405,-6.76461965835613,False
29,x,29,0.016715917000055924,12.98981731863873,0.9744743890426252,False
29,x,30,0.012887333999969997,6.936082264270663,0.9863702673330071,False
29,x,31,0.01637783399996806,11.400618504332144,0.9775972405556873,False
29,x,33,0.009301249999907668,70.43892348569318,0.8615841537223005,False
29,x,34,0.009412542000063695,0.012058858555819438,0.9999763037674406,False
29,x,35,0.007191374999820255,75.27751532357317,0.8520760898438319,False
29,x,36,0.0143028330001016,502.00122491062905,0.013543635536117926,False
29,x,37,0.009822708999990937,23.08296569856332,0.9546408707904984,False
29,x,38,0.007565500000055181,147.61749515451928,0.7099245771216671,False
29,x,39,0.15825858400012294,4.149588414864527,0.9918458607297672,False
29,x,40,0.013079916999913621,676.6842353303643,-0.3297168165134494,False
29,x,41,0.014533791000076235,4118.294156644111,-7.092644559341952,False
29,x,42,7.213188958999808,3.173909077165026e-08,0.9999999999376312,False
29,x,52,3.59231200000022,236.3125610349741,0.5356345397818287,False
29,x,53,2.451964667000084,1579.6069437184003,-2.1040030295937306,False
29,x,57,2.524914041999864,2.0776096953811827,0.9959173977966976,False
29,y,0,0.028505540999958612,4.249890518420026,0.9667136656987008,False
29,y,1,0.00872183399997084,0.13424158705537617,0.9989485822459437,False
29,y,2,0.013982542000121612,127.55218569708926,0.0009755132343638451,False
29,y,3,0.015333583000028739,40.75977817931705,0.6807579873780032,False
29,y,4,0.014572791000091456,0.548194872737596,0.9957063840310443,False
29,y,5,0.035313333000203784,368.89234426444415,-1.88926828565485,False
29,y,6,0.015564209000103801,0.5992222850425405,0.9953067230286841,False
29,y,7,0.010840959000006478,0.713840845145599,0.9944089983244387,False
29,y,8,0.019040374999804044,26.54879552803795,0.7920623885690954,False
29,y,9,0.021731875000114087,100.14069269917879,0.21567001316830225,False
29,y,10,0.007573082999897451,1.1538307294779055,0.9909628741676875,False
29,y,11,0.04711270899997544,0.6936312119956399,0.9945672858384865,False
29,y,19,0.014286542000036206,0.01909738847651193,0.9998504238981321,False
29,y,20,0.01563079200013817,1.2566065583024855,0.9901579050557726,False
29,y,21,0.021007917000133602,0.6121951583567808,0.9952051158470133,False
29,y,22,0.013805708000063532,546.7031780279741,-3.2819325976865885,False
29,y,23,0.008568209000031857,4.4868819051150535,0.9648574827006051,False
29,y,24,0.01651483399996323,112.0687751440694,0.12224592656813682,False
29,y,25,0.018717916000014156,115.81132521730967,0.0929332249026974,False
29,y,26,0.08974899999998343,7.279628564662105,0.9429839077165889,False
29,y,27,0.013538208999989365,2.1607461450738774,0.9830764302719235,False
29,y,28,0.020747291999896333,376.4362811679611,-1.948354514965935,False
29,y,29,0.015620833999946626,2.692624275902617,0.9789106116011644,False
29,y,30,0.014750959000139119,2.0711553353929726,0.9837781306165411,False
29,y,31,0.01508329200009939,32.67411145921775,0.744087196525296,False
29,y,33,0.009178625000004104,1.3847327332960266,0.9891543849238782,False
29,y,34,0.010050208000166094,0.06916552657849366,0.9994582762003307,False
29,y,35,0.007222499999897991,1.4875793411952383,0.9883488614504028,False
29,y,36,0.013511000000107742,126.2101104347199,0.011487023036112154,False
29,y,37,0.013654459000008501,35.01467965546846,0.7257552100664177,False
29,y,38,0.007605708000028244,152.1985613356041,-0.1920618121421951,False
29,y,39,0.14856875000009495,0.5711691619971251,0.9955264429550771,False
29,y,40,0.015160707999939405,9232.22039978849,-71.30933908501737,False
29,y,41,0.015476583999998184,240.02484263149395,-0.879941875636572,False
29,y,42,4.328224792000128,2.54360148905964e-08,0.999999999800778,False
29,y,52,0.45771237500002826,36.6419944598987,0.7130096241839238,False
29,y,53,2.5077239590000318,168.211519295042,-0.31747978925956,False
29,y,57,3.2757587920000333,1.9529741423154572,0.9847037588612817,False
29,y,58,0.41596420799987754,723.143519901688,-4.663862832921776,False
29,z,0,0.029411750000008396,0.7883449907627784,0.9903286168469332,False
29,z,1,0.008150583000087863,0.11620127927613375,0.9985744475985461,False
29,z,2,0.016207790999942517,81.49262192226725,0.00025194554014995596,False
29,z,3,0.01537429199993312,30.20168843763102,0.6294869579024571,False
29,z,4,0.014059459000009156,6.388833521599845,0.9216220593616457,False
29,z,5,0.0230882500000007,654.6568116204317,-7.031302200347783,False
29,z,6,0.01478337499997906,6.712733223691187,0.9176484714543278,False
29,z,7,0.012020624999877327,11.61028025092522,0.8575655707375827,False
29,z,8,0.014321332999998049,3.7978485409909672,0.9534081540091984,False
29,z,9,0.024905375000116692,63.192608220331316,0.22475574310541135,False
29,z,10,0.007347750000008091,2.0977335630728935,0.9742650929742118,False
29,z,11,0.042835417000105735,1.103617520463597,0.9864608667272514,False
29,z,19,0.012874374999910287,0.013262847182434553,0.9998372919492039,False
29,z,20,0.021937875000048734,81.51316126772997,-3.028516815106741e-08,False
29,z,21,0.02364158400018823,81.51315880142663,-2.8662627826747666e-11,False
29,z,22,0.012090124999986074,596.0112407566709,-6.311840806288604,False
29,z,23,0.007166667000092275,1.2311542271595328,0.9848962517794946,False
29,z,24,0.018014083000025494,74.42460909315515,0.08696202932592312,False
29,z,25,0.02041058300005716,73.49791233744337,0.09833070610602235,False
29,z,26,0.0110215419999804,9.332156990028551,0.8855134909808856,False
29,z,27,0.01245199999993929,3.1799895564075715,0.9609880220168444,False
29,z,28,0.018810291999898254,681.0225631694478,-7.3547561302096,False
29,z,29,0.014847375000044849,2.8295510826093526,0.9652871864580357,False
29,z,30,0.014925915999810968,2.3019217892201245,0.9717601204132723,False
29,z,31,0.022236208000094848,225.16924226972645,-1.7623667833154757,False
29,z,33,0.009525750000193511,10.255868658915755,0.8741814351202616,False
29,z,34,0.00997741599985602,5.631016727734412e-05,0.9999993091892388,False
29,z,35,0.007355707999977312,11.274843262567027,0.8616806975870396,False
29,z,36,0.014696916000048077,80.85240701886492,0.008106075018561087,False
29,z,37,0.009618041000067024,16.73510563249876,0.7946944287394547,False
29,z,38,0.007474791999811714,172.42688962470277,-1.1153258218061746,False
29,z,39,0.17192783300015435,0.013421562745242997,0.9998353448333621,False
29,z,40,0.01358333300004233,3719.958727122266,-44.63629703384508,False
29,z,41,0.01612341700001707,703.2479225633635,-7.627415903445671,False
29,z,42,7.2563267079999605,1.4109477271780036e-08,0.9999999998269056,False
29,z,52,0.3886728329998732,11.237126997066706,0.8621433991441376,False
29,z,53,1.2977675419999741,352.11937138133885,-3.31978562196597,False
29,z,57,0.4608547500001805,2.5964621349424846,0.9681467118537006,False
29,z,58,0.36542787500002305,0.32275528216615684,0.996040451788138,False
30,x,0,0.029791083000191065,1.6218047516722325,0.9634653307851164,False
30,x,1,0.008212624999941909,0.034694034443176175,0.9992184416337391,False
30,x,2,0.015609917000119822,44.372088865253936,0.0004224692313030687,False
30,x,3,0.016059333999919545,15.209931097810658,0.6573633164739993,False
30,x,4,0.016648833000090235,0.19699497087991186,0.9955622610609124,False
30,x,5,0.025837499999852298,133.10022312889302,-1.9983711784216474,False
30,x,6,0.015634124999905907,0.21024252676310307,0.9952638311348692,False
30,x,7,0.011837083000045823,0.1980592027327942,0.9955382869304427,False
30,x,8,0.012705541000059384,0.2071052053551317,0.9953345061034453,False
30,x,9,0.022294207999948412,34.890478669530566,0.21401630151477746,False
30,x,10,0.00813962500001253,0.641799086196525,0.9855420837234399,False
30,x,11,0.04316354200000205,0.44832002022151474,0.9899006192796547,False
30,x,19,0.013588042000037603,0.025565114618219337,0.9994240903505467,False
30,x,20,0.016826625000021522,0.48716199322785686,0.9890256196016867,False
30,x,21,0.023010459000033734,0.411993030888312,0.9907189634961782,False
30,x,22,0.013618875000020125,288.8393725592733,-5.506733268481787,False
30,x,23,0.006969957999899634,1.390171431177333,0.9686833736689473,False
30,x,24,0.018627000000151384,40.006863789677574,0.09875863085634229,False
30,x,25,0.018121165999900768,39.96672140815306,0.09966292505635854,False
30,x,26,0.08608220900009655,1.9060958155720835,0.9570610580330364,False
30,x,27,0.012688457999956881,0.9917690505519182,0.9776582513017594,False
30,x,28,0.021872791000077996,138.3238710175554,-2.116045175560037,False
30,x,29,0.016575416000023324,1.349036087932913,0.9696100364851253,False
30,x,30,0.012658959000191317,0.9819919654452576,0.9778785013472038,False
30,x,31,0.017259624999951484,69.12451398652142,-0.5571795868357055,False
30,x,33,0.009196750000000975,0.28570428903228245,0.993563891286972,False
30,x,34,0.009236124999915774,0.012072558706251615,0.999728039433566,False
30,x,35,0.007794708000119499,0.2960548589816353,0.9933307222517381,False
30,x,36,0.014740458999995099,43.99208511872371,0.008982877730281391,False
30,x,37,0.010660541999868656,24.392997375365184,0.45049483339496377,False
30,x,38,0.007327083000063794,153.2430353208791,-2.4521317064586627,False
30,x,39,0.15160666699989633,0.17143011476769943,0.9961381648869573,False
30,x,40,0.01189950000002682,5477.788676928853,-122.39906954538043,False
30,x,41,0.014498333000119601,136.365189574778,-2.0719216282986173,False
30,x,42,0.6211790410000049,2.0383674496148138e-05,0.9999995408135262,False
30,x,47,0.7114962079999714,43.672379705339765,0.016184935507055687,False
30,x,50,2.38731837499995,206.30036312826513,-3.647363079945383,False
30,x,51,0.4632920409999315,62.600608560256575,-0.41021446881393997,False
30,x,52,0.42831362499987335,886.3174141522074,-18.96622189696613,False
30,x,53,0.44294958299997234,10439.920345196495,-234.18184667310175,False
30,x,54,8.383313833000102,0.00018291865513324817,0.9999958793606002,False
30,x,55,0.7005577910001648,1.5101971593134476,0.9659795338446977,False
30,x,56,1.0964565409999523,100.06935320973236,-1.254279199943913,False
30,x,57,5.960465749999912,7.777270074346705,0.8248001251272111,False
30,x,59,0.9046881249998933,0.06684406369598925,0.9984941925015366,False
30,y,0,0.027963083000031475,12.042048587458602,0.9851668993761208,False
30,y,1,0.008155083000019658,1.3022981652806624,0.9983958610042465,False
30,y,2,0.017497625000032713,811.4531476975021,0.0004718795192374392,False
30,y,3,0.016049166999891895,265.7376854610362,0.6726708251197829,False
30,y,4,0.014694416999873283,3.0936953485763796,0.9961892618127407,False
30,y,5,0.028090209000083632,3395.458413237916,-3.182442542227294,False
30,y,6,0.016154124999957276,3.2819971928776472,0.995957316211135,False
30,y,7,0.010468499999888081,10.769126771147924,0.986734853304436,False
30,y,8,0.01263516700009859,2.5453081351175215,0.9968647517560844,False
30,y,9,0.02248587500002941,639.4181539191867,0.21238037291294587,False
30,y,10,0.008214082999984385,9.010206015296324,0.9889014488277382,False
30,y,11,0.04273125000008804,7.95504212189009,0.9902011738779991,False
30,y,19,0.013404499999978725,0.17986981500593174,0.9997784407656385,False
30,y,20,0.02329587500003072,811.8362366285515,-4.684141963195998e-11,False
30,y,21,0.022257959000171468,811.836236687511,-1.1946621469860474e-10,False
30,y,22,0.017861750000065513,2384.582906957867,-1.93727084291337,False
30,y,23,0.007855999999947016,31.132294730688596,0.9616520015644594,False
30,y,24,0.016875416999937443,9.216881440690969,0.9886468710987831,False
30,y,25,0.017959874999860403,730.1744793848142,0.10058895319660166,False
30,y,26,0.09091954199993779,13.635297442420365,0.9832043744441802,False
30,y,27,0.01232679100007772,13.85868895202644,0.9829292062519542,False
30,y,28,0.021972875000074055,3584.494280255792,-3.415292295044157,False
30,y,29,0.014901417000146466,21.181633558319582,0.9739089823739867,False
30,y,30,0.014165583000021797,12.786123672069413,0.9842503659041293,False
30,y,31,0.01620316600019578,2.33852158058163,0.9971194663711949,False
30,y,33,0.008742749999782973,5.436585687579027,0.993303346854273,False
30,y,34,0.009762708000152998,0.0077666320843503426,0.9999904332527494,False
30,y,35,0.0072296660000574775,5.830269186578023,0.9928184171587814,False
30,y,36,0.014676000000008571,803.8841285161211,0.009795212034140466,False
30,y,37,0.009634665999783465,23.209395027913764,0.9714112354415387,False
30,y,38,0.007659916999955385,148.31453172600933,0.8173097910129177,False
30,y,39,0.15135587500003567,4.95819774979631,0.9938926134036351,False
30,y,40,0.013019624999969892,1017.9168313956355,-0.2538450311981564,False
30,y,41,0.013760416000195619,3681.0357847952064,-3.5342097567047235,False
30,y,42,6.314122834000045,3.040093562348178e-07,0.9999999996255288,False
30,y,47,0.7530959170001097,676.538551638315,0.16665637582330528,False
30,y,51,8.50984358300002,4884.037999199399,-5.016038431236993,False
30,y,52,0.4457145419999051,1.7041780113219682,0.9979008352491396,False
30,y,53,0.6404018749999523,2041.9273443200793,-1.5151961101115452,False
30,y,54,0.5112744999998995,0.0001815468130893692,0.9999997763750804,False
30,y,55,8.972760124999922,0.8583099540018542,0.9989427548127113,False
30,y,56,11.984027749999996,579.8677818934407,0.2857330631991526,False
30,y,57,0.8789627080000173,11.121194396295783,0.9863011850234702,False
30,y,58,0.5577393329999722,10908.795007750194,-12.437186609905446,False
30,y,59,0.493914082999936,0.06717149981716906,0.9999172597910888,False
30,z,0,0.027759125000102358,1.7692099239648087,0.9866274076898196,False
30,z,1,0.008335958000088795,0.09567231705792283,0.9992768597586663,False
30,z,2,0.01533283300000221,132.26921405645703,0.00024171761306224226,False
30,z,3,0.015305249999983062,41.97578420343618,0.6827255819395757,False
30,z,4,0.015641375000086555,0.573599867806375,0.9956644392067627,False
30,z,5,0.0303908749999664,551.7388353466196,-3.170323943384603,False
30,z,6,0.015283625000165557,0.585624394406373,0.9955735516926433,False
30,z,7,0.010575000000017099,1.1540020151475048,0.9912774633102266,False
30,z,8,0.02137100000004466,14.704851281086597,0.8888532228424713,False
30,z,9,0.021812791999991532,101.09216619443063,0.23589377045682247,False
30,z,10,0.0076334580001002905,1.2974575440208096,0.9901931531465322,False
30,z,11,0.04574445799994464,0.7371618087632763,0.9944281545102713,False
30,z,19,0.01347616700013532,0.014449023104210854,0.9998907869028792,False
30,z,20,0.015859707999879902,1.86812876532173,0.9858797285595233,False
30,z,21,0.02141362499992283,0.6674904138950599,0.9949547665005356,False
30,z,22,0.012125040999990233,671.2506876810575,-4.0736555694707715,False
30,z,23,0.007747791999918263,4.280246627838242,0.9676477096551468,False
30,z,24,0.015375167000001966,117.27600078258334,0.11356808200614699,False
30,z,25,0.018313084000055824,120.37383687412621,0.09015305446485367,False
30,z,26,0.08643070900006933,1.6486844083160426,0.9875384011010103,False
30,z,27,0.013039833999982875,2.3895374802755556,0.9819386551585632,False
30,z,28,0.021316207999916514,581.5516891925748,-3.3956647210304336,False
30,z,29,0.015673207999952865,2.774997859920766,0.979025148717693,False
30,z,30,0.014773999999988519,1.9558577796363001,0.9852166278577289,False
30,z,31,0.01445620799995595,28.861538294023294,0.7818497512235807,False
30,z,33,0.015104542000017318,0.6331842654375331,0.9952140698940113,False
30,z,34,0.010130291999985275,0.06533939548727093,0.9995061314738237,False
30,z,35,0.008097707999922932,0.6630822174992481,0.994988085900583,False
30,z,36,0.014539917000092828,131.2087962870141,0.008256896771368205,False
30,z,37,0.015655791999961366,64.71576160883157,0.5108452172264988,False
30,z,38,0.007785125000054904,145.83131192832624,-0.10226754556405271,False
30,z,39,0.1542912500001421,0.48070830510997875,0.9963665610862347,False
30,z,40,0.014337083999862443,10215.434460355724,-76.21347165155403,False
30,z,41,0.01416829200002212,595.136397768282,-3.4983448874566063,False
30,z,42,1.6666925839999749,2.1171919554489006e-07,0.9999999983997182,False
30,z,47,2.7695855420001863,63.03060842952654,0.5235824657247152,False
30,z,50,12.811096249999991,43891.23977998384,-330.7524097144792,False
30,z,51,0.6873759580000751,64.94505897733268,0.5091120705912532,False
30,z,52,0.7766502909998962,885.3268969021346,-5.691752907974786,False
30,z,53,0.5229579580000063,2822.718012069655,-20.33554456749768,False
30,z,54,0.46004166599982454,0.0006649757722381357,0.9999949737734466,False
30,z,55,0.5646672080001736,1.1037463247127368,0.9916573214889242,False
30,z,56,0.8250788329999068,23.379384840792795,0.8232866672836091,False
30,z,57,1.4457518750000418,12.744127930579207,0.9036733714546987,False
30,z,58,2.493422709000015,6.536032882004836,0.950597324900195,False
30,z,59,0.9409106670000256,0.061352804753451576,0.9995362641629234,False
31,x,0,0.029131666000012046,2.633373775995553,0.9887394531193311,False
31,x,1,0.008562083000015264,2.679910542031054,0.9885404576556434,False
31,x,2,0.014323000000104003,233.61115224186247,0.0010573676833739443,False
31,x,3,0.015823749999981374,70.18001243518326,0.699903854395471,False
31,x,4,0.14535545800004002,0.6600570259314925,0.9971775358469169,False
31,x,5,0.02902999999992062,809.5647190601809,-2.461772709598095,False
31,x,6,0.15450991699981387,0.6171512466906832,0.997361004879303,False
31,x,7,0.01045970799987117,1.9527542926358765,0.9916498442191934,False
31,x,8,0.018139667000014015,40.0414738873575,0.8287789990202932,False
31,x,9,0.021616208000068582,188.37239506507012,0.19450242689069608,False
31,x,10,0.007682749999958105,1.8675735343196056,0.9920140849248216,False
31,x,11,0.04402845899994645,3.775646432477543,0.9838549908693952,False
31,x,19,0.019735125000124754,0.07297009776889275,0.9996879731945751,False
31,x,20,0.01556941699982417,9.00160432523482,0.9615083174179412,False
31,x,21,0.022067791999916153,1.5325733616874533,0.9934465762723631,False
31,x,22,0.01317512499986151,832.4409811367171,-2.5595936964688013,False
31,x,23,0.007653375000018059,15.94748565589655,0.9318070941945459,False
31,x,24,0.020968750000065484,1.8149688036881253,0.992239027559559,False
31,x,25,0.017541958000037994,209.87659204676945,0.10254851573274737,False
31,x,26,0.09156270800008315,10.20240146834577,0.9563735991157274,False
31,x,27,0.013746250000167493,1.7689913758469908,0.9924356312420202,False
31,x,28,0.019118500000104177,851.0742288690662,-2.639271166314452,False
31,x,29,0.01611720799996874,4.375104894010441,0.9812916517146437,False
31,x,30,0.0138568329998634,2.255982440332852,0.9903532129533226,False
31,x,31,0.014703750000080618,41.11763167633178,0.8241772499848151,False
31,x,33,0.009303334000151153,0.6630950331617386,0.9971645450504141,False
31,x,34,0.010034500000074331,0.008639590121851403,0.9999630563232292,False
31,x,35,0.007223958999929891,0.6171092900054452,0.9973611842899227,False
31,x,36,0.014853415999823483,230.96219372204234,0.012384556352633247,False
31,x,37,0.015453166000042984,45.333582522001485,0.806149458952259,False
31,x,38,0.009214499999870895,178.01311960751943,0.23879963528657222,False
31,x,39,0.1538205829999697,4.905475055860952,0.9790237404420149,False
31,x,40,0.015291542000113623,10988.032655537347,-45.98583162476518,False
31,x,41,0.015510124999991604,573.7416099398368,-1.453371547559935,False
31,x,42,6.773426917000052,5.894869916299223e-07,0.9999999974792998,False
31,x,47,0.7111116660000789,8.375214527521383,0.9641868174269491,False
31,x,50,11.538233209000055,579.2845990024646,-1.477073875261289,False
31,x,51,0.483319708000181,84.34939068605428,0.6393142983217066,False
31,x,52,0.47543979200008835,912.5773356691826,-2.9022640706042075,False
31,x,53,0.4380268340000839,10772.085189231528,-45.06242052746325,False
31,x,54,8.504305417000069,0.0028058409892914283,0.9999880019675568,False
31,x,55,0.89425808399983,8.979989891429701,0.9616007427118284,False
31,x,56,1.1640383750000183,104.85019258709723,0.5516509962100544,False
31,x,57,2.7918544999999995,12.060556759741889,0.9484279573078457,False
31,x,59,1.1624946670001464,1.6047764685044315,0.9931378291903296,False
31,y,0,0.027860874999987573,10.618194375875857,0.9829236683654299,False
31,y,1,0.008015582999860271,0.04097519783857518,0.9999341031024377,False
31,y,2,0.015483082999935505,621.3722198650481,0.0007003338503764889,False
31,y,3,0.01774058299997705,215.7105057678658,0.6530912881080991,False
31,y,4,0.01466691699988587,3.058249985761107,0.9950816787553893,False
31,y,5,0.025517125000078522,2737.7497607243317,-3.4028882116539014,False
31,y,6,0.014868208000052618,3.2220172019456954,0.9948183059826331,False
31,y,7,0.010788499999989654,8.817154603701015,0.9858201262139115,False
31,y,8,0.01245908399982909,1.4829848691745673,0.9976150425827004,False
31,y,9,0.022373084000037124,476.3555775417469,0.23391816629754858,False
31,y,10,0.007208915999854071,9.645992716604542,0.984487176939648,False
31,y,11,0.049789375000045766,5.823907633297818,0.9906339086821346,False
31,y,19,0.013003875000094922,0.06750374046456288,0.99989143952183,False
31,y,20,0.021907291999923473,621.8076928643627,-3.7944092312613975e-11,False
31,y,21,0.020245416999841837,621.8076929725255,-2.1189316967706873e-10,False
31,y,22,0.016567375000022366,1932.757891280947,-2.1082888062240213,False
31,y,23,0.007032209000044531,16.62145057102003,0.9732691461324902,False
31,y,24,0.41124837500001377,565.2713529647332,0.09092254812375455,False
31,y,25,0.01860583300003782,561.9481592627759,0.09626695563144405,False
31,y,26,0.09901229199999761,6.881722110637356,0.9889327163528683,False
31,y,27,0.02145175000009658,15.398700625892113,0.9752355900334038,False
31,y,28,0.03360112499990464,2881.0542801476313,-3.633352583634575,False
31,y,29,0.0194085420000647,17.927654981007326,0.9711684895709417,False
31,y,30,0.0166487500000585,13.174468036093232,0.9788126326068679,False
31,y,31,0.02225100000009661,3.2916435089311324,0.9947063319627117,False
31,y,33,0.01431429199988088,4.8748470118065,0.9921602015093518,False
31,y,34,0.011795625000104337,0.0022608358797641124,0.9999963640914936,False
31,y,35,0.00982429200007573,5.429630223741571,0.9912679912354639,False
31,y,36,0.02050450000001547,617.8626591229454,0.006344459490040144,False
31,y,37,0.017658083000014813,16.300705262919674,0.9737849733115252,False
31,y,38,0.00948162500003491,168.69292070653782,0.7287056389800306,False
31,y,39,0.268678791000184,1.2833081057543092,0.9979361656014717,False
31,y,40,0.022229124999967098,1103.6059879533493,-0.7748348897252355,False
31,y,41,0.021243832999971346,2936.916145016419,-3.7231904314321467,False
31,y,42,7.37079441700007,3.357978171117618e-07,0.9999999994599652,False
31,y,47,1.2639219170000615,352.1583887556821,0.43365385663399625,False
31,y,51,7.819897333999961,3079.1520127744648,-3.951936182563389,False
31,y,52,0.46223920800002816,21.55700205595866,0.9653317218423688,False
31,y,53,0.5795737079999981,2224.0262981786627,-2.576710812338223,False
31,y,54,0.6371110410000256,0.0013227234195192816,0.9999978727773318,False
31,y,55,7.762400999999954,0.4245694268288522,0.9993172013924608,False
31,y,56,5.420513207999875,592.1395369913853,0.04771275137147735,False
31,y,57,1.220095666999896,13.684175941534415,0.9779929130837585,False
31,y,58,0.5600736250000864,10881.370930340701,-16.499575922948868,False
31,y,59,2.2792847919999986,0.8014057998068944,0.9987111677629049,False
31,z,0,0.028302292000034868,2.262220521911547,0.9858211114928208,False
31,z,1,0.008665582999810795,0.3211973167917882,0.9979868359872592,False
31,z,2,0.015515666999817768,159.51386922936945,0.00021711179560091054,False
31,z,3,0.01540383299993664,51.04821637231863,0.680045795083736,False
31,z,4,0.014483250000012049,0.4145868257246603,0.9974014998442645,False
31,z,5,0.02849120800010496,619.3129673963657,-2.881659383207872,False
31,z,6,0.018705541999906927,0.429965692102192,0.9973051099346063,False
31,z,7,0.010590291999960755,1.2148184212886362,0.9923858992591207,False
31,z,8,0.018517833000032624,20.43996754481124,0.8718886960395228,False
31,z,9,0.02201375000004191,123.44577137072768,0.2262806335656089,False
31,z,10,0.007613875000060943,1.348477813634899,0.9915481641207207,False
31,z,11,0.04466587499996422,1.2027942596859997,0.992461262931718,False
31,z,19,0.013411042000143425,0.0002602736253140324,0.9999983686865719,False
31,z,20,0.01659233299983498,3.0922916654212993,0.9806184859826842,False
31,z,21,0.023945999999796186,0.9828330971470385,0.9938399104903185,False
31,z,22,0.012041625000165368,718.8458678330047,-3.505500376788272,False
31,z,23,0.007972916999960944,6.451696493535093,0.959562790462755,False
31,z,24,0.017837459000020317,1.3661362603534943,0.9914374865166552,False
31,z,25,0.017359166000005644,144.5052749823427,0.09428627190483063,False
31,z,26,0.08778666700004578,2.9508366713662557,0.9815050815068886,False
31,z,27,0.013901000000032582,2.2883958473661874,0.9856570527648296,False
31,z,28,0.021304707999888706,651.9453794649542,-3.0861891043200638,False
31,z,29,0.015722124999911102,3.4977462892445588,0.9780772236034302,False
31,z,30,0.013853625000137981,2.067220510931112,0.9870433103844894,False
31,z,31,0.014604624999947191,31.271978739740593,0.8039970481856513,False
31,z,33,0.009880375000193453,0.5264885595056739,0.9967001348837431,False
31,z,34,0.01054945900000348,0.01788279357160495,0.999887916260244,False
31,z,35,0.0074802090000503085,0.5462959627157504,0.996575988294579,False
31,z,36,0.014963709000085146,158.24063595750422,0.00819733849346227,False
31,z,37,0.014692417000105706,59.8036991158258,0.6251691760962024,False
31,z,38,0.007830125000054977,152.519216827367,0.0440573986261098,False
31,z,39,0.15287075000014738,1.0803916041795771,0.9932284443751705,False
31,z,40,0.01474466699983168,10458.860494095921,-64.55285632924048,False
31,z,41,0.014955040999893754,667.1122226518432,-3.1812501191370695,False
31,z,42,7.054654708000044,1.542728435572006e-08,0.9999999999033066,False
31,z,47,3.6057712080000783,8.895326894741334,0.9442468817456952,False
31,z,50,12.21435012500001,812.4301556000497,-4.09205733240791,False
31,z,51,0.6941286659998696,91.30888050000569,0.42770458326893845,False
31,z,52,0.5345762919998833,926.8313956554091,-4.809088414089259,False
31,z,53,0.4671940410000843,2871.329891689618,-16.996594941679973,False
31,z,54,0.483760957999948,0.002662005963685224,0.9999833153817681,False
31,z,55,1.0458687919999647,0.39564528560717366,0.9975202194752106,False
31,z,56,1.0101302499999747,25.010408118118892,0.8432426084057412,False
31,z,57,1.1567354169999362,14.34639605911383,0.9100812903818386,False
31,z,58,0.4388100830001349,7.344746714101456,0.9539654318559899,False
31,z,59,2.9209360000002107,1.2386929743886024,0.9922362610504296,False
32,x,0,0.02665133400000741,2.5050866697680694,0.9582614905327898,False
32,x,1,0.0068526249999649735,7.342143619526484,0.8776688508738919,False
32,x,2,0.011066875000096843,57.22877208591499,0.04648263298374011,False
32,x,3,0.014117875000010827,31.4533657139083,0.47593964772997843,False
32,x,4,0.016374790999861943,1.4112647697932448,0.9764862075769182,False
32,x,5,0.02431258399997205,472.1794023914315,-6.867218605558681,False
32,x,6,0.015553875000023254,1.48577525015071,0.975244750972906,False
32,x,7,0.013155084000118222,2.4556088273299967,0.9590858657609769,False
32,x,8,0.015124999999898137,1.8410715553351737,0.9693249804609422,False
32,x,9,0.021227374999853055,35.34079340085497,0.411169259035308,False
32,x,10,0.007831082999928185,11.964020127187803,0.8006614408312049,False
32,x,11,0.044140834000018,8.834578067060125,0.8528026496085517,False
32,x,19,0.013043624999909298,0.0011272151212554156,0.9999812189016939,False
32,x,20,0.019020290999833378,2.9556344947738933,0.9507546865222213,False
32,x,21,0.023956875000067157,0.4971420863712044,0.9917168655564024,False
32,x,22,0.013335749999896507,713.8848662396875,-10.894394955525422,False
32,x,23,0.008443833000001177,2.3726883182186493,0.960467446085657,False
32,x,24,0.016313416999992114,59.73229388056728,0.004770196688217765,False
32,x,25,0.014864375000115615,56.30312349248135,0.06190532994931752,False
32,x,26,0.011803124999914871,1.4915327104177367,0.9751488230304669,False
32,x,27,0.013790166000035242,14.269048293233135,0.7622562067561792,False
32,x,28,0.020341166999969573,3.7397632028734638,0.9376899235734983,False
32,x,29,0.014252749999968728,3.4833744730924705,0.9419617452052189,False
32,x,30,0.0191359170000851,11.69694974000621,0.8051112349314715,False
32,x,31,0.01501633399993807,10.253788490086833,0.8291564706590037,False
32,x,33,0.008982208999896102,2.259479826304374,0.9623536697315518,False
32,x,34,0.00943649999999252,0.014317391899979779,0.9997614507295995,False
32,x,35,0.007935249999945881,3.1098860442465837,0.9481846238430749,False
32,x,36,0.014848791999838795,57.056447451466966,0.04935382042533398,False
32,x,37,0.017513999999891894,150.35210795695158,-1.5050921220052005,False
32,x,38,0.007581291999940731,86.40571793964824,-0.4396491425899449,False
32,x,39,0.020719332999988183,0.03752343554838037,0.9993748031599947,False
32,x,40,0.013371416000154568,10368.615212834307,-171.75671514503412,False
32,x,41,0.01776516699987951,468.0308841449721,-6.798098055681342,False
32,x,42,5.737340459000052,1.2794972120960938e-06,0.9999999786816531,False
32,x,47,1.002601458000072,10.223445241487873,0.8296620347914543,False
32,x,50,0.8185354159998042,755.7353288141292,-11.591686570003649,False
32,x,51,0.49363850000008824,95.45612740573274,-0.5904425685185073,False
32,x,52,0.5073718749999898,326.4113086811639,-4.438503051415233,False
32,x,53,0.444068125000058,10617.559340790263,-175.90449851991355,False
32,x,54,8.118269374999954,0.010074607580397467,0.9998321418939522,False
32,x,55,0.7015852500001074,22.538188462130115,0.6244799016923912,False
32,x,56,1.2816840000000411,3.3566686724700996,0.9440728543028204,False
32,x,57,0.6637839579998399,12.246930896111346,0.7959477221604714,False
32,x,59,1.046538332999944,3.5856623733142947,0.9402574750323293,False
32,y,0,0.027635749999944892,10.812733299339348,0.9867626884034623,False
32,y,1,0.008077374999857057,3.124918303747177,0.9961743699622229,False
32,y,2,0.014850250000108645,816.5711717452656,0.00032612088911854187,False
32,y,3,0.016156542000089757,259.6642828062912,0.6821102558583985,False
32,y,4,0.015826458999981696,2.0112113663790563,0.9975378074344177,False
32,y,5,0.02683366700011902,3099.550273154073,-2.79457364192834,False
32,y,6,0.023846457999979975,3.005275422338484,0.9963208407996763,False
32,y,7,0.010096166000039375,6.990632869775789,0.9914418322368245,False
32,y,8,0.01356925000004594,2.209319016108864,0.9972952773898367,False
32,y,9,0.021429499999840118,634.5829123171748,0.223122265977462,False
32,y,10,0.007330249999995431,6.291043295925686,0.9922982933112235,False
32,y,11,0.04381379200003721,7.575932383076107,0.9907252888966376,False
32,y,19,0.014472792000105983,0.03146617951240853,0.9999614780452428,False
32,y,20,0.019331374999865147,19.820066505523943,0.9757356082930714,False
32,y,21,0.0193355840001459,5.332828368750942,0.9934713722373671,False
32,y,22,0.01749908300007519,2151.25733292402,-1.6336415457497488,False
32,y,23,0.007187458000089464,38.771091935079525,0.9525351258858836,False
32,y,24,0.016835375000027852,6.989363165057372,0.9914433866520244,False
32,y,25,0.01727941700005431,741.5827129239323,0.09212951306404371,False
32,y,26,0.08919508400003906,19.50452971662837,0.9761218990374327,False
32,y,27,0.012525458000027356,9.713233111242742,0.9881087334956108,False
32,y,28,0.02290674999994735,3258.6670572915064,-2.989369758095833,False
32,y,29,0.015305708000141749,17.547399789091358,0.9785178832875296,False
32,y,30,0.012890666999965106,9.423329006000769,0.9884636438469498,False
32,y,31,0.016802374999997483,3.0208173976663644,0.9963018137910056,False
32,y,33,0.008934082999985549,2.96231349999623,0.996373436229258,False
32,y,34,0.009346333000166851,0.026760564234418784,0.9999672388176547,False
32,y,35,0.007509792000064408,3.019408034461192,0.9963035391808198,False
32,y,36,0.014337708000084604,810.0205938707976,0.008345558533716102,False
32,y,37,0.010392124999953012,30.9828150341025,0.9620697962864426,False
32,y,38,0.007168124999907377,132.89407384276652,0.8373066073036803,False
32,y,39,0.14955591700004334,8.10726665416236,0.9900748116201179,False
32,y,40,0.012905124999861073,1094.6346356087195,-0.34008851922764416,False
32,y,41,0.01493454199999178,3328.2630123570316,-3.0745714658931824,False
32,y,42,6.878144875000089,1.3616581353676238e-07,0.9999999998333012,False
32,y,47,0.7802188329999353,13.825641099832323,0.9830741853892243,False
32,y,51,1.2017968750001273,1316.0302155448433,-0.6111284308371994,False
32,y,52,0.4984995830000116,55.765120984755,0.9317304642352617,False
32,y,53,0.7605137499999728,1061.5276882271635,-0.29955788128741,False
32,y,54,0.6756088749998526,0.0035363428120574253,0.9999956706902483,False
32,y,55,4.766891666999982,3.0508556837255134,0.9962650399114154,False
32,y,56,5.074574833000042,532.2738788622416,0.3483724240541708,False
32,y,57,1.15190141700009,21.67947401316423,0.973459259114545,False
32,y,58,0.5498861250000573,10606.838560128519,-11.985248335235553,False
32,y,59,2.9302494579999347,1.2298511457584318,0.9984943748834758,False
32,z,0,0.028367666999884023,0.49554044437552236,0.9838480257955524,False
32,z,1,0.008059291999870766,0.0073763125650541965,0.9997595715715498,False
32,z,2,0.020138584000051196,30.25926588248204,0.013709400460166554,False
32,z,3,0.015367749999995794,10.321025446044295,0.663589645083289,False
32,z,4,0.015573500000073182,0.10571301491465432,0.9965543198151513,False
32,z,5,0.029569042000048285,126.85523215432893,-3.1348036486467157,False
32,z,6,0.014743833000011364,0.10853423107890496,0.9964623632226524,False
32,z,7,0.01045012500003395,0.25257906738811015,0.9917672702050035,False
32,z,8,0.01224283400006243,0.04807689170159019,0.998432949876427,False
32,z,9,0.021624459000122442,23.070882509749218,0.24801234006053985,False
32,z,10,0.0072961250000389555,0.38448751000608483,0.9874677588599723,False
32,z,11,0.04376258399997823,0.20837406339698272,0.9932081174502208,False
32,z,19,0.01302516700002343,0.00045829307386430413,0.9999850620913163,False
32,z,20,0.018139250000103857,0.37153814208452823,0.9878898391543395,False
32,z,21,0.02351704200009408,0.18908143214694156,0.99383695428044,False
32,z,22,0.012878708000016559,319.98851701065246,-9.42991814520555,False
32,z,23,0.007198708000032639,0.8834298875172145,0.9712048997885573,False
32,z,24,0.01566499999989901,27.7840445226178,0.09438840861904063,False
32,z,25,0.018627207999998063,28.039880292792745,0.08604952769147434,False
32,z,26,0.08659337500012043,0.31805808356746423,0.9896330036839441,False
32,z,27,0.012545625000029759,0.6662696447700491,0.9782831649007097,False
32,z,28,0.024908457999799793,133.16000276556852,-3.340305527319874,False
32,z,29,0.015260915999988356,0.7436905720730859,0.975759655800945,False
32,z,30,0.01323616700005914,0.5587108771516534,0.981789006774472,False
32,z,31,0.01823295799999869,72.87912006061178,-1.375470419463471,False
32,z,33,0.009620083000072555,0.12494419354940232,0.9959274860122697,False
32,z,34,0.009518041000092126,0.0075942063411322015,0.9997524693971653,False
32,z,35,0.007483833000151208,0.13458117377810525,0.9956133718812648,False
32,z,36,0.015394457999946098,30.50479731757698,0.005706385870646646,False
32,z,37,0.009896582999999737,23.812781261338724,0.22383039964781204,False
32,z,38,0.007452958999920156,153.10111068053862,-3.9902792364418316,False
32,z,39,0.15827574999980243,0.07692413477102829,0.9974926836858152,False
32,z,40,0.012622500000134096,5461.583758728848,-177.01848665972474,False
32,z,41,0.015958083999976225,134.97399273689166,-3.3994319206475883,False
32,z,42,6.0955622919998405,6.812326460070186e-11,0.9999999999977796,False
32,z,47,0.6401610839998284,9.538970986033233,0.6890804473133476,False
32,z,50,12.30363829199996,2236.7535091453096,-71.90622872760842,False
32,z,51,0.7984208750001471,97.10946620910293,-2.165250406944541,False
32,z,52,0.44048316700013856,896.921558455743,-28.234856690348586,False
32,z,53,0.600844584000015,2985.5086946960037,-96.31165230045481,False
32,z,54,0.48630741700003455,0.005643100785670909,0.9998160650268655,False
32,z,55,0.7495895829999881,4.896711655283495,0.8403933296656998,False
32,z,56,0.9602579170000354,54.307113652483665,-0.7701221137223595,False
32,z,57,0.8194954160001089,14.358521626420467,0.531988814321285,False
32,z,58,0.8047413330000381,4.226349867933942,0.8622435467767618,False
32,z,59,5.775016290999929,1.9123739143174756,0.9376668151229515,False
33,x,0,0.0291240840001592,1.9505217863038098,0.989474131681201,False
33,x,1,0.00894116699987535,1.2444228633219447,0.9932845501730841,False
33,x,2,0.01559854200013433,184.997965200369,0.0016700994481809728,False
33,x,3,0.01649904099986088,59.762779923503814,0.6774939114972882,False
33,x,4,0.01537429199993312,1.8155355106760427,0.9902025766399192,False
33,x,5,0.028391915999918638,848.9267654413369,-3.581179973525118,False
33,x,6,0.016272416999981942,4.546635225105402,0.9754643685555747,False
33,x,7,0.0103390419999414,6.000005759747947,0.9676213457431716,False
33,x,8,0.025312375000112297,20.2127466439423,0.8909231821816505,False
33,x,9,0.021650333000025057,151.94884295555087,0.18001761201816457,False
33,x,10,0.007839916999955676,2.1378979985333992,0.9884629677199199,False
33,x,11,0.044100832999902195,2.998354418227893,0.9838195686913286,False
33,x,19,0.01365070899987586,0.19720648324497167,0.9989357875985668,False
33,x,20,0.015968416999839974,6.532447297658177,0.9647480584234119,False
33,x,21,0.021844667000095797,1.9738789037456606,0.9893480864638515,False
33,x,22,0.012315291999811961,880.5218844947012,-3.7516810491899504,False
33,x,23,0.007855708999841227,10.319246665404314,0.9443128334623314,False
33,x,24,0.021703708000131883,161.1375295394697,0.13043144195629397,False
33,x,25,0.01800237499992363,164.86010288689695,0.1103428086801993,False
33,x,26,0.08588170899997749,6.009197000646313,0.9675717457889123,False
33,x,27,0.013233374999799707,2.47854361689501,0.9866246950344122,False
33,x,28,0.02120262499988712,896.51322050323,-3.8379772896366715,False
33,x,29,0.016636999999946056,4.869752756473235,0.9737206850906911,False
33,x,30,0.014056374999881882,2.7436605796040956,0.9851940079956153,False
33,x,31,0.014497582999865699,38.01136615183502,0.7948740498356328,False
33,x,33,0.00927070900002036,3.8956860250996086,0.9789771750310524,False
33,x,34,0.010053624999954991,0.07987604625662138,0.9995689539329286,False
33,x,35,0.007525791000034587,4.072200300757127,0.9780246268283072,False
33,x,36,0.013729875000080938,182.61622203080105,0.01452302687924456,False
33,x,37,0.015691791000108424,76.42273454981795,0.5875895126717554,False
33,x,38,0.007476500000166197,169.05745656774013,0.08769205315303219,False
33,x,39,0.15191500000014457,2.6673197156641235,0.9856059766733394,False
33,x,40,0.015294541999992362,11312.261357121677,-60.04590795601325,False
33,x,41,0.01564758399990751,927.0783180803172,-4.002919919094464,False
33,x,42,0.8990335000000869,4.2357614624848586e-08,0.9999999997714198,False
33,x,51,0.6230384999998932,27.615014014099078,0.8509773112121904,False
33,x,52,0.39092420800011496,2.8425655972383024,0.9846602732796043,False
33,x,53,0.4929343329999938,6849.3459886570845,-35.96206545999019,False
33,x,57,1.0979603329999463,3.372661540167459,0.9817996438158466,False
33,y,0,0.027821458000062194,6.782953363305367,0.9857732545780501,False
33,y,1,0.00870800000006966,0.8351403298830259,0.9982483546283651,False
33,y,2,0.015695290999929057,476.36426755810504,0.0008610114694521664,False
33,y,3,0.015672124999809967,151.50844796190682,0.6822221821412571,False
33,y,4,0.014917291000074329,1.2592483298335342,0.9973588193148321,False
33,y,5,0.03075979200002621,1926.2348748289485,-3.0401358699182977,False
33,y,6,0.01605254099990816,1.2978331123554043,0.9972778905735157,False
33,y,7,0.010383249999904365,3.5102644118508466,0.9926374787682755,False
33,y,8,0.019385792000093716,59.80587162394946,0.8745615862649647,False
33,y,9,0.02253604199995607,375.67927622917597,0.2120403698883171,False
33,y,10,0.00772362499992596,4.114266728843654,0.9913706283658223,False
33,y,11,0.04433670799994616,3.5195994875881538,0.9926178991340224,False
33,y,19,0.013199207999832652,0.0013125553763799576,0.9999972470117083,False
33,y,20,0.01583195800003523,9.009590731654704,0.981103046589023,False
33,y,21,0.018635625000115397,2.9133838622941663,0.9938893917877273,False
33,y,22,0.01271408299999166,1745.485051601681,-2.661026419744563,False
33,y,23,0.008850250000023152,19.058794347761157,0.9600255816733545,False
33,y,24,0.016250584000090385,417.49884692994397,0.12432689846248046,False
33,y,25,0.018365041999913956,431.2706913611262,0.09544146844123591,False
33,y,26,0.08670662499980608,8.557291240744172,0.9820517114798172,False
33,y,27,0.01334020900003452,7.06522688463055,0.9851812066437423,False
33,y,28,0.0188692499998524,2025.6334064456664,-3.2486169737803463,False
33,y,29,0.015388957999903141,10.534137630368745,0.9779054216828629,False
33,y,30,0.01671262500008197,6.296339233898558,0.9867938918973698,False
33,y,31,0.0144892499999969,27.426367829283095,0.9424752121890121,False
33,y,33,0.00956541699997615,1.5347684785726408,0.9967809360824432,False
33,y,34,0.010155625000152213,0.0696512682908157,0.9998539115914241,False
33,y,35,0.007409833000110666,1.596582330669277,0.9966512860774637,False
33,y,36,0.014155500000015309,471.3893918397999,0.011295447114115897,False
33,y,37,0.014714625000124215,59.885185085988475,0.8743952321161854,False
33,y,38,0.0073673750000580185,155.4922197977319,0.6738665139401425,False
33,y,39,0.1562378329999774,3.0235676434417127,0.99365828941682,False
33,y,40,0.017482540999935736,14141.641847649626,-28.66105288343952,False
33,y,41,0.01543662500012033,2080.7793977485517,-3.364281631531271,False
33,y,42,6.851655124999979,6.51556496290154e-08,0.9999999998633409,False
33,y,51,0.625326915999949,694.1673366852503,-0.45596489468439394,False
33,y,52,0.46356700000001183,4.830754328473184,0.9898678483624896,False
33,y,53,1.0162095420000696,1635.5718020448103,-2.4304914689362307,False
33,y,57,1.113495083000089,2.844236829383029,0.9940344225997084,False
33,y,58,0.572936332999916,455.227802334987,0.04519319153071433,False
33,z,0,0.03206412500003353,1.1100531189436302,0.9729816557343843,False
33,z,1,0.008002541999985624,2.4851932370055936,0.9395111771697057,False
33,z,2,0.013558915999965393,39.279995935617755,0.043937236129330315,False
33,z,3,0.014944499999955951,18.86214195641061,0.5409013890702881,False
33,z,4,0.015312708999999813,1.4261626288604297,0.9652876495478202,False
33,z,5,0.024115082999969673,324.92867216641156,-6.908661825765553,False
33,z,6,0.01529049999999188,1.4911558634259423,0.9637057346318042,False
33,z,7,0.012041208000027837,2.2581787956289254,0.9450366373713023,False
33,z,8,0.022369166999851586,1.317169327676133,0.9679405122656383,False
33,z,9,0.022465208000085113,27.13619225122038,0.3395136036380654,False
33,z,10,0.007223082999871622,4.892234701098804,0.8809245439459091,False
33,z,11,0.04423841699986042,3.244255332575217,0.9210358441724915,False
33,z,19,0.013326374999905966,0.012601504305767668,0.9996932833431234,False
33,z,20,0.025783582999792998,41.08516451640273,-1.5314216561534977e-10,False
33,z,21,0.021993667000060668,41.0851645422531,-7.823317549338071e-10,False
33,z,22,0.011974624999993466,410.6251649138457,-8.994487543375728,False
33,z,23,0.0072583749999921565,0.35354168794450036,0.9913949063570746,False
33,z,24,0.017967833000057,39.87046191495165,0.0295654796480197,False
33,z,25,0.016913749999957872,38.071552799511934,0.07335036250998361,False
33,z,26,0.011940666999862515,1.5864514982131686,0.9613862688118786,False
33,z,27,0.012830458000053113,6.181546020139188,0.849543111391998,False
33,z,28,0.018853291999903377,335.03875105753184,-7.154737970565515,False
33,z,29,0.01413945799981775,1.8982363561868767,0.953797523295307,False
33,z,30,0.012887957999964783,4.830832038816954,0.8824190654602805,False
33,z,31,0.020390166999959547,157.54003265546757,-2.8344749140945433,False
33,z,33,0.009296666999944136,2.0187377771956077,0.9508645565554739,False
33,z,34,0.010480165999979363,0.028660812772427026,0.9993024048190102,False
33,z,35,0.007381124999938038,2.4743897157324906,0.9397741314842842,False
33,z,36,0.013834084000109215,41.07316895806945,0.00029196796908215195,False
33,z,37,0.009614083000087703,9.686798105334532,0.7642263765805136,False
33,z,38,0.007298208000065642,201.54694673232208,-3.9055893808754805,False
33,z,39,0.020034749999922496,0.0395988769575611,0.9990361757722105,False
33,z,40,0.012201040999798352,4461.204558260789,-107.58431775690964,False
33,z,41,0.018622833000108585,335.58570149372946,-7.168050572394405,False
33,z,42,6.453515624999909,4.752197719481416e-09,0.999999999884333,False
33,z,51,0.9697241670000949,11.626900537509657,0.7170048927357141,False
33,z,52,0.39167750000001433,7.440981794170522,0.8188888402201888,False
33,z,53,0.4446894169998359,568.9524003463486,-12.848122725815836,False
33,z,57,0.6127873749999253,3.8499355578779944,0.9062937777228435,False
33,z,58,0.5434791669999868,2.3417469704405054,0.9430026142437811,False
34,x,0,0.028962667000087094,9.950252391390128,0.976197131233969,False
34,x,1,0.008033249999925829,3.209395470512606,0.9923225244749563,False
34,x,2,0.016190749999850595,404.7985712612665,0.03164594329826631,False
34,x,3,0.015108625000038955,162.6987507604899,0.6107940924091397,False
34,x,4,0.015209208999976909,3.624087204438821,0.9913305041188148,False
34,x,5,0.023875917000168556,2263.608046900149,-4.414974732170426,False
34,x,6,0.014665166999975554,3.7941442446308247,0.9909236958036879,False
34,x,7,0.010681250000061482,8.237921222309225,0.9802933483446913,False
34,x,8,0.015013749999980064,2.020434131057187,0.9951667428543242,False
34,x,9,0.02186054100002366,305.21832749031205,0.2698605514242267,False
34,x,10,0.0072131250001348235,16.881789202078796,0.95961559595608,False
34,x,11,0.04311020800014376,8.750947375994622,0.9790660936249737,False
34,x,19,0.012209874999825843,0.01084398964802616,0.9999740591441967,False
34,x,20,0.025958082999977705,418.02744408637807,-8.01261279548271e-11,False
34,x,21,0.025706958999990093,418.02744416117656,-2.590581082984045e-10,False
34,x,22,0.015726500000027954,1634.1839387605087,-2.9092742881105527,False
34,x,23,0.006975291000117068,2.0981745036806982,0.9949807733115836,False
34,x,24,0.0201743750001242,7.253546914236348,0.9826481561978052,False
34,x,25,0.020333582999910504,381.71978438723295,0.0868547273203839,False
34,x,26,0.01105825000013283,5.05847603033471,0.9878991771896805,False
34,x,27,0.012403582999922946,24.421464867237287,0.9415792785505541,False
34,x,28,0.019928334000042014,2365.4812451086746,-4.658674517095643,False
34,x,29,0.013928707999866674,15.325610218963243,0.9633382677692701,False
34,x,30,0.017483791000131532,19.611855292421687,0.9530847661524809,False
34,x,31,0.01846962500007976,0.24192655855544018,0.9994212663259381,False
34,x,33,0.008090667000033136,5.581306755905811,0.9866484680962723,False
34,x,34,0.008575500000006286,0.01964160170578077,0.9999530136071562,False
34,x,35,0.006812292000176967,6.797774204281583,0.9837384499487033,False
34,x,36,0.01678304200004277,416.76225158156734,0.0030265775353155444,False
34,x,37,0.010250499999983731,5.283567370306643,0.9873607165140138,False
34,x,38,0.007886333999977069,218.62070410817054,0.4770182981562482,False
34,x,39,0.021883874999957698,0.008923498960420153,0.9999786533178925,False
34,x,40,0.01307933300017794,1119.3808858222367,-1.6777688923233174,False
34,x,41,0.015105833000006896,2389.430183823977,-4.715964867420759,False
34,x,42,7.131433042000026,5.307617533730232e-06,0.9999999873031841,False
34,x,47,0.7115181249998841,26.94694514686135,0.9355378563531528,False
34,x,50,0.7774309589999575,166.30525425517027,0.6021666600575355,False
34,x,51,0.4719425000000683,61.03924562464349,0.8539826834505113,False
34,x,52,0.4459080410001661,886.1396528918926,-1.119812145108325,False
34,x,53,0.4340948330000174,10433.488540043094,-23.958860209960736,False
34,x,54,8.47642487500002,0.00045472701197668693,0.9999989122077547,False
34,x,55,0.6452922089999902,24.747217023406357,0.9408000183349788,False
34,x,56,1.1334484159999647,66.60498075099126,0.8406684018033865,False
34,x,57,6.066802042000063,8.038028844956672,0.9807715283785535,False
34,x,59,0.47975462500016874,0.006227882403615485,0.9999851017379547,False
34,y,0,0.028691666999975496,4.273751531787268,0.9915117842468992,False
34,y,1,0.008059790999823235,17.795071519403155,0.9646567178098479,False
34,y,2,0.016560750000053304,501.90798176691146,0.003146718812813365,False
34,y,3,0.015498167000032481,119.77818974762451,0.7621052348196531,False
34,y,4,0.017385833000162165,0.05034055505202359,0.999900017235622,False
34,y,5,0.1528649580000092,11.836871324947497,0.9764904634954694,False
34,y,6,0.015037957999993523,0.06701126591990762,0.9998669070771228,False
34,y,7,0.011899457999788865,0.18781382477547062,0.9996269777842133,False
34,y,8,0.012413707999940016,2.330396695288428,0.9953715348698222,False
34,y,9,0.020398333999992246,410.9598288361434,0.18378135296982612,False
34,y,10,0.007328542000095695,6.072111480928136,0.987940011967555,False
34,y,11,0.04355949999990116,15.866311241998483,0.968487481776553,False
34,y,19,0.013602708000007624,0.02944242716364206,0.9999415235836241,False
34,y,20,0.016585415999998077,31.994630868899453,0.9364545814757594,False
34,y,21,0.019411833000049228,0.49907097115987736,0.9990087813838014,False
34,y,22,0.013801249999914944,702.176563503897,-0.3946122331775759,False
34,y,23,0.007048000000168031,58.33149690762836,0.8841462056765343,False
34,y,24,0.0160512090001248,403.78358773403505,0.19803428328594164,False
34,y,25,0.015962417000082496,455.0308014705217,0.09625077909643853,False
34,y,26,0.022023375000117085,808.9882164898186,-0.6067538021823338,False
34,y,27,0.012398625000059837,2.156673199316636,0.9957165718950737,False
34,y,28,0.01893362500004514,1310.531640045446,-1.6028830242544894,False
34,y,29,0.01647079200006374,2.8211245104652205,0.9943968868257591,False
34,y,30,0.013557750000018132,3.437256048499423,0.9931731709900992,False
34,y,31,0.022553667000011046,29.12020417496925,0.9421635595862272,False
34,y,33,0.009690290999969875,0.6333567589382025,0.9987420726781691,False
34,y,34,0.010808124999812208,0.18659364864130062,0.999629401209676,False
34,y,35,0.007199625000112064,1.336746582581033,0.9973450507555776,False
34,y,36,0.012056208000103652,494.1047329195616,0.018644966499603455,False
34,y,37,0.009705917000019326,71.60373364889641,0.857785850342774,False
34,y,38,0.005843333000029816,81.78215054256276,0.8375702159110939,False
34,y,39,0.15145008300009977,25.425550843222137,0.9495016124373408,False
34,y,40,0.013167625000050975,1298.0754351678077,-1.5781434123047182,False
34,y,41,0.01463362499998766,944.3508297354012,-0.875601220565478,False
34,y,42,6.724434875000043,8.462722497937776e-07,0.9999999983191954,False
34,y,47,0.7639183750000029,209.61219677161432,0.5836834365673103,False
34,y,51,8.49213141600012,5308.8801218140925,-9.54411318630419,False
34,y,52,0.4557280000001356,2.590525311927059,0.9948548862520536,False
34,y,53,0.5869399579999026,2087.0641850233355,-3.14517572237967,False
34,y,54,0.5300977500000954,0.0003301395202787992,0.9999993443007962,False
34,y,55,4.869721166999852,1.083400571559146,0.9978482282533209,False
34,y,56,11.966712291000022,336.52470516467326,0.3316190044179319,False
34,y,57,0.8733529589999307,11.395507682071928,0.9773670679958568,False
34,y,58,0.5701802920000318,10826.72659877539,-20.503260212183708,False
34,y,59,0.47638912499996877,0.005347094204081443,0.9999893799887712,False
34,z,0,0.03192750000016531,3.42887800534872,0.972631368157603,False
34,z,1,0.008223208999879716,2.7434381010594877,0.9781024150602099,False
34,z,2,0.014609832999894934,118.46532404677977,0.05443301427784808,False
34,z,3,0.014859290999993391,51.614085987611986,0.5880264870685856,False
34,z,4,0.015089667000211193,1.1943236079459474,0.9904671431659081,False
34,z,5,0.025537917000065136,729.5816980815581,-4.823378044537417,False
34,z,6,0.015551791999996567,1.2407406650488588,0.9900966513184072,False
34,z,7,0.012185457999976279,2.2890248130470505,0.9817294528155647,False
34,z,8,0.015099958000064362,1.3223366785470565,0.9894453679394838,False
34,z,9,0.024040458999934344,87.25242639862675,0.30356824251698755,False
34,z,10,0.007687667000027432,8.02102773048502,0.9359777295631795,False
34,z,11,0.04604595899991182,4.531616935000423,0.9638295222660788,False
34,z,19,0.01260970799989991,0.005857712879323313,0.9999532448844833,False
34,z,20,0.026929041999892434,125.28496221986097,-3.019267058590458e-10,False
34,z,21,0.023714583000128187,125.28496218245222,-3.3373304120232206e-12,False
34,z,22,0.011182332999851496,593.5598496486833,-3.7376783239656834,False
34,z,23,0.007069666000006691,0.0489955775923293,0.9996089269075953,False
34,z,24,0.01790358300013395,119.35000045714159,0.0473717006536607,False
34,z,25,0.020286208000015904,115.50234928082897,0.07808289782608857,False
34,z,26,0.010417375000088214,1.3785057929727786,0.9889970370827916,False
34,z,27,0.012411334000034913,10.972265875005142,0.9124215254256702,False
34,z,28,0.017656708999993498,758.3593572796858,-5.053075677013969,False
34,z,29,0.0149370409999392,4.741699491603098,0.9621526844960563,False
34,z,30,0.013198833999922499,8.777369966079787,0.9299407541559009,False
34,z,31,0.020915874999900552,227.33758793881552,-0.8145640464695434,False
34,z,33,0.01038954199998443,1.656625260691839,0.9867771420301438,False
34,z,34,0.009690500000033353,0.04232982487654918,0.9996621316386316,False
34,z,35,0.007403374999967127,2.1121892596459007,0.9831409195257051,False
34,z,36,0.015404458999910275,125.12618816572287,0.0012673030629208881,False
34,z,37,0.009493165999856501,8.088929371762,0.9354357519778862,False
34,z,38,0.007835417000023881,205.2593788782108,-0.6383401112415792,False
34,z,39,0.020210917000213158,0.01074387653098797,0.9999142444843829,False
34,z,40,0.015093249999836189,3766.985946603806,-29.06734312718652,False
34,z,41,0.013909749999811538,760.9184845929193,-5.07350212938832,False
34,z,42,4.3245580000000245,6.712667253465162e-09,0.9999999999464209,False
34,z,47,0.8959172080001281,156.40078143995913,-0.24836036756522306,False
34,z,50,12.509259208000003,845.289967727324,-5.746938762683672,False
34,z,51,0.717903582999952,66.48747561457895,0.469310007708864,False
34,z,52,0.550958165999873,947.4032085841933,-6.5619866269956155,False
34,z,53,0.4452384159999383,2745.260592761636,-20.912131711169618,False
34,z,54,0.4561561249997794,0.0005146475237177017,0.9999958921843871,False
34,z,55,0.7031151670003055,1.4193257346331236,0.9886712203131698,False
34,z,56,0.8640513750001446,36.64571848892447,0.7075010611754052,False
34,z,57,1.3716894579997643,12.783257324390501,0.8979665468085712,False
34,z,58,0.5907196669995756,2.440631409143025,0.9805193586952847,False
34,z,59,0.4740480830000706,0.005608243406319888,0.9999552361008963,False
35,x,0,0.029046499999822117,5.258123918393826,0.9849128365143487,False
35,x,1,0.008866874999966967,0.8562858957688942,0.9975430542337106,False
35,x,2,0.016176500000256056,347.9701697150671,0.0015673042135695425,False
35,x,3,0.01573991700024635,108.52849774395386,0.6885985926297189,False
35,x,4,0.015842457999951876,0.8068648329243924,0.9976848583574517,False
35,x,5,0.04254995900009817,1497.9176064511935,-3.297983114758541,False
35,x,6,0.01717941700007941,0.83852023386924,0.9975940293437823,False
35,x,7,0.010457707999648846,3.283150504914311,0.9905796384443576,False
35,x,8,0.01926591700021163,43.233812686841574,0.8759489867036735,False
35,x,9,0.02121800000031726,282.50781098107404,0.1893988052782688,False
35,x,10,0.011305750000246917,3.3450280392856304,0.9904020928992853,False
35,x,11,0.045634791999873414,3.416155119297536,0.9901980075827254,False
35,x,19,0.013715458999740804,0.08291493092116492,0.9997620917388742,False
35,x,20,0.015921832999993057,7.69501270246699,0.9779206583054919,False
35,x,21,0.019069082999976672,2.703992149999247,0.9922414206541906,False
35,x,22,0.01282833400000527,1369.801459677379,-2.930378759759113,False
35,x,23,0.0076167080001141585,15.078999545203915,0.9567337447976983,False
35,x,24,0.015763458000037645,298.08689815368245,0.14469764593355727,False
35,x,25,0.018045916000119178,312.1543261273479,0.10433389852949371,False
35,x,26,0.08998187499992127,7.048423502927358,0.979775920203635,False
35,x,27,0.01296770800036029,5.11988472975508,0.9853094869682911,False
35,x,28,0.020266708000235667,1574.0016272759633,-3.5162914084854098,False
35,x,29,0.016862166999999317,8.635778636912402,0.9752213135059031,False
35,x,30,0.01389466699993136,4.897338612365544,0.9859480397502838,False
35,x,31,0.01450062500043714,31.40329295154595,0.9098943611636104,False
35,x,33,0.009477959000378178,1.3570111192380045,0.9961063206334543,False
35,x,34,0.010001791999911802,0.01589897287484106,0.9999543809908744,False
35,x,35,0.007323666999582201,1.4319248684841848,0.9958913702063169,False
35,x,36,0.014171583000006649,343.6613593018182,0.013930597308651205,False
35,x,37,0.016296875000080036,63.95724581514366,0.8164871275989602,False
35,x,38,0.00768408299973089,158.29561833165997,0.5458015235286542,False
35,x,39,0.1550420829998984,2.7176776223436736,0.9922021528541458,False
35,x,40,0.016171082999790087,13050.952417549828,-36.44716857627377,False
35,x,41,0.01557974999968792,1628.3014597573135,-3.672094212413974,False
35,x,42,7.0632917920002,9.387637136749645e-08,0.99999999973064,False
35,x,47,0.7742087500000707,183.6025352073566,0.4731882496410251,False
35,x,50,1.1309345409999878,1031.176317414778,-1.9587598019410937,False
35,x,51,0.4975445000000036,80.81807615759388,0.7681082556232535,False
35,x,52,0.7273718330002339,810.4642488805433,-1.3254694662790456,False
35,x,53,0.47257725000008577,8595.984163660614,-23.664503996100766,False
35,x,54,8.322991209000065,0.010897348603446036,0.9999687321785313,False
35,x,55,1.387683874999766,52.193963287542964,0.8502395779740797,False
35,x,56,2.27537804099984,92.34383448806113,0.7350373347155952,False
35,x,57,1.7361240840000391,6.64676842433586,0.9809283912997142,False
35,x,59,1.7535637920000227,3.6607465213644486,0.9894962001458067,False
35,y,0,0.027174209000349947,3.327427175077115,0.9933955750057679,False
35,y,1,0.00845004200027688,6.117095033121661,0.9878585185480715,False
35,y,2,0.01591016700012915,502.4631156671752,0.002688928957517267,False
35,y,3,0.017701166999813722,134.96053861894995,0.732124338838652,False
35,y,4,0.15034995799987882,2.944343762986025,0.9941559359478918,False
35,y,5,0.1458813750000445,2.8209829979940495,0.9944007878640277,False
35,y,6,0.15445916599992415,2.9003019944765898,0.9942433520028283,False
35,y,7,0.010610207999889099,5.683689970845754,0.9887187601327293,False
35,y,8,0.019059833000028448,81.35742767496657,0.8385181701863916,False
35,y,9,0.020619291000002704,411.0444111615226,0.1841408271387177,False
35,y,10,0.008797250000043277,2.838538346782548,0.9943659432293533,False
35,y,11,0.04464204200030508,7.498564644069324,0.9851165164103077,False
35,y,19,0.01677116600012596,0.05093998908105004,0.9998988920510078,False
35,y,20,0.015748041999813722,20.69018992581425,0.9589331936383282,False
35,y,21,0.02072520900037489,2.104771750436761,0.9958223557047748,False
35,y,22,0.013840250000157539,1745.6341293558673,-2.4648120208476914,False
35,y,23,0.007769542000005458,36.26491278797034,0.9280197931229052,False
35,y,24,0.017758665999735967,409.0332162073223,0.188132736059604,False
35,y,25,0.020765582999956678,450.5218036146439,0.10578434818183025,False
35,y,26,0.08686625000018466,21.59046281429177,0.9571462920914439,False
35,y,27,0.013403957999798877,2.4709355465024943,0.9950955775667488,False
35,y,28,0.01999599999999191,2091.861149119523,-3.1520187612784776,False
35,y,29,0.01620495800034405,6.875059461643762,0.9863540771424217,False
35,y,30,0.013914957999986655,3.2791885888746246,0.9934913210905473,False
35,y,31,0.015152333000060025,41.95821171168822,0.9167194809799157,False
35,y,33,0.009855332999904931,2.9474313855842467,0.9941498074976545,False
35,y,34,0.010226957999748265,0.12341326030897587,0.9997550438888312,False
35,y,35,0.007503625000026659,2.900256302333031,0.9942434426946208,False
35,y,36,0.01398970799982635,495.05192810705006,0.017398982636722904,False
35,y,37,0.014538582999648497,39.89807532260759,0.9208085310308025,False
35,y,38,0.00761079099993367,194.3533372959719,0.6142388785653323,False
35,y,39,0.14941108299990447,11.07322542916254,0.9780213711846504,False
35,y,40,0.02467712500038033,14202.832370992806,-27.19041143934265,False
35,y,41,0.015315167000153451,1397.6627741300097,-1.774143046048199,False
35,y,42,6.913556666999739,8.432430548297327e-06,0.9999999832629379,False
35,y,47,0.624823749999905,265.8771342445682,0.47227527503770794,False
35,y,51,8.433322957999735,1545.7162235444682,-2.068006097092275,False
35,y,52,0.4925751669998135,9.864535495828086,0.9804204325572875,False
35,y,53,0.3911550000002535,1273.3755351029959,-1.527452223167884,False
35,y,54,1.118735624999772,0.0035384993058379384,0.9999929766296818,False
35,y,55,9.698041125000145,0.7211899659676834,0.9985685501781971,False
35,y,56,4.056929874999696,330.2630571093595,0.34447924048285017,False
35,y,57,1.5376658750001297,5.884149626961006,0.9883208789189497,False
35,y,58,0.5356770410003264,11908.730561271961,-22.636976447611445,False
35,y,59,2.007299624999632,1.3032162453676324,0.9974133186119706,False
35,z,0,0.03211162500019782,7.014049778311577,0.9699375471392055,False
35,z,1,0.008091166999747657,4.302677497146628,0.9815585797761035,False
35,z,2,0.014888082999732433,204.37334520080734,0.12404898021965116,False
35,z,3,0.015072166999743786,95.23458937969573,0.5918213522240781,False
35,z,4,0.014616542000112531,2.1062446028281236,0.9909725649108431,False
35,z,5,0.028629208999973343,1491.0149676885737,-5.390540215365672,False
35,z,6,0.014996459000030882,2.2096688686472508,0.9905292850348627,False
35,z,7,0.011641916999906243,5.397496710363089,0.9768661478674816,False
35,z,8,0.014453083000262268,1.9440532502131531,0.9916677224940545,False
35,z,9,0.02256024999996953,173.58880319730306,0.25599256090012257,False
35,z,10,0.007158333999996103,13.974241948654434,0.9401059297945433,False
35,z,11,0.04404400000021269,7.930903428225846,0.9660078816104516,False
35,z,19,0.012148374999924272,0.06586127020152696,0.9997177163844905,False
35,z,20,0.023194999999759602,233.31595116489254,-7.491307574269968e-10,False
35,z,21,0.024491124999713065,233.31595099728736,-3.0769387038276363e-11,False
35,z,22,0.013852667000264773,1038.8125308951714,-3.4523853876549255,False
35,z,23,0.007284083999820723,0.15581586455571658,0.9993321679726804,False
35,z,24,0.015610166999977082,217.99066767125933,0.06568467888206586,False
35,z,25,0.02038295800002743,213.2331724710788,0.08607546305259273,False
35,z,26,0.011071208999965165,3.0363002323694026,0.9869863152541245,False
35,z,27,0.012604292000105488,19.13820987384028,0.9179729898764973,False
35,z,28,0.022422333000122308,1564.2166706799426,-5.704285172282365,False
35,z,29,0.014791500000228552,10.16624187352975,0.9564271459778557,False
35,z,30,0.012986124999770254,15.33089022441509,0.934291289732415,False
35,z,31,0.02035208299957958,0.10095801098436347,0.999567290575051,False
35,z,33,0.009668708999925002,3.763267062762333,0.9838705110096743,False
35,z,34,0.009642874999826745,0.027781816067110044,0.9998809262035055,False
35,z,35,0.007349250000061147,4.875813731793579,0.9791020986301948,False
35,z,36,0.015117165999981808,232.4255630240836,0.003816232718964807,False
35,z,37,0.009339624999938678,4.539409823549506,0.9805439370763727,False
35,z,38,0.007412124999973457,223.11949901243614,0.04370233554286462,False
35,z,39,0.020161584000106814,0.037043404569387366,0.9998412307242082,False
35,z,40,0.013928374999977677,1090.431152353974,-3.673624532427291,False
35,z,41,0.016206250000323053,1572.425187555735,-5.739467151229617,False
35,z,42,0.8710904580002534,0.00014496588689897298,0.9999993786713413,False
35,z,47,0.7954837909996968,314.09976940080264,-0.3462421581888291,False
35,z,50,1.0611348339998585,2647.7433489476493,-10.348316896944187,False
35,z,51,0.7995783749997827,69.62647465475685,0.7015785917795705,False
35,z,52,0.4451376249999157,791.2062419725912,-2.391136519449263,False
35,z,53,0.4687212079998062,2980.7134251735547,-11.77543782379424,False
35,z,54,0.44951304200003506,0.007983943567691488,0.9999657805497918,False
35,z,55,0.8919650419998106,0.8720377323003626,0.9962624169989246,False
35,z,56,0.8412140000000363,20.519786545105145,0.9120515058742165,False
35,z,57,1.1491777920000459,8.30630011386744,0.9643989188110864,False
35,z,58,0.43807095900001514,1.4592089063016391,0.9937457816316918,False
35,z,59,9.989430791999894,0.9941805936264331,0.9957389085940868,False
36,x,0,0.029296625000370113,9.285518594320898,0.985849710735997,False
36,x,1,0.008374000000003434,1.6013114956563868,0.9975597463259436,False
36,x,2,0.015558666000288213,655.9447657077358,0.00039959193556426964,False
36,x,3,0.015579666000121506,207.16783047041088,0.6842949914348184,False
36,x,4,0.014506707999771606,1.4903996937776456,0.9977287658657177,False
36,x,5,0.027158833000157756,2538.4293781166343,-2.8683364436491505,False
36,x,6,0.015832915999908437,1.5445487011480137,0.9976462476832525,False
36,x,7,0.011397249999845371,4.700151597779037,0.9928373947003977,False
36,x,8,0.020604625000032684,86.82916433430765,0.8676802184604363,False
36,x,9,0.020706999999674736,511.7441384453639,0.2201482863231029,False
36,x,10,0.007647875000202475,5.274474218942922,0.9919621790473592,False
36,x,11,0.044858583000404906,5.148135003651613,0.9921547085677731,False
36,x,19,0.013360833000206185,0.005702724041441299,0.9999913095651084,False
36,x,20,0.015761207999730686,13.478568626969878,0.9794598822888592,False
36,x,21,0.02182633300026282,4.024405263197919,0.9938671709058172,False
36,x,22,0.014667166999970505,2265.61988148267,-2.4525994816125203,False
36,x,23,0.007887917000061861,27.814328680748623,0.9576134824868734,False
36,x,24,0.022358417000305053,5.535157294816848,0.9915649216521608,False
36,x,25,0.01770770800021637,593.8573967485005,0.09501511841260812,False
36,x,26,0.08424800000011601,13.286042255920382,0.9797532750394768,False
36,x,27,0.01335566599982485,8.818277070445168,0.9865617444960758,False
36,x,28,0.019586916999742243,2671.6466861860636,-3.0713475544456035,False
36,x,29,0.019194625000181986,14.21966236781998,0.9783305225553937,False
36,x,30,0.016405542000029527,8.125148350636499,0.9876180098821017,False
36,x,31,0.014818084000125964,27.9316333963555,0.957434720725642,False
36,x,33,0.009276457999931154,1.9186324353597408,0.9970761779564747,False
36,x,34,0.009765915999651043,0.060276202862321854,0.9999081445266009,False
36,x,35,0.007332958999995753,1.9786813301758428,0.9969846688799487,False
36,x,36,0.01506424999979572,650.12443219401,0.009269253010020462,False
36,x,37,0.014305708999927447,46.136441758846196,0.9296922417560198,False
36,x,38,0.007405416999972658,158.09703480555015,0.7590744392404847,False
36,x,39,0.15077162499983388,4.968725651712241,0.9924281121693945,False
36,x,40,0.01718308399995294,15538.721768956384,-22.679604492749675,False
36,x,41,0.014856834000056551,2739.7405056130006,-3.1751163673766607,False
36,x,42,7.091992666999886,3.911405916785708e-09,0.9999999999940393,False
36,x,47,0.7664151250000941,10.859056724145473,0.9834517811557824,False
36,x,50,0.8158385830001862,116.29966800691157,0.8227698402745312,False
36,x,51,0.4685907920002137,67.02182979290883,0.8978648021713656,False
36,x,52,0.4972644580002452,1007.7355196801992,-0.5356976522352246,False
36,x,53,0.43890066699987074,10587.497302522655,-15.134386883267343,False
36,x,54,8.17239758300002,0.0008012932111048549,0.9999987789017267,False
36,x,55,0.7138514170001145,16.373645469509306,0.9750480474142292,False
36,x,56,1.2097725000003265,32.620566507605496,0.9502892113833495,False
36,x,57,6.1422499580003205,8.3303127989289,0.9873053578465112,False
36,x,59,0.48404708299995036,0.16759675109207553,0.9997445977320953,False
36,y,0,0.027876333999756753,3.942103078808658,0.9804542724721402,False
36,y,1,0.00821304200007944,0.22288846936589338,0.9988948748411104,False
36,y,2,0.02115033299969582,201.66983834429567,8.101461000786792e-05,False
36,y,3,0.015954667000187328,74.20257449322222,0.6320889449322711,False
36,y,4,0.01448900000013964,1.7534802386488386,0.9913058978202888,False
36,y,5,0.02437883399989005,1003.2176121646302,-3.9741515395497453,False
36,y,6,0.015242833000229439,1.9025219622007878,0.9905669194474276,False
36,y,7,0.010732375000316097,6.393885319304463,0.9682978507164568,False
36,y,8,0.013144625000222732,1.1460209335286933,0.9943178013207243,False
36,y,9,0.02384166699994239,158.78967689980567,0.21268934452661903,False
36,y,10,0.007118874999832769,4.348174661832351,0.9784408891688842,False
36,y,11,0.04271791699966343,3.12721728570756,0.984494637566574,False
36,y,19,0.0126833340000303,0.3035036058678078,0.9984951690340356,False
36,y,20,0.025697125000078813,201.6861780114733,-6.948090991443223e-10,False
36,y,21,0.02329829099971903,201.6861779191156,-2.36881403381517e-10,False
36,y,22,0.012867666000147437,736.2103849253938,-2.6502768444302562,False
36,y,23,0.007138707999729377,5.324340660614448,0.9736008648842016,False
36,y,24,0.015769459000239294,184.58225685352278,0.0848046266647382,False
36,y,25,0.018335499999921012,179.9635257529222,0.1077052098844129,False
36,y,26,0.027929542000038055,4.417899040903811,0.978095181893317,False
36,y,27,0.012486416999763605,6.129810636580916,0.9696071852752781,False
36,y,28,0.02161900000010064,1054.6941451132159,-4.229382381305412,False
36,y,29,0.016193792000194662,7.800799058817577,0.9613220938531847,False
36,y,30,0.013242250000075728,5.490249542908755,0.972778255798912,False
36,y,31,0.01888550000012401,187.5808769028371,0.06993687478921284,False
36,y,33,0.009411666999767476,4.237931098254297,0.9789874985832804,False
36,y,34,0.009364375000131986,0.14680614218758772,0.9992721060821469,False
36,y,35,0.007344832999933715,4.765774556515902,0.9763703462140271,False
36,y,36,0.014859916999739653,200.22419177413485,0.007248816516011836,False
36,y,37,0.009481749999849853,18.114919077647745,0.9101826447957992,False
36,y,38,0.007299291999970592,160.8631055785423,0.20240887463710922,False
36,y,39,0.15393020799956503,0.6308080977250762,0.9968723285632024,False
36,y,40,0.01432291700029964,1214.8845386128837,-5.023638066996778,False
36,y,41,0.01382895799997641,1080.8568627192683,-4.359102314927942,False
36,y,42,6.497070959000212,6.057761699379336e-07,0.9999999969964418,False
36,y,47,0.892310875000021,200.79413157589642,0.004422942141393715,False
36,y,51,8.533462332999989,3716.950710578138,-17.42937751018944,False
36,y,52,0.4534335420003117,3.9327030659572713,0.9805008795968853,False
36,y,53,0.5770506670000941,2137.4684458216184,-9.597991733400583,False
36,y,54,0.6227933750001284,0.0005037274974076042,0.9999975024193392,False
36,y,55,3.3634877499998765,0.13706052979446423,0.999320426757842,False
36,y,56,11.896089625000059,344.9580052437049,-0.7103700852706001,False
36,y,57,1.2051970000002257,22.831099394553753,0.8867988890685496,False
36,y,58,0.5687873330002731,10884.604876568746,-52.96802592744993,False
36,y,59,0.6153225409998413,0.1654602311894504,0.9991796154157128,False
36,z,0,0.03320345800011637,0.20560963946118294,0.9708752014182055,False
36,z,1,0.008494499999869731,0.147774246316213,0.9790676391884403,False
36,z,2,0.014518874999794207,6.650074444207826,0.05801070781967288,False
36,z,3,0.014580332999685197,3.0145230258780487,0.572989981505925,False
36,z,4,0.017862291999790614,0.09617639759104106,0.986376522931988,False
36,z,5,0.022085667000283138,43.42768533621032,-5.151572424353491,False
36,z,6,0.014898417000040354,0.10178234687387219,0.98558243494978,False
36,z,7,0.012071999999989202,0.21794613973743776,0.9691277245650203,False
36,z,8,0.02153379200035488,0.16395427564155912,0.9767757228347947,False
36,z,9,0.023046625000006316,5.018854533376237,0.2890745405761721,False
36,z,10,0.008313583000017388,0.4626346275687681,0.9344673704004638,False
36,z,11,0.0448948329999439,0.27253250483513414,0.9613955146698571,False
36,z,19,0.01241954099987197,0.001192180831605328,0.9998311264652544,False
36,z,20,0.015883833000316372,0.011443103380991072,0.9983790736562965,False
36,z,21,0.018505000000004657,0.06285178242960261,0.9910969859751418,False
36,z,22,0.014387416999852576,522.4994566545014,-73.01253887725615,False
36,z,23,0.008383332999983395,0.0017819742239887858,0.9997475816771644,False
36,z,24,0.016996041999846057,6.763904218003741,0.0418866134284509,False
36,z,25,0.019523834000210627,6.443790600113591,0.08723100812109497,False
36,z,26,0.01094187500029875,0.1341314324865713,0.981000156583629,False
36,z,27,0.01303954100012561,0.6230017079088467,0.9117512228195669,False
36,z,28,0.017850707999969018,45.06849932698028,-5.3839952675460525,False
36,z,29,0.014854832999844803,0.3188055568295795,0.9548408933853936,False
36,z,30,0.014619666999806213,0.5005746435249141,0.9290931314989777,False
36,z,31,0.015110916999674373,35.677992625394324,-4.053821171713761,False
36,z,33,0.009047875000305794,0.16641327187555074,0.9764274037082399,False
36,z,34,0.009276166999825364,1.76091664208511e-05,0.9999975056450342,False
36,z,35,0.007869042000038462,0.20834723702382274,0.9704874181517261,False
36,z,36,0.01547008299985464,7.04991496721098,0.0013729221213777398,False
36,z,37,0.011082749999786756,35.15603067449721,-3.979884771031977,False
36,z,38,0.007568874999833497,139.32796512469974,-18.73593714624581,False
36,z,39,0.020353709000119125,0.0010288569838442004,0.9998542614417181,False
36,z,40,0.019133249999867985,7657.478966860193,-1083.6890891817136,False
36,z,41,0.016276416999971843,45.492084165330915,-5.443996457819007,False
36,z,42,6.337666667000121,6.670747277971341e-08,0.9999999905508238,False
36,z,47,0.6260068340002363,7.941385761845287,-0.12490475339674045,False
36,z,50,12.562947333000011,7387.844812203688,-1045.4951578771172,False
36,z,51,0.6601666249998743,72.10956793888096,-9.214388039120252,False
36,z,52,0.5613596250000228,946.7836598375245,-133.11279483571101,False
36,z,53,0.449437916000079,2809.331428684428,-396.94443599219477,False
36,z,54,0.4658825000001343,0.0011394286151377886,0.999838598866273,False
36,z,55,0.5935660000000098,0.15129592267608605,0.97856879042376,False
36,z,56,11.984159874999932,49.44516186697395,-6.003953627824513,False
36,z,57,1.4092981670000881,13.39154928151034,-0.8969255359051225,False
36,z,58,0.44077758399998856,5.9938694750892045,0.15096275814200577,False
36,z,59,0.8417219579996527,0.1665204987750744,0.9764122149171921,False
37,x,0,0.029249708999941504,0.6897073256688037,0.9934024524229761,False
37,x,1,0.008365292000235058,17.67764228453248,0.8309006129393809,False
37,x,2,0.01559354200026064,102.55284410757073,0.01900814595128475,False
37,x,3,0.014607667000291258,32.93930817894953,0.6849117810164729,False
37,x,4,0.1490914169999087,7.985182884017244,0.9236159715464016,False
37,x,5,0.029979457999615988,7.203846918347598,0.9310900130931501,False
37,x,6,0.15189774999998917,6.406066813412703,0.9387213546817105,False
37,x,7,0.011862500000006548,7.032718691319437,0.9327269779006432,False
37,x,8,0.017983165999794437,17.973173955025864,0.8280736395493175,False
37,x,9,0.018821666999883746,33.68792971750861,0.6777506765392389,False
37,x,10,0.007280374999936612,21.154332312402772,0.7976435675002931,False
37,x,11,0.04347470799984876,16.14252791864336,0.8455850880612095,False
37,x,19,0.01313037499994607,8.669806165399946,0.9170670565165653,False
37,x,20,0.02652024999997593,104.53995483693808,-9.834999481483919e-11,False
37,x,21,0.020873041999948327,104.5399549524058,-1.2028820162157672e-09,False
37,x,22,0.012297209000280418,536.2561638380153,-4.1296766363368995,False
37,x,23,0.0070573749999311985,11.466659397765554,0.890313139920722,False
37,x,24,0.015662374999919848,97.6109436589253,0.06628098490400691,False
37,x,25,0.017488458000116225,99.80527422545889,0.04529063178809034,False
37,x,26,0.011205541999970592,10.562586067651154,0.8989612528036239,False
37,x,27,0.01254279199974917,25.28418096874045,0.7581385891101111,False
37,x,28,0.019304041999930632,524.3835322353794,-4.0161063595721584,False
37,x,29,0.01555529100005515,3.149954128772047,0.9698684188835249,False
37,x,30,0.01323999999976877,21.17629455061968,0.7974334828656353,False
37,x,31,0.022846041999855515,241.91724067525598,-1.3141127339914362,False
37,x,33,0.009623500000088825,8.10005772275805,0.9225171109343869,False
37,x,34,0.010103332999733539,9.260485616192693,0.9114167819227779,False
37,x,35,0.007229708999602735,6.400979061503041,0.9387700226949892,False
37,x,36,0.013772582999990846,101.71373740196529,0.02703480625544108,False
37,x,37,0.010551458000009006,17.192872539688068,0.8355377848766388,False
37,x,38,0.00738725000019258,253.65004902894356,-1.4263455006225532,False
37,x,39,0.020146625000052154,9.353907026446098,0.9105231388137072,False
37,x,40,0.014899667000008776,1577.0813099826125,-14.085919183700256,False
37,x,41,0.013461292000101821,457.6541458173825,-3.3777916929105514,False
37,x,42,0.4254372919999696,5377683.1658673715,-51440.414670442384,False
37,x,52,2.0255080000001726,158.14087505686862,-0.5127314271284231,False
37,x,53,0.5558923749999849,4792.81668874607,-44.84674535868419,False
37,x,57,1.9327972919995773,9.823620924774511,0.9060299868977022,False
37,y,0,0.029539333000229817,5.333405910067771,0.9895837844908124,False
37,y,1,0.008552209000299626,0.3613357755181147,0.999294306232745,False
37,y,2,0.01806966599997395,494.29686239882557,0.03463139106995816,False
37,y,3,0.016124082999795064,218.20464735782545,0.573843305701722,False
37,y,4,0.01486487500005751,49.52597830865778,0.9032750793648534,False
37,y,5,0.022512959000323463,3854.5508715653623,-6.527991164812973,False
37,y,6,0.015545208999810711,52.44925163411009,0.8975658861281841,False
37,y,7,0.011838166999950772,97.00352373111033,0.8105507764885282,False
37,y,8,0.014395292000244808,30.002178691842865,0.941405330051952,False
37,y,9,0.022633125000083965,353.4692612891547,0.309669643836583,False
37,y,10,0.007297166999705951,11.832698094756783,0.9768905769618099,False
37,y,11,0.042730666999887035,7.9772561360880365,0.9844203084320604,False
37,y,19,0.013164958999823284,0.5223556973642923,0.9989798320982981,False
37,y,20,0.026185165999777382,512.0291444104913,-9.556400115684482e-10,False
37,y,21,0.021184666999943147,512.0291439347335,-2.6478819137309983e-11,False
37,y,22,0.01733025000021371,3378.6961602550527,-5.598640332033885,False
37,y,23,0.007379540999863821,13.152569159318997,0.9743128505174624,False
37,y,24,0.017665332999968086,494.612310733009,0.034015316110303284,False
37,y,25,0.02101150000044072,481.5377081549332,0.0595501957813096,False
37,y,26,0.011256000000230415,79.67645670417544,0.8443907780443818,False
37,y,27,0.012692833000073733,17.00236149037509,0.9667941528480798,False
37,y,28,0.020426208000117185,3914.0399068808597,-6.644174073582431,False
37,y,29,0.016648957999677805,21.114113981927375,0.9587638433620532,False
37,y,30,0.013101417000143556,13.955413297400174,0.9727448848115792,False
37,y,31,0.016259500000160187,5.483925397504484,0.9892898178499998,False
37,y,33,0.009707083000193961,86.62326998286836,0.8308235556290843,False
37,y,34,0.009398499999861087,0.2178808606431002,0.999574475665634,False
37,y,35,0.00710033299992574,94.15904223666546,0.816106088189463,False
37,y,36,0.019883750000190048,498.55113641535587,0.0263227350744214,False
37,y,37,0.009935832999872218,13.395145314357825,0.9738390959315786,False
37,y,38,0.008293500000036147,160.1351617120676,0.6872538143322569,False
37,y,39,0.15759879099960017,1.36598179115211,0.9973322186688608,False
37,y,40,0.013077374999738822,782.904158399567,-0.5290226497734105,False
37,y,41,0.01581816699990668,3659.02253533243,-6.146121619779748,False
37,y,42,5.999707292000039,3.3427079550374625e-06,0.9999999934716451,False
37,y,52,0.4766354580001462,46.906046592620456,0.9083918422427896,False
37,y,53,1.1508458330004032,284.0102123460484,0.4453241271169316,False
37,y,57,5.267407083999842,11.365491452591266,0.9778030379959369,False
37,y,58,0.8607900000001791,2262.2533615777047,-3.418212104594514,False
37,z,0,0.0274951249998594,0.7017816067196512,0.9958035334628169,False
37,z,1,0.007989665999957651,2.13429932850296,0.9872374601633398,False
37,z,2,0.016234125000210042,162.73887803796114,0.026864982715573693,False
37,z,3,0.01541216700024961,51.889837502513416,0.6897126333689261,False
37,z,4,0.021784709000257862,1.1770013991489894,0.9929618460523154,False
37,z,5,0.153415958000096,1.5974250313468996,0.9904478250419809,False
37,z,6,0.12548795800012158,1.9921909537883482,0.9880872302818968,False
37,z,7,0.01012750000018059,1.9791167901725666,0.988165410287742,False
37,z,8,0.012099915999897348,1.5634596677209385,0.9906509288430991,False
37,z,9,0.020629458999792405,108.59546809753859,0.35062811051543774,False
37,z,10,0.00721341600001324,0.6948948140463299,0.9958447146432944,False
37,z,11,0.044222624999747495,1.079701187690451,0.9935436753244663,False
37,z,19,0.013702167000246845,1.0215816625800673,0.9938912145588198,False
37,z,20,0.01705633300025511,5.253273399173499,0.9685868284104058,False
37,z,21,0.019855334000112634,0.6321927897035761,0.9962196559989078,False
37,z,22,0.011500165999677847,526.1906230300295,-2.1464793613594098,False
37,z,23,0.007354999999733991,10.194752070901462,0.9390381059993976,False
37,z,24,0.01569104200007132,152.23617234696323,0.08966835709891197,False
37,z,25,0.01723012499996912,160.10229762970366,0.04263102923190121,False
37,z,26,0.09145041700003276,5.767655418441952,0.9655109613450397,False
37,z,27,0.012603499999841006,1.518974184143239,0.9909169401512279,False
37,z,28,0.01803145800022321,615.6399383058163,-2.6813623715930066,False
37,z,29,0.015040207999845734,1.5393631494340188,0.9907950195854118,False
37,z,30,0.013142332999905193,1.0047588051426313,0.9939918107523079,False
37,z,31,0.01774191599997721,118.26643335846107,0.29279832171629383,False
37,z,33,0.009002875000078348,2.001884541220119,0.9880292652185593,False
37,z,34,0.010250875000110682,1.3258650437776984,0.9920716812242465,False
37,z,35,0.007892250000168133,1.9921884373479979,0.988087245329538,False
37,z,36,0.01843533400005981,161.55423684854392,0.03394882056820092,False
37,z,37,0.00996379199978037,32.5262839355528,0.8055015110007153,False
37,z,38,0.007452750000084052,137.12586776264385,0.18002394200963356,False
37,z,39,0.14801983300003485,3.1892058090337425,0.9809294012130666,False
37,z,40,0.013318083999820374,1495.6272715334596,-7.9434515481621375,False
37,z,41,0.015131250000194996,593.5156804105092,-2.5490652195607018,False
37,z,42,6.944824583999889,5.9264015721495266e-05,0.9999996456170175,False
37,z,52,0.43093970899963097,188.20681975775528,-0.12542650536946431,False
37,z,53,0.47826408299988543,426.5628581320517,-1.5507319414135305,False
37,z,57,1.3430693329996757,10.375571795074196,0.9379568523522689,False
37,z,58,0.3891724999998587,2.827884520532911,0.9830900059964452,False
38,x,0,0.028912249999848427,9.832535959076118,0.9770406473044639,False
38,x,1,0.008257708000201092,1.9874208479382327,0.9953592952629727,False
38,x,2,0.0158665829999336,414.2533178263404,0.032702441276950434,False
38,x,3,0.016442625000308908,164.62374546694085,0.6155971714757102,False
38,x,4,0.015284416000213241,3.1120887064359937,0.9927331522072997,False
38,x,5,0.02484720800021023,2172.4992717518207,-4.072870032568069,False
38,x,6,0.015035124999940308,3.2547282901731314,0.9924000832487934,False
38,x,7,0.01082020800004102,7.423784623200279,0.9826651750668229,False
38,x,8,0.012368125000193686,1.553979523996421,0.9963713975599406,False
38,x,9,0.022864292000122077,313.36252512103687,0.26828635402278667,False
38,x,10,0.00721708299988677,14.581637533710445,0.9659513109935901,False
38,x,11,0.04279545800000051,7.3615359907645495,0.9828105280370898,False
38,x,19,0.012450708999949711,0.01458531831085587,0.9999659427162363,False
38,x,20,0.027040375000069616,428.2584135656544,-2.8563018616978297e-10,False
38,x,21,0.025216834000275412,428.25841349863464,-1.291367013322997e-10,False
38,x,22,0.016365042000415997,1570.329540633692,-2.6667803628369007,False
38,x,23,0.007268500000009226,3.441230841794592,0.9919645925596043,False
38,x,24,0.015837208999982977,401.2458155543305,0.06307546341427461,False
38,x,25,0.019695292000051268,390.95438789086927,0.0871063460318866,False
38,x,26,0.011936290999983612,4.524310772469764,0.9894355589278611,False
38,x,27,0.012635750000299595,21.575399781096344,0.9496206049809426,False
38,x,28,0.01954033399988475,2266.032860139406,-4.291274587975507,False
38,x,29,0.01603350000004866,15.080617000940544,0.9647861745909725,False
38,x,30,0.013353625000036118,17.50318909462275,0.9591293748232715,False
38,x,31,0.016850957999849925,0.6526346644923641,0.998476072754193,False
38,x,33,0.009302708000177518,4.778417122620018,0.9888422107479452,False
38,x,34,0.009974707999845123,0.017834480291076468,0.9999583557970346,False
38,x,35,0.007484582999950362,5.7566215648373715,0.9865580654480263,False
38,x,36,0.01693791700017755,426.92438139256114,0.003115016562181716,False
38,x,37,0.009555249999721127,7.113082249087179,0.9833906771570562,False
38,x,38,0.008043875000112166,207.07618773037336,0.5164690728071955,False
38,x,39,0.02541849999988699,0.012290574536518733,0.9999713010319221,False
38,x,40,0.012918458000058308,1159.0123386974526,-1.7063387485575237,False
38,x,41,0.01434312499986845,2292.054745068581,-4.35203669821626,False
38,x,42,0.6272487090000141,6.499117494344211e-06,0.9999999848243086,False
38,x,47,0.7466874160004409,26.392205985067413,0.9383731757354962,False
38,x,50,0.740760333000253,218.71209518256288,0.4892987777541842,False
38,x,51,0.4794344580000143,88.84260497562472,0.7925490727402116,False
38,x,52,0.4774867080000149,318.7150311600665,0.2557880448921034,False
38,x,53,0.43125608299988016,10742.950974733492,-24.08520705607821,False
38,x,54,8.219678666999698,0.004807158804874793,0.9999887750978055,False
38,x,55,0.6628148750000946,10.580007122403963,0.9752952731568367,False
38,x,56,1.045906417000424,123.31723363773376,0.712049478149828,False
38,x,57,1.2481656249997286,11.910460966108406,0.9721886118468879,False
38,x,59,1.4220732500002669,2.419031721557113,0.9943514671384799,False
38,y,0,0.027483583000048384,3.66634160578468,0.991878191046739,False
38,y,1,0.008139166000091791,9.523274790980613,0.9789037065341334,False
38,y,2,0.015109917000245332,450.6769220962098,0.0016446216757588505,False
38,y,3,0.015550666999843088,123.01794964608202,0.7274863086213933,False
38,y,4,0.16701066699988587,0.5199193703736573,0.9988482563134291,False
38,y,5,0.03635029199995188,1385.871550979287,-2.0700314321649707,False
38,y,6,0.037369915999988734,0.5117140662760975,0.9988664329918321,False
38,y,7,0.01093124999988504,2.093254805160717,0.99536294828851,False
38,y,8,0.011911875000350847,2.7001273871443896,0.9940185827874702,False
38,y,9,0.021091292000164685,364.59807424934974,0.1923295147653623,False
38,y,10,0.007236583000121755,3.734385956540024,0.9917274568062876,False
38,y,11,0.04356887500034645,9.88551198039469,0.9781012659640715,False
38,y,19,0.013409084000159055,0.020947264800977246,0.999953596881824,False
38,y,20,0.01739604199974565,22.89927917129408,0.9492727108943705,False
38,y,21,0.018347959000038827,1.618642848613799,0.9964143253974858,False
38,y,22,0.014447207999637612,845.4315659005553,-0.8728297577254696,False
38,y,23,0.00782683299985365,40.3287453844932,0.9106623439505018,False
38,y,24,0.01896154199994271,1.8915076939109423,0.9958098655893577,False
38,y,25,0.016941124999902968,407.0409367702981,0.09830859203388953,False
38,y,26,0.08807750000005399,31.918390889807984,0.9292932572094461,False
38,y,27,0.012826542000311747,1.946216331120783,0.9956886730908708,False
38,y,28,0.019458374999885564,1447.1680929244246,-2.205817689067075,False
38,y,29,0.016375500000322063,5.266068765603145,0.9883344191437368,False
38,y,30,0.012845040999764024,3.184666872070995,0.9929452138682522,False
38,y,31,0.019049208000069484,56.85845627547991,0.8740451466611353,False
38,y,33,0.00882708300014201,0.5221034043870811,0.9988434181644208,False
38,y,34,0.009513666000202647,0.015935032271419753,0.999964700155717,False
38,y,35,0.007756166000035591,0.5238878590236423,0.9988394651777103,False
38,y,36,0.014902290999998513,444.95956293493396,0.014309916898602393,False
38,y,37,0.009892959000353585,52.73228353924694,0.8831855897172224,False
38,y,38,0.007472332999896025,99.75409742782594,0.7790212127709304,False
38,y,39,0.1545824999998331,15.045810658514732,0.9666699907279261,False
38,y,40,0.013604291999854468,1263.554419094327,-1.7990702169544175,False
38,y,41,0.014711499999975786,1001.8211705479989,-1.2192695136986926,False
38,y,42,5.841301082999962,1.7738443624092345e-06,0.9999999960705176,False
38,y,47,1.066776082999695,119.45431067661465,0.7353806070803106,False
38,y,51,1.5876130000001467,2213.0723500351937,-3.9024757535879306,False
38,y,52,0.4626397500001076,30.73088988883725,0.9319238512180548,False
38,y,53,0.5655030420002731,2224.258963455449,-3.927256733322597,False
38,y,54,0.6151266249999026,0.0019900285342840025,0.9999955916187565,False
38,y,55,4.853059499999745,1.1038518018958303,0.9975547086410155,False
38,y,56,5.268782499999816,555.8537488469233,-0.23134678638936723,False
38,y,57,1.2667833750001591,21.658267535726807,0.9520218435439163,False
38,y,58,0.5555577089999133,10800.663175457265,-22.926009169789324,False
38,y,59,2.5012479580000218,1.044319879529355,0.9976865858505254,False
38,z,0,0.03073895800025639,0.9794881116330341,0.9785864411046363,False
38,z,1,0.0085398329997588,0.3818589501248287,0.9916518036093497,False
38,z,2,0.016440082999906735,43.22184780525813,0.05508441342767989,False
38,z,3,0.015355749999798718,17.00299823244179,0.628280629724921,False
38,z,4,0.025170166999942012,0.2363615080761867,0.9948326671720926,False
38,z,5,0.024944541999957437,221.9121147592075,-3.851440341698927,False
38,z,6,0.024401707999913924,0.24042982510837377,0.9947437256675056,False
38,z,7,0.010750791999726061,0.3788681859027064,0.9917171876656256,False
38,z,8,0.017776583999875584,2.888619520994965,0.9368490301163581,False
38,z,9,0.0222984579995682,32.16505842231519,0.2968078277634991,False
38,z,10,0.007492291000289697,1.6946710125582976,0.962951119973084,False
38,z,11,0.044680582999717444,0.7790302484063958,0.9829688488227716,False
38,z,19,0.013044417000401154,0.023777840066581818,0.9994801691081054,False
38,z,20,0.015805708000243612,0.018813582876760725,0.9995886976470877,False
38,z,21,0.02087270800029728,0.2082261533000956,0.9954477620051838,False
38,z,22,0.014380832999904669,485.3278312787466,-9.610231992831153,False
38,z,23,0.007551332999810256,0.2779987733827328,0.9939223937116041,False
38,z,24,0.01580279200015866,42.75280660985839,0.06533858715654617,False
38,z,25,0.01986487500016665,42.27072669662117,0.0758778131989798,False
38,z,26,0.012842916999943554,0.24299264280358496,0.9946876973737441,False
38,z,27,0.01346054199984792,2.551892604145339,0.9442105504655863,False
38,z,28,0.01996666600007302,231.56181228782,-4.062401928569933,False
38,z,29,0.015175375000126223,1.2571021497520092,0.9725172458945697,False
38,z,30,0.0140009579999969,2.0267733556223977,0.9556907020077909,False
38,z,31,0.014805166999849462,25.952460473181976,0.4326275794245803,False
38,z,33,0.008740875000057713,0.24896518091443695,0.9945571258077673,False
38,z,34,0.00941870899987407,0.054670440640409705,0.9988047953961002,False
38,z,35,0.007813042000179848,0.28509462903187943,0.9937672641893042,False
38,z,36,0.01763704199993299,45.63915065440902,0.002237363715231755,False
38,z,37,0.014504624999972293,56.073515424077286,-0.22587861020759492,False
38,z,38,0.007729292000021815,129.8331530131021,-1.8384110389881205,False
38,z,39,0.020595500000126776,0.024355127141557822,0.9994675484640847,False
38,z,40,0.013243375000001834,8934.464212957064,-194.3251635731474,False
38,z,41,0.01613916699989204,232.63217039012187,-4.085802086254908,False
38,z,42,1.9467659169999934,3.53069528196927e-06,0.9999999228119765,False
38,z,47,2.8451191249996555,47.40335818352807,-0.03633172291252751,False
38,z,50,3.2569347499998003,1920.9621789737148,-40.9960551503161,False
38,z,51,0.7986647090001497,99.27358656900527,-1.170318115658577,False
38,z,52,0.499008084000252,914.6364897692873,-18.995773413594165,False
38,z,53,1.1019519579999724,3173.2411993549777,-68.37336605167506,False
38,z,54,0.4835110839999288,0.003589983227250097,0.9999215158240747,False
38,z,55,1.0293858750001164,1.2861672298022486,0.9718818254172178,False
38,z,56,0.8597613339998134,23.094518970034827,0.49510786680153807,False
38,z,57,1.1405864999996993,14.053456984494435,0.6927634697687095,False
38,z,58,0.41919595799981835,6.67341713885338,0.8541058240125892,False
38,z,59,4.543412709000222,1.5667385242432217,0.9657479787002389,False
39,x,0,0.02801029199963523,0.05907471211816155,0.9884316194565648,False
39,x,1,0.00818683300030898,1.1992268446333938,0.7651598797659285,False
39,x,2,0.015750375000152417,4.907333521900254,0.03901517926406117,False
39,x,3,0.01496720799968898,3.30028478583311,0.35371753944629447,False
39,x,4,0.015831540999897697,29.993582043216794,-4.873531304607184,False
39,x,5,0.02325733299994681,501.22219239922435,-97.15247253158522,False
39,x,6,0.015041334000216011,31.574409858651375,-5.183098919697985,False
39,x,7,0.013336583000182145,47.91306637643345,-8.382637087368096,False
39,x,8,0.02142033399968568,44.7943937737111,-7.771919063274899,False
39,x,9,0.020735292000154004,2.8849200211847976,0.43505687212344724,False
39,x,10,0.008104666999770416,1.7204979001871432,0.663081313138939,False
39,x,11,0.04300841700023739,1.4010918897104565,0.7256294008835565,False
39,x,19,0.012992417000077694,0.013572490829152137,0.9973421497421797,False
39,x,20,0.027059874999849853,5.106567155170833,-5.861000573759156e-11,False
39,x,21,0.0228573750000578,5.106567156143294,-2.490434525270757e-10,False
39,x,22,0.012582374999965396,735.3032917707301,-142.99170117037804,False
39,x,23,0.007041124999886961,0.5932078941535657,0.8838343105724833,False
39,x,24,0.014774540999951569,4.682229973861072,0.08309636750897476,False
39,x,25,0.013014124999699561,4.747051249508219,0.0704026588625879,False
39,x,26,0.010772457999792096,39.45964108773749,-6.727234341781643,False
39,x,27,0.012852790999659192,1.9429897496728423,0.6195115640809155,False
39,x,28,0.019505833000039274,0.41557170121933434,0.9186201437059553,False
39,x,29,0.014434166999762965,0.5344347672629554,0.8953436328056279,False
39,x,30,0.013189166999836743,1.043553622288719,0.7956447862840313,False
39,x,31,0.02681758400012768,251.28490310561114,-48.20818535910008,False
39,x,33,0.009377416000006633,49.02116519493122,-8.599631946123786,False
39,x,34,0.009685666000223137,0.00853687822392583,0.9983282549773614,False
39,x,35,0.007264791000125115,53.63912202129609,-9.503949207859872,False
39,x,36,0.015606624999691121,4.918857674154411,0.03675844750970436,False
39,x,37,0.010113999999703083,10.901873987557195,-1.1348733223173366,False
39,x,38,0.007526332999987062,184.09865168623395,-35.0513523278761,False
39,x,39,0.019892000000254484,0.0023985316905815748,0.9995303044848253,False
39,x,40,0.011961917000007816,3731.6811995527996,-729.7612112753413,False
39,x,41,0.021065792000172223,483.22711546271995,-93.62856373125976,False
39,x,42,6.992058457999974,8.892113981419545e-08,0.9999999825869048,False
39,x,53,0.6501679170000898,86.99006101327326,-16.03493920182501,False
39,x,57,0.6097477499997694,0.3423541357064422,0.9329580664811498,False
39,y,0,0.026782375000038883,3.8022668121273675,0.993643951736529,False
39,y,1,0.008726917000331014,0.34326721354810047,0.999426178360335,False
39,y,2,0.014670708999801718,598.110568240132,0.0001702072823877021,False
39,y,3,0.018202041999757057,210.11797305725136,0.6487569011425125,False
39,y,4,0.014126958999895578,36.76555098563581,0.9385409735706947,False
39,y,5,0.022727084000052855,3897.4829071660074,-5.515215971953386,False
39,y,6,0.01588487500021074,38.58948206725892,0.9354920044801864,False
39,y,7,0.011385290999896824,66.87913796748015,0.8882016834313619,False
39,y,8,0.020931500000187953,38.95070251169836,0.9348881713742911,False
39,y,9,0.021597791999738547,462.0354078625043,0.22763985356316874,False
39,y,10,0.007833417000256304,7.615288699349472,0.9872699247830403,False
39,y,11,0.04474670800027525,5.217262987112224,0.9912785774939469,False
39,y,19,0.012904249999792228,0.0303681832087081,0.9999492351148181,False
39,y,20,0.015503000000080647,13.361493044509356,0.9776642989934161,False
39,y,21,0.01902004100020349,4.789414784071287,0.9919937886988245,False
39,y,22,0.015446583999619179,3590.557029841134,-5.002144221343233,False
39,y,23,0.007559333999779483,19.803963421587625,0.96689476211555,False
39,y,24,0.016405208999913157,544.6219302369063,0.08958433351137107,False
39,y,25,0.018171624999922642,543.468696180617,0.09151213386916746,False
39,y,26,0.011971959000220522,55.137562292047335,0.9078294542769572,False
39,y,27,0.014192665999871679,12.371636530857261,0.9793189897569934,False
39,y,28,0.018269291000251542,4019.9386972283814,-5.71991883743758,False
39,y,29,0.015333790999648045,16.125531302963715,0.9730438024736079,False
39,y,30,0.013835457999903156,9.661246812516607,0.9838498048506743,False
39,y,31,0.016963791999842215,25.265037826759063,0.9577657729612473,False
39,y,33,0.008656250000058208,57.2896048784008,0.9042319985433721,False
39,y,34,0.010089917000186688,0.014947256909220186,0.9999750134614387,False
39,y,35,0.008014583000203856,61.56577932188566,0.8970837439655709,False
39,y,36,0.014667500000086875,593.7317946893937,0.007489971359578074,False
39,y,37,0.013980791999983921,170.930284231271,0.7142648872515824,False
39,y,38,0.007713082999998733,146.88391280382876,0.7544619341465267,False
39,y,39,0.14698300000009112,2.332863280154486,0.9961002758792603,False
39,y,40,0.016885917000308837,19356.588805425952,-31.357385407841583,False
39,y,41,0.015482208999856084,4151.364820867258,-5.939616934968568,False
39,y,42,6.698685333999947,4.0965836668436466e-08,0.9999999999315196,False
39,y,53,0.46256166599960125,223.5965368006181,0.6262254992425029,False
39,y,57,0.5065330829997947,0.2278967371169006,0.9996190370818843,False
39,y,58,0.5299589999999625,35.385481151158345,0.9408479632976969,False
39,z,0,0.02728379100017264,0.14425992512794505,0.9988174758585654,False
39,z,1,0.008452541999758978,1.6315792897999046,0.9866256557589226,False
39,z,2,0.014764084000034927,121.8251542502019,0.0013776465841401908,False
39,z,3,0.01814020800020444,38.33830842154369,0.6857340996812931,False
39,z,4,0.014547207999839884,17.902520112567412,0.8532498737479972,False
39,z,5,0.022485250000045198,966.3585628063742,-6.921412192520743,False
39,z,6,0.016129499999806285,18.868022481223814,0.8453354799304771,False
39,z,7,0.010612083000069106,33.13598364030545,0.7283784767662101,False
39,z,8,0.021950125000330445,15.844196435980887,0.8701223172647353,False
39,z,9,0.021779875000447646,99.31998327506074,0.18585651666268588,False
39,z,10,0.007696208999732335,1.1439547403239902,0.9906228005044231,False
39,z,11,0.044266040999900724,2.277667717011211,0.9813295545582509,False
39,z,19,0.015253791000304773,0.06218800631315822,0.9994902339044764,False
39,z,20,0.015800083000158338,7.654452005338823,0.9372551020129939,False
39,z,21,0.019145249999837688,0.9020835518210042,0.9926054614497175,False
39,z,22,0.011566874999971333,1006.5922081397497,-7.251214504995531,False
39,z,23,0.0073317909996148956,8.9256014273615,0.9268352651970566,False
39,z,24,0.016678084000432136,106.72914620808561,0.12512229661956542,False
39,z,25,0.016493666999849665,109.76581532845789,0.10023018232514469,False
39,z,26,0.011232750000090164,28.770487837895445,0.7641632185862478,False
39,z,27,0.014090875000420056,0.999734332470917,0.9918050007157607,False
39,z,28,0.01817674999983865,992.4260342002177,-7.135091869687063,False
39,z,29,0.015823666999949637,2.392799448682095,0.9803857993745071,False
39,z,30,0.016064875000211032,1.6084450629884521,0.9868152911110393,False
39,z,31,0.014914833000148064,38.554429923476576,0.6839625134747143,False
39,z,33,0.008932375000313186,29.810988238539966,0.7556340526252692,False
39,z,34,0.010720750000018597,0.013406375726379385,0.9998901055651351,False
39,z,35,0.008051709000028495,31.419955367699373,0.7424450642674952,False
39,z,36,0.014104374999988067,120.39507804618422,0.013100234363402574,False
39,z,37,0.015485166000416939,161.1305420186402,-0.32081557432184304,False
39,z,38,0.007630791000337922,177.155774809844,-0.452177244105753,False
39,z,39,0.15919174999999086,2.8877279836209278,0.9763287825673032,False
39,z,40,0.01405841700034216,12188.511493721995,-98.9113861780868,False
39,z,41,0.015339374999712163,1044.296127484573,-7.5602802057604155,False
39,z,42,3.3838123750001614,4.6861657459675776e-11,0.9999999999996159,False
39,z,53,3.0659027910000987,504.03170457275854,-3.131637100027077,False
39,z,57,0.3848000000002685,0.2233761501922369,0.9981689461575085,False
39,z,58,0.5377062080001451,28.895621302660572,0.7631374774259435,False
40,x,0,0.029215832999852864,13.459332433225818,0.9843866445905342,False
40,x,1,0.00883491700005834,0.8686280222703021,0.9989923573031864,False
40,x,2,0.015045000000100117,861.9240458620379,0.00013417970215667818,False
40,x,3,0.017486999999619002,287.21522276278625,0.6668190362150449,False
40,x,4,0.014380457999777718,2.94006743071879,0.9965894060532833,False
40,x,5,0.026329165999868565,3536.9310706334213,-3.1029792627944204,False
40,x,6,0.015969500000210246,3.08489792884069,0.9964213969746365,False
40,x,7,0.0102972919999047,9.364517527584804,0.9891367910613892,False
40,x,8,0.02128554199998689,96.59922730563007,0.8879410939817991,False
40,x,9,0.02203075000034005,666.6485920242211,0.22666139259631302,False
40,x,10,0.007613333000335842,9.709138298181436,0.9887370174025168,False
40,x,11,0.04524162500001694,7.411808992232353,0.9914020098250101,False
40,x,19,0.013703125000120053,0.07018329463945698,0.9999185846156599,False
40,x,20,0.016566750000038155,14.827768613197213,0.9827992047573133,False
40,x,21,0.01946454199969594,6.641755108845245,0.992295302640639,False
40,x,22,0.015671000000111235,3169.9497546087578,-2.6772664910686936,False
40,x,23,0.007543915999576711,30.506793388946985,0.9646109188588775,False
40,x,24,0.020032042000366346,9.287990034126944,0.9892255659660794,False
40,x,25,0.017968166999708046,779.9141977420015,0.0952688315971878,False
40,x,26,0.09084779200020421,12.661021174868289,0.9853127170733971,False
40,x,27,0.014302583999779017,15.709772342544243,0.9817760457137953,False
40,x,28,0.02336495899999136,3723.6586969696746,-3.319590659326745,False
40,x,29,0.014391290999810735,22.098936895092766,0.9743643633422208,False
40,x,30,0.01724712500026726,14.054517346917937,0.9836962066629527,False
40,x,31,0.015628541999831214,26.58355352304216,0.9691620315300931,False
40,x,33,0.00914170899977762,4.513210083408135,0.994764498654043,False
40,x,34,0.010194999999839638,0.007377318622241472,0.9999914420200118,False
40,x,35,0.011335290999795689,4.858858818295255,0.994363532516131,False
40,x,36,0.015056208000260085,855.5195234304695,0.007563677817911896,False
40,x,37,0.015255374999924243,47.279902925962,0.9451534515719543,False
40,x,38,0.007625875000030646,146.829712949498,0.8296717534599963,False
40,x,39,0.15537091600026542,4.200987429935382,0.9951266892217953,False
40,x,40,0.017206083000019134,17825.157781517926,-19.677884661322757,False
40,x,41,0.018654334000075323,3800.4067934117033,-3.4086214721619523,False
40,x,42,6.247723416999634,2.4654570876734667e-07,0.9999999997139972,False
40,x,47,0.9676014579999901,8.983802534813599,0.9895784354387266,False
40,x,50,0.8444599590002326,238.5032570422927,0.7233268338536761,False
40,x,51,0.4691565830003128,86.41478605116795,0.8997554467174669,False
40,x,52,0.49371433299984346,914.9768539051157,-0.06140916589512657,False
40,x,53,0.4134302080001362,10752.004120000562,-11.472748000130522,False
40,x,54,0.5520167079998828,0.0036873495173963817,0.9999957225294182,False
40,x,55,0.671375750000152,9.132970111051002,0.9894053951787495,False
40,x,56,0.897460625000349,9.039362231923684,0.9895139840031353,False
40,x,57,1.63610804200016,11.945672570384751,0.9861425496121858,False
40,x,59,1.187543999999889,2.0027824318323417,0.9976766935454511,False
40,y,0,0.029318750000129512,1.8769585760417178,0.7775305464658642,False
40,y,1,0.007985875000031228,4.678158282577703,0.4455139660748053,False
40,y,2,0.015726583000287064,8.103879852887118,0.0394749541142676,False
40,y,3,0.015258750000157306,0.16737723986849795,0.980161350621747,False
40,y,4,0.015256957999554288,0.5403535580181879,0.9359537486325109,False
40,y,5,0.026932832999591483,17.684303674840315,-1.0960597771796499,False
40,y,6,0.014649333000306797,0.5952015748483995,0.9294528015751811,False
40,y,7,0.012427250000200729,0.9616055103922971,0.8860242015231169,False
40,y,8,0.011950125000112166,0.19047070820179335,0.977424161135578,False
40,y,9,0.017816375000165863,6.851549152717248,0.18790941082900126,False
40,y,10,0.007338249999975233,3.8003998997648556,0.5495516524957764,False
40,y,11,0.04380754199974035,4.40396975481335,0.4780125905600102,False
40,y,19,0.013460042000133399,0.03407699581976003,0.9959609707241943,False
40,y,20,0.020622375000129978,2.7759427317590895,0.6709770420832266,False
40,y,21,0.13750749999962864,2.261772953528992,0.7319198199615995,False
40,y,22,0.01397312500012049,436.3239500334024,-50.715979226613015,False
40,y,23,0.0070605830001113645,5.952308075302333,0.2944933672580412,False
40,y,24,0.02235358300004009,2.9571483531390754,0.6494993621385079,False
40,y,25,0.01532579100012299,8.012786719796015,0.050271910316799784,False
40,y,26,0.010500832999696286,0.6661540766166095,0.9210430452296033,False
40,y,27,0.013669583000137209,3.400648223375728,0.5969328457361686,False
40,y,28,0.020024708999699214,9.825039683811559,-0.16452820925770606,False
40,y,29,0.02240870800005723,3.743878153994814,0.55625098089586,False
40,y,30,0.013783416000023863,2.0198867925854667,0.760589755851213,False
40,y,31,0.014260750000175904,22.05018600176465,-1.6135328146046422,False
40,y,33,0.009498790999714402,1.388656084852391,0.8354073636534546,False
40,y,34,0.009473125000113214,0.041725713537082924,0.9950543944829657,False
40,y,35,0.007554583000001003,1.9561979677560197,0.768138573516608,False
40,y,36,0.02002529199990022,7.787825088565777,0.07693583982742458,False
40,y,37,0.011819583000033163,57.473307771178106,-5.812113775903071,False
40,y,38,0.0075876249998145795,105.10330216909955,-11.457533424900175,False
40,y,39,0.0227851249997002,0.2132022121084902,0.9747298740497135,False
40,y,40,0.011047125000004598,7364.374028560258,-871.8739603885477,False
40,y,41,0.01541229199983718,5.4030733315449355,0.35959227506843616,False
40,y,42,6.437843208000231,8.889452173009098e-07,0.9999998946363765,False
40,y,47,0.6567785829997774,16.611162667438396,-0.9688640593150315,False
40,y,51,1.1458491660000618,2923.903624897987,-345.5602544033323,False
40,y,52,0.4632662909998544,28.353267630236214,-2.3606154318589256,False
40,y,53,0.5412077920000229,2222.8147852642232,-262.46260215725636,False
40,y,54,0.5483018749996518,0.0015950182620896266,0.9998109479635441,False
40,y,55,6.2563582089997,0.668483595262515,0.9207669353853227,False
40,y,56,4.781160874999841,571.3084540594143,-66.71522887951309,False
40,y,57,0.9346187919995828,23.22552708674666,-1.7528419566548594,False
40,y,58,0.5644681670000864,10845.534400508237,-1284.4839431006772,False
40,y,59,2.3790367500000684,0.9347426788268101,0.8892081606871793,False
40,z,0,0.028582291000020632,1.136013372933513,0.9853145592719681,False
40,z,1,0.00876779100008207,0.14562918713435719,0.9981174263904917,False
40,z,2,0.015753041000152734,77.339942064438,0.00021323502218972834,False
40,z,3,0.015997291000076075,25.225880798457666,0.6739006898118354,False
40,z,4,0.014686374999655527,0.22937004836120067,0.9970348938399413,False
40,z,5,0.025126749999799358,307.660031452994,-2.9771742691904155,False
40,z,6,0.01845695900010469,0.2405132075954466,0.9968908442993668,False
40,z,7,0.010475208999650931,0.7535745137451734,0.9902584123396513,False
40,z,8,0.017860333000044193,9.436945608782786,0.8780069771242458,False
40,z,9,0.0220080419999249,60.085831019625736,0.2232601032198418,False
40,z,10,0.007735374999811029,0.7440083539344405,0.990382075736793,False
40,z,11,0.043591332999767474,0.6667112493880891,0.991381308733789,False
40,z,19,0.014294708999841532,0.004825602976890911,0.9999376185983523,False
40,z,20,0.015573415999824647,1.5292852006216753,0.9802306665528132,False
40,z,21,0.019510625000293658,0.5591636598740607,0.9927715949653433,False
40,z,22,0.013058708000244224,513.8221685969332,-5.642267759748207,False
40,z,23,0.007595584000227973,3.084352332052624,0.9601280456410817,False
40,z,24,0.027320749999944383,0.7618685568745214,0.990151193814171,False
40,z,25,0.017492458000106126,69.97524678468652,0.09541792062507348,False
40,z,26,0.09322470899996915,1.3726779150762638,0.9822551559331769,False
40,z,27,0.01444941599993399,1.1978924522655923,0.9845146377450851,False
40,z,28,0.02244662499970218,323.9418730555639,-3.1876524426826025,False
40,z,29,0.015279874999578169,1.852024240839468,0.9760585633376007,False
40,z,30,0.01405350000004546,1.1002193207397748,0.9857772751558047,False
40,z,31,0.014444791000187251,34.48809236826874,0.5541664839831573,False
40,z,33,0.009373166999921523,0.3429549955325017,0.9955665616450716,False
40,z,34,0.00999229099988952,0.0012396362944132806,0.9999839750079007,False
40,z,35,0.007663625000077445,0.3615541200559596,0.9953261275557465,False
40,z,36,0.01572916700024507,76.72429765106654,0.008171776494957816,False
40,z,37,0.014200000000073487,47.525163821084625,0.38563401363639305,False
40,z,38,0.007652082999811682,151.63809506043393,-0.9602517982435801,False
40,z,39,0.15209591699976954,0.5119720128159787,0.9933816495230111,False
40,z,40,0.01344108299963409,9254.27070097625,-118.63155284819274,False
40,z,41,0.014348125000196887,331.1223474712768,-3.2804756734151796,False
40,z,42,7.10632516700025,5.3482685960672474e-08,0.99999999930862,False
40,z,47,0.681570166000256,58.55273238550555,0.24307873357932475,False
40,z,50,12.315197666999666,2501.5562557893727,-31.338049003215716,False
40,z,51,0.7189543330000561,95.10368369581445,-0.2294217156316174,False
40,z,52,0.5074666250002338,919.8901376233126,-10.891578404120535,False
40,z,53,0.6793641670001307,3216.8453938654707,-40.58471501164163,False
40,z,54,0.48289324999996097,0.003048413054632843,0.9999605926388765,False
40,z,55,1.0602983750000021,0.6907469581023153,0.9910705949833272,False
40,z,56,0.8546929579997595,19.372904999484447,0.749563117056393,False
40,z,57,1.0615692920000583,14.129651921707241,0.817343553563873,False
40,z,58,0.40952958300022146,6.753139318549269,0.9127010037438165,False
40,z,59,3.4772548330001882,1.4126671847936239,0.9817382077491295,False
41,x,0,0.029290875000242522,8.023843506266543,0.9905655593100715,False
41,x,1,0.00810166700011905,12.83387301516406,0.9849099233192825,False
41,x,2,0.01461429200026032,850.24441671561,0.0002820325220083131,False
41,x,3,0.01623749999998836,243.15806872062828,0.714094576267509,False
41,x,4,0.016322417000083078,0.9759981139765219,0.9988524207491581,False
41,x,5,0.02753408299986404,2476.699195772959,-1.9121046105977406,False
41,x,6,0.014689832999920327,0.9393052959390898,0.9988955641897362,False
41,x,7,0.011007208000137325,1.702794214467342,0.9979978533964429,False
41,x,8,0.01202499999999418,1.9883181573343416,0.9976621341488741,False
41,x,9,0.020620207999854756,640.4513488275915,0.24695686542495188,False
41,x,10,0.007186750000073516,2.4403222809956535,0.9971306673907108,False
41,x,11,0.043279625000195665,9.906127432337884,0.988352368580684,False
41,x,19,0.017874833999940165,0.5090883397765447,0.9994014135814333,False
41,x,20,0.01693879200001902,32.63317675109263,0.9616298884267012,False
41,x,21,0.02469479199999114,1.579380087525916,0.9981429638114228,False
41,x,22,0.019853290999890305,1670.014288047258,-0.9636039436225305,False
41,x,23,0.007483583000066574,64.29436380911116,0.9244026430002018,False
41,x,24,0.015681541000049037,747.9334889677153,0.1205792914372914,False
41,x,25,0.016726166999887937,791.2795640295736,0.06961294669329221,False
41,x,26,0.09088054200037732,51.59388261294757,0.939335877488783,False
41,x,27,0.012722583999675408,2.228152473631965,0.997380136795517,False
41,x,28,0.02214620799986733,2584.4472611764413,-2.0387948596921777,False
41,x,29,0.019979083000180253,8.281930308647215,0.9902621006710773,False
41,x,30,0.012853457999881357,2.860582020759075,0.9966365257008751,False
41,x,31,0.015776875000028667,2.5192836027155723,0.9970378246145545,False
41,x,33,0.008940042000176618,1.6111780514778176,0.9981055757436308,False
41,x,34,0.009245833000022685,1.1024417114178435,0.9987037482806896,False
41,x,35,0.007787959000324918,2.0397026386309243,0.997601716240574,False
41,x,36,0.014797834000091825,843.6992122246966,0.00797788844501468,False
41,x,37,0.010706750000281318,57.024808464360106,0.9329501911532337,False
41,x,38,0.007439457999680599,99.63853707211022,0.8828449398715333,False
41,x,39,0.1505135830002473,21.25053838159634,0.9750136024171406,False
41,x,40,0.012476708000122017,1276.3184259136526,-0.5006960792968029,False
41,x,41,0.0148361249998743,2635.92016933114,-2.0993167403525326,False
41,x,42,7.111692750000202,0.0008510932976121037,0.9999989992839178,False
41,x,47,0.8024327919997631,8.011839600587784,0.9905796735105896,False
41,x,50,0.8255312919995959,90.432067263761,0.8936699133773913,False
41,x,51,0.46285824999995384,32.052899858470894,0.9623121783944577,False
41,x,52,0.40576087499994173,264.6856404157215,0.6887824427249088,False
41,x,53,0.6425903750000543,8637.317963482688,-9.155764376871277,False
41,x,54,8.24891612500005,0.0008949253787871843,0.9999989477461267,False
41,x,55,0.715367833000073,19.804450127922475,0.9767139139761875,False
41,x,56,0.8724769999998898,32.98495369819083,0.9612162688513828,False
41,x,57,5.389957624999624,9.590539412064476,0.9887234371910569,False
41,x,59,0.9781950000001416,0.6425905063001285,0.9992444416426037,False
41,y,0,0.02699516600023344,8.699587551764001,0.9378641681143015,False
41,y,1,0.008407708000049752,49.67824179556691,0.6451787096549747,False
41,y,2,0.022091124999860767,134.7465472887747,0.0375878442862585,False
41,y,3,0.015512166999997135,89.19884180167429,0.36290724064682633,False
41,y,4,0.018070875000375963,2.5648126693565474,0.9816811121339731,False
41,y,5,0.02214524999999412,1155.8719419873364,-7.255686173783937,False
41,y,6,0.014827666999735811,2.68042269932271,0.9808553804146778,False
41,y,7,0.012647874999856867,5.176419609417464,0.9630280014188284,False
41,y,8,0.012211833000037586,8.956795931657751,0.9360270860046526,False
41,y,9,0.02460983299988584,42.72465863981566,0.6948439002629333,False
41,y,10,0.0074601669998628495,64.53421822041568,0.5390715582366146,False
41,y,11,0.044536332999996375,54.66992672067525,0.6095261579118731,False
41,y,19,0.01311279099991225,0.3103185276810812,0.9977835845949847,False
41,y,20,0.01605066699994495,31.28023613673391,0.7765844090455827,False
41,y,21,0.022819541999979265,6.7296570412867505,0.9519341766402464,False
41,y,22,0.013919582999733393,1399.9872401277846,-8.9992524101978,False
41,y,23,0.007943417000205955,30.002615097418875,0.7857096745412341,False
41,y,24,0.016553874999772233,5.170230571875415,0.9630722059278306,False
41,y,25,0.015545959000064613,134.51017537905255,0.03927610423623962,False
41,y,26,0.011192375000064203,2.6620744825328084,0.9809864305026361,False
41,y,27,0.012899500000003172,71.17769110440449,0.4916212955890453,False
41,y,28,0.02515537499994025,1126.1284172590654,-7.043246372332748,False
41,y,29,0.016300000000228465,11.325546780844727,0.9191085477787405,False
41,y,30,0.01895787500006918,61.345382818973015,0.5618474587303144,False
41,y,31,0.01618837500018344,17.26344906334742,0.8766977443028355,False
41,y,33,0.010342457999740873,5.490643162469779,0.9607836948064964,False
41,y,34,0.010123208000095474,0.36027107393189955,0.9974268041157223,False
41,y,35,0.0090144999999211,9.37770361163453,0.9330207999380064,False
41,y,36,0.016956917000243266,135.41704107932097,0.0327989173168024,False
41,y,37,0.015421625000271888,376.20026274687336,-1.6869683352580878,False
41,y,38,0.007726750000074389,25.32033058372342,0.8191523684221638,False
41,y,39,0.02121095799975592,0.22625333358185828,0.9983840108493224,False
41,y,40,0.012141917000008107,13176.141302250126,-93.1091167813827,False
41,y,41,0.01547637500016208,1022.6220459046624,-6.30396368205489,False
41,y,42,7.169838249999884,0.00017736073166097936,0.9999987332207947,False
41,y,47,0.8116313749997062,9.05289999963418,0.9353406734390242,False
41,y,51,0.6169134169999779,2551.5447267995564,-17.224123069042538,False
41,y,52,0.46617974999981016,82.96952525947505,0.4073994379062713,False
41,y,53,0.7957821249997323,934.312972837944,-5.673225996457046,False
41,y,54,0.5347893749999457,0.0003439798358539748,0.9999975431624631,False
41,y,55,10.145862750000106,4.568353603521437,0.9673710449128965,False
41,y,56,11.797108458999901,791.8005664018675,-4.655347059639767,False
41,y,57,1.3467981250000776,19.171988482779117,0.8630662147840608,False
41,y,58,0.52984325000034,5501.9004859839515,-38.296709368666804,False
41,y,59,2.0794407919997866,0.23975375839952828,0.9982875855737716,False
41,z,0,0.02843750000010914,0.5740034885770242,0.8415647735223458,False
41,z,1,0.008289332999993348,2.7976143609573865,0.22780841284740083,False
41,z,2,0.015068958000028942,3.4611725369308384,0.04465449134062305,False
41,z,3,0.015345042000262765,0.011910809550600527,0.9967124035894629,False
41,z,4,0.01437991599959787,0.08124045337590471,0.9775761822255343,False
41,z,5,0.5211575419998553,0.0014224473289658121,0.999607379102737,False
41,z,6,0.015026999999918189,0.08910423566289107,0.975405637703761,False
41,z,7,0.012945500000114407,0.21263060461945604,0.9413101511238576,False
41,z,8,0.013025332999859529,0.20009485814047234,0.9447702413009885,False
41,z,9,0.018251583000164828,2.5418856411367976,0.2983941121469944,False
41,z,10,0.007835625000097934,2.4448216731681938,0.3251855028858365,False
41,z,11,0.04393537499981903,2.683215876103905,0.259384440201161,False
41,z,19,0.013564625000071828,0.026598181831532654,0.9926584262182455,False
41,z,20,0.021935499999926833,1.8997798077747416,0.47562680350839726,False
41,z,21,0.08722824999995282,1.765723738554304,0.5126286756403885,False
41,z,22,0.013418915999864112,391.3890649653871,-107.03038027241439,False
41,z,23,0.007512375000260363,3.218207086850342,0.11171729997472624,False
41,z,24,0.022663624999950116,0.7639939457022588,0.789124010178117,False
41,z,25,0.016503290999935416,3.5931062034503674,0.008238440304299322,False
41,z,26,0.011254457999712031,0.187068099862928,0.9483658595141964,False
41,z,27,0.013667166999766778,2.278821844591765,0.37100442377943144,False
41,z,28,0.019083375000263914,5.107716666514052,-0.4098211299185368,False
41,z,29,0.023472250000395434,1.0255761844557665,0.7169226349875504,False
41,z,30,0.01428695799995694,1.4000000507304369,0.613574952904768,False
41,z,31,0.017189499999858526,74.47342091575172,-19.555995815641243,False
41,z,33,0.009224207999977807,0.35443515362779726,0.9021695600215383,False
41,z,34,0.010176750000027823,0.03174281030176167,0.9912384167704897,False
41,z,35,0.008060790999934397,0.6018448687007686,0.8338800547825851,False
41,z,36,0.01729979199990339,3.349788658402811,0.07539843344504382,False
41,z,37,0.00981166600013239,11.34264641465248,-2.1307732258151106,False
41,z,38,0.007567083000139974,187.41960036920113,-50.73116091063836,False
41,z,39,0.02119483400019817,0.06652743332650482,0.981637238839451,False
41,z,40,0.012111958999867056,6442.077447882692,-1777.1285649885444,False
41,z,41,0.014559749999989435,2.950787091362603,0.1855300004075875,False
41,z,42,6.01337383300006,7.849580558145652e-07,0.9999997833375409,False
41,z,47,0.6660941669997555,4.463524699947952,-0.23201262849112814,False
41,z,50,12.483226750000085,11165.19103117268,-3080.7923669339225,False
41,z,51,0.584050040999955,89.03096257948145,-23.57413761503801,False
41,z,52,0.3718932910001058,253.45461331005274,-68.95800523988626,False
41,z,53,0.45170416699966154,1902.9988782469402,-524.2617175014221,False
41,z,54,1.2504574580002554,0.00030467774639476744,0.9999159034941192,False
41,z,55,1.308228834000147,10.053409985765795,-1.7749209188887658,False
41,z,56,1.0880644159997246,20.73049713103563,-4.721987885635051,False
41,z,57,0.9023502499999267,19.55789811903938,-4.398329591338515,False
41,z,58,0.5172976250000829,4.548692986891367,-0.25552059856295606,False
41,z,59,2.9817322089998015,0.2598413417881485,0.9282791435004691,False
42,x,0,0.03276754099988466,4.599894283468708,0.7152809670869462,False
42,x,1,0.008244875000400498,5.739750340602211,0.6447274512347495,False
42,x,2,0.0139321659999041,15.75132737348482,0.025042224776159916,False
42,x,3,0.014045750000150292,0.7090935752335633,0.9561093310968191,False
42,x,4,0.015925749999951222,1.135541667426039,0.9297135313426779,False
42,x,5,0.02663387500024328,22.967519968000847,-0.42161747003656824,False
42,x,6,0.014368708000347397,1.2717276928851364,0.9212840433858922,False
42,x,7,0.011930291999760811,2.5506063567324944,0.8421254640915045,False
42,x,8,0.011661750000257598,0.3269734697297773,0.9797613674678876,False
42,x,9,0.017332249999981286,13.215811904806467,0.18198268203245338,False
42,x,10,0.007413917000121728,4.110123303489852,0.7455962550424997,False
42,x,11,0.04250754200029405,5.138776965636222,0.6819258187584876,False
42,x,19,0.01537437500019223,0.19796588627841877,0.9877465323728128,False
42,x,20,0.019733124999675056,3.1453797073891185,0.8053108586319826,False
42,x,21,0.14924279099977866,1.9246674958176746,0.880869116914755,False
42,x,22,0.013801958000385639,410.5072034436162,-24.40910872416223,False
42,x,23,0.0071887079998305126,8.224572907991382,0.4909247256177425,False
42,x,24,0.0184537499999351,7.523481753015367,0.5343200697990313,False
42,x,25,0.14734645899989118,1.9245913037625706,0.8808738329640613,False
42,x,26,0.01071524999997564,1.1982734767144967,0.9258306290469261,False
42,x,27,0.0128708329998517,3.4752547181289293,0.7848926298092982,False
42,x,28,0.0205227090000335,9.559400305653146,0.40830309513072305,False
42,x,29,0.016267792000235204,16.071075875190505,0.005250795110435025,False
42,x,30,0.013671499999873049,2.132175060167828,0.8680250493334091,False
42,x,31,0.014817415999914374,21.601129563317112,-0.3370421883825163,False
42,x,33,0.008829041999888432,3.466739043397161,0.7854197233738056,False
42,x,34,0.009426417000213405,0.23012558663918012,0.9857559477590758,False
42,x,35,0.007490209000025061,4.53183287376601,0.7194937549370699,False
42,x,36,0.01741904100026659,15.242983926045618,0.056507090232466695,False
42,x,37,0.010349916999984998,61.06837596207183,-2.779940988639498,False
42,x,38,0.007374875000095926,103.62218887335905,-5.413888577915034,False
42,x,39,0.021224957999947947,0.25224937777501144,0.9843865544581902,False
42,x,40,0.011161832999732724,7354.948090231611,-454.24822492166805,False
42,x,41,0.01424162500006787,3.9901463853134724,0.7530224500830752,False
42,x,42,6.639260082999954,8.910032714860732e-08,0.9999999944849691,False
42,x,47,1.075259417000325,9.462123177537165,0.4143242443430598,False
42,x,50,0.7553930829999445,120.05720342396351,-6.431164445662029,False
42,x,51,0.46207300000014584,72.77093839374675,-3.5042929091011468,False
42,x,52,0.48890920800022286,896.7237491493944,-54.504388343345816,False
42,x,53,0.4343556250000802,10626.984331957596,-656.7770086262736,False
42,x,54,8.303160166999987,0.001339413361823627,0.9999170945127109,False
42,x,55,0.5684907499999099,0.051290680944350964,0.9968252676744311,False
42,x,56,1.1228661250002006,63.67457294352181,-2.9412564099103977,False
42,x,57,6.0550678330000665,8.671796788531019,0.4632429697085939,False
42,x,59,0.4863879170002292,0.5420972674665764,0.9664458789210469,False
42,y,0,0.029187042000103247,13.663743870310116,0.9842978070905569,False
42,y,1,0.008725874999981897,1.0044531762192497,0.9988456957557753,False
42,y,2,0.015168084000379167,869.9504404707052,0.0002645125976071805,False
42,y,3,0.01802245800035962,285.14400946262174,0.6723162929537172,False
42,y,4,0.014328499999919586,2.3979630002628527,0.9972442927811571,False
42,y,5,0.02596616599976187,3528.2110980659672,-3.0545733155500177,False
42,y,6,0.015977125000063097,2.498953196972181,0.997128236188927,False
42,y,7,0.010175500000059401,7.865923741747487,0.9909605849482976,False
42,y,8,0.020427416999609704,102.49201222405765,0.8822175413346196,False
42,y,9,0.022840791999897192,675.7292876134184,0.22346088089943372,False
42,y,10,0.007954583000355342,9.169740213238823,0.9894622563827021,False
42,y,11,0.044694875000004686,7.131624849099431,0.9918044314793062,False
42,y,19,0.013394083000093815,0.04834767035247548,0.9999444394996129,False
42,y,20,0.015737082999748964,15.124015630831472,0.9826196821855856,False
42,y,21,0.019404457999826263,6.2939919151694514,0.9927670281175855,False
42,y,22,0.015015457999652426,3149.6509431331397,-2.6195370153234,False
42,y,23,0.008657750000111264,31.652432012590815,0.9636254456880822,False
42,y,24,0.01874095799985298,8.860753560794013,0.989817339738273,False
42,y,25,0.017534042000079353,788.106960228385,0.094317952660805,False
42,y,26,0.09127312500004336,13.34189913617564,0.984667666782764,False
42,y,27,0.013749083999755385,15.06380606886338,0.9826888742142117,False
42,y,28,0.022379084000021976,3715.3065338438128,-3.269580904461545,False
42,y,29,0.016165292000096088,21.558900502715264,0.97522479798932,False
42,y,30,0.02042683300032877,13.522670560844478,0.9844599266633935,False
42,y,31,0.015961333999712224,26.53789586257036,0.969503002676284,False
42,y,33,0.009554042000218033,3.480138455079104,0.9960006711270428,False
42,y,34,0.010193874999913533,0.025172943589967897,0.9999710715876923,False
42,y,35,0.00808570899971528,3.725048674753726,0.9957192235566459,False
42,y,36,0.014693167000132235,862.8201635610004,0.008458532084258286,False
42,y,37,0.013659000000188826,43.234816611425664,0.9503151231989839,False
42,y,38,0.007540000000062719,148.38198886977702,0.8294813899005572,False
42,y,39,0.15673883399995248,4.510488499674055,0.9948166065457652,False
42,y,40,0.019260416000179248,17762.22874014292,-19.412117266440454,False
42,y,41,0.015214375000141445,3795.450550105162,-3.361681343098109,False
42,y,42,6.523501125000166,3.585867979503579e-07,0.9999999995879169,False
42,y,47,0.6967855000002601,8.301039261125219,0.9904605559746862,False
42,y,51,8.377625665999858,4791.926546868459,-4.506818318682524,False
42,y,52,0.43918958299991573,3.4132525973513186,0.99607753546605,False
42,y,53,0.5509900840002047,2141.088404603305,-1.4605103465313771,False
42,y,54,0.7986090829999739,0.0017056346680514374,0.9999980399073017,False
42,y,55,0.4876334999999017,0.004329874840585072,0.999995024165363,False
42,y,56,8.278326749999906,490.66284263360956,0.43613678054448335,False
42,y,57,0.9125331250002091,11.723751073842614,0.9865272210361193,False
42,y,58,0.5541322499998387,10884.414706840147,-11.508224762947343,False
42,y,59,0.49845425000012256,0.48036105881508867,0.9994479754536318,False
42,z,0,0.029179666000345605,0.4196515234603018,0.8835655223230398,False
42,z,1,0.008550666000246565,1.2289868336005823,0.6590112699646098,False
42,z,2,0.01728504199991221,3.4183380021014127,0.051564506388279474,False
42,z,3,0.014941291000013734,2.744637432050699,0.23848620117379993,False
42,z,4,0.015001457999915147,0.3999358422540908,0.8890357396699519,False
42,z,5,0.023984957999800827,53.4036820772958,-13.817126785158909,False
42,z,6,0.015038332999665727,0.44327776633949006,0.8770102994885693,False
42,z,7,0.012609125000381027,1.288495705518393,0.6425002267977407,False
42,z,8,0.01281283300022551,0.17754578045225852,0.9507390083080145,False
42,z,9,0.02054099999986647,0.9434902907032887,0.738223756974606,False
42,z,10,0.007690791999721114,1.6483376685272146,0.5426602198707846,False
42,z,11,0.04498945800014553,1.4223626758030732,0.6053581460666353,False
42,z,19,0.012943290999828605,0.1114063282643735,0.9690897401386477,False
42,z,20,0.015970624999681604,0.7295624208838289,0.7975791468409075,False
42,z,21,0.025435874999857333,0.04457831791500011,0.987631515979373,False
42,z,22,0.014205916999799229,534.4808619954638,-147.29446937694797,False
42,z,23,0.007354082999881939,0.7479593756868631,0.7924748169300437,False
42,z,24,0.014728625000316242,3.3216015126200586,0.07840454388460383,False
42,z,25,0.02455324999982622,3.2815083864244174,0.08952858835019617,False
42,z,26,0.010846083000160434,0.7108048830415734,0.802783522374112,False
42,z,27,0.013434708999739087,1.798072516039127,0.5011155148347308,False
42,z,28,0.024175333000130195,54.68612784766883,-14.17294797267936,False
42,z,29,0.014756957999907172,0.7015351412886909,0.8053554599910602,False
42,z,30,0.013543375000153901,1.5117905016485125,0.5805459349581372,False
42,z,31,0.014814916999966954,29.39023767290296,-7.154472892244591,False
42,z,33,0.009820915999625868,1.3194946857475491,0.6338993999933037,False
42,z,34,0.009478792000209069,0.0998095051507095,0.9723073384707537,False
42,z,35,0.007461166000211961,1.6784119060757279,0.534315967688354,False
42,z,36,0.01672941599963451,3.518865082719033,0.023672749848023367,False
42,z,37,0.013352583999676426,46.73219403565855,-11.966088049374115,False
42,z,38,0.007495709000068018,126.15291972631148,-34.00177765265776,False
42,z,39,0.019746625000152562,0.061188701437196895,0.9830228794767012,False
42,z,40,0.01212820799992187,7884.274633309189,-2186.5326252161312,False
42,z,41,0.019625541000095836,51.61183887077842,-13.319970654020503,False
42,z,42,6.950603207999848,3.4366388383273937e-07,0.9999999046486845,False
42,z,47,0.7879644579998057,11.944452349983901,-2.3140498550800035,False
42,z,50,12.501835416999711,645.9686602564187,-178.22733350867225,False
42,z,51,0.7082800419998421,76.54230382357093,-20.237056623557695,False
42,z,52,0.5366935839997495,939.8500630598433,-259.76624310737895,False
42,z,53,0.44462366600009773,2834.9855236768317,-785.5813424177439,False
42,z,54,0.4742446669997662,0.0016625630791030487,0.999538713306402,False
42,z,55,0.4906294170000365,0.004326631791105014,0.9987995537141294,False
42,z,56,12.078230084000097,43.7743435959351,-11.145417202867954,False
42,z,57,1.3339722089999668,12.988079932978296,-2.603609705865857,False
42,z,58,1.2186599999999999,6.947616893861129,-0.9276521087451024,False
42,z,59,1.9995514170000206,0.4925729631385364,0.8633330931151654,False
43,x,0,0.02917341700003817,10.242307806320234,0.9840622563286565,False
43,x,1,0.008595249999871157,0.32590984490028013,0.999492861602462,False
43,x,2,0.016894166999918525,610.1028562054815,0.050637500919735845,False
43,x,3,0.01576279099981548,228.90034322662814,0.6438151376023507,False
43,x,4,0.0164489170001616,3.657109208600593,0.9943092835865741,False
43,x,5,0.026634291999926063,2797.8497957099844,-3.3536489742507234,False
43,x,6,0.015903208000054292,3.7280268150599496,0.9941989308560267,False
43,x,7,0.010857166999812762,6.507579499422193,0.9898737534602621,False
43,x,8,0.012096208000002662,1.810759700994388,0.9971823319011133,False
43,x,9,0.02065491600023961,463.09479853129864,0.27939226841338927,False
43,x,10,0.010697167000216723,10.466808807420716,0.9837129171487413,False
43,x,11,0.043621416999940266,4.5358469545589175,0.9929419065057198,False
43,x,19,0.012965459000042756,0.14876166370218288,0.9997685164994997,False
43,x,20,0.023226542000429617,642.6447820816661,-2.1711188402662174e-10,False
43,x,21,0.02112066700010473,642.6447820563039,-1.776467861702713e-10,False
43,x,22,0.0181654999996681,2044.8520583609802,-2.1819320965794198,False
43,x,23,0.007255709000219213,14.751025173646639,0.9770463783599589,False
43,x,24,0.015448791999915557,593.6285515322317,0.07627266537787114,False
43,x,25,0.01784370899986243,596.6417658723677,0.07158389418606437,False
43,x,26,0.08896795900000143,5.285291889260926,0.9917757180361938,False
43,x,27,0.012753832999806036,18.01559946520645,0.9719664735925165,False
43,x,28,0.01837095800010502,2894.7953546360495,-3.504503010026264,False
43,x,29,0.015861041999869485,15.677586393562954,0.9756045846257654,False
43,x,30,0.01283429100021749,14.431273771816768,0.9775439337915357,False
43,x,31,0.016550166999877547,1.447950180255617,0.9977468887619693,False
43,x,33,0.009164209000118717,3.9719787312882087,0.9938193246986547,False
43,x,34,0.009676500000296073,0.46888370778963323,0.9992703843227784,False
43,x,35,0.007232791999740584,4.246077474668517,0.9933928079804267,False
43,x,36,0.016480166999826906,640.78735765972,0.002890281434802633,False
43,x,37,0.010322125000129745,15.161938834094132,0.976406968110325,False
43,x,38,0.007489957999951002,182.12472706551011,0.7166012512929619,False
43,x,39,0.15317199999981312,0.7007051861949846,0.9989096539707716,False
43,x,40,0.01242237499991461,1152.40059335709,-0.7932155146026669,False
43,x,41,0.01795379100030914,2897.15080499878,-3.50816825469784,False
43,x,42,6.76379070799976,1.1350485332436333e-07,0.9999999998233785,False
43,x,51,0.5377304159997038,31.10248566288826,0.9516023680004165,False
43,x,52,1.5442615409997416,2.7065071121688407,0.9957884865975423,False
43,x,53,0.4748392920000697,3670.3773701830446,-4.711362596130915,False
43,x,57,1.1783848750001198,6.900880486944897,0.9892617497553007,False
43,y,0,0.03240787499998987,59.480632727296076,0.13899369459136413,False
43,y,1,0.008658207999815204,25.212490704756558,0.6350389618184067,False
43,y,2,0.014848000000256434,67.72608366777263,0.01963744491532582,False
43,y,3,0.01595774999987043,6.546684808156278,0.905234079718208,False
43,y,4,0.02451337499996953,0.3146057377172386,0.995445954229603,False
43,y,5,0.027563541999825247,17.595262070010314,0.745301438586681,False
43,y,6,0.018790584000271338,0.3370963623289996,0.9951203933080828,False
43,y,7,0.01719595799977469,0.20159443640613747,0.9970818386940035,False
43,y,8,0.014057750000119995,3.874776951996758,0.9439110306203878,False
43,y,9,0.018811874999755673,60.36381160947287,0.12620932173769395,False
43,y,10,0.007685833999858005,19.233859421551845,0.7215820767202477,False
43,y,11,0.044308208000074956,23.951609861864778,0.6532907238848278,False
43,y,19,0.014093167000282847,0.1400766539449431,0.997972333568809,False
43,y,20,0.016344541999842477,21.70946047653564,0.6857467464575426,False
43,y,21,0.1367083330001151,7.881940478718314,0.8859057118281509,False
43,y,22,0.017292417000135174,328.0495538800964,-3.7486504669886234,False
43,y,23,0.008782165999946301,36.010408416209366,0.4787347194363656,False
43,y,24,0.14309425000010378,12.405178708365492,0.8204300022060442,False
43,y,25,0.014877624999826367,63.04346520655627,0.08742024809118976,False
43,y,26,0.015057749999868975,18.239574521084275,0.735974754293133,False
43,y,27,0.013156083000012586,16.176176900352655,0.7658432725074626,False
43,y,28,0.017255582999951002,33.02938143731187,0.5218862951297785,False
43,y,29,0.018090458000187937,68.65436354151372,0.006200216899622357,False
43,y,30,0.014735749999999825,13.711312036455059,0.8015231920457446,False
43,y,31,0.016280708000067534,128.0543504311546,-0.8536387072700755,False
43,y,33,0.00939437499982887,0.5411903463323686,0.9921660500359032,False
43,y,34,0.010115749999840773,0.09741162933833664,0.9985899271202281,False
43,y,35,0.007337042000017391,1.3452826217698246,0.980526487920682,False
43,y,36,0.01617191700006515,65.69321575569232,0.04906403320312658,False
43,y,37,0.009524165999664547,1.324377028234005,0.9808291048739207,False
43,y,38,0.007769957999698818,289.014678320934,-3.1836047967219576,False
43,y,39,0.025971792000291316,17.124564030901986,0.7521149837867436,False
43,y,40,0.012496457999986887,6814.298887697627,-97.63974272341986,False
43,y,41,0.013631082999836508,25.290996691857718,0.6339025557849282,False
43,y,42,7.259707208000236,2.5229569261334967e-06,0.9999999634791743,False
43,y,51,8.0897009170003,595.6809067517064,-7.622722947084368,False
43,y,52,0.48726445900001636,0.8981484937423658,0.9869989359418739,False
43,y,53,0.9877378329997555,839.3917931402947,-11.150536964116617,False
43,y,57,0.6045767919999889,8.222015975904139,0.8809829809497753,False
43,y,58,0.5063412909998988,6584.057362505945,-94.30690317771739,False
43,z,0,0.028838249999807886,1.1144691003930967,0.9708192468195965,False
43,z,1,0.008293249999951513,3.1697582194063214,0.9170044892142584,False
43,z,2,0.014081082999837236,36.66062249600508,0.04009489709626224,False
43,z,3,0.014815333999649738,18.065326163398648,0.5269856977535933,False
43,z,4,0.024188792000131798,0.6440498077237934,0.9831364921033294,False
43,z,5,0.026590250000026572,253.2876656725999,-5.631969296435125,False
43,z,6,0.01844816599987098,0.661463575238966,0.9826805379170519,False
43,z,7,0.011812208000264945,0.7844115012963612,0.9794613252147366,False
43,z,8,0.022198084000137897,1.7191156629759576,0.9549874556125667,False
43,z,9,0.022507375000259344,21.86021602592854,0.4276220237080405,False
43,z,10,0.007834291999643028,5.5848063511470425,0.853769964877726,False
43,z,11,0.04510895800012804,3.8152793693732097,0.9001024563599873,False
43,z,19,0.013676042000042798,0.08002124893049528,0.9979047599315183,False
43,z,20,0.015799457999946753,1.0535306795000186,0.9724148307785033,False
43,z,21,0.02179375000014261,0.30188613948704357,0.9920955503191169,False
43,z,22,0.014587708000362909,548.0880046687555,-13.350887592789695,False
43,z,23,0.0075241249996906845,0.7550205204696115,0.9802308853191243,False
43,z,24,0.019498250000197004,37.654715736231516,0.014066010812090246,False
43,z,25,0.016159875000084867,36.27761529807966,0.050123383758689966,False
43,z,26,0.012735000000247965,0.6584476292519469,0.9827595060781446,False
43,z,27,0.015605209000113973,6.94562308110249,0.818138957157021,False
43,z,28,0.02132783400020344,260.5293446485244,-5.821582132478435,False
43,z,29,0.014471874999799184,1.4439094888158113,0.9621933291886557,False
43,z,30,0.013991166000323574,5.640174013460536,0.8523202431334659,False
43,z,31,0.014430875000016385,15.678559885813518,0.5894797028551757,False
43,z,33,0.009248957999716367,0.7139754492277773,0.981305590838333,False
43,z,34,0.009827249999943888,0.12448297216251904,0.9967405943470696,False
43,z,35,0.00789775000021109,0.9010312591064534,0.9764078063980961,False
43,z,36,0.01719204199980595,33.94316769474764,0.11124750043575904,False
43,z,37,0.015726292000181274,88.8470475018696,-1.3263307731413705,False
43,z,38,0.007294041000022844,105.1594771557394,-1.7534480286438967,False
43,z,39,0.020043916999838984,0.12387766725586956,0.996756443376059,False
43,z,40,0.012369291000140947,9435.227678046951,-246.04771983080175,False
43,z,41,0.01637145899985626,246.05748425378377,-5.442657507209566,False
43,z,42,6.972865458999877,1.1537756131231444e-08,0.9999999996979007,False
43,z,51,0.7737528750003548,3.6830300594549232,0.9035652122763631,False
43,z,52,0.3963203749999593,25.67042215957641,0.3278573153700338,False
43,z,53,0.5213029579999784,571.6710233057509,-13.968374650844764,False
43,z,57,1.18367708400001,7.557182718607016,0.8021261571333846,False
43,z,58,0.511158124999838,8.073987942389769,0.7885943636792382,False
44,x,0,0.029382083999735187,4.308132460508528,0.988457554933414,False
44,x,1,0.008873082999798498,1.7062105789298432,0.9954286823676259,False
44,x,2,0.01590279099991676,373.001202154411,0.0006468173614125883,False
44,x,3,0.015710291999766923,112.36759886664431,0.698942210094136,False
44,x,4,0.02594912499989732,0.8057195516864786,0.9978412981147479,False
44,x,5,0.029816958000083105,1396.633679926493,-2.7418922645643162,False
44,x,6,0.018747874999917258,1.038506805207276,0.9972176092865618,False
44,x,7,0.010421708999729162,2.4321613599177865,0.9934836987610612,False
44,x,8,0.021022166999955516,54.54577510952662,0.853859736536108,False
44,x,9,0.020536250000077416,292.6197142940232,0.2160067016044942,False
44,x,10,0.007706041999881563,2.2468530043793162,0.9939801810614057,False
44,x,11,0.04510054200000013,3.15184228720971,0.9915555134870745,False
44,x,19,0.015279375000318396,0.017033473960801203,0.999954363534713,False
44,x,20,0.015608000000156608,9.359446433258707,0.9749239612988152,False
44,x,21,0.01874358300028689,1.9312347664833185,0.9948257925198095,False
44,x,22,0.012699749999683263,1295.1998842380594,-2.470128565244165,False
44,x,23,0.0075312919998395955,18.68187349560986,0.9499471057260549,False
44,x,24,0.016108917000110523,324.3182760632411,0.1310792043037724,False
44,x,25,0.017242334000002302,337.3871743175052,0.09606471912639769,False
44,x,26,0.0871804999997039,10.020979943556826,0.9731515658879692,False
44,x,27,0.013629541000227618,3.6415521057703173,0.9902434719630225,False
44,x,28,0.019290208000256825,1469.462389631049,-2.937016576256428,False
44,x,29,0.017921208000188926,6.832728246454423,0.9816936013080941,False
44,x,30,0.014910290999978315,3.4811887628071196,0.9906731210264657,False
44,x,31,0.01453745800017714,31.59272063919185,0.9153560746275607,False
44,x,33,0.009409166999830632,1.0360185452597548,0.9972242758883942,False
44,x,34,0.010130374999789638,0.09395669495104993,0.9997482691165948,False
44,x,35,0.0071882500001265726,1.0384648772207077,0.9972177216209633,False
44,x,36,0.014028125000095315,369.25932236165,0.010672145586490545,False
44,x,37,0.015235625000059372,53.19330627287898,0.8574833013624856,False
44,x,38,0.00800629100012884,164.3680425419212,0.559621455669346,False
44,x,39,0.1537047909996545,4.0948016446076405,0.9890291156377605,False
44,x,40,0.016197124999962398,12726.89606817345,-33.098185253500965,False
44,x,41,0.014443375000155356,1430.1033244194905,-2.8315648864021736,False
44,x,42,4.429404666999744,1.2479818731529895e-08,0.9999999999665637,False
44,x,47,0.7800671250001869,6.681831342657196,0.9820978876755082,False
44,x,50,0.9739175830000022,100.00674807474847,0.7320596786375435,False
44,x,51,0.4641601670000455,64.03518882692744,0.8284354865736826,False
44,x,52,0.4228941669998676,890.0857766021654,-1.3847377663423321,False
44,x,53,0.43193345800000316,10487.776286905506,-27.099085339627752,False
44,x,54,8.391437666999991,0.00043637769195741834,0.9999988308471052,False
44,x,55,0.6413701249998667,4.2411308287903005,0.9886370672071355,False
44,x,56,1.1413319579996823,60.78327023325781,0.8371480997703554,False
44,x,57,6.117109415999948,7.999927042037635,0.9785664161290631,False
44,x,59,0.47999150000032387,0.003829515133263578,0.9999897398772061,False
44,y,0,0.02773787500018443,8.387231401159623,0.9825719095579397,False
44,y,1,0.00821612500021729,0.33743192297542046,0.9992988396539482,False
44,y,2,0.01551758300001893,481.0802911130642,0.0003482171420802205,False
44,y,3,0.016189834000215342,165.56690917144476,0.6559633412697592,False
44,y,4,0.014560208000148123,2.3109596687877754,0.9951979846281553,False
44,y,5,0.5455885000001217,2141.8598548338664,-3.4506375797741224,False
44,y,6,0.015548834000128409,2.4436774457079733,0.994922206208698,False
44,y,7,0.011223041999983252,8.160054957451564,0.9830439665953433,False
44,y,8,0.012723457999982202,1.6309399271933014,0.9966110189170694,False
44,y,9,0.023431042000083835,377.06912781776504,0.216476266338833,False
44,y,10,0.00755095899967273,7.1268856323955,0.9851908214486087,False
44,y,11,0.043095125000036205,5.207492511946878,0.989179188443279,False
44,y,19,0.012901333000172599,0.2364923251266199,0.9995085852012393,False
44,y,20,0.024513041999853158,481.247869895405,-5.083067300404309e-11,False
44,y,21,0.022468166000180645,481.24786987732114,-1.3253620423370194e-11,False
44,y,22,0.016403457999786042,1473.992366199263,-2.062854837351377,False
44,y,23,0.007270083000094019,15.251327262885068,0.9683087900898657,False
44,y,24,0.02055958400023883,433.30811566654074,0.09961551459387863,False
44,y,25,0.018235667000226385,433.6433268839329,0.09891896872141182,False
44,y,26,0.09040104099995006,6.836474470007081,0.9857942758856462,False
44,y,27,0.012892249999822525,10.820905143928975,0.9775149027738432,False
44,y,28,0.023074415999872144,2256.5342618280365,-3.688923116549428,False
44,y,29,0.015710375000253407,14.713272798551285,0.969426830289146,False
44,y,30,0.013019500000154949,9.743391603532466,0.9797539018590453,False
44,y,31,0.01760779200003526,6.517557733693169,0.9864569629462651,False
44,y,33,0.009651750000102766,4.4959980377583415,0.9906576250634335,False
44,y,34,0.009557040999879973,0.059175368851095325,0.999877037650334,False
44,y,35,0.007137166000120487,4.982633701823581,0.9896464295973719,False
44,y,36,0.014925124999990658,477.1797111789344,0.008453354179207895,False
44,y,37,0.009582000000136759,19.26642650201529,0.9599656898072463,False
44,y,38,0.007732290999683755,158.1193754069284,0.6714388046032671,False
44,y,39,0.1596287909997045,1.8710704506639726,0.9961120441921837,False
44,y,40,0.012565749999794207,1125.0808464273846,-1.3378406780877827,False
44,y,41,0.014061332999972365,2307.5888551873854,-3.795011052841052,False
44,y,42,6.618240333000358,2.954916208173751e-07,0.9999999993859887,False
44,y,47,1.1094372500001555,461.7647515636312,0.040484580872090614,False
44,y,51,8.626874584000234,3927.96495239374,-7.1620412230543735,False
44,y,52,0.4586739999999736,9.405075506514562,0.980456899457993,False
44,y,53,0.578480916999979,2082.8678779737074,-3.3280563060617325,False
44,y,54,0.5316372080001202,0.0003378461630750133,0.9999992979788915,False
44,y,55,5.511679000000186,0.6172789421952901,0.998717336780398,False
44,y,56,11.465420957999868,359.5323640714262,0.25291645619575887,False
44,y,57,0.8867187079999894,11.360639834869414,0.9763933711791472,False
44,y,58,0.5912199170002168,10883.911259186825,-21.616019603589287,False
44,y,59,0.48611458300001686,0.004895557230556903,0.9999898273685204,False
44,z,0,0.028202582999711012,1.5079441189977638,0.9823363069386326,False
44,z,1,0.008938916999795765,0.013097208833459426,0.9998465824602648,False
44,z,2,0.01667025000006106,85.36047387758657,0.00010803374551793254,False
44,z,3,0.015554666000298312,30.130375158219522,0.647060065480167,False
44,z,4,0.01740837499983172,0.5772019689874137,0.9932387955984822,False
44,z,5,0.02516895899998417,405.7001389730386,-3.752273402900858,False
44,z,6,0.015021916000023339,0.6113206079785146,0.992839138105066,False
44,z,7,0.010848542000076122,1.5839950300870569,0.9814454649415091,False
44,z,8,0.023265291999905457,6.461990756892851,0.9243058016161687,False
44,z,9,0.022205624999969586,65.51530656198678,0.2325695287027818,False
44,z,10,0.008721084000171686,1.621907345116464,0.9810013692436059,False
44,z,11,0.04485687499982305,0.9214431551965658,0.9892064375185814,False
44,z,19,0.013158666999970592,0.015451471485451427,0.9998190051963949,False
44,z,20,0.015617374999692402,0.871328944860217,0.9897934632698954,False
44,z,21,0.02017483400004494,0.798361431884249,0.9906481870865282,False
44,z,22,0.012834375000238651,586.6489852437887,-5.87186446736246,False
44,z,23,0.007375625000349828,1.8837033281893896,0.9779347543528814,False
44,z,24,0.027157999999872118,1.2167848758199802,0.9857468759634919,False
44,z,25,0.01863120899997739,77.09811609607094,0.0968912964521571,False
44,z,26,0.0862800419999985,1.0456533077254482,0.9877514698034422,False
44,z,27,0.015373000000181491,2.5263297707482866,0.97040718347577,False
44,z,28,0.023329832999934297,427.0230281867493,-4.002044575126299,False
44,z,29,0.015336833999754163,2.676438732999216,0.968648843361202,False
44,z,30,0.014381667000179732,2.1159381404995377,0.9752144118739192,False
44,z,31,0.01549041699990994,29.040108391489596,0.6598311869560254,False
44,z,33,0.009248125000340224,0.9673274022465231,0.9886689605351631,False
44,z,34,0.009909541000070021,0.0011603237617224254,0.9999864082478119,False
44,z,35,0.007940208000036364,1.094137387087568,0.9871835390124891,False
44,z,36,0.01432024999985515,84.80088589973198,0.006662912110788066,False
44,z,37,0.015556500000002416,68.30437792035717,0.19989902070461474,False
44,z,38,0.0077625000003536115,140.75952132965176,-0.6488230226226637,False
44,z,39,0.1546765839998443,0.08477419935625351,0.9990069755118332,False
44,z,40,0.014040083000054437,9745.682823936682,-113.15857385343392,False
44,z,41,0.015900208999937604,435.4891524248879,-4.101214708871885,False
44,z,42,6.836094375000357,2.0656941111249385e-08,0.9999999997580296,False
44,z,47,2.430986207999922,7.393206613540429,0.9133977640712274,False
44,z,50,12.458995916999811,426.7301857049957,-3.9986142890514644,False
44,z,51,0.7370857079999951,68.02459318420131,0.20317635150252067,False
44,z,52,0.7092195830000492,958.7277730180687,-10.23030548589219,False
44,z,53,0.44159045900005367,2796.0388662708115,-31.752123702227507,False
44,z,54,0.4508409169998231,0.0010146207601390753,0.9999881149775678,False
44,z,55,0.5751408750002156,0.7545434979422204,0.9911614597774616,False
44,z,56,0.819007916999908,36.15821367031483,0.5764514215922838,False
44,z,57,1.36646379099966,12.79466645109867,0.8501263686316238,False
44,z,58,0.6603180000001885,7.523190206518905,0.9118751676696369,False
44,z,59,0.4765089999996235,0.003926862985111814,0.9999540016757987,False
45,x,0,0.03286387499974808,0.3527861555156147,0.990898406587569,False
45,x,1,0.00859962499998801,4.263275562156618,0.890010987774759,False
45,x,2,0.013710958000046958,38.3677095383768,0.010144567963070728,False
45,x,3,0.015066290999584453,6.9128778651925,0.8216534218957146,False
45,x,4,0.02288583400013522,0.019745857189765424,0.9994905730825562,False
45,x,5,0.14750137500004712,3.426138185876583,0.9116084453567158,False
45,x,6,0.016323458999977447,0.024232112783307242,0.9993748313684376,False
45,x,7,0.012708624999959284,0.010770811730162701,0.9997221218929453,False
45,x,8,0.013162291999833542,0.6479726607709665,0.9832828369013268,False
45,x,9,0.0182529999997314,33.36252280467359,0.1392742798047366,False
45,x,10,0.007656458999917959,2.4041998217202387,0.9379736168287132,False
45,x,11,0.04482483299989326,3.9373524436614056,0.8984195368685278,False
45,x,19,0.020407125000019732,0.002969830398770727,0.9999233808119427,False
45,x,20,0.01598287500019069,5.245179374197342,0.8646786749059362,False
45,x,21,0.1606139170003189,0.06341562729017698,0.9983639288374402,False
45,x,22,0.0175570409996908,356.3685809597395,-8.194017050130503,False
45,x,23,0.007947999999942112,8.824217017024575,0.772342439700819,False
45,x,24,0.01822100000026694,27.32410799943979,0.2950604283074053,False
45,x,25,0.015792582999893057,34.68138743378639,0.10524865427337882,False
45,x,26,0.0154736250001406,70.3123563304269,-0.8140011142279309,False
45,x,27,0.01312275000009322,1.550261976754714,0.9600045127208842,False
45,x,28,0.018542332999913924,62.86349436858081,-0.6218265861120029,False
45,x,29,0.024924874999669555,0.0072767889929663855,0.9998122648133251,False
45,x,30,0.013700500000140892,1.5264309420690172,0.9606193338665432,False
45,x,31,0.015497124999910739,67.30474248804406,-0.7364071443201305,False
45,x,33,0.009666166999977577,0.09343942632408334,0.9975893394516867,False
45,x,34,0.010111458000210405,0.002012389590596512,0.9999480819993793,False
45,x,35,0.007420249999995576,0.24793893146853432,0.9936033789590155,False
45,x,36,0.015289208000012877,37.42393776145281,0.03449310560660479,False
45,x,37,0.011108749999948486,10.951191359977381,0.7174682464662936,False
45,x,38,0.007849875000374595,200.81287869192195,-4.1808075381030765,False
45,x,39,0.157978791000005,5.233698325058536,0.8649748765555072,False
45,x,40,0.013303666999945563,7481.699684702258,-192.02171442796103,False
45,x,41,0.014264041999922483,53.629502146431605,-0.38359716167011126,False
45,x,42,6.79933466600005,8.833784949909672e-09,0.9999999997720956,False
45,x,51,0.5350607499999569,24.039164582927516,0.3798092737269163,False
45,x,52,0.3892131249999693,112.45450826751888,-1.9012340638761742,False
45,x,53,0.4791906249997737,7648.738534342705,-196.33117972227083,False
45,x,57,0.6458782500003508,5.673062843784615,0.8536396323947814,False
45,y,0,0.027444415999980265,5.634311055861793,0.9918840829130567,False
45,y,1,0.008135249999668304,0.9763853712327418,0.9985935702450107,False
45,y,2,0.015252457999849867,693.7266624641683,0.0007246639846876235,False
45,y,3,0.01746641699992324,224.81828970601435,0.6761615429478045,False
45,y,4,0.014228833000288432,17.286191783889276,0.9751001856524963,False
45,y,5,0.0256787080002141,3766.2063643742713,-4.425014395287844,False
45,y,6,0.014883583000028011,18.1426666290083,0.9738664804556904,False
45,y,7,0.010899624999638036,34.78214434692654,0.9498982223688088,False
45,y,8,0.01392112499979703,12.21709701326386,0.9824019395770427,False
45,y,9,0.022143958000015118,545.5186900422891,0.21421014674811156,False
45,y,10,0.008135541999763518,6.925236299693577,0.9900245756653195,False
45,y,11,0.043124750000060885,5.730001707138967,0.9917462457606415,False
45,y,19,0.01310574999979508,0.026125822294692493,0.9999623671811034,False
45,y,20,0.026344584000071336,694.2297458276674,-1.0032596975406705e-10,False
45,y,21,0.023302542000237736,694.2297457654946,-1.0770051517283719e-11,False
45,y,22,0.017457250000006752,2799.257046495222,-3.0321767593504054,False
45,y,23,0.007283999999799562,26.56167437306672,0.9617393600096111,False
45,y,24,0.026868083999943337,6.859191307109208,0.9901197098669119,False
45,y,25,0.01738737499999843,628.9841187159872,0.0939827592244552,False
45,y,26,0.041482874999928754,27.41541112578278,0.9605095988852388,False
45,y,27,0.012607584000306815,11.38510650789218,0.9836003764208332,False
45,y,28,0.021446374999868567,3956.9208733776513,-4.6997282204569775,False
45,y,29,0.01526991699984137,16.75286451105748,0.9758684144356775,False
45,y,30,0.013139250000222091,9.550510721587797,0.9862430113662737,False
45,y,31,0.017536957999709557,4.876692281812767,0.9929753913432678,False
45,y,33,0.009638958000323328,26.748829951287536,0.961469772629692,False
45,y,34,0.00939820800022062,0.02484058098882421,0.9999642185009493,False
45,y,35,0.007198042000254645,28.616135035373876,0.9587800217287888,False
45,y,36,0.013964708000003156,686.8827120763434,0.010583000406662935,False
45,y,37,0.00938575000009223,22.06434039554809,0.9682175237659164,False
45,y,38,0.0072730839997348085,152.33342881402933,0.7805720228140054,False
45,y,39,0.15608737499997005,3.992523033595789,0.994248988813874,False
45,y,40,0.01305391599998984,826.8160010756385,-0.19098325320654896,False
45,y,41,0.013270458999613766,4069.897455284453,-4.862464811041186,False
45,y,42,6.554468625000027,2.1333793395933823e-08,0.9999999999692698,False
45,y,51,1.1997710000000552,388.99098349853557,0.43967975173146345,False
45,y,52,0.4537918340001852,4.433491440025702,0.993613797929121,False
45,y,53,0.48156108400007724,1245.407613833073,-0.7939415898597577,False
45,y,57,0.7196920000001228,5.306332878765532,0.9923565175488531,False
45,y,58,0.5191709999999148,11350.045662689843,-15.34912034818808,False
45,z,0,0.030184749999989435,1.3214455587373488,0.987044343366765,False
45,z,1,0.008180416999948648,0.6209471373589723,0.9939121382293646,False
45,z,2,0.016413083000315964,41.76158318009654,0.5905629796367955,False
45,z,3,0.015620707999914885,40.63557006089067,0.6016025864071934,False
45,z,4,0.014158583999687835,10.325272478878151,0.8987694317057188,False
45,z,5,0.021670167000138463,935.9400749556014,-8.176101247784397,False
45,z,6,0.016868000000158645,10.91109371559256,0.8930259496975905,False
45,z,7,0.011933792000036192,19.47270145575112,0.8090866232709106,False
45,z,8,0.01955279200001314,5.470294663509263,0.9463683850806828,False
45,z,9,0.023232667000229412,77.07788944992332,0.24431645093134802,False
45,z,10,0.007273209000231873,4.0342509848967785,0.9604475794049712,False
45,z,11,0.04278995799995755,2.263848197554062,0.9778048821433832,False
45,z,19,0.012094459000309143,0.059729376867308594,0.9994144039514202,False
45,z,20,0.02588133300014306,101.99757499602397,-2.5257684832524774e-10,False
45,z,21,0.02119458399965879,101.99757497303104,-2.7150504067208203e-11,False
45,z,22,0.01142916700018759,802.5300206605243,-6.868128442215497,False
45,z,23,0.0071282080002674775,0.7353403090616105,0.9927906098818917,False
45,z,24,0.018699875000038446,2.2317208623159592,0.978119863506886,False
45,z,25,0.020744124999964697,92.43209284079082,0.09378146619917072,False
45,z,26,0.010764415999801713,15.420820633625276,0.8488118895167719,False
45,z,27,0.012484332999974868,5.714260651428217,0.9439765048032343,False
45,z,28,0.023018583000066428,963.4728473849943,-8.446036806913328,False
45,z,29,0.015110083999843482,4.3793072844114755,0.9570645940779641,False
45,z,30,0.012810082999749284,4.152806128595829,0.959285246440353,False
45,z,31,0.021122334000210685,297.88912684775715,-1.9205510712838922,False
45,z,33,0.010217167000064364,17.670962685150098,0.8267511488356247,False
45,z,34,0.013065082999673905,0.01539828528218613,0.9998490328295876,False
45,z,35,0.007839000000330998,19.669494192242748,0.8071572368462921,False
45,z,36,0.015262542000073154,101.49064806718673,0.004969989759293636,False
45,z,37,0.01079870800003846,12.181685189052127,0.8805688743815351,False
45,z,38,0.008022541999707755,180.71859957245633,-0.771793100229553,False
45,z,39,0.025968625000132306,0.05128656031241302,0.9994971786306942,False
45,z,40,0.015112999999928434,3256.478011179009,-30.9270140699763,False
45,z,41,0.016331875000105356,991.9958785896451,-8.725681016228766,False
45,z,42,7.071094124999945,1.1360238044518643e-06,0.999999988862247,False
45,z,51,0.8788859579999553,30.081075882958707,0.705080479690531,False
45,z,52,0.8079170410001097,945.065269969551,-8.265566071007989,False
45,z,53,0.7233477920003679,3712.334066306899,-35.39629733735591,False
45,z,57,0.5128107089999503,6.176656520289179,0.939443104190565,False
45,z,58,0.40558720900025946,0.09973945512547595,0.9990221389562002,False
46,x,0,0.028600291999737237,5.291413038902841,0.9887535637938544,False
46,x,1,0.008641666000130499,5.302733649573904,0.988729502824735,False
46,x,2,0.0188643750002484,459.4443132477876,0.023491244922924537,False
46,x,3,0.016855875000146625,161.2962322909335,0.6571789475864163,False
46,x,4,0.018599375000121654,0.9889418904177433,0.9978980903965731,False
46,x,5,0.037171624999700725,1547.4368860921945,-2.2889419318664515,False
46,x,6,0.0182875000000422,0.9757894374439557,0.9979260447864944,False
46,x,7,0.011377875000107451,2.011692343134594,0.9957243236471772,False
46,x,8,0.020034749999922496,89.7196182690833,0.8093087884305098,False
46,x,9,0.02050458299981983,326.4997997857277,0.3060531955050583,False
46,x,10,0.008436791999884008,2.1104741658875814,0.9955143715115661,False
46,x,11,0.04404462499996953,5.101754949240738,0.9891566654966855,False
46,x,19,0.016409500000008848,0.15720226198172926,0.9996658803238679,False
46,x,20,0.0158909169999788,16.43862092898249,0.9650611471386582,False
46,x,21,0.027382249999845953,1.8520966721294605,0.9960635303051228,False
46,x,22,0.014095500000166794,1603.4413079099763,-2.407974438420954,False
46,x,23,0.008550874999855296,31.852467806015227,0.9323003620101193,False
46,x,24,0.017027083999892056,434.06915585732656,0.0774239254214194,False
46,x,25,0.018932958000277722,451.63113550986964,0.040097471719195976,False
46,x,26,0.09671525000021575,21.40131169936812,0.9545133814001624,False
46,x,27,0.01444066699968971,2.8392055279643795,0.9939655166565852,False
46,x,28,0.02273316699984207,1505.18497165002,-2.1991391784491943,False
46,x,29,0.019114332999834005,7.283337898501325,0.9845199015005863,False
46,x,30,0.014941874999749416,3.0748811085352994,0.9934646087964822,False
46,x,31,0.01460904199984725,33.480965420612215,0.9288391325805183,False
46,x,33,0.009590083000148297,1.0377241955268062,0.9977944078682268,False
46,x,34,0.010280583000167098,0.41823217547708946,0.9991110840438501,False
46,x,35,0.007298125000033906,1.1105061852759892,0.9976397161065645,False
46,x,36,0.022385292000308255,460.60393915833174,0.02102656134406833,False
46,x,37,0.014323416000024736,28.473337272583148,0.9394824087898888,False
46,x,38,0.007830292000107875,178.25741610927065,0.6211294329499277,False
46,x,39,0.15770304200032115,9.54386989601818,0.9797153381986643,False
46,x,40,0.014078624999910971,13802.667412879358,-28.33636391495516,False
46,x,41,0.015019624999695225,1516.6313729536478,-2.223467504570166,False
46,x,42,6.372350250000181,4.653129444160904e-07,0.999999999011018,False
46,x,53,0.5002637499997036,3142.117170084647,-5.678295579231319,False
46,x,57,2.893117500000244,4.968395708522678,0.9894401089138235,False
46,y,0,0.027600249999977677,3.30604403181653,0.9742332170271962,False
46,y,1,0.008220749999964028,25.567389493902766,0.8007318202871728,False
46,y,2,0.022367041999586945,125.41683614749441,0.022521065343294677,False
46,y,3,0.014271459000156028,66.17772493920445,0.4842213050606412,False
46,y,4,0.04019937500015658,3.9819474157125363,0.9689653332253393,False
46,y,5,0.025234624999939115,937.1663372640209,-6.3041258341714475,False
46,y,6,0.02674699999988661,4.041711317095396,0.9684995428542128,False
46,y,7,0.01272758300001442,3.6994284412310954,0.9711672413158261,False
46,y,8,0.020612958000128856,16.314513165601205,0.8728472712403593,False
46,y,9,0.01890216700030578,49.43762091578451,0.6146910214838127,False
46,y,10,0.0071663749999970605,36.40145609454737,0.7162928230671854,False
46,y,11,0.04348162499991304,28.284113939789023,0.7795581007237347,False
46,y,19,0.012999167000089074,1.3461485492991858,0.9895083316540438,False
46,y,20,0.026137584000025527,128.30643380518308,-6.219027515186326e-10,False
46,y,21,0.022466749999694002,128.3064337453201,-1.5533996311489773e-10,False
46,y,22,0.011539707999872917,901.7064548406818,-6.027757133134738,False
46,y,23,0.007237667000026704,12.227141037978068,0.9047036015033548,False
46,y,24,0.015806749999683234,127.94791813117565,0.002794213694541914,False
46,y,25,0.012679375000061555,123.62321172405629,0.036500289699860966,False
46,y,26,0.010902083000019047,5.100078297728177,0.9602507984233765,False
46,y,27,0.01282687499997337,42.36693782723656,0.6697988043381096,False
46,y,28,0.02064216700000543,884.6978419889356,-5.895194701478741,False
46,y,29,0.014281083999776456,5.087413467059546,0.9603495061054537,False
46,y,30,0.01374545799990301,35.36582523371187,0.7243643657853944,False
46,y,31,0.021683832999769947,360.89364278977735,-1.812747828079992,False
46,y,33,0.009580750000168337,4.023475366861146,0.9686416709588197,False
46,y,34,0.01000054199994338,1.6093191524405484,0.9874572217018756,False
46,y,35,0.007236124999963067,4.620942603200701,0.9639851060540675,False
46,y,36,0.015687875000367058,125.25039737963873,0.0238182627091873,False
46,y,37,0.009512833999906434,5.205072982779373,0.9594324864961982,False
46,y,38,0.008093832999747974,303.38513509014894,-1.3645356377021316,False
46,y,39,0.01999708300036218,2.1847258421173583,0.9829725931998603,False
46,y,40,0.013856708999810508,1450.0059255029437,-10.301116268310873,False
46,y,41,0.014068832999782899,754.7752852469823,-4.882598894942466,False
46,y,42,6.361197582999921,3.220856007901835e-06,0.999999974897159,False
46,y,53,1.2081199590002143,273.6363604623271,-1.1326784052620784,False
46,y,57,2.965486541000246,7.150393101266992,0.9442709699455072,False
46,y,58,0.6233835420002833,721.322142896233,-4.6218704078398805,False
46,z,0,0.02789545799987536,2.31389911936406,0.9845692155632761,False
46,z,1,0.007914791999610316,0.3133962858820046,0.9979100426244839,False
46,z,2,0.01446970799997871,146.14530580564258,0.02539540663045614,False
46,z,3,0.015713834000052884,59.08242893527281,0.6059948261059827,False
46,z,4,0.014949041999898327,1.0094092976752627,0.9932685149708979,False
46,z,5,0.024622042000373767,624.6833866943743,-3.1658491507325186,False
46,z,6,0.017971750000015163,1.0749898931363735,0.9928311752341203,False
46,z,7,0.010269625000091764,2.7547713781240324,0.9816291544637558,False
46,z,8,0.012704166999810695,0.7607378432241819,0.994926839474801,False
46,z,9,0.02077274999965084,103.19867377511744,0.3117951963189822,False
46,z,10,0.007303124999907595,1.9093152577331867,0.9872672788898741,False
46,z,11,0.04329741700030354,1.627441459412554,0.989147021089457,False
46,z,19,0.013583040999947116,0.03253891179521688,0.999783006558274,False
46,z,20,0.016717500000140717,3.2074436003628994,0.9786104025123827,False
46,z,21,0.021545125000102416,1.4468442218135973,0.9903513765516013,False
46,z,22,0.011586708999857365,582.0368871712127,-2.8814508657702875,False
46,z,23,0.007218540999929246,6.082682736407373,0.9594361891938142,False
46,z,24,0.017834834000041155,142.45842273666705,0.04998225979301041,False
46,z,25,0.018865583000206243,142.83148464994196,0.047494408046526715,False
46,z,26,0.08840766699995584,2.9053162178228886,0.9806252105363764,False
46,z,27,0.01292299999977331,2.9227702232849326,0.9805088143661249,False
46,z,28,0.0212760000003982,635.7621703675493,-3.2397306442043874,False
46,z,29,0.01611333300024853,4.402369194430781,0.970641758112253,False
46,z,30,0.013014207999731298,2.683983274484212,0.9821012217024739,False
46,z,31,0.020197332999941864,141.37441700227055,0.057211208832172566,False
46,z,33,0.008808791999854293,1.601641795408637,0.9893190722607689,False
46,z,34,0.010210875000211672,0.017923352583451225,0.9998804738772819,False
46,z,35,0.007342040999901656,1.6919548347137847,0.9887167983631384,False
46,z,36,0.020443541999611625,146.6218559388924,0.022217419172864905,False
46,z,37,0.009588791999703972,24.849627234711438,0.8342843739457582,False
46,z,38,0.007607958999869879,141.87352129933893,0.053882813590109824,False
46,z,39,0.15099283299969102,1.0462831902005938,0.9930226126832227,False
46,z,40,0.013463917000080983,1455.2244510581183,-8.704508992379534,False
46,z,41,0.01524258400013423,600.4994116035872,-3.0045725836920347,False
46,z,42,6.214665750000222,6.711469845719794e-08,0.9999999995524297,False
46,z,53,0.4406761249997544,254.42357101308556,-0.6966838558646464,False
46,z,57,1.3400889579997965,4.439739510549523,0.9703925453062431,False
46,z,58,0.46302745799994227,3.0953308304205738,0.9793580530780909,False
47,x,0,0.02945208300025115,9.213270325052214,0.9861368341916639,False
47,x,1,0.008086708000064391,1.7123668337629219,0.9974234094405543,False
47,x,2,0.01506862500036732,664.2873947442043,0.00044978896520564415,False
47,x,3,0.017126167000242276,212.71791977695995,0.6799243169655254,False
47,x,4,0.014899540999977035,2.078450584601015,0.9968725648914905,False
47,x,5,0.0265884579998783,2665.407294075081,-3.010626190358959,False
47,x,6,0.015580624999984138,2.1898124295276116,0.9967049992316898,False
47,x,7,0.010343624999677559,7.097733043478628,0.9893200734838427,False
47,x,8,0.013714875000005122,1.9475335672076293,0.9970695551300514,False
47,x,9,0.021388249999745312,522.444042873966,0.213880833145073,False
47,x,10,0.00716383400003906,6.058064052517201,0.9908844586694474,False
47,x,11,0.04284258300003785,6.1868786173130355,0.9906906319817145,False
47,x,19,0.014178917000208457,0.06844740848169216,0.9998970074968546,False
47,x,20,0.025076291000004858,664.5863191515373,-1.226204027204858e-09,False
47,x,21,0.02084570800025176,4.89096784642098,0.9926405830040822,False
47,x,22,0.01637437499994121,1813.2372091948525,-1.72836975298133,False
47,x,23,0.007232708000174171,28.511210106628297,0.95709931227897,False
47,x,24,0.017840833000263956,6.488109726200963,0.9902373709070028,False
47,x,25,0.017171125000004395,599.0495412742409,0.0986128893330348,False
47,x,26,0.0893180409998422,13.171704586153597,0.9801805962254522,False
47,x,27,0.01649395899994488,9.413785096953694,0.9858351205295419,False
47,x,28,0.021512832999633247,2809.779217973062,-3.2278619653284553,False
47,x,29,0.015523874999871623,15.631248431792335,0.9764797318263856,False
47,x,30,0.012968292000095971,8.879219942885832,0.986639478277089,False
47,x,31,0.017371958999774506,6.967773340307596,0.9895156232560623,False
47,x,33,0.008943708000060724,3.3022357585826763,0.9950311409256095,False
47,x,34,0.010215874999630614,0.0019336110158409917,0.9999970905043295,False
47,x,35,0.0077296670001487655,3.455831399332198,0.994800026265991,False
47,x,36,0.014809499999955733,658.2025326975993,0.009605653115154933,False
47,x,37,0.009505582999736362,26.710142848663004,0.9598093699618804,False
47,x,38,0.0073807079998005065,141.89987986371446,0.7864838984063452,False
47,x,39,0.15219858399996156,5.248252163789751,0.9921029789223986,False
47,x,40,0.013059541000075114,1101.2563553719092,-0.6570554117457987,False
47,x,41,0.015010084000095958,2883.4347451019694,-3.338691100832266,False
47,x,42,3.55357045799974,1.5702140446837184e-07,0.9999999997637307,False
47,x,47,0.8114915419996578,20.617798967734064,0.9689764919937895,False
47,x,50,0.7957955410001887,183.54553069800102,0.7238198776685715,False
47,x,51,0.45527358299978005,64.7652858604789,0.9025479699573431,False
47,x,52,0.4246422920000441,891.5399347713309,-0.34149607082305034,False
47,x,53,0.39719545799971456,10558.6680272196,-14.887579590333281,False
47,x,54,8.152339375000338,0.0005497888259611821,0.9999991727352628,False
47,x,55,0.6265386670002044,1.50745718874969,0.9977317360481891,False
47,x,56,0.8245275419999416,81.46669217381837,0.8774174401036123,False
47,x,57,5.9677333329996145,8.17708924054066,0.9876959711403525,False
47,x,59,0.46382183300011093,0.0347802217448533,0.999947666359079,False
47,y,0,0.028400084000168135,3.3664762910558794,0.9821011541102949,False
47,y,1,0.008296750000226893,0.03110184663763506,0.9998346380275033,False
47,y,2,0.014721084000029805,188.0689715326835,7.68616602830896e-05,False
47,y,3,0.01603416699981608,66.2229504497909,0.6479065105518325,False
47,y,4,0.014253542000005837,1.124234716282915,0.9940226806337338,False
47,y,5,0.029439916999763227,872.8982478444849,-3.641016262931025,False
47,y,6,0.015009667000413174,1.1945446271213553,0.9936488576360909,False
47,y,7,0.010904417000347166,3.4973429968767196,0.9814053633792554,False
47,y,8,0.012299625000196102,0.5873614263912689,0.9968771229191585,False
47,y,9,0.021450083999752678,145.64975343693266,0.2256109162071217,False
47,y,10,0.007043292000162182,3.3090156062161267,0.9824066604777082,False
47,y,11,0.0440505840001606,2.069816774507555,0.9889952198489366,False
47,y,19,0.013397416999850975,0.06351692598175855,0.9996622938731053,False
47,y,20,0.025741833000211045,188.08342807344147,-7.242262345386052e-10,False
47,y,21,0.02065058299967859,188.0834282941983,-1.897944246209704e-09,False
47,y,22,0.011809125000127096,638.7350871816259,-2.3960200225338637,False
47,y,23,0.007112249999863707,4.78568072589998,0.9745555428333792,False
47,y,24,0.015814249999948515,170.8096366711332,0.09184111250810656,False
47,y,25,0.018581375000394473,169.424252395469,0.09920690911686814,False
47,y,26,0.08685841600026833,2.415644897655455,0.9871565245053823,False
47,y,27,0.013227166999968176,5.086027623528002,0.9729586615933782,False
47,y,28,0.022783000000345055,919.1670016744282,-3.8870174887561157,False
47,y,29,0.016331541999988985,5.980423998188445,0.9682033443149258,False
47,y,30,0.013311791999967681,4.384903006537634,0.9766863936146404,False
47,y,31,0.0185412499999984,173.7593922096933,0.0761578831512677,False
47,y,33,0.009602332999747887,2.0656083661123965,0.9890175950706205,False
47,y,34,0.009633458999815048,0.008022456924651042,0.9999573462850362,False
47,y,35,0.007444083999871509,2.325379287111619,0.9876364477582378,False
47,y,36,0.015848665999783407,186.75778494354577,0.007048164786336852,False
47,y,37,0.00967458400009491,18.863929012060066,0.8997044597764563,False
47,y,38,0.007833124999706342,161.85651639348143,0.1394429686410139,False
47,y,39,0.16241375000026892,0.3595978176195898,0.9980880940890784,False
47,y,40,0.015047332999984064,1255.6618545499434,-5.6760897986665135,False
47,y,41,0.014975999999933265,938.4189987657757,-3.989376305279669,False
47,y,42,6.7021410419997665,5.989738990210112e-08,0.9999999996815382,False
47,y,47,1.297444916999666,173.64348513774385,0.07677413665760269,False
47,y,51,8.37085095800012,4933.131208751194,-25.228420349705896,False
47,y,52,0.44596304100014095,3.307999987710078,0.9824120603075454,False
47,y,53,0.5741426670001601,2115.81999664732,-10.249369600778877,False
47,y,54,0.5388722909997341,0.00038284343898594455,0.9999979645020128,False
47,y,55,4.978090625000277,0.3916253758376631,0.9979178103029451,False
47,y,56,11.89765320799961,347.3400721510017,-0.8467340581804335,False
47,y,57,0.8909154580001086,11.834016385486745,0.9370810256104201,False
47,y,58,0.6072639580002033,10877.646904629475,-56.83415914909806,False
47,y,59,0.5047561660003339,0.03670198445350193,0.99980486327341,False
47,z,0,0.033442250000007334,0.5777682420148605,0.978053839036,False
47,z,1,0.00934983299976011,0.2552753977901975,0.990303525596153,False
47,z,2,0.016141167000114365,25.840556912347314,0.01846280193574168,False
47,z,3,0.0151249169998664,9.963680162336196,0.6215359157265341,False
47,z,4,0.016429874999630556,0.1857695597351273,0.9929436608596883,False
47,z,5,0.024350124999727996,136.22644874183243,-4.174475428446034,False
47,z,6,0.01779949999991004,0.19115625198115752,0.9927390507643279,False
47,z,7,0.010849917000086862,0.32581132423837517,0.9876242630770186,False
47,z,8,0.01828520800017941,1.35701329766469,0.9484547088344952,False
47,z,9,0.022300999999970372,18.763611418520703,0.2872760970371693,False
47,z,10,0.007541625000158092,1.0830431618626153,0.9588612910285484,False
47,z,11,0.043667334000019764,0.5311952627497374,0.97982288417417,False
47,z,19,0.011804624999967928,0.005783930439756735,0.99978030106329,False
47,z,20,0.016739000000143278,0.008061404016548365,0.999693792671044,False
47,z,21,0.018389249999927415,0.14949232679030625,0.9943216285907619,False
47,z,22,0.015737583999907656,436.4597993491788,-15.578649213097243,False
47,z,23,0.007761041999856388,0.11722964412253224,0.9955471061706446,False
47,z,24,0.015688124999996944,24.60730687834086,0.0653070238694008,False
47,z,25,0.02065287499999613,24.180666525349547,0.08151268762799202,False
47,z,26,0.011555292000139161,0.20500813689931682,0.9922128956835145,False
47,z,27,0.014112208999904396,1.5899157985586987,0.9396080547579172,False
47,z,28,0.020404665999649296,142.54891240498364,-4.414630208772277,False
47,z,29,0.014640207999946142,0.8121850255467586,0.9691496658919144,False
47,z,30,0.013734583999848837,1.2599942826512514,0.9521399147098277,False
47,z,31,0.01437637499975608,29.73879796964461,-0.12960941716300178,False
47,z,33,0.009096415999920282,0.21914196566908525,0.9916760311439592,False
47,z,34,0.009511917000054382,0.01843727509902653,0.9992996717755727,False
47,z,35,0.007861208000122133,0.26137066514524043,0.9900720007237821,False
47,z,36,0.017734000000018568,26.260315051095013,0.002518554728971223,False
47,z,37,0.01358916599974691,44.8580978877563,-0.7039064545161517,False
47,z,38,0.007616041999881418,134.2419672617376,-4.099096155538338,False
47,z,39,0.020762334000210103,0.00681190253684118,0.9997412541938558,False
47,z,40,0.01403062500003216,8396.024306800166,-317.91766887726266,False
47,z,41,0.016841709000345872,143.64426011748262,-4.4562362983112624,False
47,z,42,6.8949656659997345,1.4334198636543484e-10,0.9999999999945552,False
47,z,47,0.6724843750002947,7.484826960133791,0.7156935855768991,False
47,z,50,12.369929916999808,10987.417800414476,-416.3501104624811,False
47,z,51,0.6434699169999476,69.47805666677611,-1.6390800050857894,False
47,z,52,0.6110688339999797,951.5304279244987,-35.14328101619298,False
47,z,53,0.4504563330001474,2792.844342604229,-105.08442457211565,False
47,z,54,0.45806070799972076,0.0009845235920351108,0.9999626034945287,False
47,z,55,0.6151579580000544,0.46270161950867716,0.9824245718583824,False
47,z,56,1.41800212499993,45.604391641663796,-0.7322539503781005,False
47,z,57,1.357862583000042,13.248245694203813,0.4967737730241336,False
47,z,58,0.5241820409996762,6.392423658612276,0.7571878335286231,False
47,z,59,0.49170237499993164,0.034656400353422434,0.9986835985689753,False
48,x,0,0.028110959000059665,3.054124886851395,0.992258553369174,False
48,x,1,0.008341125000242755,3.577632065312522,0.9909315929359714,False
48,x,2,0.0156707500000266,394.2980731244171,0.0005524977477023851,False
48,x,3,0.0172189170002639,133.577420084255,0.661414478131652,False
48,x,4,0.01478279200000543,16.68257221967619,0.9577138305445437,False
48,x,5,0.028103999999984808,2455.470157484543,-5.224005855028891,False
48,x,6,0.014878292000048532,45.558000611737505,0.8845218046382834,False
48,x,7,0.010786041999836016,42.01015028584718,0.8935147224034616,False
48,x,8,0.014531916000123601,16.996780318762397,0.9569173911977046,False
48,x,9,0.020832082999731938,321.67261458837464,0.1846399637568812,False
48,x,10,0.007178416999977344,6.0712015492167035,0.9846110147687172,False
48,x,11,0.0426926669997556,8.407478725676835,0.9786891334618173,False
48,x,19,0.01514016700002685,0.960387027442925,0.9975656578583623,False
48,x,20,0.025516790999972727,394.5160423547727,-1.400546345564635e-11,False
48,x,21,0.02239716700023564,5.606113974070393,0.985789896044056,False
48,x,22,0.01647037500015358,1823.5997981104342,-3.622371722202577,False
48,x,23,0.007088415999987774,23.76563764968264,0.9397600221573653,False
48,x,24,0.018995207999978447,345.32162929047036,0.12469559606711011,False
48,x,25,0.018639958000221668,352.04339359100214,0.10765759614065551,False
48,x,26,0.015120084000045608,34.55745814340641,0.9124054425325134,False
48,x,27,0.012773875000220869,6.389027802595701,0.9838054043010505,False
48,x,28,0.020412208999914583,2580.53438023087,-5.541012539982939,False
48,x,29,0.015955416999986483,12.151245152127302,0.969199617131487,False
48,x,30,0.016593374999956723,7.56703400804773,0.9808194516933003,False
48,x,31,0.0180190420001054,16.960080095203477,0.9570104171323166,False
48,x,33,0.010343790999741032,34.11987993427421,0.913514594410157,False
48,x,34,0.009617124999749649,0.5505484411149185,0.9986044966946426,False
48,x,35,0.007168458000251121,36.184371979122446,0.9082816207836483,False
48,x,36,0.014961249999942083,390.18351762545683,0.010981872113466795,False
48,x,37,0.010758999999779917,30.24706538182531,0.9233312156288719,False
48,x,38,0.007803125000009459,126.667580001093,0.6789292033682124,False
48,x,39,0.16184820899979968,6.905725588617889,0.9824957039833008,False
48,x,40,0.013636749999932363,868.4814315831446,-1.201384324986003,False
48,x,41,0.014251084000079572,2645.4084391112683,-5.705452136644429,False
48,x,42,7.06909612499976,7.5583036394217075e-06,0.999999980841581,False
48,x,52,0.6843045420000635,15.48636219986545,0.9607459252920414,False
48,x,53,1.2089787499999147,492.87791604271524,-0.24932287444573098,False
48,x,57,3.5712137919999805,1.9621300640259602,0.9950264885241625,False
48,y,0,0.02826504099994054,8.158121747823046,0.9687387802297783,False
48,y,1,0.008375625000098808,2.942134237620165,0.9887259950465583,False
48,y,2,0.015140832999804843,251.8971653012926,0.03475176181565631,False
48,y,3,0.014559041999746114,85.305784915461,0.673115580724803,False
48,y,4,0.023603417000231275,4.981591651306455,0.980910969922881,False
48,y,5,0.03505570800007263,874.8808836966621,-2.352468181209148,False
48,y,6,0.14372608299981948,4.819600057283587,0.981531707756688,False
48,y,7,0.010800874999858934,2.7663467898313536,0.9893995974035762,False
48,y,8,0.020299249999879976,43.71458329094166,0.8324894825470762,False
48,y,9,0.02071116700017228,176.1010429133085,0.3251959734791655,False
48,y,10,0.007913583000117796,7.721617486696462,0.9704114269565028,False
48,y,11,0.045329166000101395,2.893471284502678,0.9889124672909176,False
48,y,19,0.012236624999786727,1.4249795083129624,0.9945396012765658,False
48,y,20,0.015420833000007406,0.6943509695598413,0.9973393068983226,False
48,y,21,0.021113332999902923,0.7970407597241389,0.9969458084684493,False
48,y,22,0.011733207999895967,948.4386934918002,-2.63433537183248,False
48,y,23,0.008622916999684094,3.9485939719452836,0.9848693280443758,False
48,y,24,0.015927708999697643,234.20760302811314,0.10253664060941192,False
48,y,25,0.01852595799982737,244.53708488753762,0.06295495593963374,False
48,y,26,0.08811145800018494,7.494372714959981,0.971282209346185,False
48,y,27,0.013008584000090195,12.564187636168768,0.951855115298643,False
48,y,28,0.019776749999891763,867.1278025332814,-2.32275904206698,False
48,y,29,0.0151652079998712,3.949870078921226,0.984864438112372,False
48,y,30,0.014941292000003159,10.67536820936415,0.9590929086330412,False
48,y,31,0.014060167000025103,11.421340445551644,0.9562344072844724,False
48,y,33,0.009559000000081141,5.081263297573274,0.9805290367604299,False
48,y,34,0.00944812500029002,1.916829024616758,0.9926548762996245,False
48,y,35,0.007780957999784732,4.819393888979614,0.9815324977758688,False
48,y,36,0.014189292000082787,260.3651486301521,0.002303179159398705,False
48,y,37,0.01564383300001282,61.4522178325553,0.7645203949617844,False
48,y,38,0.007620542000040587,108.85884021655987,0.5828623017486327,False
48,y,39,0.023519083999872237,1.3845707916348322,0.9946944439979366,False
48,y,40,0.016011375000289263,11235.349309987385,-42.05289070593346,False
48,y,41,0.016805707999992592,895.3711271398137,-2.4309850289863495,False
48,y,42,5.631172749999678,3.3422324416895054e-06,0.9999999871928532,False
48,y,52,0.47411170900022626,14.41134038068313,0.9447769851014759,False
48,y,53,0.596322500000042,2048.40879511921,-6.8493260462267935,False
48,y,57,2.101005874999828,2.2761225524081095,0.9912780944518541,False
48,y,58,0.5347047909999674,1020.125484616886,-2.9090329800878725,False
48,z,0,0.030383416999939072,0.021203164984638142,0.9457154142050275,False
48,z,1,0.009188790999814955,0.06157741484373182,0.8423487973828911,False
48,z,2,0.01972045899992736,0.3755383214269346,0.03854248912508218,False
48,z,3,0.014702790999763238,0.2334165183239501,0.4024043568919816,False
48,z,4,0.01458100000036211,0.029942912865182067,0.923339811600815,False
48,z,5,0.024364915999740333,4.570497438699355,-10.701439880156245,False
48,z,6,0.013883499999792548,0.03177111558524828,0.9186592260618194,False
48,z,7,0.01229841700023826,0.06479604861056848,0.8341084143558748,False
48,z,8,0.012995833000331913,0.01643583575881817,0.9579207850805266,False
48,z,9,0.02185745799988581,0.24133539484246805,0.38213035854877564,False
48,z,10,0.007803125000009459,0.09707748874176174,0.7514611016713465,False
48,z,11,0.044563916999777575,0.07523545911729554,0.8073813160329621,False
48,z,19,0.012716666000414989,0.0013730711528809956,0.9964846475111063,False
48,z,20,0.016312707999986742,0.02575560138981837,0.9340602143897071,False
48,z,21,0.030133083000237093,0.0022665385124494486,0.9941971821458818,False
48,z,22,0.01479700000027151,442.39603823785774,-1131.627403054129,False
48,z,23,0.007432082999912382,0.023824180838726332,0.9390050594016612,False
48,z,24,0.01595599999973274,0.38047103256060416,0.025913705595288494,False
48,z,25,0.014701332999720762,0.3657306299119164,0.06365225325149293,False
48,z,26,0.011448374999872613,0.04000269644773034,0.8975846384763619,False
48,z,27,0.01344908300006864,0.11266577272247187,0.7115517985196551,False
48,z,28,0.020010084000205097,4.730446301309432,-11.110942789814105,False
48,z,29,0.015610791000199242,0.03571021914951446,0.9085742880091932,False
48,z,30,0.013581082999735372,0.09076556273428284,0.7676209669147077,False
48,z,31,0.015102500000011787,42.73113422616252,-108.40073916781787,False
48,z,33,0.008986290999928315,0.06254239644857258,0.8398782404279979,False
48,z,34,0.009622584000226198,0.0009805247506255604,0.9974896493052811,False
48,z,35,0.007687917000112066,0.07907956992386463,0.7975395795263713,False
48,z,36,0.015272749999894586,0.351285885552389,0.10063385317015194,False
48,z,37,0.010390459000063856,30.63355273276041,-77.42837249680191,False
48,z,38,0.008150166999712383,145.33228235453868,-371.0813735105107,False
48,z,39,0.02021308399980626,0.00038441200943789116,0.9990158239714653,False
48,z,40,0.012377125000057276,7095.905439210482,-18166.01836197156,False
48,z,41,0.01784120799993616,4.473832106194537,-10.453956188945096,False
48,z,42,6.607992624999952,1.1567440555682945e-07,0.9999997038490623,False
48,z,52,0.3781847499999458,12.44622497221405,-30.864967697850233,False
48,z,53,0.4571691250002914,401.5536106630351,-1027.062152282995,False
48,z,57,0.9130105839999487,1.9203865760461503,-3.916595702689613,False
48,z,58,0.4858734579997872,5.735200318186418,-13.683325529443719,False
49,x,0,0.029729957999734324,9.99140347239933,0.9873859963669694,False
49,x,1,0.009112958000059734,3.798342263339972,0.9952046473509334,False
49,x,2,0.01514424999959374,791.8836865604499,0.00025819928054249264,False
49,x,3,0.0157045000000835,247.50121946491367,0.6875332589526373,False
49,x,4,0.01718799999980547,2.022429189536237,0.9974467121446121,False
49,x,5,0.028975041999729,3078.924422120157,-2.887097939117028,False
49,x,6,0.016624667000087356,2.130746566687218,0.9973099630089499,False
49,x,7,0.010715124999933323,7.600764497498683,0.9904041437972042,False
49,x,8,0.020350750000034168,110.92859535851441,0.8599542387889114,False
49,x,9,0.020547708000322018,616.5779371380534,0.22157919449546637,False
49,x,10,0.007728250000127446,6.08338453892853,0.9923198142395966,False
49,x,11,0.046496958999796334,8.277370933994746,0.9895499378719136,False
49,x,19,0.015387916000236146,0.07104973173777124,0.9999103007323504,False
49,x,20,0.015638041999864072,21.242488101752215,0.9731816633338535,False
49,x,21,0.022361584000009316,5.3862870212898635,0.9931998898610407,False
49,x,22,0.016037084000345203,2751.544282833119,-2.4737852070512667,False
49,x,23,0.0076896669997950085,40.221836268485916,0.9492205083880969,False
49,x,24,0.016213124999922,693.7078655119009,0.12420376576708503,False
49,x,25,0.01713587499989444,719.9166980815297,0.0911154904147744,False
49,x,26,0.08859058300004108,20.79607016780281,0.9737452595749865,False
49,x,27,0.013353083000311017,8.74600348961446,0.988958295989422,False
49,x,28,0.019119375000173022,3238.7696041343333,-3.088900189643603,False
49,x,29,0.016195790999972814,17.002746502798562,0.978534276315608,False
49,x,30,0.018189958999755618,8.850272004749,0.9888266584840053,False
49,x,31,0.01478629200028081,33.18089447022589,0.9581095964595129,False
49,x,33,0.009452916000100231,3.2821633681828213,0.9958563158053995,False
49,x,34,0.010253999999804364,0.006159112890153176,0.9999922242082819,False
49,x,35,0.00737308399993708,3.3262678395738807,0.9958006345426123,False
49,x,36,0.014456582999628154,785.1706592353617,0.008733300031023905,False
49,x,37,0.01836333299979742,33.51144128213032,0.9576922858486695,False
49,x,38,0.007481042000108573,171.3894838490388,0.7836232339223261,False
49,x,39,0.15260037500002,9.103285731646682,0.9885072322813592,False
49,x,40,0.01708237499997267,16826.98236193852,-20.24382397655921,False
49,x,41,0.015646166000351514,3305.6121622864266,-3.173287960961285,False
49,x,42,1.0519054999999753,1.4049016360411845e-07,0.9999999998226332,False
49,x,47,0.9187916249998125,5.770079638497715,0.9927153571844088,False
49,x,50,0.8819926670003042,242.7810191170316,0.6934924442163786,False
49,x,51,0.4878201250003258,78.4343630348539,0.9009777412143181,False
49,x,52,0.39526324999997087,291.0616078120016,0.6325388932076972,False
49,x,53,0.4561499999999796,10644.515440784427,-12.438548129181033,False
49,x,54,0.913671499999964,0.004231525105078968,0.999994657760224,False
49,x,55,0.8757950419999361,19.36060402900551,0.9755575149943477,False
49,x,56,0.7523702499997853,31.2448224088702,0.9605538596787104,False
49,x,57,1.2985193340000478,19.32539379637575,0.9756019674082193,False
49,x,59,1.0580763749999278,1.8004637172317017,0.9977269403709861,False
49,y,0,0.029964541000026657,1.78349139405652,0.9758121645232152,False
49,y,1,0.008513792000030662,4.63639071218744,0.9371209437139965,False
49,y,2,0.015984958999979426,70.68563251660426,0.041356490094780485,False
49,y,3,0.01500841600000058,31.642547319913835,0.5708615521268954,False
49,y,4,0.02577579099988725,1.3132271094934642,0.982189921760242,False
49,y,5,0.023301125000216416,488.6166404934855,-5.626653176382635,False
49,y,6,0.020873040999958903,1.3513092997117075,0.9816734484233568,False
49,y,7,0.012033417000111513,1.5315021072486055,0.9792296609190677,False
49,y,8,0.018032417000085843,2.777670425506619,0.9623290387131771,False
49,y,9,0.028165707999960432,45.08276040343635,0.3885844388643742,False
49,y,10,0.00760183300008066,8.614973905845773,0.8831631191684975,False
49,y,11,0.04364233399974182,5.631267563661899,0.9236283540198051,False
49,y,19,0.012414291999903071,0.21638742508412478,0.9970653385518865,False
49,y,20,0.015680166000038298,1.3013543558628993,0.9823509408783772,False
49,y,21,0.019091665999894758,0.6670229836601003,0.9909537874745173,False
49,y,22,0.013868750000256114,696.547834734646,-8.446630628226286,False
49,y,23,0.0073921250000239525,0.8940613279431409,0.9878746775125964,False
49,y,24,0.015601082999637583,71.21684585417934,0.03415213752253998,False
49,y,25,0.01747708299990336,69.09290233878772,0.06295720856660492,False
49,y,26,0.010793082999953185,1.3351407982914703,0.9818927267745516,False
49,y,27,0.013382999999976164,10.976027729036126,0.8511423414863193,False
49,y,28,0.02075962500020978,504.41965411601893,-5.8409747564099,False
49,y,29,0.014362749999691005,2.602997550593969,0.9646979645037493,False
49,y,30,0.015908332999970298,8.748492465543585,0.8813523310896594,False
49,y,31,0.014678708000246843,11.508144907017881,0.8439257309670393,False
49,y,33,0.008908582999993087,1.398927581069308,0.9810276459490621,False
49,y,34,0.009286499999689113,0.3020185733605778,0.9959040029081591,False
49,y,35,0.007772542000111571,1.6468258826855793,0.9776656317815418,False
49,y,36,0.015619290999893565,63.85102988762079,0.13404785069789982,False
49,y,37,0.017219583000041894,124.60138892402932,-0.6898527828712286,False
49,y,38,0.007405959000152507,94.83189516665853,-0.28611681889066043,False
49,y,39,0.021506291999685345,0.312810953521223,0.9957576358908589,False
49,y,40,0.013799709000068106,10349.999397347781,-139.36741833582212,False
49,y,41,0.01625054199985243,495.0199945496612,-5.713495913570223,False
49,y,42,1.627591041999949,3.483255360630308e-09,0.9999999999527599,False
49,y,47,0.7614226250002503,9.980655682177472,0.8646416470550711,False
49,y,51,2.4400022089998856,3955.736492246311,-52.64797597724519,False
49,y,52,0.465858333000142,12.871029191571852,0.8254421986334695,False
49,y,53,0.9613429999999425,1031.8488478309519,-12.994006503994441,False
49,y,54,0.5703171670002121,0.0027261062804019233,0.9999630283552686,False
49,y,55,0.5120156250000036,0.009763731528201744,0.999867583587658,False
49,y,56,12.166850333000184,1714.122098103993,-22.24704421576069,False
49,y,57,0.755148208999799,10.91497979270979,0.8519702778839824,False
49,y,58,0.5916377079997801,10766.727525388445,-145.01911446016948,False
49,y,59,3.1964207500000157,1.02302358069073,0.986125682388443,False
49,z,0,0.03579762499975914,1.9616991273460522,0.9781384346740168,False
49,z,1,0.008367166999960318,0.6292473853548536,0.9929875419582054,False
49,z,2,0.014962124999783555,87.22873188929759,0.02790565896797914,False
49,z,3,0.01496637499985809,34.72269232679775,0.6130434091474231,False
49,z,4,0.015162374999817985,0.9548612917045977,0.9893588358098044,False
49,z,5,0.023107583000182785,494.403393266577,-4.509729768757942,False
49,z,6,0.01716283299992938,1.0030235632495443,0.9888221058745406,False
49,z,7,0.010645082999872102,1.9978876564974106,0.9777351425059849,False
49,z,8,0.02125633400009974,3.897378215512365,0.9565668418409521,False
49,z,9,0.02189466599975276,64.32898832317478,0.2831049568319398,False
49,z,10,0.007644583000001148,3.5017767599410434,0.9609755031608594,False
49,z,11,0.04456987499997922,1.8102541337293434,0.9798261678106085,False
49,z,19,0.013046291999671666,0.005735577452305349,0.9999360815838637,False
49,z,20,0.016013416000077996,0.13308428568846825,0.9985168822451502,False
49,z,21,0.019466709000425908,0.7593713193651708,0.9915374149513748,False
49,z,22,0.012083542000254965,672.862156410767,-6.4985097269511165,False
49,z,23,0.0064234169999508595,0.5210782660149177,0.9941930001427657,False
49,z,24,0.013908333000017592,83.92041599813818,0.06477418939925739,False
49,z,25,0.021385375000136264,82.34315532358418,0.08235149612901871,False
49,z,26,0.012272124999981315,1.293825565568646,0.9855813505099671,False
49,z,27,0.015114792000076704,5.091640888032997,0.9432577410376017,False
49,z,28,0.019666334000248753,515.7645192779626,-4.747782406506852,False
49,z,29,0.01586212499978501,3.2372373967122434,0.9639235824508494,False
49,z,30,0.015308708999782539,4.059068270084407,0.954764935706972,False
49,z,31,0.015018291999695066,21.40291819781577,0.7614816218115779,False
49,z,33,0.009498083999915252,1.412394978856176,0.9842599893806712,False
49,z,34,0.009712666000268655,0.012879540685659014,0.9998564678364061,False
49,z,35,0.008110833000046114,1.6787654204487055,0.98129150418913,False
49,z,36,0.01699733399982506,89.53207706829517,0.0022367220769953233,False
49,z,37,0.015164749999712512,92.64654853197713,-0.032471567492010855,False
49,z,38,0.007645458999832044,122.1714019200777,-0.3615024071790667,False
49,z,39,0.02096499999970547,0.008511791175301747,0.9999051429058483,False
49,z,40,0.01416883299998517,10273.134578667574,-113.48585543186597,False
49,z,41,0.01739704100009476,517.2723989951772,-4.764586518045716,False
49,z,42,6.932432042000073,5.10007466427424e-07,0.9999999943163753,False
49,z,47,1.487579249999726,46.21328370802351,0.4849899729129412,False
49,z,50,12.401507499999752,8303.870823242894,-91.53998838570445,False
49,z,51,0.65422879200014,82.6567825583784,0.07885637183300231,False
49,z,52,0.49283729199987647,888.7077628617747,-8.903936104511388,False
49,z,53,0.5662215829997876,3168.917506324111,-34.31504709944003,False
49,z,54,0.47248137500037046,0.0036504996021191256,0.9999593181062214,False
49,z,55,0.6850964170002953,0.0028773986524091412,0.9999679336970019,False
49,z,56,0.8737475420002738,31.827715256496262,0.6453056095314553,False
49,z,57,0.9814535000000433,11.564697677602773,0.8711207084563484,False
49,z,58,0.5054252499999166,8.136104815237585,0.9093296293820566,False
49,z,59,4.208400458000142,1.1708240230275258,0.9869521041693712,False
50,x,0,0.03302637499973571,3.0847749399643773,0.9759276019090154,False
50,x,1,0.008412042000145448,2.163291544989354,0.9831185041789641,False
50,x,2,0.015318042000217247,121.36349328828096,0.052925940787829306,False
50,x,3,0.013167542000246613,51.5229657569882,0.5979345765351968,False
50,x,4,0.017826041000262194,1.2921788846134543,0.9899163325945786,False
50,x,5,0.025415042000076937,716.0877490630983,-4.588073586892883,False
50,x,6,0.015311750000364555,1.3391281338120244,0.9895499586973653,False
50,x,7,0.012034958000185725,2.242198492688204,0.982502744684635,False
50,x,8,0.014656541000022116,1.169095295365385,0.9908768296215937,False
50,x,9,0.021549582999796257,88.29797531534072,0.31095653531101275,False
50,x,10,0.007208375000118394,7.087103912743987,0.9446949647802447,False
50,x,11,0.04372995900030219,3.828905195712212,0.9701206953772491,False
50,x,19,0.012868374999925436,0.02299618239548802,0.9998205466304769,False
50,x,20,0.026067709000017203,128.1457264998966,-6.482074876856814e-10,False
50,x,21,0.02267845800042778,128.14572647554527,-4.581792723001854e-10,False
50,x,22,0.011983833000158484,590.5585159792005,-3.6084916952925585,False
50,x,23,0.007206875000065338,0.18822258580000248,0.9985311832781083,False
50,x,24,0.016516333999788912,121.73548926740848,0.05002302713218765,False
50,x,25,0.020200957999804814,118.48898694569984,0.0753574835552484,False
50,x,26,0.01112612499991883,1.4444560079147184,0.9887280204474693,False
50,x,27,0.012644541999634384,9.921406351354698,0.9225771578282492,False
50,x,28,0.01762516600001618,742.1648588006408,-4.791569329331605,False
50,x,29,0.015421374999732507,4.469540843470931,0.965121420991189,False
50,x,30,0.01318283299997347,7.8865503709462565,0.9384563918636433,False
50,x,31,0.02135020900004747,218.92814315139094,-0.7084310907042104,False
50,x,33,0.009367292000206362,1.6411389701410792,0.9871931821994376,False
50,x,34,0.00988233299995045,0.07765313420788945,0.999394024784289,False
50,x,35,0.007346082999902137,2.004309025593276,0.9843591426601799,False
50,x,36,0.016340042000138055,128.00989510167292,0.0010599753808161472,False
50,x,37,0.010297917000116286,9.363089577347443,0.9269340473603369,False
50,x,38,0.00750983299985819,198.79707344870548,-0.5513359595158069,False
50,x,39,0.020392249999986234,0.03618668818467112,0.9997176129926724,False
50,x,40,0.01627541600009863,3852.173125866645,-29.06087860734678,False
50,x,41,0.016640290999930585,742.6997438406449,-4.795743366616815,False
50,x,42,0.9466837079999095,1.2724879879445374e-05,0.9999999006999278,False
50,x,47,1.343190666999817,39.209765320698615,0.6940220605316376,False
50,x,50,0.791177499999776,174.0642638551105,-0.35833061875911065,False
50,x,51,0.47088287499991566,91.19870344878318,0.2883203677652689,False
50,x,52,0.4743832079998356,312.9639442481214,-1.4422503426303455,False
50,x,53,0.439191958000265,10723.661874798685,-82.68333595391881,False
50,x,54,8.176514582999971,0.007453036692299608,0.9999418393660039,False
50,x,55,0.6503998329999376,9.825470377433344,0.9233258052986245,False
50,x,56,2.376284417000079,149.58851404718362,-0.1673312737765682,False
50,x,57,0.7934562919999735,11.413497373853225,0.9109334529289921,False
50,x,59,1.1672959170000468,3.2924978958765703,0.974306611793149,False
50,y,0,0.02807441699997071,9.833864618562117,0.9865619208749093,False
50,y,1,0.009051708000242797,2.767120870774097,0.9962187003123917,False
50,y,2,0.016912125000089873,731.5332393958237,0.00035215706759650356,False
50,y,3,0.020579042000008485,234.32086309118557,0.6797980833562371,False
50,y,4,0.017465500000071188,2.0296668516636927,0.9972264389628929,False
50,y,5,0.02941549999968629,2854.116971895992,-2.9001807720849193,False
50,y,6,0.018018041999766865,3.872150552292557,0.99470866566459,False
50,y,7,0.010301125000296452,7.515001436333567,0.9897306717304203,False
50,y,8,0.022282416000052763,97.50291862424444,0.8667612392256578,False
50,y,9,0.021591208999780065,570.9004791360248,0.21985850845445487,False
50,y,10,0.007659458000034647,6.211843394200738,0.9915114508606946,False
50,y,11,0.04563637499995821,7.392138818607773,0.989898564785954,False
50,y,19,0.014184957999987091,0.08800843898878714,0.9998797355452124,False
50,y,20,0.015596333000303275,18.130266671032253,0.9752248004691417,False
50,y,21,0.02082212499999514,5.335735193812729,0.9927086619039229,False
50,y,22,0.014261499999975058,2556.765979752876,-2.4938475231198125,False
50,y,23,0.007651041999906738,34.61680879437771,0.9526957677697828,False
50,y,24,0.017933499999799096,6.900733442975743,0.9905700753849278,False
50,y,25,0.018724458000178856,663.8735076002442,0.09280989008694174,False
50,y,26,0.08767704199999571,17.045318034956807,0.9767073941577635,False
50,y,27,0.013730374999795458,9.21946350948731,0.98740150643344,False
50,y,28,0.022257750000335363,3001.9280077871917,-3.1021661026657643,False
50,y,29,0.01580862499986324,16.701135277069973,0.9771777235057234,False
50,y,30,0.01860154199994213,9.058136981016217,0.987621960826363,False
50,y,31,0.014990749999924446,31.77112487421039,0.9565844246882464,False
50,y,33,0.010271916999954556,3.343891541614844,0.9954305371423232,False
50,y,34,0.009832374999859894,0.0007408253852409052,0.9999989876543424,False
50,y,35,0.0071090410001488635,3.4393644954241154,0.9953000723497559,False
50,y,36,0.014706667000154994,725.5177036053999,0.008572449807740523,False
50,y,37,0.015217874999962078,41.13622027601166,0.9437869236136558,False
50,y,38,0.007867082999837294,166.2953851137463,0.7727556123685296,False
50,y,39,0.15116583399958472,7.246679989792917,0.9900973358008983,False
50,y,40,0.016993374999856314,16350.23335629315,-21.342765339766157,False
50,y,41,0.016037500000038563,3064.22173862758,-3.1872911391087237,False
50,y,42,6.180505541000002,2.714617307148276e-07,0.9999999996290447,False
50,y,47,1.6766390420002608,14.612736354457855,0.9800315425336815,False
50,y,51,0.7788295000000289,2453.526494413594,-2.3527696837722916,False
50,y,52,0.45490491700002167,38.73752665551328,0.9470647636002124,False
50,y,53,0.778502749999916,1052.636867696613,-0.4384393182914208,False
50,y,54,0.5637294590001147,0.0026773364987267454,0.9999963413915983,False
50,y,55,3.0926560830002927,1.4648184467281375,0.9979983102315778,False
50,y,56,4.2928411660000165,542.3972967847419,0.2588084060390128,False
50,y,57,0.8038613749999968,12.509843998805275,0.9829051669898761,False
50,y,58,0.554919874999996,10683.802747279697,-13.59952849094614,False
50,y,59,2.7953923750001195,1.3061212530178927,0.9982151716109772,False
50,z,0,0.027764459000081843,1.218259850522861,0.9850912745105659,False
50,z,1,0.008185791999949288,0.19167801724233538,0.9976542976933874,False
50,z,2,0.0165347499996642,81.6999035458587,0.0001792852685034152,False
50,z,3,0.015929125000184285,27.582658110857448,0.6624510954151561,False
50,z,4,0.014488125000298169,0.3868734967589117,0.9952655496609852,False
50,z,5,0.025763167000150133,348.2303452002722,-3.261546189389353,False
50,z,6,0.018015167000157817,0.41452496413946244,0.9949271586876803,False
50,z,7,0.01067887499993958,1.4458845865981633,0.9823056662486708,False
50,z,8,0.012746207999953185,0.37804022327499026,0.995373648807065,False
50,z,9,0.022007791999840265,63.94279090322938,0.21748589498752136,False
50,z,10,0.006992167000134941,0.9903460569955606,0.9878804201772279,False
50,z,11,0.04399483300039719,0.9551897349017944,0.9883106534768717,False
50,z,19,0.013562916999944719,0.042930276216258674,0.9994746312102306,False
50,z,20,0.02102833399976589,1.8405829481811466,0.9774754573885129,False
50,z,21,0.02230229099995995,0.8138831072446583,0.9900399247162331,False
50,z,22,0.011965374999817868,373.88485851895456,-3.575498993849842,False
50,z,23,0.007090166000125464,3.3431240847172625,0.959087776524217,False
50,z,24,0.01716725000005681,73.31160883871262,0.10283290474027729,False
50,z,25,0.017983416999868496,73.8016003643605,0.09683652462079972,False
50,z,26,0.08850095799971314,1.5728539118292468,0.9807518509319824,False
50,z,27,0.020988917000067886,1.4253359938521868,0.9825571342161266,False
50,z,28,0.022977874999924097,366.1956372651238,-3.481400441023296,False
50,z,29,0.015624791999925947,2.3035166918242775,0.9718102028856994,False
50,z,30,0.013004416000057972,1.3630962326051839,0.9833188071174876,False
50,z,31,0.019390750000184198,106.25728967198913,-0.3003471815073515,False
50,z,33,0.008552667000003566,0.7906012678045606,0.9903248413971469,False
50,z,34,0.009456084000248666,0.010018817398630211,0.9998773924969613,False
50,z,35,0.007246249999752763,0.8459397004258683,0.9896476250375891,False
50,z,36,0.015484583000215935,81.06919485284078,0.007897722976163424,False
50,z,37,0.010111125000094034,24.799351731888898,0.6965124253844757,False
50,z,38,0.007337125000049127,146.9365166852372,-0.798168256709491,False
50,z,39,0.15410891600004106,0.6049249735575896,0.9925970962856548,False
50,z,40,0.01341774999991685,4718.763031500324,-56.746910608713506,False
50,z,41,0.014932042000054935,373.5965289934806,-3.5719704972454887,False
50,z,42,6.463642084000185,3.5711759790742066e-09,0.999999999956297,False
50,z,47,1.6552782920002755,20.33173007881787,0.7511859375975731,False
50,z,50,12.100427041999865,5224.460551670637,-62.93549632437259,False
50,z,51,0.8502262500001052,101.3879292636059,-0.24075730205220358,False
50,z,52,0.41819262500030163,536.7140868657558,-5.568157839199594,False
50,z,53,0.6498939580001206,3101.498516084084,-36.9552769159548,False
50,z,54,0.46010100000012244,0.004664588120081378,0.9999429160669017,False
50,z,55,0.8900937080002223,1.8404994903129503,0.9774764787227105,False
50,z,56,11.709547750000183,48.79210309958823,0.40289580186712515,False
50,z,57,2.938523166000323,17.300138868037283,0.788285708338857,False
50,z,58,0.8395279579999624,3.3904546389488037,0.9585085583549585,False
50,z,59,5.6439724580000075,1.7712355645133246,0.9783241113978117,False
51,x,0,0.03035545800003092,0.14841397004669157,0.9604673077940267,False
51,x,1,0.008580042000176036,1.1787918844001894,0.6860078823696238,False
51,x,2,0.016664124999806518,3.629613645442719,0.03318805482566256,False
51,x,3,0.015965584000241506,2.1734876092086712,0.42105304075275884,False
51,x,4,0.016536041000108526,0.235803909604301,0.9371894480255514,False
51,x,5,0.023775208000188286,38.20150248145253,-9.175647473953223,False
51,x,6,0.016336082999714563,0.24727940995394376,0.9341327450541986,False
51,x,7,0.012763332999838894,0.2967376575241684,0.9209586639510154,False
51,x,8,0.014014500000030239,0.20557148811469642,0.945242389490656,False
51,x,9,0.019554291000076773,1.756031256155846,0.5322499416204707,False
51,x,10,0.007523333000335697,1.5363922413891502,0.590754687261756,False
51,x,11,0.043481374999828404,1.2796990994156552,0.6591294566303663,False
51,x,19,0.01380212499998379,0.010755525527233533,0.9971350750872856,False
51,x,20,0.016243500000200584,0.6908068675277005,0.8159913432734569,False
51,x,21,0.023847124999974767,0.19999226469255776,0.9467285145651781,False
51,x,22,0.014554042000327172,528.4138679082133,-139.7524021546709,False
51,x,23,0.007384291000107623,0.6771764421486424,0.8196220487318263,False
51,x,24,0.015401542000290647,3.7540986839932216,2.9257768232371362e-05,False
51,x,25,0.013075125000341359,3.5349600289176943,0.05840072373472027,False
51,x,26,0.01109970900006374,0.23938792793806327,0.9362347812000186,False
51,x,27,0.012896582999928796,1.714523008726747,0.5433063992376863,False
51,x,28,0.02027624999982436,39.155800509950026,-9.429841672932534,False
51,x,29,0.014420083000004524,0.2529561144358874,0.9326206541711212,False
51,x,30,0.013981166000121448,1.41981966846284,0.6218058588172664,False
51,x,31,0.014739249999820458,28.694121109377605,-6.643187885756792,False
51,x,33,0.008903792000182875,0.31545293398119684,0.9159735182568962,False
51,x,34,0.009520583000266925,0.013531565820531034,0.9963956275377606,False
51,x,35,0.007846167000025162,0.41539629214258533,0.8893518328792831,False
51,x,36,0.013974375000088912,3.625718870416696,0.0342254972056949,False
51,x,37,0.011704042000019399,44.47537631939185,-10.846805002428036,False
51,x,38,0.0075799999999617285,125.64952137543925,-32.468977703381825,False
51,x,39,0.019758541000101104,0.0376530189962384,0.9899704508265923,False
51,x,40,0.012131625000165513,7711.906808019576,-2053.2031054534405,False
51,x,41,0.016541209000024537,36.46818023878085,-8.713946363931376,False
51,x,42,6.500489207999635,6.16753885284899e-08,0.9999999835716668,False
51,x,51,0.46144933300001867,0.20374848553802935,0.945727978547612,False
51,x,52,0.44682529200008503,1.0958042435094002,0.7081131118382733,False
51,x,53,0.45197320899978877,3306.1579282563343,-879.6537802403432,False
51,x,57,1.2717325419998815,6.570227520356263,-0.7500965859463531,False
51,y,0,0.027959207999629143,9.357015575855367,0.9857892732370982,False
51,y,1,0.008968707999883918,0.9504736868249947,0.9985564925323358,False
51,y,2,0.015466041999843583,658.2530422830317,0.000295120928247794,False
51,y,3,0.015891708999788534,221.32409750956066,0.6638697189016182,False
51,y,4,0.0145972499999516,3.209041862269589,0.9951263502015429,False
51,y,5,0.027591583000230457,2761.7382791083164,-3.1943189852462233,False
51,y,6,0.015838957999676495,3.3720012986391605,0.9948788597485336,False
51,y,7,0.010467250000147033,9.086734436704845,0.9861997557661157,False
51,y,8,0.01885979100006807,72.16882718665427,0.8903954497420115,False
51,y,9,0.022287792000042828,512.0820268963193,0.2222885913331104,False
51,y,10,0.007741249999980937,7.064759178234545,0.9892705786889303,False
51,y,11,0.04510004200028561,5.8715202980747305,0.9910827795505572,False
51,y,19,0.013250459000119008,0.05331991494780435,0.99991902175045,False
51,y,20,0.015602792000208865,12.707681181302776,0.9807005360209573,False
51,y,21,0.018881499999679363,5.130089808818711,0.9922088080380688,False
51,y,22,0.014375458999893453,2495.687591428989,-2.79026134560214,False
51,y,23,0.007862584000122297,25.042584938879873,0.9619672181671399,False
51,y,24,0.016975374999674386,591.0667335343746,0.10233259944851114,False
51,y,25,0.01800874999980806,595.3689914571816,0.09579865587335157,False
51,y,26,0.09376650000012887,10.947946888673497,0.9833730872211915,False
51,y,27,0.014002583000092272,11.29984320771768,0.9828386537366827,False
51,y,28,0.023172833999979048,2903.58042512387,-3.40973809662313,False
51,y,29,0.01582520800002385,16.658201441909647,0.9747007849743037,False
51,y,30,0.017693333999886818,10.169242387947664,0.9845557246550128,False
51,y,31,0.015926582999782113,27.492815594176,0.958245993374232,False
51,y,33,0.009493125000062719,4.9108551374717,0.9925417650569184,False
51,y,34,0.015865958999711438,0.007167786917419897,0.9999891141079597,False
51,y,35,0.007933374999993248,5.232917848214987,0.9920526405977584,False
51,y,36,0.01502770800016151,653.1480367369252,0.008048216811299524,False
51,y,37,0.015381791999971028,61.069539142154035,0.9072522080090528,False
51,y,38,0.007666999999855761,153.23689745858658,0.7672754029182318,False
51,y,39,0.15625808300001154,3.828276130492145,0.9941859040820941,False
51,y,40,0.017789457999697333,16233.33736994625,-23.653963643019853,False
51,y,41,0.014520708999953058,2963.5625223676366,-3.5008343641976367,False
51,y,42,6.67911070800028,5.009967879666929e-08,0.9999999999239124,False
51,y,51,0.9178366249998362,13.209183674392097,0.9799388920071762,False
51,y,52,0.48084200000039345,31.14755630472393,0.9526954499123971,False
51,y,53,0.5361674999999195,1014.3976221116244,-0.5405903003904993,False
51,y,57,1.0220252079998318,6.36862210082351,0.9903278189720544,False
51,y,58,0.5873557090003487,3120.308569246461,-3.7388883917134024,False
51,z,0,0.027703041000222584,1.1735300060555887,0.983497038742244,False
51,z,1,0.008310415999858378,0.1433920899565446,0.9979835248412818,False
51,z,2,0.01673083299965583,71.09128298548639,0.00026698693712712274,False
51,z,3,0.016306166999584093,24.90140246364116,0.6498198784856702,False
51,z,4,0.01545795799984262,0.40313918972824586,0.9943307879685752,False
51,z,5,0.025911125000220636,310.5495627018352,-3.367154972975329,False
51,z,6,0.015982249999979103,0.4259267169928421,0.9940103345692866,False
51,z,7,0.010563750000073924,1.4504213319287749,0.9796032083332095,False
51,z,8,0.02058545799991407,7.140678473882594,0.8995830190958115,False
51,z,9,0.023011416999906942,56.16590776134733,0.21015756307103617,False
51,z,10,0.008945291000145517,0.9825886749447089,0.9861821830279182,False
51,z,11,0.04605662499989194,0.875094117328851,0.9876938431564194,False
51,z,19,0.013429249999717285,0.056687924661568016,0.999202816613427,False
51,z,20,0.015998416999991605,1.530561103757769,0.9784762294380174,False
51,z,21,0.019849750000048516,0.7781558031311804,0.989057054352845,False
51,z,22,0.013540957999794045,526.4337131795124,-6.403061812265723,False
51,z,23,0.007579708000321261,2.7451292839565564,0.9613961620181015,False
51,z,24,0.02480516599962357,1.0207417924900444,0.9856456484549083,False
51,z,25,0.018208916999810754,63.98538144804417,0.10019491137767389,False
51,z,26,0.09199083300018174,1.3446303196967322,0.9810909120708857,False
51,z,27,0.013489583999671595,1.4071697076710894,0.9802114415064358,False
51,z,28,0.02264816700017036,326.1314067059338,-3.586277250716094,False
51,z,29,0.015187333000085346,2.194688117044589,0.9691368326488888,False
51,z,30,0.014083459000175935,1.3396120776833453,0.9811614819353984,False
51,z,31,0.01497037499984799,35.16535722800059,0.5054813043090169,False
51,z,33,0.00907233299994914,0.8318756183708761,0.9883016104995989,False
51,z,34,0.00972566700011157,0.020257681481799013,0.9997151229785851,False
51,z,35,0.007704207999722712,0.900946140007635,0.9873302947797259,False
51,z,36,0.014681916999961686,70.50423042983574,0.008522511322679227,False
51,z,37,0.014397874999758642,52.655659150761835,0.2595210190769832,False
51,z,38,0.0077217500002007,153.57243760798636,-1.159637993937828,False
51,z,39,0.15623208300030456,0.473338340933058,0.9933436007073357,False
51,z,40,0.013645624999753636,9339.761105059115,-130.3419468425464,False
51,z,41,0.015136083000015788,333.40037329727994,-3.6884983046490154,False
51,z,42,5.6941397089999555,2.1012150676818142e-07,0.9999999970451313,False
51,z,51,0.5160027090000767,0.48937630813893374,0.9931180641210653,False
51,z,52,0.36727837500029636,2.1266324900368185,0.9700938762439277,False
51,z,53,0.44040575000008175,397.38625017840263,-4.5883103603815645,False
51,z,57,1.2516298330001518,6.987735134779797,0.9017338102871922,False
51,z,58,0.5282345410000744,7.777076510339058,0.8906335656638935,False
52,x,0,0.030447333000211074,14.74763291386534,0.9830271105810432,False
52,x,1,0.009709417000067333,0.23975737597932267,0.9997240658583215,False
52,x,2,0.016366417000426736,868.1158681154202,0.0008949423665294276,False
52,x,3,0.015516375000061089,294.2575099617752,0.6613422502140542,False
52,x,4,0.016760707999765145,2.5695767764267767,0.9970427021926477,False
52,x,5,0.026163124999584397,3499.582465843647,-3.0276311834043437,False
52,x,6,0.015221041000131663,2.6444808368417263,0.9969564959287761,False
52,x,7,0.010660582999662438,7.047571740791877,0.9918890267660403,False
52,x,8,0.020135792000019137,95.22462831503417,0.8904070167875693,False
52,x,9,0.021623165999699268,659.6597057609665,0.24080485963981701,False
52,x,10,0.008827542000290123,10.85558101981719,0.9875064305367504,False
52,x,11,0.044561415999851306,6.28822789209716,0.9927629472962118,False
52,x,19,0.013031833000241022,0.008936114912780575,0.9999897155230852,False
52,x,20,0.01586991699969076,11.075111965361096,0.9872537747726343,False
52,x,21,0.01933233299996573,5.732741439469697,0.9934022505789312,False
52,x,22,0.01668137500018929,3145.3467922012364,-2.6199452210469825,False
52,x,23,0.007888708999871596,25.678922266293768,0.970446409225848,False
52,x,24,0.016534708000108367,8.773137813172092,0.9899030916466438,False
52,x,25,0.01828391599974566,789.3014974644991,0.09160153951983119,False
52,x,26,0.0910470419999001,9.479477259951326,0.9890901733029034,False
52,x,27,0.01355791700007103,18.45651278571864,0.9787586013022439,False
52,x,28,0.02395466600000873,3679.5512046760746,-3.2347552365261203,False
52,x,29,0.014997208999830036,21.811517198253785,0.974897363419076,False
52,x,30,0.018559916999947745,15.819917601383096,0.9817930298622475,False
52,x,31,0.01598150000017995,22.060273006418075,0.9746110730802158,False
52,x,33,0.00888562499994805,3.250735884140845,0.9962587636257284,False
52,x,34,0.009765375000370113,0.11758500373471131,0.9998646727052827,False
52,x,35,0.0075421249998726125,3.5372024372352,0.995929072402988,False
52,x,36,0.015905750000001717,863.4589702676461,0.006254515164909491,False
52,x,37,0.015000167000380316,50.31914998248261,0.9420882406487341,False
52,x,38,0.008641875000193977,134.7111399649305,0.8449624224117535,False
52,x,39,0.15702979199977563,2.452981822998106,0.9971768900492963,False
52,x,40,0.017265083999973285,17720.09558022011,-19.39386419047987,False
52,x,41,0.014597500000036234,3748.109255617701,-3.3136579475040584,False
52,x,42,6.291012417000275,7.926969631728711e-06,0.9999999908769374,False
52,x,47,0.9583361249997324,859.9900747439904,0.010246829082187103,False
52,x,50,0.8170637919997716,136.09039587874796,0.8433750518660942,False
52,x,51,0.47716608299970176,94.02438835247175,0.8917883598329085,False
52,x,52,0.5452346670003863,340.1078454854185,0.6085736005459976,False
52,x,53,0.45453304199963895,10437.825415521338,-11.01277910744978,False
52,x,54,8.081891750000068,0.00825158040746001,0.9999905033463604,False
52,x,55,0.8105582919997687,17.005011224960736,0.9804291185727833,False
52,x,56,0.827603375000308,52.30564012532434,0.9398020108704894,False
52,x,57,1.023054540999965,13.26085606242143,0.9847382257978111,False
52,x,59,1.0897177080000802,2.641889138124561,0.996959478686483,False
52,y,0,0.031810542000130226,33.70691640489527,0.47321829354301936,False
52,y,1,0.00848245900033362,23.84597848862666,0.6273279617309959,False
52,y,2,0.014356083000166109,62.38195240349869,0.02507630942886452,False
52,y,3,0.015088417000242771,2.9960512836692987,0.9531768201847519,False
52,y,4,0.01711295799987056,1.1180248439623142,0.982527175488582,False
52,y,5,0.02665541599981225,61.93713691552324,0.03202801806336164,False
52,y,6,0.015061582999805978,1.2670688501649743,0.9801978714673687,False
52,y,7,0.015342416000294179,2.4810692467371727,0.9612251124981478,False
52,y,8,0.012749874999826716,1.0529899031049306,0.9835435608711145,False
52,y,9,0.017498457999863604,52.92055074635809,0.17294190622666694,False
52,y,10,0.007716540999808785,17.584208098803945,0.7251887702300364,False
52,y,11,0.04553325000006225,21.841256832199807,0.6586583475324821,False
52,y,19,0.014173583000228973,0.23772854605151328,0.996284707635126,False
52,y,20,0.016463166999983514,16.49172622073663,0.7422624016796946,False
52,y,21,0.1334668330000568,8.050648591083851,0.8741820713602639,False
52,y,22,0.018257624999932887,436.02536774799745,-5.814334023371707,False
52,y,23,0.00745024999969246,33.78089381189569,0.47206215264211726,False
52,y,24,0.019110875000023952,30.08924946828859,0.5297562675115264,False
52,y,25,0.015976374999809195,60.00752061313781,0.062184635072391914,False
52,y,26,0.011425458999838156,5.22697987687701,0.9183112051520179,False
52,y,27,0.013148957999874256,14.90254059398038,0.7670986669222188,False
52,y,28,0.018604625000079977,20.64211714174759,0.677398858970218,False
52,y,29,0.015945459000249684,63.68476741260598,0.004715529301388188,False
52,y,30,0.013918582999849605,11.147110111036543,0.8257896505328826,False
52,y,31,0.01555224999992788,128.69427378095833,-1.0112723554780452,False
52,y,33,0.010573833999842464,4.430662207065843,0.9307562943422009,False
52,y,34,0.00987249999980122,0.3216820340081483,0.9949726575763912,False
52,y,35,0.007246166000186349,6.8480789975276615,0.8929761863429923,False
52,y,36,0.01571299999977782,60.33516857192526,0.057064055403403535,False
52,y,37,0.010057874999802152,0.12139069291831563,0.9981028701766911,False
52,y,38,0.0074747499998011335,280.9229605392352,-3.3903475108246255,False
52,y,39,0.02272575000006327,3.743785415884219,0.9414910089579767,False
52,y,40,0.01241245799974422,6139.1687138534935,-94.9447530727369,False
52,y,41,0.013551667000228917,6.750491936587714,0.8945013059318794,False
52,y,42,6.4910737909999625,2.8906696780108865e-08,0.9999999995482376,False
52,y,47,0.9303526250000687,9.163105828902042,0.8567962590522247,False
52,y,51,0.6182459579999886,1905.839990693587,-28.78503374416426,False
52,y,52,0.4710817909999605,60.586721675930605,0.05313270873850151,False
52,y,53,0.8335391250002431,1072.5509290813632,-15.762144655909516,False
52,y,54,0.6708803749997969,0.0031467783503484866,0.9999508212127942,False
52,y,55,7.66433274999963,3.48722727490675,0.945500575828054,False
52,y,56,11.824194667000029,644.8791369010378,-9.07836279399023,False
52,y,57,0.823024040999826,14.908545022713012,0.7670048279256132,False
52,y,58,0.5691055840002264,10727.609301832083,-166.6542661553638,False
52,y,59,2.5754940840001836,0.9236857925433148,0.9855643639370295,False
52,z,0,0.03217754200022682,1.324205772160851,0.973743805345203,False
52,z,1,0.008591207999870676,0.5101512562854418,0.9898847815271471,False
52,z,2,0.014726707999670907,48.803327176136264,0.032333429533842106,False
52,z,3,0.015077166000082798,19.87298210493135,0.6059608729337314,False
52,z,4,0.01591420900012963,0.23523147335694047,0.9953358583059821,False
52,z,5,0.024288166999667737,246.70600604071777,-3.8916573642044163,False
52,z,6,0.02366683299987926,0.24152604543765835,0.995211050278941,False
52,z,7,0.011023042000033456,0.4993797172495412,0.9900983583228417,False
52,z,8,0.02182141599996612,2.7744713915504025,0.9449881110230772,False
52,z,9,0.022789832999933424,35.67902534418084,0.29256052629828155,False
52,z,10,0.007809917000031419,2.194777259620033,0.9564822173683247,False
52,z,11,0.04415275000019392,1.1043450732435562,0.9781031771506077,False
52,z,19,0.012296832999709295,0.006789559552885197,0.9998653774201951,False
52,z,20,0.016468000000259053,0.008518914475501314,0.9998310879763412,False
52,z,21,0.018342999999731546,0.28198619346222253,0.9944088112730186,False
52,z,22,0.013777042000128858,506.44749556823007,-9.04178074558241,False
52,z,23,0.0077982079997127585,0.18222659041773528,0.9963868328247198,False
52,z,24,0.02811824999980672,0.746907641852914,0.9851904040550705,False
52,z,25,0.021237583000129234,46.32967816400453,0.08138064812751544,False
52,z,26,0.011174790999575634,0.2732611705670682,0.9945818099899242,False
52,z,27,0.013133375000052183,3.1788172109261086,0.9369707901771956,False
52,z,28,0.01961654200022167,256.63889917378515,-4.088605588619373,False
52,z,29,0.015075625000008586,1.680343626952321,0.9666823462910803,False
52,z,30,0.014036458999726165,2.5841158367596706,0.9487624583377333,False
52,z,31,0.014525208000122802,24.640956947410345,0.5114220344803846,False
52,z,33,0.009095791000163445,0.29851159828739404,0.9940811475103611,False
52,z,34,0.009338708000086626,0.023442449995450646,0.9995351858878688,False
52,z,35,0.007893500000136555,0.38005056052272657,0.9924644026589114,False
52,z,36,0.015307290999771794,50.33685589922113,0.0019268042883305858,False
52,z,37,0.015780833000007988,61.82175001326527,-0.22579431110599746,False
52,z,38,0.0076649160000670236,127.26348737297548,-1.5233653010442136,False
52,z,39,0.0206924170001912,0.005099730799017651,0.9998988831438731,False
52,z,40,0.012885209000160103,9062.559469915002,-178.69135199016426,False
52,z,41,0.015216125000279135,258.72573497732026,-4.12998312088976,False
52,z,42,7.24185608300013,1.9874348416982789e-07,0.9999999960593379,False
52,z,47,0.958967125000072,9.758155152292957,0.8065164594984164,False
52,z,50,12.062894249999772,5404.131173097677,-106.15247056306728,False
52,z,51,0.7338687920000666,97.95161440167196,-0.942172967789723,False
52,z,52,0.5696650830000181,921.2904926470292,-17.267238383262367,False
52,z,53,0.6422936249996383,2970.3204522554443,-57.89516087388753,False
52,z,54,0.5101810000001024,0.00485164184095308,0.9999038022222456,False
52,z,55,0.7269194160003281,6.349293070220472,0.8741069716830892,False
52,z,56,0.7838168749999568,65.63723977474127,-0.3014473885859603,False
52,z,57,0.9195040000004155,15.724807596454921,0.6882103840341816,False
52,z,58,0.4330149590000474,6.797365232257474,0.8652226501122493,False
52,z,59,4.691421416000139,1.6821588803443204,0.9666463536625854,False
53,x,0,0.03189066599998114,1.9722145019200925,0.9863431602724153,False
53,x,1,0.008271292000245012,13.964903257890732,0.9032983250967057,False
53,x,2,0.015089542000168876,143.53094534115533,0.0061024728474002865,False
53,x,3,0.014952167000046757,26.993046107326077,0.8130833618309978,False
53,x,4,0.017409500000212574,0.1613317956357924,0.9988828383150938,False
53,x,5,0.15368287499995859,11.098479999056572,0.9231472223638171,False
53,x,6,0.014968040999974619,0.19547123418588858,0.9986464356113238,False
53,x,7,0.012750667000091198,0.07946430605038096,0.9994497397262128,False
53,x,8,0.012210249999952794,1.5089175574241687,0.9895513164395566,False
53,x,9,0.01855933400020149,120.30274136064574,0.1669490027824696,False
53,x,10,0.007906959000138158,7.065951972983619,0.9510709542375336,False
53,x,11,0.04277437500013548,12.26135446933429,0.915094756342286,False
53,x,19,0.02039287500019782,0.013307703320887527,0.9999078491861718,False
53,x,20,0.01676920899990364,17.178381389985034,0.8810462040544034,False
53,x,21,0.15706112499992742,0.10263087067131688,0.9992893200255367,False
53,x,22,0.013138625000010506,250.6919663702504,-0.7359470799846524,False
53,x,23,0.007231916999899113,30.030240276315457,0.7920519405798816,False
53,x,24,0.017542417000186106,107.42526775760057,0.256120638485263,False
53,x,25,0.014837083999736933,131.73815700968188,0.08776307316621301,False
53,x,26,0.014721000000008644,219.55095685838668,-0.5203073635924047,False
53,x,27,0.012538333000065904,4.2741816566243145,0.9704029081044321,False
53,x,28,0.01817879100008213,229.8493577949947,-0.59161989623261,False
53,x,29,0.01775450000013734,0.04169763026093779,0.9997112596763996,False
53,x,30,0.015136874999825523,4.1693947340524105,0.9711285179230994,False
53,x,31,0.016524415999811026,22.664336553102366,0.8430580388003359,False
53,x,33,0.009284125000249333,0.850946105395216,0.994107519964547,False
53,x,34,0.00951500000019223,0.06400055393894098,0.9995568203627091,False
53,x,35,0.008023332999982813,1.6281931284292366,0.9887253782086763,False
53,x,36,0.01408958399997573,140.76220488773063,0.025274953621113427,False
53,x,37,0.010600749999866821,72.66304945884995,0.49683585654047635,False
53,x,38,0.007610292000208574,81.3845925690047,0.4364424681353912,False
53,x,39,0.15862787499963815,17.313302326393263,0.8801119275836499,False
53,x,40,0.014041917000213289,5713.444779064902,-38.56344483022998,False
53,x,41,0.014808667000124842,188.83523466473056,-0.3076126010767717,False
53,x,42,7.158275166000294,1.6250580273576125e-06,0.9999999887470876,False
53,x,47,0.7072247080000125,9.04830114260309,0.9373439357680685,False
53,x,50,0.8503687080001328,59.131276488616685,0.5905382679691631,False
53,x,51,0.4742599159999372,95.31042468508464,0.34001134611625905,False
53,x,52,0.41240495800002464,325.99499461905555,-1.2573920783834067,False
53,x,53,0.47425845899988417,9990.395370044245,-68.17971054926693,False
53,x,54,8.249130374999822,0.01372457957445238,0.9999049624757377,False
53,x,55,2.0242323329998726,46.419667545725105,0.6785613536141524,False
53,x,56,11.86872991700011,24.234743333675077,0.8321835656187858,False
53,x,57,0.5876312499999585,13.412555164145827,0.90712312680198,False
53,x,59,1.0465252080002756,2.9248590140350563,0.9797464572227973,False
53,y,0,0.028224708999914583,14.619682397966628,0.9805145483406297,False
53,y,1,0.00818304199992781,0.2532345273787324,0.999662483150632,False
53,y,2,0.01627062499983367,704.8103183228288,0.06061246661452968,False
53,y,3,0.015411625000069762,271.9922764511599,0.6374823877673099,False
53,y,4,0.01722383299966168,3.5492292556595624,0.9952695049586853,False
53,y,5,0.024443541999971785,3338.9190930564573,-3.4501887805270544,False
53,y,6,0.014598125000247819,3.697481949948353,0.9950719103304779,False
53,y,7,0.010912583999925118,9.260075996620424,0.9876579560155604,False
53,y,8,0.012326708000273356,1.4797562354320197,0.9980277465810631,False
53,y,9,0.022371791999830748,556.9101943150362,0.25773718097696685,False
53,y,10,0.007093958000041312,15.117788811761118,0.9798506605636582,False
53,y,11,0.04368216700004268,7.594778540141484,0.9898775030757075,False
53,y,19,0.012791749999905733,0.015930373454763353,0.9999787676289116,False
53,y,20,0.02359324999997625,750.2870685821861,-5.158919957892749e-10,False
53,y,21,0.022674041999835026,750.2870686247738,-5.726539242800754e-10,False
53,y,22,0.01752287499994054,2448.162674638159,-2.262967973748272,False
53,y,23,0.008585500000208413,14.436142193208632,0.9807591749809362,False
53,y,24,0.018652750000001106,694.4731723245987,0.0743900544691316,False
53,y,25,0.018982042000061483,685.1466035729619,0.08682072153910114,False
53,y,26,0.09207833300024504,5.885038489371655,0.9921562842559334,False
53,y,27,0.012681249999786814,24.033667629984983,0.9679673705588447,False
53,y,28,0.021380166999733774,3486.7613920790714,-3.6472364244085655,False
53,y,29,0.016077541999948153,22.61192359308766,0.9698623039745539,False
53,y,30,0.013832084000114264,20.011286409700848,0.9733284935087049,False
53,y,31,0.01641333299994585,0.3746752869107479,0.999500624090707,False
53,y,33,0.010488333000012062,5.122676275813656,0.9931723782896369,False
53,y,34,0.010283499999786727,0.04190280737508674,0.9999441509668081,False
53,y,35,0.007867791000080615,5.875580316422444,0.9921688903281292,False
53,y,36,0.017132082999978593,747.2195890562339,0.004088407316234388,False
53,y,37,0.00969545800035121,11.150404909852757,0.9851384818124668,False
53,y,38,0.007394750000003114,187.8097414203686,0.7496828222400778,False
53,y,39,0.15181729200003247,0.2968939913510915,0.999604292804799,False
53,y,40,0.012350125000011758,1079.836857033439,-0.4392315992211919,False
53,y,41,0.01581591700005447,3530.6180318772294,-3.7056895707538136,False
53,y,42,0.7191800420000618,1.0901500030898527e-07,0.9999999998547022,False
53,y,47,0.9835680000001048,611.1778372127937,0.18540800832002124,False
53,y,51,1.8373296659997322,2027.33895710276,-1.702084366160944,False
53,y,52,0.49220199999990655,80.0969914658948,0.8932448727144197,False
53,y,53,0.7712257079997471,1063.4361348616446,-0.4173723364576094,False
53,y,54,0.6541015830002834,0.0010062950439480712,0.9999986587866343,False
53,y,55,10.136067042000377,5.122798584565394,0.9931722152736968,False
53,y,56,5.310830375000023,623.7619235709728,0.16863564625805527,False
53,y,57,0.7768019169998297,17.43848700127644,0.9767575802109635,False
53,y,58,0.6039933750003001,10337.873569176452,-12.778557578028256,False
53,y,59,2.8771458329997586,0.9396335412766124,0.9987476346306527,False
53,z,0,0.02869166700020287,0.2423409673272526,0.9881069551092979,False
53,z,1,0.0085547079997923,1.0054837609175693,0.9506552126231452,False
53,z,2,0.01689391699983389,20.31636300493405,0.0029609112387680714,False
53,z,3,0.015726207999705366,4.542947283670372,0.7770518267023983,False
53,z,4,0.014485582999895996,0.012396390822696841,0.9993916388377788,False
53,z,5,0.14933604099996955,0.7228464324334967,0.9645258283614656,False
53,z,6,0.01734612499967625,0.01616168364883084,0.9992068545765714,False
53,z,7,0.012516250000317086,0.008326708086988089,0.9995913612371754,False
53,z,8,0.020290708000175073,7.194417079256535,0.6469291749154062,False
53,z,9,0.019950459000028786,16.418962786189827,0.19422843100551168,False
53,z,10,0.007445624999945721,0.3505430130802689,0.9827968674192183,False
53,z,11,0.04449095900008615,0.8294220484085898,0.95929555879943,False
53,z,19,0.019207041000299796,0.008455956860079833,0.9995850182672789,False
53,z,20,0.016478292000101646,1.5051077318200852,0.9261358324294101,False
53,z,21,0.01633212500018999,0.0016138038159019758,0.9999208014994783,False
53,z,22,0.021245583000109036,500.52041794570687,-23.563373931337107,False
53,z,23,0.007327499999973952,2.8160060211660927,0.861802623008473,False
53,z,24,0.016653458999826398,16.269650639997245,0.20155602434220687,False
53,z,25,0.014623000000028696,18.677891113972677,0.08337001402592903,False
53,z,26,0.0907441250001284,3.5909536683753696,0.8237715494436055,False
53,z,27,0.014279041999998299,0.13765247351223078,0.9932446128904552,False
53,z,28,0.018451207999987673,42.984671230895,-1.109501460686852,False
53,z,29,0.016131834000134404,0.05284062710027513,0.9974068109198071,False
53,z,30,0.013157249999949272,0.16957767169212437,0.9916778624590875,False
53,z,31,0.015445291999640176,51.52861176751344,-1.5288010511200096,False
53,z,33,0.009322167000391346,0.10690136730062066,0.9947537439740147,False
53,z,34,0.009756208999988303,0.020603909666933772,0.998988849366678,False
53,z,35,0.007657916999960435,0.17684264063557148,0.9913213292541289,False
53,z,36,0.02042337500006397,20.017537726833144,0.017625961420446146,False
53,z,37,0.010361665999880643,18.941073341051563,0.07045417038791368,False
53,z,38,0.007706291999966197,169.40582351046953,-7.313703976578109,False
53,z,39,0.15740408300007402,1.355663094988089,0.9334699278327576,False
53,z,40,0.01214429099991321,7487.7545519948335,-366.46655755144747,False
53,z,41,0.014439999999922293,31.76811461028508,-0.5590414502344065,False
53,z,42,7.297873832999812,1.2075685443605553e-07,0.9999999940737767,False
53,z,47,1.0645037089998368,62.200676217381144,-2.052539744493084,False
53,z,50,12.324648750000051,3475.2364953071915,-169.54955297212206,False
53,z,51,0.5287930419999611,80.88145163464151,-2.969311279578134,False
53,z,52,1.9968870420002531,955.7152070695261,-45.90236234410825,False
53,z,53,0.5892703330000586,2722.487872552017,-132.60791136452627,False
53,z,54,0.506854833000034,0.006457138526345532,0.9996831116125091,False
53,z,55,1.013952917000097,11.49724204263221,0.4357651649230041,False
53,z,56,0.9626038330002302,11.409296981970515,0.440081127535106,False
53,z,57,0.577239291999831,15.804628944567453,0.2243772747477506,False
53,z,58,0.48926358300013817,5.078313498968069,0.7507783719839365,False
53,z,59,5.345329457999924,1.8607313982288516,0.9086833633919148,False
54,x,0,0.02934795800001666,8.372587988650807,0.9857512151747496,False
54,x,1,0.008708082999874023,2.445368347815564,0.9958383802650109,False
54,x,2,0.14414491600018664,0.4853546346981875,0.9991740052462719,False
54,x,3,0.01569266599972252,195.76877452385673,0.6668333438269551,False
54,x,4,0.015618958999766619,1.352670434276741,0.9976979746305905,False
54,x,5,0.027887416999874404,2173.7101620139197,-2.6993016272842434,False
54,x,6,0.02344150000044465,1.4283649114789367,0.9975691549251928,False
54,x,7,0.009771957999873848,5.42163083436881,0.9907732649372476,False
54,x,8,0.018508374999782973,82.20642552689398,0.8600980162676755,False
54,x,9,0.020624416999908135,446.5732144859831,0.24000492433683795,False
54,x,10,0.007834332999664184,5.033748319847215,0.9914333779745053,False
54,x,11,0.0450705419998485,6.010411190977345,0.9897712564039218,False
54,x,19,0.014144999999643915,0.06826889714064319,0.999883817425755,False
54,x,20,0.015903125000022555,14.684995901681726,0.9750085222100526,False
54,x,21,0.020738415999858262,4.3396325886246085,0.992614650206152,False
54,x,22,0.013553583999964758,2002.9093691247008,-2.4086264203876957,False
54,x,23,0.007760665999740013,28.253974429066698,0.951916324720193,False
54,x,24,0.022818542000095476,5.596475829392786,0.9904757071552039,False
54,x,25,0.017173875000025873,537.2242310402241,0.08573161830261478,False
54,x,26,0.08733708399995521,14.348074301535814,0.9755819080484536,False
54,x,27,0.01325249999990774,7.42616637126616,0.9873618710434439,False
54,x,28,0.024759124999945925,2274.0669700158865,-2.8700926138832896,False
54,x,29,0.016494375000092987,13.58532559681603,0.9768799824531684,False
54,x,30,0.014111709000189876,7.371289431767534,0.987455262680993,False
54,x,31,0.015088916999957291,30.98556385509539,0.9472676032000166,False
54,x,33,0.009455916000206344,2.2449805125338322,0.9961794078123353,False
54,x,34,0.010193416999754845,0.0009138587638207269,0.999998444760819,False
54,x,35,0.007115333000001556,2.286514286164333,0.996108724075808,False
54,x,36,0.0169865419998132,584.5531658933193,0.005185458663064968,False
54,x,37,0.01661304100025518,45.4995278528167,0.9225671939304704,False
54,x,38,0.007412707999719714,163.93988077571396,0.7210009511256543,False
54,x,39,0.14831691700010197,6.134947205436702,0.9895593163352798,False
54,x,40,0.016213290999985475,14898.020576988521,-24.35401118643474,False
54,x,41,0.01546195799983252,2301.1175209602557,-2.916128257860188,False
54,x,42,6.794958041999962,1.8501917621883303e-07,0.9999999996851274,False
54,x,47,1.0424932500000068,51.385797728285155,0.9125497186895302,False
54,x,50,1.972219541999948,480.6421516942776,0.18202512691171946,False
54,x,51,0.6527939160000642,45.57945862237735,0.9224311647435655,False
54,x,52,0.4354460409999774,301.3363427653883,0.4871744896665092,False
54,x,53,0.4975738329999331,10086.850064873031,-16.166180437131352,False
54,x,54,0.47886670900015815,0.00018033962440565794,0.9999996930912513,False
54,x,55,11.439182166999672,129.80228685770203,0.7790975911190323,False
54,x,56,5.0907344170000215,5.668307987999407,0.9903534604887124,False
54,x,57,5.533282708000115,8.70001760442023,0.9851939831520062,False
54,x,59,1.9533762910000405,0.32856247378603437,0.9994408400369187,False
54,y,0,0.03169845900038126,7.048073252957733,0.974495932473853,False
54,y,1,0.008228459000292787,3.5313877491069774,0.9872213655588161,False
54,y,2,0.015428166999754467,240.89987319686978,0.12828280686854332,False
54,y,3,0.012886833000266051,114.70694023383646,0.5849229364615659,False
54,y,4,0.017331250000097498,2.450636514743579,0.9911321581216777,False
54,y,5,0.023011791000044468,1441.3793789407441,-4.215756944051851,False
54,y,6,0.015418750000208092,2.5556177997940583,0.9907522741893157,False
54,y,7,0.01207566700031748,4.748970489886496,0.9828154362608367,False
54,y,8,0.013666041999840672,1.813313139682096,0.9934383683170299,False
54,y,9,0.022325917000216577,187.3573678428455,0.32203103039829617,False
54,y,10,0.00710991699997976,14.003291403612092,0.9493278692306211,False
54,y,11,0.04400508299977446,7.531119529255124,0.9727479874104596,False
54,y,19,0.012673957999595586,0.014518548401933206,0.9999474633668615,False
54,y,20,0.02618995900002119,276.3509485662549,-2.7071012098645042e-11,False
54,y,21,0.023723250000330154,276.3509487021291,-5.187434926057222e-10,False
54,y,22,0.01353987499987852,1102.0295507998496,-2.9877900059585687,False
54,y,23,0.007747416000256635,0.6315655900167491,0.9977146248518035,False
54,y,24,0.01798762499993245,265.8739251257099,0.03791202269325844,False
54,y,25,0.020834416000070632,255.48208934211797,0.07551578645013224,False
54,y,26,0.011400458000025537,2.9520165955111275,0.9893178705884438,False
54,y,27,0.012589833000220096,19.733474295466372,0.9285927028715463,False
54,y,28,0.020491625000431668,1479.5268262453203,-4.353796807868214,False
54,y,29,0.0150031250000211,10.235486112903233,0.9629620011572844,False
54,y,30,0.01312099999995553,15.971089357026674,0.9422072207809702,False
54,y,31,0.019749666999814508,0.09606488387573915,0.9996523808426324,False
54,y,33,0.009915250000176457,3.339253655140389,0.9879166195283379,False
54,y,34,0.009918083000229672,0.0824107827140839,0.9997017893980684,False
54,y,35,0.007194000000254164,4.095097309370777,0.9851815333700588,False
54,y,36,0.015129500000057305,276.2614701063472,0.00032378558095536025,False
54,y,37,0.009575042000051326,6.105256248472642,0.9779075980006119,False
54,y,38,0.007906332999937149,212.9400272592473,0.22945794697006627,False
54,y,39,0.025886667000122543,0.03143417663945291,0.9998862526913572,False
54,y,40,0.013446666000163532,1295.7501342149078,-3.6887848258618634,False
54,y,41,0.017497290999926918,1472.5170598512775,-4.328431357050693,False
54,y,42,3.54498062499988,2.660367727635217e-07,0.9999999990373227,False
54,y,47,1.7584379170002649,288.0769155724231,-0.042431433924155826,False
54,y,51,0.6829172500001732,4198.037354675997,-14.190964158326969,False
54,y,52,0.46797166600026685,5.371795058546997,0.9805616912604715,False
54,y,53,0.8199829999998656,1040.0573488418363,-2.7635381903552276,False
54,y,54,0.45996741699991617,5.463532093509428e-05,0.999999802297328,False
54,y,55,10.32609791699997,3.521602280155684,0.9872567751313265,False
54,y,56,4.79972858400015,547.4167531874186,-0.9808752459230132,False
54,y,57,1.272589582999899,17.116639182179696,0.9380619488681096,False
54,y,58,0.5992943749997721,6135.020857272839,-21.200107831249444,False
54,y,59,1.1001874999997199,0.2872171389289215,0.9989606797428168,False
54,z,0,0.028012582999963342,6.58913115707313,0.9865147891565829,False
54,z,1,0.008494624999912048,3.1209482609577477,0.9936127170142556,False
54,z,2,0.015865041999859386,488.2629396708455,0.0007288470164910077,False
54,z,3,0.016399041000113357,159.10440969117602,0.6743794500888363,False
54,z,4,0.017623624999941967,1.3010670907650634,0.9973372568215516,False
54,z,5,0.02862116700043771,1734.600329878688,-2.5500053982633863,False
54,z,6,0.15051279100043757,1.4286023481946237,0.9970762451956773,False
54,z,7,0.012868207999872538,3.9460395898883163,0.9919240982463988,False
54,z,8,0.012341542000285699,1.6203196451934303,0.9966838796302137,False
54,z,9,0.021889249999730964,374.305885204165,0.23395153904445976,False
54,z,10,0.00712283299981209,3.750724906128906,0.9923238261662906,False
54,z,11,0.0435053340002014,5.634751464666416,0.9884680074292173,False
54,z,19,0.014560125000116386,0.06389742241277209,0.9998692285533485,False
54,z,20,0.017418666000139638,14.254066322463764,0.9708278549702054,False
54,z,21,0.020471416999953362,3.3883247186221492,0.9930655086160285,False
54,z,22,0.015600958000050014,1181.4088297366404,-1.417852487906778,False
54,z,23,0.007391000000097847,26.819130984204534,0.94511239382889,False
54,z,24,0.016960957999799575,4.245703017704618,0.9913108118494773,False
54,z,25,0.01697033399977954,446.58396648873685,0.08602836947242665,False
54,z,26,0.08508304199995109,15.135218307499642,0.969024503356761,False
54,z,27,0.012724749999961205,5.01490262872154,0.9897365801809966,False
54,z,28,0.024769291000211524,1816.214404247142,-2.7170354625333184,False
54,z,29,0.016540291999717738,10.468181170408222,0.9785759872030306,False
54,z,30,0.013301375000082771,5.343175252372048,0.9890647426597027,False
54,z,31,0.019276541999715846,13.602003603667201,0.9721623561413748,False
54,z,33,0.008982791999642359,1.4493330308148955,0.9970338181109223,False
54,z,34,0.00980691700033276,0.0003507409218387849,0.9999992821792176,False
54,z,35,0.007933666000099038,1.4285888040844779,0.9970762729148372,False
54,z,36,0.016369249999570457,485.73957813716197,0.005893118527365626,False
54,z,37,0.009413999999651423,33.95591646799282,0.9305063623660296,False
54,z,38,0.008383041999877605,124.69053085475622,0.7448103462094524,False
54,z,39,0.15437166699985028,6.747383146915171,0.9861909131555535,False
54,z,40,0.013120541999796842,1279.0632423133836,-1.6177104527879003,False
54,z,41,0.016365749999749823,1840.5269682046994,-2.7667931685640728,False
54,z,42,6.1086395000002085,2.4728132338737056e-08,0.9999999999493918,False
54,z,47,0.6636337079999066,466.32732512900657,0.04562192624425698,False
54,z,50,12.518874791999679,8048.506909521493,-15.471946006582225,False
54,z,51,1.0601680409999972,45.75157675955933,0.9063655519500239,False
54,z,52,0.3895687919998636,302.5311624862947,0.3808445429937426,False
54,z,53,0.5096787910001694,2722.5544131283764,-4.57193648426637,False
54,z,54,0.4468430420001823,0.0001532741055181111,0.9999996863116577,False
54,z,55,1.0445632500000102,5.435160791515537,0.9888764865208696,False
54,z,56,11.876795958000002,0.37051153720621466,0.9992417169912029,False
54,z,57,0.9572741670003779,17.66347355541609,0.963850216448307,False
54,z,58,0.4324138749998383,2.596385191369854,0.9946862794347683,False
54,z,59,1.3254250420000062,0.7686570136865339,0.9984268788025706,False
55,x,0,0.03459625000004962,10.4311339250779,0.9846730064445914,False
55,x,1,0.009149541000169847,0.6899149114244045,0.9989862730670382,False
55,x,2,0.01767070899995815,680.4480097699776,0.00018326526690104483,False
55,x,3,0.01626716700002362,227.0076053656945,0.6664462244028994,False
55,x,4,0.01599587500004418,2.750609847615267,0.9959583895949713,False
55,x,5,0.02616416599994409,2865.0839862298158,-3.2098130565724405,False
55,x,6,0.014789457999995648,2.9021611970948182,0.9957357075190368,False
55,x,7,0.010366500000145606,8.737391265849034,0.9871617083449773,False
55,x,8,0.012917542000195681,1.8776939084376914,0.9972410092095103,False
55,x,9,0.022067917000185844,528.5825138204219,0.22332693252552926,False
55,x,10,0.007231457999751001,7.956527931079759,0.9883090704041385,False
55,x,11,0.04263062500012893,6.194227175474007,0.9908985081889342,False
55,x,19,0.013313250000010157,0.09113850158985302,0.9998660855822051,False
55,x,20,0.02439370800038887,680.5727356315878,-7.606297813822493e-10,False
55,x,21,0.021721374999742693,680.5727360170126,-1.3269541021543318e-09,False
55,x,22,0.01799433299993325,2000.4742972173597,-1.9393982362259803,False
55,x,23,0.007243416999699548,24.08631732570707,0.9646087536526494,False
55,x,24,0.019929583999783063,7.687351238596895,0.9887045853558767,False
55,x,25,0.01845724999975573,615.0237894605648,0.09631438679715332,False
55,x,26,0.09156008399986604,10.151550940667898,0.9850838118882788,False
55,x,27,0.01272766700003558,12.644747141648061,0.9814204323957653,False
55,x,28,0.023985167000319052,3017.8216614840094,-3.4342382610711555,False
55,x,29,0.01542854100034674,17.92513017016623,0.9736616980884994,False
55,x,30,0.013121124999997846,11.338807694145135,0.983339315389637,False
55,x,31,0.016917291000027035,4.464292982475999,0.9934403881434822,False
55,x,33,0.008864417000040703,4.480746400608009,0.9934162123026307,False
55,x,34,0.009930749999966793,0.0001476421461113495,0.9999997830619146,False
55,x,35,0.011175209000157338,4.839602992739173,0.9928889261308286,False
55,x,36,0.015028333999907773,675.1686280986053,0.007940528229380406,False
55,x,37,0.00954920900039724,21.570719252952536,0.9683050493503215,False
55,x,38,0.007186249999904248,153.24951918968014,0.7748227172749919,False
55,x,39,0.15758533300004274,3.3325217319086264,0.9951033569816006,False
55,x,40,0.013737249999849155,1082.8528253348243,-0.5910905175382357,False
55,x,41,0.01405554100028894,3082.350869743808,-3.529054296052334,False
55,x,42,7.121384042000045,2.2716663114043374e-07,0.9999999996662126,False
55,x,47,1.026187666000169,372.6449976527375,0.4524538253940502,False
55,x,50,0.8281969580002624,171.75439902576457,0.747632559807125,False
55,x,51,0.4695527500002754,78.45052567571685,0.8847286680348946,False
55,x,52,0.45224258300004294,902.123025200747,-0.3255350657703575,False
55,x,53,0.4325572919997285,10719.06705181742,-14.750068286269373,False
55,x,54,8.157089583000015,0.0021773983070763484,0.9999968006383525,False
55,x,55,0.6622341250003956,8.40389793419846,0.9876517269931601,False
55,x,56,1.2658574170000065,114.41119497827361,0.8318898347299766,False
55,x,57,2.595194958999855,11.3836754336629,0.9832733889468003,False
55,x,59,1.0615341669999907,1.1338408180458908,0.9983339902415337,False
55,y,0,0.02774370799988901,2.5041403761100054,0.985313080771576,False
55,y,1,0.007963042000028508,0.37887564106923377,0.9977778738000921,False
55,y,2,0.015509584000028553,170.43693106128052,0.0003781481587628033,False
55,y,3,0.015925124999739637,55.51064492856356,0.6744270544249538,False
55,y,4,0.0168148329998985,0.5144451622006365,0.996982751200062,False
55,y,5,0.02722695800002839,684.213590740503,-3.0129498482054204,False
55,y,6,0.015459583999927418,0.5414029004323413,0.9968246426020907,False
55,y,7,0.010470749999967666,1.8239205499935256,0.9893026069734835,False
55,y,8,0.012592957999913779,0.4688657009826695,0.9972500772141185,False
55,y,9,0.022246499999710068,133.37670176610945,0.21773840457161664,False
55,y,10,0.007316458999866882,1.6682501556709495,0.9902156222858376,False
55,y,11,0.044857208999928844,1.5962729305681227,0.9906377726179262,False
55,y,19,0.013565707999987353,0.023099106958619404,0.9998645224838885,False
55,y,20,0.019753666000269732,3.587031266324949,0.9789618669220995,False
55,y,21,0.018943250000120315,1.3126190381110197,0.9923014180936711,False
55,y,22,0.01176412499989965,511.10302057147607,-1.997646957874477,False
55,y,23,0.007103292000010697,7.042225650970314,0.95869696431124,False
55,y,24,0.018309417000182293,1.7559028165852835,0.9897015346718656,False
55,y,25,0.01760941600014121,154.02279902742626,0.09664792348197881,False
55,y,26,0.08800154200025645,3.1928308303329915,0.9812738738760456,False
55,y,27,0.013204916000177036,2.5955814045138244,0.9847767741766489,False
55,y,28,0.023011709000002156,720.6832221620302,-3.226846216032218,False
55,y,29,0.015574167000067973,4.18468831194548,0.975456575909236,False
55,y,30,0.013314792000073794,2.4349477186588384,0.9857188994632438,False
55,y,31,0.01805070800037356,138.08934769478233,0.19009848040167054,False
55,y,33,0.009878124999886495,0.8383544405016619,0.9950830057013155,False
55,y,34,0.010100541000156227,0.00030947786159131544,0.9999981848955436,False
55,y,35,0.00798254099981932,0.8841372205243695,0.9948144872114333,False
55,y,36,0.014808500000071945,168.99312511715544,0.008846148389574093,False
55,y,37,0.01017479199981608,25.2650370533441,0.8518191863181301,False
55,y,38,0.007383332999779668,146.91299368819472,0.13834731771055742,False
55,y,39,0.152502750000167,1.2386480021341362,0.9927352622347584,False
55,y,40,0.01677700000027471,4102.94508604307,-23.063995633895974,False
55,y,41,0.015532583000094746,737.432419752186,-3.325081169030204,False
55,y,42,6.627327250000235,3.189728699015232e-08,0.9999999998129206,False
55,y,47,0.7957460000002357,7.894103111471911,0.9537006567662383,False
55,y,51,9.219621791000009,3129.3853844734404,-17.354015140225105,False
55,y,52,0.4859089589999712,17.63415184506518,0.8965747422624285,False
55,y,53,0.5526429579999785,2184.8774666028894,-11.81442493485463,False
55,y,54,0.6299943330000133,0.001064276761847437,0.9999937579590238,False
55,y,55,3.666757291000067,0.07933963368730018,0.9995346687419384,False
55,y,56,11.3102429999999,987.1081457244622,-4.789442854036583,False
55,y,57,1.21492304100002,12.763378989533392,0.9251420894413922,False
55,y,58,0.5703987499996401,10864.01722604293,-62.71805072004888,False
55,y,59,1.1321539579998898,0.8506637426409452,0.9950108109761305,False
55,z,0,0.029800375000377244,0.03598438741766724,0.9936025968498905,False
55,z,1,0.008159457999681763,0.391511030342518,0.9303960945688865,False
55,z,2,0.015930790999846067,5.592686957748839,0.005716764167761901,False
55,z,3,0.014973958000155108,1.232410264235362,0.7808987210165557,False
55,z,4,0.02717370900018068,0.0010964650575670885,0.999805067432944,False
55,z,5,0.1446128329998828,0.2947346256993857,0.9476012693780117,False
55,z,6,0.030060625000260188,0.0013841683352562666,0.9997539187546679,False
55,z,7,0.01263233300005595,0.007217138398573122,0.9987169173288986,False
55,z,8,0.012230959000135044,0.07532839536433661,0.9866079111420443,False
55,z,9,0.020092792000014015,4.764394971722842,0.15297278659518865,False
55,z,10,0.007206499999938387,0.19663912063495992,0.9650409574801533,False
55,z,11,0.0429988749997392,0.36654188287482214,0.9348351781306358,False
55,z,19,0.021817041999838693,0.0014279880347971951,0.9997461283682255,False
55,z,20,0.01775687500003187,0.5721005457689476,0.8982903949093007,False
55,z,21,0.019113083999855007,0.002109066641568576,0.999625044344372,False
55,z,22,0.012890791000245372,357.9928553057278,-62.644952286311465,False
55,z,23,0.006995582999934413,0.9546932793073826,0.830272008759253,False
55,z,24,0.146194166999976,0.03253140654102141,0.9942164772664479,False
55,z,25,0.015404041999772744,5.0378367530129795,0.1043595562880294,False
55,z,26,0.015252375000272878,11.069193519624985,-0.967911602042546,False
55,z,27,0.013774916999864217,0.1090098625194889,0.9806199274763033,False
55,z,28,0.018473707999874023,12.046035967837616,-1.1415773333171049,False
55,z,29,0.01621274999979505,0.0123793634315063,0.9977991627954131,False
55,z,30,0.012828874999740947,0.12484487441888349,0.977804735603467,False
55,z,31,0.015713666000010562,44.82387450100425,-6.968911422736945,False
55,z,33,0.00939566700026262,0.002878032790653924,0.9994883354320488,False
55,z,34,0.009356667000247398,0.00012159798260767767,0.9999783819769403,False
55,z,35,0.0079835000001367,0.011006694417787287,0.9980431996598037,False
55,z,36,0.01472433299977638,5.482862752377757,0.02524161279848469,False
55,z,37,0.009735000000091532,32.2662490290938,-4.736382303387442,False
55,z,38,0.007881125000039901,137.45542241109888,-23.437202226782,False
55,z,39,0.15774950000013632,0.5071104905224143,0.9098445052887326,False
55,z,40,0.011538332999862178,6393.460007030721,-1135.6468661627512,False
55,z,41,0.014183582999976352,9.452883030429957,-0.6805594874959284,False
55,z,42,5.662195791000158,2.2585019837438613e-07,0.9999999598477319,False
55,z,47,0.900006416999986,9.100767949536372,-0.6179595020754809,False
55,z,50,12.36891975000026,9688.270490766336,-1721.4073161882375,False
55,z,51,0.7216025000002446,83.59867234378213,-13.86240139618191,False
55,z,52,0.5148252919998413,928.2129233832354,-164.0202408922726,False
55,z,53,0.45498016700003063,2847.749959524693,-505.28080312527555,False
55,z,54,0.48038904199984245,0.0019875889985120705,0.999646640973136,False
55,z,55,0.7381614169999011,0.06649127763911505,0.9881789981836834,False
55,z,56,0.7677694580002026,19.963411192044568,-2.5491500289988154,False
55,z,57,1.2306934580001325,13.496502533859397,-1.3994452600624832,False
55,z,58,0.4675859999997556,5.096803379093088,0.09387630767641042,False
55,z,59,2.4726502500002425,0.928238203876732,0.8349752646722142,False
56,x,0,0.03488225000000966,7.894194267859534,0.937840464808887,False
56,x,1,0.008127666999826033,24.0285925920205,0.8107968848831488,False
56,x,2,0.013934084000084113,126.39885026441004,0.004725053053810435,False
56,x,3,0.01530370899990885,20.185789946438906,0.8410554290962111,False
56,x,4,0.01614658300013616,0.6909336680465523,0.9945595314485072,False
56,x,5,0.14514937500007363,20.59022668371345,0.8378708609502828,False
56,x,6,0.015170250000210217,0.7796053517010416,0.9938613233155991,False
56,x,7,0.013474875000156317,0.6584227226588418,0.9948155253074564,False
56,x,8,0.011755042000004323,2.217614172855992,0.9825383235399743,False
56,x,9,0.01791175000016665,105.57219100084235,0.16871588169072327,False
56,x,10,0.007353500000135682,14.736724391809435,0.8839618196167363,False
56,x,11,0.04365741700030412,21.23353434215349,0.8328054035170496,False
56,x,19,0.015550666999843088,0.0128563193353233,0.9998987682837492,False
56,x,20,0.01796245800005636,23.715767735920128,0.8132600935389827,False
56,x,21,0.16201974999967206,2.5446815467022166,0.9799629681275501,False
56,x,22,0.014847208999981376,241.93368386965471,-0.905005732838267,False
56,x,23,0.00722558300003584,41.304081131165525,0.6747682667169255,False
56,x,24,0.0191024999999172,90.28175703919938,0.2891140167854964,False
56,x,25,0.014829875000032189,119.8762541441432,0.05608451157712768,False
56,x,26,0.01568875000020853,59.638067412011445,0.5304049502404703,False
56,x,27,0.012721374999728141,10.880961923915972,0.9143224105370028,False
56,x,28,0.0174078750001172,116.0491217989387,0.08621966655568525,False
56,x,29,0.024846082999829378,1.503559649407543,0.9881608476092613,False
56,x,30,0.012646124999719177,9.478006523406055,0.9253693967943101,False
56,x,31,0.014441625000017666,7.892445584824687,0.9378542340829832,False
56,x,33,0.008889374999853317,2.1690137764755004,0.9829210070598636,False
56,x,34,0.009243042000434798,0.05945586247114868,0.9995318396469365,False
56,x,35,0.007883624999976746,3.7656947433941057,0.9703486097531189,False
56,x,36,0.01522033300034309,124.40465860455981,0.020427482263459917,False
56,x,37,0.010198916999797802,97.89418334523228,0.22917314570937786,False
56,x,38,0.007452041999840731,60.574336809942224,0.5230326879659039,False
56,x,39,0.15592299999980241,27.85483010307922,0.7806687759022815,False
56,x,40,0.015402499999709107,6667.320510041924,-51.499030276176924,False
56,x,41,0.016586499999903026,103.71817376439867,0.18331456595706597,False
56,x,42,6.462416083999869,3.6293855802073504e-06,0.9999999714219193,False
56,x,52,0.5328796250000778,7.439732974212363,0.9414189304276613,False
56,x,53,0.5328463749997354,3359.7779319403226,-25.45516787508645,False
56,x,57,0.9373304999999164,9.949784734991448,0.9216545763388725,False
56,y,0,0.03026625000029526,11.674832779722182,0.9785598165275686,False
56,y,1,0.008562833999803843,3.091945965927071,0.9943218125649336,False
56,y,2,0.014617416999954003,520.0660930297565,0.04492743812867972,False
56,y,3,0.015082375000019965,221.43336555975316,0.5933498942473023,False
56,y,4,0.020120832999964477,3.8899980360342648,0.9928562341599588,False
56,y,5,0.024031834000197705,2508.848331625531,-3.607360940362403,False
56,y,6,0.016279957999813632,3.9775202375670977,0.9926955044866367,False
56,y,7,0.010889791999943554,6.248924943568212,0.9885241956074728,False
56,y,8,0.019750667000153044,36.482710989691654,0.9330015228527075,False
56,y,9,0.02195129200026713,358.71323746398855,0.34124301646736177,False
56,y,10,0.007670417000099405,18.91465220822848,0.9652642893210417,False
56,y,11,0.04550724999990052,8.79685669887448,0.9838450601252171,False
56,y,19,0.01217170800009626,0.22771090686176942,0.9995818215374982,False
56,y,20,0.01584312500017404,0.7016220860753906,0.9987115099173074,False
56,y,21,0.021069791999707377,3.226776787848444,0.99407420323174,False
56,y,22,0.01174408399992899,2456.623219788213,-3.5114524163786527,False
56,y,23,0.008368834000066272,4.56172877961493,0.9916226378714144,False
56,y,24,0.020467709000058676,6.892215600282715,0.9873428279625319,False
56,y,25,0.020677207999597158,510.34261970402804,0.06278405809286414,False
56,y,26,0.011699958000008337,4.171599600685103,0.9923390884906244,False
56,y,27,0.013317624999672262,28.671515519758135,0.9473463504981433,False
56,y,28,0.020070874999873922,2598.9898236225936,-3.7729007954815676,False
56,y,29,0.015021499999875232,16.37976378343389,0.9699194714495716,False
56,y,30,0.018998708000253828,23.1032523454319,0.9575721572683863,False
56,y,31,0.015716957999757142,11.81046241433473,0.9783107402191317,False
56,y,33,0.008906124999612075,4.253912875800728,0.9921879247220297,False
56,y,34,0.009614582999802224,0.5644993926621423,0.9989633281454983,False
56,y,35,0.007795707999775914,4.795336812479321,0.9911936296637811,False
56,y,36,0.015056707999974606,544.5055088356607,4.580524159203403e-05,False
56,y,37,0.015604209000230185,114.27509377956764,0.7901401225019059,False
56,y,38,0.007337916999858862,91.32381438036828,0.8322888753389103,False
56,y,39,0.02583424999966155,0.2399808638834476,0.9995592884413325,False
56,y,40,0.014995874999840453,16280.806606039008,-28.898799177572048,False
56,y,41,0.01550649999990128,2499.4913787040873,-3.5901774148109995,False
56,y,42,6.346376249999594,2.7507147046514827e-08,0.9999999999494846,False
56,y,52,0.46453799999972034,2.0125851720143366,0.9963039988532573,False
56,y,53,0.7118423329998222,543.0305461561823,0.0027544924716059738,False
56,y,57,2.1270297089999985,11.046775418237857,0.9797132090699289,False
56,y,58,0.4884662079998634,871.6237776191684,-0.600688769054337,False
56,z,0,0.02796870800011675,0.6309770339487683,0.9888591742694326,False
56,z,1,0.01156020799999169,1.4303507500415489,0.9747450579301223,False
56,z,2,0.014639041000009456,56.63626158682747,3.666661332002441e-06,False
56,z,3,0.016609875000085594,17.606104407509353,0.689138383102921,False
56,z,4,0.16903320800020083,0.03533566156655749,0.9993760970266641,False
56,z,5,0.029603292000047077,160.54422622090763,-1.8346439729867465,False
56,z,6,0.042057666999880894,0.03401604553067486,0.9993993967848106,False
56,z,7,0.010746582999672682,0.22633909134567032,0.9960036511045157,False
56,z,8,0.02074404199993296,13.451645866704986,0.7624914468718426,False
56,z,9,0.021165583000311017,43.80251414145218,0.2266023161624966,False
56,z,10,0.007524750000357017,0.5832491360871723,0.9897018803648268,False
56,z,11,0.04529320800020287,1.411209110647427,0.9750830316711835,False
56,z,19,0.018995165999967867,0.0140381021218396,0.9997521367008423,False
56,z,20,0.0159555420000288,3.1353479983488097,0.9446408287862919,False
56,z,21,0.017225333000169485,0.25017149565842073,0.9955828550233539,False
56,z,22,0.014579208000213839,435.4887839146309,-6.689193723655526,False
56,z,23,0.008551041999908193,5.469066048660287,0.9034356109987443,False
56,z,24,0.022793875000388653,0.2920308640764508,0.9948437664295608,False
56,z,25,0.016193625000141765,52.63901841458398,0.07058086232560568,False
56,z,26,0.09052108400010184,4.626324370082522,0.9183154523745289,False
56,z,27,0.013525291999940237,0.3166175357644906,0.9944096526507171,False
56,z,28,0.02036062499973923,166.37013522439162,-1.9375089481567125,False
56,z,29,0.02093820899972343,0.7814383582154992,0.9862025587308991,False
56,z,30,0.01379633400028979,0.500578489708294,0.9911615519769241,False
56,z,31,0.015886457999840786,45.83541357829799,0.19070849256018318,False
56,z,33,0.009184624999761581,0.03577262960717278,0.9993683817144919,False
56,z,34,0.010129959000096278,0.003723114934116257,0.9999342629407661,False
56,z,35,0.0076284169999780715,0.036023112497010006,0.9993639590713941,False
56,z,36,0.01577587500014488,56.33569044729469,0.005310691331020245,False
56,z,37,0.012996500000099331,23.334195924249446,0.5880005192453837,False
56,z,38,0.007635624999693391,170.1049076793162,-2.0034518380321895,False
56,z,39,0.15630270800011203,2.1779135737966877,0.9615457389470116,False
56,z,40,0.012919083000269893,8669.836012512986,-152.0786810472843,False
56,z,41,0.017680208000001585,167.96324879802063,-1.9656377067927102,False
56,z,42,6.959913082999719,4.574228043155628e-09,0.9999999999192353,False
56,z,52,0.3736196669997298,10.158511739472617,0.820636563801501,False
56,z,53,0.45887066700015566,294.9613671069938,-4.207975903059196,False
56,z,57,1.961121125000318,7.179521182857691,0.8732350148680222,False
56,z,58,0.47863004100008766,5.528290684440955,0.9023899131196004,False
57,x,0,0.029031166000095254,4.205096158403427,0.9932235675732818,False
57,x,1,0.008633832999748847,1.060092212594972,0.9982916815753703,False
57,x,2,0.014926999999715918,620.2855953802047,0.0004215684911871298,False
57,x,3,0.015810583000074985,207.88615182397223,0.6649954228821982,False
57,x,4,0.016032375000122556,26.429229727523047,0.9574097993024799,False
57,x,5,0.02565791699998954,3661.6511229835464,-4.9006810951347495,False
57,x,6,0.01610900000014226,27.82968019313387,0.9551530000309073,False
57,x,7,0.011214790999929392,51.91364685534411,0.9163421461274459,False
57,x,8,0.020157083999947645,43.11446961897354,0.9305218527754913,False
57,x,9,0.02135287500004779,488.7279652201027,0.21242418565312093,False
57,x,10,0.011513250000007247,6.664437395226014,0.9892603859770023,False
57,x,11,0.04438279199985118,5.866663247449028,0.9905459838326875,False
57,x,19,0.013521750000109023,0.08912665239055484,0.9998563740959556,False
57,x,20,0.015685458000007202,16.16985373981039,0.973942588447408,False
57,x,21,0.02065058299967859,5.0474298373613005,0.9918661628811679,False
57,x,22,0.01630816600027174,3328.922703364908,-4.36449557949829,False
57,x,23,0.007574332999865874,24.32971580725796,0.9607931260264597,False
57,x,24,0.016619208000065555,555.9385014672375,0.10411568566030904,False
57,x,25,0.01824491700017461,558.2580343596061,0.10037780255024698,False
57,x,26,0.012082167000244226,42.29956463198647,0.9318350566525244,False
57,x,27,0.012896415999875899,10.405135002399597,0.9832323229770298,False
57,x,28,0.02040379199979725,3825.805940839622,-5.165213459870081,False
57,x,29,0.01628587499999412,15.902323101753767,0.9743737089789193,False
57,x,30,0.013402041000063036,8.874310447702646,0.9856992176118491,False
57,x,31,0.015297000000373373,28.681753584084696,0.9537798999782858,False
57,x,33,0.00900599999977203,42.706005661928515,0.9311800846682705,False
57,x,34,0.010359875000176544,1.0863101503746484e-06,0.9999999982494319,False
57,x,35,0.008214707999741222,45.690646978534325,0.9263703919910763,False
57,x,36,0.014721334000114439,614.7358626107224,0.009364857225164003,False
57,x,37,0.014563583999915863,137.88860156883885,0.7777951429056799,False
57,x,38,0.009063167000022077,156.45373589827372,0.7478777822705485,False
57,x,39,0.1551427499998681,3.9374979269407673,0.9936547970302806,False
57,x,40,0.017974417000004905,18600.601013952724,-28.974514522220463,False
57,x,41,0.014332457999898907,3962.882587875356,-5.386109867687641,False
57,x,42,7.115825208999922,5.633506021381493e-07,0.9999999990921712,False
57,x,51,0.4692884999999478,0.62762193662093,0.998988599194209,False
57,x,52,0.3879906249999294,0.7149273536862238,0.998847908176229,False
57,x,53,0.4223307500001283,3362.595877550222,-4.418759258820799,False
57,x,57,1.8742593749998377,6.646065707615268,0.989289991601932,False
57,y,0,0.030197916000361147,0.34103858289880895,0.9915056830099295,False
57,y,1,0.008855084000060742,0.08138845321733515,0.9979728413275611,False
57,y,2,0.015033083999696828,0.002883120840074059,0.999928189525865,False
57,y,3,0.01572341700011748,15.161690497569653,0.6223647069577727,False
57,y,4,0.014220000000022992,3.9999570575720313,0.9003722602150024,False
57,y,5,0.025317999999970198,332.715741838244,-7.287018303729864,False
57,y,6,0.015122124999834341,4.204406126039642,0.8952800058984173,False
57,y,7,0.01211025000020527,7.012672494389914,0.8253339472367807,False
57,y,8,0.019810708000022714,2.247397153511937,0.9440236243587223,False
57,y,9,0.022461583000222163,30.193702911281367,0.24795933218928634,False
57,y,10,0.007217416000003141,1.1019683684291037,0.9725530508750528,False
57,y,11,0.04327620799995202,0.5583613737674556,0.9860927802846303,False
57,y,19,0.012460041999929672,0.002279450304723898,0.9999432252700359,False
57,y,20,0.027900166000108584,40.14902944547499,-1.6048784523547965e-10,False
57,y,21,0.023270208000212733,40.14902945961086,-5.125724289456457e-10,False
57,y,22,0.012364582999907725,447.6745474820555,-10.150320536686309,False
57,y,23,0.007400125000003754,0.5166421855904587,0.9871318885460231,False
57,y,24,0.022468750000371074,37.301984989200385,0.07091191218344473,False
57,y,25,0.021287999999913154,36.36402856262296,0.09427378268648601,False
57,y,26,0.01121441599980244,5.708570708368479,0.857815474293413,False
57,y,27,0.012805209000362083,1.67118607008069,0.9583754304044017,False
57,y,28,0.017868874999749096,342.7505492637938,-7.536957282722815,False
57,y,29,0.015028625000013562,1.3592604591004347,0.9661446247121728,False
57,y,30,0.013146125000275788,1.1746696029666432,0.970742266516045,False
57,y,31,0.02101504099982776,137.91854649751392,-2.435165144077782,False
57,y,33,0.009267165999972349,6.334164821952754,0.8422336751235409,False
57,y,34,0.01097612500007017,0.0008537709813660849,0.9999787349534149,False
57,y,35,0.007307459000003291,6.947332899356394,0.8269613737511062,False
57,y,36,0.01495091600008891,39.951144078930106,0.004928770704207275,False
57,y,37,0.009780124999906548,18.64013680829288,0.5357263408671201,False
57,y,38,0.007649165999737306,166.42401963283356,-3.1451567312618884,False
57,y,39,0.037809624999681546,0.0021169248552994615,0.9999472733242901,False
57,y,40,0.012534708999737632,4468.5995799103275,-110.30031391409213,False
57,y,41,0.017046958000264567,354.41410154455656,-7.827463739385092,False
57,y,42,7.210627916999783,9.697719127234124e-11,0.9999999999975846,False
57,y,51,0.5613767499999085,31.016961559455478,0.2274542624609035,False
57,y,52,0.4490087079998375,45.76069798728593,-0.13977096399742628,False
57,y,53,0.5371989579998626,932.7206685940629,-22.231462419544947,False
57,y,57,0.9426192079999964,6.36350596046623,0.8415028694496943,False
57,y,58,0.6218077919997995,3113.187488542395,-76.54079070005777,False
57,z,0,0.03725304099998539,0.35681449433746854,0.7894877109227665,False
57,z,1,0.008504791000177647,0.05570719639865986,0.9671340441095824,False
57,z,2,0.01651495799978875,1.6897837938627007,0.003066691132743715,False
57,z,3,0.01528433400017093,0.41031605449496683,0.7579230293397751,False
57,z,4,0.01386483300029795,0.14341821000203994,0.9153865771654038,False
57,z,5,0.022324957999899198,1.6683461206771972,0.015714421890289376,False
57,z,6,0.01492637499995908,0.15274991891312875,0.9098810849977629,False
57,z,7,0.015464958999928058,0.21579339570911948,0.8726868935556417,False
57,z,8,0.012623125000118307,0.09864703157154336,0.9418005356947209,False
57,z,9,0.020519291999789857,1.3779139828854994,0.1870626577898663,False
57,z,10,0.007634416999735549,0.015367531517744353,0.9909335122630774,False
57,z,11,0.04442404200017336,0.04545742050958936,0.9731811745349965,False
57,z,19,0.013237875000413624,0.0007716087430410995,0.9995447687093788,False
57,z,20,0.015777874999912456,0.03817548323495781,0.9774773489027051,False
57,z,21,0.017634833999636612,0.0010645192631347415,0.9993719582853118,False
57,z,22,0.013665874999787775,437.4982220971278,-257.1138201010999,False
57,z,23,0.007852207999803795,0.18845035719870976,0.8888186531071731,False
57,z,24,0.016276625000045897,1.3792126385328616,0.1862964810302674,False
57,z,25,0.015270083999894268,1.5400579677754036,0.09140146139520555,False
57,z,26,0.01832445900026869,0.45044760757444063,0.7342463423299856,False
57,z,27,0.012763124999764841,0.00436888575947598,0.9974224585700984,False
57,z,28,0.016820499999994354,1.1948213963085748,0.2950830440831608,False
57,z,29,0.018127332999938517,0.009263590203866356,0.994534696292228,False
57,z,30,0.01455054099960762,0.0032792688060132133,0.9980653073409049,False
57,z,31,0.016429957999662292,50.59836188291481,-28.851861828955226,False
57,z,33,0.009609957999600738,0.26799993779754144,0.8418862426452938,False
57,z,34,0.010062874999675842,0.0017724682449179045,0.9989542847796943,False
57,z,35,0.007369124999968335,0.3030531107126247,0.8212056823348844,False
57,z,36,0.014438832999985607,1.664137090933034,0.01819765197286516,False
57,z,37,0.009978665999824443,24.557511225961544,-13.488362956824448,False
57,z,38,0.007806292000168469,157.94648714055097,-92.18476992198164,False
57,z,39,0.1587619580000137,0.08023179289073103,0.9526651000835625,False
57,z,40,0.012453040999844234,6758.802190789368,-3986.536782229543,False
57,z,41,0.015633958000307757,0.7754356997301183,0.542510893551299,False
57,z,42,6.149876082999981,3.869810231965101e-10,0.9999999997716902,False
57,z,51,0.6567452079998475,1.9794474142736513,-0.1678281373083801,False
57,z,52,0.3674908329999198,2.33962777399901,-0.3803262090227404,False
57,z,53,0.469603042000017,193.41244649650315,-113.10886467380637,False
57,z,57,1.2371520830001828,7.284920773035995,-3.297934562679732,False
57,z,58,0.45515929200018945,4.367000750846043,-1.5764293184601823,False
58,x,0,0.036305000000083965,5.317531757889849,0.9621937436043476,False
58,x,1,0.009245082999768783,3.403902395385322,0.9757991465655523,False
58,x,2,0.01911100000006627,120.42811864430563,0.14378765600087307,False
58,x,3,0.015519167000093148,66.21040936837063,0.5292613515795797,False
58,x,4,0.015003208000052837,3.0199685367840066,0.9785288156222001,False
58,x,5,0.02137124999990192,961.5490521005321,-5.836361615851439,False
58,x,6,0.014548416000252473,3.287262843164169,0.976628423195749,False
58,x,7,0.011849292000079004,9.237873122337394,0.9343211445243562,False
58,x,8,0.020829583999784518,1.660109044919222,0.988197060016833,False
58,x,9,0.02336583399983283,102.4694837055529,0.27146884116784875,False
58,x,10,0.007622708000326384,10.740019171053916,0.9236412800219522,False
58,x,11,0.04519579200041335,7.021247550330964,0.9500807710811875,False
58,x,19,0.012944749999860505,0.4456830969318699,0.9968313100511691,False
58,x,20,0.016695791000074678,0.7723216941011662,0.9945089952789111,False
58,x,21,0.018569249999927706,2.384125120418124,0.9830494955769458,False
58,x,22,0.012227666999933717,1070.1593135951464,-6.608552094483146,False
58,x,23,0.007764875000248139,0.3308236703731176,0.997647930454704,False
58,x,24,0.021121292000316316,121.6315456212805,0.1352316057662033,False
58,x,25,0.020895417000247107,126.44118425433193,0.10103633630461895,False
58,x,26,0.010950750000120024,5.925399834085214,0.9578719609823113,False
58,x,27,0.013174542000342626,13.81211097263588,0.9017995128995911,False
58,x,28,0.019580499999847234,987.1987374570355,-6.018724152683863,False
58,x,29,0.015167250000104104,9.094414155273933,0.9353411001612942,False
58,x,30,0.01615387500032739,11.416814150572339,0.9188294451918172,False
58,x,31,0.01587424999979703,17.68606653220961,0.8742567047286203,False
58,x,33,0.009127207999881648,7.608487167771083,0.9459056513915524,False
58,x,34,0.009257083000193234,0.28017051491026684,0.9980080611073957,False
58,x,35,0.007946790999994846,9.289411893274556,0.9339547173778748,False
58,x,36,0.01458545800005595,140.52738841137102,0.0008871185378674928,False
58,x,37,0.01546612499987532,169.58305790775452,-0.20569107238647177,False
58,x,38,0.007427165999615681,104.59388110230633,0.2563649327523049,False
58,x,39,0.02243741600022986,0.3930730950225451,0.9972053533689562,False
58,x,40,0.014940083000055893,12064.064315126485,-84.7723337513841,False
58,x,41,0.018354750000071363,1000.2342940666517,-6.111403541897094,False
58,x,42,1.5235878749999756,5.230707154081738e-06,0.9999999628110438,False
58,x,47,0.7689333329999499,13.68380971833602,0.9027117011735489,False
58,x,50,1.251910792000217,744.7663927131154,-4.295093753977056,False
58,x,51,0.4897179999998116,96.33504357434543,0.31508310188196664,False
58,x,52,0.489727541999855,333.2186768104166,-1.369097413028674,False
58,x,53,0.4424787920002018,10692.13658951777,-75.01828737945421,False
58,x,54,8.055320250000022,0.008979173671993078,0.9999361604297782,False
58,x,55,0.7084277909998491,22.814035831421894,0.8377981877056796,False
58,x,56,1.850776125000266,27.487858243342103,0.8045685359615926,False
58,x,57,0.7186420419998285,12.686224508202788,0.9098042704233419,False
58,x,59,1.123514167000394,3.447712044898938,0.9754876714456044,False
58,y,0,0.028704500000003463,10.780468560733574,0.9856540666958288,False
58,y,1,0.008673499999986234,3.290553474095501,0.9956211494512285,False
58,y,2,0.015396458999930474,751.310345955022,0.00020596942670358942,False
58,y,3,0.01580999999987398,231.37429893911292,0.6921024126010702,False
58,y,4,0.01809933300000921,0.6916784949183348,0.9990795600858974,False
58,y,5,0.03023820800035537,2610.9041610303466,-2.4744182728895794,False
58,y,6,0.017186333000154264,0.689496717339064,0.9990824634509469,False
58,y,7,0.010614874999646418,2.2007305337979854,0.9970714136143104,False
58,y,8,0.019880999999713822,120.77984408757747,0.8392741857177054,False
58,y,9,0.022037833000013052,578.2689713131925,0.23047796599981596,False
58,y,10,0.007858832999772858,4.246653015545049,0.9943488355275328,False
58,y,11,0.0459528749997844,5.515796858107683,0.9926599429885647,False
58,y,19,0.015059125000334461,0.03705065675377134,0.9999506954407713,False
58,y,20,0.01596441599986065,17.192006375624317,0.9771220169661337,False
58,y,21,0.019138624999868625,3.4481651127947064,0.9954114103249556,False
58,y,22,0.01453833300001861,2324.51678511962,-2.093312927530424,False
58,y,23,0.007938208000268787,36.739732572633685,0.9511091980714219,False
58,y,24,0.016276083000320796,663.6828908610213,0.1168147809371417,False
58,y,25,0.017314250000254106,684.7416494492919,0.08879118024910182,False
58,y,26,0.08836700000028941,22.612229702161407,0.9699091428783192,False
58,y,27,0.014545166999596404,7.432200915302418,0.9901097194399802,False
58,y,28,0.020331125000211614,2734.802000866874,-2.6392933093327784,False
58,y,29,0.015896833000169863,13.688907800044097,0.9817837084538542,False
58,y,30,0.013787625000077242,7.11317039327331,0.9905342641214325,False
58,y,31,0.015896833000169863,28.75987434921334,0.9617282646922276,False
58,y,33,0.009792999999717722,0.6995386690362706,0.9990691002869545,False
58,y,34,0.010147874999802298,0.2500547418127447,0.9996672437168915,False
58,y,35,0.007691416999932699,0.7097888973199622,0.9990554599622801,False
58,y,36,0.01590124999984255,745.3956954471387,0.008076794449340952,False
58,y,37,0.017918834000283823,27.06144961785222,0.9639884157961424,False
58,y,38,0.007675542000015412,167.65216509783193,0.776899606427707,False
58,y,39,0.14918641700023727,7.9361975452945375,0.9894390341169201,False
58,y,40,0.0176561660000516,15600.007841651517,-19.759456862202608,False
58,y,41,0.01584012500006793,2798.4913734549827,-2.724046906654279,False
58,y,42,7.274137791999692,4.5309345571431554e-08,0.9999999999397053,False
58,y,47,0.7742723340002158,51.60737747720718,0.9313243212834136,False
58,y,51,0.6557135420002851,1707.1028726011175,-1.2716993993096164,False
58,y,52,0.48453937500016764,49.37634188492865,0.9342932356330771,False
58,y,53,0.7682338329996128,1066.2360829540423,-0.4188763360688825,False
58,y,54,0.6070518329997867,0.003153644993763128,0.999995803338186,False
58,y,55,4.994131999999809,2.7393220789731907,0.9963546916701996,False
58,y,56,11.783975458999976,574.168559405941,0.23593452249452296,False
58,y,57,0.8196050419996936,14.200532858919019,0.9811028717230561,False
58,y,58,0.5153475419997449,10676.757138856365,-13.207921015303663,False
58,y,59,2.8801601250002022,1.2172843740590287,0.9983801186057842,False
58,z,0,0.028518083000108163,0.042372365755282006,0.9981677625645653,False
58,z,1,0.00864137500002471,2.557930930971344,0.8893916654064156,False
58,z,2,0.014155833000131679,22.943636448173844,0.007886653104629548,False
58,z,3,0.015342457999850012,5.1560294994589375,0.7770464287579566,False
58,z,4,0.15468695800018395,0.05389400066397912,0.9976695517514366,False
58,z,5,0.15388887499966586,2.0554510146664002,0.9111195651070179,False
58,z,6,0.15922195900020597,0.01552412169529508,0.9993287163363349,False
58,z,7,0.012363291999918147,0.2585548317537666,0.9888197452889986,False
58,z,8,0.01800645799994527,9.113044376640085,0.6059398440462107,False
58,z,9,0.020120249999763473,20.373633745067785,0.11901698717648201,False
58,z,10,0.00784245800014105,1.6311731156342901,0.9294659055998732,False
58,z,11,0.046806624999589985,2.535639562559956,0.8903555738161159,False
58,z,19,0.021032916999956797,0.08969726515040691,0.9961213709894355,False
58,z,20,0.015896333000000595,3.52531615633689,0.8475606419833202,False
58,z,21,0.16639141700034088,0.08867943881438911,0.996165383153552,False
58,z,22,0.022069666999868787,370.57430852825024,-15.024125832793288,False
58,z,23,0.007817916000021796,5.202360819569055,0.7750430008722177,False
58,z,24,0.01856499999985317,17.592378638762682,0.2392821560532239,False
58,z,25,0.025227541000276688,20.377872326867788,0.1188337052636439,False
58,z,26,0.08770170899970253,5.415898351174561,0.7658093540766253,False
58,z,27,0.014250541999899724,1.1105075432084386,0.9519801772515982,False
58,z,28,0.019219999999677384,48.30017842373222,-1.0885639371010254,False
58,z,29,0.027195790999940073,0.02732913352846639,0.9988182519282014,False
58,z,30,0.013699792000352318,1.212775121548988,0.9475579911846461,False
58,z,31,0.016036084000006667,61.23295019947311,-1.6477941846708481,False
58,z,33,0.011057458000323095,0.057640667213615486,0.9975075409080963,False
58,z,34,0.010337958000036451,0.05972224072942081,0.9974175309015205,False
58,z,35,0.007710584000051313,0.015347861746228614,0.9993363380508956,False
58,z,36,0.012970290999874123,22.422943582618664,0.030402104947556685,False
58,z,37,0.009186125000269385,15.127033873571923,0.3458869417317849,False
58,z,38,0.007875624999996944,186.59054069163543,-7.068423078562576,False
58,z,39,0.1617679579999276,3.1351225259655386,0.8644331333793294,False
58,z,40,0.012660624999625725,7496.623571821176,-323.16397108864624,False
58,z,41,0.014753832999758743,40.55123292713058,-0.7534892304864527,False
58,z,42,6.952737915999933,1.8793089195063876e-10,0.9999999999918736,False
58,z,47,0.7285939579996921,14.508956080066405,0.37261344734660296,False
58,z,50,7.891809917000046,439.84898670818774,-18.019655027977503,False
58,z,51,0.6958052089999001,99.4337829345492,-3.299648985656554,False
58,z,52,0.4880548330002057,893.430895223709,-37.633139854805854,False
58,z,53,0.6519130420001602,3018.390587612321,-129.51922239431633,False
58,z,54,0.50285225000016,0.005336336901911963,0.9997692496969312,False
58,z,55,0.7880855829998836,4.227782997232949,0.8171850417519158,False
58,z,56,6.164565000000039,52.73289325821167,-1.2802404204781053,False
58,z,57,0.8309125410000888,14.899784209801739,0.3557135193544366,False
58,z,58,0.4299765830000979,5.438996608241945,0.764810554728565,False
58,z,59,5.3977545829998235,1.9478355649650043,0.9157730002423797,False
59,x,0,0.029685415999665565,4.0220277311124475,0.9853705480152641,False
59,x,1,0.008975707999979932,0.5996059126558078,0.9978190339561543,False
59,x,2,0.01646466700003657,274.82547217118093,0.00036839174189118307,False
59,x,3,0.01616437499978929,90.08188007994853,0.6723422543484459,False
59,x,4,0.014797792000081245,0.9513588065254096,0.9965395917405896,False
59,x,5,0.026789834000283008,1122.7483052681673,-3.083808844928366,False
59,x,6,0.016545250000035594,1.005757352745599,0.996341726143142,False
59,x,7,0.010352750000038213,3.3739694478608286,0.9877277514390003,False
59,x,8,0.02110995900011403,32.441679277758524,0.8819988272017961,False
59,x,9,0.021964790999845718,215.3107765240611,0.21684312552372198,False
59,x,10,0.007699415999923076,2.8271692141416422,0.9897166456732588,False
59,x,11,0.04548120799972821,2.697298774811789,0.990189027636644,False
59,x,19,0.013476416999765206,0.05366041919270926,0.9998048192159422,False
59,x,20,0.01584599999978309,5.84826991880706,0.9787278980427868,False
59,x,21,0.019153458999880968,2.2423924700769686,0.9918436731009682,False
59,x,22,0.011665625000205182,1102.265801116631,-3.0093071679025902,False
59,x,23,0.008260292000159097,11.27758357400563,0.9589796792986984,False
59,x,24,0.02439333299980717,2.9761517391598096,0.9891747467003953,False
59,x,25,0.01743404199987708,248.17199697704874,0.09731594199437466,False
59,x,26,0.08541633300001195,5.082289769254172,0.9815140224974895,False
59,x,27,0.013334250000298198,4.324532356368589,0.9842702381252771,False
59,x,28,0.02248870799985525,1182.84805454048,-3.3024116132466173,False
59,x,29,0.01516129199990246,6.956084916634613,0.9746984066016112,False
59,x,30,0.014592291000099067,4.065904400638188,0.9852109539813614,False
59,x,31,0.014665041999705863,30.404161410795787,0.8894099570585583,False
59,x,33,0.009410834000391333,1.6378811616125943,0.9940424817001728,False
59,x,34,0.01014520899980198,0.0013225348247342672,0.9999951895011646,False
59,x,35,0.007708083000125043,1.7358592738572696,0.9936861027330288,False
59,x,36,0.01465112500000032,272.51681230801364,0.008765755180245915,False
59,x,37,0.015949375000218424,70.4933857171436,0.7435921205582601,False
59,x,38,0.007644917000106943,154.45188245038355,0.43820715586289993,False
59,x,39,0.15837662500007355,1.9772489204022152,0.9928080883383431,False
59,x,40,0.01572749999968437,12102.323823923592,-43.02017517587941,False
59,x,41,0.01368479099983233,1210.1027798028563,-3.401546109883424,False
59,x,42,7.216740583000046,3.327813052401911e-08,0.9999999998789564,False
59,x,47,0.8539106670000365,11.458146690667338,0.9583229112150318,False
59,x,50,0.7917740419998154,165.48606137982125,0.3980721787739817,False
59,x,51,0.4666478329995698,77.16621265298197,0.7193208306053938,False
59,x,52,0.44851970799982155,902.8653105324967,-2.284021292778474,False
59,x,53,0.4256252919999497,10682.80883941239,-37.85692725819887,False
59,x,54,8.267524583000068,0.002165346099119491,0.9999921239163663,False
59,x,55,0.7613082090001626,11.35551928267596,0.958696201216469,False
59,x,56,0.8226544169997396,60.83719562067685,0.7787148941480557,False
59,x,57,2.2374391670000477,11.289147012006465,0.9589376192304142,False
59,x,59,1.1157456250002724,1.0935587047438353,0.9960223634362871,False
59,y,0,0.028188583999963157,8.827282312372217,0.9846750117332553,False
59,y,1,0.008638124999833963,0.5114414005212737,0.9991120898613234,False
59,y,2,0.01567754200004856,575.9125435977269,0.0001619228903526615,False
59,y,3,0.01595766599984927,191.9268301690536,0.6667970598049429,False
59,y,4,0.016572542000176327,2.3124434087945245,0.9959853818136509,False
59,y,5,0.02535512500026016,2427.4144710996966,-3.2142187110057394,False
59,y,6,0.015853332999995473,2.434821740688693,0.9957729215757186,False
59,y,7,0.010512083000321581,7.127036218705932,0.9876267980831146,False
59,y,8,0.01821220799956791,61.88963940982352,0.8925537935430868,False
59,y,9,0.022003249999670516,446.18288402772856,0.22538475370120148,False
59,y,10,0.007821041999704903,6.7296994931282335,0.9883166118266821,False
59,y,11,0.053642917000161106,5.075313704712588,0.9911887803944194,False
59,y,19,0.013358624999909807,0.05721825597557226,0.9999006637523941,False
59,y,20,0.015618999999787775,9.844891461357921,0.9829083470094501,False
59,y,21,0.018877792000239424,4.581658393404468,0.9920458122175673,False
59,y,22,0.013517875000161439,2198.4707170171205,-2.816750926369193,False
59,y,23,0.007627082999988488,20.01097298020242,0.9652590780179394,False
59,y,24,0.01857416699976966,6.391269857616973,0.9889041573485988,False
59,y,25,0.01812637500006531,521.0704995520232,0.09537284418905545,False
59,y,26,0.08956054200007202,8.316704814286133,0.9855614220564491,False
59,y,27,0.013371374999678665,10.819674955252204,0.9812160316310682,False
59,y,28,0.022952875000100903,2556.5681979624233,-3.4384416687334527,False
59,y,29,0.014745791000223107,15.02696474170528,0.9739117827886109,False
59,y,30,0.016987957999845094,9.620407705397094,0.9832980718199223,False
59,y,31,0.014774292000311107,26.019019564949364,0.954828546835284,False
59,y,33,0.010256582999772945,3.6421614271632063,0.993676866881369,False
59,y,34,0.010039958000106708,0.002317301969682526,0.9999959769468972,False
59,y,35,0.007697375000134343,3.9358915062521977,0.9931669239729701,False
59,y,36,0.014655583000148908,571.5402259339849,0.0077526755732493235,False
59,y,37,0.015376750000086759,67.05887579481374,0.8835795153740321,False
59,y,38,0.007497915999920224,146.36039531478866,0.7459046554145524,False
59,y,39,0.15554808400020192,2.6600878814375735,0.9953818384720285,False
59,y,40,0.01717295800017382,15451.320572960518,-25.824938651213877,False
59,y,41,0.015541624999968917,2609.3180485543962,-3.5300203463816677,False
59,y,42,6.736146374999862,2.760542970230813e-08,0.9999999999520743,False
59,y,47,0.9517700829997011,12.140386166275105,0.9789231533593133,False
59,y,51,8.438476499999979,4597.899763424361,-6.98238432086698,False
59,y,52,0.4799700829998983,15.576803961611828,0.9729572104417117,False
59,y,53,0.5220583329996771,2180.181054198313,-2.784998359930026,False
59,y,54,0.6681146659998376,0.002190484359829408,0.9999961971141372,False
59,y,55,0.500756709000143,0.05059118189083746,0.9999121689732534,False
59,y,56,4.175149290999798,506.1957247967142,0.12119684534013231,False
59,y,57,0.8915568749998783,12.226626879150253,0.9787734314102289,False
59,y,58,0.5584613330001957,10859.466777629263,-17.85305069681727,False
59,y,59,0.5460281669998039,0.8332284016980681,0.9985534375102466,False
59,z,0,0.028597416999673442,0.21851416035565063,0.9863118009637366,False
59,z,1,0.00832683300041026,0.13722685510349789,0.9914038133605624,False
59,z,2,0.014871625000068889,15.948687387786766,0.0009397698718778269,False
59,z,3,0.01619612500007861,5.191029641294648,0.6748226896713017,False
59,z,4,0.015012625000053959,0.05451933644305346,0.9965847909932112,False
59,z,5,0.02610270799959835,63.06830986392326,-2.9507351692587647,False
59,z,6,0.019901417000255606,0.05711696346071899,0.9964220700254628,False
59,z,7,0.009954458999800408,0.29992652638208606,0.9812119544898549,False
59,z,8,0.020327709000412142,2.1556056306974276,0.8649682067805015,False
59,z,9,0.022224166999876616,12.97893746210049,0.18697132043391052,False
59,z,10,0.007981166999798006,0.1958885988819442,0.9877291150099075,False
59,z,11,0.0438485419999779,0.28673644374407314,0.9820382097593533,False
59,z,19,0.018166166999890265,0.024137502742958884,0.9984879746866463,False
59,z,20,0.0167623749998711,0.5762229285593878,0.9639041510053994,False
59,z,21,0.01991962500005684,0.17899654780682017,0.988787269579253,False
59,z,22,0.02871104199994079,394.7117511283359,-23.725596742119908,False
59,z,23,0.007604249999985768,0.9479054832623731,0.9406211528747486,False
59,z,24,0.019156667000061134,14.065498836064867,0.1189067687923463,False
59,z,25,0.01740920800011736,14.24522805002425,0.10764814258110611,False
59,z,26,0.08943383299993002,0.516200435775922,0.9676640896132019,False
59,z,27,0.014085834000070463,0.21148884123140943,0.9867518821296865,False
59,z,28,0.021718375000091328,66.51867821908034,-3.1668736964688327,False
59,z,29,0.0157199169998421,0.43071636885291925,0.9730189962268825,False
59,z,30,0.013411375000032422,0.2459821485807131,0.9845911468453103,False
59,z,31,0.014856957999654696,43.07091381475,-1.6980550826110385,False
59,z,33,0.009689874999821768,0.1515327734544379,0.9905076597315917,False
59,z,34,0.010109999999713182,0.0117552797935152,0.9992636238801242,False
59,z,35,0.007602333999784605,0.1535894201018889,0.9903788269428527,False
59,z,36,0.015676333000101295,15.773756041045395,0.01189784731628829,False
59,z,37,0.011394083000141109,27.742199142660667,-0.7378312826515923,False
59,z,38,0.007439624999733496,155.64080125891408,-8.749676004191484,False
59,z,39,0.15311300000030315,0.269817189024405,0.983098068423758,False
59,z,40,0.012398374999975204,7794.0037786469065,-487.23323320496803,False
59,z,41,0.01441916699968715,68.52613119831983,-3.2926248875634814,False
59,z,42,6.7104724999999235,7.965631480334095e-09,0.9999999995010156,False
59,z,47,0.8241911660002188,9.34708630278573,0.41447832253332384,False
59,z,50,12.227030999999897,624.041886396907,-38.09133181146386,False
59,z,51,0.7046451669998532,82.83275376837562,-4.188822630340833,False
59,z,52,0.5162843330003852,926.467553344238,-57.03592888522844,False
59,z,53,0.4675281250001717,2840.945009075752,-176.96293234276214,False
59,z,54,0.47370637499989243,0.002078903861582497,0.9998697729712881,False
59,z,55,0.7362429999998312,0.04363217962156472,0.9972667860148107,False
59,z,56,12.171011041999918,26.49052127801501,-0.6594234773511527,False
59,z,57,1.2205142500001784,13.360383555203587,0.16307671316680195,False
59,z,58,0.42409770899985233,5.895247901021631,0.6307089366384322,False
59,z,59,2.4564351249996434,0.8985784802340752,0.9437111029000228,False
60,x,0,0.028576583999893046,6.631360337701069,0.9899678661458732,False
60,x,1,0.008202542000162794,2.7289365984885365,0.9958715774982372,False
60,x,2,0.014357834000293224,660.9362409028738,0.00011453154124541065,False
60,x,3,0.016329250000126194,219.19421192945742,0.6683959908460511,False
60,x,4,0.014931832999991457,8.13240737666403,0.9876970342125511,False
60,x,5,0.026629791999766894,3016.7901148110063,-3.5638965009225707,False
60,x,6,0.015377083000203129,18.67459523192565,0.9717484755015945,False
60,x,7,0.010483958999884635,21.390987322677294,0.9676390307320527,False
60,x,8,0.012555332999909297,7.480334363059074,0.9886835111074889,False
60,x,9,0.020795041999917885,514.5698236595925,0.22154232535083662,False
60,x,10,0.007238708000386396,6.508321058673445,0.9901540038994654,False
60,x,11,0.04347345899986976,7.7684861993449905,0.9882475858003542,False
60,x,19,0.014038708000043698,0.2222441564241643,0.9996637819373396,False
60,x,20,0.024757250000220665,661.0119476201457,-1.9584334154387761e-13,False
60,x,21,0.019287625000288244,5.7448806022510155,0.9913089610211502,False
60,x,22,0.021354333000090264,2204.9816666363977,-2.3357667354961866,False
60,x,23,0.007311124999887397,31.787673049276957,0.9519105922915176,False
60,x,24,0.018090957999902457,591.9940519989212,0.10441247827606603,False
60,x,25,0.01729041699991285,599.7444460688172,0.09268743442806704,False
60,x,26,0.0902534580000065,19.203750532921323,0.9709479524506861,False
60,x,27,0.012813750000077562,9.048591557713598,0.9863110015026306,False
60,x,28,0.022045832999992854,3158.4575775539583,-3.7782155661876207,False
60,x,29,0.01592312499997206,16.472680285992087,0.9750796028040004,False
60,x,30,0.013293209000039496,8.91859147824575,0.9865076697775929,False
60,x,31,0.01748212499978763,9.005827591030856,0.9863756961981451,False
60,x,33,0.009690500000033353,14.49641585541213,0.9780693587950918,False
60,x,34,0.009343833999992057,0.03029658518330583,0.9999541663576696,False
60,x,35,0.007295166999938374,15.266119512109341,0.9769049265038624,False
60,x,36,0.014168250000238913,656.1845731658244,0.00730300635498804,False
60,x,37,0.01043545799984713,28.998723931451952,0.9561298036505054,False
60,x,38,0.007389207999949576,132.32586542354417,0.7998132017129411,False
60,x,39,0.15354166599991004,6.912054237220115,0.9895432234438317,False
60,x,40,0.013139125000179774,996.074975694721,-0.5068940573330094,False
60,x,41,0.014071583999793802,3224.621686706773,-3.8783107450887577,False
60,x,42,1.0426376249997702,4.563154427743821e-06,0.9999999930967142,False
60,x,51,0.484883125000124,60.68067903369241,0.9082003294309973,False
60,x,52,0.394851916999869,255.0913695730435,0.6140896235060442,False
60,x,53,0.47530491699990307,9526.47337464212,-13.411953382903798,False
60,x,57,1.1318694169999617,10.9769034919865,0.9833937895804924,False
60,y,0,0.03360033299986753,2.821622948167454,0.9782081060843884,False
60,y,1,0.007985415999883116,4.707303216053053,0.9636446633029163,False
60,y,2,0.014041208999969967,123.71468160448683,0.04452959631633502,False
60,y,3,0.014940833000309794,52.076645464683956,0.5978028410265238,False
60,y,4,0.11881387499988705,1.160475708126274,0.9910374405128948,False
60,y,5,0.02352729200038084,714.2885023810892,-4.516576649314246,False
60,y,6,0.03164662499966653,1.1646884401156363,0.991004904837401,False
60,y,7,0.012819000000035885,1.2782244090941166,0.9901280464346183,False
60,y,8,0.015712958000221988,2.9933825772771177,0.9768815760393398,False
60,y,9,0.02160504099992977,81.02494444881064,0.3742299994074123,False
60,y,10,0.0072569159997328825,10.206186077358227,0.9211758167670021,False
60,y,11,0.04256775000021662,5.893805957390597,0.9544810924272956,False
60,y,19,0.012352332999853388,0.393369556071922,0.9969619372279638,False
60,y,20,0.02604779100011001,129.48039116113057,-5.947109471549084e-11,False
60,y,21,0.027885417000106827,129.48039115435313,-7.12740977348858e-12,False
60,y,22,0.01111266699990665,598.6587529731888,-3.623547609334892,False
60,y,23,0.0069559170001411985,0.6377170895317023,0.9950747979377355,False
60,y,24,0.015637665999747696,124.08049709145205,0.04170433850156807,False
60,y,25,0.01890724999975646,121.84421355635111,0.05897555242963781,False
60,y,26,0.010870250000152737,1.2615535710118846,0.9902567982705814,False
60,y,27,0.012711416999991343,13.787197745232952,0.8935190292335806,False
60,y,28,0.020432291999895824,735.3156109292107,-4.67897273385499,False
60,y,29,0.01431016600008661,3.4322091016962233,0.9734924410474698,False
60,y,30,0.013120250000156375,10.981275741531888,0.9151896619734534,False
60,y,31,0.019109708000087267,232.0549295357179,-0.7922013323294617,False
60,y,33,0.009306999999807886,1.162738925649261,0.9910199612830065,False
60,y,34,0.00999550000005911,0.5736278654208031,0.9955697703697769,False
60,y,35,0.007041625000056229,1.231624849074037,0.9904879430923668,False
60,y,36,0.01420662500004255,129.4749983354404,4.1649688742984026e-05,False
60,y,37,0.010173916999974608,7.703802640027778,0.9405021673830208,False
60,y,38,0.007664958000077604,218.19730365394807,-0.685176432587316,False
60,y,39,0.01999266600023475,0.4538147797220122,0.9964951080570629,False
60,y,40,0.018010792000040965,1358.3155338267268,-9.490511510867835,False
60,y,41,0.015651165999770456,723.9254979410613,-4.591004873342019,False
60,y,42,6.5655955000001995,3.844375806892464e-07,0.9999999970309205,False
60,y,51,2.9569991249995837,3550.1676192759237,-26.418573481671736,False
60,y,52,0.47736054100005276,2.5739527552878987,0.9801209068619676,False
60,y,53,0.8568878330002008,1013.3373568016981,-6.826183932368003,False
60,y,57,0.9196787920000133,11.693371341296361,0.9096900214995481,False
60,y,58,0.5469087909996233,4474.665955167165,-33.558637916569346,False
60,z,0,0.027454042000044865,2.156188820872115,0.9888047454802037,False
60,z,1,0.008357083000191778,0.620417505242869,0.996778699614572,False
60,z,2,0.014075166000111494,192.5856382196589,6.659163809030755e-05,False
60,z,3,0.01571212499993635,62.67191065450495,0.6745980759072243,False
60,z,4,0.01462874999970154,1.2715932212717678,0.9933976980030779,False
60,z,5,0.02505795799970656,803.4285940346175,-3.171521302601705,False
60,z,6,0.01800425000010364,1.3400091194657107,0.993042472437456,False
60,z,7,0.01034929200022816,3.2538733675963045,0.9831054033056839,False
60,z,8,0.02042758400011735,22.68939388949724,0.8821932768438654,False
60,z,9,0.02160020799965423,147.86647722296803,0.2322551571400715,False
60,z,10,0.0074781670000447775,1.5948453962315305,0.9917193244127313,False
60,z,11,0.044777915999929974,1.7427805720992957,0.9909512228762432,False
60,z,19,0.014094833999934053,0.007842308640774169,0.9999592815617971,False
60,z,20,0.01626079200013919,4.70419625178367,0.9755751101944361,False
60,z,21,0.018528708000303595,1.3105303070722625,0.9931955308359095,False
60,z,22,0.012827667000237852,869.1184171051467,-3.5125926788726884,False
60,z,23,0.008729207999749633,8.74112537361462,0.9546147710257191,False
60,z,24,0.018890416999965964,1.7288521765001919,0.9910235411872718,False
60,z,25,0.017184625000027154,175.63092456967487,0.08809799815705333,False
60,z,26,0.08999720800011346,4.178733873720881,0.9783033893720505,False
60,z,27,0.013791791999665293,2.5136353778625407,0.9869488295492815,False
60,z,28,0.024554667000302288,842.5735121722072,-3.374767566316983,False
60,z,29,0.015439249999872118,4.2900115400569625,0.9777256191021455,False
60,z,30,0.01393637499995748,2.338372256503179,0.9878588218619021,False
60,z,31,0.014724541999839857,31.605334982460466,0.8359003785350512,False
60,z,33,0.009322416000031808,1.9108296987706936,0.9900786867019044,False
60,z,34,0.010039374999905704,0.010062266460716748,0.9999477552091063,False
60,z,35,0.008000458999958937,1.9912301741980443,0.9896612354206396,False
60,z,36,0.022299875000044267,191.29624560632865,0.006761310738033988,False
60,z,37,0.015592749999996158,70.08379087167768,0.6361144863911957,False
60,z,38,0.007740999999896303,155.90851136679623,0.19049971428389623,False
60,z,39,0.14806216699980723,1.7212945768788366,0.9910627813737066,False
60,z,40,0.014511249999941356,11266.641047003648,-57.49808369443896,False
60,z,41,0.015168666000136,856.4359887564495,-3.4467436159713634,False
60,z,42,6.429052957999829,5.928558466371333e-08,0.9999999996921803,False
60,z,51,1.174852166999699,38.944427604693544,0.7977947130873349,False
60,z,52,0.3909757080000418,253.23925375073986,-0.31485604261509903,False
60,z,53,0.45219204200020613,2686.355049572447,-12.947956792735557,False
60,z,57,1.0484205420002581,12.417828150918972,0.9355247808601475,False
60,z,58,0.5725263750000522,9.420791746609764,0.9510858416663925,False
61,x,0,0.030304958000215265,12.287826244716484,0.985470605864878,False
61,x,1,0.008231791000071098,1.5331341072177391,0.9981871887458253,False
61,x,2,0.014797041999827343,845.4000449735877,0.00038052209985917074,False
61,x,3,0.017241291000118508,275.20049168591265,0.6745969278656367,False
61,x,4,0.015151999999943655,2.8753571730457193,0.9966001148767549,False
61,x,5,0.027294583000184502,3456.3511124882975,-3.0868650469649124,False
61,x,6,0.01602275000004738,3.027220666733035,0.9964205481649072,False
61,x,7,0.01053520900040894,9.495174817556844,0.9887726979077778,False
61,x,8,0.012888291999843204,2.3274906111274296,0.9972479242657417,False
61,x,9,0.02128412499996557,661.0502246494594,0.2183597761098912,False
61,x,10,0.00834195900006307,8.489175399208268,0.9899622135924722,False
61,x,11,0.04407025000000431,7.634012699051187,0.9909733766470914,False
61,x,19,0.013874582999960694,0.0893442497511511,0.9998943574076904,False
61,x,20,0.02665595899998152,845.7218608364112,-5.253797397131166e-12,False
61,x,21,0.020287875000121858,845.7218609622587,-1.5405809961066552e-10,False
61,x,22,0.01885287499999322,2429.6728961146764,-1.8728982998317139,False
61,x,23,0.007242541000323399,33.50362157317961,0.9603845860857602,False
61,x,24,0.019583207999858132,8.720973871480613,0.9896881300160534,False
61,x,25,0.02067662500030565,763.6831901177222,0.0970043160922216,False
61,x,26,0.09263216699991972,14.761993360775792,0.9825450966275675,False
61,x,27,0.01300108299983549,13.440451306723135,0.9841077168166125,False
61,x,28,0.021861707999960345,3642.371291709952,-3.3068193698183617,False
61,x,29,0.0151167499998337,20.80743543608867,0.9753968338767788,False
61,x,30,0.013848707999841281,12.365638340321368,0.9853785991435093,False
61,x,31,0.015740249999907974,1.5671961903974556,0.9981469129947099,False
61,x,33,0.008965625000200816,4.559246629624578,0.9946090472047873,False
61,x,34,0.009272792000047048,0.002162481209717324,0.999997443034986,False
61,x,35,0.007338708999668597,4.836393548705875,0.9942813426343879,False
61,x,36,0.01472466599989275,838.2319661248343,0.008856215091526565,False
61,x,37,0.009636291999868263,24.533966670490496,0.9709905019525503,False
61,x,38,0.008352082999863342,146.21059194591243,0.8271174026386412,False
61,x,39,0.15000241699999606,5.510671975340013,0.9934840610955487,False
61,x,40,0.012923083000259794,1029.8759287111936,-0.2177477920436719,False
61,x,41,0.014197541000157798,3728.298962492924,-3.408422124533063,False
61,x,42,6.580098083999928,6.145255860333385e-11,0.9999999999999274,False
61,x,47,0.9626914159998705,896.6407318754681,-0.06020758526143344,False
61,x,50,0.8055745830001797,122.43273473611205,0.855232860345279,False
61,x,51,0.4592292079996696,70.29514578108038,0.9168814842838183,False
61,x,52,0.45316637499990975,894.92982199009,-0.05818456804429095,False
61,x,53,0.4287371250002252,10628.890018942517,-11.567831708271656,False
61,x,54,8.316525166000247,0.0011069050723320822,0.9999986911712662,False
61,x,55,1.885267083999679,2.5198206869682944,0.9970205089833087,False
61,x,56,0.8005461669999931,82.06209425364132,0.9029679874031946,False
61,x,57,6.131376457999977,8.40016193166722,0.9900674650606718,False
61,x,59,0.7426675420001629,0.35276561352379504,0.9995828822336734,False
61,y,0,0.03136137499996039,0.48204635261751383,0.9528206321192263,False
61,y,1,0.008102333999886469,0.7946079362419249,0.9222292629300602,False
61,y,2,0.015743165999992925,9.63753891540766,0.05674424982928328,False
61,y,3,0.01520666699980211,5.406699448005509,0.4708295978319982,False
61,y,4,0.01488004099974205,0.37776423935544423,0.9630270451711253,False
61,y,5,0.021606290999898192,88.48268764079101,-7.660074386242311,False
61,y,6,0.01433491599982517,0.4087070542956151,0.959998576142365,False
61,y,7,0.011861124999995809,0.9411484915281757,0.9078868854185169,False
61,y,8,0.025079416999687965,0.35667004926812074,0.9650915988159622,False
61,y,9,0.022213125000234868,6.930110968286913,0.3217285992270076,False
61,y,10,0.007088042000304995,1.5368976954564142,0.8495790677072389,False
61,y,11,0.04271562499980064,1.1047161468313125,0.8918780129500523,False
61,y,19,0.012933040999996592,0.027821586858694635,0.9972770152199975,False
61,y,20,0.017616582999835373,0.24344772696401745,0.9761730177859327,False
61,y,21,0.02393420899988996,10.217312660081802,-2.6008351028394827e-10,False
61,y,22,0.01293066700009149,347.1637620386554,-32.977991442435446,False
61,y,23,0.007191124999735621,0.16830387507356476,0.9835275790497352,False
61,y,24,0.01614554199977647,10.08576419174803,0.012875055319054862,False
61,y,25,0.015214374999686697,9.305437606022858,0.08924803243042356,False
61,y,26,0.01094366600000285,0.5756243189614169,0.9436618670425889,False
61,y,27,0.012738791999709065,1.862008907213946,0.8177594275867726,False
61,y,28,0.019708166999862442,90.11546235269844,-7.819879098758472,False
61,y,29,0.015819249999822205,0.7844461854573184,0.9232238249176707,False
61,y,30,0.013112207999711245,1.5108725963103238,0.8521262246768535,False
61,y,31,0.016314833000251383,84.26944232058209,-7.247711031857991,False
61,y,33,0.009621791999961715,0.8528782142277944,0.9165261705475903,False
61,y,34,0.009980208000342827,0.01698966716625995,0.9983371687119789,False
61,y,35,0.007181541999671026,1.0783716045734495,0.894456434805306,False
61,y,36,0.016520790999948076,10.08675927144882,0.012777663790170868,False
61,y,37,0.00981420900006924,15.300566978306216,-0.49751382690515844,False
61,y,38,0.0076439579997895635,174.84237274468876,-16.112363946075245,False
61,y,39,0.020943749999787542,0.01882445975867888,0.9981575918844962,False
61,y,40,0.011842209000406001,5455.028436133495,-532.9005097558187,False
61,y,41,0.018948834000184434,90.5326439719891,-7.860709954510694,False
61,y,42,6.729419374999907,1.2996007565146833e-07,0.9999999872804053,False
61,y,47,0.7109438329998738,28.498629408133368,-1.7892490289435052,False
61,y,51,8.396084667000196,4442.896886822438,-433.8400637024635,False
61,y,52,0.4717427079999652,4.049078415330599,0.6037041684940205,False
61,y,53,0.559969665999688,2145.2323939723665,-208.96053129621367,False
61,y,54,1.2829704999999194,0.0016102951837524667,0.9998423954284513,False
61,y,55,2.5256477080001787,0.047171238163189314,0.9953832049830723,False
61,y,56,11.452191541000047,340.33896578549195,-32.31002751865312,False
61,y,57,1.3084333330002664,22.592981063069402,-1.2112449545773774,False
61,y,58,0.5624256250002873,10873.704367245611,-1063.2430873781848,False
61,y,59,0.4957451250002123,0.33005361461651356,0.9676966316209695,False
61,z,0,0.031724333000056504,0.27350450575374685,0.9675212609630673,False
61,z,1,0.00816608399964025,0.4851024007461346,0.9423939498305417,False
61,z,2,0.013976541999909387,7.9987833386321485,0.05014216876447364,False
61,z,3,0.01721804199996768,3.836545511832495,0.5444091126077699,False
61,z,4,0.016655458000059298,0.12025527341062592,0.9857196515569097,False
61,z,5,0.02206841700035511,56.121614016372334,-5.664457870432171,False
61,z,6,0.015521625000019412,0.12535700674311484,0.9851138192504718,False
61,z,7,0.011735500000213506,0.20171737747821716,0.9760460031754351,False
61,z,8,0.019280333000097016,0.23995990217782537,0.9715046923242334,False
61,z,9,0.023527583000031882,5.452581513431861,0.35250437076234264,False
61,z,10,0.0071744589999980235,0.9690406893518994,0.8849261383139078,False
61,z,11,0.043199374999858264,0.634967566362932,0.9245974181376522,False
61,z,19,0.012623749999875145,0.0014970990704324153,0.9998222190530756,False
61,z,20,0.01979399999981979,0.11808810363382272,0.985977003593709,False
61,z,21,0.02303912500019578,8.42103215959588,-6.55876908339792e-10,False
61,z,22,0.013913500000398926,337.62065912355246,-39.09255076413247,False
61,z,23,0.0071017500004018075,0.06377357187539748,0.9924268699241868,False
61,z,24,0.018674750000172935,8.21115117514296,0.0249234268543026,False
61,z,25,0.01805204100037372,7.831098987108022,0.0700547339294253,False
61,z,26,0.010783167000226968,0.12667167943043017,0.984957701489221,False
61,z,27,0.012684875000104512,1.230314535252056,0.853899793666382,False
61,z,28,0.01913287500019578,57.779928356965556,-5.861383177241645,False
61,z,29,0.014917915999831166,0.3670747955100569,0.9564097620346307,False
61,z,30,0.013352166000004217,0.992265589906847,0.8821681746664569,False
61,z,31,0.016264833000150247,74.69579171315603,-7.870146835507615,False
61,z,33,0.009260792000077345,0.16634316372452687,0.9802467012735396,False
61,z,34,0.009944207999978971,0.005174403796359901,0.9993855380549928,False
61,z,35,0.007767250000142667,0.22092257804859247,0.9737653800619029,False
61,z,36,0.015081915999871853,8.420828285316539,2.4209473666769732e-05,False
61,z,37,0.010453207999944425,17.713350986131843,-1.1034655446084494,False
61,z,38,0.008567416000005323,170.65740438890677,-19.265616051159547,False
61,z,39,0.020910707999973965,0.004383931967345957,0.9994794068129492,False
61,z,40,0.011978333000115526,5730.928237199209,-679.5493830619707,False
61,z,41,0.017681667000033485,57.52343759785052,-5.830924825531045,False
61,z,42,4.541285917000096,2.8437502438943696e-08,0.9999999966230384,False
61,z,47,0.6519570000000385,10.295318265300798,-0.222572016937568,False
61,z,50,1.7555984999999055,4057.5074344582677,-480.83017951022873,False
61,z,51,0.6883881660000952,74.2825847020482,-7.821078383618618,False
61,z,52,0.5379555829999845,940.0778110633354,-110.63451152584419,False
61,z,53,0.45465420900018216,2819.0931596485157,-333.76812676520876,False
61,z,54,0.46770616699996026,0.0011693982687020403,0.9998611336179097,False
61,z,55,0.627376749999712,0.049221956391828865,0.9941548784648657,False
61,z,56,0.8672911250000652,34.517569504715254,-3.0989713461693977,False
61,z,57,1.374126416999843,13.187069091226567,-0.5659682625542302,False
61,z,58,1.114168915999926,4.180803305393879,0.5035284002125693,False
61,z,59,1.3083071250002831,0.33705459359315953,0.9599746696810619,False
62,x,0,0.031602292000115995,16.367956490217363,0.9825007895541934,False
62,x,1,0.008598791000167694,57.4449126904724,0.9385848430857959,False
62,x,2,0.014632875000188506,932.1975679570991,0.003374585672928254,False
62,x,3,0.016135209000367468,190.5367723169351,0.7962944807171519,False
62,x,4,0.015054584000154136,0.9624905743325464,0.9989709879102857,False
62,x,5,0.04018725000014456,1486.1472938041832,-0.5888607880457506,False
62,x,6,0.015424457999870356,1.2525013317499403,0.9986609333669084,False
62,x,7,0.012565458999688417,3.455107272854999,0.9963060966519148,False
62,x,8,0.01310745799992219,2.279924332781088,0.9975625011146811,False
62,x,9,0.020199749999846972,743.5029966144625,0.20511058221468237,False
62,x,10,0.007873249999647669,18.661466904513073,0.9800487655997433,False
62,x,11,0.04428479199987123,41.44355487792934,0.9556921177750767,False
62,x,19,0.017293958000209386,1.9400041258383394,0.9979259145462619,False
62,x,20,0.015641792000224086,73.79390077564284,0.9211059120262363,False
62,x,21,0.016894082999897364,0.6929101427246762,0.9992592001075504,False
62,x,22,0.012743165999836492,1115.2863117146337,-0.1923681424548207,False
62,x,23,0.008051499999965017,142.62471741492413,0.8475179264858669,False
62,x,24,0.1501151249999566,1.1650198874130466,0.9987544609985018,False
62,x,25,0.015206750000288594,854.8737056950557,0.08604260467791336,False
62,x,26,0.015597666999838111,1593.0015690199334,-0.7031001831805137,False
62,x,27,0.013446624999687629,8.289938300389252,0.9911371114049596,False
62,x,28,0.018443458000092505,1443.471263882197,-0.5432352495710668,False
62,x,29,0.016380208000100538,0.4525699477439077,0.999516151160241,False
62,x,30,0.014475375000074564,8.103451937610718,0.9913364865749441,False
62,x,31,0.015299416999823734,87.95368716832131,0.9059674870126286,False
62,x,33,0.009737500000028376,12.439487037038012,0.9867007710077239,False
62,x,34,0.010341416999835928,3.0183620119898613,0.9967730270983426,False
62,x,35,0.007359708999956638,18.509804519081076,0.9802109099701156,False
62,x,36,0.013967999999749736,915.8593277811179,0.020842025992952262,False
62,x,37,0.011522458999934315,2.3231925332477297,0.9975162424784226,False
62,x,38,0.007559541000318859,333.83140472492914,0.6430961917456077,False
62,x,39,0.15563120900014837,73.84468372753577,0.9210516192644755,False
62,x,40,0.015378625000266766,10742.763170472695,-10.48523785494653,False
62,x,41,0.015062624999700347,1229.2243393243582,-0.31418087601837374,False
62,x,42,7.065619375000097,15684.394395457903,-15.768404681744219,False
62,x,47,0.868751790999795,5.017486643444701,0.994635735087936,False
62,x,50,0.9963003750003736,949.2052826822996,-0.01480859921984834,False
62,x,51,0.48995820899972387,52.521832456303294,0.9438481767897196,False
62,x,52,0.49474437499975465,343.45441645209047,0.632808095767547,False
62,x,53,0.4280492919997414,1105.231352674267,-0.1816182455830626,False
62,x,54,3.319406916999924,0.0001893413924372446,0.999999797572478,False
62,x,55,1.4236936249999417,19.948865140259212,0.9786723902001419,False
62,x,56,0.9764245840001422,26.469494963639395,0.9717010939612539,False
62,x,57,5.880288292000387,11.763322594469122,0.9874236678387093,False
62,x,59,2.864708624999821,0.16450994834882957,0.999824120121024,False
62,y,0,0.028124791999744048,24.329423531378403,0.9205057827766083,False
62,y,1,0.008873249999851396,86.07268783615646,0.718765184262426,False
62,y,2,0.016001333000076556,289.8896165280297,0.0528115835805294,False
62,y,3,0.015214458000173181,207.90169618445327,0.32069978656571274,False
62,y,4,0.016049500000008265,2.9647748440516226,0.9903128631400773,False
62,y,5,0.02312908400017477,1980.8991789282995,-5.472411046824453,False
62,y,6,0.015172500000062428,3.0173922928553747,0.9901409403281968,False
62,y,7,0.013350291999813635,9.29104308842659,0.9696423469898208,False
62,y,8,0.014727750000020023,18.762557188938672,0.9386950210751953,False
62,y,9,0.02187504199991963,108.99869970237337,0.643856489241001,False
62,y,10,0.007554290999905788,118.06546554262772,0.6142316420969978,False
62,y,11,0.044312332999652426,98.40460733094498,0.678471739338186,False
62,y,19,0.013035208000019338,1.555975466145752,0.9949159892119709,False
62,y,20,0.016135374999976193,52.32465023261443,0.8290338812851525,False
62,y,21,0.021571207999841135,7.209186350959264,0.9764446278372385,False
62,y,22,0.011678082999878825,2078.2256611523494,-5.7904166300446525,False
62,y,23,0.007513624999774038,48.02720811091856,0.8430753893828042,False
62,y,24,0.01533045799988031,283.6259947682868,0.0732774079405677,False
62,y,25,0.015172916000210535,274.0869998606285,0.10444522136221401,False
62,y,26,0.019047457999931794,2.974341731373312,0.9902816041906853,False
62,y,27,0.012713833000361774,131.34684781585383,0.5708359123916451,False
62,y,28,0.023820082999918668,2074.820416030345,-5.779290295913537,False
62,y,29,0.014626958000008017,27.887776125051204,0.9088791836640555,False
62,y,30,0.01372116599986839,114.79365575536272,0.6249219881961157,False
62,y,31,0.015220500000395987,52.001802498591786,0.8300887574052289,False
62,y,33,0.009607499999674474,9.067355778226363,0.9703732252863919,False
62,y,34,0.010342583000237937,1.5416797683647638,0.9949626991269549,False
62,y,35,0.008276582999769744,16.36799948497825,0.9465190243865386,False
62,y,36,0.015176249999967695,289.9151225121997,0.052728245056561374,False
62,y,37,0.015166416000283789,491.15021868358565,-0.6047894485865453,False
62,y,38,0.0077741250001963635,12.14027746975569,0.9603327282667298,False
62,y,39,0.02099641699987842,0.46572694853130286,0.9984782788147205,False
62,y,40,0.011960958000145183,14690.381068477327,-46.99950735560131,False
62,y,41,0.019520041999840032,1993.4569091931435,-5.51344230826058,False
62,y,42,0.5124874999996791,0.0009668580581028947,0.9999968408776971,False
62,y,47,2.7163490419998197,392.3609252956358,-0.2820042606104065,False
62,y,51,8.408123125000202,2578.1757378237085,-7.423958828219076,False
62,y,52,0.4547759590000169,7.657019485673573,0.97498137308955,False
62,y,53,0.7962888749998456,555.298827150735,-0.814389294201012,False
62,y,54,0.45753429200021856,0.00044200958936590595,0.9999985557731663,False
62,y,55,3.8989496670001245,0.4902951962074736,0.9983980042609463,False
62,y,56,3.540572208999947,88.00675420442938,0.7124457952392684,False
62,y,57,1.654001750000134,27.106869360643817,0.9114307267321003,False
62,y,58,0.5039714170002298,2734.07194426684,-7.933335751322478,False
62,y,59,1.4117957499997829,0.32680030041972713,0.9989322092224368,False
62,z,0,0.028114291000292724,4.33681069860378,0.9850965515848827,False
62,z,1,0.008213625000280445,1.1780627009854738,0.995951587949282,False
62,z,2,0.015241749999859167,101.03682191919093,0.6527869976006025,False
62,z,3,0.017731416000060563,96.79066045983537,0.6673789299374551,False
62,z,4,0.15175233400032084,1.3216721869869703,0.9954580740019856,False
62,z,5,0.02251620900005946,909.3916232094797,-2.1251239880047237,False
62,z,6,0.15348770799982958,1.1778144148283125,0.9959524411845723,False
62,z,7,0.010456500000145752,0.9210041603276515,0.9968349695323407,False
62,z,8,0.01202537500012113,1.3045462414392548,0.9955169273077369,False
62,z,9,0.023744375000205764,203.06429048943465,0.3021696383390696,False
62,z,10,0.007307874999696651,4.063816097710719,0.986034697433242,False
62,z,11,0.04428091699992365,1.0783934906710848,0.9962941011548904,False
62,z,19,0.01307566700006646,0.9670990549885992,0.9966765644433198,False
62,z,20,0.017705875000046944,2.112462862231286,0.9927405221292572,False
62,z,21,0.024018915999931778,290.9937739114536,-1.3491430195244902e-12,False
62,z,22,0.012157125000157976,684.5423445242149,-1.352429522198085,False
62,z,23,0.007211209000161034,7.142600896989739,0.9754544545713449,False
62,z,24,0.017886499999804073,271.80751383483096,0.06593357589188176,False
62,z,25,0.01676225000028353,264.6763222869135,0.09043991309652932,False
62,z,26,0.08967616599966277,2.8593707588434665,0.9901737734096078,False
62,z,27,0.012744582999857812,7.616955533219834,0.9738243350335466,False
62,z,28,0.020157666999693902,964.7055159658115,-2.3152101606842734,False
62,z,29,0.01471175000006042,3.819254748890208,0.9868751324210204,False
62,z,30,0.013157333999970433,5.968303103371953,0.9794899285192401,False
62,z,31,0.01889504200016745,150.34458132845555,0.48334090002074503,False
62,z,33,0.010257375000037428,1.33198675993495,0.9954226279757379,False
62,z,34,0.010354999999890424,1.3702710385866834,0.9952910640658398,False
62,z,35,0.00730416599981254,1.1776439997785177,0.9959530268158299,False
62,z,36,0.01897295899971141,289.86465505725863,0.003880216537373249,False
62,z,37,0.009677959000327974,20.998650896430505,0.9278381437025229,False
62,z,38,0.007559459000276547,169.72422500772248,0.4167427614461715,False
62,z,39,0.1560718339997038,1.1665260228843208,0.9959912337394515,False
62,z,40,0.014758834000076604,1587.2619138515404,-4.454624999422391,False
62,z,41,0.01672708300020531,1004.8601850726897,-2.4532016667126846,False
62,z,42,1.7723111250002148,6.537615330041462e-05,0.9999997753348726,False
62,z,47,0.868914333000248,192.29486711770616,0.33917875790538754,False
62,z,50,12.138766540999768,1074.3400369232431,-2.6919691527544614,False
62,z,51,0.9254053750000821,66.1532756913959,0.7726642917397437,False
62,z,52,0.40927016599971466,259.86775720263455,0.1069645452893424,False
62,z,53,0.4360167499999079,1803.9813598282738,-5.199381298032998,False
62,z,54,0.45219337499975154,0.0010196913924147722,0.9999964958308946,False
62,z,55,0.8071483339999759,1.5925579870789293,0.9945271750468253,False
62,z,56,1.6555425830001695,90.98886942081583,0.6873167827686046,False
62,z,57,0.43012774999988324,28.011487353501465,0.9037385337252513,False
62,z,58,0.49799320900001476,2.6704488355814573,0.9908230035313482,False
62,z,59,2.0116738750002696,1.1805375717484232,0.9959430830567899,False
63,x,0,0.03307112499987852,11.549183147633691,0.9811303450007319,False
63,x,1,0.008118791999550012,0.13982876669461253,0.9997715405018024,False
63,x,2,0.015896582999630482,0.009137205496294393,0.9999850711593047,False
63,x,3,0.017171416000564932,218.0548135976,0.6437307252886127,False
63,x,4,0.015470041000298806,3.1688274030646735,0.9948226052800705,False
63,x,5,0.024666750000506,2804.2336805681903,-3.581702568331969,False
63,x,6,0.014383125000676955,3.3137724837517646,0.99458578648246,False
63,x,7,0.010943207999844162,8.495774497403385,0.9861191625703478,False
63,x,8,0.01237224999931641,1.365681583722812,0.9977686785295301,False
63,x,9,0.025126042000010784,461.5917277278671,0.24582747183071918,False
63,x,10,0.007223875000818225,11.911246919280545,0.9805387864141742,False
63,x,11,0.042902624999442196,6.190712279369926,0.9898852928888414,False
63,x,19,0.012528207999821461,0.03242641356105844,0.9999470200421156,False
63,x,20,0.024766874999841093,612.0505729474553,-5.185800677764973e-10,False
63,x,21,0.02144025000052352,612.0505728160915,-3.039510865221473e-10,False
63,x,22,0.017511666999780573,2003.3822222028884,-2.2732298796717134,False
63,x,23,0.007312708000426937,12.43181461165936,0.9796882558932373,False
63,x,24,0.020510666999143723,8.151318683820167,0.9866819523609088,False
63,x,25,0.018176415999732853,557.2282351207913,0.08957158110920227,False
63,x,26,0.08920295799998712,5.4690290735007645,0.9910644163765755,False
63,x,27,0.013116999999510881,18.896149467014084,0.9691264900123939,False
63,x,28,0.024137332999998762,2940.383332043156,-3.804150937083448,False
63,x,29,0.015676541000175348,18.58088337853943,0.969641588114696,False
63,x,30,0.013171624999813503,15.741273167458402,0.9742810906951428,False
63,x,31,0.01607062500079337,1.764390528253817,0.9971172471570903,False
63,x,33,0.009575417000633024,4.813403592649376,0.9921356113238068,False
63,x,34,0.009806665999349207,0.01436742071625624,0.9999765257621531,False
63,x,35,0.006876291000480705,5.505834507445635,0.9910042817478524,False
63,x,36,0.015526416999819048,608.7552778538751,0.005384023679649075,False
63,x,37,0.009700583000267216,12.424807275328957,0.9796997048431177,False
63,x,38,0.0075748750005004695,182.37084689067714,0.702033042617693,False
63,x,39,0.1500650409998343,0.3513119830171453,0.9994260082438817,False
63,x,40,0.012633583000024373,1094.9855911970694,-0.7890443047733444,False
63,x,41,0.015127625000786793,2983.804135841903,-3.87509410050892,False
63,x,42,6.796472624999296,7.21882416343428e-08,0.9999999998820551,False
63,x,47,0.6651043330002722,28.65322698547943,0.9531848702267316,False
63,x,50,0.7746322499997405,212.52183620396963,0.6527707909973246,False
63,x,51,0.4739728330005164,87.40548490009685,0.8571923811385316,False
63,x,52,0.4771562500000073,309.7146141743424,0.4939721846130135,False
63,x,53,0.42887312499988184,10718.736309330105,-16.51282784242869,False
63,x,54,8.444784874999641,0.0045493538976332385,0.9999925670294236,False
63,x,55,0.6872466669992718,9.044196469925499,0.9852231222804654,False
63,x,56,12.124269542000548,115.23898917873312,0.8117165568793823,False
63,x,57,1.2337076249996244,11.349947956167895,0.9814558657997888,False
63,x,59,1.4347898340001848,2.3267471731131737,0.9961984396761286,False
63,y,0,0.027952083000855055,1.7618857720857781,0.9930758040647414,False
63,y,1,0.008252333000200451,6.858534659085567,0.9730460177608166,False
63,y,2,0.01843425000060961,253.89452935870588,0.002196682655121518,False
63,y,3,0.01594983399991179,66.90307547962973,0.7370714886107863,False
63,y,4,0.14849649999996473,0.29181455404176654,0.9988531713116945,False
63,y,5,0.045581125000353495,755.4212055592944,-1.968798842588706,False
63,y,6,0.03895808400011447,0.2873825128190629,0.9988705891955921,False
63,y,7,0.011092667000411893,1.204338577026862,0.9952669597474231,False
63,y,8,0.012534125000456697,1.9330752512140332,0.9924030308836881,False
63,y,9,0.022042749999855005,207.05438243613756,0.18627805732006886,False
63,y,10,0.008423874999607506,2.687039016749261,0.9894399597678626,False
63,y,11,0.04309812500014232,6.854218189880816,0.9730629814476773,False
63,y,19,0.014542292000442103,0.016327370576352963,0.9999358335740208,False
63,y,20,0.017212957999618084,14.88672690330885,0.9414952912689866,False
63,y,21,0.02053404199978104,0.7588273473214358,0.9970178150495728,False
63,y,22,0.011471792000520509,487.44967582637366,-0.9156730348099738,False
63,y,23,0.007214582999949926,25.618070131144865,0.8993212046537796,False
63,y,24,0.021172250000745407,0.8839631003890392,0.9965260326159587,False
63,y,25,0.01687866700012819,229.56168819855088,0.09782453919600176,False
63,y,26,0.09096870800021861,21.274461516002898,0.9163915491640909,False
63,y,27,0.012859084000410803,1.1996008499258692,0.9952855789741941,False
63,y,28,0.019396042000153102,787.2406686205983,-2.0938490588296617,False
63,y,29,0.016611499999271473,2.49472926836381,0.9901957354255005,False
63,y,30,0.012843833000260929,2.0177340990137718,0.9920703223397485,False
63,y,31,0.019879417000083777,78.40325678541177,0.6918758749598726,False
63,y,33,0.008971833000032348,0.29301892077365094,0.9988484381607936,False
63,y,34,0.009759458000189625,0.00672493430692857,0.999973571065996,False
63,y,35,0.007922583000436134,0.30126892110289416,0.9988160157304348,False
63,y,36,0.014007083999786119,250.39618955410498,0.01594512800779302,False
63,y,37,0.011562540999875637,49.23379079378728,0.8065116255021811,False
63,y,38,0.008039416999963578,104.93894225034845,0.5875908592416865,False
63,y,39,0.15340654100054962,10.324868522701736,0.9594233554810216,False
63,y,40,0.022442500000579457,1315.4179040573263,-4.169581052724825,False
63,y,41,0.014768374999221123,553.3247874293108,-1.1745616570024113,False
63,y,42,6.292236874999617,1.4468793489865484e-07,0.9999999994313776,False
63,y,47,0.8378318330005641,11.363854443503067,0.9553401497456768,False
63,y,51,2.843531833999805,2021.6478131871834,-6.945058523302235,False
63,y,52,0.45601949999945646,29.750948556440136,0.8830790279776665,False
63,y,53,0.49665216700032033,2197.8579366830936,-7.6375627935520445,False
63,y,54,0.60621991699918,0.001887118004469679,0.9999925836424682,False
63,y,55,4.500327040999764,0.7884160999242259,0.9969015315062537,False
63,y,56,4.869038582999565,505.03526694699445,-0.984784256709663,False
63,y,57,0.9013891670001613,22.437354351595612,0.9118213903189915,False
63,y,58,0.5444796660003703,10786.721591584725,-41.39172310858542,False
63,y,59,2.410392917000536,1.0499617505113403,0.995873659348267,False
63,z,0,0.02758062499924563,0.3629132386868851,0.9783546250949898,False
63,z,1,0.008497499999975844,0.04390988937259998,0.9973810654553512,False
63,z,2,0.015241750000313914,15.715467627789062,0.06267627534928355,False
63,z,3,0.015573124999718857,6.531243639104575,0.6104545051156036,False
63,z,4,0.014090458000282524,0.22877851382353154,0.9863548744602456,False
63,z,5,0.023188624999420426,92.62403547534169,-4.524411234853053,False
63,z,6,0.017220916000042052,0.24616201998500206,0.9853180632670523,False
63,z,7,0.010771459000352479,0.6409648241236471,0.9617706866542545,False
63,z,8,0.013859833999958937,0.0915351295196774,0.9945405348049551,False
63,z,9,0.022302291999949375,12.712831446297585,0.24176366848736142,False
63,z,10,0.006973542000196176,0.5243307849073559,0.9687271358448569,False
63,z,11,0.045177333000538056,0.30930482809415843,0.9815520122984432,False
63,z,19,0.014360166999722423,0.016229693033100873,0.9990320061302647,False
63,z,20,0.017291041999669687,0.1210601132498651,0.9927795647609396,False
63,z,21,0.01782870799979719,16.766317991572627,-4.7730930319289655e-11,False
63,z,22,0.012761375000081898,332.7826704951601,-18.848285752322788,False
63,z,23,0.007540625000729051,0.2249583174715586,0.9865827239113938,False
63,z,24,0.016903583999919647,15.647756106576201,0.06671481984367555,False
63,z,25,0.02020579199961503,15.122948303609608,0.09801613497174544,False
63,z,26,0.011807040999883611,0.43976599343920064,0.9737708664668514,False
63,z,27,0.014181833000293409,0.7492892845884007,0.9553098488886597,False
63,z,28,0.0194363330001579,96.54174783089461,-4.758076870785111,False
63,z,29,0.016066042000602465,0.7008163341205436,0.9582009398541618,False
63,z,30,0.013456124999720487,0.6226748096716552,0.9628615650726441,False
63,z,31,0.016789459000392526,72.35272514795956,-3.3153616189183683,False
63,z,33,0.009297916000832629,0.46698737322243544,0.9721472911655707,False
63,z,34,0.009724667000227782,0.00642503578538287,0.9996167891012852,False
63,z,35,0.007263083999532682,0.5393207157326367,0.967833085592826,False
63,z,36,0.01730299999962881,16.694217394354936,0.004300323807355899,False
63,z,37,0.009968915999706951,21.413697633190832,-0.27718546463071037,False
63,z,38,0.007378833000075247,157.65645650069314,-8.403165118749518,False
63,z,39,0.03513704199940548,0.016176144638480324,0.9990351999379122,False
63,z,40,0.011462667000159854,5542.985745501458,-329.60244643768175,False
63,z,41,0.01506733299993357,98.42142218012313,-4.870187016272214,False
63,z,42,5.991419750000205,1.594892072232123e-08,0.9999999990487524,False
63,z,47,0.6920318749998842,10.34120753424801,0.3832153523546745,False
63,z,50,12.470157415999893,4266.7114904063965,-253.48112655114008,False
63,z,51,0.76408554200043,96.14937368106898,-4.734674347342483,False
63,z,52,0.4905624170005467,912.956661594559,-53.45182789071645,False
63,z,53,0.6759913340001731,3190.8547765487565,-189.3133877279973,False
63,z,54,0.47293516700028704,0.0031926451225400736,0.9998095798299724,False
63,z,55,1.0461445410001033,0.8530282911231706,0.9491225031284358,False
63,z,56,0.8084178749995772,18.112575941352294,-0.08029538455138896,False
63,z,57,1.1567821669996192,13.31177468907027,0.2060406645993088,False
63,z,58,0.48251470899958804,3.8774938428443937,0.7687331324039994,False
63,z,59,4.568399624999984,1.4760827414428095,0.9119614251468212,False
64,x,0,0.02991991599992616,28.57199637592713,0.9682689627209909,False
64,x,1,0.008241542000178015,9.698223941496009,0.9892294993538826,False
64,x,2,0.016505457999301143,755.8240596228177,0.1606088319236194,False
64,x,3,0.014833666999948036,355.76634421150663,0.604898622334164,False
64,x,4,0.1541537499997503,1.6286590009463822,0.9981912695636009,False
64,x,5,0.026493458000004466,3249.9116907707544,-2.609235688557584,False
64,x,6,0.14436204199955682,1.0769627266836999,0.9988039637140198,False
64,x,7,0.01088479199916037,0.5393784714528715,0.9994009855608275,False
64,x,8,0.012711499999568332,9.472406371654095,0.9894802842704362,False
64,x,9,0.022119959000519884,595.7011758833348,0.33843557970526095,False
64,x,10,0.007337833000747196,36.05837413277746,0.9599548593394188,False
64,x,11,0.04390849999981583,16.419480535901336,0.9817651121702642,False
64,x,19,0.012556124999719032,1.5238135733896783,0.9983077071455803,False
64,x,20,0.01757724999970378,0.34379205771805105,0.9996181968366457,False
64,x,21,0.02369495899984031,900.4431888036482,-5.470814912200694e-10,False
64,x,22,0.017592166000213183,2406.843569459361,-1.6729543859106695,False
64,x,23,0.007875667000007525,5.1138181161629594,0.9943207764992315,False
64,x,24,0.017147083999589086,874.7027930280714,0.028586362379222074,False
64,x,25,0.02011091700023826,823.9069382392613,0.08499842196077978,False
64,x,26,0.09672150000005786,1.5000767536402635,0.9983340684086311,False
64,x,27,0.012519584000074246,53.86420188740717,0.9401803438721763,False
64,x,28,0.018337582999265578,3374.8346916537675,-2.747970705385609,False
64,x,29,0.015910750000330154,22.384540144545717,0.9751405303131533,False
64,x,30,0.013743792000241228,45.67645891060265,0.9492733583822447,False
64,x,31,0.01714716700007557,7.640417505052171,0.9915148255834071,False
64,x,33,0.009544500000629341,1.675256690332144,0.9981395198363658,False
64,x,34,0.009893708999697992,2.387841546550049,0.9973481485811126,False
64,x,35,0.0072755840001264005,1.0725643759342396,0.9988088483650522,False
64,x,36,0.015871874999902502,900.2774470227927,0.0001840663468738457,False
64,x,37,0.014508374999422813,6.297881608707505,0.993005797933215,False
64,x,38,0.007989332999386534,261.9299832108111,0.7091099287428505,False
64,x,39,0.02088679200005572,1.3772749583884945,0.9984704476903514,False
64,x,40,0.014952167000046757,1429.2578396953877,-0.5872826384263694,False
64,x,41,0.0170693330001086,3376.2737189075733,-2.7495688375859375,False
64,x,42,6.4988946659996145,7.567625368889321e-06,0.9999999915956659,False
64,x,47,0.8776307500002076,10.079420669670425,0.9888061559013218,False
64,x,50,1.2262959999998202,539.0852362609849,0.40131121734381625,False
64,x,51,0.49215674999959447,34.90372280039026,0.9612371738123097,False
64,x,52,0.48380241700033366,342.4119195983939,0.619729568679776,False
64,x,53,0.4865139999992607,9965.698287598248,-10.067548088504036,False
64,x,54,5.034350915999312,0.0003402909606172127,0.9999996220850299,False
64,x,55,0.8472148749997359,16.110151995373496,0.9821086413840373,False
64,x,56,0.8574637909996454,122.08200283048188,0.8644200939989651,False
64,x,57,5.867858625000736,10.427973274420895,0.9884190658446973,False
64,x,59,1.920009915999799,0.9426316844929064,0.9989531469650396,False
64,y,0,0.03366349999942031,264.4047049203977,0.34219744097488536,False
64,y,1,0.008595332999902894,110.42632740342451,0.7252744773524847,False
64,y,2,0.013220292000369227,396.2747243818597,0.014122960278493801,False
64,y,3,0.01457795799979067,29.815716173981123,0.9258225968243792,False
64,y,4,0.016634333000183688,6.701069914135054,0.9833286592269553,False
64,y,5,0.022904292000021087,355.64100012733167,0.11521408044368253,False
64,y,6,0.01447474999986298,8.083597841198264,0.9798891197958409,False
64,y,7,0.012426291000338097,22.263183114014918,0.9446122608565047,False
64,y,8,0.013115791000018362,2.309376740833404,0.9942545881309841,False
64,y,9,0.017925166000168247,324.76800754189605,0.19202184199080696,False
64,y,10,0.0076588749998336425,71.64988119259633,0.8217449450586549,False
64,y,11,0.04774524999993446,94.139469223413,0.7657939416052719,False
64,y,19,0.017442041999856883,4.75975667758392,0.9881583796937569,False
64,y,20,0.015962333000061335,82.370759253899,0.7950728742048314,False
64,y,21,0.15451095800017356,28.39066905325072,0.9293679181643681,False
64,y,22,0.012605750000147964,444.602169162013,-0.10610907892482646,False
64,y,23,0.007330166999963694,167.56977434239093,0.5831094366839203,False
64,y,24,0.024375250000048254,243.4137807477107,0.3944199747654695,False
64,y,25,0.14677479199963273,28.390301875692966,0.9293688316516571,False
64,y,26,0.012420666000252822,37.51558733783961,0.9066663758438387,False
64,y,27,0.013357874999201158,58.243900637378246,0.855097181805419,False
64,y,28,0.019172250000337954,142.37759700537555,0.6457841108153544,False
64,y,29,0.02344133399947168,23.549010429859795,0.9414132992529967,False
64,y,30,0.014106083000115177,45.326590144679685,0.8872336746124486,False
64,y,31,0.015193958000054408,219.42384854566174,0.45410362826965944,False
64,y,33,0.010937375000139582,37.27994640193519,0.9072526180996092,False
64,y,34,0.010152957999707724,5.6726741616038705,0.9858871664891814,False
64,y,35,0.007213959000182513,52.309041247178,0.8698622961232726,False
64,y,36,0.015402500000163855,386.68847068639747,0.03797224168306412,False
64,y,37,0.010558166999544483,38.864196097937345,0.9033112226373813,False
64,y,38,0.007634415999746125,467.4197487949207,-0.16287608039631718,False
64,y,39,0.03177779199995712,395.23179652008645,0.016717621430834106,False
64,y,40,0.015204665999590361,6233.105921177261,-14.507110687986543,False
64,y,41,0.01396633300009853,85.9769988517513,0.7861010458228864,False
64,y,42,7.151378542000202,2.05213987320203e-05,0.999999948945581,False
64,y,47,0.7365457080004489,10.685607778067425,0.9734156767623798,False
64,y,51,0.7632044590000078,2068.9642565536406,-4.147298656815609,False
64,y,52,0.5002295419999427,40.129880124480934,0.9001623747686253,False
64,y,53,0.701590749999923,956.0214289681983,-1.378449894253826,False
64,y,54,0.5055819170001996,0.00043485000247038536,0.9999989181529713,False
64,y,55,9.413401666000027,1.5815264324783853,0.9960653796430614,False
64,y,56,4.634422333000657,195.35481749183666,0.5139840688436186,False
64,y,57,3.2756953749994864,23.615462128562957,0.9412479765615126,False
64,y,58,0.6077933750002558,5627.892692443499,-13.001423371504128,False
64,y,59,1.6680696670000543,0.29024468513515456,0.9992779111223349,False
64,z,0,0.030887832999724196,1.4881936656270478,0.9733243631398955,False
64,z,1,0.008342084000105388,0.2870834482319896,0.9948540744457769,False
64,z,2,0.015435084000273491,46.74186357072988,0.16215946380071855,False
64,z,3,0.014805540999986988,21.68294893747103,0.6113365583581782,False
64,z,4,0.16792191700005787,0.058324151461748526,0.9989545487791659,False
64,z,5,0.025059666999368346,206.24134543462645,-2.6968436053888047,False
64,z,6,0.1424969580002653,0.05203779411049363,0.9990672307437167,False
64,z,7,0.010679957999855105,0.09653557722268546,0.9982696149959838,False
64,z,8,0.019552624999960244,5.282448258449505,0.9053129476832457,False
64,z,9,0.02212537500054168,38.0851507340567,0.31732967676893464,False
64,z,10,0.007339624999985972,1.722139965751269,0.9691309125890565,False
64,z,11,0.043387333000282524,0.7459379453781684,0.9866291799174562,False
64,z,19,0.01216604199998983,0.03560690783548747,0.9993617517900599,False
64,z,20,0.01694374999988213,0.04441230298892056,0.9992039164700017,False
64,z,21,0.0199802909992286,0.21643617495333906,0.9961204156825835,False
64,z,22,0.01504308299990953,490.02849359598787,-7.783683500468907,False
64,z,23,0.007458709000275121,0.483675992254515,0.9913301840846798,False
64,z,24,0.018264833000102954,53.893798029763815,0.03396216604104052,False
64,z,25,0.02097745799983386,50.63780772336714,0.09232527901455378,False
64,z,26,0.08481637499971839,0.06245187415755795,0.9988805600005306,False
64,z,27,0.014217207999536186,2.663675253259447,0.952254040982457,False
64,z,28,0.019247374999395106,214.81337499696622,-2.8504958840139185,False
64,z,29,0.015159624999796506,1.472116715665225,0.9736125399336187,False
64,z,30,0.014002790999256831,2.2335320804607353,0.9599642895478526,False
64,z,31,0.014140457999928913,25.220082728007032,0.5479339927504372,False
64,z,33,0.009583500000189815,0.059242144240897826,0.9989380939033105,False
64,z,34,0.00937029199940298,0.07258498540778145,0.9986989255787363,False
64,z,35,0.007873166000536003,0.05205206642081001,0.9990669749148041,False
64,z,36,0.015059082999869133,55.76346232927875,0.0004487282028625694,False
64,z,37,0.012678541000241239,49.40897806933354,0.11435185685253713,False
64,z,38,0.007533125000009022,129.2200797452918,-1.3162495594058021,False
64,z,39,0.020717874999718333,0.03331754805175029,0.9994027882032926,False
64,z,40,0.011658750000606233,8729.345715271884,-155.4721458673773,False
64,z,41,0.014915959000063594,216.36594471757687,-2.878325451511474,False
64,z,42,3.0675599159994817,1.0057896321378286e-05,0.9999998197137939,False
64,z,47,1.2464686670000447,8.906215274447641,0.8403574951658068,False
64,z,50,12.026835083000151,8132.614603583963,-144.77583475802558,False
64,z,51,0.5588983750003536,106.42630586411808,-0.9076747557566209,False
64,z,52,0.37337375000061,315.97652260667496,-4.663829357735364,False
64,z,53,0.4552640000001702,1638.6018916231176,-28.371680600993034,False
64,z,54,0.44716737499948067,0.0011147683152763124,0.9999800179536789,False
64,z,55,0.9258203750005123,2.9711406756592487,0.9467427717542549,False
64,z,56,12.13968875000046,54.454562462029514,0.023910551990606876,False
64,z,57,1.057593249999627,27.236334605181586,0.5117929956905213,False
64,z,58,0.6501868750001449,6.474004013804648,0.8839544986032809,False
64,z,59,1.0493950840000252,1.145012632950601,0.9794758290521598,False
65,x,0,0.03279924999969808,15.921274790107345,0.9775988771819785,False
65,x,1,0.00941033300023264,2.552047211332358,0.9964092873358378,False
65,x,2,0.01589700000022276,687.8289324164575,0.032229479361569835,False
65,x,3,0.017144915999779187,274.17890854263277,0.6142321839586055,False
65,x,4,0.015976292000232206,3.7405460190360382,0.9947370777853195,False
65,x,5,0.02321958300035476,3282.793227479101,-3.618867222907385,False
65,x,6,0.015600916000039433,3.8451252256899284,0.9945899355694261,False
65,x,7,0.011164917000314745,7.878726217916868,0.988914687047121,False
65,x,8,0.018337374999646272,49.370609064533284,0.93053589666436,False
65,x,9,0.02166975000000093,502.6567652715985,0.2927654297409077,False
65,x,10,0.00765416699960042,21.634937500351683,0.9695597935156088,False
65,x,11,0.04414158300005511,10.05848807232224,0.9858477772890586,False
65,x,19,0.014114041999164328,0.04155127551342754,0.9999415376445484,False
65,x,20,0.016117707999910635,1.58097042260479,0.9977755856189082,False
65,x,21,0.02158291600062512,4.615982483870346,0.9935053447723128,False
65,x,22,0.013494374999936554,3061.794046734231,-3.307922913747918,False
65,x,23,0.007678332999603299,7.131046427778473,0.9899666673080139,False
65,x,24,0.022944416000427736,9.52336793664718,0.9866006875955312,False
65,x,25,0.019028124999749707,658.846958440118,0.0730069150324929,False
65,x,26,0.012141375000283006,4.6661565310856625,0.9934347502370908,False
65,x,27,0.013425083000583982,33.1113869687209,0.953412508989404,False
65,x,28,0.021147750000636734,3370.2095959721732,-3.7418614449614793,False
65,x,29,0.016642791999402107,22.122510947346303,0.968873781069186,False
65,x,30,0.018599084000015864,26.958734911500088,0.9620692476116149,False
65,x,31,0.01587720900079148,14.904995573309252,0.9790287749667365,False
65,x,33,0.009108999999625667,4.6875380791452645,0.993404666547786,False
65,x,34,0.009613584000362607,0.24880685379659442,0.9996499304883975,False
65,x,35,0.00787525000032474,5.551794434889988,0.992188663870455,False
65,x,36,0.016131708000102662,709.2852735867876,0.0020405566704931877,False
65,x,37,0.014913166999576788,103.13808309542706,0.8548854349231171,False
65,x,38,0.007846292000067479,92.34747241491431,0.870067749048228,False
65,x,39,0.026146166999751586,0.03751455217210069,0.9999472172861942,False
65,x,40,0.0171533749999071,17787.47221506335,-24.026849606248934,False
65,x,41,0.017695167000056244,3389.729372672543,-3.7693256349217608,False
65,x,42,6.549932541999624,4.2712909180459655e-06,0.9999999939903234,False
65,x,47,0.7185441659994467,572.1325790952245,0.19501344324092806,False
65,x,50,1.2575075419999848,133.2267033145731,0.8125509556907944,False
65,x,51,0.487629583000853,35.45483392978412,0.9501152954255181,False
65,x,52,0.43141962499976216,286.9948101120596,0.596200299648764,False
65,x,53,0.4874752919995444,9864.797303186328,-12.879701146849833,False
65,x,54,0.4689342499996201,3.915421359629348e-05,0.999999944910294,False
65,x,55,2.4525168750005832,204.73466640654627,0.7119397493139563,False
65,x,56,1.1521700840003177,19.368594014738925,0.9727485230261742,False
65,x,57,5.473062375000154,8.556282706265241,0.9879613697837905,False
65,x,59,1.4632531249999374,0.2251763003130755,0.9996831785126807,False
65,y,0,0.029708541999752924,0.7921581026167521,0.9957961761310931,False
65,y,1,0.007863667000492569,21.012514280425172,0.8884908091124649,False
65,y,2,0.01696166700003232,187.3096871186235,0.005985129754190188,False
65,y,3,0.015468958999917959,36.92183535273521,0.8040632391097662,False
65,y,4,0.025280124999881082,0.0050937267076387295,0.9999729686159309,False
65,y,5,0.15152970899998763,16.948647197043567,0.9100569351026575,False
65,y,6,0.02207837500009191,0.0017934060987851114,0.9999904827542131,False
65,y,7,0.013173250000363623,0.3141245578159519,0.998333004094013,False
65,y,8,0.01252004100024351,4.343622729485249,0.976949267011953,False
65,y,9,0.01905091699973127,158.65513874632796,0.15804905992455698,False
65,y,10,0.0075909580000370624,11.781928038824685,0.9374756754393544,False
65,y,11,0.042946833000314655,19.2594135721353,0.8977941622912837,False
65,y,19,0.01679100000001199,0.08045835190354993,0.9995730236943007,False
65,y,20,0.01809741700071754,26.974512530557526,0.8568516824438164,False
65,y,21,0.1580216250004014,0.32018882881103594,0.9983008222264383,False
65,y,22,0.011903291999260546,270.71331696477114,-0.43662117414211954,False
65,y,23,0.007154832999731298,43.00452351942158,0.7717836353062247,False
65,y,24,0.016670207999595732,141.6059647021474,0.24852560059910167,False
65,y,25,0.014936417000171787,171.4576551128575,0.09010867819279766,False
65,y,26,0.015122750000045926,211.14995272474894,-0.12053036919109772,False
65,y,27,0.012623874999917462,7.609305120304132,0.9596189467924863,False
65,y,28,0.02547554200009472,333.0401824461094,-0.7673773248639177,False
65,y,29,0.02136358299958374,0.022744207430473732,0.9998793010615434,False
65,y,30,0.012693083999693044,7.756078369335089,0.9588400506535019,False
65,y,31,0.017917833000865357,19.889088505595357,0.8944526039506093,False
65,y,33,0.008920708000005106,0.10425761730922879,0.9994467257751803,False
65,y,34,0.009608458999537106,0.05394140086192864,0.9997137438249807,False
65,y,35,0.007951083000079961,0.5838477570333521,0.9969016372757952,False
65,y,36,0.014299041000413126,183.79374877703364,0.024643508016251703,False
65,y,37,0.010913082999650214,85.63659399001844,0.545543804099293,False
65,y,38,0.007322000000385742,66.31352141725736,0.6480874673322543,False
65,y,39,0.15174758299963287,25.696434099298997,0.8636341878526629,False
65,y,40,0.014348707999488397,1448.546544137125,-6.687145428861911,False
65,y,41,0.014515541999571724,277.7014267320304,-0.47370566843827655,False
65,y,42,1.056513458000154,0.00022815733103781808,0.9999987892148917,False
65,y,47,0.7793025840001064,11.956928402407197,0.9365469836755949,False
65,y,51,0.5824359999996886,3177.0636052296204,-15.86003813201081,False
65,y,52,0.4443461250002656,2.4528290074535413,0.9869833293457214,False
65,y,53,0.7171955410003648,1012.2383545214784,-4.371745541330624,False
65,y,54,0.4800528329997178,3.423465095204713e-05,0.9999998183235868,False
65,y,55,9.281755332999637,1.8058288059807952,0.9904168294022809,False
65,y,56,1.7339639589999933,339.6272560710515,-0.8023336009397506,False
65,y,57,1.158981708000283,16.2001988570844,0.91402880004448,False
65,y,58,0.5716382499995234,6086.535091856146,-31.300018662389924,False
65,y,59,8.95966270899953,0.31413200587092804,0.9983329645686819,False
65,z,0,0.029589957999633043,0.34237871833888706,0.9914205142463713,False
65,z,1,0.008699166000042169,3.500625036792593,0.9122797036636177,False
65,z,2,0.01582349999989674,39.74581110089763,0.004030911264037651,False
65,z,3,0.015167250000558852,7.49291864031402,0.8122389468610511,False
65,z,4,0.015489417000026151,0.0066284984794507,0.9998338999907812,False
65,z,5,0.14685058400027629,2.7596239156302507,0.9308480556724088,False
65,z,6,0.015807333999873663,0.005530307016306124,0.9998614189851233,False
65,z,7,0.012935082999320002,0.029698359961053206,0.999255804632285,False
65,z,8,0.013019332999647304,0.3999696362300584,0.9899773741412184,False
65,z,9,0.01944433399967238,32.15107481476757,0.19434335850243556,False
65,z,10,0.0076060000001234584,1.601178711506572,0.9598769163836084,False
65,z,11,0.044014917000822606,2.954434692456091,0.9259663962849923,False
65,z,19,0.019031791999623238,0.04829070052578403,0.9987899090831235,False
65,z,20,0.016600416000073892,4.478835482624513,0.8877672496630196,False
65,z,21,0.021156417000383954,0.05841408514756154,0.9985362325854649,False
65,z,22,0.015793749999829743,360.49085012582435,-8.033348007064852,False
65,z,23,0.007556917000329122,7.801675910914582,0.8045019630400392,False
65,z,24,0.01768433399956848,30.24348617594438,0.2421446051160412,False
65,z,25,0.014756499999748485,36.847177496483994,0.07666622526577127,False
65,z,26,0.015286542000467307,42.256579931970165,-0.05888510618398701,False
65,z,27,0.014030457999979262,0.9035102180525273,0.9773594191787148,False
65,z,28,0.018008915999416786,69.92143894163311,-0.752124057778577,False
65,z,29,0.01659549999931187,0.002729762137240902,0.9999315963460554,False
65,z,30,0.013233915999990131,0.8923347769672333,0.977639458598358,False
65,z,31,0.015516917000240937,60.172073931371486,-0.5078199181454761,False
65,z,33,0.009584625000570668,0.24316114251076054,0.9939067545782965,False
65,z,34,0.009869458000139275,0.08172649323311149,0.9979520593809411,False
65,z,35,0.007683374999942316,0.4652178060510658,0.9883423550426435,False
65,z,36,0.0154313330003788,39.11816979315356,0.019758640149479367,False
65,z,37,0.01024962500014226,12.35511266235113,0.6903998192837458,False
65,z,38,0.007570667000436515,188.96265866944543,-3.7351145126305374,False
65,z,39,0.1517590419998669,4.375807621418602,0.8903489699046615,False
65,z,40,0.012146084000050905,7726.815808460833,-192.62215756642496,False
65,z,41,0.014158250000036787,55.45111769408263,-0.38951999291112216,False
65,z,42,7.140050834000249,2.1475685667678516e-06,0.9999999461852244,False
65,z,47,1.9931872079996538,5.609684491262195,0.859429907300785,False
65,z,50,11.864709417000086,7968.9156111629945,-198.68880743974918,False
65,z,51,0.7215546249999534,35.156518016028464,0.11903155976196611,False
65,z,52,0.3834854169999744,283.33731894253617,-6.099998805804101,False
65,z,53,0.4307002499999726,2612.361911153506,-64.46178427445236,False
65,z,54,0.4490596669993465,0.0001546620702202202,0.999996124405645,False
65,z,55,0.9787179159993684,2.142539641917312,0.9463112414708561,False
65,z,56,0.9334069580008872,10.579945469386944,0.7348827874899373,False
65,z,57,1.0045017499996902,17.225501904599064,0.5683553320526987,False
65,z,58,0.5090295410000181,5.114656090126604,0.8718345600659742,False
65,z,59,0.9608790840002257,0.43254446179389866,0.9891610989556349,False
66,x,0,0.029815165999934834,2.3078396533888137,0.8683079795698347,False
66,x,1,0.008624666999821784,11.707187867332678,0.3319539242942273,False
66,x,2,0.016117457999826,16.701251151696223,0.046978196839242314,False
66,x,3,0.01589633399999002,0.15634856034977868,0.9910782979339244,False
66,x,4,0.01607366699954582,1.493127398442233,0.9147978224692683,False
66,x,5,0.022657542000160902,58.85027776542853,-2.358167440456953,False
66,x,6,0.01485533300001407,1.6570951371809193,0.9054413479983683,False
66,x,7,0.013461916999403911,3.0933360949204443,0.8234852756726584,False
66,x,8,0.01307616699978098,0.43130141534221944,0.9753886910135181,False
66,x,9,0.016863666999597626,13.557717717086373,0.22635732687787857,False
66,x,10,0.00746854200042435,9.872786657224113,0.4366301747798319,False
66,x,11,0.0499622500001351,11.08640874967336,0.3673773802199318,False
66,x,19,0.015592749999996158,0.16982751446337407,0.990309149740332,False
66,x,20,0.01998004199958814,7.124238709264608,0.5934702879932742,False
66,x,21,0.10563129199999821,6.6329899504189225,0.6215023661713244,False
66,x,22,0.014127665999694727,421.63006936036516,-23.05943395012069,False
66,x,23,0.007620207999934792,14.09841513077012,0.19550356511638456,False
66,x,24,0.02136579099988012,4.822221677654243,0.7248300527465458,False
66,x,25,0.016425166999397334,17.406754987154777,0.0067201029216942265,False
66,x,26,0.010628375000123924,1.5500301731554538,0.9115507851982592,False
66,x,27,0.013336125000023458,9.05296149716678,0.48341177486582565,False
66,x,28,0.02037358400048106,37.39020436373001,-1.1335934451624756,False
66,x,29,0.02341995900042093,6.379532576079491,0.6359653786560422,False
66,x,30,0.015425625000716536,4.68122706040945,0.7328756143120889,False
66,x,31,0.016040041999985988,116.56196444593583,-5.651363573138296,False
66,x,33,0.009910124999805703,4.232832184216426,0.7584623257240731,False
66,x,34,0.010103374999744119,0.1917961177986392,0.9890555575529365,False
66,x,35,0.00750604199947702,5.855845616755481,0.665848474583022,False
66,x,36,0.018701250000049185,16.054246741868035,0.08389814395618556,False
66,x,37,0.009864415999800258,1.9071564330980018,0.8911721255927518,False
66,x,38,0.007612999999764725,239.52130209872422,-12.667779805727651,False
66,x,39,0.020627875000172935,0.23709887977646468,0.9864704506339328,False
66,x,40,0.011926624999432534,5621.617342570784,-319.78578112709243,False
66,x,41,0.014728000000104657,25.25155875105294,-0.4409271398271384,False
66,x,42,6.437285375000101,3.3409053334050526e-05,0.9999980935825729,False
66,x,47,0.7258997079998153,10.847470593855828,0.38101188400847263,False
66,x,50,0.8009075830004804,42.029526994952846,-1.3983266426513103,False
66,x,51,0.49926041699927737,95.5675583153242,-4.453361902176499,False
66,x,52,0.588045417000103,344.3062270645247,-18.64711136765265,False
66,x,53,0.4470960839998952,10634.4306761819,-605.8314407435087,False
66,x,54,7.912265791000209,0.006409115010119749,0.9996342773192182,False
66,x,55,1.2862330830002975,37.46181512660675,-1.137679762872612,False
66,x,56,7.797211416999744,92.16054882315235,-4.258948064546989,False
66,x,57,1.4847321669994926,13.802048269375469,0.21241511731555585,False
66,x,59,1.0646572080004262,2.507723320807807,0.856902038097797,False
66,y,0,0.028010458000608196,14.662287691421591,0.9834335678957326,False
66,y,1,0.008694624999407097,0.7172321803757156,0.9991896231700499,False
66,y,2,0.015595875000144588,885.0201384310948,4.512646371279683e-05,False
66,y,3,0.01613183300014498,298.20092704667945,0.6630726721970723,False
66,y,4,0.01664495800014265,2.381697082957919,0.9973089995334876,False
66,y,5,0.02462612499948591,3497.3142374290496,-2.9514992531181834,False
66,y,6,0.01571037499979866,2.48250886211042,0.9971950956509702,False
66,y,7,0.010505457999897772,7.828921940264658,0.991154361004055,False
66,y,8,0.01932924999982788,101.56822034087139,0.8852414396961553,False
66,y,9,0.02223770799992053,681.0291094411712,0.23052781803021394,False
66,y,10,0.007798958000421408,10.13186672466904,0.9885523401452613,False
66,y,11,0.04520520900041447,7.238153975164166,0.9918218501155215,False
66,y,19,0.013400292000369518,0.04838930010290923,0.9999453265362406,False
66,y,20,0.01567395799975202,14.044509303742077,0.9841315751869797,False
66,y,21,0.01896412499991129,6.558928158299083,0.9925892848170752,False
66,y,22,0.015399083999909635,3131.9639678071558,-2.5387021123617592,False
66,y,23,0.007739042000139307,30.026326565704846,0.9660742504266684,False
66,y,24,0.01687562499955675,802.2144142137321,0.09360456527449457,False
66,y,25,0.017799957999159233,798.5411262835503,0.09775489136108395,False
66,y,26,0.09084775000064838,12.216693512102342,0.9861967635701693,False
66,y,27,0.013452958000016224,16.633679761780645,0.9812061574416597,False
66,y,28,0.023175833000095736,3682.268367547694,-3.1604727846365313,False
66,y,29,0.015072125000187953,22.567131456870847,0.9745021473499622,False
66,y,30,0.018103458000041428,14.814733285774771,0.983261324679558,False
66,y,31,0.016361458000574203,25.5170839493966,0.9711690939611084,False
66,y,33,0.009126207999543112,3.454233935070518,0.9960971757503378,False
66,y,34,0.01014708300044731,0.02323232957133933,0.9999737505620837,False
66,y,35,0.007555750000392436,3.728287048582871,0.9957875322353889,False
66,y,36,0.014910207999491831,879.0585014883471,0.006780982131045499,False
66,y,37,0.014738999999281077,44.60987107812349,0.9495967876262421,False
66,y,38,0.007375500000307511,144.55187763945915,0.8366756322848894,False
66,y,39,0.1554657500000758,3.884515788232869,0.9956110145689362,False
66,y,40,0.025181290999171324,17660.702215764875,-18.95424113403058,False
66,y,41,0.0148176250004326,3761.5118656468903,-3.2500073824150935,False
66,y,42,7.311528749999525,2.1036746860631886e-07,0.9999999997623128,False
66,y,47,0.8972096249999595,9.104757935020228,0.9897128362687528,False
66,y,51,8.469502582999667,2620.8661546491385,-1.9612296606872728,False
66,y,52,0.5031159159998424,41.95721292057792,0.9525939380155719,False
66,y,53,0.8855603749998409,1076.2045192670114,-0.21596775850836925,False
66,y,54,0.5935632089995124,0.004188300771493761,0.9999952677780014,False
66,y,55,5.874049625000225,2.846091829782823,0.9967842953260156,False
66,y,56,11.894624542000201,1183.9856640747787,-0.3377460959108447,False
66,y,57,0.9045027080001091,15.587295753745964,0.9823884319945073,False
66,y,58,0.5488704589997724,10801.33464063949,-11.204069428014154,False
66,y,59,2.5770920839995597,0.9206201030090503,0.9989598219083339,False
66,z,0,0.028326957999524893,3.8543639437047745,0.9849857858768563,False
66,z,1,0.007937207999930251,0.48843757544261024,0.9980973497960767,False
66,z,2,0.015245292000145128,256.64523135345416,0.00026917190369080135,False
66,z,3,0.01585037499989994,83.13865117905979,0.676143319898342,False
66,z,4,0.014481042000625166,0.5286861970536126,0.9979405661005422,False
66,z,5,0.026733292000244546,962.411335066061,-2.7489583418356327,False
66,z,6,0.015322874999583291,0.5448666651227935,0.9978775370208415,False
66,z,7,0.013086500000099477,1.616374987436489,0.9937036044029256,False
66,z,8,0.012610666000000492,0.3660130084287736,0.9985742400664107,False
66,z,9,0.022070832999816048,197.7298637145875,0.22976694580187673,False
66,z,10,0.007135957999707898,2.189154734853143,0.9914724093474716,False
66,z,11,0.04282470799989824,1.8678762042478052,0.9927239114687376,False
66,z,19,0.013289167000039015,0.0005665834023445625,0.9999977929420663,False
66,z,20,0.01756820799982961,4.761238494256743,0.9814531644421172,False
66,z,21,0.019399457999497827,1.5500438804077232,0.9939619893033919,False
66,z,22,0.012034874999699241,662.4611773175195,-1.580538348165128,False
66,z,23,0.007210917000520567,10.172602069338613,0.9603738443257179,False
66,z,24,0.02434637499936798,2.1816261666989174,0.9915017359850075,False
66,z,25,0.0172753750002812,232.09716050402952,0.09589324825624701,False
66,z,26,0.09088700000029348,4.745856365017578,0.9815130836883118,False
66,z,27,0.012892667000414804,3.7534178034583685,0.9853790095025182,False
66,z,28,0.022569832999579376,1012.8734663763386,-2.9455275438281308,False
66,z,29,0.015174583000771236,5.631615471464053,0.9780627149426637,False
66,z,30,0.01302049999958399,3.392220547972448,0.98678601024603,False
66,z,31,0.019683874999827822,133.10538979603052,0.4815038609402291,False
66,z,33,0.009229332999893813,0.6377553239424217,0.9975157003511602,False
66,z,34,0.009420749999662803,0.03389511833616694,0.9998679656171909,False
66,z,35,0.007473500000742206,0.659052754396719,0.9974327387559959,False
66,z,36,0.017165332999866223,254.80846108045588,0.0074240909971153846,False
66,z,37,0.011391666999770678,25.478437849520937,0.900751790182993,False
66,z,38,0.008343833000253653,148.2028299858634,0.4226935869151902,False
66,z,39,0.1514677909999591,1.6740020867857175,0.9934791249241939,False
66,z,40,0.014217167000424524,1341.822300077942,-4.226908414158466,False
66,z,41,0.01487570900007995,1036.4557461342,-3.0373894964013166,False
66,z,42,4.038022499999897,2.349308637746038e-08,0.9999999999084855,False
66,z,47,0.9638927089999925,29.129981892284654,0.8865276367457732,False
66,z,50,12.351533249999193,2668.8832028593124,-9.396315569223452,False
66,z,51,0.737725708000653,104.28106994289148,0.5937855542494073,False
66,z,52,0.41925779200028046,511.3590077845414,-0.9919379043629604,False
66,z,53,0.6704024999999092,3069.3178208325753,-10.956160769205002,False
66,z,54,0.478599583999312,0.003789941299928497,0.9999852367365868,False
66,z,55,0.8093917090000105,4.680729204055294,0.9817667787607549,False
66,z,56,8.718963249999433,16.41609797534508,0.9360530521589954,False
66,z,57,2.82066741700055,19.776662120546476,0.9229623761388904,False
66,z,58,0.8227003330002844,3.1635720541332915,0.987676683128917,False
66,z,59,4.318873291999807,1.7249906932663026,0.9932805049010924,False
67,x,0,0.029588082999907783,13.554601267205001,0.9830465127078836,False
67,x,1,0.008405209000557079,0.04002889687541287,0.9999499336512291,False
67,x,2,0.019119417000183603,773.7782690868268,0.03219284778088127,False
67,x,3,0.015528207999523147,278.4160218955973,0.6517697277788007,False
67,x,4,0.01591183300024568,3.572395561431815,0.995531807866626,False
67,x,5,0.024272500000734,3450.130883725809,-3.315268958512485,False
67,x,6,0.01501587499933521,3.7302964979655027,0.9953343124576378,False
67,x,7,0.012568916999953217,9.463793394595267,0.9881631117074113,False
67,x,8,0.012677041999268113,1.61322687763961,0.9979822481805101,False
67,x,9,0.021752541999376263,598.9485454215775,0.25086202439578353,False
67,x,10,0.008245708000686136,11.881144582800875,0.9851395972681499,False
67,x,11,0.042910957999993116,6.759365147376347,0.991545689255642,False
67,x,19,0.013204583000515413,0.015907526732686413,0.9999801035790729,False
67,x,20,0.02330633299970941,799.5169982455205,-1.7569479204837535e-10,False
67,x,21,0.026992541000254278,799.5169981673796,-7.795919465536372e-11,False
67,x,22,0.018624833999638213,2509.5314971859216,-2.1388094351137115,False
67,x,23,0.0072003750001385924,21.482270960282204,0.9731309390404486,False
67,x,24,0.019953666999754205,9.268479069155074,0.9884074021051179,False
67,x,25,0.017963624999538297,731.0979784100043,0.08557544099400849,False
67,x,26,0.08743079200030479,8.163713429682042,0.9897891934142351,False
67,x,27,0.012668959000620816,19.50892388474067,0.9755991130507805,False
67,x,28,0.023100209000403993,3610.3505279473743,-3.515664503074145,False
67,x,29,0.016506791000210796,21.93089402368417,0.9725698214351127,False
67,x,30,0.013272958000015933,16.531806610488125,0.9793227578029354,False
67,x,31,0.015518124999289284,0.5575078493349006,0.9993026941882959,False
67,x,33,0.009535875000437954,5.0504407215317295,0.9936831352760456,False
67,x,34,0.009414916999958223,0.048258709132613264,0.9999396401711946,False
67,x,35,0.007533207999586011,5.5803785523110925,0.9930203128069356,False
67,x,36,0.01593216699984623,795.7035175705001,0.004769730404216577,False
67,x,37,0.013584208999418479,15.86323918699086,0.9801589719485782,False
67,x,38,0.008153875000061817,170.06209796155872,0.7872939557700136,False
67,x,39,0.15695254199999908,1.5987870096638617,0.9980003089196938,False
67,x,40,0.013181999999687832,1053.8954125546134,-0.31816511100135725,False
67,x,41,0.01565320800000336,3649.3941149337306,-3.5644984704305536,False
67,x,42,6.497844041999997,1.2468502542446473e-09,0.9999999999984405,False
67,x,47,0.6809925830002612,722.1470603085344,0.09677084787426893,False
67,x,50,0.9375087910002549,94.57026585363751,0.8817157532888228,False
67,x,51,0.4886508330000652,100.06047236394416,0.8748488492413552,False
67,x,52,0.43017141700056527,314.0864937511158,0.6071547015316267,False
67,x,53,0.5046261670004242,10286.98349193487,-11.866497543287068,False
67,x,54,8.190047167000557,0.014383479991118126,0.9999820097883783,False
67,x,55,0.6185745419998057,4.748918985694286,0.9940602651388903,False
67,x,56,11.949935957999514,76.48786128922447,0.9043324138567288,False
67,x,57,0.5455126660008318,12.97124490659713,0.9837761486780887,False
67,x,59,1.045352916000411,4.58275733414125,0.9942680926797017,False
67,y,0,0.02958104200024536,0.20359753719594978,0.996551210033044,False
67,y,1,0.008735958999750437,4.46062459578688,0.9244403563806334,False
67,y,2,0.0161713339994094,58.757942600284494,0.004684409694983849,False
67,y,3,0.017916832999617327,14.140356698852813,0.7604729360490905,False
67,y,4,0.1441492499998276,0.060761589657072915,0.9989707441274993,False
67,y,5,0.14298845899975277,3.393664249662871,0.9425138664413706,False
67,y,6,0.16644604100019933,0.021383279721269913,0.999637783238545,False
67,y,7,0.01281645800008846,0.4443960347470571,0.9924722636280437,False
67,y,8,0.01974729199991998,20.04728303631586,0.6604140229170337,False
67,y,9,0.020088625000425964,50.47125623186454,0.14505467743163114,False
67,y,10,0.007486500000595697,2.539140102935144,0.9569888662097609,False
67,y,11,0.04543699999976525,4.413505097702561,0.9252385254276627,False
67,y,19,0.018106750000697502,0.10823784350191511,0.998166531904779,False
67,y,20,0.015450916000190773,6.799762588787944,0.8848171087093055,False
67,y,21,0.08164408300035575,0.0908030661376101,0.998461863990217,False
67,y,22,0.01463316700028372,384.04030145435917,-5.505355402643245,False
67,y,23,0.007443125000463624,10.47150560844518,0.8226205288201933,False
67,y,24,0.017328999999335792,46.71494041431678,0.20868385724733818,False
67,y,25,0.0162069159996463,52.70736102856941,0.10717673502550129,False
67,y,26,0.01583737500004645,92.61032007235809,-0.5687495394147675,False
67,y,27,0.013822042000356305,1.5357177978161325,0.9739860893892517,False
67,y,28,0.019135417000143207,140.70706460871057,-1.3834724102546536,False
67,y,29,0.020203416999720503,0.20766600756649,0.9964822931886262,False
67,y,30,0.013564707999648817,1.8152932133486093,0.9692502910030071,False
67,y,31,0.014875583999128139,62.111112022918775,-0.052115771788324494,False
67,y,33,0.01065866599947185,0.06499801848340263,0.9988989821924917,False
67,y,34,0.010013999999500811,0.05742276344421386,0.9990273013457394,False
67,y,35,0.0077794999997422565,0.021272635816320235,0.9996396574635211,False
67,y,36,0.014381750000211468,57.68823175057781,0.022804511228734947,False
67,y,37,0.014541250000547734,13.468867287530722,0.7718474643296365,False
67,y,38,0.007519417000366957,196.9850447137155,-2.336779291171821,False
67,y,39,0.15149166699939087,5.721091064815821,0.9030889973615526,False
67,y,40,0.013174624999919615,8186.432971922919,-137.67205020045188,False
67,y,41,0.01589758400041319,109.46975957315772,-0.854335831860422,False
67,y,42,6.0320699170006264,4.124728070471261e-09,0.9999999999301302,False
67,y,47,0.6999123340001461,23.59153016844095,0.6003771279818996,False
67,y,51,1.7852982499998689,2186.9343820455197,-36.04503236662746,False
67,y,52,0.4717329579998477,98.46012303963661,-0.6678408253904076,False
67,y,53,0.8334251249998488,1053.0797338809627,-16.838382873550575,False
67,y,54,0.6575442920002388,0.0010742854901773797,0.999981802407479,False
67,y,55,10.184156291999898,4.780636232807037,0.9190195986530874,False
67,y,56,5.031429458000275,623.1304621221439,-9.55536385886218,False
67,y,57,0.713821082999857,14.735208935094024,0.7503965841814566,False
67,y,58,0.547114375000092,10367.171892489057,-174.6121360844989,False
67,y,59,3.5034579999992275,1.3260308564260281,0.9775380293077186,False
67,z,0,0.02780670799984364,0.19823997389894302,0.9948599306691064,False
67,z,1,0.008542124999621592,2.1711659644301586,0.9437048776462378,False
67,z,2,0.016021082999941427,38.43805688443149,0.0033580339779005763,False
67,z,3,0.015673541000069235,9.432182424641683,0.7554374597072451,False
67,z,4,0.16581033400052547,0.011084352622174496,0.9997125991300064,False
67,z,5,0.14746595799988427,1.5732192545391084,0.9592087514844504,False
67,z,6,0.046337958000549406,0.009609022797135503,0.9997508522503913,False
67,z,7,0.011646542000562476,0.16288564868808217,0.9957766160336001,False
67,z,8,0.018613250000271364,12.027300080293456,0.6881498970147873,False
67,z,9,0.020609500000318803,32.20835786131588,0.16488491606747413,False
67,z,10,0.007665041999644018,1.0756896473357158,0.9721089583645288,False
67,z,11,0.043731374999879336,2.1017176488820017,0.9455055697559598,False
67,z,19,0.013603417000012996,0.02263096250272358,0.999413212612971,False
67,z,20,0.01653558299949509,3.5551866991885586,0.9078192669283962,False
67,z,21,0.02100520900057745,0.06431158934216882,0.9983324956037009,False
67,z,22,0.015736833000119077,379.5759151182336,-8.841842095074703,False
67,z,23,0.007677042000068468,5.756329525827166,0.8507468888726502,False
67,z,24,0.1493052499999976,0.1692932593123291,0.9956104761668203,False
67,z,25,0.016165291000106663,34.73499855589596,0.09937285969977427,False
67,z,26,0.016033833999244962,63.30127321027316,-0.6413083932330983,False
67,z,27,0.013887541000258352,0.5689423811543322,0.9852481655092037,False
67,z,28,0.019177625000338594,97.02219002175279,-1.515641893703899,False
67,z,29,0.01688949999970646,0.19509414879844805,0.99494149726136,False
67,z,30,0.013392707999628328,0.727878700818229,0.9811271818034352,False
67,z,31,0.014939624999897205,54.92513521899204,-0.424127523232253,False
67,z,33,0.009277374999328458,0.011713469701939132,0.9996962870545777,False
67,z,34,0.010074207999423379,0.006057099697589496,0.9998429483631509,False
67,z,35,0.007465374999810592,0.016124828568888507,0.9995819070434547,False
67,z,36,0.014696917000037502,37.82636726342372,0.01921824117592419,False
67,z,37,0.010594583000056446,16.991114826162416,0.5594455220208456,False
67,z,38,0.007576292000521789,180.6770276747044,-3.6846881104877136,False
67,z,39,0.1520772499998202,2.8959428907142044,0.9249124838758921,False
67,z,40,0.013370540999858349,7955.534405004897,-205.27524107161437,False
67,z,41,0.01462100000026112,72.44040714460223,-0.8782726195839419,False
67,z,42,6.215577416999622,4.115914721522792e-08,0.9999999989328042,False
67,z,47,0.8074369159994603,60.6926624432399,-0.5736709741185155,False
67,z,50,11.8661412499996,2746.4775700359733,-70.21210141465076,False
67,z,51,0.524415042000328,83.78665654510583,-1.1724640857003026,False
67,z,52,0.7214412500006802,973.9348333703033,-24.252689802348765,False
67,z,53,0.5168762080002125,2727.1175809478964,-69.71012553057005,False
67,z,54,0.5184250410002278,0.007208549103337927,0.9998130929830268,False
67,z,55,0.9546380000001591,9.668341461302477,0.7493142051603477,False
67,z,56,0.9816595000002053,93.3971028385186,-1.4216487444621801,False
67,z,57,0.515618125000401,14.935316674179154,0.6127493276241686,False
67,z,58,0.4868340410002929,5.509291133774163,0.8571522290145543,False
67,z,59,7.117829207999421,2.1967666207200143,0.9430410904914165,False
68,x,0,0.03323829100008879,11.723024779480879,0.9768952736373686,False
68,x,1,0.008863500000188651,66.51941201895295,0.8688979302345978,False
68,x,2,0.013574292000157584,501.78495461089807,0.011039873475078732,False
68,x,3,0.015174416999798268,68.633936326363,0.8647304473171041,False
68,x,4,0.01558008299980429,0.3147347469572787,0.9993796942050325,False
68,x,5,0.15213924999989104,55.138378599449716,0.8913286311695514,False
68,x,6,0.01584066699979303,0.3935844827303077,0.9992242904928446,False
68,x,7,0.013223041999481211,1.113867852937349,0.9978046952531147,False
68,x,8,0.012843874999816762,6.204485099302127,0.9877716772644451,False
68,x,9,0.01771445800022775,428.59731886049815,0.15528424120009598,False
68,x,10,0.007844167000257585,37.23193217951793,0.9266201666258097,False
68,x,11,0.04451062499992986,58.65089371278617,0.8844058700166197,False
68,x,19,0.01602320799975132,0.7016968998938187,0.998617036544192,False
68,x,20,0.01584833300057653,73.06104372937891,0.8560051305111807,False
68,x,21,0.15801825000016834,4.011192983506664,0.9920944024247186,False
68,x,22,0.011871333000271989,568.8844574291417,-0.12120548818257904,False
68,x,23,0.008244665999882272,128.29129962319107,0.7471526821568792,False
68,x,24,0.018429624999953376,334.9511739551766,0.339849964949132,False
68,x,25,0.014981083000748185,451.91069290824123,0.10933627656680533,False
68,x,26,0.01595087500027148,323.7485432396047,0.3619290547824954,False
68,x,27,0.01325958300003549,25.258628039272462,0.9502181646698933,False
68,x,28,0.019071374999839463,614.9767181146622,-0.21204800456436024,False
68,x,29,0.02177399999982299,2.291986241182607,0.9954827601301219,False
68,x,30,0.01536249999935535,22.78060743955633,0.9551020567501709,False
68,x,31,0.015421417000652582,142.8919041835285,0.7183765787670746,False
68,x,33,0.009566374999849359,5.337056976732133,0.989481277797433,False
68,x,34,0.010170333000132814,1.1590917648711008,0.9977155641517196,False
68,x,35,0.007308666999961133,9.937724580047455,0.9804138939046617,False
68,x,36,0.01540912499967817,488.42129969309747,0.03737809214206056,False
68,x,37,0.01129587499963236,3.543189724710201,0.9930167827348104,False
68,x,38,0.00751279100040847,382.26838530997964,0.2465932124334279,False
68,x,39,0.15526254199994582,79.6173472018935,0.843083414441113,False
68,x,40,0.01627012500011915,9078.591751777622,-16.89285462827049,False
68,x,41,0.01689112500025658,563.5398207309806,-0.1106718272254823,False
68,x,42,7.28568154200002,9.732477682786888e-05,0.999999808184118,False
68,x,47,0.7204772499999308,4.347198592525164,0.9914321742200772,False
68,x,50,6.017704249999952,430.80186977124094,0.15093932625678153,False
68,x,51,0.4935108340005172,47.82514796377519,0.9057421631583112,False
68,x,52,0.5020970420000594,143.58814417189672,0.7170043702529267,False
68,x,53,0.4436779999996361,9543.29895992606,-17.808738803641788,False
68,x,54,8.33037858300031,0.005771376884377844,0.9999886252834778,False
68,x,55,1.4998196249998728,388.47421683045764,0.23436223605741546,False
68,x,56,1.390419207999912,77.10276599474022,0.8480393632513197,False
68,x,57,5.381620957999985,8.290433850951155,0.9836605134633005,False
68,x,59,1.2193947499999922,4.3538662179691014,0.9914190331012731,False
68,y,0,0.032449291000375524,13.660154162663964,0.9752050877457713,False
68,y,1,0.008915542000067944,4.737281648224397,0.9914012330027479,False
68,y,2,0.014775708000343002,215.51579894466434,0.6088114921251495,False
68,y,3,0.01571479099948192,208.6318097066717,0.6213068056540119,False
68,y,4,0.029267999999319727,3.0401706378438114,0.9944817047226853,False
68,y,5,0.026591457999529666,2751.709832346329,-3.9947023312963577,False
68,y,6,0.01577758300027199,3.124704583481585,0.9943282648903354,False
68,y,7,0.010521459000301547,6.709999237724112,0.9878205003879059,False
68,y,8,0.024703457999748935,28.152070166137463,0.9489004222622814,False
68,y,9,0.02322924999953102,406.6085917642568,0.2619538378149556,False
68,y,10,0.007574749999548658,21.899630962705547,0.9602493923820857,False
68,y,11,0.8415308330004336,10.8962769511371,0.9802218754134082,False
68,y,19,0.012028583000756043,0.06963202790149892,0.9998736090382772,False
68,y,20,0.015720959000645962,0.25396526250645857,0.9995390208394075,False
68,y,21,0.01886358299998392,3.2402464974155936,0.9941185416629424,False
68,y,22,0.013828541999828303,2510.291022731079,-3.5564965739051795,False
68,y,23,0.007728250000582193,2.4127057570103854,0.9956206330596288,False
68,y,24,0.019000625000444415,514.9112826295993,0.06537071840604836,False
68,y,25,0.02155766699979722,496.9615398298314,0.09795177806368216,False
68,y,26,0.012311375000535918,3.786936714766166,0.9931262295844666,False
68,y,27,0.013401874999544816,31.9875733870246,0.9419384974786916,False
68,y,28,0.022828541999842855,2912.8434144926614,-4.287180218657819,False
68,y,29,0.014880833999995957,18.07848941515476,0.967185248907151,False
68,y,30,0.017825458000515937,25.777399696079172,0.9532107503330095,False
68,y,31,0.016157750000274973,13.510171570642637,0.9754773251718317,False
68,y,33,0.008744708999984141,4.130175234324176,0.9925032081402451,False
68,y,34,0.009216749999723106,0.1942408635852047,0.9996474281979961,False
68,y,35,0.007587375000184693,5.192820758903371,0.9905743717431197,False
68,y,36,0.016348375000234228,548.712646744007,0.004016955680539058,False
68,y,37,0.014318125000500004,136.52738745902806,0.752185476676531,False
68,y,38,0.0081009580007958,87.58722239463117,0.8410180831046372,False
68,y,39,0.02167375000044558,0.04620610520150426,0.9999161300589702,False
68,y,40,0.014497375000246393,16100.67057006599,-28.22475905214631,False
68,y,41,0.012866500000200176,2979.0962404039733,-4.407437500201211,False
68,y,42,7.135375875000136,2.2601890381957216e-06,0.9999999958974702,False
68,y,47,0.9431751249994704,4.934112825116762,0.991043959453575,False
68,y,51,8.627923916999862,6819.050691518019,-11.377441831180148,False
68,y,52,0.47513829200033797,31.639923331741763,0.9425695264197467,False
68,y,53,0.5219285000002856,1944.2538857332593,-2.5290673825966556,False
68,y,54,0.5749066250000396,0.001135824887569952,0.999997938333778,False
68,y,55,10.129007916000774,3.047364359587963,0.9944686472053759,False
68,y,56,7.901822208999874,410.88767411963187,0.2541867606453464,False
68,y,57,1.168239542000265,13.535043491136515,0.975432179481754,False
68,y,58,0.5907870830005777,10562.401044750917,-18.172097472690474,False
68,y,59,8.867085541000051,0.6776011209233174,0.9987700680287649,False
68,z,0,0.03222929100047622,10.308083559328434,0.9713281753512659,False
68,z,1,0.009164167000562884,13.691408507812634,0.9619174930363327,False
68,z,2,0.01395845799925155,339.5290338779347,0.05560360793811314,False
68,z,3,0.015111083000192593,147.27575181654632,0.5903540646725611,False
68,z,4,0.028458333000344282,2.3401091343844773,0.9934910113627035,False
68,z,5,0.023535041000286583,2004.9003152907035,-4.57660887665056,False
68,z,6,0.021344415999919875,2.3804675885819093,0.9933787547521334,False
68,z,7,0.011920500000087486,3.399858033386053,0.9905433310854743,False
68,z,8,0.019664417000058165,14.257689367359768,0.9603423888558688,False
68,z,9,0.023258541999894078,242.21769215781984,0.32627406865699626,False
68,z,10,0.007356291999712994,29.902982022239357,0.9168251739441904,False
68,z,11,0.04558070800067071,17.787583679554658,0.9505240254166022,False
68,z,19,0.012647708000258717,0.3985170071653112,0.9988915291884065,False
68,z,20,0.01592470899959153,2.316141490948094,0.9935576771076885,False
68,z,21,0.0183283329997721,1.1674849102931815,0.996752653154652,False
68,z,22,0.012015332999908424,1909.9711191131291,-4.312564328390612,False
68,z,23,0.007902542000010726,1.0722962337205704,0.9970174194448674,False
68,z,24,0.01798662500004866,344.4298858191178,0.04197194045324404,False
68,z,25,0.02054241699988779,331.102870422809,0.07904089185771257,False
68,z,26,0.01136816700000054,2.3604469609339107,0.9934344419147352,False
68,z,27,0.013076875000479049,39.745005567970125,0.889449690260171,False
68,z,28,0.0217281670002194,2109.741464372563,-4.8682234163606655,False
68,z,29,0.014080500000090979,11.260373554372993,0.9686793908710555,False
68,z,30,0.01775354200071888,32.033734583124314,0.9108985083866292,False
68,z,31,0.016449249999823223,8.013433076490623,0.977710721233378,False
68,z,33,0.010216125000624743,2.5429450332037304,0.992926825470152,False
68,z,34,0.010609999999360298,0.7063347188073789,0.9980353375014475,False
68,z,35,0.008653291999507928,3.3051630822407336,0.9908067240836715,False
68,z,36,0.01578870800040022,359.2279892961887,0.0008111732178608388,False
68,z,37,0.015223792000142566,190.23982778181255,0.47084994490276977,False
68,z,38,0.007862166999984765,63.956730661414966,0.8221050347451907,False
68,z,39,0.021039749999545165,0.42948668218221614,0.9988053873671453,False
68,z,40,0.016132207999362436,14489.195887909222,-39.301544065709614,False
68,z,41,0.017488958000285493,2130.995799801277,-4.927342124016656,False
68,z,42,7.372502541999893,5.810393720274015e-06,0.9999999838384518,False
68,z,47,0.6691610409998248,6.017801436257008,0.9832615493890601,False
68,z,50,12.405684584000483,772.1775868996745,-1.1478037349856778,False
68,z,51,0.7460951250004655,57.33943627683944,0.8405109686078343,False
68,z,52,0.4719230000000607,338.2757469463392,0.05908961219200182,False
68,z,53,0.44375920799939195,2317.2158666462456,-5.445311256874785,False
68,z,54,0.49365245799981494,0.00391205179156503,0.9999891186696015,False
68,z,55,1.1001068330006092,7.374486170947493,0.9794879452469537,False
68,z,56,0.8113252090006426,23.345698027668917,0.9350641895460897,False
68,z,57,5.968885374999445,22.990630968837245,0.9360518047890949,False
68,z,58,0.4837760000000344,10.888909203298232,0.9697126150078189,False
68,z,59,2.026338874999965,3.344393677024467,0.99069760460205,False
69,x,0,0.02937904200007324,14.421729101368179,0.9813768941766732,False
69,x,1,0.008217499999773281,0.63532043906183,0.9991795963101784,False
69,x,2,0.01587170899983903,649.2208212487161,0.1616464314480175,False
69,x,3,0.016024125000512868,310.26825005520124,0.5993435728973531,False
69,x,4,0.01562279099925945,11.73643790974134,0.9848444715854993,False
69,x,5,0.02241379200040683,3648.4162464591027,-3.7112826324623462,False
69,x,6,0.015209166000204277,12.486118884673933,0.9838763915424079,False
69,x,7,0.010869583000385319,28.242776186486015,0.9635294626623124,False
69,x,8,0.012642249999771593,4.92089819007862,0.9936455325782706,False
69,x,9,0.0224711250002656,564.4729158994384,0.27108332341370833,False
69,x,10,0.011032334000447008,19.597263127270573,0.974693609725888,False
69,x,11,0.04297166699961963,11.173406644745803,0.9855715266255817,False
69,x,19,0.012694250000095053,0.30591762706823394,0.9996049616310174,False
69,x,20,0.024756666000030236,774.3997828333504,-2.703295365336089e-10,False
69,x,21,0.02269083299961494,774.3997826589493,-4.512146212221069e-11,False
69,x,22,0.018487292000827438,2892.318051008467,-2.734915886995758,False
69,x,23,0.007191499999862572,13.02166070935786,0.9831848342399648,False
69,x,24,0.021741708000263316,745.2652888341105,0.037622032500030156,False
69,x,25,0.019680667000102403,692.3996131729444,0.10588867829121829,False
69,x,26,0.012023332999888225,20.280525307565785,0.9738112977784595,False
69,x,27,0.01260325000021112,28.981934081606912,0.9625749713108088,False
69,x,28,0.018395333000626124,3769.14632390533,-3.8671841192075256,False
69,x,29,0.016922208000323735,28.324401773995206,0.9634240576901769,False
69,x,30,0.013290542000504502,24.24771780319283,0.9686883721467083,False
69,x,31,0.015606165999997756,0.9346224514766922,0.9987931008344169,False
69,x,33,0.009485375000622298,20.83382671871091,0.9730968071192934,False
69,x,34,0.010202417000073183,0.06206029368722945,0.9999198601354498,False
69,x,35,0.00756608400024561,23.414342548949463,0.9697645285105694,False
69,x,36,0.014420709000660281,773.3210801475994,0.0013929529690116516,False
69,x,37,0.010320500000489119,9.112865229397165,0.9882323504811446,False
69,x,38,0.0074347499994473765,189.26086036624736,0.755603159230045,False
69,x,39,0.17250904100001208,0.41841888827900026,0.9994596862012781,False
69,x,40,0.01312833399970259,1064.2569187445404,-0.37429909282563356,False
69,x,41,0.016642833999867435,3872.797039748782,-4.001030639014436,False
69,x,42,6.656431125000381,1.187138162660559e-06,0.9999999984670216,False
69,x,51,0.5248062909995497,23.824829666217394,0.969234457187619,False
69,x,52,0.4546101659998385,268.9616006586466,0.6526837859544762,False
69,x,53,0.8355967080005939,777.3882386113755,-0.0038590609842921175,False
69,x,57,5.918176458000744,10.592718838844233,0.9863213819573251,False
69,y,0,0.14228845900015585,2.8941792234547385,0.7565130503208191,False
69,y,1,0.008400374999837368,2.4690559560847714,0.7922786196299652,False
69,y,2,0.015209000000140804,11.882227048396723,0.00034966875477615567,False
69,y,3,0.021644250000463217,9.089038972233535,0.23534024536924047,False
69,y,4,0.01618729199981317,0.9245647986025474,0.9222164747890913,False
69,y,5,0.020809833999919647,59.79719791872619,-4.03073106274774,False
69,y,6,0.02764787499927479,4.47659996730491,0.6233841836263736,False
69,y,7,0.011810500000137836,3.702535389887222,0.6885061433456341,False
69,y,8,0.020044332999532344,2.064767490938015,0.8262913595360852,False
69,y,9,0.021686917000806716,9.47345209275428,0.20299961581399262,False
69,y,10,0.007898916000158351,3.3609744268741264,0.7172416260481416,False
69,y,11,0.045172625000304834,3.2356076605204245,0.7277887170103139,False
69,y,19,0.01386091599943029,2.475706111518025,0.7917191428538857,False
69,y,20,0.01625145900015923,2.575583365183061,0.7833164815258826,False
69,y,21,0.02244166699983907,2.7446720213374967,0.7690910732378468,False
69,y,22,0.013781583000309183,522.9395680199772,-42.99484290808435,False
69,y,23,0.00799479200031783,2.4420955502318136,0.7945467953289859,False
69,y,24,0.019464500000140106,9.180756185587084,0.22762408725036953,False
69,y,25,0.018032207999567618,8.455200796787482,0.2886649747705373,False
69,y,26,0.011071500000070955,2.94691617612373,0.7520762968410474,False
69,y,27,0.014094958999521623,3.4322483479772377,0.7112453596454149,False
69,y,28,0.018946082999718783,3.6805746829732926,0.6903536949747582,False
69,y,29,0.1344626669997524,3.5899550844480044,0.697977510890254,False
69,y,30,0.01371383399964543,3.559684415466547,0.7005241786277989,False
69,y,31,0.014971291000620113,42.01007399768238,-2.534302468415289,False
69,y,33,0.008861166999849956,3.2972879259526633,0.7225995637043308,False
69,y,34,0.009501374999672407,2.3779496366008046,0.7999433833211262,False
69,y,35,0.007990375000190397,3.598645039945019,0.6972464259803541,False
69,y,36,0.018012999999882595,11.768784751214213,0.009893555560997136,False
69,y,37,0.012195582999993348,39.65333484522421,-2.3360302872141134,False
69,y,38,0.0075817080005435855,148.54622352077146,-11.497175903384411,False
69,y,39,0.02052204099982191,2.4566599578437436,0.793321493469801,False
69,y,40,0.011588958000174898,7916.71044874415,-665.031897069957,False
69,y,41,0.01892562499961059,62.971458275172836,-4.297781204430442,False
69,y,42,6.465179625000019,5.1636496430413816e-06,0.9999995655827771,False
69,y,51,0.7320539580005061,3785.306995998418,-317.4574219127775,False
69,y,52,0.49126766700010194,12.368017218831534,-0.040519799806371326,False
69,y,53,0.74598666699967,863.7737751215785,-71.66918372324282,False
69,y,57,2.4059216249997917,23.747101391496987,-0.9978407814827146,False
69,y,58,0.5639923329999874,4803.245003463452,-403.0964239453827,False
69,z,0,0.028025999999954365,12.749641817268895,0.988185847507448,False
69,z,1,0.009036249999553547,6.56950727755,0.9939125222582502,False
69,z,2,0.015840541999750712,363.50604367373995,0.6631657662641874,False
69,z,3,0.018042124999738007,351.69691897658714,0.6741084109263111,False
69,z,4,0.017985208000027342,2.374931935934144,0.9977993257808581,False
69,z,5,0.02597745900038717,3524.99871985093,-2.266356263904073,False
69,z,6,0.14062216700040153,3.2465001829200744,0.9969917077845931,False
69,z,7,0.01040233299954707,7.115496725046893,0.9934065941165423,False
69,z,8,0.012829874999624735,2.9521058157925437,0.9972645013262503,False
69,z,9,0.022816583999883733,811.2563129777899,0.24826862358724833,False
69,z,10,0.013415667000117537,5.726668061929016,0.9946935191805766,False
69,z,11,0.04348550000031537,8.781307984299966,0.9918630097145108,False
69,z,19,0.014933500000552158,0.04953530538841966,0.9999540992868654,False
69,z,20,0.017539958000270417,28.849389105711282,0.9732673994221391,False
69,z,21,0.018586459000289324,4.949218344027385,0.9954139244793466,False
69,z,22,0.018865582999751496,2545.831631854853,-1.35903435956592,False
69,z,23,0.007547291000264522,56.897526902074,0.947277259321927,False
69,z,24,0.017956750000848842,991.066445580428,0.08165183883990912,False
69,z,25,0.017934665999746358,976.4373223420913,0.09520756811035425,False
69,z,26,0.08934104099989781,31.724608392986966,0.970603145822215,False
69,z,27,0.012947708000865532,9.325666864788888,0.9913585924989573,False
69,z,28,0.023322000000007392,3698.8013570176677,-2.427406345822012,False
69,z,29,0.015885917000559857,18.843456943807066,0.9825391585887969,False
69,z,30,0.013202750000345986,9.19069295551514,0.9914836628632491,False
69,z,31,0.015956417000779766,1.0104257536224956,0.9990637129962718,False
69,z,33,0.008917791999920155,3.2585492410146526,0.9969805428113522,False
69,z,34,0.009659875000579632,0.3533489524116957,0.9996725775934174,False
69,z,35,0.007580833999782044,3.246471315516865,0.996991734533886,False
69,z,36,0.015916207999907783,1074.2540159541657,0.004568054372404706,False
69,z,37,0.009601332999409351,40.23716185593452,0.9627151905248318,False
69,z,38,0.007072833999700379,119.21919058712113,0.8895283712419945,False
69,z,39,0.15252220799993665,13.999257977432398,0.9870279203997756,False
69,z,40,0.014091875000303844,1203.5570197869913,-0.11524750020709429,False
69,z,41,0.013514540999494784,3786.727624183464,-2.5088811310187698,False
69,z,42,6.290527666999878,3.459200757600423e-08,0.9999999999679461,False
69,z,51,0.6286094170000069,24.57382035159435,0.9772292535649834,False
69,z,52,0.36628920800012565,221.6398876123137,0.7946226671923186,False
69,z,53,0.44499870900017413,1569.2484551897214,-0.4541067752352259,False
69,z,57,5.11226379099935,26.701971927262747,0.9752572524999686,False
69,z,58,0.431989832999534,1.4250424413911345,0.9986795182992396,False
70,x,0,0.029244375000416767,0.22023826257732534,0.9958654007901283,False
70,x,1,0.008077624999714317,0.31601308548471835,0.9940673912050343,False
70,x,2,0.015759082999466045,53.208859171487454,0.0010940673337203055,False
70,x,3,0.01750620799975877,17.34360865431801,0.6744032131415416,False
70,x,4,0.014886875000229338,4.2388382310234825,0.9204230137140218,False
70,x,5,0.024436000000605418,367.69893517614787,-5.902922812134786,False
70,x,6,0.015667124999708903,4.482764692611088,0.9158437088123914,False
70,x,7,0.010961500000121305,8.463143711779686,0.8411188551241451,False
70,x,8,0.013462875000186614,3.375696433077222,0.9366270345505139,False
70,x,9,0.021444332999635662,43.164447770892586,0.18966082659947037,False
70,x,10,0.007283292000465735,0.5536043161856634,0.989607019500169,False
70,x,11,0.0436959159997059,0.7583073080258799,0.985764068605005,False
70,x,19,0.01702824999938457,0.0362067502423199,0.9993202797770375,False
70,x,20,0.024770290999185818,53.267137067473776,-1.153191764302619e-09,False
70,x,21,0.02241395900000498,0.5077322769498391,0.9904681891033076,False
70,x,22,0.012516875000073924,448.9280340197171,-7.42786114013896,False
70,x,23,0.007137333000173385,2.854494364061669,0.946411717908968,False
70,x,24,0.019702917000358866,46.96088259593298,0.11838921264714686,False
70,x,25,0.01834154199968907,47.530240075761206,0.10770049326349429,False
70,x,26,0.012240874999406515,7.1319854414415715,0.8661090901012382,False
70,x,27,0.012881374999778927,0.682559761828432,0.987186100094868,False
70,x,28,0.019667791999381734,383.1894934814473,-6.193731726898518,False
70,x,29,0.015963792000547983,1.3416080868906648,0.9748135874706693,False
70,x,30,0.017333958000563143,0.7374846376797071,0.9861549788644358,False
70,x,31,0.01837608299956628,129.03983482101106,-1.4225036687510242,False
70,x,33,0.009399917000337155,7.3298265484262695,0.8623949594363548,False
70,x,34,0.009601624999959313,0.010641370127243406,0.9998002263548342,False
70,x,35,0.007243750000270666,7.7904795410571674,0.8537469821182082,False
70,x,36,0.013889124999877822,52.60508148837132,0.012428967556489479,False
70,x,37,0.010641707999639038,25.918298330992865,0.5134279822838836,False
70,x,38,0.009797958000490326,146.50240889707592,-1.7503338292885138,False
70,x,39,0.14999566700043943,0.7059782580912266,0.9867464576139865,False
70,x,40,0.013176208000004408,4420.401435869539,-81.9855269932711,False
70,x,41,0.014223166999727255,400.9777211038249,-6.527675479504523,False
70,x,42,6.886639375000414,2.2301503289718623e-09,0.9999999999581327,False
70,x,51,0.4658922500002518,1.4762182815367344,0.9722865097598701,False
70,x,52,0.3740348339997581,0.4160163400422872,0.9921899999995295,False
70,x,53,0.6065207499996177,4386.423412230015,-81.3476473258193,False
70,x,57,1.7724376249998386,5.83387436066232,0.8904789202393194,False
70,y,0,0.027742792000026384,4.186984330689626,0.9930943256808962,False
70,y,1,0.008063582999966457,0.7818241131259729,0.9987105223536433,False
70,y,2,0.015060916999573237,606.0196907866285,0.00047999108534235724,False
70,y,3,0.015667708000364655,202.72516144711216,0.66564146634604,False
70,y,4,0.016243624999333406,25.701716809617917,0.9576096608654318,False
70,y,5,0.024701667000044836,3621.566362690835,-4.973119517656502,False
70,y,6,0.014906041000358528,27.03730372502325,0.9554068515080997,False
70,y,7,0.010827042000528309,49.85362705350088,0.9177754477049036,False
70,y,8,0.01238795800054504,17.961228723635415,0.9703761977260782,False
70,y,9,0.022320458000649523,477.139878791181,0.21304396019895444,False
70,y,10,0.007104125000296335,6.688488334499948,0.9889685466968122,False
70,y,11,0.04830033399957756,5.463621188854397,0.9909887437942791,False
70,y,19,0.013544749999709893,0.06278940834762642,0.9998964402131721,False
70,y,20,0.025510417000077723,606.3107146153864,-1.498221546825107e-10,False
70,y,21,0.02082949999930861,606.3107145287258,-6.891154313848347e-12,False
70,y,22,0.018040584000118542,2766.1414017729844,-3.562250568080623,False
70,y,23,0.0070362919996114215,22.615641439239116,0.9626995847220452,False
70,y,24,0.017154500000287953,542.0295215757437,0.10602021605244272,False
70,y,25,0.017932416999428824,545.9502618402835,0.09955366322628334,False
70,y,26,0.012997040999835008,40.51810544893604,0.9331727042285418,False
70,y,27,0.012621582999599923,10.658070314084751,0.982421438284424,False
70,y,28,0.02023216700035846,3787.4679014390003,-5.2467441374659325,False
70,y,29,0.015511958000388404,15.56110980200426,0.9743347603312489,False
70,y,30,0.01301450000028126,8.856223346411964,0.9853932593730316,False
70,y,31,0.016242749999946682,7.166850293790895,0.9881795750559828,False
70,y,33,0.009522833000119135,41.03880437241201,0.9323139054130132,False
70,y,34,0.010367374999987078,0.0019820001594407772,0.9999967310487643,False
70,y,35,0.007182874999671185,43.98954605173571,0.9274471900331974,False
70,y,36,0.014402499999960128,600.4674375790412,0.009637429795527397,False
70,y,37,0.009417166000275756,21.20009023188953,0.9650342807342369,False
70,y,38,0.007584750000205531,154.14414876932366,0.7457670711127062,False
70,y,39,0.15706087499984278,3.347425795710395,0.9944790258269881,False
70,y,40,0.012883584000519477,810.8215656217197,-0.33730370616581573,False
70,y,41,0.014008957999976701,3920.1305045521435,-5.465547137207035,False
70,y,42,6.570646166000188,5.632893871159451e-08,0.9999999999070955,False
70,y,51,7.68514633399991,14.38960419361054,0.9762669472122153,False
70,y,52,0.4616468329995769,66.81499024487992,0.8898007430113214,False
70,y,53,0.4715355409998665,1042.2211085034062,-0.7189554522728316,False
70,y,57,0.9108649999998306,5.426593132152367,0.9910498148850829,False
70,y,58,0.5439113749998796,9516.617067965133,-14.695940777539816,False
70,z,0,0.028857582999989972,0.2124201202987882,0.9932855441240713,False
70,z,1,0.008029000000533415,0.018431440754550336,0.9994173946634521,False
70,z,2,0.016202499999963038,31.6249947738934,0.00035537270621843753,False
70,z,3,0.015695332999712264,11.710024710940443,0.629854064120438,False
70,z,4,0.01408087500021793,4.522646687269437,0.857042206824045,False
70,z,5,0.02314212500004942,295.6577190307387,-8.345539895266409,False
70,z,6,0.016463875000226835,4.77029122374292,0.8492143310525448,False
70,z,7,0.011795249999522639,8.116283403240788,0.7434497885090247,False
70,z,8,0.020036584000081348,2.6874589450044266,0.9150512461850583,False
70,z,9,0.023572499999318097,24.393066723409127,0.22895171153026994,False
70,z,10,0.007877333000578801,0.7193449700332084,0.977261993571676,False
70,z,11,0.04117404099997657,0.4096356502515523,0.98705169503269,False
70,z,19,0.012316833000113547,0.010423817566940507,0.9996705101992528,False
70,z,20,0.024716416000046593,31.63623742922634,-7.320810624378282e-13,False
70,z,21,0.022533082999871112,31.636237430213384,-3.19317905450589e-11,False
70,z,22,0.00954608299980464,438.6042440443982,-12.863982561956808,False
70,z,23,0.006031874999280262,0.6039210854115015,0.9809104642496447,False
70,z,24,0.017915499999617168,0.5202433195373146,0.9835554616536958,False
70,z,25,0.020079750000149943,28.468485246998195,0.10013049716464884,False
70,z,26,0.01119758400000137,6.716507424467196,0.7876957574522677,False
70,z,27,0.012816165999538498,1.0863424641272859,0.965661451790582,False
70,z,28,0.025094542000260844,304.18060980097033,-8.614942689745508,False
70,z,29,0.015284332999726757,1.0962365262128042,0.9653487072011643,False
70,z,30,0.01363562499955151,0.7737571383986706,0.9755420618482139,False
70,z,31,0.018081791999975394,125.42705447822513,-2.9646640899984,False
70,z,33,0.009604541999578942,7.450081168861874,0.7645079891205786,False
70,z,34,0.011510749999615655,0.0014258581990427286,0.9999549295897708,False
70,z,35,0.008290792000479996,8.108564182072797,0.7436937878526653,False
70,z,36,0.01602625000032276,31.425628843678826,0.006657194490832241,False
70,z,37,0.009884958999464288,20.12116044253115,0.36398377058716036,False
70,z,38,0.007735500000308093,161.42037048147841,-4.102388387453195,False
70,z,39,0.18205154099996435,0.020027573480397052,0.9993669419909617,False
70,z,40,0.012389749999783817,4542.164058939038,-142.5747240519254,False
70,z,41,0.01567708400034462,316.6493565036933,-9.009071312993644,False
70,z,42,6.443548666999959,2.1696548870683732e-08,0.9999999993141868,False
70,z,51,0.7412036249997982,4.793716972080002,0.848473859041943,False
70,z,52,0.37073549999968236,1.6329467544067422,0.9483836610449958,False
70,z,53,0.4167117500001041,384.94211105880515,-11.167758947954667,False
70,z,57,1.770935458999702,14.047923625791888,0.5559546656827037,False
70,z,58,0.4328758330002529,0.819247549635037,0.9741041408142045,False
71,x,0,0.033657459000096424,0.9027252884321392,0.8656959942587548,False
71,x,1,0.008828082999571052,1.7614225009657156,0.7379423167669006,False
71,x,2,0.015628624999408203,5.950040477592384,0.11477580089606487,False
71,x,3,0.015323499999794876,5.106371819150595,0.2402935877566379,False
71,x,4,0.015807249999852502,1.2922280304965914,0.8077472703481721,False
71,x,5,0.02106675000050018,137.6657154093189,-19.481377080748125,False
71,x,6,0.01593358399986755,1.3973096056538215,0.7921136366679558,False
71,x,7,0.012962750000042433,4.178680101710895,0.3783120030394548,False
71,x,8,0.012800458000128856,1.0913524712073885,0.8376327655411886,False
71,x,9,0.022100291999777255,5.033276216492027,0.25116847114022756,False
71,x,10,0.007715374999861524,2.51178076883854,0.6263068918953856,False
71,x,11,0.04460558300070261,2.1376971095644532,0.6819616238129015,False
71,x,19,0.012885083000583109,0.3856682468772013,0.9426217575750285,False
71,x,20,0.016217499999584106,0.950183972782056,0.8586352732430919,False
71,x,21,0.027840875000038068,0.08686906823173425,0.9870759532406647,False
71,x,22,0.01854487499986135,457.74686994756246,-67.10182348635502,False
71,x,23,0.00777266699969914,0.9954826012332919,0.8518959170584971,False
71,x,24,0.014317375000246102,6.1175894926792775,0.08984850111558296,False
71,x,25,0.01316300000053161,6.042482424676279,0.10102264259754223,False
71,x,26,0.01095854200048052,2.591247518136843,0.6144841337531672,False
71,x,27,0.013335667000319518,2.761255302310973,0.5891910277392273,False
71,x,28,0.02066500000000815,138.4477066608563,-19.597718739591524,False
71,x,29,0.01452549999976327,1.5086970345462918,0.7755418422569905,False
71,x,30,0.014974416999393725,2.290594216072881,0.6592141787889647,False
71,x,31,0.01634858300076303,28.351341081347606,-3.21800377607073,False
71,x,33,0.009179957999549515,4.112471910867903,0.3881622037118413,False
71,x,34,0.009435750000193366,0.3540029428760396,0.9473328000426176,False
71,x,35,0.007652207999853999,4.981174753804019,0.25891992690827237,False
71,x,36,0.019602458000008482,6.719356236446475,0.0003199532334593469,False
71,x,37,0.01542345799953182,67.53616708359696,-9.047771883615447,False
71,x,38,0.009600209000382165,128.42006490958974,-18.105844663844415,False
71,x,39,0.020556542000122136,0.26151496408048625,0.961092806762633,False
71,x,40,0.014758625000467873,8466.407136531747,-1258.5995783472006,False
71,x,41,0.017992207999668608,139.91758953945552,-19.81640227609597,False
71,x,42,6.457876625000608,1.7000518325877132e-06,0.9999997470728094,False
71,x,51,0.5317044169996734,48.58159425383078,-6.227783243911869,False
71,x,52,0.5522219159993256,288.6338287126339,-41.941833894856245,False
71,x,53,0.4269395000001168,476.2966977757471,-69.86159571724329,False
71,x,57,5.652474790999804,5.783730762720366,0.13951872234428286,False
71,y,0,0.029220750000604312,5.404957734556913,0.9920779588474276,False
71,y,1,0.00871616700078448,8.840514509189052,0.9870424667145986,False
71,y,2,0.01357091699992452,678.5695636810768,0.005421268330182083,False
71,y,3,0.015555875000245578,176.5384285764707,0.7412478015782462,False
71,y,4,0.1666166670001985,1.4882093262143916,0.9978187330771275,False
71,y,5,0.14654125000015483,4.201165956687914,0.9938423552537925,False
71,y,6,0.030330374999721244,1.4865088522189225,0.9978212254601642,False
71,y,7,0.010913624999375315,3.4954316091259185,0.9948767493820619,False
71,y,8,0.02023533299961855,124.6921426903778,0.8172388510126655,False
71,y,9,0.02069037500041304,565.6596189450139,0.17091326154501774,False
71,y,10,0.007646958000805171,3.26233526144827,0.995218398466015,False
71,y,11,0.04424212499998248,9.869211095983097,0.9855347071548911,False
71,y,19,0.017302832999121165,0.02550494232317102,0.9999626174315136,False
71,y,20,0.015710499999840977,27.449457457962612,0.9597673576229007,False
71,y,21,0.01912329199967644,2.1705787155038396,0.9968185849448592,False
71,y,22,0.01472662499963917,2218.555058119554,-2.251733932589493,False
71,y,23,0.008509958000104234,51.176313422819725,0.9249909285357703,False
71,y,24,0.018566499999906227,536.2265720192785,0.21405324902364042,False
71,y,25,0.017407207999895036,611.1507135766782,0.10423700958406634,False
71,y,26,0.08689833300013561,35.19469996602901,0.9484151634154866,False
71,y,27,0.013641500000630913,2.6259476340783254,0.9961511511757688,False
71,y,28,0.020242375000634638,2686.0121380377004,-2.9368853076865,False
71,y,29,0.01762358299947664,8.500053144769177,0.9875414805963447,False
71,y,30,0.015226458000142884,3.737094821953913,0.9945225438524153,False
71,y,31,0.014942834000066796,43.675071241243,0.9359854917083783,False
71,y,33,0.009650834000240138,1.488348761802012,0.9978185287065261,False
71,y,34,0.01007016699986707,0.22525131487861214,0.9996698493727841,False
71,y,35,0.00718304200017883,1.501995003601631,0.9977985274235515,False
71,y,36,0.015599416999975801,665.7503970899824,0.02421030799778967,False
71,y,37,0.015095208000275306,20.80527937299185,0.9695057228052277,False
71,y,38,0.007646250000107102,205.95529750084899,0.6981315261800525,False
71,y,39,0.14805162500033475,15.809850366967686,0.9768275181094646,False
71,y,40,0.01863970800059178,15415.318572461378,-21.594217033422147,False
71,y,41,0.014235791999453795,1811.6155308074349,-1.6552830738966544,False
71,y,42,7.039522084000055,9.269171867249233e-09,0.9999999999864142,False
71,y,51,8.222455834000357,1577.412148507761,-1.31201141040385,False
71,y,52,0.48938920899945515,14.717047625684005,0.9784292379957724,False
71,y,53,0.7749140840005566,597.6482191234211,0.12402760221667486,False
71,y,57,1.1334153749994584,7.564837226476231,0.9889122256336073,False
71,y,58,1.1138935409999249,3380.2092596555403,-3.954369335413995,False
71,z,0,0.031570332999763195,4.32796339280279,0.9710950793225489,False
71,z,1,0.009320209000179602,13.374992590564506,0.9106732047376679,False
71,z,2,0.01395295900056226,144.8499695378369,0.03259882313584883,False
71,z,3,0.01747545899979741,69.82713901897279,0.533649494856361,False
71,z,4,0.01552483400064375,6.371674156710392,0.9574458655568691,False
71,z,5,0.024933665999924415,1477.230486365481,-8.865894453200236,False
71,z,6,0.017286375000367116,6.632789216109342,0.9557019713982065,False
71,z,7,0.012419667000358459,10.214790569660854,0.9317790645725371,False
71,z,8,0.014058333000321,5.155713765039298,0.9655668304260784,False
71,z,9,0.022849584000141476,100.18826095548467,0.33087841257024875,False
71,z,10,0.0077873749996797414,23.005638777649622,0.8463535608670163,False
71,z,11,0.043524665999939316,15.977514436403146,0.8932918914760084,False
71,z,19,0.012815875000342203,0.025060332108546877,0.9998326309984616,False
71,z,20,0.01578116700056853,3.8135243747410073,0.9745308336626132,False
71,z,21,0.022568707999198523,0.9843657278899077,0.9934257731177728,False
71,z,22,0.011833249999654072,1484.9874307237815,-8.917700312221353,False
71,z,23,0.007923291999759385,2.982023840236305,0.9800841285525572,False
71,z,24,0.016361500000130036,143.70858320127567,0.04022173454390143,False
71,z,25,0.016874250000000757,140.73752635927715,0.060064361329741245,False
71,z,26,0.011368249999577529,6.9634655022854215,0.9534935026672258,False
71,z,27,0.013183207999645674,28.33880540201645,0.8107352470676656,False
71,z,28,0.01910425000005489,1538.8035036710194,-9.277118629460045,False
71,z,29,0.014260083999943163,7.286674754184264,0.9513349035894494,False
71,z,30,0.019468084000436647,21.86787858444481,0.8539522545595822,False
71,z,31,0.0153100830002586,8.049173683207021,0.9462424457612025,False
71,z,33,0.009067709000191826,9.260360169684631,0.938153364098577,False
71,z,34,0.009574292000252171,0.09192978583417512,0.9993860338163094,False
71,z,35,0.007867749999604712,11.602644862438517,0.9225100817730733,False
71,z,36,0.01591908400041575,149.57194393269714,0.0010624437960042865,False
71,z,37,0.016199582999433915,253.97231014597247,-0.6961902892353895,False
71,z,38,0.007618541999363515,70.310331646268,0.5304224239927019,False
71,z,39,0.0223088339998867,0.1230983099557982,0.9991778703833961,False
71,z,40,0.017063290999431047,13540.77452719336,-89.4339935662688,False
71,z,41,0.018152667000322253,1531.4999646186445,-9.22834090242921,False
71,z,42,7.115303584000685,9.950846594160599e-06,0.999999933541852,False
71,z,51,0.6606051250000746,49.54669150194557,0.6690953555486474,False
71,z,52,0.41196758299975045,166.3409541156084,-0.1109317819366964,False
71,z,53,0.7544731670004694,1688.9603284629457,-10.279962395885196,False
71,z,57,4.192944790999718,22.968886038744767,0.8465990192746569,False
71,z,58,0.5199071670003832,14.229573866327298,0.9049657618259658,False
72,x,0,0.0303598750006131,23.905403164430844,0.9765275967946361,False
72,x,1,0.008110124999802792,31.790838431834654,0.9687849908752473,False
72,x,2,0.017653583000537765,1017.8805948106896,0.000556335654633755,False
72,x,3,0.015640040999642224,243.478395092846,0.7609317432505119,False
72,x,4,0.015450291999513865,1.8623272277045015,0.9981714052137782,False
72,x,5,0.1563330409999253,22.334306654960134,0.9780702359415762,False
72,x,6,0.01537466699937795,2.532264382300394,0.997513602669861,False
72,x,7,0.012804584000150498,7.115259303137076,0.9930136198028047,False
72,x,8,0.012417750000167871,0.2954954482743537,0.9997098568779812,False
72,x,9,0.02059091699993587,769.7786522779285,0.2441643932601184,False
72,x,10,0.0076142499992784,4.0367563189079405,0.9960363616832788,False
72,x,11,0.04431350000049861,18.11423919038829,0.9822138650785093,False
72,x,19,0.014533042000039131,3.7832151850401914,0.99628531041183,False
72,x,20,0.017221540999344143,47.184732461926586,0.9536699273438114,False
72,x,21,0.01785808300064673,0.248025941518954,0.9997564665667975,False
72,x,22,0.01828108300014719,1120.5874371844102,-0.10029017170453658,False
72,x,23,0.007191749999947206,104.16856792701364,0.897718243407571,False
72,x,24,0.01567916700059868,872.362834674737,0.14343832413055546,False
72,x,25,0.01598795800055086,942.9832071757596,0.07409710254750423,False
72,x,26,0.08915274999981193,157.77890878614053,0.8450789497731196,False
72,x,27,0.012710207999589329,0.4181478514490676,0.9995894260849248,False
72,x,28,0.018421042000227317,2009.8957454242773,-0.9734903867900149,False
72,x,29,0.016994916999465204,3.689643416880777,0.9963771873091058,False
72,x,30,0.012857374999839521,0.9202859264658373,0.9990963832660907,False
72,x,31,0.01592599999912636,6.430922644361033,0.9936855610318446,False
72,x,33,0.00866679099999601,18.315654314083307,0.9820160981986743,False
72,x,34,0.009501042000010784,5.278630009233146,0.9948169821233968,False
72,x,35,0.00771370799975557,23.275700652268274,0.9771458934685405,False
72,x,36,0.014667667000139772,1008.2797390893616,0.00998329051740865,False
72,x,37,0.010672417000023415,94.19610815009375,0.9075100714400478,False
72,x,38,0.007109292000677669,80.91503563100139,0.920550583119502,False
72,x,39,0.1514870000000883,44.45335948098129,0.9563518268069577,False
72,x,40,0.013011000000005879,1628.3665531601207,-0.598871854994421,False
72,x,41,0.013340792000235524,1421.9763835367921,-0.39622004252758036,False
72,x,42,2.35744641600013,1.954622332857183e-05,0.9999999808078186,False
72,x,47,0.794385291999788,13.508602887679977,0.9867360792227695,False
72,x,50,0.915245333000712,283.5724468049091,0.7215639174310111,False
72,x,51,0.47919766699942556,63.14843095320304,0.9379953802525649,False
72,x,52,0.44002758399983577,346.85129604487935,0.6594312416708281,False
72,x,53,0.5417034579995743,10617.96323968959,-9.425639453450302,False
72,x,54,5.124711165999543,0.0001535831824796917,0.9999998491986787,False
72,x,55,1.885255916999995,43.09975962132985,0.9576809088335573,False
72,x,56,1.0474828750002416,40.006459920157205,0.9607181794171796,False
72,x,57,5.94123374999981,10.001492638564834,0.990179664979791,False
72,x,59,3.0688427499999307,0.5280297729825084,0.9994815344610325,False
72,y,0,0.028148458999567083,15.390564546772868,0.9201152923216059,False
72,y,1,0.008404750000408967,59.47472237695213,0.691296521521513,False
72,y,2,0.018830957999853126,181.72972186644427,0.056732086489913014,False
72,y,3,0.015130791999581561,130.25427166296717,0.3239153519004553,False
72,y,4,0.014669999999568972,3.9930472263985606,0.9792740929380815,False
72,y,5,0.023438583999450202,1576.839676664396,-7.184584538352196,False
72,y,6,0.015038374999676307,4.402363356352073,0.9771495380336779,False
72,y,7,0.012493041999732668,11.668850663611217,0.9394328439757673,False
72,y,8,0.01294183299978613,7.530051387501715,0.960915276885019,False
72,y,9,0.023281666999537265,96.06037782729045,0.5013987187482192,False
72,y,10,0.007806542000253103,80.30459649974779,0.5831790837095137,False
72,y,11,0.04507016699972155,67.6180880497309,0.6490283913102268,False
72,y,19,0.013059292000434652,0.6244135262420136,0.9967589823061599,False
72,y,20,0.016061958999671333,36.196077967310764,0.8121242987068151,False
72,y,21,0.020598874999450345,4.747547329574192,0.9753578610154429,False
72,y,22,0.011783250000007683,1761.706973106834,-8.14413802911065,False
72,y,23,0.007748542000626912,34.328938190733744,0.8218156855817582,False
72,y,24,0.014990208000199345,177.6116654282298,0.07810685372279358,False
72,y,25,0.014517040999635356,176.88895353944875,0.08185808895497249,False
72,y,26,0.011014499999873806,4.514133403392893,0.9765693957323398,False
72,y,27,0.013829667000209156,88.92431861965491,0.5384384259041994,False
72,y,28,0.022890540999469522,1597.3233635011022,-7.29090509145167,False
72,y,29,0.014757332999579376,21.03398612657343,0.8908231190658277,False
72,y,30,0.013491208999766968,76.68073288585984,0.6019887436529178,False
72,y,31,0.015562958999908005,29.810970240029945,0.8452661930628501,False
72,y,33,0.008930832999794802,12.198676077795955,0.9366827857693835,False
72,y,34,0.009186749999571475,0.47160657480054463,0.9975521266128571,False
72,y,35,0.007566166999822599,18.871116193671718,0.9020494929789581,False
72,y,36,0.01656483299939282,183.34255838218348,0.04836066039951148,False
72,y,37,0.015445459000147821,431.9735192499889,-1.2421580576346196,False
72,y,38,0.007285083999704511,22.79784210089328,0.8816678266483786,False
72,y,39,0.020465708000301674,0.11525020837231063,0.999401793925251,False
72,y,40,0.012458333999347815,14137.52229003028,-72.38079327783063,False
72,y,41,0.0165804999996908,1483.4176059104168,-6.6996773869471,False
72,y,42,6.081095624999762,9.801586769371193e-06,0.9999999491248751,False
72,y,47,1.0346520000002783,295.89395441800383,-0.5358372320034643,False
72,y,51,0.6856370829991647,2896.3206654415767,-14.033349101557597,False
72,y,52,0.48042625000016415,16.511007463762965,0.9142996346423787,False
72,y,53,0.7476465409999946,1001.1787914760713,-4.196617372144676,False
72,y,54,0.46077933400010807,0.00016164134530923676,0.999999161000782,False
72,y,55,6.798978042000272,0.3305435222527931,0.9982843142257776,False
72,y,56,5.331606665999971,139.05052728030032,0.2782583971786464,False
72,y,57,1.8865077079999537,23.63914877282338,0.8773010253298974,False
72,y,58,0.7444568330001857,6390.4281826508495,-32.16951017354828,False
72,y,59,1.2129232090001096,0.3512530326433061,0.9981768215357802,False
72,z,0,0.031246624999766937,0.32473502378412056,0.588209094317263,False
72,z,1,0.008351834000677627,0.7546946671375693,0.042984656003377864,False
72,z,2,0.01454020799974387,0.741028747350699,0.06031417414541851,False
72,z,3,0.016068249999989348,0.06855839764238816,0.9130622735782133,False
72,z,4,0.15873666600055003,0.09344596524515136,0.8815027765952355,False
72,z,5,0.019466708000436483,0.08767269982138329,0.8888237553116574,False
72,z,6,0.1610517080007412,0.06625390302998341,0.9159845636118686,False
72,z,7,0.01196866600002977,0.13412772244776885,0.8299149390776913,False
72,z,8,0.013001958999666385,0.36303545299742024,0.5396409779188694,False
72,z,9,0.018975791000229947,0.481625561450697,0.38925889841316996,False
72,z,10,0.007464874999641324,0.7259529980766467,0.07943147284349461,False
72,z,11,0.044462958000622166,0.7529764329641674,0.0451635192445371,False
72,z,19,0.013641458000165585,0.0608968949872929,0.9227776934934047,False
72,z,20,0.023609832999682112,0.6585309005008348,0.16492827666909737,False
72,z,21,0.0711842919999981,0.6099149780264361,0.22657729288252293,False
72,z,22,0.013367749999815715,406.9886937768755,-515.0953717281449,False
72,z,23,0.0077788329999748385,0.7856021637038434,0.0037913905061728315,False
72,z,24,0.020573499999954947,0.7757274327765502,0.016313367176686633,False
72,z,25,0.01596245899963833,0.715175627637914,0.0930980711738133,False
72,z,26,0.011105458000201907,0.3486116622305668,0.5579315392326668,False
72,z,27,0.013210624999373977,0.7031776948904569,0.10831244360221026,False
72,z,28,0.017128958999819588,0.4253595426421347,0.4606088703821398,False
72,z,29,0.018280416000379773,0.15467930262302976,0.8038538332722143,False
72,z,30,0.014157042000078945,0.6039781179024021,0.2341057232282836,False
72,z,31,0.01660704200003238,59.51916329489765,-74.47522861278485,False
72,z,33,0.009128457999395323,0.09559802689357239,0.8787737841848648,False
72,z,34,0.009638415999688732,0.060428549816163,0.9233715939601431,False
72,z,35,0.007701083999563707,0.06621376113225513,0.91603546686286,False
72,z,36,0.017116332999648876,0.711881056981617,0.09727585963217888,False
72,z,37,0.009897082999486884,19.205651103802182,-23.35435626900215,False
72,z,38,0.007396040999992692,169.52911149661023,-213.9769542850048,False
72,z,39,0.02185820800059446,0.15261571753799094,0.806470630072323,False
72,z,40,0.011273375000200758,6635.17183051884,-8412.94742584445,False
72,z,41,0.01358066700049676,0.12170335360427621,0.8456700677945722,False
72,z,42,6.427838124999653,1.4001910263517785e-06,0.9999982244418106,False
72,z,47,0.7413367079998352,12.142941659745802,-14.398255739250132,False
72,z,50,3.5612240829996153,1763.5982326248718,-2235.3886254408476,False
72,z,51,0.6616216250004072,44.00472585689912,-54.80163698936113,False
72,z,52,0.3899625419999211,325.1879352368408,-411.36523491626554,False
72,z,53,0.4350016250000408,2247.596503589961,-2849.138519206814,False
72,z,54,0.44167170800028543,0.0004484213554895551,0.9994313645816434,False
72,z,55,0.654999792000126,0.6871796004589388,0.12859935235133335,False
72,z,56,0.7727035420002721,14.059816816479959,-16.829012199314157,False
72,z,57,0.9151420829994095,24.798963938026326,-30.44714019767141,False
72,z,58,0.508970333000434,5.565943965975017,-6.058077936957952,False
72,z,59,3.4384893750002448,0.9203151827912797,-0.1670358750312495,False
73,x,0,0.030250792000515503,0.6518311929821788,0.8007867638710183,False
73,x,1,0.008587124999394291,2.1158117478826637,0.3533637084671586,False
73,x,2,0.01554179100003239,3.1246620623312666,0.045037966964110554,False
73,x,3,0.019664750000629283,0.05134277502745136,0.9843085748654246,False
73,x,4,0.015148749999752908,0.23345794795482308,0.9286503717330026,False
73,x,5,0.024355040999580524,8.553699345674532,-1.6141892960510278,False
73,x,6,0.014972541999668465,0.25366612336134303,0.9224743309691709,False
73,x,7,0.012789124999471824,0.3455107763288934,0.8944046854293488,False
73,x,8,0.013246124999568565,0.11390160667758747,0.965189288406526,False
73,x,9,0.017661290999967605,2.6250842997232273,0.19771937260826433,False
73,x,10,0.0077862090001872275,1.7903008322236242,0.45284664761137106,False
73,x,11,0.04345754099995247,2.022908722491854,0.3817568147399697,False
73,x,19,0.013671749999957683,0.004086878242961702,0.9987509645914294,False
73,x,20,0.020583542000167654,1.2951441973646818,0.604176864211919,False
73,x,21,0.11420408399953885,1.1523731982927234,0.6478106655038895,False
73,x,22,0.013042124999628868,395.2963111398138,-119.81081454806117,False
73,x,23,0.007545958000264363,2.577832904222976,0.2121603866477254,False
73,x,24,0.022066249999625143,1.015859451418628,0.6895321197449196,False
73,x,25,0.1352392080007121,1.1523395855225766,0.6478209382689679,False
73,x,26,0.010589750000690401,0.3072980713978362,0.9060832867183272,False
73,x,27,0.01283429100021749,1.6315125682536749,0.5013756598239263,False
73,x,28,0.019949083000028622,5.356484514476548,-0.6370536204652428,False
73,x,29,0.02132137500029785,1.2744383186828683,0.6105050134988947,False
73,x,30,0.015403166000396595,0.9095787664074338,0.7220137183965867,False
73,x,31,0.01659600000039063,73.03232441390172,-21.320204748030232,False
73,x,33,0.009763208000549639,0.5018505971656072,0.8466239686118298,False
73,x,34,0.010012708000431303,0.004995671243255146,0.9984732184563733,False
73,x,35,0.0070724580000387505,0.7188350112306399,0.7803089966055299,False
73,x,36,0.02009787499991944,2.9984629509384284,0.08360705302172822,False
73,x,37,0.01098450000063167,12.735502751106473,-2.8922358182494103,False
73,x,38,0.007623000000421598,186.15453795118526,-55.892717508173845,False
73,x,39,0.021707750000132364,0.11195695545703295,0.9657836144635785,False
73,x,40,0.011997749999864027,6341.647651161326,-1937.1400653714172,False
73,x,41,0.01429729200026486,3.232284438170113,0.012146319553592577,False
73,x,42,6.939097917000254,1.56978661409762e-07,0.9999999520240401,False
73,x,51,0.5012017499993817,74.68937747670215,-21.826634797147204,False
73,x,52,0.40465420900000026,259.43528332366736,-78.28884489325189,False
73,x,53,0.4336732080000729,9229.610208549215,-2819.761782574668,False
73,x,57,0.6423561250003331,10.044270538371109,-2.0697390061212,False
73,y,0,0.027898999999706575,11.919959289374502,0.9848871830749453,False
73,y,1,0.01049904199953744,0.7466523742295331,0.9990533507401785,False
73,y,2,0.015315084000576462,788.6514660387762,0.00010185147658603455,False
73,y,3,0.015910874999462976,264.1102551080499,0.6651456740262987,False
73,y,4,0.014303499999186897,3.1842703703477984,0.9959627970214764,False
73,y,5,0.026254667000102927,3298.4457446456304,-3.1819611515360284,False
73,y,6,0.01581558300040342,3.3349042728784113,0.9957718146081656,False
73,y,7,0.010407666999526555,9.199823517575076,0.9883359292436626,False
73,y,8,0.01941241600070498,86.97401419062744,0.8897292917038949,False
73,y,9,0.022143874999528634,606.1453941552722,0.23149365283491186,False
73,y,10,0.007543790999989142,8.846084743290076,0.9887844198135782,False
73,y,11,0.0447329170001467,6.592013638175909,0.9916422621199703,False
73,y,19,0.01320833399950061,0.0370686689191492,0.9999530021878908,False
73,y,20,0.016203000000132306,13.500882819686614,0.9828827963731035,False
73,y,21,0.018849166999643785,5.923303610093863,0.9924900915449719,False
73,y,22,0.015136500000153319,2975.0918235560675,-2.7719942638318704,False
73,y,23,0.009070709000297938,27.834408631475338,0.9647099195850758,False
73,y,24,0.017436000000088825,8.338793071833427,0.9894275936678013,False
73,y,25,0.018157749999772932,717.4355594101753,0.0903935154749046,False
73,y,26,0.0911358339999424,11.530891242675942,0.985380466149023,False
73,y,27,0.01313033299993549,14.489590450686565,0.9816292553955746,False
73,y,28,0.02344654199987417,3465.149748809526,-3.3933181733547437,False
73,y,29,0.015426165999997465,20.030885307665393,0.974603679832081,False
73,y,30,0.01803787500011822,12.809589390270737,0.9837592583463896,False
73,y,31,0.015484708000258252,25.776036627646224,0.9673196432009321,False
73,y,33,0.009275624999645515,4.684433357122096,0.9940608032288405,False
73,y,34,0.010088207999615406,0.02060316239726914,0.9999738781136891,False
73,y,35,0.007744167000055313,5.030153215819861,0.9936224795059976,False
73,y,36,0.014542083000378625,783.1213193025407,0.007113292804906468,False
73,y,37,0.019078917000115325,52.72260983518215,0.9331552121188488,False
73,y,38,0.00905016699925909,146.17906782825654,0.8146656849463516,False
73,y,39,0.1565405829996962,3.7422932421804362,0.9952553032039835,False
73,y,40,0.016911167000216665,17423.35506329085,-21.09034182914204,False
73,y,41,0.015602292000039597,3522.454947107126,-3.4659730331324585,False
73,y,42,6.4806612499996845,2.684651559141189e-07,0.9999999996596243,False
73,y,51,1.347034958000222,831.4507863875533,-0.05416161346027981,False
73,y,52,0.5153627089994188,21.493622268501866,0.9727491369295446,False
73,y,53,0.8868279589996746,994.7769088588096,-0.26123596061744103,False
73,y,57,0.8024959579997812,10.46653676255952,0.9867299165968697,False
73,y,58,0.6606231249998018,9650.591418010912,-11.235580489684416,False
73,z,0,0.028749374999279098,1.1090676666243737,0.7778047753427171,False
73,z,1,0.008534542000234069,3.7903850072647973,0.24061851808358392,False
73,z,2,0.015425749999849359,4.7187969866417365,0.054616604458200935,False
73,z,3,0.018178000000261818,0.08262641982969608,0.9834462797273988,False
73,z,4,0.018249666999508918,0.2468580893339755,0.9505434246541717,False
73,z,5,0.025171416999910434,13.405474627191339,-1.6857084883668407,False
73,z,6,0.01673049999953946,0.2634189137283707,0.9472255602825393,False
73,z,7,0.012785584000084782,0.23947666526907105,0.9520222498221473,False
73,z,8,0.013510791999578942,0.3549610549781861,0.9288856273346064,False
73,z,9,0.017693959000098403,3.8859966500560197,0.22146328428751771,False
73,z,10,0.0074862499996015686,3.364669850233127,0.3259080615472105,False
73,z,11,0.044529416999466775,3.693920221943236,0.2599446739991007,False
73,z,19,0.013442374999613094,0.011997004292501017,0.9975964703108693,False
73,z,20,0.02040704199953325,2.5194604453238973,0.4952408256858125,False
73,z,21,0.08428833400012081,2.362203155691034,0.5267464045161111,False
73,z,22,0.013096041999233421,386.5131926169595,-76.43565902333337,False
73,z,23,0.008412125000177184,4.387858445741653,0.12091820683640109,False
73,z,24,0.1150167079995299,2.8098747311639154,0.43705802095009194,False
73,z,25,0.01884670800063759,4.677909664771144,0.0628081404140931,False
73,z,26,0.010770916000183206,0.5726165748379951,0.8852796160978479,False
73,z,27,0.013508582999747887,3.1295633359238906,0.37301027752320326,False
73,z,28,0.019586584000535368,9.046150089957385,-0.8123432969959128,False
73,z,29,0.022250625000197033,1.6237839245418417,0.6746843815160504,False
73,z,30,0.015148834000683564,1.783257994054848,0.6427346837935445,False
73,z,31,0.0172294169997258,83.28214963585047,-15.68509190661187,False
73,z,33,0.009475458000451908,0.38366047785268015,0.923135865705957,False
73,z,34,0.009630999999899359,0.008569192414100693,0.9982832123856087,False
73,z,35,0.007366667000496818,0.6007793998494956,0.8796373587147072,False
73,z,36,0.017648250000092958,4.5093909723777825,0.09656987546607743,False
73,z,37,0.01000412499979575,9.629536935483456,-0.9292214416796416,False
73,z,38,0.007580917000268528,200.25628320982568,-39.12017587012559,False
73,z,39,0.0208440000005794,0.31467032714399984,0.9369576391623162,False
73,z,40,0.011433374999796797,6233.809057858162,-1247.907208968812,False
73,z,41,0.015213540999866382,5.466760190882426,-0.09523345176738451,False
73,z,42,6.643765333000374,2.171871399245056e-07,0.9999999564878259,False
73,z,51,0.6352171660000749,58.223864605916425,-10.664810963160495,False
73,z,52,0.4207190000006449,253.56326161594396,-49.79991742169313,False
73,z,53,0.58848504100024,2689.296976213553,-537.7849306063163,False
73,z,57,0.6709608749997642,11.262311965365038,-1.2563383755666102,False
73,z,58,0.49422962499920686,4.068226415481626,0.18495461589289564,False
74,x,0,0.03117729200039321,6.522848541380475,0.9877636631776503,False
74,x,1,0.009327374999884341,3.192425124244147,0.9940112684124787,False
74,x,2,0.01839516700056265,532.7006538412154,0.0006966152080072341,False
74,x,3,0.021100707999721635,165.6158521977771,0.6893180429138703,False
74,x,4,0.020916709000630362,1.3150080342134964,0.9975331511794804,False
74,x,5,0.030908333999832394,2026.116250433585,-2.8008303771368226,False
74,x,6,0.020305000000007567,1.3862296237409601,0.997399545232178,False
74,x,7,0.011759708000681712,5.535366483146463,0.9896160997310861,False
74,x,8,0.018172708999372844,76.42921782455036,0.8566249627847398,False
74,x,9,0.02100762499958364,422.94736740361304,0.20658491258155331,False
74,x,10,0.008636916999421373,4.186926164870613,0.992145664815203,False
74,x,11,0.04456904200014833,6.319958445155103,0.9881442686048012,False
74,x,19,0.014720082999701845,0.09781718045764545,0.9998165028730164,False
74,x,20,0.017881583000416867,15.751157998854579,0.9704521002759261,False
74,x,21,0.028647624999393884,3.79416687822955,0.9928824495022853,False
74,x,22,0.014798332999816921,1821.8129634856816,-2.4175739183752367,False
74,x,23,0.007710667000537796,28.93738273020789,0.9457158081169963,False
74,x,24,0.0204484579999189,4.720796619805259,0.9911441669780788,False
74,x,25,0.01794191699991643,480.8308400052497,0.09800019492214262,False
74,x,26,0.08553033399948617,15.481006883271261,0.9709588819407525,False
74,x,27,0.013839457999893057,5.50106493075565,0.9896804466718314,False
74,x,28,0.021238415999505378,2133.4358098536773,-3.002153199268837,False
74,x,29,0.018373208000411978,11.378202240606388,0.9786554119468474,False
74,x,30,0.014392582999789738,5.855750459205728,0.9890150852787843,False
74,x,31,0.01607883400083665,35.2927485137878,0.9337936554157992,False
74,x,33,0.010160707999602892,2.384538949604092,0.9955267975995051,False
74,x,34,0.010824375000083819,0.0015493275365185003,0.999997093586726,False
74,x,35,0.007469207999747596,2.3948028501450564,0.9955075433514058,False
74,x,36,0.01475133299936715,527.3539516014275,0.010726596600310057,False
74,x,37,0.015154916999563284,47.237263954966274,0.9113867095560557,False
74,x,38,0.007424374999573047,174.18651070007826,0.6732401800663472,False
74,x,39,0.14951891700002307,7.100051498107485,0.9866808770683974,False
74,x,40,0.017066124999473686,14370.01606190336,-25.956989045588262,False
74,x,41,0.014595500000723405,2192.9140748354057,-3.1137296185752614,False
74,x,42,6.916365083000528,8.457567201692927e-08,0.9999999998413429,False
74,x,47,0.802859957999317,11.177477400070153,0.9790319555292766,False
74,x,50,0.8194382499996209,137.74703298246197,0.7415976959820679,False
74,x,51,0.4665590839995275,77.75886100598218,0.8541306596105471,False
74,x,52,0.4754536669997833,901.1767100497939,-0.6905346936497399,False
74,x,53,0.42328258299949084,10662.81183770161,-19.00257346031245,False
74,x,54,8.268354165999881,0.002338150959270597,0.9999956138177213,False
74,x,55,0.6956698330004656,0.8863211664412748,0.998337333105843,False
74,x,56,1.1452419580000424,33.659991017070226,0.9368565765540572,False
74,x,57,1.9155142910003633,11.005784440741067,0.9793540376483151,False
74,x,59,1.14579408300051,1.1727850304446157,0.9977999500430386,False
74,y,0,0.0275472079993051,6.2089938663319435,0.9807745883048186,False
74,y,1,0.00886670799991407,0.27109759475305517,0.9991605785122509,False
74,y,2,0.017021999999997206,0.0017969153543388916,0.9999944360651319,False
74,y,3,0.017559875000188185,115.97608532027556,0.6408938331912054,False
74,y,4,0.015195416999631561,1.8674938844542346,0.9942175271002359,False
74,y,5,0.025858125000013388,1526.408782532459,-3.726343412650791,False
74,y,6,0.015114792000531452,1.9479307276259143,0.9939684639736283,False
74,y,7,0.010807457999362668,4.569131409642678,0.9858522275378475,False
74,y,8,0.022912417000043206,23.78059343903321,0.9263662182531296,False
74,y,9,0.022144999999909487,241.79708482075915,0.2513040594900682,False
74,y,10,0.008711540999684075,7.1704698605985975,0.9777974921403267,False
74,y,11,0.044763333999981114,3.5184408576456594,0.9891055659790261,False
74,y,19,0.01398370800052362,0.004454343229894164,0.9999862076554962,False
74,y,20,0.01594354100052442,2.012476930655585,0.9937686043259428,False
74,y,21,0.022239834000174596,2.53254498960732,0.9921582753808496,False
74,y,22,0.012260000000424043,1468.2434744445688,-3.5462414479137276,False
74,y,23,0.00869045899980847,5.377828242943346,0.9833481938906086,False
74,y,24,0.02619283300009556,4.336820021273966,0.9865715521464746,False
74,y,25,0.019419792000007874,294.2879223440594,0.08877241856150364,False
74,y,26,0.09865820799950598,2.8245823438735336,0.9912540164160301,False
74,y,27,0.013602209000055154,11.288841294371325,0.9650454443798527,False
74,y,28,0.022948959000132163,1601.1232538547151,-3.9576878948135317,False
74,y,29,0.015552791999652982,9.880766372555824,0.9694053810543523,False
74,y,30,0.01698041599956923,9.232923100027117,0.9714113507648162,False
74,y,31,0.016038916999605135,19.084067827638606,0.940908451722812,False
74,y,33,0.009876374999294057,2.697468198023843,0.9916476102637375,False
74,y,34,0.009832875000029162,0.021423417869143,0.9999336649323032,False
74,y,35,0.008335416000591067,3.1135367258576037,0.9903593035085341,False
74,y,36,0.015917792000436748,321.3525170888048,0.004970117007876196,False
74,y,37,0.015276791999895067,104.86309076877899,0.6753039002678294,False
74,y,38,0.007810500000232423,122.83973824383112,0.619641347518169,False
74,y,39,0.17256199999974342,0.03003479283422845,0.9999070008330095,False
74,y,40,0.016762666999966314,13381.663940307237,-40.434732254125244,False
74,y,41,0.015740542000457936,1623.086813602923,-4.025695447654047,False
74,y,42,6.7516982090000965,7.021276688750281e-08,0.9999999997825945,False
74,y,47,0.9354937500002052,12.483025917150249,0.961347793599833,False
74,y,51,8.333027750000838,4582.172161759473,-13.188151601455544,False
74,y,52,0.45602920799956337,17.804071249018182,0.9448718090270992,False
74,y,53,0.494286624999404,2164.137319490203,-5.700994046348625,False
74,y,54,0.5942484999995941,0.0021573239342353935,0.9999933201027915,False
74,y,55,1.5131290829995123,0.049248591094820354,0.9998475075898625,False
74,y,56,3.8545478329997422,495.4192631440312,-0.5340068778799154,False
74,y,57,0.8672147500001302,11.841917870044902,0.9633329084851173,False
74,y,58,0.5638919160001024,10846.437212792243,-32.58470395221333,False
74,y,59,2.185726749999958,0.6709645124731328,0.9979224381175346,False
74,z,0,0.02788145800059283,1.6414559688453592,0.984302259427784,False
74,z,1,0.008362665999811725,0.053523246054247145,0.999488140987581,False
74,z,2,0.01569358300002932,104.55282298079244,0.0001296882792476417,False
74,z,3,0.015798333999555325,35.585147279884474,0.6596884590107766,False
74,z,4,0.014514124999550404,0.5621057485908212,0.9946244124831829,False
74,z,5,0.0253404999994018,462.5794154932799,-3.4237870502056094,False
74,z,6,0.017450250000365486,0.5960442152160162,0.994299848648019,False
74,z,7,0.010921291999693494,1.6980780531040918,0.983760765287081,False
74,z,8,0.012128458000006503,0.3397247424753853,0.9967511093964386,False
74,z,9,0.022270874999776424,80.95799910017749,0.22577413513307198,False
74,z,10,0.007484374999876309,1.4265672684292356,0.9863573051524682,False
74,z,11,0.04295545800050604,1.0115513971937544,0.9903262276235287,False
74,z,19,0.012982082999769773,0.0208365275329728,0.9998007339765145,False
74,z,20,0.02079924999998184,1.6690594677938233,0.9840382788071627,False
74,z,21,0.02013420799994492,0.9339488457019541,0.9910683643266638,False
74,z,22,0.011176500000146916,420.0996727825412,-3.0175404049686225,False
74,z,23,0.007154459000048519,3.321798676303863,0.9682326331967173,False
74,z,24,0.02785050000056799,1.3071352846920525,0.9874994693849027,False
74,z,25,0.018075915999361314,94.54055146474762,0.09588007316956937,False
74,z,26,0.09111387500070123,1.4647364609404052,0.9859922816043113,False
74,z,27,0.01977091700064193,2.240881102182774,0.9785697753318411,False
74,z,28,0.02333862500017858,486.86134716370543,-3.656002516955377,False
74,z,29,0.015340790999289311,2.956273512193296,0.9717282610464613,False
74,z,30,0.013084874999549356,1.969040553453904,0.9811694688307513,False
74,z,31,0.0199438330000703,130.61818646949038,-0.24914127709054434,False
74,z,33,0.009231291000105557,0.9585154012519229,0.9908334269155509,False
74,z,34,0.01010350000069593,0.0008751414244395904,0.999991630757507,False
74,z,35,0.007415707999825827,1.0501911787429166,0.9899567036898758,False
74,z,36,0.015796583000337705,103.78470132534204,0.007475468308695166,False
74,z,37,0.009945166000761674,22.371037994037273,0.7860589882233584,False
74,z,38,0.007234374999825377,153.81243971486663,-0.47095494564012497,False
74,z,39,0.15410008399976505,0.38160549947693767,0.9963505910329513,False
74,z,40,0.013913666999542329,4416.719386299402,-41.23842516785578,False
74,z,41,0.014785999999730848,496.718075306379,-3.7502653934572603,False
74,z,42,6.222650708999936,7.600774195656818e-08,0.9999999992731149,False
74,z,47,0.7356474170001093,19.996246389747498,0.8087698395801818,False
74,z,50,12.34631249999984,1158.9759902164528,-10.083638409528952,False
74,z,51,0.6213350830003037,82.86419566408942,0.20754460006915698,False
74,z,52,0.49803733399949124,925.3630318866557,-7.849526935464466,False
74,z,53,0.45352183300019533,2844.0706302220315,-26.19870881074498,False
74,z,54,0.4717179590006708,0.0019277707302176377,0.9999815641446496,False
74,z,55,0.7296702079993338,0.04010497801184536,0.9996164639488154,False
74,z,56,9.168210249999902,38.678153932217775,0.6301090996261811,False
74,z,57,1.1467065830001957,12.97011526300836,0.87596285952546,False
74,z,58,0.7562309579998328,3.125831963926761,0.9701067222189466,False
74,z,59,2.6092956250004136,0.9287061144864441,0.9911185021531258,False
75,x,0,0.030091625000750355,8.669499032137514,0.9616467708581351,False
75,x,1,0.009179957999549515,12.043988269260494,0.9467182774736421,False
75,x,2,0.014220791999832727,214.0532844130165,0.05304393769139748,False
75,x,3,0.015415582999594335,114.11341152721994,0.4951706200970286,False
75,x,4,0.016600333000496903,4.119664590993995,0.9817749053941514,False
75,x,5,0.02184583400048723,1453.2294724224676,-5.428980814798945,False
75,x,6,0.015728166999906534,4.348820448341174,0.9807611366546363,False
75,x,7,0.012390916999720503,8.353773289629556,0.9630435184329956,False
75,x,8,0.023502041999563517,5.129990896314302,0.9773052957716851,False
75,x,9,0.02188695800032292,141.8686687504323,0.37238339372706486,False
75,x,10,0.00782504099970538,26.371816550399732,0.8833330139036503,False
75,x,11,0.04359574999944016,17.591108129780476,0.922178225240029,False
75,x,19,0.013287167000271438,0.0201649144093215,0.9999107918946527,False
75,x,20,0.015703624999332533,2.8633792630160966,0.9873326197295342,False
75,x,21,0.020592207999470702,1.6180261607043223,0.9928419706987701,False
75,x,22,0.012131875000704895,1554.679838280389,-5.877789807550585,False
75,x,23,0.00801324999974895,1.3221850054970083,0.9941507503148932,False
75,x,24,0.015096749999429449,223.31516350281225,0.012070062534552783,False
75,x,25,0.016105416999380395,209.06315971966475,0.07511988407551129,False
75,x,26,0.010866165999686928,5.034870135497889,0.9777261030550375,False
75,x,27,0.014272915999754332,33.21402748971302,0.8530635735334892,False
75,x,28,0.01966824999999517,1504.0711259647762,-5.653900568642979,False
75,x,29,0.014249666999603505,12.328900823613015,0.9454578451877661,False
75,x,30,0.016953416999967885,27.271167687007907,0.8793543503045812,False
75,x,31,0.015716083000370418,10.88836309525929,0.9518306786557953,False
75,x,33,0.008725042000151007,7.037015480589702,0.9688687585982273,False
75,x,34,0.010332584000025236,0.0024421894541849063,0.9999891959326143,False
75,x,35,0.007846167000025162,9.192294840637723,0.9593339604681129,False
75,x,36,0.01642145799996797,219.17441936991455,0.030388411490836376,False
75,x,37,0.014094375000240689,221.5963303842348,0.01967405443870618,False
75,x,38,0.00768720799987932,68.77050195994411,0.6957643330839052,False
75,x,39,0.024951041000349505,0.017519039165233865,0.999922497053064,False
75,x,40,0.013625832999423437,13768.413688054045,-59.91045435732953,False
75,x,41,0.016809749999993073,1432.5135035065466,-5.3373348846497155,False
75,x,42,6.376131707999775,2.727452727779954e-07,0.9999999987933949,False
75,x,51,0.5663152090000949,17.4879231805092,0.9226347079028361,False
75,x,52,1.2788186669995412,19.840161677672793,0.9122285769668265,False
75,x,53,0.7172434579997571,3777.575330943601,-15.71171675909564,False
75,x,57,0.9932184169992979,9.902543311247529,0.956191873221782,False
75,y,0,0.027794083000117098,5.659026725374796,0.9886893225335364,False
75,y,1,0.007918749999589636,8.419496926571373,0.9831719801323214,False
75,y,2,0.018072541000037745,500.2942917801513,6.350080218509024e-05,False
75,y,3,0.015864791000240075,146.204394908846,0.7077817732193311,False
75,y,4,0.014665208000224084,0.17090764959561341,0.9996584074621065,False
75,y,5,0.031008582999675127,1410.0281712152794,-1.8182185095065706,False
75,y,6,0.014448666000134835,0.16694723812523452,0.9996663231230408,False
75,y,7,0.010518709000280069,0.41269922771398987,0.999175139457391,False
75,y,8,0.012623958999938623,0.8861237037792187,0.9982289075674632,False
75,y,9,0.021802333999403345,380.57538086725816,0.2393452808122185,False
75,y,10,0.007070208999721217,1.8999044701979828,0.9962026673980624,False
75,y,11,0.042844833999879484,6.910200449846474,0.9861886058663826,False
75,y,19,0.016181832999791368,0.14393173954545094,0.9997123241217636,False
75,y,20,0.017196083999806433,20.269270494636846,0.9594878780095951,False
75,y,21,0.02351070900022023,1.0535569743383861,0.9978942592591316,False
75,y,22,0.01381008299995301,902.7061744733907,-0.8042357603069215,False
75,y,23,0.008249375000559667,39.81415763242702,0.9204235785704831,False
75,y,24,0.015812624999853142,441.43265061552324,0.1177100627762736,False
75,y,25,0.01579862500057061,462.6787205131262,0.07524561514180628,False
75,y,26,0.08736825000050885,35.08520956526817,0.9298753109864928,False
75,y,27,0.013094916999762063,1.3010116883516638,0.9973996723639663,False
75,y,28,0.0203812919999109,1461.6159067789354,-1.9213267410986514,False
75,y,29,0.016205999999328924,5.275475320270984,0.9894559254222426,False
75,y,30,0.0137506660003055,1.94922309994775,0.996104094420542,False
75,y,31,0.02151845900061744,42.776750031605076,0.9145022552196942,False
75,y,33,0.008886042000085581,0.6596755209186747,0.9986815087802685,False
75,y,34,0.009303249999902619,0.42092928956260045,0.9991586900607693,False
75,y,35,0.00798758299970359,1.0078619550463517,0.9979855897387561,False
75,y,36,0.015501833000598708,497.0091749557652,0.006629452624549836,False
75,y,37,0.009983165999983612,51.23773913802413,0.8975913050732924,False
75,y,38,0.007290500000635802,106.75168943872247,0.786635761441555,False
75,y,39,0.15671820800071146,13.732390529829901,0.9725531177596376,False
75,y,40,0.013302207999913662,1430.2508553286848,-1.8586375194552778,False
75,y,41,0.015760917000079644,1491.4576814883717,-1.980971394701689,False
75,y,42,7.002995791999638,1.1891083674529035e-07,0.9999999997623333,False
75,y,51,0.7044572920003702,1650.3697804065787,-2.298588466259798,False
75,y,52,0.4869505830001799,96.28784087861095,0.8075498199651968,False
75,y,53,0.7986045839998042,268.5391724999149,0.4632716693776664,False
75,y,57,0.816605167000489,13.733689547085447,0.9725505214182676,False
75,y,58,0.5374135419997401,2328.1251239738667,-3.6532157660193985,False
75,z,0,0.027874874999724852,1.790687416590268,0.9880842864093015,False
75,z,1,0.008416291999310488,2.5465727231395134,0.9830544231641525,False
75,z,2,0.014823499999693013,150.25969730398134,0.00013173672232147382,False
75,z,3,0.01598954099972616,47.329994408820205,0.6850535429021167,False
75,z,4,0.14660958300009952,0.19891681300232777,0.9986763542591797,False
75,z,5,0.027519999999640277,458.7880407376222,-2.052898480002066,False
75,z,6,0.02147570800025278,1.0518268156418962,0.9930008627044073,False
75,z,7,0.010690250000152446,0.8472927681529113,0.9943618870277177,False
75,z,8,0.020233207999808656,30.535252723693272,0.7968102514687069,False
75,z,9,0.021552375000283064,117.61304696701451,0.21737129037468828,False
75,z,10,0.007664875000045868,1.2447601624432527,0.9917170325499758,False
75,z,11,0.04444941700057825,2.849246868977058,0.9810403483459036,False
75,z,19,0.014960333000090031,0.041717606175342765,0.9997223998771256,False
75,z,20,0.016715499999918393,6.772242163091167,0.9549356871363375,False
75,z,21,0.018593499999951746,0.8396845535062778,0.9944125141253485,False
75,z,22,0.012455083000531886,610.98374952659,-3.0656494821372755,False
75,z,23,0.007438708000336192,12.00984246946134,0.9200832921426321,False
75,z,24,0.0158373339991158,134.27906684997475,0.1064711311495894,False
75,z,25,0.015872834000219882,137.6166119231252,0.08426221248558563,False
75,z,26,0.08800862499992945,8.905926025797822,0.9407375833435943,False
75,z,27,0.01272491599956993,0.9322970443621958,0.9937962458108809,False
75,z,28,0.022711000000526838,478.60894131406945,-2.1847920601939563,False
75,z,29,0.015963916999680805,2.5227051045070685,0.9832132446899426,False
75,z,30,0.0144287909997729,1.3282485977862375,0.991161478144184,False
75,z,31,0.014517917000375746,43.22951311573017,0.7123392434771032,False
75,z,33,0.009240833000148996,0.20105870987460578,0.998662101503822,False
75,z,34,0.01003458299965132,0.010092243503999536,0.9999328435091647,False
75,z,35,0.00710329199955595,0.1743670567460204,0.9988397149113859,False
75,z,36,0.015135458999793627,149.1804109824269,0.007313596923522625,False
75,z,37,0.015332916999795998,34.70315883136138,0.7690758881221083,False
75,z,38,0.007573290999971505,178.02345578369358,-0.18461574694264993,False
75,z,39,0.15107158299997536,4.215955694840056,0.9719459018333609,False
75,z,40,0.01309487500020623,9916.32013495693,-64.98584962797038,False
75,z,41,0.014620416999605368,487.3418213146869,-2.242902982259539,False
75,z,42,6.829287667000244,4.968795390855475e-06,0.9999999669363049,False
75,z,51,0.7195347090000723,25.546000168576384,0.8300100740215656,False
75,z,52,0.4625526669997271,50.815934848287654,0.6618571617324642,False
75,z,53,0.7853677080001944,457.3610708181205,-2.043403040035383,False
75,z,57,1.0893416250000882,11.331680459463877,0.9245959637593284,False
75,z,58,0.5499840419997781,7.210648836958265,0.9520184117293331,False
76,x,0,0.029914832999565988,12.73828164979276,0.9850185200151365,False
76,x,1,0.008254749999650812,1.1389640074354228,0.9986604655988941,False
76,x,2,0.01577508299942565,850.0520788842755,0.0002546217759620273,False
76,x,3,0.020068791000085184,280.6411792337034,0.6699381969084801,False
76,x,4,0.01508800000010524,3.2379543136324385,0.9961918452523479,False
76,x,5,0.02749099999982718,3544.5674868339934,-3.1687621862141295,False
76,x,6,0.01599491700017097,3.4152616631070116,0.9959833142604645,False
76,x,7,0.01151441700039868,10.513562220221374,0.9876350102547445,False
76,x,8,0.013479874999575259,2.397002795278325,0.9971808874706654,False
76,x,9,0.021642209000674484,662.9617910773344,0.22029131739947605,False
76,x,10,0.007998290999239543,9.362215198430883,0.9889891083063344,False
76,x,11,0.043708166999749665,7.762565890416913,0.9908704542170053,False
76,x,19,0.01469699999961449,0.11312638384654701,0.9998669521759723,False
76,x,20,0.02267104200018366,850.2685757825235,-4.044098389499595e-12,False
76,x,21,0.022961042000133602,850.2685757842733,-6.10178574333986e-12,False
76,x,22,0.021947915999589895,2513.310359951756,-1.9559017368704437,False
76,x,23,0.00766250000015134,31.654343244851763,0.9627713593721284,False
76,x,24,0.022571583000171813,9.31615831407771,0.9890432757607894,False
76,x,25,0.018501958999877388,767.8543116667272,0.09692733150445232,False
76,x,26,0.09049433299969678,13.56962328909167,0.9840407799657207,False
76,x,27,0.012848291000409517,14.819369822057547,0.982570954349949,False
76,x,28,0.023002833000646206,3735.085015847583,-3.392829656706053,False
76,x,29,0.015321583000513783,21.866378100720613,0.9742829751403139,False
76,x,30,0.014399250000678876,13.446699398671985,0.9841853506271815,False
76,x,31,0.016121957999530423,1.324736990659278,0.9984419781838398,False
76,x,33,0.009111082999879727,5.273311582927623,0.9937980636552447,False
76,x,34,0.01012075000016921,9.326155949707024e-05,0.9999998903151756,False
76,x,35,0.007329083000513492,5.656715745260823,0.9933471424131162,False
76,x,36,0.014771334000215575,843.09760026381,0.008433776949482663,False
76,x,37,0.01034637499924429,22.63810806914228,0.9733753443158835,False
76,x,38,0.0075688329998229165,150.3105065001463,0.8232199674527315,False
76,x,39,0.15141283299999486,4.752827087317581,0.9944102049367606,False
76,x,40,0.013726250000217988,1018.200931353545,-0.1975050711718791,False
76,x,41,0.014442167000197514,3819.1887339904,-3.4917439533631454,False
76,x,42,6.67737012499947,1.7564618024046842e-07,0.9999999997934227,False
76,x,47,0.8916976250002335,892.8895820826842,-0.050126521804649826,False
76,x,50,0.7571374999997715,142.61724669845088,0.8322680024158562,False
76,x,51,0.469948416999614,73.28214558880954,0.9138129437258545,False
76,x,52,0.4798597909993987,896.9109117968709,-0.05485600355752118,False
76,x,53,0.421372374999919,10667.529292261164,-11.546070260784022,False
76,x,54,8.247351959000298,0.0014254257196253046,0.999998323558273,False
76,x,55,4.720801292000033,4.032135210173101,0.9952578099143808,False
76,x,56,0.9340614590000769,66.82187713583158,0.9214108588282192,False
76,x,57,6.0428290840000045,8.999833126566653,0.989415305489421,False
76,x,59,0.7356674579996252,0.5926438329810101,0.9993029921958035,False
76,y,0,0.1869896250000238,0.000620004088160624,0.999075447008729,False
76,y,1,0.008501332999912847,0.12350511159381859,0.8158286009047275,False
76,y,2,0.013729291999879933,0.66046866539658,0.015106042212074455,False
76,y,3,0.015510874999563384,0.14589853635671546,0.7824354213359241,False
76,y,4,0.16787708299943915,0.013307466062875481,0.9801558444700413,False
76,y,5,0.15500024999982998,0.10528404399929676,0.8429999419819221,False
76,y,6,0.14706220900006883,0.008528044790035378,0.987282939788813,False
76,y,7,0.013075290999950084,0.02735946999987104,0.9592014305856991,False
76,y,8,0.013103457999932289,0.06069404467131114,0.9094927571853973,False
76,y,9,0.018543041000157245,0.6221890759144341,0.07218874478802428,False
76,y,10,0.007831041999452282,0.09379561224469649,0.8601315450577027,False
76,y,11,0.04539608300001419,0.12736385874449663,0.8100744191358588,False
76,y,19,0.01639525000064168,0.011052793571706965,0.98351802261669,False
76,y,20,0.0157132089998413,0.15967131159779857,0.7618973945867389,False
76,y,21,0.15735762499934935,0.020203379245239805,0.9698726265331804,False
76,y,22,0.01379979099965567,417.16333489803134,-621.0759128747299,False
76,y,23,0.007361040999967372,0.2109728978065131,0.6853962296880824,False
76,y,24,0.027768667000600544,0.64707299186414,0.03508173313251772,False
76,y,25,0.01973137500044686,0.5653207183843766,0.15699110507417946,False
76,y,26,0.019070708999606723,1.4651774492119785,-1.1848794536672234,False
76,y,27,0.01778816700061725,0.07278685328430207,0.8914599045163475,False
76,y,28,0.019510541999807174,1.3335233009287935,-0.9885561730101995,False
76,y,29,0.02480029199978162,0.012591912464532349,0.9812228813370492,False
76,y,30,0.0130412910002633,0.07713624041804086,0.8849740781137766,False
76,y,31,0.015890708999904746,51.503464498016996,-75.80220674630141,False
76,y,33,0.01104591600051208,0.013680062928681833,0.9796002262839718,False
76,y,34,0.010106833000463666,0.009252405877848079,0.986202769152383,False
76,y,35,0.0073192500003642635,0.008509194412851456,0.9873110495592883,False
76,y,36,0.014884416999848327,0.6396034163050995,0.04622039908409892,False
76,y,37,0.01021954200041364,23.794558486632187,-34.48255671999794,False
76,y,38,0.007664834000024712,158.43624883538666,-235.26087405503245,False
76,y,39,0.1568222079995394,0.14376987468128158,0.7856096915657631,False
76,y,40,0.011618582999290084,6836.162785761698,-10193.117866452598,False
76,y,41,0.016451750000669563,1.2492035368673984,-0.8628181471247387,False
76,y,42,7.017641915999775,1.5682225696752194e-09,0.9999999976614592,False
76,y,47,0.7455646250000427,9.713575127942516,-13.484928586710742,False
76,y,51,5.441123999999945,4807.738632460946,-7168.322297661414,False
76,y,52,0.46889112500048213,5.135207765175567,-6.6576457974280885,False
76,y,53,0.5589036250003119,2158.2852736879627,-3217.4450778774926,False
76,y,54,0.5929980829996566,0.0017846297773978564,0.9973387517429125,False
76,y,55,0.5058396249996804,0.0005252423801685936,0.9992167561101607,False
76,y,56,4.5674751249998735,502.2597747951469,-747.9721213929779,False
76,y,57,1.197915374999866,12.417400480336793,-17.516885577263857,False
76,y,58,0.5780330419993334,10874.461517232456,-16215.047790985851,False
76,y,59,0.4958017920007478,0.5149434943429528,0.23211385679281749,False
76,z,0,0.030449332999523904,0.06341551346175882,0.9593422169961602,False
76,z,1,0.008861582999998063,0.15990169650090558,0.8974817339892691,False
76,z,2,0.013458749999699648,1.4837634980605678,0.048710149298982985,False
76,z,3,0.016662958000779327,0.8035407833016174,0.48482342854617766,False
76,z,4,0.015397666000353638,0.045029821765058646,0.971129892007744,False
76,z,5,0.021712958000534854,12.74227721172569,-7.169495342200884,False
76,z,6,0.01744425000015326,0.047736697185163275,0.9693944246521827,False
76,z,7,0.012656542000513582,0.0845674357824271,0.9457810200447802,False
76,z,8,0.016257457999927283,0.03790301117425138,0.9756991259805202,False
76,z,9,0.021801291999508976,0.972634124400753,0.3764120951908354,False
76,z,10,0.00779120800052624,0.27468769097273027,0.8238886366483529,False
76,z,11,0.04359995799950411,0.19912246619907964,0.8723360013982441,False
76,z,19,0.01294158300061099,0.00015407949240557137,0.9999012145415909,False
76,z,20,0.016778791999968234,0.05707368545758796,0.9634081726711345,False
76,z,21,0.028305166999416542,0.01219176975280624,0.9921834531964913,False
76,z,22,0.013804040999275458,463.60721550462097,-296.2339186115375,False
76,z,23,0.007777292000355374,0.043834032388370685,0.9718965521251457,False
76,z,24,0.021864624999579974,1.546621554553879,0.008409770394233185,False
76,z,25,0.0153098749997298,1.4490377605182458,0.07097396811195267,False
76,z,26,0.01091175000055955,0.05161717509056349,0.9669065219290723,False
76,z,27,0.014118499999312917,0.3309662440177131,0.7878065950064002,False
76,z,28,0.021771542000351474,12.979763778395723,-7.321755834419712,False
76,z,29,0.01492183299978933,0.09497944907551799,0.9391055339689816,False
76,z,30,0.01337733299988031,0.26829854381750234,0.827984930196043,False
76,z,31,0.014968958000281418,38.55465638939605,-23.718665318588673,False
76,z,33,0.008789958000306797,0.07718999444074538,0.9505109416809824,False
76,z,34,0.009513582999716164,3.5786007785509534e-05,0.9999770564068681,False
76,z,35,0.007781625000461645,0.10196885260090666,0.9346243962102707,False
76,z,36,0.016534917000171845,0.6801933999494376,0.5639055154467048,False
76,z,37,0.010385208000116108,33.016639492623135,-20.168059528786607,False
76,z,38,0.007538250000834523,139.9346861780848,-88.71675532943324,False
76,z,39,0.02003824999974313,0.0006534487866312254,0.9995810523715621,False
76,z,40,0.0122347919996173,7246.266780080493,-4644.82128646025,False
76,z,41,0.018383375000667,12.878248952253541,-7.256671322008559,False
76,z,42,6.239282000000458,3.261093415837619e-08,0.9999999790920516,False
76,z,47,5.606473791000099,10.670878031428117,-5.841452820907473,False
76,z,50,10.328072334000353,1153.157494348728,-738.327407681639,False
76,z,51,0.6829396670000278,77.4590418389022,-48.661553504105136,False
76,z,52,0.5306847920001019,935.8175557079571,-598.9835849961537,False
76,z,53,0.45394683300037286,2830.9342545957807,-1814.0055773166641,False
76,z,54,0.46816129200033174,0.0015655756239683983,0.99899625768963,False
76,z,55,0.4768194999996922,0.0005257563032062332,0.9996629202458236,False
76,z,56,0.8310403330006011,22.88115419841839,-13.669864698607006,False
76,z,57,1.3042783749997398,13.268083338691973,-7.506607040037661,False
76,z,58,0.4339497090004443,5.680074898378157,-2.6416838728756624,False
76,z,59,2.0274594170005003,0.5395629178604718,0.654068368546467,False
77,x,0,0.034005749999778345,1.4166694546707757,0.9404484213803767,False
77,x,1,0.008467041000585596,2.8388415487965313,0.8806655320163603,False
77,x,2,0.014218667000022833,22.432475337541746,0.05702116023470616,False
77,x,3,0.015113417000065965,13.956371861882877,0.41332540668721796,False
77,x,4,0.016212333999646944,1.433283313790099,0.9397500357871404,False
77,x,5,0.022182165999765857,245.26156160929705,-9.309894887895297,False
77,x,6,0.0144523749995642,1.5650117676903461,0.9342126555937452,False
77,x,7,0.012854541999331559,3.709819207509603,0.8440528314687645,False
77,x,8,0.023781041999427543,2.1182475757490176,0.910956654971883,False
77,x,9,0.020683249999819964,15.865108174789182,0.33308914534382295,False
77,x,10,0.007933707999654871,4.883077914234452,0.7947333463310549,False
77,x,11,0.042824832999940554,3.7345433749519854,0.8430135183132536,False
77,x,19,0.013315707999936421,0.15776906173887717,0.9933679683338197,False
77,x,20,0.02734679100012727,23.78894895239879,-6.456134071797237e-09,False
77,x,21,0.023325000000113505,23.788948803866806,-2.1239543457340915e-10,False
77,x,22,0.017215708000549057,408.48396289972334,-16.171164911670495,False
77,x,23,0.007407083000543935,0.9462722112829696,0.9602221931164046,False
77,x,24,0.015956082999764476,22.6269998174887,0.04884406583713219,False
77,x,25,0.014084334000472154,21.551464095503015,0.09405563575901532,False
77,x,26,0.010861959000067145,2.29106880286034,0.9036918855794692,False
77,x,27,0.01228312500006723,5.717076703217649,0.7596751015958032,False
77,x,28,0.02341712500037829,246.5433876838425,-9.363778146268162,False
77,x,29,0.015572374999464955,2.3956251053788726,0.899296722791791,False
77,x,30,0.012991624999813212,4.663504488262158,0.8039634063824364,False
77,x,31,0.022412709000491304,138.55821889986214,-4.824478419440252,False
77,x,33,0.009536167000078422,3.5325867264920316,0.8515030337671697,False
77,x,34,0.00990612500027055,0.11746559683815798,0.9950621779116187,False
77,x,35,0.0074376669999765,4.416774397312456,0.8143350328479992,False
77,x,36,0.015702415999840014,23.325974475599356,0.019461739445917337,False
77,x,37,0.010178333000112616,8.571162157542826,0.6396998358342725,False
77,x,38,0.00753900000017893,195.96324253267747,-7.237574690246335,False
77,x,39,0.020204209000439732,0.10558990725481583,0.9955613882669722,False
77,x,40,0.011662124999929802,4677.609344432608,-195.62950994563414,False
77,x,41,0.018826333000106388,247.97751783056367,-9.424063708225937,False
77,x,42,6.950181832999988,1.447737090976303e-06,0.9999999391424521,False
77,x,47,4.204339916999743,7.038200803882113,0.7041398985972445,False
77,x,50,0.8494172500004424,189.0845749761641,-6.948420780391513,False
77,x,51,0.47209262500018667,78.68950561119487,-2.3078176878129844,False
77,x,52,0.4510552919991824,901.8111991095236,-36.90882929448644,False
77,x,53,0.425896499999908,10704.551697127148,-448.98002171751114,False
77,x,54,8.18293491699933,0.0020469511848603926,0.9999139536932812,False
77,x,55,0.8383746250001423,14.908477177110495,0.3733023975463067,False
77,x,56,2.4414716670007692,54.87516713218003,-1.3067503989464004,False
77,x,57,3.743558082999698,11.367309307621754,0.5221600835011084,False
77,x,59,1.0732777500006705,1.0833933380592038,0.954458124769548,False
77,y,0,0.027917166000406723,12.432989720102324,0.9853617719967657,False
77,y,1,0.008529374999852735,1.9602038308065035,0.9976921149897063,False
77,y,2,0.016768124999543943,849.062695003369,0.00033913014466779856,False
77,y,3,0.015917333000288636,272.3251523765762,0.6793725595173221,False
77,y,4,0.014829292000285932,1.9937748211336142,0.9976525895158046,False
77,y,5,0.02911454200057051,3306.4733769825452,-2.892942266383224,False
77,y,6,0.01565237500017247,2.077476778620304,0.9975540413495477,False
77,y,7,0.010747207999884267,6.8203681782925845,0.9919699037232833,False
77,y,8,0.013826166000399098,1.7417017685498102,0.9979493727433518,False
77,y,9,0.021855042000424874,662.1480442110483,0.220406815957924,False
77,y,10,0.007422583999868948,7.43940406850675,0.991241069492166,False
77,y,11,0.04259329099932074,7.136935853421582,0.9915971864677144,False
77,y,19,0.013529000000744418,0.034942079700117645,0.9999588602467249,False
77,y,20,0.017936625000402273,17.433790571785877,0.9794739795418782,False
77,y,21,0.026896332999967854,849.3507359942943,-6.512517192192036e-10,False
77,y,22,0.01817608300007123,2295.011233461005,-1.7020771722402452,False
77,y,23,0.007137833000342653,35.4946564340027,0.9582096595047195,False
77,y,24,0.018318333000024722,7.802444599770565,0.9908136364940945,False
77,y,25,0.017443249999814725,768.7341990819203,0.09491548425793783,False
77,y,26,0.08895420900080353,16.617305094025525,0.9804352849763597,False
77,y,27,0.012424124999597552,12.07642698501864,0.9857815782325234,False
77,y,28,0.020940708000125596,3480.543943613204,-3.097887713967073,False
77,y,29,0.016424457999164588,19.442458145507363,0.9771090347788903,False
77,y,30,0.01316450000012992,11.225956582363112,0.9867828964950123,False
77,y,31,0.01601550000032148,1.5297652674937134,0.9981989004027892,False
77,y,33,0.008872500000506989,2.814308611931031,0.9966865177193621,False
77,y,34,0.009571000000505592,0.031811362748921816,0.9999625462586638,False
77,y,35,0.008084375000180444,2.9297784064819776,0.9965505670576005,False
77,y,36,0.015221542000290356,841.7699642183503,0.008925371941739368,False
77,y,37,0.010307874999853084,26.708537452340014,0.9685541716303246,False
77,y,38,0.007415625000248838,142.67554875398898,0.8320181018270584,False
77,y,39,0.15131929200015293,6.269233372961371,0.9926187932601187,False
77,y,40,0.014170958000249811,1070.4784055032246,-0.26034906527421997,False
77,y,41,0.014113541999904555,3562.857090034115,-3.1948007358627404,False
77,y,42,0.9936561249996885,6.058120020372755e-06,0.9999999928673518,False
77,y,47,1.698062000000391,423.57034718442736,0.5013010179305664,False
77,y,51,8.625476500000332,3087.501386481402,-2.6351312333623316,False
77,y,52,0.4473777919993154,17.58563874896454,0.9792951980669911,False
77,y,53,0.5643147079999835,2180.019675668542,-1.5666895720485163,False
77,y,54,0.641109791999952,0.0010267667073902463,0.9999987911157728,False
77,y,55,3.9903391670004567,0.09410908958546786,0.9998891987895476,False
77,y,56,11.991966000000502,526.3205279195101,0.3803260467583628,False
77,y,57,1.2109118329999546,12.716266415231498,0.9850282505393644,False
77,y,58,0.5620625000001382,10888.721331372539,-11.82005286746109,False
77,y,59,1.0212128749999465,0.8204159739548466,0.9990340669175629,False
77,z,0,0.028226874999745633,0.046822486840621555,0.9421652097663346,False
77,z,1,0.008794874999694002,0.8054967738017111,0.005056328911175356,False
77,z,2,0.01577954200001841,0.754760376377267,0.0677255526165017,False
77,z,3,0.019255541000347876,0.018890988527226277,0.9766659903713006,False
77,z,4,0.015208415999950375,0.1946123355281236,0.7596162792364122,False
77,z,5,0.021235124999293475,10.385342687134784,-11.827898651766656,False
77,z,6,0.014536208000208717,0.2141913589324328,0.7354324140046778,False
77,z,7,0.013661457999660342,0.4245530164436178,0.4755952469447994,False
77,z,8,0.016584625000177766,0.058069385780231284,0.9282731231890953,False
77,z,9,0.01965162499982398,0.474049271116784,0.4144578384146066,False
77,z,10,0.0077117499995438266,0.7831759967322585,0.03262678803818286,False
77,z,11,0.04551925000032497,0.7994099264756097,0.012574757812392923,False
77,z,19,0.013332208000065293,0.019816451235923734,0.9755228656626797,False
77,z,20,0.0209213340003771,0.7894831440921837,0.02483624616082103,False
77,z,21,0.07364929200048209,0.7068551764960708,0.12689770200834316,False
77,z,22,0.013212958000622166,383.8565931798881,-473.13683134634533,False
77,z,23,0.007372915999440011,0.8037548281624638,0.007207967310632113,False
77,z,24,0.016222959000515402,0.08720725482269502,0.8922822423616187,False
77,z,25,0.018710958000156097,0.6759997712325435,0.16501007090205733,False
77,z,26,0.010400750000371772,0.21857384770382082,0.7300191962134619,False
77,z,27,0.013308833000337472,0.7684544067391392,0.05081078736432332,False
77,z,28,0.02390016699973785,9.31956963397174,-10.51146364103796,False
77,z,29,0.0154099170003974,0.12343007803738215,0.847540078421811,False
77,z,30,0.014180082999700971,0.6981021837801368,0.13770933402109786,False
77,z,31,0.022351083999637922,65.91977505549666,-80.42361971422466,False
77,z,33,0.009396458999617607,0.5047329608329717,0.3765575712978454,False
77,z,34,0.010294083000189858,0.01976514769518025,0.9755862354176276,False
77,z,35,0.0072537919995738775,0.6590005280483884,0.18600741064253712,False
77,z,36,0.01987229099995602,0.7354382590368914,0.09159208937382313,False
77,z,37,0.00999358300032327,16.75101990406029,-19.69073617659263,False
77,z,38,0.007340959000430303,171.9281416006912,-211.36437181532455,False
77,z,39,0.02038366600027075,0.006560273627963274,0.9918967984242234,False
77,z,40,0.012289833999602706,6222.674842775464,-7685.202047517057,False
77,z,41,0.017771583000467217,8.032327089710527,-8.921471149169522,False
77,z,42,6.164528207999865,1.8295134923498036e-07,0.9999997740198434,False
77,z,47,0.6229097089999414,16.245183429362353,-19.0659306957075,False
77,z,50,12.4305577920004,11540.947548239901,-14254.293248779722,False
77,z,51,0.7051146660005543,83.4382280194594,-102.06228354337703,False
77,z,52,0.5273919999999634,930.9491766972546,-1148.9015534087016,False
77,z,53,0.45267150000017864,2855.271540834899,-3525.8103376575987,False
77,z,54,0.47236674999930983,0.0018272364165456084,0.9977430110618014,False
77,z,55,0.7420248749995153,0.07705630423867066,0.9048206216172464,False
77,z,56,0.7376430000003893,19.774213595770195,-23.42496271588214,False
77,z,57,1.2329967499999839,13.485656255700338,-15.65738309386629,False
77,z,58,1.1667569159999402,4.090475264719404,-4.052524862600896,False
77,z,59,2.4062638340001286,0.8949899194595164,-0.1054849442187189,False
78,x,0,0.029111291999470268,5.883022358515438,0.9894734228024431,False
78,x,1,0.008042125000429223,0.28720705324116413,0.9994860962557367,False
78,x,2,0.014835291999588662,558.708672186884,0.0002944727539884173,False
78,x,3,0.016141624999363557,203.46375347700604,0.6359393561066012,False
78,x,4,0.0157320839998647,31.00263811927978,0.9445265301400498,False
78,x,5,0.025362166999912006,3593.043789358674,-5.42908534388621,False
78,x,6,0.015050666999741225,32.727045474032245,0.9414410230599072,False
78,x,7,0.011663917000078072,63.68937930418812,0.8860396702488139,False
78,x,8,0.014465291000306024,19.470337208769802,0.9651614433533616,False
78,x,9,0.02306437500010361,445.8294485094418,0.20227090419164406,False
78,x,10,0.007946957999592996,10.57894053501241,0.9810709483282886,False
78,x,11,0.04298187499989581,7.039149336326942,0.9874047480396325,False
78,x,19,0.012950333999469876,0.43571633629563244,0.9992203664424947,False
78,x,20,0.026084999999511638,558.8732451849334,-9.738432282802023e-11,False
78,x,21,0.022046625000257336,558.8732453824227,-4.5075476684530713e-10,False
78,x,22,0.018450958000357787,2807.952962368196,-4.024310944984465,False
78,x,23,0.007194208000328217,14.276749129079855,0.9744544058004674,False
78,x,24,0.0156293750005716,9.22327340162443,0.9834966631843852,False
78,x,25,0.019924707999962266,489.8329090279045,0.12353487432822263,False
78,x,26,0.01130937499965512,51.120743953819904,0.9085289117000364,False
78,x,27,0.012888708999525988,15.613778151534017,0.9720620403864781,False
78,x,28,0.019605209000474133,3761.30285459841,-5.730153728722639,False
78,x,29,0.016829332999805047,19.22816064558886,0.9655947733889128,False
78,x,30,0.013604624999970838,12.7811874002691,0.9771304360843317,False
78,x,31,0.016139708000082464,5.5216022638428655,0.9901201170176729,False
78,x,33,0.009472917000493908,54.3695709954563,0.9027157383732693,False
78,x,34,0.014710792000187212,0.15275772002984664,0.9997266683968846,False
78,x,35,0.009737749999658263,59.300881235284486,0.8938920734675059,False
78,x,36,0.014724458999808121,553.5911513726405,0.009451326940215332,False
78,x,37,0.011089208999692346,14.066636499993564,0.9748303633738832,False
78,x,38,0.007699290999880759,173.3993405870194,0.6897340459614824,False
78,x,39,0.15947079200032022,1.3568536738435335,0.997572162049864,False
78,x,40,0.013333040999896184,821.457595836911,-0.46984598564041913,False
78,x,41,0.01603679099935107,3972.068093648826,-6.107279026608742,False
78,x,42,6.862310333000096,1.0212361360744994e-06,0.9999999981726874,False
78,x,51,0.5143484170002921,10.78525738311036,0.9807017826008261,False
78,x,52,0.7018858330002331,51.372526657399675,0.9080783932582008,False
78,x,53,0.693908792000002,550.928873422505,0.014214979473830103,False
78,x,57,0.7636470420002297,9.394518346973868,0.9831902521209794,False
78,y,0,0.028340249999928346,0.12656347703964402,0.999005411425261,False
78,y,1,0.009020749999763211,8.084410111208216,0.9364693344542563,False
78,y,2,0.01846416699936526,126.47440209272999,0.00611141333473475,False
78,y,3,0.015558291999695939,26.278470109253963,0.7934928247578311,False
78,y,4,0.036178332999952545,0.48124263058705613,0.9962181947489536,False
78,y,5,0.1466084169996975,6.052035363895566,0.9524405826416937,False
78,y,6,0.016764958999374358,0.47341460759144066,0.9962797106176413,False
78,y,7,0.012087125000107335,0.9251500710864543,0.9927297849889717,False
78,y,8,0.021386290999544144,38.356686383779724,0.6985771651153034,False
78,y,9,0.02059933400050795,107.83387779074017,0.1525964256902057,False
78,y,10,0.007496082999750797,3.5745958059872533,0.9719093356859089,False
78,y,11,0.0445757079996838,7.1707303097725825,0.9436494113037018,False
78,y,19,0.019294166000690893,0.047036692447707695,0.9996303660582322,False
78,y,20,0.01581620799970551,12.936723271242283,0.8983378344124724,False
78,y,21,0.01978800000051706,0.03611975246421555,0.9997161559245717,False
78,y,22,0.01280250000036176,446.394381249793,-2.5079531773582255,False
78,y,23,0.008620832999440609,20.35100802337756,0.840073293355139,False
78,y,24,0.1457942910001293,0.36852779814950126,0.9971039549000507,False
78,y,25,0.0162387079999462,111.87998493647193,0.1208004286660852,False
78,y,26,0.015026916999886453,210.6482527841662,-0.6553618026963353,False
78,y,27,0.013667792000887857,1.7977327043313893,0.9858726668231266,False
78,y,28,0.018835792000572837,320.3433669524137,-1.5173917485254385,False
78,y,29,0.015605457999299688,0.10844083678606714,0.9991478266888261,False
78,y,30,0.014333332999740378,2.26395451044952,0.9822089014738701,False
78,y,31,0.015046333000100276,65.10759873227438,0.48835734176671686,False
78,y,33,0.009327958000540093,0.48541882186090163,0.9961853764966105,False
78,y,34,0.010124166999958106,0.09502323091140917,0.999253267830421,False
78,y,35,0.008449415999166376,0.5787588543957009,0.9954518716017048,False
78,y,36,0.014627624999775435,123.74835214630826,0.02753385047297452,False
78,y,37,0.015061500000228989,13.983083045941193,0.890115103010616,False
78,y,38,0.00852170800044405,220.39127195229773,-0.7319265097883443,False
78,y,39,0.16315866699915205,10.543935113298247,0.9171413614593505,False
78,y,40,0.014373540999258694,8750.730457958627,-67.76688866077788,False
78,y,41,0.014576041000509576,263.3756362972555,-1.069715567657863,False
78,y,42,6.9245129999999335,4.451838606647511e-06,0.999999965015596,False
78,y,51,8.388662000000295,801.061952893815,-5.295078838239616,False
78,y,52,0.47079916700022295,68.91971516701618,0.4584001413147929,False
78,y,53,0.4162339160002375,270.7162259134492,-1.1274009816089117,False
78,y,57,0.8405177499998899,9.336354829010912,0.9266310308483797,False
78,y,58,0.711695250000048,854.9163295833242,-5.718288985494809,False
78,z,0,0.02792179199968814,1.6799692295983943,0.9912528031858096,False
78,z,1,0.008604707999438688,0.49299426823141757,0.9974330970969516,False
78,z,2,0.015880917000686168,192.04625365618287,6.122221645998849e-05,False
78,z,3,0.015670791999582434,60.38603172437713,0.6855844172530792,False
78,z,4,0.027414459000283387,2.4230266656453847,0.9873838813491254,False
78,z,5,0.027549500000532134,846.8940054252115,-3.4095739467700303,False
78,z,6,0.025364166999679583,2.4374091975920553,0.9873089949551324,False
78,z,7,0.010765125000034459,3.0158864460237016,0.9842970026784805,False
78,z,8,0.021105916999658803,17.08324861887709,0.9110516220997766,False
78,z,9,0.0226591249993362,143.09719582212125,0.2549272252361007,False
78,z,10,0.007693208000091545,2.3554394296317693,0.9877357918752958,False
78,z,11,0.04555354100011755,0.62463787199023,0.9967476604287557,False
78,z,19,0.012947874999554188,0.3806087620956809,0.9980182614701507,False
78,z,20,0.01826512499974342,1.8634252843094883,0.9902975915134526,False
78,z,21,0.02006645799974649,0.42527391323846353,0.9977857007417171,False
78,z,22,0.012014459000056377,885.0935975908349,-3.608470060465158,False
78,z,23,0.007990458999302064,4.802091859500791,0.9749966595370817,False
78,z,24,0.0158426670004701,172.82096968324774,0.10016266440785437,False
78,z,25,0.018132625000362168,173.65303906725336,0.09583027870892125,False
78,z,26,0.0906014160000268,2.556069596081152,0.9866911587225707,False
78,z,27,0.013571291000516794,4.605294239372912,0.9760213375404011,False
78,z,28,0.020965167000213114,895.0299526311633,-3.6602062777851634,False
78,z,29,0.016969375000371656,2.887801240545153,0.9849639116203632,False
78,z,30,0.014103165999586054,3.2486880917728853,0.9830848603498247,False
78,z,31,0.014662333000160288,21.177742810199263,0.8897325729677776,False
78,z,33,0.008883249999598775,2.4384329016070385,0.9873036647738761,False
78,z,34,0.010007207999478851,0.6074632926353184,0.9968370843438915,False
78,z,35,0.008076332999735314,2.4812452099854005,0.9870807513532863,False
78,z,36,0.015020458999970288,190.67162348843104,0.007218591775498662,False
78,z,37,0.014785374999519263,90.57209120834221,0.5284128460724427,False
78,z,38,0.008290958000543469,138.34467995868056,0.2796724353790363,False
78,z,39,0.1577677909999693,0.5536167824839467,0.9971174502064043,False
78,z,40,0.014408834000278148,11107.146665780483,-56.83224848284088,False
78,z,41,0.014846957999907318,926.5647989338099,-3.8244006584051204,False
78,z,42,6.168160041999727,5.667338046337575e-08,0.9999999997049153,False
78,z,51,0.5414404170005582,14.366339439024125,0.9251979165102617,False
78,z,52,0.39177858399943943,5.821896632155804,0.9696867807004338,False
78,z,53,0.6332886669997606,566.1737365891521,-1.947930841658832,False
78,z,57,0.8510447500002556,10.624678936686475,0.9446798452558579,False
78,z,58,0.5318804580001597,11.635132521426586,0.9394186558116686,False
79,x,0,0.028985582999666804,4.273553744500258,0.9799494393466516,False
79,x,1,0.008034540999688033,0.3068300873146402,0.9985604216902872,False
79,x,2,0.015522874999987835,0.0531670782378976,0.9997505519315529,False
79,x,3,0.016784333000032348,79.32784392117557,0.6278114559603174,False
79,x,4,0.015076124999723106,1.9059695994779369,0.9910576158994253,False
79,x,5,0.02384458399956202,1084.0362465945518,-4.086056198718478,False
79,x,6,0.015001667000433372,2.022765248315587,0.9905096367745388,False
79,x,7,0.010867500000131258,5.01634944121208,0.9764644076703487,False
79,x,8,0.013500709000254574,0.7567893253068345,0.9964493133405894,False
79,x,9,0.022457082999608247,160.86309844532667,0.24526623388920699,False
79,x,10,0.008162500000253203,5.572899473308257,0.9738531990972663,False
79,x,11,0.04322233399943798,3.007865264452093,0.9858877672944654,False
79,x,19,0.012725833000331477,0.05565943895002662,0.9997388583311875,False
79,x,20,0.025432125000406813,213.13886521167956,-2.8914648453337577e-12,False
79,x,21,0.023476792000110436,213.13886534209726,-6.147828912617115e-10,False
79,x,22,0.013187791999371257,793.306231283561,-2.722015834596761,False
79,x,23,0.0073208750000048894,3.1579270194208267,0.9851837110219497,False
79,x,24,0.016629000000648375,197.0088454411621,0.07567845382834304,False
79,x,25,0.019486791000417725,192.96595353642454,0.09464680059482433,False
79,x,26,0.011548292000043148,3.290690640684777,0.984560813733215,False
79,x,27,0.012690709000708011,8.359985934937535,0.9607768112743822,False
79,x,28,0.021054665999145072,1135.8289050391961,-4.329055796156306,False
79,x,29,0.015222500000163564,7.551691211349233,0.9645691497706386,False
79,x,30,0.01405858399994031,6.87882379495393,0.967726093558103,False
79,x,31,0.01837770900056057,197.55934090078713,0.07309565195839995,False
79,x,33,0.009272415999475925,3.3278349857562493,0.9843865407537906,False
79,x,34,0.009657000000515836,0.005272705949660766,0.999975261640131,False
79,x,35,0.007390124999801628,3.8533403083090834,0.9819209870311861,False
79,x,36,0.01641208299952268,212.12509632384982,0.004756377426563652,False
79,x,37,0.009587833999830764,13.856130103296902,0.9349901291368155,False
79,x,38,0.008178499999303313,176.70216747141873,0.17095285603384802,False
79,x,39,0.17293791599968245,0.05609027294779411,0.9997368369541977,False
79,x,40,0.014090458999817201,1228.9207378966391,-4.765821905262048,False
79,x,41,0.014425082999878214,1155.1178832263179,-4.419555378051047,False
79,x,42,6.795381833000647,2.1030508334032965e-07,0.9999999990132955,False
79,x,47,0.9033667089997834,94.30914887104444,0.5575225157661721,False
79,x,50,0.8670590839992656,151.24338456408964,0.2903997850682034,False
79,x,51,0.45912145800048165,75.84411366337685,0.6441563410395779,False
79,x,52,0.46621891599988885,899.8878874701454,-3.2220731849117348,False
79,x,53,0.4297078749996217,10690.571844465958,-49.15777781250504,False
79,x,54,8.22479999999996,0.0018238263865967231,0.9999914430135265,False
79,x,55,0.6719184169996879,8.738120257827193,0.9590026894007615,False
79,x,56,1.0596301250006945,62.98293042467861,0.7044981432067348,False
79,x,57,3.321370291999301,11.209179213544097,0.9474090321235213,False
79,x,59,1.0099922079998578,0.8785005423623459,0.995878271466387,False
79,y,0,0.0279093750004904,8.825013280440594,0.986332931695299,False
79,y,1,0.008410292000007757,2.4429167346306886,0.9962167184553825,False
79,y,2,0.014946332999898004,645.4012272310607,0.0004839226639231642,False
79,y,3,0.01582329199936794,203.37760330568693,0.6850344007769652,False
79,y,4,0.01787945799969748,1.401495253992175,0.9978295407886265,False
79,y,5,0.02836116700018465,2465.541666673656,-2.81832018782332,False
79,y,6,0.0216780419996212,2.161365391446343,0.9966527496902714,False
79,y,7,0.010261540999636054,5.319173767301873,0.9917623340733761,False
79,y,8,0.02145662499970058,89.05670268670652,0.8620802031756374,False
79,y,9,0.021698333000131242,507.32435271854774,0.21431998333531677,False
79,y,10,0.0078080840003167395,5.105431728003498,0.9920933508047789,False
79,y,11,0.052940749999834225,6.159317197806108,0.9904612258160214,False
79,y,19,0.014280542000051355,0.04613004256403756,0.999928559604095,False
79,y,20,0.015857416000471858,15.655768252077591,0.9757543193121369,False
79,y,21,0.02080566600034217,4.347954977563068,0.9932664353269787,False
79,y,22,0.013875207999262784,2200.7257941048897,-2.408206740562238,False
79,y,23,0.007495249999919906,30.59121540805513,0.9526241811519588,False
79,y,24,0.01742916600051103,5.691728802859888,0.9911853677894255,False
79,y,25,0.01841666600012104,583.6246105833258,0.09615576048757912,False
79,y,26,0.08551304200045706,15.53589424729123,0.9759399650623823,False
79,y,27,0.01325712499965448,7.759056305954682,0.9879837515090731,False
79,y,28,0.02004391599984956,2594.9398552418834,-3.018715793525825,False
79,y,29,0.015495333000217215,14.145287267460432,0.9780935618870426,False
79,y,30,0.01644483299969579,7.606230784934252,0.9882204284146044,False
79,y,31,0.014912624999851687,31.33198441126792,0.9514769714828977,False
79,y,33,0.010005749999436375,2.1356185583918283,0.9966926231402939,False
79,y,34,0.01010058400061098,0.009487709632912488,0.9999853066311077,False
79,y,35,0.007420166999509092,2.1782793212712086,0.9966265555275124,False
79,y,36,0.014738042000317364,639.4320098416531,0.009728294223958822,False
79,y,37,0.0157925419998719,43.45737703994515,0.9326986916082666,False
79,y,38,0.007561250000435393,166.09261869850783,0.7427766857087567,False
79,y,39,0.14899024999976973,6.38662499854213,0.9901092001430701,False
79,y,40,0.021189582999795675,15381.621168328631,-22.82111623678905,False
79,y,41,0.015023500000097556,2662.0831766758915,-3.122698907327697,False
79,y,42,6.360938499999975,1.9781882844887843e-08,0.9999999999693643,False
79,y,47,0.5356531659999746,12.97103289459625,0.9799120990621195,False
79,y,51,7.697703082999396,4652.461823307416,-6.205146497069265,False
79,y,52,0.4689450420000867,6.474948668950202,0.9899724155742509,False
79,y,53,0.5660837499999616,2170.3668460104063,-2.3611906280555557,False
79,y,54,0.6601452909999352,0.0019945255848329985,0.999996911130155,False
79,y,55,0.46691062500030966,0.017725428880392247,0.9999725490897815,False
79,y,56,4.617160666000018,504.2726259015301,0.21904611320391443,False
79,y,57,0.890409541999361,12.103594387238813,0.9812554784943587,False
79,y,58,0.558166834000076,10861.779628091273,-15.821355319288767,False
79,y,59,0.5275555830003213,0.7064845945087258,0.9989058857020907,False
79,z,0,0.031619417000001704,0.18166901116617726,0.971561691137235,False
79,z,1,0.00822437499937223,0.051115028277348734,0.991998497969747,False
79,z,2,0.017105957999774546,5.9789868447628365,0.0640546041050376,False
79,z,3,0.015484458000173618,2.6679583299157614,0.5823601255266988,False
79,z,4,0.014616666000620171,0.08608152513881606,0.9865248729898339,False
79,z,5,0.02296820799983834,37.75621621100147,-4.910325218403,False
79,z,6,0.01773825000054785,0.0929663840387007,0.9854471231710034,False
79,z,7,0.012119582999730483,0.2710515738193727,0.9575698225881633,False
79,z,8,0.014525124999636319,0.0342799971062164,0.994633839094167,False
79,z,9,0.023674334000133967,4.820529650661178,0.24539848481796644,False
79,z,10,0.0069910419997540885,0.28928496368242834,0.9547155836113986,False
79,z,11,0.04283399999985704,0.17473634647535674,0.9726469244329632,False
79,z,19,0.012113415999920107,0.010979896102709451,0.9982812166222212,False
79,z,20,0.020339958000477054,0.02920577939701355,0.9954281527171945,False
79,z,21,0.021607667000353104,6.388179129891614,-1.9246826354901714e-12,False
79,z,22,0.012523791999228706,344.32333967527984,-52.90007585491495,False
79,z,23,0.007358791000115161,0.04326979154516411,0.9932265844984247,False
79,z,24,0.018169749999287887,6.05658315659585,0.05190774499927553,False
79,z,25,0.021023333999437455,5.746046238673477,0.10051892380450089,False
79,z,26,0.011467708999589377,0.17656846274378707,0.9723601265471836,False
79,z,27,0.013509040999451827,0.39511657833961644,0.9381487947807311,False
79,z,28,0.01770699999997305,39.25290114384131,-5.144614974906449,False
79,z,29,0.014987125000516244,0.32156898438090237,0.9496618711149107,False
79,z,30,0.01282779200028017,0.3287373276831414,0.9485397448945124,False
79,z,31,0.015879916999438137,62.772928532119586,-8.82641958778408,False
79,z,33,0.008913665999898512,0.2021897800122662,0.9683493878456589,False
79,z,34,0.009774832999937644,0.005627540042426853,0.9991190697806038,False
79,z,35,0.007587207999677048,0.24193343105106777,0.9621279513093994,False
79,z,36,0.01766879099977814,6.366804188316764,0.0033460147450435906,False
79,z,37,0.009936833000210754,22.171212255715663,-2.470662266187033,False
79,z,38,0.007863916999667708,157.3017887175796,-23.623885072639037,False
79,z,39,0.023917000000437838,0.01048040676711798,0.9983594062480029,False
79,z,40,0.011976707999565406,5927.245358128869,-926.8458286189044,False
79,z,41,0.01594466700043995,39.96654135660762,-5.25632759257999,False
79,z,42,5.838738417000059,2.59191495279936e-08,0.9999999959426389,False
79,z,47,0.6496743339994282,18.471513415390287,-1.891514630357467,False
79,z,50,2.3031513750001977,750.4540450189094,-116.4754229274542,False
79,z,51,0.6953790830002617,80.41875956161621,-11.588682616220785,False
79,z,52,0.5154974590004713,930.5529563118398,-144.66794972285305,False
79,z,53,0.4499535000004471,2839.6314643085143,-443.51343748749247,False
79,z,54,0.46982645800017053,0.0016864385040819521,0.9997360063846372,False
79,z,55,0.6172321670001111,0.0159034914286865,0.9975104812959453,False
79,z,56,0.9944836670001678,33.47363705053152,-4.2399340046627465,False
79,z,57,1.2845752909997827,13.291500774889924,-1.08063996088053,False
79,z,58,1.0049365419999958,4.308794115254468,0.3255051200582305,False
79,z,59,2.186541957999907,0.7524382733820028,0.8822139676918832,False
80,x,0,0.02905208400079573,5.6155636260796635,0.9884415258383955,False
80,x,1,0.008402000000387488,0.6624427247015897,0.9986364989114456,False
80,x,2,0.01593041700016329,485.69544362795324,0.00029656693572577275,False
80,x,3,0.016216500000155065,163.2824563267024,0.6639168962968272,False
80,x,4,0.01572470799965231,6.864448805195477,0.985870954470175,False
80,x,5,0.02765433300010045,2368.2754463096326,-3.874604292008023,False
80,x,6,0.016200416999708978,7.260554809882087,0.9850556523339542,False
80,x,7,0.011126790999696823,16.746619532121354,0.9655305536460679,False
80,x,8,0.012397458999657829,4.928637093733447,0.9898554217718635,False
80,x,9,0.021625082999889855,381.19554071601124,0.21538796436702667,False
80,x,10,0.007289250000212633,5.8232170183306335,0.9880141143568916,False
80,x,11,0.04379945799973939,4.8888569752513655,0.9899373009031915,False
80,x,19,0.013463666999996349,0.12966089225645946,0.9997331199194401,False
80,x,20,0.02764141700026812,485.83952757755986,-1.9885426638666104e-11,False
80,x,21,0.020343332999800623,4.33905769679003,0.9910689487977414,False
80,x,22,0.019899500000065018,1691.405022766722,-2.4814067748539417,False
80,x,23,0.0084456249996947,17.985319191609886,0.9629809470595282,False
80,x,24,0.017709957999613835,435.3770905273166,0.10386647067025478,False
80,x,25,0.020816834000470408,437.3403908194147,0.09982542382104964,False
80,x,26,0.08924870800001372,12.906823306269027,0.9734339785589693,False
80,x,27,0.013278916000672325,8.926640652179183,0.9816263598458821,False
80,x,28,0.02264874999946187,2490.023655919729,-4.125197754873355,False
80,x,29,0.015060792000440415,13.255837370133657,0.9727156054253303,False
80,x,30,0.017800667000301473,7.9377940534999425,0.9836616956770966,False
80,x,31,0.019313666000016383,8.347761644494076,0.9828178623376267,False
80,x,33,0.01051149999966583,11.75762397105891,0.9757993672727344,False
80,x,34,0.00991233300010208,0.009817650300142559,0.9999797924011056,False
80,x,35,0.007979083999998693,12.656270480882517,0.9739496896346834,False
80,x,36,0.015590791999784415,481.6081906560171,0.008709330286614247,False
80,x,37,0.010242166999887559,21.991600095751647,0.954734847932524,False
80,x,38,0.007592583000587183,151.32974402109286,0.6885190779378412,False
80,x,39,0.16122870900017006,2.728150369960149,0.9943846677448885,False
80,x,40,0.012950207999892882,1045.9187655522321,-1.1528070611876302,False
80,x,41,0.01324579099946277,2558.3272307632815,-4.26578651097041,False
80,x,42,7.347258791000058,9.374577579964647e-07,0.9999999980704375,False
80,x,51,0.4882743329999357,76.78181113234079,0.8419605512200524,False
80,x,52,0.5011295410004095,278.60292623126156,0.42655360376719054,False
80,x,53,0.447989416999917,9266.797028390321,-18.07378157306322,False
80,x,57,0.655632500000138,9.675794800810975,0.9800843812580508,False
80,y,0,0.027241667000453162,3.657456279062465,0.9877926716678829,False
80,y,1,0.008757708000302955,0.40831378015985953,0.9986371893478335,False
80,y,2,0.013837541999237146,299.5035453859438,0.0003604045551122148,False
80,y,3,0.017939625000508386,97.86036081055049,0.6733758481399915,False
80,y,4,0.014997541999946407,2.269541150870565,0.9924250539506025,False
80,y,5,0.02648320799926296,1316.1496731210611,-3.3928539312890713,False
80,y,6,0.01634025000021211,2.375899878490307,0.9920700651797256,False
80,y,7,0.010742583999672206,5.434112761211878,0.981862804745033,False
80,y,8,0.02037020800071332,30.703651672236948,0.8975217942853903,False
80,y,9,0.02229575000001205,233.05511696999295,0.22214235379405822,False
80,y,10,0.008763625000028696,2.965647632726069,0.9901016904624945,False
80,y,11,0.04454220899970096,2.3861706606486592,0.9920357848492259,False
80,y,19,0.013044415999502235,0.007090564006643377,0.9999763341414676,False
80,y,20,0.015716708000582003,5.82760295651486,0.9805494701094202,False
80,y,21,0.02001920800012158,2.070701434288802,0.9930887123843818,False
80,y,22,0.011814207999123028,1260.798435257901,-3.208110578907041,False
80,y,23,0.007631459000549512,11.260583477790354,0.962416053881077,False
80,y,24,0.02218899999934365,2.8956677014887617,0.99033525935084,False
80,y,25,0.018140000000130385,270.86442838424887,0.09594790518580354,False
80,y,26,0.09110812499966414,5.289953566610392,0.9823439584448511,False
80,y,27,0.013728167000408575,4.925627145082064,0.9835599544563746,False
80,y,28,0.022676624999803607,1385.9067632592744,-3.6256790528592306,False
80,y,29,0.015708916999756184,7.135563048459133,0.9761839501771455,False
80,y,30,0.01541029200052435,4.299843371648221,0.9856486049840513,False
80,y,31,0.014688875000501866,27.77164141717921,0.9073078338510634,False
80,y,33,0.01461974999983795,3.3301973529213433,0.988884949156992,False
80,y,34,0.009782417000678834,0.016290147995441717,0.9999456291012151,False
80,y,35,0.007704792000367888,3.545335929936348,0.9881668907453136,False
80,y,36,0.01479937499971129,297.0295865916372,0.008617626235413733,False
80,y,37,0.013694458999452763,82.78595017241277,0.7236890346916234,False
80,y,38,0.0075781669993375544,151.30046810655952,0.4950111908232473,False
80,y,39,0.1584546659996704,1.6773216255590515,0.9944016785876636,False
80,y,40,0.01709429199945589,12704.79411031059,-41.40422338999633,False
80,y,41,0.015005666999968525,1419.5013235313709,-3.7378061149822264,False
80,y,42,6.769201582999813,1.4229488936154197e-08,0.9999999999525069,False
80,y,51,8.22775408399957,2324.559131794655,-6.7585771049907075,False
80,y,52,0.4737965839995013,76.14401801520033,0.7458575147543633,False
80,y,53,0.6709430830005658,1999.9896310541917,-5.675275990822418,False
80,y,57,0.7275543750001816,10.24582943870758,0.9658029530772037,False
80,y,58,0.5828664999999091,4551.273866139284,-14.190583338316257,False
80,z,0,0.034712499999841384,0.12099693325026416,0.7533201575955648,False
80,z,1,0.00842670900055964,0.011319857200341345,0.9769218895453714,False
80,z,2,0.014629459000389033,0.4902561124018639,0.0005011094375085845,False
80,z,3,0.015201416999843786,0.10677394606229118,0.7823169606037256,False
80,z,4,0.014870792000692745,0.036696868747236204,0.9251850641488494,False
80,z,5,0.022967625000092085,0.5027488919225301,-0.02496827065807783,False
80,z,6,0.0178810830002476,0.04046581259613271,0.9175012125858187,False
80,z,7,0.0129125829998884,0.09288475504912425,0.8106332439856073,False
80,z,8,0.012750875000165252,0.04456675807594466,0.9091404999834852,False
80,z,9,0.020402125000146043,0.3484252421631954,0.2896556836794326,False
80,z,10,0.007857583000259183,0.0014843005718142583,0.996973914781967,False
80,z,11,0.044779750000088825,0.0023766200342312015,0.9951547180597811,False
80,z,19,0.018177375000050233,0.007351611470686375,0.9850120634441485,False
80,z,20,0.0167718339998828,0.004880659885992326,0.9900496617627819,False
80,z,21,0.018697500000598666,0.001352146738398852,0.9972433405097466,False
80,z,22,0.01371979099985765,422.5819674725681,-860.5297126868435,False
80,z,23,0.007677583000258892,0.03587956092589411,0.926851332533913,False
80,z,24,0.017133708000073966,0.403155568028332,0.17807543287067273,False
80,z,25,0.015631332999873848,0.46343164507032125,0.055188903550781654,False
80,z,26,0.016412624999247782,0.10211763951684338,0.7918099033913089,False
80,z,27,0.013482666000527388,0.004182119772331517,0.9914737950901499,False
80,z,28,0.01905470800011244,0.327637339816512,0.33203656340133636,False
80,z,29,0.015463291999367357,0.0010592779855230472,0.9978404202527114,False
80,z,30,0.013338999999177759,0.0067552237407284095,0.9862279358409611,False
80,z,31,0.015648416999283654,48.18354202770211,-97.23313892837928,False
80,z,33,0.009555708000334562,0.11236632114465796,0.7709156286283821,False
80,z,34,0.00959054200029641,0.008811672787350977,0.982035395475625,False
80,z,35,0.007458332999703998,0.12453871923272626,0.7460994191477821,False
80,z,36,0.01333912500012957,0.4860215864681681,0.009134156258794879,False
80,z,37,0.01716733400007797,25.975734811632435,-51.957459313613626,False
80,z,38,0.00766958300027909,151.8237232284604,-308.5272839832032,False
80,z,39,0.15418312499969034,0.014322720617015719,0.9707998676520135,False
80,z,40,0.011662082999464474,6742.438886774355,-13744.999318601751,False
80,z,41,0.01563887500014971,0.17863106869511594,0.6358198287298258,False
80,z,42,5.916437957999733,5.960913912347172e-08,0.9999998784731757,False
80,z,51,0.5021712920006394,71.29887206494548,-144.35901077936072,False
80,z,52,0.46047845800057985,897.3630212646282,-1828.4791671064359,False
80,z,53,0.635781582999698,2676.282494127476,-5455.212204284718,False
80,z,57,0.8405250420000812,11.031937965219976,-21.491121432369255,False
80,z,58,0.5022760830006519,4.672274829953481,-8.525497777197732,False
81,x,0,0.02949762499974895,5.6590127412500895,0.9900496072537263,False
81,x,1,0.00869395900008385,6.8254505451229885,0.9879986286125167,False
81,x,2,0.01385491600012756,568.4277732648028,0.0005183146795370019,False
81,x,3,0.01708791700002621,169.81473172242838,0.7014102367318565,False
81,x,4,0.02427412499946513,0.9431335207671497,0.9983416632241517,False
81,x,5,0.03180991699991864,1833.2439004645296,-2.2234415512736856,False
81,x,6,0.022321542000099726,0.9356298438234615,0.9983548571390702,False
81,x,7,0.011898542000380985,2.200706316138464,0.9961304395013704,False
81,x,8,0.025134000000434753,107.73512927217288,0.8105664542837058,False
81,x,9,0.021936499999355874,442.52051021783655,0.2219044069555819,False
81,x,10,0.008822042000247166,2.374152180988595,0.9958254650200628,False
81,x,11,0.04454766599974391,6.762645311276204,0.9881090607270695,False
81,x,19,0.015551040999525867,0.05921598457847117,0.9998958789579818,False
81,x,20,0.015902332999758073,20.762124732833467,0.9634934033929777,False
81,x,21,0.018960291999974288,1.875579555912503,0.9967021185387739,False
81,x,22,0.013670875000570959,1665.764942579775,-1.9289588413227965,False
81,x,23,0.007529374999649008,39.78213271751812,0.930050017039501,False
81,x,24,0.0158594999993511,498.68647807465425,0.12314629053076054,False
81,x,25,0.016612791999250476,521.7750568367485,0.08254902787371343,False
81,x,26,0.08481837499948597,27.78879433415047,0.9511382231825226,False
81,x,27,0.013065417000689195,2.5597893230303006,0.9954990542915365,False
81,x,28,0.01710008400004881,1912.937647548184,-2.3635691882242593,False
81,x,29,0.01600662500004546,7.578576446484184,0.9866743872918867,False
81,x,30,0.014725291000104335,3.124819331231921,0.9945055469869755,False
81,x,31,0.014802374999817403,38.28652467153966,0.9326797844799407,False
81,x,33,0.009683167000730464,0.9657136400579951,0.9983019599993181,False
81,x,34,0.010116958000253362,0.2802056069646476,0.9995073070221803,False
81,x,35,0.007265875000484812,1.0297795001279706,0.9981893112921193,False
81,x,36,0.014581041999917943,563.4424047216548,0.009284220899830053,False
81,x,37,0.016656875000080618,25.727693819950748,0.9547623110832866,False
81,x,38,0.008125416999973822,195.39401132961302,0.6564335084762476,False
81,x,39,0.15407058399978268,12.180609444596506,0.9785825101648503,False
81,x,40,0.016547958000046492,13837.730120673055,-23.331249232568783,False
81,x,41,0.01458845800061681,1956.1822030452386,-2.439607241327965,False
81,x,42,6.441088125000533,1.8591907605723172e-10,0.999999999999673,False
81,x,52,0.5135017920001701,4.683181128267107,0.9917654379555433,False
81,x,53,0.46458029199948214,1303.4397264305205,-1.2918727686437785,False
81,x,57,0.8342294999993101,4.803575208447742,0.9915537458394624,False
81,y,0,0.02932487499947456,4.139771285797706,0.9555311841392198,False
81,y,1,0.008625041999948735,15.779526483905036,0.8304986413161553,False
81,y,2,0.014808167000410322,89.27953729919328,0.040972307355751525,False
81,y,3,0.016217000000324333,52.979278068635914,0.4309043668780186,False
81,y,4,0.01663891699990927,2.989494739856569,0.9678872860538148,False
81,y,5,0.02176450000024488,773.9882302483163,-7.3140680277198875,False
81,y,6,0.015320542000154092,3.1312508010997653,0.966364563239103,False
81,y,7,0.01259616700008337,4.910128328313967,0.9472561217974339,False
81,y,8,0.015453791999789246,3.5415300807081174,0.9619574034042133,False
81,y,9,0.020201166999868292,50.607880669888985,0.45637756985891487,False
81,y,10,0.008076332999735314,23.920653634288573,0.7430478477441513,False
81,y,11,0.04419458400025178,18.44567805008838,0.8018592323081545,False
81,y,19,0.013105749999340333,0.013370233205345194,0.9998563789162788,False
81,y,20,0.016005375000531785,7.359231515427775,0.9209482146370923,False
81,y,21,0.021888708000005863,1.1562539106923357,0.9875796901101079,False
81,y,22,0.012498041999606357,995.0121101936226,-9.68827412259334,False
81,y,23,0.007647917000213056,6.453634345615507,0.9306760065869961,False
81,y,24,0.015747749999718508,91.23322862187217,0.01998604176782781,False
81,y,25,0.012633457999982056,87.88876589400033,0.05591176976860002,False
81,y,26,0.010923750000074506,3.0923531938417543,0.9667823956301135,False
81,y,27,0.012621834000128729,27.859726428633724,0.7007349056367251,False
81,y,28,0.02535579199957283,789.482540283835,-7.480505633155509,False
81,y,29,0.014668125000753207,5.944558413307531,0.9361444255720309,False
81,y,30,0.01650204199995642,23.014341551699847,0.7527833191822244,False
81,y,31,0.015202916999442095,7.049929498410349,0.924270691530273,False
81,y,33,0.008940124999753607,4.735790343034599,0.9491288348604778,False
81,y,34,0.009384291999595007,0.044320218605672784,0.9995239187133728,False
81,y,35,0.007826500000192027,6.510746254834387,0.930062518836302,False
81,y,36,0.016509207999661157,89.37115416261449,0.03998817244878283,False
81,y,37,0.017200207999849226,228.98416398031728,-1.4597142982292342,False
81,y,38,0.007208916999843495,65.87656358685561,0.2923636178319986,False
81,y,39,0.021121332999427977,0.09314068336521643,0.9989994964427323,False
81,y,40,0.013115583999933733,11710.740824685976,-124.79506001040704,False
81,y,41,0.016834832999848004,740.932399559143,-6.958987143641836,False
81,y,42,6.900247333000152,2.507791742856558e-06,0.999999973061669,False
81,y,52,0.44204329199965287,57.99511605659661,0.37702497101879784,False
81,y,53,0.9886239170000408,87.87862795222306,0.05602067005196798,False
81,y,57,0.4632545000004029,5.852743579569944,0.9371306870470965,False
81,y,58,0.49406400000043504,718.6728979708217,-6.719878842978058,False
81,z,0,0.029013416999987385,0.4375893092074235,0.9632567526992813,False
81,z,1,0.007944541999677313,2.3769289546415444,0.8004153973623829,False
81,z,2,0.015437291000125697,11.488926656843088,0.03530441788717453,False
81,z,3,0.01412579200041364,6.532968478047157,0.45144346229239607,False
81,z,4,0.020468499999878986,0.3484923025356904,0.9707379988837979,False
81,z,5,0.02361883300000045,95.60445569380335,-7.027659919230095,False
81,z,6,0.016583792000346875,0.3612174142860709,0.969669504023125,False
81,z,7,0.012580583000271872,0.4350989698639984,0.9634658600801813,False
81,z,8,0.020658584000557312,1.5050327371635561,0.8736262772108421,False
81,z,9,0.02018800000041665,5.946289304097052,0.5007054015606884,False
81,z,10,0.007257499999468564,3.406241798198021,0.7139866488422169,False
81,z,11,0.0438073750001422,2.6656121319319057,0.776175414457067,False
81,z,19,0.013126458000442653,0.0241014479272664,0.9979762634898441,False
81,z,20,0.018434999999954016,1.2080120609908953,0.8985663384244161,False
81,z,21,0.02348204200006876,11.90938039942475,-1.593192244797592e-11,False
81,z,22,0.012713666000308876,359.41679185711956,-29.17930234894558,False
81,z,23,0.007075417000123707,1.0887613661557924,0.9085795121444161,False
81,z,24,0.0182011250008145,11.902627788849097,0.0005669993030319453,False
81,z,25,0.012771667000379239,11.341906511484085,0.047649320848578536,False
81,z,26,0.010947332999421633,0.3606350412077391,0.9697184043906344,False
81,z,27,0.012885959000414005,3.9376400623463135,0.6693665051962532,False
81,z,28,0.022132375000182947,97.22920078066554,-7.16408557970917,False
81,z,29,0.014402000000700355,0.6171527783814115,0.948179270651137,False
81,z,30,0.013449875000333122,3.2653178986659337,0.7258196657421674,False
81,z,31,0.017313708000074257,99.0933963002836,-7.320617276331927,False
81,z,33,0.009627041999920039,0.43644221440108294,0.9633530712958739,False
81,z,34,0.01027216700003919,0.036877813703172814,0.9969034649606505,False
81,z,35,0.007284082999831298,0.5975527224328661,0.9498250368699912,False
81,z,36,0.014679333000458428,11.4956858815387,0.034736863197591616,False
81,z,37,0.009318624999650638,11.655423292516039,0.02132412419501517,False
81,z,38,0.007326625000132481,195.86839682121453,-15.446564830005435,False
81,z,39,0.020620667000002868,0.06072122863119517,0.9949013948168878,False
81,z,40,0.012042291999932786,5531.542487188918,-463.46937638705657,False
81,z,41,0.015988375000233646,90.6602745989936,-6.6125097662357915,False
81,z,42,7.146101541999997,1.9647057032970128e-08,0.9999999983502872,False
81,z,52,0.3783986250000453,0.7041807863384664,0.9408717529600701,False
81,z,53,0.4671832079993692,625.2180806172045,-51.497952005745404,False
81,z,57,0.5807608329996583,5.4919321027652455,0.5388566055780688,False
81,z,58,0.5489872080006535,4.069962926626736,0.6582556950747692,False
82,x,0,0.17426687500028493,0.2735214559937014,0.9886515555875649,False
82,x,1,0.008260042000074463,1.2985091781838503,0.9461246680845559,False
82,x,2,0.015860333999626164,23.98731968987315,0.004762668014957283,False
82,x,3,0.016641999999592372,8.234526593134534,0.6583483114134269,False
82,x,4,0.014980208000451967,0.8960213043914242,0.9628239476559459,False
82,x,5,0.022879875000398897,130.97820910439512,-4.434304668573269,False
82,x,6,0.016085250000287488,0.9466119184478979,0.9607249358276962,False
82,x,7,0.010502041999643552,3.870732328198016,0.8394027609191201,False
82,x,8,0.023009499999716354,3.447015633949802,0.856982827293904,False
82,x,9,0.023017290999632678,21.70806753849303,0.09932916645614809,False
82,x,10,0.011253083999690716,1.2394217590816798,0.9485762135719807,False
82,x,11,0.046530790999895544,1.771397758798585,0.9265044530967224,False
82,x,19,0.017865625000013097,0.45021721677629084,0.9813204231472625,False
82,x,20,0.01646504099971935,2.7876718345868094,0.8843390960318379,False
82,x,21,0.024602499999673455,0.6146122188418313,0.9744996509491725,False
82,x,22,0.017027042000336223,414.09835251961977,-16.180999997887138,False
82,x,23,0.0078008330001466675,3.2152487953840585,0.8665988666446514,False
82,x,24,0.01933879199987132,23.719195350182712,0.01588718529841271,False
82,x,25,0.017640499999288295,20.38616911732571,0.15417492141530653,False
82,x,26,0.08728645799965307,3.432229774583948,0.857596294718219,False
82,x,27,0.013401375000285043,0.9617339008782326,0.9600975226092598,False
82,x,28,0.020294165999985125,137.42269840391478,-4.7016874532854676,False
82,x,29,0.14732241700039594,0.6324511047715851,0.9737595130151369,False
82,x,30,0.013737250000303902,1.3280765004037602,0.9448979156478295,False
82,x,31,0.015100750000783592,49.90171333656904,-1.0704292386421272,False
82,x,33,0.009286707999308419,3.104432963251283,0.8711966314028404,False
82,x,34,0.009792584000024362,0.37654717725995884,0.9843770036457674,False
82,x,35,0.007758165999803168,3.180847749099249,0.8680261709856373,False
82,x,36,0.01378087500052061,23.51906676673741,0.024190548909568177,False
82,x,37,0.01517441600026359,32.30176130318642,-0.34020470621288434,False
82,x,38,0.008532124999874213,173.17805542848373,-6.185182340975147,False
82,x,39,0.1560214579994863,1.705404370248267,0.929242528246369,False
82,x,40,0.012773084000400559,8395.0996624762,-347.31388824815974,False
82,x,41,0.014450000000579166,142.67187842694082,-4.9194766847947795,False
82,x,42,6.443278249999821,9.976125145559169e-08,0.9999999958608914,False
82,x,51,0.5602886249998846,106.1190472457187,-3.402894480045278,False
82,x,52,0.4222852079992663,255.51529712758986,-9.601366300295211,False
82,x,53,0.42047633299989684,9886.558763536632,-409.19474011886126,False
82,x,57,0.7385765420003736,8.442549870328763,0.6497173958270979,False
82,y,0,0.027971332999186416,8.47107592522295,0.9888877883622798,False
82,y,1,0.00869200000033743,1.005732589564257,0.9986806972945533,False
82,y,2,0.015591125000355532,762.0419220697813,0.00036651901078610383,False
82,y,3,0.02166866600055073,248.01671452444245,0.6746559414865447,False
82,y,4,0.01635154099949432,8.067630831675496,0.9894170206939544,False
82,y,5,0.029176000000006752,3554.4521677040952,-3.6626691924782744,False
82,y,6,0.016398583000409417,8.470520669296985,0.9888885167374492,False
82,y,7,0.01151533299980656,18.356928118798766,0.975919697559653,False
82,y,8,0.012494916999457928,5.530340599656312,0.9927453943614086,False
82,y,9,0.021814958000504703,592.657199831247,0.22256248305670168,False
82,y,10,0.9850693749995116,7.693897084427118,0.9899072781927942,False
82,y,11,0.044245082999623264,6.228937778687094,0.9918289866026504,False
82,y,19,0.01486241600014182,0.02449031831298973,0.9999678740218396,False
82,y,20,0.02169512499949633,762.3220002920602,-8.827819202306131e-07,False
82,y,21,0.02511575000062294,762.3213273289799,-5.31574784190525e-13,False
82,y,22,0.01965849999942293,2566.7069931281003,-2.36696206850553,False
82,y,23,0.007991792000211717,28.597730455065285,0.9624859892674378,False
82,y,24,0.02153787499992177,7.525946294088217,0.9901275931496478,False
82,y,25,0.019277665999652527,690.2655112656057,0.09452157965391883,False
82,y,26,0.09256399999958376,15.533792091730183,0.9796230388225321,False
82,y,27,0.013132332999703067,12.685470318232367,0.9833594183142081,False
82,y,28,0.022625708999839844,3744.323355586386,-3.9117389496470274,False
82,y,29,0.015671291999751702,18.351496189281026,0.9759268230713277,False
82,y,30,0.013212707999628037,10.955398897129447,0.9856288962352387,False
82,y,31,0.027553459000046132,2.89300017585399,0.99620501214889,False
82,y,33,0.009884750000310305,12.15810019117455,0.9840512133724757,False
82,y,34,0.009450040999581688,0.03338443220907391,0.9999562068762708,False
82,y,35,0.007912208000561805,12.976572801777857,0.9829775550852656,False
82,y,36,0.015282083000784041,755.7092266644557,0.008673639877412542,False
82,y,37,0.009945875000084925,22.50748645762708,0.9704750665490355,False
82,y,38,0.008761583000705286,151.63454161485734,0.8010884174705768,False
82,y,39,0.15563466699950368,4.219428379623865,0.994465026454907,False
82,y,40,0.013371000000006461,940.5361078413121,-0.23377908255205493,False
82,y,41,0.013910165999732271,3830.8938842115626,-4.025300679486789,False
82,y,42,7.368018874999507,5.761019846991107e-07,0.9999999992442793,False
82,y,51,4.064349917000072,2642.0076013124767,-2.4657401106314913,False
82,y,52,0.4558650420003687,89.8354961930843,0.8821553418846386,False
82,y,53,2.1889449169993895,1849.6565390855585,-1.4263476211105965,False
82,y,57,0.787915625000096,8.862966365247699,0.9883737132262763,False
82,y,58,0.5298174999998082,4260.721476828453,-4.589141119479666,False
82,z,0,0.02703362499960349,1.3294649147155193,0.9850938168519779,False
82,z,1,0.008101166999949783,0.05928588068612708,0.9993352767825481,False
82,z,2,0.020186708999972325,88.3794731179359,0.009074554552240266,False
82,z,3,0.01583008299985522,32.67573870979765,0.6336341483600707,False
82,z,4,0.014618457999858947,2.113936344860836,0.9762981918733082,False
82,z,5,0.025547541999912937,524.4007356830049,-4.879668822039599,False
82,z,6,0.015445457999703649,2.237125466811959,0.9749169748187457,False
82,z,7,0.011268625000411703,4.679571361193588,0.9475318626372952,False
82,z,8,0.014463583999713592,1.096218792005492,0.987709011420257,False
82,z,9,0.022497500000099535,68.2004926706798,0.23532466086025017,False
82,z,10,0.0077189590001580655,2.0511684721679035,0.9770019557679521,False
82,z,11,0.044221374999324325,1.155735242872222,0.9870417030113476,False
82,z,19,0.009939208000105282,0.030091156820029785,0.9996626129131123,False
82,z,20,0.024433833000330196,89.18882195016984,-2.2596591264800736e-11,False
82,z,21,0.022750832999918202,89.18882195863823,-1.1754552886600322e-10,False
82,z,22,0.011845875000290107,487.63875630705934,-4.467487356100791,False
82,z,23,0.007208832999822334,1.650667293023729,0.9814924420239202,False
82,z,24,0.01635487500061572,81.75043155828932,0.08340047807996731,False
82,z,25,0.020418582999809587,80.64478998751926,0.09579711643239186,False
82,z,26,0.012988124999537831,3.488401316008939,0.9608874605605089,False
82,z,27,0.013628790999973717,3.099161213590353,0.9652516857393643,False
82,z,28,0.020589500000824046,548.4223782097017,-5.1490034987624345,False
82,z,29,0.017382916000315163,3.10676338293502,0.96516644894423,False
82,z,30,0.013948791000075289,2.4850310781614557,0.9721374156101534,False
82,z,31,0.021048958000392304,169.9379408296434,-0.9053726365892398,False
82,z,33,0.009922000000187836,3.64872405621835,0.9590898951626544,False
82,z,34,0.009867791999567999,0.003811208955572355,0.9999572680872746,False
82,z,35,0.007374540999990131,4.071727392871292,0.954347110950314,False
82,z,36,0.015851125000153843,88.66317979605999,0.005893587790631982,False
82,z,37,0.009574333000273327,18.055604192580105,0.7975575436675704,False
82,z,38,0.007453375000295637,164.44361832444886,-0.8437693730279343,False
82,z,39,0.15226820899988525,0.05162484220776844,0.9994211736282628,False
82,z,40,0.013762833999862778,4132.423755878759,-45.33342683100961,False
82,z,41,0.015191750000667525,560.3826508070402,-5.283104077019776,False
82,z,42,7.034945625000546,1.0701079754928359e-07,0.999999998800177,False
82,z,51,0.743172790999779,84.14508727759728,0.05655119734050451,False
82,z,52,0.5122222089994466,948.572919127049,-9.635558340241953,False
82,z,53,0.5902116670004034,2700.5169621512546,-29.27864818890721,False
82,z,57,0.8546945839998443,9.55306767898274,0.8928894062023159,False
82,z,58,0.46561866699994425,1.7379770595582569,0.9805135103077318,False
83,x,0,0.029057334000754054,10.491800239198914,0.9814300634468253,False
83,x,1,0.00887333300033788,1.2330441603007487,0.9978175764595194,False
83,x,2,0.01655845799996314,564.5431219374021,0.000788261604453,False
83,x,3,0.017059750000044005,174.79856212208531,0.690615706152527,False
83,x,4,0.016234959000030358,0.11953378367321936,0.9997884314676065,False
83,x,5,0.030605959000240546,2021.4501915955946,-2.5778608958913343,False
83,x,6,0.021600166000098397,0.23062824307864255,0.9995918000968662,False
83,x,7,0.010862833000828687,0.7859018078037511,0.9986089949889233,False
83,x,8,0.021486665999873367,88.86365370948567,0.8427159902355861,False
83,x,9,0.021961499999633816,442.43775708920623,0.21690835790228224,False
83,x,10,0.007831249999981083,4.287655201307942,0.992411075007633,False
83,x,11,0.04473012500056939,3.7365783858166175,0.9933864520893817,False
83,x,19,0.013699875000384054,0.05923330396814529,0.9998951601563654,False
83,x,20,0.015758083000037004,9.827434127500608,0.9826059566454227,False
83,x,21,0.020437125000171363,2.9602104781337135,0.9947605825969116,False
83,x,22,0.013113709000208473,1805.7658572668815,-2.1961109280418,False
83,x,23,0.008044000000154483,23.254915321020658,0.9588400186607272,False
83,x,24,0.01565533399934793,492.69928806135664,0.1279480822642538,False
83,x,25,0.017256792000807764,513.751293571776,0.09068713583630128,False
83,x,26,0.08584295900072902,15.229467352076076,0.9730446409558887,False
83,x,27,0.013731167000514688,7.673888765983107,0.9864176190690314,False
83,x,28,0.021887457999582693,2111.7337837390864,-2.7376581222656493,False
83,x,29,0.016101624999464548,11.879451460128571,0.9789739935119132,False
83,x,30,0.013919084000008297,7.128284377883207,0.9873833102411045,False
83,x,31,0.014635458999691764,26.77511719902091,0.9526094458287551,False
83,x,33,0.0095797499998298,0.19175616144493166,0.9996606016440908,False
83,x,34,0.01072254199971212,0.17721746034397165,0.9996863343830731,False
83,x,35,0.009649499999795808,0.19874122372094963,0.9996482384499459,False
83,x,36,0.016113332999339036,558.8674490416606,0.0108339051706271,False
83,x,37,0.01564133300053072,38.791141918317365,0.93134171182968,False
83,x,38,0.00777295799980493,154.88385866532457,0.7258636875509583,False
83,x,39,0.15179483399970195,3.9353055257394995,0.993034715466912,False
83,x,40,0.01708079199943313,14205.903530590183,-24.14370472456911,False
83,x,41,0.014849541000330646,2069.9862592316936,-2.6637671918552543,False
83,x,42,6.331370750000133,0.00013743640031229392,0.9999997567447744,False
83,x,47,0.7203089999993608,7.663945605657442,0.9864352179416916,False
83,x,50,0.9612742079998498,281.9641258824176,0.5009382747924227,False
83,x,51,0.47406012500050565,68.58907679405311,0.8786009287950711,False
83,x,52,0.43843658300011157,872.9464782693134,-0.5450695158313694,False
83,x,53,0.44952504199955,9663.782145550385,-16.104387923447153,False
83,x,54,8.336347458999626,0.0003268353285822079,0.9999994215185977,False
83,x,55,1.165866416999961,19.47145044675839,0.965536553198596,False
83,x,56,0.9563725829993928,40.21948426367457,0.9288136207371334,False
83,x,57,6.150544791000357,6.882241464377055,0.9878187933030196,False
83,x,59,1.388866125000277,2.820846174394195,0.9950072501105144,False
83,y,0,0.028193165999255143,3.9878941740286713,0.9870212372298559,False
83,y,1,0.008806625000033819,0.8708918857631731,0.997165647158499,False
83,y,2,0.01518037500045466,307.03149682391415,0.0007535841368117024,False
83,y,3,0.015546792000350251,102.81799797139982,0.6653746699542267,False
83,y,4,0.01300466700013203,3.357813978993848,0.9890718586908717,False
83,y,5,0.028791707999516802,1513.550725970461,-3.92591201162821,False
83,y,6,0.016546083000321232,3.6559755639200837,0.9881014797617792,False
83,y,7,0.011011166000571393,10.851610958457654,0.9646829935405639,False
83,y,8,0.02271954200023174,26.19093245852258,0.9147605517413642,False
83,y,9,0.023032332999719074,247.00808072670372,0.19610221782243242,False
83,y,10,0.007851291999941168,4.405500203763074,0.9856621215274878,False
83,y,11,0.04568474999996397,4.445726366503077,0.9855312038550089,False
83,y,19,0.013453415999720164,0.38325900552556563,0.9987526680761409,False
83,y,20,0.020837125000070955,7.909708965755687,0.9742575324801769,False
83,y,21,0.019653749999633874,3.8203065303202446,0.9875666579897808,False
83,y,22,0.015876625000601052,1421.2190092043934,-3.6254147075946124,False
83,y,23,0.014822208000623505,12.75404031828276,0.9584914602975483,False
83,y,24,0.024241459000222676,270.9862244686106,0.11806437987743901,False
83,y,25,0.022621375000198896,273.92795627316247,0.10849039482203948,False
83,y,26,0.09786512500068056,8.519165909048535,0.9722740302254959,False
83,y,27,0.014829499999905238,5.90179174687228,0.9807923802240548,False
83,y,28,0.02246008299971436,1599.1207277238393,-4.204403040861305,False
83,y,29,0.015845167000406946,9.456689180046817,0.9692228228476721,False
83,y,30,0.01637408399983542,5.682379923894412,0.9815064648700166,False
83,y,31,0.01490875000035885,32.47339606056786,0.8943140200269487,False
83,y,33,0.009482666999247158,7.336849024358665,0.976121928313028,False
83,y,34,0.010239582999929553,0.1833677268646823,0.9994032223216512,False
83,y,35,0.008403292000366491,7.8967850915348095,0.9742995937511795,False
83,y,36,0.015514875000008033,303.8625149140034,0.011067163844986405,False
83,y,37,0.014827999999397434,97.60655839401679,0.6823355106922513,False
83,y,38,0.007743000000118627,156.21596913423136,0.49158881459155623,False
83,y,39,0.1598123330004455,2.4483997679550806,0.9920315839969588,False
83,y,40,0.016168000000106986,13320.444804847655,-42.351925996638414,False
83,y,41,0.013326082999810751,1646.5507587746135,-4.358765993919983,False
83,y,42,5.568539917000635,9.887737794967543e-08,0.9999999996781995,False
83,y,47,0.8559230000000753,8.095017590455711,0.9736544380713767,False
83,y,51,8.535666166999363,3201.3498211730885,-9.418922383608404,False
83,y,52,0.4670261250003023,14.81129792267898,0.951796032274803,False
83,y,53,0.5645712089999506,1784.9943075506062,-4.809336118955518,False
83,y,54,0.467034582999986,0.00010550209418233829,0.9999996566391703,False
83,y,55,10.16977208299977,4.552465873109983,0.9851838158166113,False
83,y,56,12.131276584000261,460.8143907650085,-0.49973905971671817,False
83,y,57,1.0510750420007753,9.27457386403632,0.9698155245042765,False
83,y,58,0.5953224999993836,10819.073449112011,-34.21111182018551,False
83,y,59,1.0262013340006888,1.3857714084525627,0.9954899509417561,False
83,z,0,0.027430709000327624,1.4192846775347723,0.9814535707565614,False
83,z,1,0.008512125000379456,0.18165044586537873,0.9976262921775968,False
83,z,2,0.015919374999612046,0.02984598715407321,0.9996099891038667,False
83,z,3,0.015595207999467675,28.197913572542976,0.6315252203003143,False
83,z,4,0.014461957999628794,1.0062142993526575,0.9868513465958819,False
83,z,5,0.026569166999252047,426.5470366692627,-4.5738813782769565,False
83,z,6,0.01501066700075171,1.0723091189416631,0.9859876559534982,False
83,z,7,0.010706834000302479,2.3616538121261508,0.9691392107465195,False
83,z,8,0.022880124999574036,3.597813374106869,0.952985759495501,False
83,z,9,0.022063415999582503,58.140476241244166,0.24025232861598433,False
83,z,10,0.00800966699989658,2.187301965344769,0.9714175445022325,False
83,z,11,0.046743542000513116,1.185886816889625,0.9845034852497861,False
83,z,19,0.012649875000533939,0.027375500704766496,0.9996422720579873,False
83,z,20,0.01642145799996797,0.4520819265972158,0.9940924427660023,False
83,z,21,0.019173624999893946,0.824768378652012,0.989222381796255,False
83,z,22,0.013421291999293317,606.759560479266,-6.928799228464085,False
83,z,23,0.007573208000394516,0.9954647690736401,0.9869918155277853,False
83,z,24,0.018279249999977765,1.341342767594388,0.9824720726404249,False
83,z,25,0.0304186249995837,69.20393283118332,0.09568118085332289,False
83,z,26,0.012166167000032146,1.6221642722087362,0.9788024521282015,False
83,z,27,0.01317749999998341,3.246653361243679,0.9575745248325611,False
83,z,28,0.021923500000411877,448.26258772645105,-4.8576482205034015,False
83,z,29,0.015013707999969483,2.7547703090486184,0.9640021812203042,False
83,z,30,0.014071749999857275,2.6029871569428336,0.9659855997236066,False
83,z,31,0.014809874999627937,26.504726498683404,0.6536508549656488,False
83,z,33,0.010190624999268039,1.6970579595958732,0.9778237827351673,False
83,z,34,0.009446000000025379,0.011187814601849396,0.9998538038103375,False
83,z,35,0.008182915999896068,1.9477034971585467,0.9745484851143517,False
83,z,36,0.014375124999787658,76.09048560764384,0.005691508012159119,False
83,z,37,0.015899875000286556,81.59326926398491,-0.06621583329835778,False
83,z,38,0.00974658300037845,134.2372693631205,-0.7541385864884209,False
83,z,39,0.03272866699990118,0.02775487893027145,0.9996373145526135,False
83,z,40,0.014839957999356557,9894.778608023744,-128.29950857494975,False
83,z,41,0.015766208000059123,456.4491610508842,-4.964625844732775,False
83,z,42,0.9950085840000611,4.507950462457155e-08,0.9999999994109259,False
83,z,47,0.7663027079997846,9.077955002768924,0.8813742917126305,False
83,z,50,1.6643168750006225,1475.0344351696615,-18.2749363228712,False
83,z,51,0.8608052079998743,63.45687087273823,0.1707806162640515,False
83,z,52,0.6692367499999818,1023.1734640768804,-12.37026641351935,False
83,z,53,0.61357470799976,2807.4872293535295,-35.68669441390978,False
83,z,54,0.45517808299973694,0.0005692898896768626,0.9999925608337601,False
83,z,55,0.9681380419997367,9.534975723167939,0.8754021970456267,False
83,z,56,1.8307437080002273,16.573984480206697,0.7834203135498363,False
83,z,57,1.5179070419999334,11.081502077697358,0.8551930437577796,False
83,z,58,0.44185325000034936,8.062612232282516,0.8946422309419693,False
83,z,59,4.862719375000779,0.9548901875690083,0.9875220217766576,False
84,x,0,0.032609374999992724,0.9076337995548158,0.9823071143677512,False
84,x,1,0.00900370900035341,0.00414717311969044,0.9999191574181792,False
84,x,2,0.016033332999541017,51.29369450254515,0.00011053914676006915,False
84,x,3,0.016129541999362118,18.049102748806344,0.6481612839275357,False
84,x,4,0.015872417000537098,0.3027750156915995,0.9940978798634853,False
84,x,5,0.02691504199992778,236.2995564003793,-3.606286178846239,False
84,x,6,0.015418666999721609,0.3205840542720967,0.9937507208187477,False
84,x,7,0.010955624999951397,0.8885870635932946,0.9826784003656945,False
84,x,8,0.021169042000110494,4.212445172173451,0.9178850427342614,False
84,x,9,0.022186415999385645,39.4209490538998,0.2315509366580898,False
84,x,10,0.007826041000043915,0.8970379171113411,0.9825136643401488,False
84,x,11,0.04458387500017125,0.5369961200187893,0.989532109821038,False
84,x,19,0.01280795799993939,0.010967831704947978,0.9997861994649333,False
84,x,20,0.015901792000477144,0.6003482669107946,0.9882971598995306,False
84,x,21,0.024496541999724286,0.48237656889818104,0.9905968315973047,False
84,x,22,0.013889040999856661,480.5548844902185,-8.367657545889458,False
84,x,23,0.007769083000312094,1.2645748046287644,0.9753491139238156,False
84,x,24,0.021066874999633,46.67088099546673,0.090224978163984,False
84,x,25,0.018188584000199626,46.349881894338175,0.09648234802736688,False
84,x,26,0.08624074999988807,0.6128692165674664,0.988053083786024,False
84,x,27,0.014398040999367367,1.3990024820876779,0.9727286589294599,False
84,x,28,0.023183000000244647,248.55293503982438,-3.845146418496502,False
84,x,29,0.015122540999982448,1.5865285287762723,0.9690731351942746,False
84,x,30,0.013893084000301315,1.1929336662371888,0.9767456446267797,False
84,x,31,0.01434604199948808,32.58832700960366,0.36474209861945395,False
84,x,33,0.008666250000715081,0.5213237069210994,0.9898376187307489,False
84,x,34,0.01018741699954262,0.0004327518451546366,0.9999915641871124,False
84,x,35,0.007978499999808264,0.5867331726945219,0.9885625646309971,False
84,x,36,0.014993499999945925,50.96427564019053,0.006532038940624818,False
84,x,37,0.01534174999960669,49.75750230932109,0.03005617669044558,False
84,x,38,0.007538417000432673,144.29914903150853,-1.8128837223752163,False
84,x,39,0.15418483299981744,0.08241072178564103,0.9983935332992893,False
84,x,40,0.013396250000369037,8958.612977970351,-173.63399326970188,False
84,x,41,0.01545058300052915,253.3601371778336,-3.9388552222900763,False
84,x,42,6.0575844579998375,3.199260290299115e-08,0.9999999993763548,False
84,x,47,0.7183360829994854,11.730006681631309,0.7713420690311308,False
84,x,50,0.7812302080001245,139.55557013818765,-1.720415153125988,False
84,x,51,0.47204016700015927,73.99329585438855,-0.44238229310871247,False
84,x,52,0.4107414579993929,900.5987243827466,-16.555747966711543,False
84,x,53,0.43957720799971867,10672.053570139928,-207.03480805841787,False
84,x,54,8.30693595899993,0.001507134763604858,0.9999706207910967,False
84,x,55,11.119287124999573,5.547329976003604,0.8918635744086237,False
84,x,56,11.99731150000025,178.81697602082212,-2.4857541746382643,False
84,x,57,6.0647501670000565,8.887485969441947,0.8267525152846009,False
84,x,59,0.7550344169994787,0.6818646994242643,0.9867081259539932,False
84,y,0,0.02797125000051892,11.91175977703847,0.9851083642432569,False
84,y,1,0.008808624999801395,1.1977110381858893,0.9985026665365704,False
84,y,2,0.014737875000719214,799.6794695248833,0.0002706900398169454,False
84,y,3,0.01583966700036399,263.26752723225405,0.6708728017099157,False
84,y,4,0.01708741699985694,2.935749383179484,0.9963298361194569,False
84,y,5,0.02536549999967974,3309.647428071422,-3.1375972068448554,False
84,y,6,0.01599641699976928,3.0965526380977555,0.9961288059152248,False
84,y,7,0.010342124999624502,9.6787366576246,0.9879000060789828,False
84,y,8,0.021067791999485053,90.6112628996586,0.8867211941965735,False
84,y,9,0.022223166000003403,624.2880808588943,0.21953843248690807,False
84,y,10,0.008099208000203362,8.605400233171501,0.9892418510604616,False
84,y,11,0.045994250000148895,7.3383042772320595,0.9908259269483136,False
84,y,19,0.013186416999815265,0.10774372917736845,0.9998653028267851,False
84,y,20,0.015765707999889855,15.363871164733578,0.9807926639320103,False
84,y,21,0.01942766699994536,6.375696850917538,0.992029342685176,False
84,y,22,0.015286208000361512,2959.51958191099,-2.699880492362018,False
84,y,23,0.007889290999628429,30.407768485121682,0.9619853471752613,False
84,y,24,0.021604083000056562,8.66726165093983,0.989164514233826,False
84,y,25,0.01806616599969857,722.194634370027,0.09713932770506395,False
84,y,26,0.09063379099916347,13.151936472880312,0.9835579418057528,False
84,y,27,0.01354633300070418,13.578263716046115,0.9830249634602157,False
84,y,28,0.022341083000355866,3487.591893712061,-3.3600567104655292,False
84,y,29,0.015284707999853708,20.386016835932814,0.9745141655864535,False
84,y,30,0.017730083000060404,12.396335280382237,0.9845025661053237,False
84,y,31,0.01642308300051809,28.22207069704731,0.9647178246549587,False
84,y,33,0.009385667000060494,4.790836613982858,0.9940106755709576,False
84,y,34,0.010241375000077824,5.627645927086049e-05,0.9999999296452792,False
84,y,35,0.007693083000049228,5.123391837717677,0.9935949274906103,False
84,y,36,0.014688125000247965,793.0552882383377,0.008551993285708437,False
84,y,37,0.014742084000317845,49.82658634635316,0.9377086686803316,False
84,y,38,0.007327916999201989,152.02692247125432,0.8099416377566162,False
84,y,39,0.15891262500008452,4.723036472423312,0.9940954367675615,False
84,y,40,0.016830292000122427,17341.271769844363,-20.679408214142054,False
84,y,41,0.015497916999265726,3567.509145855186,-3.4599662647103404,False
84,y,42,7.36822170799951,2.3254248619290551e-07,0.9999999997092841,False
84,y,47,0.8346866669999145,11.01746992071209,0.9862263719138812,False
84,y,51,7.134266916999877,4686.940743959312,-4.859437705167837,False
84,y,52,0.45517695899980026,3.83135550469246,0.995210182903415,False
84,y,53,0.5664102079999793,2165.0038249109843,-1.7066066623235598,False
84,y,54,0.6743633750002118,0.0015513970150798629,0.9999980605015804,False
84,y,55,0.4931106659996658,0.004051720901450148,0.9999949346903412,False
84,y,56,4.677384333999726,507.15024448342285,0.36597976653722775,False
84,y,57,0.919235917000151,12.108997449812286,0.984861785094967,False
84,y,58,0.5719903749995865,10871.506367991895,-12.591149921552542,False
84,y,59,0.5022657500003334,0.5760194759858157,0.999279882033744,False
84,z,0,0.030093999999735388,0.002823195237029842,0.9492062390338327,False
84,z,1,0.00850091699976474,0.0014354642635081578,0.9741737207119913,False
84,z,2,0.01577254099993297,0.055580454895375976,1.9444876694807434e-05,False
84,z,3,0.017182208000122046,0.027311671416669542,0.5086197046066517,False
84,z,4,0.015236416999869107,0.002090802110343795,0.9623831532345284,False
84,z,5,0.025856082999780483,0.431608035490029,-6.765313251527657,False
84,z,6,0.015673625000090396,0.002337201482215891,0.9579500376522522,False
84,z,7,0.012049750000187487,0.010426247684118532,0.8124152642031485,False
84,z,8,0.021465000000716827,0.00186907047122924,0.9663724571721725,False
84,z,9,0.025919749999957276,0.0470371860778517,0.1537264037491436,False
84,z,10,0.00703133400020306,0.004034776992215409,0.92740796123261,False
84,z,11,0.04404866699951526,0.003496319865083862,0.9370956591457104,False
84,z,19,0.012440083000001323,0.001438292582990851,0.9741228347577165,False
84,z,20,0.016290167000079236,0.0020816018153057493,0.9625486811373993,False
84,z,21,0.02752516700002161,0.0031856474161081464,0.9426851493464122,False
84,z,22,0.013645250000081433,396.93433684678587,-7140.47840737756,False
84,z,23,0.0072614589998920565,0.001999542450014724,0.9640250592960748,False
84,z,24,0.022638041999925917,0.04484355645905302,0.1931932805149137,False
84,z,25,0.020177041000351892,0.046839798100923494,0.1572777265858295,False
84,z,26,0.011298667000119167,0.00774771453783227,0.8606063246682248,False
84,z,27,0.012970750000022235,0.004566985353665738,0.9178326885270129,False
84,z,28,0.017972167000152695,0.4430965959301835,-6.972010679034122,False
84,z,29,0.01581254099983198,0.005764913185931817,0.8962800664593812,False
84,z,30,0.013226125000073807,0.0044429570586172204,0.9200641543105708,False
84,z,31,0.015631541999937326,49.23465807059317,-884.8096034193104,False
84,z,33,0.015190708999398339,0.008997016461900166,0.8381294011904006,False
84,z,34,0.009636249999857682,0.0012369613878512823,0.9777451023454555,False
84,z,35,0.007298458999684954,0.0101706492084622,0.8170138862557499,False
84,z,36,0.015059124999424967,0.05519626887819021,0.006931560789729674,False
84,z,37,0.009849666000263824,26.14618912521307,-469.4114200757411,False
84,z,38,0.00753058299960685,150.73224594058007,-2710.9122226396844,False
84,z,39,0.03386341599980369,0.0014325469448917374,0.9742262079018678,False
84,z,40,0.012386915999741177,6629.384852464449,-119272.15019951286,False
84,z,41,0.015731792000224232,0.4630681634736336,-7.331330861576266,False
84,z,42,6.837592708000557,2.3183485042097417e-09,0.9999999582892326,False
84,z,47,0.6861573340001996,10.401999616087387,-186.14847458639372,False
84,z,50,12.245955834000597,3414.503228086061,-61431.32976266774,False
84,z,51,0.7242057080002269,78.46308330678261,-1410.6753407200024,False
84,z,52,0.5275247500003388,935.8040139671878,-16835.59874923727,False
84,z,53,0.4480120830003216,2838.1420235125474,-51061.67736622955,False
84,z,54,0.47805849999986094,0.001544051857511072,0.9722200576350168,False
84,z,55,0.48142537499916216,0.003976294858686998,0.9284601475894978,False
84,z,56,0.8097652919996108,12.168423693852104,-217.92924595991641,False
84,z,57,1.3407170840000617,13.351028048471669,-239.20617435587482,False
84,z,58,1.506026041000041,4.97679308105059,-88.54040259819519,False
84,z,59,2.023566333000417,0.610566805147052,-9.985065413734265,False
85,x,0,0.03323366699987673,8.187877668368408,0.9226494106932741,False
85,x,1,0.00886970899955486,9.214549758376103,0.9129504759505562,False
85,x,2,0.014949624999644584,97.3357563931769,0.0804725690133048,False
85,x,3,0.015444999999999709,63.37688067389327,0.4012808609139178,False
85,x,4,0.014494667000690242,4.806128511728688,0.9545966747766335,False
85,x,5,0.022552125000402157,984.0033457742163,-8.295844632543515,False
85,x,6,0.014242042000660149,5.482243819294886,0.948209437497603,False
85,x,7,0.012236334000590432,18.895059838586114,0.8214990413026378,False
85,x,8,0.015153334000387986,1.9254477269648789,0.9818103637606365,False
85,x,9,0.021924582999417908,79.50984394723542,0.24887333029366165,False
85,x,10,0.007743916999970679,17.88410422255612,0.8310495030743079,False
85,x,11,0.04532237500006886,13.902514774258771,0.8686634370724952,False
85,x,19,0.012559208000311628,2.1626677104802794,0.9795693550080101,False
85,x,20,0.015573374999803491,4.032590702832992,0.9619042589629807,False
85,x,21,0.020360208000056446,3.0660158643467152,0.9710354571066464,False
85,x,22,0.011974832999840146,1113.8741932099513,-9.522729912196183,False
85,x,23,0.00823158399998647,3.192165399697191,0.9698437269299944,False
85,x,24,0.017326583000794926,87.38944478803359,0.17443502121973453,False
85,x,25,0.014043250000213447,89.69992950097277,0.15260795425945828,False
85,x,26,0.010623375000250235,11.938477726451122,0.8872176252542584,False
85,x,27,0.012893042000541755,20.82512368426891,0.8032657967538194,False
85,x,28,0.018631249999998545,1008.3507819015992,-8.525853996244253,False
85,x,29,0.014663750000181608,13.49734283696371,0.8724910819628672,False
85,x,30,0.016824084000290895,17.69342085077991,0.8328508821099112,False
85,x,31,0.014744874999450985,20.276943480117303,0.808444435658162,False
85,x,33,0.008908249999876716,17.50136797573937,0.8346651987941757,False
85,x,34,0.009421167000255082,1.8388827136748795,0.9826281403643581,False
85,x,35,0.007692375000260654,21.30763608624451,0.7987075192425662,False
85,x,36,0.016306041999996523,100.50892874441759,0.05049572259698698,False
85,x,37,0.01784041700011585,237.75895434361698,-1.2461003908836363,False
85,x,38,0.008079791999989538,95.44786872688684,0.09830737669449341,False
85,x,39,0.020730291999825567,1.838991076845352,0.9826271166613383,False
85,x,40,0.013716374999603431,12109.105708292467,-113.39429122547011,False
85,x,41,0.017409875000339525,1035.749179954698,-8.784685688815172,False
85,x,42,1.160575666999648,5.569959027023359e-05,0.9999994738079505,False
85,x,47,1.8243168749995675,296.58965959760417,-1.8018719723651313,False
85,x,50,1.6286525419991449,244.6606414622904,-1.311300383783188,False
85,x,51,0.47887283300042327,50.41825018136846,0.5237005825808938,False
85,x,52,2.0370730000004187,654.116227896245,-5.179412755314088,False
85,x,53,0.45541804200001934,10303.905213370806,-96.3406263132038,False
85,x,54,0.46029695899960643,5.7627719708716874e-05,0.9999994555929802,False
85,x,55,11.344383292000202,182.12575650639644,-0.7205355483175171,False
85,x,56,0.8097815000000992,49.10747576678051,0.5360834218859121,False
85,x,57,5.4492972919997555,8.941964511197058,0.9155255790920056,False
85,x,59,1.0777086250000139,1.2696415173649624,0.9880057417130372,False
85,y,0,0.027594832999966457,16.485516599897913,0.9814582667776343,False
85,y,1,0.008701542000380869,7.414571859332882,0.9916606184258331,False
85,y,2,0.013958332999209233,888.6999314238212,0.00045370472058625655,False
85,y,3,0.015235042000313115,253.13615810365573,0.7152905046044078,False
85,y,4,0.016247332999228092,0.45566166469660424,0.9994875042601628,False
85,y,5,0.036765874999218795,2545.695374042566,-1.863216581954131,False
85,y,6,0.016180125000573753,0.5951252607824219,0.9993306455546933,False
85,y,7,0.010862000000088301,0.3890872863910808,0.9995623823723836,False
85,y,8,0.02027658299994073,189.91265179150392,0.7863997950120705,False
85,y,9,0.021830374999808555,699.7475098229899,0.21297391127961562,False
85,y,10,0.007894167000813468,2.5518510348448356,0.9971298599698354,False
85,y,11,0.04795795799964253,6.35196159086759,0.9928557666638539,False
85,y,19,0.01510725000025559,0.5937047828239854,0.9993322432069837,False
85,y,20,0.015762334000100964,22.43443472876058,0.974767347979994,False
85,y,21,0.024332209000021976,2.1129708615218457,0.9976234810851354,False
85,y,22,0.014849457999844162,2188.798018176847,-1.4618038922073717,False
85,y,23,0.007504291999794077,52.07940232871377,0.9414248028863563,False
85,y,24,0.02164566699957504,3.1828175463313784,0.9964201938421567,False
85,y,25,0.017113709000113886,796.7875126213032,0.10383023762639709,False
85,y,26,0.0853778329992565,53.47184246325618,0.9398586855404819,False
85,y,27,0.013226208000560291,4.820554057325524,0.9945781846281071,False
85,y,28,0.019447707999461272,2612.6550689904016,-1.9385280708510852,False
85,y,29,0.016010874999665248,11.923623753574809,0.9865891584687121,False
85,y,30,0.013795249999930093,5.176565896607583,0.994177767904253,False
85,y,31,0.014484167000773596,31.739023920559557,0.9643022097180174,False
85,y,33,0.010460708000209706,2.948597361019635,0.9966836280005604,False
85,y,34,0.010050124999906984,1.1157425984436862,0.9987450923069465,False
85,y,35,0.0072751659999994445,3.6283282205842284,0.9959191152123391,False
85,y,36,0.014470332999735547,879.8476155017671,0.010410158267685987,False
85,y,37,0.013815916000567086,7.626761656975391,0.9914219624761361,False
85,y,38,0.00742929100033507,188.89214913275603,0.7875475836140569,False
85,y,39,0.15453524999975343,14.128295338179496,0.9841095011211878,False
85,y,40,0.016474666000249272,14854.318309900891,-15.707077732947166,False
85,y,41,0.01587716699941666,1757.3839062910254,-0.9765800702859939,False
85,y,42,1.4889712920003149,7.366651020111768e-05,0.9999999171451637,False
85,y,47,0.7311236660007125,8.390487056836468,0.9905629786200004,False
85,y,51,8.462032083999475,3717.1658668449804,-3.180803035723521,False
85,y,52,0.48981649999950605,2.3977208306401194,0.9973032146300036,False
85,y,53,0.8365629590007302,2002.38555361509,-1.2521404481604268,False
85,y,54,0.45901333300025726,1.0342459419131229e-05,0.9999999883675393,False
85,y,55,10.1312484580003,1.275906245055883,0.9985649516611009,False
85,y,56,2.084248166999714,279.9593391980949,0.6851217037048729,False
85,y,57,1.2363758749997942,17.030153130829078,0.9808456984544951,False
85,y,58,0.5954668750000565,11330.973859040658,-11.744271201378874,False
85,y,59,1.179538832999242,0.7248210100445148,0.9991847730266279,False
85,z,0,0.02724016699994536,0.6568632173649115,0.987274111426194,False
85,z,1,0.008658957999614358,0.6937189187471884,0.9865600791334713,False
85,z,2,0.014402542000425456,51.57990524824901,0.0007050029838554517,False
85,z,3,0.015515459000198462,13.630625023054108,0.7359239935361566,False
85,z,4,0.014238708000448241,0.00858217006959403,0.999833731380994,False
85,z,5,0.15474912500030769,0.37874485257374163,0.992662300667266,False
85,z,6,0.018039917000351124,0.01058828503977426,0.9997948654574625,False
85,z,7,0.010798708999573137,0.010127380524053025,0.99980379489567,False
85,z,8,0.021212999999988824,11.47986044745926,0.7775923190169298,False
85,z,9,0.021576791000370577,40.60428515007507,0.2133436691556473,False
85,z,10,0.007972917000188318,0.09622186154106231,0.99813582393417,False
85,z,11,0.04401162500016653,0.4991948842081001,0.9903287346511335,False
85,z,19,0.01757483300025342,0.04670613761800195,0.9990951280459516,False
85,z,20,0.018855459000405972,1.720133845202924,0.966674596677981,False
85,z,21,0.021878042000025744,0.058915597463849584,0.9988585853054889,False
85,z,22,0.015105958999811264,414.06439666064995,-7.021970533564371,False
85,z,23,0.007886542000051122,3.6636136698848203,0.9290221493487497,False
85,z,24,0.016114042000481277,43.969931024878186,0.14813856518673396,False
85,z,25,0.0172635419994549,46.35258338449269,0.1019777091104751,False
85,z,26,0.08578970800044772,3.509240026842244,0.9320129421472464,False
85,z,27,0.013222000000496337,0.11360992491316742,0.9977989523433457,False
85,z,28,0.020293792000302346,150.7026894024676,-1.9196727452669395,False
85,z,29,0.01599625000017113,0.4613927019368299,0.9910611038061011,False
85,z,30,0.013538375000280212,0.14292110000022312,0.9972310856425407,False
85,z,31,0.015121417000045767,42.84618082336289,0.16990979467747114,False
85,z,33,0.009459791999688605,0.14822766227579687,0.9971282777543173,False
85,z,34,0.00987195800007612,0.08885927558794672,0.9982784646635905,False
85,z,35,0.007353291000072204,0.19846380922830054,0.9961550163635219,False
85,z,36,0.014021750000210886,51.021640588725404,0.011520670026822777,False
85,z,37,0.0155157089993736,24.593613380833734,0.5235300512528424,False
85,z,38,0.007543333000285202,164.8907416565163,-2.1945481946621435,False
85,z,39,0.1489780840001913,1.1696076357107676,0.9773403411035283,False
85,z,40,0.013021249999837892,8133.174022741704,-156.56989222199778,False
85,z,41,0.014080832999752602,103.4140406008934,-1.0035153786407034,False
85,z,42,6.835161416000119,3.1669175368078904e-07,0.9999999938645004,False
85,z,47,2.2152879169998414,84.05628111458684,-0.628483433254091,False
85,z,50,2.3512553330001538,300.94882026827435,-4.830500250137751,False
85,z,51,0.8378158750001603,60.09354886028811,-0.1642360031491077,False
85,z,52,0.5676775840001937,1091.252164273253,-20.141621392922584,False
85,z,53,0.45590200000060577,2834.838917559512,-53.92139495079916,False
85,z,54,0.4410777919993052,0.00015695174980823428,0.9999969592596651,False
85,z,55,0.7020838329999606,1.9937975436968223,0.9613727109251147,False
85,z,56,11.777190290999897,41.80927271735307,0.189998569127794,False
85,z,57,1.639646915999947,19.25088769808609,0.6270385594500463,False
85,z,58,0.4290109579997079,5.5755938059250765,0.8919799683842135,False
85,z,59,1.9210356670000692,1.1244072723179206,0.9782160405989887,False
86,x,0,0.030053749999751744,1.7422039265463372,0.9814145876670335,False
86,x,1,0.008301916000164056,0.005172690681703139,0.9999448189803011,False
86,x,2,0.015310124999814434,34.840210111178536,0.6283330207118429,False
86,x,3,0.02339399999982561,33.797424300590286,0.6394572088562058,False
86,x,4,0.015301417000046058,0.4626239817984631,0.9950648386645026,False
86,x,5,0.025746457999957784,413.5145920204046,-3.411274180533332,False
86,x,6,0.015017167000223708,0.4850736714108937,0.9948253507768698,False
86,x,7,0.010986041999785812,1.2560987518566942,0.9866002407189728,False
86,x,8,0.012324332999924081,0.19166760603030542,0.9979553360920226,False
86,x,9,0.02149608299987449,69.72522230344889,0.256188103601496,False
86,x,10,0.007340916999964975,1.7090410002785772,0.9817683617858164,False
86,x,11,0.04650104200027272,0.9212426294805645,0.9901724052697184,False
86,x,19,0.013374000000112574,0.005042151600796561,0.9999462115398099,False
86,x,20,0.02070895799988648,0.8931862320980491,0.9904717041669292,False
86,x,21,0.022744750000128988,93.74039689045543,-1.10131259667412e-09,False
86,x,22,0.012498915999458404,413.4634577834081,-3.410728692795404,False
86,x,23,0.00722729100016295,2.098379611355234,0.9776149911535114,False
86,x,24,0.016379791999497684,86.61455817694942,0.07601673189461222,False
86,x,25,0.018102292000548914,85.58055716251944,0.08704720594708615,False
86,x,26,0.0892320840002867,0.8646928677207224,0.9907756645229111,False
86,x,27,0.012884583999948518,2.7213260740796246,0.9709695481633518,False
86,x,28,0.020855042000221147,431.7028655311379,-3.6053023064438614,False
86,x,29,0.016556457999286067,2.8102204304729566,0.9700212445563688,False
86,x,30,0.013279249999868625,2.2933367611318243,0.9755352351842772,False
86,x,31,0.01831120800034114,129.50390334502507,-0.38151648364564617,False
86,x,33,0.009114708999732102,0.6990249294047611,0.9925429702309508,False
86,x,34,0.009983750000174041,0.0020764770708093477,0.9999778486421865,False
86,x,35,0.007298209000509814,0.7902288990213434,0.9915700282257702,False
86,x,36,0.01562704199932341,93.37210127395751,0.003928887927543756,False
86,x,37,0.010612166000100842,20.211475964725338,0.7843888370709213,False
86,x,38,0.007800082999892766,158.9136658321763,-0.6952527541876683,False
86,x,39,0.1503154590000122,0.09173712142429954,0.9990213704596053,False
86,x,40,0.014360708999447525,4579.189289202926,-47.84968963377939,False
86,x,41,0.015306416999919747,436.58006877669953,-3.657331137265139,False
86,x,42,6.8826676660000885,2.9144143453581758e-08,0.9999999996890973,False
86,x,47,0.6367650000001959,13.518961975499359,0.8557829661614708,False
86,x,50,0.7494487920002939,21.48373995516305,0.7708166309138933,False
86,x,51,0.5099104579994673,97.85290876347139,-0.04387128833675136,False
86,x,52,0.428928750000523,320.3178377231347,-2.417073627821601,False
86,x,53,0.7182767920003243,10231.59312736192,-108.14817387200412,False
86,x,54,8.41236866700001,0.008654739864590887,0.9999076733173614,False
86,x,55,0.9873277090000556,29.935156953594454,0.6806589476941887,False
86,x,56,0.8756802500001868,63.908534440211504,0.3182391302942956,False
86,x,57,0.5728472499995405,13.957396454081648,0.8511058526265505,False
86,x,59,0.7576547500002562,2.3900569879459406,0.9745034470744651,False
86,y,0,0.028468665999753284,12.821653209070574,0.9830671334775832,False
86,y,1,0.008795292000286281,0.2645735111391421,0.9996505920198874,False
86,y,2,0.0209047919997829,0.0008083748686484474,0.9999989324228687,False
86,y,3,0.01592854200043803,264.23111090717316,0.651044209424114,False
86,y,4,0.016617999999652966,3.0836280891483945,0.995927618538194,False
86,y,5,0.024446166999950947,3174.286946088704,-3.192109729184148,False
86,y,6,0.01592966600037471,3.2443035688407007,0.995715423089862,False
86,y,7,0.010985792000610672,9.380188182979191,0.9876120909006357,False
86,y,8,0.019789124999988417,77.43136720132001,0.8977405655816179,False
86,y,9,0.021892208000281244,571.8960661755967,0.2447276809517952,False
86,y,10,0.007459417000063695,10.4283295454545,0.9862278670803516,False
86,y,11,0.04430108399992605,6.83462811976498,0.9909738749133797,False
86,y,19,0.01302920800026186,0.07276747309079143,0.9999038999192282,False
86,y,20,0.01567391599928669,10.893917750111202,0.9856129898258111,False
86,y,21,0.01821004199973686,6.3090097271095775,0.9916680308025957,False
86,y,22,0.014456207999501203,2891.9544654506462,-2.8192484349631353,False
86,y,23,0.0076878330000909045,23.091686055680825,0.9695040544785769,False
86,y,24,0.02128291699955298,692.7680630945466,0.08509854758242263,False
86,y,25,0.018754749999970954,689.901882993548,0.08888375720305797,False
86,y,26,0.09209529199961253,9.201543933443078,0.9878480167350869,False
86,y,27,0.01417950000086421,16.749411395021387,0.9778799548813017,False
86,y,28,0.02319450000049983,3322.281432388705,-3.3875580728344596,False
86,y,29,0.01570312500007276,21.12335118693444,0.9721035282796873,False
86,y,30,0.019007291999514564,14.658312917763626,0.9806415559652856,False
86,y,31,0.023795665999386983,24.186551634004765,0.9680581245040685,False
86,y,33,0.009156832999906328,4.84081407198164,0.9936069976933463,False
86,y,34,0.010131082999578211,0.003520986904500676,0.999995350022317,False
86,y,35,0.008281499999611697,5.3141141301439845,0.9929819358094197,False
86,y,36,0.016989583000395214,753.43023664893,0.004985283636914084,False
86,y,37,0.014780999999857158,60.477829520838576,0.9201301892865602,False
86,y,38,0.007713791999776731,136.97723142120495,0.8191015512239406,False
86,y,39,0.15707620800003497,2.4293771075336013,0.9967916525565221,False
86,y,40,0.01932970799953182,17235.76390193271,-21.762344668380837,False
86,y,41,0.016088624999611056,3366.8552484889574,-3.4464243099813494,False
86,y,42,6.805715958000292,2.137147801522872e-07,0.9999999997177584,False
86,y,47,0.9199318330001915,85.54822791486653,0.8870210649990955,False
86,y,51,1.484467209000286,2032.5039410850475,-1.6842184373175666,False
86,y,52,0.4646901669993895,80.44206793875975,0.8937644953436594,False
86,y,53,0.8224632080000447,1056.1175571362508,-0.39475755079054586,False
86,y,54,0.49874091699985,0.0007422854796507784,0.9999990197035636,False
86,y,55,9.426119333000315,5.688768024211359,0.9924871505990494,False
86,y,56,4.528415374999895,589.8771873873138,0.22098098304656433,False
86,y,57,0.817186582999966,15.473723750753912,0.9795646868150429,False
86,y,58,0.5793588329997874,10215.22242791738,-12.490693832395568,False
86,y,59,3.32890716699967,0.8455743822221861,0.9988832954755933,False
86,z,0,0.027491750000081083,1.3197741689207134,0.9909291279573493,False
86,z,1,0.00828899999942223,3.4281820908582303,0.976437937779528,False
86,z,2,0.015544957999736653,145.32919075584584,0.0011454046821557373,False
86,z,3,0.015440041999681853,40.99457983839317,0.7182422592341026,False
86,z,4,0.15753216699977202,0.13068904934082506,0.9991017678085671,False
86,z,5,0.033810375000030035,432.8026661416892,-1.9746737712709068,False
86,z,6,0.14053337499990448,0.11726676120732661,0.9991940198476247,False
86,z,7,0.010875166999539942,0.7049521686854808,0.9951548294633131,False
86,z,8,0.011870499999531603,1.000549297828137,0.9931231760200421,False
86,z,9,0.02167545800057269,117.03393493664494,0.19562007390524816,False
86,z,10,0.007189750000179629,1.4710067181141926,0.9898896992924137,False
86,z,11,0.0431954579999001,3.593671941240004,0.975300517990203,False
86,z,19,0.016567749999921944,0.029885670191536887,0.9997945943354551,False
86,z,20,0.017956792000404675,7.862749855398577,0.9459589378840351,False
86,z,21,0.020442750000256638,0.6141400244091156,0.9957789857470531,False
86,z,22,0.012098375000277883,366.55870007538323,-1.5193757711012643,False
86,z,23,0.0074569589996826835,13.62856828649481,0.9063301874195512,False
86,z,24,0.01807258400003775,0.709556862651628,0.9951231811777609,False
86,z,25,0.016252166000413126,131.87099257621585,0.09364425523314834,False
86,z,26,0.0866617089995998,11.134931527734203,0.9234690741262559,False
86,z,27,0.014408042000468413,0.7825025405565489,0.9946218219862251,False
86,z,28,0.0196078339995438,451.4986835437849,-2.103172408049248,False
86,z,29,0.01690187500025786,1.8464547668404037,0.9873092265957527,False
86,z,30,0.012961083000845974,1.246373987400979,0.991433610974332,False
86,z,31,0.01962379199994757,76.92530535964266,0.4712886354414886,False
86,z,33,0.009422375000212924,0.1325488010826488,0.9990889856444071,False
86,z,34,0.009856874999968568,0.0013221097812614923,0.9999909130751802,False
86,z,35,0.0077786669999113656,0.11729211360039807,0.9991938455993943,False
86,z,36,0.015822708000087005,143.68770691402494,0.012427402951157074,False
86,z,37,0.009915542000271671,41.00917733949652,0.7181419298991535,False
86,z,38,0.007362584000475181,116.34955787580286,0.20032383072517468,False
86,z,39,0.1499667080006475,5.296299640536319,0.963598275015392,False
86,z,40,0.01525316599963844,4813.38493685501,-32.08262874241541,False
86,z,41,0.014601457999560807,4.631857532662564,0.968165017934145,False
86,z,42,7.019766790999711,4.604192413440997e-09,0.9999999999683552,False
86,z,47,0.6715134579999358,12.262007260088257,0.9157226278089129,False
86,z,50,1.4349298749993977,4735.985316400753,-31.550657387146025,False
86,z,51,1.503410457999962,75.11903908356588,0.48370319139438045,False
86,z,52,0.44723387499925593,313.7417965678132,-1.156362624846107,False
86,z,53,0.47885587499968096,2692.6881965246994,-17.506976918184105,False
86,z,54,0.49335908300054143,0.004323548760045176,0.9999702840391211,False
86,z,55,1.1143453329996191,13.548516927117705,0.9068803843053894,False
86,z,56,2.3506543339999553,14.355499181093892,0.9013339560308506,False
86,z,57,1.9369618330001686,20.796989860369,0.857061277347183,False
86,z,58,0.5979673749998256,4.121561134363814,0.9716723098949952,False
86,z,59,4.70763504200022,1.8390366887242857,0.9873602114073805,False
87,x,0,0.03339808299915603,0.3900761333265347,0.9849682846832702,False
87,x,1,0.008499000000483647,0.06962265681055366,0.9973170674456656,False
87,x,2,0.015493124999920838,25.93953852151752,0.00041113723716112993,False
87,x,3,0.01638162499966711,8.310317093611719,0.679759128871505,False
87,x,4,0.015226915999846824,0.05062350696873028,0.9980492060906186,False
87,x,5,0.029002082999795675,99.83441452343715,-2.8471528240679813,False
87,x,6,0.015712290999545075,0.08537332837555503,0.9967101100063747,False
87,x,7,0.01064574999963952,0.19650803041155526,0.9924274967929784,False
87,x,8,0.01284999999916181,0.05260999243164969,0.9979726562035369,False
87,x,9,0.021753957999862905,20.32654810336514,0.21670961548978895,False
87,x,10,0.007206792000033602,0.22655692542965675,0.9912695524920994,False
87,x,11,0.04400233300020773,0.23111571002620512,0.9910938781906208,False
87,x,19,0.01388074999977107,0.00215191145428388,0.9999170753665656,False
87,x,20,0.018334499999582476,0.5564280568561628,0.978557857222448,False
87,x,21,0.019291083000098297,0.1807152638637033,0.9930360763766264,False
87,x,22,0.01290266599971801,315.8137801512453,-11.169990498649328,False
87,x,23,0.008028207999814185,1.122444904373773,0.9567462071637779,False
87,x,24,0.026929165999717952,0.2431990075898402,0.9906282442449729,False
87,x,25,0.01767229100005352,23.46261833678997,0.0958600916799055,False
87,x,26,0.08806704200014792,0.5463240850973077,0.9789472171808545,False
87,x,27,0.0130799169992315,0.3581507028831414,0.98619854190946,False
87,x,28,0.02086491699992621,105.06641333298649,-3.048769662227059,False
87,x,29,0.0165269580002132,0.6007057281023429,0.9768516022322121,False
87,x,30,0.01350800000000163,0.34052659606396707,0.9868776928079225,False
87,x,31,0.017203708999659284,65.11322501959388,-1.5091600798590052,False
87,x,33,0.009309166000093683,0.07483979653510285,0.997116023207357,False
87,x,34,0.009522250000372878,0.0006302585349709758,0.9999757127748554,False
87,x,35,0.007492708999961906,0.07751022593178165,0.9970131173101877,False
87,x,36,0.014705083000080776,25.708128765938955,0.009328590191041819,False
87,x,37,0.010848291000002064,25.99452265055025,-0.0017076947136942522,False
87,x,38,0.00763870799983124,148.58108482371034,-4.725622199631666,False
87,x,39,0.16062808300011966,0.20899499455529189,0.9919463074195651,False
87,x,40,0.011874834000082046,5574.5011568608725,-213.81528159162886,False
87,x,41,0.01463541700013593,107.63614515935322,-3.14779514457296,False
87,x,42,6.471795666000617,3.747423179272265e-09,0.9999999998555917,False
87,x,47,1.0392300839994277,30.365976191808432,-0.1701631308156928,False
87,x,50,0.7906650830000217,137.780775988169,-4.309428657196412,False
87,x,51,0.46653779200005374,74.74267079986492,-1.8802340196884662,False
87,x,52,0.46311974999935046,900.3630618338497,-33.6957941563069,False
87,x,53,0.4423408749998998,10682.43559093682,-410.65125721200076,False
87,x,54,8.239050041000155,0.0015944537165474895,0.999938557188443,False
87,x,55,0.6722090409994053,9.329347113598175,0.6404904634727553,False
87,x,56,1.0776110830001926,52.38328019183498,-1.0186073638630084,False
87,x,57,5.9786345419997815,9.601322796887032,0.6300097888172544,False
87,x,59,0.7676702910002859,0.7379549270188438,0.9715626580767002,False
87,y,0,0.02791066600002523,12.449140742568721,0.9849117951819089,False
87,y,1,0.0080557500004943,1.049611284106352,0.9987278840876284,False
87,y,2,0.0176714590006668,824.8901585546053,0.00024331622011952714,False
87,y,3,0.016096000000288768,273.2180746686669,0.6688630680743065,False
87,y,4,0.014710541999193083,3.191910868457348,0.9961314434513785,False
87,y,5,0.025880500000312168,3446.5682728017746,-3.1771981773609044,False
87,y,6,0.015397291999761364,3.368599575929061,0.9959172989202414,False
87,y,7,0.010415916000056313,10.380476478397814,0.9874189907195855,False
87,y,8,0.014012208000167448,2.3350848233498707,0.9971699060352137,False
87,y,9,0.022277375000157917,643.0822861554484,0.22059221202140855,False
87,y,10,0.00715862500055664,9.248764097872222,0.9887906121467698,False
87,y,11,0.04276866700001847,7.579462151066079,0.9908137854884065,False
87,y,19,0.013134499999978289,0.11713333539608235,0.9998580358442379,False
87,y,20,0.023278749999917636,825.0909178562182,-1.5738157443934142e-09,False
87,y,21,0.02262491700003011,825.0909171148082,-6.752360892647857e-10,False
87,y,22,0.020640499999899475,2440.272224983208,-1.9575797963746235,False
87,y,23,0.00758766699982516,30.389765753589426,0.9631679792569077,False
87,y,24,0.021458541999891168,9.15803415575765,0.9889005757159884,False
87,y,25,0.018320166999728826,745.0039620906884,0.09706439964351476,False
87,y,26,0.0912144169997191,12.992269592989514,0.9842535297234952,False
87,y,27,0.012850333000642422,14.616893917166365,0.9822845051086626,False
87,y,28,0.02289141599976574,3631.648154418204,-3.401512707920265,False
87,y,29,0.014701250000143773,21.41123859710558,0.9740498432749273,False
87,y,30,0.014198832999682054,13.243487312062085,0.983949056950821,False
87,y,31,0.015760207999846898,1.6869695913534755,0.9979554136913886,False
87,y,33,0.008814124999844353,5.240061862015745,0.9936491097443205,False
87,y,34,0.009584834000634146,1.0903824756651719e-05,0.999999986784699,False
87,y,35,0.007246584000313305,5.631766145505072,0.9931743689907518,False
87,y,36,0.014943125000172586,818.1957867611338,0.008356812150241644,False
87,y,37,0.009571874999892316,22.36018950013017,0.9728997265011496,False
87,y,38,0.007337875000303029,150.96327628863818,0.8170343737166992,False
87,y,39,0.1533985420001045,4.4958749591546106,0.9945510550789826,False
87,y,40,0.013665124999533873,1027.8172390843642,-0.2457017989877719,False
87,y,41,0.014991625000220665,3713.1600471902766,-3.5003041151898344,False
87,y,42,3.5467075830001704,2.2073686392865864e-08,0.999999999973247,False
87,y,47,1.0218181669997648,454.8356617223585,0.44874479576146964,False
87,y,51,8.696265292000135,3332.057819320899,-3.0384129220842997,False
87,y,52,0.45941300000049523,13.386293070073746,0.9837759781359343,False
87,y,53,0.5571127079992948,2167.048903178789,-1.626436504985215,False
87,y,54,0.5970168329995431,0.0008482427565430908,0.9999989719402559,False
87,y,55,1.9085167909997836,0.009515410157434933,0.999988467440416,False
87,y,56,4.744996084000377,506.30284443994935,0.38636720598952545,False
87,y,57,1.1832428329998947,12.58606422678578,0.984745845610208,False
87,y,58,0.5732600000001185,10880.494685158423,-12.187025171180453,False
87,y,59,0.9292738750000353,0.6146574503274499,0.999255042761964,False
87,z,0,0.027949875000558677,0.21783592505325125,0.985916804293768,False
87,z,1,0.008849917000588903,0.04078975300520596,0.997362923153099,False
87,z,2,0.014122167000095942,15.461710221639969,0.0003931126090814807,False
87,z,3,0.015888332999566046,5.019651926411431,0.6754771260087844,False
87,z,4,0.014779832999920473,0.05315879304072452,0.9965632588577087,False
87,z,5,0.026607667000462243,62.66998368792977,-3.051644121453891,False
87,z,6,0.01787579099982395,0.05631223629735008,0.9963593872579223,False
87,z,7,0.010707999999794993,0.19040818403015877,0.9876900207387307,False
87,z,8,0.020120000000133587,1.8680184715406585,0.8792317212547369,False
87,z,9,0.022270708000178274,12.161336013289834,0.21376386800047464,False
87,z,10,0.0074243750004825415,0.15160459933787174,0.9901986908636939,False
87,z,11,0.0438650839996626,0.15536096253424533,0.9899558402043029,False
87,z,19,0.01342966699940007,0.003039079010029538,0.9998035221029108,False
87,z,20,0.024254333999124356,0.34852754565532157,0.977467529135625,False
87,z,21,0.026133000000299944,0.12441915761865195,0.9919562425439254,False
87,z,22,0.03727399999934278,535.0618944401825,-33.592004842664124,False
87,z,23,0.007507082999836712,0.6639879536068679,0.9570728643820342,False
87,z,24,0.027917167000850895,0.1629514654206894,0.9894651105983742,False
87,z,25,0.017269792000661255,13.941838335610667,0.09865354974367235,False
87,z,26,0.09073350000016944,0.306146852387041,0.9802074610238893,False
87,z,27,0.014319042000352056,0.2284496582285546,0.9852306214180786,False
87,z,28,0.022409040999264107,66.05416914741727,-3.270433313918339,False
87,z,29,0.015538499999820488,0.3815636470145026,0.9753317295392153,False
87,z,30,0.01373945800060028,0.217833601907093,0.9859169544862673,False
87,z,31,0.015167500000643486,40.986799219701595,-1.6498159779750958,False
87,z,33,0.009167457999865292,0.09224843967127792,0.994036094692978,False
87,z,34,0.009916167000483256,7.243817632135942e-05,0.9999953168375992,False
87,z,35,0.007136999999602267,0.09704935984273808,0.9937257129305201,False
87,z,36,0.015691249999690626,15.324179849431802,0.009284516296902967,False
87,z,37,0.011248750000049768,29.10834663311867,-0.8818683934655631,False
87,z,38,0.007514582999647246,151.88305614323096,-8.819311500629839,False
87,z,39,0.14893387499978417,0.12380623656403258,0.9919958681803422,False
87,z,40,0.012329749999480555,7786.824910512984,-502.42191774891234,False
87,z,41,0.013889832999666396,67.69357417852115,-3.3764216254843635,False
87,z,42,5.185167874999934,2.001572394548208e-10,0.9999999999870597,False
87,z,47,0.7992659999999887,9.03118009832981,0.4161299301209681,False
87,z,50,12.416022750000593,2140.8992709211416,-137.4101516420724,False
87,z,51,0.6781175840005744,79.36247304935921,-4.130821463041314,False
87,z,52,0.5296633750003821,934.7075218165281,-59.42928389617671,False
87,z,53,0.452780999999959,2840.2905799175387,-182.62613095047234,False
87,z,54,0.4791277499998614,0.001704286378372495,0.9998898170786099,False
87,z,55,0.48275024999929883,0.008912890720389475,0.9994237773944182,False
87,z,56,11.959839500000271,29.071861773109262,-0.8795096299893304,False
87,z,57,1.290376333000495,13.39795987057531,0.13381555005021273,False
87,z,58,0.43074137499934295,5.851521820917781,0.6216963434147678,False
87,z,59,2.034954958000526,0.654459250090531,0.957688899576479,False
88,x,0,0.03001304200006416,7.3179920511682095,0.9800580987700025,False
88,x,1,0.008507917000315501,0.19353694415782285,0.9994726019654346,False
88,x,2,0.01692604200070491,0.11207486225652337,0.9996945902895414,False
88,x,3,0.016150915999787685,134.36690384964254,0.6338433403022913,False
88,x,4,0.020911125000566244,2.522227175107508,0.9931268024269608,False
88,x,5,0.027178749999620777,1768.0848074097503,-3.818121193503579,False
88,x,6,0.014912583000295854,2.6843302171240797,0.9926850633774547,False
88,x,7,0.011071457999605627,7.737592393293668,0.9789146664568446,False
88,x,8,0.013775458999589318,1.1388899906234982,0.9968964667430568,False
88,x,9,0.021690041000510973,281.4421653122149,0.23305575855102956,False
88,x,10,0.007287125000402739,8.129107054596078,0.977847769055044,False
88,x,11,0.04360220900070999,4.714266384299599,0.9871533838858718,False
88,x,19,0.01319950000015524,0.15854007144818927,0.999567970226845,False
88,x,20,0.023471958999834897,366.96561510205805,-3.128608483393691e-13,False
88,x,21,0.02376237500084244,366.9656151310671,-7.936384882611947e-11,False
88,x,22,0.0147222919995329,1245.7878277410457,-2.3948353101010977,False
88,x,23,0.007834542000637157,7.249108324367391,0.9802458104355265,False
88,x,24,0.018652374999874155,6.069700984119956,0.9834597555347692,False
88,x,25,0.019438500000433123,330.6823288337319,0.09887380390702771,False
88,x,26,0.03225691599982383,5.007883631055856,0.9863532619271027,False
88,x,27,0.0129027920002045,12.237864976478033,0.9666511943548761,False
88,x,28,0.0281671250004365,1856.7963179909473,-4.05986458015999,False
88,x,29,0.015889207999862265,12.813536438853108,0.9650824602863854,False
88,x,30,0.014184708999891882,10.378930711082324,0.9717168849506539,False
88,x,31,0.01768533300037234,3.6841059437195316,0.9899606235785986,False
88,x,33,0.010171917000661779,4.803975639041049,0.9869089215955383,False
88,x,34,0.010219792000498273,0.029449394432006254,0.9999197488995697,False
88,x,35,0.007369666999693436,5.522338684570931,0.9849513456920567,False
88,x,36,0.014839250000477477,364.822837306324,0.005839178678972323,False
88,x,37,0.010397500000181026,13.776739008180094,0.9624576842046825,False
88,x,38,0.0077334580000751885,175.5232233610144,0.521690272500725,False
88,x,39,0.15124424999976327,0.31283233103101943,0.9991475159574716,False
88,x,40,0.013297791999320907,1169.1513543415767,-2.1859970150521773,False
88,x,41,0.01540599999952974,1893.9138330571395,-4.161011700049903,False
88,x,42,1.9828256250002596,2.0785088925940074e-07,0.9999999994335957,False
88,x,47,2.226165832999868,112.22753339982208,0.6941742528965684,False
88,x,50,1.0595167919991582,185.18970723136877,0.49534861139531294,False
88,x,51,0.4636525829992024,76.57251800649148,0.7913359866558081,False
88,x,52,0.7947651249996852,1016.6506742902624,-1.7704248911926985,False
88,x,53,0.4390196249996734,10723.771104480116,-28.222822692804744,False
88,x,54,8.100171499999306,0.0014741208264040268,0.9999959829456337,False
88,x,55,0.6530339579994688,9.2047225679298,0.9749166619728862,False
88,x,56,3.4693923340000765,133.05685141847292,0.6374132999313582,False
88,x,57,5.778044915999999,8.635908673943064,0.9764667088180892,False
88,x,59,0.8672942080002031,0.7555146049372748,0.997941184204064,False
88,y,0,0.028221208000104525,6.113066850946677,0.9876331145515127,False
88,y,1,0.008104708000246319,3.0026496550991895,0.9939255654760587,False
88,y,2,0.015586624999741616,493.96403548296746,0.0006985378305907064,False
88,y,3,0.025475500000538887,149.6471540772765,0.6972601057226764,False
88,y,4,0.1611001250003028,1.0391735541407676,0.9978977261956221,False
88,y,5,0.03223487499963085,1775.748817366751,-2.5923837813519888,False
88,y,6,0.14481700000033015,1.024765291340459,0.9979268744676609,False
88,y,7,0.01088774999971065,2.9742727407367107,0.9939829726757278,False
88,y,8,0.012828166999497626,1.2549608903101153,0.9974611830769701,False
88,y,9,0.02172774999962712,390.115848051008,0.21078598972966667,False
88,y,10,0.00816225000016857,3.042834024844934,0.9938442715020874,False
88,y,11,0.042996083000616636,4.975331413439409,0.9899347814839066,False
88,y,19,0.014966208999794617,0.006721217912203135,0.9999864028099117,False
88,y,20,0.018122209000466682,13.87925075660256,0.9719219324108728,False
88,y,21,0.01919999999972788,2.7157173573966524,0.9945060366116899,False
88,y,22,0.015110749999621476,1142.9166654825526,-1.3121486847474793,False
88,y,23,0.007029291999970155,26.98577429389111,0.945407111100118,False
88,y,24,0.02108870800020668,3.4926642902654863,0.9929342537484198,False
88,y,25,0.01724983300027816,446.4169928960766,0.09688738107796446,False
88,y,26,0.08440404100019805,15.747036048642913,0.9681433565646991,False
88,y,27,0.01310545800060936,4.345085082369173,0.9912097854010431,False
88,y,28,0.019213167000089015,1866.1569744244778,-2.775281719359751,False
88,y,29,0.01583691700034251,9.24242043574079,0.981302354843729,False
88,y,30,0.012900292000267655,4.53647688177095,0.9908225950567048,False
88,y,31,0.019660874999317457,13.329951484672977,0.9730331784251117,False
88,y,33,0.008988375000626547,1.0401798041583017,0.9978956905269466,False
88,y,34,0.00952916699952766,0.03527208156260096,0.9999286437065306,False
88,y,35,0.007960500000081083,1.0247286148037533,0.9979269486652019,False
88,y,36,0.014383957999598351,488.98207041454737,0.010777176394795807,False
88,y,37,0.009444208000786602,33.87083452547509,0.9314784639470529,False
88,y,38,0.007670582999708131,129.65752075282074,0.7376996283891974,False
88,y,39,0.15558116600004723,6.596955664635592,0.9866541955122471,False
88,y,40,0.013272958000015933,1219.7366464524266,-1.4675574064208474,False
88,y,41,0.01491645799978869,1816.4020380259274,-2.674626252318304,False
88,y,42,0.807458709000457,1.1330672845358278e-05,0.9999999770777686,False
88,y,47,0.8556729160000032,8.678760188621908,0.982442653466,False
88,y,51,8.565513458000169,3051.1854302949864,-5.1726235977131525,False
88,y,52,0.43948154100053216,15.750539579397495,0.9681362688353213,False
88,y,53,0.5700594159998218,2183.1874113849303,-3.41664213519861,False
88,y,54,0.5962763750003433,0.0007982992848896303,0.9999983850208004,False
88,y,55,3.299167916999977,0.05038068733971704,0.9998980786233264,False
88,y,56,11.072059000000081,560.5935287536391,-0.13409457516171597,False
88,y,57,1.29241304199968,13.015451661400027,0.9736694193468649,False
88,y,58,0.5661018330001752,10905.535023554154,-21.06216710518627,False
88,y,59,0.9071394579996195,0.6161032215044051,0.9987536079433502,False
88,z,0,0.028217542000675166,0.8409515276867449,0.9848631413388663,False
88,z,1,0.008177083000191487,0.04493078374836366,0.9991912602561009,False
88,z,2,0.015528749999248248,55.54732821535108,0.00016584961532406517,False
88,z,3,0.015381416999844078,18.190950827452564,0.6725687004288889,False
88,z,4,0.01630745799957367,0.17907061512523753,0.9967767861734325,False
88,z,5,0.026193167000201356,226.30280089476815,-3.0733780711303815,False
88,z,6,0.018394540999906894,0.18587822523617079,0.9966542513677075,False
88,z,7,0.01042895899990981,0.4963896235277878,0.9910651454634227,False
88,z,8,0.012218541999573063,0.1010818733341868,0.9981805585940595,False
88,z,9,0.02236912499938626,42.827434337012875,0.22911987310185478,False
88,z,10,0.007277624999915133,0.5883757419377641,0.9894094247383671,False
88,z,11,0.042920208999930765,0.41061692072014266,0.9926090266939547,False
88,z,19,0.012811374999728287,0.00022651162223596025,0.9999959228632115,False
88,z,20,0.020576999999320833,0.8808346442968076,0.9841452579898073,False
88,z,21,0.025668792000033136,0.3695304835951154,0.993348569427603,False
88,z,22,0.012307166999562469,330.4207307233932,-4.947467523397597,False
88,z,23,0.007121667000319576,1.9041926934400346,0.9657251402545736,False
88,z,24,0.025229459000001953,0.5334554277407861,0.9903979728368664,False
88,z,25,0.0180796670001655,50.31071322344521,0.09442324541707059,False
88,z,26,0.0886604580000494,0.7681247349815404,0.9861740003261312,False
88,z,27,0.013465791999806243,0.9999285704499615,0.9820016053912579,False
88,z,28,0.022477583999716444,238.38924836083683,-3.2909302616975973,False
88,z,29,0.015042708000692073,1.325811117086329,0.9761358237306501,False
88,z,30,0.013392959000157134,0.8698404465118643,0.984343150035287,False
88,z,31,0.020419459000549978,86.33032973007148,-0.5539183368722427,False
88,z,33,0.00896879199990508,0.23470896166978739,0.9957753137222192,False
88,z,34,0.009515458000350918,0.005464245294296563,0.9999016453315246,False
88,z,35,0.007142542000110552,0.2505860189485381,0.9954895317668141,False
88,z,36,0.015496540999265562,55.12282410869466,0.007806787828736783,False
88,z,37,0.009906250000312866,24.177936797809902,0.5648048668952554,False
88,z,38,0.007405708999613125,152.29647127464543,-1.7412877964738462,False
88,z,39,0.14865800000006857,0.24152947788235216,0.9956525466107906,False
88,z,40,0.012414832999638747,5036.933294501229,-89.6631890831456,False
88,z,41,0.014924541999789653,243.57926873399106,-3.3843489692572852,False
88,z,42,7.194328916999439,2.9574364906528055e-09,0.9999999999467671,False
88,z,47,1.7475987500001793,7.371809476808319,0.8673097860536628,False
88,z,50,12.358329959000002,11454.655840873726,-205.18014328623923,False
88,z,51,0.7198874169998817,80.44643182986928,-0.4480100556459812,False
88,z,52,0.5621053749991916,938.9806431601759,-15.901351401492914,False
88,z,53,0.444601541999873,2857.9257095657836,-50.44174914422869,False
88,z,54,0.4707984579999902,0.0014024797810207048,0.9999747558122895,False
88,z,55,0.7720367909996639,0.04413682377436781,0.999205551281818,False
88,z,56,0.8379827910002859,18.26787871488391,0.6711840230476003,False
88,z,57,1.334603541999968,13.884784273429483,0.7500783217965413,False
88,z,58,1.1035390000006373,3.9162552947988996,0.9295086566506969,False
88,z,59,2.0660905419999835,0.6798907712350502,0.9877621834667412,False
89,x,0,0.029302875000212225,7.172543010210891,0.9891028347387492,False
89,x,1,0.008462708000479324,7.399966476043349,0.9887573127825985,False
89,x,2,0.017512583999632625,657.2146123592433,0.0015011087710447013,False
89,x,3,0.015465292000044428,186.44145289604273,0.7167415628092337,False
89,x,4,0.17222954200042295,0.6949251762836107,0.9989442078661103,False
89,x,5,0.037448709000273084,2199.1547034654564,-2.3411514165344065,False
89,x,6,0.04250637499990262,0.6902541064805584,0.9989513045707962,False
89,x,7,0.011011499999767693,2.6161922335366996,0.9960252480768028,False
89,x,8,0.020320166000601603,121.93343186970668,0.8147478856433386,False
89,x,9,0.020676375000221014,528.4524741961006,0.19712800106827533,False
89,x,10,0.008575957999710226,3.6003241818075487,0.9945300672930951,False
89,x,11,0.04449300000032963,8.86208529179656,0.9865359318380487,False
89,x,19,0.017237000000022817,0.006701135464478374,0.9999898190390089,False
89,x,20,0.01608566699997027,23.773180578401803,0.9638816696979575,False
89,x,21,0.020815791000131867,2.844557938053182,0.9956782945878414,False
89,x,22,0.01485262500045792,1919.0100340693116,-1.915530718948868,False
89,x,23,0.007903583999905095,44.95673763333443,0.9316977257717782,False
89,x,24,0.01631050000014511,558.9362705136057,0.15081430649868266,False
89,x,25,0.016874667000593035,592.594989344915,0.09967698727109653,False
89,x,26,0.08614000000034139,31.99789698344442,0.951385949035833,False
89,x,27,0.013443083000311162,3.5367051545748103,0.9946267229774916,False
89,x,28,0.019783792000453104,2300.684147278678,-2.4954039775215633,False
89,x,29,0.01687370799936616,9.936235365342503,0.9849039875122843,False
89,x,30,0.01409333300034632,4.518281952803429,0.993135424204981,False
89,x,31,0.014738959000169416,40.94914757444107,0.9377864130210477,False
89,x,33,0.00959637500000099,0.6960317591715675,0.9989425266469683,False
89,x,34,0.010130207999281993,0.0665295242679431,0.9998989224296504,False
89,x,35,0.007264249999934691,0.6952282906729143,0.9989437473477712,False
89,x,36,0.014845417000287853,649.0448972467367,0.013913266577778582,False
89,x,37,0.016898749999199936,21.768375526104215,0.9669275478391379,False
89,x,38,0.007884292000198911,196.94928008903807,0.7007771371800364,False
89,x,39,0.14752395899995463,13.56200421953824,0.9793953969960587,False
89,x,40,0.0170049160005874,14490.485507785295,-21.015234355416368,False
89,x,41,0.015470958000150858,1551.9364502349747,-1.3578398831619118,False
89,x,42,6.976658290999694,1.0005548905867391e-08,0.9999999999847987,False
89,x,47,0.7792374159998872,25.246821482439337,0.9616427833721211,False
89,x,50,0.8544295829997282,77.1360391869524,0.8828080688506283,False
89,x,51,0.48578395799995633,55.8706649532669,0.9151163167115225,False
89,x,52,0.43903058399973816,886.8767312533558,-0.34742200821485225,False
89,x,53,0.46900041600019904,10010.471538579846,-14.208798684602792,False
89,x,54,8.25916666699959,7.956684909248167e-05,0.9999998791149662,False
89,x,55,0.7922507919993222,35.252649035975,0.9464410402426295,False
89,x,56,1.1094945830000142,67.66122978197899,0.8972030419805023,False
89,x,57,5.919901416999892,7.673523260167176,0.9883417009862399,False
89,x,59,0.5134610830000383,0.8568254397478513,0.9986982345865777,False
89,y,0,0.034070792000420624,5.919016519423182,0.9738982039492033,False
89,y,1,0.00854612500006624,2.288437192253674,0.9899084044331938,False
89,y,2,0.017027541999595996,212.97581884122644,0.06081502410017803,False
89,y,3,0.017502499999864085,92.02223505391287,0.5941985288208353,False
89,y,4,0.015259458000400627,2.832168881121399,0.9875106456834745,False
89,y,5,0.02299633399979939,1331.5244787390745,-4.871782967092918,False
89,y,6,0.015235333000418905,3.0133584165759317,0.9867116324883848,False
89,y,7,0.011807374999989406,7.2111405697468935,0.9682001697701796,False
89,y,8,0.01963766599965311,6.8523111944921755,0.9697825426422942,False
89,y,9,0.02322333400024945,167.99432354795096,0.2591753112107409,False
89,y,10,0.007731583000349929,10.700839870840385,0.952811224810008,False
89,y,11,0.04575533300067036,6.031408830301537,0.9734025741149905,False
89,y,19,0.01181466699927114,0.09814378493143026,0.999567203597164,False
89,y,20,0.015576290999888442,0.39934521525930583,0.9982389595757412,False
89,y,21,0.018553333000454586,2.4424842655698606,0.9892290846041772,False
89,y,22,0.01165108299937856,1333.3257751053802,-4.879726359415963,False
89,y,23,0.007754833000035433,0.8221408946025929,0.9963745068314106,False
89,y,24,0.01740574999985256,213.88505503688012,0.05680545635136769,False
89,y,25,0.02026220799962175,205.24534928973807,0.09490500153945458,False
89,y,26,0.011153667000144196,4.573770014811641,0.9798304985772371,False
89,y,27,0.013491749999957392,14.908970904290314,0.9342541253949785,False
89,y,28,0.019563832999665465,1391.2493584359631,-5.135158922184603,False
89,y,29,0.015224791999571607,9.881159701812361,0.9564258666223167,False
89,y,30,0.015540166000391764,12.041765663868942,0.9468979837413221,False
89,y,31,0.02267379200020514,16.45005004554107,0.9274582441347952,False
89,y,33,0.008817416999590932,5.292704090470356,0.9766601288789548,False
89,y,34,0.009669375000157743,0.01852387289864615,0.9999183130591232,False
89,y,35,0.00979054100025678,6.428343763432479,0.9716521626005064,False
89,y,36,0.017670790999545716,226.04700599119272,0.0031734446231428404,False
89,y,37,0.014575582999896142,151.04299146772004,0.3339276305015533,False
89,y,38,0.007921792000161076,106.60406241652716,0.5298952982726677,False
89,y,39,0.02193950000037148,0.08958391471319858,0.9996049510820585,False
89,y,40,0.015707750000728993,12963.254976036404,-56.16561804290273,False
89,y,41,0.015627875000063796,1413.1587102140547,-5.231775214746095,False
89,y,42,6.757396791000247,6.103589363469527e-07,0.9999999973084271,False
89,y,47,0.9691252920001716,448.74885925327186,-0.9789015901239639,False
89,y,51,5.632416915999784,6518.768238674582,-27.746593037871172,False
89,y,52,0.4371435000002748,5.013158851227984,0.9778928730008426,False
89,y,53,1.5917132080003284,1999.320475025422,-7.816642952093176,False
89,y,54,0.4964637909997691,8.539852095426436e-05,0.9999996234079142,False
89,y,55,8.49936979099948,2.3168030879698525,0.9897833159455453,False
89,y,56,11.868758832999447,515.4972538794559,-1.273249980187345,False
89,y,57,1.0220715420000488,11.242005588243119,0.9504247815319775,False
89,y,58,0.5756664170003205,10794.071409501641,-46.59990947212351,False
89,y,59,1.6623666249997768,0.6462754130675424,0.9971500419082836,False
89,z,0,0.02804245799961791,3.6005999363588588,0.9805184593825548,False
89,z,1,0.008745832999920822,0.2995427472583939,0.998379282813831,False
89,z,2,0.017555082999933802,0.002605538247141815,0.9999859023773567,False
89,z,3,0.017364583000016864,66.57376764772376,0.6397934840278154,False
89,z,4,0.015635875000043598,1.222005839850409,0.9933881695204728,False
89,z,5,0.024011333999624185,906.6794067452072,-3.905713492671538,False
89,z,6,0.021227416999863635,1.275865103057042,0.9930967565775379,False
89,z,7,0.011165916999743786,2.870345325041991,0.9844696022817664,False
89,z,8,0.019205874999897787,12.146194309014376,0.934281347008594,False
89,z,9,0.022367499999745633,139.03351826234655,0.24774004857831877,False
89,z,10,0.007910333999461727,4.58703953623528,0.9751811924072399,False
89,z,11,0.044390291000127036,2.2308573739494726,0.9879296396960241,False
89,z,19,0.012789458000042941,0.0022170904978019838,0.9999880041272707,False
89,z,20,0.016690624999682768,0.9080565061490347,0.9950868355218138,False
89,z,21,0.022062333000576473,1.4503462508187497,0.9921527023568028,False
89,z,22,0.011787207999987004,960.2644419281002,-4.195642687209724,False
89,z,23,0.007484959000066738,2.578950167023467,0.9860462358170115,False
89,z,24,0.025863542000479356,2.5733722085678217,0.9860764161275533,False
89,z,25,0.01949400000012247,167.6827952131311,0.09272919970807059,False
89,z,26,0.017315041000074416,1.7934368219256558,0.990296363686964,False
89,z,27,0.01450491699961276,7.11773330328568,0.9614885261059221,False
89,z,28,0.02594404199953715,954.2491950965352,-4.16309636783396,False
89,z,29,0.01589708299979975,5.78452847970141,0.9687020139638084,False
89,z,30,0.015389457999845035,5.7556108526109195,0.9688584767579763,False
89,z,31,0.014879249999466992,20.96809242280302,0.8865492552837532,False
89,z,33,0.009092749999581429,1.770733981778821,0.9904192005225663,False
89,z,34,0.009515000000646978,0.013626546132470418,0.9999262717000924,False
89,z,35,0.007915541999864217,2.0602681297152508,0.9888526362380419,False
89,z,36,0.015501249999942956,183.83532205562756,0.0053337341416603845,False
89,z,37,0.018270832999405684,101.13161958645703,0.452813478446603,False
89,z,38,0.007768624999698659,126.66618369819786,0.31465521130107454,False
89,z,39,0.061672583000472514,0.0022460690245263825,0.9999878473349707,False
89,z,40,0.015194583000265993,11543.169136654766,-61.45590245085413,False
89,z,41,0.015402541999719688,969.9843377166941,-4.248233518723853,False
89,z,42,6.895163958000012,3.6476325818547553e-09,0.999999999980264,False
89,z,47,0.87195950000023,317.3308355304261,-0.716962081548427,False
89,z,50,12.646325124999748,33969.5442684914,-182.7968861078054,False
89,z,51,0.8236184170000342,62.52672028196922,0.6616905897963619,False
89,z,52,0.6170104999991963,872.6567123328955,-3.7216290304086597,False
89,z,53,0.5408417910002754,2698.738868480018,-13.601897409168803,False
89,z,54,0.46954762499990466,0.0007177473925227895,0.9999961165291263,False
89,z,55,0.7354154160002508,3.6757386881176988,0.9801119108433648,False
89,z,56,1.355391832999885,20.07077925883268,0.8914042914331273,False
89,z,57,1.5301314170001206,12.988780467893605,0.9297224188388339,False
89,z,58,0.4756194580004376,8.768227199692861,0.9525583021293538,False
89,z,59,3.6052021660007085,0.5619488376182269,0.9969594986117629,False
90,x,0,0.0374974159994963,22.781356424659833,0.922583190606979,False
90,x,1,0.008541458000763669,44.24068860890286,0.8496589538564949,False
90,x,2,0.01446304199998849,291.08309229318724,0.010826052078274029,False
90,x,3,0.015172166999946057,33.69372042059708,0.8855002185594378,False
90,x,4,0.016150791000654863,1.1391783346436355,0.9961287839778363,False
90,x,5,0.15837787500004197,37.421602080530995,0.8728319340847502,False
90,x,6,0.01508883299993613,1.4053612703771257,0.9952242270579047,False
90,x,7,0.013879291999728594,4.610281025283889,0.9843330993673265,False
90,x,8,0.014345124999636027,1.609990500073185,0.9945288451949322,False
90,x,9,0.018609708999974828,241.1551945779402,0.18049367277497552,False
90,x,10,0.008667291999699955,24.364406517546175,0.9172035861174096,False
90,x,11,0.044590292000066256,37.28235580917965,0.8733051281231979,False
90,x,19,0.015578416000607831,1.438282158816871,0.9951123535549455,False
90,x,20,0.015689500000007683,41.73448711033257,0.8581756602412517,False
90,x,21,0.1584902080003303,4.619919949068072,0.9843003438671076,False
90,x,22,0.013006750000386091,382.03762974184355,-0.29826046401130424,False
90,x,23,0.007653874999959953,81.28158950286522,0.7237846068334348,False
90,x,24,0.0181324589993892,188.80973913416545,0.35837676591226386,False
90,x,25,0.01525283400042099,270.8662396587004,0.0795280291579471,False
90,x,26,0.02032024999971327,108.0117789919986,0.6329486642255766,False
90,x,27,0.012938875000145345,17.187234601190543,0.9415934310358621,False
90,x,28,0.016739707999477105,247.37185510155876,0.15936788843418348,False
90,x,29,0.01872620900030597,3.3713954454403803,0.9885431458196391,False
90,x,30,0.01370462500017311,14.155937129545169,0.9518945463075539,False
90,x,31,0.01564066599985381,124.19354313115457,0.5779589381244643,False
90,x,33,0.009280750000471016,10.012112423421792,0.9659763104243204,False
90,x,34,0.00987433400041482,1.927875172955997,0.9934485926993919,False
90,x,35,0.007239250000566244,15.018797474532862,0.9489623286811968,False
90,x,36,0.015096541999810142,283.9900116803036,0.034930133485057024,False
90,x,37,0.011425083000176528,3.6724806652015594,0.9875199821135449,False
90,x,38,0.0072604169999976875,327.32453558533757,-0.11233153587111233,False
90,x,39,0.1350089580000713,52.05050352567359,0.8231192280589589,False
90,x,40,0.01550275000045076,7763.140672138605,-25.38111491270149,False
90,x,41,0.01773058399976435,219.08639268332,0.25548904170563214,False
90,x,42,7.263683375000255,9.576386580600904e-06,0.999999967457017,False
90,x,47,2.0022344999997586,14.316419225661827,0.9513491875670792,False
90,x,50,0.9060355000001437,125.5125297481885,0.5734766880942443,False
90,x,51,0.4816078750000088,76.3289227396393,0.7406150207758095,False
90,x,52,0.4376308749997406,912.4322154042112,-2.100675376271165,False
90,x,53,0.4640952079998897,10579.555069362212,-34.95200316435993,False
90,x,54,6.363126500000362,3.3189459554345604e-05,0.9999998872138245,False
90,x,55,0.6431675829999222,15.939981411131969,0.9458319127434341,False
90,x,56,0.7876909160004288,155.44579905907784,0.4717558703538809,False
90,x,57,5.457550083000569,8.524825723824204,0.9710304866897373,False
90,x,59,0.4993423750001966,0.11905629390739912,0.9995954166099393,False
90,y,0,0.02812833300049533,15.649336969563615,0.9785384090429058,False
90,y,1,0.007985250000274391,0.7032708925117767,0.9990355302428164,False
90,y,2,0.015392791000522266,0.0726417974787231,0.9999003786200713,False
90,y,3,0.015820540999811783,260.01487514006584,0.6434141009380009,False
90,y,4,0.015196708000075887,2.3546944843652726,0.9967707584065281,False
90,y,5,0.029037875000540225,3184.0293993582018,-3.366596277995135,False
90,y,6,0.01590608400056226,2.4133794498159373,0.9966902775065204,False
90,y,7,0.011356791000252997,6.476502322363019,0.9911180873703749,False
90,y,8,0.01254045799942105,1.3960320734066647,0.9980854735647453,False
90,y,9,0.022871458999361494,551.036078339892,0.24430594478649892,False
90,y,10,0.007363042000179121,15.730760705476705,0.9784267440619699,False
90,y,11,0.04480233300000691,7.367221488853894,0.9898965499693942,False
90,y,19,0.01284170799954154,0.07434213393015414,0.9998980467688574,False
90,y,20,0.024468624999826716,729.1787920688383,-2.5934809855243657e-11,False
90,y,21,0.022636167000200658,729.1787927380122,-9.436436076981636e-10,False
90,y,22,0.017805542000132846,2256.9876379226894,-2.0952458608644675,False
90,y,23,0.007300665999537159,11.840644158109981,0.9837616723261758,False
90,y,24,0.01634408399968379,671.2438011435304,0.07945238059313975,False
90,y,25,0.020256499999959487,658.0194664922304,0.09758830938794572,False
90,y,26,0.0915709170003538,3.823364763268562,0.9947566155174097,False
90,y,27,0.013182083000174316,25.023863819083296,0.9656821288661809,False
90,y,28,0.023258666000401718,3360.641336548331,-3.6088029070354883,False
90,y,29,0.015245166999193316,21.560190798637535,0.9704322300186135,False
90,y,30,0.013022959000409173,20.78426355186556,0.9714963411189798,False
90,y,31,0.016345584000191593,0.36534480709417516,0.9994989640249038,False
90,y,33,0.009889791999739828,3.1999575983683446,0.9956115596980374,False
90,y,34,0.011238375000175438,0.1483042119368667,0.9997966147485997,False
90,y,35,0.007443542000146408,3.8009890002602216,0.9947873017678222,False
90,y,36,0.01420116700046492,725.0575536417015,0.005651890116880387,False
90,y,37,0.009628499999962514,9.809849582738584,0.9865467157167855,False
90,y,38,0.007674708000195096,197.96192370499682,0.7285138763451005,False
90,y,39,0.15760062499975902,0.12611806938640377,0.9998270409524228,False
90,y,40,0.013382082999669365,1114.317243760148,-0.5281810934565008,False
90,y,41,0.015077083000505809,3433.355944075241,-3.708524139084063,False
90,y,42,6.725216082999395,9.695730895273368e-07,0.9999999986703219,False
90,y,47,1.9688437919994612,7.791073587546733,0.9893152767572356,False
90,y,51,4.284105791000002,1686.102207347655,-1.312330289540574,False
90,y,52,0.44577312500041444,2.360852548802437,0.9967623132014504,False
90,y,53,1.056313666999813,2083.1558543796295,-1.8568519505665972,False
90,y,54,0.46377016699989326,5.7379603606850836e-05,0.9999999213092807,False
90,y,55,8.522367542000211,0.2139281418845706,0.9997066177126694,False
90,y,56,11.861816499999804,639.9574019001436,0.1223587289188115,False
90,y,57,1.0457720410004185,14.386026727165044,0.9802709199938168,False
90,y,58,0.5334349159993508,10803.427912398956,-13.815883333671122,False
90,y,59,0.6248408749997907,0.08551212515421777,0.9998827281784844,False
90,z,0,0.030066583000007086,4.07957641131654,0.9513580302688409,False
90,z,1,0.00853320900023391,9.905335972537209,0.8818958136887483,False
90,z,2,0.014487708000160637,79.60787262861736,0.05081230491929145,False
90,z,3,0.01505562500005908,43.47690422873093,0.481612293464567,False
90,z,4,0.016719416999876557,0.8326218159487923,0.9900724092196097,False
90,z,5,0.022806833999311493,583.6739913682948,-5.959313849900215,False
90,z,6,0.01740529200014862,0.8635605825941995,0.989703517354633,False
90,z,7,0.01242370900035894,1.7562747445895213,0.9790594281482392,False
90,z,8,0.028855958999884024,4.57659012497491,0.9454319919799933,False
90,z,9,0.02277783299996372,50.93821111463064,0.3926489729854935,False
90,z,10,0.0073810419999063015,16.122124796700888,0.8077712420858867,False
90,z,11,0.04404245899968373,11.81190294347143,0.8591632641443014,False
90,z,19,0.01274495800043951,0.0741001452045673,0.9991164825323245,False
90,z,20,0.025514458000543527,83.86947391443275,-4.84206008621868e-11,False
90,z,21,0.023972999999386957,83.86947392601962,-1.865743115558871e-10,False
90,z,22,0.011674833000142826,554.446644581651,-5.610827738995573,False
90,z,23,0.0074494589998721494,3.135331949062644,0.9626165301523978,False
90,z,24,0.018795625000166183,83.45331164723369,0.004962023054809861,False
90,z,25,0.014867791999677138,78.29422469159938,0.06647530929704415,False
90,z,26,0.011086667000199668,0.8472788029300018,0.9898976497237189,False
90,z,27,0.022168290999616147,19.289640282196782,0.7700040386230285,False
90,z,28,0.021533457999794337,597.7501113359896,-6.127147500350169,False
90,z,29,0.014812000000347325,4.56462764362826,0.9455746241057108,False
90,z,30,0.013070957999843813,16.068484260463723,0.8084108137170918,False
90,z,31,0.022663791999548266,262.9596533948763,-2.1353440189203012,False
90,z,33,0.009587999999894237,1.462570774339977,0.9825613455510288,False
90,z,34,0.01110079099998984,0.09879340308848952,0.9988220576750718,False
90,z,35,0.00815995799985103,2.325301025272776,0.9722747631902671,False
90,z,36,0.016830833999847528,82.44547003665474,0.01697881013584024,False
90,z,37,0.009881040999971447,2.507212261809183,0.9701057828920144,False
90,z,38,0.007961416000398458,247.05661959602583,-1.9457275463543064,False
90,z,39,0.020431916999768873,0.03812464702594358,0.9995454288044457,False
90,z,40,0.013849333000507613,3835.1282096063055,-44.72734310584526,False
90,z,41,0.017809416999625682,594.1225183426312,-6.083894659665427,False
90,z,42,7.277618041999631,1.9128123713689623e-06,0.9999999771929847,False
90,z,47,1.1063440420002735,146.62693970205345,-0.748275419716455,False
90,z,50,11.56548708399987,22114.429385408665,-262.6767390366792,False
90,z,51,0.7699367499999425,67.94575132101026,0.18986315100031015,False
90,z,52,0.5496602909997819,975.6665556300726,-10.633154592965873,False
90,z,53,0.4912592910004605,3136.586551386019,-36.39842883404723,False
90,z,54,0.44250162499974977,6.041686252068221e-05,0.9999992796322702,False
90,z,55,0.6366179160004322,0.23553629118821623,0.9971916326619632,False
90,z,56,11.589215291999608,53.523592535828364,0.3618227223765932,False
90,z,57,1.6037079580000864,16.30631721035851,0.805575062652897,False
90,z,58,0.566104790999816,2.660591309545674,0.9682770001348887,False
90,z,59,0.9488476249998712,0.1161072943611426,0.9986156191406993,False
91,x,0,0.030352333999871917,2.007492413305122,0.9948491158942252,False
91,x,1,0.008442958000159706,2.421448039514525,0.9937869761613893,False
91,x,2,0.014551666999977897,389.5161997315849,0.0005676789403337157,False
91,x,3,0.017691208000542247,124.72454316238462,0.6799780349269494,False
91,x,4,0.014976542000113113,13.2815591985477,0.9659217779742074,False
91,x,5,0.024422958999821276,2054.4634321477033,-4.271403751470439,False
91,x,6,0.016115542000079586,14.006249973032952,0.9640623446995621,False
91,x,7,0.010652625000147964,27.309214580650302,0.9299292000346484,False
91,x,8,0.020817832999455277,35.901912374018345,0.9078817989106183,False
91,x,9,0.021914332999585895,308.8958418223155,0.20742580572798996,False
91,x,10,0.007653458000277169,3.0458433606854993,0.9921848839620745,False
91,x,11,0.04439804199955688,4.613012049901759,0.9881637956437074,False
91,x,19,0.0157322920003935,0.058538856921888156,0.9998497992492072,False
91,x,20,0.01588679199994658,14.500699481532148,0.9627936713548676,False
91,x,21,0.021805166999911307,2.7595192512421014,0.9929195429299776,False
91,x,22,0.012891500000478118,1893.288627614328,-3.8578566150429143,False
91,x,23,0.007761042000311136,21.466783668784952,0.9449198840957993,False
91,x,24,0.017227042000740767,345.15705581831975,0.11438569778526142,False
91,x,25,0.018101416000718018,351.87327365605785,0.09715302508271839,False
91,x,26,0.09676812500038068,22.57542307194377,0.9420753039405175,False
91,x,27,0.012987584000256902,4.015365778114097,0.9896972543316824,False
91,x,28,0.020823040999857767,2146.3849494851593,-4.50725873129209,False
91,x,29,0.01602954200006934,8.31626725224332,0.9786618726302282,False
91,x,30,0.01793258300040179,4.181691828878983,0.9892704899735294,False
91,x,31,0.015154624999922817,34.26967514397945,0.9120698420381235,False
91,x,33,0.009138915999756136,21.678088451202647,0.9443777119620388,False
91,x,34,0.009926040999744146,0.00020293184797134502,0.999999479311392,False
91,x,35,0.007691499999964435,22.76848235389714,0.9415799466578224,False
91,x,36,0.014654667000286281,385.8315223266945,0.010021934485195616,False
91,x,37,0.014572875000339991,115.58370380497931,0.7034318740784418,False
91,x,38,0.007786957999996957,173.74063999684782,0.5542110669232809,False
91,x,39,0.1560921669997697,5.327135333018708,0.9863314767546338,False
91,x,40,0.0160505000003468,14901.528464540768,-37.23478764404523,False
91,x,41,0.013928166999903624,2220.5931802927666,-4.697664430487365,False
91,x,42,6.545730458999969,5.1215969290113536e-08,0.9999999998685886,False
91,x,51,0.5041079160000663,7.309080411576511,0.981246142764826,False
91,x,52,0.43351854200045636,1.3069833264278468,0.9966465030711991,False
91,x,53,0.5795583330000227,2496.109842266965,-5.4045933262746,False
91,x,57,1.0907016659994042,7.432341027482423,0.9809298769881138,False
91,y,0,0.03151616600007401,2.736632252085469,0.9900555269274294,False
91,y,1,0.008764707999944221,0.4725899702456246,0.9982826855051886,False
91,y,2,0.015521999999691616,107.04098936597667,0.6110305885637018,False
91,y,3,0.015357207999841194,103.91921781471795,0.6223745947254914,False
91,y,4,0.014048041999558336,17.809592630586227,0.935282859356294,False
91,y,5,0.022980458000347426,1967.6466839751251,-6.150105554084658,False
91,y,6,0.015484874999856402,18.684939718533755,0.9321019915072748,False
91,y,7,0.012887834000139264,31.445394296236223,0.8857325909986676,False
91,y,8,0.018355541999881098,12.000370952254839,0.9563926188092626,False
91,y,9,0.022791833000155748,204.14615804829654,0.2581663210199461,False
91,y,10,0.0076276660001894925,7.191687657136696,0.9738665857649547,False
91,y,11,0.044398666999768466,3.5376098611436806,0.9871449055756049,False
91,y,19,0.012393209000038041,0.003160858966146186,0.999988513956579,False
91,y,20,0.015989499999705004,2.152820154710138,0.9921770044030258,False
91,y,21,0.01976708299935126,2.2455134077325423,0.9918401723138812,False
91,y,22,0.012346249999609427,1885.649617562686,-5.852141653985588,False
91,y,23,0.007860458000322978,3.7626290146680703,0.9863272228521295,False
91,y,24,0.020626999999876716,256.55895194929593,0.06770681839240567,False
91,y,25,0.019950667000557587,250.80052191805956,0.08863200932453541,False
91,y,26,0.011796167000284186,25.216115016570164,0.9083687709278321,False
91,y,27,0.013683250000212865,11.063806196554706,0.9597959416293752,False
91,y,28,0.01963333399999101,2024.7114324812158,-6.357469497296019,False
91,y,29,0.015495917000407644,8.930664495065622,0.9675474289526246,False
91,y,30,0.018360541999754787,8.019325308423264,0.9708590861892288,False
91,y,31,0.016256042000350135,18.076551750423906,0.934312773669158,False
91,y,33,0.009254166000573605,27.536713408876924,0.8999360967141304,False
91,y,34,0.009441958000024897,0.02047257562322008,0.9999256060156215,False
91,y,35,0.008072375000665488,30.289694754559232,0.8899322137150303,False
91,y,36,0.01669270799993683,274.07874177442903,0.004042773645303477,False
91,y,37,0.015049540999825695,200.79967947185577,0.2703268756819722,False
91,y,38,0.007683750000069267,122.39874806964917,0.5552230105570763,False
91,y,39,0.05050641699926928,0.0029776374777930725,0.9999891797534377,False
91,y,40,0.015635250000741507,14965.121710760837,-53.38079952722686,False
91,y,41,0.016331749999153544,2078.154394418199,-6.551672461722729,False
91,y,42,6.114189208000425,7.515858177340316e-07,0.9999999972688604,False
91,y,51,3.3917400410000482,83.18672881595032,0.6977130617111441,False
91,y,52,0.4638643329999468,7.342003959621775,0.9733203609584276,False
91,y,53,0.9315222079994783,492.06520430975394,-0.788084303427441,False
91,y,57,0.9173690420002458,7.436378739165661,0.9729774184775046,False
91,y,58,0.5653775829996448,2922.0823229871803,-9.618368235131484,False
91,z,0,0.032957792000161135,0.6640825304055422,0.9605432026035247,False
91,z,1,0.00879804200030776,1.4006951806626786,0.9167769916731942,False
91,z,2,0.013715916999899491,16.726818023303288,0.006167698117056641,False
91,z,3,0.02027291700051137,3.5834882520259215,0.7870852439884387,False
91,z,4,0.015968332999364065,0.2239580100511257,0.9866934222430024,False
91,z,5,0.1452364579999994,24.17875677620564,-0.43659298917982614,False
91,z,6,0.017708583000057843,0.23785719874215056,0.9858675949594233,False
91,z,7,0.013076125000225147,0.21765054737805267,0.9870681833086569,False
91,z,8,0.013037290999818651,0.17186392926966482,0.9897886182417505,False
91,z,9,0.02030791600009252,14.3274146687222,0.14872945467510768,False
91,z,10,0.007725292000031914,0.7175305806661334,0.9573675598274967,False
91,z,11,0.04499716700047429,1.2791607847117588,0.9239980189072792,False
91,z,19,0.021179792000111775,0.00216872529163706,0.9998711440965199,False
91,z,20,0.017101624999668275,1.5983572916181321,0.9050327979806329,False
91,z,21,0.03522254099971178,0.0003352505280915291,0.9999800809213338,False
91,z,22,0.0140084160002516,481.4603577595975,-27.606209199561285,False
91,z,23,0.007738040999356599,3.1937240269350413,0.8102432813673371,False
91,z,24,0.1459282499999972,0.14259657863908373,0.9915275525929632,False
91,z,25,0.01575566700012132,15.164540269342702,0.0989912162683314,False
91,z,26,0.01389783400009037,20.90796390615075,-0.24225718648858474,False
91,z,27,0.012950125000315893,0.41903059839611156,0.9751030863381658,False
91,z,28,0.018406291999781388,21.524869291163405,-0.2789109300743018,False
91,z,29,0.016581333000431187,0.014843090843977613,0.9991180902954778,False
91,z,30,0.013300625000738364,0.3806933051525688,0.9773809158894355,False
91,z,31,0.01572308399954636,58.4746662211843,-2.474301690343838,False
91,z,33,0.009748208000019076,0.39541462050408466,0.9765062415370178,False
91,z,34,0.010067500000332075,0.0001267775907795567,0.9999924674457092,False
91,z,35,0.007288458000402898,0.5286060329891424,0.9685926068052564,False
91,z,36,0.01420016699921689,16.396018969011916,0.025822290229500333,False
91,z,37,0.016776499999650696,16.767085345694152,0.003775194913720692,False
91,z,38,0.007524375000684813,178.95126502882852,-9.632479375377526,False
91,z,39,0.15014445799988607,1.7741740514531579,0.8945865568071465,False
91,z,40,0.012104416000511264,7144.080380398408,-423.46912732574697,False
91,z,41,0.014088959000218892,17.487854931492738,-0.039049692377064016,False
91,z,42,0.5435684160001983,3.0700982519211955e-06,0.9999998175885689,False
91,z,51,0.632723624999926,6.557080810201341,0.6104077472382319,False
91,z,52,0.36695483299990883,2.3194413756603645,0.8621892246185954,False
91,z,53,0.5482148749997577,503.1671019607431,-28.89592631884567,False
91,z,57,1.3283140419998745,7.871299626064819,0.5323227756000017,False
91,z,58,0.4726907080003002,4.26562173514774,0.7465559401616186,False
92,x,0,0.030410000000301807,3.9122948800053234,0.9934507090961158,False
92,x,1,0.008126833999995142,19.203895351281925,0.9678521427957589,False
92,x,2,0.016412292000495654,595.9120052810387,0.0024266586732378803,False
92,x,3,0.016744959000789095,145.15272214367008,0.7570102888542303,False
92,x,4,0.01643033300024399,0.3178714922050531,0.9994678742435438,False
92,x,5,0.15118233300017891,12.705874172722828,0.9787300117456388,False
92,x,6,0.01516570799958572,0.29936393605126593,0.9994988564094819,False
92,x,7,0.01202312500026892,0.6734241740495278,0.9988726691231535,False
92,x,8,0.01220416700016358,2.8235542248845555,0.9952732913625276,False
92,x,9,0.02047187500011205,482.22808965182463,0.19273670875497861,False
92,x,10,0.008356916000593628,5.276519884315541,0.991166958334576,False
92,x,11,0.04450316699967516,15.755454153678748,0.9736249296793518,False
92,x,19,0.01757470899974578,0.28001065400087555,0.999531254344193,False
92,x,20,0.018487667000044894,35.94588742258112,0.9398255804459108,False
92,x,21,0.01843800000006013,0.39973929610480313,0.9993308252531566,False
92,x,22,0.015374292000160494,878.7235031259094,-0.47100768795933323,False
92,x,23,0.007098625000253378,65.12717789699116,0.89097528512579,False
92,x,24,0.016252084000370814,491.64463793520554,0.1769731439139126,False
92,x,25,0.015891582999756793,539.2585625162969,0.09726610425519866,False
92,x,26,0.08772433400008595,62.601905807354,0.8952026611375059,False
92,x,27,0.01308333299948572,1.470368994547151,0.9975385612340837,False
92,x,28,0.019025792000320507,1578.7722067180175,-1.642908770912844,False
92,x,29,0.01789424999969924,2.7763292437136156,0.9953523473000541,False
92,x,30,0.0131184169995322,2.717077740685161,0.9954515359710843,False
92,x,31,0.02103795800030639,24.732540272253058,0.9585970367768403,False
92,x,33,0.009040625000125146,1.0903553144062237,0.9981747147488451,False
92,x,34,0.009255500000108441,0.6498931282763173,0.9989120607510262,False
92,x,35,0.007771333999698982,1.8606559557008062,0.9968852099599628,False
92,x,36,0.014051666000341356,587.2593051265125,0.016911520411471703,False
92,x,37,0.010529791999942972,74.22042350689344,0.8757529379903317,False
92,x,38,0.007377458000519255,84.61294397644619,0.8583555684496238,False
92,x,39,0.15042874999926426,27.649964525861378,0.9537131870893898,False
92,x,40,0.01346183299938275,1352.6345557014522,-1.2643480268345466,False
92,x,41,0.014500082999802544,1170.8328563211862,-0.9600069041479444,False
92,x,42,6.312648541999806,2.9294365753042535e-06,0.9999999950960413,False
92,x,51,0.5186311249999562,7.557905006214463,0.9873478559188887,False
92,x,52,0.8437089579992971,6.4701975193973995,0.9891687086327026,False
92,x,53,0.4800083749996702,3901.687553931796,-5.5315339437626685,False
92,x,57,6.020417499999894,7.386904170066108,0.987634116094845,False
92,y,0,0.028999416999795358,8.912465667413777,0.9472187852638649,False
92,y,1,0.00835604100029741,18.125251035018234,0.8926590235827233,False
92,y,2,0.013820791999933135,159.4694546881107,0.05559338505816913,False
92,y,3,0.015049624999846856,93.34684046630838,0.44718332552952433,False
92,y,4,0.015192500000011933,3.2625446375425757,0.9806786274947491,False
92,y,5,0.021035249999840744,1246.4430296383077,-6.381658416282996,False
92,y,6,0.017068334000214236,3.434646255139657,0.9796594109531315,False
92,y,7,0.012814499999876716,8.012899752865927,0.9525461754022255,False
92,y,8,0.01598333299989463,4.5828565745571295,0.9728595042053273,False
92,y,9,0.022161374999996042,106.88551274488282,0.3670048883333744,False
92,y,10,0.00821300000006886,31.27141263599615,0.8148051047784001,False
92,y,11,0.04422558299938828,22.989579806284755,0.8638515991275464,False
92,y,19,0.01326966699980403,0.2468300187040791,0.9985382285097403,False
92,y,20,0.01739404199997807,6.97897527995051,0.9586692609390847,False
92,y,21,0.023017624999738473,0.722413208501108,0.9957217398519099,False
92,y,22,0.012588333999701717,1355.4050316042146,-7.026950868277449,False
92,y,23,0.00806854199981899,5.259876185256173,0.9688500730572744,False
92,y,24,0.01594924999972136,6.477700500551793,0.9616378997827649,False
92,y,25,0.01468841599944426,154.8577381877874,0.08290479449177968,False
92,y,26,0.01098466700022982,4.074570957250734,0.9758696624842452,False
92,y,27,0.01364912499957427,37.34745860277747,0.7788216745036697,False
92,y,28,0.02157229099975666,1313.35495600801,-6.777922804379368,False
92,y,29,0.015098874999239342,11.599244257552089,0.9313072022063235,False
92,y,30,0.017719417000080284,31.008510961829337,0.8163620554850292,False
92,y,31,0.01590604099965276,11.112973110294893,0.934186986858646,False
92,y,33,0.009224915999766381,7.0582365366715045,0.9581998616092736,False
92,y,34,0.009467083999879833,0.18141910572538641,0.9989256036282372,False
92,y,35,0.007885667000664398,9.890143757007335,0.9414288008627664,False
92,y,36,0.016870958999788854,163.51884809832404,0.03161215347631585,False
92,y,37,0.015735124999991967,258.1920172557398,-0.529059276576777,False
92,y,38,0.007708666999860725,62.360748476179715,0.6306885008868195,False
92,y,39,0.021431125000162865,0.05466292503106611,0.999676276387272,False
92,y,40,0.014000624999425781,12915.773949249513,-75.48952195027489,False
92,y,41,0.01888433400017675,1270.0352654515502,-6.52137585375005,False
92,y,42,2.7398479160001443,6.403677157983433e-06,0.9999999620762793,False
92,y,51,0.6634759170001416,1151.0883300486141,-5.816950841190186,False
92,y,52,0.4606816659998003,3.224598051408124,0.9809033539605788,False
92,y,53,0.9732946250005625,1348.40925008861,-6.98552059968498,False
92,y,57,0.9996295420005481,10.475306469859937,0.93796336268267,False
92,y,58,0.5856785830001172,2555.6847234443403,-14.135221746679537,False
92,z,0,0.02935620900007052,2.400011326843625,0.9691892604004931,False
92,z,1,0.008337375000337488,5.905536541245544,0.9241862125680109,False
92,z,2,0.013763666999693669,74.24616456741158,0.04684648061342389,False
92,z,3,0.014983624999331369,34.847133088101664,0.5526413015813181,False
92,z,4,0.1311602080004377,0.5436045562689729,0.9930213419241083,False
92,z,5,0.024833792000208632,438.3117426559771,-4.626935512900295,False
92,z,6,0.030252749999817752,0.5449631468729266,0.9930039006808723,False
92,z,7,0.011735125000086555,0.5803299598732038,0.9925498704629194,False
92,z,8,0.020735209000122268,4.149926598926543,0.9467242898537689,False
92,z,9,0.022985291999248147,46.49162780583551,0.4031522177161291,False
92,z,10,0.007178374999966763,10.27601069003858,0.868079168647542,False
92,z,11,0.04436820800037822,6.835969876752122,0.912241544268176,False
92,z,19,0.012645124999835389,0.3072545718504514,0.9960555433642505,False
92,z,20,0.024950459000137926,77.89528451726939,-1.864393084360927e-10,False
92,z,21,0.02188629200009018,77.89528450468983,-2.4946489318722342e-11,False
92,z,22,0.011612375000368047,465.826279510403,-4.980160191776148,False
92,z,23,0.007304249999833701,1.3893322152399308,0.9821641037181019,False
92,z,24,0.016764458000579907,76.43791615852584,0.018709326931971026,False
92,z,25,0.018771250000099826,73.30476872567792,0.05893188280102957,False
92,z,26,0.011173832999702427,0.7276549782524895,0.9906585490649715,False
92,z,27,0.012866332999692531,12.937108996590553,0.8339166603065121,False
92,z,28,0.0184875410004679,450.1484769985041,-4.778892520543161,False
92,z,29,0.014125624999905995,2.2331753540769985,0.971331058505881,False
92,z,30,0.01288437499988504,10.641628308732816,0.8633854619485011,False
92,z,31,0.019289458999992348,197.1548786484662,-1.5310245659544948,False
92,z,33,0.010276708999299444,0.5442345442130482,0.9930132542979048,False
92,z,34,0.010698957999920822,0.425840280335464,0.9945331699723049,False
92,z,35,0.007796332999532751,0.6356148692370159,0.9918401367516078,False
92,z,36,0.017205874999490334,76.64316006280764,0.016074457496780048,False
92,z,37,0.009918125000695,6.80368597639252,0.9126559968318413,False
92,z,38,0.00760908299980656,228.0944952480909,-1.9282195540353695,False
92,z,39,0.020278500000131316,0.3437012506711254,0.9955876501014769,False
92,z,40,0.014085834000070463,4272.484387682268,-53.84907610205363,False
92,z,41,0.017533833999550552,448.40586190782557,-4.756521267882582,False
92,z,42,5.88637212499998,3.642771849566359e-06,0.9999999532350146,False
92,z,51,0.7224815419995139,6.637402124929593,0.9147907069432996,False
92,z,52,0.3666706249996423,5.120614604247023,0.934262842264008,False
92,z,53,0.5320466249995661,823.6971917760599,-9.574416629122343,False
92,z,57,5.8496222090006995,19.4070171010156,0.7508576132059535,False
92,z,58,0.46863158300038776,3.3694984592152166,0.956743229314524,False
93,x,0,0.037536916000135534,6.980293365171336,0.9868895750981438,False
93,x,1,0.00966308300030505,1.7135845569247876,0.996781536180322,False
93,x,2,0.015952499999912106,212.89522811169124,0.6001390265273812,False
93,x,3,0.017358416999741166,207.07207802539995,0.6110760986394909,False
93,x,4,0.01508816699970339,28.491182180342733,0.9464877069201348,False
93,x,5,0.02514241700009734,3775.3420332370843,-6.090867907148621,False
93,x,6,0.015886333000707964,29.911611963018284,0.9438198479892989,False
93,x,7,0.012079833999450784,52.2233404778786,0.9019138383387288,False
93,x,8,0.02184383300027548,19.935900413035696,0.9625562835911592,False
93,x,9,0.022422500000175205,404.410532398709,0.24043394207647084,False
93,x,10,0.00889291699968453,16.711921856619274,0.9686115776222081,False
93,x,11,0.04479962500045076,8.652654917537877,0.9837485365494703,False
93,x,19,0.012448958000277344,0.06533870237911975,0.9998772804943986,False
93,x,20,0.01579012500042154,3.038225786224051,0.9942935878305745,False
93,x,21,0.018393916999229987,4.992647472430649,0.99062278240692,False
93,x,22,0.015713833000518207,3480.5832098013466,-5.537250284414382,False
93,x,23,0.007684791999963636,5.583058068535623,0.9895138700193524,False
93,x,24,0.017051916999662353,497.31038028015695,0.06594894333405887,False
93,x,25,0.020135374999881606,476.6257088253859,0.10479900557935651,False
93,x,26,0.01085025000065798,40.945525837114054,0.9230958910361899,False
93,x,27,0.01328899999953137,24.8116660211884,0.9533985941502412,False
93,x,28,0.019378541999685694,3932.7352826913516,-6.386484762927953,False
93,x,29,0.015663208000660234,19.305291917211186,0.963740695892257,False
93,x,30,0.013934666999375622,18.479288493349316,0.9652921000082,False
93,x,31,0.015524500000537955,18.61045944085231,0.9650457340223342,False
93,x,33,0.008934124999541382,45.06683400195292,0.915355227662051,False
93,x,34,0.009439041999939946,0.001938763913001326,0.999996358603091,False
93,x,35,0.007849542000258225,50.04484281183308,0.9060055044844622,False
93,x,36,0.017458500000429922,530.1464299548421,0.004276096533441187,False
93,x,37,0.013738084000578965,212.31713786078845,0.60122479877569,False
93,x,38,0.007671708000088984,108.17684343652527,0.7968216652510839,False
93,x,39,0.02308191599968268,0.05841226937767551,0.9998902897584729,False
93,x,40,0.01713724999990518,19009.561803131535,-34.70386220164726,False
93,x,41,0.014922040999408637,4036.2215309588782,-6.580853196360255,False
93,x,42,5.552424791999329,1.7374095270625867e-06,0.999999996736788,False
93,x,52,0.38026479099971766,9.848615978656293,0.9815022759903409,False
93,x,53,0.501524082999822,663.3780805975521,-0.24596031315916433,False
93,x,57,1.334754083000007,3.7529776981590017,0.9929511369084346,False
93,y,0,0.03659179100031906,60.469815962621524,0.8391283808598363,False
93,y,1,0.008117500000480504,16.63236395306939,0.9557518858514025,False
93,y,2,0.01593029200012097,374.5026875432772,0.0036871659296878745,False
93,y,3,0.018477999999959138,84.77802226320891,0.7744597450500988,False
93,y,4,0.014656792000096175,22.824348160223003,0.9392789644568531,False
93,y,5,0.023203707999527978,401.5132828717745,-0.06817080379062546,False
93,y,6,0.015340124999966065,24.473844203618423,0.9348907073563132,False
93,y,7,0.013104708000355458,34.96876785510866,0.9069704080517602,False
93,y,8,0.012255249999725493,14.184960261541429,0.962262866384055,False
93,y,9,0.021230416999969748,310.2330996215623,0.17466755516765664,False
93,y,10,0.007719708999502473,5.076593489025696,0.9864944220303102,False
93,y,11,0.045352709000326286,13.122497886618952,0.9650894012396422,False
93,y,19,0.015354500000285043,0.3951939655965501,0.9989486408696987,False
93,y,20,0.017060791999938374,13.155422895290892,0.9650018087875908,False
93,y,21,0.01955541700044705,0.09638197733916985,0.9997435890203459,False
93,y,22,0.012979000000086671,159.78728978706152,0.5749079170018909,False
93,y,23,0.0070722079999541165,49.01929416923843,0.869590917442384,False
93,y,24,0.017090167000787915,298.4443513634195,0.2060298966885139,False
93,y,25,0.016515875000550295,339.0057796347423,0.09812180176924612,False
93,y,26,0.021065958000690443,111.87865943880149,0.7023622313936566,False
93,y,27,0.013184958000238112,1.7299089947522794,0.9953978153146199,False
93,y,28,0.018861000000470085,300.5398227918581,0.20045518348344749,False
93,y,29,0.016162000000804255,1.2991777065989285,0.9965437165983676,False
93,y,30,0.013589499999397958,0.9607268544393615,0.9974441184884599,False
93,y,31,0.015975416999935987,6.894597383130484,0.9816578729951926,False
93,y,33,0.008862665999913588,45.184828307458034,0.8797919858912046,False
93,y,34,0.009337624999716354,0.6902771800760144,0.9981636126082644,False
93,y,35,0.0076810000000477885,52.04372244555398,0.8615448424537494,False
93,y,36,0.014812958000220533,368.3064545587328,0.020171390611461337,False
93,y,37,0.01025724999999511,80.74931500229923,0.7851775659957572,False
93,y,38,0.007406583000374667,89.55110018721714,0.7617616284493807,False
93,y,39,0.15454045800015592,22.79704491042591,0.939351600993491,False
93,y,40,0.014125249999779044,6357.58877556054,-15.913489546320989,False
93,y,41,0.01453920800031483,207.91987252678413,0.4468578081091613,False
93,y,42,2.8607759999995324,6.758423424409643e-08,0.9999999998202015,False
93,y,52,0.4270010000000184,8.302130993586335,0.9779133236311232,False
93,y,53,1.1348292499997115,894.7853962528052,-1.3804533416661866,False
93,y,57,0.9229030000005878,3.4651318653978005,0.9907814937941056,False
93,y,58,1.218715500000144,129.36096255856614,0.6558529711221497,False
93,z,0,0.030543875000148546,0.5254170360214164,0.9732171822955437,False
93,z,1,0.00828270900001371,1.865778224553814,0.9048930760914039,False
93,z,2,0.013940458999968541,18.62479839917199,0.05061209266358713,False
93,z,3,0.015234375000545697,10.50079209420046,0.46472843259710495,False
93,z,4,0.014951334000215866,3.8019386585966095,0.806198461344585,False
93,z,5,0.023695500000030734,261.22827141652425,-12.315954171523716,False
93,z,6,0.014715958000124374,4.007578442118533,0.795716096942097,False
93,z,7,0.012846165999690129,6.5111047512098015,0.6681003476271687,False
93,z,8,0.01998699999967357,4.212053054226474,0.7852931264523219,False
93,z,9,0.021670082999662554,12.857699360311559,0.34458650089927356,False
93,z,10,0.007179582999924605,3.334024338706747,0.8300501126458266,False
93,z,11,0.04323141599979863,2.4129528067142605,0.8770011805459424,False
93,z,19,0.013123583999913535,0.012924681806225516,0.9993411721109665,False
93,z,20,0.023154708000220126,19.617690871917745,-4.53645965237115e-09,False
93,z,21,0.022705084000335773,19.617690787627943,-2.398374832068839e-10,False
93,z,22,0.012215540999932273,446.07540959235877,-21.738425971147713,False
93,z,23,0.007509666999794717,0.4691392513003422,0.9760859085561321,False
93,z,24,0.04160266700000648,12.158922736294587,0.38020621943542543,False
93,z,25,0.014337999999952444,17.872711069816294,0.08894929237163762,False
93,z,26,0.01105450000068231,4.905216144872172,0.7499595544067734,False
93,z,27,0.01263683300021512,4.021754369464965,0.794993487563486,False
93,z,28,0.01861224999993283,264.2893259582575,-12.471989587496212,False
93,z,29,0.014737749999767402,1.334446864860384,0.9319773728913081,False
93,z,30,0.013494583000465354,2.998998417383768,0.8471278576786222,False
93,z,31,0.021890999999413907,141.14125828476585,-6.194590833678992,False
93,z,33,0.009797792000426853,6.357058848592903,0.6759527449516791,False
93,z,34,0.009747291999701702,0.004060635154100788,0.9997930115629289,False
93,z,35,0.007438083000124607,7.343786819778873,0.6256548795145854,False
93,z,36,0.016192458000659826,19.42057079469968,0.010048072956414966,False
93,z,37,0.009573291999913636,10.894262209567547,0.4446715298902072,False
93,z,38,0.007642249999662454,195.69401677239512,-8.975384918532104,False
93,z,39,0.020810582999729377,0.005367266975172373,0.9997264067909641,False
93,z,40,0.011583499999687774,4556.932857703293,-231.28691430237467,False
93,z,41,0.018511250000301516,267.6310028011868,-12.642329556654978,False
93,z,42,5.984108833999926,2.0391120592180121e-07,0.9999999896057488,False
93,z,52,0.38434933300050034,1.4481206963919946,0.9261829176320499,False
93,z,53,0.8805175830002554,390.56413196493736,-18.908771949088006,False
93,z,57,1.1386487919999126,4.131602000710374,0.7893940705647723,False
93,z,58,0.4279739999992671,1.1444259122844616,0.9416635767711927,False
94,x,0,0.03017387499949109,0.6649702674883381,0.9957222431195931,False
94,x,1,0.008206917000279645,0.03183127474192954,0.9997952292588153,False
94,x,2,0.015948166999805835,155.42811870902733,0.00013017615422306061,False
94,x,3,0.019892999999683525,57.720046990222706,0.6286866643189192,False
94,x,4,0.01424570900053368,38.85899318468441,0.7500199127859739,False
94,x,5,0.02152950000072451,1752.7258084391076,-10.275293427534562,False
94,x,6,0.01575020800009952,40.87968991146575,0.7370207611714903,False
94,x,7,0.012004666999928304,66.71962129306552,0.5707923602019395,False
94,x,8,0.019717459000275994,26.60093517372864,0.8288760580311637,False
94,x,9,0.023139833000641374,120.90947251797692,0.2221887905999994,False
94,x,10,0.00722825000048033,3.1378021238723557,0.979814504074822,False
94,x,11,0.042949458999828494,1.8540498090358715,0.9880728887967019,False
94,x,19,0.013194709000345028,0.046235519962176966,0.9997025666810871,False
94,x,20,0.025129417000243848,155.44835442784873,-3.2080205158990793e-10,False
94,x,21,0.022515458000270883,155.44835446933973,-5.877140996091157e-10,False
94,x,22,0.013116707999870414,1502.085825871016,-8.662925232509174,False
94,x,23,0.007439707999765233,3.5013920821533824,0.9774755281510439,False
94,x,24,0.01652808400012873,143.22560467394243,0.07862900673954942,False
94,x,25,0.01941662500030361,139.45562694695892,0.10288129131386303,False
94,x,26,0.010957082999993872,56.30328178138495,0.6378007216179292,False
94,x,27,0.012826582999878156,4.785632869532464,0.9692140010829837,False
94,x,28,0.018021500000031665,1784.9628477669135,-10.48267445422218,False
94,x,29,0.015479292000236455,5.2005427454423865,0.9665448838860204,False
94,x,30,0.013226874999418214,3.30604192674222,0.9787322166260866,False
94,x,31,0.01891308399990521,4.958981339582769,0.9680988495540792,False
94,x,33,0.00928304199987906,62.787548873997444,0.5960874006982,False
94,x,34,0.009556166999573179,0.004329215818034873,0.9999721501341371,False
94,x,35,0.007210708999991766,67.85230929708673,0.5635057729070556,False
94,x,36,0.014212916000360565,154.2896775755973,0.007453773357843918,False
94,x,37,0.010605791999296343,15.594418425912703,0.8996810324026069,False
94,x,38,0.007472000000234402,169.89085947915117,-0.09290870372325077,False
94,x,39,0.15820795899981022,0.18273118924409948,0.9988244893940802,False
94,x,40,0.013532832999771927,874.9143194284001,-4.628327960944519,False
94,x,41,0.015741375000288826,1874.3703842350865,-11.057833559803791,False
94,x,42,6.426844125000571,1.4923237547617837e-07,0.9999999990399874,False
94,x,53,0.4602153340001678,52.17758393738626,0.664341355389882,False
94,x,57,0.4516427910002676,0.011646465005922667,0.9999250782354531,False
94,y,0,0.02703650000057678,1.8239011971159542,0.9954798834629196,False
94,y,1,0.008301083999867842,1.0810642704367637,0.997320832677683,False
94,y,2,0.015826333000404702,403.2227909041253,0.0007057354995739784,False
94,y,3,0.018342624999604595,134.1703126044576,0.6674899661518807,False
94,y,4,0.01550212499932968,26.575363112240325,0.9341391197766091,False
94,y,5,0.02589120799984812,2591.99530015313,-5.423659811607583,False
94,y,6,0.01587466700038931,27.903597643687675,0.9308473982292962,False
94,y,7,0.010932416999821726,48.74767319261276,0.8791901863486139,False
94,y,8,0.01352554200002487,19.7756375637617,0.9509906641189708,False
94,y,9,0.021762291999948502,320.6612432849032,0.20531540257512615,False
94,y,10,0.011208042000362184,3.7207376071038647,0.9907790138991077,False
94,y,11,0.04272662500079605,3.7707661142906397,0.9906550298351584,False
94,y,19,0.013970750000225962,0.032582645904304,0.9999192514612049,False
94,y,20,0.024338624999472813,403.50756065491174,-3.493991762582027e-10,False
94,y,21,0.019394375000047148,2.9918215181239662,0.9925854635429546,False
94,y,22,0.015987165999831632,1995.0854490039787,-3.9443570436770523,False
94,y,23,0.007183708999946248,17.62067171303423,0.9563312476956028,False
94,y,24,0.019728000000213797,360.56693596732276,0.10641838901831824,False
94,y,25,0.01877337499990972,362.30965295302536,0.10209946873964293,False
94,y,26,0.012027583000417508,40.80759788691419,0.8988678233564205,False
94,y,27,0.012623083000107727,5.793826921086088,0.9856413423488105,False
94,y,28,0.019638125000710716,2697.387453779194,-5.68484984604419,False
94,y,29,0.01552599999922677,9.585263805827257,0.9762451444686215,False
94,y,30,0.01281287500023609,5.005145699198662,0.9875959060275751,False
94,y,31,0.017638917000112997,11.674010370744075,0.9710686700495141,False
94,y,33,0.009470583000620536,41.764998856847455,0.8964951268728307,False
94,y,34,0.009398166999744717,0.004076141451279674,0.9999898982278149,False
94,y,35,0.007230832999994163,44.450702022383396,0.8898392338280626,False
94,y,36,0.014632917000199086,399.1860359716367,0.010709897323325501,False
94,y,37,0.009602124999219086,24.652017252282636,0.9389056868701924,False
94,y,38,0.007475458999579132,148.85952609086524,0.6310861538721348,False
94,y,39,0.1366784589999952,3.277821664945171,0.9918766784424798,False
94,y,40,0.012131290999604971,896.4148083415721,-1.221556411978645,False
94,y,41,0.01240066599984857,2811.604654158812,-5.967910714182932,False
94,y,42,0.851897249999638,8.13900397011029e-08,0.9999999997982937,False
94,y,53,0.3854699579997032,193.918319934116,0.5194183730110711,False
94,y,57,0.3494135829996594,0.01955919918354704,0.9999515270564977,False
94,y,58,0.5586249159996441,171.021659410479,0.576162441187823,False
94,z,0,0.03145479199974943,0.4811745540799814,0.8432306494164507,False
94,z,1,0.008371959000214702,0.3777658297200905,0.8769217879546676,False
94,z,2,0.013424292000308924,3.0373461380599744,0.010415705644389983,False
94,z,3,0.01481420900017838,0.5169904420661237,0.831561633562326,False
94,z,4,0.014778125000702858,1.2903500570249489,0.5795967622352228,False
94,z,5,0.02569679200041719,6.582309231005231,-1.1445530208009869,False
94,z,6,0.014817416999903799,1.3614070917182208,0.5564459844378471,False
94,z,7,0.012031541999931505,1.924972964934519,0.37283308303640605,False
94,z,8,0.012586083999849507,0.9236236797949958,0.699078259152953,False
94,z,9,0.018514458000026934,2.64379008441383,0.13863846062007235,False
94,z,10,0.007712749999882362,0.20633865072249108,0.932773717978707,False
94,z,11,0.04346245800024917,0.33208389843179315,0.8918052156853,False
94,z,19,0.019707041999936337,0.0009014089315532508,0.9997063159478996,False
94,z,20,0.019902791999811598,0.06431019200118535,0.9790473811417439,False
94,z,21,0.16895295799986343,0.012414988599405699,0.9959551275441978,False
94,z,22,0.011586958000407321,440.2731413511641,-142.4434424342572,False
94,z,23,0.006684582999696431,0.7501499191059781,0.7555969768945876,False
94,z,24,0.015599749999637424,2.1726433004298995,0.2921407078366014,False
94,z,25,0.01402387500002078,2.777572608927726,0.0950513687640363,False
94,z,26,0.009020333000080427,1.3485302867595954,0.5606413192364933,False
94,z,27,0.011205625000002328,0.1361533334033161,0.9556404853988281,False
94,z,28,0.01881016700008331,3.6132316644165385,-0.17721100738910378,False
94,z,29,0.01918149999983143,0.006033266725424724,0.9980343280865077,False
94,z,30,0.015897207999842067,0.009710634866436536,0.9968362210577075,False
94,z,31,0.01373983300072723,60.275994088660084,-18.638254701819502,False
94,z,33,0.009413583000423387,2.179300410488354,0.28997178428946435,False
94,z,34,0.009637292000661546,0.002292743323451825,0.9992530114511987,False
94,z,35,0.006099917000028654,2.451575078491387,0.20126318047561487,False
94,z,36,0.014782750000449596,2.9633107896326156,0.0345368346500079,False
94,z,37,0.00879858400003286,19.95454627094535,-5.501302351839463,False
94,z,38,0.006986291999965033,169.87357064038167,-54.34575576532812,False
94,z,39,0.021138041999620327,0.03818406177539839,0.9875594199310541,False
94,z,40,0.01174858300055348,6362.00183902055,-2071.775645049622,False
94,z,41,0.01686779200008459,2.321337490460822,0.24369531227476582,False
94,z,42,6.927444957999796,3.746827921195214e-08,0.9999999877926259,False
94,z,53,1.7478845830000864,714.8270766296694,-231.89464422539496,False
94,z,57,0.3660671670004376,0.04387574646931898,0.9857050373465504,False
94,z,58,0.47669049999967683,1.813018862803602,0.4093083532630002,False
95,x,0,0.0305796669999836,12.214898097846897,0.9855560123369262,False
95,x,1,0.008375749999686377,1.6349436468016632,0.9980666964492821,False
95,x,2,0.015010207999694103,845.5633940297959,0.00013023982034277015,False
95,x,3,0.017080207999242702,277.1174985315838,0.6723114922491574,False
95,x,4,0.014997333000792423,2.8280298458787483,0.9966558846518845,False
95,x,5,0.02737770800013095,3419.5946601602323,-3.0436344772105404,False
95,x,6,0.016869459000190545,2.9788431938808473,0.9964775494647614,False
95,x,7,0.010600000000522414,9.190176635591863,0.9891327134387347,False
95,x,8,0.013030542000706191,2.2688451908398077,0.997317114585533,False
95,x,9,0.021690167000087968,653.7684213578436,0.22692576418100552,False
95,x,10,0.007457249999788473,8.321669548627206,0.9901597138728702,False
95,x,11,0.042689874999268795,7.554975985944506,0.9910663208925963,False
95,x,19,0.013561291999394598,0.06972930183326068,0.9999175458389119,False
95,x,20,0.021420375000161584,845.6735411399814,-7.971157289787811e-09,False
95,x,21,0.0223796250002124,845.6735345283067,-1.5292211941186906e-10,False
95,x,22,0.01850183399983507,2419.056452038267,-1.860508640320019,False
95,x,23,0.007109708999450959,33.93245768278405,0.9598752280844408,False
95,x,24,0.020462292000047455,8.562353531783486,0.9898751076112737,False
95,x,25,0.018059416000141937,767.0866563594893,0.09292815116337627,False
95,x,26,0.09196974999940721,15.064696638383094,0.9821861557378765,False
95,x,27,0.012839042000450718,13.236086590603536,0.984348467757111,False
95,x,28,0.024045875000410888,3598.2028142498702,-3.254836728226441,False
95,x,29,0.015128709000236995,20.575958412657105,0.9756691470458747,False
95,x,30,0.01318233300025895,12.182588489690863,0.98559421810646,False
95,x,31,0.01566045799972926,1.4681647788173862,0.9982639106947331,False
95,x,33,0.008948624999902677,4.378662720798017,0.9948222776961917,False
95,x,34,0.00956175000010262,0.007617113332803961,0.9999909928441378,False
95,x,35,0.007202916000096593,4.6231112086671455,0.9945332199476329,False
95,x,36,0.015045666999867535,839.315977360319,0.007517743881134353,False
95,x,37,0.011152207999657548,25.07805415692886,0.9703454664987812,False
95,x,38,0.007771000000502681,144.27473600876294,0.8293966523248264,False
95,x,39,0.1501923750001879,5.686517623071693,0.9932757531224942,False
95,x,40,0.01332495899987407,1044.7987490296325,-0.23546345786044598,False
95,x,41,0.014791625000725617,3666.2609938201845,-3.33531480493329,False
95,x,42,6.253205709000213,2.491149461143989e-07,0.9999999997054242,False
95,x,47,0.9244919160000791,356.45364535135667,0.5784973386867472,False
95,x,50,0.8646082910008772,215.06323571928016,0.745690000962222,False
95,x,51,0.48031466599968553,89.20652927750552,0.894514223694012,False
95,x,52,0.48917974999949365,316.0553818626554,0.626267857504522,False
95,x,53,0.42902000000049156,10764.821378931789,-11.729287297115532,False
95,x,54,8.219305958000405,0.006115650134544248,0.9999927683084715,False
95,x,55,0.6826847499996802,11.306859015624177,0.9866297589368693,False
95,x,56,0.9942223750003905,168.68926746701288,0.8005267273890753,False
95,x,57,0.9794772919995012,11.638816705548207,0.986237222483473,False
95,x,59,1.276525207999839,2.9083645764119335,0.9965608896836545,False
95,y,0,0.02948433399978967,0.59339303134028,0.9638523932413641,False
95,y,1,0.008355875000233937,4.012971605104254,0.7555425968059671,False
95,y,2,0.016077207999842358,15.853359702329383,0.034264000322600574,False
95,y,3,0.014242750000448723,8.849721218056063,0.46090327048279167,False
95,y,4,0.02031879099922662,0.5974553054347239,0.9636049324881091,False
95,y,5,0.03370274999997491,145.59210870355443,-7.869005894271622,False
95,y,6,0.016740291000132856,0.6235128558493188,0.9620175898067287,False
95,y,7,0.012608082999577164,0.7016442295851542,0.9572580762564331,False
95,y,8,0.015080666000358178,0.8652986102138936,0.9472887744903944,False
95,y,9,0.02129941599923768,7.97254374106431,0.5143381185871128,False
95,y,10,0.008011334000002535,5.455155052447768,0.6676893909625492,False
95,y,11,0.04506083300020691,4.39129716351588,0.7324962130604145,False
95,y,19,0.012944209000124829,0.04976860253935862,0.9969682558127516,False
95,y,20,0.016433750000032887,2.1966594455158277,0.8661865279411832,False
95,y,21,0.021060667000710964,0.6042134203953268,0.9631932497262241,False
95,y,22,0.01807833299972117,478.0063789648511,-28.118620715706435,False
95,y,23,0.0076595829996222164,2.0615180040636614,0.8744189125908216,False
95,y,24,0.015308166000068013,16.38579606848738,0.0018296787661012948,False
95,y,25,0.012256084000000556,15.57568462985108,0.051179078182464255,False
95,y,26,0.012802457999896433,0.6273172865032933,0.961785836051701,False
95,y,27,0.013222999999925378,6.209494318089184,0.6217374540558829,False
95,y,28,0.020239124999534397,149.94528400698277,-8.134187419346691,False
95,y,29,0.014064209000025585,0.9045668357972403,0.9448966797040936,False
95,y,30,0.014173624999784806,5.1444961344442435,0.68661373926285,False
95,y,31,0.014597833000152605,16.37199580708383,0.0026703465799052806,False
95,y,33,0.009839457999987644,0.7345541067910656,0.9552533117295776,False
95,y,34,0.009203208000144514,0.06661124704468908,0.9959422557450073,False
95,y,35,0.007777416999488196,0.9885816570158016,0.9397787653388943,False
95,y,36,0.01448049999999057,15.821488993975661,0.03620546200456065,False
95,y,37,0.013228167000306712,75.04941362846877,-3.5717703916755514,False
95,y,38,0.0076576250003199675,102.02485694104307,-5.215028174464781,False
95,y,39,0.019795750000412227,0.1381995420212488,0.9915813256385497,False
95,y,40,0.012624500000129046,8674.161415334256,-527.4021874915319,False
95,y,41,0.017207417000463465,140.10921523052363,-7.535005549314834,False
95,y,42,6.537746500000139,4.699561080797232e-10,0.9999999999713718,False
95,y,47,3.0823861250000846,11.128389718273109,0.322094068943818,False
95,y,51,1.4551121670001521,2356.0470252261857,-142.52285395123238,False
95,y,52,0.47210883400020975,11.622713412315052,0.29198144954998184,False
95,y,53,0.9197098340000593,1059.5621503737366,-63.54513943572259,False
95,y,54,0.5829792920003456,0.0022963400272369974,0.9998601143055199,False
95,y,55,3.6861044590004894,1.0366032432024923,0.9368534438037195,False
95,y,56,9.744413041999906,519.6491411039087,-30.655364679055882,False
95,y,57,0.8174385000002076,12.80937631408552,0.21969373860168184,False
95,y,58,0.6019813330003672,10735.91361295934,-652.9975412238999,False
95,y,59,2.881452542000261,1.2281855644410675,0.9251828611640871,False
95,z,0,0.03069450000020879,0.11643621718798655,0.9787184613072049,False
95,z,1,0.007985125000232074,0.22109777811882902,0.9595890262191344,False
95,z,2,0.013674208000338695,5.230094430433784,0.04407357370132037,False
95,z,3,0.015063333000398416,2.1264621263061336,0.6113375450296186,False
95,z,4,0.16792562499995256,0.036856415238956323,0.9932635974791313,False
95,z,5,0.025104625000494707,29.16686137696541,-4.330950317109101,False
95,z,6,0.17192270900068252,0.032840204698162595,0.9939976572252008,False
95,z,7,0.012369082999612147,0.034058695939413165,0.9937749484398781,False
95,z,8,0.015304792000279122,0.14541984616712747,0.9734210011485555,False
95,z,9,0.021626791000016965,3.4120627415080502,0.3763628962763981,False
95,z,10,0.007089084000654111,0.44668382891257,0.9183577119041828,False
95,z,11,0.04407875000015338,0.26057381481734454,0.9523738244311779,False
95,z,19,0.012569041000460857,0.024838232753612455,0.9954602114000901,False
95,z,20,0.022313874999781547,0.04896654758468817,0.9910501774942269,False
95,z,21,0.02361387500059209,5.471231148827325,-1.7435133337073694e-09,False
95,z,22,0.013220959000136645,342.4341108879362,-61.58812727339626,False
95,z,23,0.007419667000249319,0.03886556048153555,0.9928963775259928,False
95,z,24,0.015002832999925886,5.205479154929273,0.048572611464092086,False
95,z,25,0.019689458000357263,5.14311322387103,0.059971495823117116,False
95,z,26,0.011142249999466003,0.04756280842412777,0.9913067448233752,False
95,z,27,0.012565499999254826,0.6010549867439049,0.8901426440517544,False
95,z,28,0.019255124999290274,30.24725897216772,-4.5284191440873895,False
95,z,29,0.014392499999303254,0.1305904841427436,0.9761314262150266,False
95,z,30,0.013328791000276397,0.4810968269904696,0.9120679030473088,False
95,z,31,0.01645504099997197,64.87232724579626,-10.856988965418951,False
95,z,33,0.01023670900030993,0.03740046436434534,0.9931641593249867,False
95,z,34,0.010321750000002794,0.03379928799576882,0.9938223615242535,False
95,z,35,0.008133999999699881,0.03283185361277903,0.993999183588312,False
95,z,36,0.015323583999816037,5.470713176952441,9.46701615290868e-05,False
95,z,37,0.010111624999808555,20.79326906109662,-2.800473518982411,False
95,z,38,0.0073594999994384125,163.05849200405663,-28.80288857349784,False
95,z,39,0.02025824999964243,0.02803913139791782,0.9948751696493733,False
95,z,40,0.011848999999529042,6061.848247169396,-1106.949580788151,False
95,z,41,0.01743066600010934,29.84384635164601,-4.454685717322641,False
95,z,42,7.161547832999531,1.2294941169765707e-09,0.9999999997752802,False
95,z,47,0.6822718749999694,10.183663638383294,-0.8613111709457499,False
95,z,50,12.642421208000087,1007.4903222467489,-183.1432570837849,False
95,z,51,0.9473790410002039,98.76704241108932,-17.052069067573612,False
95,z,52,0.4780247919998146,893.8341413264834,-162.36983734940077,False
95,z,53,0.6433907910004564,3138.3269443972476,-572.6052571168768,False
95,z,54,0.48361545900024794,0.004114487554898188,0.999247977749404,False
95,z,55,1.0057677499999045,1.210523189045737,0.7787475691982494,False
95,z,56,0.934479083000042,30.21446843931803,-4.522425880045914,False
95,z,57,0.954152874999636,13.591831616631582,-1.4842364123552567,False
95,z,58,0.7559800829994856,4.6235162527160085,0.15494042656776597,False
95,z,59,5.065796374999991,1.7036493894413727,0.6886168129129657,False
96,x,0,0.029571041999588488,0.13162891397824888,0.9969376312144906,False
96,x,1,0.008516624999174383,0.07520076859154684,0.9982504414917598,False
96,x,2,0.014050750000023982,42.949031673041176,0.0007835665566126027,False
96,x,3,0.016109790999507823,14.649587976054562,0.6591748759253946,False
96,x,4,0.014850959000796138,7.135425987407016,0.8339931162939003,False
96,x,5,0.02378241699989303,392.4035081779235,-8.129333506215785,False
96,x,6,0.015804333000232873,7.505222119455095,0.8253897471893489,False
96,x,7,0.012004332999822509,12.576513938864945,0.7074052914903843,False
96,x,8,0.019811957999991137,4.979353094241267,0.8841545141795096,False
96,x,9,0.02209883399973478,34.304043382888565,0.2019106707066316,False
96,x,10,0.007625041999745008,0.4967425761646108,0.9884432005575055,False
96,x,11,0.045084374999532884,0.44367365269340064,0.9896778579728639,False
96,x,19,0.013068499999462801,0.01073739393954139,0.9997501927270812,False
96,x,20,0.015750333999676513,1.442048986298557,0.9664504881993801,False
96,x,21,0.019272499999715365,0.3845568455163693,0.991053220418138,False
96,x,22,0.012992750000194064,583.6269373368381,-12.578178693915833,False
96,x,23,0.008138541000334953,1.6960465723896394,0.9605411917102471,False
96,x,24,0.019313332999445265,38.49868411014782,0.10432164986499504,False
96,x,25,0.017943125000783766,38.49478943648835,0.1044122601016384,False
96,x,26,0.010789124999973865,10.698522402395373,0.7510970799198281,False
96,x,27,0.013479875000484753,0.7533031894413316,0.9824742748105408,False
96,x,28,0.018011209000178496,404.2725827505305,-8.405469519083281,False
96,x,29,0.015560667000499961,1.1585632441308713,0.9730458315909901,False
96,x,30,0.015685541999118868,0.6230475683329779,0.9855046937068425,False
96,x,31,0.01447825000013836,33.97394323045093,0.20959050618019515,False
96,x,33,0.00896379200003139,11.517680795547818,0.7320392223582854,False
96,x,34,0.010191459000452596,0.0006070990376130272,0.9999858757389519,False
96,x,35,0.007594458000312443,12.335400907806484,0.7130148266432382,False
96,x,36,0.014794375000747095,42.50840562413403,0.011034805569938522,False
96,x,37,0.020315875000051165,102.39236114284908,-1.3821754746853991,False
96,x,38,0.007828959000107716,157.10596834696454,-2.6550967332486017,False
96,x,39,0.14923704200009524,0.27739192960498804,0.9935464301808729,False
96,x,40,0.013976749999528693,9943.507259977247,-230.33736601725292,False
96,x,41,0.014005874999384105,424.76313804001575,-8.882185728461417,False
96,x,42,6.605785792000461,1.542834626625208e-08,0.9999999996410569,False
96,x,53,0.4256031670001903,6.08954075718316,0.8583258117896038,False
96,x,57,1.115498375000243,0.1908042614398268,0.995560906819667,False
96,y,0,0.027009499999621767,1.7922873281997247,0.9964262207767153,False
96,y,1,0.008685542000421265,0.841331371287457,0.9983224048246634,False
96,y,2,0.01516383299986046,501.1256411258767,0.0007671335210649444,False
96,y,3,0.015971208000337356,168.87939282890355,0.6632584207694544,False
96,y,4,0.014697749999868392,56.88435014280079,0.8865739295972194,False
96,y,5,0.023276875000192376,3944.209803077865,-6.864662559810691,False
96,y,6,0.01566149999962363,59.75298062130399,0.8808539471803077,False
96,y,7,0.012660541000514058,100.709918466182,0.7991867662454231,False
96,y,8,0.02133237499947427,43.41084198840383,0.9134397913088607,False
96,y,9,0.022259833000134677,398.5283932109457,0.2053436582755327,False
96,y,10,0.007812584000021161,5.3210137201790415,0.989390022469729,False
96,y,11,0.045125415999791585,4.646589794730053,0.9907348080822438,False
96,y,19,0.01500487500015879,0.054113461800060436,0.99989209901647,False
96,y,20,0.0157059590001154,15.487790337950235,0.9691177064896438,False
96,y,21,0.01911999999992986,3.9933743801637944,0.9920373044176115,False
96,y,22,0.015017417000308342,3620.2443943452226,-6.2186830739463375,False
96,y,23,0.007590875000460073,19.786857552857747,0.9605454665086953,False
96,y,24,0.015928750000057335,448.2785431338251,0.10614301708800955,False
96,y,25,0.019302917000459274,450.2979651290164,0.10211633662449959,False
96,y,26,0.011387500000637374,85.18401769398258,0.8301450510747868,False
96,y,27,0.013148500000170316,8.385769952232376,0.9832789698643712,False
96,y,28,0.022153875000185508,4084.95691625913,-7.145309028103107,False
96,y,29,0.016000083000108134,12.73326818734539,0.9746101595561937,False
96,y,30,0.014216417000170622,6.794756954987212,0.9864514127556804,False
96,y,31,0.016046625000853965,28.368723906749686,0.9434334247116073,False
96,y,33,0.009166166999420966,90.1343442309369,0.8202742151614332,False
96,y,34,0.010867625000173575,0.0014757789548309253,0.9999970573311076,False
96,y,35,0.008140750000166008,96.4134579193496,0.8077538085908909,False
96,y,36,0.014349499999298132,496.0340395070066,0.010919668660080761,False
96,y,37,0.014351791000080993,231.82578865894706,0.5377447723389746,False
96,y,38,0.007533749999311112,158.58810775656156,0.68377900371046,False
96,y,39,0.1476119999997536,3.1725786980205175,0.9936739519066901,False
96,y,40,0.016981292000309622,19508.04656537268,-37.89859087059859,False
96,y,41,0.014229249999516469,4273.8310762217825,-7.521919707690895,False
96,y,42,7.088921415999721,6.286294222843434e-09,0.9999999999874652,False
96,y,53,0.38276554200001556,106.56387204569356,0.7875141190379324,False
96,y,57,1.2587955839999267,0.3241448101927678,0.999353662791799,False
96,y,58,0.4051938330003395,0.18373052963660486,0.9996336455995826,False
96,z,0,0.027755665999393386,0.08338159193576422,0.9915136596171041,False
96,z,1,0.00829491600052279,0.3904674693997362,0.960259335701735,False
96,z,2,0.014669916000457306,8.566170468420875,0.12815962510126944,False
96,z,3,0.014719417000378598,4.829060482258855,0.5085120104973435,False
96,z,4,0.014324166000733385,16.17672378165046,-0.6464207639131012,False
96,z,5,0.026343374999669322,366.0572533614887,-36.25626219809657,False
96,z,6,0.015033292000225629,17.03340099018353,-0.7336109244881286,False
96,z,7,0.012785666000127094,26.562378693985114,-1.7034430711060908,False
96,z,8,0.012768042000061541,12.339248340100838,-0.2558534689988723,False
96,z,9,0.023853542000324524,7.064962870091074,0.28094824869376145,False
96,z,10,0.0079531669998687,0.9717057226784809,0.9011025656477019,False
96,z,11,0.04588266699920496,0.6466928866247653,0.9341814442290438,False
96,z,19,0.012742249999973865,0.017270486701999106,0.9982422591686142,False
96,z,20,0.01635770800021419,0.010845090000308118,0.9988962177011845,False
96,z,21,0.024544040999899153,0.12838499192087233,0.9869333420458655,False
96,z,22,0.015332417000536225,599.9918170110753,-60.06545423156123,False
96,z,23,0.008664375000080327,0.02583481940117948,0.9973706058366222,False
96,z,24,0.014982250000684871,9.613271996727558,0.021588620898008615,False
96,z,25,0.0184281669999109,8.854138716576406,0.09885103891840163,False
96,z,26,0.01094191599986516,22.067966029841344,-1.2460145811522785,False
96,z,27,0.013095541999973648,1.2300337350125834,0.8748106780474629,False
96,z,28,0.020833499999753258,341.1736154857987,-33.723676574875235,False
96,z,29,0.015436958999998751,0.6322644244434095,0.9356499319183537,False
96,z,30,0.014934249999896565,0.6913545951603483,0.9296359030380501,False
96,z,31,0.014965249999477237,26.42015589608643,-1.6889680407647916,False
96,z,33,0.008925916999942274,26.57457866893706,-1.7046847497272526,False
96,z,34,0.009465874999477819,0.008918814669556161,0.9990922685050662,False
96,z,35,0.007672374999856402,28.999406198676684,-1.9514767731158162,False
96,z,36,0.015403458000037062,9.812932719516393,0.00126772253969476,False
96,z,37,0.019099500000265834,158.6240098192692,-15.14429886710688,False
96,z,38,0.008902792000299087,139.37079322058847,-13.184761447290086,False
96,z,39,0.02085554199948092,0.007028990554890568,0.9992846094082383,False
96,z,40,0.012750249999953667,10048.068931946687,-1021.663769876109,False
96,z,41,0.01760566699977062,375.9625922149943,-37.26439930806601,False
96,z,42,6.739931457999774,3.154231270478065e-07,0.9999999678971346,False
96,z,53,0.5191634999991948,62.33859314716519,-5.344644041400091,False
96,z,57,0.3917430000001332,0.3698843346376047,0.9623542283954729,False
96,z,58,0.5180003329996907,28.52844530655117,-1.903543718051477,False
97,x,0,0.029594499999802792,13.89616200515968,0.9838671595708988,False
97,x,1,0.008830791999571375,0.26878302488616074,0.9996879545842277,False
97,x,2,0.016365999999834457,303.94490841741083,0.6471331649044387,False
97,x,3,0.017392042000210495,294.94569234613164,0.6575808638310232,False
97,x,4,0.015365584000392118,3.221072604937041,0.99626047463129,False
97,x,5,0.027642582999760634,3566.8198443284778,-3.1409228941442198,False
97,x,6,0.015220041999782552,3.3400895993397324,0.996122301070969,False
97,x,7,0.01032954200036329,8.21282920587451,0.990465262062961,False
97,x,8,0.02183995799987315,92.77991914393083,0.8922865442977578,False
97,x,9,0.021864625000489468,641.3608436716423,0.25540792165588944,False
97,x,10,0.007738000000244938,10.87927801939928,0.9873696308228395,False
97,x,11,0.04408533399964654,6.443227636526883,0.9925196926122575,False
97,x,19,0.013060042000688554,0.00362558115979872,0.9999957908577712,False
97,x,20,0.016702082999472623,11.432362367046583,0.9867275239215877,False
97,x,21,0.01834754100036662,5.911079849507819,0.9931374930761186,False
97,x,22,0.015207708000161801,3249.2237799016757,-2.7722076599374215,False
97,x,23,0.007533416000114812,25.952976878639305,0.9698697212591665,False
97,x,24,0.015627042000232905,784.9401424845429,0.08871859291816042,False
97,x,25,0.01798237499951938,790.1805766940718,0.08263467644898526,False
97,x,26,0.08888679200026672,9.74276635637808,0.9886890714927544,False
97,x,27,0.01670441700025549,18.433048311259014,0.9786000316549966,False
97,x,28,0.024389125000197964,3731.114012254826,-3.3316612860544135,False
97,x,29,0.015610583000125189,21.768068363319625,0.974728218250132,False
97,x,30,0.01811108299989428,15.701525300630337,0.9817712112110876,False
97,x,31,0.015424291000272206,21.916499577361456,0.9745558960585842,False
97,x,33,0.009366833999592927,4.120652508510989,0.9952161014416139,False
97,x,34,0.009760333000485844,0.12651614204046271,0.9998531202550397,False
97,x,35,0.007806208999681985,4.450811764339483,0.9948328008879435,False
97,x,36,0.018167041999731737,857.5151590693723,0.0044621513720940476,False
97,x,37,0.014365791999807698,50.738302765001684,0.9410950345967998,False
97,x,38,0.0076138340000397875,133.48254685130968,0.8450325616797918,False
97,x,39,0.1688814999997703,2.5356867674369674,0.9970561778149928,False
97,x,40,0.017684374999589636,18079.1163291639,-19.989068688840998,False
97,x,41,0.017292083999564056,3762.5684202558277,-3.368178487342335,False
97,x,42,7.093079749999561,4.4995446277737806e-07,0.9999999994776224,False
97,x,47,0.8101372499995705,89.2133247638996,0.8964272054376471,False
97,x,50,0.8773408749993905,63.27472188875482,0.9265407965848402,False
97,x,51,0.8392060839996702,49.44040736837574,0.9426018347708086,False
97,x,52,0.39340858299965475,310.3646170511373,0.6396801620572654,False
97,x,53,0.848910041999261,10344.54435355653,-11.009566620317328,False
97,x,54,8.242420624999795,0.0070150587414489875,0.9999918558215402,False
97,x,55,0.7136439590003647,12.707821625424149,0.9852467711294437,False
97,x,56,0.9875812079999378,39.44596472541545,0.9542049485137842,False
97,x,57,0.6150874169998133,13.364148077416539,0.9844848046299555,False
97,x,59,0.7162371670001448,2.8836518280014904,0.9966522054955202,False
97,y,0,0.03321262499957811,11.520774335802784,0.5616213695755916,False
97,y,1,0.008383708000110346,14.912666658381228,0.43255599015069435,False
97,y,2,0.015154167000218877,25.294123246775246,0.03752970212701712,False
97,y,3,0.01562312500027474,1.2526010030428312,0.9523371002523943,False
97,y,4,0.022751209000489325,0.6232286189861916,0.9762854387674781,False
97,y,5,0.028012791999572073,32.954891803809275,-0.2539712968635113,False
97,y,6,0.018137666000257013,0.6659165550201618,0.9746611140138839,False
97,y,7,0.012279833999855327,0.4648784265629073,0.9823108445656139,False
97,y,8,0.013172791999750189,1.7450346384267477,0.9335994376298696,False
97,y,9,0.017642124999838416,22.333744702068742,0.1501754891322541,False
97,y,10,0.007604999999784923,12.471272407735107,0.5254538316263555,False
97,y,11,0.043410790999587334,14.37968390542726,0.4528365930398327,False
97,y,19,0.015145291999942856,0.08409487435207379,0.9968000939199365,False
97,y,20,0.01765683300072851,10.348631402245797,0.606222747824752,False
97,y,21,0.10706895899966185,7.238950847089232,0.7245496469629911,False
97,y,22,0.013582083999608585,398.0515633400051,-14.146316913178813,False
97,y,23,0.0075064580005346215,18.839604998648234,0.2831314982554286,False
97,y,24,0.12325445799979207,9.474736771273264,0.6394754372963654,False
97,y,25,0.1420595419995152,7.238608258699073,0.7245626828427765,False
97,y,26,0.010981958000229497,3.6049119094955215,0.8628289818355194,False
97,y,27,0.012885000000096625,11.169845428186122,0.5749746155826108,False
97,y,28,0.019887833000211685,15.13781820303911,0.4239887165536126,False
97,y,29,0.021571666999989247,12.754331131750343,0.5146831236733442,False
97,y,30,0.013330542000403511,8.273804680233946,0.6851722758904922,False
97,y,31,0.01566991700019571,117.12697559083011,-3.456815284168428,False
97,y,33,0.009224624999660591,0.8923823494116142,0.9660438317124003,False
97,y,34,0.00996824999947421,0.05931311848151673,0.9977430680535662,False
97,y,35,0.0072623749992999365,1.5190034459623194,0.9422001828313289,False
97,y,36,0.016580416999204317,24.27717824817141,0.0762256215774556,False
97,y,37,0.009554833000038343,2.1250516040986085,0.919139357769477,False
97,y,38,0.00877916700028436,252.38954183069185,-8.60371051946943,False
97,y,39,0.021891708000111976,2.5303176796439963,0.9037185204215087,False
97,y,40,0.011606667000705784,6174.802049781352,-233.95827509725785,False
97,y,41,0.013566292000177782,5.062057823867216,0.8073829144400613,False
97,y,42,4.414263791999474,6.618626989075459e-07,0.9999999748153678,False
97,y,47,1.9186780829995769,11.488720906707494,0.5628410391861259,False
97,y,51,2.2412767920004626,425.84953249077887,-15.204061409312715,False
97,y,52,0.47190862499974173,82.69144836033185,-2.1465041171199197,False
97,y,53,0.7923285840006429,1044.9212895600854,-38.760449295072306,False
97,y,54,0.5095130409999911,0.0006288284261731626,0.9999760723597041,False
97,y,55,9.996101083000212,5.863454533253961,0.7768888537417438,False
97,y,56,4.576620624999123,539.6867453517949,-19.53569746178356,False
97,y,57,1.495862957999634,15.105976595076868,0.4252003261279462,False
97,y,58,0.5304762919995483,10220.99015919695,-387.9203569976789,False
97,y,59,3.652494291000039,1.004785084708648,0.9617667791706852,False
97,z,0,0.02793783400011307,0.5377163701284622,0.9863035290450707,False
97,z,1,0.008735459000490664,0.07231569130463382,0.998158007045047,False
97,z,2,0.163338708000083,0.012690981749338413,0.9996767409873019,False
97,z,3,0.015580416999910085,12.788869659713269,0.6742476302166651,False
97,z,4,0.017841916999714158,0.1201968836710674,0.9969383987218383,False
97,z,5,0.026284667000254558,152.66532038255454,-2.8886227807144746,False
97,z,6,0.015192125000794476,0.12419194066771087,0.9968366384162989,False
97,z,7,0.010674457999812148,0.29471672731748266,0.9924931072961916,False
97,z,8,0.021003666000069643,5.033055032657166,0.8718002725993245,False
97,z,9,0.02148995800052944,29.468379878059594,0.24939460371600386,False
97,z,10,0.007457542000338435,0.3333026307193282,0.9915102644173578,False
97,z,11,0.044915499999660824,0.27050154730773174,0.9931099055342528,False
97,z,19,0.013407749999714724,0.0016942554195997176,0.9999568446834913,False
97,z,20,0.015787416999955894,0.7214995763657212,0.981622285389366,False
97,z,21,0.022162082999784616,0.22772745438640613,0.9941994281038938,False
97,z,22,0.0149468750005326,432.3619676976869,-10.012930722515858,False
97,z,23,0.00740520799990918,1.5443381251502653,0.9606633097841948,False
97,z,24,0.02263066599971353,35.29058100412672,0.10109409986881024,False
97,z,25,0.017380334000336006,36.00804224277958,0.08281924799076723,False
97,z,26,0.0874043330004497,0.6880178366511117,0.9824751172929439,False
97,z,27,0.012863542000559391,0.5876284333569642,0.985032191287311,False
97,z,28,0.02464700000018638,160.0521129476267,-3.076775858132274,False
97,z,29,0.01467316700018273,0.8368531228413402,0.9786840514306827,False
97,z,30,0.013640291000228899,0.5144510440615125,0.9868961330282018,False
97,z,31,0.01573991599980218,36.185940187872816,0.0782879110754916,False
97,z,33,0.009383708000314073,0.13901085248793738,0.99645917772028,False
97,z,34,0.01002650000009453,0.01144820849421032,0.9997083963519848,False
97,z,35,0.007534374999522697,0.14308729881219218,0.9963553443021788,False
97,z,36,0.015674709000450093,39.04861981028202,0.005371015701396087,False
97,z,37,0.014874791999318404,35.03048959019695,0.10771903207175693,False
97,z,38,0.007674708000195096,148.45936406330233,-2.781490541927367,False
97,z,39,0.15451524999934918,0.24677708938437226,0.9937142043187424,False
97,z,40,0.013015958000323735,8551.303914570419,-216.81498983322007,False
97,z,41,0.01712950000001001,161.75541318313927,-3.1201615601477233,False
97,z,42,7.067028082999968,6.375826576773218e-10,0.9999999999837598,False
97,z,47,0.6547125839997534,32.90178897363111,0.16194034238739508,False
97,z,50,5.867514624999785,573.6597211838836,-13.612003921939017,False
97,z,51,0.5447779579999406,74.27161712424363,-0.8918134228920838,False
97,z,52,0.42104850000032457,306.310237285754,-6.802197406003364,False
97,z,53,0.5296724590007216,2639.4371262031495,-66.23056232743465,False
97,z,54,0.5026350000007369,0.00386355986973534,0.9999015891304819,False
97,z,55,1.1242362499997398,13.817562856813188,0.6480452170518096,False
97,z,56,0.8651707500002885,74.78312425376868,-0.9048423037890991,False
97,z,57,0.7100381660002313,15.251642676498413,0.6115169770938621,False
97,z,58,0.44009004100007587,6.24424080741358,0.8409494900929045,False
97,z,59,5.129886540999905,2.007184550577537,0.9488738925846719,False
98,x,0,0.029303874999641266,9.733158245000755,0.9809249125198093,False
98,x,1,0.008439500000349653,3.0657960236280166,0.9939916391087998,False
98,x,2,0.015083458999470167,437.0537015904414,0.14346018203691613,False
98,x,3,0.015866082999309583,208.31844213449452,0.5917365764094564,False
98,x,4,0.01702308299991273,10.545068879799176,0.9793337263914186,False
98,x,5,0.02474633299971174,2776.639186109207,-4.44167001529671,False
98,x,6,0.014593750000130967,11.037849759080572,0.9783679721989716,False
98,x,7,0.011922708999918541,19.893915038225703,0.9610118154739189,False
98,x,8,0.014761624999664491,4.667255758346251,0.9908530910890505,False
98,x,9,0.02273425000021234,363.75952497587065,0.2871024403377701,False
98,x,10,0.008003792000636167,19.378298472745254,0.9620223231472969,False
98,x,11,0.04295545799959655,9.918997758609725,0.9805607034018502,False
98,x,19,0.012349665999863646,0.0038151084096639657,0.999992523133311,False
98,x,20,0.02389500000026601,510.254973038091,-2.982780689109177e-10,False
98,x,21,0.0233539999999266,510.2549729122739,-5.170086581074429e-11,False
98,x,22,0.018759458999738854,2178.2346859211652,-3.268914173636623,False
98,x,23,0.007210624999970605,3.2806264492562507,0.9935706134705523,False
98,x,24,0.01737270899957366,490.09679201232103,0.03950609390352755,False
98,x,25,0.02178412500052218,464.90588807872774,0.08887534118615437,False
98,x,26,0.011300166999717476,14.317256564715075,0.9719409759326014,False
98,x,27,0.012828208999962953,28.29598629360064,0.9445453982867338,False
98,x,28,0.018467667000550136,2836.595691379928,-4.559173045069493,False
98,x,29,0.01619416599987744,18.19674897749935,0.9643379291835561,False
98,x,30,0.012909666000268771,22.26449736862353,0.9563659375180602,False
98,x,31,0.020356791999802226,0.20408607015222185,0.9996000311981322,False
98,x,33,0.009974165999665274,15.69627013453033,0.9692383789113204,False
98,x,34,0.010117292000359157,0.060986152313707145,0.9998804790633028,False
98,x,35,0.0076428330003182054,17.992819566505553,0.9647375909640977,False
98,x,36,0.014241958000638988,509.49123162842477,0.001496783565183013,False
98,x,37,0.010424457999761216,5.478048843111898,0.9892640951402605,False
98,x,38,0.00768266599970957,220.75676924034642,0.5673598867801466,False
98,x,39,0.02350912500060076,0.009265598539544704,0.9999818412381419,False
98,x,40,0.013255749999188993,1116.424412500144,-1.1879736050114071,False
98,x,41,0.018746791999546986,2896.6272077823687,-4.676823081996944,False
98,x,42,1.7568171250004525,1.2627442230377771e-08,0.9999999999752527,False
98,x,51,0.4948522499998944,14.037417970848637,0.972489404872517,False
98,x,52,0.44120120800016593,200.77613024909323,0.606518033300986,False
98,x,53,0.49099316599949816,3613.090981740533,-6.08095202150733,False
98,x,57,2.487459584000135,14.14512702339235,0.9722783161849643,False
98,y,0,0.02750695899976563,1.4631136672201572,0.9937643487314535,False
98,y,1,0.008238666000579542,8.62825292279221,0.9632272068201153,False
98,y,2,0.015695582999796898,234.10179244347597,0.002280429932228989,False
98,y,3,0.015763917000185756,68.21974387915552,0.7092539411047923,False
98,y,4,0.1513251249998575,1.2957066073342918,0.9944778216958092,False
98,y,5,0.02971887500007142,686.4210360174387,-1.9254611585520074,False
98,y,6,0.1527540830002181,1.0832904750854215,0.9953831190450124,False
98,y,7,0.01086162499996135,3.3099474017642563,0.9858933190379884,False
98,y,8,0.012067832999491657,4.033118212084921,0.9828112338372401,False
98,y,9,0.0226782079998884,195.78909598014087,0.16556549769934248,False
98,y,10,0.007097749999957159,4.45970373855734,0.9809931669030796,False
98,y,11,0.04381954099972063,9.075711937269734,0.9613201790657027,False
98,y,19,0.01430320799954643,0.3130489601863013,0.9986658151109943,False
98,y,20,0.01687941700038209,17.622001028047865,0.9248967079409147,False
98,y,21,0.019846207999762555,1.2496835871687488,0.9946739674297377,False
98,y,22,0.011761249999835854,501.9820846137356,-1.139399892734556,False
98,y,23,0.007051416000649624,27.296095850840015,0.8836666360706982,False
98,y,24,0.016272333999950206,202.93292865515687,0.13511916240750954,False
98,y,25,0.016776249999566062,210.051639115334,0.10477989560552747,False
98,y,26,0.09374424999987241,20.7454085008077,0.9115850424113958,False
98,y,27,0.013047375000496686,2.4574785182981658,0.9895264603267862,False
98,y,28,0.020743332999700215,718.7825926790191,-2.0633830345962147,False
98,y,29,0.016741834000640665,2.9343076836959936,0.9874942597830361,False
98,y,30,0.013032332999500795,3.6707632902165166,0.9843555560446224,False
98,y,31,0.018724375000601867,82.75235923724324,0.647317316888075,False
98,y,33,0.008873959000084142,1.3118554811520666,0.9944089967317866,False
98,y,34,0.010245999999824562,0.14556786597955804,0.9993796036025829,False
98,y,35,0.00802833399939118,1.082528885557288,0.9953863648671338,False
98,y,36,0.014652542000476387,231.00482230127983,0.015479422073780724,False
98,y,37,0.009931249999681313,53.74759990274644,0.7709328420452375,False
98,y,38,0.0074031670001204475,98.31280260168093,0.58100018748216,False
98,y,39,0.15189275000011548,12.283403408854504,0.9476493031508488,False
98,y,40,0.01351658400017186,1412.4311094450466,-5.0196470285724635,False
98,y,41,0.015020875000118394,11.321703761386567,0.9517479755650625,False
98,y,42,7.136311291000311,1.2658308616146126e-08,0.9999999999460515,False
98,y,51,5.725379167000028,920.9431411506837,-2.924972061320625,False
98,y,52,0.4559398749997854,6.278023601031349,0.9732436606199473,False
98,y,53,0.7635059999993246,808.183898727405,-2.4444028965249953,False
98,y,57,0.8744000830001823,16.76082669977908,0.9285669510073414,False
98,y,58,0.569618375000573,3904.0998497740707,-15.638902175679554,False
98,z,0,0.025752083000043058,3.713916238854711,0.9903228401306023,False
98,z,1,0.008009499999388936,2.7703502754072202,0.9927814412643801,False
98,z,2,0.01865345799978968,383.71834310677133,0.0001649169638497927,False
98,z,3,0.01717595900026936,118.87034281598437,0.6902656825897827,False
98,z,4,0.04704250000031607,1.2705283111369792,0.9966894499512838,False
98,z,5,0.025938624999980675,1295.48983231929,-2.3755909962037673,False
98,z,6,0.01953600000069855,1.269127925489085,0.996693098863893,False
98,z,7,0.010789083000418032,2.3622086317916793,0.9938449148810722,False
98,z,8,0.013085999999930209,1.1728149940166652,0.9969440564987471,False
98,z,9,0.023823124999580614,294.2723728960038,0.23322966526035527,False
98,z,10,0.008825458000501385,1.5951823524407422,0.9958435156711636,False
98,z,11,0.04350266599976749,3.0663676403575577,0.992010124093903,False
98,z,19,0.01470683299976372,0.11205995988166222,0.9997080111459198,False
98,z,20,0.018977499999891734,11.025142270427194,0.9712723557904798,False
98,z,21,0.023553374999210064,1.4051451154426693,0.9963386858918404,False
98,z,22,0.013547666999329522,882.8146473543162,-1.30030456479227,False
98,z,23,0.00732975000028091,21.768195665372126,0.9432797360052751,False
98,z,24,0.027115582999613252,1.8559428330771275,0.9951640655445453,False
98,z,25,0.016510832999301783,349.5936024077536,0.08908199263488636,False
98,z,26,0.09266704200035747,12.553791527203128,0.9672892333152625,False
98,z,27,0.014388999999937369,2.7209170851351434,0.9929102467770388,False
98,z,28,0.02392337499986752,1356.1240781231656,-2.533582521178334,False
98,z,29,0.0158680419999655,5.6938133495268906,0.9851639244112641,False
98,z,30,0.013609000000542437,2.599051431502844,0.9932277858212559,False
98,z,31,0.02051733299958869,93.50923454863121,0.7563478135222677,False
98,z,33,0.009013042000333371,1.2703550835625124,0.9966899013214343,False
98,z,34,0.009775167000043439,0.30214210236495675,0.9992127239173376,False
98,z,35,0.008052666999901703,1.2736972746478745,0.9966811927466128,False
98,z,36,0.014905084000019997,380.93005946851815,0.007430203737501806,False
98,z,37,0.009847332999925129,35.386032985486324,0.9077964401130572,False
98,z,38,0.007628917000147339,132.6936576060256,0.6542469846588113,False
98,z,39,0.1579295000001366,5.578468671615997,0.9854644720855897,False
98,z,40,0.014243749999877764,1381.088551883284,-2.598631162045514,False
98,z,41,0.014152208999803406,1387.701004793212,-2.615860889326053,False
98,z,42,2.448418541999672,2.978586126379668e-07,0.9999999992238852,False
98,z,51,0.882235708000735,9.78452622216235,0.9745049649995936,False
98,z,52,0.37526250000064465,169.75430372083284,0.5576799717671157,False
98,z,53,0.5933359170003314,1445.8763182383702,-2.767445301158326,False
98,z,57,1.1634414170002856,15.886505511307135,0.9586053524873263,False
98,z,58,0.4236100839998471,2.6345466717794763,0.9931352977055665,False
99,x,0,0.029850207999515987,11.841663721282798,0.9833010491620162,False
99,x,1,0.008257957999376231,0.31350502278253667,0.9995578995413037,False
99,x,2,0.015887167000073532,622.0293150558878,0.12282284006814181,False
99,x,3,0.016607459000624658,254.61227199873386,0.6409492861030501,False
99,x,4,0.014969750000091153,2.973174585497818,0.9958072702109638,False
99,x,5,0.025925707999704173,2905.829667064837,-3.0977609140055664,False
99,x,6,0.015443708000020706,3.1193429342244245,0.9956011456218093,False
99,x,7,0.010558584000136761,7.976975812235462,0.9887509787425482,False
99,x,8,0.012716457999886188,1.4107542997573435,0.9980105737461721,False
99,x,9,0.020681666000200494,504.4453911119053,0.2886380676825495,False
99,x,10,0.00813191699944582,9.517253708494222,0.9865789000995591,False
99,x,11,0.04307841700028803,6.022477685133143,0.991507185041394,False
99,x,19,0.01302508300068439,0.03108235242369692,0.9999561680953565,False
99,x,20,0.017632709000281466,10.013874910642233,0.9858785717305931,False
99,x,21,0.019589042000006884,709.1262139193078,-5.3101709696079524e-09,False
99,x,22,0.019097207999948296,2149.9357849517096,-2.031809788113234,False
99,x,23,0.007175374999860651,21.883949687507616,0.9691395560139238,False
99,x,24,0.016339249999873573,658.4046041187694,0.07152690918582949,False
99,x,25,0.01790862500001822,657.1442114913376,0.0733042974834055,False
99,x,26,0.0872084590000668,8.628239982523944,0.9878325749930277,False
99,x,27,0.012791333000677696,15.602386523735023,0.9779977297407288,False
99,x,28,0.018560374999651685,3013.3125403436866,-3.249331779304071,False
99,x,29,0.01615183400008391,19.186220396409976,0.9729438566482393,False
99,x,30,0.014414749999559717,13.577449753738263,0.9808532676421664,False
99,x,31,0.017495375000180502,2.1255895498049697,0.9970025229368631,False
99,x,33,0.009576958000252489,4.136631493680567,0.9941665793275589,False
99,x,34,0.009620042000278772,0.06910217074708679,0.9999025530719953,False
99,x,35,0.007337916000324185,4.466664961127523,0.9937011706841872,False
99,x,36,0.016084333000435436,708.228669068734,0.0012657000575364563,False
99,x,37,0.010825917000147456,19.272211234834636,0.972822593554035,False
99,x,38,0.007776125000418688,153.5262391092584,0.7834994153213197,False
99,x,39,0.15898229199956404,2.3706603635649843,0.9966569274557613,False
99,x,40,0.012454499999876134,1154.9028441403234,-0.628628060285574,False
99,x,41,0.017098874999646796,2989.891034839373,-3.2163030953139016,False
99,x,42,7.028867375000118,1.1525412826702422e-09,0.9999999999983747,False
99,x,47,0.7252656250002474,7.049327908724178,0.9900591350202723,False
99,x,50,1.2996309580003071,1.0754700270357538,0.9984833870027133,False
99,x,51,0.51303870799984,38.973232473887684,0.9450404851550488,False
99,x,52,0.4489549999998417,272.30694203803864,0.6159965064907031,False
99,x,53,0.48219358300048043,5329.400566269868,-6.515447165765523,False
99,x,54,8.74926754199987,0.0011220667506915086,0.9999984176769458,False
99,x,55,1.1601465840003584,55.3333611037036,0.9219696574299401,False
99,x,56,11.92107225000018,63.24929755911201,0.9108067130315199,False
99,x,57,0.7480717500002356,15.965116767078932,0.9774862125550007,False
99,x,59,1.3609074169999076,0.6748200829752143,0.9990483780273346,False
99,y,0,0.030465957999695092,3.8262671487201887,0.9737327707370846,False
99,y,1,0.008476750000227185,2.140543057023245,0.9853052248992135,False
99,y,2,0.014405292000446934,138.83195002927124,0.04692209960921645,False
99,y,3,0.015328082999985781,61.21824531777764,0.5797382612520101,False
99,y,4,0.01703449999968143,1.0988081859357062,0.992456709002769,False
99,y,5,0.022837040999547753,745.4625388760657,-4.117581876665881,False
99,y,6,0.01583550000032119,1.1403135195315734,0.9921717759150308,False
99,y,7,0.012085499999557214,1.9367303110609242,0.9867043943551901,False
99,y,8,0.02308999999968364,6.7586470346904415,0.9536020554062157,False
99,y,9,0.021962916999655135,93.62961931911167,0.3572349810239458,False
99,y,10,0.007838125000489526,7.846147401916886,0.9461363923045171,False
99,y,11,0.04540520800037484,4.240066864229046,0.9708920459330583,False
99,y,19,0.012503042000389541,0.03407289888098117,0.9997660903926016,False
99,y,20,0.01548395800000435,0.07620196190552388,0.9994768754177747,False
99,y,21,0.01877958299974125,0.995054493298625,0.993168975534468,False
99,y,22,0.012101332999918668,913.388197747344,-5.270387368089393,False
99,y,23,0.007901792000666319,0.29079551315631863,0.998003696000354,False
99,y,24,0.017610249999961525,140.77132307091134,0.033608351684396465,False
99,y,25,0.01946816600047896,136.0576548137896,0.06596756759031086,False
99,y,26,0.012313375000303495,1.2094057981824056,0.9916974591323604,False
99,y,27,0.0128387089998796,11.00885753743035,0.9244244655119863,False
99,y,28,0.019853415999932622,49.16767351140885,0.6624651384103375,False
99,y,29,0.01482862499960902,5.268672932071508,0.9638306907387978,False
99,y,30,0.014717916999870795,8.97198963139566,0.938407513267547,False
99,y,31,0.01483170799929212,13.577571902230197,0.9067903049820011,False
99,y,33,0.008774583000558778,1.3494177768498792,0.990736280364578,False
99,y,34,0.009130209000431933,0.09483620278678723,0.9993489518153854,False
99,y,35,0.00780541699987225,1.6546354027180317,0.9886409689181613,False
99,y,36,0.01625354200041329,141.4046826812666,0.02926035363710011,False
99,y,37,0.015482374999919557,116.79819190282007,0.1981833037372931,False
99,y,38,0.007598666000376397,101.17984548999877,0.3054028652544307,False
99,y,39,0.02100483300000633,0.049109289160972486,0.9996628659455309,False
99,y,40,0.013083166999422247,11450.661774760087,-77.60850964113354,False
99,y,41,0.015274624999619846,741.4006038996206,-4.089696793599205,False
99,y,42,6.1767348749999655,8.318057651871105e-08,0.9999999994289674,False
99,y,47,1.5951274999997622,10.098599392497636,0.930673365144983,False
99,y,51,8.358671791000233,1886.3591655383354,-11.949808977653424,False
99,y,52,0.4603238749996308,14.361830452668553,0.9014063894462925,False
99,y,53,0.8715486670007522,1902.6138257241732,-12.061396817471408,False
99,y,54,0.5252567090001321,0.00013969702574554414,0.9999990409833762,False
99,y,55,9.95400941600019,0.1981623323337478,0.9986396204937166,False
99,y,56,11.88128074999986,492.79239748495166,-2.3830076104561955,False
99,y,57,1.5889768750002986,18.841725902125383,0.8706520180783301,False
99,y,58,0.5415222910005468,5967.459923903444,-39.96646466278772,False
99,y,59,4.504129167000428,0.35609608339846316,0.9975554092020515,False
99,z,0,0.027995874999760417,4.83995124832332,0.9869338547465448,False
99,z,1,0.00807974999952421,5.127584382640333,0.9861573476868932,False
99,z,2,0.017523833000268496,365.6859066183299,0.01277824344371592,False
99,z,3,0.01843658300003881,119.85189217934268,0.6764425607263633,False
99,z,4,0.14587495900013892,0.8569416301937653,0.9976865626864065,False
99,z,5,0.028815042000132962,1223.5071395910168,-2.3030336844970827,False
99,z,6,0.15408558299986908,0.7593807880017542,0.9979499422267628,False
99,z,7,0.011303832999146834,2.9743819022704745,0.9919702278018239,False
99,z,8,0.01308983399940189,2.162747728389614,0.9941613511137104,False
99,z,9,0.022349666999616602,281.44565607242515,0.24019692874587728,False
99,z,10,0.007858415999180579,3.4076690635128104,0.9908005067251476,False
99,z,11,0.04507162500067352,6.7071262444703255,0.9818931470076543,False
99,z,19,0.01623491699956503,0.20051839321792186,0.9994586717267695,False
99,z,20,0.01686883299953479,15.321853009133164,0.95863645175377,False
99,z,21,0.02054420799959189,2.7191864217943773,0.9926591647445423,False
99,z,22,0.013113374999193184,838.4390850845263,-1.2634870290653422,False
99,z,23,0.007096457999978156,26.862066759385467,0.9274819831692047,False
99,z,24,0.019350000000486034,3.1820756846113483,0.9914095285325398,False
99,z,25,0.016638125000099535,341.78990689029115,0.07728893526757286,False
99,z,26,0.08552545800012012,18.227472123217943,0.950792314602802,False
99,z,27,0.012527959000181,3.0448949230954883,0.9917798677496067,False
99,z,28,0.02348029199947632,1277.2478320898613,-2.448114421509553,False
99,z,29,0.015336041999944428,7.5323686946213995,0.97966528619465,False
99,z,30,0.012883915999736928,3.980068690628122,0.9892552315173646,False
99,z,31,0.018480665999959456,77.15395839425412,0.7917117806491147,False
99,z,33,0.009836208000706392,0.8640265310202062,0.997667435976538,False
99,z,34,0.009457500000280561,0.05413612768950271,0.9998538517287554,False
99,z,35,0.007980041000337224,0.7592478175103474,0.9979503011997496,False
99,z,36,0.01564495800084842,368.86540618469013,0.004194726578385377,False
99,z,37,0.009860166999715148,40.93831468552937,0.8894811251873483,False
99,z,38,0.007661790999918594,107.77719843009265,0.7090399350229211,False
99,z,39,0.15711183300027187,8.885545310126156,0.9760121910900476,False
99,z,40,0.01353904200004763,1343.6470149870947,-2.627368575928264,False
99,z,41,0.016885749999346444,1282.687205548149,-2.462798793323916,False
99,z,42,7.35962495900003,8.194555231280685e-08,0.9999999997787762,False
99,z,47,1.880104916000164,2.461638333636101,0.9933544528904283,False
99,z,50,11.75157979100004,1037.6211885225732,-1.8012077956354249,False
99,z,51,0.641617624999526,83.67829055249456,0.7740984066113308,False
99,z,52,0.3820345419999285,289.3681036301048,0.21880914088595138,False
99,z,53,0.4442144169997846,2738.0945587262413,-6.39188049350828,False
99,z,54,1.0247247500001322,0.0006029739225239341,0.9999983721850797,False
99,z,55,1.212554290999833,0.2623948703842929,0.9992916272676526,False
99,z,56,0.9470545419999326,7.874775646244829,0.978740909328818,False
99,z,57,1.6654996670004039,17.3100141935795,0.9532691243799134,False
99,z,58,0.5210574170005202,3.2273148109536596,0.9912873989974267,False
99,z,59,0.7670020000005024,0.6342019914088128,0.9982878804114713,False
