event_id,track_id,particle_id,n_shared,n_reco_hits,n_true_hits,purity_reco,purity_calc,eff_true,PID,pt,n_rows,n_truth_contributors,n_shared_second,second_frac,extra_hit_frac,n_reco_for_same_dominant_particle,duplicate_like
65001,19,210,25,25,25,1.0,1.0,1.0,15,14.142135623730953,25,1,25.0,1.0,0.0,1,False
65003,255,1340,22,22,25,1.0,1.0,0.88,15,14.142135623730953,22,1,22.0,1.0,0.0,4,True
65005,263,1530,21,21,25,1.0,1.0,0.84,15,14.142135623730953,21,1,21.0,1.0,0.0,5,True
65007,98,570,20,20,25,1.0,1.0,0.8,15,14.142135623730953,20,1,20.0,1.0,0.0,4,True
65017,0,32,25,25,25,1.0,1.0,1.0,15,14.142135623730953,25,1,25.0,1.0,0.0,1,False
65020,0,33,25,25,25,1.0,1.0,1.0,15,14.142135623730953,25,1,25.0,1.0,0.0,1,False
65022,0,107,25,25,25,1.0,1.0,1.0,15,14.142135623730953,25,1,25.0,1.0,0.0,1,False
65023,26,274,20,20,25,1.0,1.0,0.8,15,14.142135623730953,20,1,20.0,1.0,0.0,6,True
65028,141,1377,20,20,25,1.0,1.0,0.8,15,14.142135623730953,20,1,20.0,1.0,0.0,6,True
65031,6,173,25,25,25,1.0,1.0,1.0,15,14.142135623730953,25,1,25.0,1.0,0.0,1,False
65033,0,15,25,25,25,1.0,1.0,1.0,15,14.142135623730953,25,1,25.0,1.0,0.0,1,False
65034,98,724,25,25,25,1.0,1.0,1.0,15,14.142135623730953,25,1,25.0,1.0,0.0,1,False
65036,276,1466,25,25,25,1.0,1.0,1.0,15,14.142135623730953,25,1,25.0,1.0,0.0,1,False
65037,104,543,20,20,25,1.0,1.0,0.8,15,14.142135623730953,20,1,20.0,1.0,0.0,6,True
65038,179,1169,22,22,25,1.0,1.0,0.88,15,14.142135623730953,22,1,22.0,1.0,0.0,4,True
65042,273,1395,24,24,25,1.0,1.0,0.96,15,14.142135623730953,24,1,24.0,1.0,0.0,2,True
65046,247,1439,25,25,25,1.0,1.0,1.0,15,14.142135623730953,25,1,25.0,1.0,0.0,1,False
65048,388,1813,20,20,25,1.0,1.0,0.8,15,14.142135623730953,20,1,20.0,1.0,0.0,6,True
65052,297,1948,25,25,25,1.0,1.0,1.0,15,14.142135623730953,25,1,25.0,1.0,0.0,1,False
65055,161,1113,25,25,25,1.0,1.0,1.0,15,14.142135623730953,25,1,25.0,1.0,0.0,1,False
65057,76,422,25,25,25,1.0,1.0,1.0,15,14.142135623730953,25,1,25.0,1.0,0.0,1,False
65058,214,1147,25,25,25,1.0,1.0,1.0,15,14.142135623730953,25,1,25.0,1.0,0.0,1,False
65061,251,1602,25,25,25,1.0,1.0,1.0,15,14.142135623730953,25,1,25.0,1.0,0.0,1,False
65062,309,1503,25,25,25,1.0,1.0,1.0,15,14.142135623730953,25,1,25.0,1.0,0.0,1,False
65065,266,1707,25,25,25,1.0,1.0,1.0,15,14.142135623730953,25,1,25.0,1.0,0.0,1,False
65069,94,702,25,25,25,1.0,1.0,1.0,15,14.142135623730953,25,1,25.0,1.0,0.0,1,False
65070,41,378,25,25,25,1.0,1.0,1.0,15,14.142135623730953,25,1,25.0,1.0,0.0,1,False
65071,112,858,20,20,25,1.0,1.0,0.8,15,14.142135623730953,20,1,20.0,1.0,0.0,6,True
65074,41,412,25,25,25,1.0,1.0,1.0,15,14.142135623730953,25,1,25.0,1.0,0.0,1,False
65076,130,1032,21,21,25,1.0,1.0,0.84,15,14.142135623730953,21,1,21.0,1.0,0.0,5,True
65078,85,409,25,25,25,1.0,1.0,1.0,15,14.142135623730953,25,1,25.0,1.0,0.0,1,False
65082,163,1253,25,25,25,1.0,1.0,1.0,15,14.142135623730953,25,1,25.0,1.0,0.0,1,False
65084,281,1640,25,25,25,1.0,1.0,1.0,15,14.142135623730953,25,1,25.0,1.0,0.0,1,False
65086,172,878,22,22,25,1.0,1.0,0.88,15,14.142135623730953,22,1,22.0,1.0,0.0,4,True
65087,181,1376,25,25,25,1.0,1.0,1.0,15,14.142135623730953,25,1,25.0,1.0,0.0,1,False
65091,388,2033,25,25,25,1.0,1.0,1.0,15,14.142135623730953,25,1,25.0,1.0,0.0,1,False
65095,122,660,25,25,25,1.0,1.0,1.0,15,14.142135623730953,25,1,25.0,1.0,0.0,1,False
65099,4,84,21,21,25,1.0,1.0,0.84,15,14.142135623730953,21,1,21.0,1.0,0.0,5,True
65101,74,514,25,25,25,1.0,1.0,1.0,15,14.142135623730953,25,1,25.0,1.0,0.0,1,False
65103,323,1656,20,20,25,1.0,1.0,0.8,15,14.142135623730953,20,1,20.0,1.0,0.0,6,True
65104,5,634,25,25,25,1.0,1.0,1.0,15,14.142135623730953,25,1,25.0,1.0,0.0,1,False
65106,338,1803,25,25,25,1.0,1.0,1.0,15,14.142135623730953,25,1,25.0,1.0,0.0,1,False
65108,206,1150,25,25,25,1.0,1.0,1.0,15,14.142135623730953,25,1,25.0,1.0,0.0,1,False
65110,150,1234,22,22,25,1.0,1.0,0.88,15,14.142135623730953,22,1,22.0,1.0,0.0,4,True
65113,4,226,25,25,25,1.0,1.0,1.0,15,14.142135623730953,25,1,25.0,1.0,0.0,1,False
65117,2,62,23,23,25,1.0,1.0,0.92,15,14.142135623730953,23,1,23.0,1.0,0.0,3,True
65118,122,1147,20,20,25,1.0,1.0,0.8,15,14.142135623730953,20,1,20.0,1.0,0.0,5,True
65122,81,694,25,25,25,1.0,1.0,1.0,15,14.142135623730953,25,1,25.0,1.0,0.0,1,False
65124,157,560,21,21,35,1.0,1.0,0.6,15,14.142135623730953,21,1,21.0,1.0,0.0,10,True
65125,100,696,25,25,25,1.0,1.0,1.0,15,14.142135623730953,25,1,25.0,1.0,0.0,1,False
65127,141,987,25,25,25,1.0,1.0,1.0,15,14.142135623730953,25,1,25.0,1.0,0.0,1,False
65129,180,1387,22,22,43,1.0,1.0,0.5116279069767442,15,14.142135623730953,22,1,22.0,1.0,0.0,9,True
65131,36,310,25,25,25,1.0,1.0,1.0,15,14.142135623730953,25,1,25.0,1.0,0.0,1,False
65132,194,1369,25,25,25,1.0,1.0,1.0,15,14.142135623730953,25,1,25.0,1.0,0.0,1,False
65138,363,1757,25,25,25,1.0,1.0,1.0,15,14.142135623730953,25,1,25.0,1.0,0.0,1,False
65139,85,688,25,25,25,1.0,1.0,1.0,15,14.142135623730953,25,1,25.0,1.0,0.0,1,False
65140,432,2215,21,21,27,1.0,1.0,0.7777777777777778,15,14.142135623730953,21,1,21.0,1.0,0.0,3,True
65143,55,525,22,22,25,1.0,1.0,0.88,15,14.142135623730953,22,1,22.0,1.0,0.0,4,True
65147,8,259,25,25,25,1.0,1.0,1.0,15,14.142135623730953,25,1,25.0,1.0,0.0,1,False
65148,295,1792,25,25,25,1.0,1.0,1.0,15,14.142135623730953,25,1,25.0,1.0,0.0,1,False
65149,282,1729,24,24,25,1.0,1.0,0.96,15,14.142135623730953,24,1,24.0,1.0,0.0,2,True
65150,241,1423,25,25,25,1.0,1.0,1.0,15,14.142135623730953,25,1,25.0,1.0,0.0,1,False
65153,207,1415,25,25,25,1.0,1.0,1.0,15,14.142135623730953,25,1,25.0,1.0,0.0,1,False
65154,83,753,25,25,25,1.0,1.0,1.0,15,14.142135623730953,25,1,25.0,1.0,0.0,1,False
65157,195,1325,25,25,25,1.0,1.0,1.0,15,14.142135623730953,25,1,25.0,1.0,0.0,1,False
65159,93,497,25,25,25,1.0,1.0,1.0,15,14.142135623730953,25,1,25.0,1.0,0.0,1,False
65164,0,112,25,25,25,1.0,1.0,1.0,15,14.142135623730953,25,1,25.0,1.0,0.0,1,False
65165,106,712,25,25,25,1.0,1.0,1.0,15,14.142135623730953,25,1,25.0,1.0,0.0,1,False
65168,27,524,25,25,25,1.0,1.0,1.0,15,14.142135623730953,25,1,25.0,1.0,0.0,1,False
65171,15,93,24,24,25,1.0,1.0,0.96,15,14.142135623730953,24,1,24.0,1.0,0.0,2,True
65172,66,363,22,22,25,1.0,1.0,0.88,15,14.142135623730953,22,1,22.0,1.0,0.0,4,True
65173,224,1367,22,22,25,1.0,1.0,0.88,15,14.142135623730953,22,1,22.0,1.0,0.0,3,True
65184,173,861,25,25,25,1.0,1.0,1.0,15,14.142135623730953,25,1,25.0,1.0,0.0,1,False
65185,76,441,24,24,25,1.0,1.0,0.96,15,14.142135623730953,24,1,24.0,1.0,0.0,2,True
65190,160,804,25,25,25,1.0,1.0,1.0,15,14.142135623730953,25,1,25.0,1.0,0.0,1,False
65192,320,1590,22,22,39,1.0,1.0,0.5641025641025641,15,14.142135623730953,22,1,22.0,1.0,0.0,7,True
65193,42,268,25,25,25,1.0,1.0,1.0,15,14.142135623730953,25,1,25.0,1.0,0.0,1,False
65196,32,199,25,25,25,1.0,1.0,1.0,15,14.142135623730953,25,1,25.0,1.0,0.0,1,False
65200,58,320,22,22,25,1.0,1.0,0.88,15,14.142135623730953,22,1,22.0,1.0,0.0,4,True
65207,275,1356,25,25,25,1.0,1.0,1.0,15,14.142135623730953,25,1,25.0,1.0,0.0,1,False
65211,192,1337,24,24,25,1.0,1.0,0.96,15,14.142135623730953,24,1,24.0,1.0,0.0,2,True
65213,204,978,21,21,25,1.0,1.0,0.84,15,14.142135623730953,21,1,21.0,1.0,0.0,5,True
65217,1,82,24,24,25,1.0,1.0,0.96,15,14.142135623730953,24,1,24.0,1.0,0.0,2,True
65220,65,498,25,25,25,1.0,1.0,1.0,15,14.142135623730953,25,1,25.0,1.0,0.0,1,False
65227,19,256,25,25,25,1.0,1.0,1.0,15,14.142135623730953,25,1,25.0,1.0,0.0,1,False
65229,283,1571,25,25,25,1.0,1.0,1.0,15,14.142135623730953,25,1,25.0,1.0,0.0,1,False
65236,331,1610,25,25,25,1.0,1.0,1.0,15,14.142135623730953,25,1,25.0,1.0,0.0,1,False
65239,157,1155,25,25,25,1.0,1.0,1.0,15,14.142135623730953,25,1,25.0,1.0,0.0,1,False
65240,14,276,25,25,25,1.0,1.0,1.0,15,14.142135623730953,25,1,25.0,1.0,0.0,1,False
65245,143,761,25,25,25,1.0,1.0,1.0,15,14.142135623730953,25,1,25.0,1.0,0.0,1,False
65248,293,1617,25,25,25,1.0,1.0,1.0,15,14.142135623730953,25,1,25.0,1.0,0.0,1,False
65250,310,1683,22,22,25,1.0,1.0,0.88,15,14.142135623730953,22,1,22.0,1.0,0.0,4,True
65255,78,797,22,22,25,1.0,1.0,0.88,15,14.142135623730953,22,1,22.0,1.0,0.0,4,True
65257,122,877,21,21,25,1.0,1.0,0.84,15,14.142135623730953,21,1,21.0,1.0,0.0,5,True
65258,14,213,20,20,25,1.0,1.0,0.8,15,14.142135623730953,20,1,20.0,1.0,0.0,6,True
65260,25,203,25,25,25,1.0,1.0,1.0,15,14.142135623730953,25,1,25.0,1.0,0.0,1,False
65264,203,1011,20,20,25,1.0,1.0,0.8,15,14.142135623730953,20,1,20.0,1.0,0.0,6,True
65268,318,2045,25,25,25,1.0,1.0,1.0,15,14.142135623730953,25,1,25.0,1.0,0.0,1,False
65269,356,1542,23,23,25,1.0,1.0,0.92,15,14.142135623730953,23,1,23.0,1.0,0.0,3,True
65270,237,948,25,25,25,1.0,1.0,1.0,15,14.142135623730953,25,1,25.0,1.0,0.0,1,False
65272,188,1088,23,23,25,1.0,1.0,0.92,15,14.142135623730953,23,1,23.0,1.0,0.0,3,True
65273,129,811,25,25,25,1.0,1.0,1.0,15,14.142135623730953,25,1,25.0,1.0,0.0,1,False
65274,205,1510,25,25,25,1.0,1.0,1.0,15,14.142135623730953,25,1,25.0,1.0,0.0,1,False
65275,79,468,25,25,25,1.0,1.0,1.0,15,14.142135623730953,25,1,25.0,1.0,0.0,1,False
65276,68,426,25,25,25,1.0,1.0,1.0,15,14.142135623730953,25,1,25.0,1.0,0.0,1,False
65281,176,922,25,25,25,1.0,1.0,1.0,15,14.142135623730953,25,1,25.0,1.0,0.0,1,False
65284,275,1509,25,25,25,1.0,1.0,1.0,15,14.142135623730953,25,1,25.0,1.0,0.0,1,False
65288,167,1305,24,24,25,1.0,1.0,0.96,15,14.142135623730953,24,1,24.0,1.0,0.0,2,True
65289,144,1059,25,25,25,1.0,1.0,1.0,15,14.142135623730953,25,1,25.0,1.0,0.0,1,False
65293,67,442,24,24,25,1.0,1.0,0.96,15,14.142135623730953,24,1,24.0,1.0,0.0,2,True
65300,10,254,25,25,25,1.0,1.0,1.0,15,14.142135623730953,25,1,25.0,1.0,0.0,1,False
65302,125,1042,25,25,25,1.0,1.0,1.0,15,14.142135623730953,25,1,25.0,1.0,0.0,1,False
65304,144,1409,21,21,39,1.0,1.0,0.5384615384615384,15,14.142135623730953,21,1,21.0,1.0,0.0,18,True
65307,1,29,25,25,25,1.0,1.0,1.0,15,14.142135623730953,25,1,25.0,1.0,0.0,1,False
65310,26,226,21,21,25,1.0,1.0,0.84,15,14.142135623730953,21,1,21.0,1.0,0.0,5,True
65311,26,465,25,25,25,1.0,1.0,1.0,15,14.142135623730953,25,1,25.0,1.0,0.0,1,False
65312,9,141,25,25,25,1.0,1.0,1.0,15,14.142135623730953,25,1,25.0,1.0,0.0,1,False
65313,265,1325,25,25,25,1.0,1.0,1.0,15,14.142135623730953,25,1,25.0,1.0,0.0,1,False
65314,266,1662,25,25,25,1.0,1.0,1.0,15,14.142135623730953,25,1,25.0,1.0,0.0,1,False
65319,1,1,24,24,25,1.0,1.0,0.96,15,14.142135623730953,24,1,24.0,1.0,0.0,2,True
65320,103,490,22,22,25,1.0,1.0,0.88,15,14.142135623730953,22,1,22.0,1.0,0.0,4,True
65321,260,1206,25,25,25,1.0,1.0,1.0,15,14.142135623730953,25,1,25.0,1.0,0.0,1,False
65324,12,194,20,20,25,1.0,1.0,0.8,15,14.142135623730953,20,1,20.0,1.0,0.0,6,True
65326,6,285,25,25,25,1.0,1.0,1.0,15,14.142135623730953,25,1,25.0,1.0,0.0,1,False
65327,21,229,25,25,25,1.0,1.0,1.0,15,14.142135623730953,25,1,25.0,1.0,0.0,1,False
65330,157,700,25,25,25,1.0,1.0,1.0,15,14.142135623730953,25,1,25.0,1.0,0.0,1,False
65334,178,1222,21,21,25,1.0,1.0,0.84,15,14.142135623730953,21,1,21.0,1.0,0.0,5,True
65341,33,402,23,23,25,1.0,1.0,0.92,15,14.142135623730953,23,1,23.0,1.0,0.0,3,True
65344,327,1766,21,21,25,1.0,1.0,0.84,15,14.142135623730953,21,1,21.0,1.0,0.0,5,True
65345,98,570,25,25,25,1.0,1.0,1.0,15,14.142135623730953,25,1,25.0,1.0,0.0,1,False
65351,2,107,23,23,25,1.0,1.0,0.92,15,14.142135623730953,23,1,23.0,1.0,0.0,3,True
65354,282,1646,25,25,25,1.0,1.0,1.0,15,14.142135623730953,25,1,25.0,1.0,0.0,1,False
65356,29,342,22,22,25,1.0,1.0,0.88,15,14.142135623730953,22,1,22.0,1.0,0.0,4,True
65357,108,822,25,25,25,1.0,1.0,1.0,15,14.142135623730953,25,1,25.0,1.0,0.0,1,False
65362,222,1239,25,25,25,1.0,1.0,1.0,15,14.142135623730953,25,1,25.0,1.0,0.0,1,False
65372,26,174,25,25,25,1.0,1.0,1.0,15,14.142135623730953,25,1,25.0,1.0,0.0,1,False
65376,35,306,25,25,25,1.0,1.0,1.0,15,14.142135623730953,25,1,25.0,1.0,0.0,1,False
65378,286,1682,25,25,25,1.0,1.0,1.0,15,14.142135623730953,25,1,25.0,1.0,0.0,1,False
65381,353,2193,25,25,25,1.0,1.0,1.0,15,14.142135623730953,25,1,25.0,1.0,0.0,1,False
65383,24,457,23,23,25,1.0,1.0,0.92,15,14.142135623730953,23,1,23.0,1.0,0.0,3,True
65384,203,1432,25,25,25,1.0,1.0,1.0,15,14.142135623730953,25,1,25.0,1.0,0.0,1,False
65389,290,1429,25,25,25,1.0,1.0,1.0,15,14.142135623730953,25,1,25.0,1.0,0.0,1,False
65392,137,945,22,22,25,1.0,1.0,0.88,15,14.142135623730953,22,1,22.0,1.0,0.0,4,True
65397,161,778,25,25,25,1.0,1.0,1.0,15,14.142135623730953,25,1,25.0,1.0,0.0,1,False
65399,39,436,25,25,25,1.0,1.0,1.0,15,14.142135623730953,25,1,25.0,1.0,0.0,1,False
65402,228,1198,23,23,25,1.0,1.0,0.92,15,14.142135623730953,23,1,23.0,1.0,0.0,3,True
65403,237,1316,25,25,25,1.0,1.0,1.0,15,14.142135623730953,25,1,25.0,1.0,0.0,1,False
65406,146,648,22,22,25,1.0,1.0,0.88,15,14.142135623730953,22,1,22.0,1.0,0.0,4,True
65409,11,251,25,25,25,1.0,1.0,1.0,15,14.142135623730953,25,1,25.0,1.0,0.0,1,False
65410,0,54,25,25,25,1.0,1.0,1.0,15,14.142135623730953,25,1,25.0,1.0,0.0,1,False
65411,171,863,25,25,25,1.0,1.0,1.0,15,14.142135623730953,25,1,25.0,1.0,0.0,1,False
65416,229,1178,25,25,25,1.0,1.0,1.0,15,14.142135623730953,25,1,25.0,1.0,0.0,1,False
65428,79,383,25,25,25,1.0,1.0,1.0,15,14.142135623730953,25,1,25.0,1.0,0.0,1,False
65429,66,404,25,25,25,1.0,1.0,1.0,15,14.142135623730953,25,1,25.0,1.0,0.0,1,False
65439,54,303,21,21,37,1.0,1.0,0.5675675675675675,15,14.142135623730953,21,1,21.0,1.0,0.0,10,True
65441,190,1058,25,25,25,1.0,1.0,1.0,15,14.142135623730953,25,1,25.0,1.0,0.0,1,False
65445,200,1122,25,25,25,1.0,1.0,1.0,15,14.142135623730953,25,1,25.0,1.0,0.0,1,False
65448,288,1536,22,22,25,1.0,1.0,0.88,15,14.142135623730953,22,1,22.0,1.0,0.0,4,True
65449,8,193,25,25,25,1.0,1.0,1.0,15,14.142135623730953,25,1,25.0,1.0,0.0,1,False
65451,8,121,20,20,25,1.0,1.0,0.8,15,14.142135623730953,20,1,20.0,1.0,0.0,5,True
65452,0,12,25,25,25,1.0,1.0,1.0,15,14.142135623730953,25,1,25.0,1.0,0.0,1,False
65453,144,762,25,25,25,1.0,1.0,1.0,15,14.142135623730953,25,1,25.0,1.0,0.0,1,False
65454,118,743,25,25,25,1.0,1.0,1.0,15,14.142135623730953,25,1,25.0,1.0,0.0,1,False
65456,168,1431,23,23,25,1.0,1.0,0.92,15,14.142135623730953,23,1,23.0,1.0,0.0,3,True
65457,159,1418,25,25,25,1.0,1.0,1.0,15,14.142135623730953,25,1,25.0,1.0,0.0,1,False
65458,149,1231,25,25,25,1.0,1.0,1.0,15,14.142135623730953,25,1,25.0,1.0,0.0,1,False
65459,133,766,25,25,25,1.0,1.0,1.0,15,14.142135623730953,25,1,25.0,1.0,0.0,1,False
65463,261,1246,23,23,35,1.0,1.0,0.6571428571428571,15,14.142135623730953,23,1,23.0,1.0,0.0,13,True
65465,13,211,25,25,25,1.0,1.0,1.0,15,14.142135623730953,25,1,25.0,1.0,0.0,1,False
65467,10,175,25,25,25,1.0,1.0,1.0,15,14.142135623730953,25,1,25.0,1.0,0.0,1,False
65468,218,1508,24,24,25,1.0,1.0,0.96,15,14.142135623730953,24,1,24.0,1.0,0.0,2,True
65471,54,500,21,21,25,1.0,1.0,0.84,15,14.142135623730953,21,1,21.0,1.0,0.0,5,True
65472,359,2221,21,21,25,1.0,1.0,0.84,15,14.142135623730953,21,1,21.0,1.0,0.0,5,True
65474,119,548,25,25,25,1.0,1.0,1.0,15,14.142135623730953,25,1,25.0,1.0,0.0,1,False
65478,113,888,25,25,25,1.0,1.0,1.0,15,14.142135623730953,25,1,25.0,1.0,0.0,1,False
65481,189,1260,25,25,25,1.0,1.0,1.0,15,14.142135623730953,25,1,25.0,1.0,0.0,1,False
65483,123,1434,25,25,25,1.0,1.0,1.0,15,14.142135623730953,25,1,25.0,1.0,0.0,1,False
65486,64,407,22,22,25,1.0,1.0,0.88,15,14.142135623730953,22,1,22.0,1.0,0.0,4,True
65487,156,892,25,25,25,1.0,1.0,1.0,15,14.142135623730953,25,1,25.0,1.0,0.0,1,False
65488,149,1069,21,21,41,1.0,1.0,0.5121951219512195,15,14.142135623730953,21,1,21.0,1.0,0.0,8,True
65489,38,425,24,24,25,1.0,1.0,0.96,15,14.142135623730953,24,1,24.0,1.0,0.0,2,True
65493,158,886,21,21,25,1.0,1.0,0.84,15,14.142135623730953,21,1,21.0,1.0,0.0,5,True
65494,126,682,23,23,25,1.0,1.0,0.92,15,14.142135623730953,23,1,23.0,1.0,0.0,3,True
65498,450,2063,21,21,25,1.0,1.0,0.84,15,14.142135623730953,21,1,21.0,1.0,0.0,5,True
65500,198,1112,25,25,25,1.0,1.0,1.0,15,14.142135623730953,25,1,25.0,1.0,0.0,1,False
65501,14,308,25,25,25,1.0,1.0,1.0,15,14.142135623730953,25,1,25.0,1.0,0.0,1,False
65504,219,1548,25,25,25,1.0,1.0,1.0,15,14.142135623730953,25,1,25.0,1.0,0.0,1,False
65505,232,1552,25,25,25,1.0,1.0,1.0,15,14.142135623730953,25,1,25.0,1.0,0.0,1,False
65508,228,1586,25,25,25,1.0,1.0,1.0,15,14.142135623730953,25,1,25.0,1.0,0.0,1,False
65509,12,448,25,25,25,1.0,1.0,1.0,15,14.142135623730953,25,1,25.0,1.0,0.0,1,False
65512,174,981,25,25,25,1.0,1.0,1.0,15,14.142135623730953,25,1,25.0,1.0,0.0,1,False
65517,435,2286,25,25,25,1.0,1.0,1.0,15,14.142135623730953,25,1,25.0,1.0,0.0,1,False
65518,221,1120,22,22,25,1.0,1.0,0.88,15,14.142135623730953,22,1,22.0,1.0,0.0,4,True
65521,104,568,25,25,25,1.0,1.0,1.0,15,14.142135623730953,25,1,25.0,1.0,0.0,1,False
65524,114,611,25,25,25,1.0,1.0,1.0,15,14.142135623730953,25,1,25.0,1.0,0.0,1,False
65527,0,116,25,25,25,1.0,1.0,1.0,15,14.142135623730953,25,1,25.0,1.0,0.0,1,False
65530,76,358,25,25,25,1.0,1.0,1.0,15,14.142135623730953,25,1,25.0,1.0,0.0,1,False
65533,392,1936,21,21,25,1.0,1.0,0.84,15,14.142135623730953,21,1,21.0,1.0,0.0,5,True
65538,75,452,20,20,25,1.0,1.0,0.8,15,14.142135623730953,20,1,20.0,1.0,0.0,6,True
65541,270,1538,25,25,25,1.0,1.0,1.0,15,14.142135623730953,25,1,25.0,1.0,0.0,1,False
65544,104,992,25,25,25,1.0,1.0,1.0,15,14.142135623730953,25,1,25.0,1.0,0.0,1,False
65547,79,391,25,25,25,1.0,1.0,1.0,15,14.142135623730953,25,1,25.0,1.0,0.0,1,False
65549,55,345,20,20,25,1.0,1.0,0.8,15,14.142135623730953,20,1,20.0,1.0,0.0,6,True
65555,25,171,25,25,25,1.0,1.0,1.0,15,14.142135623730953,25,1,25.0,1.0,0.0,1,False
65560,27,181,25,25,25,1.0,1.0,1.0,15,14.142135623730953,25,1,25.0,1.0,0.0,1,False
65561,339,1937,25,25,25,1.0,1.0,1.0,15,14.142135623730953,25,1,25.0,1.0,0.0,1,False
65565,424,2279,25,25,25,1.0,1.0,1.0,15,14.142135623730953,25,1,25.0,1.0,0.0,1,False
65572,64,861,24,25,25,0.96,0.96,0.96,15,14.142135623730953,24,1,24.0,0.96,0.0,2,True
65573,168,1316,25,25,25,1.0,1.0,1.0,15,14.142135623730953,25,1,25.0,1.0,0.0,1,False
65576,61,545,25,25,25,1.0,1.0,1.0,15,14.142135623730953,25,1,25.0,1.0,0.0,1,False
65577,89,536,25,25,25,1.0,1.0,1.0,15,14.142135623730953,25,1,25.0,1.0,0.0,1,False
65579,152,1069,25,25,25,1.0,1.0,1.0,15,14.142135623730953,25,1,25.0,1.0,0.0,1,False
65581,20,90,25,25,25,1.0,1.0,1.0,15,14.142135623730953,25,1,25.0,1.0,0.0,1,False
65585,241,1342,25,25,25,1.0,1.0,1.0,15,14.142135623730953,25,1,25.0,1.0,0.0,1,False
65587,100,825,25,25,25,1.0,1.0,1.0,15,14.142135623730953,25,1,25.0,1.0,0.0,1,False
65597,35,267,22,22,39,1.0,1.0,0.5641025641025641,15,14.142135623730953,22,1,22.0,1.0,0.0,11,True
65598,59,296,25,25,25,1.0,1.0,1.0,15,14.142135623730953,25,1,25.0,1.0,0.0,1,False
65600,169,761,25,25,25,1.0,1.0,1.0,15,14.142135623730953,25,1,25.0,1.0,0.0,1,False
65604,124,873,25,25,25,1.0,1.0,1.0,15,14.142135623730953,25,1,25.0,1.0,0.0,1,False
65606,403,2291,25,25,25,1.0,1.0,1.0,15,14.142135623730953,25,1,25.0,1.0,0.0,1,False
65607,172,890,24,24,25,1.0,1.0,0.96,15,14.142135623730953,24,1,24.0,1.0,0.0,2,True
65608,489,2529,21,21,25,1.0,1.0,0.84,15,14.142135623730953,21,1,21.0,1.0,0.0,5,True
65610,263,1546,25,25,25,1.0,1.0,1.0,15,14.142135623730953,25,1,25.0,1.0,0.0,1,False
65612,114,612,25,25,25,1.0,1.0,1.0,15,14.142135623730953,25,1,25.0,1.0,0.0,1,False
65618,10,198,20,20,25,1.0,1.0,0.8,15,14.142135623730953,20,1,20.0,1.0,0.0,6,True
65619,140,888,20,20,25,1.0,1.0,0.8,15,14.142135623730953,20,1,20.0,1.0,0.0,6,True
65623,0,126,25,25,25,1.0,1.0,1.0,15,14.142135623730953,25,1,25.0,1.0,0.0,1,False
65624,46,228,22,22,25,1.0,1.0,0.88,15,14.142135623730953,22,1,22.0,1.0,0.0,4,True
65625,0,34,25,25,25,1.0,1.0,1.0,15,14.142135623730953,25,1,25.0,1.0,0.0,1,False
65627,362,1839,25,25,25,1.0,1.0,1.0,15,14.142135623730953,25,1,25.0,1.0,0.0,1,False
65628,83,420,20,20,25,1.0,1.0,0.8,15,14.142135623730953,20,1,20.0,1.0,0.0,6,True
65629,87,475,25,25,25,1.0,1.0,1.0,15,14.142135623730953,25,1,25.0,1.0,0.0,1,False
65631,23,214,22,22,25,1.0,1.0,0.88,15,14.142135623730953,22,1,22.0,1.0,0.0,4,True
65632,120,836,25,25,25,1.0,1.0,1.0,15,14.142135623730953,25,1,25.0,1.0,0.0,1,False
65634,0,75,25,25,25,1.0,1.0,1.0,15,14.142135623730953,25,1,25.0,1.0,0.0,1,False
65635,106,847,25,25,25,1.0,1.0,1.0,15,14.142135623730953,25,1,25.0,1.0,0.0,1,False
65652,7,432,25,25,25,1.0,1.0,1.0,15,14.142135623730953,25,1,25.0,1.0,0.0,1,False
65658,19,237,20,20,25,1.0,1.0,0.8,15,14.142135623730953,20,1,20.0,1.0,0.0,6,True
65659,121,976,23,23,25,1.0,1.0,0.92,15,14.142135623730953,23,1,23.0,1.0,0.0,3,True
65663,5,77,20,20,25,1.0,1.0,0.8,15,14.142135623730953,20,1,20.0,1.0,0.0,6,True
65668,449,2195,22,22,25,1.0,1.0,0.88,15,14.142135623730953,22,1,22.0,1.0,0.0,4,True
65669,27,422,25,25,25,1.0,1.0,1.0,15,14.142135623730953,25,1,25.0,1.0,0.0,1,False
65673,10,206,25,25,25,1.0,1.0,1.0,15,14.142135623730953,25,1,25.0,1.0,0.0,1,False
65676,390,2104,20,20,25,1.0,1.0,0.8,15,14.142135623730953,20,1,20.0,1.0,0.0,6,True
65678,60,418,25,25,25,1.0,1.0,1.0,15,14.142135623730953,25,1,25.0,1.0,0.0,1,False
65679,111,794,25,25,25,1.0,1.0,1.0,15,14.142135623730953,25,1,25.0,1.0,0.0,1,False
65680,62,519,25,25,25,1.0,1.0,1.0,15,14.142135623730953,25,1,25.0,1.0,0.0,1,False
65682,0,263,25,25,25,1.0,1.0,1.0,15,14.142135623730953,25,1,25.0,1.0,0.0,1,False
65684,67,343,25,25,25,1.0,1.0,1.0,15,14.142135623730953,25,1,25.0,1.0,0.0,1,False
65685,106,865,25,25,25,1.0,1.0,1.0,15,14.142135623730953,25,1,25.0,1.0,0.0,1,False
65686,186,1228,25,25,25,1.0,1.0,1.0,15,14.142135623730953,25,1,25.0,1.0,0.0,1,False
65688,213,1081,25,25,25,1.0,1.0,1.0,15,14.142135623730953,25,1,25.0,1.0,0.0,1,False
65690,46,531,25,25,25,1.0,1.0,1.0,15,14.142135623730953,25,1,25.0,1.0,0.0,1,False
65694,258,1577,25,25,25,1.0,1.0,1.0,15,14.142135623730953,25,1,25.0,1.0,0.0,1,False
65696,483,3034,22,22,25,1.0,1.0,0.88,15,14.142135623730953,22,1,22.0,1.0,0.0,4,True
65697,44,518,25,25,25,1.0,1.0,1.0,15,14.142135623730953,25,1,25.0,1.0,0.0,1,False
65707,0,309,25,25,25,1.0,1.0,1.0,15,14.142135623730953,25,1,25.0,1.0,0.0,1,False
65708,62,508,25,25,25,1.0,1.0,1.0,15,14.142135623730953,25,1,25.0,1.0,0.0,1,False
65709,156,767,25,25,25,1.0,1.0,1.0,15,14.142135623730953,25,1,25.0,1.0,0.0,1,False
65716,141,1446,25,25,25,1.0,1.0,1.0,15,14.142135623730953,25,1,25.0,1.0,0.0,1,False
65721,180,966,25,25,25,1.0,1.0,1.0,15,14.142135623730953,25,1,25.0,1.0,0.0,1,False
65730,0,208,25,25,25,1.0,1.0,1.0,15,14.142135623730953,25,1,25.0,1.0,0.0,1,False
65733,86,557,20,20,37,1.0,1.0,0.5405405405405406,15,14.142135623730953,20,1,20.0,1.0,0.0,17,True
65743,100,441,24,24,25,1.0,1.0,0.96,15,14.142135623730953,24,1,24.0,1.0,0.0,2,True
65745,159,757,25,25,25,1.0,1.0,1.0,15,14.142135623730953,25,1,25.0,1.0,0.0,1,False
65746,179,1153,25,25,25,1.0,1.0,1.0,15,14.142135623730953,25,1,25.0,1.0,0.0,1,False
65748,130,1446,25,25,25,1.0,1.0,1.0,15,14.142135623730953,25,1,25.0,1.0,0.0,1,False
65749,107,603,25,25,25,1.0,1.0,1.0,15,14.142135623730953,25,1,25.0,1.0,0.0,1,False
65750,151,1058,25,25,25,1.0,1.0,1.0,15,14.142135623730953,25,1,25.0,1.0,0.0,1,False
65751,128,744,22,22,25,1.0,1.0,0.88,15,14.142135623730953,22,1,22.0,1.0,0.0,4,True
65752,112,1019,25,25,25,1.0,1.0,1.0,15,14.142135623730953,25,1,25.0,1.0,0.0,1,False
65758,6,234,21,21,25,1.0,1.0,0.84,15,14.142135623730953,21,1,21.0,1.0,0.0,5,True
65759,124,752,25,25,25,1.0,1.0,1.0,15,14.142135623730953,25,1,25.0,1.0,0.0,1,False
65760,123,713,25,25,25,1.0,1.0,1.0,15,14.142135623730953,25,1,25.0,1.0,0.0,1,False
65761,9,199,25,25,25,1.0,1.0,1.0,15,14.142135623730953,25,1,25.0,1.0,0.0,1,False
65762,2,160,23,23,25,1.0,1.0,0.92,15,14.142135623730953,23,1,23.0,1.0,0.0,3,True
65765,32,265,25,25,25,1.0,1.0,1.0,15,14.142135623730953,25,1,25.0,1.0,0.0,1,False
65766,156,927,25,25,25,1.0,1.0,1.0,15,14.142135623730953,25,1,25.0,1.0,0.0,1,False
65771,0,93,25,25,25,1.0,1.0,1.0,15,14.142135623730953,25,1,25.0,1.0,0.0,1,False
65772,100,669,24,24,25,1.0,1.0,0.96,15,14.142135623730953,24,1,24.0,1.0,0.0,2,True
65779,13,196,25,25,25,1.0,1.0,1.0,15,14.142135623730953,25,1,25.0,1.0,0.0,1,False
65780,0,101,25,25,25,1.0,1.0,1.0,15,14.142135623730953,25,1,25.0,1.0,0.0,1,False
65785,23,280,21,21,29,1.0,1.0,0.7241379310344828,15,14.142135623730953,21,1,21.0,1.0,0.0,9,True
65797,67,396,24,24,25,1.0,1.0,0.96,15,14.142135623730953,24,1,24.0,1.0,0.0,2,True
65798,158,1287,25,25,25,1.0,1.0,1.0,15,14.142135623730953,25,1,25.0,1.0,0.0,1,False
65800,418,2455,25,25,25,1.0,1.0,1.0,15,14.142135623730953,25,1,25.0,1.0,0.0,1,False
65804,108,646,25,25,25,1.0,1.0,1.0,15,14.142135623730953,25,1,25.0,1.0,0.0,1,False
65808,8,136,23,23,25,1.0,1.0,0.92,15,14.142135623730953,23,1,23.0,1.0,0.0,3,True
65810,130,709,25,25,25,1.0,1.0,1.0,15,14.142135623730953,25,1,25.0,1.0,0.0,1,False
65814,31,312,23,23,25,1.0,1.0,0.92,15,14.142135623730953,23,1,23.0,1.0,0.0,3,True
65816,162,1335,25,25,25,1.0,1.0,1.0,15,14.142135623730953,25,1,25.0,1.0,0.0,1,False
65820,187,995,25,25,25,1.0,1.0,1.0,15,14.142135623730953,25,1,25.0,1.0,0.0,1,False
65823,32,299,25,25,25,1.0,1.0,1.0,15,14.142135623730953,25,1,25.0,1.0,0.0,1,False
65824,73,667,25,25,25,1.0,1.0,1.0,15,14.142135623730953,25,1,25.0,1.0,0.0,1,False
65826,111,679,25,25,25,1.0,1.0,1.0,15,14.142135623730953,25,1,25.0,1.0,0.0,1,False
65827,282,1671,23,23,25,1.0,1.0,0.92,15,14.142135623730953,23,1,23.0,1.0,0.0,3,True
65829,220,1033,24,24,25,1.0,1.0,0.96,15,14.142135623730953,24,1,24.0,1.0,0.0,2,True
65831,141,935,25,25,25,1.0,1.0,1.0,15,14.142135623730953,25,1,25.0,1.0,0.0,1,False
65833,242,1441,24,24,25,1.0,1.0,0.96,15,14.142135623730953,24,1,24.0,1.0,0.0,2,True
65836,35,321,25,25,25,1.0,1.0,1.0,15,14.142135623730953,25,1,25.0,1.0,0.0,1,False
65838,82,754,25,25,25,1.0,1.0,1.0,15,14.142135623730953,25,1,25.0,1.0,0.0,1,False
65842,157,913,25,25,25,1.0,1.0,1.0,15,14.142135623730953,25,1,25.0,1.0,0.0,1,False
65849,174,1216,25,25,25,1.0,1.0,1.0,15,14.142135623730953,25,1,25.0,1.0,0.0,1,False
65851,77,356,25,25,25,1.0,1.0,1.0,15,14.142135623730953,25,1,25.0,1.0,0.0,1,False
65854,235,1212,21,21,25,1.0,1.0,0.84,15,14.142135623730953,21,1,21.0,1.0,0.0,5,True
65855,415,2488,25,25,25,1.0,1.0,1.0,15,14.142135623730953,25,1,25.0,1.0,0.0,1,False
65856,1,141,25,25,25,1.0,1.0,1.0,15,14.142135623730953,25,1,25.0,1.0,0.0,1,False
65858,107,812,25,25,25,1.0,1.0,1.0,15,14.142135623730953,25,1,25.0,1.0,0.0,1,False
65861,44,367,24,25,25,0.96,0.96,0.96,15,14.142135623730953,25,2,24.0,0.96,0.040000000000000036,2,True
65862,212,1360,24,24,25,1.0,1.0,0.96,15,14.142135623730953,24,1,24.0,1.0,0.0,2,True
65865,29,311,25,25,25,1.0,1.0,1.0,15,14.142135623730953,25,1,25.0,1.0,0.0,1,False
65867,72,504,23,23,25,1.0,1.0,0.92,15,14.142135623730953,23,1,23.0,1.0,0.0,3,True
65868,84,436,22,22,25,1.0,1.0,0.88,15,14.142135623730953,22,1,22.0,1.0,0.0,4,True
65872,8,220,25,25,25,1.0,1.0,1.0,15,14.142135623730953,25,1,25.0,1.0,0.0,1,False
65875,310,1852,22,22,25,1.0,1.0,0.88,15,14.142135623730953,22,1,22.0,1.0,0.0,4,True
65878,292,1249,25,25,25,1.0,1.0,1.0,15,14.142135623730953,25,1,25.0,1.0,0.0,1,False
65879,174,870,25,25,25,1.0,1.0,1.0,15,14.142135623730953,25,1,25.0,1.0,0.0,1,False
65892,30,246,25,25,25,1.0,1.0,1.0,15,14.142135623730953,25,1,25.0,1.0,0.0,1,False
65898,126,629,25,25,25,1.0,1.0,1.0,15,14.142135623730953,25,1,25.0,1.0,0.0,1,False
65899,28,191,25,25,25,1.0,1.0,1.0,15,14.142135623730953,25,1,25.0,1.0,0.0,1,False
65901,56,436,20,20,31,1.0,1.0,0.6451612903225806,15,14.142135623730953,20,1,20.0,1.0,0.0,12,True
65902,18,158,22,22,25,1.0,1.0,0.88,15,14.142135623730953,22,1,22.0,1.0,0.0,3,True
65903,35,518,25,25,25,1.0,1.0,1.0,15,14.142135623730953,25,1,25.0,1.0,0.0,1,False
65904,108,607,25,25,25,1.0,1.0,1.0,15,14.142135623730953,25,1,25.0,1.0,0.0,1,False
65907,41,577,25,25,25,1.0,1.0,1.0,15,14.142135623730953,25,1,25.0,1.0,0.0,1,False
65908,370,2062,21,21,27,1.0,1.0,0.7777777777777778,15,14.142135623730953,21,1,21.0,1.0,0.0,7,True
65913,47,490,21,21,25,1.0,1.0,0.84,15,14.142135623730953,21,1,21.0,1.0,0.0,5,True
65915,184,1088,25,25,25,1.0,1.0,1.0,15,14.142135623730953,25,1,25.0,1.0,0.0,1,False
65916,22,151,22,22,25,1.0,1.0,0.88,15,14.142135623730953,22,1,22.0,1.0,0.0,3,True
65917,137,698,25,25,25,1.0,1.0,1.0,15,14.142135623730953,25,1,25.0,1.0,0.0,1,False
65918,149,1276,25,25,25,1.0,1.0,1.0,15,14.142135623730953,25,1,25.0,1.0,0.0,1,False
65920,0,32,25,25,25,1.0,1.0,1.0,15,14.142135623730953,25,1,25.0,1.0,0.0,1,False
65923,136,682,20,20,25,1.0,1.0,0.8,15,14.142135623730953,20,1,20.0,1.0,0.0,6,True
65928,32,269,24,24,27,1.0,1.0,0.8888888888888888,15,14.142135623730953,24,1,24.0,1.0,0.0,4,True
65929,61,418,25,25,25,1.0,1.0,1.0,15,14.142135623730953,25,1,25.0,1.0,0.0,1,False
65930,218,1083,24,24,25,1.0,1.0,0.96,15,14.142135623730953,24,1,24.0,1.0,0.0,2,True
65932,65,401,22,22,31,1.0,1.0,0.7096774193548387,15,14.142135623730953,22,1,22.0,1.0,0.0,7,True
65935,2,12,23,23,25,1.0,1.0,0.92,15,14.142135623730953,23,1,23.0,1.0,0.0,3,True
65940,87,405,24,24,25,1.0,1.0,0.96,15,14.142135623730953,24,1,24.0,1.0,0.0,2,True
65941,138,725,25,25,25,1.0,1.0,1.0,15,14.142135623730953,25,1,25.0,1.0,0.0,1,False
65942,140,809,25,25,25,1.0,1.0,1.0,15,14.142135623730953,25,1,25.0,1.0,0.0,1,False
65945,48,347,25,25,25,1.0,1.0,1.0,15,14.142135623730953,25,1,25.0,1.0,0.0,1,False
65946,66,434,25,25,25,1.0,1.0,1.0,15,14.142135623730953,25,1,25.0,1.0,0.0,1,False
65948,103,781,25,25,25,1.0,1.0,1.0,15,14.142135623730953,25,1,25.0,1.0,0.0,1,False
65952,263,1588,22,22,25,1.0,1.0,0.88,15,14.142135623730953,22,1,22.0,1.0,0.0,4,True
65958,0,222,25,25,25,1.0,1.0,1.0,15,14.142135623730953,25,1,25.0,1.0,0.0,1,False
65965,233,1427,25,25,25,1.0,1.0,1.0,15,14.142135623730953,25,1,25.0,1.0,0.0,1,False
65966,224,1280,25,25,25,1.0,1.0,1.0,15,14.142135623730953,25,1,25.0,1.0,0.0,1,False
65972,151,963,25,25,25,1.0,1.0,1.0,15,14.142135623730953,25,1,25.0,1.0,0.0,1,False
65975,282,1641,24,24,25,1.0,1.0,0.96,15,14.142135623730953,24,1,24.0,1.0,0.0,2,True
65981,110,705,25,25,25,1.0,1.0,1.0,15,14.142135623730953,25,1,25.0,1.0,0.0,1,False
65989,179,1229,25,25,25,1.0,1.0,1.0,15,14.142135623730953,25,1,25.0,1.0,0.0,1,False
65993,31,579,22,22,25,1.0,1.0,0.88,15,14.142135623730953,22,1,22.0,1.0,0.0,4,True
65999,47,573,25,25,25,1.0,1.0,1.0,15,14.142135623730953,25,1,25.0,1.0,0.0,1,False
66006,158,759,23,23,37,1.0,1.0,0.6216216216216216,15,14.142135623730953,23,1,23.0,1.0,0.0,7,True
66009,28,265,20,20,25,1.0,1.0,0.8,15,14.142135623730953,20,1,20.0,1.0,0.0,6,True
66010,102,845,25,25,25,1.0,1.0,1.0,15,14.142135623730953,25,1,25.0,1.0,0.0,1,False
66015,90,620,25,25,25,1.0,1.0,1.0,15,14.142135623730953,25,1,25.0,1.0,0.0,1,False
66018,93,839,24,24,25,1.0,1.0,0.96,15,14.142135623730953,24,1,24.0,1.0,0.0,2,True
66021,199,903,25,25,25,1.0,1.0,1.0,15,14.142135623730953,25,1,25.0,1.0,0.0,1,False
66022,115,569,21,21,25,1.0,1.0,0.84,15,14.142135623730953,21,1,21.0,1.0,0.0,5,True
66023,36,518,22,22,25,1.0,1.0,0.88,15,14.142135623730953,22,1,22.0,1.0,0.0,4,True
66024,149,1408,21,21,25,1.0,1.0,0.84,15,14.142135623730953,21,1,21.0,1.0,0.0,5,True
66025,55,254,23,23,25,1.0,1.0,0.92,15,14.142135623730953,23,1,23.0,1.0,0.0,3,True
66031,246,1352,22,22,25,1.0,1.0,0.88,15,14.142135623730953,22,1,22.0,1.0,0.0,4,True
66035,16,225,21,21,25,1.0,1.0,0.84,15,14.142135623730953,21,1,21.0,1.0,0.0,4,True
66036,1,55,25,25,25,1.0,1.0,1.0,15,14.142135623730953,25,1,25.0,1.0,0.0,1,False
66037,140,1016,25,25,25,1.0,1.0,1.0,15,14.142135623730953,25,1,25.0,1.0,0.0,1,False
66041,12,153,21,21,25,1.0,1.0,0.84,15,14.142135623730953,21,1,21.0,1.0,0.0,4,True
66044,503,2652,25,25,25,1.0,1.0,1.0,15,14.142135623730953,25,1,25.0,1.0,0.0,1,False
66047,289,1326,25,25,25,1.0,1.0,1.0,15,14.142135623730953,25,1,25.0,1.0,0.0,1,False
66048,211,1291,25,25,25,1.0,1.0,1.0,15,14.142135623730953,25,1,25.0,1.0,0.0,1,False
66056,8,126,23,23,25,1.0,1.0,0.92,15,14.142135623730953,23,1,23.0,1.0,0.0,2,True
66057,105,630,22,22,25,1.0,1.0,0.88,15,14.142135623730953,22,1,22.0,1.0,0.0,4,True
66059,253,1222,25,25,25,1.0,1.0,1.0,15,14.142135623730953,25,1,25.0,1.0,0.0,1,False
66060,405,2864,21,21,25,1.0,1.0,0.84,15,14.142135623730953,21,1,21.0,1.0,0.0,5,True
66066,116,704,25,25,25,1.0,1.0,1.0,15,14.142135623730953,25,1,25.0,1.0,0.0,1,False
66068,0,259,25,25,25,1.0,1.0,1.0,15,14.142135623730953,25,1,25.0,1.0,0.0,1,False
66070,0,128,25,25,25,1.0,1.0,1.0,15,14.142135623730953,25,1,25.0,1.0,0.0,1,False
66073,115,841,25,25,25,1.0,1.0,1.0,15,14.142135623730953,25,1,25.0,1.0,0.0,1,False
66079,225,839,25,25,25,1.0,1.0,1.0,15,14.142135623730953,25,1,25.0,1.0,0.0,1,False
66081,5,209,23,23,25,1.0,1.0,0.92,15,14.142135623730953,23,1,23.0,1.0,0.0,2,True
66084,108,711,25,25,25,1.0,1.0,1.0,15,14.142135623730953,25,1,25.0,1.0,0.0,1,False
66087,115,1054,25,25,25,1.0,1.0,1.0,15,14.142135623730953,25,1,25.0,1.0,0.0,1,False
66088,281,1456,25,25,25,1.0,1.0,1.0,15,14.142135623730953,25,1,25.0,1.0,0.0,1,False
66089,50,252,25,25,25,1.0,1.0,1.0,15,14.142135623730953,25,1,25.0,1.0,0.0,1,False
66092,130,1070,25,25,25,1.0,1.0,1.0,15,14.142135623730953,25,1,25.0,1.0,0.0,1,False
66095,53,287,25,25,25,1.0,1.0,1.0,15,14.142135623730953,25,1,25.0,1.0,0.0,1,False
66097,92,538,25,25,25,1.0,1.0,1.0,15,14.142135623730953,25,1,25.0,1.0,0.0,1,False
66102,69,371,25,25,25,1.0,1.0,1.0,15,14.142135623730953,25,1,25.0,1.0,0.0,1,False
66103,20,396,25,25,25,1.0,1.0,1.0,15,14.142135623730953,25,1,25.0,1.0,0.0,1,False
66105,0,193,25,25,25,1.0,1.0,1.0,15,14.142135623730953,25,1,25.0,1.0,0.0,1,False
66106,34,392,22,22,25,1.0,1.0,0.88,15,14.142135623730953,22,1,22.0,1.0,0.0,4,True
66110,0,54,25,25,25,1.0,1.0,1.0,15,14.142135623730953,25,1,25.0,1.0,0.0,1,False
66111,96,854,25,25,25,1.0,1.0,1.0,15,14.142135623730953,25,1,25.0,1.0,0.0,1,False
66113,0,45,25,25,25,1.0,1.0,1.0,15,14.142135623730953,25,1,25.0,1.0,0.0,1,False
66115,333,1862,25,25,25,1.0,1.0,1.0,15,14.142135623730953,25,1,25.0,1.0,0.0,1,False
66119,80,320,23,23,25,1.0,1.0,0.92,15,14.142135623730953,23,1,23.0,1.0,0.0,3,True
66122,49,533,21,21,25,1.0,1.0,0.84,15,14.142135623730953,21,1,21.0,1.0,0.0,5,True
66125,103,833,25,25,25,1.0,1.0,1.0,15,14.142135623730953,25,1,25.0,1.0,0.0,1,False
66126,304,1914,20,20,25,1.0,1.0,0.8,15,14.142135623730953,20,1,20.0,1.0,0.0,6,True
66128,115,840,25,25,25,1.0,1.0,1.0,15,14.142135623730953,25,1,25.0,1.0,0.0,1,False
66133,31,221,25,25,25,1.0,1.0,1.0,15,14.142135623730953,25,1,25.0,1.0,0.0,1,False
66134,128,778,25,25,25,1.0,1.0,1.0,15,14.142135623730953,25,1,25.0,1.0,0.0,1,False
66138,147,839,24,24,25,1.0,1.0,0.96,15,14.142135623730953,24,1,24.0,1.0,0.0,2,True
66139,0,9,25,25,25,1.0,1.0,1.0,15,14.142135623730953,25,1,25.0,1.0,0.0,1,False
66140,27,264,25,25,25,1.0,1.0,1.0,15,14.142135623730953,25,1,25.0,1.0,0.0,1,False
66144,71,426,25,25,25,1.0,1.0,1.0,15,14.142135623730953,25,1,25.0,1.0,0.0,1,False
66145,190,1280,25,25,25,1.0,1.0,1.0,15,14.142135623730953,25,1,25.0,1.0,0.0,1,False
66146,218,1333,25,25,25,1.0,1.0,1.0,15,14.142135623730953,25,1,25.0,1.0,0.0,1,False
66147,280,1432,22,22,25,1.0,1.0,0.88,15,14.142135623730953,22,1,22.0,1.0,0.0,4,True
66149,54,313,25,25,25,1.0,1.0,1.0,15,14.142135623730953,25,1,25.0,1.0,0.0,1,False
66153,54,289,20,20,33,1.0,1.0,0.6060606060606061,15,14.142135623730953,20,1,20.0,1.0,0.0,12,True
66154,13,77,22,22,25,1.0,1.0,0.88,15,14.142135623730953,22,1,22.0,1.0,0.0,4,True
66155,99,642,25,25,25,1.0,1.0,1.0,15,14.142135623730953,25,1,25.0,1.0,0.0,1,False
66157,162,789,24,24,25,1.0,1.0,0.96,15,14.142135623730953,24,1,24.0,1.0,0.0,2,True
66159,193,1438,25,25,25,1.0,1.0,1.0,15,14.142135623730953,25,1,25.0,1.0,0.0,1,False
66160,81,374,25,25,25,1.0,1.0,1.0,15,14.142135623730953,25,1,25.0,1.0,0.0,1,False
66161,128,932,21,21,25,1.0,1.0,0.84,15,14.142135623730953,21,1,21.0,1.0,0.0,5,True
66169,184,1098,25,25,25,1.0,1.0,1.0,15,14.142135623730953,25,1,25.0,1.0,0.0,1,False
66170,333,1951,25,25,25,1.0,1.0,1.0,15,14.142135623730953,25,1,25.0,1.0,0.0,1,False
66172,0,23,25,25,25,1.0,1.0,1.0,15,14.142135623730953,25,1,25.0,1.0,0.0,1,False
66174,132,563,25,25,25,1.0,1.0,1.0,15,14.142135623730953,25,1,25.0,1.0,0.0,1,False
66175,290,1789,25,25,25,1.0,1.0,1.0,15,14.142135623730953,25,1,25.0,1.0,0.0,1,False
66176,42,289,25,25,25,1.0,1.0,1.0,15,14.142135623730953,25,1,25.0,1.0,0.0,1,False
66179,111,655,20,20,25,1.0,1.0,0.8,15,14.142135623730953,20,1,20.0,1.0,0.0,6,True
66180,100,1044,25,25,25,1.0,1.0,1.0,15,14.142135623730953,25,1,25.0,1.0,0.0,1,False
66190,53,619,25,25,25,1.0,1.0,1.0,15,14.142135623730953,25,1,25.0,1.0,0.0,1,False
66193,129,692,21,21,29,1.0,1.0,0.7241379310344828,15,14.142135623730953,21,1,21.0,1.0,0.0,7,True
66196,97,820,25,25,25,1.0,1.0,1.0,15,14.142135623730953,25,1,25.0,1.0,0.0,1,False
66199,205,1552,25,25,25,1.0,1.0,1.0,15,14.142135623730953,25,1,25.0,1.0,0.0,1,False
66201,0,32,25,25,25,1.0,1.0,1.0,15,14.142135623730953,25,1,25.0,1.0,0.0,1,False
66202,522,3125,24,24,25,1.0,1.0,0.96,15,14.142135623730953,24,1,24.0,1.0,0.0,2,True
66204,36,429,25,25,25,1.0,1.0,1.0,15,14.142135623730953,25,1,25.0,1.0,0.0,1,False
66205,226,1350,25,25,25,1.0,1.0,1.0,15,14.142135623730953,25,1,25.0,1.0,0.0,1,False
66206,74,287,39,39,63,1.0,1.0,0.6190476190476191,15,14.142135623730953,39,1,39.0,1.0,0.0,15,True
66209,230,1385,25,25,25,1.0,1.0,1.0,15,14.142135623730953,25,1,25.0,1.0,0.0,1,False
66211,83,443,25,25,25,1.0,1.0,1.0,15,14.142135623730953,25,1,25.0,1.0,0.0,1,False
66215,145,971,20,20,25,1.0,1.0,0.8,15,14.142135623730953,20,1,20.0,1.0,0.0,6,True
66217,295,1838,25,25,25,1.0,1.0,1.0,15,14.142135623730953,25,1,25.0,1.0,0.0,1,False
66220,110,838,24,24,25,1.0,1.0,0.96,15,14.142135623730953,24,1,24.0,1.0,0.0,2,True
66222,192,1313,24,24,25,1.0,1.0,0.96,15,14.142135623730953,24,1,24.0,1.0,0.0,2,True
66227,174,1361,25,25,25,1.0,1.0,1.0,15,14.142135623730953,25,1,25.0,1.0,0.0,1,False
66228,24,182,25,25,25,1.0,1.0,1.0,15,14.142135623730953,25,1,25.0,1.0,0.0,1,False
66233,65,892,25,25,25,1.0,1.0,1.0,15,14.142135623730953,25,1,25.0,1.0,0.0,1,False
66238,137,797,25,25,25,1.0,1.0,1.0,15,14.142135623730953,25,1,25.0,1.0,0.0,1,False
66240,50,668,25,25,25,1.0,1.0,1.0,15,14.142135623730953,25,1,25.0,1.0,0.0,1,False
66241,237,1509,25,25,25,1.0,1.0,1.0,15,14.142135623730953,25,1,25.0,1.0,0.0,1,False
66245,27,496,25,25,25,1.0,1.0,1.0,15,14.142135623730953,25,1,25.0,1.0,0.0,1,False
66249,108,1133,24,24,25,1.0,1.0,0.96,15,14.142135623730953,24,1,24.0,1.0,0.0,2,True
66253,64,287,25,25,25,1.0,1.0,1.0,15,14.142135623730953,25,1,25.0,1.0,0.0,1,False
66256,341,1788,22,22,25,1.0,1.0,0.88,15,14.142135623730953,22,1,22.0,1.0,0.0,4,True
66259,102,812,25,25,25,1.0,1.0,1.0,15,14.142135623730953,25,1,25.0,1.0,0.0,1,False
66263,2,62,23,23,25,1.0,1.0,0.92,15,14.142135623730953,23,1,23.0,1.0,0.0,3,True
66266,215,1187,22,22,29,1.0,1.0,0.7586206896551724,15,14.142135623730953,22,1,22.0,1.0,0.0,7,True
66272,13,163,21,21,25,1.0,1.0,0.84,15,14.142135623730953,21,1,21.0,1.0,0.0,5,True
66276,197,982,21,21,25,1.0,1.0,0.84,15,14.142135623730953,21,1,21.0,1.0,0.0,5,True
66278,270,1891,24,24,25,1.0,1.0,0.96,15,14.142135623730953,24,1,24.0,1.0,0.0,2,True
66279,31,372,25,25,25,1.0,1.0,1.0,15,14.142135623730953,25,1,25.0,1.0,0.0,1,False
66289,232,1302,25,25,25,1.0,1.0,1.0,15,14.142135623730953,25,1,25.0,1.0,0.0,1,False
66293,169,822,20,20,25,1.0,1.0,0.8,15,14.142135623730953,20,1,20.0,1.0,0.0,6,True
66296,134,762,21,21,25,1.0,1.0,0.84,15,14.142135623730953,21,1,21.0,1.0,0.0,5,True
66299,153,819,25,25,25,1.0,1.0,1.0,15,14.142135623730953,25,1,25.0,1.0,0.0,1,False
66300,60,257,25,25,25,1.0,1.0,1.0,15,14.142135623730953,25,1,25.0,1.0,0.0,1,False
66301,90,484,25,25,25,1.0,1.0,1.0,15,14.142135623730953,25,1,25.0,1.0,0.0,1,False
66305,150,906,25,25,25,1.0,1.0,1.0,15,14.142135623730953,25,1,25.0,1.0,0.0,1,False
66308,393,2423,23,23,25,1.0,1.0,0.92,15,14.142135623730953,23,1,23.0,1.0,0.0,3,True
66309,16,112,20,20,25,1.0,1.0,0.8,15,14.142135623730953,20,1,20.0,1.0,0.0,6,True
66312,68,574,25,25,25,1.0,1.0,1.0,15,14.142135623730953,25,1,25.0,1.0,0.0,1,False
66313,165,1074,25,25,25,1.0,1.0,1.0,15,14.142135623730953,25,1,25.0,1.0,0.0,1,False
66314,160,877,22,22,25,1.0,1.0,0.88,15,14.142135623730953,22,1,22.0,1.0,0.0,4,True
66320,163,1047,25,25,25,1.0,1.0,1.0,15,14.142135623730953,25,1,25.0,1.0,0.0,1,False
66323,323,2170,20,20,25,1.0,1.0,0.8,15,14.142135623730953,20,1,20.0,1.0,0.0,6,True
66326,50,352,25,25,25,1.0,1.0,1.0,15,14.142135623730953,25,1,25.0,1.0,0.0,1,False
66327,0,44,25,25,25,1.0,1.0,1.0,15,14.142135623730953,25,1,25.0,1.0,0.0,1,False
66329,11,243,25,25,25,1.0,1.0,1.0,15,14.142135623730953,25,1,25.0,1.0,0.0,1,False
66330,57,495,25,25,25,1.0,1.0,1.0,15,14.142135623730953,25,1,25.0,1.0,0.0,1,False
66332,76,678,25,25,25,1.0,1.0,1.0,15,14.142135623730953,25,1,25.0,1.0,0.0,1,False
66333,231,1248,20,20,25,1.0,1.0,0.8,15,14.142135623730953,20,1,20.0,1.0,0.0,6,True
66338,0,108,25,25,25,1.0,1.0,1.0,15,14.142135623730953,25,1,25.0,1.0,0.0,1,False
66343,166,1215,24,24,25,1.0,1.0,0.96,15,14.142135623730953,24,1,24.0,1.0,0.0,2,True
66350,44,584,25,25,25,1.0,1.0,1.0,15,14.142135623730953,25,1,25.0,1.0,0.0,1,False
66355,208,1092,25,25,25,1.0,1.0,1.0,15,14.142135623730953,25,1,25.0,1.0,0.0,1,False
66358,140,895,21,21,25,1.0,1.0,0.84,15,14.142135623730953,21,1,21.0,1.0,0.0,5,True
66363,86,547,25,25,25,1.0,1.0,1.0,15,14.142135623730953,25,1,25.0,1.0,0.0,1,False
66365,67,410,25,25,25,1.0,1.0,1.0,15,14.142135623730953,25,1,25.0,1.0,0.0,1,False
66366,69,692,25,25,25,1.0,1.0,1.0,15,14.142135623730953,25,1,25.0,1.0,0.0,1,False
66372,5,159,25,25,25,1.0,1.0,1.0,15,14.142135623730953,25,1,25.0,1.0,0.0,1,False
66373,373,2076,21,21,25,1.0,1.0,0.84,15,14.142135623730953,21,1,21.0,1.0,0.0,5,True
66380,281,1856,25,25,25,1.0,1.0,1.0,15,14.142135623730953,25,1,25.0,1.0,0.0,1,False
66384,184,1184,20,20,25,1.0,1.0,0.8,15,14.142135623730953,20,1,20.0,1.0,0.0,6,True
66392,165,860,25,25,25,1.0,1.0,1.0,15,14.142135623730953,25,1,25.0,1.0,0.0,1,False
66394,75,444,25,25,25,1.0,1.0,1.0,15,14.142135623730953,25,1,25.0,1.0,0.0,1,False
66400,3,76,24,24,25,1.0,1.0,0.96,15,14.142135623730953,24,1,24.0,1.0,0.0,2,True
66401,1,12,24,24,25,1.0,1.0,0.96,15,14.142135623730953,24,1,24.0,1.0,0.0,2,True
66405,226,1053,22,22,25,1.0,1.0,0.88,15,14.142135623730953,22,1,22.0,1.0,0.0,2,True
66410,0,73,25,25,25,1.0,1.0,1.0,15,14.142135623730953,25,1,25.0,1.0,0.0,1,False
66412,34,509,25,25,25,1.0,1.0,1.0,15,14.142135623730953,25,1,25.0,1.0,0.0,1,False
66415,112,733,25,25,25,1.0,1.0,1.0,15,14.142135623730953,25,1,25.0,1.0,0.0,1,False
66416,22,176,25,25,25,1.0,1.0,1.0,15,14.142135623730953,25,1,25.0,1.0,0.0,1,False
66417,165,1234,21,21,25,1.0,1.0,0.84,15,14.142135623730953,21,1,21.0,1.0,0.0,5,True
66420,131,983,25,25,25,1.0,1.0,1.0,15,14.142135623730953,25,1,25.0,1.0,0.0,1,False
66425,3,98,25,25,25,1.0,1.0,1.0,15,14.142135623730953,25,1,25.0,1.0,0.0,1,False
66426,243,1410,23,23,25,1.0,1.0,0.92,15,14.142135623730953,23,1,23.0,1.0,0.0,3,True
66430,12,244,25,25,25,1.0,1.0,1.0,15,14.142135623730953,25,1,25.0,1.0,0.0,1,False
66431,92,587,23,23,25,1.0,1.0,0.92,15,14.142135623730953,23,1,23.0,1.0,0.0,3,True
66436,250,1210,25,25,25,1.0,1.0,1.0,15,14.142135623730953,25,1,25.0,1.0,0.0,1,False
66441,59,250,20,20,39,1.0,1.0,0.5128205128205128,15,14.142135623730953,20,1,20.0,1.0,0.0,12,True
66443,14,312,25,25,25,1.0,1.0,1.0,15,14.142135623730953,25,1,25.0,1.0,0.0,1,False
66444,34,428,25,25,25,1.0,1.0,1.0,15,14.142135623730953,25,1,25.0,1.0,0.0,1,False
66445,24,172,25,25,25,1.0,1.0,1.0,15,14.142135623730953,25,1,25.0,1.0,0.0,1,False
66447,299,1572,23,23,25,1.0,1.0,0.92,15,14.142135623730953,23,1,23.0,1.0,0.0,3,True
66451,37,262,22,22,25,1.0,1.0,0.88,15,14.142135623730953,22,1,22.0,1.0,0.0,4,True
66453,38,365,25,25,25,1.0,1.0,1.0,15,14.142135623730953,25,1,25.0,1.0,0.0,1,False
66456,155,1047,24,24,25,1.0,1.0,0.96,15,14.142135623730953,24,1,24.0,1.0,0.0,2,True
66457,470,2521,23,23,25,1.0,1.0,0.92,15,14.142135623730953,23,1,23.0,1.0,0.0,3,True
66458,0,28,25,25,25,1.0,1.0,1.0,15,14.142135623730953,25,1,25.0,1.0,0.0,1,False
66463,31,237,25,25,25,1.0,1.0,1.0,15,14.142135623730953,25,1,25.0,1.0,0.0,1,False
66467,64,504,25,25,25,1.0,1.0,1.0,15,14.142135623730953,25,1,25.0,1.0,0.0,1,False
66469,105,889,24,24,25,1.0,1.0,0.96,15,14.142135623730953,24,1,24.0,1.0,0.0,2,True
66471,118,853,21,21,25,1.0,1.0,0.84,15,14.142135623730953,21,1,21.0,1.0,0.0,5,True
66472,172,1454,25,25,25,1.0,1.0,1.0,15,14.142135623730953,25,1,25.0,1.0,0.0,1,False
66473,154,1442,25,25,25,1.0,1.0,1.0,15,14.142135623730953,25,1,25.0,1.0,0.0,1,False
66474,154,979,25,25,25,1.0,1.0,1.0,15,14.142135623730953,25,1,25.0,1.0,0.0,1,False
66477,128,1012,25,25,25,1.0,1.0,1.0,15,14.142135623730953,25,1,25.0,1.0,0.0,1,False
66478,188,1473,22,22,25,1.0,1.0,0.88,15,14.142135623730953,22,1,22.0,1.0,0.0,4,True
66482,187,768,25,25,25,1.0,1.0,1.0,15,14.142135623730953,25,1,25.0,1.0,0.0,1,False
66484,59,355,25,25,25,1.0,1.0,1.0,15,14.142135623730953,25,1,25.0,1.0,0.0,1,False
66485,200,1707,22,22,25,1.0,1.0,0.88,15,14.142135623730953,22,1,22.0,1.0,0.0,3,True
66489,113,552,25,25,25,1.0,1.0,1.0,15,14.142135623730953,25,1,25.0,1.0,0.0,1,False
66495,6,18,21,21,29,1.0,1.0,0.7241379310344828,15,14.142135623730953,21,1,21.0,1.0,0.0,7,True
66496,1,144,24,24,25,1.0,1.0,0.96,15,14.142135623730953,24,1,24.0,1.0,0.0,2,True
66498,20,279,25,25,25,1.0,1.0,1.0,15,14.142135623730953,25,1,25.0,1.0,0.0,1,False
66500,33,209,25,25,25,1.0,1.0,1.0,15,14.142135623730953,25,1,25.0,1.0,0.0,1,False
66501,13,125,25,25,25,1.0,1.0,1.0,15,14.142135623730953,25,1,25.0,1.0,0.0,1,False
66505,150,684,20,20,27,1.0,1.0,0.7407407407407407,15,14.142135623730953,20,1,20.0,1.0,0.0,8,True
66506,75,421,23,23,25,1.0,1.0,0.92,15,14.142135623730953,23,1,23.0,1.0,0.0,3,True
66507,87,853,25,25,25,1.0,1.0,1.0,15,14.142135623730953,25,1,25.0,1.0,0.0,1,False
66508,126,642,25,25,25,1.0,1.0,1.0,15,14.142135623730953,25,1,25.0,1.0,0.0,1,False
66512,88,555,24,24,25,1.0,1.0,0.96,15,14.142135623730953,24,1,24.0,1.0,0.0,2,True
66514,94,511,25,25,25,1.0,1.0,1.0,15,14.142135623730953,25,1,25.0,1.0,0.0,1,False
66518,145,885,23,23,25,1.0,1.0,0.92,15,14.142135623730953,23,1,23.0,1.0,0.0,3,True
66522,90,673,25,25,25,1.0,1.0,1.0,15,14.142135623730953,25,1,25.0,1.0,0.0,1,False
66524,240,1601,21,21,29,1.0,1.0,0.7241379310344828,15,14.142135623730953,21,1,21.0,1.0,0.0,7,True
66525,0,114,25,25,25,1.0,1.0,1.0,15,14.142135623730953,25,1,25.0,1.0,0.0,1,False
66526,33,369,25,25,25,1.0,1.0,1.0,15,14.142135623730953,25,1,25.0,1.0,0.0,1,False
66531,31,200,22,22,25,1.0,1.0,0.88,15,14.142135623730953,22,1,22.0,1.0,0.0,4,True
66532,124,918,25,25,25,1.0,1.0,1.0,15,14.142135623730953,25,1,25.0,1.0,0.0,1,False
66540,22,150,25,25,25,1.0,1.0,1.0,15,14.142135623730953,25,1,25.0,1.0,0.0,1,False
66541,143,928,25,25,25,1.0,1.0,1.0,15,14.142135623730953,25,1,25.0,1.0,0.0,1,False
66542,127,1063,21,21,25,1.0,1.0,0.84,15,14.142135623730953,21,1,21.0,1.0,0.0,5,True
66545,327,2008,22,22,25,1.0,1.0,0.88,15,14.142135623730953,22,1,22.0,1.0,0.0,4,True
66547,218,1735,25,25,25,1.0,1.0,1.0,15,14.142135623730953,25,1,25.0,1.0,0.0,1,False
66549,72,371,22,22,25,1.0,1.0,0.88,15,14.142135623730953,22,1,22.0,1.0,0.0,4,True
66551,1,218,25,25,25,1.0,1.0,1.0,15,14.142135623730953,25,1,25.0,1.0,0.0,1,False
66553,274,1501,25,25,25,1.0,1.0,1.0,15,14.142135623730953,25,1,25.0,1.0,0.0,1,False
66556,1,72,24,24,25,1.0,1.0,0.96,15,14.142135623730953,24,1,24.0,1.0,0.0,2,True
66559,87,466,25,25,25,1.0,1.0,1.0,15,14.142135623730953,25,1,25.0,1.0,0.0,1,False
66561,144,1156,25,25,25,1.0,1.0,1.0,15,14.142135623730953,25,1,25.0,1.0,0.0,1,False
66562,31,448,25,25,25,1.0,1.0,1.0,15,14.142135623730953,25,1,25.0,1.0,0.0,1,False
66565,159,1149,25,25,25,1.0,1.0,1.0,15,14.142135623730953,25,1,25.0,1.0,0.0,1,False
66566,91,633,25,25,25,1.0,1.0,1.0,15,14.142135623730953,25,1,25.0,1.0,0.0,1,False
66572,0,76,25,25,25,1.0,1.0,1.0,15,14.142135623730953,25,1,25.0,1.0,0.0,1,False
66574,95,530,25,25,25,1.0,1.0,1.0,15,14.142135623730953,25,1,25.0,1.0,0.0,1,False
66575,27,499,24,24,25,1.0,1.0,0.96,15,14.142135623730953,24,1,24.0,1.0,0.0,2,True
66578,5,165,25,25,25,1.0,1.0,1.0,15,14.142135623730953,25,1,25.0,1.0,0.0,1,False
66579,121,623,25,25,25,1.0,1.0,1.0,15,14.142135623730953,25,1,25.0,1.0,0.0,1,False
66580,170,994,25,25,25,1.0,1.0,1.0,15,14.142135623730953,25,1,25.0,1.0,0.0,1,False
66582,241,1155,25,25,25,1.0,1.0,1.0,15,14.142135623730953,25,1,25.0,1.0,0.0,1,False
66583,93,543,25,25,25,1.0,1.0,1.0,15,14.142135623730953,25,1,25.0,1.0,0.0,1,False
66585,281,1826,25,25,25,1.0,1.0,1.0,15,14.142135623730953,25,1,25.0,1.0,0.0,1,False
66588,42,412,25,25,25,1.0,1.0,1.0,15,14.142135623730953,25,1,25.0,1.0,0.0,1,False
66594,125,684,20,20,27,1.0,1.0,0.7407407407407407,15,14.142135623730953,20,1,20.0,1.0,0.0,6,True
66597,220,1438,25,25,25,1.0,1.0,1.0,15,14.142135623730953,25,1,25.0,1.0,0.0,1,False
66599,239,1352,21,21,25,1.0,1.0,0.84,15,14.142135623730953,21,1,21.0,1.0,0.0,5,True
66601,12,188,25,25,25,1.0,1.0,1.0,15,14.142135623730953,25,1,25.0,1.0,0.0,1,False
66608,23,273,22,22,25,1.0,1.0,0.88,15,14.142135623730953,22,1,22.0,1.0,0.0,4,True
66609,127,627,21,21,31,1.0,1.0,0.6774193548387096,15,14.142135623730953,21,1,21.0,1.0,0.0,10,True
66611,2,266,25,25,25,1.0,1.0,1.0,15,14.142135623730953,25,1,25.0,1.0,0.0,1,False
66612,144,896,21,21,33,1.0,1.0,0.6363636363636364,15,14.142135623730953,21,1,21.0,1.0,0.0,7,True
66613,146,1055,25,25,25,1.0,1.0,1.0,15,14.142135623730953,25,1,25.0,1.0,0.0,1,False
66614,133,647,22,22,25,1.0,1.0,0.88,15,14.142135623730953,22,1,22.0,1.0,0.0,3,True
66615,52,477,25,25,25,1.0,1.0,1.0,15,14.142135623730953,25,1,25.0,1.0,0.0,1,False
66617,395,2097,24,24,25,1.0,1.0,0.96,15,14.142135623730953,24,1,24.0,1.0,0.0,2,True
66618,94,683,25,25,25,1.0,1.0,1.0,15,14.142135623730953,25,1,25.0,1.0,0.0,1,False
66619,119,1145,25,25,25,1.0,1.0,1.0,15,14.142135623730953,25,1,25.0,1.0,0.0,1,False
66620,0,83,25,25,25,1.0,1.0,1.0,15,14.142135623730953,25,1,25.0,1.0,0.0,1,False
66623,175,1117,25,25,25,1.0,1.0,1.0,15,14.142135623730953,25,1,25.0,1.0,0.0,1,False
66624,79,723,25,25,25,1.0,1.0,1.0,15,14.142135623730953,25,1,25.0,1.0,0.0,1,False
66625,100,565,21,21,31,1.0,1.0,0.6774193548387096,15,14.142135623730953,21,1,21.0,1.0,0.0,5,True
66626,40,655,23,23,25,1.0,1.0,0.92,15,14.142135623730953,23,1,23.0,1.0,0.0,3,True
66628,107,637,20,20,25,1.0,1.0,0.8,15,14.142135623730953,20,1,20.0,1.0,0.0,6,True
66632,107,640,25,25,25,1.0,1.0,1.0,15,14.142135623730953,25,1,25.0,1.0,0.0,1,False
66634,160,725,20,20,25,1.0,1.0,0.8,15,14.142135623730953,20,1,20.0,1.0,0.0,2,True
66636,44,722,20,20,25,1.0,1.0,0.8,15,14.142135623730953,20,1,20.0,1.0,0.0,6,True
66638,0,111,20,20,37,1.0,1.0,0.5405405405405406,15,14.142135623730953,20,1,20.0,1.0,0.0,18,True
66640,72,379,25,25,25,1.0,1.0,1.0,15,14.142135623730953,25,1,25.0,1.0,0.0,1,False
66652,95,604,24,24,25,1.0,1.0,0.96,15,14.142135623730953,24,1,24.0,1.0,0.0,2,True
66653,113,708,23,23,25,1.0,1.0,0.92,15,14.142135623730953,23,1,23.0,1.0,0.0,3,True
66655,52,318,20,20,25,1.0,1.0,0.8,15,14.142135623730953,20,1,20.0,1.0,0.0,6,True
66659,79,643,25,25,25,1.0,1.0,1.0,15,14.142135623730953,25,1,25.0,1.0,0.0,1,False
66660,110,1007,25,25,25,1.0,1.0,1.0,15,14.142135623730953,25,1,25.0,1.0,0.0,1,False
66662,0,77,25,25,25,1.0,1.0,1.0,15,14.142135623730953,25,1,25.0,1.0,0.0,1,False
66664,217,1370,25,25,25,1.0,1.0,1.0,15,14.142135623730953,25,1,25.0,1.0,0.0,1,False
66667,0,100,25,25,25,1.0,1.0,1.0,15,14.142135623730953,25,1,25.0,1.0,0.0,1,False
66668,223,1425,20,20,25,1.0,1.0,0.8,15,14.142135623730953,20,1,20.0,1.0,0.0,6,True
66670,15,380,21,21,25,1.0,1.0,0.84,15,14.142135623730953,21,1,21.0,1.0,0.0,5,True
66676,160,857,25,25,25,1.0,1.0,1.0,15,14.142135623730953,25,1,25.0,1.0,0.0,1,False
66677,83,430,25,25,25,1.0,1.0,1.0,15,14.142135623730953,25,1,25.0,1.0,0.0,1,False
66678,86,579,22,22,25,1.0,1.0,0.88,15,14.142135623730953,22,1,22.0,1.0,0.0,2,True
66679,193,908,21,21,25,1.0,1.0,0.84,15,14.142135623730953,21,1,21.0,1.0,0.0,5,True
66685,7,175,25,25,25,1.0,1.0,1.0,15,14.142135623730953,25,1,25.0,1.0,0.0,1,False
66693,229,1161,23,23,25,1.0,1.0,0.92,15,14.142135623730953,23,1,23.0,1.0,0.0,3,True
66694,391,1745,25,25,25,1.0,1.0,1.0,15,14.142135623730953,25,1,25.0,1.0,0.0,1,False
66697,8,86,21,21,27,1.0,1.0,0.7777777777777778,15,14.142135623730953,21,1,21.0,1.0,0.0,7,True
66700,230,1740,24,24,25,1.0,1.0,0.96,15,14.142135623730953,24,1,24.0,1.0,0.0,2,True
66704,150,830,25,25,25,1.0,1.0,1.0,15,14.142135623730953,25,1,25.0,1.0,0.0,1,False
66707,4,138,21,21,25,1.0,1.0,0.84,15,14.142135623730953,21,1,21.0,1.0,0.0,5,True
66708,146,828,22,22,25,1.0,1.0,0.88,15,14.142135623730953,22,1,22.0,1.0,0.0,4,True
66710,270,1852,25,25,25,1.0,1.0,1.0,15,14.142135623730953,25,1,25.0,1.0,0.0,1,False
66712,3,417,25,25,25,1.0,1.0,1.0,15,14.142135623730953,25,1,25.0,1.0,0.0,1,False
66713,63,323,25,25,25,1.0,1.0,1.0,15,14.142135623730953,25,1,25.0,1.0,0.0,1,False
66714,244,1220,25,25,25,1.0,1.0,1.0,15,14.142135623730953,25,1,25.0,1.0,0.0,1,False
66715,49,217,20,20,25,1.0,1.0,0.8,15,14.142135623730953,20,1,20.0,1.0,0.0,5,True
66716,87,567,21,21,25,1.0,1.0,0.84,15,14.142135623730953,21,1,21.0,1.0,0.0,5,True
66718,9,83,25,25,25,1.0,1.0,1.0,15,14.142135623730953,25,1,25.0,1.0,0.0,1,False
66724,407,2014,25,25,25,1.0,1.0,1.0,15,14.142135623730953,25,1,25.0,1.0,0.0,1,False
66726,102,929,25,25,25,1.0,1.0,1.0,15,14.142135623730953,25,1,25.0,1.0,0.0,1,False
66727,232,1293,20,20,25,1.0,1.0,0.8,15,14.142135623730953,20,1,20.0,1.0,0.0,6,True
66729,109,1157,25,25,25,1.0,1.0,1.0,15,14.142135623730953,25,1,25.0,1.0,0.0,1,False
66732,233,1440,25,25,25,1.0,1.0,1.0,15,14.142135623730953,25,1,25.0,1.0,0.0,1,False
66738,30,368,25,25,25,1.0,1.0,1.0,15,14.142135623730953,25,1,25.0,1.0,0.0,1,False
66740,167,1202,25,25,25,1.0,1.0,1.0,15,14.142135623730953,25,1,25.0,1.0,0.0,1,False
66741,0,256,25,25,25,1.0,1.0,1.0,15,14.142135623730953,25,1,25.0,1.0,0.0,1,False
66742,277,1730,20,20,29,1.0,1.0,0.6896551724137931,15,14.142135623730953,20,1,20.0,1.0,0.0,10,True
66743,121,734,24,24,25,1.0,1.0,0.96,15,14.142135623730953,24,1,24.0,1.0,0.0,2,True
66747,63,299,25,25,25,1.0,1.0,1.0,15,14.142135623730953,25,1,25.0,1.0,0.0,1,False
66751,19,82,20,20,37,1.0,1.0,0.5405405405405406,15,14.142135623730953,20,1,20.0,1.0,0.0,12,True
66752,117,681,25,25,25,1.0,1.0,1.0,15,14.142135623730953,25,1,25.0,1.0,0.0,1,False
66753,39,313,25,25,25,1.0,1.0,1.0,15,14.142135623730953,25,1,25.0,1.0,0.0,1,False
66754,20,403,25,25,25,1.0,1.0,1.0,15,14.142135623730953,25,1,25.0,1.0,0.0,1,False
66759,6,132,25,25,25,1.0,1.0,1.0,15,14.142135623730953,25,1,25.0,1.0,0.0,1,False
66761,53,498,25,25,25,1.0,1.0,1.0,15,14.142135623730953,25,1,25.0,1.0,0.0,1,False
66763,111,792,25,25,25,1.0,1.0,1.0,15,14.142135623730953,25,1,25.0,1.0,0.0,1,False
66764,8,138,25,25,25,1.0,1.0,1.0,15,14.142135623730953,25,1,25.0,1.0,0.0,1,False
66768,217,1184,25,25,25,1.0,1.0,1.0,15,14.142135623730953,25,1,25.0,1.0,0.0,1,False
66769,84,613,25,25,25,1.0,1.0,1.0,15,14.142135623730953,25,1,25.0,1.0,0.0,1,False
66772,214,1129,25,25,25,1.0,1.0,1.0,15,14.142135623730953,25,1,25.0,1.0,0.0,1,False
66773,133,1013,25,25,25,1.0,1.0,1.0,15,14.142135623730953,25,1,25.0,1.0,0.0,1,False
66774,150,1160,25,25,25,1.0,1.0,1.0,15,14.142135623730953,25,1,25.0,1.0,0.0,1,False
66775,0,82,25,25,25,1.0,1.0,1.0,15,14.142135623730953,25,1,25.0,1.0,0.0,1,False
66776,137,1114,24,24,25,1.0,1.0,0.96,15,14.142135623730953,24,1,24.0,1.0,0.0,2,True
66778,215,1124,25,25,25,1.0,1.0,1.0,15,14.142135623730953,25,1,25.0,1.0,0.0,1,False
66781,191,975,25,25,25,1.0,1.0,1.0,15,14.142135623730953,25,1,25.0,1.0,0.0,1,False
66793,0,59,25,25,25,1.0,1.0,1.0,15,14.142135623730953,25,1,25.0,1.0,0.0,1,False
66799,49,393,25,25,25,1.0,1.0,1.0,15,14.142135623730953,25,1,25.0,1.0,0.0,1,False
66809,3,99,22,22,25,1.0,1.0,0.88,15,14.142135623730953,22,1,22.0,1.0,0.0,4,True
66811,274,1764,20,20,25,1.0,1.0,0.8,15,14.142135623730953,20,1,20.0,1.0,0.0,6,True
66813,222,1223,22,22,25,1.0,1.0,0.88,15,14.142135623730953,22,1,22.0,1.0,0.0,4,True
66816,298,2071,20,20,25,1.0,1.0,0.8,15,14.142135623730953,20,1,20.0,1.0,0.0,6,True
66817,282,1719,23,23,25,1.0,1.0,0.92,15,14.142135623730953,23,1,23.0,1.0,0.0,3,True
66824,224,1210,25,25,25,1.0,1.0,1.0,15,14.142135623730953,25,1,25.0,1.0,0.0,1,False
66825,198,1148,25,25,25,1.0,1.0,1.0,15,14.142135623730953,25,1,25.0,1.0,0.0,1,False
66826,32,331,25,25,25,1.0,1.0,1.0,15,14.142135623730953,25,1,25.0,1.0,0.0,1,False
66827,166,972,25,25,25,1.0,1.0,1.0,15,14.142135623730953,25,1,25.0,1.0,0.0,1,False
66828,109,887,25,25,25,1.0,1.0,1.0,15,14.142135623730953,25,1,25.0,1.0,0.0,1,False
66836,160,860,20,20,25,1.0,1.0,0.8,15,14.142135623730953,20,1,20.0,1.0,0.0,6,True
66839,335,1872,25,25,25,1.0,1.0,1.0,15,14.142135623730953,25,1,25.0,1.0,0.0,1,False
66841,0,135,23,23,31,1.0,1.0,0.7419354838709677,15,14.142135623730953,23,1,23.0,1.0,0.0,9,True
66843,118,616,25,25,25,1.0,1.0,1.0,15,14.142135623730953,25,1,25.0,1.0,0.0,1,False
66844,61,374,25,25,25,1.0,1.0,1.0,15,14.142135623730953,25,1,25.0,1.0,0.0,1,False
66846,298,1852,25,25,25,1.0,1.0,1.0,15,14.142135623730953,25,1,25.0,1.0,0.0,1,False
66849,5,80,20,20,29,1.0,1.0,0.6896551724137931,15,14.142135623730953,20,1,20.0,1.0,0.0,6,True
66850,95,684,20,20,25,1.0,1.0,0.8,15,14.142135623730953,20,1,20.0,1.0,0.0,3,True
66852,86,524,25,25,25,1.0,1.0,1.0,15,14.142135623730953,25,1,25.0,1.0,0.0,1,False
66853,156,1251,22,22,39,1.0,1.0,0.5641025641025641,15,14.142135623730953,22,1,22.0,1.0,0.0,18,True
66854,150,1022,22,22,33,1.0,1.0,0.6666666666666666,15,14.142135623730953,22,1,22.0,1.0,0.0,9,True
66857,158,1011,25,25,25,1.0,1.0,1.0,15,14.142135623730953,25,1,25.0,1.0,0.0,1,False
66859,121,747,25,25,25,1.0,1.0,1.0,15,14.142135623730953,25,1,25.0,1.0,0.0,1,False
66861,47,711,25,25,25,1.0,1.0,1.0,15,14.142135623730953,25,1,25.0,1.0,0.0,1,False
66864,135,719,25,25,25,1.0,1.0,1.0,15,14.142135623730953,25,1,25.0,1.0,0.0,1,False
66870,295,1541,25,25,25,1.0,1.0,1.0,15,14.142135623730953,25,1,25.0,1.0,0.0,1,False
66873,302,1588,20,20,25,1.0,1.0,0.8,15,14.142135623730953,20,1,20.0,1.0,0.0,5,True
66874,0,65,25,25,25,1.0,1.0,1.0,15,14.142135623730953,25,1,25.0,1.0,0.0,1,False
66875,26,321,25,25,25,1.0,1.0,1.0,15,14.142135623730953,25,1,25.0,1.0,0.0,1,False
66879,1,81,24,24,25,1.0,1.0,0.96,15,14.142135623730953,24,1,24.0,1.0,0.0,2,True
66880,247,1934,22,22,25,1.0,1.0,0.88,15,14.142135623730953,22,1,22.0,1.0,0.0,4,True
66881,118,551,22,22,25,1.0,1.0,0.88,15,14.142135623730953,22,1,22.0,1.0,0.0,4,True
66887,144,867,20,20,25,1.0,1.0,0.8,15,14.142135623730953,20,1,20.0,1.0,0.0,6,True
66889,0,24,25,25,25,1.0,1.0,1.0,15,14.142135623730953,25,1,25.0,1.0,0.0,1,False
66896,114,788,25,25,25,1.0,1.0,1.0,15,14.142135623730953,25,1,25.0,1.0,0.0,1,False
66897,0,180,25,25,25,1.0,1.0,1.0,15,14.142135623730953,25,1,25.0,1.0,0.0,1,False
66903,299,1353,23,23,25,1.0,1.0,0.92,15,14.142135623730953,23,1,23.0,1.0,0.0,3,True
66909,0,188,25,25,25,1.0,1.0,1.0,15,14.142135623730953,25,1,25.0,1.0,0.0,1,False
66911,120,719,25,25,25,1.0,1.0,1.0,15,14.142135623730953,25,1,25.0,1.0,0.0,1,False
66912,48,666,25,25,25,1.0,1.0,1.0,15,14.142135623730953,25,1,25.0,1.0,0.0,1,False
66920,244,1237,22,22,41,1.0,1.0,0.5365853658536586,15,14.142135623730953,22,1,22.0,1.0,0.0,10,True
66922,17,138,25,25,25,1.0,1.0,1.0,15,14.142135623730953,25,1,25.0,1.0,0.0,1,False
66923,161,934,25,25,25,1.0,1.0,1.0,15,14.142135623730953,25,1,25.0,1.0,0.0,1,False
66924,109,699,25,25,25,1.0,1.0,1.0,15,14.142135623730953,25,1,25.0,1.0,0.0,1,False
66926,90,523,24,24,25,1.0,1.0,0.96,15,14.142135623730953,24,1,24.0,1.0,0.0,2,True
66927,188,1085,25,25,25,1.0,1.0,1.0,15,14.142135623730953,25,1,25.0,1.0,0.0,1,False
66930,0,379,25,25,25,1.0,1.0,1.0,15,14.142135623730953,25,1,25.0,1.0,0.0,1,False
66932,67,586,25,25,25,1.0,1.0,1.0,15,14.142135623730953,25,1,25.0,1.0,0.0,1,False
66933,72,482,25,25,25,1.0,1.0,1.0,15,14.142135623730953,25,1,25.0,1.0,0.0,1,False
66934,173,903,25,25,25,1.0,1.0,1.0,15,14.142135623730953,25,1,25.0,1.0,0.0,1,False
66935,83,462,25,25,25,1.0,1.0,1.0,15,14.142135623730953,25,1,25.0,1.0,0.0,1,False
66936,101,546,23,23,25,1.0,1.0,0.92,15,14.142135623730953,23,1,23.0,1.0,0.0,3,True
66937,184,955,21,21,25,1.0,1.0,0.84,15,14.142135623730953,21,1,21.0,1.0,0.0,5,True
66940,55,473,25,25,25,1.0,1.0,1.0,15,14.142135623730953,25,1,25.0,1.0,0.0,1,False
66942,370,2487,25,25,25,1.0,1.0,1.0,15,14.142135623730953,25,1,25.0,1.0,0.0,1,False
66944,77,618,25,25,25,1.0,1.0,1.0,15,14.142135623730953,25,1,25.0,1.0,0.0,1,False
66945,349,2119,25,25,25,1.0,1.0,1.0,15,14.142135623730953,25,1,25.0,1.0,0.0,1,False
66946,317,1982,25,25,25,1.0,1.0,1.0,15,14.142135623730953,25,1,25.0,1.0,0.0,1,False
66947,137,1033,23,23,25,1.0,1.0,0.92,15,14.142135623730953,23,1,23.0,1.0,0.0,3,True
66951,3,98,22,22,25,1.0,1.0,0.88,15,14.142135623730953,22,1,22.0,1.0,0.0,4,True
66952,278,1707,20,20,29,1.0,1.0,0.6896551724137931,15,14.142135623730953,20,1,20.0,1.0,0.0,8,True
66957,0,71,25,25,25,1.0,1.0,1.0,15,14.142135623730953,25,1,25.0,1.0,0.0,1,False
66959,45,282,25,25,25,1.0,1.0,1.0,15,14.142135623730953,25,1,25.0,1.0,0.0,1,False
66960,73,479,23,23,25,1.0,1.0,0.92,15,14.142135623730953,23,1,23.0,1.0,0.0,3,True
66961,247,1396,25,25,25,1.0,1.0,1.0,15,14.142135623730953,25,1,25.0,1.0,0.0,1,False
66962,155,835,25,25,25,1.0,1.0,1.0,15,14.142135623730953,25,1,25.0,1.0,0.0,1,False
66966,353,1693,21,21,25,1.0,1.0,0.84,15,14.142135623730953,21,1,21.0,1.0,0.0,5,True
66967,125,595,21,21,25,1.0,1.0,0.84,15,14.142135623730953,21,1,21.0,1.0,0.0,4,True
66968,39,303,25,25,25,1.0,1.0,1.0,15,14.142135623730953,25,1,25.0,1.0,0.0,1,False
66973,155,784,22,22,25,1.0,1.0,0.88,15,14.142135623730953,22,1,22.0,1.0,0.0,4,True
66982,289,1536,23,23,45,1.0,1.0,0.5111111111111111,15,14.142135623730953,23,1,23.0,1.0,0.0,8,True
66983,86,664,25,25,25,1.0,1.0,1.0,15,14.142135623730953,25,1,25.0,1.0,0.0,1,False
66985,230,1284,25,25,25,1.0,1.0,1.0,15,14.142135623730953,25,1,25.0,1.0,0.0,1,False
66987,132,851,21,21,25,1.0,1.0,0.84,15,14.142135623730953,21,1,21.0,1.0,0.0,5,True
66996,16,253,25,25,25,1.0,1.0,1.0,15,14.142135623730953,25,1,25.0,1.0,0.0,1,False
67004,18,268,25,25,25,1.0,1.0,1.0,15,14.142135623730953,25,1,25.0,1.0,0.0,1,False
67005,14,126,22,22,25,1.0,1.0,0.88,15,14.142135623730953,22,1,22.0,1.0,0.0,4,True
67009,4,128,21,21,25,1.0,1.0,0.84,15,14.142135623730953,21,1,21.0,1.0,0.0,5,True
67010,111,444,25,25,25,1.0,1.0,1.0,15,14.142135623730953,25,1,25.0,1.0,0.0,1,False
67014,184,1277,21,21,25,1.0,1.0,0.84,15,14.142135623730953,21,1,21.0,1.0,0.0,5,True
67018,46,388,25,25,25,1.0,1.0,1.0,15,14.142135623730953,25,1,25.0,1.0,0.0,1,False
67019,192,1255,25,25,25,1.0,1.0,1.0,15,14.142135623730953,25,1,25.0,1.0,0.0,1,False
67022,162,928,25,25,25,1.0,1.0,1.0,15,14.142135623730953,25,1,25.0,1.0,0.0,1,False
67024,273,1697,25,25,25,1.0,1.0,1.0,15,14.142135623730953,25,1,25.0,1.0,0.0,1,False
67029,312,1705,23,23,33,1.0,1.0,0.696969696969697,15,14.142135623730953,23,1,23.0,1.0,0.0,8,True
67030,191,1201,25,25,25,1.0,1.0,1.0,15,14.142135623730953,25,1,25.0,1.0,0.0,1,False
67032,194,1218,25,25,25,1.0,1.0,1.0,15,14.142135623730953,25,1,25.0,1.0,0.0,1,False
67035,103,916,25,25,25,1.0,1.0,1.0,15,14.142135623730953,25,1,25.0,1.0,0.0,1,False
67037,9,217,25,25,25,1.0,1.0,1.0,15,14.142135623730953,25,1,25.0,1.0,0.0,1,False
67038,10,135,22,22,39,1.0,1.0,0.5641025641025641,15,14.142135623730953,22,1,22.0,1.0,0.0,9,True
67047,154,972,25,25,25,1.0,1.0,1.0,15,14.142135623730953,25,1,25.0,1.0,0.0,1,False
67049,151,1308,21,21,25,1.0,1.0,0.84,15,14.142135623730953,21,1,21.0,1.0,0.0,5,True
67050,171,1178,25,25,25,1.0,1.0,1.0,15,14.142135623730953,25,1,25.0,1.0,0.0,1,False
67052,66,431,25,25,25,1.0,1.0,1.0,15,14.142135623730953,25,1,25.0,1.0,0.0,1,False
67055,129,810,25,25,25,1.0,1.0,1.0,15,14.142135623730953,25,1,25.0,1.0,0.0,1,False
67056,75,268,20,20,29,1.0,1.0,0.6896551724137931,15,14.142135623730953,20,1,20.0,1.0,0.0,5,True
67061,7,120,25,25,25,1.0,1.0,1.0,15,14.142135623730953,25,1,25.0,1.0,0.0,1,False
67063,141,875,21,21,25,1.0,1.0,0.84,15,14.142135623730953,21,1,21.0,1.0,0.0,5,True
67067,5,313,25,25,25,1.0,1.0,1.0,15,14.142135623730953,25,1,25.0,1.0,0.0,1,False
67068,179,877,25,25,25,1.0,1.0,1.0,15,14.142135623730953,25,1,25.0,1.0,0.0,1,False
67070,203,1085,22,22,25,1.0,1.0,0.88,15,14.142135623730953,22,1,22.0,1.0,0.0,4,True
67073,98,531,25,25,25,1.0,1.0,1.0,15,14.142135623730953,25,1,25.0,1.0,0.0,1,False
67074,237,1540,23,23,25,1.0,1.0,0.92,15,14.142135623730953,23,1,23.0,1.0,0.0,3,True
67075,19,215,25,25,25,1.0,1.0,1.0,15,14.142135623730953,25,1,25.0,1.0,0.0,1,False
67079,179,1242,25,25,25,1.0,1.0,1.0,15,14.142135623730953,25,1,25.0,1.0,0.0,1,False
67084,196,1287,25,25,25,1.0,1.0,1.0,15,14.142135623730953,25,1,25.0,1.0,0.0,1,False
67085,134,709,20,20,31,1.0,1.0,0.6451612903225806,15,14.142135623730953,20,1,20.0,1.0,0.0,10,True
67087,172,939,25,25,25,1.0,1.0,1.0,15,14.142135623730953,25,1,25.0,1.0,0.0,1,False
67088,116,532,23,23,25,1.0,1.0,0.92,15,14.142135623730953,23,1,23.0,1.0,0.0,3,True
67098,96,450,23,23,25,1.0,1.0,0.92,15,14.142135623730953,23,1,23.0,1.0,0.0,3,True
67104,115,1157,21,21,33,1.0,1.0,0.6363636363636364,15,14.142135623730953,21,1,21.0,1.0,0.0,12,True
67105,4,69,25,25,25,1.0,1.0,1.0,15,14.142135623730953,25,1,25.0,1.0,0.0,1,False
67106,221,844,25,25,25,1.0,1.0,1.0,15,14.142135623730953,25,1,25.0,1.0,0.0,1,False
67109,21,295,25,25,25,1.0,1.0,1.0,15,14.142135623730953,25,1,25.0,1.0,0.0,1,False
67111,92,771,25,25,25,1.0,1.0,1.0,15,14.142135623730953,25,1,25.0,1.0,0.0,1,False
67112,165,1180,25,25,25,1.0,1.0,1.0,15,14.142135623730953,25,1,25.0,1.0,0.0,1,False
67113,184,1090,25,25,25,1.0,1.0,1.0,15,14.142135623730953,25,1,25.0,1.0,0.0,1,False
67114,7,147,21,21,25,1.0,1.0,0.84,15,14.142135623730953,21,1,21.0,1.0,0.0,5,True
67116,0,144,25,25,25,1.0,1.0,1.0,15,14.142135623730953,25,1,25.0,1.0,0.0,1,False
67118,117,453,25,25,25,1.0,1.0,1.0,15,14.142135623730953,25,1,25.0,1.0,0.0,1,False
67119,57,192,24,24,25,1.0,1.0,0.96,15,14.142135623730953,24,1,24.0,1.0,0.0,2,True
67120,228,1006,22,22,25,1.0,1.0,0.88,15,14.142135623730953,22,1,22.0,1.0,0.0,4,True
67122,0,82,25,25,25,1.0,1.0,1.0,15,14.142135623730953,25,1,25.0,1.0,0.0,1,False
67123,79,791,25,25,25,1.0,1.0,1.0,15,14.142135623730953,25,1,25.0,1.0,0.0,1,False
67126,51,502,25,25,25,1.0,1.0,1.0,15,14.142135623730953,25,1,25.0,1.0,0.0,1,False
67128,316,1942,21,21,25,1.0,1.0,0.84,15,14.142135623730953,21,1,21.0,1.0,0.0,5,True
67129,83,747,25,25,25,1.0,1.0,1.0,15,14.142135623730953,25,1,25.0,1.0,0.0,1,False
67130,58,771,22,22,25,1.0,1.0,0.88,15,14.142135623730953,22,1,22.0,1.0,0.0,4,True
67131,367,1816,25,25,25,1.0,1.0,1.0,15,14.142135623730953,25,1,25.0,1.0,0.0,1,False
67133,5,71,25,25,25,1.0,1.0,1.0,15,14.142135623730953,25,1,25.0,1.0,0.0,1,False
67134,69,552,25,25,25,1.0,1.0,1.0,15,14.142135623730953,25,1,25.0,1.0,0.0,1,False
67137,43,274,25,25,25,1.0,1.0,1.0,15,14.142135623730953,25,1,25.0,1.0,0.0,1,False
67144,349,1964,25,25,25,1.0,1.0,1.0,15,14.142135623730953,25,1,25.0,1.0,0.0,1,False
67150,31,199,21,21,25,1.0,1.0,0.84,15,14.142135623730953,21,1,21.0,1.0,0.0,5,True
67151,47,466,25,25,25,1.0,1.0,1.0,15,14.142135623730953,25,1,25.0,1.0,0.0,1,False
67152,126,1009,25,25,25,1.0,1.0,1.0,15,14.142135623730953,25,1,25.0,1.0,0.0,1,False
67155,187,1309,21,21,25,1.0,1.0,0.84,15,14.142135623730953,21,1,21.0,1.0,0.0,5,True
67156,79,400,25,25,25,1.0,1.0,1.0,15,14.142135623730953,25,1,25.0,1.0,0.0,1,False
67158,301,1818,25,25,25,1.0,1.0,1.0,15,14.142135623730953,25,1,25.0,1.0,0.0,1,False
67161,69,429,25,25,25,1.0,1.0,1.0,15,14.142135623730953,25,1,25.0,1.0,0.0,1,False
67165,331,1986,25,25,25,1.0,1.0,1.0,15,14.142135623730953,25,1,25.0,1.0,0.0,1,False
67167,150,714,25,25,25,1.0,1.0,1.0,15,14.142135623730953,25,1,25.0,1.0,0.0,1,False
67171,0,15,22,22,25,1.0,1.0,0.88,15,14.142135623730953,22,1,22.0,1.0,0.0,4,True
67178,23,399,25,25,25,1.0,1.0,1.0,15,14.142135623730953,25,1,25.0,1.0,0.0,1,False
67181,247,1757,25,25,25,1.0,1.0,1.0,15,14.142135623730953,25,1,25.0,1.0,0.0,1,False
67182,39,269,25,25,25,1.0,1.0,1.0,15,14.142135623730953,25,1,25.0,1.0,0.0,1,False
67183,341,1674,25,25,25,1.0,1.0,1.0,15,14.142135623730953,25,1,25.0,1.0,0.0,1,False
67185,58,370,25,25,25,1.0,1.0,1.0,15,14.142135623730953,25,1,25.0,1.0,0.0,1,False
67186,236,1330,25,25,25,1.0,1.0,1.0,15,14.142135623730953,25,1,25.0,1.0,0.0,1,False
67188,75,537,22,22,25,1.0,1.0,0.88,15,14.142135623730953,22,1,22.0,1.0,0.0,2,True
67193,125,1132,25,25,25,1.0,1.0,1.0,15,14.142135623730953,25,1,25.0,1.0,0.0,1,False
67194,14,184,25,25,25,1.0,1.0,1.0,15,14.142135623730953,25,1,25.0,1.0,0.0,1,False
67197,461,2213,25,25,25,1.0,1.0,1.0,15,14.142135623730953,25,1,25.0,1.0,0.0,1,False
67199,171,808,25,25,25,1.0,1.0,1.0,15,14.142135623730953,25,1,25.0,1.0,0.0,1,False
67200,187,1357,22,22,25,1.0,1.0,0.88,15,14.142135623730953,22,1,22.0,1.0,0.0,4,True
67201,226,1567,25,25,25,1.0,1.0,1.0,15,14.142135623730953,25,1,25.0,1.0,0.0,1,False
67207,142,1009,25,25,25,1.0,1.0,1.0,15,14.142135623730953,25,1,25.0,1.0,0.0,1,False
67210,0,70,23,23,25,1.0,1.0,0.92,15,14.142135623730953,23,1,23.0,1.0,0.0,3,True
67215,115,664,25,25,25,1.0,1.0,1.0,15,14.142135623730953,25,1,25.0,1.0,0.0,1,False
67217,0,44,25,25,25,1.0,1.0,1.0,15,14.142135623730953,25,1,25.0,1.0,0.0,1,False
67219,43,224,25,25,25,1.0,1.0,1.0,15,14.142135623730953,25,1,25.0,1.0,0.0,1,False
67223,14,232,23,23,25,1.0,1.0,0.92,15,14.142135623730953,23,1,23.0,1.0,0.0,3,True
67228,62,724,24,24,25,1.0,1.0,0.96,15,14.142135623730953,24,1,24.0,1.0,0.0,2,True
67229,139,1028,25,25,25,1.0,1.0,1.0,15,14.142135623730953,25,1,25.0,1.0,0.0,1,False
67231,108,742,25,25,25,1.0,1.0,1.0,15,14.142135623730953,25,1,25.0,1.0,0.0,1,False
67234,81,910,25,25,25,1.0,1.0,1.0,15,14.142135623730953,25,1,25.0,1.0,0.0,1,False
67245,318,1832,25,25,25,1.0,1.0,1.0,15,14.142135623730953,25,1,25.0,1.0,0.0,1,False
67248,162,858,25,25,25,1.0,1.0,1.0,15,14.142135623730953,25,1,25.0,1.0,0.0,1,False
67249,28,271,25,25,25,1.0,1.0,1.0,15,14.142135623730953,25,1,25.0,1.0,0.0,1,False
67250,337,1888,25,25,25,1.0,1.0,1.0,15,14.142135623730953,25,1,25.0,1.0,0.0,1,False
67252,95,827,25,25,25,1.0,1.0,1.0,15,14.142135623730953,25,1,25.0,1.0,0.0,1,False
67256,115,556,22,22,25,1.0,1.0,0.88,15,14.142135623730953,22,1,22.0,1.0,0.0,4,True
67258,28,551,20,20,25,1.0,1.0,0.8,15,14.142135623730953,20,1,20.0,1.0,0.0,6,True
67260,133,814,25,25,25,1.0,1.0,1.0,15,14.142135623730953,25,1,25.0,1.0,0.0,1,False
67269,29,415,20,20,25,1.0,1.0,0.8,15,14.142135623730953,20,1,20.0,1.0,0.0,6,True
67273,159,1030,20,20,25,1.0,1.0,0.8,15,14.142135623730953,20,1,20.0,1.0,0.0,6,True
67274,61,501,24,24,25,1.0,1.0,0.96,15,14.142135623730953,24,1,24.0,1.0,0.0,2,True
67275,285,1712,25,25,25,1.0,1.0,1.0,15,14.142135623730953,25,1,25.0,1.0,0.0,1,False
67277,0,362,25,25,25,1.0,1.0,1.0,15,14.142135623730953,25,1,25.0,1.0,0.0,1,False
67286,325,2006,24,24,29,1.0,1.0,0.8275862068965517,15,14.142135623730953,24,1,24.0,1.0,0.0,6,True
67287,11,423,25,25,25,1.0,1.0,1.0,15,14.142135623730953,25,1,25.0,1.0,0.0,1,False
67289,373,2057,20,20,25,1.0,1.0,0.8,15,14.142135623730953,20,1,20.0,1.0,0.0,6,True
67290,198,1323,25,25,25,1.0,1.0,1.0,15,14.142135623730953,25,1,25.0,1.0,0.0,1,False
67294,123,700,25,25,25,1.0,1.0,1.0,15,14.142135623730953,25,1,25.0,1.0,0.0,1,False
67297,212,1080,25,25,25,1.0,1.0,1.0,15,14.142135623730953,25,1,25.0,1.0,0.0,1,False
67300,262,1649,25,25,25,1.0,1.0,1.0,15,14.142135623730953,25,1,25.0,1.0,0.0,1,False
67306,42,344,25,25,25,1.0,1.0,1.0,15,14.142135623730953,25,1,25.0,1.0,0.0,1,False
67309,12,219,22,22,25,1.0,1.0,0.88,15,14.142135623730953,22,1,22.0,1.0,0.0,4,True
67317,146,816,25,25,25,1.0,1.0,1.0,15,14.142135623730953,25,1,25.0,1.0,0.0,1,False
67318,263,2259,25,25,25,1.0,1.0,1.0,15,14.142135623730953,25,1,25.0,1.0,0.0,1,False
67320,163,898,25,25,25,1.0,1.0,1.0,15,14.142135623730953,25,1,25.0,1.0,0.0,1,False
67321,335,1693,25,25,25,1.0,1.0,1.0,15,14.142135623730953,25,1,25.0,1.0,0.0,1,False
67322,115,990,25,25,25,1.0,1.0,1.0,15,14.142135623730953,25,1,25.0,1.0,0.0,1,False
67325,303,1453,23,23,25,1.0,1.0,0.92,15,14.142135623730953,23,1,23.0,1.0,0.0,3,True
67328,74,829,25,25,25,1.0,1.0,1.0,15,14.142135623730953,25,1,25.0,1.0,0.0,1,False
67329,171,1188,24,24,25,1.0,1.0,0.96,15,14.142135623730953,24,1,24.0,1.0,0.0,2,True
67330,113,703,25,25,25,1.0,1.0,1.0,15,14.142135623730953,25,1,25.0,1.0,0.0,1,False
67333,33,448,25,25,25,1.0,1.0,1.0,15,14.142135623730953,25,1,25.0,1.0,0.0,1,False
67335,241,1330,25,25,25,1.0,1.0,1.0,15,14.142135623730953,25,1,25.0,1.0,0.0,1,False
67337,236,1163,25,25,25,1.0,1.0,1.0,15,14.142135623730953,25,1,25.0,1.0,0.0,1,False
67341,163,720,25,25,25,1.0,1.0,1.0,15,14.142135623730953,25,1,25.0,1.0,0.0,1,False
67346,151,1135,22,22,25,1.0,1.0,0.88,15,14.142135623730953,22,1,22.0,1.0,0.0,4,True
67355,0,154,25,25,25,1.0,1.0,1.0,15,14.142135623730953,25,1,25.0,1.0,0.0,1,False
67356,178,962,25,25,25,1.0,1.0,1.0,15,14.142135623730953,25,1,25.0,1.0,0.0,1,False
67357,10,334,25,25,25,1.0,1.0,1.0,15,14.142135623730953,25,1,25.0,1.0,0.0,1,False
67358,99,386,25,25,25,1.0,1.0,1.0,15,14.142135623730953,25,1,25.0,1.0,0.0,1,False
67363,22,225,23,23,25,1.0,1.0,0.92,15,14.142135623730953,23,1,23.0,1.0,0.0,2,True
67364,0,60,25,25,25,1.0,1.0,1.0,15,14.142135623730953,25,1,25.0,1.0,0.0,1,False
67368,41,408,25,25,25,1.0,1.0,1.0,15,14.142135623730953,25,1,25.0,1.0,0.0,1,False
67370,241,1281,20,20,39,1.0,1.0,0.5128205128205128,15,14.142135623730953,20,1,20.0,1.0,0.0,17,True
67371,228,1513,22,22,25,1.0,1.0,0.88,15,14.142135623730953,22,1,22.0,1.0,0.0,4,True
67373,24,377,25,25,25,1.0,1.0,1.0,15,14.142135623730953,25,1,25.0,1.0,0.0,1,False
67375,303,1983,24,24,25,1.0,1.0,0.96,15,14.142135623730953,24,1,24.0,1.0,0.0,2,True
67376,61,255,25,25,25,1.0,1.0,1.0,15,14.142135623730953,25,1,25.0,1.0,0.0,1,False
67377,38,428,22,22,25,1.0,1.0,0.88,15,14.142135623730953,22,1,22.0,1.0,0.0,4,True
67381,0,63,25,25,25,1.0,1.0,1.0,15,14.142135623730953,25,1,25.0,1.0,0.0,1,False
67383,113,747,23,23,25,1.0,1.0,0.92,15,14.142135623730953,23,1,23.0,1.0,0.0,3,True
67384,0,182,25,25,25,1.0,1.0,1.0,15,14.142135623730953,25,1,25.0,1.0,0.0,1,False
67387,5,76,25,25,25,1.0,1.0,1.0,15,14.142135623730953,25,1,25.0,1.0,0.0,1,False
67390,65,331,25,25,25,1.0,1.0,1.0,15,14.142135623730953,25,1,25.0,1.0,0.0,1,False
67394,223,1282,21,21,33,1.0,1.0,0.6363636363636364,15,14.142135623730953,21,1,21.0,1.0,0.0,8,True
67398,327,1783,25,25,25,1.0,1.0,1.0,15,14.142135623730953,25,1,25.0,1.0,0.0,1,False
67399,3,219,25,25,25,1.0,1.0,1.0,15,14.142135623730953,25,1,25.0,1.0,0.0,1,False
67401,108,573,25,25,25,1.0,1.0,1.0,15,14.142135623730953,25,1,25.0,1.0,0.0,1,False
67403,1,25,24,24,25,1.0,1.0,0.96,15,14.142135623730953,24,1,24.0,1.0,0.0,2,True
67413,125,864,25,25,25,1.0,1.0,1.0,15,14.142135623730953,25,1,25.0,1.0,0.0,1,False
67416,217,1729,21,21,25,1.0,1.0,0.84,15,14.142135623730953,21,1,21.0,1.0,0.0,5,True
67424,111,871,25,25,25,1.0,1.0,1.0,15,14.142135623730953,25,1,25.0,1.0,0.0,1,False
67426,23,358,25,25,25,1.0,1.0,1.0,15,14.142135623730953,25,1,25.0,1.0,0.0,1,False
67430,54,644,23,23,25,1.0,1.0,0.92,15,14.142135623730953,23,1,23.0,1.0,0.0,3,True
67438,315,2014,25,25,25,1.0,1.0,1.0,15,14.142135623730953,25,1,25.0,1.0,0.0,1,False
67442,60,569,21,21,35,1.0,1.0,0.6,15,14.142135623730953,21,1,21.0,1.0,0.0,11,True
67444,113,532,23,23,25,1.0,1.0,0.92,15,14.142135623730953,23,1,23.0,1.0,0.0,3,True
67446,296,1816,25,25,25,1.0,1.0,1.0,15,14.142135623730953,25,1,25.0,1.0,0.0,1,False
67449,142,1288,25,25,25,1.0,1.0,1.0,15,14.142135623730953,25,1,25.0,1.0,0.0,1,False
67451,150,909,21,21,25,1.0,1.0,0.84,15,14.142135623730953,21,1,21.0,1.0,0.0,5,True
67452,237,1261,25,25,25,1.0,1.0,1.0,15,14.142135623730953,25,1,25.0,1.0,0.0,1,False
67453,221,1604,25,25,25,1.0,1.0,1.0,15,14.142135623730953,25,1,25.0,1.0,0.0,1,False
67456,0,267,25,25,25,1.0,1.0,1.0,15,14.142135623730953,25,1,25.0,1.0,0.0,1,False
67458,14,298,25,25,25,1.0,1.0,1.0,15,14.142135623730953,25,1,25.0,1.0,0.0,1,False
67460,5,279,25,25,25,1.0,1.0,1.0,15,14.142135623730953,25,1,25.0,1.0,0.0,1,False
67465,0,24,25,25,25,1.0,1.0,1.0,15,14.142135623730953,25,1,25.0,1.0,0.0,1,False
67467,3,136,24,24,25,1.0,1.0,0.96,15,14.142135623730953,24,1,24.0,1.0,0.0,2,True
67469,330,1601,23,23,25,1.0,1.0,0.92,15,14.142135623730953,23,1,23.0,1.0,0.0,3,True
67473,263,1238,25,25,25,1.0,1.0,1.0,15,14.142135623730953,25,1,25.0,1.0,0.0,1,False
67475,3,205,20,20,35,1.0,1.0,0.5714285714285714,15,14.142135623730953,20,1,20.0,1.0,0.0,11,True
67477,189,938,22,22,25,1.0,1.0,0.88,15,14.142135623730953,22,1,22.0,1.0,0.0,4,True
67479,21,403,22,22,25,1.0,1.0,0.88,15,14.142135623730953,22,1,22.0,1.0,0.0,4,True
67480,76,481,21,21,29,1.0,1.0,0.7241379310344828,15,14.142135623730953,21,1,21.0,1.0,0.0,5,True
67481,364,2106,24,24,25,1.0,1.0,0.96,15,14.142135623730953,24,1,24.0,1.0,0.0,2,True
67483,139,757,25,25,25,1.0,1.0,1.0,15,14.142135623730953,25,1,25.0,1.0,0.0,1,False
67484,124,786,25,25,25,1.0,1.0,1.0,15,14.142135623730953,25,1,25.0,1.0,0.0,1,False
67486,247,1358,24,24,25,1.0,1.0,0.96,15,14.142135623730953,24,1,24.0,1.0,0.0,2,True
67487,340,1796,25,25,25,1.0,1.0,1.0,15,14.142135623730953,25,1,25.0,1.0,0.0,1,False
67490,2,66,20,20,25,1.0,1.0,0.8,15,14.142135623730953,20,1,20.0,1.0,0.0,5,True
67492,67,760,25,25,25,1.0,1.0,1.0,15,14.142135623730953,25,1,25.0,1.0,0.0,1,False
67496,175,863,25,25,25,1.0,1.0,1.0,15,14.142135623730953,25,1,25.0,1.0,0.0,1,False
67497,4,231,21,21,25,1.0,1.0,0.84,15,14.142135623730953,21,1,21.0,1.0,0.0,5,True
67498,0,131,25,25,25,1.0,1.0,1.0,15,14.142135623730953,25,1,25.0,1.0,0.0,1,False
67501,295,1424,25,25,25,1.0,1.0,1.0,15,14.142135623730953,25,1,25.0,1.0,0.0,1,False
67507,76,479,25,25,25,1.0,1.0,1.0,15,14.142135623730953,25,1,25.0,1.0,0.0,1,False
67508,36,509,21,21,25,1.0,1.0,0.84,15,14.142135623730953,21,1,21.0,1.0,0.0,5,True
67512,169,730,25,25,25,1.0,1.0,1.0,15,14.142135623730953,25,1,25.0,1.0,0.0,1,False
67514,135,722,25,25,25,1.0,1.0,1.0,15,14.142135623730953,25,1,25.0,1.0,0.0,1,False
67516,26,220,25,25,25,1.0,1.0,1.0,15,14.142135623730953,25,1,25.0,1.0,0.0,1,False
67520,0,69,25,25,25,1.0,1.0,1.0,15,14.142135623730953,25,1,25.0,1.0,0.0,1,False
67521,195,1060,22,22,25,1.0,1.0,0.88,15,14.142135623730953,22,1,22.0,1.0,0.0,4,True
67524,0,12,25,25,25,1.0,1.0,1.0,15,14.142135623730953,25,1,25.0,1.0,0.0,1,False
67525,85,585,25,25,25,1.0,1.0,1.0,15,14.142135623730953,25,1,25.0,1.0,0.0,1,False
67526,136,1007,25,25,25,1.0,1.0,1.0,15,14.142135623730953,25,1,25.0,1.0,0.0,1,False
67530,115,483,23,23,25,1.0,1.0,0.92,15,14.142135623730953,23,1,23.0,1.0,0.0,3,True
67532,376,1964,25,25,25,1.0,1.0,1.0,15,14.142135623730953,25,1,25.0,1.0,0.0,1,False
67533,95,531,25,25,25,1.0,1.0,1.0,15,14.142135623730953,25,1,25.0,1.0,0.0,1,False
67537,116,927,22,22,25,1.0,1.0,0.88,15,14.142135623730953,22,1,22.0,1.0,0.0,4,True
67538,94,542,25,25,25,1.0,1.0,1.0,15,14.142135623730953,25,1,25.0,1.0,0.0,1,False
67539,165,902,20,20,29,1.0,1.0,0.6896551724137931,15,14.142135623730953,20,1,20.0,1.0,0.0,7,True
67550,94,718,25,25,25,1.0,1.0,1.0,15,14.142135623730953,25,1,25.0,1.0,0.0,1,False
67552,103,450,20,20,25,1.0,1.0,0.8,15,14.142135623730953,20,1,20.0,1.0,0.0,6,True
67553,12,168,25,25,25,1.0,1.0,1.0,15,14.142135623730953,25,1,25.0,1.0,0.0,1,False
67554,0,12,25,25,25,1.0,1.0,1.0,15,14.142135623730953,25,1,25.0,1.0,0.0,1,False
67556,94,792,21,21,33,1.0,1.0,0.6363636363636364,15,14.142135623730953,21,1,21.0,1.0,0.0,7,True
67562,9,365,29,29,55,1.0,1.0,0.5272727272727272,15,14.142135623730953,29,1,29.0,1.0,0.0,18,True
67565,112,633,25,25,25,1.0,1.0,1.0,15,14.142135623730953,25,1,25.0,1.0,0.0,1,False
67569,134,785,23,23,25,1.0,1.0,0.92,15,14.142135623730953,23,1,23.0,1.0,0.0,3,True
67573,64,661,25,25,25,1.0,1.0,1.0,15,14.142135623730953,25,1,25.0,1.0,0.0,1,False
67574,27,396,22,22,25,1.0,1.0,0.88,15,14.142135623730953,22,1,22.0,1.0,0.0,4,True
67577,424,2658,24,24,25,1.0,1.0,0.96,15,14.142135623730953,24,1,24.0,1.0,0.0,2,True
67579,28,280,25,25,25,1.0,1.0,1.0,15,14.142135623730953,25,1,25.0,1.0,0.0,1,False
67580,229,1469,24,24,25,1.0,1.0,0.96,15,14.142135623730953,24,1,24.0,1.0,0.0,2,True
67584,122,736,22,22,25,1.0,1.0,0.88,15,14.142135623730953,22,1,22.0,1.0,0.0,4,True
67586,201,984,25,25,25,1.0,1.0,1.0,15,14.142135623730953,25,1,25.0,1.0,0.0,1,False
67588,217,1204,25,25,25,1.0,1.0,1.0,15,14.142135623730953,25,1,25.0,1.0,0.0,1,False
67589,24,292,25,25,25,1.0,1.0,1.0,15,14.142135623730953,25,1,25.0,1.0,0.0,1,False
67592,65,884,25,25,25,1.0,1.0,1.0,15,14.142135623730953,25,1,25.0,1.0,0.0,1,False
67594,161,946,20,20,25,1.0,1.0,0.8,15,14.142135623730953,20,1,20.0,1.0,0.0,6,True
67596,346,1820,25,25,25,1.0,1.0,1.0,15,14.142135623730953,25,1,25.0,1.0,0.0,1,False
67597,42,276,20,20,25,1.0,1.0,0.8,15,14.142135623730953,20,1,20.0,1.0,0.0,6,True
67602,143,930,25,25,25,1.0,1.0,1.0,15,14.142135623730953,25,1,25.0,1.0,0.0,1,False
67611,192,1160,22,22,25,1.0,1.0,0.88,15,14.142135623730953,22,1,22.0,1.0,0.0,4,True
67612,409,2155,21,21,25,1.0,1.0,0.84,15,14.142135623730953,21,1,21.0,1.0,0.0,5,True
67613,131,614,25,25,25,1.0,1.0,1.0,15,14.142135623730953,25,1,25.0,1.0,0.0,1,False
67615,22,281,25,25,25,1.0,1.0,1.0,15,14.142135623730953,25,1,25.0,1.0,0.0,1,False
67620,34,405,25,25,25,1.0,1.0,1.0,15,14.142135623730953,25,1,25.0,1.0,0.0,1,False
67621,334,1822,25,25,25,1.0,1.0,1.0,15,14.142135623730953,25,1,25.0,1.0,0.0,1,False
67623,353,2181,25,25,25,1.0,1.0,1.0,15,14.142135623730953,25,1,25.0,1.0,0.0,1,False
67624,4,227,20,20,25,1.0,1.0,0.8,15,14.142135623730953,20,1,20.0,1.0,0.0,5,True
67625,115,1249,25,25,25,1.0,1.0,1.0,15,14.142135623730953,25,1,25.0,1.0,0.0,1,False
67628,40,296,24,24,25,1.0,1.0,0.96,15,14.142135623730953,24,1,24.0,1.0,0.0,2,True
67629,321,1905,25,25,25,1.0,1.0,1.0,15,14.142135623730953,25,1,25.0,1.0,0.0,1,False
67630,142,812,25,25,25,1.0,1.0,1.0,15,14.142135623730953,25,1,25.0,1.0,0.0,1,False
67647,190,966,25,25,25,1.0,1.0,1.0,15,14.142135623730953,25,1,25.0,1.0,0.0,1,False
67648,51,264,24,24,25,1.0,1.0,0.96,15,14.142135623730953,24,1,24.0,1.0,0.0,2,True
67649,122,1199,25,25,25,1.0,1.0,1.0,15,14.142135623730953,25,1,25.0,1.0,0.0,1,False
67651,46,527,20,20,35,1.0,1.0,0.5714285714285714,15,14.142135623730953,20,1,20.0,1.0,0.0,8,True
67653,185,1078,25,25,25,1.0,1.0,1.0,15,14.142135623730953,25,1,25.0,1.0,0.0,1,False
67655,277,1857,25,25,25,1.0,1.0,1.0,15,14.142135623730953,25,1,25.0,1.0,0.0,1,False
67656,100,640,25,25,25,1.0,1.0,1.0,15,14.142135623730953,25,1,25.0,1.0,0.0,1,False
67662,270,1725,25,25,25,1.0,1.0,1.0,15,14.142135623730953,25,1,25.0,1.0,0.0,1,False
67664,80,746,25,25,25,1.0,1.0,1.0,15,14.142135623730953,25,1,25.0,1.0,0.0,1,False
67671,155,742,23,23,25,1.0,1.0,0.92,15,14.142135623730953,23,1,23.0,1.0,0.0,3,True
67676,20,401,22,22,25,1.0,1.0,0.88,15,14.142135623730953,22,1,22.0,1.0,0.0,4,True
67677,393,2266,25,25,25,1.0,1.0,1.0,15,14.142135623730953,25,1,25.0,1.0,0.0,1,False
67680,23,220,21,21,25,1.0,1.0,0.84,15,14.142135623730953,21,1,21.0,1.0,0.0,5,True
67686,152,830,20,20,31,1.0,1.0,0.6451612903225806,15,14.142135623730953,20,1,20.0,1.0,0.0,12,True
67688,128,1100,20,20,25,1.0,1.0,0.8,15,14.142135623730953,20,1,20.0,1.0,0.0,4,True
67689,147,790,22,22,25,1.0,1.0,0.88,15,14.142135623730953,22,1,22.0,1.0,0.0,4,True
67694,35,423,25,25,25,1.0,1.0,1.0,15,14.142135623730953,25,1,25.0,1.0,0.0,1,False
67696,24,253,24,24,25,1.0,1.0,0.96,15,14.142135623730953,24,1,24.0,1.0,0.0,2,True
67700,155,1119,25,25,25,1.0,1.0,1.0,15,14.142135623730953,25,1,25.0,1.0,0.0,1,False
67701,185,1016,25,25,25,1.0,1.0,1.0,15,14.142135623730953,25,1,25.0,1.0,0.0,1,False
67705,249,1436,25,25,25,1.0,1.0,1.0,15,14.142135623730953,25,1,25.0,1.0,0.0,1,False
67707,1,83,25,25,25,1.0,1.0,1.0,15,14.142135623730953,25,1,25.0,1.0,0.0,1,False
67710,46,639,21,21,25,1.0,1.0,0.84,15,14.142135623730953,21,1,21.0,1.0,0.0,4,True
67711,3,43,24,24,25,1.0,1.0,0.96,15,14.142135623730953,24,1,24.0,1.0,0.0,2,True
67717,121,1043,21,21,25,1.0,1.0,0.84,15,14.142135623730953,21,1,21.0,1.0,0.0,5,True
67718,1,136,25,25,25,1.0,1.0,1.0,15,14.142135623730953,25,1,25.0,1.0,0.0,1,False
67722,3,106,25,25,25,1.0,1.0,1.0,15,14.142135623730953,25,1,25.0,1.0,0.0,1,False
67727,235,1383,20,20,31,1.0,1.0,0.6451612903225806,15,14.142135623730953,20,1,20.0,1.0,0.0,6,True
67730,161,1227,25,25,25,1.0,1.0,1.0,15,14.142135623730953,25,1,25.0,1.0,0.0,1,False
67731,241,1529,21,21,25,1.0,1.0,0.84,15,14.142135623730953,21,1,21.0,1.0,0.0,5,True
67734,38,209,25,25,25,1.0,1.0,1.0,15,14.142135623730953,25,1,25.0,1.0,0.0,1,False
67738,206,1127,25,25,25,1.0,1.0,1.0,15,14.142135623730953,25,1,25.0,1.0,0.0,1,False
67739,173,1117,25,25,25,1.0,1.0,1.0,15,14.142135623730953,25,1,25.0,1.0,0.0,1,False
67741,328,2130,25,25,25,1.0,1.0,1.0,15,14.142135623730953,25,1,25.0,1.0,0.0,1,False
67745,74,574,25,25,25,1.0,1.0,1.0,15,14.142135623730953,25,1,25.0,1.0,0.0,1,False
67747,89,491,24,24,25,1.0,1.0,0.96,15,14.142135623730953,24,1,24.0,1.0,0.0,2,True
67750,123,550,25,25,25,1.0,1.0,1.0,15,14.142135623730953,25,1,25.0,1.0,0.0,1,False
67751,137,774,24,24,25,1.0,1.0,0.96,15,14.142135623730953,24,1,24.0,1.0,0.0,2,True
67752,94,408,25,25,25,1.0,1.0,1.0,15,14.142135623730953,25,1,25.0,1.0,0.0,1,False
67754,55,572,25,25,25,1.0,1.0,1.0,15,14.142135623730953,25,1,25.0,1.0,0.0,1,False
67755,39,319,25,25,25,1.0,1.0,1.0,15,14.142135623730953,25,1,25.0,1.0,0.0,1,False
67760,107,952,25,25,25,1.0,1.0,1.0,15,14.142135623730953,25,1,25.0,1.0,0.0,1,False
67761,187,1137,25,25,25,1.0,1.0,1.0,15,14.142135623730953,25,1,25.0,1.0,0.0,1,False
67764,42,499,24,24,25,1.0,1.0,0.96,15,14.142135623730953,24,1,24.0,1.0,0.0,2,True
67765,7,248,25,25,25,1.0,1.0,1.0,15,14.142135623730953,25,1,25.0,1.0,0.0,1,False
67766,132,690,24,24,25,1.0,1.0,0.96,15,14.142135623730953,24,1,24.0,1.0,0.0,2,True
67767,9,339,23,23,25,1.0,1.0,0.92,15,14.142135623730953,23,1,23.0,1.0,0.0,3,True
67774,187,978,25,25,25,1.0,1.0,1.0,15,14.142135623730953,25,1,25.0,1.0,0.0,1,False
67776,94,559,25,25,25,1.0,1.0,1.0,15,14.142135623730953,25,1,25.0,1.0,0.0,1,False
67781,246,1217,25,25,25,1.0,1.0,1.0,15,14.142135623730953,25,1,25.0,1.0,0.0,1,False
67782,292,1977,25,25,25,1.0,1.0,1.0,15,14.142135623730953,25,1,25.0,1.0,0.0,1,False
67783,215,1403,20,20,25,1.0,1.0,0.8,15,14.142135623730953,20,1,20.0,1.0,0.0,6,True
67786,413,2132,25,25,25,1.0,1.0,1.0,15,14.142135623730953,25,1,25.0,1.0,0.0,1,False
67789,209,1121,25,25,25,1.0,1.0,1.0,15,14.142135623730953,25,1,25.0,1.0,0.0,1,False
67790,34,831,23,23,29,1.0,1.0,0.7931034482758621,15,14.142135623730953,23,1,23.0,1.0,0.0,7,True
67796,62,367,25,25,25,1.0,1.0,1.0,15,14.142135623730953,25,1,25.0,1.0,0.0,1,False
67801,0,227,25,25,25,1.0,1.0,1.0,15,14.142135623730953,25,1,25.0,1.0,0.0,1,False
67810,83,820,25,25,25,1.0,1.0,1.0,15,14.142135623730953,25,1,25.0,1.0,0.0,1,False
67812,162,1031,23,23,25,1.0,1.0,0.92,15,14.142135623730953,23,1,23.0,1.0,0.0,3,True
67813,136,702,25,25,25,1.0,1.0,1.0,15,14.142135623730953,25,1,25.0,1.0,0.0,1,False
67814,114,555,25,25,25,1.0,1.0,1.0,15,14.142135623730953,25,1,25.0,1.0,0.0,1,False
67818,212,1520,22,22,25,1.0,1.0,0.88,15,14.142135623730953,22,1,22.0,1.0,0.0,4,True
67819,0,105,25,25,25,1.0,1.0,1.0,15,14.142135623730953,25,1,25.0,1.0,0.0,1,False
67829,305,1588,25,25,25,1.0,1.0,1.0,15,14.142135623730953,25,1,25.0,1.0,0.0,1,False
67833,109,662,25,25,25,1.0,1.0,1.0,15,14.142135623730953,25,1,25.0,1.0,0.0,1,False
67836,26,212,23,23,25,1.0,1.0,0.92,15,14.142135623730953,23,1,23.0,1.0,0.0,3,True
67844,88,881,25,25,25,1.0,1.0,1.0,15,14.142135623730953,25,1,25.0,1.0,0.0,1,False
67845,252,1653,25,25,25,1.0,1.0,1.0,15,14.142135623730953,25,1,25.0,1.0,0.0,1,False
67846,200,1043,25,25,25,1.0,1.0,1.0,15,14.142135623730953,25,1,25.0,1.0,0.0,1,False
67855,67,431,22,22,25,1.0,1.0,0.88,15,14.142135623730953,22,1,22.0,1.0,0.0,3,True
67856,205,1442,25,25,25,1.0,1.0,1.0,15,14.142135623730953,25,1,25.0,1.0,0.0,1,False
67858,144,766,25,25,25,1.0,1.0,1.0,15,14.142135623730953,25,1,25.0,1.0,0.0,1,False
67861,132,838,25,25,25,1.0,1.0,1.0,15,14.142135623730953,25,1,25.0,1.0,0.0,1,False
67863,4,190,21,21,25,1.0,1.0,0.84,15,14.142135623730953,21,1,21.0,1.0,0.0,5,True
67868,15,70,20,20,33,1.0,1.0,0.6060606060606061,15,14.142135623730953,20,1,20.0,1.0,0.0,14,True
67869,63,472,23,23,25,1.0,1.0,0.92,15,14.142135623730953,23,1,23.0,1.0,0.0,3,True
67872,14,191,24,24,25,1.0,1.0,0.96,15,14.142135623730953,24,1,24.0,1.0,0.0,2,True
67873,58,448,24,24,39,1.0,1.0,0.6153846153846154,15,14.142135623730953,24,1,24.0,1.0,0.0,9,True
67874,182,933,25,25,25,1.0,1.0,1.0,15,14.142135623730953,25,1,25.0,1.0,0.0,1,False
67878,2,84,25,25,25,1.0,1.0,1.0,15,14.142135623730953,25,1,25.0,1.0,0.0,1,False
67886,8,190,25,25,25,1.0,1.0,1.0,15,14.142135623730953,25,1,25.0,1.0,0.0,1,False
67888,384,2086,25,25,25,1.0,1.0,1.0,15,14.142135623730953,25,1,25.0,1.0,0.0,1,False
67897,146,877,25,25,25,1.0,1.0,1.0,15,14.142135623730953,25,1,25.0,1.0,0.0,1,False
67900,65,493,25,25,25,1.0,1.0,1.0,15,14.142135623730953,25,1,25.0,1.0,0.0,1,False
67901,11,105,21,22,31,0.9545454545454546,0.9545454545454546,0.6774193548387096,15,14.142135623730953,22,2,21.0,0.9545454545454546,0.045454545454545414,8,True
67903,0,22,25,25,25,1.0,1.0,1.0,15,14.142135623730953,25,1,25.0,1.0,0.0,1,False
67905,55,446,25,25,25,1.0,1.0,1.0,15,14.142135623730953,25,1,25.0,1.0,0.0,1,False
67909,220,1433,25,25,25,1.0,1.0,1.0,15,14.142135623730953,25,1,25.0,1.0,0.0,1,False
67910,11,425,20,20,25,1.0,1.0,0.8,15,14.142135623730953,20,1,20.0,1.0,0.0,6,True
67913,120,914,25,25,25,1.0,1.0,1.0,15,14.142135623730953,25,1,25.0,1.0,0.0,1,False
67917,90,516,22,22,25,1.0,1.0,0.88,15,14.142135623730953,22,1,22.0,1.0,0.0,4,True
67919,161,1112,25,25,25,1.0,1.0,1.0,15,14.142135623730953,25,1,25.0,1.0,0.0,1,False
67920,74,374,25,25,25,1.0,1.0,1.0,15,14.142135623730953,25,1,25.0,1.0,0.0,1,False
67922,33,701,25,25,25,1.0,1.0,1.0,15,14.142135623730953,25,1,25.0,1.0,0.0,1,False
67923,62,429,25,25,25,1.0,1.0,1.0,15,14.142135623730953,25,1,25.0,1.0,0.0,1,False
67924,0,50,25,25,25,1.0,1.0,1.0,15,14.142135623730953,25,1,25.0,1.0,0.0,1,False
67930,5,30,20,20,25,1.0,1.0,0.8,15,14.142135623730953,20,1,20.0,1.0,0.0,6,True
67937,93,531,25,25,25,1.0,1.0,1.0,15,14.142135623730953,25,1,25.0,1.0,0.0,1,False
67938,63,605,25,25,25,1.0,1.0,1.0,15,14.142135623730953,25,1,25.0,1.0,0.0,1,False
67941,137,699,22,22,25,1.0,1.0,0.88,15,14.142135623730953,22,1,22.0,1.0,0.0,4,True
67943,41,279,25,25,25,1.0,1.0,1.0,15,14.142135623730953,25,1,25.0,1.0,0.0,1,False
67945,110,557,21,21,25,1.0,1.0,0.84,15,14.142135623730953,21,1,21.0,1.0,0.0,5,True
67946,207,1271,23,23,45,1.0,1.0,0.5111111111111111,15,14.142135623730953,23,1,23.0,1.0,0.0,20,True
67948,0,5,24,24,33,1.0,1.0,0.7272727272727273,15,14.142135623730953,24,1,24.0,1.0,0.0,8,True
67950,19,153,24,24,25,1.0,1.0,0.96,15,14.142135623730953,24,1,24.0,1.0,0.0,2,True
67953,14,314,25,25,25,1.0,1.0,1.0,15,14.142135623730953,25,1,25.0,1.0,0.0,1,False
67954,229,1985,25,25,25,1.0,1.0,1.0,15,14.142135623730953,25,1,25.0,1.0,0.0,1,False
67956,0,155,23,23,31,1.0,1.0,0.7419354838709677,15,14.142135623730953,23,1,23.0,1.0,0.0,9,True
67957,210,1372,25,25,25,1.0,1.0,1.0,15,14.142135623730953,25,1,25.0,1.0,0.0,1,False
67958,58,401,20,20,27,1.0,1.0,0.7407407407407407,15,14.142135623730953,20,1,20.0,1.0,0.0,5,True
67959,192,1254,25,25,25,1.0,1.0,1.0,15,14.142135623730953,25,1,25.0,1.0,0.0,1,False
67962,4,6,21,21,25,1.0,1.0,0.84,15,14.142135623730953,21,1,21.0,1.0,0.0,5,True
67963,261,1285,25,25,25,1.0,1.0,1.0,15,14.142135623730953,25,1,25.0,1.0,0.0,1,False
67965,20,425,23,23,25,1.0,1.0,0.92,15,14.142135623730953,23,1,23.0,1.0,0.0,3,True
67966,48,415,25,25,25,1.0,1.0,1.0,15,14.142135623730953,25,1,25.0,1.0,0.0,1,False
67967,60,361,25,25,25,1.0,1.0,1.0,15,14.142135623730953,25,1,25.0,1.0,0.0,1,False
67974,22,251,25,25,25,1.0,1.0,1.0,15,14.142135623730953,25,1,25.0,1.0,0.0,1,False
67977,89,484,25,25,25,1.0,1.0,1.0,15,14.142135623730953,25,1,25.0,1.0,0.0,1,False
67979,0,64,25,25,25,1.0,1.0,1.0,15,14.142135623730953,25,1,25.0,1.0,0.0,1,False
67981,136,698,25,25,25,1.0,1.0,1.0,15,14.142135623730953,25,1,25.0,1.0,0.0,1,False
67982,0,24,25,25,25,1.0,1.0,1.0,15,14.142135623730953,25,1,25.0,1.0,0.0,1,False
67984,1,177,25,25,25,1.0,1.0,1.0,15,14.142135623730953,25,1,25.0,1.0,0.0,1,False
67985,46,526,25,25,25,1.0,1.0,1.0,15,14.142135623730953,25,1,25.0,1.0,0.0,1,False
67989,0,73,25,25,25,1.0,1.0,1.0,15,14.142135623730953,25,1,25.0,1.0,0.0,1,False
67990,87,549,25,25,25,1.0,1.0,1.0,15,14.142135623730953,25,1,25.0,1.0,0.0,1,False
67997,0,22,25,25,25,1.0,1.0,1.0,15,14.142135623730953,25,1,25.0,1.0,0.0,1,False
68003,0,64,25,25,25,1.0,1.0,1.0,15,14.142135623730953,25,1,25.0,1.0,0.0,1,False
68004,138,595,25,25,25,1.0,1.0,1.0,15,14.142135623730953,25,1,25.0,1.0,0.0,1,False
68005,158,1185,20,20,25,1.0,1.0,0.8,15,14.142135623730953,20,1,20.0,1.0,0.0,6,True
68008,71,493,24,24,25,1.0,1.0,0.96,15,14.142135623730953,24,1,24.0,1.0,0.0,2,True
68013,64,613,24,24,25,1.0,1.0,0.96,15,14.142135623730953,24,1,24.0,1.0,0.0,2,True
68014,3,9,22,22,25,1.0,1.0,0.88,15,14.142135623730953,22,1,22.0,1.0,0.0,4,True
68015,31,411,25,25,25,1.0,1.0,1.0,15,14.142135623730953,25,1,25.0,1.0,0.0,1,False
68016,147,687,20,20,37,1.0,1.0,0.5405405405405406,15,14.142135623730953,20,1,20.0,1.0,0.0,13,True
68018,116,639,20,20,25,1.0,1.0,0.8,15,14.142135623730953,20,1,20.0,1.0,0.0,6,True
68019,177,979,25,25,25,1.0,1.0,1.0,15,14.142135623730953,25,1,25.0,1.0,0.0,1,False
68020,276,1627,21,21,25,1.0,1.0,0.84,15,14.142135623730953,21,1,21.0,1.0,0.0,5,True
68022,70,470,25,25,25,1.0,1.0,1.0,15,14.142135623730953,25,1,25.0,1.0,0.0,1,False
68027,82,522,21,21,25,1.0,1.0,0.84,15,14.142135623730953,21,1,21.0,1.0,0.0,5,True
68028,20,212,25,25,25,1.0,1.0,1.0,15,14.142135623730953,25,1,25.0,1.0,0.0,1,False
68030,117,646,25,25,25,1.0,1.0,1.0,15,14.142135623730953,25,1,25.0,1.0,0.0,1,False
68031,218,1583,20,20,25,1.0,1.0,0.8,15,14.142135623730953,20,1,20.0,1.0,0.0,4,True
68033,91,718,25,25,25,1.0,1.0,1.0,15,14.142135623730953,25,1,25.0,1.0,0.0,1,False
68036,117,1117,25,25,25,1.0,1.0,1.0,15,14.142135623730953,25,1,25.0,1.0,0.0,1,False
68045,0,56,25,25,25,1.0,1.0,1.0,15,14.142135623730953,25,1,25.0,1.0,0.0,1,False
68047,26,215,25,25,25,1.0,1.0,1.0,15,14.142135623730953,25,1,25.0,1.0,0.0,1,False
68048,128,781,25,25,25,1.0,1.0,1.0,15,14.142135623730953,25,1,25.0,1.0,0.0,1,False
68050,30,313,22,22,25,1.0,1.0,0.88,15,14.142135623730953,22,1,22.0,1.0,0.0,4,True
68052,106,602,22,22,25,1.0,1.0,0.88,15,14.142135623730953,22,1,22.0,1.0,0.0,4,True
68054,190,998,22,22,25,1.0,1.0,0.88,15,14.142135623730953,22,1,22.0,1.0,0.0,4,True
68058,63,368,24,24,35,1.0,1.0,0.6857142857142857,15,14.142135623730953,24,1,24.0,1.0,0.0,11,True
68060,216,1454,25,25,25,1.0,1.0,1.0,15,14.142135623730953,25,1,25.0,1.0,0.0,1,False
68061,220,1659,22,22,25,1.0,1.0,0.88,15,14.142135623730953,22,1,22.0,1.0,0.0,4,True
68063,47,310,25,25,25,1.0,1.0,1.0,15,14.142135623730953,25,1,25.0,1.0,0.0,1,False
68065,13,57,25,25,25,1.0,1.0,1.0,15,14.142135623730953,25,1,25.0,1.0,0.0,1,False
68068,1,226,25,25,25,1.0,1.0,1.0,15,14.142135623730953,25,1,25.0,1.0,0.0,1,False
68076,287,1791,23,23,25,1.0,1.0,0.92,15,14.142135623730953,23,1,23.0,1.0,0.0,2,True
68079,3,42,22,22,25,1.0,1.0,0.88,15,14.142135623730953,22,1,22.0,1.0,0.0,4,True
68080,29,423,25,25,25,1.0,1.0,1.0,15,14.142135623730953,25,1,25.0,1.0,0.0,1,False
68081,126,617,25,25,25,1.0,1.0,1.0,15,14.142135623730953,25,1,25.0,1.0,0.0,1,False
68084,113,630,25,25,25,1.0,1.0,1.0,15,14.142135623730953,25,1,25.0,1.0,0.0,1,False
68085,187,1094,21,21,25,1.0,1.0,0.84,15,14.142135623730953,21,1,21.0,1.0,0.0,5,True
68086,236,1114,25,25,25,1.0,1.0,1.0,15,14.142135623730953,25,1,25.0,1.0,0.0,1,False
68090,166,975,25,25,25,1.0,1.0,1.0,15,14.142135623730953,25,1,25.0,1.0,0.0,1,False
68097,312,1580,25,25,25,1.0,1.0,1.0,15,14.142135623730953,25,1,25.0,1.0,0.0,1,False
68100,91,872,25,25,25,1.0,1.0,1.0,15,14.142135623730953,25,1,25.0,1.0,0.0,1,False
68101,253,1478,25,25,25,1.0,1.0,1.0,15,14.142135623730953,25,1,25.0,1.0,0.0,1,False
68103,151,897,25,25,25,1.0,1.0,1.0,15,14.142135623730953,25,1,25.0,1.0,0.0,1,False
68104,136,810,25,25,25,1.0,1.0,1.0,15,14.142135623730953,25,1,25.0,1.0,0.0,1,False
68106,1,169,25,25,25,1.0,1.0,1.0,15,14.142135623730953,25,1,25.0,1.0,0.0,1,False
68107,85,552,25,25,25,1.0,1.0,1.0,15,14.142135623730953,25,1,25.0,1.0,0.0,1,False
68108,191,858,20,20,25,1.0,1.0,0.8,15,14.142135623730953,20,1,20.0,1.0,0.0,6,True
68109,297,1835,25,25,25,1.0,1.0,1.0,15,14.142135623730953,25,1,25.0,1.0,0.0,1,False
68113,113,1161,25,25,25,1.0,1.0,1.0,15,14.142135623730953,25,1,25.0,1.0,0.0,1,False
68114,192,1035,25,25,25,1.0,1.0,1.0,15,14.142135623730953,25,1,25.0,1.0,0.0,1,False
68120,94,757,25,25,25,1.0,1.0,1.0,15,14.142135623730953,25,1,25.0,1.0,0.0,1,False
68128,19,362,25,25,25,1.0,1.0,1.0,15,14.142135623730953,25,1,25.0,1.0,0.0,1,False
68132,26,407,25,25,25,1.0,1.0,1.0,15,14.142135623730953,25,1,25.0,1.0,0.0,1,False
68137,167,984,25,25,25,1.0,1.0,1.0,15,14.142135623730953,25,1,25.0,1.0,0.0,1,False
68146,212,1107,25,25,25,1.0,1.0,1.0,15,14.142135623730953,25,1,25.0,1.0,0.0,1,False
68154,73,307,20,20,25,1.0,1.0,0.8,15,14.142135623730953,20,1,20.0,1.0,0.0,6,True
68155,497,2563,25,25,25,1.0,1.0,1.0,15,14.142135623730953,25,1,25.0,1.0,0.0,1,False
68157,207,1344,25,25,25,1.0,1.0,1.0,15,14.142135623730953,25,1,25.0,1.0,0.0,1,False
68158,74,487,25,25,25,1.0,1.0,1.0,15,14.142135623730953,25,1,25.0,1.0,0.0,1,False
68160,104,654,20,20,25,1.0,1.0,0.8,15,14.142135623730953,20,1,20.0,1.0,0.0,6,True
68166,148,1123,25,25,25,1.0,1.0,1.0,15,14.142135623730953,25,1,25.0,1.0,0.0,1,False
68171,43,602,25,25,25,1.0,1.0,1.0,15,14.142135623730953,25,1,25.0,1.0,0.0,1,False
68174,61,496,25,25,25,1.0,1.0,1.0,15,14.142135623730953,25,1,25.0,1.0,0.0,1,False
68179,123,712,20,20,25,1.0,1.0,0.8,15,14.142135623730953,20,1,20.0,1.0,0.0,6,True
68182,8,383,25,25,25,1.0,1.0,1.0,15,14.142135623730953,25,1,25.0,1.0,0.0,1,False
68187,0,133,25,25,25,1.0,1.0,1.0,15,14.142135623730953,25,1,25.0,1.0,0.0,1,False
68188,438,2322,20,20,25,1.0,1.0,0.8,15,14.142135623730953,20,1,20.0,1.0,0.0,6,True
68190,115,773,25,25,25,1.0,1.0,1.0,15,14.142135623730953,25,1,25.0,1.0,0.0,1,False
68191,13,358,24,24,25,1.0,1.0,0.96,15,14.142135623730953,24,1,24.0,1.0,0.0,2,True
68195,0,97,25,25,25,1.0,1.0,1.0,15,14.142135623730953,25,1,25.0,1.0,0.0,1,False
68200,102,584,25,25,25,1.0,1.0,1.0,15,14.142135623730953,25,1,25.0,1.0,0.0,1,False
68203,0,44,25,25,25,1.0,1.0,1.0,15,14.142135623730953,25,1,25.0,1.0,0.0,1,False
68204,470,2896,25,25,25,1.0,1.0,1.0,15,14.142135623730953,25,1,25.0,1.0,0.0,1,False
68205,277,1687,25,25,25,1.0,1.0,1.0,15,14.142135623730953,25,1,25.0,1.0,0.0,1,False
68207,51,625,25,25,25,1.0,1.0,1.0,15,14.142135623730953,25,1,25.0,1.0,0.0,1,False
68208,86,764,25,25,25,1.0,1.0,1.0,15,14.142135623730953,25,1,25.0,1.0,0.0,1,False
68210,40,240,23,23,25,1.0,1.0,0.92,15,14.142135623730953,23,1,23.0,1.0,0.0,2,True
68211,30,271,25,25,25,1.0,1.0,1.0,15,14.142135623730953,25,1,25.0,1.0,0.0,1,False
68213,124,1107,25,25,25,1.0,1.0,1.0,15,14.142135623730953,25,1,25.0,1.0,0.0,1,False
68217,0,42,25,25,25,1.0,1.0,1.0,15,14.142135623730953,25,1,25.0,1.0,0.0,1,False
68221,20,282,25,25,25,1.0,1.0,1.0,15,14.142135623730953,25,1,25.0,1.0,0.0,1,False
68222,123,791,20,20,25,1.0,1.0,0.8,15,14.142135623730953,20,1,20.0,1.0,0.0,6,True
68227,237,1614,25,25,25,1.0,1.0,1.0,15,14.142135623730953,25,1,25.0,1.0,0.0,1,False
68228,2,108,25,25,25,1.0,1.0,1.0,15,14.142135623730953,25,1,25.0,1.0,0.0,1,False
68230,378,2177,25,25,25,1.0,1.0,1.0,15,14.142135623730953,25,1,25.0,1.0,0.0,1,False
68233,118,726,23,23,25,1.0,1.0,0.92,15,14.142135623730953,23,1,23.0,1.0,0.0,3,True
68235,85,576,25,25,25,1.0,1.0,1.0,15,14.142135623730953,25,1,25.0,1.0,0.0,1,False
68236,13,252,25,25,25,1.0,1.0,1.0,15,14.142135623730953,25,1,25.0,1.0,0.0,1,False
68238,48,374,25,25,25,1.0,1.0,1.0,15,14.142135623730953,25,1,25.0,1.0,0.0,1,False
68239,280,1916,20,20,33,1.0,1.0,0.6060606060606061,15,14.142135623730953,20,1,20.0,1.0,0.0,5,True
68240,238,1504,25,25,25,1.0,1.0,1.0,15,14.142135623730953,25,1,25.0,1.0,0.0,1,False
68241,13,188,25,25,25,1.0,1.0,1.0,15,14.142135623730953,25,1,25.0,1.0,0.0,1,False
68248,326,1606,25,25,25,1.0,1.0,1.0,15,14.142135623730953,25,1,25.0,1.0,0.0,1,False
68249,5,75,20,20,25,1.0,1.0,0.8,15,14.142135623730953,20,1,20.0,1.0,0.0,6,True
68252,114,912,23,23,25,1.0,1.0,0.92,15,14.142135623730953,23,1,23.0,1.0,0.0,3,True
68253,137,608,25,25,25,1.0,1.0,1.0,15,14.142135623730953,25,1,25.0,1.0,0.0,1,False
68255,3,159,22,22,25,1.0,1.0,0.88,15,14.142135623730953,22,1,22.0,1.0,0.0,4,True
68258,11,216,21,21,25,1.0,1.0,0.84,15,14.142135623730953,21,1,21.0,1.0,0.0,5,True
68260,59,449,25,25,25,1.0,1.0,1.0,15,14.142135623730953,25,1,25.0,1.0,0.0,1,False
68261,44,231,25,25,25,1.0,1.0,1.0,15,14.142135623730953,25,1,25.0,1.0,0.0,1,False
68266,349,1537,25,25,25,1.0,1.0,1.0,15,14.142135623730953,25,1,25.0,1.0,0.0,1,False
68267,93,956,25,25,25,1.0,1.0,1.0,15,14.142135623730953,25,1,25.0,1.0,0.0,1,False
68268,221,1392,22,22,25,1.0,1.0,0.88,15,14.142135623730953,22,1,22.0,1.0,0.0,4,True
68270,150,1111,32,32,45,1.0,1.0,0.7111111111111111,15,14.142135623730953,32,1,32.0,1.0,0.0,7,True
68272,137,992,20,20,25,1.0,1.0,0.8,15,14.142135623730953,20,1,20.0,1.0,0.0,6,True
68273,28,611,25,25,25,1.0,1.0,1.0,15,14.142135623730953,25,1,25.0,1.0,0.0,1,False
68275,70,537,25,25,25,1.0,1.0,1.0,15,14.142135623730953,25,1,25.0,1.0,0.0,1,False
68276,248,1440,25,25,25,1.0,1.0,1.0,15,14.142135623730953,25,1,25.0,1.0,0.0,1,False
68280,15,172,21,21,25,1.0,1.0,0.84,15,14.142135623730953,21,1,21.0,1.0,0.0,5,True
68283,2,85,25,25,25,1.0,1.0,1.0,15,14.142135623730953,25,1,25.0,1.0,0.0,1,False
68289,65,460,25,25,25,1.0,1.0,1.0,15,14.142135623730953,25,1,25.0,1.0,0.0,1,False
68293,0,44,25,25,25,1.0,1.0,1.0,15,14.142135623730953,25,1,25.0,1.0,0.0,1,False
68296,138,767,25,25,25,1.0,1.0,1.0,15,14.142135623730953,25,1,25.0,1.0,0.0,1,False
68297,75,639,25,25,25,1.0,1.0,1.0,15,14.142135623730953,25,1,25.0,1.0,0.0,1,False
68299,137,1246,25,25,25,1.0,1.0,1.0,15,14.142135623730953,25,1,25.0,1.0,0.0,1,False
68300,14,145,23,23,31,1.0,1.0,0.7419354838709677,15,14.142135623730953,23,1,23.0,1.0,0.0,7,True
68302,38,420,22,22,25,1.0,1.0,0.88,15,14.142135623730953,22,1,22.0,1.0,0.0,4,True
68303,220,1373,25,25,25,1.0,1.0,1.0,15,14.142135623730953,25,1,25.0,1.0,0.0,1,False
68306,5,108,25,25,25,1.0,1.0,1.0,15,14.142135623730953,25,1,25.0,1.0,0.0,1,False
68307,416,2386,25,25,25,1.0,1.0,1.0,15,14.142135623730953,25,1,25.0,1.0,0.0,1,False
68308,0,183,25,25,25,1.0,1.0,1.0,15,14.142135623730953,25,1,25.0,1.0,0.0,1,False
68309,0,118,25,25,25,1.0,1.0,1.0,15,14.142135623730953,25,1,25.0,1.0,0.0,1,False
68311,164,830,23,23,25,1.0,1.0,0.92,15,14.142135623730953,23,1,23.0,1.0,0.0,3,True
68317,87,917,25,25,25,1.0,1.0,1.0,15,14.142135623730953,25,1,25.0,1.0,0.0,1,False
68319,140,1032,25,25,25,1.0,1.0,1.0,15,14.142135623730953,25,1,25.0,1.0,0.0,1,False
68320,149,653,23,23,25,1.0,1.0,0.92,15,14.142135623730953,23,1,23.0,1.0,0.0,3,True
68322,324,1929,21,21,25,1.0,1.0,0.84,15,14.142135623730953,21,1,21.0,1.0,0.0,5,True
68323,131,871,25,25,25,1.0,1.0,1.0,15,14.142135623730953,25,1,25.0,1.0,0.0,1,False
68324,28,392,25,25,25,1.0,1.0,1.0,15,14.142135623730953,25,1,25.0,1.0,0.0,1,False
68325,259,1429,22,22,25,1.0,1.0,0.88,15,14.142135623730953,22,1,22.0,1.0,0.0,4,True
68326,0,26,25,25,25,1.0,1.0,1.0,15,14.142135623730953,25,1,25.0,1.0,0.0,1,False
68328,51,323,25,25,25,1.0,1.0,1.0,15,14.142135623730953,25,1,25.0,1.0,0.0,1,False
68332,242,1152,25,25,25,1.0,1.0,1.0,15,14.142135623730953,25,1,25.0,1.0,0.0,1,False
68333,0,86,25,25,25,1.0,1.0,1.0,15,14.142135623730953,25,1,25.0,1.0,0.0,1,False
68338,53,298,25,25,25,1.0,1.0,1.0,15,14.142135623730953,25,1,25.0,1.0,0.0,1,False
68343,323,1907,25,25,25,1.0,1.0,1.0,15,14.142135623730953,25,1,25.0,1.0,0.0,1,False
68344,79,471,25,25,25,1.0,1.0,1.0,15,14.142135623730953,25,1,25.0,1.0,0.0,1,False
68348,0,20,25,25,25,1.0,1.0,1.0,15,14.142135623730953,25,1,25.0,1.0,0.0,1,False
68351,81,385,25,25,25,1.0,1.0,1.0,15,14.142135623730953,25,1,25.0,1.0,0.0,1,False
68353,78,507,25,25,25,1.0,1.0,1.0,15,14.142135623730953,25,1,25.0,1.0,0.0,1,False
68356,86,451,25,25,25,1.0,1.0,1.0,15,14.142135623730953,25,1,25.0,1.0,0.0,1,False
68359,229,1287,25,25,25,1.0,1.0,1.0,15,14.142135623730953,25,1,25.0,1.0,0.0,1,False
68361,241,1264,22,22,25,1.0,1.0,0.88,15,14.142135623730953,22,1,22.0,1.0,0.0,4,True
68363,116,765,25,25,25,1.0,1.0,1.0,15,14.142135623730953,25,1,25.0,1.0,0.0,1,False
68365,24,402,24,24,25,1.0,1.0,0.96,15,14.142135623730953,24,1,24.0,1.0,0.0,2,True
68369,57,405,25,25,25,1.0,1.0,1.0,15,14.142135623730953,25,1,25.0,1.0,0.0,1,False
68370,103,898,25,25,25,1.0,1.0,1.0,15,14.142135623730953,25,1,25.0,1.0,0.0,1,False
68371,4,35,25,25,25,1.0,1.0,1.0,15,14.142135623730953,25,1,25.0,1.0,0.0,1,False
68372,0,42,25,25,25,1.0,1.0,1.0,15,14.142135623730953,25,1,25.0,1.0,0.0,1,False
68373,64,455,25,25,25,1.0,1.0,1.0,15,14.142135623730953,25,1,25.0,1.0,0.0,1,False
68385,9,161,23,23,25,1.0,1.0,0.92,15,14.142135623730953,23,1,23.0,1.0,0.0,3,True
68386,114,760,25,25,25,1.0,1.0,1.0,15,14.142135623730953,25,1,25.0,1.0,0.0,1,False
68388,333,1764,25,25,25,1.0,1.0,1.0,15,14.142135623730953,25,1,25.0,1.0,0.0,1,False
68389,184,1076,25,25,25,1.0,1.0,1.0,15,14.142135623730953,25,1,25.0,1.0,0.0,1,False
68391,143,748,25,25,25,1.0,1.0,1.0,15,14.142135623730953,25,1,25.0,1.0,0.0,1,False
68393,1,94,24,24,25,1.0,1.0,0.96,15,14.142135623730953,24,1,24.0,1.0,0.0,2,True
68400,159,990,23,23,25,1.0,1.0,0.92,15,14.142135623730953,23,1,23.0,1.0,0.0,3,True
68403,158,983,25,25,25,1.0,1.0,1.0,15,14.142135623730953,25,1,25.0,1.0,0.0,1,False
68404,329,1942,22,22,25,1.0,1.0,0.88,15,14.142135623730953,22,1,22.0,1.0,0.0,4,True
68414,50,277,24,24,25,1.0,1.0,0.96,15,14.142135623730953,24,1,24.0,1.0,0.0,2,True
68415,97,690,25,25,25,1.0,1.0,1.0,15,14.142135623730953,25,1,25.0,1.0,0.0,1,False
68416,9,196,25,25,25,1.0,1.0,1.0,15,14.142135623730953,25,1,25.0,1.0,0.0,1,False
68417,236,1311,25,25,25,1.0,1.0,1.0,15,14.142135623730953,25,1,25.0,1.0,0.0,1,False
68418,24,214,20,20,39,1.0,1.0,0.5128205128205128,15,14.142135623730953,20,1,20.0,1.0,0.0,14,True
68419,91,810,25,25,25,1.0,1.0,1.0,15,14.142135623730953,25,1,25.0,1.0,0.0,1,False
68421,109,926,25,25,25,1.0,1.0,1.0,15,14.142135623730953,25,1,25.0,1.0,0.0,1,False
68425,357,1687,25,25,25,1.0,1.0,1.0,15,14.142135623730953,25,1,25.0,1.0,0.0,1,False
68429,74,503,25,25,25,1.0,1.0,1.0,15,14.142135623730953,25,1,25.0,1.0,0.0,1,False
68430,0,163,25,25,25,1.0,1.0,1.0,15,14.142135623730953,25,1,25.0,1.0,0.0,1,False
68432,64,435,20,20,27,1.0,1.0,0.7407407407407407,15,14.142135623730953,20,1,20.0,1.0,0.0,5,True
68433,10,257,25,25,25,1.0,1.0,1.0,15,14.142135623730953,25,1,25.0,1.0,0.0,1,False
68434,158,1063,24,24,25,1.0,1.0,0.96,15,14.142135623730953,24,1,24.0,1.0,0.0,2,True
68436,0,52,25,25,25,1.0,1.0,1.0,15,14.142135623730953,25,1,25.0,1.0,0.0,1,False
68437,139,915,24,24,25,1.0,1.0,0.96,15,14.142135623730953,24,1,24.0,1.0,0.0,2,True
68438,0,55,25,25,25,1.0,1.0,1.0,15,14.142135623730953,25,1,25.0,1.0,0.0,1,False
68442,37,331,25,25,25,1.0,1.0,1.0,15,14.142135623730953,25,1,25.0,1.0,0.0,1,False
68444,23,262,25,25,25,1.0,1.0,1.0,15,14.142135623730953,25,1,25.0,1.0,0.0,1,False
68445,220,1310,23,23,25,1.0,1.0,0.92,15,14.142135623730953,23,1,23.0,1.0,0.0,3,True
68446,95,747,25,25,25,1.0,1.0,1.0,15,14.142135623730953,25,1,25.0,1.0,0.0,1,False
68447,338,1574,25,25,25,1.0,1.0,1.0,15,14.142135623730953,25,1,25.0,1.0,0.0,1,False
68453,294,1878,25,25,25,1.0,1.0,1.0,15,14.142135623730953,25,1,25.0,1.0,0.0,1,False
68454,184,1031,22,22,25,1.0,1.0,0.88,15,14.142135623730953,22,1,22.0,1.0,0.0,4,True
68455,70,600,20,20,25,1.0,1.0,0.8,15,14.142135623730953,20,1,20.0,1.0,0.0,6,True
68458,134,1298,25,25,25,1.0,1.0,1.0,15,14.142135623730953,25,1,25.0,1.0,0.0,1,False
68461,128,700,25,25,25,1.0,1.0,1.0,15,14.142135623730953,25,1,25.0,1.0,0.0,1,False
68466,76,352,25,25,25,1.0,1.0,1.0,15,14.142135623730953,25,1,25.0,1.0,0.0,1,False
68468,37,291,25,25,25,1.0,1.0,1.0,15,14.142135623730953,25,1,25.0,1.0,0.0,1,False
68472,205,1049,23,23,25,1.0,1.0,0.92,15,14.142135623730953,23,1,23.0,1.0,0.0,3,True
68475,110,839,25,25,25,1.0,1.0,1.0,15,14.142135623730953,25,1,25.0,1.0,0.0,1,False
68476,21,273,20,20,25,1.0,1.0,0.8,15,14.142135623730953,20,1,20.0,1.0,0.0,5,True
68477,173,1153,23,23,25,1.0,1.0,0.92,15,14.142135623730953,23,1,23.0,1.0,0.0,3,True
68483,19,124,21,21,25,1.0,1.0,0.84,15,14.142135623730953,21,1,21.0,1.0,0.0,5,True
68487,12,592,21,21,25,1.0,1.0,0.84,15,14.142135623730953,21,1,21.0,1.0,0.0,5,True
68488,99,1069,25,25,25,1.0,1.0,1.0,15,14.142135623730953,25,1,25.0,1.0,0.0,1,False
68489,19,334,22,22,25,1.0,1.0,0.88,15,14.142135623730953,22,1,22.0,1.0,0.0,4,True
68495,23,194,25,25,25,1.0,1.0,1.0,15,14.142135623730953,25,1,25.0,1.0,0.0,1,False
68496,64,353,25,25,25,1.0,1.0,1.0,15,14.142135623730953,25,1,25.0,1.0,0.0,1,False
68498,5,12,20,20,25,1.0,1.0,0.8,15,14.142135623730953,20,1,20.0,1.0,0.0,6,True
68502,29,356,25,25,25,1.0,1.0,1.0,15,14.142135623730953,25,1,25.0,1.0,0.0,1,False
68503,213,986,20,20,25,1.0,1.0,0.8,15,14.142135623730953,20,1,20.0,1.0,0.0,6,True
68504,25,161,25,25,25,1.0,1.0,1.0,15,14.142135623730953,25,1,25.0,1.0,0.0,1,False
68506,153,1344,25,25,25,1.0,1.0,1.0,15,14.142135623730953,25,1,25.0,1.0,0.0,1,False
68509,103,693,25,25,25,1.0,1.0,1.0,15,14.142135623730953,25,1,25.0,1.0,0.0,1,False
68513,129,795,25,25,25,1.0,1.0,1.0,15,14.142135623730953,25,1,25.0,1.0,0.0,1,False
68515,92,824,25,25,25,1.0,1.0,1.0,15,14.142135623730953,25,1,25.0,1.0,0.0,1,False
68517,127,940,25,25,25,1.0,1.0,1.0,15,14.142135623730953,25,1,25.0,1.0,0.0,1,False
68518,1,68,25,25,25,1.0,1.0,1.0,15,14.142135623730953,25,1,25.0,1.0,0.0,1,False
68521,64,336,25,25,25,1.0,1.0,1.0,15,14.142135623730953,25,1,25.0,1.0,0.0,1,False
68524,195,937,25,25,25,1.0,1.0,1.0,15,14.142135623730953,25,1,25.0,1.0,0.0,1,False
68525,77,559,25,25,25,1.0,1.0,1.0,15,14.142135623730953,25,1,25.0,1.0,0.0,1,False
68526,271,1326,36,36,57,1.0,1.0,0.631578947368421,15,14.142135623730953,36,1,36.0,1.0,0.0,11,True
68527,197,1009,25,25,25,1.0,1.0,1.0,15,14.142135623730953,25,1,25.0,1.0,0.0,1,False
68533,306,1780,25,25,25,1.0,1.0,1.0,15,14.142135623730953,25,1,25.0,1.0,0.0,1,False
68536,3,59,25,25,25,1.0,1.0,1.0,15,14.142135623730953,25,1,25.0,1.0,0.0,1,False
68537,357,2326,21,21,33,1.0,1.0,0.6363636363636364,15,14.142135623730953,21,1,21.0,1.0,0.0,8,True
68541,6,244,24,24,25,1.0,1.0,0.96,15,14.142135623730953,24,1,24.0,1.0,0.0,2,True
68542,18,407,25,25,25,1.0,1.0,1.0,15,14.142135623730953,25,1,25.0,1.0,0.0,1,False
68543,148,906,25,25,25,1.0,1.0,1.0,15,14.142135623730953,25,1,25.0,1.0,0.0,1,False
68545,195,1078,24,24,25,1.0,1.0,0.96,15,14.142135623730953,24,1,24.0,1.0,0.0,2,True
68548,269,1509,25,25,25,1.0,1.0,1.0,15,14.142135623730953,25,1,25.0,1.0,0.0,1,False
68549,2,58,25,25,25,1.0,1.0,1.0,15,14.142135623730953,25,1,25.0,1.0,0.0,1,False
68551,0,67,25,25,25,1.0,1.0,1.0,15,14.142135623730953,25,1,25.0,1.0,0.0,1,False
68553,20,275,23,23,41,1.0,1.0,0.5609756097560976,15,14.142135623730953,23,1,23.0,1.0,0.0,18,True
68555,240,1691,25,25,25,1.0,1.0,1.0,15,14.142135623730953,25,1,25.0,1.0,0.0,1,False
68559,15,195,25,25,25,1.0,1.0,1.0,15,14.142135623730953,25,1,25.0,1.0,0.0,1,False
68560,0,66,25,25,25,1.0,1.0,1.0,15,14.142135623730953,25,1,25.0,1.0,0.0,1,False
68561,3,86,20,20,25,1.0,1.0,0.8,15,14.142135623730953,20,1,20.0,1.0,0.0,6,True
68562,248,1613,25,25,25,1.0,1.0,1.0,15,14.142135623730953,25,1,25.0,1.0,0.0,1,False
68565,0,38,25,25,25,1.0,1.0,1.0,15,14.142135623730953,25,1,25.0,1.0,0.0,1,False
68567,132,716,25,25,25,1.0,1.0,1.0,15,14.142135623730953,25,1,25.0,1.0,0.0,1,False
68568,184,875,25,25,25,1.0,1.0,1.0,15,14.142135623730953,25,1,25.0,1.0,0.0,1,False
68569,0,6,25,25,25,1.0,1.0,1.0,15,14.142135623730953,25,1,25.0,1.0,0.0,1,False
68570,5,80,25,25,25,1.0,1.0,1.0,15,14.142135623730953,25,1,25.0,1.0,0.0,1,False
68572,101,402,22,22,25,1.0,1.0,0.88,15,14.142135623730953,22,1,22.0,1.0,0.0,3,True
68578,2,124,25,25,25,1.0,1.0,1.0,15,14.142135623730953,25,1,25.0,1.0,0.0,1,False
68583,11,710,25,25,25,1.0,1.0,1.0,15,14.142135623730953,25,1,25.0,1.0,0.0,1,False
68585,55,401,25,25,25,1.0,1.0,1.0,15,14.142135623730953,25,1,25.0,1.0,0.0,1,False
68588,187,1079,21,21,37,1.0,1.0,0.5675675675675675,15,14.142135623730953,21,1,21.0,1.0,0.0,9,True
68591,62,286,20,20,25,1.0,1.0,0.8,15,14.142135623730953,20,1,20.0,1.0,0.0,6,True
68594,224,1387,25,25,25,1.0,1.0,1.0,15,14.142135623730953,25,1,25.0,1.0,0.0,1,False
68595,6,63,24,24,25,1.0,1.0,0.96,15,14.142135623730953,24,1,24.0,1.0,0.0,2,True
68604,370,2088,25,25,25,1.0,1.0,1.0,15,14.142135623730953,25,1,25.0,1.0,0.0,1,False
68609,327,2592,22,22,25,1.0,1.0,0.88,15,14.142135623730953,22,1,22.0,1.0,0.0,2,True
68612,81,631,25,25,25,1.0,1.0,1.0,15,14.142135623730953,25,1,25.0,1.0,0.0,1,False
68615,0,182,21,21,25,1.0,1.0,0.84,15,14.142135623730953,21,1,21.0,1.0,0.0,5,True
68618,4,81,25,25,25,1.0,1.0,1.0,15,14.142135623730953,25,1,25.0,1.0,0.0,1,False
68623,1,71,25,25,25,1.0,1.0,1.0,15,14.142135623730953,25,1,25.0,1.0,0.0,1,False
68626,65,343,25,25,25,1.0,1.0,1.0,15,14.142135623730953,25,1,25.0,1.0,0.0,1,False
68629,129,555,25,25,25,1.0,1.0,1.0,15,14.142135623730953,25,1,25.0,1.0,0.0,1,False
68630,181,1132,25,25,25,1.0,1.0,1.0,15,14.142135623730953,25,1,25.0,1.0,0.0,1,False
68631,225,1495,25,25,25,1.0,1.0,1.0,15,14.142135623730953,25,1,25.0,1.0,0.0,1,False
68633,133,922,21,21,25,1.0,1.0,0.84,15,14.142135623730953,21,1,21.0,1.0,0.0,5,True
68636,69,425,25,25,25,1.0,1.0,1.0,15,14.142135623730953,25,1,25.0,1.0,0.0,1,False
68647,124,1034,25,25,25,1.0,1.0,1.0,15,14.142135623730953,25,1,25.0,1.0,0.0,1,False
68651,0,55,25,25,25,1.0,1.0,1.0,15,14.142135623730953,25,1,25.0,1.0,0.0,1,False
68652,443,2318,25,25,25,1.0,1.0,1.0,15,14.142135623730953,25,1,25.0,1.0,0.0,1,False
68662,290,1445,25,25,25,1.0,1.0,1.0,15,14.142135623730953,25,1,25.0,1.0,0.0,1,False
68665,24,259,25,25,25,1.0,1.0,1.0,15,14.142135623730953,25,1,25.0,1.0,0.0,1,False
68668,228,1186,20,20,25,1.0,1.0,0.8,15,14.142135623730953,20,1,20.0,1.0,0.0,6,True
68669,0,30,25,25,25,1.0,1.0,1.0,15,14.142135623730953,25,1,25.0,1.0,0.0,1,False
68670,34,371,21,21,25,1.0,1.0,0.84,15,14.142135623730953,21,1,21.0,1.0,0.0,5,True
68671,172,1630,25,25,25,1.0,1.0,1.0,15,14.142135623730953,25,1,25.0,1.0,0.0,1,False
68672,485,2899,25,25,25,1.0,1.0,1.0,15,14.142135623730953,25,1,25.0,1.0,0.0,1,False
68673,35,654,21,21,25,1.0,1.0,0.84,15,14.142135623730953,21,1,21.0,1.0,0.0,5,True
68674,47,558,25,25,25,1.0,1.0,1.0,15,14.142135623730953,25,1,25.0,1.0,0.0,1,False
68682,151,1278,25,25,25,1.0,1.0,1.0,15,14.142135623730953,25,1,25.0,1.0,0.0,1,False
68685,94,664,20,20,25,1.0,1.0,0.8,15,14.142135623730953,20,1,20.0,1.0,0.0,6,True
68686,275,1436,25,25,25,1.0,1.0,1.0,15,14.142135623730953,25,1,25.0,1.0,0.0,1,False
68687,223,1437,25,25,25,1.0,1.0,1.0,15,14.142135623730953,25,1,25.0,1.0,0.0,1,False
68691,164,1362,25,25,25,1.0,1.0,1.0,15,14.142135623730953,25,1,25.0,1.0,0.0,1,False
68692,363,1854,23,23,25,1.0,1.0,0.92,15,14.142135623730953,23,1,23.0,1.0,0.0,3,True
68693,205,1133,25,25,25,1.0,1.0,1.0,15,14.142135623730953,25,1,25.0,1.0,0.0,1,False
68694,224,1533,25,25,25,1.0,1.0,1.0,15,14.142135623730953,25,1,25.0,1.0,0.0,1,False
68695,117,781,25,25,25,1.0,1.0,1.0,15,14.142135623730953,25,1,25.0,1.0,0.0,1,False
68698,273,1651,25,25,25,1.0,1.0,1.0,15,14.142135623730953,25,1,25.0,1.0,0.0,1,False
68699,123,928,25,25,25,1.0,1.0,1.0,15,14.142135623730953,25,1,25.0,1.0,0.0,1,False
68700,58,556,25,25,25,1.0,1.0,1.0,15,14.142135623730953,25,1,25.0,1.0,0.0,1,False
68702,6,82,23,23,45,1.0,1.0,0.5111111111111111,15,14.142135623730953,23,1,23.0,1.0,0.0,16,True
68703,37,470,25,25,25,1.0,1.0,1.0,15,14.142135623730953,25,1,25.0,1.0,0.0,1,False
68707,92,617,25,25,25,1.0,1.0,1.0,15,14.142135623730953,25,1,25.0,1.0,0.0,1,False
68708,2,30,23,23,25,1.0,1.0,0.92,15,14.142135623730953,23,1,23.0,1.0,0.0,3,True
68714,505,2858,25,25,25,1.0,1.0,1.0,15,14.142135623730953,25,1,25.0,1.0,0.0,1,False
68718,80,839,25,25,25,1.0,1.0,1.0,15,14.142135623730953,25,1,25.0,1.0,0.0,1,False
68722,309,1794,25,25,25,1.0,1.0,1.0,15,14.142135623730953,25,1,25.0,1.0,0.0,1,False
68728,299,2110,25,25,25,1.0,1.0,1.0,15,14.142135623730953,25,1,25.0,1.0,0.0,1,False
68729,62,432,25,25,25,1.0,1.0,1.0,15,14.142135623730953,25,1,25.0,1.0,0.0,1,False
68730,11,136,24,24,25,1.0,1.0,0.96,15,14.142135623730953,24,1,24.0,1.0,0.0,2,True
68732,90,447,25,25,25,1.0,1.0,1.0,15,14.142135623730953,25,1,25.0,1.0,0.0,1,False
68734,177,900,20,20,25,1.0,1.0,0.8,15,14.142135623730953,20,1,20.0,1.0,0.0,6,True
68735,53,526,25,25,25,1.0,1.0,1.0,15,14.142135623730953,25,1,25.0,1.0,0.0,1,False
68736,230,1210,25,25,25,1.0,1.0,1.0,15,14.142135623730953,25,1,25.0,1.0,0.0,1,False
68737,10,242,25,25,25,1.0,1.0,1.0,15,14.142135623730953,25,1,25.0,1.0,0.0,1,False
68738,10,140,22,22,25,1.0,1.0,0.88,15,14.142135623730953,22,1,22.0,1.0,0.0,3,True
68740,104,480,22,22,37,1.0,1.0,0.5945945945945946,15,14.142135623730953,22,1,22.0,1.0,0.0,15,True
68742,70,559,25,25,25,1.0,1.0,1.0,15,14.142135623730953,25,1,25.0,1.0,0.0,1,False
68746,22,493,25,25,25,1.0,1.0,1.0,15,14.142135623730953,25,1,25.0,1.0,0.0,1,False
68752,151,932,23,23,25,1.0,1.0,0.92,15,14.142135623730953,23,1,23.0,1.0,0.0,3,True
68754,259,1571,20,20,25,1.0,1.0,0.8,15,14.142135623730953,20,1,20.0,1.0,0.0,6,True
68755,86,563,21,21,25,1.0,1.0,0.84,15,14.142135623730953,21,1,21.0,1.0,0.0,5,True
68759,2,65,25,25,25,1.0,1.0,1.0,15,14.142135623730953,25,1,25.0,1.0,0.0,1,False
68761,228,1478,25,25,25,1.0,1.0,1.0,15,14.142135623730953,25,1,25.0,1.0,0.0,1,False
68762,179,869,25,25,25,1.0,1.0,1.0,15,14.142135623730953,25,1,25.0,1.0,0.0,1,False
68764,173,1309,25,25,25,1.0,1.0,1.0,15,14.142135623730953,25,1,25.0,1.0,0.0,1,False
68774,14,335,25,25,25,1.0,1.0,1.0,15,14.142135623730953,25,1,25.0,1.0,0.0,1,False
68777,257,1515,32,32,43,1.0,1.0,0.7441860465116279,15,14.142135623730953,32,1,32.0,1.0,0.0,7,True
68781,56,583,25,25,25,1.0,1.0,1.0,15,14.142135623730953,25,1,25.0,1.0,0.0,1,False
68788,219,1295,22,22,25,1.0,1.0,0.88,15,14.142135623730953,22,1,22.0,1.0,0.0,4,True
68792,15,214,21,21,25,1.0,1.0,0.84,15,14.142135623730953,21,1,21.0,1.0,0.0,5,True
68797,181,1065,25,25,25,1.0,1.0,1.0,15,14.142135623730953,25,1,25.0,1.0,0.0,1,False
68798,32,430,25,25,25,1.0,1.0,1.0,15,14.142135623730953,25,1,25.0,1.0,0.0,1,False
68801,22,315,25,25,25,1.0,1.0,1.0,15,14.142135623730953,25,1,25.0,1.0,0.0,1,False
68803,17,261,25,25,25,1.0,1.0,1.0,15,14.142135623730953,25,1,25.0,1.0,0.0,1,False
68805,0,345,25,25,25,1.0,1.0,1.0,15,14.142135623730953,25,1,25.0,1.0,0.0,1,False
68809,16,115,23,23,25,1.0,1.0,0.92,15,14.142135623730953,23,1,23.0,1.0,0.0,3,True
68814,0,29,25,25,25,1.0,1.0,1.0,15,14.142135623730953,25,1,25.0,1.0,0.0,1,False
68817,21,401,22,22,25,1.0,1.0,0.88,15,14.142135623730953,22,1,22.0,1.0,0.0,4,True
68819,95,539,25,25,25,1.0,1.0,1.0,15,14.142135623730953,25,1,25.0,1.0,0.0,1,False
68820,0,2,22,22,25,1.0,1.0,0.88,15,14.142135623730953,22,1,22.0,1.0,0.0,4,True
68826,284,1595,25,25,25,1.0,1.0,1.0,15,14.142135623730953,25,1,25.0,1.0,0.0,1,False
68827,26,332,25,25,25,1.0,1.0,1.0,15,14.142135623730953,25,1,25.0,1.0,0.0,1,False
68830,183,1235,23,23,25,1.0,1.0,0.92,15,14.142135623730953,23,1,23.0,1.0,0.0,3,True
68831,252,1361,25,25,25,1.0,1.0,1.0,15,14.142135623730953,25,1,25.0,1.0,0.0,1,False
68832,32,458,25,25,25,1.0,1.0,1.0,15,14.142135623730953,25,1,25.0,1.0,0.0,1,False
68838,13,136,24,24,25,1.0,1.0,0.96,15,14.142135623730953,24,1,24.0,1.0,0.0,2,True
68839,41,398,25,25,25,1.0,1.0,1.0,15,14.142135623730953,25,1,25.0,1.0,0.0,1,False
68841,200,1626,25,25,25,1.0,1.0,1.0,15,14.142135623730953,25,1,25.0,1.0,0.0,1,False
68846,265,1103,23,23,25,1.0,1.0,0.92,15,14.142135623730953,23,1,23.0,1.0,0.0,3,True
68849,143,921,25,25,25,1.0,1.0,1.0,15,14.142135623730953,25,1,25.0,1.0,0.0,1,False
68850,163,838,25,25,25,1.0,1.0,1.0,15,14.142135623730953,25,1,25.0,1.0,0.0,1,False
68854,127,645,25,25,25,1.0,1.0,1.0,15,14.142135623730953,25,1,25.0,1.0,0.0,1,False
68855,104,646,24,24,25,1.0,1.0,0.96,15,14.142135623730953,24,1,24.0,1.0,0.0,2,True
68857,13,187,25,25,25,1.0,1.0,1.0,15,14.142135623730953,25,1,25.0,1.0,0.0,1,False
68859,135,943,20,20,25,1.0,1.0,0.8,15,14.142135623730953,20,1,20.0,1.0,0.0,6,True
68860,18,157,23,23,25,1.0,1.0,0.92,15,14.142135623730953,23,1,23.0,1.0,0.0,3,True
68864,52,224,23,23,25,1.0,1.0,0.92,15,14.142135623730953,23,1,23.0,1.0,0.0,3,True
68867,8,189,25,25,25,1.0,1.0,1.0,15,14.142135623730953,25,1,25.0,1.0,0.0,1,False
68868,177,1185,21,21,35,1.0,1.0,0.6,15,14.142135623730953,21,1,21.0,1.0,0.0,11,True
68870,435,2148,25,25,25,1.0,1.0,1.0,15,14.142135623730953,25,1,25.0,1.0,0.0,1,False
68871,219,1456,25,25,25,1.0,1.0,1.0,15,14.142135623730953,25,1,25.0,1.0,0.0,1,False
68875,0,7,25,25,25,1.0,1.0,1.0,15,14.142135623730953,25,1,25.0,1.0,0.0,1,False
68881,15,192,25,25,25,1.0,1.0,1.0,15,14.142135623730953,25,1,25.0,1.0,0.0,1,False
68882,62,366,25,25,25,1.0,1.0,1.0,15,14.142135623730953,25,1,25.0,1.0,0.0,1,False
68883,50,600,25,25,25,1.0,1.0,1.0,15,14.142135623730953,25,1,25.0,1.0,0.0,1,False
68884,151,872,20,20,25,1.0,1.0,0.8,15,14.142135623730953,20,1,20.0,1.0,0.0,6,True
68885,28,198,25,25,25,1.0,1.0,1.0,15,14.142135623730953,25,1,25.0,1.0,0.0,1,False
68886,183,1309,25,25,25,1.0,1.0,1.0,15,14.142135623730953,25,1,25.0,1.0,0.0,1,False
68889,98,552,20,20,25,1.0,1.0,0.8,15,14.142135623730953,20,1,20.0,1.0,0.0,6,True
68890,7,125,25,25,25,1.0,1.0,1.0,15,14.142135623730953,25,1,25.0,1.0,0.0,1,False
68892,93,734,25,25,25,1.0,1.0,1.0,15,14.142135623730953,25,1,25.0,1.0,0.0,1,False
68895,138,724,25,25,25,1.0,1.0,1.0,15,14.142135623730953,25,1,25.0,1.0,0.0,1,False
68896,70,539,25,25,25,1.0,1.0,1.0,15,14.142135623730953,25,1,25.0,1.0,0.0,1,False
68898,56,420,25,25,25,1.0,1.0,1.0,15,14.142135623730953,25,1,25.0,1.0,0.0,1,False
68904,109,599,25,25,25,1.0,1.0,1.0,15,14.142135623730953,25,1,25.0,1.0,0.0,1,False
68905,73,423,20,20,25,1.0,1.0,0.8,15,14.142135623730953,20,1,20.0,1.0,0.0,6,True
68906,35,460,25,25,25,1.0,1.0,1.0,15,14.142135623730953,25,1,25.0,1.0,0.0,1,False
68908,274,1548,23,23,25,1.0,1.0,0.92,15,14.142135623730953,23,1,23.0,1.0,0.0,3,True
68909,95,656,25,25,25,1.0,1.0,1.0,15,14.142135623730953,25,1,25.0,1.0,0.0,1,False
68910,265,1436,25,25,25,1.0,1.0,1.0,15,14.142135623730953,25,1,25.0,1.0,0.0,1,False
68911,21,281,25,25,25,1.0,1.0,1.0,15,14.142135623730953,25,1,25.0,1.0,0.0,1,False
68912,86,534,25,25,25,1.0,1.0,1.0,15,14.142135623730953,25,1,25.0,1.0,0.0,1,False
68914,19,211,25,25,25,1.0,1.0,1.0,15,14.142135623730953,25,1,25.0,1.0,0.0,1,False
68916,296,1740,20,20,25,1.0,1.0,0.8,15,14.142135623730953,20,1,20.0,1.0,0.0,6,True
68918,0,26,25,25,25,1.0,1.0,1.0,15,14.142135623730953,25,1,25.0,1.0,0.0,1,False
68925,37,616,21,21,25,1.0,1.0,0.84,15,14.142135623730953,21,1,21.0,1.0,0.0,5,True
68928,66,427,22,22,25,1.0,1.0,0.88,15,14.142135623730953,22,1,22.0,1.0,0.0,4,True
68929,209,1100,24,24,25,1.0,1.0,0.96,15,14.142135623730953,24,1,24.0,1.0,0.0,2,True
68930,102,938,21,21,25,1.0,1.0,0.84,15,14.142135623730953,21,1,21.0,1.0,0.0,5,True
68933,57,496,21,21,25,1.0,1.0,0.84,15,14.142135623730953,21,1,21.0,1.0,0.0,5,True
68934,276,2004,25,25,25,1.0,1.0,1.0,15,14.142135623730953,25,1,25.0,1.0,0.0,1,False
68941,4,175,25,25,25,1.0,1.0,1.0,15,14.142135623730953,25,1,25.0,1.0,0.0,1,False
68943,96,716,23,23,25,1.0,1.0,0.92,15,14.142135623730953,23,1,23.0,1.0,0.0,3,True
68949,85,623,25,25,25,1.0,1.0,1.0,15,14.142135623730953,25,1,25.0,1.0,0.0,1,False
68955,162,1016,25,25,25,1.0,1.0,1.0,15,14.142135623730953,25,1,25.0,1.0,0.0,1,False
68957,153,871,25,25,25,1.0,1.0,1.0,15,14.142135623730953,25,1,25.0,1.0,0.0,1,False
68960,0,52,25,25,25,1.0,1.0,1.0,15,14.142135623730953,25,1,25.0,1.0,0.0,1,False
68962,132,829,20,20,27,1.0,1.0,0.7407407407407407,15,14.142135623730953,20,1,20.0,1.0,0.0,8,True
68974,113,611,25,25,25,1.0,1.0,1.0,15,14.142135623730953,25,1,25.0,1.0,0.0,1,False
68999,389,1701,25,25,25,1.0,1.0,1.0,15,14.142135623730953,25,1,25.0,1.0,0.0,1,False
69000,190,942,25,25,25,1.0,1.0,1.0,15,14.142135623730953,25,1,25.0,1.0,0.0,1,False
