track_idx,event_id,n_hits,n_obs,kx,ky,kz,k_sr,k_helix,old_log_ratio,old_chi2nu_sr,old_chi2nu_helix,chi2_sr_total_recovered,chi2_helix_total_recovered,chi2nu_sr_K,chi2nu_helix_K,log_ratio_K,eq_x,eq_y,eq_z
0,event65001_track19-hits,25,75,21,16,21,58,5,-15.460509852612692,2.4811139348603247e-07,1.2854666809716553,1.8360243117966402e-05,96.41000107287415,1.0800143010568473e-06,1.3772857296124879,-14.05865097495169,$x(s) = a_{1} \operatorname{asin}{\left(\cos{\left(\operatorname{acos}{\left(s \right)} - 0.740556489171235 \right)} \right)} + a_{10} \sin{\left(a_{17} s \right)} + a_{2} \sin{\left(\cos{\left(8.1272305343972 s - 1.76188748286452 \right)} \right)} + a_{9} \sin{\left(s \left(a_{0} + \operatorname{acos}{\left(s \right)}\right) \right)} + \left(a_{14} + 17.1704935840386 s\right) \left(4 s \left(a_{11} s \left(s + 0.530046937706312\right) \left(a_{7} \sqrt{1 - s^{2}} - 0.102039441220374 s \tanh{\left(\sin{\left(4 s \right)} \right)} + 2.74655876009657\right) + a_{3} s \operatorname{asin}{\left(\operatorname{asin}{\left(\tanh{\left(s \right)} \right)} \right)} - 6.18181550566145 \sqrt{s + \operatorname{asin}{\left(s \right)}} + 3.90314912241377\right) + \left(2 s - 0.635832052538369\right) \left(a_{6} + 0.0791943136654328 \sqrt{s} + 0.454362996958793 \sin{\left(a_{12} s \right)}\right) - \tanh{\left(\operatorname{asin}{\left(\operatorname{sech}{\left(a_{13} s \right)} \right)} \right)}\right) + \left(a_{8} + 0.0374803088810614 s\right) \cos{\left(\left(a_{19} + a_{4} s\right) \left(s - 2\right) + 0.429150322964582 \right)} + \left(- 1.15884542733573 s - 0.274099922763769\right) \tanh{\left(\left(a_{5} s + 11.1147875999465\right) \left(- \sin{\left(a_{20} s \right)} - 0.405672132356374\right) \right)} - 1.25884704378905 \sin{\left(a_{16} s \right)} - 0.0928672781955752 \cos{\left(a_{15} s \right)} - 0.0162571663035637 \cos{\left(a_{18} s \right)}$,$y(s) = a_{13} + \left(- s - \sin{\left(\sin{\left(\sin{\left(a_{6} + s \right)} \right)} \right)}\right) \left(a_{1} \operatorname{acos}{\left(s \right)} + a_{14} + \left(a_{0} + a_{12} \left(a_{2} - 32 s\right) \left(- \sin{\left(4 \cos{\left(s \right)} \right)} + \operatorname{sech}{\left(s \right)}\right) + a_{12} \tanh{\left(8 s \right)} + a_{15} \sqrt{1 - \cos^{2}{\left(s \right)}} + a_{3} s \left(2 s - \tanh{\left(4 s \right)}\right) \left(s - \cos{\left(a_{11} s \right)} + 2\right) + a_{4} \left(32 \operatorname{asin}{\left(s \right)} + 64\right) \left(a_{5} + s \left(a_{10} + a_{9} s \left(a_{7} + s\right) \operatorname{acos}{\left(s \right)}\right) + s + \operatorname{sech}{\left(s \right)}\right)\right) \operatorname{acos}{\left(\operatorname{sech}{\left(\cos{\left(a_{8} + s \right)} \right)} \right)}\right)$,$z(s) = a_{19} + a_{20} s + a_{3} \tanh{\left(\sin{\left(a_{11} s \right)} \right)} + 1.15628807607796 s \left(\left(a_{5} + 10.207873521414 s\right) \left(a_{10} s \left(s - 5.05899544913199\right) + a_{8}\right) \sin{\left(a_{2} s + s \operatorname{acos}{\left(s \right)} \operatorname{acos}{\left(s^{2} \right)} + \operatorname{acos}{\left(s \right)} - 3.00086961365706 \right)} + \sin{\left(a_{18} s \right)} - 6.87591041410202 \operatorname{asin}{\left(s \right)}\right) \operatorname{acos}{\left(s \right)} - \left(4.96284823181927 - s\right) \left(a_{14} \tanh{\left(\operatorname{asin}{\left(\operatorname{sech}{\left(a_{13} s \right)} \right)} \right)} - s \left(a_{0} s \left(0.454547621727689 s^{2} - s + 0.669499393228576\right) + a_{1} \operatorname{sech}{\left(4.95457726662907 s \right)}\right) + \left(9.54717593705444 - 15.4023030859939 \sin{\left(s \right)}\right) \sin{\left(11.5837422011668 s \right)} + 0.879439999902782 \operatorname{acos}{\left(\sin{\left(18.7263886828387 s - 2.76647868859906 \right)} \right)}\right) + \left(a_{12} \sqrt{s} + 15.4258220311533\right) \operatorname{sech}{\left(a_{17} s + a_{6} \right)} + \left(a_{9} s^{2} - 1.57710747966968\right) \tanh{\left(a_{16} s \right)} \operatorname{acos}{\left(- s \right)} - \tanh{\left(a_{7} \sin{\left(\left(0.193082754681545 - 4.34912389133448 s\right) \left(a_{15} + a_{4} \operatorname{acos}{\left(s \right)} - 12.0207182832742 s\right) \right)} \operatorname{sech}{\left(s \right)} \right)} + \sqrt{\operatorname{acos}{\left(s \right)}}$
1,event65003_track255-hits,22,66,18,18,18,54,5,-49.087690396162664,1.6380448733433991e-22,0.3410663419503605,1.0647291676732094e-20,22.510378568723795,8.872743063943412e-22,0.36902259948727534,-47.47699065390814,$x(s) = a_{1} \operatorname{asin}{\left(\cos{\left(\operatorname{acos}{\left(s \right)} - 0.93129327843408 \right)} \right)} + a_{10} \sin{\left(\cos{\left(a_{8} s - 0.133809081354028 \right)} \right)} + a_{13} + a_{3} \cos{\left(a_{14} s \right)} + a_{4} \sin{\left(a_{16} s \right)} + a_{5} \sin{\left(s \left(a_{0} + \operatorname{acos}{\left(s \right)}\right) \right)} + \left(a_{12} s + 0.907955552055597\right) \left(4 s \left(a_{2} s \operatorname{asin}{\left(\operatorname{asin}{\left(\tanh{\left(s \right)} \right)} \right)} + a_{6} + a_{7} s \left(s - 0.33930207514414\right) \left(- 0.118113894904939 s \tanh{\left(\sin{\left(4 s \right)} \right)} - 0.312175078458632 \sqrt{1 - s^{2}} + 6.10130987353907\right) - 3.69076636326257 \sqrt{\sqrt{s} + \operatorname{asin}{\left(s \right)}}\right) + \left(4 s - 2.19142244444154\right) \left(- 0.290479807909203 \sqrt{s} + 0.06962675836222 \sin{\left(a_{9} s \right)} + 0.184833293328888\right) - \tanh{\left(\operatorname{asin}{\left(\operatorname{sech}{\left(a_{11} s \right)} \right)} \right)}\right) - 0.0514820772926636 \sin{\left(a_{15} s \right)} - 0.179276819702576 \cos{\left(a_{17} s \right)}$,$y(s) = a_{1} \operatorname{asin}{\left(\cos{\left(\operatorname{acos}{\left(s \right)} - 0.589077918211861 \right)} \right)} + a_{5} \sin{\left(a_{13} s \right)} + a_{7} \sin{\left(a_{14} s \right)} + \left(0.337457135132126 s + 0.644841869912994\right) \cos{\left(\left(a_{16} + a_{3} s\right) \left(s - 2\right) + 0.480656874445153 \right)} + \left(a_{10} s + a_{11}\right) \left(4 s \left(a_{2} s \operatorname{asin}{\left(\operatorname{asin}{\left(\tanh{\left(s \right)} \right)} \right)} + a_{8} + 4 s \left(s + 0.544615481106133\right) \left(a_{6} s \tanh{\left(\sin{\left(4 s \right)} \right)} - 0.295263129406616 \sqrt{1 - s^{2}} + 4.3881436177828\right) - 6.22926808459485 \sqrt{s + \operatorname{asin}{\left(s \right)}}\right) + \left(2 s - 0.525579039520676\right) \left(0.605605315635087 \sqrt{s} - 0.00642627065930633 \sin{\left(a_{9} s \right)} - 4.25609708422807\right) - \tanh{\left(\operatorname{asin}{\left(\operatorname{sech}{\left(16.709205573202 s \right)} \right)} \right)}\right) - 0.0943377064194587 \sin{\left(s \left(a_{0} + \operatorname{acos}{\left(s \right)}\right) \right)} - 21.6067548150312 \sin{\left(\cos{\left(8.12055352481687 s - 0.513500502098409 \right)} \right)} + 0.139115487791874 \cos{\left(a_{12} s \right)} - 0.0342224048014472 \cos{\left(a_{15} s \right)} + 0.491060857979082 \tanh{\left(\left(a_{4} s + 8.09944455666487\right) \sin{\left(a_{17} s \right)} \right)}$,$z(s) = a_{1} \operatorname{asin}{\left(\cos{\left(\operatorname{acos}{\left(s \right)} - 0.931298780315917 \right)} \right)} + a_{10} \sin{\left(\cos{\left(a_{9} s - 0.133655917710935 \right)} \right)} + a_{13} + a_{6} \cos{\left(a_{17} s \right)} + \left(a_{12} s + 0.90933218709294\right) \left(4 s \left(a_{7} s \left(s - 0.339401981638928\right) \left(a_{4} \sqrt{1 - s^{2}} + a_{8} - 0.118022333497662 s \tanh{\left(\sin{\left(4 s \right)} \right)}\right) - 17.9404178843144 s \operatorname{asin}{\left(\operatorname{asin}{\left(\tanh{\left(s \right)} \right)} \right)} - 3.68936222093911 \sqrt{\sqrt{s} + \operatorname{asin}{\left(s \right)}} + 7.83644250090159\right) + \left(a_{2} + 4 s\right) \left(a_{3} + a_{5} \sin{\left(16.0614783096721 s \right)} - 0.28908113011242 \sqrt{s}\right) - \tanh{\left(\operatorname{asin}{\left(\operatorname{sech}{\left(a_{11} s \right)} \right)} \right)}\right) - 0.0514648875734362 \sin{\left(a_{15} s \right)} - 0.164097422933427 \sin{\left(a_{16} s \right)} - 0.0758469578984615 \sin{\left(s \left(a_{0} + \operatorname{acos}{\left(s \right)}\right) \right)} - 0.18693730895197 \cos{\left(a_{14} s \right)}$
2,event65005_track263-hits,21,63,17,17,17,51,5,-49.12691587482609,5.548214080756797e-23,0.12014388950485577,3.439892730069214e-21,7.569065038805913,2.866577275057678e-22,0.13050112135872263,-47.56737985541411,$x(s) = a_{1} \operatorname{asin}{\left(\cos{\left(\operatorname{acos}{\left(s \right)} - 0.736340939839518 \right)} \right)} + a_{12} + a_{4} \cos{\left(a_{16} s \right)} + \left(a_{11} s + 2.55659335767185\right) \left(4 s \left(a_{2} s \operatorname{asin}{\left(\operatorname{asin}{\left(\tanh{\left(s \right)} \right)} \right)} + a_{7} + 5.14597468033708 s \left(a_{6} + s\right) \left(a_{9} + 1.83973675632703 s \tanh{\left(\sin{\left(4 s \right)} \right)} - 0.63082757380323 \sqrt{1 - s^{2}}\right) - 8.67174376900703 \sqrt{\sqrt{s} + \operatorname{asin}{\left(s \right)}}\right) + \left(4 s + 0.31512635295867\right) \left(a_{3} \sqrt{s} + a_{5} \sin{\left(a_{10} s \right)} - 4.10091613694058\right) - \tanh{\left(\operatorname{asin}{\left(\operatorname{sech}{\left(6.78142186136302 s \right)} \right)} \right)}\right) + 0.228582408315852 \sin{\left(a_{14} s \right)} + 0.480518574564175 \sin{\left(a_{15} s \right)} - 0.195923042798718 \sin{\left(s \left(a_{0} + \operatorname{acos}{\left(s \right)}\right) \right)} + 17.2315734096977 \sin{\left(\cos{\left(a_{8} + 5.77673245399326 s \right)} \right)} - 0.115657661847061 \cos{\left(a_{13} s \right)}$,$y(s) = a_{1} \operatorname{asin}{\left(\cos{\left(\operatorname{acos}{\left(s \right)} - 1.01750634690135 \right)} \right)} + a_{6} \cos{\left(a_{16} s \right)} + a_{7} \sin{\left(a_{15} s \right)} + a_{8} \sin{\left(a_{14} s \right)} + \left(a_{12} s + 2.11398467089089\right) \left(4 s \left(a_{2} s \operatorname{asin}{\left(\operatorname{asin}{\left(\tanh{\left(s \right)} \right)} \right)} + a_{9} + 4.56927226947577 s \left(s - 0.413943260566692\right) \left(a_{4} \sqrt{1 - s^{2}} + 0.1890173492261 s \tanh{\left(\sin{\left(4 s \right)} \right)} + 6.39563332685408\right) - 3.12390212852213 \sqrt{\sqrt{s} + \operatorname{asin}{\left(s \right)}}\right) + \left(a_{3} + 4 s\right) \left(a_{5} \sin{\left(12.5934581428372 s \right)} - 0.031001128741536 \sqrt{s} - 1.19753397602008\right) - \tanh{\left(\operatorname{asin}{\left(\operatorname{sech}{\left(a_{11} s \right)} \right)} \right)}\right) + 0.0684758799774723 \sin{\left(s \left(a_{0} + \operatorname{acos}{\left(s \right)}\right) \right)} + 9.46442195538386 \sin{\left(\cos{\left(a_{10} s + 0.732360850339024 \right)} \right)} + 0.158214878156594 \cos{\left(a_{13} s \right)} + 25.2226120271613$,$z(s) = a_{10} \sin{\left(\cos{\left(a_{8} + 5.78909342491929 s \right)} \right)} + a_{12} + a_{3} \cos{\left(a_{13} s \right)} + a_{4} \sin{\left(a_{14} s \right)} + a_{5} \sin{\left(a_{15} s \right)} + \left(a_{11} s + 2.47853707736971\right) \left(4 s \left(a_{1} s \operatorname{asin}{\left(\operatorname{asin}{\left(\tanh{\left(s \right)} \right)} \right)} + a_{6} + a_{7} s \left(s - 0.322299773891525\right) \left(a_{9} + 1.87647149588982 s \tanh{\left(\sin{\left(4 s \right)} \right)} - 0.628009836002612 \sqrt{1 - s^{2}}\right) - 8.67705666356408 \sqrt{\sqrt{s} + \operatorname{asin}{\left(s \right)}}\right) + \left(4 s + 0.377677569611902\right) \left(a_{2} \sqrt{s} - 0.464613729489579 \sin{\left(9.90085533995234 s \right)} - 3.88937135721044\right) - \tanh{\left(\operatorname{asin}{\left(\operatorname{sech}{\left(6.77024535744218 s \right)} \right)} \right)}\right) - 0.20153715743497 \sin{\left(s \left(a_{0} + \operatorname{acos}{\left(s \right)}\right) \right)} + 0.508255133091513 \cos{\left(a_{16} s \right)} - 15.5801637549853 \operatorname{asin}{\left(\cos{\left(\operatorname{acos}{\left(s \right)} - 0.735807509354454 \right)} \right)}$
3,event65007_track98-hits,20,60,16,16,16,48,5,-48.61458291346322,7.091344945505186e-23,0.09199700960785615,4.183893517848059e-21,5.519820576471369,3.4865779315400494e-22,0.10036037411766124,-47.10896349633513,$x(s) = a_{1} \operatorname{asin}{\left(\cos{\left(\operatorname{acos}{\left(s \right)} - 1.01964721288086 \right)} \right)} + a_{11} + a_{5} \cos{\left(a_{12} s \right)} + a_{6} \sin{\left(s \left(a_{0} + \operatorname{acos}{\left(s \right)}\right) \right)} + a_{7} \sin{\left(a_{13} s \right)} + a_{9} \sin{\left(\cos{\left(9.92802667169341 s + 2.13669889421049 \right)} \right)} + \left(16.7575241876722 s + 5.4163166326825\right) \left(4 s \left(a_{2} s \operatorname{asin}{\left(\operatorname{asin}{\left(\tanh{\left(s \right)} \right)} \right)} + 3.96113433975147 s \left(s + 0.0710564711651142\right) \left(a_{4} \sqrt{1 - s^{2}} + a_{8} + 0.83145569639533 s \tanh{\left(\sin{\left(4 s \right)} \right)}\right) - 5.32624055017053 \sqrt{\sqrt{s} + \operatorname{asin}{\left(s \right)}} + 4.94252568469169\right) + \left(a_{3} + 4 s\right) \left(1.78039028680346 \sqrt{s} - 0.675657789758374 \sin{\left(10.5347498572817 s \right)} - 2.56171529435734\right) - \tanh{\left(\operatorname{asin}{\left(\operatorname{sech}{\left(a_{10} s \right)} \right)} \right)}\right) - 1.62922302535132 \sin{\left(a_{14} s \right)} - 0.81707854321126 \cos{\left(a_{15} s \right)}$,$y(s) = a_{1} \operatorname{asin}{\left(\cos{\left(\operatorname{acos}{\left(s \right)} - 0.682079943618813 \right)} \right)} + a_{11} + a_{9} \sin{\left(\cos{\left(7.01910711261191 s + 3.2920695782149 \right)} \right)} + \left(a_{10} s + 2.66349107826966\right) \left(4 s \left(a_{2} s \operatorname{asin}{\left(\operatorname{asin}{\left(\tanh{\left(s \right)} \right)} \right)} + 5.07749634109233 s \left(a_{6} + s\right) \left(a_{5} \sqrt{1 - s^{2}} + a_{7} + 1.26965623658432 s \tanh{\left(\sin{\left(4 s \right)} \right)}\right) - 7.54626400750142 \sqrt{\sqrt{s} + \operatorname{asin}{\left(s \right)}} + 5.49389201383755\right) + \left(4 s - 6.54771798524072\right) \left(a_{3} + a_{4} \sqrt{s} + 0.281243047467714 \sin{\left(a_{8} s \right)}\right) - \tanh{\left(\operatorname{asin}{\left(\operatorname{sech}{\left(14.6007094252461 s \right)} \right)} \right)}\right) + 0.613049250111325 \sin{\left(a_{13} s \right)} + 1.10877663998302 \sin{\left(a_{14} s \right)} - 0.66567180923424 \sin{\left(s \left(a_{0} + \operatorname{acos}{\left(s \right)}\right) \right)} - 0.380212753214822 \cos{\left(a_{12} s \right)} + 0.921981473586548 \cos{\left(a_{15} s \right)}$,$z(s) = a_{1} \operatorname{asin}{\left(\cos{\left(\operatorname{acos}{\left(s \right)} - 1.01711370475585 \right)} \right)} + a_{11} + a_{5} \cos{\left(a_{12} s \right)} + a_{6} \sin{\left(a_{14} s \right)} + a_{9} \sin{\left(\cos{\left(a_{7} + 9.91760292252269 s \right)} \right)} + \left(16.7419006397054 s + 5.26622637772829\right) \left(4 s \left(a_{2} s \operatorname{asin}{\left(\operatorname{asin}{\left(\tanh{\left(s \right)} \right)} \right)} + 3.90545707978912 s \left(s + 0.103191561497409\right) \left(a_{4} \sqrt{1 - s^{2}} + a_{8} + 0.799565843980965 s \tanh{\left(\sin{\left(4 s \right)} \right)}\right) - 5.40875684785413 \sqrt{\sqrt{s} + \operatorname{asin}{\left(s \right)}} + 4.81887679061718\right) + \left(4 s - 1.76212708574534\right) \left(a_{3} + 1.69901924341346 \sqrt{s} - 0.678597788777409 \sin{\left(10.5751961110707 s \right)}\right) - \tanh{\left(\operatorname{asin}{\left(\operatorname{sech}{\left(a_{10} s \right)} \right)} \right)}\right) + 0.0687964632144619 \sin{\left(a_{13} s \right)} + 0.416588726547188 \sin{\left(s \left(a_{0} + \operatorname{acos}{\left(s \right)}\right) \right)} - 0.822291252604274 \cos{\left(a_{15} s \right)}$
4,event65017_track0-hits,25,75,21,21,21,63,5,-50.97673530781377,2.1910499439603033e-22,3.0169431517295333,1.6213769585306246e-20,226.270736379715,1.3511474654421871e-21,3.2324390911387857,-49.22656973588455,$x(s) = a_{14} \sin{\left(\cos{\left(a_{12} s + 3.19564213142574 \right)} \right)} + a_{16} + a_{6} \cos{\left(a_{17} s \right)} + a_{7} \sin{\left(a_{18} s \right)} + \left(a_{15} s + 4.98154578530752\right) \left(4 s \left(a_{1} s \operatorname{asin}{\left(\operatorname{asin}{\left(\tanh{\left(s \right)} \right)} \right)} + a_{10} s \left(s + 0.0134870156781597\right) \left(a_{11} - 0.017503085789641 s \tanh{\left(\sin{\left(4 s \right)} \right)} - 0.450614826294794 \sqrt{1 - s^{2}}\right) + a_{2} \sqrt{\sqrt{s} + \operatorname{asin}{\left(s \right)}} + a_{9}\right) + \left(a_{3} + 4 s\right) \left(a_{4} + a_{5} \sqrt{s} + a_{8} \sin{\left(a_{13} s \right)}\right) - \tanh{\left(\operatorname{asin}{\left(\operatorname{sech}{\left(5.6839434852917 s \right)} \right)} \right)}\right) + 0.000668810464601903 \sin{\left(a_{19} s \right)} + 0.00289842149959624 \sin{\left(s \left(a_{0} + \operatorname{acos}{\left(s \right)}\right) \right)} + 0.000623964504492596 \cos{\left(a_{20} s \right)} - 0.49633536500747 \operatorname{asin}{\left(\cos{\left(\operatorname{acos}{\left(s \right)} - 0.802742285270038 \right)} \right)}$,$y(s) = a_{14} \sin{\left(\cos{\left(a_{10} + 4.30674369656515 s \right)} \right)} + a_{16} + a_{4} \cos{\left(a_{20} s \right)} + a_{5} \sin{\left(a_{19} s \right)} + \left(a_{11} + a_{15} s\right) \left(4 s \left(a_{1} s \operatorname{asin}{\left(\operatorname{asin}{\left(\tanh{\left(s \right)} \right)} \right)} + a_{8} + a_{9} s \left(a_{7} + s\right) \left(a_{12} - 0.0163348612181324 s \tanh{\left(\sin{\left(4 s \right)} \right)} - 0.455016066205459 \sqrt{1 - s^{2}}\right) - 5.80207456348123 \sqrt{\sqrt{s} + \operatorname{asin}{\left(s \right)}}\right) + \left(a_{2} + 4 s\right) \left(a_{6} \sin{\left(a_{13} s \right)} + 0.603433259507675 \sqrt{s} + 2.67458549611742\right) - \tanh{\left(\operatorname{asin}{\left(\operatorname{sech}{\left(5.65077849988401 s \right)} \right)} \right)}\right) - 0.000334426650014709 \sin{\left(a_{18} s \right)} + 0.00278916735581463 \sin{\left(s \left(a_{0} + \operatorname{acos}{\left(s \right)}\right) \right)} + 0.00373359883408793 \cos{\left(a_{17} s \right)} - 0.479013271010752 \operatorname{asin}{\left(\cos{\left(a_{3} + \operatorname{acos}{\left(s \right)} \right)} \right)}$,$z(s) = a_{14} \sin{\left(\cos{\left(a_{12} s + 3.19908372347864 \right)} \right)} + a_{16} + a_{4} \sin{\left(s \left(a_{0} + \operatorname{acos}{\left(s \right)}\right) \right)} + a_{5} \cos{\left(a_{17} s \right)} + a_{6} \cos{\left(a_{20} s \right)} + a_{7} \sin{\left(a_{18} s \right)} + a_{8} \sin{\left(a_{19} s \right)} + \left(a_{15} s + 4.95693844355651\right) \left(4 s \left(a_{1} s \operatorname{asin}{\left(\operatorname{asin}{\left(\tanh{\left(s \right)} \right)} \right)} + a_{10} s \left(s + 0.0165277213916615\right) \left(a_{11} - 0.0170953672188301 s \tanh{\left(\sin{\left(4 s \right)} \right)} - 0.45186637110654 \sqrt{1 - s^{2}}\right) + a_{2} \sqrt{\sqrt{s} + \operatorname{asin}{\left(s \right)}} + 2.6101696562203\right) + \left(a_{3} + 4 s\right) \left(a_{9} \sin{\left(a_{13} s \right)} + 0.599451678286101 \sqrt{s} + 2.63175897944836\right) - \tanh{\left(\operatorname{asin}{\left(\operatorname{sech}{\left(5.67300314508095 s \right)} \right)} \right)}\right) - 0.492161174249544 \operatorname{asin}{\left(\cos{\left(\operatorname{acos}{\left(s \right)} - 0.802732791241311 \right)} \right)}$
5,event65020_track0-hits,25,75,21,21,21,63,5,-46.887859450408406,1.2410693982004698e-22,0.028637473126405962,9.183913546683477e-21,2.147810484480447,7.653261288902897e-22,0.030683006921149242,-45.13769387847919,$x(s) = a_{1} \operatorname{asin}{\left(\cos{\left(\operatorname{acos}{\left(s \right)} - 0.610522920178436 \right)} \right)} + a_{2} \sin{\left(\cos{\left(a_{10} s + a_{5} \right)} \right)} + a_{8} \cos{\left(a_{15} s \right)} + a_{9} \sin{\left(a_{17} s \right)} + \left(a_{6} + 1.32209794058506 s\right) \cos{\left(a_{7} + \left(a_{19} + a_{3} s\right) \left(s - 2\right) \right)} + \left(a_{13} s + a_{14}\right) \left(4 s \left(4 s \left(s + 0.535421842081899\right) \left(0.174426616372319 s \tanh{\left(\sin{\left(4 s \right)} \right)} - 0.312867564517323 \sqrt{1 - s^{2}} + 4.34237934595466\right) - 17.0102918947919 s \operatorname{asin}{\left(\operatorname{asin}{\left(\tanh{\left(s \right)} \right)} \right)} - 6.2198885832906 \sqrt{s + \operatorname{asin}{\left(s \right)}} + 2.9494951783642\right) + \left(2 s - 0.588056198689896\right) \left(1.27519071599872 \sqrt{s} - 0.0789801167301577 \sin{\left(a_{12} s \right)} - 3.88531290549966\right) - \tanh{\left(\operatorname{asin}{\left(\operatorname{sech}{\left(15.2356404459157 s \right)} \right)} \right)}\right) - 1.57412493786443 \sin{\left(a_{16} s \right)} - 0.594058420203512 \sin{\left(s \left(a_{0} + \operatorname{acos}{\left(s \right)}\right) \right)} - 0.063194054421329 \cos{\left(a_{18} s \right)} + 0.546895663653494 \tanh{\left(\left(a_{11} + a_{4} s\right) \sin{\left(a_{20} s \right)} \right)}$,$y(s) = a_{1} \operatorname{asin}{\left(\cos{\left(\operatorname{acos}{\left(s \right)} - 1.02447344847814 \right)} \right)} + a_{13} \sin{\left(\cos{\left(a_{9} + 8.13285587332915 s \right)} \right)} + a_{16} + a_{6} \cos{\left(a_{17} s \right)} + \left(a_{15} s + 1.1509208621574\right) \left(4 s \left(a_{10} s \left(a_{7} + s\right) \left(a_{11} + 0.328167638150647 s \tanh{\left(\sin{\left(4 s \right)} \right)} + 0.102476141209499 \sqrt{1 - s^{2}}\right) + a_{2} s \operatorname{asin}{\left(\operatorname{asin}{\left(\tanh{\left(s \right)} \right)} \right)} + a_{3} \sqrt{\sqrt{s} + \operatorname{asin}{\left(s \right)}} + a_{8}\right) + \left(a_{4} + 4 s\right) \left(a_{5} + 0.852864844024319 \sqrt{s} + 0.0551402500466039 \sin{\left(a_{12} s \right)}\right) - \tanh{\left(\operatorname{asin}{\left(\operatorname{sech}{\left(a_{14} s \right)} \right)} \right)}\right) + 0.0361057457496703 \sin{\left(a_{18} s \right)} - 0.0418934104219988 \sin{\left(a_{19} s \right)} + 0.0786351714963109 \sin{\left(s \left(a_{0} + \operatorname{acos}{\left(s \right)}\right) \right)} - 0.0234719189321379 \cos{\left(a_{20} s \right)}$,$z(s) = a_{1} \operatorname{asin}{\left(\cos{\left(\operatorname{acos}{\left(s \right)} - 1.02447097322668 \right)} \right)} + a_{13} \sin{\left(\cos{\left(a_{10} + 8.1323431504398 s \right)} \right)} + a_{16} + a_{5} \sin{\left(a_{19} s \right)} + a_{6} \sin{\left(a_{18} s \right)} + \left(a_{15} s + 1.15269599806527\right) \left(4 s \left(a_{11} s \left(a_{8} + s\right) \left(a_{12} + 0.327162137937482 s \tanh{\left(\sin{\left(4 s \right)} \right)} + 0.101448138872492 \sqrt{1 - s^{2}}\right) + a_{2} s \operatorname{asin}{\left(\operatorname{asin}{\left(\tanh{\left(s \right)} \right)} \right)} + a_{9} + 0.501353247867917 \sqrt{\sqrt{s} + \operatorname{asin}{\left(s \right)}}\right) + \left(a_{3} + 4 s\right) \left(a_{4} \sin{\left(9.2191789053893 s \right)} + a_{7} \sqrt{s} - 1.20301989696825\right) - \tanh{\left(\operatorname{asin}{\left(\operatorname{sech}{\left(a_{14} s \right)} \right)} \right)}\right) + 0.0786266106937068 \sin{\left(s \left(a_{0} + \operatorname{acos}{\left(s \right)}\right) \right)} + 0.182494225842208 \cos{\left(a_{17} s \right)} - 0.0234636900743795 \cos{\left(a_{20} s \right)}$
6,event65022_track0-hits,25,75,21,21,21,63,5,-49.135965891486265,2.9761936921637953e-21,6.503393634013887,2.2023833322012084e-19,487.7545225510415,1.835319443501007e-20,6.967921750729164,-47.38580031955705,$x(s) = a_{1} \sin{\left(\cos{\left(a_{4} + a_{9} s \right)} \right)} + a_{14} \operatorname{acos}{\left(\cos{\left(\operatorname{acos}{\left(s \right)} - 0.69954820788863 \right)} \right)} + a_{3} \sin{\left(a_{16} s \right)} + a_{6} \sin{\left(s \left(a_{0} + \operatorname{acos}{\left(s \right)}\right) \right)} + a_{7} \sin{\left(a_{17} s \right)} - \left(0.308066946493753 - 0.505612207274339 s\right) \cos{\left(a_{2} + \left(a_{19} - 17.554513033151 s\right) \left(s - 2\right) \right)} + \left(0.271276054382452 s - 0.310281178440918\right) \tanh{\left(64 s - 64 \sin{\left(a_{20} s \right)} \right)} + \left(a_{11} s + a_{13}\right) \left(4 s \left(5.5672315908751 s \left(s + 0.664737518464752\right) \left(a_{8} - 0.132186160255451 s \tanh{\left(\sin{\left(4 s \right)} \right)} - 0.165939080504345 \sqrt{1 - s^{2}}\right) - 16.7603094605676 s \operatorname{asin}{\left(\operatorname{acos}{\left(\operatorname{sech}{\left(s \right)} \right)} \right)} - 6.03411142151384 \sqrt{s + \operatorname{asin}{\left(s \right)}} + 1.92118672115973\right) - \left(2.57855329033072 s - 1\right) \left(\sqrt{s} \left(a_{5} + s\right) - 0.394669403165608 \sin{\left(a_{10} s \right)} - 0.0987125873372382\right) - \tanh{\left(\operatorname{asin}{\left(\operatorname{sech}{\left(a_{12} s \right)} \right)} \right)}\right) + 0.129479661251135 \cos{\left(a_{15} s \right)} - 0.150176377272886 \cos{\left(a_{18} s \right)}$,$y(s) = a_{1} \sin{\left(\cos{\left(a_{6} + 7.62938819530599 s \right)} \right)} + a_{15} \operatorname{acos}{\left(\cos{\left(\operatorname{acos}{\left(s \right)} - 1.07896119422748 \right)} \right)} + a_{8} \sin{\left(s \left(a_{0} + \operatorname{acos}{\left(s \right)}\right) \right)} + \left(0.180528181477978 - 0.456900158266744 s\right) \tanh{\left(64 s - 64 \sin{\left(a_{20} s \right)} \right)} + \left(a_{14} + 29.5265622403698 s\right) \left(4 s \left(a_{10} s \left(s + 0.546949000910689\right) \left(a_{7} \sqrt{1 - s^{2}} + a_{9} - 0.0780547698455222 s \tanh{\left(\sin{\left(4 s \right)} \right)}\right) + a_{2} s \operatorname{asin}{\left(\operatorname{acos}{\left(\operatorname{sech}{\left(s \right)} \right)} \right)} + a_{4} \sqrt{s + \operatorname{asin}{\left(s \right)}} + 5.56982361623529\right) - \left(0.70317115886512 s - 1\right) \left(\sqrt{s} \left(s - 0.789778321597972\right) - 0.174342103118283 \sin{\left(a_{11} s \right)} + 0.274445996823205\right) - \tanh{\left(\operatorname{asin}{\left(\operatorname{sech}{\left(a_{12} s \right)} \right)} \right)}\right) - \left(3.11024492340685 s - 1.25362778193205\right) \cos{\left(a_{5} + \left(a_{19} + a_{3} s\right) \left(s - 2\right) \right)} - 0.574680528893695 \sin{\left(a_{16} s \right)} + 0.647618778371269 \sin{\left(a_{17} s \right)} - 0.000669096862772185 \cos{\left(a_{13} s \right)} + 0.0642341251657142 \cos{\left(a_{18} s \right)}$,$z(s) = a_{1} \sin{\left(\cos{\left(a_{3} + 7.10616914745217 s \right)} \right)} + a_{14} \operatorname{acos}{\left(\cos{\left(\operatorname{acos}{\left(s \right)} - 0.69951129850239 \right)} \right)} + a_{9} \sin{\left(a_{17} s \right)} + \left(a_{11} s + a_{13}\right) \left(4 s \left(5.5672692770648 s \left(a_{6} + s\right) \left(a_{4} \sqrt{1 - s^{2}} - 0.132586847168141 s \tanh{\left(\sin{\left(4 s \right)} \right)} + 2.7274758780081\right) - 16.7604483603517 s \operatorname{asin}{\left(\operatorname{acos}{\left(\operatorname{sech}{\left(s \right)} \right)} \right)} - 6.03538965658183 \sqrt{s + \operatorname{asin}{\left(s \right)}} + 1.91816003733699\right) - \left(2.57934718227011 s - 1\right) \left(\sqrt{s} \left(s + 0.758423782355511\right) - 0.3953880184946 \sin{\left(a_{10} s \right)} - 0.0990920752299487\right) - \tanh{\left(\operatorname{asin}{\left(\operatorname{sech}{\left(a_{12} s \right)} \right)} \right)}\right) - \left(a_{5} s + 0.308194334004792\right) \cos{\left(\left(a_{19} + a_{2} s\right) \left(s - 2\right) - 12.1787574393376 \right)} + \left(a_{7} s + a_{8}\right) \tanh{\left(64 s - 64 \sin{\left(a_{20} s \right)} \right)} - 1.34335906203207 \sin{\left(a_{16} s \right)} + 0.0114094449487462 \sin{\left(s \left(a_{0} + \operatorname{acos}{\left(s \right)}\right) \right)} + 0.129669294928262 \cos{\left(a_{15} s \right)} - 0.150267841806445 \cos{\left(a_{18} s \right)}$
7,event65023_track26-hits,20,60,16,16,16,48,5,-47.58240366293039,1.1930949251713557e-22,0.05513791568437291,7.039260058510998e-21,3.3082749410623746,5.866050048759166e-22,0.06015045347386136,-46.0767842458023,$x(s) = a_{11} + a_{8} \sin{\left(\cos{\left(a_{6} + 7.85477321868808 s \right)} \right)} + \left(a_{10} s + 5.38397192675442\right) \left(4 s \left(a_{0} s \operatorname{asin}{\left(\operatorname{asin}{\left(\tanh{\left(s \right)} \right)} \right)} + a_{4} + a_{5} s \left(a_{3} + s\right) \left(a_{7} + 0.379585933134309 s \tanh{\left(\sin{\left(4 s \right)} \right)} - 0.206901512880596 \sqrt{1 - s^{2}}\right) - 2.28658541204567 \sqrt{\sqrt{s} + \operatorname{asin}{\left(s \right)}}\right) + \left(a_{1} + 4 s\right) \left(a_{2} - 0.371037673195353 \sqrt{s} - 0.0597980183887988 \sin{\left(8.75114837302744 s \right)}\right) - \tanh{\left(\operatorname{asin}{\left(\operatorname{sech}{\left(a_{9} s \right)} \right)} \right)}\right) + 0.00117455094417103 \sin{\left(a_{13} s \right)} + 0.0440951036223269 \sin{\left(a_{14} s \right)} - 0.640366963487353 \sin{\left(s \left(\operatorname{acos}{\left(s \right)} - 24.042217057416\right) \right)} + 1.62559365852075 \cos{\left(a_{12} s \right)} - 1.56062116492193 \cos{\left(a_{15} s \right)} - 4.07552283827266 \operatorname{asin}{\left(\cos{\left(\operatorname{acos}{\left(s \right)} - 0.67862324436591 \right)} \right)}$,$y(s) = a_{11} + a_{9} \sin{\left(\cos{\left(a_{8} s + 1.46340986183149 \right)} \right)} + \left(a_{10} s + a_{6}\right) \left(4 s \left(a_{1} s \operatorname{asin}{\left(\operatorname{asin}{\left(\tanh{\left(s \right)} \right)} \right)} + a_{4} + a_{5} s \left(a_{3} + s\right) \left(a_{7} + 0.362698469498365 s \tanh{\left(\sin{\left(4 s \right)} \right)} - 0.216061664415436 \sqrt{1 - s^{2}}\right) - 2.40214524885178 \sqrt{\sqrt{s} + \operatorname{asin}{\left(s \right)}}\right) + \left(4 s - 4.65698098505553\right) \left(a_{2} \sin{\left(8.64302542496097 s \right)} - 0.36497579485585 \sqrt{s} + 0.749089653864391\right) - \tanh{\left(\operatorname{asin}{\left(\operatorname{sech}{\left(13.7321695437843 s \right)} \right)} \right)}\right) + 0.00445593081662634 \sin{\left(a_{13} s \right)} + 0.0440167783410418 \sin{\left(a_{14} s \right)} - 0.63459139672527 \sin{\left(s \left(a_{0} + \operatorname{acos}{\left(s \right)}\right) \right)} + 1.62464724580518 \cos{\left(a_{12} s \right)} - 1.55976216396804 \cos{\left(a_{15} s \right)} - 4.07541603659755 \operatorname{asin}{\left(\cos{\left(\operatorname{acos}{\left(s \right)} - 0.679072369180755 \right)} \right)}$,$z(s) = a_{10} \sin{\left(\cos{\left(a_{9} s + 1.46146656482617 \right)} \right)} + a_{11} + a_{5} \sin{\left(a_{14} s \right)} + \left(a_{8} + 18.8743746143535 s\right) \left(4 s \left(a_{1} s \operatorname{asin}{\left(\operatorname{asin}{\left(\tanh{\left(s \right)} \right)} \right)} + a_{2} \sqrt{\sqrt{s} + \operatorname{asin}{\left(s \right)}} + a_{7} + 4.75378737077214 s \left(a_{6} + s\right) \left(0.378200908698406 s \tanh{\left(\sin{\left(4 s \right)} \right)} - 0.207619791565093 \sqrt{1 - s^{2}} + 6.52857793483493\right)\right) + \left(a_{3} + 4 s\right) \left(a_{4} - 0.370303050036078 \sqrt{s} - 0.0601029237774267 \sin{\left(8.7417861448881 s \right)}\right) - \tanh{\left(\operatorname{asin}{\left(\operatorname{sech}{\left(13.7033272073587 s \right)} \right)} \right)}\right) + 0.0014047067684172 \sin{\left(a_{13} s \right)} - 0.639905907140355 \sin{\left(s \left(a_{0} + \operatorname{acos}{\left(s \right)}\right) \right)} + 1.62499907014491 \cos{\left(a_{12} s \right)} - 1.5600407707425 \cos{\left(a_{15} s \right)} - 4.07525700784845 \operatorname{asin}{\left(\cos{\left(\operatorname{acos}{\left(s \right)} - 0.678658700542573 \right)} \right)}$
8,event65028_track141-hits,20,60,16,16,16,48,5,-18.017973006464597,5.478780156363518e-09,0.36626053538637715,3.2324802922544754e-07,21.975632123182628,2.6937335768787295e-08,0.3995569476942296,-16.51235358933651,$y(s) = a_{13} + \left(- s - \sin{\left(\sin{\left(\sin{\left(a_{6} + s \right)} \right)} \right)}\right) \left(a_{1} \operatorname{acos}{\left(s \right)} + a_{14} + \left(a_{0} + a_{12} \left(a_{2} - 32 s\right) \left(- \sin{\left(4 \cos{\left(s \right)} \right)} + \operatorname{sech}{\left(s \right)}\right) + a_{12} \tanh{\left(8 s \right)} + a_{15} \sqrt{1 - \cos^{2}{\left(s \right)}} + a_{3} s \left(2 s - \tanh{\left(4 s \right)}\right) \left(s - \cos{\left(a_{11} s \right)} + 2\right) + a_{4} \left(32 \operatorname{asin}{\left(s \right)} + 64\right) \left(a_{5} + s \left(a_{10} + a_{9} s \left(a_{7} + s\right) \operatorname{acos}{\left(s \right)}\right) + s + \operatorname{sech}{\left(s \right)}\right)\right) \operatorname{acos}{\left(\operatorname{sech}{\left(\cos{\left(a_{8} + s \right)} \right)} \right)}\right)$,$y(s) = a_{1} \operatorname{asin}{\left(\cos{\left(\operatorname{acos}{\left(s \right)} - 0.683255510915253 \right)} \right)} + a_{11} + a_{5} \sin{\left(a_{14} s \right)} + \left(16.7808916249615 s + 3.80260448200119\right) \left(4 s \left(a_{2} s \operatorname{asin}{\left(\operatorname{asin}{\left(\tanh{\left(s \right)} \right)} \right)} + a_{7} + a_{8} s \left(a_{6} + s\right) \left(0.968627212294121 s \tanh{\left(\sin{\left(4 s \right)} \right)} - 0.439248730667847 \sqrt{1 - s^{2}} + 6.38608696817204\right) - 7.17773466283384 \sqrt{\sqrt{s} + \operatorname{asin}{\left(s \right)}}\right) + \left(a_{3} + 4 s\right) \left(a_{4} \sqrt{s} + 0.30087861697878 \sin{\left(8.59475302728599 s \right)} - 0.627539462750916\right) - \tanh{\left(\operatorname{asin}{\left(\operatorname{sech}{\left(a_{10} s \right)} \right)} \right)}\right) + 1.08550372961274 \sin{\left(a_{13} s \right)} - 0.798226897113081 \sin{\left(s \left(a_{0} + \operatorname{acos}{\left(s \right)}\right) \right)} + 11.1113550997997 \sin{\left(\cos{\left(a_{9} s + 3.37869802204449 \right)} \right)} - 0.428326678251153 \cos{\left(a_{12} s \right)} + 1.64034362082913 \cos{\left(a_{15} s \right)}$,$z(s) = a_{3} \sin{\left(s \left(a_{0} + \operatorname{acos}{\left(s \right)}\right) \right)} + a_{4} \cos{\left(a_{12} s \right)} + a_{5} \sin{\left(a_{14} s \right)} + \left(a_{11} s + 4.95693844355651\right) \left(4 s \left(a_{1} s \operatorname{asin}{\left(\operatorname{asin}{\left(\tanh{\left(s \right)} \right)} \right)} + a_{2} \sqrt{\sqrt{s} + \operatorname{asin}{\left(s \right)}} + a_{7} s \left(s + 0.0165277213916615\right) \left(a_{8} - 0.0170953672188301 s \tanh{\left(\sin{\left(4 s \right)} \right)} - 0.45186637110654 \sqrt{1 - s^{2}}\right) + 2.6101696562203\right) + \left(4 s - 0.922189714935785\right) \left(a_{6} \sin{\left(a_{10} s \right)} + 0.599451678286101 \sqrt{s} + 2.63175897944836\right) - \tanh{\left(\operatorname{asin}{\left(\operatorname{sech}{\left(5.67300314508095 s \right)} \right)} \right)}\right) - 0.00457285312336239 \sin{\left(a_{13} s \right)} + 12.5090597820873 \sin{\left(\cos{\left(a_{9} s + 3.19908372347864 \right)} \right)} + 0.0148792512027429 \cos{\left(a_{15} s \right)} - 0.492161174249544 \operatorname{asin}{\left(\cos{\left(\operatorname{acos}{\left(s \right)} - 0.802732791241311 \right)} \right)} + 27.5902695303714$
9,event65031_track6-hits,25,75,21,21,21,63,5,-49.24683162258717,2.419733288469735e-22,0.5907377493614813,1.7906026334676037e-20,44.3053312021111,1.4921688612230032e-21,0.6329333028873014,-47.49666605065796,$x(s) = a_{1} \operatorname{asin}{\left(\cos{\left(\operatorname{acos}{\left(s \right)} - 0.915314006622751 \right)} \right)} + a_{13} \sin{\left(\cos{\left(8.75665539333768 s + 2.03144772700662 \right)} \right)} + a_{16} + a_{6} \cos{\left(a_{20} s \right)} + a_{7} \sin{\left(a_{19} s \right)} + a_{8} \sin{\left(a_{18} s \right)} + \left(a_{15} s + 1.93773206079455\right) \left(4 s \left(a_{10} s \left(s + 1.43895103303591\right) \left(a_{11} + a_{9} s \tanh{\left(\sin{\left(4 s \right)} \right)} - 0.384873037157212 \sqrt{1 - s^{2}}\right) + a_{2} s \operatorname{asin}{\left(\operatorname{asin}{\left(\tanh{\left(s \right)} \right)} \right)} + a_{3} \sqrt{\sqrt{s} + \operatorname{asin}{\left(s \right)}} + 3.52583047596469\right) + \left(a_{4} + 4 s\right) \left(a_{5} - 5.79648437723717 \sqrt{s} - 1.1083029000286 \sin{\left(a_{12} s \right)}\right) - \tanh{\left(\operatorname{asin}{\left(\operatorname{sech}{\left(a_{14} s \right)} \right)} \right)}\right) - 0.0667114521512845 \sin{\left(s \left(a_{0} + \operatorname{acos}{\left(s \right)}\right) \right)} - 0.140990979178872 \cos{\left(a_{17} s \right)}$,$y(s) = a_{1} \operatorname{asin}{\left(\cos{\left(\operatorname{acos}{\left(s \right)} - 0.915314014294022 \right)} \right)} + a_{13} \sin{\left(\cos{\left(a_{11} s + 2.0314489774102 \right)} \right)} + a_{16} + a_{8} \cos{\left(a_{17} s \right)} + \left(a_{15} s + 1.93818818193336\right) \left(4 s \left(a_{2} s \operatorname{asin}{\left(\operatorname{asin}{\left(\tanh{\left(s \right)} \right)} \right)} + a_{3} \sqrt{\sqrt{s} + \operatorname{asin}{\left(s \right)}} + 1.98732802882789 s \left(s + 1.43816750823395\right) \left(a_{10} + a_{6} \sqrt{1 - s^{2}} - 0.470820194235022 s \tanh{\left(\sin{\left(4 s \right)} \right)}\right) + 3.51900184531344\right) + \left(a_{4} + 4 s\right) \left(a_{5} + a_{7} \sin{\left(a_{12} s \right)} + a_{9} \sqrt{s}\right) - \tanh{\left(\operatorname{asin}{\left(\operatorname{sech}{\left(a_{14} s \right)} \right)} \right)}\right) - 0.0717280539506557 \sin{\left(a_{18} s \right)} - 0.0396453268569711 \sin{\left(a_{19} s \right)} - 0.0667105403056743 \sin{\left(s \left(a_{0} + \operatorname{acos}{\left(s \right)}\right) \right)} - 0.0203121128673151 \cos{\left(a_{20} s \right)}$,$z(s) = a_{1} \operatorname{asin}{\left(\cos{\left(\operatorname{acos}{\left(s \right)} - 0.915314032001482 \right)} \right)} + a_{13} \sin{\left(\cos{\left(8.75653642226084 s + 2.03150674112907 \right)} \right)} + a_{16} + a_{5} \cos{\left(a_{17} s \right)} + a_{6} \cos{\left(a_{20} s \right)} + a_{7} \sin{\left(a_{19} s \right)} + a_{8} \sin{\left(s \left(a_{0} + \operatorname{acos}{\left(s \right)}\right) \right)} + \left(a_{15} s + 1.93705973542414\right) \left(4 s \left(a_{10} s \left(s + 1.44039478333508\right) \left(a_{11} - 0.470085290294063 s \tanh{\left(\sin{\left(4 s \right)} \right)} - 0.385080888092608 \sqrt{1 - s^{2}}\right) + a_{2} s \operatorname{asin}{\left(\operatorname{asin}{\left(\tanh{\left(s \right)} \right)} \right)} + a_{3} \sqrt{\sqrt{s} + \operatorname{asin}{\left(s \right)}} + a_{9}\right) + \left(4 s - 1.04996680644849\right) \left(a_{4} \sin{\left(a_{12} s \right)} - 5.79928893275676 \sqrt{s} + 2.72099243433849\right) - \tanh{\left(\operatorname{asin}{\left(\operatorname{sech}{\left(a_{14} s \right)} \right)} \right)}\right) - 0.0717111976066255 \sin{\left(a_{18} s \right)}$
10,event65033_track0-hits,25,75,16,16,16,48,5,-10.555419341203779,2.6717895554819846e-07,0.010255636558887078,1.9771242710566686e-05,0.7691727419165308,7.322682485395069e-07,0.010988182027379011,-9.61618398549089,$y(s) = a_{13} + \left(- s - \sin{\left(\sin{\left(\sin{\left(a_{6} + s \right)} \right)} \right)}\right) \left(a_{1} \operatorname{acos}{\left(s \right)} + a_{14} + \left(a_{0} + a_{12} \left(a_{2} - 32 s\right) \left(- \sin{\left(4 \cos{\left(s \right)} \right)} + \operatorname{sech}{\left(s \right)}\right) + a_{12} \tanh{\left(8 s \right)} + a_{15} \sqrt{1 - \cos^{2}{\left(s \right)}} + a_{3} s \left(2 s - \tanh{\left(4 s \right)}\right) \left(s - \cos{\left(a_{11} s \right)} + 2\right) + a_{4} \left(32 \operatorname{asin}{\left(s \right)} + 64\right) \left(a_{5} + s \left(a_{10} + a_{9} s \left(a_{7} + s\right) \operatorname{acos}{\left(s \right)}\right) + s + \operatorname{sech}{\left(s \right)}\right)\right) \operatorname{acos}{\left(\operatorname{sech}{\left(\cos{\left(a_{8} + s \right)} \right)} \right)}\right)$,$y(s) = a_{13} + \left(- s - \sin{\left(\sin{\left(\sin{\left(a_{6} + s \right)} \right)} \right)}\right) \left(a_{1} \operatorname{acos}{\left(s \right)} + a_{14} + \left(a_{0} + a_{12} \left(a_{2} - 32 s\right) \left(- \sin{\left(4 \cos{\left(s \right)} \right)} + \operatorname{sech}{\left(s \right)}\right) + a_{12} \tanh{\left(8 s \right)} + a_{15} \sqrt{1 - \cos^{2}{\left(s \right)}} + a_{3} s \left(2 s - \tanh{\left(4 s \right)}\right) \left(s - \cos{\left(a_{11} s \right)} + 2\right) + a_{4} \left(32 \operatorname{asin}{\left(s \right)} + 64\right) \left(a_{5} + s \left(a_{10} + a_{9} s \left(a_{7} + s\right) \operatorname{acos}{\left(s \right)}\right) + s + \operatorname{sech}{\left(s \right)}\right)\right) \operatorname{acos}{\left(\operatorname{sech}{\left(\cos{\left(a_{8} + s \right)} \right)} \right)}\right)$,$y(s) = a_{13} + \left(- s - \sin{\left(\sin{\left(\sin{\left(a_{6} + s \right)} \right)} \right)}\right) \left(a_{1} \operatorname{acos}{\left(s \right)} + a_{14} + \left(a_{0} + a_{12} \left(a_{2} - 32 s\right) \left(- \sin{\left(4 \cos{\left(s \right)} \right)} + \operatorname{sech}{\left(s \right)}\right) + a_{12} \tanh{\left(8 s \right)} + a_{15} \sqrt{1 - \cos^{2}{\left(s \right)}} + a_{3} s \left(2 s - \tanh{\left(4 s \right)}\right) \left(s - \cos{\left(a_{11} s \right)} + 2\right) + a_{4} \left(32 \operatorname{asin}{\left(s \right)} + 64\right) \left(a_{5} + s \left(a_{10} + a_{9} s \left(a_{7} + s\right) \operatorname{acos}{\left(s \right)}\right) + s + \operatorname{sech}{\left(s \right)}\right)\right) \operatorname{acos}{\left(\operatorname{sech}{\left(\cos{\left(a_{8} + s \right)} \right)} \right)}\right)$
11,event65034_track98-hits,25,75,16,16,16,48,5,-13.15471494188755,1.2584789893194206e-06,0.6499292451445602,9.312744520963712e-05,48.74469338584201,3.449164637393967e-06,0.6963527626548859,-12.21547958617466,$y(s) = a_{13} + \left(- s - \sin{\left(\sin{\left(\sin{\left(a_{6} + s \right)} \right)} \right)}\right) \left(a_{1} \operatorname{acos}{\left(s \right)} + a_{14} + \left(a_{0} + a_{12} \left(a_{2} - 32 s\right) \left(- \sin{\left(4 \cos{\left(s \right)} \right)} + \operatorname{sech}{\left(s \right)}\right) + a_{12} \tanh{\left(8 s \right)} + a_{15} \sqrt{1 - \cos^{2}{\left(s \right)}} + a_{3} s \left(2 s - \tanh{\left(4 s \right)}\right) \left(s - \cos{\left(a_{11} s \right)} + 2\right) + a_{4} \left(32 \operatorname{asin}{\left(s \right)} + 64\right) \left(a_{5} + s \left(a_{10} + a_{9} s \left(a_{7} + s\right) \operatorname{acos}{\left(s \right)}\right) + s + \operatorname{sech}{\left(s \right)}\right)\right) \operatorname{acos}{\left(\operatorname{sech}{\left(\cos{\left(a_{8} + s \right)} \right)} \right)}\right)$,$y(s) = a_{13} + \left(- s - \sin{\left(\sin{\left(\sin{\left(a_{6} + s \right)} \right)} \right)}\right) \left(a_{1} \operatorname{acos}{\left(s \right)} + a_{14} + \left(a_{0} + a_{12} \left(a_{2} - 32 s\right) \left(- \sin{\left(4 \cos{\left(s \right)} \right)} + \operatorname{sech}{\left(s \right)}\right) + a_{12} \tanh{\left(8 s \right)} + a_{15} \sqrt{1 - \cos^{2}{\left(s \right)}} + a_{3} s \left(2 s - \tanh{\left(4 s \right)}\right) \left(s - \cos{\left(a_{11} s \right)} + 2\right) + a_{4} \left(32 \operatorname{asin}{\left(s \right)} + 64\right) \left(a_{5} + s \left(a_{10} + a_{9} s \left(a_{7} + s\right) \operatorname{acos}{\left(s \right)}\right) + s + \operatorname{sech}{\left(s \right)}\right)\right) \operatorname{acos}{\left(\operatorname{sech}{\left(\cos{\left(a_{8} + s \right)} \right)} \right)}\right)$,$y(s) = a_{13} + \left(- s - \sin{\left(\sin{\left(\sin{\left(a_{6} + s \right)} \right)} \right)}\right) \left(a_{1} \operatorname{acos}{\left(s \right)} + a_{14} + \left(a_{0} + a_{12} \left(a_{2} - 32 s\right) \left(- \sin{\left(4 \cos{\left(s \right)} \right)} + \operatorname{sech}{\left(s \right)}\right) + a_{12} \tanh{\left(8 s \right)} + a_{15} \sqrt{1 - \cos^{2}{\left(s \right)}} + a_{3} s \left(2 s - \tanh{\left(4 s \right)}\right) \left(s - \cos{\left(a_{11} s \right)} + 2\right) + a_{4} \left(32 \operatorname{asin}{\left(s \right)} + 64\right) \left(a_{5} + s \left(a_{10} + a_{9} s \left(a_{7} + s\right) \operatorname{acos}{\left(s \right)}\right) + s + \operatorname{sech}{\left(s \right)}\right)\right) \operatorname{acos}{\left(\operatorname{sech}{\left(\cos{\left(a_{8} + s \right)} \right)} \right)}\right)$
12,event65036_track276-hits,25,75,16,16,16,48,5,-11.897501862591046,1.0175932525290776e-06,0.14948362669845416,7.530190068715175e-05,11.211272002384062,2.788959284709324e-06,0.1601610286054866,-10.958266506878157,$y(s) = a_{13} + \left(- s - \sin{\left(\sin{\left(\sin{\left(a_{6} + s \right)} \right)} \right)}\right) \left(a_{1} \operatorname{acos}{\left(s \right)} + a_{14} + \left(a_{0} + a_{12} \left(a_{2} - 32 s\right) \left(- \sin{\left(4 \cos{\left(s \right)} \right)} + \operatorname{sech}{\left(s \right)}\right) + a_{12} \tanh{\left(8 s \right)} + a_{15} \sqrt{1 - \cos^{2}{\left(s \right)}} + a_{3} s \left(2 s - \tanh{\left(4 s \right)}\right) \left(s - \cos{\left(a_{11} s \right)} + 2\right) + a_{4} \left(32 \operatorname{asin}{\left(s \right)} + 64\right) \left(a_{5} + s \left(a_{10} + a_{9} s \left(a_{7} + s\right) \operatorname{acos}{\left(s \right)}\right) + s + \operatorname{sech}{\left(s \right)}\right)\right) \operatorname{acos}{\left(\operatorname{sech}{\left(\cos{\left(a_{8} + s \right)} \right)} \right)}\right)$,$y(s) = a_{13} + \left(- s - \sin{\left(\sin{\left(\sin{\left(a_{6} + s \right)} \right)} \right)}\right) \left(a_{1} \operatorname{acos}{\left(s \right)} + a_{14} + \left(a_{0} + a_{12} \left(a_{2} - 32 s\right) \left(- \sin{\left(4 \cos{\left(s \right)} \right)} + \operatorname{sech}{\left(s \right)}\right) + a_{12} \tanh{\left(8 s \right)} + a_{15} \sqrt{1 - \cos^{2}{\left(s \right)}} + a_{3} s \left(2 s - \tanh{\left(4 s \right)}\right) \left(s - \cos{\left(a_{11} s \right)} + 2\right) + a_{4} \left(32 \operatorname{asin}{\left(s \right)} + 64\right) \left(a_{5} + s \left(a_{10} + a_{9} s \left(a_{7} + s\right) \operatorname{acos}{\left(s \right)}\right) + s + \operatorname{sech}{\left(s \right)}\right)\right) \operatorname{acos}{\left(\operatorname{sech}{\left(\cos{\left(a_{8} + s \right)} \right)} \right)}\right)$,$y(s) = a_{13} + \left(- s - \sin{\left(\sin{\left(\sin{\left(a_{6} + s \right)} \right)} \right)}\right) \left(a_{1} \operatorname{acos}{\left(s \right)} + a_{14} + \left(a_{0} + a_{12} \left(a_{2} - 32 s\right) \left(- \sin{\left(4 \cos{\left(s \right)} \right)} + \operatorname{sech}{\left(s \right)}\right) + a_{12} \tanh{\left(8 s \right)} + a_{15} \sqrt{1 - \cos^{2}{\left(s \right)}} + a_{3} s \left(2 s - \tanh{\left(4 s \right)}\right) \left(s - \cos{\left(a_{11} s \right)} + 2\right) + a_{4} \left(32 \operatorname{asin}{\left(s \right)} + 64\right) \left(a_{5} + s \left(a_{10} + a_{9} s \left(a_{7} + s\right) \operatorname{acos}{\left(s \right)}\right) + s + \operatorname{sech}{\left(s \right)}\right)\right) \operatorname{acos}{\left(\operatorname{sech}{\left(\cos{\left(a_{8} + s \right)} \right)} \right)}\right)$
13,event65037_track104-hits,20,60,16,16,16,48,5,-14.10071697952079,9.215394164642907e-07,1.225681104321528,5.437082557139315e-05,73.54086625929169,4.530902130949429e-06,1.3371066592598488,-12.5950975623927,$y(s) = a_{13} + \left(- s - \sin{\left(\sin{\left(\sin{\left(a_{6} + s \right)} \right)} \right)}\right) \left(a_{1} \operatorname{acos}{\left(s \right)} + a_{14} + \left(a_{0} + a_{12} \left(a_{2} - 32 s\right) \left(- \sin{\left(4 \cos{\left(s \right)} \right)} + \operatorname{sech}{\left(s \right)}\right) + a_{12} \tanh{\left(8 s \right)} + a_{15} \sqrt{1 - \cos^{2}{\left(s \right)}} + a_{3} s \left(2 s - \tanh{\left(4 s \right)}\right) \left(s - \cos{\left(a_{11} s \right)} + 2\right) + a_{4} \left(32 \operatorname{asin}{\left(s \right)} + 64\right) \left(a_{5} + s \left(a_{10} + a_{9} s \left(a_{7} + s\right) \operatorname{acos}{\left(s \right)}\right) + s + \operatorname{sech}{\left(s \right)}\right)\right) \operatorname{acos}{\left(\operatorname{sech}{\left(\cos{\left(a_{8} + s \right)} \right)} \right)}\right)$,$y(s) = a_{13} + \left(- s - \sin{\left(\sin{\left(\sin{\left(a_{6} + s \right)} \right)} \right)}\right) \left(a_{1} \operatorname{acos}{\left(s \right)} + a_{14} + \left(a_{0} + a_{12} \left(a_{2} - 32 s\right) \left(- \sin{\left(4 \cos{\left(s \right)} \right)} + \operatorname{sech}{\left(s \right)}\right) + a_{12} \tanh{\left(8 s \right)} + a_{15} \sqrt{1 - \cos^{2}{\left(s \right)}} + a_{3} s \left(2 s - \tanh{\left(4 s \right)}\right) \left(s - \cos{\left(a_{11} s \right)} + 2\right) + a_{4} \left(32 \operatorname{asin}{\left(s \right)} + 64\right) \left(a_{5} + s \left(a_{10} + a_{9} s \left(a_{7} + s\right) \operatorname{acos}{\left(s \right)}\right) + s + \operatorname{sech}{\left(s \right)}\right)\right) \operatorname{acos}{\left(\operatorname{sech}{\left(\cos{\left(a_{8} + s \right)} \right)} \right)}\right)$,$y(s) = a_{13} + \left(- s - \sin{\left(\sin{\left(\sin{\left(a_{6} + s \right)} \right)} \right)}\right) \left(a_{1} \operatorname{acos}{\left(s \right)} + a_{14} + \left(a_{0} + a_{12} \left(a_{2} - 32 s\right) \left(- \sin{\left(4 \cos{\left(s \right)} \right)} + \operatorname{sech}{\left(s \right)}\right) + a_{12} \tanh{\left(8 s \right)} + a_{15} \sqrt{1 - \cos^{2}{\left(s \right)}} + a_{3} s \left(2 s - \tanh{\left(4 s \right)}\right) \left(s - \cos{\left(a_{11} s \right)} + 2\right) + a_{4} \left(32 \operatorname{asin}{\left(s \right)} + 64\right) \left(a_{5} + s \left(a_{10} + a_{9} s \left(a_{7} + s\right) \operatorname{acos}{\left(s \right)}\right) + s + \operatorname{sech}{\left(s \right)}\right)\right) \operatorname{acos}{\left(\operatorname{sech}{\left(\cos{\left(a_{8} + s \right)} \right)} \right)}\right)$
14,event65038_track179-hits,22,66,16,16,16,48,5,-13.442400176521724,2.6422055905838022e-06,1.8193942898105044,0.00017174336338794715,120.08002312749329,9.541297965997064e-06,1.9685249693031688,-12.237165542375365,$y(s) = a_{13} + \left(- s - \sin{\left(\sin{\left(\sin{\left(a_{6} + s \right)} \right)} \right)}\right) \left(a_{1} \operatorname{acos}{\left(s \right)} + a_{14} + \left(a_{0} + a_{12} \left(a_{2} - 32 s\right) \left(- \sin{\left(4 \cos{\left(s \right)} \right)} + \operatorname{sech}{\left(s \right)}\right) + a_{12} \tanh{\left(8 s \right)} + a_{15} \sqrt{1 - \cos^{2}{\left(s \right)}} + a_{3} s \left(2 s - \tanh{\left(4 s \right)}\right) \left(s - \cos{\left(a_{11} s \right)} + 2\right) + a_{4} \left(32 \operatorname{asin}{\left(s \right)} + 64\right) \left(a_{5} + s \left(a_{10} + a_{9} s \left(a_{7} + s\right) \operatorname{acos}{\left(s \right)}\right) + s + \operatorname{sech}{\left(s \right)}\right)\right) \operatorname{acos}{\left(\operatorname{sech}{\left(\cos{\left(a_{8} + s \right)} \right)} \right)}\right)$,$y(s) = a_{13} + \left(- s - \sin{\left(\sin{\left(\sin{\left(a_{6} + s \right)} \right)} \right)}\right) \left(a_{1} \operatorname{acos}{\left(s \right)} + a_{14} + \left(a_{0} + a_{12} \left(a_{2} - 32 s\right) \left(- \sin{\left(4 \cos{\left(s \right)} \right)} + \operatorname{sech}{\left(s \right)}\right) + a_{12} \tanh{\left(8 s \right)} + a_{15} \sqrt{1 - \cos^{2}{\left(s \right)}} + a_{3} s \left(2 s - \tanh{\left(4 s \right)}\right) \left(s - \cos{\left(a_{11} s \right)} + 2\right) + a_{4} \left(32 \operatorname{asin}{\left(s \right)} + 64\right) \left(a_{5} + s \left(a_{10} + a_{9} s \left(a_{7} + s\right) \operatorname{acos}{\left(s \right)}\right) + s + \operatorname{sech}{\left(s \right)}\right)\right) \operatorname{acos}{\left(\operatorname{sech}{\left(\cos{\left(a_{8} + s \right)} \right)} \right)}\right)$,$y(s) = a_{13} + \left(- s - \sin{\left(\sin{\left(\sin{\left(a_{6} + s \right)} \right)} \right)}\right) \left(a_{1} \operatorname{acos}{\left(s \right)} + a_{14} + \left(a_{0} + a_{12} \left(a_{2} - 32 s\right) \left(- \sin{\left(4 \cos{\left(s \right)} \right)} + \operatorname{sech}{\left(s \right)}\right) + a_{12} \tanh{\left(8 s \right)} + a_{15} \sqrt{1 - \cos^{2}{\left(s \right)}} + a_{3} s \left(2 s - \tanh{\left(4 s \right)}\right) \left(s - \cos{\left(a_{11} s \right)} + 2\right) + a_{4} \left(32 \operatorname{asin}{\left(s \right)} + 64\right) \left(a_{5} + s \left(a_{10} + a_{9} s \left(a_{7} + s\right) \operatorname{acos}{\left(s \right)}\right) + s + \operatorname{sech}{\left(s \right)}\right)\right) \operatorname{acos}{\left(\operatorname{sech}{\left(\cos{\left(a_{8} + s \right)} \right)} \right)}\right)$
15,event65042_track273-hits,24,72,16,16,16,48,5,-14.610588590718395,3.9390013442331376e-08,0.08723366744910449,2.796690954405528e-06,6.280824056335524,1.16528789766897e-07,0.09374364263187349,-13.597936043650115,$y(s) = a_{13} + \left(- s - \sin{\left(\sin{\left(\sin{\left(a_{6} + s \right)} \right)} \right)}\right) \left(a_{1} \operatorname{acos}{\left(s \right)} + a_{14} + \left(a_{0} + a_{12} \left(a_{2} - 32 s\right) \left(- \sin{\left(4 \cos{\left(s \right)} \right)} + \operatorname{sech}{\left(s \right)}\right) + a_{12} \tanh{\left(8 s \right)} + a_{15} \sqrt{1 - \cos^{2}{\left(s \right)}} + a_{3} s \left(2 s - \tanh{\left(4 s \right)}\right) \left(s - \cos{\left(a_{11} s \right)} + 2\right) + a_{4} \left(32 \operatorname{asin}{\left(s \right)} + 64\right) \left(a_{5} + s \left(a_{10} + a_{9} s \left(a_{7} + s\right) \operatorname{acos}{\left(s \right)}\right) + s + \operatorname{sech}{\left(s \right)}\right)\right) \operatorname{acos}{\left(\operatorname{sech}{\left(\cos{\left(a_{8} + s \right)} \right)} \right)}\right)$,$y(s) = a_{13} + \left(- s - \sin{\left(\sin{\left(\sin{\left(a_{6} + s \right)} \right)} \right)}\right) \left(a_{1} \operatorname{acos}{\left(s \right)} + a_{14} + \left(a_{0} + a_{12} \left(a_{2} - 32 s\right) \left(- \sin{\left(4 \cos{\left(s \right)} \right)} + \operatorname{sech}{\left(s \right)}\right) + a_{12} \tanh{\left(8 s \right)} + a_{15} \sqrt{1 - \cos^{2}{\left(s \right)}} + a_{3} s \left(2 s - \tanh{\left(4 s \right)}\right) \left(s - \cos{\left(a_{11} s \right)} + 2\right) + a_{4} \left(32 \operatorname{asin}{\left(s \right)} + 64\right) \left(a_{5} + s \left(a_{10} + a_{9} s \left(a_{7} + s\right) \operatorname{acos}{\left(s \right)}\right) + s + \operatorname{sech}{\left(s \right)}\right)\right) \operatorname{acos}{\left(\operatorname{sech}{\left(\cos{\left(a_{8} + s \right)} \right)} \right)}\right)$,$y(s) = a_{13} + \left(- s - \sin{\left(\sin{\left(\sin{\left(a_{6} + s \right)} \right)} \right)}\right) \left(a_{1} \operatorname{acos}{\left(s \right)} + a_{14} + \left(a_{0} + a_{12} \left(a_{2} - 32 s\right) \left(- \sin{\left(4 \cos{\left(s \right)} \right)} + \operatorname{sech}{\left(s \right)}\right) + a_{12} \tanh{\left(8 s \right)} + a_{15} \sqrt{1 - \cos^{2}{\left(s \right)}} + a_{3} s \left(2 s - \tanh{\left(4 s \right)}\right) \left(s - \cos{\left(a_{11} s \right)} + 2\right) + a_{4} \left(32 \operatorname{asin}{\left(s \right)} + 64\right) \left(a_{5} + s \left(a_{10} + a_{9} s \left(a_{7} + s\right) \operatorname{acos}{\left(s \right)}\right) + s + \operatorname{sech}{\left(s \right)}\right)\right) \operatorname{acos}{\left(\operatorname{sech}{\left(\cos{\left(a_{8} + s \right)} \right)} \right)}\right)$
16,event65046_track247-hits,25,75,16,16,16,48,5,-14.66340181197736,2.845777401328399e-06,6.644088660113371,0.00021058752769830151,498.30664950850286,7.799538062900056e-06,7.118666421550041,-13.724166456264472,$y(s) = a_{13} + \left(- s - \sin{\left(\sin{\left(\sin{\left(a_{6} + s \right)} \right)} \right)}\right) \left(a_{1} \operatorname{acos}{\left(s \right)} + a_{14} + \left(a_{0} + a_{12} \left(a_{2} - 32 s\right) \left(- \sin{\left(4 \cos{\left(s \right)} \right)} + \operatorname{sech}{\left(s \right)}\right) + a_{12} \tanh{\left(8 s \right)} + a_{15} \sqrt{1 - \cos^{2}{\left(s \right)}} + a_{3} s \left(2 s - \tanh{\left(4 s \right)}\right) \left(s - \cos{\left(a_{11} s \right)} + 2\right) + a_{4} \left(32 \operatorname{asin}{\left(s \right)} + 64\right) \left(a_{5} + s \left(a_{10} + a_{9} s \left(a_{7} + s\right) \operatorname{acos}{\left(s \right)}\right) + s + \operatorname{sech}{\left(s \right)}\right)\right) \operatorname{acos}{\left(\operatorname{sech}{\left(\cos{\left(a_{8} + s \right)} \right)} \right)}\right)$,$y(s) = a_{13} + \left(- s - \sin{\left(\sin{\left(\sin{\left(a_{6} + s \right)} \right)} \right)}\right) \left(a_{1} \operatorname{acos}{\left(s \right)} + a_{14} + \left(a_{0} + a_{12} \left(a_{2} - 32 s\right) \left(- \sin{\left(4 \cos{\left(s \right)} \right)} + \operatorname{sech}{\left(s \right)}\right) + a_{12} \tanh{\left(8 s \right)} + a_{15} \sqrt{1 - \cos^{2}{\left(s \right)}} + a_{3} s \left(2 s - \tanh{\left(4 s \right)}\right) \left(s - \cos{\left(a_{11} s \right)} + 2\right) + a_{4} \left(32 \operatorname{asin}{\left(s \right)} + 64\right) \left(a_{5} + s \left(a_{10} + a_{9} s \left(a_{7} + s\right) \operatorname{acos}{\left(s \right)}\right) + s + \operatorname{sech}{\left(s \right)}\right)\right) \operatorname{acos}{\left(\operatorname{sech}{\left(\cos{\left(a_{8} + s \right)} \right)} \right)}\right)$,$y(s) = a_{13} + \left(- s - \sin{\left(\sin{\left(\sin{\left(a_{6} + s \right)} \right)} \right)}\right) \left(a_{1} \operatorname{acos}{\left(s \right)} + a_{14} + \left(a_{0} + a_{12} \left(a_{2} - 32 s\right) \left(- \sin{\left(4 \cos{\left(s \right)} \right)} + \operatorname{sech}{\left(s \right)}\right) + a_{12} \tanh{\left(8 s \right)} + a_{15} \sqrt{1 - \cos^{2}{\left(s \right)}} + a_{3} s \left(2 s - \tanh{\left(4 s \right)}\right) \left(s - \cos{\left(a_{11} s \right)} + 2\right) + a_{4} \left(32 \operatorname{asin}{\left(s \right)} + 64\right) \left(a_{5} + s \left(a_{10} + a_{9} s \left(a_{7} + s\right) \operatorname{acos}{\left(s \right)}\right) + s + \operatorname{sech}{\left(s \right)}\right)\right) \operatorname{acos}{\left(\operatorname{sech}{\left(\cos{\left(a_{8} + s \right)} \right)} \right)}\right)$
17,event65048_track388-hits,20,60,16,16,16,48,5,-11.000208211727589,2.3692609843684167e-05,1.418870074019591,0.0013978639807773658,85.13220444117546,0.00011648866506478048,1.5478582625668265,-9.4945887945995,$y(s) = a_{13} + \left(- s - \sin{\left(\sin{\left(\sin{\left(a_{6} + s \right)} \right)} \right)}\right) \left(a_{1} \operatorname{acos}{\left(s \right)} + a_{14} + \left(a_{0} + a_{12} \left(a_{2} - 32 s\right) \left(- \sin{\left(4 \cos{\left(s \right)} \right)} + \operatorname{sech}{\left(s \right)}\right) + a_{12} \tanh{\left(8 s \right)} + a_{15} \sqrt{1 - \cos^{2}{\left(s \right)}} + a_{3} s \left(2 s - \tanh{\left(4 s \right)}\right) \left(s - \cos{\left(a_{11} s \right)} + 2\right) + a_{4} \left(32 \operatorname{asin}{\left(s \right)} + 64\right) \left(a_{5} + s \left(a_{10} + a_{9} s \left(a_{7} + s\right) \operatorname{acos}{\left(s \right)}\right) + s + \operatorname{sech}{\left(s \right)}\right)\right) \operatorname{acos}{\left(\operatorname{sech}{\left(\cos{\left(a_{8} + s \right)} \right)} \right)}\right)$,$y(s) = a_{13} + \left(- s - \sin{\left(\sin{\left(\sin{\left(a_{6} + s \right)} \right)} \right)}\right) \left(a_{1} \operatorname{acos}{\left(s \right)} + a_{14} + \left(a_{0} + a_{12} \left(a_{2} - 32 s\right) \left(- \sin{\left(4 \cos{\left(s \right)} \right)} + \operatorname{sech}{\left(s \right)}\right) + a_{12} \tanh{\left(8 s \right)} + a_{15} \sqrt{1 - \cos^{2}{\left(s \right)}} + a_{3} s \left(2 s - \tanh{\left(4 s \right)}\right) \left(s - \cos{\left(a_{11} s \right)} + 2\right) + a_{4} \left(32 \operatorname{asin}{\left(s \right)} + 64\right) \left(a_{5} + s \left(a_{10} + a_{9} s \left(a_{7} + s\right) \operatorname{acos}{\left(s \right)}\right) + s + \operatorname{sech}{\left(s \right)}\right)\right) \operatorname{acos}{\left(\operatorname{sech}{\left(\cos{\left(a_{8} + s \right)} \right)} \right)}\right)$,$y(s) = a_{13} + \left(- s - \sin{\left(\sin{\left(\sin{\left(a_{6} + s \right)} \right)} \right)}\right) \left(a_{1} \operatorname{acos}{\left(s \right)} + a_{14} + \left(a_{0} + a_{12} \left(a_{2} - 32 s\right) \left(- \sin{\left(4 \cos{\left(s \right)} \right)} + \operatorname{sech}{\left(s \right)}\right) + a_{12} \tanh{\left(8 s \right)} + a_{15} \sqrt{1 - \cos^{2}{\left(s \right)}} + a_{3} s \left(2 s - \tanh{\left(4 s \right)}\right) \left(s - \cos{\left(a_{11} s \right)} + 2\right) + a_{4} \left(32 \operatorname{asin}{\left(s \right)} + 64\right) \left(a_{5} + s \left(a_{10} + a_{9} s \left(a_{7} + s\right) \operatorname{acos}{\left(s \right)}\right) + s + \operatorname{sech}{\left(s \right)}\right)\right) \operatorname{acos}{\left(\operatorname{sech}{\left(\cos{\left(a_{8} + s \right)} \right)} \right)}\right)$
18,event65052_track297-hits,25,75,16,16,16,48,5,-15.191794639999186,2.6339563242763513e-08,0.10430884863306511,1.9491276799645e-06,7.823163647479883,7.218991407275926e-08,0.11175948067828405,-14.252559284286297,$y(s) = a_{13} + \left(- s - \sin{\left(\sin{\left(\sin{\left(a_{6} + s \right)} \right)} \right)}\right) \left(a_{1} \operatorname{acos}{\left(s \right)} + a_{14} + \left(a_{0} + a_{12} \left(a_{2} - 32 s\right) \left(- \sin{\left(4 \cos{\left(s \right)} \right)} + \operatorname{sech}{\left(s \right)}\right) + a_{12} \tanh{\left(8 s \right)} + a_{15} \sqrt{1 - \cos^{2}{\left(s \right)}} + a_{3} s \left(2 s - \tanh{\left(4 s \right)}\right) \left(s - \cos{\left(a_{11} s \right)} + 2\right) + a_{4} \left(32 \operatorname{asin}{\left(s \right)} + 64\right) \left(a_{5} + s \left(a_{10} + a_{9} s \left(a_{7} + s\right) \operatorname{acos}{\left(s \right)}\right) + s + \operatorname{sech}{\left(s \right)}\right)\right) \operatorname{acos}{\left(\operatorname{sech}{\left(\cos{\left(a_{8} + s \right)} \right)} \right)}\right)$,$y(s) = a_{13} + \left(- s - \sin{\left(\sin{\left(\sin{\left(a_{6} + s \right)} \right)} \right)}\right) \left(a_{1} \operatorname{acos}{\left(s \right)} + a_{14} + \left(a_{0} + a_{12} \left(a_{2} - 32 s\right) \left(- \sin{\left(4 \cos{\left(s \right)} \right)} + \operatorname{sech}{\left(s \right)}\right) + a_{12} \tanh{\left(8 s \right)} + a_{15} \sqrt{1 - \cos^{2}{\left(s \right)}} + a_{3} s \left(2 s - \tanh{\left(4 s \right)}\right) \left(s - \cos{\left(a_{11} s \right)} + 2\right) + a_{4} \left(32 \operatorname{asin}{\left(s \right)} + 64\right) \left(a_{5} + s \left(a_{10} + a_{9} s \left(a_{7} + s\right) \operatorname{acos}{\left(s \right)}\right) + s + \operatorname{sech}{\left(s \right)}\right)\right) \operatorname{acos}{\left(\operatorname{sech}{\left(\cos{\left(a_{8} + s \right)} \right)} \right)}\right)$,$y(s) = a_{13} + \left(- s - \sin{\left(\sin{\left(\sin{\left(a_{6} + s \right)} \right)} \right)}\right) \left(a_{1} \operatorname{acos}{\left(s \right)} + a_{14} + \left(a_{0} + a_{12} \left(a_{2} - 32 s\right) \left(- \sin{\left(4 \cos{\left(s \right)} \right)} + \operatorname{sech}{\left(s \right)}\right) + a_{12} \tanh{\left(8 s \right)} + a_{15} \sqrt{1 - \cos^{2}{\left(s \right)}} + a_{3} s \left(2 s - \tanh{\left(4 s \right)}\right) \left(s - \cos{\left(a_{11} s \right)} + 2\right) + a_{4} \left(32 \operatorname{asin}{\left(s \right)} + 64\right) \left(a_{5} + s \left(a_{10} + a_{9} s \left(a_{7} + s\right) \operatorname{acos}{\left(s \right)}\right) + s + \operatorname{sech}{\left(s \right)}\right)\right) \operatorname{acos}{\left(\operatorname{sech}{\left(\cos{\left(a_{8} + s \right)} \right)} \right)}\right)$
19,event65055_track161-hits,25,75,16,16,16,48,5,-9.050530302542402,1.095353895536497e-07,0.0009335763166421257,8.105618826970077e-06,0.07001822374815943,3.002081047025955e-07,0.0010002603392594205,-8.111294946829512,$y(s) = a_{13} + \left(- s - \sin{\left(\sin{\left(\sin{\left(a_{6} + s \right)} \right)} \right)}\right) \left(a_{1} \operatorname{acos}{\left(s \right)} + a_{14} + \left(a_{0} + a_{12} \left(a_{2} - 32 s\right) \left(- \sin{\left(4 \cos{\left(s \right)} \right)} + \operatorname{sech}{\left(s \right)}\right) + a_{12} \tanh{\left(8 s \right)} + a_{15} \sqrt{1 - \cos^{2}{\left(s \right)}} + a_{3} s \left(2 s - \tanh{\left(4 s \right)}\right) \left(s - \cos{\left(a_{11} s \right)} + 2\right) + a_{4} \left(32 \operatorname{asin}{\left(s \right)} + 64\right) \left(a_{5} + s \left(a_{10} + a_{9} s \left(a_{7} + s\right) \operatorname{acos}{\left(s \right)}\right) + s + \operatorname{sech}{\left(s \right)}\right)\right) \operatorname{acos}{\left(\operatorname{sech}{\left(\cos{\left(a_{8} + s \right)} \right)} \right)}\right)$,$y(s) = a_{13} + \left(- s - \sin{\left(\sin{\left(\sin{\left(a_{6} + s \right)} \right)} \right)}\right) \left(a_{1} \operatorname{acos}{\left(s \right)} + a_{14} + \left(a_{0} + a_{12} \left(a_{2} - 32 s\right) \left(- \sin{\left(4 \cos{\left(s \right)} \right)} + \operatorname{sech}{\left(s \right)}\right) + a_{12} \tanh{\left(8 s \right)} + a_{15} \sqrt{1 - \cos^{2}{\left(s \right)}} + a_{3} s \left(2 s - \tanh{\left(4 s \right)}\right) \left(s - \cos{\left(a_{11} s \right)} + 2\right) + a_{4} \left(32 \operatorname{asin}{\left(s \right)} + 64\right) \left(a_{5} + s \left(a_{10} + a_{9} s \left(a_{7} + s\right) \operatorname{acos}{\left(s \right)}\right) + s + \operatorname{sech}{\left(s \right)}\right)\right) \operatorname{acos}{\left(\operatorname{sech}{\left(\cos{\left(a_{8} + s \right)} \right)} \right)}\right)$,$y(s) = a_{13} + \left(- s - \sin{\left(\sin{\left(\sin{\left(a_{6} + s \right)} \right)} \right)}\right) \left(a_{1} \operatorname{acos}{\left(s \right)} + a_{14} + \left(a_{0} + a_{12} \left(a_{2} - 32 s\right) \left(- \sin{\left(4 \cos{\left(s \right)} \right)} + \operatorname{sech}{\left(s \right)}\right) + a_{12} \tanh{\left(8 s \right)} + a_{15} \sqrt{1 - \cos^{2}{\left(s \right)}} + a_{3} s \left(2 s - \tanh{\left(4 s \right)}\right) \left(s - \cos{\left(a_{11} s \right)} + 2\right) + a_{4} \left(32 \operatorname{asin}{\left(s \right)} + 64\right) \left(a_{5} + s \left(a_{10} + a_{9} s \left(a_{7} + s\right) \operatorname{acos}{\left(s \right)}\right) + s + \operatorname{sech}{\left(s \right)}\right)\right) \operatorname{acos}{\left(\operatorname{sech}{\left(\cos{\left(a_{8} + s \right)} \right)} \right)}\right)$
20,event65057_track76-hits,25,75,16,16,16,48,5,-14.577718586220554,8.154852968592286e-07,1.7475872835913773,6.034591196758292e-05,131.0690462693533,2.2350337765771453e-06,1.872414946705047,-13.638483230507665,$y(s) = a_{13} + \left(- s - \sin{\left(\sin{\left(\sin{\left(a_{6} + s \right)} \right)} \right)}\right) \left(a_{1} \operatorname{acos}{\left(s \right)} + a_{14} + \left(a_{0} + a_{12} \left(a_{2} - 32 s\right) \left(- \sin{\left(4 \cos{\left(s \right)} \right)} + \operatorname{sech}{\left(s \right)}\right) + a_{12} \tanh{\left(8 s \right)} + a_{15} \sqrt{1 - \cos^{2}{\left(s \right)}} + a_{3} s \left(2 s - \tanh{\left(4 s \right)}\right) \left(s - \cos{\left(a_{11} s \right)} + 2\right) + a_{4} \left(32 \operatorname{asin}{\left(s \right)} + 64\right) \left(a_{5} + s \left(a_{10} + a_{9} s \left(a_{7} + s\right) \operatorname{acos}{\left(s \right)}\right) + s + \operatorname{sech}{\left(s \right)}\right)\right) \operatorname{acos}{\left(\operatorname{sech}{\left(\cos{\left(a_{8} + s \right)} \right)} \right)}\right)$,$y(s) = a_{13} + \left(- s - \sin{\left(\sin{\left(\sin{\left(a_{6} + s \right)} \right)} \right)}\right) \left(a_{1} \operatorname{acos}{\left(s \right)} + a_{14} + \left(a_{0} + a_{12} \left(a_{2} - 32 s\right) \left(- \sin{\left(4 \cos{\left(s \right)} \right)} + \operatorname{sech}{\left(s \right)}\right) + a_{12} \tanh{\left(8 s \right)} + a_{15} \sqrt{1 - \cos^{2}{\left(s \right)}} + a_{3} s \left(2 s - \tanh{\left(4 s \right)}\right) \left(s - \cos{\left(a_{11} s \right)} + 2\right) + a_{4} \left(32 \operatorname{asin}{\left(s \right)} + 64\right) \left(a_{5} + s \left(a_{10} + a_{9} s \left(a_{7} + s\right) \operatorname{acos}{\left(s \right)}\right) + s + \operatorname{sech}{\left(s \right)}\right)\right) \operatorname{acos}{\left(\operatorname{sech}{\left(\cos{\left(a_{8} + s \right)} \right)} \right)}\right)$,$y(s) = a_{13} + \left(- s - \sin{\left(\sin{\left(\sin{\left(a_{6} + s \right)} \right)} \right)}\right) \left(a_{1} \operatorname{acos}{\left(s \right)} + a_{14} + \left(a_{0} + a_{12} \left(a_{2} - 32 s\right) \left(- \sin{\left(4 \cos{\left(s \right)} \right)} + \operatorname{sech}{\left(s \right)}\right) + a_{12} \tanh{\left(8 s \right)} + a_{15} \sqrt{1 - \cos^{2}{\left(s \right)}} + a_{3} s \left(2 s - \tanh{\left(4 s \right)}\right) \left(s - \cos{\left(a_{11} s \right)} + 2\right) + a_{4} \left(32 \operatorname{asin}{\left(s \right)} + 64\right) \left(a_{5} + s \left(a_{10} + a_{9} s \left(a_{7} + s\right) \operatorname{acos}{\left(s \right)}\right) + s + \operatorname{sech}{\left(s \right)}\right)\right) \operatorname{acos}{\left(\operatorname{sech}{\left(\cos{\left(a_{8} + s \right)} \right)} \right)}\right)$
21,event65058_track214-hits,25,75,16,16,16,48,5,-12.998755409438752,2.4507557015554176e-07,0.10828985385544172,1.813559219151009e-05,8.121739039158129,6.716885996855589e-07,0.1160248434165447,-12.059520053725864,$y(s) = a_{13} + \left(- s - \sin{\left(\sin{\left(\sin{\left(a_{6} + s \right)} \right)} \right)}\right) \left(a_{1} \operatorname{acos}{\left(s \right)} + a_{14} + \left(a_{0} + a_{12} \left(a_{2} - 32 s\right) \left(- \sin{\left(4 \cos{\left(s \right)} \right)} + \operatorname{sech}{\left(s \right)}\right) + a_{12} \tanh{\left(8 s \right)} + a_{15} \sqrt{1 - \cos^{2}{\left(s \right)}} + a_{3} s \left(2 s - \tanh{\left(4 s \right)}\right) \left(s - \cos{\left(a_{11} s \right)} + 2\right) + a_{4} \left(32 \operatorname{asin}{\left(s \right)} + 64\right) \left(a_{5} + s \left(a_{10} + a_{9} s \left(a_{7} + s\right) \operatorname{acos}{\left(s \right)}\right) + s + \operatorname{sech}{\left(s \right)}\right)\right) \operatorname{acos}{\left(\operatorname{sech}{\left(\cos{\left(a_{8} + s \right)} \right)} \right)}\right)$,$y(s) = a_{13} + \left(- s - \sin{\left(\sin{\left(\sin{\left(a_{6} + s \right)} \right)} \right)}\right) \left(a_{1} \operatorname{acos}{\left(s \right)} + a_{14} + \left(a_{0} + a_{12} \left(a_{2} - 32 s\right) \left(- \sin{\left(4 \cos{\left(s \right)} \right)} + \operatorname{sech}{\left(s \right)}\right) + a_{12} \tanh{\left(8 s \right)} + a_{15} \sqrt{1 - \cos^{2}{\left(s \right)}} + a_{3} s \left(2 s - \tanh{\left(4 s \right)}\right) \left(s - \cos{\left(a_{11} s \right)} + 2\right) + a_{4} \left(32 \operatorname{asin}{\left(s \right)} + 64\right) \left(a_{5} + s \left(a_{10} + a_{9} s \left(a_{7} + s\right) \operatorname{acos}{\left(s \right)}\right) + s + \operatorname{sech}{\left(s \right)}\right)\right) \operatorname{acos}{\left(\operatorname{sech}{\left(\cos{\left(a_{8} + s \right)} \right)} \right)}\right)$,$y(s) = a_{13} + \left(- s - \sin{\left(\sin{\left(\sin{\left(a_{6} + s \right)} \right)} \right)}\right) \left(a_{1} \operatorname{acos}{\left(s \right)} + a_{14} + \left(a_{0} + a_{12} \left(a_{2} - 32 s\right) \left(- \sin{\left(4 \cos{\left(s \right)} \right)} + \operatorname{sech}{\left(s \right)}\right) + a_{12} \tanh{\left(8 s \right)} + a_{15} \sqrt{1 - \cos^{2}{\left(s \right)}} + a_{3} s \left(2 s - \tanh{\left(4 s \right)}\right) \left(s - \cos{\left(a_{11} s \right)} + 2\right) + a_{4} \left(32 \operatorname{asin}{\left(s \right)} + 64\right) \left(a_{5} + s \left(a_{10} + a_{9} s \left(a_{7} + s\right) \operatorname{acos}{\left(s \right)}\right) + s + \operatorname{sech}{\left(s \right)}\right)\right) \operatorname{acos}{\left(\operatorname{sech}{\left(\cos{\left(a_{8} + s \right)} \right)} \right)}\right)$
22,event65061_track251-hits,25,75,16,16,16,48,5,-6.029588786581738,2.9888541207973686e-05,0.012420007462500287,0.002211752049390053,0.9315005596875215,8.191674257000195e-05,0.013307150852678879,-5.0903534308688485,$y(s) = a_{13} + \left(- s - \sin{\left(\sin{\left(\sin{\left(a_{6} + s \right)} \right)} \right)}\right) \left(a_{1} \operatorname{acos}{\left(s \right)} + a_{14} + \left(a_{0} + a_{12} \left(a_{2} - 32 s\right) \left(- \sin{\left(4 \cos{\left(s \right)} \right)} + \operatorname{sech}{\left(s \right)}\right) + a_{12} \tanh{\left(8 s \right)} + a_{15} \sqrt{1 - \cos^{2}{\left(s \right)}} + a_{3} s \left(2 s - \tanh{\left(4 s \right)}\right) \left(s - \cos{\left(a_{11} s \right)} + 2\right) + a_{4} \left(32 \operatorname{asin}{\left(s \right)} + 64\right) \left(a_{5} + s \left(a_{10} + a_{9} s \left(a_{7} + s\right) \operatorname{acos}{\left(s \right)}\right) + s + \operatorname{sech}{\left(s \right)}\right)\right) \operatorname{acos}{\left(\operatorname{sech}{\left(\cos{\left(a_{8} + s \right)} \right)} \right)}\right)$,$y(s) = a_{13} + \left(- s - \sin{\left(\sin{\left(\sin{\left(a_{6} + s \right)} \right)} \right)}\right) \left(a_{1} \operatorname{acos}{\left(s \right)} + a_{14} + \left(a_{0} + a_{12} \left(a_{2} - 32 s\right) \left(- \sin{\left(4 \cos{\left(s \right)} \right)} + \operatorname{sech}{\left(s \right)}\right) + a_{12} \tanh{\left(8 s \right)} + a_{15} \sqrt{1 - \cos^{2}{\left(s \right)}} + a_{3} s \left(2 s - \tanh{\left(4 s \right)}\right) \left(s - \cos{\left(a_{11} s \right)} + 2\right) + a_{4} \left(32 \operatorname{asin}{\left(s \right)} + 64\right) \left(a_{5} + s \left(a_{10} + a_{9} s \left(a_{7} + s\right) \operatorname{acos}{\left(s \right)}\right) + s + \operatorname{sech}{\left(s \right)}\right)\right) \operatorname{acos}{\left(\operatorname{sech}{\left(\cos{\left(a_{8} + s \right)} \right)} \right)}\right)$,$y(s) = a_{13} + \left(- s - \sin{\left(\sin{\left(\sin{\left(a_{6} + s \right)} \right)} \right)}\right) \left(a_{1} \operatorname{acos}{\left(s \right)} + a_{14} + \left(a_{0} + a_{12} \left(a_{2} - 32 s\right) \left(- \sin{\left(4 \cos{\left(s \right)} \right)} + \operatorname{sech}{\left(s \right)}\right) + a_{12} \tanh{\left(8 s \right)} + a_{15} \sqrt{1 - \cos^{2}{\left(s \right)}} + a_{3} s \left(2 s - \tanh{\left(4 s \right)}\right) \left(s - \cos{\left(a_{11} s \right)} + 2\right) + a_{4} \left(32 \operatorname{asin}{\left(s \right)} + 64\right) \left(a_{5} + s \left(a_{10} + a_{9} s \left(a_{7} + s\right) \operatorname{acos}{\left(s \right)}\right) + s + \operatorname{sech}{\left(s \right)}\right)\right) \operatorname{acos}{\left(\operatorname{sech}{\left(\cos{\left(a_{8} + s \right)} \right)} \right)}\right)$
23,event65062_track309-hits,25,75,16,16,16,48,5,-9.658727788667626,9.716768610045596e-07,0.015214372379219772,7.19040877143374e-05,1.141077928441483,2.663114359790274e-06,0.016301113263449758,-8.719492432954738,$y(s) = a_{13} + \left(- s - \sin{\left(\sin{\left(\sin{\left(a_{6} + s \right)} \right)} \right)}\right) \left(a_{1} \operatorname{acos}{\left(s \right)} + a_{14} + \left(a_{0} + a_{12} \left(a_{2} - 32 s\right) \left(- \sin{\left(4 \cos{\left(s \right)} \right)} + \operatorname{sech}{\left(s \right)}\right) + a_{12} \tanh{\left(8 s \right)} + a_{15} \sqrt{1 - \cos^{2}{\left(s \right)}} + a_{3} s \left(2 s - \tanh{\left(4 s \right)}\right) \left(s - \cos{\left(a_{11} s \right)} + 2\right) + a_{4} \left(32 \operatorname{asin}{\left(s \right)} + 64\right) \left(a_{5} + s \left(a_{10} + a_{9} s \left(a_{7} + s\right) \operatorname{acos}{\left(s \right)}\right) + s + \operatorname{sech}{\left(s \right)}\right)\right) \operatorname{acos}{\left(\operatorname{sech}{\left(\cos{\left(a_{8} + s \right)} \right)} \right)}\right)$,$y(s) = a_{13} + \left(- s - \sin{\left(\sin{\left(\sin{\left(a_{6} + s \right)} \right)} \right)}\right) \left(a_{1} \operatorname{acos}{\left(s \right)} + a_{14} + \left(a_{0} + a_{12} \left(a_{2} - 32 s\right) \left(- \sin{\left(4 \cos{\left(s \right)} \right)} + \operatorname{sech}{\left(s \right)}\right) + a_{12} \tanh{\left(8 s \right)} + a_{15} \sqrt{1 - \cos^{2}{\left(s \right)}} + a_{3} s \left(2 s - \tanh{\left(4 s \right)}\right) \left(s - \cos{\left(a_{11} s \right)} + 2\right) + a_{4} \left(32 \operatorname{asin}{\left(s \right)} + 64\right) \left(a_{5} + s \left(a_{10} + a_{9} s \left(a_{7} + s\right) \operatorname{acos}{\left(s \right)}\right) + s + \operatorname{sech}{\left(s \right)}\right)\right) \operatorname{acos}{\left(\operatorname{sech}{\left(\cos{\left(a_{8} + s \right)} \right)} \right)}\right)$,$y(s) = a_{13} + \left(- s - \sin{\left(\sin{\left(\sin{\left(a_{6} + s \right)} \right)} \right)}\right) \left(a_{1} \operatorname{acos}{\left(s \right)} + a_{14} + \left(a_{0} + a_{12} \left(a_{2} - 32 s\right) \left(- \sin{\left(4 \cos{\left(s \right)} \right)} + \operatorname{sech}{\left(s \right)}\right) + a_{12} \tanh{\left(8 s \right)} + a_{15} \sqrt{1 - \cos^{2}{\left(s \right)}} + a_{3} s \left(2 s - \tanh{\left(4 s \right)}\right) \left(s - \cos{\left(a_{11} s \right)} + 2\right) + a_{4} \left(32 \operatorname{asin}{\left(s \right)} + 64\right) \left(a_{5} + s \left(a_{10} + a_{9} s \left(a_{7} + s\right) \operatorname{acos}{\left(s \right)}\right) + s + \operatorname{sech}{\left(s \right)}\right)\right) \operatorname{acos}{\left(\operatorname{sech}{\left(\cos{\left(a_{8} + s \right)} \right)} \right)}\right)$
24,event65065_track266-hits,25,75,16,16,16,48,5,-12.813952041023203,1.5352520449887452e-05,5.639081187961182,0.0011360865132916714,422.9310890970886,4.2077278270061904e-05,6.04187270138698,-11.874716685310315,$y(s) = a_{13} + \left(- s - \sin{\left(\sin{\left(\sin{\left(a_{6} + s \right)} \right)} \right)}\right) \left(a_{1} \operatorname{acos}{\left(s \right)} + a_{14} + \left(a_{0} + a_{12} \left(a_{2} - 32 s\right) \left(- \sin{\left(4 \cos{\left(s \right)} \right)} + \operatorname{sech}{\left(s \right)}\right) + a_{12} \tanh{\left(8 s \right)} + a_{15} \sqrt{1 - \cos^{2}{\left(s \right)}} + a_{3} s \left(2 s - \tanh{\left(4 s \right)}\right) \left(s - \cos{\left(a_{11} s \right)} + 2\right) + a_{4} \left(32 \operatorname{asin}{\left(s \right)} + 64\right) \left(a_{5} + s \left(a_{10} + a_{9} s \left(a_{7} + s\right) \operatorname{acos}{\left(s \right)}\right) + s + \operatorname{sech}{\left(s \right)}\right)\right) \operatorname{acos}{\left(\operatorname{sech}{\left(\cos{\left(a_{8} + s \right)} \right)} \right)}\right)$,$y(s) = a_{13} + \left(- s - \sin{\left(\sin{\left(\sin{\left(a_{6} + s \right)} \right)} \right)}\right) \left(a_{1} \operatorname{acos}{\left(s \right)} + a_{14} + \left(a_{0} + a_{12} \left(a_{2} - 32 s\right) \left(- \sin{\left(4 \cos{\left(s \right)} \right)} + \operatorname{sech}{\left(s \right)}\right) + a_{12} \tanh{\left(8 s \right)} + a_{15} \sqrt{1 - \cos^{2}{\left(s \right)}} + a_{3} s \left(2 s - \tanh{\left(4 s \right)}\right) \left(s - \cos{\left(a_{11} s \right)} + 2\right) + a_{4} \left(32 \operatorname{asin}{\left(s \right)} + 64\right) \left(a_{5} + s \left(a_{10} + a_{9} s \left(a_{7} + s\right) \operatorname{acos}{\left(s \right)}\right) + s + \operatorname{sech}{\left(s \right)}\right)\right) \operatorname{acos}{\left(\operatorname{sech}{\left(\cos{\left(a_{8} + s \right)} \right)} \right)}\right)$,$y(s) = a_{13} + \left(- s - \sin{\left(\sin{\left(\sin{\left(a_{6} + s \right)} \right)} \right)}\right) \left(a_{1} \operatorname{acos}{\left(s \right)} + a_{14} + \left(a_{0} + a_{12} \left(a_{2} - 32 s\right) \left(- \sin{\left(4 \cos{\left(s \right)} \right)} + \operatorname{sech}{\left(s \right)}\right) + a_{12} \tanh{\left(8 s \right)} + a_{15} \sqrt{1 - \cos^{2}{\left(s \right)}} + a_{3} s \left(2 s - \tanh{\left(4 s \right)}\right) \left(s - \cos{\left(a_{11} s \right)} + 2\right) + a_{4} \left(32 \operatorname{asin}{\left(s \right)} + 64\right) \left(a_{5} + s \left(a_{10} + a_{9} s \left(a_{7} + s\right) \operatorname{acos}{\left(s \right)}\right) + s + \operatorname{sech}{\left(s \right)}\right)\right) \operatorname{acos}{\left(\operatorname{sech}{\left(\cos{\left(a_{8} + s \right)} \right)} \right)}\right)$
25,event65069_track94-hits,25,75,16,16,16,48,5,-10.777013004186207,1.1993753875453972e-06,0.05745825224021997,8.875377867835939e-05,4.309368918016498,3.287176988087385e-06,0.061562413114521396,-9.837777648473319,$y(s) = a_{13} + \left(- s - \sin{\left(\sin{\left(\sin{\left(a_{6} + s \right)} \right)} \right)}\right) \left(a_{1} \operatorname{acos}{\left(s \right)} + a_{14} + \left(a_{0} + a_{12} \left(a_{2} - 32 s\right) \left(- \sin{\left(4 \cos{\left(s \right)} \right)} + \operatorname{sech}{\left(s \right)}\right) + a_{12} \tanh{\left(8 s \right)} + a_{15} \sqrt{1 - \cos^{2}{\left(s \right)}} + a_{3} s \left(2 s - \tanh{\left(4 s \right)}\right) \left(s - \cos{\left(a_{11} s \right)} + 2\right) + a_{4} \left(32 \operatorname{asin}{\left(s \right)} + 64\right) \left(a_{5} + s \left(a_{10} + a_{9} s \left(a_{7} + s\right) \operatorname{acos}{\left(s \right)}\right) + s + \operatorname{sech}{\left(s \right)}\right)\right) \operatorname{acos}{\left(\operatorname{sech}{\left(\cos{\left(a_{8} + s \right)} \right)} \right)}\right)$,$y(s) = a_{13} + \left(- s - \sin{\left(\sin{\left(\sin{\left(a_{6} + s \right)} \right)} \right)}\right) \left(a_{1} \operatorname{acos}{\left(s \right)} + a_{14} + \left(a_{0} + a_{12} \left(a_{2} - 32 s\right) \left(- \sin{\left(4 \cos{\left(s \right)} \right)} + \operatorname{sech}{\left(s \right)}\right) + a_{12} \tanh{\left(8 s \right)} + a_{15} \sqrt{1 - \cos^{2}{\left(s \right)}} + a_{3} s \left(2 s - \tanh{\left(4 s \right)}\right) \left(s - \cos{\left(a_{11} s \right)} + 2\right) + a_{4} \left(32 \operatorname{asin}{\left(s \right)} + 64\right) \left(a_{5} + s \left(a_{10} + a_{9} s \left(a_{7} + s\right) \operatorname{acos}{\left(s \right)}\right) + s + \operatorname{sech}{\left(s \right)}\right)\right) \operatorname{acos}{\left(\operatorname{sech}{\left(\cos{\left(a_{8} + s \right)} \right)} \right)}\right)$,$y(s) = a_{13} + \left(- s - \sin{\left(\sin{\left(\sin{\left(a_{6} + s \right)} \right)} \right)}\right) \left(a_{1} \operatorname{acos}{\left(s \right)} + a_{14} + \left(a_{0} + a_{12} \left(a_{2} - 32 s\right) \left(- \sin{\left(4 \cos{\left(s \right)} \right)} + \operatorname{sech}{\left(s \right)}\right) + a_{12} \tanh{\left(8 s \right)} + a_{15} \sqrt{1 - \cos^{2}{\left(s \right)}} + a_{3} s \left(2 s - \tanh{\left(4 s \right)}\right) \left(s - \cos{\left(a_{11} s \right)} + 2\right) + a_{4} \left(32 \operatorname{asin}{\left(s \right)} + 64\right) \left(a_{5} + s \left(a_{10} + a_{9} s \left(a_{7} + s\right) \operatorname{acos}{\left(s \right)}\right) + s + \operatorname{sech}{\left(s \right)}\right)\right) \operatorname{acos}{\left(\operatorname{sech}{\left(\cos{\left(a_{8} + s \right)} \right)} \right)}\right)$
26,event65070_track41-hits,25,75,16,16,16,48,5,-12.645189709600377,4.6636628132672133e-07,0.14469824260165487,3.451110481817738e-05,10.852368195124114,1.278189067339903e-06,0.1550338313589159,-11.705954353887488,$y(s) = a_{13} + \left(- s - \sin{\left(\sin{\left(\sin{\left(a_{6} + s \right)} \right)} \right)}\right) \left(a_{1} \operatorname{acos}{\left(s \right)} + a_{14} + \left(a_{0} + a_{12} \left(a_{2} - 32 s\right) \left(- \sin{\left(4 \cos{\left(s \right)} \right)} + \operatorname{sech}{\left(s \right)}\right) + a_{12} \tanh{\left(8 s \right)} + a_{15} \sqrt{1 - \cos^{2}{\left(s \right)}} + a_{3} s \left(2 s - \tanh{\left(4 s \right)}\right) \left(s - \cos{\left(a_{11} s \right)} + 2\right) + a_{4} \left(32 \operatorname{asin}{\left(s \right)} + 64\right) \left(a_{5} + s \left(a_{10} + a_{9} s \left(a_{7} + s\right) \operatorname{acos}{\left(s \right)}\right) + s + \operatorname{sech}{\left(s \right)}\right)\right) \operatorname{acos}{\left(\operatorname{sech}{\left(\cos{\left(a_{8} + s \right)} \right)} \right)}\right)$,$y(s) = a_{13} + \left(- s - \sin{\left(\sin{\left(\sin{\left(a_{6} + s \right)} \right)} \right)}\right) \left(a_{1} \operatorname{acos}{\left(s \right)} + a_{14} + \left(a_{0} + a_{12} \left(a_{2} - 32 s\right) \left(- \sin{\left(4 \cos{\left(s \right)} \right)} + \operatorname{sech}{\left(s \right)}\right) + a_{12} \tanh{\left(8 s \right)} + a_{15} \sqrt{1 - \cos^{2}{\left(s \right)}} + a_{3} s \left(2 s - \tanh{\left(4 s \right)}\right) \left(s - \cos{\left(a_{11} s \right)} + 2\right) + a_{4} \left(32 \operatorname{asin}{\left(s \right)} + 64\right) \left(a_{5} + s \left(a_{10} + a_{9} s \left(a_{7} + s\right) \operatorname{acos}{\left(s \right)}\right) + s + \operatorname{sech}{\left(s \right)}\right)\right) \operatorname{acos}{\left(\operatorname{sech}{\left(\cos{\left(a_{8} + s \right)} \right)} \right)}\right)$,$y(s) = a_{13} + \left(- s - \sin{\left(\sin{\left(\sin{\left(a_{6} + s \right)} \right)} \right)}\right) \left(a_{1} \operatorname{acos}{\left(s \right)} + a_{14} + \left(a_{0} + a_{12} \left(a_{2} - 32 s\right) \left(- \sin{\left(4 \cos{\left(s \right)} \right)} + \operatorname{sech}{\left(s \right)}\right) + a_{12} \tanh{\left(8 s \right)} + a_{15} \sqrt{1 - \cos^{2}{\left(s \right)}} + a_{3} s \left(2 s - \tanh{\left(4 s \right)}\right) \left(s - \cos{\left(a_{11} s \right)} + 2\right) + a_{4} \left(32 \operatorname{asin}{\left(s \right)} + 64\right) \left(a_{5} + s \left(a_{10} + a_{9} s \left(a_{7} + s\right) \operatorname{acos}{\left(s \right)}\right) + s + \operatorname{sech}{\left(s \right)}\right)\right) \operatorname{acos}{\left(\operatorname{sech}{\left(\cos{\left(a_{8} + s \right)} \right)} \right)}\right)$
27,event65071_track112-hits,20,60,16,16,16,48,5,-10.78841829739068,6.800157624260607e-07,0.032951069456318885,4.012092998313758e-05,1.9770641673791332,3.3434108319281317e-06,0.03594662122507515,-9.28279888026259,$y(s) = a_{13} + \left(- s - \sin{\left(\sin{\left(\sin{\left(a_{6} + s \right)} \right)} \right)}\right) \left(a_{1} \operatorname{acos}{\left(s \right)} + a_{14} + \left(a_{0} + a_{12} \left(a_{2} - 32 s\right) \left(- \sin{\left(4 \cos{\left(s \right)} \right)} + \operatorname{sech}{\left(s \right)}\right) + a_{12} \tanh{\left(8 s \right)} + a_{15} \sqrt{1 - \cos^{2}{\left(s \right)}} + a_{3} s \left(2 s - \tanh{\left(4 s \right)}\right) \left(s - \cos{\left(a_{11} s \right)} + 2\right) + a_{4} \left(32 \operatorname{asin}{\left(s \right)} + 64\right) \left(a_{5} + s \left(a_{10} + a_{9} s \left(a_{7} + s\right) \operatorname{acos}{\left(s \right)}\right) + s + \operatorname{sech}{\left(s \right)}\right)\right) \operatorname{acos}{\left(\operatorname{sech}{\left(\cos{\left(a_{8} + s \right)} \right)} \right)}\right)$,$y(s) = a_{13} + \left(- s - \sin{\left(\sin{\left(\sin{\left(a_{6} + s \right)} \right)} \right)}\right) \left(a_{1} \operatorname{acos}{\left(s \right)} + a_{14} + \left(a_{0} + a_{12} \left(a_{2} - 32 s\right) \left(- \sin{\left(4 \cos{\left(s \right)} \right)} + \operatorname{sech}{\left(s \right)}\right) + a_{12} \tanh{\left(8 s \right)} + a_{15} \sqrt{1 - \cos^{2}{\left(s \right)}} + a_{3} s \left(2 s - \tanh{\left(4 s \right)}\right) \left(s - \cos{\left(a_{11} s \right)} + 2\right) + a_{4} \left(32 \operatorname{asin}{\left(s \right)} + 64\right) \left(a_{5} + s \left(a_{10} + a_{9} s \left(a_{7} + s\right) \operatorname{acos}{\left(s \right)}\right) + s + \operatorname{sech}{\left(s \right)}\right)\right) \operatorname{acos}{\left(\operatorname{sech}{\left(\cos{\left(a_{8} + s \right)} \right)} \right)}\right)$,$y(s) = a_{13} + \left(- s - \sin{\left(\sin{\left(\sin{\left(a_{6} + s \right)} \right)} \right)}\right) \left(a_{1} \operatorname{acos}{\left(s \right)} + a_{14} + \left(a_{0} + a_{12} \left(a_{2} - 32 s\right) \left(- \sin{\left(4 \cos{\left(s \right)} \right)} + \operatorname{sech}{\left(s \right)}\right) + a_{12} \tanh{\left(8 s \right)} + a_{15} \sqrt{1 - \cos^{2}{\left(s \right)}} + a_{3} s \left(2 s - \tanh{\left(4 s \right)}\right) \left(s - \cos{\left(a_{11} s \right)} + 2\right) + a_{4} \left(32 \operatorname{asin}{\left(s \right)} + 64\right) \left(a_{5} + s \left(a_{10} + a_{9} s \left(a_{7} + s\right) \operatorname{acos}{\left(s \right)}\right) + s + \operatorname{sech}{\left(s \right)}\right)\right) \operatorname{acos}{\left(\operatorname{sech}{\left(\cos{\left(a_{8} + s \right)} \right)} \right)}\right)$
28,event65074_track41-hits,25,75,16,16,16,48,5,-12.393552680906792,3.3457253139380642e-06,0.807126901839647,0.00024758367323141675,60.53451763797352,9.169765675237658e-06,0.8647788233996218,-11.454317325193902,$y(s) = a_{13} + \left(- s - \sin{\left(\sin{\left(\sin{\left(a_{6} + s \right)} \right)} \right)}\right) \left(a_{1} \operatorname{acos}{\left(s \right)} + a_{14} + \left(a_{0} + a_{12} \left(a_{2} - 32 s\right) \left(- \sin{\left(4 \cos{\left(s \right)} \right)} + \operatorname{sech}{\left(s \right)}\right) + a_{12} \tanh{\left(8 s \right)} + a_{15} \sqrt{1 - \cos^{2}{\left(s \right)}} + a_{3} s \left(2 s - \tanh{\left(4 s \right)}\right) \left(s - \cos{\left(a_{11} s \right)} + 2\right) + a_{4} \left(32 \operatorname{asin}{\left(s \right)} + 64\right) \left(a_{5} + s \left(a_{10} + a_{9} s \left(a_{7} + s\right) \operatorname{acos}{\left(s \right)}\right) + s + \operatorname{sech}{\left(s \right)}\right)\right) \operatorname{acos}{\left(\operatorname{sech}{\left(\cos{\left(a_{8} + s \right)} \right)} \right)}\right)$,$y(s) = a_{13} + \left(- s - \sin{\left(\sin{\left(\sin{\left(a_{6} + s \right)} \right)} \right)}\right) \left(a_{1} \operatorname{acos}{\left(s \right)} + a_{14} + \left(a_{0} + a_{12} \left(a_{2} - 32 s\right) \left(- \sin{\left(4 \cos{\left(s \right)} \right)} + \operatorname{sech}{\left(s \right)}\right) + a_{12} \tanh{\left(8 s \right)} + a_{15} \sqrt{1 - \cos^{2}{\left(s \right)}} + a_{3} s \left(2 s - \tanh{\left(4 s \right)}\right) \left(s - \cos{\left(a_{11} s \right)} + 2\right) + a_{4} \left(32 \operatorname{asin}{\left(s \right)} + 64\right) \left(a_{5} + s \left(a_{10} + a_{9} s \left(a_{7} + s\right) \operatorname{acos}{\left(s \right)}\right) + s + \operatorname{sech}{\left(s \right)}\right)\right) \operatorname{acos}{\left(\operatorname{sech}{\left(\cos{\left(a_{8} + s \right)} \right)} \right)}\right)$,$y(s) = a_{13} + \left(- s - \sin{\left(\sin{\left(\sin{\left(a_{6} + s \right)} \right)} \right)}\right) \left(a_{1} \operatorname{acos}{\left(s \right)} + a_{14} + \left(a_{0} + a_{12} \left(a_{2} - 32 s\right) \left(- \sin{\left(4 \cos{\left(s \right)} \right)} + \operatorname{sech}{\left(s \right)}\right) + a_{12} \tanh{\left(8 s \right)} + a_{15} \sqrt{1 - \cos^{2}{\left(s \right)}} + a_{3} s \left(2 s - \tanh{\left(4 s \right)}\right) \left(s - \cos{\left(a_{11} s \right)} + 2\right) + a_{4} \left(32 \operatorname{asin}{\left(s \right)} + 64\right) \left(a_{5} + s \left(a_{10} + a_{9} s \left(a_{7} + s\right) \operatorname{acos}{\left(s \right)}\right) + s + \operatorname{sech}{\left(s \right)}\right)\right) \operatorname{acos}{\left(\operatorname{sech}{\left(\cos{\left(a_{8} + s \right)} \right)} \right)}\right)$
29,event65076_track130-hits,21,63,16,16,16,48,5,-14.575743960336892,9.979841610763738e-08,0.21344639308730928,6.187501798673518e-06,13.447122764500484,4.1250011991156783e-07,0.2318469442155256,-13.239351492239125,$y(s) = a_{13} + \left(- s - \sin{\left(\sin{\left(\sin{\left(a_{6} + s \right)} \right)} \right)}\right) \left(a_{1} \operatorname{acos}{\left(s \right)} + a_{14} + \left(a_{0} + a_{12} \left(a_{2} - 32 s\right) \left(- \sin{\left(4 \cos{\left(s \right)} \right)} + \operatorname{sech}{\left(s \right)}\right) + a_{12} \tanh{\left(8 s \right)} + a_{15} \sqrt{1 - \cos^{2}{\left(s \right)}} + a_{3} s \left(2 s - \tanh{\left(4 s \right)}\right) \left(s - \cos{\left(a_{11} s \right)} + 2\right) + a_{4} \left(32 \operatorname{asin}{\left(s \right)} + 64\right) \left(a_{5} + s \left(a_{10} + a_{9} s \left(a_{7} + s\right) \operatorname{acos}{\left(s \right)}\right) + s + \operatorname{sech}{\left(s \right)}\right)\right) \operatorname{acos}{\left(\operatorname{sech}{\left(\cos{\left(a_{8} + s \right)} \right)} \right)}\right)$,$y(s) = a_{13} + \left(- s - \sin{\left(\sin{\left(\sin{\left(a_{6} + s \right)} \right)} \right)}\right) \left(a_{1} \operatorname{acos}{\left(s \right)} + a_{14} + \left(a_{0} + a_{12} \left(a_{2} - 32 s\right) \left(- \sin{\left(4 \cos{\left(s \right)} \right)} + \operatorname{sech}{\left(s \right)}\right) + a_{12} \tanh{\left(8 s \right)} + a_{15} \sqrt{1 - \cos^{2}{\left(s \right)}} + a_{3} s \left(2 s - \tanh{\left(4 s \right)}\right) \left(s - \cos{\left(a_{11} s \right)} + 2\right) + a_{4} \left(32 \operatorname{asin}{\left(s \right)} + 64\right) \left(a_{5} + s \left(a_{10} + a_{9} s \left(a_{7} + s\right) \operatorname{acos}{\left(s \right)}\right) + s + \operatorname{sech}{\left(s \right)}\right)\right) \operatorname{acos}{\left(\operatorname{sech}{\left(\cos{\left(a_{8} + s \right)} \right)} \right)}\right)$,$y(s) = a_{13} + \left(- s - \sin{\left(\sin{\left(\sin{\left(a_{6} + s \right)} \right)} \right)}\right) \left(a_{1} \operatorname{acos}{\left(s \right)} + a_{14} + \left(a_{0} + a_{12} \left(a_{2} - 32 s\right) \left(- \sin{\left(4 \cos{\left(s \right)} \right)} + \operatorname{sech}{\left(s \right)}\right) + a_{12} \tanh{\left(8 s \right)} + a_{15} \sqrt{1 - \cos^{2}{\left(s \right)}} + a_{3} s \left(2 s - \tanh{\left(4 s \right)}\right) \left(s - \cos{\left(a_{11} s \right)} + 2\right) + a_{4} \left(32 \operatorname{asin}{\left(s \right)} + 64\right) \left(a_{5} + s \left(a_{10} + a_{9} s \left(a_{7} + s\right) \operatorname{acos}{\left(s \right)}\right) + s + \operatorname{sech}{\left(s \right)}\right)\right) \operatorname{acos}{\left(\operatorname{sech}{\left(\cos{\left(a_{8} + s \right)} \right)} \right)}\right)$
30,event65078_track85-hits,25,75,16,16,16,48,5,-7.730917549581744,1.935129911845171e-05,0.04407628248842772,0.0014319961347654265,3.3057211866320793,5.303689388020098e-05,0.047224588380458274,-6.791682193868855,$y(s) = a_{13} + \left(- s - \sin{\left(\sin{\left(\sin{\left(a_{6} + s \right)} \right)} \right)}\right) \left(a_{1} \operatorname{acos}{\left(s \right)} + a_{14} + \left(a_{0} + a_{12} \left(a_{2} - 32 s\right) \left(- \sin{\left(4 \cos{\left(s \right)} \right)} + \operatorname{sech}{\left(s \right)}\right) + a_{12} \tanh{\left(8 s \right)} + a_{15} \sqrt{1 - \cos^{2}{\left(s \right)}} + a_{3} s \left(2 s - \tanh{\left(4 s \right)}\right) \left(s - \cos{\left(a_{11} s \right)} + 2\right) + a_{4} \left(32 \operatorname{asin}{\left(s \right)} + 64\right) \left(a_{5} + s \left(a_{10} + a_{9} s \left(a_{7} + s\right) \operatorname{acos}{\left(s \right)}\right) + s + \operatorname{sech}{\left(s \right)}\right)\right) \operatorname{acos}{\left(\operatorname{sech}{\left(\cos{\left(a_{8} + s \right)} \right)} \right)}\right)$,$y(s) = a_{13} + \left(- s - \sin{\left(\sin{\left(\sin{\left(a_{6} + s \right)} \right)} \right)}\right) \left(a_{1} \operatorname{acos}{\left(s \right)} + a_{14} + \left(a_{0} + a_{12} \left(a_{2} - 32 s\right) \left(- \sin{\left(4 \cos{\left(s \right)} \right)} + \operatorname{sech}{\left(s \right)}\right) + a_{12} \tanh{\left(8 s \right)} + a_{15} \sqrt{1 - \cos^{2}{\left(s \right)}} + a_{3} s \left(2 s - \tanh{\left(4 s \right)}\right) \left(s - \cos{\left(a_{11} s \right)} + 2\right) + a_{4} \left(32 \operatorname{asin}{\left(s \right)} + 64\right) \left(a_{5} + s \left(a_{10} + a_{9} s \left(a_{7} + s\right) \operatorname{acos}{\left(s \right)}\right) + s + \operatorname{sech}{\left(s \right)}\right)\right) \operatorname{acos}{\left(\operatorname{sech}{\left(\cos{\left(a_{8} + s \right)} \right)} \right)}\right)$,$y(s) = a_{13} + \left(- s - \sin{\left(\sin{\left(\sin{\left(a_{6} + s \right)} \right)} \right)}\right) \left(a_{1} \operatorname{acos}{\left(s \right)} + a_{14} + \left(a_{0} + a_{12} \left(a_{2} - 32 s\right) \left(- \sin{\left(4 \cos{\left(s \right)} \right)} + \operatorname{sech}{\left(s \right)}\right) + a_{12} \tanh{\left(8 s \right)} + a_{15} \sqrt{1 - \cos^{2}{\left(s \right)}} + a_{3} s \left(2 s - \tanh{\left(4 s \right)}\right) \left(s - \cos{\left(a_{11} s \right)} + 2\right) + a_{4} \left(32 \operatorname{asin}{\left(s \right)} + 64\right) \left(a_{5} + s \left(a_{10} + a_{9} s \left(a_{7} + s\right) \operatorname{acos}{\left(s \right)}\right) + s + \operatorname{sech}{\left(s \right)}\right)\right) \operatorname{acos}{\left(\operatorname{sech}{\left(\cos{\left(a_{8} + s \right)} \right)} \right)}\right)$
31,event65082_track163-hits,25,75,16,16,16,48,5,-9.93312361564106,8.710297158309297e-07,0.01794459850773457,6.44561989714888e-05,1.3458448880800926,2.3872666285736595e-06,0.019226355544001324,-8.993888259928172,$y(s) = a_{13} + \left(- s - \sin{\left(\sin{\left(\sin{\left(a_{6} + s \right)} \right)} \right)}\right) \left(a_{1} \operatorname{acos}{\left(s \right)} + a_{14} + \left(a_{0} + a_{12} \left(a_{2} - 32 s\right) \left(- \sin{\left(4 \cos{\left(s \right)} \right)} + \operatorname{sech}{\left(s \right)}\right) + a_{12} \tanh{\left(8 s \right)} + a_{15} \sqrt{1 - \cos^{2}{\left(s \right)}} + a_{3} s \left(2 s - \tanh{\left(4 s \right)}\right) \left(s - \cos{\left(a_{11} s \right)} + 2\right) + a_{4} \left(32 \operatorname{asin}{\left(s \right)} + 64\right) \left(a_{5} + s \left(a_{10} + a_{9} s \left(a_{7} + s\right) \operatorname{acos}{\left(s \right)}\right) + s + \operatorname{sech}{\left(s \right)}\right)\right) \operatorname{acos}{\left(\operatorname{sech}{\left(\cos{\left(a_{8} + s \right)} \right)} \right)}\right)$,$y(s) = a_{13} + \left(- s - \sin{\left(\sin{\left(\sin{\left(a_{6} + s \right)} \right)} \right)}\right) \left(a_{1} \operatorname{acos}{\left(s \right)} + a_{14} + \left(a_{0} + a_{12} \left(a_{2} - 32 s\right) \left(- \sin{\left(4 \cos{\left(s \right)} \right)} + \operatorname{sech}{\left(s \right)}\right) + a_{12} \tanh{\left(8 s \right)} + a_{15} \sqrt{1 - \cos^{2}{\left(s \right)}} + a_{3} s \left(2 s - \tanh{\left(4 s \right)}\right) \left(s - \cos{\left(a_{11} s \right)} + 2\right) + a_{4} \left(32 \operatorname{asin}{\left(s \right)} + 64\right) \left(a_{5} + s \left(a_{10} + a_{9} s \left(a_{7} + s\right) \operatorname{acos}{\left(s \right)}\right) + s + \operatorname{sech}{\left(s \right)}\right)\right) \operatorname{acos}{\left(\operatorname{sech}{\left(\cos{\left(a_{8} + s \right)} \right)} \right)}\right)$,$y(s) = a_{13} + \left(- s - \sin{\left(\sin{\left(\sin{\left(a_{6} + s \right)} \right)} \right)}\right) \left(a_{1} \operatorname{acos}{\left(s \right)} + a_{14} + \left(a_{0} + a_{12} \left(a_{2} - 32 s\right) \left(- \sin{\left(4 \cos{\left(s \right)} \right)} + \operatorname{sech}{\left(s \right)}\right) + a_{12} \tanh{\left(8 s \right)} + a_{15} \sqrt{1 - \cos^{2}{\left(s \right)}} + a_{3} s \left(2 s - \tanh{\left(4 s \right)}\right) \left(s - \cos{\left(a_{11} s \right)} + 2\right) + a_{4} \left(32 \operatorname{asin}{\left(s \right)} + 64\right) \left(a_{5} + s \left(a_{10} + a_{9} s \left(a_{7} + s\right) \operatorname{acos}{\left(s \right)}\right) + s + \operatorname{sech}{\left(s \right)}\right)\right) \operatorname{acos}{\left(\operatorname{sech}{\left(\cos{\left(a_{8} + s \right)} \right)} \right)}\right)$
32,event65084_track281-hits,25,75,16,16,16,48,5,-9.001138917252113,1.3108621749050526e-06,0.010634130721358702,9.70038009429739e-05,0.7975598041019026,3.5927333682582924e-06,0.011393711487170038,-8.061903561539223,$y(s) = a_{13} + \left(- s - \sin{\left(\sin{\left(\sin{\left(a_{6} + s \right)} \right)} \right)}\right) \left(a_{1} \operatorname{acos}{\left(s \right)} + a_{14} + \left(a_{0} + a_{12} \left(a_{2} - 32 s\right) \left(- \sin{\left(4 \cos{\left(s \right)} \right)} + \operatorname{sech}{\left(s \right)}\right) + a_{12} \tanh{\left(8 s \right)} + a_{15} \sqrt{1 - \cos^{2}{\left(s \right)}} + a_{3} s \left(2 s - \tanh{\left(4 s \right)}\right) \left(s - \cos{\left(a_{11} s \right)} + 2\right) + a_{4} \left(32 \operatorname{asin}{\left(s \right)} + 64\right) \left(a_{5} + s \left(a_{10} + a_{9} s \left(a_{7} + s\right) \operatorname{acos}{\left(s \right)}\right) + s + \operatorname{sech}{\left(s \right)}\right)\right) \operatorname{acos}{\left(\operatorname{sech}{\left(\cos{\left(a_{8} + s \right)} \right)} \right)}\right)$,$y(s) = a_{13} + \left(- s - \sin{\left(\sin{\left(\sin{\left(a_{6} + s \right)} \right)} \right)}\right) \left(a_{1} \operatorname{acos}{\left(s \right)} + a_{14} + \left(a_{0} + a_{12} \left(a_{2} - 32 s\right) \left(- \sin{\left(4 \cos{\left(s \right)} \right)} + \operatorname{sech}{\left(s \right)}\right) + a_{12} \tanh{\left(8 s \right)} + a_{15} \sqrt{1 - \cos^{2}{\left(s \right)}} + a_{3} s \left(2 s - \tanh{\left(4 s \right)}\right) \left(s - \cos{\left(a_{11} s \right)} + 2\right) + a_{4} \left(32 \operatorname{asin}{\left(s \right)} + 64\right) \left(a_{5} + s \left(a_{10} + a_{9} s \left(a_{7} + s\right) \operatorname{acos}{\left(s \right)}\right) + s + \operatorname{sech}{\left(s \right)}\right)\right) \operatorname{acos}{\left(\operatorname{sech}{\left(\cos{\left(a_{8} + s \right)} \right)} \right)}\right)$,$y(s) = a_{13} + \left(- s - \sin{\left(\sin{\left(\sin{\left(a_{6} + s \right)} \right)} \right)}\right) \left(a_{1} \operatorname{acos}{\left(s \right)} + a_{14} + \left(a_{0} + a_{12} \left(a_{2} - 32 s\right) \left(- \sin{\left(4 \cos{\left(s \right)} \right)} + \operatorname{sech}{\left(s \right)}\right) + a_{12} \tanh{\left(8 s \right)} + a_{15} \sqrt{1 - \cos^{2}{\left(s \right)}} + a_{3} s \left(2 s - \tanh{\left(4 s \right)}\right) \left(s - \cos{\left(a_{11} s \right)} + 2\right) + a_{4} \left(32 \operatorname{asin}{\left(s \right)} + 64\right) \left(a_{5} + s \left(a_{10} + a_{9} s \left(a_{7} + s\right) \operatorname{acos}{\left(s \right)}\right) + s + \operatorname{sech}{\left(s \right)}\right)\right) \operatorname{acos}{\left(\operatorname{sech}{\left(\cos{\left(a_{8} + s \right)} \right)} \right)}\right)$
33,event65086_track172-hits,22,66,16,16,16,48,5,-16.02087493364928,1.3721334241186662e-07,1.2450131040047323,8.91886725677133e-06,82.17086486431234,4.95492625376185e-07,1.3470633584313498,-14.815640299502922,$y(s) = a_{13} + \left(- s - \sin{\left(\sin{\left(\sin{\left(a_{6} + s \right)} \right)} \right)}\right) \left(a_{1} \operatorname{acos}{\left(s \right)} + a_{14} + \left(a_{0} + a_{12} \left(a_{2} - 32 s\right) \left(- \sin{\left(4 \cos{\left(s \right)} \right)} + \operatorname{sech}{\left(s \right)}\right) + a_{12} \tanh{\left(8 s \right)} + a_{15} \sqrt{1 - \cos^{2}{\left(s \right)}} + a_{3} s \left(2 s - \tanh{\left(4 s \right)}\right) \left(s - \cos{\left(a_{11} s \right)} + 2\right) + a_{4} \left(32 \operatorname{asin}{\left(s \right)} + 64\right) \left(a_{5} + s \left(a_{10} + a_{9} s \left(a_{7} + s\right) \operatorname{acos}{\left(s \right)}\right) + s + \operatorname{sech}{\left(s \right)}\right)\right) \operatorname{acos}{\left(\operatorname{sech}{\left(\cos{\left(a_{8} + s \right)} \right)} \right)}\right)$,$y(s) = a_{13} + \left(- s - \sin{\left(\sin{\left(\sin{\left(a_{6} + s \right)} \right)} \right)}\right) \left(a_{1} \operatorname{acos}{\left(s \right)} + a_{14} + \left(a_{0} + a_{12} \left(a_{2} - 32 s\right) \left(- \sin{\left(4 \cos{\left(s \right)} \right)} + \operatorname{sech}{\left(s \right)}\right) + a_{12} \tanh{\left(8 s \right)} + a_{15} \sqrt{1 - \cos^{2}{\left(s \right)}} + a_{3} s \left(2 s - \tanh{\left(4 s \right)}\right) \left(s - \cos{\left(a_{11} s \right)} + 2\right) + a_{4} \left(32 \operatorname{asin}{\left(s \right)} + 64\right) \left(a_{5} + s \left(a_{10} + a_{9} s \left(a_{7} + s\right) \operatorname{acos}{\left(s \right)}\right) + s + \operatorname{sech}{\left(s \right)}\right)\right) \operatorname{acos}{\left(\operatorname{sech}{\left(\cos{\left(a_{8} + s \right)} \right)} \right)}\right)$,$y(s) = a_{13} + \left(- s - \sin{\left(\sin{\left(\sin{\left(a_{6} + s \right)} \right)} \right)}\right) \left(a_{1} \operatorname{acos}{\left(s \right)} + a_{14} + \left(a_{0} + a_{12} \left(a_{2} - 32 s\right) \left(- \sin{\left(4 \cos{\left(s \right)} \right)} + \operatorname{sech}{\left(s \right)}\right) + a_{12} \tanh{\left(8 s \right)} + a_{15} \sqrt{1 - \cos^{2}{\left(s \right)}} + a_{3} s \left(2 s - \tanh{\left(4 s \right)}\right) \left(s - \cos{\left(a_{11} s \right)} + 2\right) + a_{4} \left(32 \operatorname{asin}{\left(s \right)} + 64\right) \left(a_{5} + s \left(a_{10} + a_{9} s \left(a_{7} + s\right) \operatorname{acos}{\left(s \right)}\right) + s + \operatorname{sech}{\left(s \right)}\right)\right) \operatorname{acos}{\left(\operatorname{sech}{\left(\cos{\left(a_{8} + s \right)} \right)} \right)}\right)$
34,event65087_track181-hits,25,75,16,16,16,48,5,-12.684681805148124,5.7042615284976615e-06,1.8411396948768992,0.00042211535310882693,138.08547711576745,1.563390196699359e-05,1.9726496730823921,-11.745446449435235,$y(s) = a_{13} + \left(- s - \sin{\left(\sin{\left(\sin{\left(a_{6} + s \right)} \right)} \right)}\right) \left(a_{1} \operatorname{acos}{\left(s \right)} + a_{14} + \left(a_{0} + a_{12} \left(a_{2} - 32 s\right) \left(- \sin{\left(4 \cos{\left(s \right)} \right)} + \operatorname{sech}{\left(s \right)}\right) + a_{12} \tanh{\left(8 s \right)} + a_{15} \sqrt{1 - \cos^{2}{\left(s \right)}} + a_{3} s \left(2 s - \tanh{\left(4 s \right)}\right) \left(s - \cos{\left(a_{11} s \right)} + 2\right) + a_{4} \left(32 \operatorname{asin}{\left(s \right)} + 64\right) \left(a_{5} + s \left(a_{10} + a_{9} s \left(a_{7} + s\right) \operatorname{acos}{\left(s \right)}\right) + s + \operatorname{sech}{\left(s \right)}\right)\right) \operatorname{acos}{\left(\operatorname{sech}{\left(\cos{\left(a_{8} + s \right)} \right)} \right)}\right)$,$y(s) = a_{13} + \left(- s - \sin{\left(\sin{\left(\sin{\left(a_{6} + s \right)} \right)} \right)}\right) \left(a_{1} \operatorname{acos}{\left(s \right)} + a_{14} + \left(a_{0} + a_{12} \left(a_{2} - 32 s\right) \left(- \sin{\left(4 \cos{\left(s \right)} \right)} + \operatorname{sech}{\left(s \right)}\right) + a_{12} \tanh{\left(8 s \right)} + a_{15} \sqrt{1 - \cos^{2}{\left(s \right)}} + a_{3} s \left(2 s - \tanh{\left(4 s \right)}\right) \left(s - \cos{\left(a_{11} s \right)} + 2\right) + a_{4} \left(32 \operatorname{asin}{\left(s \right)} + 64\right) \left(a_{5} + s \left(a_{10} + a_{9} s \left(a_{7} + s\right) \operatorname{acos}{\left(s \right)}\right) + s + \operatorname{sech}{\left(s \right)}\right)\right) \operatorname{acos}{\left(\operatorname{sech}{\left(\cos{\left(a_{8} + s \right)} \right)} \right)}\right)$,$y(s) = a_{13} + \left(- s - \sin{\left(\sin{\left(\sin{\left(a_{6} + s \right)} \right)} \right)}\right) \left(a_{1} \operatorname{acos}{\left(s \right)} + a_{14} + \left(a_{0} + a_{12} \left(a_{2} - 32 s\right) \left(- \sin{\left(4 \cos{\left(s \right)} \right)} + \operatorname{sech}{\left(s \right)}\right) + a_{12} \tanh{\left(8 s \right)} + a_{15} \sqrt{1 - \cos^{2}{\left(s \right)}} + a_{3} s \left(2 s - \tanh{\left(4 s \right)}\right) \left(s - \cos{\left(a_{11} s \right)} + 2\right) + a_{4} \left(32 \operatorname{asin}{\left(s \right)} + 64\right) \left(a_{5} + s \left(a_{10} + a_{9} s \left(a_{7} + s\right) \operatorname{acos}{\left(s \right)}\right) + s + \operatorname{sech}{\left(s \right)}\right)\right) \operatorname{acos}{\left(\operatorname{sech}{\left(\cos{\left(a_{8} + s \right)} \right)} \right)}\right)$
35,event65091_track388-hits,25,75,16,16,16,48,5,-10.182285031254496,0.0001421224016839239,3.7564078559109446,0.010517057724610368,281.73058919332084,0.00038952065646705067,4.024722702761726,-9.243049675541608,$y(s) = a_{13} + \left(- s - \sin{\left(\sin{\left(\sin{\left(a_{6} + s \right)} \right)} \right)}\right) \left(a_{1} \operatorname{acos}{\left(s \right)} + a_{14} + \left(a_{0} + a_{12} \left(a_{2} - 32 s\right) \left(- \sin{\left(4 \cos{\left(s \right)} \right)} + \operatorname{sech}{\left(s \right)}\right) + a_{12} \tanh{\left(8 s \right)} + a_{15} \sqrt{1 - \cos^{2}{\left(s \right)}} + a_{3} s \left(2 s - \tanh{\left(4 s \right)}\right) \left(s - \cos{\left(a_{11} s \right)} + 2\right) + a_{4} \left(32 \operatorname{asin}{\left(s \right)} + 64\right) \left(a_{5} + s \left(a_{10} + a_{9} s \left(a_{7} + s\right) \operatorname{acos}{\left(s \right)}\right) + s + \operatorname{sech}{\left(s \right)}\right)\right) \operatorname{acos}{\left(\operatorname{sech}{\left(\cos{\left(a_{8} + s \right)} \right)} \right)}\right)$,$y(s) = a_{13} + \left(- s - \sin{\left(\sin{\left(\sin{\left(a_{6} + s \right)} \right)} \right)}\right) \left(a_{1} \operatorname{acos}{\left(s \right)} + a_{14} + \left(a_{0} + a_{12} \left(a_{2} - 32 s\right) \left(- \sin{\left(4 \cos{\left(s \right)} \right)} + \operatorname{sech}{\left(s \right)}\right) + a_{12} \tanh{\left(8 s \right)} + a_{15} \sqrt{1 - \cos^{2}{\left(s \right)}} + a_{3} s \left(2 s - \tanh{\left(4 s \right)}\right) \left(s - \cos{\left(a_{11} s \right)} + 2\right) + a_{4} \left(32 \operatorname{asin}{\left(s \right)} + 64\right) \left(a_{5} + s \left(a_{10} + a_{9} s \left(a_{7} + s\right) \operatorname{acos}{\left(s \right)}\right) + s + \operatorname{sech}{\left(s \right)}\right)\right) \operatorname{acos}{\left(\operatorname{sech}{\left(\cos{\left(a_{8} + s \right)} \right)} \right)}\right)$,$y(s) = a_{13} + \left(- s - \sin{\left(\sin{\left(\sin{\left(a_{6} + s \right)} \right)} \right)}\right) \left(a_{1} \operatorname{acos}{\left(s \right)} + a_{14} + \left(a_{0} + a_{12} \left(a_{2} - 32 s\right) \left(- \sin{\left(4 \cos{\left(s \right)} \right)} + \operatorname{sech}{\left(s \right)}\right) + a_{12} \tanh{\left(8 s \right)} + a_{15} \sqrt{1 - \cos^{2}{\left(s \right)}} + a_{3} s \left(2 s - \tanh{\left(4 s \right)}\right) \left(s - \cos{\left(a_{11} s \right)} + 2\right) + a_{4} \left(32 \operatorname{asin}{\left(s \right)} + 64\right) \left(a_{5} + s \left(a_{10} + a_{9} s \left(a_{7} + s\right) \operatorname{acos}{\left(s \right)}\right) + s + \operatorname{sech}{\left(s \right)}\right)\right) \operatorname{acos}{\left(\operatorname{sech}{\left(\cos{\left(a_{8} + s \right)} \right)} \right)}\right)$
36,event65095_track122-hits,25,75,16,16,16,48,5,-12.3675638636307,6.262917116985488e-07,0.14721138710515444,4.6345586665692606e-05,11.040854032886584,1.7165032098404668e-06,0.15772648618409404,-11.428328507917811,$y(s) = a_{13} + \left(- s - \sin{\left(\sin{\left(\sin{\left(a_{6} + s \right)} \right)} \right)}\right) \left(a_{1} \operatorname{acos}{\left(s \right)} + a_{14} + \left(a_{0} + a_{12} \left(a_{2} - 32 s\right) \left(- \sin{\left(4 \cos{\left(s \right)} \right)} + \operatorname{sech}{\left(s \right)}\right) + a_{12} \tanh{\left(8 s \right)} + a_{15} \sqrt{1 - \cos^{2}{\left(s \right)}} + a_{3} s \left(2 s - \tanh{\left(4 s \right)}\right) \left(s - \cos{\left(a_{11} s \right)} + 2\right) + a_{4} \left(32 \operatorname{asin}{\left(s \right)} + 64\right) \left(a_{5} + s \left(a_{10} + a_{9} s \left(a_{7} + s\right) \operatorname{acos}{\left(s \right)}\right) + s + \operatorname{sech}{\left(s \right)}\right)\right) \operatorname{acos}{\left(\operatorname{sech}{\left(\cos{\left(a_{8} + s \right)} \right)} \right)}\right)$,$y(s) = a_{13} + \left(- s - \sin{\left(\sin{\left(\sin{\left(a_{6} + s \right)} \right)} \right)}\right) \left(a_{1} \operatorname{acos}{\left(s \right)} + a_{14} + \left(a_{0} + a_{12} \left(a_{2} - 32 s\right) \left(- \sin{\left(4 \cos{\left(s \right)} \right)} + \operatorname{sech}{\left(s \right)}\right) + a_{12} \tanh{\left(8 s \right)} + a_{15} \sqrt{1 - \cos^{2}{\left(s \right)}} + a_{3} s \left(2 s - \tanh{\left(4 s \right)}\right) \left(s - \cos{\left(a_{11} s \right)} + 2\right) + a_{4} \left(32 \operatorname{asin}{\left(s \right)} + 64\right) \left(a_{5} + s \left(a_{10} + a_{9} s \left(a_{7} + s\right) \operatorname{acos}{\left(s \right)}\right) + s + \operatorname{sech}{\left(s \right)}\right)\right) \operatorname{acos}{\left(\operatorname{sech}{\left(\cos{\left(a_{8} + s \right)} \right)} \right)}\right)$,$y(s) = a_{13} + \left(- s - \sin{\left(\sin{\left(\sin{\left(a_{6} + s \right)} \right)} \right)}\right) \left(a_{1} \operatorname{acos}{\left(s \right)} + a_{14} + \left(a_{0} + a_{12} \left(a_{2} - 32 s\right) \left(- \sin{\left(4 \cos{\left(s \right)} \right)} + \operatorname{sech}{\left(s \right)}\right) + a_{12} \tanh{\left(8 s \right)} + a_{15} \sqrt{1 - \cos^{2}{\left(s \right)}} + a_{3} s \left(2 s - \tanh{\left(4 s \right)}\right) \left(s - \cos{\left(a_{11} s \right)} + 2\right) + a_{4} \left(32 \operatorname{asin}{\left(s \right)} + 64\right) \left(a_{5} + s \left(a_{10} + a_{9} s \left(a_{7} + s\right) \operatorname{acos}{\left(s \right)}\right) + s + \operatorname{sech}{\left(s \right)}\right)\right) \operatorname{acos}{\left(\operatorname{sech}{\left(\cos{\left(a_{8} + s \right)} \right)} \right)}\right)$
37,event65099_track4-hits,21,63,3,16,16,35,5,-2.1840291225880497,0.51732744929436,4.59491327488933,32.07430185625032,289.4795363180278,1.1455107805803686,4.991026488241858,-1.4717909635632753,$x(s) = a_{0} \operatorname{sech}{\left(a_{1} + a_{2} s \right)}$,$y(s) = a_{13} + \left(- s - \sin{\left(\sin{\left(\sin{\left(a_{6} + s \right)} \right)} \right)}\right) \left(a_{1} \operatorname{acos}{\left(s \right)} + a_{14} + \left(a_{0} + a_{12} \left(a_{2} - 32 s\right) \left(- \sin{\left(4 \cos{\left(s \right)} \right)} + \operatorname{sech}{\left(s \right)}\right) + a_{12} \tanh{\left(8 s \right)} + a_{15} \sqrt{1 - \cos^{2}{\left(s \right)}} + a_{3} s \left(2 s - \tanh{\left(4 s \right)}\right) \left(s - \cos{\left(a_{11} s \right)} + 2\right) + a_{4} \left(32 \operatorname{asin}{\left(s \right)} + 64\right) \left(a_{5} + s \left(a_{10} + a_{9} s \left(a_{7} + s\right) \operatorname{acos}{\left(s \right)}\right) + s + \operatorname{sech}{\left(s \right)}\right)\right) \operatorname{acos}{\left(\operatorname{sech}{\left(\cos{\left(a_{8} + s \right)} \right)} \right)}\right)$,$y(s) = a_{13} + \left(- s - \sin{\left(\sin{\left(\sin{\left(a_{6} + s \right)} \right)} \right)}\right) \left(a_{1} \operatorname{acos}{\left(s \right)} + a_{14} + \left(a_{0} + a_{12} \left(a_{2} - 32 s\right) \left(- \sin{\left(4 \cos{\left(s \right)} \right)} + \operatorname{sech}{\left(s \right)}\right) + a_{12} \tanh{\left(8 s \right)} + a_{15} \sqrt{1 - \cos^{2}{\left(s \right)}} + a_{3} s \left(2 s - \tanh{\left(4 s \right)}\right) \left(s - \cos{\left(a_{11} s \right)} + 2\right) + a_{4} \left(32 \operatorname{asin}{\left(s \right)} + 64\right) \left(a_{5} + s \left(a_{10} + a_{9} s \left(a_{7} + s\right) \operatorname{acos}{\left(s \right)}\right) + s + \operatorname{sech}{\left(s \right)}\right)\right) \operatorname{acos}{\left(\operatorname{sech}{\left(\cos{\left(a_{8} + s \right)} \right)} \right)}\right)$
38,event65101_track74-hits,25,75,16,16,16,48,5,-10.11972331920601,1.0929312165483995e-05,0.27135187477526596,0.0008087691002458156,20.351390608144946,2.9954411120215394e-05,0.2907341515449278,-9.180487963493121,$y(s) = a_{13} + \left(- s - \sin{\left(\sin{\left(\sin{\left(a_{6} + s \right)} \right)} \right)}\right) \left(a_{1} \operatorname{acos}{\left(s \right)} + a_{14} + \left(a_{0} + a_{12} \left(a_{2} - 32 s\right) \left(- \sin{\left(4 \cos{\left(s \right)} \right)} + \operatorname{sech}{\left(s \right)}\right) + a_{12} \tanh{\left(8 s \right)} + a_{15} \sqrt{1 - \cos^{2}{\left(s \right)}} + a_{3} s \left(2 s - \tanh{\left(4 s \right)}\right) \left(s - \cos{\left(a_{11} s \right)} + 2\right) + a_{4} \left(32 \operatorname{asin}{\left(s \right)} + 64\right) \left(a_{5} + s \left(a_{10} + a_{9} s \left(a_{7} + s\right) \operatorname{acos}{\left(s \right)}\right) + s + \operatorname{sech}{\left(s \right)}\right)\right) \operatorname{acos}{\left(\operatorname{sech}{\left(\cos{\left(a_{8} + s \right)} \right)} \right)}\right)$,$y(s) = a_{13} + \left(- s - \sin{\left(\sin{\left(\sin{\left(a_{6} + s \right)} \right)} \right)}\right) \left(a_{1} \operatorname{acos}{\left(s \right)} + a_{14} + \left(a_{0} + a_{12} \left(a_{2} - 32 s\right) \left(- \sin{\left(4 \cos{\left(s \right)} \right)} + \operatorname{sech}{\left(s \right)}\right) + a_{12} \tanh{\left(8 s \right)} + a_{15} \sqrt{1 - \cos^{2}{\left(s \right)}} + a_{3} s \left(2 s - \tanh{\left(4 s \right)}\right) \left(s - \cos{\left(a_{11} s \right)} + 2\right) + a_{4} \left(32 \operatorname{asin}{\left(s \right)} + 64\right) \left(a_{5} + s \left(a_{10} + a_{9} s \left(a_{7} + s\right) \operatorname{acos}{\left(s \right)}\right) + s + \operatorname{sech}{\left(s \right)}\right)\right) \operatorname{acos}{\left(\operatorname{sech}{\left(\cos{\left(a_{8} + s \right)} \right)} \right)}\right)$,$y(s) = a_{13} + \left(- s - \sin{\left(\sin{\left(\sin{\left(a_{6} + s \right)} \right)} \right)}\right) \left(a_{1} \operatorname{acos}{\left(s \right)} + a_{14} + \left(a_{0} + a_{12} \left(a_{2} - 32 s\right) \left(- \sin{\left(4 \cos{\left(s \right)} \right)} + \operatorname{sech}{\left(s \right)}\right) + a_{12} \tanh{\left(8 s \right)} + a_{15} \sqrt{1 - \cos^{2}{\left(s \right)}} + a_{3} s \left(2 s - \tanh{\left(4 s \right)}\right) \left(s - \cos{\left(a_{11} s \right)} + 2\right) + a_{4} \left(32 \operatorname{asin}{\left(s \right)} + 64\right) \left(a_{5} + s \left(a_{10} + a_{9} s \left(a_{7} + s\right) \operatorname{acos}{\left(s \right)}\right) + s + \operatorname{sech}{\left(s \right)}\right)\right) \operatorname{acos}{\left(\operatorname{sech}{\left(\cos{\left(a_{8} + s \right)} \right)} \right)}\right)$
39,event65103_track323-hits,20,60,16,16,16,48,5,-14.357600334227334,2.1655639690015266e-07,0.3723896616287873,1.2776827417109006e-05,22.343379697727237,1.0647356180924172e-06,0.4062432672314043,-12.851980917099244,$y(s) = a_{13} + \left(- s - \sin{\left(\sin{\left(\sin{\left(a_{6} + s \right)} \right)} \right)}\right) \left(a_{1} \operatorname{acos}{\left(s \right)} + a_{14} + \left(a_{0} + a_{12} \left(a_{2} - 32 s\right) \left(- \sin{\left(4 \cos{\left(s \right)} \right)} + \operatorname{sech}{\left(s \right)}\right) + a_{12} \tanh{\left(8 s \right)} + a_{15} \sqrt{1 - \cos^{2}{\left(s \right)}} + a_{3} s \left(2 s - \tanh{\left(4 s \right)}\right) \left(s - \cos{\left(a_{11} s \right)} + 2\right) + a_{4} \left(32 \operatorname{asin}{\left(s \right)} + 64\right) \left(a_{5} + s \left(a_{10} + a_{9} s \left(a_{7} + s\right) \operatorname{acos}{\left(s \right)}\right) + s + \operatorname{sech}{\left(s \right)}\right)\right) \operatorname{acos}{\left(\operatorname{sech}{\left(\cos{\left(a_{8} + s \right)} \right)} \right)}\right)$,$y(s) = a_{13} + \left(- s - \sin{\left(\sin{\left(\sin{\left(a_{6} + s \right)} \right)} \right)}\right) \left(a_{1} \operatorname{acos}{\left(s \right)} + a_{14} + \left(a_{0} + a_{12} \left(a_{2} - 32 s\right) \left(- \sin{\left(4 \cos{\left(s \right)} \right)} + \operatorname{sech}{\left(s \right)}\right) + a_{12} \tanh{\left(8 s \right)} + a_{15} \sqrt{1 - \cos^{2}{\left(s \right)}} + a_{3} s \left(2 s - \tanh{\left(4 s \right)}\right) \left(s - \cos{\left(a_{11} s \right)} + 2\right) + a_{4} \left(32 \operatorname{asin}{\left(s \right)} + 64\right) \left(a_{5} + s \left(a_{10} + a_{9} s \left(a_{7} + s\right) \operatorname{acos}{\left(s \right)}\right) + s + \operatorname{sech}{\left(s \right)}\right)\right) \operatorname{acos}{\left(\operatorname{sech}{\left(\cos{\left(a_{8} + s \right)} \right)} \right)}\right)$,$y(s) = a_{13} + \left(- s - \sin{\left(\sin{\left(\sin{\left(a_{6} + s \right)} \right)} \right)}\right) \left(a_{1} \operatorname{acos}{\left(s \right)} + a_{14} + \left(a_{0} + a_{12} \left(a_{2} - 32 s\right) \left(- \sin{\left(4 \cos{\left(s \right)} \right)} + \operatorname{sech}{\left(s \right)}\right) + a_{12} \tanh{\left(8 s \right)} + a_{15} \sqrt{1 - \cos^{2}{\left(s \right)}} + a_{3} s \left(2 s - \tanh{\left(4 s \right)}\right) \left(s - \cos{\left(a_{11} s \right)} + 2\right) + a_{4} \left(32 \operatorname{asin}{\left(s \right)} + 64\right) \left(a_{5} + s \left(a_{10} + a_{9} s \left(a_{7} + s\right) \operatorname{acos}{\left(s \right)}\right) + s + \operatorname{sech}{\left(s \right)}\right)\right) \operatorname{acos}{\left(\operatorname{sech}{\left(\cos{\left(a_{8} + s \right)} \right)} \right)}\right)$
40,event65104_track5-hits,25,75,16,16,16,48,5,-9.546949606979577,1.1009014926193787e-06,0.01541473254544227,8.146671045383402e-05,1.1561049409081703,3.017285572364223e-06,0.016515784870116717,-8.607714251266689,$y(s) = a_{13} + \left(- s - \sin{\left(\sin{\left(\sin{\left(a_{6} + s \right)} \right)} \right)}\right) \left(a_{1} \operatorname{acos}{\left(s \right)} + a_{14} + \left(a_{0} + a_{12} \left(a_{2} - 32 s\right) \left(- \sin{\left(4 \cos{\left(s \right)} \right)} + \operatorname{sech}{\left(s \right)}\right) + a_{12} \tanh{\left(8 s \right)} + a_{15} \sqrt{1 - \cos^{2}{\left(s \right)}} + a_{3} s \left(2 s - \tanh{\left(4 s \right)}\right) \left(s - \cos{\left(a_{11} s \right)} + 2\right) + a_{4} \left(32 \operatorname{asin}{\left(s \right)} + 64\right) \left(a_{5} + s \left(a_{10} + a_{9} s \left(a_{7} + s\right) \operatorname{acos}{\left(s \right)}\right) + s + \operatorname{sech}{\left(s \right)}\right)\right) \operatorname{acos}{\left(\operatorname{sech}{\left(\cos{\left(a_{8} + s \right)} \right)} \right)}\right)$,$y(s) = a_{13} + \left(- s - \sin{\left(\sin{\left(\sin{\left(a_{6} + s \right)} \right)} \right)}\right) \left(a_{1} \operatorname{acos}{\left(s \right)} + a_{14} + \left(a_{0} + a_{12} \left(a_{2} - 32 s\right) \left(- \sin{\left(4 \cos{\left(s \right)} \right)} + \operatorname{sech}{\left(s \right)}\right) + a_{12} \tanh{\left(8 s \right)} + a_{15} \sqrt{1 - \cos^{2}{\left(s \right)}} + a_{3} s \left(2 s - \tanh{\left(4 s \right)}\right) \left(s - \cos{\left(a_{11} s \right)} + 2\right) + a_{4} \left(32 \operatorname{asin}{\left(s \right)} + 64\right) \left(a_{5} + s \left(a_{10} + a_{9} s \left(a_{7} + s\right) \operatorname{acos}{\left(s \right)}\right) + s + \operatorname{sech}{\left(s \right)}\right)\right) \operatorname{acos}{\left(\operatorname{sech}{\left(\cos{\left(a_{8} + s \right)} \right)} \right)}\right)$,$y(s) = a_{13} + \left(- s - \sin{\left(\sin{\left(\sin{\left(a_{6} + s \right)} \right)} \right)}\right) \left(a_{1} \operatorname{acos}{\left(s \right)} + a_{14} + \left(a_{0} + a_{12} \left(a_{2} - 32 s\right) \left(- \sin{\left(4 \cos{\left(s \right)} \right)} + \operatorname{sech}{\left(s \right)}\right) + a_{12} \tanh{\left(8 s \right)} + a_{15} \sqrt{1 - \cos^{2}{\left(s \right)}} + a_{3} s \left(2 s - \tanh{\left(4 s \right)}\right) \left(s - \cos{\left(a_{11} s \right)} + 2\right) + a_{4} \left(32 \operatorname{asin}{\left(s \right)} + 64\right) \left(a_{5} + s \left(a_{10} + a_{9} s \left(a_{7} + s\right) \operatorname{acos}{\left(s \right)}\right) + s + \operatorname{sech}{\left(s \right)}\right)\right) \operatorname{acos}{\left(\operatorname{sech}{\left(\cos{\left(a_{8} + s \right)} \right)} \right)}\right)$
41,event65106_track338-hits,25,75,16,16,16,48,5,-6.980506431906693,0.0009529990623415718,1.0249151141466752,0.07052193061327632,76.86863356100065,0.002611923356047271,1.0981233365857235,-6.041271076193803,$y(s) = a_{13} + \left(- s - \sin{\left(\sin{\left(\sin{\left(a_{6} + s \right)} \right)} \right)}\right) \left(a_{1} \operatorname{acos}{\left(s \right)} + a_{14} + \left(a_{0} + a_{12} \left(a_{2} - 32 s\right) \left(- \sin{\left(4 \cos{\left(s \right)} \right)} + \operatorname{sech}{\left(s \right)}\right) + a_{12} \tanh{\left(8 s \right)} + a_{15} \sqrt{1 - \cos^{2}{\left(s \right)}} + a_{3} s \left(2 s - \tanh{\left(4 s \right)}\right) \left(s - \cos{\left(a_{11} s \right)} + 2\right) + a_{4} \left(32 \operatorname{asin}{\left(s \right)} + 64\right) \left(a_{5} + s \left(a_{10} + a_{9} s \left(a_{7} + s\right) \operatorname{acos}{\left(s \right)}\right) + s + \operatorname{sech}{\left(s \right)}\right)\right) \operatorname{acos}{\left(\operatorname{sech}{\left(\cos{\left(a_{8} + s \right)} \right)} \right)}\right)$,$y(s) = a_{13} + \left(- s - \sin{\left(\sin{\left(\sin{\left(a_{6} + s \right)} \right)} \right)}\right) \left(a_{1} \operatorname{acos}{\left(s \right)} + a_{14} + \left(a_{0} + a_{12} \left(a_{2} - 32 s\right) \left(- \sin{\left(4 \cos{\left(s \right)} \right)} + \operatorname{sech}{\left(s \right)}\right) + a_{12} \tanh{\left(8 s \right)} + a_{15} \sqrt{1 - \cos^{2}{\left(s \right)}} + a_{3} s \left(2 s - \tanh{\left(4 s \right)}\right) \left(s - \cos{\left(a_{11} s \right)} + 2\right) + a_{4} \left(32 \operatorname{asin}{\left(s \right)} + 64\right) \left(a_{5} + s \left(a_{10} + a_{9} s \left(a_{7} + s\right) \operatorname{acos}{\left(s \right)}\right) + s + \operatorname{sech}{\left(s \right)}\right)\right) \operatorname{acos}{\left(\operatorname{sech}{\left(\cos{\left(a_{8} + s \right)} \right)} \right)}\right)$,$y(s) = a_{13} + \left(- s - \sin{\left(\sin{\left(\sin{\left(a_{6} + s \right)} \right)} \right)}\right) \left(a_{1} \operatorname{acos}{\left(s \right)} + a_{14} + \left(a_{0} + a_{12} \left(a_{2} - 32 s\right) \left(- \sin{\left(4 \cos{\left(s \right)} \right)} + \operatorname{sech}{\left(s \right)}\right) + a_{12} \tanh{\left(8 s \right)} + a_{15} \sqrt{1 - \cos^{2}{\left(s \right)}} + a_{3} s \left(2 s - \tanh{\left(4 s \right)}\right) \left(s - \cos{\left(a_{11} s \right)} + 2\right) + a_{4} \left(32 \operatorname{asin}{\left(s \right)} + 64\right) \left(a_{5} + s \left(a_{10} + a_{9} s \left(a_{7} + s\right) \operatorname{acos}{\left(s \right)}\right) + s + \operatorname{sech}{\left(s \right)}\right)\right) \operatorname{acos}{\left(\operatorname{sech}{\left(\cos{\left(a_{8} + s \right)} \right)} \right)}\right)$
42,event65108_track206-hits,25,75,16,16,16,48,5,-13.497749522982172,7.327324156775042e-07,0.5332655653994345,5.4222198760135314e-05,39.99491740495758,2.0082295837087154e-06,0.5713559629279654,-12.558514167269283,$y(s) = a_{13} + \left(- s - \sin{\left(\sin{\left(\sin{\left(a_{6} + s \right)} \right)} \right)}\right) \left(a_{1} \operatorname{acos}{\left(s \right)} + a_{14} + \left(a_{0} + a_{12} \left(a_{2} - 32 s\right) \left(- \sin{\left(4 \cos{\left(s \right)} \right)} + \operatorname{sech}{\left(s \right)}\right) + a_{12} \tanh{\left(8 s \right)} + a_{15} \sqrt{1 - \cos^{2}{\left(s \right)}} + a_{3} s \left(2 s - \tanh{\left(4 s \right)}\right) \left(s - \cos{\left(a_{11} s \right)} + 2\right) + a_{4} \left(32 \operatorname{asin}{\left(s \right)} + 64\right) \left(a_{5} + s \left(a_{10} + a_{9} s \left(a_{7} + s\right) \operatorname{acos}{\left(s \right)}\right) + s + \operatorname{sech}{\left(s \right)}\right)\right) \operatorname{acos}{\left(\operatorname{sech}{\left(\cos{\left(a_{8} + s \right)} \right)} \right)}\right)$,$y(s) = a_{13} + \left(- s - \sin{\left(\sin{\left(\sin{\left(a_{6} + s \right)} \right)} \right)}\right) \left(a_{1} \operatorname{acos}{\left(s \right)} + a_{14} + \left(a_{0} + a_{12} \left(a_{2} - 32 s\right) \left(- \sin{\left(4 \cos{\left(s \right)} \right)} + \operatorname{sech}{\left(s \right)}\right) + a_{12} \tanh{\left(8 s \right)} + a_{15} \sqrt{1 - \cos^{2}{\left(s \right)}} + a_{3} s \left(2 s - \tanh{\left(4 s \right)}\right) \left(s - \cos{\left(a_{11} s \right)} + 2\right) + a_{4} \left(32 \operatorname{asin}{\left(s \right)} + 64\right) \left(a_{5} + s \left(a_{10} + a_{9} s \left(a_{7} + s\right) \operatorname{acos}{\left(s \right)}\right) + s + \operatorname{sech}{\left(s \right)}\right)\right) \operatorname{acos}{\left(\operatorname{sech}{\left(\cos{\left(a_{8} + s \right)} \right)} \right)}\right)$,$y(s) = a_{13} + \left(- s - \sin{\left(\sin{\left(\sin{\left(a_{6} + s \right)} \right)} \right)}\right) \left(a_{1} \operatorname{acos}{\left(s \right)} + a_{14} + \left(a_{0} + a_{12} \left(a_{2} - 32 s\right) \left(- \sin{\left(4 \cos{\left(s \right)} \right)} + \operatorname{sech}{\left(s \right)}\right) + a_{12} \tanh{\left(8 s \right)} + a_{15} \sqrt{1 - \cos^{2}{\left(s \right)}} + a_{3} s \left(2 s - \tanh{\left(4 s \right)}\right) \left(s - \cos{\left(a_{11} s \right)} + 2\right) + a_{4} \left(32 \operatorname{asin}{\left(s \right)} + 64\right) \left(a_{5} + s \left(a_{10} + a_{9} s \left(a_{7} + s\right) \operatorname{acos}{\left(s \right)}\right) + s + \operatorname{sech}{\left(s \right)}\right)\right) \operatorname{acos}{\left(\operatorname{sech}{\left(\cos{\left(a_{8} + s \right)} \right)} \right)}\right)$
43,event65110_track150-hits,22,66,16,16,16,48,5,-13.021673383483005,3.2364438768311117e-06,1.463217800783978,0.00021036885199402226,96.57237485174255,1.1687158444112348e-05,1.5831536860941402,-11.816438749336648,$y(s) = a_{13} + \left(- s - \sin{\left(\sin{\left(\sin{\left(a_{6} + s \right)} \right)} \right)}\right) \left(a_{1} \operatorname{acos}{\left(s \right)} + a_{14} + \left(a_{0} + a_{12} \left(a_{2} - 32 s\right) \left(- \sin{\left(4 \cos{\left(s \right)} \right)} + \operatorname{sech}{\left(s \right)}\right) + a_{12} \tanh{\left(8 s \right)} + a_{15} \sqrt{1 - \cos^{2}{\left(s \right)}} + a_{3} s \left(2 s - \tanh{\left(4 s \right)}\right) \left(s - \cos{\left(a_{11} s \right)} + 2\right) + a_{4} \left(32 \operatorname{asin}{\left(s \right)} + 64\right) \left(a_{5} + s \left(a_{10} + a_{9} s \left(a_{7} + s\right) \operatorname{acos}{\left(s \right)}\right) + s + \operatorname{sech}{\left(s \right)}\right)\right) \operatorname{acos}{\left(\operatorname{sech}{\left(\cos{\left(a_{8} + s \right)} \right)} \right)}\right)$,$y(s) = a_{13} + \left(- s - \sin{\left(\sin{\left(\sin{\left(a_{6} + s \right)} \right)} \right)}\right) \left(a_{1} \operatorname{acos}{\left(s \right)} + a_{14} + \left(a_{0} + a_{12} \left(a_{2} - 32 s\right) \left(- \sin{\left(4 \cos{\left(s \right)} \right)} + \operatorname{sech}{\left(s \right)}\right) + a_{12} \tanh{\left(8 s \right)} + a_{15} \sqrt{1 - \cos^{2}{\left(s \right)}} + a_{3} s \left(2 s - \tanh{\left(4 s \right)}\right) \left(s - \cos{\left(a_{11} s \right)} + 2\right) + a_{4} \left(32 \operatorname{asin}{\left(s \right)} + 64\right) \left(a_{5} + s \left(a_{10} + a_{9} s \left(a_{7} + s\right) \operatorname{acos}{\left(s \right)}\right) + s + \operatorname{sech}{\left(s \right)}\right)\right) \operatorname{acos}{\left(\operatorname{sech}{\left(\cos{\left(a_{8} + s \right)} \right)} \right)}\right)$,$y(s) = a_{13} + \left(- s - \sin{\left(\sin{\left(\sin{\left(a_{6} + s \right)} \right)} \right)}\right) \left(a_{1} \operatorname{acos}{\left(s \right)} + a_{14} + \left(a_{0} + a_{12} \left(a_{2} - 32 s\right) \left(- \sin{\left(4 \cos{\left(s \right)} \right)} + \operatorname{sech}{\left(s \right)}\right) + a_{12} \tanh{\left(8 s \right)} + a_{15} \sqrt{1 - \cos^{2}{\left(s \right)}} + a_{3} s \left(2 s - \tanh{\left(4 s \right)}\right) \left(s - \cos{\left(a_{11} s \right)} + 2\right) + a_{4} \left(32 \operatorname{asin}{\left(s \right)} + 64\right) \left(a_{5} + s \left(a_{10} + a_{9} s \left(a_{7} + s\right) \operatorname{acos}{\left(s \right)}\right) + s + \operatorname{sech}{\left(s \right)}\right)\right) \operatorname{acos}{\left(\operatorname{sech}{\left(\cos{\left(a_{8} + s \right)} \right)} \right)}\right)$
44,event65113_track4-hits,25,75,16,16,16,48,5,-12.904134879046206,3.0428553764829106e-07,0.12231391945397872,2.2517129785973538e-05,9.173543959048404,8.339677698508718e-07,0.13105062798640577,-11.964899523333317,$y(s) = a_{13} + \left(- s - \sin{\left(\sin{\left(\sin{\left(a_{6} + s \right)} \right)} \right)}\right) \left(a_{1} \operatorname{acos}{\left(s \right)} + a_{14} + \left(a_{0} + a_{12} \left(a_{2} - 32 s\right) \left(- \sin{\left(4 \cos{\left(s \right)} \right)} + \operatorname{sech}{\left(s \right)}\right) + a_{12} \tanh{\left(8 s \right)} + a_{15} \sqrt{1 - \cos^{2}{\left(s \right)}} + a_{3} s \left(2 s - \tanh{\left(4 s \right)}\right) \left(s - \cos{\left(a_{11} s \right)} + 2\right) + a_{4} \left(32 \operatorname{asin}{\left(s \right)} + 64\right) \left(a_{5} + s \left(a_{10} + a_{9} s \left(a_{7} + s\right) \operatorname{acos}{\left(s \right)}\right) + s + \operatorname{sech}{\left(s \right)}\right)\right) \operatorname{acos}{\left(\operatorname{sech}{\left(\cos{\left(a_{8} + s \right)} \right)} \right)}\right)$,$y(s) = a_{13} + \left(- s - \sin{\left(\sin{\left(\sin{\left(a_{6} + s \right)} \right)} \right)}\right) \left(a_{1} \operatorname{acos}{\left(s \right)} + a_{14} + \left(a_{0} + a_{12} \left(a_{2} - 32 s\right) \left(- \sin{\left(4 \cos{\left(s \right)} \right)} + \operatorname{sech}{\left(s \right)}\right) + a_{12} \tanh{\left(8 s \right)} + a_{15} \sqrt{1 - \cos^{2}{\left(s \right)}} + a_{3} s \left(2 s - \tanh{\left(4 s \right)}\right) \left(s - \cos{\left(a_{11} s \right)} + 2\right) + a_{4} \left(32 \operatorname{asin}{\left(s \right)} + 64\right) \left(a_{5} + s \left(a_{10} + a_{9} s \left(a_{7} + s\right) \operatorname{acos}{\left(s \right)}\right) + s + \operatorname{sech}{\left(s \right)}\right)\right) \operatorname{acos}{\left(\operatorname{sech}{\left(\cos{\left(a_{8} + s \right)} \right)} \right)}\right)$,$y(s) = a_{13} + \left(- s - \sin{\left(\sin{\left(\sin{\left(a_{6} + s \right)} \right)} \right)}\right) \left(a_{1} \operatorname{acos}{\left(s \right)} + a_{14} + \left(a_{0} + a_{12} \left(a_{2} - 32 s\right) \left(- \sin{\left(4 \cos{\left(s \right)} \right)} + \operatorname{sech}{\left(s \right)}\right) + a_{12} \tanh{\left(8 s \right)} + a_{15} \sqrt{1 - \cos^{2}{\left(s \right)}} + a_{3} s \left(2 s - \tanh{\left(4 s \right)}\right) \left(s - \cos{\left(a_{11} s \right)} + 2\right) + a_{4} \left(32 \operatorname{asin}{\left(s \right)} + 64\right) \left(a_{5} + s \left(a_{10} + a_{9} s \left(a_{7} + s\right) \operatorname{acos}{\left(s \right)}\right) + s + \operatorname{sech}{\left(s \right)}\right)\right) \operatorname{acos}{\left(\operatorname{sech}{\left(\cos{\left(a_{8} + s \right)} \right)} \right)}\right)$
45,event65117_track2-hits,23,69,16,16,16,48,5,-12.998596683570511,1.2772572287784418e-06,0.5642832791745529,8.685349155693404e-05,38.93554626304415,4.1358805503301925e-06,0.6083679103600649,-11.898834837355414,$y(s) = a_{13} + \left(- s - \sin{\left(\sin{\left(\sin{\left(a_{6} + s \right)} \right)} \right)}\right) \left(a_{1} \operatorname{acos}{\left(s \right)} + a_{14} + \left(a_{0} + a_{12} \left(a_{2} - 32 s\right) \left(- \sin{\left(4 \cos{\left(s \right)} \right)} + \operatorname{sech}{\left(s \right)}\right) + a_{12} \tanh{\left(8 s \right)} + a_{15} \sqrt{1 - \cos^{2}{\left(s \right)}} + a_{3} s \left(2 s - \tanh{\left(4 s \right)}\right) \left(s - \cos{\left(a_{11} s \right)} + 2\right) + a_{4} \left(32 \operatorname{asin}{\left(s \right)} + 64\right) \left(a_{5} + s \left(a_{10} + a_{9} s \left(a_{7} + s\right) \operatorname{acos}{\left(s \right)}\right) + s + \operatorname{sech}{\left(s \right)}\right)\right) \operatorname{acos}{\left(\operatorname{sech}{\left(\cos{\left(a_{8} + s \right)} \right)} \right)}\right)$,$y(s) = a_{13} + \left(- s - \sin{\left(\sin{\left(\sin{\left(a_{6} + s \right)} \right)} \right)}\right) \left(a_{1} \operatorname{acos}{\left(s \right)} + a_{14} + \left(a_{0} + a_{12} \left(a_{2} - 32 s\right) \left(- \sin{\left(4 \cos{\left(s \right)} \right)} + \operatorname{sech}{\left(s \right)}\right) + a_{12} \tanh{\left(8 s \right)} + a_{15} \sqrt{1 - \cos^{2}{\left(s \right)}} + a_{3} s \left(2 s - \tanh{\left(4 s \right)}\right) \left(s - \cos{\left(a_{11} s \right)} + 2\right) + a_{4} \left(32 \operatorname{asin}{\left(s \right)} + 64\right) \left(a_{5} + s \left(a_{10} + a_{9} s \left(a_{7} + s\right) \operatorname{acos}{\left(s \right)}\right) + s + \operatorname{sech}{\left(s \right)}\right)\right) \operatorname{acos}{\left(\operatorname{sech}{\left(\cos{\left(a_{8} + s \right)} \right)} \right)}\right)$,$y(s) = a_{13} + \left(- s - \sin{\left(\sin{\left(\sin{\left(a_{6} + s \right)} \right)} \right)}\right) \left(a_{1} \operatorname{acos}{\left(s \right)} + a_{14} + \left(a_{0} + a_{12} \left(a_{2} - 32 s\right) \left(- \sin{\left(4 \cos{\left(s \right)} \right)} + \operatorname{sech}{\left(s \right)}\right) + a_{12} \tanh{\left(8 s \right)} + a_{15} \sqrt{1 - \cos^{2}{\left(s \right)}} + a_{3} s \left(2 s - \tanh{\left(4 s \right)}\right) \left(s - \cos{\left(a_{11} s \right)} + 2\right) + a_{4} \left(32 \operatorname{asin}{\left(s \right)} + 64\right) \left(a_{5} + s \left(a_{10} + a_{9} s \left(a_{7} + s\right) \operatorname{acos}{\left(s \right)}\right) + s + \operatorname{sech}{\left(s \right)}\right)\right) \operatorname{acos}{\left(\operatorname{sech}{\left(\cos{\left(a_{8} + s \right)} \right)} \right)}\right)$
46,event65118_track122-hits,20,60,16,16,16,48,5,-11.33384160265959,6.255472751291873e-06,0.5229799069447592,0.0003690728923262205,31.37879441668555,3.0756074360518375e-05,0.5705235348488282,-9.8282221855315,$y(s) = a_{13} + \left(- s - \sin{\left(\sin{\left(\sin{\left(a_{6} + s \right)} \right)} \right)}\right) \left(a_{1} \operatorname{acos}{\left(s \right)} + a_{14} + \left(a_{0} + a_{12} \left(a_{2} - 32 s\right) \left(- \sin{\left(4 \cos{\left(s \right)} \right)} + \operatorname{sech}{\left(s \right)}\right) + a_{12} \tanh{\left(8 s \right)} + a_{15} \sqrt{1 - \cos^{2}{\left(s \right)}} + a_{3} s \left(2 s - \tanh{\left(4 s \right)}\right) \left(s - \cos{\left(a_{11} s \right)} + 2\right) + a_{4} \left(32 \operatorname{asin}{\left(s \right)} + 64\right) \left(a_{5} + s \left(a_{10} + a_{9} s \left(a_{7} + s\right) \operatorname{acos}{\left(s \right)}\right) + s + \operatorname{sech}{\left(s \right)}\right)\right) \operatorname{acos}{\left(\operatorname{sech}{\left(\cos{\left(a_{8} + s \right)} \right)} \right)}\right)$,$y(s) = a_{13} + \left(- s - \sin{\left(\sin{\left(\sin{\left(a_{6} + s \right)} \right)} \right)}\right) \left(a_{1} \operatorname{acos}{\left(s \right)} + a_{14} + \left(a_{0} + a_{12} \left(a_{2} - 32 s\right) \left(- \sin{\left(4 \cos{\left(s \right)} \right)} + \operatorname{sech}{\left(s \right)}\right) + a_{12} \tanh{\left(8 s \right)} + a_{15} \sqrt{1 - \cos^{2}{\left(s \right)}} + a_{3} s \left(2 s - \tanh{\left(4 s \right)}\right) \left(s - \cos{\left(a_{11} s \right)} + 2\right) + a_{4} \left(32 \operatorname{asin}{\left(s \right)} + 64\right) \left(a_{5} + s \left(a_{10} + a_{9} s \left(a_{7} + s\right) \operatorname{acos}{\left(s \right)}\right) + s + \operatorname{sech}{\left(s \right)}\right)\right) \operatorname{acos}{\left(\operatorname{sech}{\left(\cos{\left(a_{8} + s \right)} \right)} \right)}\right)$,$y(s) = a_{13} + \left(- s - \sin{\left(\sin{\left(\sin{\left(a_{6} + s \right)} \right)} \right)}\right) \left(a_{1} \operatorname{acos}{\left(s \right)} + a_{14} + \left(a_{0} + a_{12} \left(a_{2} - 32 s\right) \left(- \sin{\left(4 \cos{\left(s \right)} \right)} + \operatorname{sech}{\left(s \right)}\right) + a_{12} \tanh{\left(8 s \right)} + a_{15} \sqrt{1 - \cos^{2}{\left(s \right)}} + a_{3} s \left(2 s - \tanh{\left(4 s \right)}\right) \left(s - \cos{\left(a_{11} s \right)} + 2\right) + a_{4} \left(32 \operatorname{asin}{\left(s \right)} + 64\right) \left(a_{5} + s \left(a_{10} + a_{9} s \left(a_{7} + s\right) \operatorname{acos}{\left(s \right)}\right) + s + \operatorname{sech}{\left(s \right)}\right)\right) \operatorname{acos}{\left(\operatorname{sech}{\left(\cos{\left(a_{8} + s \right)} \right)} \right)}\right)$
47,event65122_track81-hits,25,75,16,16,16,48,5,-13.658011946775417,2.009834595896652e-07,0.17169574789907027,1.4872776009635225e-05,12.87718109243027,5.508435559124157e-07,0.183959729891861,-12.718776591062529,$y(s) = a_{13} + \left(- s - \sin{\left(\sin{\left(\sin{\left(a_{6} + s \right)} \right)} \right)}\right) \left(a_{1} \operatorname{acos}{\left(s \right)} + a_{14} + \left(a_{0} + a_{12} \left(a_{2} - 32 s\right) \left(- \sin{\left(4 \cos{\left(s \right)} \right)} + \operatorname{sech}{\left(s \right)}\right) + a_{12} \tanh{\left(8 s \right)} + a_{15} \sqrt{1 - \cos^{2}{\left(s \right)}} + a_{3} s \left(2 s - \tanh{\left(4 s \right)}\right) \left(s - \cos{\left(a_{11} s \right)} + 2\right) + a_{4} \left(32 \operatorname{asin}{\left(s \right)} + 64\right) \left(a_{5} + s \left(a_{10} + a_{9} s \left(a_{7} + s\right) \operatorname{acos}{\left(s \right)}\right) + s + \operatorname{sech}{\left(s \right)}\right)\right) \operatorname{acos}{\left(\operatorname{sech}{\left(\cos{\left(a_{8} + s \right)} \right)} \right)}\right)$,$y(s) = a_{13} + \left(- s - \sin{\left(\sin{\left(\sin{\left(a_{6} + s \right)} \right)} \right)}\right) \left(a_{1} \operatorname{acos}{\left(s \right)} + a_{14} + \left(a_{0} + a_{12} \left(a_{2} - 32 s\right) \left(- \sin{\left(4 \cos{\left(s \right)} \right)} + \operatorname{sech}{\left(s \right)}\right) + a_{12} \tanh{\left(8 s \right)} + a_{15} \sqrt{1 - \cos^{2}{\left(s \right)}} + a_{3} s \left(2 s - \tanh{\left(4 s \right)}\right) \left(s - \cos{\left(a_{11} s \right)} + 2\right) + a_{4} \left(32 \operatorname{asin}{\left(s \right)} + 64\right) \left(a_{5} + s \left(a_{10} + a_{9} s \left(a_{7} + s\right) \operatorname{acos}{\left(s \right)}\right) + s + \operatorname{sech}{\left(s \right)}\right)\right) \operatorname{acos}{\left(\operatorname{sech}{\left(\cos{\left(a_{8} + s \right)} \right)} \right)}\right)$,$y(s) = a_{13} + \left(- s - \sin{\left(\sin{\left(\sin{\left(a_{6} + s \right)} \right)} \right)}\right) \left(a_{1} \operatorname{acos}{\left(s \right)} + a_{14} + \left(a_{0} + a_{12} \left(a_{2} - 32 s\right) \left(- \sin{\left(4 \cos{\left(s \right)} \right)} + \operatorname{sech}{\left(s \right)}\right) + a_{12} \tanh{\left(8 s \right)} + a_{15} \sqrt{1 - \cos^{2}{\left(s \right)}} + a_{3} s \left(2 s - \tanh{\left(4 s \right)}\right) \left(s - \cos{\left(a_{11} s \right)} + 2\right) + a_{4} \left(32 \operatorname{asin}{\left(s \right)} + 64\right) \left(a_{5} + s \left(a_{10} + a_{9} s \left(a_{7} + s\right) \operatorname{acos}{\left(s \right)}\right) + s + \operatorname{sech}{\left(s \right)}\right)\right) \operatorname{acos}{\left(\operatorname{sech}{\left(\cos{\left(a_{8} + s \right)} \right)} \right)}\right)$
48,event65124_track157-hits,21,63,16,16,16,48,5,-10.91694675236103,1.542269468133526e-05,0.8498259625703779,0.000956207070242786,53.53903564193381,6.374713801618573e-05,0.9230868214126519,-9.580554284263261,$y(s) = a_{13} + \left(- s - \sin{\left(\sin{\left(\sin{\left(a_{6} + s \right)} \right)} \right)}\right) \left(a_{1} \operatorname{acos}{\left(s \right)} + a_{14} + \left(a_{0} + a_{12} \left(a_{2} - 32 s\right) \left(- \sin{\left(4 \cos{\left(s \right)} \right)} + \operatorname{sech}{\left(s \right)}\right) + a_{12} \tanh{\left(8 s \right)} + a_{15} \sqrt{1 - \cos^{2}{\left(s \right)}} + a_{3} s \left(2 s - \tanh{\left(4 s \right)}\right) \left(s - \cos{\left(a_{11} s \right)} + 2\right) + a_{4} \left(32 \operatorname{asin}{\left(s \right)} + 64\right) \left(a_{5} + s \left(a_{10} + a_{9} s \left(a_{7} + s\right) \operatorname{acos}{\left(s \right)}\right) + s + \operatorname{sech}{\left(s \right)}\right)\right) \operatorname{acos}{\left(\operatorname{sech}{\left(\cos{\left(a_{8} + s \right)} \right)} \right)}\right)$,$y(s) = a_{13} + \left(- s - \sin{\left(\sin{\left(\sin{\left(a_{6} + s \right)} \right)} \right)}\right) \left(a_{1} \operatorname{acos}{\left(s \right)} + a_{14} + \left(a_{0} + a_{12} \left(a_{2} - 32 s\right) \left(- \sin{\left(4 \cos{\left(s \right)} \right)} + \operatorname{sech}{\left(s \right)}\right) + a_{12} \tanh{\left(8 s \right)} + a_{15} \sqrt{1 - \cos^{2}{\left(s \right)}} + a_{3} s \left(2 s - \tanh{\left(4 s \right)}\right) \left(s - \cos{\left(a_{11} s \right)} + 2\right) + a_{4} \left(32 \operatorname{asin}{\left(s \right)} + 64\right) \left(a_{5} + s \left(a_{10} + a_{9} s \left(a_{7} + s\right) \operatorname{acos}{\left(s \right)}\right) + s + \operatorname{sech}{\left(s \right)}\right)\right) \operatorname{acos}{\left(\operatorname{sech}{\left(\cos{\left(a_{8} + s \right)} \right)} \right)}\right)$,$y(s) = a_{13} + \left(- s - \sin{\left(\sin{\left(\sin{\left(a_{6} + s \right)} \right)} \right)}\right) \left(a_{1} \operatorname{acos}{\left(s \right)} + a_{14} + \left(a_{0} + a_{12} \left(a_{2} - 32 s\right) \left(- \sin{\left(4 \cos{\left(s \right)} \right)} + \operatorname{sech}{\left(s \right)}\right) + a_{12} \tanh{\left(8 s \right)} + a_{15} \sqrt{1 - \cos^{2}{\left(s \right)}} + a_{3} s \left(2 s - \tanh{\left(4 s \right)}\right) \left(s - \cos{\left(a_{11} s \right)} + 2\right) + a_{4} \left(32 \operatorname{asin}{\left(s \right)} + 64\right) \left(a_{5} + s \left(a_{10} + a_{9} s \left(a_{7} + s\right) \operatorname{acos}{\left(s \right)}\right) + s + \operatorname{sech}{\left(s \right)}\right)\right) \operatorname{acos}{\left(\operatorname{sech}{\left(\cos{\left(a_{8} + s \right)} \right)} \right)}\right)$
49,event65125_track100-hits,25,75,16,16,16,48,5,-13.772463852910247,6.055378568446045e-07,0.5800245194790749,4.480980140650073e-05,43.50183896093061,1.6596222743148418e-06,0.6214548422990087,-12.833228497197357,$y(s) = a_{13} + \left(- s - \sin{\left(\sin{\left(\sin{\left(a_{6} + s \right)} \right)} \right)}\right) \left(a_{1} \operatorname{acos}{\left(s \right)} + a_{14} + \left(a_{0} + a_{12} \left(a_{2} - 32 s\right) \left(- \sin{\left(4 \cos{\left(s \right)} \right)} + \operatorname{sech}{\left(s \right)}\right) + a_{12} \tanh{\left(8 s \right)} + a_{15} \sqrt{1 - \cos^{2}{\left(s \right)}} + a_{3} s \left(2 s - \tanh{\left(4 s \right)}\right) \left(s - \cos{\left(a_{11} s \right)} + 2\right) + a_{4} \left(32 \operatorname{asin}{\left(s \right)} + 64\right) \left(a_{5} + s \left(a_{10} + a_{9} s \left(a_{7} + s\right) \operatorname{acos}{\left(s \right)}\right) + s + \operatorname{sech}{\left(s \right)}\right)\right) \operatorname{acos}{\left(\operatorname{sech}{\left(\cos{\left(a_{8} + s \right)} \right)} \right)}\right)$,$y(s) = a_{13} + \left(- s - \sin{\left(\sin{\left(\sin{\left(a_{6} + s \right)} \right)} \right)}\right) \left(a_{1} \operatorname{acos}{\left(s \right)} + a_{14} + \left(a_{0} + a_{12} \left(a_{2} - 32 s\right) \left(- \sin{\left(4 \cos{\left(s \right)} \right)} + \operatorname{sech}{\left(s \right)}\right) + a_{12} \tanh{\left(8 s \right)} + a_{15} \sqrt{1 - \cos^{2}{\left(s \right)}} + a_{3} s \left(2 s - \tanh{\left(4 s \right)}\right) \left(s - \cos{\left(a_{11} s \right)} + 2\right) + a_{4} \left(32 \operatorname{asin}{\left(s \right)} + 64\right) \left(a_{5} + s \left(a_{10} + a_{9} s \left(a_{7} + s\right) \operatorname{acos}{\left(s \right)}\right) + s + \operatorname{sech}{\left(s \right)}\right)\right) \operatorname{acos}{\left(\operatorname{sech}{\left(\cos{\left(a_{8} + s \right)} \right)} \right)}\right)$,$y(s) = a_{13} + \left(- s - \sin{\left(\sin{\left(\sin{\left(a_{6} + s \right)} \right)} \right)}\right) \left(a_{1} \operatorname{acos}{\left(s \right)} + a_{14} + \left(a_{0} + a_{12} \left(a_{2} - 32 s\right) \left(- \sin{\left(4 \cos{\left(s \right)} \right)} + \operatorname{sech}{\left(s \right)}\right) + a_{12} \tanh{\left(8 s \right)} + a_{15} \sqrt{1 - \cos^{2}{\left(s \right)}} + a_{3} s \left(2 s - \tanh{\left(4 s \right)}\right) \left(s - \cos{\left(a_{11} s \right)} + 2\right) + a_{4} \left(32 \operatorname{asin}{\left(s \right)} + 64\right) \left(a_{5} + s \left(a_{10} + a_{9} s \left(a_{7} + s\right) \operatorname{acos}{\left(s \right)}\right) + s + \operatorname{sech}{\left(s \right)}\right)\right) \operatorname{acos}{\left(\operatorname{sech}{\left(\cos{\left(a_{8} + s \right)} \right)} \right)}\right)$
50,event65127_track141-hits,25,75,16,16,16,48,5,-7.797301074378106,1.2036956283462293e-05,0.02929823873961583,0.0008907347649762097,2.197367905471187,3.299017648060036e-05,0.031390970078159816,-6.858065718665217,$y(s) = a_{13} + \left(- s - \sin{\left(\sin{\left(\sin{\left(a_{6} + s \right)} \right)} \right)}\right) \left(a_{1} \operatorname{acos}{\left(s \right)} + a_{14} + \left(a_{0} + a_{12} \left(a_{2} - 32 s\right) \left(- \sin{\left(4 \cos{\left(s \right)} \right)} + \operatorname{sech}{\left(s \right)}\right) + a_{12} \tanh{\left(8 s \right)} + a_{15} \sqrt{1 - \cos^{2}{\left(s \right)}} + a_{3} s \left(2 s - \tanh{\left(4 s \right)}\right) \left(s - \cos{\left(a_{11} s \right)} + 2\right) + a_{4} \left(32 \operatorname{asin}{\left(s \right)} + 64\right) \left(a_{5} + s \left(a_{10} + a_{9} s \left(a_{7} + s\right) \operatorname{acos}{\left(s \right)}\right) + s + \operatorname{sech}{\left(s \right)}\right)\right) \operatorname{acos}{\left(\operatorname{sech}{\left(\cos{\left(a_{8} + s \right)} \right)} \right)}\right)$,$y(s) = a_{13} + \left(- s - \sin{\left(\sin{\left(\sin{\left(a_{6} + s \right)} \right)} \right)}\right) \left(a_{1} \operatorname{acos}{\left(s \right)} + a_{14} + \left(a_{0} + a_{12} \left(a_{2} - 32 s\right) \left(- \sin{\left(4 \cos{\left(s \right)} \right)} + \operatorname{sech}{\left(s \right)}\right) + a_{12} \tanh{\left(8 s \right)} + a_{15} \sqrt{1 - \cos^{2}{\left(s \right)}} + a_{3} s \left(2 s - \tanh{\left(4 s \right)}\right) \left(s - \cos{\left(a_{11} s \right)} + 2\right) + a_{4} \left(32 \operatorname{asin}{\left(s \right)} + 64\right) \left(a_{5} + s \left(a_{10} + a_{9} s \left(a_{7} + s\right) \operatorname{acos}{\left(s \right)}\right) + s + \operatorname{sech}{\left(s \right)}\right)\right) \operatorname{acos}{\left(\operatorname{sech}{\left(\cos{\left(a_{8} + s \right)} \right)} \right)}\right)$,$y(s) = a_{13} + \left(- s - \sin{\left(\sin{\left(\sin{\left(a_{6} + s \right)} \right)} \right)}\right) \left(a_{1} \operatorname{acos}{\left(s \right)} + a_{14} + \left(a_{0} + a_{12} \left(a_{2} - 32 s\right) \left(- \sin{\left(4 \cos{\left(s \right)} \right)} + \operatorname{sech}{\left(s \right)}\right) + a_{12} \tanh{\left(8 s \right)} + a_{15} \sqrt{1 - \cos^{2}{\left(s \right)}} + a_{3} s \left(2 s - \tanh{\left(4 s \right)}\right) \left(s - \cos{\left(a_{11} s \right)} + 2\right) + a_{4} \left(32 \operatorname{asin}{\left(s \right)} + 64\right) \left(a_{5} + s \left(a_{10} + a_{9} s \left(a_{7} + s\right) \operatorname{acos}{\left(s \right)}\right) + s + \operatorname{sech}{\left(s \right)}\right)\right) \operatorname{acos}{\left(\operatorname{sech}{\left(\cos{\left(a_{8} + s \right)} \right)} \right)}\right)$
51,event65129_track180-hits,22,66,16,16,16,48,5,-10.431113564755481,3.9342914611408297e-07,0.01333649147114345,2.5572894497415393e-05,0.8802084370954677,1.4207163609675218e-06,0.014429646509761765,-9.225878930609124,$y(s) = a_{13} + \left(- s - \sin{\left(\sin{\left(\sin{\left(a_{6} + s \right)} \right)} \right)}\right) \left(a_{1} \operatorname{acos}{\left(s \right)} + a_{14} + \left(a_{0} + a_{12} \left(a_{2} - 32 s\right) \left(- \sin{\left(4 \cos{\left(s \right)} \right)} + \operatorname{sech}{\left(s \right)}\right) + a_{12} \tanh{\left(8 s \right)} + a_{15} \sqrt{1 - \cos^{2}{\left(s \right)}} + a_{3} s \left(2 s - \tanh{\left(4 s \right)}\right) \left(s - \cos{\left(a_{11} s \right)} + 2\right) + a_{4} \left(32 \operatorname{asin}{\left(s \right)} + 64\right) \left(a_{5} + s \left(a_{10} + a_{9} s \left(a_{7} + s\right) \operatorname{acos}{\left(s \right)}\right) + s + \operatorname{sech}{\left(s \right)}\right)\right) \operatorname{acos}{\left(\operatorname{sech}{\left(\cos{\left(a_{8} + s \right)} \right)} \right)}\right)$,$y(s) = a_{13} + \left(- s - \sin{\left(\sin{\left(\sin{\left(a_{6} + s \right)} \right)} \right)}\right) \left(a_{1} \operatorname{acos}{\left(s \right)} + a_{14} + \left(a_{0} + a_{12} \left(a_{2} - 32 s\right) \left(- \sin{\left(4 \cos{\left(s \right)} \right)} + \operatorname{sech}{\left(s \right)}\right) + a_{12} \tanh{\left(8 s \right)} + a_{15} \sqrt{1 - \cos^{2}{\left(s \right)}} + a_{3} s \left(2 s - \tanh{\left(4 s \right)}\right) \left(s - \cos{\left(a_{11} s \right)} + 2\right) + a_{4} \left(32 \operatorname{asin}{\left(s \right)} + 64\right) \left(a_{5} + s \left(a_{10} + a_{9} s \left(a_{7} + s\right) \operatorname{acos}{\left(s \right)}\right) + s + \operatorname{sech}{\left(s \right)}\right)\right) \operatorname{acos}{\left(\operatorname{sech}{\left(\cos{\left(a_{8} + s \right)} \right)} \right)}\right)$,$y(s) = a_{13} + \left(- s - \sin{\left(\sin{\left(\sin{\left(a_{6} + s \right)} \right)} \right)}\right) \left(a_{1} \operatorname{acos}{\left(s \right)} + a_{14} + \left(a_{0} + a_{12} \left(a_{2} - 32 s\right) \left(- \sin{\left(4 \cos{\left(s \right)} \right)} + \operatorname{sech}{\left(s \right)}\right) + a_{12} \tanh{\left(8 s \right)} + a_{15} \sqrt{1 - \cos^{2}{\left(s \right)}} + a_{3} s \left(2 s - \tanh{\left(4 s \right)}\right) \left(s - \cos{\left(a_{11} s \right)} + 2\right) + a_{4} \left(32 \operatorname{asin}{\left(s \right)} + 64\right) \left(a_{5} + s \left(a_{10} + a_{9} s \left(a_{7} + s\right) \operatorname{acos}{\left(s \right)}\right) + s + \operatorname{sech}{\left(s \right)}\right)\right) \operatorname{acos}{\left(\operatorname{sech}{\left(\cos{\left(a_{8} + s \right)} \right)} \right)}\right)$
52,event65131_track36-hits,25,75,16,16,16,48,5,-11.03016060573949,7.550573900628379e-06,0.4659269678341773,0.0005587424686465001,34.9445225875633,2.069416550542593e-05,0.49920746553661854,-10.090925250026599,$y(s) = a_{13} + \left(- s - \sin{\left(\sin{\left(\sin{\left(a_{6} + s \right)} \right)} \right)}\right) \left(a_{1} \operatorname{acos}{\left(s \right)} + a_{14} + \left(a_{0} + a_{12} \left(a_{2} - 32 s\right) \left(- \sin{\left(4 \cos{\left(s \right)} \right)} + \operatorname{sech}{\left(s \right)}\right) + a_{12} \tanh{\left(8 s \right)} + a_{15} \sqrt{1 - \cos^{2}{\left(s \right)}} + a_{3} s \left(2 s - \tanh{\left(4 s \right)}\right) \left(s - \cos{\left(a_{11} s \right)} + 2\right) + a_{4} \left(32 \operatorname{asin}{\left(s \right)} + 64\right) \left(a_{5} + s \left(a_{10} + a_{9} s \left(a_{7} + s\right) \operatorname{acos}{\left(s \right)}\right) + s + \operatorname{sech}{\left(s \right)}\right)\right) \operatorname{acos}{\left(\operatorname{sech}{\left(\cos{\left(a_{8} + s \right)} \right)} \right)}\right)$,$y(s) = a_{13} + \left(- s - \sin{\left(\sin{\left(\sin{\left(a_{6} + s \right)} \right)} \right)}\right) \left(a_{1} \operatorname{acos}{\left(s \right)} + a_{14} + \left(a_{0} + a_{12} \left(a_{2} - 32 s\right) \left(- \sin{\left(4 \cos{\left(s \right)} \right)} + \operatorname{sech}{\left(s \right)}\right) + a_{12} \tanh{\left(8 s \right)} + a_{15} \sqrt{1 - \cos^{2}{\left(s \right)}} + a_{3} s \left(2 s - \tanh{\left(4 s \right)}\right) \left(s - \cos{\left(a_{11} s \right)} + 2\right) + a_{4} \left(32 \operatorname{asin}{\left(s \right)} + 64\right) \left(a_{5} + s \left(a_{10} + a_{9} s \left(a_{7} + s\right) \operatorname{acos}{\left(s \right)}\right) + s + \operatorname{sech}{\left(s \right)}\right)\right) \operatorname{acos}{\left(\operatorname{sech}{\left(\cos{\left(a_{8} + s \right)} \right)} \right)}\right)$,$y(s) = a_{13} + \left(- s - \sin{\left(\sin{\left(\sin{\left(a_{6} + s \right)} \right)} \right)}\right) \left(a_{1} \operatorname{acos}{\left(s \right)} + a_{14} + \left(a_{0} + a_{12} \left(a_{2} - 32 s\right) \left(- \sin{\left(4 \cos{\left(s \right)} \right)} + \operatorname{sech}{\left(s \right)}\right) + a_{12} \tanh{\left(8 s \right)} + a_{15} \sqrt{1 - \cos^{2}{\left(s \right)}} + a_{3} s \left(2 s - \tanh{\left(4 s \right)}\right) \left(s - \cos{\left(a_{11} s \right)} + 2\right) + a_{4} \left(32 \operatorname{asin}{\left(s \right)} + 64\right) \left(a_{5} + s \left(a_{10} + a_{9} s \left(a_{7} + s\right) \operatorname{acos}{\left(s \right)}\right) + s + \operatorname{sech}{\left(s \right)}\right)\right) \operatorname{acos}{\left(\operatorname{sech}{\left(\cos{\left(a_{8} + s \right)} \right)} \right)}\right)$
53,event65132_track194-hits,25,75,16,16,16,48,5,-11.910527877799096,1.7174350760209753e-06,0.2555976534161997,0.00012709019562555217,19.16982400621498,4.707044282427858e-06,0.273854628660214,-10.971292522086207,$y(s) = a_{13} + \left(- s - \sin{\left(\sin{\left(\sin{\left(a_{6} + s \right)} \right)} \right)}\right) \left(a_{1} \operatorname{acos}{\left(s \right)} + a_{14} + \left(a_{0} + a_{12} \left(a_{2} - 32 s\right) \left(- \sin{\left(4 \cos{\left(s \right)} \right)} + \operatorname{sech}{\left(s \right)}\right) + a_{12} \tanh{\left(8 s \right)} + a_{15} \sqrt{1 - \cos^{2}{\left(s \right)}} + a_{3} s \left(2 s - \tanh{\left(4 s \right)}\right) \left(s - \cos{\left(a_{11} s \right)} + 2\right) + a_{4} \left(32 \operatorname{asin}{\left(s \right)} + 64\right) \left(a_{5} + s \left(a_{10} + a_{9} s \left(a_{7} + s\right) \operatorname{acos}{\left(s \right)}\right) + s + \operatorname{sech}{\left(s \right)}\right)\right) \operatorname{acos}{\left(\operatorname{sech}{\left(\cos{\left(a_{8} + s \right)} \right)} \right)}\right)$,$y(s) = a_{13} + \left(- s - \sin{\left(\sin{\left(\sin{\left(a_{6} + s \right)} \right)} \right)}\right) \left(a_{1} \operatorname{acos}{\left(s \right)} + a_{14} + \left(a_{0} + a_{12} \left(a_{2} - 32 s\right) \left(- \sin{\left(4 \cos{\left(s \right)} \right)} + \operatorname{sech}{\left(s \right)}\right) + a_{12} \tanh{\left(8 s \right)} + a_{15} \sqrt{1 - \cos^{2}{\left(s \right)}} + a_{3} s \left(2 s - \tanh{\left(4 s \right)}\right) \left(s - \cos{\left(a_{11} s \right)} + 2\right) + a_{4} \left(32 \operatorname{asin}{\left(s \right)} + 64\right) \left(a_{5} + s \left(a_{10} + a_{9} s \left(a_{7} + s\right) \operatorname{acos}{\left(s \right)}\right) + s + \operatorname{sech}{\left(s \right)}\right)\right) \operatorname{acos}{\left(\operatorname{sech}{\left(\cos{\left(a_{8} + s \right)} \right)} \right)}\right)$,$y(s) = a_{13} + \left(- s - \sin{\left(\sin{\left(\sin{\left(a_{6} + s \right)} \right)} \right)}\right) \left(a_{1} \operatorname{acos}{\left(s \right)} + a_{14} + \left(a_{0} + a_{12} \left(a_{2} - 32 s\right) \left(- \sin{\left(4 \cos{\left(s \right)} \right)} + \operatorname{sech}{\left(s \right)}\right) + a_{12} \tanh{\left(8 s \right)} + a_{15} \sqrt{1 - \cos^{2}{\left(s \right)}} + a_{3} s \left(2 s - \tanh{\left(4 s \right)}\right) \left(s - \cos{\left(a_{11} s \right)} + 2\right) + a_{4} \left(32 \operatorname{asin}{\left(s \right)} + 64\right) \left(a_{5} + s \left(a_{10} + a_{9} s \left(a_{7} + s\right) \operatorname{acos}{\left(s \right)}\right) + s + \operatorname{sech}{\left(s \right)}\right)\right) \operatorname{acos}{\left(\operatorname{sech}{\left(\cos{\left(a_{8} + s \right)} \right)} \right)}\right)$
54,event65138_track363-hits,25,75,16,16,16,48,5,-14.44754055573878,4.40540816038048e-07,0.8288449435467932,3.260002038681555e-05,62.163370766009486,1.2074081624746498e-06,0.8880481538001355,-13.508305200025891,$y(s) = a_{13} + \left(- s - \sin{\left(\sin{\left(\sin{\left(a_{6} + s \right)} \right)} \right)}\right) \left(a_{1} \operatorname{acos}{\left(s \right)} + a_{14} + \left(a_{0} + a_{12} \left(a_{2} - 32 s\right) \left(- \sin{\left(4 \cos{\left(s \right)} \right)} + \operatorname{sech}{\left(s \right)}\right) + a_{12} \tanh{\left(8 s \right)} + a_{15} \sqrt{1 - \cos^{2}{\left(s \right)}} + a_{3} s \left(2 s - \tanh{\left(4 s \right)}\right) \left(s - \cos{\left(a_{11} s \right)} + 2\right) + a_{4} \left(32 \operatorname{asin}{\left(s \right)} + 64\right) \left(a_{5} + s \left(a_{10} + a_{9} s \left(a_{7} + s\right) \operatorname{acos}{\left(s \right)}\right) + s + \operatorname{sech}{\left(s \right)}\right)\right) \operatorname{acos}{\left(\operatorname{sech}{\left(\cos{\left(a_{8} + s \right)} \right)} \right)}\right)$,$y(s) = a_{13} + \left(- s - \sin{\left(\sin{\left(\sin{\left(a_{6} + s \right)} \right)} \right)}\right) \left(a_{1} \operatorname{acos}{\left(s \right)} + a_{14} + \left(a_{0} + a_{12} \left(a_{2} - 32 s\right) \left(- \sin{\left(4 \cos{\left(s \right)} \right)} + \operatorname{sech}{\left(s \right)}\right) + a_{12} \tanh{\left(8 s \right)} + a_{15} \sqrt{1 - \cos^{2}{\left(s \right)}} + a_{3} s \left(2 s - \tanh{\left(4 s \right)}\right) \left(s - \cos{\left(a_{11} s \right)} + 2\right) + a_{4} \left(32 \operatorname{asin}{\left(s \right)} + 64\right) \left(a_{5} + s \left(a_{10} + a_{9} s \left(a_{7} + s\right) \operatorname{acos}{\left(s \right)}\right) + s + \operatorname{sech}{\left(s \right)}\right)\right) \operatorname{acos}{\left(\operatorname{sech}{\left(\cos{\left(a_{8} + s \right)} \right)} \right)}\right)$,$y(s) = a_{13} + \left(- s - \sin{\left(\sin{\left(\sin{\left(a_{6} + s \right)} \right)} \right)}\right) \left(a_{1} \operatorname{acos}{\left(s \right)} + a_{14} + \left(a_{0} + a_{12} \left(a_{2} - 32 s\right) \left(- \sin{\left(4 \cos{\left(s \right)} \right)} + \operatorname{sech}{\left(s \right)}\right) + a_{12} \tanh{\left(8 s \right)} + a_{15} \sqrt{1 - \cos^{2}{\left(s \right)}} + a_{3} s \left(2 s - \tanh{\left(4 s \right)}\right) \left(s - \cos{\left(a_{11} s \right)} + 2\right) + a_{4} \left(32 \operatorname{asin}{\left(s \right)} + 64\right) \left(a_{5} + s \left(a_{10} + a_{9} s \left(a_{7} + s\right) \operatorname{acos}{\left(s \right)}\right) + s + \operatorname{sech}{\left(s \right)}\right)\right) \operatorname{acos}{\left(\operatorname{sech}{\left(\cos{\left(a_{8} + s \right)} \right)} \right)}\right)$
55,event65139_track85-hits,25,75,16,16,16,48,5,-12.309864696062577,4.489945523194187e-07,0.09962019378130399,3.322559687163698e-05,7.471514533597799,1.2305776619124807e-06,0.10673592190853998,-11.370629340349687,$y(s) = a_{13} + \left(- s - \sin{\left(\sin{\left(\sin{\left(a_{6} + s \right)} \right)} \right)}\right) \left(a_{1} \operatorname{acos}{\left(s \right)} + a_{14} + \left(a_{0} + a_{12} \left(a_{2} - 32 s\right) \left(- \sin{\left(4 \cos{\left(s \right)} \right)} + \operatorname{sech}{\left(s \right)}\right) + a_{12} \tanh{\left(8 s \right)} + a_{15} \sqrt{1 - \cos^{2}{\left(s \right)}} + a_{3} s \left(2 s - \tanh{\left(4 s \right)}\right) \left(s - \cos{\left(a_{11} s \right)} + 2\right) + a_{4} \left(32 \operatorname{asin}{\left(s \right)} + 64\right) \left(a_{5} + s \left(a_{10} + a_{9} s \left(a_{7} + s\right) \operatorname{acos}{\left(s \right)}\right) + s + \operatorname{sech}{\left(s \right)}\right)\right) \operatorname{acos}{\left(\operatorname{sech}{\left(\cos{\left(a_{8} + s \right)} \right)} \right)}\right)$,$y(s) = a_{13} + \left(- s - \sin{\left(\sin{\left(\sin{\left(a_{6} + s \right)} \right)} \right)}\right) \left(a_{1} \operatorname{acos}{\left(s \right)} + a_{14} + \left(a_{0} + a_{12} \left(a_{2} - 32 s\right) \left(- \sin{\left(4 \cos{\left(s \right)} \right)} + \operatorname{sech}{\left(s \right)}\right) + a_{12} \tanh{\left(8 s \right)} + a_{15} \sqrt{1 - \cos^{2}{\left(s \right)}} + a_{3} s \left(2 s - \tanh{\left(4 s \right)}\right) \left(s - \cos{\left(a_{11} s \right)} + 2\right) + a_{4} \left(32 \operatorname{asin}{\left(s \right)} + 64\right) \left(a_{5} + s \left(a_{10} + a_{9} s \left(a_{7} + s\right) \operatorname{acos}{\left(s \right)}\right) + s + \operatorname{sech}{\left(s \right)}\right)\right) \operatorname{acos}{\left(\operatorname{sech}{\left(\cos{\left(a_{8} + s \right)} \right)} \right)}\right)$,$y(s) = a_{13} + \left(- s - \sin{\left(\sin{\left(\sin{\left(a_{6} + s \right)} \right)} \right)}\right) \left(a_{1} \operatorname{acos}{\left(s \right)} + a_{14} + \left(a_{0} + a_{12} \left(a_{2} - 32 s\right) \left(- \sin{\left(4 \cos{\left(s \right)} \right)} + \operatorname{sech}{\left(s \right)}\right) + a_{12} \tanh{\left(8 s \right)} + a_{15} \sqrt{1 - \cos^{2}{\left(s \right)}} + a_{3} s \left(2 s - \tanh{\left(4 s \right)}\right) \left(s - \cos{\left(a_{11} s \right)} + 2\right) + a_{4} \left(32 \operatorname{asin}{\left(s \right)} + 64\right) \left(a_{5} + s \left(a_{10} + a_{9} s \left(a_{7} + s\right) \operatorname{acos}{\left(s \right)}\right) + s + \operatorname{sech}{\left(s \right)}\right)\right) \operatorname{acos}{\left(\operatorname{sech}{\left(\cos{\left(a_{8} + s \right)} \right)} \right)}\right)$
56,event65140_track432-hits,21,63,16,16,16,48,5,-11.179041265184553,5.12605373741583e-06,0.36709552393677813,0.00031781533171978146,23.12701800801702,2.1187688781318763e-05,0.3987416897933969,-9.842648797086785,$y(s) = a_{13} + \left(- s - \sin{\left(\sin{\left(\sin{\left(a_{6} + s \right)} \right)} \right)}\right) \left(a_{1} \operatorname{acos}{\left(s \right)} + a_{14} + \left(a_{0} + a_{12} \left(a_{2} - 32 s\right) \left(- \sin{\left(4 \cos{\left(s \right)} \right)} + \operatorname{sech}{\left(s \right)}\right) + a_{12} \tanh{\left(8 s \right)} + a_{15} \sqrt{1 - \cos^{2}{\left(s \right)}} + a_{3} s \left(2 s - \tanh{\left(4 s \right)}\right) \left(s - \cos{\left(a_{11} s \right)} + 2\right) + a_{4} \left(32 \operatorname{asin}{\left(s \right)} + 64\right) \left(a_{5} + s \left(a_{10} + a_{9} s \left(a_{7} + s\right) \operatorname{acos}{\left(s \right)}\right) + s + \operatorname{sech}{\left(s \right)}\right)\right) \operatorname{acos}{\left(\operatorname{sech}{\left(\cos{\left(a_{8} + s \right)} \right)} \right)}\right)$,$y(s) = a_{13} + \left(- s - \sin{\left(\sin{\left(\sin{\left(a_{6} + s \right)} \right)} \right)}\right) \left(a_{1} \operatorname{acos}{\left(s \right)} + a_{14} + \left(a_{0} + a_{12} \left(a_{2} - 32 s\right) \left(- \sin{\left(4 \cos{\left(s \right)} \right)} + \operatorname{sech}{\left(s \right)}\right) + a_{12} \tanh{\left(8 s \right)} + a_{15} \sqrt{1 - \cos^{2}{\left(s \right)}} + a_{3} s \left(2 s - \tanh{\left(4 s \right)}\right) \left(s - \cos{\left(a_{11} s \right)} + 2\right) + a_{4} \left(32 \operatorname{asin}{\left(s \right)} + 64\right) \left(a_{5} + s \left(a_{10} + a_{9} s \left(a_{7} + s\right) \operatorname{acos}{\left(s \right)}\right) + s + \operatorname{sech}{\left(s \right)}\right)\right) \operatorname{acos}{\left(\operatorname{sech}{\left(\cos{\left(a_{8} + s \right)} \right)} \right)}\right)$,$y(s) = a_{13} + \left(- s - \sin{\left(\sin{\left(\sin{\left(a_{6} + s \right)} \right)} \right)}\right) \left(a_{1} \operatorname{acos}{\left(s \right)} + a_{14} + \left(a_{0} + a_{12} \left(a_{2} - 32 s\right) \left(- \sin{\left(4 \cos{\left(s \right)} \right)} + \operatorname{sech}{\left(s \right)}\right) + a_{12} \tanh{\left(8 s \right)} + a_{15} \sqrt{1 - \cos^{2}{\left(s \right)}} + a_{3} s \left(2 s - \tanh{\left(4 s \right)}\right) \left(s - \cos{\left(a_{11} s \right)} + 2\right) + a_{4} \left(32 \operatorname{asin}{\left(s \right)} + 64\right) \left(a_{5} + s \left(a_{10} + a_{9} s \left(a_{7} + s\right) \operatorname{acos}{\left(s \right)}\right) + s + \operatorname{sech}{\left(s \right)}\right)\right) \operatorname{acos}{\left(\operatorname{sech}{\left(\cos{\left(a_{8} + s \right)} \right)} \right)}\right)$
57,event65143_track55-hits,22,66,16,16,16,48,5,-9.814377413741463,6.891311293198667e-07,0.012607582604989828,4.4793523405791334e-05,0.8321004519293287,2.4885290780995185e-06,0.013640991015234897,-8.609142779595105,$y(s) = a_{13} + \left(- s - \sin{\left(\sin{\left(\sin{\left(a_{6} + s \right)} \right)} \right)}\right) \left(a_{1} \operatorname{acos}{\left(s \right)} + a_{14} + \left(a_{0} + a_{12} \left(a_{2} - 32 s\right) \left(- \sin{\left(4 \cos{\left(s \right)} \right)} + \operatorname{sech}{\left(s \right)}\right) + a_{12} \tanh{\left(8 s \right)} + a_{15} \sqrt{1 - \cos^{2}{\left(s \right)}} + a_{3} s \left(2 s - \tanh{\left(4 s \right)}\right) \left(s - \cos{\left(a_{11} s \right)} + 2\right) + a_{4} \left(32 \operatorname{asin}{\left(s \right)} + 64\right) \left(a_{5} + s \left(a_{10} + a_{9} s \left(a_{7} + s\right) \operatorname{acos}{\left(s \right)}\right) + s + \operatorname{sech}{\left(s \right)}\right)\right) \operatorname{acos}{\left(\operatorname{sech}{\left(\cos{\left(a_{8} + s \right)} \right)} \right)}\right)$,$y(s) = a_{13} + \left(- s - \sin{\left(\sin{\left(\sin{\left(a_{6} + s \right)} \right)} \right)}\right) \left(a_{1} \operatorname{acos}{\left(s \right)} + a_{14} + \left(a_{0} + a_{12} \left(a_{2} - 32 s\right) \left(- \sin{\left(4 \cos{\left(s \right)} \right)} + \operatorname{sech}{\left(s \right)}\right) + a_{12} \tanh{\left(8 s \right)} + a_{15} \sqrt{1 - \cos^{2}{\left(s \right)}} + a_{3} s \left(2 s - \tanh{\left(4 s \right)}\right) \left(s - \cos{\left(a_{11} s \right)} + 2\right) + a_{4} \left(32 \operatorname{asin}{\left(s \right)} + 64\right) \left(a_{5} + s \left(a_{10} + a_{9} s \left(a_{7} + s\right) \operatorname{acos}{\left(s \right)}\right) + s + \operatorname{sech}{\left(s \right)}\right)\right) \operatorname{acos}{\left(\operatorname{sech}{\left(\cos{\left(a_{8} + s \right)} \right)} \right)}\right)$,$y(s) = a_{13} + \left(- s - \sin{\left(\sin{\left(\sin{\left(a_{6} + s \right)} \right)} \right)}\right) \left(a_{1} \operatorname{acos}{\left(s \right)} + a_{14} + \left(a_{0} + a_{12} \left(a_{2} - 32 s\right) \left(- \sin{\left(4 \cos{\left(s \right)} \right)} + \operatorname{sech}{\left(s \right)}\right) + a_{12} \tanh{\left(8 s \right)} + a_{15} \sqrt{1 - \cos^{2}{\left(s \right)}} + a_{3} s \left(2 s - \tanh{\left(4 s \right)}\right) \left(s - \cos{\left(a_{11} s \right)} + 2\right) + a_{4} \left(32 \operatorname{asin}{\left(s \right)} + 64\right) \left(a_{5} + s \left(a_{10} + a_{9} s \left(a_{7} + s\right) \operatorname{acos}{\left(s \right)}\right) + s + \operatorname{sech}{\left(s \right)}\right)\right) \operatorname{acos}{\left(\operatorname{sech}{\left(\cos{\left(a_{8} + s \right)} \right)} \right)}\right)$
58,event65147_track8-hits,25,75,16,16,16,48,5,-12.083994638577128,4.885374472726963e-06,0.8647887866422312,0.00036151771098179525,64.85915899816735,1.3389544851177601e-05,0.9265594142595335,-11.144759282864237,$y(s) = a_{13} + \left(- s - \sin{\left(\sin{\left(\sin{\left(a_{6} + s \right)} \right)} \right)}\right) \left(a_{1} \operatorname{acos}{\left(s \right)} + a_{14} + \left(a_{0} + a_{12} \left(a_{2} - 32 s\right) \left(- \sin{\left(4 \cos{\left(s \right)} \right)} + \operatorname{sech}{\left(s \right)}\right) + a_{12} \tanh{\left(8 s \right)} + a_{15} \sqrt{1 - \cos^{2}{\left(s \right)}} + a_{3} s \left(2 s - \tanh{\left(4 s \right)}\right) \left(s - \cos{\left(a_{11} s \right)} + 2\right) + a_{4} \left(32 \operatorname{asin}{\left(s \right)} + 64\right) \left(a_{5} + s \left(a_{10} + a_{9} s \left(a_{7} + s\right) \operatorname{acos}{\left(s \right)}\right) + s + \operatorname{sech}{\left(s \right)}\right)\right) \operatorname{acos}{\left(\operatorname{sech}{\left(\cos{\left(a_{8} + s \right)} \right)} \right)}\right)$,$y(s) = a_{13} + \left(- s - \sin{\left(\sin{\left(\sin{\left(a_{6} + s \right)} \right)} \right)}\right) \left(a_{1} \operatorname{acos}{\left(s \right)} + a_{14} + \left(a_{0} + a_{12} \left(a_{2} - 32 s\right) \left(- \sin{\left(4 \cos{\left(s \right)} \right)} + \operatorname{sech}{\left(s \right)}\right) + a_{12} \tanh{\left(8 s \right)} + a_{15} \sqrt{1 - \cos^{2}{\left(s \right)}} + a_{3} s \left(2 s - \tanh{\left(4 s \right)}\right) \left(s - \cos{\left(a_{11} s \right)} + 2\right) + a_{4} \left(32 \operatorname{asin}{\left(s \right)} + 64\right) \left(a_{5} + s \left(a_{10} + a_{9} s \left(a_{7} + s\right) \operatorname{acos}{\left(s \right)}\right) + s + \operatorname{sech}{\left(s \right)}\right)\right) \operatorname{acos}{\left(\operatorname{sech}{\left(\cos{\left(a_{8} + s \right)} \right)} \right)}\right)$,$y(s) = a_{13} + \left(- s - \sin{\left(\sin{\left(\sin{\left(a_{6} + s \right)} \right)} \right)}\right) \left(a_{1} \operatorname{acos}{\left(s \right)} + a_{14} + \left(a_{0} + a_{12} \left(a_{2} - 32 s\right) \left(- \sin{\left(4 \cos{\left(s \right)} \right)} + \operatorname{sech}{\left(s \right)}\right) + a_{12} \tanh{\left(8 s \right)} + a_{15} \sqrt{1 - \cos^{2}{\left(s \right)}} + a_{3} s \left(2 s - \tanh{\left(4 s \right)}\right) \left(s - \cos{\left(a_{11} s \right)} + 2\right) + a_{4} \left(32 \operatorname{asin}{\left(s \right)} + 64\right) \left(a_{5} + s \left(a_{10} + a_{9} s \left(a_{7} + s\right) \operatorname{acos}{\left(s \right)}\right) + s + \operatorname{sech}{\left(s \right)}\right)\right) \operatorname{acos}{\left(\operatorname{sech}{\left(\cos{\left(a_{8} + s \right)} \right)} \right)}\right)$
59,event65148_track295-hits,25,75,16,16,16,48,5,-12.630647638229126,6.374925158024198e-08,0.01949376214349353,4.717444616937907e-06,1.4620321607620148,1.7472017099770026e-07,0.02088617372517164,-11.691412282516238,$y(s) = a_{13} + \left(- s - \sin{\left(\sin{\left(\sin{\left(a_{6} + s \right)} \right)} \right)}\right) \left(a_{1} \operatorname{acos}{\left(s \right)} + a_{14} + \left(a_{0} + a_{12} \left(a_{2} - 32 s\right) \left(- \sin{\left(4 \cos{\left(s \right)} \right)} + \operatorname{sech}{\left(s \right)}\right) + a_{12} \tanh{\left(8 s \right)} + a_{15} \sqrt{1 - \cos^{2}{\left(s \right)}} + a_{3} s \left(2 s - \tanh{\left(4 s \right)}\right) \left(s - \cos{\left(a_{11} s \right)} + 2\right) + a_{4} \left(32 \operatorname{asin}{\left(s \right)} + 64\right) \left(a_{5} + s \left(a_{10} + a_{9} s \left(a_{7} + s\right) \operatorname{acos}{\left(s \right)}\right) + s + \operatorname{sech}{\left(s \right)}\right)\right) \operatorname{acos}{\left(\operatorname{sech}{\left(\cos{\left(a_{8} + s \right)} \right)} \right)}\right)$,$y(s) = a_{13} + \left(- s - \sin{\left(\sin{\left(\sin{\left(a_{6} + s \right)} \right)} \right)}\right) \left(a_{1} \operatorname{acos}{\left(s \right)} + a_{14} + \left(a_{0} + a_{12} \left(a_{2} - 32 s\right) \left(- \sin{\left(4 \cos{\left(s \right)} \right)} + \operatorname{sech}{\left(s \right)}\right) + a_{12} \tanh{\left(8 s \right)} + a_{15} \sqrt{1 - \cos^{2}{\left(s \right)}} + a_{3} s \left(2 s - \tanh{\left(4 s \right)}\right) \left(s - \cos{\left(a_{11} s \right)} + 2\right) + a_{4} \left(32 \operatorname{asin}{\left(s \right)} + 64\right) \left(a_{5} + s \left(a_{10} + a_{9} s \left(a_{7} + s\right) \operatorname{acos}{\left(s \right)}\right) + s + \operatorname{sech}{\left(s \right)}\right)\right) \operatorname{acos}{\left(\operatorname{sech}{\left(\cos{\left(a_{8} + s \right)} \right)} \right)}\right)$,$y(s) = a_{13} + \left(- s - \sin{\left(\sin{\left(\sin{\left(a_{6} + s \right)} \right)} \right)}\right) \left(a_{1} \operatorname{acos}{\left(s \right)} + a_{14} + \left(a_{0} + a_{12} \left(a_{2} - 32 s\right) \left(- \sin{\left(4 \cos{\left(s \right)} \right)} + \operatorname{sech}{\left(s \right)}\right) + a_{12} \tanh{\left(8 s \right)} + a_{15} \sqrt{1 - \cos^{2}{\left(s \right)}} + a_{3} s \left(2 s - \tanh{\left(4 s \right)}\right) \left(s - \cos{\left(a_{11} s \right)} + 2\right) + a_{4} \left(32 \operatorname{asin}{\left(s \right)} + 64\right) \left(a_{5} + s \left(a_{10} + a_{9} s \left(a_{7} + s\right) \operatorname{acos}{\left(s \right)}\right) + s + \operatorname{sech}{\left(s \right)}\right)\right) \operatorname{acos}{\left(\operatorname{sech}{\left(\cos{\left(a_{8} + s \right)} \right)} \right)}\right)$
60,event65149_track282-hits,24,72,16,16,16,48,5,-10.894471838074956,5.006877593096781e-06,0.269759020819827,0.00035548830910987143,19.422649499027543,1.4812012879577977e-05,0.2898902910302618,-9.881819291006675,$y(s) = a_{13} + \left(- s - \sin{\left(\sin{\left(\sin{\left(a_{6} + s \right)} \right)} \right)}\right) \left(a_{1} \operatorname{acos}{\left(s \right)} + a_{14} + \left(a_{0} + a_{12} \left(a_{2} - 32 s\right) \left(- \sin{\left(4 \cos{\left(s \right)} \right)} + \operatorname{sech}{\left(s \right)}\right) + a_{12} \tanh{\left(8 s \right)} + a_{15} \sqrt{1 - \cos^{2}{\left(s \right)}} + a_{3} s \left(2 s - \tanh{\left(4 s \right)}\right) \left(s - \cos{\left(a_{11} s \right)} + 2\right) + a_{4} \left(32 \operatorname{asin}{\left(s \right)} + 64\right) \left(a_{5} + s \left(a_{10} + a_{9} s \left(a_{7} + s\right) \operatorname{acos}{\left(s \right)}\right) + s + \operatorname{sech}{\left(s \right)}\right)\right) \operatorname{acos}{\left(\operatorname{sech}{\left(\cos{\left(a_{8} + s \right)} \right)} \right)}\right)$,$y(s) = a_{13} + \left(- s - \sin{\left(\sin{\left(\sin{\left(a_{6} + s \right)} \right)} \right)}\right) \left(a_{1} \operatorname{acos}{\left(s \right)} + a_{14} + \left(a_{0} + a_{12} \left(a_{2} - 32 s\right) \left(- \sin{\left(4 \cos{\left(s \right)} \right)} + \operatorname{sech}{\left(s \right)}\right) + a_{12} \tanh{\left(8 s \right)} + a_{15} \sqrt{1 - \cos^{2}{\left(s \right)}} + a_{3} s \left(2 s - \tanh{\left(4 s \right)}\right) \left(s - \cos{\left(a_{11} s \right)} + 2\right) + a_{4} \left(32 \operatorname{asin}{\left(s \right)} + 64\right) \left(a_{5} + s \left(a_{10} + a_{9} s \left(a_{7} + s\right) \operatorname{acos}{\left(s \right)}\right) + s + \operatorname{sech}{\left(s \right)}\right)\right) \operatorname{acos}{\left(\operatorname{sech}{\left(\cos{\left(a_{8} + s \right)} \right)} \right)}\right)$,$y(s) = a_{13} + \left(- s - \sin{\left(\sin{\left(\sin{\left(a_{6} + s \right)} \right)} \right)}\right) \left(a_{1} \operatorname{acos}{\left(s \right)} + a_{14} + \left(a_{0} + a_{12} \left(a_{2} - 32 s\right) \left(- \sin{\left(4 \cos{\left(s \right)} \right)} + \operatorname{sech}{\left(s \right)}\right) + a_{12} \tanh{\left(8 s \right)} + a_{15} \sqrt{1 - \cos^{2}{\left(s \right)}} + a_{3} s \left(2 s - \tanh{\left(4 s \right)}\right) \left(s - \cos{\left(a_{11} s \right)} + 2\right) + a_{4} \left(32 \operatorname{asin}{\left(s \right)} + 64\right) \left(a_{5} + s \left(a_{10} + a_{9} s \left(a_{7} + s\right) \operatorname{acos}{\left(s \right)}\right) + s + \operatorname{sech}{\left(s \right)}\right)\right) \operatorname{acos}{\left(\operatorname{sech}{\left(\cos{\left(a_{8} + s \right)} \right)} \right)}\right)$
61,event65150_track241-hits,25,75,16,16,16,48,5,-14.232598628761822,1.4672132467501423e-07,0.22265491529551681,1.0857378025951053e-05,16.69911864716376,4.0212511207226125e-07,0.23855883781662515,-13.293363273048932,$y(s) = a_{13} + \left(- s - \sin{\left(\sin{\left(\sin{\left(a_{6} + s \right)} \right)} \right)}\right) \left(a_{1} \operatorname{acos}{\left(s \right)} + a_{14} + \left(a_{0} + a_{12} \left(a_{2} - 32 s\right) \left(- \sin{\left(4 \cos{\left(s \right)} \right)} + \operatorname{sech}{\left(s \right)}\right) + a_{12} \tanh{\left(8 s \right)} + a_{15} \sqrt{1 - \cos^{2}{\left(s \right)}} + a_{3} s \left(2 s - \tanh{\left(4 s \right)}\right) \left(s - \cos{\left(a_{11} s \right)} + 2\right) + a_{4} \left(32 \operatorname{asin}{\left(s \right)} + 64\right) \left(a_{5} + s \left(a_{10} + a_{9} s \left(a_{7} + s\right) \operatorname{acos}{\left(s \right)}\right) + s + \operatorname{sech}{\left(s \right)}\right)\right) \operatorname{acos}{\left(\operatorname{sech}{\left(\cos{\left(a_{8} + s \right)} \right)} \right)}\right)$,$y(s) = a_{13} + \left(- s - \sin{\left(\sin{\left(\sin{\left(a_{6} + s \right)} \right)} \right)}\right) \left(a_{1} \operatorname{acos}{\left(s \right)} + a_{14} + \left(a_{0} + a_{12} \left(a_{2} - 32 s\right) \left(- \sin{\left(4 \cos{\left(s \right)} \right)} + \operatorname{sech}{\left(s \right)}\right) + a_{12} \tanh{\left(8 s \right)} + a_{15} \sqrt{1 - \cos^{2}{\left(s \right)}} + a_{3} s \left(2 s - \tanh{\left(4 s \right)}\right) \left(s - \cos{\left(a_{11} s \right)} + 2\right) + a_{4} \left(32 \operatorname{asin}{\left(s \right)} + 64\right) \left(a_{5} + s \left(a_{10} + a_{9} s \left(a_{7} + s\right) \operatorname{acos}{\left(s \right)}\right) + s + \operatorname{sech}{\left(s \right)}\right)\right) \operatorname{acos}{\left(\operatorname{sech}{\left(\cos{\left(a_{8} + s \right)} \right)} \right)}\right)$,$y(s) = a_{13} + \left(- s - \sin{\left(\sin{\left(\sin{\left(a_{6} + s \right)} \right)} \right)}\right) \left(a_{1} \operatorname{acos}{\left(s \right)} + a_{14} + \left(a_{0} + a_{12} \left(a_{2} - 32 s\right) \left(- \sin{\left(4 \cos{\left(s \right)} \right)} + \operatorname{sech}{\left(s \right)}\right) + a_{12} \tanh{\left(8 s \right)} + a_{15} \sqrt{1 - \cos^{2}{\left(s \right)}} + a_{3} s \left(2 s - \tanh{\left(4 s \right)}\right) \left(s - \cos{\left(a_{11} s \right)} + 2\right) + a_{4} \left(32 \operatorname{asin}{\left(s \right)} + 64\right) \left(a_{5} + s \left(a_{10} + a_{9} s \left(a_{7} + s\right) \operatorname{acos}{\left(s \right)}\right) + s + \operatorname{sech}{\left(s \right)}\right)\right) \operatorname{acos}{\left(\operatorname{sech}{\left(\cos{\left(a_{8} + s \right)} \right)} \right)}\right)$
62,event65153_track207-hits,25,75,21,21,16,58,5,-7.76010342619209,0.0010245987280934781,2.402834779266569,0.07582030587891739,180.21260844499267,0.004460017992877493,2.574465834928467,-6.358244548531087,$x(s) = a_{14} \sin{\left(\cos{\left(a_{12} s + 3.19564213142574 \right)} \right)} + a_{16} + a_{6} \cos{\left(a_{17} s \right)} + a_{7} \sin{\left(a_{18} s \right)} + \left(a_{15} s + 4.98154578530752\right) \left(4 s \left(a_{1} s \operatorname{asin}{\left(\operatorname{asin}{\left(\tanh{\left(s \right)} \right)} \right)} + a_{10} s \left(s + 0.0134870156781597\right) \left(a_{11} - 0.017503085789641 s \tanh{\left(\sin{\left(4 s \right)} \right)} - 0.450614826294794 \sqrt{1 - s^{2}}\right) + a_{2} \sqrt{\sqrt{s} + \operatorname{asin}{\left(s \right)}} + a_{9}\right) + \left(a_{3} + 4 s\right) \left(a_{4} + a_{5} \sqrt{s} + a_{8} \sin{\left(a_{13} s \right)}\right) - \tanh{\left(\operatorname{asin}{\left(\operatorname{sech}{\left(5.6839434852917 s \right)} \right)} \right)}\right) + 0.000668810464601903 \sin{\left(a_{19} s \right)} + 0.00289842149959624 \sin{\left(s \left(a_{0} + \operatorname{acos}{\left(s \right)}\right) \right)} + 0.000623964504492596 \cos{\left(a_{20} s \right)} - 0.49633536500747 \operatorname{asin}{\left(\cos{\left(\operatorname{acos}{\left(s \right)} - 0.802742285270038 \right)} \right)}$,$y(s) = a_{14} \sin{\left(\cos{\left(a_{10} + 4.30674369656515 s \right)} \right)} + a_{16} + a_{4} \cos{\left(a_{20} s \right)} + a_{5} \sin{\left(a_{19} s \right)} + \left(a_{11} + a_{15} s\right) \left(4 s \left(a_{1} s \operatorname{asin}{\left(\operatorname{asin}{\left(\tanh{\left(s \right)} \right)} \right)} + a_{8} + a_{9} s \left(a_{7} + s\right) \left(a_{12} - 0.0163348612181324 s \tanh{\left(\sin{\left(4 s \right)} \right)} - 0.455016066205459 \sqrt{1 - s^{2}}\right) - 5.80207456348123 \sqrt{\sqrt{s} + \operatorname{asin}{\left(s \right)}}\right) + \left(a_{2} + 4 s\right) \left(a_{6} \sin{\left(a_{13} s \right)} + 0.603433259507675 \sqrt{s} + 2.67458549611742\right) - \tanh{\left(\operatorname{asin}{\left(\operatorname{sech}{\left(5.65077849988401 s \right)} \right)} \right)}\right) - 0.000334426650014709 \sin{\left(a_{18} s \right)} + 0.00278916735581463 \sin{\left(s \left(a_{0} + \operatorname{acos}{\left(s \right)}\right) \right)} + 0.00373359883408793 \cos{\left(a_{17} s \right)} - 0.479013271010752 \operatorname{asin}{\left(\cos{\left(a_{3} + \operatorname{acos}{\left(s \right)} \right)} \right)}$,$y(s) = a_{13} + \left(- s - \sin{\left(\sin{\left(\sin{\left(a_{6} + s \right)} \right)} \right)}\right) \left(a_{1} \operatorname{acos}{\left(s \right)} + a_{14} + \left(a_{0} + a_{12} \left(a_{2} - 32 s\right) \left(- \sin{\left(4 \cos{\left(s \right)} \right)} + \operatorname{sech}{\left(s \right)}\right) + a_{12} \tanh{\left(8 s \right)} + a_{15} \sqrt{1 - \cos^{2}{\left(s \right)}} + a_{3} s \left(2 s - \tanh{\left(4 s \right)}\right) \left(s - \cos{\left(a_{11} s \right)} + 2\right) + a_{4} \left(32 \operatorname{asin}{\left(s \right)} + 64\right) \left(a_{5} + s \left(a_{10} + a_{9} s \left(a_{7} + s\right) \operatorname{acos}{\left(s \right)}\right) + s + \operatorname{sech}{\left(s \right)}\right)\right) \operatorname{acos}{\left(\operatorname{sech}{\left(\cos{\left(a_{8} + s \right)} \right)} \right)}\right)$
63,event65154_track83-hits,25,75,16,16,16,48,5,-12.144304864918483,2.1557879375492486e-07,0.040533175297429454,1.595283073786444e-05,3.0399881473072092,5.908455828838682e-07,0.043428402104388704,-11.205069509205593,$y(s) = a_{13} + \left(- s - \sin{\left(\sin{\left(\sin{\left(a_{6} + s \right)} \right)} \right)}\right) \left(a_{1} \operatorname{acos}{\left(s \right)} + a_{14} + \left(a_{0} + a_{12} \left(a_{2} - 32 s\right) \left(- \sin{\left(4 \cos{\left(s \right)} \right)} + \operatorname{sech}{\left(s \right)}\right) + a_{12} \tanh{\left(8 s \right)} + a_{15} \sqrt{1 - \cos^{2}{\left(s \right)}} + a_{3} s \left(2 s - \tanh{\left(4 s \right)}\right) \left(s - \cos{\left(a_{11} s \right)} + 2\right) + a_{4} \left(32 \operatorname{asin}{\left(s \right)} + 64\right) \left(a_{5} + s \left(a_{10} + a_{9} s \left(a_{7} + s\right) \operatorname{acos}{\left(s \right)}\right) + s + \operatorname{sech}{\left(s \right)}\right)\right) \operatorname{acos}{\left(\operatorname{sech}{\left(\cos{\left(a_{8} + s \right)} \right)} \right)}\right)$,$y(s) = a_{13} + \left(- s - \sin{\left(\sin{\left(\sin{\left(a_{6} + s \right)} \right)} \right)}\right) \left(a_{1} \operatorname{acos}{\left(s \right)} + a_{14} + \left(a_{0} + a_{12} \left(a_{2} - 32 s\right) \left(- \sin{\left(4 \cos{\left(s \right)} \right)} + \operatorname{sech}{\left(s \right)}\right) + a_{12} \tanh{\left(8 s \right)} + a_{15} \sqrt{1 - \cos^{2}{\left(s \right)}} + a_{3} s \left(2 s - \tanh{\left(4 s \right)}\right) \left(s - \cos{\left(a_{11} s \right)} + 2\right) + a_{4} \left(32 \operatorname{asin}{\left(s \right)} + 64\right) \left(a_{5} + s \left(a_{10} + a_{9} s \left(a_{7} + s\right) \operatorname{acos}{\left(s \right)}\right) + s + \operatorname{sech}{\left(s \right)}\right)\right) \operatorname{acos}{\left(\operatorname{sech}{\left(\cos{\left(a_{8} + s \right)} \right)} \right)}\right)$,$y(s) = a_{13} + \left(- s - \sin{\left(\sin{\left(\sin{\left(a_{6} + s \right)} \right)} \right)}\right) \left(a_{1} \operatorname{acos}{\left(s \right)} + a_{14} + \left(a_{0} + a_{12} \left(a_{2} - 32 s\right) \left(- \sin{\left(4 \cos{\left(s \right)} \right)} + \operatorname{sech}{\left(s \right)}\right) + a_{12} \tanh{\left(8 s \right)} + a_{15} \sqrt{1 - \cos^{2}{\left(s \right)}} + a_{3} s \left(2 s - \tanh{\left(4 s \right)}\right) \left(s - \cos{\left(a_{11} s \right)} + 2\right) + a_{4} \left(32 \operatorname{asin}{\left(s \right)} + 64\right) \left(a_{5} + s \left(a_{10} + a_{9} s \left(a_{7} + s\right) \operatorname{acos}{\left(s \right)}\right) + s + \operatorname{sech}{\left(s \right)}\right)\right) \operatorname{acos}{\left(\operatorname{sech}{\left(\cos{\left(a_{8} + s \right)} \right)} \right)}\right)$
64,event65157_track195-hits,25,75,16,16,16,48,5,-10.877993893453475,3.532122261322954e-05,1.8719250239591705,0.0026137704733789863,140.3943767969378,9.680631382885134e-05,2.0056339542419686,-9.938758537740586,$y(s) = a_{13} + \left(- s - \sin{\left(\sin{\left(\sin{\left(a_{6} + s \right)} \right)} \right)}\right) \left(a_{1} \operatorname{acos}{\left(s \right)} + a_{14} + \left(a_{0} + a_{12} \left(a_{2} - 32 s\right) \left(- \sin{\left(4 \cos{\left(s \right)} \right)} + \operatorname{sech}{\left(s \right)}\right) + a_{12} \tanh{\left(8 s \right)} + a_{15} \sqrt{1 - \cos^{2}{\left(s \right)}} + a_{3} s \left(2 s - \tanh{\left(4 s \right)}\right) \left(s - \cos{\left(a_{11} s \right)} + 2\right) + a_{4} \left(32 \operatorname{asin}{\left(s \right)} + 64\right) \left(a_{5} + s \left(a_{10} + a_{9} s \left(a_{7} + s\right) \operatorname{acos}{\left(s \right)}\right) + s + \operatorname{sech}{\left(s \right)}\right)\right) \operatorname{acos}{\left(\operatorname{sech}{\left(\cos{\left(a_{8} + s \right)} \right)} \right)}\right)$,$y(s) = a_{13} + \left(- s - \sin{\left(\sin{\left(\sin{\left(a_{6} + s \right)} \right)} \right)}\right) \left(a_{1} \operatorname{acos}{\left(s \right)} + a_{14} + \left(a_{0} + a_{12} \left(a_{2} - 32 s\right) \left(- \sin{\left(4 \cos{\left(s \right)} \right)} + \operatorname{sech}{\left(s \right)}\right) + a_{12} \tanh{\left(8 s \right)} + a_{15} \sqrt{1 - \cos^{2}{\left(s \right)}} + a_{3} s \left(2 s - \tanh{\left(4 s \right)}\right) \left(s - \cos{\left(a_{11} s \right)} + 2\right) + a_{4} \left(32 \operatorname{asin}{\left(s \right)} + 64\right) \left(a_{5} + s \left(a_{10} + a_{9} s \left(a_{7} + s\right) \operatorname{acos}{\left(s \right)}\right) + s + \operatorname{sech}{\left(s \right)}\right)\right) \operatorname{acos}{\left(\operatorname{sech}{\left(\cos{\left(a_{8} + s \right)} \right)} \right)}\right)$,$y(s) = a_{13} + \left(- s - \sin{\left(\sin{\left(\sin{\left(a_{6} + s \right)} \right)} \right)}\right) \left(a_{1} \operatorname{acos}{\left(s \right)} + a_{14} + \left(a_{0} + a_{12} \left(a_{2} - 32 s\right) \left(- \sin{\left(4 \cos{\left(s \right)} \right)} + \operatorname{sech}{\left(s \right)}\right) + a_{12} \tanh{\left(8 s \right)} + a_{15} \sqrt{1 - \cos^{2}{\left(s \right)}} + a_{3} s \left(2 s - \tanh{\left(4 s \right)}\right) \left(s - \cos{\left(a_{11} s \right)} + 2\right) + a_{4} \left(32 \operatorname{asin}{\left(s \right)} + 64\right) \left(a_{5} + s \left(a_{10} + a_{9} s \left(a_{7} + s\right) \operatorname{acos}{\left(s \right)}\right) + s + \operatorname{sech}{\left(s \right)}\right)\right) \operatorname{acos}{\left(\operatorname{sech}{\left(\cos{\left(a_{8} + s \right)} \right)} \right)}\right)$
65,event65159_track93-hits,25,75,16,21,16,53,5,-10.035742516588057,4.619717095097836e-05,1.054588369824604,0.0034185906503723987,79.0941277368453,0.0001553904841078363,1.1299161105263613,-8.891712748229155,$y(s) = a_{13} + \left(- s - \sin{\left(\sin{\left(\sin{\left(a_{6} + s \right)} \right)} \right)}\right) \left(a_{1} \operatorname{acos}{\left(s \right)} + a_{14} + \left(a_{0} + a_{12} \left(a_{2} - 32 s\right) \left(- \sin{\left(4 \cos{\left(s \right)} \right)} + \operatorname{sech}{\left(s \right)}\right) + a_{12} \tanh{\left(8 s \right)} + a_{15} \sqrt{1 - \cos^{2}{\left(s \right)}} + a_{3} s \left(2 s - \tanh{\left(4 s \right)}\right) \left(s - \cos{\left(a_{11} s \right)} + 2\right) + a_{4} \left(32 \operatorname{asin}{\left(s \right)} + 64\right) \left(a_{5} + s \left(a_{10} + a_{9} s \left(a_{7} + s\right) \operatorname{acos}{\left(s \right)}\right) + s + \operatorname{sech}{\left(s \right)}\right)\right) \operatorname{acos}{\left(\operatorname{sech}{\left(\cos{\left(a_{8} + s \right)} \right)} \right)}\right)$,$y(s) = a_{14} \sin{\left(\cos{\left(a_{10} + 4.30674369656515 s \right)} \right)} + a_{16} + a_{4} \cos{\left(a_{20} s \right)} + a_{5} \sin{\left(a_{19} s \right)} + \left(a_{11} + a_{15} s\right) \left(4 s \left(a_{1} s \operatorname{asin}{\left(\operatorname{asin}{\left(\tanh{\left(s \right)} \right)} \right)} + a_{8} + a_{9} s \left(a_{7} + s\right) \left(a_{12} - 0.0163348612181324 s \tanh{\left(\sin{\left(4 s \right)} \right)} - 0.455016066205459 \sqrt{1 - s^{2}}\right) - 5.80207456348123 \sqrt{\sqrt{s} + \operatorname{asin}{\left(s \right)}}\right) + \left(a_{2} + 4 s\right) \left(a_{6} \sin{\left(a_{13} s \right)} + 0.603433259507675 \sqrt{s} + 2.67458549611742\right) - \tanh{\left(\operatorname{asin}{\left(\operatorname{sech}{\left(5.65077849988401 s \right)} \right)} \right)}\right) - 0.000334426650014709 \sin{\left(a_{18} s \right)} + 0.00278916735581463 \sin{\left(s \left(a_{0} + \operatorname{acos}{\left(s \right)}\right) \right)} + 0.00373359883408793 \cos{\left(a_{17} s \right)} - 0.479013271010752 \operatorname{asin}{\left(\cos{\left(a_{3} + \operatorname{acos}{\left(s \right)} \right)} \right)}$,$y(s) = a_{13} + \left(- s - \sin{\left(\sin{\left(\sin{\left(a_{6} + s \right)} \right)} \right)}\right) \left(a_{1} \operatorname{acos}{\left(s \right)} + a_{14} + \left(a_{0} + a_{12} \left(a_{2} - 32 s\right) \left(- \sin{\left(4 \cos{\left(s \right)} \right)} + \operatorname{sech}{\left(s \right)}\right) + a_{12} \tanh{\left(8 s \right)} + a_{15} \sqrt{1 - \cos^{2}{\left(s \right)}} + a_{3} s \left(2 s - \tanh{\left(4 s \right)}\right) \left(s - \cos{\left(a_{11} s \right)} + 2\right) + a_{4} \left(32 \operatorname{asin}{\left(s \right)} + 64\right) \left(a_{5} + s \left(a_{10} + a_{9} s \left(a_{7} + s\right) \operatorname{acos}{\left(s \right)}\right) + s + \operatorname{sech}{\left(s \right)}\right)\right) \operatorname{acos}{\left(\operatorname{sech}{\left(\cos{\left(a_{8} + s \right)} \right)} \right)}\right)$
66,event65164_track0-hits,25,75,16,16,16,48,5,-7.918363520889598,3.115084619355028e-05,0.08557983234083866,0.0023051626183227206,6.418487425562899,8.537639327121188e-05,0.09169267750804141,-6.979128165176709,$y(s) = a_{13} + \left(- s - \sin{\left(\sin{\left(\sin{\left(a_{6} + s \right)} \right)} \right)}\right) \left(a_{1} \operatorname{acos}{\left(s \right)} + a_{14} + \left(a_{0} + a_{12} \left(a_{2} - 32 s\right) \left(- \sin{\left(4 \cos{\left(s \right)} \right)} + \operatorname{sech}{\left(s \right)}\right) + a_{12} \tanh{\left(8 s \right)} + a_{15} \sqrt{1 - \cos^{2}{\left(s \right)}} + a_{3} s \left(2 s - \tanh{\left(4 s \right)}\right) \left(s - \cos{\left(a_{11} s \right)} + 2\right) + a_{4} \left(32 \operatorname{asin}{\left(s \right)} + 64\right) \left(a_{5} + s \left(a_{10} + a_{9} s \left(a_{7} + s\right) \operatorname{acos}{\left(s \right)}\right) + s + \operatorname{sech}{\left(s \right)}\right)\right) \operatorname{acos}{\left(\operatorname{sech}{\left(\cos{\left(a_{8} + s \right)} \right)} \right)}\right)$,$y(s) = a_{13} + \left(- s - \sin{\left(\sin{\left(\sin{\left(a_{6} + s \right)} \right)} \right)}\right) \left(a_{1} \operatorname{acos}{\left(s \right)} + a_{14} + \left(a_{0} + a_{12} \left(a_{2} - 32 s\right) \left(- \sin{\left(4 \cos{\left(s \right)} \right)} + \operatorname{sech}{\left(s \right)}\right) + a_{12} \tanh{\left(8 s \right)} + a_{15} \sqrt{1 - \cos^{2}{\left(s \right)}} + a_{3} s \left(2 s - \tanh{\left(4 s \right)}\right) \left(s - \cos{\left(a_{11} s \right)} + 2\right) + a_{4} \left(32 \operatorname{asin}{\left(s \right)} + 64\right) \left(a_{5} + s \left(a_{10} + a_{9} s \left(a_{7} + s\right) \operatorname{acos}{\left(s \right)}\right) + s + \operatorname{sech}{\left(s \right)}\right)\right) \operatorname{acos}{\left(\operatorname{sech}{\left(\cos{\left(a_{8} + s \right)} \right)} \right)}\right)$,$y(s) = a_{13} + \left(- s - \sin{\left(\sin{\left(\sin{\left(a_{6} + s \right)} \right)} \right)}\right) \left(a_{1} \operatorname{acos}{\left(s \right)} + a_{14} + \left(a_{0} + a_{12} \left(a_{2} - 32 s\right) \left(- \sin{\left(4 \cos{\left(s \right)} \right)} + \operatorname{sech}{\left(s \right)}\right) + a_{12} \tanh{\left(8 s \right)} + a_{15} \sqrt{1 - \cos^{2}{\left(s \right)}} + a_{3} s \left(2 s - \tanh{\left(4 s \right)}\right) \left(s - \cos{\left(a_{11} s \right)} + 2\right) + a_{4} \left(32 \operatorname{asin}{\left(s \right)} + 64\right) \left(a_{5} + s \left(a_{10} + a_{9} s \left(a_{7} + s\right) \operatorname{acos}{\left(s \right)}\right) + s + \operatorname{sech}{\left(s \right)}\right)\right) \operatorname{acos}{\left(\operatorname{sech}{\left(\cos{\left(a_{8} + s \right)} \right)} \right)}\right)$
67,event65165_track106-hits,25,75,16,16,16,48,5,-16.46846547728075,4.3084005129577613e-08,0.6116172857788689,3.1882163795887434e-06,45.87129643341517,1.1808208813291642e-07,0.6553042347630739,-15.529230121567858,$y(s) = a_{13} + \left(- s - \sin{\left(\sin{\left(\sin{\left(a_{6} + s \right)} \right)} \right)}\right) \left(a_{1} \operatorname{acos}{\left(s \right)} + a_{14} + \left(a_{0} + a_{12} \left(a_{2} - 32 s\right) \left(- \sin{\left(4 \cos{\left(s \right)} \right)} + \operatorname{sech}{\left(s \right)}\right) + a_{12} \tanh{\left(8 s \right)} + a_{15} \sqrt{1 - \cos^{2}{\left(s \right)}} + a_{3} s \left(2 s - \tanh{\left(4 s \right)}\right) \left(s - \cos{\left(a_{11} s \right)} + 2\right) + a_{4} \left(32 \operatorname{asin}{\left(s \right)} + 64\right) \left(a_{5} + s \left(a_{10} + a_{9} s \left(a_{7} + s\right) \operatorname{acos}{\left(s \right)}\right) + s + \operatorname{sech}{\left(s \right)}\right)\right) \operatorname{acos}{\left(\operatorname{sech}{\left(\cos{\left(a_{8} + s \right)} \right)} \right)}\right)$,$y(s) = a_{13} + \left(- s - \sin{\left(\sin{\left(\sin{\left(a_{6} + s \right)} \right)} \right)}\right) \left(a_{1} \operatorname{acos}{\left(s \right)} + a_{14} + \left(a_{0} + a_{12} \left(a_{2} - 32 s\right) \left(- \sin{\left(4 \cos{\left(s \right)} \right)} + \operatorname{sech}{\left(s \right)}\right) + a_{12} \tanh{\left(8 s \right)} + a_{15} \sqrt{1 - \cos^{2}{\left(s \right)}} + a_{3} s \left(2 s - \tanh{\left(4 s \right)}\right) \left(s - \cos{\left(a_{11} s \right)} + 2\right) + a_{4} \left(32 \operatorname{asin}{\left(s \right)} + 64\right) \left(a_{5} + s \left(a_{10} + a_{9} s \left(a_{7} + s\right) \operatorname{acos}{\left(s \right)}\right) + s + \operatorname{sech}{\left(s \right)}\right)\right) \operatorname{acos}{\left(\operatorname{sech}{\left(\cos{\left(a_{8} + s \right)} \right)} \right)}\right)$,$y(s) = a_{13} + \left(- s - \sin{\left(\sin{\left(\sin{\left(a_{6} + s \right)} \right)} \right)}\right) \left(a_{1} \operatorname{acos}{\left(s \right)} + a_{14} + \left(a_{0} + a_{12} \left(a_{2} - 32 s\right) \left(- \sin{\left(4 \cos{\left(s \right)} \right)} + \operatorname{sech}{\left(s \right)}\right) + a_{12} \tanh{\left(8 s \right)} + a_{15} \sqrt{1 - \cos^{2}{\left(s \right)}} + a_{3} s \left(2 s - \tanh{\left(4 s \right)}\right) \left(s - \cos{\left(a_{11} s \right)} + 2\right) + a_{4} \left(32 \operatorname{asin}{\left(s \right)} + 64\right) \left(a_{5} + s \left(a_{10} + a_{9} s \left(a_{7} + s\right) \operatorname{acos}{\left(s \right)}\right) + s + \operatorname{sech}{\left(s \right)}\right)\right) \operatorname{acos}{\left(\operatorname{sech}{\left(\cos{\left(a_{8} + s \right)} \right)} \right)}\right)$
68,event65168_track27-hits,25,75,16,16,16,48,5,-11.651416386302223,9.758829591327651e-05,11.208398861822973,0.007221533897582462,840.629914636723,0.00026746421842898006,12.008998780524614,-10.712181030589335,$y(s) = a_{13} + \left(- s - \sin{\left(\sin{\left(\sin{\left(a_{6} + s \right)} \right)} \right)}\right) \left(a_{1} \operatorname{acos}{\left(s \right)} + a_{14} + \left(a_{0} + a_{12} \left(a_{2} - 32 s\right) \left(- \sin{\left(4 \cos{\left(s \right)} \right)} + \operatorname{sech}{\left(s \right)}\right) + a_{12} \tanh{\left(8 s \right)} + a_{15} \sqrt{1 - \cos^{2}{\left(s \right)}} + a_{3} s \left(2 s - \tanh{\left(4 s \right)}\right) \left(s - \cos{\left(a_{11} s \right)} + 2\right) + a_{4} \left(32 \operatorname{asin}{\left(s \right)} + 64\right) \left(a_{5} + s \left(a_{10} + a_{9} s \left(a_{7} + s\right) \operatorname{acos}{\left(s \right)}\right) + s + \operatorname{sech}{\left(s \right)}\right)\right) \operatorname{acos}{\left(\operatorname{sech}{\left(\cos{\left(a_{8} + s \right)} \right)} \right)}\right)$,$y(s) = a_{13} + \left(- s - \sin{\left(\sin{\left(\sin{\left(a_{6} + s \right)} \right)} \right)}\right) \left(a_{1} \operatorname{acos}{\left(s \right)} + a_{14} + \left(a_{0} + a_{12} \left(a_{2} - 32 s\right) \left(- \sin{\left(4 \cos{\left(s \right)} \right)} + \operatorname{sech}{\left(s \right)}\right) + a_{12} \tanh{\left(8 s \right)} + a_{15} \sqrt{1 - \cos^{2}{\left(s \right)}} + a_{3} s \left(2 s - \tanh{\left(4 s \right)}\right) \left(s - \cos{\left(a_{11} s \right)} + 2\right) + a_{4} \left(32 \operatorname{asin}{\left(s \right)} + 64\right) \left(a_{5} + s \left(a_{10} + a_{9} s \left(a_{7} + s\right) \operatorname{acos}{\left(s \right)}\right) + s + \operatorname{sech}{\left(s \right)}\right)\right) \operatorname{acos}{\left(\operatorname{sech}{\left(\cos{\left(a_{8} + s \right)} \right)} \right)}\right)$,$y(s) = a_{13} + \left(- s - \sin{\left(\sin{\left(\sin{\left(a_{6} + s \right)} \right)} \right)}\right) \left(a_{1} \operatorname{acos}{\left(s \right)} + a_{14} + \left(a_{0} + a_{12} \left(a_{2} - 32 s\right) \left(- \sin{\left(4 \cos{\left(s \right)} \right)} + \operatorname{sech}{\left(s \right)}\right) + a_{12} \tanh{\left(8 s \right)} + a_{15} \sqrt{1 - \cos^{2}{\left(s \right)}} + a_{3} s \left(2 s - \tanh{\left(4 s \right)}\right) \left(s - \cos{\left(a_{11} s \right)} + 2\right) + a_{4} \left(32 \operatorname{asin}{\left(s \right)} + 64\right) \left(a_{5} + s \left(a_{10} + a_{9} s \left(a_{7} + s\right) \operatorname{acos}{\left(s \right)}\right) + s + \operatorname{sech}{\left(s \right)}\right)\right) \operatorname{acos}{\left(\operatorname{sech}{\left(\cos{\left(a_{8} + s \right)} \right)} \right)}\right)$
69,event65171_track15-hits,24,72,16,16,16,48,5,-13.549037008159956,6.385379813277946e-06,4.891687926425356,0.00045336196674273415,352.20153070262563,1.8890081947613924e-05,5.256739264218293,-12.536384461091675,$y(s) = a_{13} + \left(- s - \sin{\left(\sin{\left(\sin{\left(a_{6} + s \right)} \right)} \right)}\right) \left(a_{1} \operatorname{acos}{\left(s \right)} + a_{14} + \left(a_{0} + a_{12} \left(a_{2} - 32 s\right) \left(- \sin{\left(4 \cos{\left(s \right)} \right)} + \operatorname{sech}{\left(s \right)}\right) + a_{12} \tanh{\left(8 s \right)} + a_{15} \sqrt{1 - \cos^{2}{\left(s \right)}} + a_{3} s \left(2 s - \tanh{\left(4 s \right)}\right) \left(s - \cos{\left(a_{11} s \right)} + 2\right) + a_{4} \left(32 \operatorname{asin}{\left(s \right)} + 64\right) \left(a_{5} + s \left(a_{10} + a_{9} s \left(a_{7} + s\right) \operatorname{acos}{\left(s \right)}\right) + s + \operatorname{sech}{\left(s \right)}\right)\right) \operatorname{acos}{\left(\operatorname{sech}{\left(\cos{\left(a_{8} + s \right)} \right)} \right)}\right)$,$y(s) = a_{13} + \left(- s - \sin{\left(\sin{\left(\sin{\left(a_{6} + s \right)} \right)} \right)}\right) \left(a_{1} \operatorname{acos}{\left(s \right)} + a_{14} + \left(a_{0} + a_{12} \left(a_{2} - 32 s\right) \left(- \sin{\left(4 \cos{\left(s \right)} \right)} + \operatorname{sech}{\left(s \right)}\right) + a_{12} \tanh{\left(8 s \right)} + a_{15} \sqrt{1 - \cos^{2}{\left(s \right)}} + a_{3} s \left(2 s - \tanh{\left(4 s \right)}\right) \left(s - \cos{\left(a_{11} s \right)} + 2\right) + a_{4} \left(32 \operatorname{asin}{\left(s \right)} + 64\right) \left(a_{5} + s \left(a_{10} + a_{9} s \left(a_{7} + s\right) \operatorname{acos}{\left(s \right)}\right) + s + \operatorname{sech}{\left(s \right)}\right)\right) \operatorname{acos}{\left(\operatorname{sech}{\left(\cos{\left(a_{8} + s \right)} \right)} \right)}\right)$,$y(s) = a_{13} + \left(- s - \sin{\left(\sin{\left(\sin{\left(a_{6} + s \right)} \right)} \right)}\right) \left(a_{1} \operatorname{acos}{\left(s \right)} + a_{14} + \left(a_{0} + a_{12} \left(a_{2} - 32 s\right) \left(- \sin{\left(4 \cos{\left(s \right)} \right)} + \operatorname{sech}{\left(s \right)}\right) + a_{12} \tanh{\left(8 s \right)} + a_{15} \sqrt{1 - \cos^{2}{\left(s \right)}} + a_{3} s \left(2 s - \tanh{\left(4 s \right)}\right) \left(s - \cos{\left(a_{11} s \right)} + 2\right) + a_{4} \left(32 \operatorname{asin}{\left(s \right)} + 64\right) \left(a_{5} + s \left(a_{10} + a_{9} s \left(a_{7} + s\right) \operatorname{acos}{\left(s \right)}\right) + s + \operatorname{sech}{\left(s \right)}\right)\right) \operatorname{acos}{\left(\operatorname{sech}{\left(\cos{\left(a_{8} + s \right)} \right)} \right)}\right)$
70,event65172_track66-hits,22,66,16,16,16,48,5,-12.963408779427555,9.809022411375012e-08,0.041837201460220075,6.375864567393758e-06,2.761255296374525,3.542146981885421e-07,0.04526648026843484,-11.758174145281195,$y(s) = a_{13} + \left(- s - \sin{\left(\sin{\left(\sin{\left(a_{6} + s \right)} \right)} \right)}\right) \left(a_{1} \operatorname{acos}{\left(s \right)} + a_{14} + \left(a_{0} + a_{12} \left(a_{2} - 32 s\right) \left(- \sin{\left(4 \cos{\left(s \right)} \right)} + \operatorname{sech}{\left(s \right)}\right) + a_{12} \tanh{\left(8 s \right)} + a_{15} \sqrt{1 - \cos^{2}{\left(s \right)}} + a_{3} s \left(2 s - \tanh{\left(4 s \right)}\right) \left(s - \cos{\left(a_{11} s \right)} + 2\right) + a_{4} \left(32 \operatorname{asin}{\left(s \right)} + 64\right) \left(a_{5} + s \left(a_{10} + a_{9} s \left(a_{7} + s\right) \operatorname{acos}{\left(s \right)}\right) + s + \operatorname{sech}{\left(s \right)}\right)\right) \operatorname{acos}{\left(\operatorname{sech}{\left(\cos{\left(a_{8} + s \right)} \right)} \right)}\right)$,$y(s) = a_{13} + \left(- s - \sin{\left(\sin{\left(\sin{\left(a_{6} + s \right)} \right)} \right)}\right) \left(a_{1} \operatorname{acos}{\left(s \right)} + a_{14} + \left(a_{0} + a_{12} \left(a_{2} - 32 s\right) \left(- \sin{\left(4 \cos{\left(s \right)} \right)} + \operatorname{sech}{\left(s \right)}\right) + a_{12} \tanh{\left(8 s \right)} + a_{15} \sqrt{1 - \cos^{2}{\left(s \right)}} + a_{3} s \left(2 s - \tanh{\left(4 s \right)}\right) \left(s - \cos{\left(a_{11} s \right)} + 2\right) + a_{4} \left(32 \operatorname{asin}{\left(s \right)} + 64\right) \left(a_{5} + s \left(a_{10} + a_{9} s \left(a_{7} + s\right) \operatorname{acos}{\left(s \right)}\right) + s + \operatorname{sech}{\left(s \right)}\right)\right) \operatorname{acos}{\left(\operatorname{sech}{\left(\cos{\left(a_{8} + s \right)} \right)} \right)}\right)$,$y(s) = a_{13} + \left(- s - \sin{\left(\sin{\left(\sin{\left(a_{6} + s \right)} \right)} \right)}\right) \left(a_{1} \operatorname{acos}{\left(s \right)} + a_{14} + \left(a_{0} + a_{12} \left(a_{2} - 32 s\right) \left(- \sin{\left(4 \cos{\left(s \right)} \right)} + \operatorname{sech}{\left(s \right)}\right) + a_{12} \tanh{\left(8 s \right)} + a_{15} \sqrt{1 - \cos^{2}{\left(s \right)}} + a_{3} s \left(2 s - \tanh{\left(4 s \right)}\right) \left(s - \cos{\left(a_{11} s \right)} + 2\right) + a_{4} \left(32 \operatorname{asin}{\left(s \right)} + 64\right) \left(a_{5} + s \left(a_{10} + a_{9} s \left(a_{7} + s\right) \operatorname{acos}{\left(s \right)}\right) + s + \operatorname{sech}{\left(s \right)}\right)\right) \operatorname{acos}{\left(\operatorname{sech}{\left(\cos{\left(a_{8} + s \right)} \right)} \right)}\right)$
71,event65173_track224-hits,22,66,16,16,16,48,5,-13.251915454222804,1.4251315953863463e-05,8.11126751541735,0.0009263355370011251,535.3436560175451,5.1463085388951394e-05,8.776125508484345,-12.046680820076446,$y(s) = a_{13} + \left(- s - \sin{\left(\sin{\left(\sin{\left(a_{6} + s \right)} \right)} \right)}\right) \left(a_{1} \operatorname{acos}{\left(s \right)} + a_{14} + \left(a_{0} + a_{12} \left(a_{2} - 32 s\right) \left(- \sin{\left(4 \cos{\left(s \right)} \right)} + \operatorname{sech}{\left(s \right)}\right) + a_{12} \tanh{\left(8 s \right)} + a_{15} \sqrt{1 - \cos^{2}{\left(s \right)}} + a_{3} s \left(2 s - \tanh{\left(4 s \right)}\right) \left(s - \cos{\left(a_{11} s \right)} + 2\right) + a_{4} \left(32 \operatorname{asin}{\left(s \right)} + 64\right) \left(a_{5} + s \left(a_{10} + a_{9} s \left(a_{7} + s\right) \operatorname{acos}{\left(s \right)}\right) + s + \operatorname{sech}{\left(s \right)}\right)\right) \operatorname{acos}{\left(\operatorname{sech}{\left(\cos{\left(a_{8} + s \right)} \right)} \right)}\right)$,$y(s) = a_{13} + \left(- s - \sin{\left(\sin{\left(\sin{\left(a_{6} + s \right)} \right)} \right)}\right) \left(a_{1} \operatorname{acos}{\left(s \right)} + a_{14} + \left(a_{0} + a_{12} \left(a_{2} - 32 s\right) \left(- \sin{\left(4 \cos{\left(s \right)} \right)} + \operatorname{sech}{\left(s \right)}\right) + a_{12} \tanh{\left(8 s \right)} + a_{15} \sqrt{1 - \cos^{2}{\left(s \right)}} + a_{3} s \left(2 s - \tanh{\left(4 s \right)}\right) \left(s - \cos{\left(a_{11} s \right)} + 2\right) + a_{4} \left(32 \operatorname{asin}{\left(s \right)} + 64\right) \left(a_{5} + s \left(a_{10} + a_{9} s \left(a_{7} + s\right) \operatorname{acos}{\left(s \right)}\right) + s + \operatorname{sech}{\left(s \right)}\right)\right) \operatorname{acos}{\left(\operatorname{sech}{\left(\cos{\left(a_{8} + s \right)} \right)} \right)}\right)$,$y(s) = a_{13} + \left(- s - \sin{\left(\sin{\left(\sin{\left(a_{6} + s \right)} \right)} \right)}\right) \left(a_{1} \operatorname{acos}{\left(s \right)} + a_{14} + \left(a_{0} + a_{12} \left(a_{2} - 32 s\right) \left(- \sin{\left(4 \cos{\left(s \right)} \right)} + \operatorname{sech}{\left(s \right)}\right) + a_{12} \tanh{\left(8 s \right)} + a_{15} \sqrt{1 - \cos^{2}{\left(s \right)}} + a_{3} s \left(2 s - \tanh{\left(4 s \right)}\right) \left(s - \cos{\left(a_{11} s \right)} + 2\right) + a_{4} \left(32 \operatorname{asin}{\left(s \right)} + 64\right) \left(a_{5} + s \left(a_{10} + a_{9} s \left(a_{7} + s\right) \operatorname{acos}{\left(s \right)}\right) + s + \operatorname{sech}{\left(s \right)}\right)\right) \operatorname{acos}{\left(\operatorname{sech}{\left(\cos{\left(a_{8} + s \right)} \right)} \right)}\right)$
72,event65184_track173-hits,25,75,16,16,16,48,5,-10.825570965411442,2.847037141138408e-05,1.4317884889223496,0.002106807484442422,107.38413666917621,7.802990683120081e-05,1.534059095273946,-9.886335609698554,$y(s) = a_{13} + \left(- s - \sin{\left(\sin{\left(\sin{\left(a_{6} + s \right)} \right)} \right)}\right) \left(a_{1} \operatorname{acos}{\left(s \right)} + a_{14} + \left(a_{0} + a_{12} \left(a_{2} - 32 s\right) \left(- \sin{\left(4 \cos{\left(s \right)} \right)} + \operatorname{sech}{\left(s \right)}\right) + a_{12} \tanh{\left(8 s \right)} + a_{15} \sqrt{1 - \cos^{2}{\left(s \right)}} + a_{3} s \left(2 s - \tanh{\left(4 s \right)}\right) \left(s - \cos{\left(a_{11} s \right)} + 2\right) + a_{4} \left(32 \operatorname{asin}{\left(s \right)} + 64\right) \left(a_{5} + s \left(a_{10} + a_{9} s \left(a_{7} + s\right) \operatorname{acos}{\left(s \right)}\right) + s + \operatorname{sech}{\left(s \right)}\right)\right) \operatorname{acos}{\left(\operatorname{sech}{\left(\cos{\left(a_{8} + s \right)} \right)} \right)}\right)$,$y(s) = a_{13} + \left(- s - \sin{\left(\sin{\left(\sin{\left(a_{6} + s \right)} \right)} \right)}\right) \left(a_{1} \operatorname{acos}{\left(s \right)} + a_{14} + \left(a_{0} + a_{12} \left(a_{2} - 32 s\right) \left(- \sin{\left(4 \cos{\left(s \right)} \right)} + \operatorname{sech}{\left(s \right)}\right) + a_{12} \tanh{\left(8 s \right)} + a_{15} \sqrt{1 - \cos^{2}{\left(s \right)}} + a_{3} s \left(2 s - \tanh{\left(4 s \right)}\right) \left(s - \cos{\left(a_{11} s \right)} + 2\right) + a_{4} \left(32 \operatorname{asin}{\left(s \right)} + 64\right) \left(a_{5} + s \left(a_{10} + a_{9} s \left(a_{7} + s\right) \operatorname{acos}{\left(s \right)}\right) + s + \operatorname{sech}{\left(s \right)}\right)\right) \operatorname{acos}{\left(\operatorname{sech}{\left(\cos{\left(a_{8} + s \right)} \right)} \right)}\right)$,$y(s) = a_{13} + \left(- s - \sin{\left(\sin{\left(\sin{\left(a_{6} + s \right)} \right)} \right)}\right) \left(a_{1} \operatorname{acos}{\left(s \right)} + a_{14} + \left(a_{0} + a_{12} \left(a_{2} - 32 s\right) \left(- \sin{\left(4 \cos{\left(s \right)} \right)} + \operatorname{sech}{\left(s \right)}\right) + a_{12} \tanh{\left(8 s \right)} + a_{15} \sqrt{1 - \cos^{2}{\left(s \right)}} + a_{3} s \left(2 s - \tanh{\left(4 s \right)}\right) \left(s - \cos{\left(a_{11} s \right)} + 2\right) + a_{4} \left(32 \operatorname{asin}{\left(s \right)} + 64\right) \left(a_{5} + s \left(a_{10} + a_{9} s \left(a_{7} + s\right) \operatorname{acos}{\left(s \right)}\right) + s + \operatorname{sech}{\left(s \right)}\right)\right) \operatorname{acos}{\left(\operatorname{sech}{\left(\cos{\left(a_{8} + s \right)} \right)} \right)}\right)$
73,event65185_track76-hits,24,72,16,16,16,48,5,-14.454439334169452,6.426309572483864e-07,1.2174324814644637,4.5626797964635435e-05,87.65513866544138,1.9011165818598098e-06,1.3082856517230057,-13.44178678710117,$y(s) = a_{13} + \left(- s - \sin{\left(\sin{\left(\sin{\left(a_{6} + s \right)} \right)} \right)}\right) \left(a_{1} \operatorname{acos}{\left(s \right)} + a_{14} + \left(a_{0} + a_{12} \left(a_{2} - 32 s\right) \left(- \sin{\left(4 \cos{\left(s \right)} \right)} + \operatorname{sech}{\left(s \right)}\right) + a_{12} \tanh{\left(8 s \right)} + a_{15} \sqrt{1 - \cos^{2}{\left(s \right)}} + a_{3} s \left(2 s - \tanh{\left(4 s \right)}\right) \left(s - \cos{\left(a_{11} s \right)} + 2\right) + a_{4} \left(32 \operatorname{asin}{\left(s \right)} + 64\right) \left(a_{5} + s \left(a_{10} + a_{9} s \left(a_{7} + s\right) \operatorname{acos}{\left(s \right)}\right) + s + \operatorname{sech}{\left(s \right)}\right)\right) \operatorname{acos}{\left(\operatorname{sech}{\left(\cos{\left(a_{8} + s \right)} \right)} \right)}\right)$,$y(s) = a_{13} + \left(- s - \sin{\left(\sin{\left(\sin{\left(a_{6} + s \right)} \right)} \right)}\right) \left(a_{1} \operatorname{acos}{\left(s \right)} + a_{14} + \left(a_{0} + a_{12} \left(a_{2} - 32 s\right) \left(- \sin{\left(4 \cos{\left(s \right)} \right)} + \operatorname{sech}{\left(s \right)}\right) + a_{12} \tanh{\left(8 s \right)} + a_{15} \sqrt{1 - \cos^{2}{\left(s \right)}} + a_{3} s \left(2 s - \tanh{\left(4 s \right)}\right) \left(s - \cos{\left(a_{11} s \right)} + 2\right) + a_{4} \left(32 \operatorname{asin}{\left(s \right)} + 64\right) \left(a_{5} + s \left(a_{10} + a_{9} s \left(a_{7} + s\right) \operatorname{acos}{\left(s \right)}\right) + s + \operatorname{sech}{\left(s \right)}\right)\right) \operatorname{acos}{\left(\operatorname{sech}{\left(\cos{\left(a_{8} + s \right)} \right)} \right)}\right)$,$y(s) = a_{13} + \left(- s - \sin{\left(\sin{\left(\sin{\left(a_{6} + s \right)} \right)} \right)}\right) \left(a_{1} \operatorname{acos}{\left(s \right)} + a_{14} + \left(a_{0} + a_{12} \left(a_{2} - 32 s\right) \left(- \sin{\left(4 \cos{\left(s \right)} \right)} + \operatorname{sech}{\left(s \right)}\right) + a_{12} \tanh{\left(8 s \right)} + a_{15} \sqrt{1 - \cos^{2}{\left(s \right)}} + a_{3} s \left(2 s - \tanh{\left(4 s \right)}\right) \left(s - \cos{\left(a_{11} s \right)} + 2\right) + a_{4} \left(32 \operatorname{asin}{\left(s \right)} + 64\right) \left(a_{5} + s \left(a_{10} + a_{9} s \left(a_{7} + s\right) \operatorname{acos}{\left(s \right)}\right) + s + \operatorname{sech}{\left(s \right)}\right)\right) \operatorname{acos}{\left(\operatorname{sech}{\left(\cos{\left(a_{8} + s \right)} \right)} \right)}\right)$
74,event65190_track160-hits,25,75,16,16,16,48,5,-11.229934098583744,2.1370016746388912e-07,0.016102869510649282,1.5813812392327796e-05,1.2077152132986961,5.856967552713999e-07,0.01725307447569566,-10.290698742870855,$y(s) = a_{13} + \left(- s - \sin{\left(\sin{\left(\sin{\left(a_{6} + s \right)} \right)} \right)}\right) \left(a_{1} \operatorname{acos}{\left(s \right)} + a_{14} + \left(a_{0} + a_{12} \left(a_{2} - 32 s\right) \left(- \sin{\left(4 \cos{\left(s \right)} \right)} + \operatorname{sech}{\left(s \right)}\right) + a_{12} \tanh{\left(8 s \right)} + a_{15} \sqrt{1 - \cos^{2}{\left(s \right)}} + a_{3} s \left(2 s - \tanh{\left(4 s \right)}\right) \left(s - \cos{\left(a_{11} s \right)} + 2\right) + a_{4} \left(32 \operatorname{asin}{\left(s \right)} + 64\right) \left(a_{5} + s \left(a_{10} + a_{9} s \left(a_{7} + s\right) \operatorname{acos}{\left(s \right)}\right) + s + \operatorname{sech}{\left(s \right)}\right)\right) \operatorname{acos}{\left(\operatorname{sech}{\left(\cos{\left(a_{8} + s \right)} \right)} \right)}\right)$,$y(s) = a_{13} + \left(- s - \sin{\left(\sin{\left(\sin{\left(a_{6} + s \right)} \right)} \right)}\right) \left(a_{1} \operatorname{acos}{\left(s \right)} + a_{14} + \left(a_{0} + a_{12} \left(a_{2} - 32 s\right) \left(- \sin{\left(4 \cos{\left(s \right)} \right)} + \operatorname{sech}{\left(s \right)}\right) + a_{12} \tanh{\left(8 s \right)} + a_{15} \sqrt{1 - \cos^{2}{\left(s \right)}} + a_{3} s \left(2 s - \tanh{\left(4 s \right)}\right) \left(s - \cos{\left(a_{11} s \right)} + 2\right) + a_{4} \left(32 \operatorname{asin}{\left(s \right)} + 64\right) \left(a_{5} + s \left(a_{10} + a_{9} s \left(a_{7} + s\right) \operatorname{acos}{\left(s \right)}\right) + s + \operatorname{sech}{\left(s \right)}\right)\right) \operatorname{acos}{\left(\operatorname{sech}{\left(\cos{\left(a_{8} + s \right)} \right)} \right)}\right)$,$y(s) = a_{13} + \left(- s - \sin{\left(\sin{\left(\sin{\left(a_{6} + s \right)} \right)} \right)}\right) \left(a_{1} \operatorname{acos}{\left(s \right)} + a_{14} + \left(a_{0} + a_{12} \left(a_{2} - 32 s\right) \left(- \sin{\left(4 \cos{\left(s \right)} \right)} + \operatorname{sech}{\left(s \right)}\right) + a_{12} \tanh{\left(8 s \right)} + a_{15} \sqrt{1 - \cos^{2}{\left(s \right)}} + a_{3} s \left(2 s - \tanh{\left(4 s \right)}\right) \left(s - \cos{\left(a_{11} s \right)} + 2\right) + a_{4} \left(32 \operatorname{asin}{\left(s \right)} + 64\right) \left(a_{5} + s \left(a_{10} + a_{9} s \left(a_{7} + s\right) \operatorname{acos}{\left(s \right)}\right) + s + \operatorname{sech}{\left(s \right)}\right)\right) \operatorname{acos}{\left(\operatorname{sech}{\left(\cos{\left(a_{8} + s \right)} \right)} \right)}\right)$
75,event65192_track320-hits,22,66,16,16,16,48,5,-11.497968848940122,6.551662944907374e-06,0.645440140276531,0.0004258580914189793,42.59904925825104,2.365878285660996e-05,0.6983450698073942,-10.292734214793764,$y(s) = a_{13} + \left(- s - \sin{\left(\sin{\left(\sin{\left(a_{6} + s \right)} \right)} \right)}\right) \left(a_{1} \operatorname{acos}{\left(s \right)} + a_{14} + \left(a_{0} + a_{12} \left(a_{2} - 32 s\right) \left(- \sin{\left(4 \cos{\left(s \right)} \right)} + \operatorname{sech}{\left(s \right)}\right) + a_{12} \tanh{\left(8 s \right)} + a_{15} \sqrt{1 - \cos^{2}{\left(s \right)}} + a_{3} s \left(2 s - \tanh{\left(4 s \right)}\right) \left(s - \cos{\left(a_{11} s \right)} + 2\right) + a_{4} \left(32 \operatorname{asin}{\left(s \right)} + 64\right) \left(a_{5} + s \left(a_{10} + a_{9} s \left(a_{7} + s\right) \operatorname{acos}{\left(s \right)}\right) + s + \operatorname{sech}{\left(s \right)}\right)\right) \operatorname{acos}{\left(\operatorname{sech}{\left(\cos{\left(a_{8} + s \right)} \right)} \right)}\right)$,$y(s) = a_{13} + \left(- s - \sin{\left(\sin{\left(\sin{\left(a_{6} + s \right)} \right)} \right)}\right) \left(a_{1} \operatorname{acos}{\left(s \right)} + a_{14} + \left(a_{0} + a_{12} \left(a_{2} - 32 s\right) \left(- \sin{\left(4 \cos{\left(s \right)} \right)} + \operatorname{sech}{\left(s \right)}\right) + a_{12} \tanh{\left(8 s \right)} + a_{15} \sqrt{1 - \cos^{2}{\left(s \right)}} + a_{3} s \left(2 s - \tanh{\left(4 s \right)}\right) \left(s - \cos{\left(a_{11} s \right)} + 2\right) + a_{4} \left(32 \operatorname{asin}{\left(s \right)} + 64\right) \left(a_{5} + s \left(a_{10} + a_{9} s \left(a_{7} + s\right) \operatorname{acos}{\left(s \right)}\right) + s + \operatorname{sech}{\left(s \right)}\right)\right) \operatorname{acos}{\left(\operatorname{sech}{\left(\cos{\left(a_{8} + s \right)} \right)} \right)}\right)$,$y(s) = a_{13} + \left(- s - \sin{\left(\sin{\left(\sin{\left(a_{6} + s \right)} \right)} \right)}\right) \left(a_{1} \operatorname{acos}{\left(s \right)} + a_{14} + \left(a_{0} + a_{12} \left(a_{2} - 32 s\right) \left(- \sin{\left(4 \cos{\left(s \right)} \right)} + \operatorname{sech}{\left(s \right)}\right) + a_{12} \tanh{\left(8 s \right)} + a_{15} \sqrt{1 - \cos^{2}{\left(s \right)}} + a_{3} s \left(2 s - \tanh{\left(4 s \right)}\right) \left(s - \cos{\left(a_{11} s \right)} + 2\right) + a_{4} \left(32 \operatorname{asin}{\left(s \right)} + 64\right) \left(a_{5} + s \left(a_{10} + a_{9} s \left(a_{7} + s\right) \operatorname{acos}{\left(s \right)}\right) + s + \operatorname{sech}{\left(s \right)}\right)\right) \operatorname{acos}{\left(\operatorname{sech}{\left(\cos{\left(a_{8} + s \right)} \right)} \right)}\right)$
76,event65193_track42-hits,25,75,16,16,16,48,5,-12.771874576727637,1.9428271941529613e-07,0.06842090684439332,1.4376921236731914e-05,5.131568013329499,5.324785643234042e-07,0.0733081144761357,-11.832639221014748,$y(s) = a_{13} + \left(- s - \sin{\left(\sin{\left(\sin{\left(a_{6} + s \right)} \right)} \right)}\right) \left(a_{1} \operatorname{acos}{\left(s \right)} + a_{14} + \left(a_{0} + a_{12} \left(a_{2} - 32 s\right) \left(- \sin{\left(4 \cos{\left(s \right)} \right)} + \operatorname{sech}{\left(s \right)}\right) + a_{12} \tanh{\left(8 s \right)} + a_{15} \sqrt{1 - \cos^{2}{\left(s \right)}} + a_{3} s \left(2 s - \tanh{\left(4 s \right)}\right) \left(s - \cos{\left(a_{11} s \right)} + 2\right) + a_{4} \left(32 \operatorname{asin}{\left(s \right)} + 64\right) \left(a_{5} + s \left(a_{10} + a_{9} s \left(a_{7} + s\right) \operatorname{acos}{\left(s \right)}\right) + s + \operatorname{sech}{\left(s \right)}\right)\right) \operatorname{acos}{\left(\operatorname{sech}{\left(\cos{\left(a_{8} + s \right)} \right)} \right)}\right)$,$y(s) = a_{13} + \left(- s - \sin{\left(\sin{\left(\sin{\left(a_{6} + s \right)} \right)} \right)}\right) \left(a_{1} \operatorname{acos}{\left(s \right)} + a_{14} + \left(a_{0} + a_{12} \left(a_{2} - 32 s\right) \left(- \sin{\left(4 \cos{\left(s \right)} \right)} + \operatorname{sech}{\left(s \right)}\right) + a_{12} \tanh{\left(8 s \right)} + a_{15} \sqrt{1 - \cos^{2}{\left(s \right)}} + a_{3} s \left(2 s - \tanh{\left(4 s \right)}\right) \left(s - \cos{\left(a_{11} s \right)} + 2\right) + a_{4} \left(32 \operatorname{asin}{\left(s \right)} + 64\right) \left(a_{5} + s \left(a_{10} + a_{9} s \left(a_{7} + s\right) \operatorname{acos}{\left(s \right)}\right) + s + \operatorname{sech}{\left(s \right)}\right)\right) \operatorname{acos}{\left(\operatorname{sech}{\left(\cos{\left(a_{8} + s \right)} \right)} \right)}\right)$,$y(s) = a_{13} + \left(- s - \sin{\left(\sin{\left(\sin{\left(a_{6} + s \right)} \right)} \right)}\right) \left(a_{1} \operatorname{acos}{\left(s \right)} + a_{14} + \left(a_{0} + a_{12} \left(a_{2} - 32 s\right) \left(- \sin{\left(4 \cos{\left(s \right)} \right)} + \operatorname{sech}{\left(s \right)}\right) + a_{12} \tanh{\left(8 s \right)} + a_{15} \sqrt{1 - \cos^{2}{\left(s \right)}} + a_{3} s \left(2 s - \tanh{\left(4 s \right)}\right) \left(s - \cos{\left(a_{11} s \right)} + 2\right) + a_{4} \left(32 \operatorname{asin}{\left(s \right)} + 64\right) \left(a_{5} + s \left(a_{10} + a_{9} s \left(a_{7} + s\right) \operatorname{acos}{\left(s \right)}\right) + s + \operatorname{sech}{\left(s \right)}\right)\right) \operatorname{acos}{\left(\operatorname{sech}{\left(\cos{\left(a_{8} + s \right)} \right)} \right)}\right)$
77,event65196_track32-hits,25,75,16,16,16,48,5,-10.694221728499071,7.119267093133369e-06,0.3139617720034736,0.0005268257648918693,23.547132900260518,1.951206536636553e-05,0.33638761286086455,-9.754986372786183,$y(s) = a_{13} + \left(- s - \sin{\left(\sin{\left(\sin{\left(a_{6} + s \right)} \right)} \right)}\right) \left(a_{1} \operatorname{acos}{\left(s \right)} + a_{14} + \left(a_{0} + a_{12} \left(a_{2} - 32 s\right) \left(- \sin{\left(4 \cos{\left(s \right)} \right)} + \operatorname{sech}{\left(s \right)}\right) + a_{12} \tanh{\left(8 s \right)} + a_{15} \sqrt{1 - \cos^{2}{\left(s \right)}} + a_{3} s \left(2 s - \tanh{\left(4 s \right)}\right) \left(s - \cos{\left(a_{11} s \right)} + 2\right) + a_{4} \left(32 \operatorname{asin}{\left(s \right)} + 64\right) \left(a_{5} + s \left(a_{10} + a_{9} s \left(a_{7} + s\right) \operatorname{acos}{\left(s \right)}\right) + s + \operatorname{sech}{\left(s \right)}\right)\right) \operatorname{acos}{\left(\operatorname{sech}{\left(\cos{\left(a_{8} + s \right)} \right)} \right)}\right)$,$y(s) = a_{13} + \left(- s - \sin{\left(\sin{\left(\sin{\left(a_{6} + s \right)} \right)} \right)}\right) \left(a_{1} \operatorname{acos}{\left(s \right)} + a_{14} + \left(a_{0} + a_{12} \left(a_{2} - 32 s\right) \left(- \sin{\left(4 \cos{\left(s \right)} \right)} + \operatorname{sech}{\left(s \right)}\right) + a_{12} \tanh{\left(8 s \right)} + a_{15} \sqrt{1 - \cos^{2}{\left(s \right)}} + a_{3} s \left(2 s - \tanh{\left(4 s \right)}\right) \left(s - \cos{\left(a_{11} s \right)} + 2\right) + a_{4} \left(32 \operatorname{asin}{\left(s \right)} + 64\right) \left(a_{5} + s \left(a_{10} + a_{9} s \left(a_{7} + s\right) \operatorname{acos}{\left(s \right)}\right) + s + \operatorname{sech}{\left(s \right)}\right)\right) \operatorname{acos}{\left(\operatorname{sech}{\left(\cos{\left(a_{8} + s \right)} \right)} \right)}\right)$,$y(s) = a_{13} + \left(- s - \sin{\left(\sin{\left(\sin{\left(a_{6} + s \right)} \right)} \right)}\right) \left(a_{1} \operatorname{acos}{\left(s \right)} + a_{14} + \left(a_{0} + a_{12} \left(a_{2} - 32 s\right) \left(- \sin{\left(4 \cos{\left(s \right)} \right)} + \operatorname{sech}{\left(s \right)}\right) + a_{12} \tanh{\left(8 s \right)} + a_{15} \sqrt{1 - \cos^{2}{\left(s \right)}} + a_{3} s \left(2 s - \tanh{\left(4 s \right)}\right) \left(s - \cos{\left(a_{11} s \right)} + 2\right) + a_{4} \left(32 \operatorname{asin}{\left(s \right)} + 64\right) \left(a_{5} + s \left(a_{10} + a_{9} s \left(a_{7} + s\right) \operatorname{acos}{\left(s \right)}\right) + s + \operatorname{sech}{\left(s \right)}\right)\right) \operatorname{acos}{\left(\operatorname{sech}{\left(\cos{\left(a_{8} + s \right)} \right)} \right)}\right)$
78,event65200_track58-hits,22,66,16,16,16,48,5,-11.35191570066755,6.758581039448804e-06,0.5753470271918442,0.00043930776756417227,37.97290379466172,2.440598708689846e-05,0.6225066195846183,-10.146681066521193,$y(s) = a_{13} + \left(- s - \sin{\left(\sin{\left(\sin{\left(a_{6} + s \right)} \right)} \right)}\right) \left(a_{1} \operatorname{acos}{\left(s \right)} + a_{14} + \left(a_{0} + a_{12} \left(a_{2} - 32 s\right) \left(- \sin{\left(4 \cos{\left(s \right)} \right)} + \operatorname{sech}{\left(s \right)}\right) + a_{12} \tanh{\left(8 s \right)} + a_{15} \sqrt{1 - \cos^{2}{\left(s \right)}} + a_{3} s \left(2 s - \tanh{\left(4 s \right)}\right) \left(s - \cos{\left(a_{11} s \right)} + 2\right) + a_{4} \left(32 \operatorname{asin}{\left(s \right)} + 64\right) \left(a_{5} + s \left(a_{10} + a_{9} s \left(a_{7} + s\right) \operatorname{acos}{\left(s \right)}\right) + s + \operatorname{sech}{\left(s \right)}\right)\right) \operatorname{acos}{\left(\operatorname{sech}{\left(\cos{\left(a_{8} + s \right)} \right)} \right)}\right)$,$y(s) = a_{13} + \left(- s - \sin{\left(\sin{\left(\sin{\left(a_{6} + s \right)} \right)} \right)}\right) \left(a_{1} \operatorname{acos}{\left(s \right)} + a_{14} + \left(a_{0} + a_{12} \left(a_{2} - 32 s\right) \left(- \sin{\left(4 \cos{\left(s \right)} \right)} + \operatorname{sech}{\left(s \right)}\right) + a_{12} \tanh{\left(8 s \right)} + a_{15} \sqrt{1 - \cos^{2}{\left(s \right)}} + a_{3} s \left(2 s - \tanh{\left(4 s \right)}\right) \left(s - \cos{\left(a_{11} s \right)} + 2\right) + a_{4} \left(32 \operatorname{asin}{\left(s \right)} + 64\right) \left(a_{5} + s \left(a_{10} + a_{9} s \left(a_{7} + s\right) \operatorname{acos}{\left(s \right)}\right) + s + \operatorname{sech}{\left(s \right)}\right)\right) \operatorname{acos}{\left(\operatorname{sech}{\left(\cos{\left(a_{8} + s \right)} \right)} \right)}\right)$,$y(s) = a_{13} + \left(- s - \sin{\left(\sin{\left(\sin{\left(a_{6} + s \right)} \right)} \right)}\right) \left(a_{1} \operatorname{acos}{\left(s \right)} + a_{14} + \left(a_{0} + a_{12} \left(a_{2} - 32 s\right) \left(- \sin{\left(4 \cos{\left(s \right)} \right)} + \operatorname{sech}{\left(s \right)}\right) + a_{12} \tanh{\left(8 s \right)} + a_{15} \sqrt{1 - \cos^{2}{\left(s \right)}} + a_{3} s \left(2 s - \tanh{\left(4 s \right)}\right) \left(s - \cos{\left(a_{11} s \right)} + 2\right) + a_{4} \left(32 \operatorname{asin}{\left(s \right)} + 64\right) \left(a_{5} + s \left(a_{10} + a_{9} s \left(a_{7} + s\right) \operatorname{acos}{\left(s \right)}\right) + s + \operatorname{sech}{\left(s \right)}\right)\right) \operatorname{acos}{\left(\operatorname{sech}{\left(\cos{\left(a_{8} + s \right)} \right)} \right)}\right)$
79,event65207_track275-hits,25,75,16,16,16,48,5,-11.93852410337912,2.370426997344547e-07,0.036279536080836866,1.7541159780349647e-05,2.720965206062765,6.496725844573944e-07,0.03887093151518236,-10.999288747666231,$y(s) = a_{13} + \left(- s - \sin{\left(\sin{\left(\sin{\left(a_{6} + s \right)} \right)} \right)}\right) \left(a_{1} \operatorname{acos}{\left(s \right)} + a_{14} + \left(a_{0} + a_{12} \left(a_{2} - 32 s\right) \left(- \sin{\left(4 \cos{\left(s \right)} \right)} + \operatorname{sech}{\left(s \right)}\right) + a_{12} \tanh{\left(8 s \right)} + a_{15} \sqrt{1 - \cos^{2}{\left(s \right)}} + a_{3} s \left(2 s - \tanh{\left(4 s \right)}\right) \left(s - \cos{\left(a_{11} s \right)} + 2\right) + a_{4} \left(32 \operatorname{asin}{\left(s \right)} + 64\right) \left(a_{5} + s \left(a_{10} + a_{9} s \left(a_{7} + s\right) \operatorname{acos}{\left(s \right)}\right) + s + \operatorname{sech}{\left(s \right)}\right)\right) \operatorname{acos}{\left(\operatorname{sech}{\left(\cos{\left(a_{8} + s \right)} \right)} \right)}\right)$,$y(s) = a_{13} + \left(- s - \sin{\left(\sin{\left(\sin{\left(a_{6} + s \right)} \right)} \right)}\right) \left(a_{1} \operatorname{acos}{\left(s \right)} + a_{14} + \left(a_{0} + a_{12} \left(a_{2} - 32 s\right) \left(- \sin{\left(4 \cos{\left(s \right)} \right)} + \operatorname{sech}{\left(s \right)}\right) + a_{12} \tanh{\left(8 s \right)} + a_{15} \sqrt{1 - \cos^{2}{\left(s \right)}} + a_{3} s \left(2 s - \tanh{\left(4 s \right)}\right) \left(s - \cos{\left(a_{11} s \right)} + 2\right) + a_{4} \left(32 \operatorname{asin}{\left(s \right)} + 64\right) \left(a_{5} + s \left(a_{10} + a_{9} s \left(a_{7} + s\right) \operatorname{acos}{\left(s \right)}\right) + s + \operatorname{sech}{\left(s \right)}\right)\right) \operatorname{acos}{\left(\operatorname{sech}{\left(\cos{\left(a_{8} + s \right)} \right)} \right)}\right)$,$y(s) = a_{13} + \left(- s - \sin{\left(\sin{\left(\sin{\left(a_{6} + s \right)} \right)} \right)}\right) \left(a_{1} \operatorname{acos}{\left(s \right)} + a_{14} + \left(a_{0} + a_{12} \left(a_{2} - 32 s\right) \left(- \sin{\left(4 \cos{\left(s \right)} \right)} + \operatorname{sech}{\left(s \right)}\right) + a_{12} \tanh{\left(8 s \right)} + a_{15} \sqrt{1 - \cos^{2}{\left(s \right)}} + a_{3} s \left(2 s - \tanh{\left(4 s \right)}\right) \left(s - \cos{\left(a_{11} s \right)} + 2\right) + a_{4} \left(32 \operatorname{asin}{\left(s \right)} + 64\right) \left(a_{5} + s \left(a_{10} + a_{9} s \left(a_{7} + s\right) \operatorname{acos}{\left(s \right)}\right) + s + \operatorname{sech}{\left(s \right)}\right)\right) \operatorname{acos}{\left(\operatorname{sech}{\left(\cos{\left(a_{8} + s \right)} \right)} \right)}\right)$
80,event65211_track192-hits,24,72,16,16,16,48,5,-9.380486697337005,1.0112963860560907e-06,0.01198869924755415,7.180204340998244e-05,0.8631863458238987,2.9917518087492684e-06,0.012883378295879086,-8.367834150268726,$y(s) = a_{13} + \left(- s - \sin{\left(\sin{\left(\sin{\left(a_{6} + s \right)} \right)} \right)}\right) \left(a_{1} \operatorname{acos}{\left(s \right)} + a_{14} + \left(a_{0} + a_{12} \left(a_{2} - 32 s\right) \left(- \sin{\left(4 \cos{\left(s \right)} \right)} + \operatorname{sech}{\left(s \right)}\right) + a_{12} \tanh{\left(8 s \right)} + a_{15} \sqrt{1 - \cos^{2}{\left(s \right)}} + a_{3} s \left(2 s - \tanh{\left(4 s \right)}\right) \left(s - \cos{\left(a_{11} s \right)} + 2\right) + a_{4} \left(32 \operatorname{asin}{\left(s \right)} + 64\right) \left(a_{5} + s \left(a_{10} + a_{9} s \left(a_{7} + s\right) \operatorname{acos}{\left(s \right)}\right) + s + \operatorname{sech}{\left(s \right)}\right)\right) \operatorname{acos}{\left(\operatorname{sech}{\left(\cos{\left(a_{8} + s \right)} \right)} \right)}\right)$,$y(s) = a_{13} + \left(- s - \sin{\left(\sin{\left(\sin{\left(a_{6} + s \right)} \right)} \right)}\right) \left(a_{1} \operatorname{acos}{\left(s \right)} + a_{14} + \left(a_{0} + a_{12} \left(a_{2} - 32 s\right) \left(- \sin{\left(4 \cos{\left(s \right)} \right)} + \operatorname{sech}{\left(s \right)}\right) + a_{12} \tanh{\left(8 s \right)} + a_{15} \sqrt{1 - \cos^{2}{\left(s \right)}} + a_{3} s \left(2 s - \tanh{\left(4 s \right)}\right) \left(s - \cos{\left(a_{11} s \right)} + 2\right) + a_{4} \left(32 \operatorname{asin}{\left(s \right)} + 64\right) \left(a_{5} + s \left(a_{10} + a_{9} s \left(a_{7} + s\right) \operatorname{acos}{\left(s \right)}\right) + s + \operatorname{sech}{\left(s \right)}\right)\right) \operatorname{acos}{\left(\operatorname{sech}{\left(\cos{\left(a_{8} + s \right)} \right)} \right)}\right)$,$y(s) = a_{13} + \left(- s - \sin{\left(\sin{\left(\sin{\left(a_{6} + s \right)} \right)} \right)}\right) \left(a_{1} \operatorname{acos}{\left(s \right)} + a_{14} + \left(a_{0} + a_{12} \left(a_{2} - 32 s\right) \left(- \sin{\left(4 \cos{\left(s \right)} \right)} + \operatorname{sech}{\left(s \right)}\right) + a_{12} \tanh{\left(8 s \right)} + a_{15} \sqrt{1 - \cos^{2}{\left(s \right)}} + a_{3} s \left(2 s - \tanh{\left(4 s \right)}\right) \left(s - \cos{\left(a_{11} s \right)} + 2\right) + a_{4} \left(32 \operatorname{asin}{\left(s \right)} + 64\right) \left(a_{5} + s \left(a_{10} + a_{9} s \left(a_{7} + s\right) \operatorname{acos}{\left(s \right)}\right) + s + \operatorname{sech}{\left(s \right)}\right)\right) \operatorname{acos}{\left(\operatorname{sech}{\left(\cos{\left(a_{8} + s \right)} \right)} \right)}\right)$
81,event65213_track204-hits,21,63,16,16,16,48,5,-12.484006229810888,3.5386746065518196e-06,0.9344921278452725,0.00021939782560621282,58.87300405425216,1.4626521707080855e-05,1.0150517940388304,-11.147613761713119,$y(s) = a_{13} + \left(- s - \sin{\left(\sin{\left(\sin{\left(a_{6} + s \right)} \right)} \right)}\right) \left(a_{1} \operatorname{acos}{\left(s \right)} + a_{14} + \left(a_{0} + a_{12} \left(a_{2} - 32 s\right) \left(- \sin{\left(4 \cos{\left(s \right)} \right)} + \operatorname{sech}{\left(s \right)}\right) + a_{12} \tanh{\left(8 s \right)} + a_{15} \sqrt{1 - \cos^{2}{\left(s \right)}} + a_{3} s \left(2 s - \tanh{\left(4 s \right)}\right) \left(s - \cos{\left(a_{11} s \right)} + 2\right) + a_{4} \left(32 \operatorname{asin}{\left(s \right)} + 64\right) \left(a_{5} + s \left(a_{10} + a_{9} s \left(a_{7} + s\right) \operatorname{acos}{\left(s \right)}\right) + s + \operatorname{sech}{\left(s \right)}\right)\right) \operatorname{acos}{\left(\operatorname{sech}{\left(\cos{\left(a_{8} + s \right)} \right)} \right)}\right)$,$y(s) = a_{13} + \left(- s - \sin{\left(\sin{\left(\sin{\left(a_{6} + s \right)} \right)} \right)}\right) \left(a_{1} \operatorname{acos}{\left(s \right)} + a_{14} + \left(a_{0} + a_{12} \left(a_{2} - 32 s\right) \left(- \sin{\left(4 \cos{\left(s \right)} \right)} + \operatorname{sech}{\left(s \right)}\right) + a_{12} \tanh{\left(8 s \right)} + a_{15} \sqrt{1 - \cos^{2}{\left(s \right)}} + a_{3} s \left(2 s - \tanh{\left(4 s \right)}\right) \left(s - \cos{\left(a_{11} s \right)} + 2\right) + a_{4} \left(32 \operatorname{asin}{\left(s \right)} + 64\right) \left(a_{5} + s \left(a_{10} + a_{9} s \left(a_{7} + s\right) \operatorname{acos}{\left(s \right)}\right) + s + \operatorname{sech}{\left(s \right)}\right)\right) \operatorname{acos}{\left(\operatorname{sech}{\left(\cos{\left(a_{8} + s \right)} \right)} \right)}\right)$,$y(s) = a_{13} + \left(- s - \sin{\left(\sin{\left(\sin{\left(a_{6} + s \right)} \right)} \right)}\right) \left(a_{1} \operatorname{acos}{\left(s \right)} + a_{14} + \left(a_{0} + a_{12} \left(a_{2} - 32 s\right) \left(- \sin{\left(4 \cos{\left(s \right)} \right)} + \operatorname{sech}{\left(s \right)}\right) + a_{12} \tanh{\left(8 s \right)} + a_{15} \sqrt{1 - \cos^{2}{\left(s \right)}} + a_{3} s \left(2 s - \tanh{\left(4 s \right)}\right) \left(s - \cos{\left(a_{11} s \right)} + 2\right) + a_{4} \left(32 \operatorname{asin}{\left(s \right)} + 64\right) \left(a_{5} + s \left(a_{10} + a_{9} s \left(a_{7} + s\right) \operatorname{acos}{\left(s \right)}\right) + s + \operatorname{sech}{\left(s \right)}\right)\right) \operatorname{acos}{\left(\operatorname{sech}{\left(\cos{\left(a_{8} + s \right)} \right)} \right)}\right)$
82,event65217_track1-hits,24,72,16,16,16,48,5,-12.704148307907872,7.82874033703986e-07,0.2576519276730409,5.5584056392983004e-05,18.550938792458943,2.316002349707625e-06,0.27687968346953645,-11.69149576083959,$y(s) = a_{13} + \left(- s - \sin{\left(\sin{\left(\sin{\left(a_{6} + s \right)} \right)} \right)}\right) \left(a_{1} \operatorname{acos}{\left(s \right)} + a_{14} + \left(a_{0} + a_{12} \left(a_{2} - 32 s\right) \left(- \sin{\left(4 \cos{\left(s \right)} \right)} + \operatorname{sech}{\left(s \right)}\right) + a_{12} \tanh{\left(8 s \right)} + a_{15} \sqrt{1 - \cos^{2}{\left(s \right)}} + a_{3} s \left(2 s - \tanh{\left(4 s \right)}\right) \left(s - \cos{\left(a_{11} s \right)} + 2\right) + a_{4} \left(32 \operatorname{asin}{\left(s \right)} + 64\right) \left(a_{5} + s \left(a_{10} + a_{9} s \left(a_{7} + s\right) \operatorname{acos}{\left(s \right)}\right) + s + \operatorname{sech}{\left(s \right)}\right)\right) \operatorname{acos}{\left(\operatorname{sech}{\left(\cos{\left(a_{8} + s \right)} \right)} \right)}\right)$,$y(s) = a_{13} + \left(- s - \sin{\left(\sin{\left(\sin{\left(a_{6} + s \right)} \right)} \right)}\right) \left(a_{1} \operatorname{acos}{\left(s \right)} + a_{14} + \left(a_{0} + a_{12} \left(a_{2} - 32 s\right) \left(- \sin{\left(4 \cos{\left(s \right)} \right)} + \operatorname{sech}{\left(s \right)}\right) + a_{12} \tanh{\left(8 s \right)} + a_{15} \sqrt{1 - \cos^{2}{\left(s \right)}} + a_{3} s \left(2 s - \tanh{\left(4 s \right)}\right) \left(s - \cos{\left(a_{11} s \right)} + 2\right) + a_{4} \left(32 \operatorname{asin}{\left(s \right)} + 64\right) \left(a_{5} + s \left(a_{10} + a_{9} s \left(a_{7} + s\right) \operatorname{acos}{\left(s \right)}\right) + s + \operatorname{sech}{\left(s \right)}\right)\right) \operatorname{acos}{\left(\operatorname{sech}{\left(\cos{\left(a_{8} + s \right)} \right)} \right)}\right)$,$y(s) = a_{13} + \left(- s - \sin{\left(\sin{\left(\sin{\left(a_{6} + s \right)} \right)} \right)}\right) \left(a_{1} \operatorname{acos}{\left(s \right)} + a_{14} + \left(a_{0} + a_{12} \left(a_{2} - 32 s\right) \left(- \sin{\left(4 \cos{\left(s \right)} \right)} + \operatorname{sech}{\left(s \right)}\right) + a_{12} \tanh{\left(8 s \right)} + a_{15} \sqrt{1 - \cos^{2}{\left(s \right)}} + a_{3} s \left(2 s - \tanh{\left(4 s \right)}\right) \left(s - \cos{\left(a_{11} s \right)} + 2\right) + a_{4} \left(32 \operatorname{asin}{\left(s \right)} + 64\right) \left(a_{5} + s \left(a_{10} + a_{9} s \left(a_{7} + s\right) \operatorname{acos}{\left(s \right)}\right) + s + \operatorname{sech}{\left(s \right)}\right)\right) \operatorname{acos}{\left(\operatorname{sech}{\left(\cos{\left(a_{8} + s \right)} \right)} \right)}\right)$
83,event65220_track65-hits,25,75,16,16,16,48,5,-7.8711647386504815,0.00012738921962487793,0.3338382455464541,0.009426802252240967,25.037868415984057,0.0003491408241570729,0.35768383451405794,-6.931929382937592,$y(s) = a_{13} + \left(- s - \sin{\left(\sin{\left(\sin{\left(a_{6} + s \right)} \right)} \right)}\right) \left(a_{1} \operatorname{acos}{\left(s \right)} + a_{14} + \left(a_{0} + a_{12} \left(a_{2} - 32 s\right) \left(- \sin{\left(4 \cos{\left(s \right)} \right)} + \operatorname{sech}{\left(s \right)}\right) + a_{12} \tanh{\left(8 s \right)} + a_{15} \sqrt{1 - \cos^{2}{\left(s \right)}} + a_{3} s \left(2 s - \tanh{\left(4 s \right)}\right) \left(s - \cos{\left(a_{11} s \right)} + 2\right) + a_{4} \left(32 \operatorname{asin}{\left(s \right)} + 64\right) \left(a_{5} + s \left(a_{10} + a_{9} s \left(a_{7} + s\right) \operatorname{acos}{\left(s \right)}\right) + s + \operatorname{sech}{\left(s \right)}\right)\right) \operatorname{acos}{\left(\operatorname{sech}{\left(\cos{\left(a_{8} + s \right)} \right)} \right)}\right)$,$y(s) = a_{13} + \left(- s - \sin{\left(\sin{\left(\sin{\left(a_{6} + s \right)} \right)} \right)}\right) \left(a_{1} \operatorname{acos}{\left(s \right)} + a_{14} + \left(a_{0} + a_{12} \left(a_{2} - 32 s\right) \left(- \sin{\left(4 \cos{\left(s \right)} \right)} + \operatorname{sech}{\left(s \right)}\right) + a_{12} \tanh{\left(8 s \right)} + a_{15} \sqrt{1 - \cos^{2}{\left(s \right)}} + a_{3} s \left(2 s - \tanh{\left(4 s \right)}\right) \left(s - \cos{\left(a_{11} s \right)} + 2\right) + a_{4} \left(32 \operatorname{asin}{\left(s \right)} + 64\right) \left(a_{5} + s \left(a_{10} + a_{9} s \left(a_{7} + s\right) \operatorname{acos}{\left(s \right)}\right) + s + \operatorname{sech}{\left(s \right)}\right)\right) \operatorname{acos}{\left(\operatorname{sech}{\left(\cos{\left(a_{8} + s \right)} \right)} \right)}\right)$,$y(s) = a_{13} + \left(- s - \sin{\left(\sin{\left(\sin{\left(a_{6} + s \right)} \right)} \right)}\right) \left(a_{1} \operatorname{acos}{\left(s \right)} + a_{14} + \left(a_{0} + a_{12} \left(a_{2} - 32 s\right) \left(- \sin{\left(4 \cos{\left(s \right)} \right)} + \operatorname{sech}{\left(s \right)}\right) + a_{12} \tanh{\left(8 s \right)} + a_{15} \sqrt{1 - \cos^{2}{\left(s \right)}} + a_{3} s \left(2 s - \tanh{\left(4 s \right)}\right) \left(s - \cos{\left(a_{11} s \right)} + 2\right) + a_{4} \left(32 \operatorname{asin}{\left(s \right)} + 64\right) \left(a_{5} + s \left(a_{10} + a_{9} s \left(a_{7} + s\right) \operatorname{acos}{\left(s \right)}\right) + s + \operatorname{sech}{\left(s \right)}\right)\right) \operatorname{acos}{\left(\operatorname{sech}{\left(\cos{\left(a_{8} + s \right)} \right)} \right)}\right)$
84,event65227_track19-hits,25,75,16,16,16,48,5,-7.92487876425212,2.470865162963948e-07,0.0006832508227473127,1.8284402205933218e-05,0.051243811706048456,6.772000817012303e-07,0.0007320544529435494,-6.985643408539231,$y(s) = a_{13} + \left(- s - \sin{\left(\sin{\left(\sin{\left(a_{6} + s \right)} \right)} \right)}\right) \left(a_{1} \operatorname{acos}{\left(s \right)} + a_{14} + \left(a_{0} + a_{12} \left(a_{2} - 32 s\right) \left(- \sin{\left(4 \cos{\left(s \right)} \right)} + \operatorname{sech}{\left(s \right)}\right) + a_{12} \tanh{\left(8 s \right)} + a_{15} \sqrt{1 - \cos^{2}{\left(s \right)}} + a_{3} s \left(2 s - \tanh{\left(4 s \right)}\right) \left(s - \cos{\left(a_{11} s \right)} + 2\right) + a_{4} \left(32 \operatorname{asin}{\left(s \right)} + 64\right) \left(a_{5} + s \left(a_{10} + a_{9} s \left(a_{7} + s\right) \operatorname{acos}{\left(s \right)}\right) + s + \operatorname{sech}{\left(s \right)}\right)\right) \operatorname{acos}{\left(\operatorname{sech}{\left(\cos{\left(a_{8} + s \right)} \right)} \right)}\right)$,$y(s) = a_{13} + \left(- s - \sin{\left(\sin{\left(\sin{\left(a_{6} + s \right)} \right)} \right)}\right) \left(a_{1} \operatorname{acos}{\left(s \right)} + a_{14} + \left(a_{0} + a_{12} \left(a_{2} - 32 s\right) \left(- \sin{\left(4 \cos{\left(s \right)} \right)} + \operatorname{sech}{\left(s \right)}\right) + a_{12} \tanh{\left(8 s \right)} + a_{15} \sqrt{1 - \cos^{2}{\left(s \right)}} + a_{3} s \left(2 s - \tanh{\left(4 s \right)}\right) \left(s - \cos{\left(a_{11} s \right)} + 2\right) + a_{4} \left(32 \operatorname{asin}{\left(s \right)} + 64\right) \left(a_{5} + s \left(a_{10} + a_{9} s \left(a_{7} + s\right) \operatorname{acos}{\left(s \right)}\right) + s + \operatorname{sech}{\left(s \right)}\right)\right) \operatorname{acos}{\left(\operatorname{sech}{\left(\cos{\left(a_{8} + s \right)} \right)} \right)}\right)$,$y(s) = a_{13} + \left(- s - \sin{\left(\sin{\left(\sin{\left(a_{6} + s \right)} \right)} \right)}\right) \left(a_{1} \operatorname{acos}{\left(s \right)} + a_{14} + \left(a_{0} + a_{12} \left(a_{2} - 32 s\right) \left(- \sin{\left(4 \cos{\left(s \right)} \right)} + \operatorname{sech}{\left(s \right)}\right) + a_{12} \tanh{\left(8 s \right)} + a_{15} \sqrt{1 - \cos^{2}{\left(s \right)}} + a_{3} s \left(2 s - \tanh{\left(4 s \right)}\right) \left(s - \cos{\left(a_{11} s \right)} + 2\right) + a_{4} \left(32 \operatorname{asin}{\left(s \right)} + 64\right) \left(a_{5} + s \left(a_{10} + a_{9} s \left(a_{7} + s\right) \operatorname{acos}{\left(s \right)}\right) + s + \operatorname{sech}{\left(s \right)}\right)\right) \operatorname{acos}{\left(\operatorname{sech}{\left(\cos{\left(a_{8} + s \right)} \right)} \right)}\right)$
85,event65229_track283-hits,25,75,16,21,16,53,5,-9.591066673589195,7.540766073073364e-05,1.1034757673690954,0.0055801668940742895,82.76068255268216,0.00025364394973064955,1.1822954650383164,-8.447036905230291,$y(s) = a_{13} + \left(- s - \sin{\left(\sin{\left(\sin{\left(a_{6} + s \right)} \right)} \right)}\right) \left(a_{1} \operatorname{acos}{\left(s \right)} + a_{14} + \left(a_{0} + a_{12} \left(a_{2} - 32 s\right) \left(- \sin{\left(4 \cos{\left(s \right)} \right)} + \operatorname{sech}{\left(s \right)}\right) + a_{12} \tanh{\left(8 s \right)} + a_{15} \sqrt{1 - \cos^{2}{\left(s \right)}} + a_{3} s \left(2 s - \tanh{\left(4 s \right)}\right) \left(s - \cos{\left(a_{11} s \right)} + 2\right) + a_{4} \left(32 \operatorname{asin}{\left(s \right)} + 64\right) \left(a_{5} + s \left(a_{10} + a_{9} s \left(a_{7} + s\right) \operatorname{acos}{\left(s \right)}\right) + s + \operatorname{sech}{\left(s \right)}\right)\right) \operatorname{acos}{\left(\operatorname{sech}{\left(\cos{\left(a_{8} + s \right)} \right)} \right)}\right)$,$y(s) = a_{14} \sin{\left(\cos{\left(a_{10} + 4.30674369656515 s \right)} \right)} + a_{16} + a_{4} \cos{\left(a_{20} s \right)} + a_{5} \sin{\left(a_{19} s \right)} + \left(a_{11} + a_{15} s\right) \left(4 s \left(a_{1} s \operatorname{asin}{\left(\operatorname{asin}{\left(\tanh{\left(s \right)} \right)} \right)} + a_{8} + a_{9} s \left(a_{7} + s\right) \left(a_{12} - 0.0163348612181324 s \tanh{\left(\sin{\left(4 s \right)} \right)} - 0.455016066205459 \sqrt{1 - s^{2}}\right) - 5.80207456348123 \sqrt{\sqrt{s} + \operatorname{asin}{\left(s \right)}}\right) + \left(a_{2} + 4 s\right) \left(a_{6} \sin{\left(a_{13} s \right)} + 0.603433259507675 \sqrt{s} + 2.67458549611742\right) - \tanh{\left(\operatorname{asin}{\left(\operatorname{sech}{\left(5.65077849988401 s \right)} \right)} \right)}\right) - 0.000334426650014709 \sin{\left(a_{18} s \right)} + 0.00278916735581463 \sin{\left(s \left(a_{0} + \operatorname{acos}{\left(s \right)}\right) \right)} + 0.00373359883408793 \cos{\left(a_{17} s \right)} - 0.479013271010752 \operatorname{asin}{\left(\cos{\left(a_{3} + \operatorname{acos}{\left(s \right)} \right)} \right)}$,$y(s) = a_{13} + \left(- s - \sin{\left(\sin{\left(\sin{\left(a_{6} + s \right)} \right)} \right)}\right) \left(a_{1} \operatorname{acos}{\left(s \right)} + a_{14} + \left(a_{0} + a_{12} \left(a_{2} - 32 s\right) \left(- \sin{\left(4 \cos{\left(s \right)} \right)} + \operatorname{sech}{\left(s \right)}\right) + a_{12} \tanh{\left(8 s \right)} + a_{15} \sqrt{1 - \cos^{2}{\left(s \right)}} + a_{3} s \left(2 s - \tanh{\left(4 s \right)}\right) \left(s - \cos{\left(a_{11} s \right)} + 2\right) + a_{4} \left(32 \operatorname{asin}{\left(s \right)} + 64\right) \left(a_{5} + s \left(a_{10} + a_{9} s \left(a_{7} + s\right) \operatorname{acos}{\left(s \right)}\right) + s + \operatorname{sech}{\left(s \right)}\right)\right) \operatorname{acos}{\left(\operatorname{sech}{\left(\cos{\left(a_{8} + s \right)} \right)} \right)}\right)$
86,event65236_track331-hits,25,75,16,16,16,48,5,-15.210937734892138,2.291325148326944e-07,0.9249388992911853,1.6955806097619386e-05,69.3704174468389,6.279928184303476e-07,0.99100596352627,-14.27170237917925,$y(s) = a_{13} + \left(- s - \sin{\left(\sin{\left(\sin{\left(a_{6} + s \right)} \right)} \right)}\right) \left(a_{1} \operatorname{acos}{\left(s \right)} + a_{14} + \left(a_{0} + a_{12} \left(a_{2} - 32 s\right) \left(- \sin{\left(4 \cos{\left(s \right)} \right)} + \operatorname{sech}{\left(s \right)}\right) + a_{12} \tanh{\left(8 s \right)} + a_{15} \sqrt{1 - \cos^{2}{\left(s \right)}} + a_{3} s \left(2 s - \tanh{\left(4 s \right)}\right) \left(s - \cos{\left(a_{11} s \right)} + 2\right) + a_{4} \left(32 \operatorname{asin}{\left(s \right)} + 64\right) \left(a_{5} + s \left(a_{10} + a_{9} s \left(a_{7} + s\right) \operatorname{acos}{\left(s \right)}\right) + s + \operatorname{sech}{\left(s \right)}\right)\right) \operatorname{acos}{\left(\operatorname{sech}{\left(\cos{\left(a_{8} + s \right)} \right)} \right)}\right)$,$y(s) = a_{13} + \left(- s - \sin{\left(\sin{\left(\sin{\left(a_{6} + s \right)} \right)} \right)}\right) \left(a_{1} \operatorname{acos}{\left(s \right)} + a_{14} + \left(a_{0} + a_{12} \left(a_{2} - 32 s\right) \left(- \sin{\left(4 \cos{\left(s \right)} \right)} + \operatorname{sech}{\left(s \right)}\right) + a_{12} \tanh{\left(8 s \right)} + a_{15} \sqrt{1 - \cos^{2}{\left(s \right)}} + a_{3} s \left(2 s - \tanh{\left(4 s \right)}\right) \left(s - \cos{\left(a_{11} s \right)} + 2\right) + a_{4} \left(32 \operatorname{asin}{\left(s \right)} + 64\right) \left(a_{5} + s \left(a_{10} + a_{9} s \left(a_{7} + s\right) \operatorname{acos}{\left(s \right)}\right) + s + \operatorname{sech}{\left(s \right)}\right)\right) \operatorname{acos}{\left(\operatorname{sech}{\left(\cos{\left(a_{8} + s \right)} \right)} \right)}\right)$,$y(s) = a_{13} + \left(- s - \sin{\left(\sin{\left(\sin{\left(a_{6} + s \right)} \right)} \right)}\right) \left(a_{1} \operatorname{acos}{\left(s \right)} + a_{14} + \left(a_{0} + a_{12} \left(a_{2} - 32 s\right) \left(- \sin{\left(4 \cos{\left(s \right)} \right)} + \operatorname{sech}{\left(s \right)}\right) + a_{12} \tanh{\left(8 s \right)} + a_{15} \sqrt{1 - \cos^{2}{\left(s \right)}} + a_{3} s \left(2 s - \tanh{\left(4 s \right)}\right) \left(s - \cos{\left(a_{11} s \right)} + 2\right) + a_{4} \left(32 \operatorname{asin}{\left(s \right)} + 64\right) \left(a_{5} + s \left(a_{10} + a_{9} s \left(a_{7} + s\right) \operatorname{acos}{\left(s \right)}\right) + s + \operatorname{sech}{\left(s \right)}\right)\right) \operatorname{acos}{\left(\operatorname{sech}{\left(\cos{\left(a_{8} + s \right)} \right)} \right)}\right)$
87,event65239_track157-hits,25,75,16,16,16,48,5,-10.975935613890286,2.4093765566289768e-08,0.0014082927747906288,1.7829386519054429e-06,0.10562195810929716,6.603476488538677e-08,0.0015088851158471023,-10.036700258177397,$y(s) = a_{13} + \left(- s - \sin{\left(\sin{\left(\sin{\left(a_{6} + s \right)} \right)} \right)}\right) \left(a_{1} \operatorname{acos}{\left(s \right)} + a_{14} + \left(a_{0} + a_{12} \left(a_{2} - 32 s\right) \left(- \sin{\left(4 \cos{\left(s \right)} \right)} + \operatorname{sech}{\left(s \right)}\right) + a_{12} \tanh{\left(8 s \right)} + a_{15} \sqrt{1 - \cos^{2}{\left(s \right)}} + a_{3} s \left(2 s - \tanh{\left(4 s \right)}\right) \left(s - \cos{\left(a_{11} s \right)} + 2\right) + a_{4} \left(32 \operatorname{asin}{\left(s \right)} + 64\right) \left(a_{5} + s \left(a_{10} + a_{9} s \left(a_{7} + s\right) \operatorname{acos}{\left(s \right)}\right) + s + \operatorname{sech}{\left(s \right)}\right)\right) \operatorname{acos}{\left(\operatorname{sech}{\left(\cos{\left(a_{8} + s \right)} \right)} \right)}\right)$,$y(s) = a_{13} + \left(- s - \sin{\left(\sin{\left(\sin{\left(a_{6} + s \right)} \right)} \right)}\right) \left(a_{1} \operatorname{acos}{\left(s \right)} + a_{14} + \left(a_{0} + a_{12} \left(a_{2} - 32 s\right) \left(- \sin{\left(4 \cos{\left(s \right)} \right)} + \operatorname{sech}{\left(s \right)}\right) + a_{12} \tanh{\left(8 s \right)} + a_{15} \sqrt{1 - \cos^{2}{\left(s \right)}} + a_{3} s \left(2 s - \tanh{\left(4 s \right)}\right) \left(s - \cos{\left(a_{11} s \right)} + 2\right) + a_{4} \left(32 \operatorname{asin}{\left(s \right)} + 64\right) \left(a_{5} + s \left(a_{10} + a_{9} s \left(a_{7} + s\right) \operatorname{acos}{\left(s \right)}\right) + s + \operatorname{sech}{\left(s \right)}\right)\right) \operatorname{acos}{\left(\operatorname{sech}{\left(\cos{\left(a_{8} + s \right)} \right)} \right)}\right)$,$y(s) = a_{13} + \left(- s - \sin{\left(\sin{\left(\sin{\left(a_{6} + s \right)} \right)} \right)}\right) \left(a_{1} \operatorname{acos}{\left(s \right)} + a_{14} + \left(a_{0} + a_{12} \left(a_{2} - 32 s\right) \left(- \sin{\left(4 \cos{\left(s \right)} \right)} + \operatorname{sech}{\left(s \right)}\right) + a_{12} \tanh{\left(8 s \right)} + a_{15} \sqrt{1 - \cos^{2}{\left(s \right)}} + a_{3} s \left(2 s - \tanh{\left(4 s \right)}\right) \left(s - \cos{\left(a_{11} s \right)} + 2\right) + a_{4} \left(32 \operatorname{asin}{\left(s \right)} + 64\right) \left(a_{5} + s \left(a_{10} + a_{9} s \left(a_{7} + s\right) \operatorname{acos}{\left(s \right)}\right) + s + \operatorname{sech}{\left(s \right)}\right)\right) \operatorname{acos}{\left(\operatorname{sech}{\left(\cos{\left(a_{8} + s \right)} \right)} \right)}\right)$
88,event65240_track14-hits,25,75,16,16,16,48,5,-7.762717410764659,1.0686556639915123e-05,0.02512714396149049,0.0007908051913537191,1.8845357971117866,2.9289081161248858e-05,0.02692193995873981,-6.82348205505177,$y(s) = a_{13} + \left(- s - \sin{\left(\sin{\left(\sin{\left(a_{6} + s \right)} \right)} \right)}\right) \left(a_{1} \operatorname{acos}{\left(s \right)} + a_{14} + \left(a_{0} + a_{12} \left(a_{2} - 32 s\right) \left(- \sin{\left(4 \cos{\left(s \right)} \right)} + \operatorname{sech}{\left(s \right)}\right) + a_{12} \tanh{\left(8 s \right)} + a_{15} \sqrt{1 - \cos^{2}{\left(s \right)}} + a_{3} s \left(2 s - \tanh{\left(4 s \right)}\right) \left(s - \cos{\left(a_{11} s \right)} + 2\right) + a_{4} \left(32 \operatorname{asin}{\left(s \right)} + 64\right) \left(a_{5} + s \left(a_{10} + a_{9} s \left(a_{7} + s\right) \operatorname{acos}{\left(s \right)}\right) + s + \operatorname{sech}{\left(s \right)}\right)\right) \operatorname{acos}{\left(\operatorname{sech}{\left(\cos{\left(a_{8} + s \right)} \right)} \right)}\right)$,$y(s) = a_{13} + \left(- s - \sin{\left(\sin{\left(\sin{\left(a_{6} + s \right)} \right)} \right)}\right) \left(a_{1} \operatorname{acos}{\left(s \right)} + a_{14} + \left(a_{0} + a_{12} \left(a_{2} - 32 s\right) \left(- \sin{\left(4 \cos{\left(s \right)} \right)} + \operatorname{sech}{\left(s \right)}\right) + a_{12} \tanh{\left(8 s \right)} + a_{15} \sqrt{1 - \cos^{2}{\left(s \right)}} + a_{3} s \left(2 s - \tanh{\left(4 s \right)}\right) \left(s - \cos{\left(a_{11} s \right)} + 2\right) + a_{4} \left(32 \operatorname{asin}{\left(s \right)} + 64\right) \left(a_{5} + s \left(a_{10} + a_{9} s \left(a_{7} + s\right) \operatorname{acos}{\left(s \right)}\right) + s + \operatorname{sech}{\left(s \right)}\right)\right) \operatorname{acos}{\left(\operatorname{sech}{\left(\cos{\left(a_{8} + s \right)} \right)} \right)}\right)$,$y(s) = a_{13} + \left(- s - \sin{\left(\sin{\left(\sin{\left(a_{6} + s \right)} \right)} \right)}\right) \left(a_{1} \operatorname{acos}{\left(s \right)} + a_{14} + \left(a_{0} + a_{12} \left(a_{2} - 32 s\right) \left(- \sin{\left(4 \cos{\left(s \right)} \right)} + \operatorname{sech}{\left(s \right)}\right) + a_{12} \tanh{\left(8 s \right)} + a_{15} \sqrt{1 - \cos^{2}{\left(s \right)}} + a_{3} s \left(2 s - \tanh{\left(4 s \right)}\right) \left(s - \cos{\left(a_{11} s \right)} + 2\right) + a_{4} \left(32 \operatorname{asin}{\left(s \right)} + 64\right) \left(a_{5} + s \left(a_{10} + a_{9} s \left(a_{7} + s\right) \operatorname{acos}{\left(s \right)}\right) + s + \operatorname{sech}{\left(s \right)}\right)\right) \operatorname{acos}{\left(\operatorname{sech}{\left(\cos{\left(a_{8} + s \right)} \right)} \right)}\right)$
89,event65245_track143-hits,25,75,16,16,16,48,5,-13.791533689511866,5.777889979950693e-07,0.5641001903574121,4.275638585163513e-05,42.30751427680591,1.5835698463568567e-06,0.6043930610972273,-12.852298333798977,$y(s) = a_{13} + \left(- s - \sin{\left(\sin{\left(\sin{\left(a_{6} + s \right)} \right)} \right)}\right) \left(a_{1} \operatorname{acos}{\left(s \right)} + a_{14} + \left(a_{0} + a_{12} \left(a_{2} - 32 s\right) \left(- \sin{\left(4 \cos{\left(s \right)} \right)} + \operatorname{sech}{\left(s \right)}\right) + a_{12} \tanh{\left(8 s \right)} + a_{15} \sqrt{1 - \cos^{2}{\left(s \right)}} + a_{3} s \left(2 s - \tanh{\left(4 s \right)}\right) \left(s - \cos{\left(a_{11} s \right)} + 2\right) + a_{4} \left(32 \operatorname{asin}{\left(s \right)} + 64\right) \left(a_{5} + s \left(a_{10} + a_{9} s \left(a_{7} + s\right) \operatorname{acos}{\left(s \right)}\right) + s + \operatorname{sech}{\left(s \right)}\right)\right) \operatorname{acos}{\left(\operatorname{sech}{\left(\cos{\left(a_{8} + s \right)} \right)} \right)}\right)$,$y(s) = a_{13} + \left(- s - \sin{\left(\sin{\left(\sin{\left(a_{6} + s \right)} \right)} \right)}\right) \left(a_{1} \operatorname{acos}{\left(s \right)} + a_{14} + \left(a_{0} + a_{12} \left(a_{2} - 32 s\right) \left(- \sin{\left(4 \cos{\left(s \right)} \right)} + \operatorname{sech}{\left(s \right)}\right) + a_{12} \tanh{\left(8 s \right)} + a_{15} \sqrt{1 - \cos^{2}{\left(s \right)}} + a_{3} s \left(2 s - \tanh{\left(4 s \right)}\right) \left(s - \cos{\left(a_{11} s \right)} + 2\right) + a_{4} \left(32 \operatorname{asin}{\left(s \right)} + 64\right) \left(a_{5} + s \left(a_{10} + a_{9} s \left(a_{7} + s\right) \operatorname{acos}{\left(s \right)}\right) + s + \operatorname{sech}{\left(s \right)}\right)\right) \operatorname{acos}{\left(\operatorname{sech}{\left(\cos{\left(a_{8} + s \right)} \right)} \right)}\right)$,$y(s) = a_{13} + \left(- s - \sin{\left(\sin{\left(\sin{\left(a_{6} + s \right)} \right)} \right)}\right) \left(a_{1} \operatorname{acos}{\left(s \right)} + a_{14} + \left(a_{0} + a_{12} \left(a_{2} - 32 s\right) \left(- \sin{\left(4 \cos{\left(s \right)} \right)} + \operatorname{sech}{\left(s \right)}\right) + a_{12} \tanh{\left(8 s \right)} + a_{15} \sqrt{1 - \cos^{2}{\left(s \right)}} + a_{3} s \left(2 s - \tanh{\left(4 s \right)}\right) \left(s - \cos{\left(a_{11} s \right)} + 2\right) + a_{4} \left(32 \operatorname{asin}{\left(s \right)} + 64\right) \left(a_{5} + s \left(a_{10} + a_{9} s \left(a_{7} + s\right) \operatorname{acos}{\left(s \right)}\right) + s + \operatorname{sech}{\left(s \right)}\right)\right) \operatorname{acos}{\left(\operatorname{sech}{\left(\cos{\left(a_{8} + s \right)} \right)} \right)}\right)$
90,event65248_track293-hits,25,75,16,16,16,48,5,-13.056712127137846,1.1535900038423336e-05,5.401439458806776,0.0008536566028433269,405.10795941050816,3.1616911216419516e-05,5.78725656300726,-12.117476771424958,$y(s) = a_{13} + \left(- s - \sin{\left(\sin{\left(\sin{\left(a_{6} + s \right)} \right)} \right)}\right) \left(a_{1} \operatorname{acos}{\left(s \right)} + a_{14} + \left(a_{0} + a_{12} \left(a_{2} - 32 s\right) \left(- \sin{\left(4 \cos{\left(s \right)} \right)} + \operatorname{sech}{\left(s \right)}\right) + a_{12} \tanh{\left(8 s \right)} + a_{15} \sqrt{1 - \cos^{2}{\left(s \right)}} + a_{3} s \left(2 s - \tanh{\left(4 s \right)}\right) \left(s - \cos{\left(a_{11} s \right)} + 2\right) + a_{4} \left(32 \operatorname{asin}{\left(s \right)} + 64\right) \left(a_{5} + s \left(a_{10} + a_{9} s \left(a_{7} + s\right) \operatorname{acos}{\left(s \right)}\right) + s + \operatorname{sech}{\left(s \right)}\right)\right) \operatorname{acos}{\left(\operatorname{sech}{\left(\cos{\left(a_{8} + s \right)} \right)} \right)}\right)$,$y(s) = a_{13} + \left(- s - \sin{\left(\sin{\left(\sin{\left(a_{6} + s \right)} \right)} \right)}\right) \left(a_{1} \operatorname{acos}{\left(s \right)} + a_{14} + \left(a_{0} + a_{12} \left(a_{2} - 32 s\right) \left(- \sin{\left(4 \cos{\left(s \right)} \right)} + \operatorname{sech}{\left(s \right)}\right) + a_{12} \tanh{\left(8 s \right)} + a_{15} \sqrt{1 - \cos^{2}{\left(s \right)}} + a_{3} s \left(2 s - \tanh{\left(4 s \right)}\right) \left(s - \cos{\left(a_{11} s \right)} + 2\right) + a_{4} \left(32 \operatorname{asin}{\left(s \right)} + 64\right) \left(a_{5} + s \left(a_{10} + a_{9} s \left(a_{7} + s\right) \operatorname{acos}{\left(s \right)}\right) + s + \operatorname{sech}{\left(s \right)}\right)\right) \operatorname{acos}{\left(\operatorname{sech}{\left(\cos{\left(a_{8} + s \right)} \right)} \right)}\right)$,$y(s) = a_{13} + \left(- s - \sin{\left(\sin{\left(\sin{\left(a_{6} + s \right)} \right)} \right)}\right) \left(a_{1} \operatorname{acos}{\left(s \right)} + a_{14} + \left(a_{0} + a_{12} \left(a_{2} - 32 s\right) \left(- \sin{\left(4 \cos{\left(s \right)} \right)} + \operatorname{sech}{\left(s \right)}\right) + a_{12} \tanh{\left(8 s \right)} + a_{15} \sqrt{1 - \cos^{2}{\left(s \right)}} + a_{3} s \left(2 s - \tanh{\left(4 s \right)}\right) \left(s - \cos{\left(a_{11} s \right)} + 2\right) + a_{4} \left(32 \operatorname{asin}{\left(s \right)} + 64\right) \left(a_{5} + s \left(a_{10} + a_{9} s \left(a_{7} + s\right) \operatorname{acos}{\left(s \right)}\right) + s + \operatorname{sech}{\left(s \right)}\right)\right) \operatorname{acos}{\left(\operatorname{sech}{\left(\cos{\left(a_{8} + s \right)} \right)} \right)}\right)$
91,event65250_track310-hits,22,66,16,16,16,48,5,-11.306266881798729,4.7335444920443054e-06,0.3849778841054729,0.00030768039198287987,25.40854035096121,1.7093355110159994e-05,0.41653344837641326,-10.101032247652372,$y(s) = a_{13} + \left(- s - \sin{\left(\sin{\left(\sin{\left(a_{6} + s \right)} \right)} \right)}\right) \left(a_{1} \operatorname{acos}{\left(s \right)} + a_{14} + \left(a_{0} + a_{12} \left(a_{2} - 32 s\right) \left(- \sin{\left(4 \cos{\left(s \right)} \right)} + \operatorname{sech}{\left(s \right)}\right) + a_{12} \tanh{\left(8 s \right)} + a_{15} \sqrt{1 - \cos^{2}{\left(s \right)}} + a_{3} s \left(2 s - \tanh{\left(4 s \right)}\right) \left(s - \cos{\left(a_{11} s \right)} + 2\right) + a_{4} \left(32 \operatorname{asin}{\left(s \right)} + 64\right) \left(a_{5} + s \left(a_{10} + a_{9} s \left(a_{7} + s\right) \operatorname{acos}{\left(s \right)}\right) + s + \operatorname{sech}{\left(s \right)}\right)\right) \operatorname{acos}{\left(\operatorname{sech}{\left(\cos{\left(a_{8} + s \right)} \right)} \right)}\right)$,$y(s) = a_{13} + \left(- s - \sin{\left(\sin{\left(\sin{\left(a_{6} + s \right)} \right)} \right)}\right) \left(a_{1} \operatorname{acos}{\left(s \right)} + a_{14} + \left(a_{0} + a_{12} \left(a_{2} - 32 s\right) \left(- \sin{\left(4 \cos{\left(s \right)} \right)} + \operatorname{sech}{\left(s \right)}\right) + a_{12} \tanh{\left(8 s \right)} + a_{15} \sqrt{1 - \cos^{2}{\left(s \right)}} + a_{3} s \left(2 s - \tanh{\left(4 s \right)}\right) \left(s - \cos{\left(a_{11} s \right)} + 2\right) + a_{4} \left(32 \operatorname{asin}{\left(s \right)} + 64\right) \left(a_{5} + s \left(a_{10} + a_{9} s \left(a_{7} + s\right) \operatorname{acos}{\left(s \right)}\right) + s + \operatorname{sech}{\left(s \right)}\right)\right) \operatorname{acos}{\left(\operatorname{sech}{\left(\cos{\left(a_{8} + s \right)} \right)} \right)}\right)$,$y(s) = a_{13} + \left(- s - \sin{\left(\sin{\left(\sin{\left(a_{6} + s \right)} \right)} \right)}\right) \left(a_{1} \operatorname{acos}{\left(s \right)} + a_{14} + \left(a_{0} + a_{12} \left(a_{2} - 32 s\right) \left(- \sin{\left(4 \cos{\left(s \right)} \right)} + \operatorname{sech}{\left(s \right)}\right) + a_{12} \tanh{\left(8 s \right)} + a_{15} \sqrt{1 - \cos^{2}{\left(s \right)}} + a_{3} s \left(2 s - \tanh{\left(4 s \right)}\right) \left(s - \cos{\left(a_{11} s \right)} + 2\right) + a_{4} \left(32 \operatorname{asin}{\left(s \right)} + 64\right) \left(a_{5} + s \left(a_{10} + a_{9} s \left(a_{7} + s\right) \operatorname{acos}{\left(s \right)}\right) + s + \operatorname{sech}{\left(s \right)}\right)\right) \operatorname{acos}{\left(\operatorname{sech}{\left(\cos{\left(a_{8} + s \right)} \right)} \right)}\right)$
92,event65255_track78-hits,22,66,16,16,16,48,5,-12.211276950978734,1.585941571237717e-05,3.1884336207125368,0.0010308620213045159,210.4366189670274,5.7270112294695324e-05,3.449780638803728,-11.006042316832376,$y(s) = a_{13} + \left(- s - \sin{\left(\sin{\left(\sin{\left(a_{6} + s \right)} \right)} \right)}\right) \left(a_{1} \operatorname{acos}{\left(s \right)} + a_{14} + \left(a_{0} + a_{12} \left(a_{2} - 32 s\right) \left(- \sin{\left(4 \cos{\left(s \right)} \right)} + \operatorname{sech}{\left(s \right)}\right) + a_{12} \tanh{\left(8 s \right)} + a_{15} \sqrt{1 - \cos^{2}{\left(s \right)}} + a_{3} s \left(2 s - \tanh{\left(4 s \right)}\right) \left(s - \cos{\left(a_{11} s \right)} + 2\right) + a_{4} \left(32 \operatorname{asin}{\left(s \right)} + 64\right) \left(a_{5} + s \left(a_{10} + a_{9} s \left(a_{7} + s\right) \operatorname{acos}{\left(s \right)}\right) + s + \operatorname{sech}{\left(s \right)}\right)\right) \operatorname{acos}{\left(\operatorname{sech}{\left(\cos{\left(a_{8} + s \right)} \right)} \right)}\right)$,$y(s) = a_{13} + \left(- s - \sin{\left(\sin{\left(\sin{\left(a_{6} + s \right)} \right)} \right)}\right) \left(a_{1} \operatorname{acos}{\left(s \right)} + a_{14} + \left(a_{0} + a_{12} \left(a_{2} - 32 s\right) \left(- \sin{\left(4 \cos{\left(s \right)} \right)} + \operatorname{sech}{\left(s \right)}\right) + a_{12} \tanh{\left(8 s \right)} + a_{15} \sqrt{1 - \cos^{2}{\left(s \right)}} + a_{3} s \left(2 s - \tanh{\left(4 s \right)}\right) \left(s - \cos{\left(a_{11} s \right)} + 2\right) + a_{4} \left(32 \operatorname{asin}{\left(s \right)} + 64\right) \left(a_{5} + s \left(a_{10} + a_{9} s \left(a_{7} + s\right) \operatorname{acos}{\left(s \right)}\right) + s + \operatorname{sech}{\left(s \right)}\right)\right) \operatorname{acos}{\left(\operatorname{sech}{\left(\cos{\left(a_{8} + s \right)} \right)} \right)}\right)$,$y(s) = a_{13} + \left(- s - \sin{\left(\sin{\left(\sin{\left(a_{6} + s \right)} \right)} \right)}\right) \left(a_{1} \operatorname{acos}{\left(s \right)} + a_{14} + \left(a_{0} + a_{12} \left(a_{2} - 32 s\right) \left(- \sin{\left(4 \cos{\left(s \right)} \right)} + \operatorname{sech}{\left(s \right)}\right) + a_{12} \tanh{\left(8 s \right)} + a_{15} \sqrt{1 - \cos^{2}{\left(s \right)}} + a_{3} s \left(2 s - \tanh{\left(4 s \right)}\right) \left(s - \cos{\left(a_{11} s \right)} + 2\right) + a_{4} \left(32 \operatorname{asin}{\left(s \right)} + 64\right) \left(a_{5} + s \left(a_{10} + a_{9} s \left(a_{7} + s\right) \operatorname{acos}{\left(s \right)}\right) + s + \operatorname{sech}{\left(s \right)}\right)\right) \operatorname{acos}{\left(\operatorname{sech}{\left(\cos{\left(a_{8} + s \right)} \right)} \right)}\right)$
93,event65257_track122-hits,21,63,16,16,16,48,5,-12.787185973787679,2.8124669541198776e-06,1.0057539242338425,0.00017437295115543241,63.362497226732074,1.162486341036216e-05,1.0924568487367599,-11.45079350568991,$y(s) = a_{13} + \left(- s - \sin{\left(\sin{\left(\sin{\left(a_{6} + s \right)} \right)} \right)}\right) \left(a_{1} \operatorname{acos}{\left(s \right)} + a_{14} + \left(a_{0} + a_{12} \left(a_{2} - 32 s\right) \left(- \sin{\left(4 \cos{\left(s \right)} \right)} + \operatorname{sech}{\left(s \right)}\right) + a_{12} \tanh{\left(8 s \right)} + a_{15} \sqrt{1 - \cos^{2}{\left(s \right)}} + a_{3} s \left(2 s - \tanh{\left(4 s \right)}\right) \left(s - \cos{\left(a_{11} s \right)} + 2\right) + a_{4} \left(32 \operatorname{asin}{\left(s \right)} + 64\right) \left(a_{5} + s \left(a_{10} + a_{9} s \left(a_{7} + s\right) \operatorname{acos}{\left(s \right)}\right) + s + \operatorname{sech}{\left(s \right)}\right)\right) \operatorname{acos}{\left(\operatorname{sech}{\left(\cos{\left(a_{8} + s \right)} \right)} \right)}\right)$,$y(s) = a_{13} + \left(- s - \sin{\left(\sin{\left(\sin{\left(a_{6} + s \right)} \right)} \right)}\right) \left(a_{1} \operatorname{acos}{\left(s \right)} + a_{14} + \left(a_{0} + a_{12} \left(a_{2} - 32 s\right) \left(- \sin{\left(4 \cos{\left(s \right)} \right)} + \operatorname{sech}{\left(s \right)}\right) + a_{12} \tanh{\left(8 s \right)} + a_{15} \sqrt{1 - \cos^{2}{\left(s \right)}} + a_{3} s \left(2 s - \tanh{\left(4 s \right)}\right) \left(s - \cos{\left(a_{11} s \right)} + 2\right) + a_{4} \left(32 \operatorname{asin}{\left(s \right)} + 64\right) \left(a_{5} + s \left(a_{10} + a_{9} s \left(a_{7} + s\right) \operatorname{acos}{\left(s \right)}\right) + s + \operatorname{sech}{\left(s \right)}\right)\right) \operatorname{acos}{\left(\operatorname{sech}{\left(\cos{\left(a_{8} + s \right)} \right)} \right)}\right)$,$y(s) = a_{13} + \left(- s - \sin{\left(\sin{\left(\sin{\left(a_{6} + s \right)} \right)} \right)}\right) \left(a_{1} \operatorname{acos}{\left(s \right)} + a_{14} + \left(a_{0} + a_{12} \left(a_{2} - 32 s\right) \left(- \sin{\left(4 \cos{\left(s \right)} \right)} + \operatorname{sech}{\left(s \right)}\right) + a_{12} \tanh{\left(8 s \right)} + a_{15} \sqrt{1 - \cos^{2}{\left(s \right)}} + a_{3} s \left(2 s - \tanh{\left(4 s \right)}\right) \left(s - \cos{\left(a_{11} s \right)} + 2\right) + a_{4} \left(32 \operatorname{asin}{\left(s \right)} + 64\right) \left(a_{5} + s \left(a_{10} + a_{9} s \left(a_{7} + s\right) \operatorname{acos}{\left(s \right)}\right) + s + \operatorname{sech}{\left(s \right)}\right)\right) \operatorname{acos}{\left(\operatorname{sech}{\left(\cos{\left(a_{8} + s \right)} \right)} \right)}\right)$
94,event65258_track14-hits,20,60,16,16,16,48,5,-12.380686878172359,4.4681782398205563e-07,0.10641294990517862,2.636225161494128e-05,6.384776994310717,2.1968543012451066e-06,0.11608685444201304,-10.875067461044269,$y(s) = a_{13} + \left(- s - \sin{\left(\sin{\left(\sin{\left(a_{6} + s \right)} \right)} \right)}\right) \left(a_{1} \operatorname{acos}{\left(s \right)} + a_{14} + \left(a_{0} + a_{12} \left(a_{2} - 32 s\right) \left(- \sin{\left(4 \cos{\left(s \right)} \right)} + \operatorname{sech}{\left(s \right)}\right) + a_{12} \tanh{\left(8 s \right)} + a_{15} \sqrt{1 - \cos^{2}{\left(s \right)}} + a_{3} s \left(2 s - \tanh{\left(4 s \right)}\right) \left(s - \cos{\left(a_{11} s \right)} + 2\right) + a_{4} \left(32 \operatorname{asin}{\left(s \right)} + 64\right) \left(a_{5} + s \left(a_{10} + a_{9} s \left(a_{7} + s\right) \operatorname{acos}{\left(s \right)}\right) + s + \operatorname{sech}{\left(s \right)}\right)\right) \operatorname{acos}{\left(\operatorname{sech}{\left(\cos{\left(a_{8} + s \right)} \right)} \right)}\right)$,$y(s) = a_{13} + \left(- s - \sin{\left(\sin{\left(\sin{\left(a_{6} + s \right)} \right)} \right)}\right) \left(a_{1} \operatorname{acos}{\left(s \right)} + a_{14} + \left(a_{0} + a_{12} \left(a_{2} - 32 s\right) \left(- \sin{\left(4 \cos{\left(s \right)} \right)} + \operatorname{sech}{\left(s \right)}\right) + a_{12} \tanh{\left(8 s \right)} + a_{15} \sqrt{1 - \cos^{2}{\left(s \right)}} + a_{3} s \left(2 s - \tanh{\left(4 s \right)}\right) \left(s - \cos{\left(a_{11} s \right)} + 2\right) + a_{4} \left(32 \operatorname{asin}{\left(s \right)} + 64\right) \left(a_{5} + s \left(a_{10} + a_{9} s \left(a_{7} + s\right) \operatorname{acos}{\left(s \right)}\right) + s + \operatorname{sech}{\left(s \right)}\right)\right) \operatorname{acos}{\left(\operatorname{sech}{\left(\cos{\left(a_{8} + s \right)} \right)} \right)}\right)$,$y(s) = a_{13} + \left(- s - \sin{\left(\sin{\left(\sin{\left(a_{6} + s \right)} \right)} \right)}\right) \left(a_{1} \operatorname{acos}{\left(s \right)} + a_{14} + \left(a_{0} + a_{12} \left(a_{2} - 32 s\right) \left(- \sin{\left(4 \cos{\left(s \right)} \right)} + \operatorname{sech}{\left(s \right)}\right) + a_{12} \tanh{\left(8 s \right)} + a_{15} \sqrt{1 - \cos^{2}{\left(s \right)}} + a_{3} s \left(2 s - \tanh{\left(4 s \right)}\right) \left(s - \cos{\left(a_{11} s \right)} + 2\right) + a_{4} \left(32 \operatorname{asin}{\left(s \right)} + 64\right) \left(a_{5} + s \left(a_{10} + a_{9} s \left(a_{7} + s\right) \operatorname{acos}{\left(s \right)}\right) + s + \operatorname{sech}{\left(s \right)}\right)\right) \operatorname{acos}{\left(\operatorname{sech}{\left(\cos{\left(a_{8} + s \right)} \right)} \right)}\right)$
95,event65260_track25-hits,25,75,16,16,16,48,5,-13.177909634535077,2.322355521661622e-07,0.12275018136864356,1.7185430860296e-05,9.206263602648267,6.364974392702222e-07,0.13151805146640383,-12.238674278822188,$y(s) = a_{13} + \left(- s - \sin{\left(\sin{\left(\sin{\left(a_{6} + s \right)} \right)} \right)}\right) \left(a_{1} \operatorname{acos}{\left(s \right)} + a_{14} + \left(a_{0} + a_{12} \left(a_{2} - 32 s\right) \left(- \sin{\left(4 \cos{\left(s \right)} \right)} + \operatorname{sech}{\left(s \right)}\right) + a_{12} \tanh{\left(8 s \right)} + a_{15} \sqrt{1 - \cos^{2}{\left(s \right)}} + a_{3} s \left(2 s - \tanh{\left(4 s \right)}\right) \left(s - \cos{\left(a_{11} s \right)} + 2\right) + a_{4} \left(32 \operatorname{asin}{\left(s \right)} + 64\right) \left(a_{5} + s \left(a_{10} + a_{9} s \left(a_{7} + s\right) \operatorname{acos}{\left(s \right)}\right) + s + \operatorname{sech}{\left(s \right)}\right)\right) \operatorname{acos}{\left(\operatorname{sech}{\left(\cos{\left(a_{8} + s \right)} \right)} \right)}\right)$,$y(s) = a_{13} + \left(- s - \sin{\left(\sin{\left(\sin{\left(a_{6} + s \right)} \right)} \right)}\right) \left(a_{1} \operatorname{acos}{\left(s \right)} + a_{14} + \left(a_{0} + a_{12} \left(a_{2} - 32 s\right) \left(- \sin{\left(4 \cos{\left(s \right)} \right)} + \operatorname{sech}{\left(s \right)}\right) + a_{12} \tanh{\left(8 s \right)} + a_{15} \sqrt{1 - \cos^{2}{\left(s \right)}} + a_{3} s \left(2 s - \tanh{\left(4 s \right)}\right) \left(s - \cos{\left(a_{11} s \right)} + 2\right) + a_{4} \left(32 \operatorname{asin}{\left(s \right)} + 64\right) \left(a_{5} + s \left(a_{10} + a_{9} s \left(a_{7} + s\right) \operatorname{acos}{\left(s \right)}\right) + s + \operatorname{sech}{\left(s \right)}\right)\right) \operatorname{acos}{\left(\operatorname{sech}{\left(\cos{\left(a_{8} + s \right)} \right)} \right)}\right)$,$y(s) = a_{13} + \left(- s - \sin{\left(\sin{\left(\sin{\left(a_{6} + s \right)} \right)} \right)}\right) \left(a_{1} \operatorname{acos}{\left(s \right)} + a_{14} + \left(a_{0} + a_{12} \left(a_{2} - 32 s\right) \left(- \sin{\left(4 \cos{\left(s \right)} \right)} + \operatorname{sech}{\left(s \right)}\right) + a_{12} \tanh{\left(8 s \right)} + a_{15} \sqrt{1 - \cos^{2}{\left(s \right)}} + a_{3} s \left(2 s - \tanh{\left(4 s \right)}\right) \left(s - \cos{\left(a_{11} s \right)} + 2\right) + a_{4} \left(32 \operatorname{asin}{\left(s \right)} + 64\right) \left(a_{5} + s \left(a_{10} + a_{9} s \left(a_{7} + s\right) \operatorname{acos}{\left(s \right)}\right) + s + \operatorname{sech}{\left(s \right)}\right)\right) \operatorname{acos}{\left(\operatorname{sech}{\left(\cos{\left(a_{8} + s \right)} \right)} \right)}\right)$
96,event65264_track203-hits,20,60,16,16,16,48,5,-12.708007921396446,5.618962792281701e-07,0.18564098860742492,3.315188047446203e-05,11.138459316445495,2.7626567062051693e-06,0.2025174421171908,-11.202388504268356,$y(s) = a_{13} + \left(- s - \sin{\left(\sin{\left(\sin{\left(a_{6} + s \right)} \right)} \right)}\right) \left(a_{1} \operatorname{acos}{\left(s \right)} + a_{14} + \left(a_{0} + a_{12} \left(a_{2} - 32 s\right) \left(- \sin{\left(4 \cos{\left(s \right)} \right)} + \operatorname{sech}{\left(s \right)}\right) + a_{12} \tanh{\left(8 s \right)} + a_{15} \sqrt{1 - \cos^{2}{\left(s \right)}} + a_{3} s \left(2 s - \tanh{\left(4 s \right)}\right) \left(s - \cos{\left(a_{11} s \right)} + 2\right) + a_{4} \left(32 \operatorname{asin}{\left(s \right)} + 64\right) \left(a_{5} + s \left(a_{10} + a_{9} s \left(a_{7} + s\right) \operatorname{acos}{\left(s \right)}\right) + s + \operatorname{sech}{\left(s \right)}\right)\right) \operatorname{acos}{\left(\operatorname{sech}{\left(\cos{\left(a_{8} + s \right)} \right)} \right)}\right)$,$y(s) = a_{13} + \left(- s - \sin{\left(\sin{\left(\sin{\left(a_{6} + s \right)} \right)} \right)}\right) \left(a_{1} \operatorname{acos}{\left(s \right)} + a_{14} + \left(a_{0} + a_{12} \left(a_{2} - 32 s\right) \left(- \sin{\left(4 \cos{\left(s \right)} \right)} + \operatorname{sech}{\left(s \right)}\right) + a_{12} \tanh{\left(8 s \right)} + a_{15} \sqrt{1 - \cos^{2}{\left(s \right)}} + a_{3} s \left(2 s - \tanh{\left(4 s \right)}\right) \left(s - \cos{\left(a_{11} s \right)} + 2\right) + a_{4} \left(32 \operatorname{asin}{\left(s \right)} + 64\right) \left(a_{5} + s \left(a_{10} + a_{9} s \left(a_{7} + s\right) \operatorname{acos}{\left(s \right)}\right) + s + \operatorname{sech}{\left(s \right)}\right)\right) \operatorname{acos}{\left(\operatorname{sech}{\left(\cos{\left(a_{8} + s \right)} \right)} \right)}\right)$,$y(s) = a_{13} + \left(- s - \sin{\left(\sin{\left(\sin{\left(a_{6} + s \right)} \right)} \right)}\right) \left(a_{1} \operatorname{acos}{\left(s \right)} + a_{14} + \left(a_{0} + a_{12} \left(a_{2} - 32 s\right) \left(- \sin{\left(4 \cos{\left(s \right)} \right)} + \operatorname{sech}{\left(s \right)}\right) + a_{12} \tanh{\left(8 s \right)} + a_{15} \sqrt{1 - \cos^{2}{\left(s \right)}} + a_{3} s \left(2 s - \tanh{\left(4 s \right)}\right) \left(s - \cos{\left(a_{11} s \right)} + 2\right) + a_{4} \left(32 \operatorname{asin}{\left(s \right)} + 64\right) \left(a_{5} + s \left(a_{10} + a_{9} s \left(a_{7} + s\right) \operatorname{acos}{\left(s \right)}\right) + s + \operatorname{sech}{\left(s \right)}\right)\right) \operatorname{acos}{\left(\operatorname{sech}{\left(\cos{\left(a_{8} + s \right)} \right)} \right)}\right)$
97,event65268_track318-hits,25,75,16,16,16,48,5,-10.481308162308263,1.0300506892061124e-06,0.03671410072388724,7.622375100125232e-05,2.753557554291543,2.823101888935271e-06,0.03933653648987919,-9.542072806595373,$y(s) = a_{13} + \left(- s - \sin{\left(\sin{\left(\sin{\left(a_{6} + s \right)} \right)} \right)}\right) \left(a_{1} \operatorname{acos}{\left(s \right)} + a_{14} + \left(a_{0} + a_{12} \left(a_{2} - 32 s\right) \left(- \sin{\left(4 \cos{\left(s \right)} \right)} + \operatorname{sech}{\left(s \right)}\right) + a_{12} \tanh{\left(8 s \right)} + a_{15} \sqrt{1 - \cos^{2}{\left(s \right)}} + a_{3} s \left(2 s - \tanh{\left(4 s \right)}\right) \left(s - \cos{\left(a_{11} s \right)} + 2\right) + a_{4} \left(32 \operatorname{asin}{\left(s \right)} + 64\right) \left(a_{5} + s \left(a_{10} + a_{9} s \left(a_{7} + s\right) \operatorname{acos}{\left(s \right)}\right) + s + \operatorname{sech}{\left(s \right)}\right)\right) \operatorname{acos}{\left(\operatorname{sech}{\left(\cos{\left(a_{8} + s \right)} \right)} \right)}\right)$,$y(s) = a_{13} + \left(- s - \sin{\left(\sin{\left(\sin{\left(a_{6} + s \right)} \right)} \right)}\right) \left(a_{1} \operatorname{acos}{\left(s \right)} + a_{14} + \left(a_{0} + a_{12} \left(a_{2} - 32 s\right) \left(- \sin{\left(4 \cos{\left(s \right)} \right)} + \operatorname{sech}{\left(s \right)}\right) + a_{12} \tanh{\left(8 s \right)} + a_{15} \sqrt{1 - \cos^{2}{\left(s \right)}} + a_{3} s \left(2 s - \tanh{\left(4 s \right)}\right) \left(s - \cos{\left(a_{11} s \right)} + 2\right) + a_{4} \left(32 \operatorname{asin}{\left(s \right)} + 64\right) \left(a_{5} + s \left(a_{10} + a_{9} s \left(a_{7} + s\right) \operatorname{acos}{\left(s \right)}\right) + s + \operatorname{sech}{\left(s \right)}\right)\right) \operatorname{acos}{\left(\operatorname{sech}{\left(\cos{\left(a_{8} + s \right)} \right)} \right)}\right)$,$y(s) = a_{13} + \left(- s - \sin{\left(\sin{\left(\sin{\left(a_{6} + s \right)} \right)} \right)}\right) \left(a_{1} \operatorname{acos}{\left(s \right)} + a_{14} + \left(a_{0} + a_{12} \left(a_{2} - 32 s\right) \left(- \sin{\left(4 \cos{\left(s \right)} \right)} + \operatorname{sech}{\left(s \right)}\right) + a_{12} \tanh{\left(8 s \right)} + a_{15} \sqrt{1 - \cos^{2}{\left(s \right)}} + a_{3} s \left(2 s - \tanh{\left(4 s \right)}\right) \left(s - \cos{\left(a_{11} s \right)} + 2\right) + a_{4} \left(32 \operatorname{asin}{\left(s \right)} + 64\right) \left(a_{5} + s \left(a_{10} + a_{9} s \left(a_{7} + s\right) \operatorname{acos}{\left(s \right)}\right) + s + \operatorname{sech}{\left(s \right)}\right)\right) \operatorname{acos}{\left(\operatorname{sech}{\left(\cos{\left(a_{8} + s \right)} \right)} \right)}\right)$
98,event65269_track356-hits,23,69,16,16,16,48,5,-14.805764851177223,3.5392001714968024e-07,0.9527239910510429,2.4066561166178256e-05,65.73795538252196,1.1460267221989645e-06,1.0271555528519056,-13.706003004962126,$y(s) = a_{13} + \left(- s - \sin{\left(\sin{\left(\sin{\left(a_{6} + s \right)} \right)} \right)}\right) \left(a_{1} \operatorname{acos}{\left(s \right)} + a_{14} + \left(a_{0} + a_{12} \left(a_{2} - 32 s\right) \left(- \sin{\left(4 \cos{\left(s \right)} \right)} + \operatorname{sech}{\left(s \right)}\right) + a_{12} \tanh{\left(8 s \right)} + a_{15} \sqrt{1 - \cos^{2}{\left(s \right)}} + a_{3} s \left(2 s - \tanh{\left(4 s \right)}\right) \left(s - \cos{\left(a_{11} s \right)} + 2\right) + a_{4} \left(32 \operatorname{asin}{\left(s \right)} + 64\right) \left(a_{5} + s \left(a_{10} + a_{9} s \left(a_{7} + s\right) \operatorname{acos}{\left(s \right)}\right) + s + \operatorname{sech}{\left(s \right)}\right)\right) \operatorname{acos}{\left(\operatorname{sech}{\left(\cos{\left(a_{8} + s \right)} \right)} \right)}\right)$,$y(s) = a_{13} + \left(- s - \sin{\left(\sin{\left(\sin{\left(a_{6} + s \right)} \right)} \right)}\right) \left(a_{1} \operatorname{acos}{\left(s \right)} + a_{14} + \left(a_{0} + a_{12} \left(a_{2} - 32 s\right) \left(- \sin{\left(4 \cos{\left(s \right)} \right)} + \operatorname{sech}{\left(s \right)}\right) + a_{12} \tanh{\left(8 s \right)} + a_{15} \sqrt{1 - \cos^{2}{\left(s \right)}} + a_{3} s \left(2 s - \tanh{\left(4 s \right)}\right) \left(s - \cos{\left(a_{11} s \right)} + 2\right) + a_{4} \left(32 \operatorname{asin}{\left(s \right)} + 64\right) \left(a_{5} + s \left(a_{10} + a_{9} s \left(a_{7} + s\right) \operatorname{acos}{\left(s \right)}\right) + s + \operatorname{sech}{\left(s \right)}\right)\right) \operatorname{acos}{\left(\operatorname{sech}{\left(\cos{\left(a_{8} + s \right)} \right)} \right)}\right)$,$y(s) = a_{13} + \left(- s - \sin{\left(\sin{\left(\sin{\left(a_{6} + s \right)} \right)} \right)}\right) \left(a_{1} \operatorname{acos}{\left(s \right)} + a_{14} + \left(a_{0} + a_{12} \left(a_{2} - 32 s\right) \left(- \sin{\left(4 \cos{\left(s \right)} \right)} + \operatorname{sech}{\left(s \right)}\right) + a_{12} \tanh{\left(8 s \right)} + a_{15} \sqrt{1 - \cos^{2}{\left(s \right)}} + a_{3} s \left(2 s - \tanh{\left(4 s \right)}\right) \left(s - \cos{\left(a_{11} s \right)} + 2\right) + a_{4} \left(32 \operatorname{asin}{\left(s \right)} + 64\right) \left(a_{5} + s \left(a_{10} + a_{9} s \left(a_{7} + s\right) \operatorname{acos}{\left(s \right)}\right) + s + \operatorname{sech}{\left(s \right)}\right)\right) \operatorname{acos}{\left(\operatorname{sech}{\left(\cos{\left(a_{8} + s \right)} \right)} \right)}\right)$
99,event65270_track237-hits,25,75,16,16,16,48,5,-16.290223132173736,1.5396173158721122e-07,1.8288024807968872,1.139316813745363e-05,137.16018605976654,4.219691902760604e-07,1.9594312294252363,-15.350987776460848,$y(s) = a_{13} + \left(- s - \sin{\left(\sin{\left(\sin{\left(a_{6} + s \right)} \right)} \right)}\right) \left(a_{1} \operatorname{acos}{\left(s \right)} + a_{14} + \left(a_{0} + a_{12} \left(a_{2} - 32 s\right) \left(- \sin{\left(4 \cos{\left(s \right)} \right)} + \operatorname{sech}{\left(s \right)}\right) + a_{12} \tanh{\left(8 s \right)} + a_{15} \sqrt{1 - \cos^{2}{\left(s \right)}} + a_{3} s \left(2 s - \tanh{\left(4 s \right)}\right) \left(s - \cos{\left(a_{11} s \right)} + 2\right) + a_{4} \left(32 \operatorname{asin}{\left(s \right)} + 64\right) \left(a_{5} + s \left(a_{10} + a_{9} s \left(a_{7} + s\right) \operatorname{acos}{\left(s \right)}\right) + s + \operatorname{sech}{\left(s \right)}\right)\right) \operatorname{acos}{\left(\operatorname{sech}{\left(\cos{\left(a_{8} + s \right)} \right)} \right)}\right)$,$y(s) = a_{13} + \left(- s - \sin{\left(\sin{\left(\sin{\left(a_{6} + s \right)} \right)} \right)}\right) \left(a_{1} \operatorname{acos}{\left(s \right)} + a_{14} + \left(a_{0} + a_{12} \left(a_{2} - 32 s\right) \left(- \sin{\left(4 \cos{\left(s \right)} \right)} + \operatorname{sech}{\left(s \right)}\right) + a_{12} \tanh{\left(8 s \right)} + a_{15} \sqrt{1 - \cos^{2}{\left(s \right)}} + a_{3} s \left(2 s - \tanh{\left(4 s \right)}\right) \left(s - \cos{\left(a_{11} s \right)} + 2\right) + a_{4} \left(32 \operatorname{asin}{\left(s \right)} + 64\right) \left(a_{5} + s \left(a_{10} + a_{9} s \left(a_{7} + s\right) \operatorname{acos}{\left(s \right)}\right) + s + \operatorname{sech}{\left(s \right)}\right)\right) \operatorname{acos}{\left(\operatorname{sech}{\left(\cos{\left(a_{8} + s \right)} \right)} \right)}\right)$,$y(s) = a_{13} + \left(- s - \sin{\left(\sin{\left(\sin{\left(a_{6} + s \right)} \right)} \right)}\right) \left(a_{1} \operatorname{acos}{\left(s \right)} + a_{14} + \left(a_{0} + a_{12} \left(a_{2} - 32 s\right) \left(- \sin{\left(4 \cos{\left(s \right)} \right)} + \operatorname{sech}{\left(s \right)}\right) + a_{12} \tanh{\left(8 s \right)} + a_{15} \sqrt{1 - \cos^{2}{\left(s \right)}} + a_{3} s \left(2 s - \tanh{\left(4 s \right)}\right) \left(s - \cos{\left(a_{11} s \right)} + 2\right) + a_{4} \left(32 \operatorname{asin}{\left(s \right)} + 64\right) \left(a_{5} + s \left(a_{10} + a_{9} s \left(a_{7} + s\right) \operatorname{acos}{\left(s \right)}\right) + s + \operatorname{sech}{\left(s \right)}\right)\right) \operatorname{acos}{\left(\operatorname{sech}{\left(\cos{\left(a_{8} + s \right)} \right)} \right)}\right)$
