track_idx,event_id,n_hits,n_obs,kx,ky,kz,k_sr,k_helix,old_log_ratio,old_chi2nu_sr,old_chi2nu_helix,chi2_sr_total_recovered,chi2_helix_total_recovered,chi2nu_sr_K,chi2nu_helix_K,log_ratio_K,eq_x,eq_y,eq_z
0,event65050_track174-hits,49,147,42,39,39,120,5,-0.36987982347491205,49.04666551023382,70.99802258462563,7160.813164494138,10436.709319939968,265.2153023886718,73.49795295732372,1.2832844030516197,$x(s) = a_{1} \operatorname{asin}{\left(\cos{\left(a_{10} + \operatorname{acos}{\left(s \right)} \right)} \right)} + a_{19} \cos{\left(a_{39} s \right)} + a_{2} \sin{\left(\cos{\left(a_{11} + a_{30} s \right)} \right)} + a_{24} \cos{\left(a_{36} s \right)} + a_{25} \sin{\left(s \left(a_{0} + \operatorname{acos}{\left(s \right)}\right) \right)} + a_{26} \sin{\left(a_{38} s \right)} + a_{8} \sin{\left(a_{37} s \right)} + \left(a_{13} + a_{20} s\right) \cos{\left(a_{22} + \left(s - 2\right) \left(a_{4} s + a_{40}\right) \right)} + \left(a_{17} s + a_{18}\right) \tanh{\left(\left(a_{15} - \sin{\left(a_{41} s \right)}\right) \left(a_{32} + a_{5} s\right) \right)} + \left(a_{34} s + a_{35}\right) \left(4 s \left(a_{28} + a_{29} s \left(a_{16} + s\right) \left(a_{12} \sqrt{1 - s^{2}} + a_{23} s \tanh{\left(\sin{\left(4 s \right)} \right)} + a_{27}\right) + a_{3} s \operatorname{asin}{\left(\operatorname{asin}{\left(\tanh{\left(s \right)} \right)} \right)} + a_{6} \sqrt{s + \operatorname{asin}{\left(s \right)}}\right) + \left(a_{9} + 2 s\right) \left(a_{14} \sin{\left(a_{31} s \right)} + a_{21} \sqrt{s} + a_{7}\right) - \tanh{\left(\operatorname{asin}{\left(\operatorname{sech}{\left(a_{33} s \right)} \right)} \right)}\right)$,$y(s) = a_{1} \sin{\left(\cos{\left(a_{27} s + a_{7} \right)} \right)} + a_{12} \cos{\left(a_{36} s \right)} + a_{14} \cos{\left(a_{31} s \right)} + a_{20} \sin{\left(s \left(a_{0} + \operatorname{acos}{\left(s \right)}\right) \right)} + a_{23} \sin{\left(a_{34} s \right)} + a_{33} \operatorname{acos}{\left(\cos{\left(a_{8} + \operatorname{acos}{\left(s \right)} \right)} \right)} + a_{6} \sin{\left(a_{35} s \right)} - \left(a_{19} + a_{9} s\right) \cos{\left(a_{5} + \left(s - 2\right) \left(a_{3} s + a_{37}\right) \right)} + \left(a_{13} s + a_{16}\right) \tanh{\left(64 s - 64 \sin{\left(a_{38} s \right)} \right)} + \left(a_{30} s + a_{32}\right) \left(4 s \left(a_{2} s \operatorname{asin}{\left(\operatorname{acos}{\left(\operatorname{sech}{\left(s \right)} \right)} \right)} + a_{25} + a_{26} s \left(a_{22} + s\right) \left(a_{11} \sqrt{1 - s^{2}} + a_{15} s \tanh{\left(\sin{\left(4 s \right)} \right)} + a_{24}\right) + a_{4} \sqrt{s + \operatorname{asin}{\left(s \right)}}\right) - \left(a_{21} s - 1\right) \left(a_{10} \sin{\left(a_{28} s \right)} + a_{17} + \sqrt{s} \left(a_{18} + s\right)\right) - \tanh{\left(\operatorname{asin}{\left(\operatorname{sech}{\left(a_{29} s \right)} \right)} \right)}\right)$,$z(s) = a_{1} \operatorname{asin}{\left(\cos{\left(a_{10} + \operatorname{acos}{\left(s \right)} \right)} \right)} + a_{15} \tanh{\left(\left(a_{28} + a_{5} s\right) \sin{\left(a_{38} s \right)} \right)} + a_{17} \cos{\left(a_{36} s \right)} + a_{2} \sin{\left(\cos{\left(a_{11} + a_{27} s \right)} \right)} + a_{21} \cos{\left(a_{33} s \right)} + a_{22} \sin{\left(s \left(a_{0} + \operatorname{acos}{\left(s \right)}\right) \right)} + a_{24} \sin{\left(a_{35} s \right)} + a_{8} \sin{\left(a_{34} s \right)} + \left(a_{13} + a_{18} s\right) \cos{\left(a_{20} + \left(a_{37} + a_{4} s\right) \left(s - 2\right) \right)} + \left(a_{30} s + a_{32}\right) \left(4 s \left(a_{25} + a_{3} s \operatorname{asin}{\left(\operatorname{asin}{\left(\tanh{\left(s \right)} \right)} \right)} + a_{6} \sqrt{s + \operatorname{asin}{\left(s \right)}} + 4 s \left(a_{16} + s\right) \left(a_{12} \sqrt{1 - s^{2}} + a_{23} s \tanh{\left(\sin{\left(4 s \right)} \right)} + a_{26}\right)\right) + \left(a_{9} + 2 s\right) \left(a_{14} \sin{\left(a_{29} s \right)} + a_{19} \sqrt{s} + a_{7}\right) - \tanh{\left(\operatorname{asin}{\left(\operatorname{sech}{\left(a_{31} s \right)} \right)} \right)}\right)$
1,event65142_track101-hits,50,150,42,39,42,123,5,1.8068453599325902,0.8006984906780485,0.13145164957183486,119.30407511102923,19.71774743577523,4.4186694485566385,0.13598446507431194,3.4810532481980387,$x(s) = a_{1} \operatorname{asin}{\left(\cos{\left(a_{10} + \operatorname{acos}{\left(s \right)} \right)} \right)} + a_{19} \cos{\left(a_{39} s \right)} + a_{2} \sin{\left(\cos{\left(a_{11} + a_{30} s \right)} \right)} + a_{24} \cos{\left(a_{36} s \right)} + a_{25} \sin{\left(s \left(a_{0} + \operatorname{acos}{\left(s \right)}\right) \right)} + a_{26} \sin{\left(a_{38} s \right)} + a_{8} \sin{\left(a_{37} s \right)} + \left(a_{13} + a_{20} s\right) \cos{\left(a_{22} + \left(s - 2\right) \left(a_{4} s + a_{40}\right) \right)} + \left(a_{17} s + a_{18}\right) \tanh{\left(\left(a_{15} - \sin{\left(a_{41} s \right)}\right) \left(a_{32} + a_{5} s\right) \right)} + \left(a_{34} s + a_{35}\right) \left(4 s \left(a_{28} + a_{29} s \left(a_{16} + s\right) \left(a_{12} \sqrt{1 - s^{2}} + a_{23} s \tanh{\left(\sin{\left(4 s \right)} \right)} + a_{27}\right) + a_{3} s \operatorname{asin}{\left(\operatorname{asin}{\left(\tanh{\left(s \right)} \right)} \right)} + a_{6} \sqrt{s + \operatorname{asin}{\left(s \right)}}\right) + \left(a_{9} + 2 s\right) \left(a_{14} \sin{\left(a_{31} s \right)} + a_{21} \sqrt{s} + a_{7}\right) - \tanh{\left(\operatorname{asin}{\left(\operatorname{sech}{\left(a_{33} s \right)} \right)} \right)}\right)$,$z(s) = a_{1} \operatorname{asin}{\left(\cos{\left(a_{10} + \operatorname{acos}{\left(s \right)} \right)} \right)} + a_{15} \tanh{\left(\left(a_{28} + a_{5} s\right) \sin{\left(a_{38} s \right)} \right)} + a_{17} \cos{\left(a_{36} s \right)} + a_{2} \sin{\left(\cos{\left(a_{11} + a_{27} s \right)} \right)} + a_{21} \cos{\left(a_{33} s \right)} + a_{22} \sin{\left(s \left(a_{0} + \operatorname{acos}{\left(s \right)}\right) \right)} + a_{24} \sin{\left(a_{35} s \right)} + a_{8} \sin{\left(a_{34} s \right)} + \left(a_{13} + a_{18} s\right) \cos{\left(a_{20} + \left(a_{37} + a_{4} s\right) \left(s - 2\right) \right)} + \left(a_{30} s + a_{32}\right) \left(4 s \left(a_{25} + a_{3} s \operatorname{asin}{\left(\operatorname{asin}{\left(\tanh{\left(s \right)} \right)} \right)} + a_{6} \sqrt{s + \operatorname{asin}{\left(s \right)}} + 4 s \left(a_{16} + s\right) \left(a_{12} \sqrt{1 - s^{2}} + a_{23} s \tanh{\left(\sin{\left(4 s \right)} \right)} + a_{26}\right)\right) + \left(a_{9} + 2 s\right) \left(a_{14} \sin{\left(a_{29} s \right)} + a_{19} \sqrt{s} + a_{7}\right) - \tanh{\left(\operatorname{asin}{\left(\operatorname{sech}{\left(a_{31} s \right)} \right)} \right)}\right)$,$x(s) = a_{1} \operatorname{asin}{\left(\cos{\left(a_{10} + \operatorname{acos}{\left(s \right)} \right)} \right)} + a_{19} \cos{\left(a_{39} s \right)} + a_{2} \sin{\left(\cos{\left(a_{11} + a_{30} s \right)} \right)} + a_{24} \cos{\left(a_{36} s \right)} + a_{25} \sin{\left(s \left(a_{0} + \operatorname{acos}{\left(s \right)}\right) \right)} + a_{26} \sin{\left(a_{38} s \right)} + a_{8} \sin{\left(a_{37} s \right)} + \left(a_{13} + a_{20} s\right) \cos{\left(a_{22} + \left(s - 2\right) \left(a_{4} s + a_{40}\right) \right)} + \left(a_{17} s + a_{18}\right) \tanh{\left(\left(a_{15} - \sin{\left(a_{41} s \right)}\right) \left(a_{32} + a_{5} s\right) \right)} + \left(a_{34} s + a_{35}\right) \left(4 s \left(a_{28} + a_{29} s \left(a_{16} + s\right) \left(a_{12} \sqrt{1 - s^{2}} + a_{23} s \tanh{\left(\sin{\left(4 s \right)} \right)} + a_{27}\right) + a_{3} s \operatorname{asin}{\left(\operatorname{asin}{\left(\tanh{\left(s \right)} \right)} \right)} + a_{6} \sqrt{s + \operatorname{asin}{\left(s \right)}}\right) + \left(a_{9} + 2 s\right) \left(a_{14} \sin{\left(a_{31} s \right)} + a_{21} \sqrt{s} + a_{7}\right) - \tanh{\left(\operatorname{asin}{\left(\operatorname{sech}{\left(a_{33} s \right)} \right)} \right)}\right)$
2,event65270_track89-hits,50,150,39,32,39,110,5,-0.2402024141733687,1.7573114360817634,2.2344329050875174,261.8394039761828,335.16493576312763,6.54598509940457,2.3114823156077766,1.0409628859824729,$y(s) = a_{1} \sin{\left(\cos{\left(a_{27} s + a_{7} \right)} \right)} + a_{12} \cos{\left(a_{36} s \right)} + a_{14} \cos{\left(a_{31} s \right)} + a_{20} \sin{\left(s \left(a_{0} + \operatorname{acos}{\left(s \right)}\right) \right)} + a_{23} \sin{\left(a_{34} s \right)} + a_{33} \operatorname{acos}{\left(\cos{\left(a_{8} + \operatorname{acos}{\left(s \right)} \right)} \right)} + a_{6} \sin{\left(a_{35} s \right)} - \left(a_{19} + a_{9} s\right) \cos{\left(a_{5} + \left(s - 2\right) \left(a_{3} s + a_{37}\right) \right)} + \left(a_{13} s + a_{16}\right) \tanh{\left(64 s - 64 \sin{\left(a_{38} s \right)} \right)} + \left(a_{30} s + a_{32}\right) \left(4 s \left(a_{2} s \operatorname{asin}{\left(\operatorname{acos}{\left(\operatorname{sech}{\left(s \right)} \right)} \right)} + a_{25} + a_{26} s \left(a_{22} + s\right) \left(a_{11} \sqrt{1 - s^{2}} + a_{15} s \tanh{\left(\sin{\left(4 s \right)} \right)} + a_{24}\right) + a_{4} \sqrt{s + \operatorname{asin}{\left(s \right)}}\right) - \left(a_{21} s - 1\right) \left(a_{10} \sin{\left(a_{28} s \right)} + a_{17} + \sqrt{s} \left(a_{18} + s\right)\right) - \tanh{\left(\operatorname{asin}{\left(\operatorname{sech}{\left(a_{29} s \right)} \right)} \right)}\right)$,$y(s) = a_{1} \operatorname{asin}{\left(\cos{\left(a_{6} + \operatorname{acos}{\left(s \right)} \right)} \right)} + a_{10} \cos{\left(a_{31} s \right)} + a_{11} \sin{\left(a_{30} s \right)} + a_{12} \sin{\left(s \left(a_{0} + \operatorname{acos}{\left(s \right)}\right) \right)} + a_{13} \sin{\left(a_{29} s \right)} + a_{24} \sin{\left(\cos{\left(a_{18} + a_{22} s \right)} \right)} + a_{27} + a_{9} \cos{\left(a_{28} s \right)} + \left(a_{20} + a_{26} s\right) \left(4 s \left(a_{17} + a_{19} s \left(a_{15} + s\right) \left(a_{16} s \tanh{\left(\sin{\left(4 s \right)} \right)} + a_{21} + a_{7} \sqrt{1 - s^{2}}\right) + a_{2} s \operatorname{asin}{\left(\operatorname{asin}{\left(\tanh{\left(s \right)} \right)} \right)} + a_{3} \sqrt{\sqrt{s} + \operatorname{asin}{\left(s \right)}}\right) + \left(a_{4} + 4 s\right) \left(a_{14} \sqrt{s} + a_{5} + a_{8} \sin{\left(a_{23} s \right)}\right) - \tanh{\left(\operatorname{asin}{\left(\operatorname{sech}{\left(a_{25} s \right)} \right)} \right)}\right)$,$y(s) = a_{1} \sin{\left(\cos{\left(a_{27} s + a_{7} \right)} \right)} + a_{12} \cos{\left(a_{36} s \right)} + a_{14} \cos{\left(a_{31} s \right)} + a_{20} \sin{\left(s \left(a_{0} + \operatorname{acos}{\left(s \right)}\right) \right)} + a_{23} \sin{\left(a_{34} s \right)} + a_{33} \operatorname{acos}{\left(\cos{\left(a_{8} + \operatorname{acos}{\left(s \right)} \right)} \right)} + a_{6} \sin{\left(a_{35} s \right)} - \left(a_{19} + a_{9} s\right) \cos{\left(a_{5} + \left(s - 2\right) \left(a_{3} s + a_{37}\right) \right)} + \left(a_{13} s + a_{16}\right) \tanh{\left(64 s - 64 \sin{\left(a_{38} s \right)} \right)} + \left(a_{30} s + a_{32}\right) \left(4 s \left(a_{2} s \operatorname{asin}{\left(\operatorname{acos}{\left(\operatorname{sech}{\left(s \right)} \right)} \right)} + a_{25} + a_{26} s \left(a_{22} + s\right) \left(a_{11} \sqrt{1 - s^{2}} + a_{15} s \tanh{\left(\sin{\left(4 s \right)} \right)} + a_{24}\right) + a_{4} \sqrt{s + \operatorname{asin}{\left(s \right)}}\right) - \left(a_{21} s - 1\right) \left(a_{10} \sin{\left(a_{28} s \right)} + a_{17} + \sqrt{s} \left(a_{18} + s\right)\right) - \tanh{\left(\operatorname{asin}{\left(\operatorname{sech}{\left(a_{29} s \right)} \right)} \right)}\right)$
3,event65326_track149-hits,25,75,16,16,3,35,5,13.749959033791265,2.0781005901425653e-06,2.218887230886449e-12,0.00015377944367054984,1.6641654231648368e-10,3.844486091763746e-06,2.377379175949767e-12,14.296151801394547,$x(s) = a_{13} + \left(- s - \sin{\left(\sin{\left(\sin{\left(a_{6} + s \right)} \right)} \right)}\right) \left(a_{1} \operatorname{acos}{\left(s \right)} + a_{14} + \left(a_{0} + a_{12} \left(a_{2} - 32 s\right) \left(- \sin{\left(4 \cos{\left(s \right)} \right)} + \operatorname{sech}{\left(s \right)}\right) + a_{12} \tanh{\left(8 s \right)} + a_{15} \sqrt{1 - \cos^{2}{\left(s \right)}} + a_{3} s \left(2 s - \tanh{\left(4 s \right)}\right) \left(s - \cos{\left(a_{11} s \right)} + 2\right) + a_{4} \left(32 \operatorname{asin}{\left(s \right)} + 64\right) \left(a_{5} + s \left(a_{10} + a_{9} s \left(a_{7} + s\right) \operatorname{acos}{\left(s \right)}\right) + s + \operatorname{sech}{\left(s \right)}\right)\right) \operatorname{acos}{\left(\operatorname{sech}{\left(\cos{\left(a_{8} + s \right)} \right)} \right)}\right)$,$x(s) = a_{13} + \left(- s - \sin{\left(\sin{\left(\sin{\left(a_{6} + s \right)} \right)} \right)}\right) \left(a_{1} \operatorname{acos}{\left(s \right)} + a_{14} + \left(a_{0} + a_{12} \left(a_{2} - 32 s\right) \left(- \sin{\left(4 \cos{\left(s \right)} \right)} + \operatorname{sech}{\left(s \right)}\right) + a_{12} \tanh{\left(8 s \right)} + a_{15} \sqrt{1 - \cos^{2}{\left(s \right)}} + a_{3} s \left(2 s - \tanh{\left(4 s \right)}\right) \left(s - \cos{\left(a_{11} s \right)} + 2\right) + a_{4} \left(32 \operatorname{asin}{\left(s \right)} + 64\right) \left(a_{5} + s \left(a_{10} + a_{9} s \left(a_{7} + s\right) \operatorname{acos}{\left(s \right)}\right) + s + \operatorname{sech}{\left(s \right)}\right)\right) \operatorname{acos}{\left(\operatorname{sech}{\left(\cos{\left(a_{8} + s \right)} \right)} \right)}\right)$,$z(s) = a_{0} + s \left(a_{1} + a_{2} s\right)$
4,event65371_track15-hits,46,138,39,42,42,123,5,1.9607437350112389,0.4318168017380432,0.0607798119317921,59.15890183811192,8.38761404658731,3.9439267892074614,0.06306476726757375,4.1357699028017025,$y(s) = a_{1} \sin{\left(\cos{\left(a_{27} s + a_{7} \right)} \right)} + a_{12} \cos{\left(a_{36} s \right)} + a_{14} \cos{\left(a_{31} s \right)} + a_{20} \sin{\left(s \left(a_{0} + \operatorname{acos}{\left(s \right)}\right) \right)} + a_{23} \sin{\left(a_{34} s \right)} + a_{33} \operatorname{acos}{\left(\cos{\left(a_{8} + \operatorname{acos}{\left(s \right)} \right)} \right)} + a_{6} \sin{\left(a_{35} s \right)} - \left(a_{19} + a_{9} s\right) \cos{\left(a_{5} + \left(s - 2\right) \left(a_{3} s + a_{37}\right) \right)} + \left(a_{13} s + a_{16}\right) \tanh{\left(64 s - 64 \sin{\left(a_{38} s \right)} \right)} + \left(a_{30} s + a_{32}\right) \left(4 s \left(a_{2} s \operatorname{asin}{\left(\operatorname{acos}{\left(\operatorname{sech}{\left(s \right)} \right)} \right)} + a_{25} + a_{26} s \left(a_{22} + s\right) \left(a_{11} \sqrt{1 - s^{2}} + a_{15} s \tanh{\left(\sin{\left(4 s \right)} \right)} + a_{24}\right) + a_{4} \sqrt{s + \operatorname{asin}{\left(s \right)}}\right) - \left(a_{21} s - 1\right) \left(a_{10} \sin{\left(a_{28} s \right)} + a_{17} + \sqrt{s} \left(a_{18} + s\right)\right) - \tanh{\left(\operatorname{asin}{\left(\operatorname{sech}{\left(a_{29} s \right)} \right)} \right)}\right)$,$x(s) = a_{1} \operatorname{asin}{\left(\cos{\left(a_{10} + \operatorname{acos}{\left(s \right)} \right)} \right)} + a_{19} \cos{\left(a_{39} s \right)} + a_{2} \sin{\left(\cos{\left(a_{11} + a_{30} s \right)} \right)} + a_{24} \cos{\left(a_{36} s \right)} + a_{25} \sin{\left(s \left(a_{0} + \operatorname{acos}{\left(s \right)}\right) \right)} + a_{26} \sin{\left(a_{38} s \right)} + a_{8} \sin{\left(a_{37} s \right)} + \left(a_{13} + a_{20} s\right) \cos{\left(a_{22} + \left(s - 2\right) \left(a_{4} s + a_{40}\right) \right)} + \left(a_{17} s + a_{18}\right) \tanh{\left(\left(a_{15} - \sin{\left(a_{41} s \right)}\right) \left(a_{32} + a_{5} s\right) \right)} + \left(a_{34} s + a_{35}\right) \left(4 s \left(a_{28} + a_{29} s \left(a_{16} + s\right) \left(a_{12} \sqrt{1 - s^{2}} + a_{23} s \tanh{\left(\sin{\left(4 s \right)} \right)} + a_{27}\right) + a_{3} s \operatorname{asin}{\left(\operatorname{asin}{\left(\tanh{\left(s \right)} \right)} \right)} + a_{6} \sqrt{s + \operatorname{asin}{\left(s \right)}}\right) + \left(a_{9} + 2 s\right) \left(a_{14} \sin{\left(a_{31} s \right)} + a_{21} \sqrt{s} + a_{7}\right) - \tanh{\left(\operatorname{asin}{\left(\operatorname{sech}{\left(a_{33} s \right)} \right)} \right)}\right)$,$x(s) = a_{1} \operatorname{asin}{\left(\cos{\left(a_{10} + \operatorname{acos}{\left(s \right)} \right)} \right)} + a_{19} \cos{\left(a_{39} s \right)} + a_{2} \sin{\left(\cos{\left(a_{11} + a_{30} s \right)} \right)} + a_{24} \cos{\left(a_{36} s \right)} + a_{25} \sin{\left(s \left(a_{0} + \operatorname{acos}{\left(s \right)}\right) \right)} + a_{26} \sin{\left(a_{38} s \right)} + a_{8} \sin{\left(a_{37} s \right)} + \left(a_{13} + a_{20} s\right) \cos{\left(a_{22} + \left(s - 2\right) \left(a_{4} s + a_{40}\right) \right)} + \left(a_{17} s + a_{18}\right) \tanh{\left(\left(a_{15} - \sin{\left(a_{41} s \right)}\right) \left(a_{32} + a_{5} s\right) \right)} + \left(a_{34} s + a_{35}\right) \left(4 s \left(a_{28} + a_{29} s \left(a_{16} + s\right) \left(a_{12} \sqrt{1 - s^{2}} + a_{23} s \tanh{\left(\sin{\left(4 s \right)} \right)} + a_{27}\right) + a_{3} s \operatorname{asin}{\left(\operatorname{asin}{\left(\tanh{\left(s \right)} \right)} \right)} + a_{6} \sqrt{s + \operatorname{asin}{\left(s \right)}}\right) + \left(a_{9} + 2 s\right) \left(a_{14} \sin{\left(a_{31} s \right)} + a_{21} \sqrt{s} + a_{7}\right) - \tanh{\left(\operatorname{asin}{\left(\operatorname{sech}{\left(a_{33} s \right)} \right)} \right)}\right)$
5,event65386_track388-hits,48,144,39,39,42,120,5,1.3410900253444986,2.027948773324899,0.5304311038194593,289.9966745854606,76.38207895000215,12.083194774394192,0.5495113593525335,3.0905414588111513,$z(s) = a_{1} \operatorname{asin}{\left(\cos{\left(a_{10} + \operatorname{acos}{\left(s \right)} \right)} \right)} + a_{15} \tanh{\left(\left(a_{28} + a_{5} s\right) \sin{\left(a_{38} s \right)} \right)} + a_{17} \cos{\left(a_{36} s \right)} + a_{2} \sin{\left(\cos{\left(a_{11} + a_{27} s \right)} \right)} + a_{21} \cos{\left(a_{33} s \right)} + a_{22} \sin{\left(s \left(a_{0} + \operatorname{acos}{\left(s \right)}\right) \right)} + a_{24} \sin{\left(a_{35} s \right)} + a_{8} \sin{\left(a_{34} s \right)} + \left(a_{13} + a_{18} s\right) \cos{\left(a_{20} + \left(a_{37} + a_{4} s\right) \left(s - 2\right) \right)} + \left(a_{30} s + a_{32}\right) \left(4 s \left(a_{25} + a_{3} s \operatorname{asin}{\left(\operatorname{asin}{\left(\tanh{\left(s \right)} \right)} \right)} + a_{6} \sqrt{s + \operatorname{asin}{\left(s \right)}} + 4 s \left(a_{16} + s\right) \left(a_{12} \sqrt{1 - s^{2}} + a_{23} s \tanh{\left(\sin{\left(4 s \right)} \right)} + a_{26}\right)\right) + \left(a_{9} + 2 s\right) \left(a_{14} \sin{\left(a_{29} s \right)} + a_{19} \sqrt{s} + a_{7}\right) - \tanh{\left(\operatorname{asin}{\left(\operatorname{sech}{\left(a_{31} s \right)} \right)} \right)}\right)$,$y(s) = a_{1} \sin{\left(\cos{\left(a_{27} s + a_{7} \right)} \right)} + a_{12} \cos{\left(a_{36} s \right)} + a_{14} \cos{\left(a_{31} s \right)} + a_{20} \sin{\left(s \left(a_{0} + \operatorname{acos}{\left(s \right)}\right) \right)} + a_{23} \sin{\left(a_{34} s \right)} + a_{33} \operatorname{acos}{\left(\cos{\left(a_{8} + \operatorname{acos}{\left(s \right)} \right)} \right)} + a_{6} \sin{\left(a_{35} s \right)} - \left(a_{19} + a_{9} s\right) \cos{\left(a_{5} + \left(s - 2\right) \left(a_{3} s + a_{37}\right) \right)} + \left(a_{13} s + a_{16}\right) \tanh{\left(64 s - 64 \sin{\left(a_{38} s \right)} \right)} + \left(a_{30} s + a_{32}\right) \left(4 s \left(a_{2} s \operatorname{asin}{\left(\operatorname{acos}{\left(\operatorname{sech}{\left(s \right)} \right)} \right)} + a_{25} + a_{26} s \left(a_{22} + s\right) \left(a_{11} \sqrt{1 - s^{2}} + a_{15} s \tanh{\left(\sin{\left(4 s \right)} \right)} + a_{24}\right) + a_{4} \sqrt{s + \operatorname{asin}{\left(s \right)}}\right) - \left(a_{21} s - 1\right) \left(a_{10} \sin{\left(a_{28} s \right)} + a_{17} + \sqrt{s} \left(a_{18} + s\right)\right) - \tanh{\left(\operatorname{asin}{\left(\operatorname{sech}{\left(a_{29} s \right)} \right)} \right)}\right)$,$x(s) = a_{1} \operatorname{asin}{\left(\cos{\left(a_{10} + \operatorname{acos}{\left(s \right)} \right)} \right)} + a_{19} \cos{\left(a_{39} s \right)} + a_{2} \sin{\left(\cos{\left(a_{11} + a_{30} s \right)} \right)} + a_{24} \cos{\left(a_{36} s \right)} + a_{25} \sin{\left(s \left(a_{0} + \operatorname{acos}{\left(s \right)}\right) \right)} + a_{26} \sin{\left(a_{38} s \right)} + a_{8} \sin{\left(a_{37} s \right)} + \left(a_{13} + a_{20} s\right) \cos{\left(a_{22} + \left(s - 2\right) \left(a_{4} s + a_{40}\right) \right)} + \left(a_{17} s + a_{18}\right) \tanh{\left(\left(a_{15} - \sin{\left(a_{41} s \right)}\right) \left(a_{32} + a_{5} s\right) \right)} + \left(a_{34} s + a_{35}\right) \left(4 s \left(a_{28} + a_{29} s \left(a_{16} + s\right) \left(a_{12} \sqrt{1 - s^{2}} + a_{23} s \tanh{\left(\sin{\left(4 s \right)} \right)} + a_{27}\right) + a_{3} s \operatorname{asin}{\left(\operatorname{asin}{\left(\tanh{\left(s \right)} \right)} \right)} + a_{6} \sqrt{s + \operatorname{asin}{\left(s \right)}}\right) + \left(a_{9} + 2 s\right) \left(a_{14} \sin{\left(a_{31} s \right)} + a_{21} \sqrt{s} + a_{7}\right) - \tanh{\left(\operatorname{asin}{\left(\operatorname{sech}{\left(a_{33} s \right)} \right)} \right)}\right)$
6,event65415_track145-hits,29,87,21,21,21,63,5,0.2649738812334084,0.10841660782304513,0.08318003912969418,9.323828272781881,7.236663404283394,0.38849284469924505,0.08825199273516335,1.4820784757486398,$x(s) = a_{14} \sin{\left(\cos{\left(a_{12} s + 3.19564213142574 \right)} \right)} + a_{16} + a_{6} \cos{\left(a_{17} s \right)} + a_{7} \sin{\left(a_{18} s \right)} + \left(a_{15} s + 4.98154578530752\right) \left(4 s \left(a_{1} s \operatorname{asin}{\left(\operatorname{asin}{\left(\tanh{\left(s \right)} \right)} \right)} + a_{10} s \left(s + 0.0134870156781597\right) \left(a_{11} - 0.017503085789641 s \tanh{\left(\sin{\left(4 s \right)} \right)} - 0.450614826294794 \sqrt{1 - s^{2}}\right) + a_{2} \sqrt{\sqrt{s} + \operatorname{asin}{\left(s \right)}} + a_{9}\right) + \left(a_{3} + 4 s\right) \left(a_{4} + a_{5} \sqrt{s} + a_{8} \sin{\left(a_{13} s \right)}\right) - \tanh{\left(\operatorname{asin}{\left(\operatorname{sech}{\left(5.6839434852917 s \right)} \right)} \right)}\right) + 0.000668810464601903 \sin{\left(a_{19} s \right)} + 0.00289842149959624 \sin{\left(s \left(a_{0} + \operatorname{acos}{\left(s \right)}\right) \right)} + 0.000623964504492596 \cos{\left(a_{20} s \right)} - 0.49633536500747 \operatorname{asin}{\left(\cos{\left(\operatorname{acos}{\left(s \right)} - 0.802742285270038 \right)} \right)}$,$y(s) = a_{14} \sin{\left(\cos{\left(a_{10} + 4.30674369656515 s \right)} \right)} + a_{16} + a_{4} \cos{\left(a_{20} s \right)} + a_{5} \sin{\left(a_{19} s \right)} + \left(a_{11} + a_{15} s\right) \left(4 s \left(a_{1} s \operatorname{asin}{\left(\operatorname{asin}{\left(\tanh{\left(s \right)} \right)} \right)} + a_{8} + a_{9} s \left(a_{7} + s\right) \left(a_{12} - 0.0163348612181324 s \tanh{\left(\sin{\left(4 s \right)} \right)} - 0.455016066205459 \sqrt{1 - s^{2}}\right) - 5.80207456348123 \sqrt{\sqrt{s} + \operatorname{asin}{\left(s \right)}}\right) + \left(a_{2} + 4 s\right) \left(a_{6} \sin{\left(a_{13} s \right)} + 0.603433259507675 \sqrt{s} + 2.67458549611742\right) - \tanh{\left(\operatorname{asin}{\left(\operatorname{sech}{\left(5.65077849988401 s \right)} \right)} \right)}\right) - 0.000334426650014709 \sin{\left(a_{18} s \right)} + 0.00278916735581463 \sin{\left(s \left(a_{0} + \operatorname{acos}{\left(s \right)}\right) \right)} + 0.00373359883408793 \cos{\left(a_{17} s \right)} - 0.479013271010752 \operatorname{asin}{\left(\cos{\left(a_{3} + \operatorname{acos}{\left(s \right)} \right)} \right)}$,$z(s) = a_{14} \sin{\left(\cos{\left(a_{12} s + 3.19908372347864 \right)} \right)} + a_{16} + a_{4} \sin{\left(s \left(a_{0} + \operatorname{acos}{\left(s \right)}\right) \right)} + a_{5} \cos{\left(a_{17} s \right)} + a_{6} \cos{\left(a_{20} s \right)} + a_{7} \sin{\left(a_{18} s \right)} + a_{8} \sin{\left(a_{19} s \right)} + \left(a_{15} s + 4.95693844355651\right) \left(4 s \left(a_{1} s \operatorname{asin}{\left(\operatorname{asin}{\left(\tanh{\left(s \right)} \right)} \right)} + a_{10} s \left(s + 0.0165277213916615\right) \left(a_{11} - 0.0170953672188301 s \tanh{\left(\sin{\left(4 s \right)} \right)} - 0.45186637110654 \sqrt{1 - s^{2}}\right) + a_{2} \sqrt{\sqrt{s} + \operatorname{asin}{\left(s \right)}} + 2.6101696562203\right) + \left(a_{3} + 4 s\right) \left(a_{9} \sin{\left(a_{13} s \right)} + 0.599451678286101 \sqrt{s} + 2.63175897944836\right) - \tanh{\left(\operatorname{asin}{\left(\operatorname{sech}{\left(5.67300314508095 s \right)} \right)} \right)}\right) - 0.492161174249544 \operatorname{asin}{\left(\cos{\left(\operatorname{acos}{\left(s \right)} - 0.802732791241311 \right)} \right)}$
7,event65522_track149-hits,43,129,39,39,39,117,5,1.9112688801936861,3.1286350981873277,0.4627020087952837,400.46529256797794,59.6885591345916,33.37210771399816,0.48135934785960965,4.238861655568668,$y(s) = a_{1} \sin{\left(\cos{\left(a_{27} s + a_{7} \right)} \right)} + a_{12} \cos{\left(a_{36} s \right)} + a_{14} \cos{\left(a_{31} s \right)} + a_{20} \sin{\left(s \left(a_{0} + \operatorname{acos}{\left(s \right)}\right) \right)} + a_{23} \sin{\left(a_{34} s \right)} + a_{33} \operatorname{acos}{\left(\cos{\left(a_{8} + \operatorname{acos}{\left(s \right)} \right)} \right)} + a_{6} \sin{\left(a_{35} s \right)} - \left(a_{19} + a_{9} s\right) \cos{\left(a_{5} + \left(s - 2\right) \left(a_{3} s + a_{37}\right) \right)} + \left(a_{13} s + a_{16}\right) \tanh{\left(64 s - 64 \sin{\left(a_{38} s \right)} \right)} + \left(a_{30} s + a_{32}\right) \left(4 s \left(a_{2} s \operatorname{asin}{\left(\operatorname{acos}{\left(\operatorname{sech}{\left(s \right)} \right)} \right)} + a_{25} + a_{26} s \left(a_{22} + s\right) \left(a_{11} \sqrt{1 - s^{2}} + a_{15} s \tanh{\left(\sin{\left(4 s \right)} \right)} + a_{24}\right) + a_{4} \sqrt{s + \operatorname{asin}{\left(s \right)}}\right) - \left(a_{21} s - 1\right) \left(a_{10} \sin{\left(a_{28} s \right)} + a_{17} + \sqrt{s} \left(a_{18} + s\right)\right) - \tanh{\left(\operatorname{asin}{\left(\operatorname{sech}{\left(a_{29} s \right)} \right)} \right)}\right)$,$y(s) = a_{1} \sin{\left(\cos{\left(a_{27} s + a_{7} \right)} \right)} + a_{12} \cos{\left(a_{36} s \right)} + a_{14} \cos{\left(a_{31} s \right)} + a_{20} \sin{\left(s \left(a_{0} + \operatorname{acos}{\left(s \right)}\right) \right)} + a_{23} \sin{\left(a_{34} s \right)} + a_{33} \operatorname{acos}{\left(\cos{\left(a_{8} + \operatorname{acos}{\left(s \right)} \right)} \right)} + a_{6} \sin{\left(a_{35} s \right)} - \left(a_{19} + a_{9} s\right) \cos{\left(a_{5} + \left(s - 2\right) \left(a_{3} s + a_{37}\right) \right)} + \left(a_{13} s + a_{16}\right) \tanh{\left(64 s - 64 \sin{\left(a_{38} s \right)} \right)} + \left(a_{30} s + a_{32}\right) \left(4 s \left(a_{2} s \operatorname{asin}{\left(\operatorname{acos}{\left(\operatorname{sech}{\left(s \right)} \right)} \right)} + a_{25} + a_{26} s \left(a_{22} + s\right) \left(a_{11} \sqrt{1 - s^{2}} + a_{15} s \tanh{\left(\sin{\left(4 s \right)} \right)} + a_{24}\right) + a_{4} \sqrt{s + \operatorname{asin}{\left(s \right)}}\right) - \left(a_{21} s - 1\right) \left(a_{10} \sin{\left(a_{28} s \right)} + a_{17} + \sqrt{s} \left(a_{18} + s\right)\right) - \tanh{\left(\operatorname{asin}{\left(\operatorname{sech}{\left(a_{29} s \right)} \right)} \right)}\right)$,$y(s) = a_{1} \sin{\left(\cos{\left(a_{27} s + a_{7} \right)} \right)} + a_{12} \cos{\left(a_{36} s \right)} + a_{14} \cos{\left(a_{31} s \right)} + a_{20} \sin{\left(s \left(a_{0} + \operatorname{acos}{\left(s \right)}\right) \right)} + a_{23} \sin{\left(a_{34} s \right)} + a_{33} \operatorname{acos}{\left(\cos{\left(a_{8} + \operatorname{acos}{\left(s \right)} \right)} \right)} + a_{6} \sin{\left(a_{35} s \right)} - \left(a_{19} + a_{9} s\right) \cos{\left(a_{5} + \left(s - 2\right) \left(a_{3} s + a_{37}\right) \right)} + \left(a_{13} s + a_{16}\right) \tanh{\left(64 s - 64 \sin{\left(a_{38} s \right)} \right)} + \left(a_{30} s + a_{32}\right) \left(4 s \left(a_{2} s \operatorname{asin}{\left(\operatorname{acos}{\left(\operatorname{sech}{\left(s \right)} \right)} \right)} + a_{25} + a_{26} s \left(a_{22} + s\right) \left(a_{11} \sqrt{1 - s^{2}} + a_{15} s \tanh{\left(\sin{\left(4 s \right)} \right)} + a_{24}\right) + a_{4} \sqrt{s + \operatorname{asin}{\left(s \right)}}\right) - \left(a_{21} s - 1\right) \left(a_{10} \sin{\left(a_{28} s \right)} + a_{17} + \sqrt{s} \left(a_{18} + s\right)\right) - \tanh{\left(\operatorname{asin}{\left(\operatorname{sech}{\left(a_{29} s \right)} \right)} \right)}\right)$
8,event65535_track125-hits,50,150,42,39,39,120,5,1.4603000292270811,0.65788630466386,0.1527392314820032,98.02505939491515,22.91088472230048,3.267501979830505,0.15800610153310676,3.0291474018347033,$x(s) = a_{1} \operatorname{asin}{\left(\cos{\left(a_{10} + \operatorname{acos}{\left(s \right)} \right)} \right)} + a_{19} \cos{\left(a_{39} s \right)} + a_{2} \sin{\left(\cos{\left(a_{11} + a_{30} s \right)} \right)} + a_{24} \cos{\left(a_{36} s \right)} + a_{25} \sin{\left(s \left(a_{0} + \operatorname{acos}{\left(s \right)}\right) \right)} + a_{26} \sin{\left(a_{38} s \right)} + a_{8} \sin{\left(a_{37} s \right)} + \left(a_{13} + a_{20} s\right) \cos{\left(a_{22} + \left(s - 2\right) \left(a_{4} s + a_{40}\right) \right)} + \left(a_{17} s + a_{18}\right) \tanh{\left(\left(a_{15} - \sin{\left(a_{41} s \right)}\right) \left(a_{32} + a_{5} s\right) \right)} + \left(a_{34} s + a_{35}\right) \left(4 s \left(a_{28} + a_{29} s \left(a_{16} + s\right) \left(a_{12} \sqrt{1 - s^{2}} + a_{23} s \tanh{\left(\sin{\left(4 s \right)} \right)} + a_{27}\right) + a_{3} s \operatorname{asin}{\left(\operatorname{asin}{\left(\tanh{\left(s \right)} \right)} \right)} + a_{6} \sqrt{s + \operatorname{asin}{\left(s \right)}}\right) + \left(a_{9} + 2 s\right) \left(a_{14} \sin{\left(a_{31} s \right)} + a_{21} \sqrt{s} + a_{7}\right) - \tanh{\left(\operatorname{asin}{\left(\operatorname{sech}{\left(a_{33} s \right)} \right)} \right)}\right)$,$y(s) = a_{1} \sin{\left(\cos{\left(a_{27} s + a_{7} \right)} \right)} + a_{12} \cos{\left(a_{36} s \right)} + a_{14} \cos{\left(a_{31} s \right)} + a_{20} \sin{\left(s \left(a_{0} + \operatorname{acos}{\left(s \right)}\right) \right)} + a_{23} \sin{\left(a_{34} s \right)} + a_{33} \operatorname{acos}{\left(\cos{\left(a_{8} + \operatorname{acos}{\left(s \right)} \right)} \right)} + a_{6} \sin{\left(a_{35} s \right)} - \left(a_{19} + a_{9} s\right) \cos{\left(a_{5} + \left(s - 2\right) \left(a_{3} s + a_{37}\right) \right)} + \left(a_{13} s + a_{16}\right) \tanh{\left(64 s - 64 \sin{\left(a_{38} s \right)} \right)} + \left(a_{30} s + a_{32}\right) \left(4 s \left(a_{2} s \operatorname{asin}{\left(\operatorname{acos}{\left(\operatorname{sech}{\left(s \right)} \right)} \right)} + a_{25} + a_{26} s \left(a_{22} + s\right) \left(a_{11} \sqrt{1 - s^{2}} + a_{15} s \tanh{\left(\sin{\left(4 s \right)} \right)} + a_{24}\right) + a_{4} \sqrt{s + \operatorname{asin}{\left(s \right)}}\right) - \left(a_{21} s - 1\right) \left(a_{10} \sin{\left(a_{28} s \right)} + a_{17} + \sqrt{s} \left(a_{18} + s\right)\right) - \tanh{\left(\operatorname{asin}{\left(\operatorname{sech}{\left(a_{29} s \right)} \right)} \right)}\right)$,$y(s) = a_{1} \sin{\left(\cos{\left(a_{27} s + a_{7} \right)} \right)} + a_{12} \cos{\left(a_{36} s \right)} + a_{14} \cos{\left(a_{31} s \right)} + a_{20} \sin{\left(s \left(a_{0} + \operatorname{acos}{\left(s \right)}\right) \right)} + a_{23} \sin{\left(a_{34} s \right)} + a_{33} \operatorname{acos}{\left(\cos{\left(a_{8} + \operatorname{acos}{\left(s \right)} \right)} \right)} + a_{6} \sin{\left(a_{35} s \right)} - \left(a_{19} + a_{9} s\right) \cos{\left(a_{5} + \left(s - 2\right) \left(a_{3} s + a_{37}\right) \right)} + \left(a_{13} s + a_{16}\right) \tanh{\left(64 s - 64 \sin{\left(a_{38} s \right)} \right)} + \left(a_{30} s + a_{32}\right) \left(4 s \left(a_{2} s \operatorname{asin}{\left(\operatorname{acos}{\left(\operatorname{sech}{\left(s \right)} \right)} \right)} + a_{25} + a_{26} s \left(a_{22} + s\right) \left(a_{11} \sqrt{1 - s^{2}} + a_{15} s \tanh{\left(\sin{\left(4 s \right)} \right)} + a_{24}\right) + a_{4} \sqrt{s + \operatorname{asin}{\left(s \right)}}\right) - \left(a_{21} s - 1\right) \left(a_{10} \sin{\left(a_{28} s \right)} + a_{17} + \sqrt{s} \left(a_{18} + s\right)\right) - \tanh{\left(\operatorname{asin}{\left(\operatorname{sech}{\left(a_{29} s \right)} \right)} \right)}\right)$
9,event65576_track145-hits,46,138,39,39,32,110,5,0.7917842496345427,11.406079297986093,5.167361630704835,1562.6328638240948,713.0959050372671,55.80831656514624,5.3616233461448655,2.342656108352013,$y(s) = a_{1} \sin{\left(\cos{\left(a_{27} s + a_{7} \right)} \right)} + a_{12} \cos{\left(a_{36} s \right)} + a_{14} \cos{\left(a_{31} s \right)} + a_{20} \sin{\left(s \left(a_{0} + \operatorname{acos}{\left(s \right)}\right) \right)} + a_{23} \sin{\left(a_{34} s \right)} + a_{33} \operatorname{acos}{\left(\cos{\left(a_{8} + \operatorname{acos}{\left(s \right)} \right)} \right)} + a_{6} \sin{\left(a_{35} s \right)} - \left(a_{19} + a_{9} s\right) \cos{\left(a_{5} + \left(s - 2\right) \left(a_{3} s + a_{37}\right) \right)} + \left(a_{13} s + a_{16}\right) \tanh{\left(64 s - 64 \sin{\left(a_{38} s \right)} \right)} + \left(a_{30} s + a_{32}\right) \left(4 s \left(a_{2} s \operatorname{asin}{\left(\operatorname{acos}{\left(\operatorname{sech}{\left(s \right)} \right)} \right)} + a_{25} + a_{26} s \left(a_{22} + s\right) \left(a_{11} \sqrt{1 - s^{2}} + a_{15} s \tanh{\left(\sin{\left(4 s \right)} \right)} + a_{24}\right) + a_{4} \sqrt{s + \operatorname{asin}{\left(s \right)}}\right) - \left(a_{21} s - 1\right) \left(a_{10} \sin{\left(a_{28} s \right)} + a_{17} + \sqrt{s} \left(a_{18} + s\right)\right) - \tanh{\left(\operatorname{asin}{\left(\operatorname{sech}{\left(a_{29} s \right)} \right)} \right)}\right)$,$z(s) = a_{1} \operatorname{asin}{\left(\cos{\left(a_{10} + \operatorname{acos}{\left(s \right)} \right)} \right)} + a_{15} \tanh{\left(\left(a_{28} + a_{5} s\right) \sin{\left(a_{38} s \right)} \right)} + a_{17} \cos{\left(a_{36} s \right)} + a_{2} \sin{\left(\cos{\left(a_{11} + a_{27} s \right)} \right)} + a_{21} \cos{\left(a_{33} s \right)} + a_{22} \sin{\left(s \left(a_{0} + \operatorname{acos}{\left(s \right)}\right) \right)} + a_{24} \sin{\left(a_{35} s \right)} + a_{8} \sin{\left(a_{34} s \right)} + \left(a_{13} + a_{18} s\right) \cos{\left(a_{20} + \left(a_{37} + a_{4} s\right) \left(s - 2\right) \right)} + \left(a_{30} s + a_{32}\right) \left(4 s \left(a_{25} + a_{3} s \operatorname{asin}{\left(\operatorname{asin}{\left(\tanh{\left(s \right)} \right)} \right)} + a_{6} \sqrt{s + \operatorname{asin}{\left(s \right)}} + 4 s \left(a_{16} + s\right) \left(a_{12} \sqrt{1 - s^{2}} + a_{23} s \tanh{\left(\sin{\left(4 s \right)} \right)} + a_{26}\right)\right) + \left(a_{9} + 2 s\right) \left(a_{14} \sin{\left(a_{29} s \right)} + a_{19} \sqrt{s} + a_{7}\right) - \tanh{\left(\operatorname{asin}{\left(\operatorname{sech}{\left(a_{31} s \right)} \right)} \right)}\right)$,$y(s) = a_{1} \operatorname{asin}{\left(\cos{\left(a_{6} + \operatorname{acos}{\left(s \right)} \right)} \right)} + a_{10} \cos{\left(a_{31} s \right)} + a_{11} \sin{\left(a_{30} s \right)} + a_{12} \sin{\left(s \left(a_{0} + \operatorname{acos}{\left(s \right)}\right) \right)} + a_{13} \sin{\left(a_{29} s \right)} + a_{24} \sin{\left(\cos{\left(a_{18} + a_{22} s \right)} \right)} + a_{27} + a_{9} \cos{\left(a_{28} s \right)} + \left(a_{20} + a_{26} s\right) \left(4 s \left(a_{17} + a_{19} s \left(a_{15} + s\right) \left(a_{16} s \tanh{\left(\sin{\left(4 s \right)} \right)} + a_{21} + a_{7} \sqrt{1 - s^{2}}\right) + a_{2} s \operatorname{asin}{\left(\operatorname{asin}{\left(\tanh{\left(s \right)} \right)} \right)} + a_{3} \sqrt{\sqrt{s} + \operatorname{asin}{\left(s \right)}}\right) + \left(a_{4} + 4 s\right) \left(a_{14} \sqrt{s} + a_{5} + a_{8} \sin{\left(a_{23} s \right)}\right) - \tanh{\left(\operatorname{asin}{\left(\operatorname{sech}{\left(a_{25} s \right)} \right)} \right)}\right)$
10,event65590_track299-hits,48,144,39,32,39,110,5,0.28044867104281435,1.988988249605752,1.5025706697885484,284.42531969362255,216.37017644955097,8.365450579224193,1.5566199744572011,1.6815934102412515,$y(s) = a_{1} \sin{\left(\cos{\left(a_{27} s + a_{7} \right)} \right)} + a_{12} \cos{\left(a_{36} s \right)} + a_{14} \cos{\left(a_{31} s \right)} + a_{20} \sin{\left(s \left(a_{0} + \operatorname{acos}{\left(s \right)}\right) \right)} + a_{23} \sin{\left(a_{34} s \right)} + a_{33} \operatorname{acos}{\left(\cos{\left(a_{8} + \operatorname{acos}{\left(s \right)} \right)} \right)} + a_{6} \sin{\left(a_{35} s \right)} - \left(a_{19} + a_{9} s\right) \cos{\left(a_{5} + \left(s - 2\right) \left(a_{3} s + a_{37}\right) \right)} + \left(a_{13} s + a_{16}\right) \tanh{\left(64 s - 64 \sin{\left(a_{38} s \right)} \right)} + \left(a_{30} s + a_{32}\right) \left(4 s \left(a_{2} s \operatorname{asin}{\left(\operatorname{acos}{\left(\operatorname{sech}{\left(s \right)} \right)} \right)} + a_{25} + a_{26} s \left(a_{22} + s\right) \left(a_{11} \sqrt{1 - s^{2}} + a_{15} s \tanh{\left(\sin{\left(4 s \right)} \right)} + a_{24}\right) + a_{4} \sqrt{s + \operatorname{asin}{\left(s \right)}}\right) - \left(a_{21} s - 1\right) \left(a_{10} \sin{\left(a_{28} s \right)} + a_{17} + \sqrt{s} \left(a_{18} + s\right)\right) - \tanh{\left(\operatorname{asin}{\left(\operatorname{sech}{\left(a_{29} s \right)} \right)} \right)}\right)$,$y(s) = a_{1} \operatorname{asin}{\left(\cos{\left(a_{7} + \operatorname{acos}{\left(s \right)} \right)} \right)} + a_{10} \cos{\left(a_{28} s \right)} + a_{11} \cos{\left(a_{31} s \right)} + a_{12} \sin{\left(a_{29} s \right)} + a_{13} \sin{\left(a_{30} s \right)} + a_{24} \sin{\left(\cos{\left(a_{19} + a_{22} s \right)} \right)} + a_{27} + a_{9} \sin{\left(s \left(a_{0} + \operatorname{acos}{\left(s \right)}\right) \right)} + \left(a_{20} + a_{26} s\right) \left(4 s \left(a_{17} + a_{18} s \left(a_{16} + s\right) \left(a_{14} s \tanh{\left(\sin{\left(4 s \right)} \right)} + a_{21} + a_{8} \sqrt{1 - s^{2}}\right) + a_{2} s \operatorname{asin}{\left(\operatorname{asin}{\left(\tanh{\left(s \right)} \right)} \right)} + a_{3} \sqrt{\sqrt{s} + \operatorname{asin}{\left(s \right)}}\right) + \left(a_{4} + 4 s\right) \left(a_{15} \sin{\left(a_{23} s \right)} + a_{5} + a_{6} \sqrt{s}\right) - \tanh{\left(\operatorname{asin}{\left(\operatorname{sech}{\left(a_{25} s \right)} \right)} \right)}\right)$,$y(s) = a_{1} \sin{\left(\cos{\left(a_{27} s + a_{7} \right)} \right)} + a_{12} \cos{\left(a_{36} s \right)} + a_{14} \cos{\left(a_{31} s \right)} + a_{20} \sin{\left(s \left(a_{0} + \operatorname{acos}{\left(s \right)}\right) \right)} + a_{23} \sin{\left(a_{34} s \right)} + a_{33} \operatorname{acos}{\left(\cos{\left(a_{8} + \operatorname{acos}{\left(s \right)} \right)} \right)} + a_{6} \sin{\left(a_{35} s \right)} - \left(a_{19} + a_{9} s\right) \cos{\left(a_{5} + \left(s - 2\right) \left(a_{3} s + a_{37}\right) \right)} + \left(a_{13} s + a_{16}\right) \tanh{\left(64 s - 64 \sin{\left(a_{38} s \right)} \right)} + \left(a_{30} s + a_{32}\right) \left(4 s \left(a_{2} s \operatorname{asin}{\left(\operatorname{acos}{\left(\operatorname{sech}{\left(s \right)} \right)} \right)} + a_{25} + a_{26} s \left(a_{22} + s\right) \left(a_{11} \sqrt{1 - s^{2}} + a_{15} s \tanh{\left(\sin{\left(4 s \right)} \right)} + a_{24}\right) + a_{4} \sqrt{s + \operatorname{asin}{\left(s \right)}}\right) - \left(a_{21} s - 1\right) \left(a_{10} \sin{\left(a_{28} s \right)} + a_{17} + \sqrt{s} \left(a_{18} + s\right)\right) - \tanh{\left(\operatorname{asin}{\left(\operatorname{sech}{\left(a_{29} s \right)} \right)} \right)}\right)$
11,event65669_track205-hits,32,96,16,21,16,53,5,0.9937470123503211,0.02977270201273786,0.011021467055516878,2.828406691210097,1.0580608373296203,0.06577689979558365,0.011627042168457367,1.7329351033063134,$x(s) = a_{13} + \left(- s - \sin{\left(\sin{\left(\sin{\left(a_{6} + s \right)} \right)} \right)}\right) \left(a_{1} \operatorname{acos}{\left(s \right)} + a_{14} + \left(a_{0} + a_{12} \left(a_{2} - 32 s\right) \left(- \sin{\left(4 \cos{\left(s \right)} \right)} + \operatorname{sech}{\left(s \right)}\right) + a_{12} \tanh{\left(8 s \right)} + a_{15} \sqrt{1 - \cos^{2}{\left(s \right)}} + a_{3} s \left(2 s - \tanh{\left(4 s \right)}\right) \left(s - \cos{\left(a_{11} s \right)} + 2\right) + a_{4} \left(32 \operatorname{asin}{\left(s \right)} + 64\right) \left(a_{5} + s \left(a_{10} + a_{9} s \left(a_{7} + s\right) \operatorname{acos}{\left(s \right)}\right) + s + \operatorname{sech}{\left(s \right)}\right)\right) \operatorname{acos}{\left(\operatorname{sech}{\left(\cos{\left(a_{8} + s \right)} \right)} \right)}\right)$,$y(s) = a_{14} \sin{\left(\cos{\left(a_{10} + 4.30674369656515 s \right)} \right)} + a_{16} + a_{4} \cos{\left(a_{20} s \right)} + a_{5} \sin{\left(a_{19} s \right)} + \left(a_{11} + a_{15} s\right) \left(4 s \left(a_{1} s \operatorname{asin}{\left(\operatorname{asin}{\left(\tanh{\left(s \right)} \right)} \right)} + a_{8} + a_{9} s \left(a_{7} + s\right) \left(a_{12} - 0.0163348612181324 s \tanh{\left(\sin{\left(4 s \right)} \right)} - 0.455016066205459 \sqrt{1 - s^{2}}\right) - 5.80207456348123 \sqrt{\sqrt{s} + \operatorname{asin}{\left(s \right)}}\right) + \left(a_{2} + 4 s\right) \left(a_{6} \sin{\left(a_{13} s \right)} + 0.603433259507675 \sqrt{s} + 2.67458549611742\right) - \tanh{\left(\operatorname{asin}{\left(\operatorname{sech}{\left(5.65077849988401 s \right)} \right)} \right)}\right) - 0.000334426650014709 \sin{\left(a_{18} s \right)} + 0.00278916735581463 \sin{\left(s \left(a_{0} + \operatorname{acos}{\left(s \right)}\right) \right)} + 0.00373359883408793 \cos{\left(a_{17} s \right)} - 0.479013271010752 \operatorname{asin}{\left(\cos{\left(a_{3} + \operatorname{acos}{\left(s \right)} \right)} \right)}$,$x(s) = a_{13} + \left(- s - \sin{\left(\sin{\left(\sin{\left(a_{6} + s \right)} \right)} \right)}\right) \left(a_{1} \operatorname{acos}{\left(s \right)} + a_{14} + \left(a_{0} + a_{12} \left(a_{2} - 32 s\right) \left(- \sin{\left(4 \cos{\left(s \right)} \right)} + \operatorname{sech}{\left(s \right)}\right) + a_{12} \tanh{\left(8 s \right)} + a_{15} \sqrt{1 - \cos^{2}{\left(s \right)}} + a_{3} s \left(2 s - \tanh{\left(4 s \right)}\right) \left(s - \cos{\left(a_{11} s \right)} + 2\right) + a_{4} \left(32 \operatorname{asin}{\left(s \right)} + 64\right) \left(a_{5} + s \left(a_{10} + a_{9} s \left(a_{7} + s\right) \operatorname{acos}{\left(s \right)}\right) + s + \operatorname{sech}{\left(s \right)}\right)\right) \operatorname{acos}{\left(\operatorname{sech}{\left(\cos{\left(a_{8} + s \right)} \right)} \right)}\right)$
12,event65687_track244-hits,40,120,32,32,32,96,5,1.4037764967719626,0.39158631788586057,0.09620001121671949,46.598771828417405,11.54400134600634,1.9416154928507252,0.10038262040005513,2.96228654511675,$y(s) = a_{1} \operatorname{asin}{\left(\cos{\left(a_{7} + \operatorname{acos}{\left(s \right)} \right)} \right)} + a_{10} \cos{\left(a_{28} s \right)} + a_{11} \cos{\left(a_{31} s \right)} + a_{12} \sin{\left(a_{29} s \right)} + a_{13} \sin{\left(a_{30} s \right)} + a_{24} \sin{\left(\cos{\left(a_{19} + a_{22} s \right)} \right)} + a_{27} + a_{9} \sin{\left(s \left(a_{0} + \operatorname{acos}{\left(s \right)}\right) \right)} + \left(a_{20} + a_{26} s\right) \left(4 s \left(a_{17} + a_{18} s \left(a_{16} + s\right) \left(a_{14} s \tanh{\left(\sin{\left(4 s \right)} \right)} + a_{21} + a_{8} \sqrt{1 - s^{2}}\right) + a_{2} s \operatorname{asin}{\left(\operatorname{asin}{\left(\tanh{\left(s \right)} \right)} \right)} + a_{3} \sqrt{\sqrt{s} + \operatorname{asin}{\left(s \right)}}\right) + \left(a_{4} + 4 s\right) \left(a_{15} \sin{\left(a_{23} s \right)} + a_{5} + a_{6} \sqrt{s}\right) - \tanh{\left(\operatorname{asin}{\left(\operatorname{sech}{\left(a_{25} s \right)} \right)} \right)}\right)$,$y(s) = a_{1} \operatorname{asin}{\left(\cos{\left(a_{7} + \operatorname{acos}{\left(s \right)} \right)} \right)} + a_{10} \cos{\left(a_{28} s \right)} + a_{11} \cos{\left(a_{31} s \right)} + a_{12} \sin{\left(a_{29} s \right)} + a_{13} \sin{\left(a_{30} s \right)} + a_{24} \sin{\left(\cos{\left(a_{19} + a_{22} s \right)} \right)} + a_{27} + a_{9} \sin{\left(s \left(a_{0} + \operatorname{acos}{\left(s \right)}\right) \right)} + \left(a_{20} + a_{26} s\right) \left(4 s \left(a_{17} + a_{18} s \left(a_{16} + s\right) \left(a_{14} s \tanh{\left(\sin{\left(4 s \right)} \right)} + a_{21} + a_{8} \sqrt{1 - s^{2}}\right) + a_{2} s \operatorname{asin}{\left(\operatorname{asin}{\left(\tanh{\left(s \right)} \right)} \right)} + a_{3} \sqrt{\sqrt{s} + \operatorname{asin}{\left(s \right)}}\right) + \left(a_{4} + 4 s\right) \left(a_{15} \sin{\left(a_{23} s \right)} + a_{5} + a_{6} \sqrt{s}\right) - \tanh{\left(\operatorname{asin}{\left(\operatorname{sech}{\left(a_{25} s \right)} \right)} \right)}\right)$,$y(s) = a_{1} \operatorname{asin}{\left(\cos{\left(a_{7} + \operatorname{acos}{\left(s \right)} \right)} \right)} + a_{10} \cos{\left(a_{28} s \right)} + a_{11} \cos{\left(a_{31} s \right)} + a_{12} \sin{\left(a_{29} s \right)} + a_{13} \sin{\left(a_{30} s \right)} + a_{24} \sin{\left(\cos{\left(a_{19} + a_{22} s \right)} \right)} + a_{27} + a_{9} \sin{\left(s \left(a_{0} + \operatorname{acos}{\left(s \right)}\right) \right)} + \left(a_{20} + a_{26} s\right) \left(4 s \left(a_{17} + a_{18} s \left(a_{16} + s\right) \left(a_{14} s \tanh{\left(\sin{\left(4 s \right)} \right)} + a_{21} + a_{8} \sqrt{1 - s^{2}}\right) + a_{2} s \operatorname{asin}{\left(\operatorname{asin}{\left(\tanh{\left(s \right)} \right)} \right)} + a_{3} \sqrt{\sqrt{s} + \operatorname{asin}{\left(s \right)}}\right) + \left(a_{4} + 4 s\right) \left(a_{15} \sin{\left(a_{23} s \right)} + a_{5} + a_{6} \sqrt{s}\right) - \tanh{\left(\operatorname{asin}{\left(\operatorname{sech}{\left(a_{25} s \right)} \right)} \right)}\right)$
13,event65753_track25-hits,45,135,39,39,39,117,5,-0.23036604977494918,21.36099909640492,26.894796707491032,2862.3738789182594,3630.7975555112894,159.0207710510144,27.929211965471456,1.7393616642969505,$z(s) = a_{1} \operatorname{asin}{\left(\cos{\left(a_{10} + \operatorname{acos}{\left(s \right)} \right)} \right)} + a_{15} \tanh{\left(\left(a_{28} + a_{5} s\right) \sin{\left(a_{38} s \right)} \right)} + a_{17} \cos{\left(a_{36} s \right)} + a_{2} \sin{\left(\cos{\left(a_{11} + a_{27} s \right)} \right)} + a_{21} \cos{\left(a_{33} s \right)} + a_{22} \sin{\left(s \left(a_{0} + \operatorname{acos}{\left(s \right)}\right) \right)} + a_{24} \sin{\left(a_{35} s \right)} + a_{8} \sin{\left(a_{34} s \right)} + \left(a_{13} + a_{18} s\right) \cos{\left(a_{20} + \left(a_{37} + a_{4} s\right) \left(s - 2\right) \right)} + \left(a_{30} s + a_{32}\right) \left(4 s \left(a_{25} + a_{3} s \operatorname{asin}{\left(\operatorname{asin}{\left(\tanh{\left(s \right)} \right)} \right)} + a_{6} \sqrt{s + \operatorname{asin}{\left(s \right)}} + 4 s \left(a_{16} + s\right) \left(a_{12} \sqrt{1 - s^{2}} + a_{23} s \tanh{\left(\sin{\left(4 s \right)} \right)} + a_{26}\right)\right) + \left(a_{9} + 2 s\right) \left(a_{14} \sin{\left(a_{29} s \right)} + a_{19} \sqrt{s} + a_{7}\right) - \tanh{\left(\operatorname{asin}{\left(\operatorname{sech}{\left(a_{31} s \right)} \right)} \right)}\right)$,$y(s) = a_{1} \sin{\left(\cos{\left(a_{27} s + a_{7} \right)} \right)} + a_{12} \cos{\left(a_{36} s \right)} + a_{14} \cos{\left(a_{31} s \right)} + a_{20} \sin{\left(s \left(a_{0} + \operatorname{acos}{\left(s \right)}\right) \right)} + a_{23} \sin{\left(a_{34} s \right)} + a_{33} \operatorname{acos}{\left(\cos{\left(a_{8} + \operatorname{acos}{\left(s \right)} \right)} \right)} + a_{6} \sin{\left(a_{35} s \right)} - \left(a_{19} + a_{9} s\right) \cos{\left(a_{5} + \left(s - 2\right) \left(a_{3} s + a_{37}\right) \right)} + \left(a_{13} s + a_{16}\right) \tanh{\left(64 s - 64 \sin{\left(a_{38} s \right)} \right)} + \left(a_{30} s + a_{32}\right) \left(4 s \left(a_{2} s \operatorname{asin}{\left(\operatorname{acos}{\left(\operatorname{sech}{\left(s \right)} \right)} \right)} + a_{25} + a_{26} s \left(a_{22} + s\right) \left(a_{11} \sqrt{1 - s^{2}} + a_{15} s \tanh{\left(\sin{\left(4 s \right)} \right)} + a_{24}\right) + a_{4} \sqrt{s + \operatorname{asin}{\left(s \right)}}\right) - \left(a_{21} s - 1\right) \left(a_{10} \sin{\left(a_{28} s \right)} + a_{17} + \sqrt{s} \left(a_{18} + s\right)\right) - \tanh{\left(\operatorname{asin}{\left(\operatorname{sech}{\left(a_{29} s \right)} \right)} \right)}\right)$,$z(s) = a_{1} \operatorname{asin}{\left(\cos{\left(a_{10} + \operatorname{acos}{\left(s \right)} \right)} \right)} + a_{15} \tanh{\left(\left(a_{28} + a_{5} s\right) \sin{\left(a_{38} s \right)} \right)} + a_{17} \cos{\left(a_{36} s \right)} + a_{2} \sin{\left(\cos{\left(a_{11} + a_{27} s \right)} \right)} + a_{21} \cos{\left(a_{33} s \right)} + a_{22} \sin{\left(s \left(a_{0} + \operatorname{acos}{\left(s \right)}\right) \right)} + a_{24} \sin{\left(a_{35} s \right)} + a_{8} \sin{\left(a_{34} s \right)} + \left(a_{13} + a_{18} s\right) \cos{\left(a_{20} + \left(a_{37} + a_{4} s\right) \left(s - 2\right) \right)} + \left(a_{30} s + a_{32}\right) \left(4 s \left(a_{25} + a_{3} s \operatorname{asin}{\left(\operatorname{asin}{\left(\tanh{\left(s \right)} \right)} \right)} + a_{6} \sqrt{s + \operatorname{asin}{\left(s \right)}} + 4 s \left(a_{16} + s\right) \left(a_{12} \sqrt{1 - s^{2}} + a_{23} s \tanh{\left(\sin{\left(4 s \right)} \right)} + a_{26}\right)\right) + \left(a_{9} + 2 s\right) \left(a_{14} \sin{\left(a_{29} s \right)} + a_{19} \sqrt{s} + a_{7}\right) - \tanh{\left(\operatorname{asin}{\left(\operatorname{sech}{\left(a_{31} s \right)} \right)} \right)}\right)$
14,event65763_track365-hits,25,75,16,21,21,58,5,-2.0500399046981164,0.0021727817637700575,0.016878627389644754,0.16078585051898425,1.2658970542233565,0.009457991206999073,0.018084243631762236,-0.6481810270371141,$x(s) = a_{13} + \left(- s - \sin{\left(\sin{\left(\sin{\left(a_{6} + s \right)} \right)} \right)}\right) \left(a_{1} \operatorname{acos}{\left(s \right)} + a_{14} + \left(a_{0} + a_{12} \left(a_{2} - 32 s\right) \left(- \sin{\left(4 \cos{\left(s \right)} \right)} + \operatorname{sech}{\left(s \right)}\right) + a_{12} \tanh{\left(8 s \right)} + a_{15} \sqrt{1 - \cos^{2}{\left(s \right)}} + a_{3} s \left(2 s - \tanh{\left(4 s \right)}\right) \left(s - \cos{\left(a_{11} s \right)} + 2\right) + a_{4} \left(32 \operatorname{asin}{\left(s \right)} + 64\right) \left(a_{5} + s \left(a_{10} + a_{9} s \left(a_{7} + s\right) \operatorname{acos}{\left(s \right)}\right) + s + \operatorname{sech}{\left(s \right)}\right)\right) \operatorname{acos}{\left(\operatorname{sech}{\left(\cos{\left(a_{8} + s \right)} \right)} \right)}\right)$,$y(s) = a_{14} \sin{\left(\cos{\left(a_{10} + 4.30674369656515 s \right)} \right)} + a_{16} + a_{4} \cos{\left(a_{20} s \right)} + a_{5} \sin{\left(a_{19} s \right)} + \left(a_{11} + a_{15} s\right) \left(4 s \left(a_{1} s \operatorname{asin}{\left(\operatorname{asin}{\left(\tanh{\left(s \right)} \right)} \right)} + a_{8} + a_{9} s \left(a_{7} + s\right) \left(a_{12} - 0.0163348612181324 s \tanh{\left(\sin{\left(4 s \right)} \right)} - 0.455016066205459 \sqrt{1 - s^{2}}\right) - 5.80207456348123 \sqrt{\sqrt{s} + \operatorname{asin}{\left(s \right)}}\right) + \left(a_{2} + 4 s\right) \left(a_{6} \sin{\left(a_{13} s \right)} + 0.603433259507675 \sqrt{s} + 2.67458549611742\right) - \tanh{\left(\operatorname{asin}{\left(\operatorname{sech}{\left(5.65077849988401 s \right)} \right)} \right)}\right) - 0.000334426650014709 \sin{\left(a_{18} s \right)} + 0.00278916735581463 \sin{\left(s \left(a_{0} + \operatorname{acos}{\left(s \right)}\right) \right)} + 0.00373359883408793 \cos{\left(a_{17} s \right)} - 0.479013271010752 \operatorname{asin}{\left(\cos{\left(a_{3} + \operatorname{acos}{\left(s \right)} \right)} \right)}$,$z(s) = a_{14} \sin{\left(\cos{\left(a_{12} s + 3.19908372347864 \right)} \right)} + a_{16} + a_{4} \sin{\left(s \left(a_{0} + \operatorname{acos}{\left(s \right)}\right) \right)} + a_{5} \cos{\left(a_{17} s \right)} + a_{6} \cos{\left(a_{20} s \right)} + a_{7} \sin{\left(a_{18} s \right)} + a_{8} \sin{\left(a_{19} s \right)} + \left(a_{15} s + 4.95693844355651\right) \left(4 s \left(a_{1} s \operatorname{asin}{\left(\operatorname{asin}{\left(\tanh{\left(s \right)} \right)} \right)} + a_{10} s \left(s + 0.0165277213916615\right) \left(a_{11} - 0.0170953672188301 s \tanh{\left(\sin{\left(4 s \right)} \right)} - 0.45186637110654 \sqrt{1 - s^{2}}\right) + a_{2} \sqrt{\sqrt{s} + \operatorname{asin}{\left(s \right)}} + 2.6101696562203\right) + \left(a_{3} + 4 s\right) \left(a_{9} \sin{\left(a_{13} s \right)} + 0.599451678286101 \sqrt{s} + 2.63175897944836\right) - \tanh{\left(\operatorname{asin}{\left(\operatorname{sech}{\left(5.67300314508095 s \right)} \right)} \right)}\right) - 0.492161174249544 \operatorname{asin}{\left(\cos{\left(\operatorname{acos}{\left(s \right)} - 0.802732791241311 \right)} \right)}$
15,event65778_track183-hits,25,75,16,16,3,35,5,11.14968635552716,2.927564858226851e-07,4.2097786979473e-12,2.1663979950878696e-05,3.1573340234604754e-10,5.415994987719674e-07,4.510477176372108e-12,11.695879123130442,$x(s) = a_{13} + \left(- s - \sin{\left(\sin{\left(\sin{\left(a_{6} + s \right)} \right)} \right)}\right) \left(a_{1} \operatorname{acos}{\left(s \right)} + a_{14} + \left(a_{0} + a_{12} \left(a_{2} - 32 s\right) \left(- \sin{\left(4 \cos{\left(s \right)} \right)} + \operatorname{sech}{\left(s \right)}\right) + a_{12} \tanh{\left(8 s \right)} + a_{15} \sqrt{1 - \cos^{2}{\left(s \right)}} + a_{3} s \left(2 s - \tanh{\left(4 s \right)}\right) \left(s - \cos{\left(a_{11} s \right)} + 2\right) + a_{4} \left(32 \operatorname{asin}{\left(s \right)} + 64\right) \left(a_{5} + s \left(a_{10} + a_{9} s \left(a_{7} + s\right) \operatorname{acos}{\left(s \right)}\right) + s + \operatorname{sech}{\left(s \right)}\right)\right) \operatorname{acos}{\left(\operatorname{sech}{\left(\cos{\left(a_{8} + s \right)} \right)} \right)}\right)$,$x(s) = a_{13} + \left(- s - \sin{\left(\sin{\left(\sin{\left(a_{6} + s \right)} \right)} \right)}\right) \left(a_{1} \operatorname{acos}{\left(s \right)} + a_{14} + \left(a_{0} + a_{12} \left(a_{2} - 32 s\right) \left(- \sin{\left(4 \cos{\left(s \right)} \right)} + \operatorname{sech}{\left(s \right)}\right) + a_{12} \tanh{\left(8 s \right)} + a_{15} \sqrt{1 - \cos^{2}{\left(s \right)}} + a_{3} s \left(2 s - \tanh{\left(4 s \right)}\right) \left(s - \cos{\left(a_{11} s \right)} + 2\right) + a_{4} \left(32 \operatorname{asin}{\left(s \right)} + 64\right) \left(a_{5} + s \left(a_{10} + a_{9} s \left(a_{7} + s\right) \operatorname{acos}{\left(s \right)}\right) + s + \operatorname{sech}{\left(s \right)}\right)\right) \operatorname{acos}{\left(\operatorname{sech}{\left(\cos{\left(a_{8} + s \right)} \right)} \right)}\right)$,$z(s) = a_{0} + s \left(a_{1} + a_{2} s\right)$
16,event65832_track125-hits,24,72,16,16,16,48,5,15.058782887192933,3.564910820060912e-05,1.028258617578935e-11,0.0025310866822432477,7.403462046568331e-10,0.00010546194509346865,1.1049943353087062e-11,16.071435434261215,$x(s) = a_{13} + \left(- s - \sin{\left(\sin{\left(\sin{\left(a_{6} + s \right)} \right)} \right)}\right) \left(a_{1} \operatorname{acos}{\left(s \right)} + a_{14} + \left(a_{0} + a_{12} \left(a_{2} - 32 s\right) \left(- \sin{\left(4 \cos{\left(s \right)} \right)} + \operatorname{sech}{\left(s \right)}\right) + a_{12} \tanh{\left(8 s \right)} + a_{15} \sqrt{1 - \cos^{2}{\left(s \right)}} + a_{3} s \left(2 s - \tanh{\left(4 s \right)}\right) \left(s - \cos{\left(a_{11} s \right)} + 2\right) + a_{4} \left(32 \operatorname{asin}{\left(s \right)} + 64\right) \left(a_{5} + s \left(a_{10} + a_{9} s \left(a_{7} + s\right) \operatorname{acos}{\left(s \right)}\right) + s + \operatorname{sech}{\left(s \right)}\right)\right) \operatorname{acos}{\left(\operatorname{sech}{\left(\cos{\left(a_{8} + s \right)} \right)} \right)}\right)$,$x(s) = a_{13} + \left(- s - \sin{\left(\sin{\left(\sin{\left(a_{6} + s \right)} \right)} \right)}\right) \left(a_{1} \operatorname{acos}{\left(s \right)} + a_{14} + \left(a_{0} + a_{12} \left(a_{2} - 32 s\right) \left(- \sin{\left(4 \cos{\left(s \right)} \right)} + \operatorname{sech}{\left(s \right)}\right) + a_{12} \tanh{\left(8 s \right)} + a_{15} \sqrt{1 - \cos^{2}{\left(s \right)}} + a_{3} s \left(2 s - \tanh{\left(4 s \right)}\right) \left(s - \cos{\left(a_{11} s \right)} + 2\right) + a_{4} \left(32 \operatorname{asin}{\left(s \right)} + 64\right) \left(a_{5} + s \left(a_{10} + a_{9} s \left(a_{7} + s\right) \operatorname{acos}{\left(s \right)}\right) + s + \operatorname{sech}{\left(s \right)}\right)\right) \operatorname{acos}{\left(\operatorname{sech}{\left(\cos{\left(a_{8} + s \right)} \right)} \right)}\right)$,$x(s) = a_{13} + \left(- s - \sin{\left(\sin{\left(\sin{\left(a_{6} + s \right)} \right)} \right)}\right) \left(a_{1} \operatorname{acos}{\left(s \right)} + a_{14} + \left(a_{0} + a_{12} \left(a_{2} - 32 s\right) \left(- \sin{\left(4 \cos{\left(s \right)} \right)} + \operatorname{sech}{\left(s \right)}\right) + a_{12} \tanh{\left(8 s \right)} + a_{15} \sqrt{1 - \cos^{2}{\left(s \right)}} + a_{3} s \left(2 s - \tanh{\left(4 s \right)}\right) \left(s - \cos{\left(a_{11} s \right)} + 2\right) + a_{4} \left(32 \operatorname{asin}{\left(s \right)} + 64\right) \left(a_{5} + s \left(a_{10} + a_{9} s \left(a_{7} + s\right) \operatorname{acos}{\left(s \right)}\right) + s + \operatorname{sech}{\left(s \right)}\right)\right) \operatorname{acos}{\left(\operatorname{sech}{\left(\cos{\left(a_{8} + s \right)} \right)} \right)}\right)$
17,event65879_track115-hits,25,75,21,16,16,53,5,-0.13077001617587755,0.007940461557592912,0.00904978880001502,0.5875941552618755,0.6787341600011265,0.02670882523917616,0.00969620228573038,1.0132597521830249,$x(s) = a_{14} \sin{\left(\cos{\left(a_{12} s + 3.19564213142574 \right)} \right)} + a_{16} + a_{6} \cos{\left(a_{17} s \right)} + a_{7} \sin{\left(a_{18} s \right)} + \left(a_{15} s + 4.98154578530752\right) \left(4 s \left(a_{1} s \operatorname{asin}{\left(\operatorname{asin}{\left(\tanh{\left(s \right)} \right)} \right)} + a_{10} s \left(s + 0.0134870156781597\right) \left(a_{11} - 0.017503085789641 s \tanh{\left(\sin{\left(4 s \right)} \right)} - 0.450614826294794 \sqrt{1 - s^{2}}\right) + a_{2} \sqrt{\sqrt{s} + \operatorname{asin}{\left(s \right)}} + a_{9}\right) + \left(a_{3} + 4 s\right) \left(a_{4} + a_{5} \sqrt{s} + a_{8} \sin{\left(a_{13} s \right)}\right) - \tanh{\left(\operatorname{asin}{\left(\operatorname{sech}{\left(5.6839434852917 s \right)} \right)} \right)}\right) + 0.000668810464601903 \sin{\left(a_{19} s \right)} + 0.00289842149959624 \sin{\left(s \left(a_{0} + \operatorname{acos}{\left(s \right)}\right) \right)} + 0.000623964504492596 \cos{\left(a_{20} s \right)} - 0.49633536500747 \operatorname{asin}{\left(\cos{\left(\operatorname{acos}{\left(s \right)} - 0.802742285270038 \right)} \right)}$,$x(s) = a_{13} + \left(- s - \sin{\left(\sin{\left(\sin{\left(a_{6} + s \right)} \right)} \right)}\right) \left(a_{1} \operatorname{acos}{\left(s \right)} + a_{14} + \left(a_{0} + a_{12} \left(a_{2} - 32 s\right) \left(- \sin{\left(4 \cos{\left(s \right)} \right)} + \operatorname{sech}{\left(s \right)}\right) + a_{12} \tanh{\left(8 s \right)} + a_{15} \sqrt{1 - \cos^{2}{\left(s \right)}} + a_{3} s \left(2 s - \tanh{\left(4 s \right)}\right) \left(s - \cos{\left(a_{11} s \right)} + 2\right) + a_{4} \left(32 \operatorname{asin}{\left(s \right)} + 64\right) \left(a_{5} + s \left(a_{10} + a_{9} s \left(a_{7} + s\right) \operatorname{acos}{\left(s \right)}\right) + s + \operatorname{sech}{\left(s \right)}\right)\right) \operatorname{acos}{\left(\operatorname{sech}{\left(\cos{\left(a_{8} + s \right)} \right)} \right)}\right)$,$x(s) = a_{13} + \left(- s - \sin{\left(\sin{\left(\sin{\left(a_{6} + s \right)} \right)} \right)}\right) \left(a_{1} \operatorname{acos}{\left(s \right)} + a_{14} + \left(a_{0} + a_{12} \left(a_{2} - 32 s\right) \left(- \sin{\left(4 \cos{\left(s \right)} \right)} + \operatorname{sech}{\left(s \right)}\right) + a_{12} \tanh{\left(8 s \right)} + a_{15} \sqrt{1 - \cos^{2}{\left(s \right)}} + a_{3} s \left(2 s - \tanh{\left(4 s \right)}\right) \left(s - \cos{\left(a_{11} s \right)} + 2\right) + a_{4} \left(32 \operatorname{asin}{\left(s \right)} + 64\right) \left(a_{5} + s \left(a_{10} + a_{9} s \left(a_{7} + s\right) \operatorname{acos}{\left(s \right)}\right) + s + \operatorname{sech}{\left(s \right)}\right)\right) \operatorname{acos}{\left(\operatorname{sech}{\left(\cos{\left(a_{8} + s \right)} \right)} \right)}\right)$
18,event65943_track334-hits,47,141,42,41,41,124,5,0.8314166444450445,3.8104234396107235,1.6591802872123382,533.4592815455013,233.9444204969397,31.379957737970667,1.7201795624774978,2.9037407183560164,$x(s) = a_{1} \operatorname{asin}{\left(\cos{\left(a_{10} + \operatorname{acos}{\left(s \right)} \right)} \right)} + a_{19} \cos{\left(a_{39} s \right)} + a_{2} \sin{\left(\cos{\left(a_{11} + a_{30} s \right)} \right)} + a_{24} \cos{\left(a_{36} s \right)} + a_{25} \sin{\left(s \left(a_{0} + \operatorname{acos}{\left(s \right)}\right) \right)} + a_{26} \sin{\left(a_{38} s \right)} + a_{8} \sin{\left(a_{37} s \right)} + \left(a_{13} + a_{20} s\right) \cos{\left(a_{22} + \left(s - 2\right) \left(a_{4} s + a_{40}\right) \right)} + \left(a_{17} s + a_{18}\right) \tanh{\left(\left(a_{15} - \sin{\left(a_{41} s \right)}\right) \left(a_{32} + a_{5} s\right) \right)} + \left(a_{34} s + a_{35}\right) \left(4 s \left(a_{28} + a_{29} s \left(a_{16} + s\right) \left(a_{12} \sqrt{1 - s^{2}} + a_{23} s \tanh{\left(\sin{\left(4 s \right)} \right)} + a_{27}\right) + a_{3} s \operatorname{asin}{\left(\operatorname{asin}{\left(\tanh{\left(s \right)} \right)} \right)} + a_{6} \sqrt{s + \operatorname{asin}{\left(s \right)}}\right) + \left(a_{9} + 2 s\right) \left(a_{14} \sin{\left(a_{31} s \right)} + a_{21} \sqrt{s} + a_{7}\right) - \tanh{\left(\operatorname{asin}{\left(\operatorname{sech}{\left(a_{33} s \right)} \right)} \right)}\right)$,$y(s) = a_{19} s \left(a_{9} \operatorname{asin}{\left(s \right)} + \left(a_{20} + a_{25} s \left(a_{12} + s\right)\right) \left(a_{24} s + a_{8}\right) \sin{\left(a_{13} + a_{2} s + s \operatorname{acos}{\left(s \right)} \operatorname{acos}{\left(s^{2} \right)} + \operatorname{acos}{\left(s \right)} \right)} + \sin{\left(a_{38} s \right)}\right) \operatorname{acos}{\left(s \right)} + a_{3} \tanh{\left(\sin{\left(a_{27} s \right)} \right)} + a_{39} + a_{40} s + \left(a_{23} + a_{29} \sqrt{s}\right) \operatorname{sech}{\left(a_{10} + a_{37} s \right)} - \left(a_{28} - s\right) \left(a_{14} \operatorname{acos}{\left(\sin{\left(a_{11} + a_{32} s \right)} \right)} + a_{34} \tanh{\left(\operatorname{asin}{\left(\operatorname{sech}{\left(a_{33} s \right)} \right)} \right)} - s \left(a_{0} s \left(a_{17} s^{2} + a_{18} - s\right) + a_{1} \operatorname{sech}{\left(a_{26} s \right)}\right) + \left(a_{21} + a_{5} \sin{\left(s \right)}\right) \sin{\left(a_{30} s \right)}\right) + \left(a_{22} s^{2} + a_{31}\right) \tanh{\left(a_{36} s \right)} \operatorname{acos}{\left(- s \right)} - \tanh{\left(a_{15} \sin{\left(\left(a_{16} + a_{6} s\right) \left(a_{35} + a_{4} s + a_{7} \operatorname{acos}{\left(s \right)}\right) \right)} \operatorname{sech}{\left(s \right)} \right)} + \sqrt{\operatorname{acos}{\left(s \right)}}$,$y(s) = a_{19} s \left(a_{9} \operatorname{asin}{\left(s \right)} + \left(a_{20} + a_{25} s \left(a_{12} + s\right)\right) \left(a_{24} s + a_{8}\right) \sin{\left(a_{13} + a_{2} s + s \operatorname{acos}{\left(s \right)} \operatorname{acos}{\left(s^{2} \right)} + \operatorname{acos}{\left(s \right)} \right)} + \sin{\left(a_{38} s \right)}\right) \operatorname{acos}{\left(s \right)} + a_{3} \tanh{\left(\sin{\left(a_{27} s \right)} \right)} + a_{39} + a_{40} s + \left(a_{23} + a_{29} \sqrt{s}\right) \operatorname{sech}{\left(a_{10} + a_{37} s \right)} - \left(a_{28} - s\right) \left(a_{14} \operatorname{acos}{\left(\sin{\left(a_{11} + a_{32} s \right)} \right)} + a_{34} \tanh{\left(\operatorname{asin}{\left(\operatorname{sech}{\left(a_{33} s \right)} \right)} \right)} - s \left(a_{0} s \left(a_{17} s^{2} + a_{18} - s\right) + a_{1} \operatorname{sech}{\left(a_{26} s \right)}\right) + \left(a_{21} + a_{5} \sin{\left(s \right)}\right) \sin{\left(a_{30} s \right)}\right) + \left(a_{22} s^{2} + a_{31}\right) \tanh{\left(a_{36} s \right)} \operatorname{acos}{\left(- s \right)} - \tanh{\left(a_{15} \sin{\left(\left(a_{16} + a_{6} s\right) \left(a_{35} + a_{4} s + a_{7} \operatorname{acos}{\left(s \right)}\right) \right)} \operatorname{sech}{\left(s \right)} \right)} + \sqrt{\operatorname{acos}{\left(s \right)}}$
19,event65952_track12-hits,24,72,16,16,16,48,5,16.26628426171424,3.007302677837877e-05,2.593102268310478e-12,0.0021351849012648926,1.867033633183544e-10,8.896603755270385e-05,2.7866173629605136e-12,17.27893680878252,$x(s) = a_{13} + \left(- s - \sin{\left(\sin{\left(\sin{\left(a_{6} + s \right)} \right)} \right)}\right) \left(a_{1} \operatorname{acos}{\left(s \right)} + a_{14} + \left(a_{0} + a_{12} \left(a_{2} - 32 s\right) \left(- \sin{\left(4 \cos{\left(s \right)} \right)} + \operatorname{sech}{\left(s \right)}\right) + a_{12} \tanh{\left(8 s \right)} + a_{15} \sqrt{1 - \cos^{2}{\left(s \right)}} + a_{3} s \left(2 s - \tanh{\left(4 s \right)}\right) \left(s - \cos{\left(a_{11} s \right)} + 2\right) + a_{4} \left(32 \operatorname{asin}{\left(s \right)} + 64\right) \left(a_{5} + s \left(a_{10} + a_{9} s \left(a_{7} + s\right) \operatorname{acos}{\left(s \right)}\right) + s + \operatorname{sech}{\left(s \right)}\right)\right) \operatorname{acos}{\left(\operatorname{sech}{\left(\cos{\left(a_{8} + s \right)} \right)} \right)}\right)$,$x(s) = a_{13} + \left(- s - \sin{\left(\sin{\left(\sin{\left(a_{6} + s \right)} \right)} \right)}\right) \left(a_{1} \operatorname{acos}{\left(s \right)} + a_{14} + \left(a_{0} + a_{12} \left(a_{2} - 32 s\right) \left(- \sin{\left(4 \cos{\left(s \right)} \right)} + \operatorname{sech}{\left(s \right)}\right) + a_{12} \tanh{\left(8 s \right)} + a_{15} \sqrt{1 - \cos^{2}{\left(s \right)}} + a_{3} s \left(2 s - \tanh{\left(4 s \right)}\right) \left(s - \cos{\left(a_{11} s \right)} + 2\right) + a_{4} \left(32 \operatorname{asin}{\left(s \right)} + 64\right) \left(a_{5} + s \left(a_{10} + a_{9} s \left(a_{7} + s\right) \operatorname{acos}{\left(s \right)}\right) + s + \operatorname{sech}{\left(s \right)}\right)\right) \operatorname{acos}{\left(\operatorname{sech}{\left(\cos{\left(a_{8} + s \right)} \right)} \right)}\right)$,$x(s) = a_{13} + \left(- s - \sin{\left(\sin{\left(\sin{\left(a_{6} + s \right)} \right)} \right)}\right) \left(a_{1} \operatorname{acos}{\left(s \right)} + a_{14} + \left(a_{0} + a_{12} \left(a_{2} - 32 s\right) \left(- \sin{\left(4 \cos{\left(s \right)} \right)} + \operatorname{sech}{\left(s \right)}\right) + a_{12} \tanh{\left(8 s \right)} + a_{15} \sqrt{1 - \cos^{2}{\left(s \right)}} + a_{3} s \left(2 s - \tanh{\left(4 s \right)}\right) \left(s - \cos{\left(a_{11} s \right)} + 2\right) + a_{4} \left(32 \operatorname{asin}{\left(s \right)} + 64\right) \left(a_{5} + s \left(a_{10} + a_{9} s \left(a_{7} + s\right) \operatorname{acos}{\left(s \right)}\right) + s + \operatorname{sech}{\left(s \right)}\right)\right) \operatorname{acos}{\left(\operatorname{sech}{\left(\cos{\left(a_{8} + s \right)} \right)} \right)}\right)$
20,event66071_track168-hits,49,147,32,39,39,110,5,0.24706851818043618,4.556913297583048,3.5593465253336203,665.309341447125,523.2239392240422,17.981333552625,3.6846756283383253,1.5851516980670726,$y(s) = a_{1} \operatorname{asin}{\left(\cos{\left(a_{7} + \operatorname{acos}{\left(s \right)} \right)} \right)} + a_{10} \cos{\left(a_{28} s \right)} + a_{11} \cos{\left(a_{31} s \right)} + a_{12} \sin{\left(a_{29} s \right)} + a_{13} \sin{\left(a_{30} s \right)} + a_{24} \sin{\left(\cos{\left(a_{19} + a_{22} s \right)} \right)} + a_{27} + a_{9} \sin{\left(s \left(a_{0} + \operatorname{acos}{\left(s \right)}\right) \right)} + \left(a_{20} + a_{26} s\right) \left(4 s \left(a_{17} + a_{18} s \left(a_{16} + s\right) \left(a_{14} s \tanh{\left(\sin{\left(4 s \right)} \right)} + a_{21} + a_{8} \sqrt{1 - s^{2}}\right) + a_{2} s \operatorname{asin}{\left(\operatorname{asin}{\left(\tanh{\left(s \right)} \right)} \right)} + a_{3} \sqrt{\sqrt{s} + \operatorname{asin}{\left(s \right)}}\right) + \left(a_{4} + 4 s\right) \left(a_{15} \sin{\left(a_{23} s \right)} + a_{5} + a_{6} \sqrt{s}\right) - \tanh{\left(\operatorname{asin}{\left(\operatorname{sech}{\left(a_{25} s \right)} \right)} \right)}\right)$,$y(s) = a_{1} \sin{\left(\cos{\left(a_{27} s + a_{7} \right)} \right)} + a_{12} \cos{\left(a_{36} s \right)} + a_{14} \cos{\left(a_{31} s \right)} + a_{20} \sin{\left(s \left(a_{0} + \operatorname{acos}{\left(s \right)}\right) \right)} + a_{23} \sin{\left(a_{34} s \right)} + a_{33} \operatorname{acos}{\left(\cos{\left(a_{8} + \operatorname{acos}{\left(s \right)} \right)} \right)} + a_{6} \sin{\left(a_{35} s \right)} - \left(a_{19} + a_{9} s\right) \cos{\left(a_{5} + \left(s - 2\right) \left(a_{3} s + a_{37}\right) \right)} + \left(a_{13} s + a_{16}\right) \tanh{\left(64 s - 64 \sin{\left(a_{38} s \right)} \right)} + \left(a_{30} s + a_{32}\right) \left(4 s \left(a_{2} s \operatorname{asin}{\left(\operatorname{acos}{\left(\operatorname{sech}{\left(s \right)} \right)} \right)} + a_{25} + a_{26} s \left(a_{22} + s\right) \left(a_{11} \sqrt{1 - s^{2}} + a_{15} s \tanh{\left(\sin{\left(4 s \right)} \right)} + a_{24}\right) + a_{4} \sqrt{s + \operatorname{asin}{\left(s \right)}}\right) - \left(a_{21} s - 1\right) \left(a_{10} \sin{\left(a_{28} s \right)} + a_{17} + \sqrt{s} \left(a_{18} + s\right)\right) - \tanh{\left(\operatorname{asin}{\left(\operatorname{sech}{\left(a_{29} s \right)} \right)} \right)}\right)$,$y(s) = a_{1} \sin{\left(\cos{\left(a_{27} s + a_{7} \right)} \right)} + a_{12} \cos{\left(a_{36} s \right)} + a_{14} \cos{\left(a_{31} s \right)} + a_{20} \sin{\left(s \left(a_{0} + \operatorname{acos}{\left(s \right)}\right) \right)} + a_{23} \sin{\left(a_{34} s \right)} + a_{33} \operatorname{acos}{\left(\cos{\left(a_{8} + \operatorname{acos}{\left(s \right)} \right)} \right)} + a_{6} \sin{\left(a_{35} s \right)} - \left(a_{19} + a_{9} s\right) \cos{\left(a_{5} + \left(s - 2\right) \left(a_{3} s + a_{37}\right) \right)} + \left(a_{13} s + a_{16}\right) \tanh{\left(64 s - 64 \sin{\left(a_{38} s \right)} \right)} + \left(a_{30} s + a_{32}\right) \left(4 s \left(a_{2} s \operatorname{asin}{\left(\operatorname{acos}{\left(\operatorname{sech}{\left(s \right)} \right)} \right)} + a_{25} + a_{26} s \left(a_{22} + s\right) \left(a_{11} \sqrt{1 - s^{2}} + a_{15} s \tanh{\left(\sin{\left(4 s \right)} \right)} + a_{24}\right) + a_{4} \sqrt{s + \operatorname{asin}{\left(s \right)}}\right) - \left(a_{21} s - 1\right) \left(a_{10} \sin{\left(a_{28} s \right)} + a_{17} + \sqrt{s} \left(a_{18} + s\right)\right) - \tanh{\left(\operatorname{asin}{\left(\operatorname{sech}{\left(a_{29} s \right)} \right)} \right)}\right)$
21,event66071_track78-hits,50,150,39,42,42,123,5,1.704203055472275,4.308453767827276,0.783782304290519,641.9596114062641,117.56734564357785,23.776281903935708,0.8108092803005369,3.3784109437377237,$y(s) = a_{1} \sin{\left(\cos{\left(a_{27} s + a_{7} \right)} \right)} + a_{12} \cos{\left(a_{36} s \right)} + a_{14} \cos{\left(a_{31} s \right)} + a_{20} \sin{\left(s \left(a_{0} + \operatorname{acos}{\left(s \right)}\right) \right)} + a_{23} \sin{\left(a_{34} s \right)} + a_{33} \operatorname{acos}{\left(\cos{\left(a_{8} + \operatorname{acos}{\left(s \right)} \right)} \right)} + a_{6} \sin{\left(a_{35} s \right)} - \left(a_{19} + a_{9} s\right) \cos{\left(a_{5} + \left(s - 2\right) \left(a_{3} s + a_{37}\right) \right)} + \left(a_{13} s + a_{16}\right) \tanh{\left(64 s - 64 \sin{\left(a_{38} s \right)} \right)} + \left(a_{30} s + a_{32}\right) \left(4 s \left(a_{2} s \operatorname{asin}{\left(\operatorname{acos}{\left(\operatorname{sech}{\left(s \right)} \right)} \right)} + a_{25} + a_{26} s \left(a_{22} + s\right) \left(a_{11} \sqrt{1 - s^{2}} + a_{15} s \tanh{\left(\sin{\left(4 s \right)} \right)} + a_{24}\right) + a_{4} \sqrt{s + \operatorname{asin}{\left(s \right)}}\right) - \left(a_{21} s - 1\right) \left(a_{10} \sin{\left(a_{28} s \right)} + a_{17} + \sqrt{s} \left(a_{18} + s\right)\right) - \tanh{\left(\operatorname{asin}{\left(\operatorname{sech}{\left(a_{29} s \right)} \right)} \right)}\right)$,$x(s) = a_{1} \operatorname{asin}{\left(\cos{\left(a_{10} + \operatorname{acos}{\left(s \right)} \right)} \right)} + a_{19} \cos{\left(a_{39} s \right)} + a_{2} \sin{\left(\cos{\left(a_{11} + a_{30} s \right)} \right)} + a_{24} \cos{\left(a_{36} s \right)} + a_{25} \sin{\left(s \left(a_{0} + \operatorname{acos}{\left(s \right)}\right) \right)} + a_{26} \sin{\left(a_{38} s \right)} + a_{8} \sin{\left(a_{37} s \right)} + \left(a_{13} + a_{20} s\right) \cos{\left(a_{22} + \left(s - 2\right) \left(a_{4} s + a_{40}\right) \right)} + \left(a_{17} s + a_{18}\right) \tanh{\left(\left(a_{15} - \sin{\left(a_{41} s \right)}\right) \left(a_{32} + a_{5} s\right) \right)} + \left(a_{34} s + a_{35}\right) \left(4 s \left(a_{28} + a_{29} s \left(a_{16} + s\right) \left(a_{12} \sqrt{1 - s^{2}} + a_{23} s \tanh{\left(\sin{\left(4 s \right)} \right)} + a_{27}\right) + a_{3} s \operatorname{asin}{\left(\operatorname{asin}{\left(\tanh{\left(s \right)} \right)} \right)} + a_{6} \sqrt{s + \operatorname{asin}{\left(s \right)}}\right) + \left(a_{9} + 2 s\right) \left(a_{14} \sin{\left(a_{31} s \right)} + a_{21} \sqrt{s} + a_{7}\right) - \tanh{\left(\operatorname{asin}{\left(\operatorname{sech}{\left(a_{33} s \right)} \right)} \right)}\right)$,$x(s) = a_{1} \operatorname{asin}{\left(\cos{\left(a_{10} + \operatorname{acos}{\left(s \right)} \right)} \right)} + a_{19} \cos{\left(a_{39} s \right)} + a_{2} \sin{\left(\cos{\left(a_{11} + a_{30} s \right)} \right)} + a_{24} \cos{\left(a_{36} s \right)} + a_{25} \sin{\left(s \left(a_{0} + \operatorname{acos}{\left(s \right)}\right) \right)} + a_{26} \sin{\left(a_{38} s \right)} + a_{8} \sin{\left(a_{37} s \right)} + \left(a_{13} + a_{20} s\right) \cos{\left(a_{22} + \left(s - 2\right) \left(a_{4} s + a_{40}\right) \right)} + \left(a_{17} s + a_{18}\right) \tanh{\left(\left(a_{15} - \sin{\left(a_{41} s \right)}\right) \left(a_{32} + a_{5} s\right) \right)} + \left(a_{34} s + a_{35}\right) \left(4 s \left(a_{28} + a_{29} s \left(a_{16} + s\right) \left(a_{12} \sqrt{1 - s^{2}} + a_{23} s \tanh{\left(\sin{\left(4 s \right)} \right)} + a_{27}\right) + a_{3} s \operatorname{asin}{\left(\operatorname{asin}{\left(\tanh{\left(s \right)} \right)} \right)} + a_{6} \sqrt{s + \operatorname{asin}{\left(s \right)}}\right) + \left(a_{9} + 2 s\right) \left(a_{14} \sin{\left(a_{31} s \right)} + a_{21} \sqrt{s} + a_{7}\right) - \tanh{\left(\operatorname{asin}{\left(\operatorname{sech}{\left(a_{33} s \right)} \right)} \right)}\right)$
22,event66093_track159-hits,50,150,42,39,39,120,5,-0.751351438432108,6.240374605286951,13.228738894261275,929.8158161877558,1984.3108341391912,30.99386053959186,13.684902304408215,0.8174959341755145,$x(s) = a_{1} \operatorname{asin}{\left(\cos{\left(a_{10} + \operatorname{acos}{\left(s \right)} \right)} \right)} + a_{19} \cos{\left(a_{39} s \right)} + a_{2} \sin{\left(\cos{\left(a_{11} + a_{30} s \right)} \right)} + a_{24} \cos{\left(a_{36} s \right)} + a_{25} \sin{\left(s \left(a_{0} + \operatorname{acos}{\left(s \right)}\right) \right)} + a_{26} \sin{\left(a_{38} s \right)} + a_{8} \sin{\left(a_{37} s \right)} + \left(a_{13} + a_{20} s\right) \cos{\left(a_{22} + \left(s - 2\right) \left(a_{4} s + a_{40}\right) \right)} + \left(a_{17} s + a_{18}\right) \tanh{\left(\left(a_{15} - \sin{\left(a_{41} s \right)}\right) \left(a_{32} + a_{5} s\right) \right)} + \left(a_{34} s + a_{35}\right) \left(4 s \left(a_{28} + a_{29} s \left(a_{16} + s\right) \left(a_{12} \sqrt{1 - s^{2}} + a_{23} s \tanh{\left(\sin{\left(4 s \right)} \right)} + a_{27}\right) + a_{3} s \operatorname{asin}{\left(\operatorname{asin}{\left(\tanh{\left(s \right)} \right)} \right)} + a_{6} \sqrt{s + \operatorname{asin}{\left(s \right)}}\right) + \left(a_{9} + 2 s\right) \left(a_{14} \sin{\left(a_{31} s \right)} + a_{21} \sqrt{s} + a_{7}\right) - \tanh{\left(\operatorname{asin}{\left(\operatorname{sech}{\left(a_{33} s \right)} \right)} \right)}\right)$,$z(s) = a_{1} \operatorname{asin}{\left(\cos{\left(a_{10} + \operatorname{acos}{\left(s \right)} \right)} \right)} + a_{15} \tanh{\left(\left(a_{28} + a_{5} s\right) \sin{\left(a_{38} s \right)} \right)} + a_{17} \cos{\left(a_{36} s \right)} + a_{2} \sin{\left(\cos{\left(a_{11} + a_{27} s \right)} \right)} + a_{21} \cos{\left(a_{33} s \right)} + a_{22} \sin{\left(s \left(a_{0} + \operatorname{acos}{\left(s \right)}\right) \right)} + a_{24} \sin{\left(a_{35} s \right)} + a_{8} \sin{\left(a_{34} s \right)} + \left(a_{13} + a_{18} s\right) \cos{\left(a_{20} + \left(a_{37} + a_{4} s\right) \left(s - 2\right) \right)} + \left(a_{30} s + a_{32}\right) \left(4 s \left(a_{25} + a_{3} s \operatorname{asin}{\left(\operatorname{asin}{\left(\tanh{\left(s \right)} \right)} \right)} + a_{6} \sqrt{s + \operatorname{asin}{\left(s \right)}} + 4 s \left(a_{16} + s\right) \left(a_{12} \sqrt{1 - s^{2}} + a_{23} s \tanh{\left(\sin{\left(4 s \right)} \right)} + a_{26}\right)\right) + \left(a_{9} + 2 s\right) \left(a_{14} \sin{\left(a_{29} s \right)} + a_{19} \sqrt{s} + a_{7}\right) - \tanh{\left(\operatorname{asin}{\left(\operatorname{sech}{\left(a_{31} s \right)} \right)} \right)}\right)$,$z(s) = a_{1} \operatorname{asin}{\left(\cos{\left(a_{10} + \operatorname{acos}{\left(s \right)} \right)} \right)} + a_{15} \tanh{\left(\left(a_{28} + a_{5} s\right) \sin{\left(a_{38} s \right)} \right)} + a_{17} \cos{\left(a_{36} s \right)} + a_{2} \sin{\left(\cos{\left(a_{11} + a_{27} s \right)} \right)} + a_{21} \cos{\left(a_{33} s \right)} + a_{22} \sin{\left(s \left(a_{0} + \operatorname{acos}{\left(s \right)}\right) \right)} + a_{24} \sin{\left(a_{35} s \right)} + a_{8} \sin{\left(a_{34} s \right)} + \left(a_{13} + a_{18} s\right) \cos{\left(a_{20} + \left(a_{37} + a_{4} s\right) \left(s - 2\right) \right)} + \left(a_{30} s + a_{32}\right) \left(4 s \left(a_{25} + a_{3} s \operatorname{asin}{\left(\operatorname{asin}{\left(\tanh{\left(s \right)} \right)} \right)} + a_{6} \sqrt{s + \operatorname{asin}{\left(s \right)}} + 4 s \left(a_{16} + s\right) \left(a_{12} \sqrt{1 - s^{2}} + a_{23} s \tanh{\left(\sin{\left(4 s \right)} \right)} + a_{26}\right)\right) + \left(a_{9} + 2 s\right) \left(a_{14} \sin{\left(a_{29} s \right)} + a_{19} \sqrt{s} + a_{7}\right) - \tanh{\left(\operatorname{asin}{\left(\operatorname{sech}{\left(a_{31} s \right)} \right)} \right)}\right)$
23,event66122_track279-hits,44,132,39,39,39,117,5,1.1778134064825732,0.8642059739130552,0.26613341139378927,113.21098258261023,35.129610303980186,7.547398838840682,0.2766111047557495,3.306345692453735,$z(s) = a_{1} \operatorname{asin}{\left(\cos{\left(a_{10} + \operatorname{acos}{\left(s \right)} \right)} \right)} + a_{15} \tanh{\left(\left(a_{28} + a_{5} s\right) \sin{\left(a_{38} s \right)} \right)} + a_{17} \cos{\left(a_{36} s \right)} + a_{2} \sin{\left(\cos{\left(a_{11} + a_{27} s \right)} \right)} + a_{21} \cos{\left(a_{33} s \right)} + a_{22} \sin{\left(s \left(a_{0} + \operatorname{acos}{\left(s \right)}\right) \right)} + a_{24} \sin{\left(a_{35} s \right)} + a_{8} \sin{\left(a_{34} s \right)} + \left(a_{13} + a_{18} s\right) \cos{\left(a_{20} + \left(a_{37} + a_{4} s\right) \left(s - 2\right) \right)} + \left(a_{30} s + a_{32}\right) \left(4 s \left(a_{25} + a_{3} s \operatorname{asin}{\left(\operatorname{asin}{\left(\tanh{\left(s \right)} \right)} \right)} + a_{6} \sqrt{s + \operatorname{asin}{\left(s \right)}} + 4 s \left(a_{16} + s\right) \left(a_{12} \sqrt{1 - s^{2}} + a_{23} s \tanh{\left(\sin{\left(4 s \right)} \right)} + a_{26}\right)\right) + \left(a_{9} + 2 s\right) \left(a_{14} \sin{\left(a_{29} s \right)} + a_{19} \sqrt{s} + a_{7}\right) - \tanh{\left(\operatorname{asin}{\left(\operatorname{sech}{\left(a_{31} s \right)} \right)} \right)}\right)$,$y(s) = a_{1} \sin{\left(\cos{\left(a_{27} s + a_{7} \right)} \right)} + a_{12} \cos{\left(a_{36} s \right)} + a_{14} \cos{\left(a_{31} s \right)} + a_{20} \sin{\left(s \left(a_{0} + \operatorname{acos}{\left(s \right)}\right) \right)} + a_{23} \sin{\left(a_{34} s \right)} + a_{33} \operatorname{acos}{\left(\cos{\left(a_{8} + \operatorname{acos}{\left(s \right)} \right)} \right)} + a_{6} \sin{\left(a_{35} s \right)} - \left(a_{19} + a_{9} s\right) \cos{\left(a_{5} + \left(s - 2\right) \left(a_{3} s + a_{37}\right) \right)} + \left(a_{13} s + a_{16}\right) \tanh{\left(64 s - 64 \sin{\left(a_{38} s \right)} \right)} + \left(a_{30} s + a_{32}\right) \left(4 s \left(a_{2} s \operatorname{asin}{\left(\operatorname{acos}{\left(\operatorname{sech}{\left(s \right)} \right)} \right)} + a_{25} + a_{26} s \left(a_{22} + s\right) \left(a_{11} \sqrt{1 - s^{2}} + a_{15} s \tanh{\left(\sin{\left(4 s \right)} \right)} + a_{24}\right) + a_{4} \sqrt{s + \operatorname{asin}{\left(s \right)}}\right) - \left(a_{21} s - 1\right) \left(a_{10} \sin{\left(a_{28} s \right)} + a_{17} + \sqrt{s} \left(a_{18} + s\right)\right) - \tanh{\left(\operatorname{asin}{\left(\operatorname{sech}{\left(a_{29} s \right)} \right)} \right)}\right)$,$z(s) = a_{1} \operatorname{asin}{\left(\cos{\left(a_{10} + \operatorname{acos}{\left(s \right)} \right)} \right)} + a_{15} \tanh{\left(\left(a_{28} + a_{5} s\right) \sin{\left(a_{38} s \right)} \right)} + a_{17} \cos{\left(a_{36} s \right)} + a_{2} \sin{\left(\cos{\left(a_{11} + a_{27} s \right)} \right)} + a_{21} \cos{\left(a_{33} s \right)} + a_{22} \sin{\left(s \left(a_{0} + \operatorname{acos}{\left(s \right)}\right) \right)} + a_{24} \sin{\left(a_{35} s \right)} + a_{8} \sin{\left(a_{34} s \right)} + \left(a_{13} + a_{18} s\right) \cos{\left(a_{20} + \left(a_{37} + a_{4} s\right) \left(s - 2\right) \right)} + \left(a_{30} s + a_{32}\right) \left(4 s \left(a_{25} + a_{3} s \operatorname{asin}{\left(\operatorname{asin}{\left(\tanh{\left(s \right)} \right)} \right)} + a_{6} \sqrt{s + \operatorname{asin}{\left(s \right)}} + 4 s \left(a_{16} + s\right) \left(a_{12} \sqrt{1 - s^{2}} + a_{23} s \tanh{\left(\sin{\left(4 s \right)} \right)} + a_{26}\right)\right) + \left(a_{9} + 2 s\right) \left(a_{14} \sin{\left(a_{29} s \right)} + a_{19} \sqrt{s} + a_{7}\right) - \tanh{\left(\operatorname{asin}{\left(\operatorname{sech}{\left(a_{31} s \right)} \right)} \right)}\right)$
24,event66223_track50-hits,50,150,42,42,42,126,5,-0.17358686901594578,80.92657748028999,96.26734471390563,12058.060044563208,14440.101707085845,502.419168523467,99.58690832472996,1.6184040549058865,$x(s) = a_{1} \operatorname{asin}{\left(\cos{\left(a_{10} + \operatorname{acos}{\left(s \right)} \right)} \right)} + a_{19} \cos{\left(a_{39} s \right)} + a_{2} \sin{\left(\cos{\left(a_{11} + a_{30} s \right)} \right)} + a_{24} \cos{\left(a_{36} s \right)} + a_{25} \sin{\left(s \left(a_{0} + \operatorname{acos}{\left(s \right)}\right) \right)} + a_{26} \sin{\left(a_{38} s \right)} + a_{8} \sin{\left(a_{37} s \right)} + \left(a_{13} + a_{20} s\right) \cos{\left(a_{22} + \left(s - 2\right) \left(a_{4} s + a_{40}\right) \right)} + \left(a_{17} s + a_{18}\right) \tanh{\left(\left(a_{15} - \sin{\left(a_{41} s \right)}\right) \left(a_{32} + a_{5} s\right) \right)} + \left(a_{34} s + a_{35}\right) \left(4 s \left(a_{28} + a_{29} s \left(a_{16} + s\right) \left(a_{12} \sqrt{1 - s^{2}} + a_{23} s \tanh{\left(\sin{\left(4 s \right)} \right)} + a_{27}\right) + a_{3} s \operatorname{asin}{\left(\operatorname{asin}{\left(\tanh{\left(s \right)} \right)} \right)} + a_{6} \sqrt{s + \operatorname{asin}{\left(s \right)}}\right) + \left(a_{9} + 2 s\right) \left(a_{14} \sin{\left(a_{31} s \right)} + a_{21} \sqrt{s} + a_{7}\right) - \tanh{\left(\operatorname{asin}{\left(\operatorname{sech}{\left(a_{33} s \right)} \right)} \right)}\right)$,$x(s) = a_{1} \operatorname{asin}{\left(\cos{\left(a_{10} + \operatorname{acos}{\left(s \right)} \right)} \right)} + a_{19} \cos{\left(a_{39} s \right)} + a_{2} \sin{\left(\cos{\left(a_{11} + a_{30} s \right)} \right)} + a_{24} \cos{\left(a_{36} s \right)} + a_{25} \sin{\left(s \left(a_{0} + \operatorname{acos}{\left(s \right)}\right) \right)} + a_{26} \sin{\left(a_{38} s \right)} + a_{8} \sin{\left(a_{37} s \right)} + \left(a_{13} + a_{20} s\right) \cos{\left(a_{22} + \left(s - 2\right) \left(a_{4} s + a_{40}\right) \right)} + \left(a_{17} s + a_{18}\right) \tanh{\left(\left(a_{15} - \sin{\left(a_{41} s \right)}\right) \left(a_{32} + a_{5} s\right) \right)} + \left(a_{34} s + a_{35}\right) \left(4 s \left(a_{28} + a_{29} s \left(a_{16} + s\right) \left(a_{12} \sqrt{1 - s^{2}} + a_{23} s \tanh{\left(\sin{\left(4 s \right)} \right)} + a_{27}\right) + a_{3} s \operatorname{asin}{\left(\operatorname{asin}{\left(\tanh{\left(s \right)} \right)} \right)} + a_{6} \sqrt{s + \operatorname{asin}{\left(s \right)}}\right) + \left(a_{9} + 2 s\right) \left(a_{14} \sin{\left(a_{31} s \right)} + a_{21} \sqrt{s} + a_{7}\right) - \tanh{\left(\operatorname{asin}{\left(\operatorname{sech}{\left(a_{33} s \right)} \right)} \right)}\right)$,$x(s) = a_{1} \operatorname{asin}{\left(\cos{\left(a_{10} + \operatorname{acos}{\left(s \right)} \right)} \right)} + a_{19} \cos{\left(a_{39} s \right)} + a_{2} \sin{\left(\cos{\left(a_{11} + a_{30} s \right)} \right)} + a_{24} \cos{\left(a_{36} s \right)} + a_{25} \sin{\left(s \left(a_{0} + \operatorname{acos}{\left(s \right)}\right) \right)} + a_{26} \sin{\left(a_{38} s \right)} + a_{8} \sin{\left(a_{37} s \right)} + \left(a_{13} + a_{20} s\right) \cos{\left(a_{22} + \left(s - 2\right) \left(a_{4} s + a_{40}\right) \right)} + \left(a_{17} s + a_{18}\right) \tanh{\left(\left(a_{15} - \sin{\left(a_{41} s \right)}\right) \left(a_{32} + a_{5} s\right) \right)} + \left(a_{34} s + a_{35}\right) \left(4 s \left(a_{28} + a_{29} s \left(a_{16} + s\right) \left(a_{12} \sqrt{1 - s^{2}} + a_{23} s \tanh{\left(\sin{\left(4 s \right)} \right)} + a_{27}\right) + a_{3} s \operatorname{asin}{\left(\operatorname{asin}{\left(\tanh{\left(s \right)} \right)} \right)} + a_{6} \sqrt{s + \operatorname{asin}{\left(s \right)}}\right) + \left(a_{9} + 2 s\right) \left(a_{14} \sin{\left(a_{31} s \right)} + a_{21} \sqrt{s} + a_{7}\right) - \tanh{\left(\operatorname{asin}{\left(\operatorname{sech}{\left(a_{33} s \right)} \right)} \right)}\right)$
25,event66236_track283-hits,24,72,16,3,3,22,5,0.4654503523354578,1.352845944958529,0.8493874201853836,96.05206209205556,61.15589425334762,1.9210412418411114,0.9127745410947405,0.7441337243235381,$x(s) = a_{13} + \left(- s - \sin{\left(\sin{\left(\sin{\left(a_{6} + s \right)} \right)} \right)}\right) \left(a_{1} \operatorname{acos}{\left(s \right)} + a_{14} + \left(a_{0} + a_{12} \left(a_{2} - 32 s\right) \left(- \sin{\left(4 \cos{\left(s \right)} \right)} + \operatorname{sech}{\left(s \right)}\right) + a_{12} \tanh{\left(8 s \right)} + a_{15} \sqrt{1 - \cos^{2}{\left(s \right)}} + a_{3} s \left(2 s - \tanh{\left(4 s \right)}\right) \left(s - \cos{\left(a_{11} s \right)} + 2\right) + a_{4} \left(32 \operatorname{asin}{\left(s \right)} + 64\right) \left(a_{5} + s \left(a_{10} + a_{9} s \left(a_{7} + s\right) \operatorname{acos}{\left(s \right)}\right) + s + \operatorname{sech}{\left(s \right)}\right)\right) \operatorname{acos}{\left(\operatorname{sech}{\left(\cos{\left(a_{8} + s \right)} \right)} \right)}\right)$,$y(s) = a_{2} \cos{\left(a_{0} + a_{1} \sin{\left(s \right)} \right)}$,$z(s) = a_{0} + s \left(a_{1} + a_{2} s\right)$
26,event66244_track290-hits,25,75,16,21,16,53,5,-2.6843497590743204,0.006787854097676933,0.0994330558359557,0.502301203228093,7.457479187696677,0.02283187287400423,0.10653541696709538,-1.540319990715418,$x(s) = a_{13} + \left(- s - \sin{\left(\sin{\left(\sin{\left(a_{6} + s \right)} \right)} \right)}\right) \left(a_{1} \operatorname{acos}{\left(s \right)} + a_{14} + \left(a_{0} + a_{12} \left(a_{2} - 32 s\right) \left(- \sin{\left(4 \cos{\left(s \right)} \right)} + \operatorname{sech}{\left(s \right)}\right) + a_{12} \tanh{\left(8 s \right)} + a_{15} \sqrt{1 - \cos^{2}{\left(s \right)}} + a_{3} s \left(2 s - \tanh{\left(4 s \right)}\right) \left(s - \cos{\left(a_{11} s \right)} + 2\right) + a_{4} \left(32 \operatorname{asin}{\left(s \right)} + 64\right) \left(a_{5} + s \left(a_{10} + a_{9} s \left(a_{7} + s\right) \operatorname{acos}{\left(s \right)}\right) + s + \operatorname{sech}{\left(s \right)}\right)\right) \operatorname{acos}{\left(\operatorname{sech}{\left(\cos{\left(a_{8} + s \right)} \right)} \right)}\right)$,$y(s) = a_{14} \sin{\left(\cos{\left(a_{10} + 4.30674369656515 s \right)} \right)} + a_{16} + a_{4} \cos{\left(a_{20} s \right)} + a_{5} \sin{\left(a_{19} s \right)} + \left(a_{11} + a_{15} s\right) \left(4 s \left(a_{1} s \operatorname{asin}{\left(\operatorname{asin}{\left(\tanh{\left(s \right)} \right)} \right)} + a_{8} + a_{9} s \left(a_{7} + s\right) \left(a_{12} - 0.0163348612181324 s \tanh{\left(\sin{\left(4 s \right)} \right)} - 0.455016066205459 \sqrt{1 - s^{2}}\right) - 5.80207456348123 \sqrt{\sqrt{s} + \operatorname{asin}{\left(s \right)}}\right) + \left(a_{2} + 4 s\right) \left(a_{6} \sin{\left(a_{13} s \right)} + 0.603433259507675 \sqrt{s} + 2.67458549611742\right) - \tanh{\left(\operatorname{asin}{\left(\operatorname{sech}{\left(5.65077849988401 s \right)} \right)} \right)}\right) - 0.000334426650014709 \sin{\left(a_{18} s \right)} + 0.00278916735581463 \sin{\left(s \left(a_{0} + \operatorname{acos}{\left(s \right)}\right) \right)} + 0.00373359883408793 \cos{\left(a_{17} s \right)} - 0.479013271010752 \operatorname{asin}{\left(\cos{\left(a_{3} + \operatorname{acos}{\left(s \right)} \right)} \right)}$,$x(s) = a_{13} + \left(- s - \sin{\left(\sin{\left(\sin{\left(a_{6} + s \right)} \right)} \right)}\right) \left(a_{1} \operatorname{acos}{\left(s \right)} + a_{14} + \left(a_{0} + a_{12} \left(a_{2} - 32 s\right) \left(- \sin{\left(4 \cos{\left(s \right)} \right)} + \operatorname{sech}{\left(s \right)}\right) + a_{12} \tanh{\left(8 s \right)} + a_{15} \sqrt{1 - \cos^{2}{\left(s \right)}} + a_{3} s \left(2 s - \tanh{\left(4 s \right)}\right) \left(s - \cos{\left(a_{11} s \right)} + 2\right) + a_{4} \left(32 \operatorname{asin}{\left(s \right)} + 64\right) \left(a_{5} + s \left(a_{10} + a_{9} s \left(a_{7} + s\right) \operatorname{acos}{\left(s \right)}\right) + s + \operatorname{sech}{\left(s \right)}\right)\right) \operatorname{acos}{\left(\operatorname{sech}{\left(\cos{\left(a_{8} + s \right)} \right)} \right)}\right)$
27,event66249_track185-hits,25,75,21,16,16,53,5,-1.1536558856462862,0.009530477375077832,0.030209326278676406,0.7052553257557596,2.2656994709007305,0.032057060261625435,0.032367135298581866,-0.009626117287383804,$x(s) = a_{14} \sin{\left(\cos{\left(a_{12} s + 3.19564213142574 \right)} \right)} + a_{16} + a_{6} \cos{\left(a_{17} s \right)} + a_{7} \sin{\left(a_{18} s \right)} + \left(a_{15} s + 4.98154578530752\right) \left(4 s \left(a_{1} s \operatorname{asin}{\left(\operatorname{asin}{\left(\tanh{\left(s \right)} \right)} \right)} + a_{10} s \left(s + 0.0134870156781597\right) \left(a_{11} - 0.017503085789641 s \tanh{\left(\sin{\left(4 s \right)} \right)} - 0.450614826294794 \sqrt{1 - s^{2}}\right) + a_{2} \sqrt{\sqrt{s} + \operatorname{asin}{\left(s \right)}} + a_{9}\right) + \left(a_{3} + 4 s\right) \left(a_{4} + a_{5} \sqrt{s} + a_{8} \sin{\left(a_{13} s \right)}\right) - \tanh{\left(\operatorname{asin}{\left(\operatorname{sech}{\left(5.6839434852917 s \right)} \right)} \right)}\right) + 0.000668810464601903 \sin{\left(a_{19} s \right)} + 0.00289842149959624 \sin{\left(s \left(a_{0} + \operatorname{acos}{\left(s \right)}\right) \right)} + 0.000623964504492596 \cos{\left(a_{20} s \right)} - 0.49633536500747 \operatorname{asin}{\left(\cos{\left(\operatorname{acos}{\left(s \right)} - 0.802742285270038 \right)} \right)}$,$x(s) = a_{13} + \left(- s - \sin{\left(\sin{\left(\sin{\left(a_{6} + s \right)} \right)} \right)}\right) \left(a_{1} \operatorname{acos}{\left(s \right)} + a_{14} + \left(a_{0} + a_{12} \left(a_{2} - 32 s\right) \left(- \sin{\left(4 \cos{\left(s \right)} \right)} + \operatorname{sech}{\left(s \right)}\right) + a_{12} \tanh{\left(8 s \right)} + a_{15} \sqrt{1 - \cos^{2}{\left(s \right)}} + a_{3} s \left(2 s - \tanh{\left(4 s \right)}\right) \left(s - \cos{\left(a_{11} s \right)} + 2\right) + a_{4} \left(32 \operatorname{asin}{\left(s \right)} + 64\right) \left(a_{5} + s \left(a_{10} + a_{9} s \left(a_{7} + s\right) \operatorname{acos}{\left(s \right)}\right) + s + \operatorname{sech}{\left(s \right)}\right)\right) \operatorname{acos}{\left(\operatorname{sech}{\left(\cos{\left(a_{8} + s \right)} \right)} \right)}\right)$,$x(s) = a_{13} + \left(- s - \sin{\left(\sin{\left(\sin{\left(a_{6} + s \right)} \right)} \right)}\right) \left(a_{1} \operatorname{acos}{\left(s \right)} + a_{14} + \left(a_{0} + a_{12} \left(a_{2} - 32 s\right) \left(- \sin{\left(4 \cos{\left(s \right)} \right)} + \operatorname{sech}{\left(s \right)}\right) + a_{12} \tanh{\left(8 s \right)} + a_{15} \sqrt{1 - \cos^{2}{\left(s \right)}} + a_{3} s \left(2 s - \tanh{\left(4 s \right)}\right) \left(s - \cos{\left(a_{11} s \right)} + 2\right) + a_{4} \left(32 \operatorname{asin}{\left(s \right)} + 64\right) \left(a_{5} + s \left(a_{10} + a_{9} s \left(a_{7} + s\right) \operatorname{acos}{\left(s \right)}\right) + s + \operatorname{sech}{\left(s \right)}\right)\right) \operatorname{acos}{\left(\operatorname{sech}{\left(\cos{\left(a_{8} + s \right)} \right)} \right)}\right)$
28,event66303_track181-hits,25,75,16,21,16,53,5,-5.358760853322288,0.001360932642315791,0.2891458073103917,0.10070901553136855,21.685935548279378,0.0045776825241531155,0.309799079261134,-4.214731084963385,$x(s) = a_{13} + \left(- s - \sin{\left(\sin{\left(\sin{\left(a_{6} + s \right)} \right)} \right)}\right) \left(a_{1} \operatorname{acos}{\left(s \right)} + a_{14} + \left(a_{0} + a_{12} \left(a_{2} - 32 s\right) \left(- \sin{\left(4 \cos{\left(s \right)} \right)} + \operatorname{sech}{\left(s \right)}\right) + a_{12} \tanh{\left(8 s \right)} + a_{15} \sqrt{1 - \cos^{2}{\left(s \right)}} + a_{3} s \left(2 s - \tanh{\left(4 s \right)}\right) \left(s - \cos{\left(a_{11} s \right)} + 2\right) + a_{4} \left(32 \operatorname{asin}{\left(s \right)} + 64\right) \left(a_{5} + s \left(a_{10} + a_{9} s \left(a_{7} + s\right) \operatorname{acos}{\left(s \right)}\right) + s + \operatorname{sech}{\left(s \right)}\right)\right) \operatorname{acos}{\left(\operatorname{sech}{\left(\cos{\left(a_{8} + s \right)} \right)} \right)}\right)$,$y(s) = a_{14} \sin{\left(\cos{\left(a_{10} + 4.30674369656515 s \right)} \right)} + a_{16} + a_{4} \cos{\left(a_{20} s \right)} + a_{5} \sin{\left(a_{19} s \right)} + \left(a_{11} + a_{15} s\right) \left(4 s \left(a_{1} s \operatorname{asin}{\left(\operatorname{asin}{\left(\tanh{\left(s \right)} \right)} \right)} + a_{8} + a_{9} s \left(a_{7} + s\right) \left(a_{12} - 0.0163348612181324 s \tanh{\left(\sin{\left(4 s \right)} \right)} - 0.455016066205459 \sqrt{1 - s^{2}}\right) - 5.80207456348123 \sqrt{\sqrt{s} + \operatorname{asin}{\left(s \right)}}\right) + \left(a_{2} + 4 s\right) \left(a_{6} \sin{\left(a_{13} s \right)} + 0.603433259507675 \sqrt{s} + 2.67458549611742\right) - \tanh{\left(\operatorname{asin}{\left(\operatorname{sech}{\left(5.65077849988401 s \right)} \right)} \right)}\right) - 0.000334426650014709 \sin{\left(a_{18} s \right)} + 0.00278916735581463 \sin{\left(s \left(a_{0} + \operatorname{acos}{\left(s \right)}\right) \right)} + 0.00373359883408793 \cos{\left(a_{17} s \right)} - 0.479013271010752 \operatorname{asin}{\left(\cos{\left(a_{3} + \operatorname{acos}{\left(s \right)} \right)} \right)}$,$x(s) = a_{13} + \left(- s - \sin{\left(\sin{\left(\sin{\left(a_{6} + s \right)} \right)} \right)}\right) \left(a_{1} \operatorname{acos}{\left(s \right)} + a_{14} + \left(a_{0} + a_{12} \left(a_{2} - 32 s\right) \left(- \sin{\left(4 \cos{\left(s \right)} \right)} + \operatorname{sech}{\left(s \right)}\right) + a_{12} \tanh{\left(8 s \right)} + a_{15} \sqrt{1 - \cos^{2}{\left(s \right)}} + a_{3} s \left(2 s - \tanh{\left(4 s \right)}\right) \left(s - \cos{\left(a_{11} s \right)} + 2\right) + a_{4} \left(32 \operatorname{asin}{\left(s \right)} + 64\right) \left(a_{5} + s \left(a_{10} + a_{9} s \left(a_{7} + s\right) \operatorname{acos}{\left(s \right)}\right) + s + \operatorname{sech}{\left(s \right)}\right)\right) \operatorname{acos}{\left(\operatorname{sech}{\left(\cos{\left(a_{8} + s \right)} \right)} \right)}\right)$
29,event66314_track100-hits,25,75,16,16,3,35,5,13.165721741464708,5.521241694915984e-07,1.0573930617977036e-12,4.085718854237828e-05,7.930447963482777e-11,1.021429713559457e-06,1.1329211376403968e-12,13.71191450906799,$x(s) = a_{13} + \left(- s - \sin{\left(\sin{\left(\sin{\left(a_{6} + s \right)} \right)} \right)}\right) \left(a_{1} \operatorname{acos}{\left(s \right)} + a_{14} + \left(a_{0} + a_{12} \left(a_{2} - 32 s\right) \left(- \sin{\left(4 \cos{\left(s \right)} \right)} + \operatorname{sech}{\left(s \right)}\right) + a_{12} \tanh{\left(8 s \right)} + a_{15} \sqrt{1 - \cos^{2}{\left(s \right)}} + a_{3} s \left(2 s - \tanh{\left(4 s \right)}\right) \left(s - \cos{\left(a_{11} s \right)} + 2\right) + a_{4} \left(32 \operatorname{asin}{\left(s \right)} + 64\right) \left(a_{5} + s \left(a_{10} + a_{9} s \left(a_{7} + s\right) \operatorname{acos}{\left(s \right)}\right) + s + \operatorname{sech}{\left(s \right)}\right)\right) \operatorname{acos}{\left(\operatorname{sech}{\left(\cos{\left(a_{8} + s \right)} \right)} \right)}\right)$,$x(s) = a_{13} + \left(- s - \sin{\left(\sin{\left(\sin{\left(a_{6} + s \right)} \right)} \right)}\right) \left(a_{1} \operatorname{acos}{\left(s \right)} + a_{14} + \left(a_{0} + a_{12} \left(a_{2} - 32 s\right) \left(- \sin{\left(4 \cos{\left(s \right)} \right)} + \operatorname{sech}{\left(s \right)}\right) + a_{12} \tanh{\left(8 s \right)} + a_{15} \sqrt{1 - \cos^{2}{\left(s \right)}} + a_{3} s \left(2 s - \tanh{\left(4 s \right)}\right) \left(s - \cos{\left(a_{11} s \right)} + 2\right) + a_{4} \left(32 \operatorname{asin}{\left(s \right)} + 64\right) \left(a_{5} + s \left(a_{10} + a_{9} s \left(a_{7} + s\right) \operatorname{acos}{\left(s \right)}\right) + s + \operatorname{sech}{\left(s \right)}\right)\right) \operatorname{acos}{\left(\operatorname{sech}{\left(\cos{\left(a_{8} + s \right)} \right)} \right)}\right)$,$z(s) = a_{0} + s \left(a_{1} + a_{2} s\right)$
30,event66317_track376-hits,50,150,42,42,42,126,5,1.9738884279014575,0.19405255383744913,0.02695693494360192,28.91383052177992,4.043540241540288,1.2047429384074968,0.027886484424415783,3.7658793518232896,$x(s) = a_{1} \operatorname{asin}{\left(\cos{\left(a_{10} + \operatorname{acos}{\left(s \right)} \right)} \right)} + a_{19} \cos{\left(a_{39} s \right)} + a_{2} \sin{\left(\cos{\left(a_{11} + a_{30} s \right)} \right)} + a_{24} \cos{\left(a_{36} s \right)} + a_{25} \sin{\left(s \left(a_{0} + \operatorname{acos}{\left(s \right)}\right) \right)} + a_{26} \sin{\left(a_{38} s \right)} + a_{8} \sin{\left(a_{37} s \right)} + \left(a_{13} + a_{20} s\right) \cos{\left(a_{22} + \left(s - 2\right) \left(a_{4} s + a_{40}\right) \right)} + \left(a_{17} s + a_{18}\right) \tanh{\left(\left(a_{15} - \sin{\left(a_{41} s \right)}\right) \left(a_{32} + a_{5} s\right) \right)} + \left(a_{34} s + a_{35}\right) \left(4 s \left(a_{28} + a_{29} s \left(a_{16} + s\right) \left(a_{12} \sqrt{1 - s^{2}} + a_{23} s \tanh{\left(\sin{\left(4 s \right)} \right)} + a_{27}\right) + a_{3} s \operatorname{asin}{\left(\operatorname{asin}{\left(\tanh{\left(s \right)} \right)} \right)} + a_{6} \sqrt{s + \operatorname{asin}{\left(s \right)}}\right) + \left(a_{9} + 2 s\right) \left(a_{14} \sin{\left(a_{31} s \right)} + a_{21} \sqrt{s} + a_{7}\right) - \tanh{\left(\operatorname{asin}{\left(\operatorname{sech}{\left(a_{33} s \right)} \right)} \right)}\right)$,$x(s) = a_{1} \operatorname{asin}{\left(\cos{\left(a_{10} + \operatorname{acos}{\left(s \right)} \right)} \right)} + a_{19} \cos{\left(a_{39} s \right)} + a_{2} \sin{\left(\cos{\left(a_{11} + a_{30} s \right)} \right)} + a_{24} \cos{\left(a_{36} s \right)} + a_{25} \sin{\left(s \left(a_{0} + \operatorname{acos}{\left(s \right)}\right) \right)} + a_{26} \sin{\left(a_{38} s \right)} + a_{8} \sin{\left(a_{37} s \right)} + \left(a_{13} + a_{20} s\right) \cos{\left(a_{22} + \left(s - 2\right) \left(a_{4} s + a_{40}\right) \right)} + \left(a_{17} s + a_{18}\right) \tanh{\left(\left(a_{15} - \sin{\left(a_{41} s \right)}\right) \left(a_{32} + a_{5} s\right) \right)} + \left(a_{34} s + a_{35}\right) \left(4 s \left(a_{28} + a_{29} s \left(a_{16} + s\right) \left(a_{12} \sqrt{1 - s^{2}} + a_{23} s \tanh{\left(\sin{\left(4 s \right)} \right)} + a_{27}\right) + a_{3} s \operatorname{asin}{\left(\operatorname{asin}{\left(\tanh{\left(s \right)} \right)} \right)} + a_{6} \sqrt{s + \operatorname{asin}{\left(s \right)}}\right) + \left(a_{9} + 2 s\right) \left(a_{14} \sin{\left(a_{31} s \right)} + a_{21} \sqrt{s} + a_{7}\right) - \tanh{\left(\operatorname{asin}{\left(\operatorname{sech}{\left(a_{33} s \right)} \right)} \right)}\right)$,$x(s) = a_{1} \operatorname{asin}{\left(\cos{\left(a_{10} + \operatorname{acos}{\left(s \right)} \right)} \right)} + a_{19} \cos{\left(a_{39} s \right)} + a_{2} \sin{\left(\cos{\left(a_{11} + a_{30} s \right)} \right)} + a_{24} \cos{\left(a_{36} s \right)} + a_{25} \sin{\left(s \left(a_{0} + \operatorname{acos}{\left(s \right)}\right) \right)} + a_{26} \sin{\left(a_{38} s \right)} + a_{8} \sin{\left(a_{37} s \right)} + \left(a_{13} + a_{20} s\right) \cos{\left(a_{22} + \left(s - 2\right) \left(a_{4} s + a_{40}\right) \right)} + \left(a_{17} s + a_{18}\right) \tanh{\left(\left(a_{15} - \sin{\left(a_{41} s \right)}\right) \left(a_{32} + a_{5} s\right) \right)} + \left(a_{34} s + a_{35}\right) \left(4 s \left(a_{28} + a_{29} s \left(a_{16} + s\right) \left(a_{12} \sqrt{1 - s^{2}} + a_{23} s \tanh{\left(\sin{\left(4 s \right)} \right)} + a_{27}\right) + a_{3} s \operatorname{asin}{\left(\operatorname{asin}{\left(\tanh{\left(s \right)} \right)} \right)} + a_{6} \sqrt{s + \operatorname{asin}{\left(s \right)}}\right) + \left(a_{9} + 2 s\right) \left(a_{14} \sin{\left(a_{31} s \right)} + a_{21} \sqrt{s} + a_{7}\right) - \tanh{\left(\operatorname{asin}{\left(\operatorname{sech}{\left(a_{33} s \right)} \right)} \right)}\right)$
31,event66342_track15-hits,45,135,39,41,39,119,5,0.031154793038171334,127.22345051330142,123.32093689508459,17047.94236878239,16648.32648083642,1065.4963980488994,128.06404985258783,2.1186655427664545,$z(s) = a_{1} \operatorname{asin}{\left(\cos{\left(a_{10} + \operatorname{acos}{\left(s \right)} \right)} \right)} + a_{15} \tanh{\left(\left(a_{28} + a_{5} s\right) \sin{\left(a_{38} s \right)} \right)} + a_{17} \cos{\left(a_{36} s \right)} + a_{2} \sin{\left(\cos{\left(a_{11} + a_{27} s \right)} \right)} + a_{21} \cos{\left(a_{33} s \right)} + a_{22} \sin{\left(s \left(a_{0} + \operatorname{acos}{\left(s \right)}\right) \right)} + a_{24} \sin{\left(a_{35} s \right)} + a_{8} \sin{\left(a_{34} s \right)} + \left(a_{13} + a_{18} s\right) \cos{\left(a_{20} + \left(a_{37} + a_{4} s\right) \left(s - 2\right) \right)} + \left(a_{30} s + a_{32}\right) \left(4 s \left(a_{25} + a_{3} s \operatorname{asin}{\left(\operatorname{asin}{\left(\tanh{\left(s \right)} \right)} \right)} + a_{6} \sqrt{s + \operatorname{asin}{\left(s \right)}} + 4 s \left(a_{16} + s\right) \left(a_{12} \sqrt{1 - s^{2}} + a_{23} s \tanh{\left(\sin{\left(4 s \right)} \right)} + a_{26}\right)\right) + \left(a_{9} + 2 s\right) \left(a_{14} \sin{\left(a_{29} s \right)} + a_{19} \sqrt{s} + a_{7}\right) - \tanh{\left(\operatorname{asin}{\left(\operatorname{sech}{\left(a_{31} s \right)} \right)} \right)}\right)$,$y(s) = a_{19} s \left(a_{9} \operatorname{asin}{\left(s \right)} + \left(a_{20} + a_{25} s \left(a_{12} + s\right)\right) \left(a_{24} s + a_{8}\right) \sin{\left(a_{13} + a_{2} s + s \operatorname{acos}{\left(s \right)} \operatorname{acos}{\left(s^{2} \right)} + \operatorname{acos}{\left(s \right)} \right)} + \sin{\left(a_{38} s \right)}\right) \operatorname{acos}{\left(s \right)} + a_{3} \tanh{\left(\sin{\left(a_{27} s \right)} \right)} + a_{39} + a_{40} s + \left(a_{23} + a_{29} \sqrt{s}\right) \operatorname{sech}{\left(a_{10} + a_{37} s \right)} - \left(a_{28} - s\right) \left(a_{14} \operatorname{acos}{\left(\sin{\left(a_{11} + a_{32} s \right)} \right)} + a_{34} \tanh{\left(\operatorname{asin}{\left(\operatorname{sech}{\left(a_{33} s \right)} \right)} \right)} - s \left(a_{0} s \left(a_{17} s^{2} + a_{18} - s\right) + a_{1} \operatorname{sech}{\left(a_{26} s \right)}\right) + \left(a_{21} + a_{5} \sin{\left(s \right)}\right) \sin{\left(a_{30} s \right)}\right) + \left(a_{22} s^{2} + a_{31}\right) \tanh{\left(a_{36} s \right)} \operatorname{acos}{\left(- s \right)} - \tanh{\left(a_{15} \sin{\left(\left(a_{16} + a_{6} s\right) \left(a_{35} + a_{4} s + a_{7} \operatorname{acos}{\left(s \right)}\right) \right)} \operatorname{sech}{\left(s \right)} \right)} + \sqrt{\operatorname{acos}{\left(s \right)}}$,$z(s) = a_{1} \operatorname{asin}{\left(\cos{\left(a_{10} + \operatorname{acos}{\left(s \right)} \right)} \right)} + a_{15} \tanh{\left(\left(a_{28} + a_{5} s\right) \sin{\left(a_{38} s \right)} \right)} + a_{17} \cos{\left(a_{36} s \right)} + a_{2} \sin{\left(\cos{\left(a_{11} + a_{27} s \right)} \right)} + a_{21} \cos{\left(a_{33} s \right)} + a_{22} \sin{\left(s \left(a_{0} + \operatorname{acos}{\left(s \right)}\right) \right)} + a_{24} \sin{\left(a_{35} s \right)} + a_{8} \sin{\left(a_{34} s \right)} + \left(a_{13} + a_{18} s\right) \cos{\left(a_{20} + \left(a_{37} + a_{4} s\right) \left(s - 2\right) \right)} + \left(a_{30} s + a_{32}\right) \left(4 s \left(a_{25} + a_{3} s \operatorname{asin}{\left(\operatorname{asin}{\left(\tanh{\left(s \right)} \right)} \right)} + a_{6} \sqrt{s + \operatorname{asin}{\left(s \right)}} + 4 s \left(a_{16} + s\right) \left(a_{12} \sqrt{1 - s^{2}} + a_{23} s \tanh{\left(\sin{\left(4 s \right)} \right)} + a_{26}\right)\right) + \left(a_{9} + 2 s\right) \left(a_{14} \sin{\left(a_{29} s \right)} + a_{19} \sqrt{s} + a_{7}\right) - \tanh{\left(\operatorname{asin}{\left(\operatorname{sech}{\left(a_{31} s \right)} \right)} \right)}\right)$
32,event66348_track496-hits,37,111,32,32,32,96,5,-0.025992731856377495,4.315707300684799,4.429354931013808,474.72780307532787,491.65839734253274,31.648520205021857,4.638286767382384,1.9203463256335618,$y(s) = a_{1} \operatorname{asin}{\left(\cos{\left(a_{7} + \operatorname{acos}{\left(s \right)} \right)} \right)} + a_{10} \cos{\left(a_{28} s \right)} + a_{11} \cos{\left(a_{31} s \right)} + a_{12} \sin{\left(a_{29} s \right)} + a_{13} \sin{\left(a_{30} s \right)} + a_{24} \sin{\left(\cos{\left(a_{19} + a_{22} s \right)} \right)} + a_{27} + a_{9} \sin{\left(s \left(a_{0} + \operatorname{acos}{\left(s \right)}\right) \right)} + \left(a_{20} + a_{26} s\right) \left(4 s \left(a_{17} + a_{18} s \left(a_{16} + s\right) \left(a_{14} s \tanh{\left(\sin{\left(4 s \right)} \right)} + a_{21} + a_{8} \sqrt{1 - s^{2}}\right) + a_{2} s \operatorname{asin}{\left(\operatorname{asin}{\left(\tanh{\left(s \right)} \right)} \right)} + a_{3} \sqrt{\sqrt{s} + \operatorname{asin}{\left(s \right)}}\right) + \left(a_{4} + 4 s\right) \left(a_{15} \sin{\left(a_{23} s \right)} + a_{5} + a_{6} \sqrt{s}\right) - \tanh{\left(\operatorname{asin}{\left(\operatorname{sech}{\left(a_{25} s \right)} \right)} \right)}\right)$,$y(s) = a_{1} \operatorname{asin}{\left(\cos{\left(a_{7} + \operatorname{acos}{\left(s \right)} \right)} \right)} + a_{10} \cos{\left(a_{28} s \right)} + a_{11} \cos{\left(a_{31} s \right)} + a_{12} \sin{\left(a_{29} s \right)} + a_{13} \sin{\left(a_{30} s \right)} + a_{24} \sin{\left(\cos{\left(a_{19} + a_{22} s \right)} \right)} + a_{27} + a_{9} \sin{\left(s \left(a_{0} + \operatorname{acos}{\left(s \right)}\right) \right)} + \left(a_{20} + a_{26} s\right) \left(4 s \left(a_{17} + a_{18} s \left(a_{16} + s\right) \left(a_{14} s \tanh{\left(\sin{\left(4 s \right)} \right)} + a_{21} + a_{8} \sqrt{1 - s^{2}}\right) + a_{2} s \operatorname{asin}{\left(\operatorname{asin}{\left(\tanh{\left(s \right)} \right)} \right)} + a_{3} \sqrt{\sqrt{s} + \operatorname{asin}{\left(s \right)}}\right) + \left(a_{4} + 4 s\right) \left(a_{15} \sin{\left(a_{23} s \right)} + a_{5} + a_{6} \sqrt{s}\right) - \tanh{\left(\operatorname{asin}{\left(\operatorname{sech}{\left(a_{25} s \right)} \right)} \right)}\right)$,$y(s) = a_{1} \operatorname{asin}{\left(\cos{\left(a_{7} + \operatorname{acos}{\left(s \right)} \right)} \right)} + a_{10} \cos{\left(a_{28} s \right)} + a_{11} \cos{\left(a_{31} s \right)} + a_{12} \sin{\left(a_{29} s \right)} + a_{13} \sin{\left(a_{30} s \right)} + a_{24} \sin{\left(\cos{\left(a_{19} + a_{22} s \right)} \right)} + a_{27} + a_{9} \sin{\left(s \left(a_{0} + \operatorname{acos}{\left(s \right)}\right) \right)} + \left(a_{20} + a_{26} s\right) \left(4 s \left(a_{17} + a_{18} s \left(a_{16} + s\right) \left(a_{14} s \tanh{\left(\sin{\left(4 s \right)} \right)} + a_{21} + a_{8} \sqrt{1 - s^{2}}\right) + a_{2} s \operatorname{asin}{\left(\operatorname{asin}{\left(\tanh{\left(s \right)} \right)} \right)} + a_{3} \sqrt{\sqrt{s} + \operatorname{asin}{\left(s \right)}}\right) + \left(a_{4} + 4 s\right) \left(a_{15} \sin{\left(a_{23} s \right)} + a_{5} + a_{6} \sqrt{s}\right) - \tanh{\left(\operatorname{asin}{\left(\operatorname{sech}{\left(a_{25} s \right)} \right)} \right)}\right)$
33,event66366_track304-hits,26,78,21,21,21,63,5,-2.071105493566667,0.40388619571424456,3.204267000059267,31.099237069996832,249.93282600462283,2.073282471333122,3.42373734252908,-0.5015996583563935,$x(s) = a_{14} \sin{\left(\cos{\left(a_{12} s + 3.19564213142574 \right)} \right)} + a_{16} + a_{6} \cos{\left(a_{17} s \right)} + a_{7} \sin{\left(a_{18} s \right)} + \left(a_{15} s + 4.98154578530752\right) \left(4 s \left(a_{1} s \operatorname{asin}{\left(\operatorname{asin}{\left(\tanh{\left(s \right)} \right)} \right)} + a_{10} s \left(s + 0.0134870156781597\right) \left(a_{11} - 0.017503085789641 s \tanh{\left(\sin{\left(4 s \right)} \right)} - 0.450614826294794 \sqrt{1 - s^{2}}\right) + a_{2} \sqrt{\sqrt{s} + \operatorname{asin}{\left(s \right)}} + a_{9}\right) + \left(a_{3} + 4 s\right) \left(a_{4} + a_{5} \sqrt{s} + a_{8} \sin{\left(a_{13} s \right)}\right) - \tanh{\left(\operatorname{asin}{\left(\operatorname{sech}{\left(5.6839434852917 s \right)} \right)} \right)}\right) + 0.000668810464601903 \sin{\left(a_{19} s \right)} + 0.00289842149959624 \sin{\left(s \left(a_{0} + \operatorname{acos}{\left(s \right)}\right) \right)} + 0.000623964504492596 \cos{\left(a_{20} s \right)} - 0.49633536500747 \operatorname{asin}{\left(\cos{\left(\operatorname{acos}{\left(s \right)} - 0.802742285270038 \right)} \right)}$,$y(s) = a_{14} \sin{\left(\cos{\left(a_{10} + 4.30674369656515 s \right)} \right)} + a_{16} + a_{4} \cos{\left(a_{20} s \right)} + a_{5} \sin{\left(a_{19} s \right)} + \left(a_{11} + a_{15} s\right) \left(4 s \left(a_{1} s \operatorname{asin}{\left(\operatorname{asin}{\left(\tanh{\left(s \right)} \right)} \right)} + a_{8} + a_{9} s \left(a_{7} + s\right) \left(a_{12} - 0.0163348612181324 s \tanh{\left(\sin{\left(4 s \right)} \right)} - 0.455016066205459 \sqrt{1 - s^{2}}\right) - 5.80207456348123 \sqrt{\sqrt{s} + \operatorname{asin}{\left(s \right)}}\right) + \left(a_{2} + 4 s\right) \left(a_{6} \sin{\left(a_{13} s \right)} + 0.603433259507675 \sqrt{s} + 2.67458549611742\right) - \tanh{\left(\operatorname{asin}{\left(\operatorname{sech}{\left(5.65077849988401 s \right)} \right)} \right)}\right) - 0.000334426650014709 \sin{\left(a_{18} s \right)} + 0.00278916735581463 \sin{\left(s \left(a_{0} + \operatorname{acos}{\left(s \right)}\right) \right)} + 0.00373359883408793 \cos{\left(a_{17} s \right)} - 0.479013271010752 \operatorname{asin}{\left(\cos{\left(a_{3} + \operatorname{acos}{\left(s \right)} \right)} \right)}$,$z(s) = a_{14} \sin{\left(\cos{\left(a_{12} s + 3.19908372347864 \right)} \right)} + a_{16} + a_{4} \sin{\left(s \left(a_{0} + \operatorname{acos}{\left(s \right)}\right) \right)} + a_{5} \cos{\left(a_{17} s \right)} + a_{6} \cos{\left(a_{20} s \right)} + a_{7} \sin{\left(a_{18} s \right)} + a_{8} \sin{\left(a_{19} s \right)} + \left(a_{15} s + 4.95693844355651\right) \left(4 s \left(a_{1} s \operatorname{asin}{\left(\operatorname{asin}{\left(\tanh{\left(s \right)} \right)} \right)} + a_{10} s \left(s + 0.0165277213916615\right) \left(a_{11} - 0.0170953672188301 s \tanh{\left(\sin{\left(4 s \right)} \right)} - 0.45186637110654 \sqrt{1 - s^{2}}\right) + a_{2} \sqrt{\sqrt{s} + \operatorname{asin}{\left(s \right)}} + 2.6101696562203\right) + \left(a_{3} + 4 s\right) \left(a_{9} \sin{\left(a_{13} s \right)} + 0.599451678286101 \sqrt{s} + 2.63175897944836\right) - \tanh{\left(\operatorname{asin}{\left(\operatorname{sech}{\left(5.67300314508095 s \right)} \right)} \right)}\right) - 0.492161174249544 \operatorname{asin}{\left(\cos{\left(\operatorname{acos}{\left(s \right)} - 0.802732791241311 \right)} \right)}$
34,event66405_track129-hits,50,150,39,39,42,120,5,-0.028842965191997732,5.656277443327766,5.821796816804849,842.7853390558371,873.2695225207273,28.09284463519457,6.022548431177429,1.5400044074156247,$z(s) = a_{1} \operatorname{asin}{\left(\cos{\left(a_{10} + \operatorname{acos}{\left(s \right)} \right)} \right)} + a_{15} \tanh{\left(\left(a_{28} + a_{5} s\right) \sin{\left(a_{38} s \right)} \right)} + a_{17} \cos{\left(a_{36} s \right)} + a_{2} \sin{\left(\cos{\left(a_{11} + a_{27} s \right)} \right)} + a_{21} \cos{\left(a_{33} s \right)} + a_{22} \sin{\left(s \left(a_{0} + \operatorname{acos}{\left(s \right)}\right) \right)} + a_{24} \sin{\left(a_{35} s \right)} + a_{8} \sin{\left(a_{34} s \right)} + \left(a_{13} + a_{18} s\right) \cos{\left(a_{20} + \left(a_{37} + a_{4} s\right) \left(s - 2\right) \right)} + \left(a_{30} s + a_{32}\right) \left(4 s \left(a_{25} + a_{3} s \operatorname{asin}{\left(\operatorname{asin}{\left(\tanh{\left(s \right)} \right)} \right)} + a_{6} \sqrt{s + \operatorname{asin}{\left(s \right)}} + 4 s \left(a_{16} + s\right) \left(a_{12} \sqrt{1 - s^{2}} + a_{23} s \tanh{\left(\sin{\left(4 s \right)} \right)} + a_{26}\right)\right) + \left(a_{9} + 2 s\right) \left(a_{14} \sin{\left(a_{29} s \right)} + a_{19} \sqrt{s} + a_{7}\right) - \tanh{\left(\operatorname{asin}{\left(\operatorname{sech}{\left(a_{31} s \right)} \right)} \right)}\right)$,$y(s) = a_{1} \sin{\left(\cos{\left(a_{27} s + a_{7} \right)} \right)} + a_{12} \cos{\left(a_{36} s \right)} + a_{14} \cos{\left(a_{31} s \right)} + a_{20} \sin{\left(s \left(a_{0} + \operatorname{acos}{\left(s \right)}\right) \right)} + a_{23} \sin{\left(a_{34} s \right)} + a_{33} \operatorname{acos}{\left(\cos{\left(a_{8} + \operatorname{acos}{\left(s \right)} \right)} \right)} + a_{6} \sin{\left(a_{35} s \right)} - \left(a_{19} + a_{9} s\right) \cos{\left(a_{5} + \left(s - 2\right) \left(a_{3} s + a_{37}\right) \right)} + \left(a_{13} s + a_{16}\right) \tanh{\left(64 s - 64 \sin{\left(a_{38} s \right)} \right)} + \left(a_{30} s + a_{32}\right) \left(4 s \left(a_{2} s \operatorname{asin}{\left(\operatorname{acos}{\left(\operatorname{sech}{\left(s \right)} \right)} \right)} + a_{25} + a_{26} s \left(a_{22} + s\right) \left(a_{11} \sqrt{1 - s^{2}} + a_{15} s \tanh{\left(\sin{\left(4 s \right)} \right)} + a_{24}\right) + a_{4} \sqrt{s + \operatorname{asin}{\left(s \right)}}\right) - \left(a_{21} s - 1\right) \left(a_{10} \sin{\left(a_{28} s \right)} + a_{17} + \sqrt{s} \left(a_{18} + s\right)\right) - \tanh{\left(\operatorname{asin}{\left(\operatorname{sech}{\left(a_{29} s \right)} \right)} \right)}\right)$,$x(s) = a_{1} \operatorname{asin}{\left(\cos{\left(a_{10} + \operatorname{acos}{\left(s \right)} \right)} \right)} + a_{19} \cos{\left(a_{39} s \right)} + a_{2} \sin{\left(\cos{\left(a_{11} + a_{30} s \right)} \right)} + a_{24} \cos{\left(a_{36} s \right)} + a_{25} \sin{\left(s \left(a_{0} + \operatorname{acos}{\left(s \right)}\right) \right)} + a_{26} \sin{\left(a_{38} s \right)} + a_{8} \sin{\left(a_{37} s \right)} + \left(a_{13} + a_{20} s\right) \cos{\left(a_{22} + \left(s - 2\right) \left(a_{4} s + a_{40}\right) \right)} + \left(a_{17} s + a_{18}\right) \tanh{\left(\left(a_{15} - \sin{\left(a_{41} s \right)}\right) \left(a_{32} + a_{5} s\right) \right)} + \left(a_{34} s + a_{35}\right) \left(4 s \left(a_{28} + a_{29} s \left(a_{16} + s\right) \left(a_{12} \sqrt{1 - s^{2}} + a_{23} s \tanh{\left(\sin{\left(4 s \right)} \right)} + a_{27}\right) + a_{3} s \operatorname{asin}{\left(\operatorname{asin}{\left(\tanh{\left(s \right)} \right)} \right)} + a_{6} \sqrt{s + \operatorname{asin}{\left(s \right)}}\right) + \left(a_{9} + 2 s\right) \left(a_{14} \sin{\left(a_{31} s \right)} + a_{21} \sqrt{s} + a_{7}\right) - \tanh{\left(\operatorname{asin}{\left(\operatorname{sech}{\left(a_{33} s \right)} \right)} \right)}\right)$
35,event66470_track183-hits,37,111,32,32,32,96,5,-0.9350389055062511,8.791549208155823,22.39482372239494,967.0704128971405,2485.8254331858384,64.47136085980937,23.45118333194187,1.011300151983688,$y(s) = a_{1} \operatorname{asin}{\left(\cos{\left(a_{6} + \operatorname{acos}{\left(s \right)} \right)} \right)} + a_{10} \cos{\left(a_{31} s \right)} + a_{11} \sin{\left(a_{30} s \right)} + a_{12} \sin{\left(s \left(a_{0} + \operatorname{acos}{\left(s \right)}\right) \right)} + a_{13} \sin{\left(a_{29} s \right)} + a_{24} \sin{\left(\cos{\left(a_{18} + a_{22} s \right)} \right)} + a_{27} + a_{9} \cos{\left(a_{28} s \right)} + \left(a_{20} + a_{26} s\right) \left(4 s \left(a_{17} + a_{19} s \left(a_{15} + s\right) \left(a_{16} s \tanh{\left(\sin{\left(4 s \right)} \right)} + a_{21} + a_{7} \sqrt{1 - s^{2}}\right) + a_{2} s \operatorname{asin}{\left(\operatorname{asin}{\left(\tanh{\left(s \right)} \right)} \right)} + a_{3} \sqrt{\sqrt{s} + \operatorname{asin}{\left(s \right)}}\right) + \left(a_{4} + 4 s\right) \left(a_{14} \sqrt{s} + a_{5} + a_{8} \sin{\left(a_{23} s \right)}\right) - \tanh{\left(\operatorname{asin}{\left(\operatorname{sech}{\left(a_{25} s \right)} \right)} \right)}\right)$,$y(s) = a_{1} \operatorname{asin}{\left(\cos{\left(a_{6} + \operatorname{acos}{\left(s \right)} \right)} \right)} + a_{10} \cos{\left(a_{31} s \right)} + a_{11} \sin{\left(a_{30} s \right)} + a_{12} \sin{\left(s \left(a_{0} + \operatorname{acos}{\left(s \right)}\right) \right)} + a_{13} \sin{\left(a_{29} s \right)} + a_{24} \sin{\left(\cos{\left(a_{18} + a_{22} s \right)} \right)} + a_{27} + a_{9} \cos{\left(a_{28} s \right)} + \left(a_{20} + a_{26} s\right) \left(4 s \left(a_{17} + a_{19} s \left(a_{15} + s\right) \left(a_{16} s \tanh{\left(\sin{\left(4 s \right)} \right)} + a_{21} + a_{7} \sqrt{1 - s^{2}}\right) + a_{2} s \operatorname{asin}{\left(\operatorname{asin}{\left(\tanh{\left(s \right)} \right)} \right)} + a_{3} \sqrt{\sqrt{s} + \operatorname{asin}{\left(s \right)}}\right) + \left(a_{4} + 4 s\right) \left(a_{14} \sqrt{s} + a_{5} + a_{8} \sin{\left(a_{23} s \right)}\right) - \tanh{\left(\operatorname{asin}{\left(\operatorname{sech}{\left(a_{25} s \right)} \right)} \right)}\right)$,$y(s) = a_{1} \operatorname{asin}{\left(\cos{\left(a_{6} + \operatorname{acos}{\left(s \right)} \right)} \right)} + a_{10} \cos{\left(a_{31} s \right)} + a_{11} \sin{\left(a_{30} s \right)} + a_{12} \sin{\left(s \left(a_{0} + \operatorname{acos}{\left(s \right)}\right) \right)} + a_{13} \sin{\left(a_{29} s \right)} + a_{24} \sin{\left(\cos{\left(a_{18} + a_{22} s \right)} \right)} + a_{27} + a_{9} \cos{\left(a_{28} s \right)} + \left(a_{20} + a_{26} s\right) \left(4 s \left(a_{17} + a_{19} s \left(a_{15} + s\right) \left(a_{16} s \tanh{\left(\sin{\left(4 s \right)} \right)} + a_{21} + a_{7} \sqrt{1 - s^{2}}\right) + a_{2} s \operatorname{asin}{\left(\operatorname{asin}{\left(\tanh{\left(s \right)} \right)} \right)} + a_{3} \sqrt{\sqrt{s} + \operatorname{asin}{\left(s \right)}}\right) + \left(a_{4} + 4 s\right) \left(a_{14} \sqrt{s} + a_{5} + a_{8} \sin{\left(a_{23} s \right)}\right) - \tanh{\left(\operatorname{asin}{\left(\operatorname{sech}{\left(a_{25} s \right)} \right)} \right)}\right)$
36,event66498_track99-hits,33,99,21,21,21,63,5,2.686889224613796,0.2579637298882905,0.01756537735082552,25.28044552905247,1.7389723577317266,0.7022345980292353,0.018499705933316242,3.6365126969636714,$x(s) = a_{14} \sin{\left(\cos{\left(a_{12} s + 3.19564213142574 \right)} \right)} + a_{16} + a_{6} \cos{\left(a_{17} s \right)} + a_{7} \sin{\left(a_{18} s \right)} + \left(a_{15} s + 4.98154578530752\right) \left(4 s \left(a_{1} s \operatorname{asin}{\left(\operatorname{asin}{\left(\tanh{\left(s \right)} \right)} \right)} + a_{10} s \left(s + 0.0134870156781597\right) \left(a_{11} - 0.017503085789641 s \tanh{\left(\sin{\left(4 s \right)} \right)} - 0.450614826294794 \sqrt{1 - s^{2}}\right) + a_{2} \sqrt{\sqrt{s} + \operatorname{asin}{\left(s \right)}} + a_{9}\right) + \left(a_{3} + 4 s\right) \left(a_{4} + a_{5} \sqrt{s} + a_{8} \sin{\left(a_{13} s \right)}\right) - \tanh{\left(\operatorname{asin}{\left(\operatorname{sech}{\left(5.6839434852917 s \right)} \right)} \right)}\right) + 0.000668810464601903 \sin{\left(a_{19} s \right)} + 0.00289842149959624 \sin{\left(s \left(a_{0} + \operatorname{acos}{\left(s \right)}\right) \right)} + 0.000623964504492596 \cos{\left(a_{20} s \right)} - 0.49633536500747 \operatorname{asin}{\left(\cos{\left(\operatorname{acos}{\left(s \right)} - 0.802742285270038 \right)} \right)}$,$y(s) = a_{14} \sin{\left(\cos{\left(a_{10} + 4.30674369656515 s \right)} \right)} + a_{16} + a_{4} \cos{\left(a_{20} s \right)} + a_{5} \sin{\left(a_{19} s \right)} + \left(a_{11} + a_{15} s\right) \left(4 s \left(a_{1} s \operatorname{asin}{\left(\operatorname{asin}{\left(\tanh{\left(s \right)} \right)} \right)} + a_{8} + a_{9} s \left(a_{7} + s\right) \left(a_{12} - 0.0163348612181324 s \tanh{\left(\sin{\left(4 s \right)} \right)} - 0.455016066205459 \sqrt{1 - s^{2}}\right) - 5.80207456348123 \sqrt{\sqrt{s} + \operatorname{asin}{\left(s \right)}}\right) + \left(a_{2} + 4 s\right) \left(a_{6} \sin{\left(a_{13} s \right)} + 0.603433259507675 \sqrt{s} + 2.67458549611742\right) - \tanh{\left(\operatorname{asin}{\left(\operatorname{sech}{\left(5.65077849988401 s \right)} \right)} \right)}\right) - 0.000334426650014709 \sin{\left(a_{18} s \right)} + 0.00278916735581463 \sin{\left(s \left(a_{0} + \operatorname{acos}{\left(s \right)}\right) \right)} + 0.00373359883408793 \cos{\left(a_{17} s \right)} - 0.479013271010752 \operatorname{asin}{\left(\cos{\left(a_{3} + \operatorname{acos}{\left(s \right)} \right)} \right)}$,$z(s) = a_{14} \sin{\left(\cos{\left(a_{12} s + 3.19908372347864 \right)} \right)} + a_{16} + a_{4} \sin{\left(s \left(a_{0} + \operatorname{acos}{\left(s \right)}\right) \right)} + a_{5} \cos{\left(a_{17} s \right)} + a_{6} \cos{\left(a_{20} s \right)} + a_{7} \sin{\left(a_{18} s \right)} + a_{8} \sin{\left(a_{19} s \right)} + \left(a_{15} s + 4.95693844355651\right) \left(4 s \left(a_{1} s \operatorname{asin}{\left(\operatorname{asin}{\left(\tanh{\left(s \right)} \right)} \right)} + a_{10} s \left(s + 0.0165277213916615\right) \left(a_{11} - 0.0170953672188301 s \tanh{\left(\sin{\left(4 s \right)} \right)} - 0.45186637110654 \sqrt{1 - s^{2}}\right) + a_{2} \sqrt{\sqrt{s} + \operatorname{asin}{\left(s \right)}} + 2.6101696562203\right) + \left(a_{3} + 4 s\right) \left(a_{9} \sin{\left(a_{13} s \right)} + 0.599451678286101 \sqrt{s} + 2.63175897944836\right) - \tanh{\left(\operatorname{asin}{\left(\operatorname{sech}{\left(5.67300314508095 s \right)} \right)} \right)}\right) - 0.492161174249544 \operatorname{asin}{\left(\cos{\left(\operatorname{acos}{\left(s \right)} - 0.802732791241311 \right)} \right)}$
37,event66557_track123-hits,43,129,39,39,39,117,5,-2.398146195607029,29.299143285572242,322.3714563447837,3750.290340553247,41585.9178684771,312.5241950461039,335.3703053909444,-0.07055342023204755,$y(s) = a_{1} \sin{\left(\cos{\left(a_{27} s + a_{7} \right)} \right)} + a_{12} \cos{\left(a_{36} s \right)} + a_{14} \cos{\left(a_{31} s \right)} + a_{20} \sin{\left(s \left(a_{0} + \operatorname{acos}{\left(s \right)}\right) \right)} + a_{23} \sin{\left(a_{34} s \right)} + a_{33} \operatorname{acos}{\left(\cos{\left(a_{8} + \operatorname{acos}{\left(s \right)} \right)} \right)} + a_{6} \sin{\left(a_{35} s \right)} - \left(a_{19} + a_{9} s\right) \cos{\left(a_{5} + \left(s - 2\right) \left(a_{3} s + a_{37}\right) \right)} + \left(a_{13} s + a_{16}\right) \tanh{\left(64 s - 64 \sin{\left(a_{38} s \right)} \right)} + \left(a_{30} s + a_{32}\right) \left(4 s \left(a_{2} s \operatorname{asin}{\left(\operatorname{acos}{\left(\operatorname{sech}{\left(s \right)} \right)} \right)} + a_{25} + a_{26} s \left(a_{22} + s\right) \left(a_{11} \sqrt{1 - s^{2}} + a_{15} s \tanh{\left(\sin{\left(4 s \right)} \right)} + a_{24}\right) + a_{4} \sqrt{s + \operatorname{asin}{\left(s \right)}}\right) - \left(a_{21} s - 1\right) \left(a_{10} \sin{\left(a_{28} s \right)} + a_{17} + \sqrt{s} \left(a_{18} + s\right)\right) - \tanh{\left(\operatorname{asin}{\left(\operatorname{sech}{\left(a_{29} s \right)} \right)} \right)}\right)$,$y(s) = a_{1} \sin{\left(\cos{\left(a_{27} s + a_{7} \right)} \right)} + a_{12} \cos{\left(a_{36} s \right)} + a_{14} \cos{\left(a_{31} s \right)} + a_{20} \sin{\left(s \left(a_{0} + \operatorname{acos}{\left(s \right)}\right) \right)} + a_{23} \sin{\left(a_{34} s \right)} + a_{33} \operatorname{acos}{\left(\cos{\left(a_{8} + \operatorname{acos}{\left(s \right)} \right)} \right)} + a_{6} \sin{\left(a_{35} s \right)} - \left(a_{19} + a_{9} s\right) \cos{\left(a_{5} + \left(s - 2\right) \left(a_{3} s + a_{37}\right) \right)} + \left(a_{13} s + a_{16}\right) \tanh{\left(64 s - 64 \sin{\left(a_{38} s \right)} \right)} + \left(a_{30} s + a_{32}\right) \left(4 s \left(a_{2} s \operatorname{asin}{\left(\operatorname{acos}{\left(\operatorname{sech}{\left(s \right)} \right)} \right)} + a_{25} + a_{26} s \left(a_{22} + s\right) \left(a_{11} \sqrt{1 - s^{2}} + a_{15} s \tanh{\left(\sin{\left(4 s \right)} \right)} + a_{24}\right) + a_{4} \sqrt{s + \operatorname{asin}{\left(s \right)}}\right) - \left(a_{21} s - 1\right) \left(a_{10} \sin{\left(a_{28} s \right)} + a_{17} + \sqrt{s} \left(a_{18} + s\right)\right) - \tanh{\left(\operatorname{asin}{\left(\operatorname{sech}{\left(a_{29} s \right)} \right)} \right)}\right)$,$y(s) = a_{1} \sin{\left(\cos{\left(a_{27} s + a_{7} \right)} \right)} + a_{12} \cos{\left(a_{36} s \right)} + a_{14} \cos{\left(a_{31} s \right)} + a_{20} \sin{\left(s \left(a_{0} + \operatorname{acos}{\left(s \right)}\right) \right)} + a_{23} \sin{\left(a_{34} s \right)} + a_{33} \operatorname{acos}{\left(\cos{\left(a_{8} + \operatorname{acos}{\left(s \right)} \right)} \right)} + a_{6} \sin{\left(a_{35} s \right)} - \left(a_{19} + a_{9} s\right) \cos{\left(a_{5} + \left(s - 2\right) \left(a_{3} s + a_{37}\right) \right)} + \left(a_{13} s + a_{16}\right) \tanh{\left(64 s - 64 \sin{\left(a_{38} s \right)} \right)} + \left(a_{30} s + a_{32}\right) \left(4 s \left(a_{2} s \operatorname{asin}{\left(\operatorname{acos}{\left(\operatorname{sech}{\left(s \right)} \right)} \right)} + a_{25} + a_{26} s \left(a_{22} + s\right) \left(a_{11} \sqrt{1 - s^{2}} + a_{15} s \tanh{\left(\sin{\left(4 s \right)} \right)} + a_{24}\right) + a_{4} \sqrt{s + \operatorname{asin}{\left(s \right)}}\right) - \left(a_{21} s - 1\right) \left(a_{10} \sin{\left(a_{28} s \right)} + a_{17} + \sqrt{s} \left(a_{18} + s\right)\right) - \tanh{\left(\operatorname{asin}{\left(\operatorname{sech}{\left(a_{29} s \right)} \right)} \right)}\right)$
38,event66590_track253-hits,50,150,39,39,39,117,5,0.963418402825815,33.01061943526828,12.596398099139485,4918.582295854974,1889.4597148709227,149.04794835924164,13.030756654282225,2.4369555956291125,$y(s) = a_{1} \sin{\left(\cos{\left(a_{27} s + a_{7} \right)} \right)} + a_{12} \cos{\left(a_{36} s \right)} + a_{14} \cos{\left(a_{31} s \right)} + a_{20} \sin{\left(s \left(a_{0} + \operatorname{acos}{\left(s \right)}\right) \right)} + a_{23} \sin{\left(a_{34} s \right)} + a_{33} \operatorname{acos}{\left(\cos{\left(a_{8} + \operatorname{acos}{\left(s \right)} \right)} \right)} + a_{6} \sin{\left(a_{35} s \right)} - \left(a_{19} + a_{9} s\right) \cos{\left(a_{5} + \left(s - 2\right) \left(a_{3} s + a_{37}\right) \right)} + \left(a_{13} s + a_{16}\right) \tanh{\left(64 s - 64 \sin{\left(a_{38} s \right)} \right)} + \left(a_{30} s + a_{32}\right) \left(4 s \left(a_{2} s \operatorname{asin}{\left(\operatorname{acos}{\left(\operatorname{sech}{\left(s \right)} \right)} \right)} + a_{25} + a_{26} s \left(a_{22} + s\right) \left(a_{11} \sqrt{1 - s^{2}} + a_{15} s \tanh{\left(\sin{\left(4 s \right)} \right)} + a_{24}\right) + a_{4} \sqrt{s + \operatorname{asin}{\left(s \right)}}\right) - \left(a_{21} s - 1\right) \left(a_{10} \sin{\left(a_{28} s \right)} + a_{17} + \sqrt{s} \left(a_{18} + s\right)\right) - \tanh{\left(\operatorname{asin}{\left(\operatorname{sech}{\left(a_{29} s \right)} \right)} \right)}\right)$,$z(s) = a_{1} \operatorname{asin}{\left(\cos{\left(a_{10} + \operatorname{acos}{\left(s \right)} \right)} \right)} + a_{15} \tanh{\left(\left(a_{28} + a_{5} s\right) \sin{\left(a_{38} s \right)} \right)} + a_{17} \cos{\left(a_{36} s \right)} + a_{2} \sin{\left(\cos{\left(a_{11} + a_{27} s \right)} \right)} + a_{21} \cos{\left(a_{33} s \right)} + a_{22} \sin{\left(s \left(a_{0} + \operatorname{acos}{\left(s \right)}\right) \right)} + a_{24} \sin{\left(a_{35} s \right)} + a_{8} \sin{\left(a_{34} s \right)} + \left(a_{13} + a_{18} s\right) \cos{\left(a_{20} + \left(a_{37} + a_{4} s\right) \left(s - 2\right) \right)} + \left(a_{30} s + a_{32}\right) \left(4 s \left(a_{25} + a_{3} s \operatorname{asin}{\left(\operatorname{asin}{\left(\tanh{\left(s \right)} \right)} \right)} + a_{6} \sqrt{s + \operatorname{asin}{\left(s \right)}} + 4 s \left(a_{16} + s\right) \left(a_{12} \sqrt{1 - s^{2}} + a_{23} s \tanh{\left(\sin{\left(4 s \right)} \right)} + a_{26}\right)\right) + \left(a_{9} + 2 s\right) \left(a_{14} \sin{\left(a_{29} s \right)} + a_{19} \sqrt{s} + a_{7}\right) - \tanh{\left(\operatorname{asin}{\left(\operatorname{sech}{\left(a_{31} s \right)} \right)} \right)}\right)$,$z(s) = a_{1} \operatorname{asin}{\left(\cos{\left(a_{10} + \operatorname{acos}{\left(s \right)} \right)} \right)} + a_{15} \tanh{\left(\left(a_{28} + a_{5} s\right) \sin{\left(a_{38} s \right)} \right)} + a_{17} \cos{\left(a_{36} s \right)} + a_{2} \sin{\left(\cos{\left(a_{11} + a_{27} s \right)} \right)} + a_{21} \cos{\left(a_{33} s \right)} + a_{22} \sin{\left(s \left(a_{0} + \operatorname{acos}{\left(s \right)}\right) \right)} + a_{24} \sin{\left(a_{35} s \right)} + a_{8} \sin{\left(a_{34} s \right)} + \left(a_{13} + a_{18} s\right) \cos{\left(a_{20} + \left(a_{37} + a_{4} s\right) \left(s - 2\right) \right)} + \left(a_{30} s + a_{32}\right) \left(4 s \left(a_{25} + a_{3} s \operatorname{asin}{\left(\operatorname{asin}{\left(\tanh{\left(s \right)} \right)} \right)} + a_{6} \sqrt{s + \operatorname{asin}{\left(s \right)}} + 4 s \left(a_{16} + s\right) \left(a_{12} \sqrt{1 - s^{2}} + a_{23} s \tanh{\left(\sin{\left(4 s \right)} \right)} + a_{26}\right)\right) + \left(a_{9} + 2 s\right) \left(a_{14} \sin{\left(a_{29} s \right)} + a_{19} \sqrt{s} + a_{7}\right) - \tanh{\left(\operatorname{asin}{\left(\operatorname{sech}{\left(a_{31} s \right)} \right)} \right)}\right)$
39,event66590_track59-hits,20,60,16,16,16,48,5,-6.7436655755013,0.00036619041321715257,0.3107733130087568,0.021605234379812002,18.64639878052541,0.0018004361983176669,0.3390254323731893,-5.23804615837321,$x(s) = a_{13} + \left(- s - \sin{\left(\sin{\left(\sin{\left(a_{6} + s \right)} \right)} \right)}\right) \left(a_{1} \operatorname{acos}{\left(s \right)} + a_{14} + \left(a_{0} + a_{12} \left(a_{2} - 32 s\right) \left(- \sin{\left(4 \cos{\left(s \right)} \right)} + \operatorname{sech}{\left(s \right)}\right) + a_{12} \tanh{\left(8 s \right)} + a_{15} \sqrt{1 - \cos^{2}{\left(s \right)}} + a_{3} s \left(2 s - \tanh{\left(4 s \right)}\right) \left(s - \cos{\left(a_{11} s \right)} + 2\right) + a_{4} \left(32 \operatorname{asin}{\left(s \right)} + 64\right) \left(a_{5} + s \left(a_{10} + a_{9} s \left(a_{7} + s\right) \operatorname{acos}{\left(s \right)}\right) + s + \operatorname{sech}{\left(s \right)}\right)\right) \operatorname{acos}{\left(\operatorname{sech}{\left(\cos{\left(a_{8} + s \right)} \right)} \right)}\right)$,$x(s) = a_{13} + \left(- s - \sin{\left(\sin{\left(\sin{\left(a_{6} + s \right)} \right)} \right)}\right) \left(a_{1} \operatorname{acos}{\left(s \right)} + a_{14} + \left(a_{0} + a_{12} \left(a_{2} - 32 s\right) \left(- \sin{\left(4 \cos{\left(s \right)} \right)} + \operatorname{sech}{\left(s \right)}\right) + a_{12} \tanh{\left(8 s \right)} + a_{15} \sqrt{1 - \cos^{2}{\left(s \right)}} + a_{3} s \left(2 s - \tanh{\left(4 s \right)}\right) \left(s - \cos{\left(a_{11} s \right)} + 2\right) + a_{4} \left(32 \operatorname{asin}{\left(s \right)} + 64\right) \left(a_{5} + s \left(a_{10} + a_{9} s \left(a_{7} + s\right) \operatorname{acos}{\left(s \right)}\right) + s + \operatorname{sech}{\left(s \right)}\right)\right) \operatorname{acos}{\left(\operatorname{sech}{\left(\cos{\left(a_{8} + s \right)} \right)} \right)}\right)$,$x(s) = a_{13} + \left(- s - \sin{\left(\sin{\left(\sin{\left(a_{6} + s \right)} \right)} \right)}\right) \left(a_{1} \operatorname{acos}{\left(s \right)} + a_{14} + \left(a_{0} + a_{12} \left(a_{2} - 32 s\right) \left(- \sin{\left(4 \cos{\left(s \right)} \right)} + \operatorname{sech}{\left(s \right)}\right) + a_{12} \tanh{\left(8 s \right)} + a_{15} \sqrt{1 - \cos^{2}{\left(s \right)}} + a_{3} s \left(2 s - \tanh{\left(4 s \right)}\right) \left(s - \cos{\left(a_{11} s \right)} + 2\right) + a_{4} \left(32 \operatorname{asin}{\left(s \right)} + 64\right) \left(a_{5} + s \left(a_{10} + a_{9} s \left(a_{7} + s\right) \operatorname{acos}{\left(s \right)}\right) + s + \operatorname{sech}{\left(s \right)}\right)\right) \operatorname{acos}{\left(\operatorname{sech}{\left(\cos{\left(a_{8} + s \right)} \right)} \right)}\right)$
40,event66706_track270-hits,49,147,32,39,39,110,5,1.4700204690835696,0.44435431878275694,0.10216629106918851,64.87573054228251,15.018444787170711,1.7533981227643922,0.10576369568430079,2.808103648970206,$y(s) = a_{1} \operatorname{asin}{\left(\cos{\left(a_{7} + \operatorname{acos}{\left(s \right)} \right)} \right)} + a_{10} \cos{\left(a_{28} s \right)} + a_{11} \cos{\left(a_{31} s \right)} + a_{12} \sin{\left(a_{29} s \right)} + a_{13} \sin{\left(a_{30} s \right)} + a_{24} \sin{\left(\cos{\left(a_{19} + a_{22} s \right)} \right)} + a_{27} + a_{9} \sin{\left(s \left(a_{0} + \operatorname{acos}{\left(s \right)}\right) \right)} + \left(a_{20} + a_{26} s\right) \left(4 s \left(a_{17} + a_{18} s \left(a_{16} + s\right) \left(a_{14} s \tanh{\left(\sin{\left(4 s \right)} \right)} + a_{21} + a_{8} \sqrt{1 - s^{2}}\right) + a_{2} s \operatorname{asin}{\left(\operatorname{asin}{\left(\tanh{\left(s \right)} \right)} \right)} + a_{3} \sqrt{\sqrt{s} + \operatorname{asin}{\left(s \right)}}\right) + \left(a_{4} + 4 s\right) \left(a_{15} \sin{\left(a_{23} s \right)} + a_{5} + a_{6} \sqrt{s}\right) - \tanh{\left(\operatorname{asin}{\left(\operatorname{sech}{\left(a_{25} s \right)} \right)} \right)}\right)$,$z(s) = a_{1} \operatorname{asin}{\left(\cos{\left(a_{10} + \operatorname{acos}{\left(s \right)} \right)} \right)} + a_{15} \tanh{\left(\left(a_{28} + a_{5} s\right) \sin{\left(a_{38} s \right)} \right)} + a_{17} \cos{\left(a_{36} s \right)} + a_{2} \sin{\left(\cos{\left(a_{11} + a_{27} s \right)} \right)} + a_{21} \cos{\left(a_{33} s \right)} + a_{22} \sin{\left(s \left(a_{0} + \operatorname{acos}{\left(s \right)}\right) \right)} + a_{24} \sin{\left(a_{35} s \right)} + a_{8} \sin{\left(a_{34} s \right)} + \left(a_{13} + a_{18} s\right) \cos{\left(a_{20} + \left(a_{37} + a_{4} s\right) \left(s - 2\right) \right)} + \left(a_{30} s + a_{32}\right) \left(4 s \left(a_{25} + a_{3} s \operatorname{asin}{\left(\operatorname{asin}{\left(\tanh{\left(s \right)} \right)} \right)} + a_{6} \sqrt{s + \operatorname{asin}{\left(s \right)}} + 4 s \left(a_{16} + s\right) \left(a_{12} \sqrt{1 - s^{2}} + a_{23} s \tanh{\left(\sin{\left(4 s \right)} \right)} + a_{26}\right)\right) + \left(a_{9} + 2 s\right) \left(a_{14} \sin{\left(a_{29} s \right)} + a_{19} \sqrt{s} + a_{7}\right) - \tanh{\left(\operatorname{asin}{\left(\operatorname{sech}{\left(a_{31} s \right)} \right)} \right)}\right)$,$y(s) = a_{1} \sin{\left(\cos{\left(a_{27} s + a_{7} \right)} \right)} + a_{12} \cos{\left(a_{36} s \right)} + a_{14} \cos{\left(a_{31} s \right)} + a_{20} \sin{\left(s \left(a_{0} + \operatorname{acos}{\left(s \right)}\right) \right)} + a_{23} \sin{\left(a_{34} s \right)} + a_{33} \operatorname{acos}{\left(\cos{\left(a_{8} + \operatorname{acos}{\left(s \right)} \right)} \right)} + a_{6} \sin{\left(a_{35} s \right)} - \left(a_{19} + a_{9} s\right) \cos{\left(a_{5} + \left(s - 2\right) \left(a_{3} s + a_{37}\right) \right)} + \left(a_{13} s + a_{16}\right) \tanh{\left(64 s - 64 \sin{\left(a_{38} s \right)} \right)} + \left(a_{30} s + a_{32}\right) \left(4 s \left(a_{2} s \operatorname{asin}{\left(\operatorname{acos}{\left(\operatorname{sech}{\left(s \right)} \right)} \right)} + a_{25} + a_{26} s \left(a_{22} + s\right) \left(a_{11} \sqrt{1 - s^{2}} + a_{15} s \tanh{\left(\sin{\left(4 s \right)} \right)} + a_{24}\right) + a_{4} \sqrt{s + \operatorname{asin}{\left(s \right)}}\right) - \left(a_{21} s - 1\right) \left(a_{10} \sin{\left(a_{28} s \right)} + a_{17} + \sqrt{s} \left(a_{18} + s\right)\right) - \tanh{\left(\operatorname{asin}{\left(\operatorname{sech}{\left(a_{29} s \right)} \right)} \right)}\right)$
41,event66730_track247-hits,47,141,39,32,39,110,5,0.6014261872703309,11.020155007088004,6.039369882012484,1542.8217009923205,851.5511533637602,49.76844196749421,6.261405539439414,2.0729764007523728,$y(s) = a_{1} \sin{\left(\cos{\left(a_{27} s + a_{7} \right)} \right)} + a_{12} \cos{\left(a_{36} s \right)} + a_{14} \cos{\left(a_{31} s \right)} + a_{20} \sin{\left(s \left(a_{0} + \operatorname{acos}{\left(s \right)}\right) \right)} + a_{23} \sin{\left(a_{34} s \right)} + a_{33} \operatorname{acos}{\left(\cos{\left(a_{8} + \operatorname{acos}{\left(s \right)} \right)} \right)} + a_{6} \sin{\left(a_{35} s \right)} - \left(a_{19} + a_{9} s\right) \cos{\left(a_{5} + \left(s - 2\right) \left(a_{3} s + a_{37}\right) \right)} + \left(a_{13} s + a_{16}\right) \tanh{\left(64 s - 64 \sin{\left(a_{38} s \right)} \right)} + \left(a_{30} s + a_{32}\right) \left(4 s \left(a_{2} s \operatorname{asin}{\left(\operatorname{acos}{\left(\operatorname{sech}{\left(s \right)} \right)} \right)} + a_{25} + a_{26} s \left(a_{22} + s\right) \left(a_{11} \sqrt{1 - s^{2}} + a_{15} s \tanh{\left(\sin{\left(4 s \right)} \right)} + a_{24}\right) + a_{4} \sqrt{s + \operatorname{asin}{\left(s \right)}}\right) - \left(a_{21} s - 1\right) \left(a_{10} \sin{\left(a_{28} s \right)} + a_{17} + \sqrt{s} \left(a_{18} + s\right)\right) - \tanh{\left(\operatorname{asin}{\left(\operatorname{sech}{\left(a_{29} s \right)} \right)} \right)}\right)$,$y(s) = a_{1} \operatorname{asin}{\left(\cos{\left(a_{7} + \operatorname{acos}{\left(s \right)} \right)} \right)} + a_{10} \cos{\left(a_{28} s \right)} + a_{11} \cos{\left(a_{31} s \right)} + a_{12} \sin{\left(a_{29} s \right)} + a_{13} \sin{\left(a_{30} s \right)} + a_{24} \sin{\left(\cos{\left(a_{19} + a_{22} s \right)} \right)} + a_{27} + a_{9} \sin{\left(s \left(a_{0} + \operatorname{acos}{\left(s \right)}\right) \right)} + \left(a_{20} + a_{26} s\right) \left(4 s \left(a_{17} + a_{18} s \left(a_{16} + s\right) \left(a_{14} s \tanh{\left(\sin{\left(4 s \right)} \right)} + a_{21} + a_{8} \sqrt{1 - s^{2}}\right) + a_{2} s \operatorname{asin}{\left(\operatorname{asin}{\left(\tanh{\left(s \right)} \right)} \right)} + a_{3} \sqrt{\sqrt{s} + \operatorname{asin}{\left(s \right)}}\right) + \left(a_{4} + 4 s\right) \left(a_{15} \sin{\left(a_{23} s \right)} + a_{5} + a_{6} \sqrt{s}\right) - \tanh{\left(\operatorname{asin}{\left(\operatorname{sech}{\left(a_{25} s \right)} \right)} \right)}\right)$,$y(s) = a_{1} \sin{\left(\cos{\left(a_{27} s + a_{7} \right)} \right)} + a_{12} \cos{\left(a_{36} s \right)} + a_{14} \cos{\left(a_{31} s \right)} + a_{20} \sin{\left(s \left(a_{0} + \operatorname{acos}{\left(s \right)}\right) \right)} + a_{23} \sin{\left(a_{34} s \right)} + a_{33} \operatorname{acos}{\left(\cos{\left(a_{8} + \operatorname{acos}{\left(s \right)} \right)} \right)} + a_{6} \sin{\left(a_{35} s \right)} - \left(a_{19} + a_{9} s\right) \cos{\left(a_{5} + \left(s - 2\right) \left(a_{3} s + a_{37}\right) \right)} + \left(a_{13} s + a_{16}\right) \tanh{\left(64 s - 64 \sin{\left(a_{38} s \right)} \right)} + \left(a_{30} s + a_{32}\right) \left(4 s \left(a_{2} s \operatorname{asin}{\left(\operatorname{acos}{\left(\operatorname{sech}{\left(s \right)} \right)} \right)} + a_{25} + a_{26} s \left(a_{22} + s\right) \left(a_{11} \sqrt{1 - s^{2}} + a_{15} s \tanh{\left(\sin{\left(4 s \right)} \right)} + a_{24}\right) + a_{4} \sqrt{s + \operatorname{asin}{\left(s \right)}}\right) - \left(a_{21} s - 1\right) \left(a_{10} \sin{\left(a_{28} s \right)} + a_{17} + \sqrt{s} \left(a_{18} + s\right)\right) - \tanh{\left(\operatorname{asin}{\left(\operatorname{sech}{\left(a_{29} s \right)} \right)} \right)}\right)$
42,event66766_track16-hits,30,90,21,21,16,58,5,-0.6411272452580292,0.6640039773733049,1.2606911543286468,59.09635398622413,113.4622038895782,1.846761062069504,1.3348494575244494,0.32461480783443547,$x(s) = a_{14} \sin{\left(\cos{\left(a_{12} s + 3.19564213142574 \right)} \right)} + a_{16} + a_{6} \cos{\left(a_{17} s \right)} + a_{7} \sin{\left(a_{18} s \right)} + \left(a_{15} s + 4.98154578530752\right) \left(4 s \left(a_{1} s \operatorname{asin}{\left(\operatorname{asin}{\left(\tanh{\left(s \right)} \right)} \right)} + a_{10} s \left(s + 0.0134870156781597\right) \left(a_{11} - 0.017503085789641 s \tanh{\left(\sin{\left(4 s \right)} \right)} - 0.450614826294794 \sqrt{1 - s^{2}}\right) + a_{2} \sqrt{\sqrt{s} + \operatorname{asin}{\left(s \right)}} + a_{9}\right) + \left(a_{3} + 4 s\right) \left(a_{4} + a_{5} \sqrt{s} + a_{8} \sin{\left(a_{13} s \right)}\right) - \tanh{\left(\operatorname{asin}{\left(\operatorname{sech}{\left(5.6839434852917 s \right)} \right)} \right)}\right) + 0.000668810464601903 \sin{\left(a_{19} s \right)} + 0.00289842149959624 \sin{\left(s \left(a_{0} + \operatorname{acos}{\left(s \right)}\right) \right)} + 0.000623964504492596 \cos{\left(a_{20} s \right)} - 0.49633536500747 \operatorname{asin}{\left(\cos{\left(\operatorname{acos}{\left(s \right)} - 0.802742285270038 \right)} \right)}$,$y(s) = a_{14} \sin{\left(\cos{\left(a_{10} + 4.30674369656515 s \right)} \right)} + a_{16} + a_{4} \cos{\left(a_{20} s \right)} + a_{5} \sin{\left(a_{19} s \right)} + \left(a_{11} + a_{15} s\right) \left(4 s \left(a_{1} s \operatorname{asin}{\left(\operatorname{asin}{\left(\tanh{\left(s \right)} \right)} \right)} + a_{8} + a_{9} s \left(a_{7} + s\right) \left(a_{12} - 0.0163348612181324 s \tanh{\left(\sin{\left(4 s \right)} \right)} - 0.455016066205459 \sqrt{1 - s^{2}}\right) - 5.80207456348123 \sqrt{\sqrt{s} + \operatorname{asin}{\left(s \right)}}\right) + \left(a_{2} + 4 s\right) \left(a_{6} \sin{\left(a_{13} s \right)} + 0.603433259507675 \sqrt{s} + 2.67458549611742\right) - \tanh{\left(\operatorname{asin}{\left(\operatorname{sech}{\left(5.65077849988401 s \right)} \right)} \right)}\right) - 0.000334426650014709 \sin{\left(a_{18} s \right)} + 0.00278916735581463 \sin{\left(s \left(a_{0} + \operatorname{acos}{\left(s \right)}\right) \right)} + 0.00373359883408793 \cos{\left(a_{17} s \right)} - 0.479013271010752 \operatorname{asin}{\left(\cos{\left(a_{3} + \operatorname{acos}{\left(s \right)} \right)} \right)}$,$x(s) = a_{13} + \left(- s - \sin{\left(\sin{\left(\sin{\left(a_{6} + s \right)} \right)} \right)}\right) \left(a_{1} \operatorname{acos}{\left(s \right)} + a_{14} + \left(a_{0} + a_{12} \left(a_{2} - 32 s\right) \left(- \sin{\left(4 \cos{\left(s \right)} \right)} + \operatorname{sech}{\left(s \right)}\right) + a_{12} \tanh{\left(8 s \right)} + a_{15} \sqrt{1 - \cos^{2}{\left(s \right)}} + a_{3} s \left(2 s - \tanh{\left(4 s \right)}\right) \left(s - \cos{\left(a_{11} s \right)} + 2\right) + a_{4} \left(32 \operatorname{asin}{\left(s \right)} + 64\right) \left(a_{5} + s \left(a_{10} + a_{9} s \left(a_{7} + s\right) \operatorname{acos}{\left(s \right)}\right) + s + \operatorname{sech}{\left(s \right)}\right)\right) \operatorname{acos}{\left(\operatorname{sech}{\left(\cos{\left(a_{8} + s \right)} \right)} \right)}\right)$
43,event66780_track232-hits,50,150,16,42,42,100,5,1.1288601271916505,0.2449512471212377,0.07921764561785498,36.49773582106442,11.882646842678247,0.7299547164212883,0.0819492885701948,2.186881876033282,$x(s) = a_{13} + \left(- s - \sin{\left(\sin{\left(\sin{\left(a_{6} + s \right)} \right)} \right)}\right) \left(a_{1} \operatorname{acos}{\left(s \right)} + a_{14} + \left(a_{0} + a_{12} \left(a_{2} - 32 s\right) \left(- \sin{\left(4 \cos{\left(s \right)} \right)} + \operatorname{sech}{\left(s \right)}\right) + a_{12} \tanh{\left(8 s \right)} + a_{15} \sqrt{1 - \cos^{2}{\left(s \right)}} + a_{3} s \left(2 s - \tanh{\left(4 s \right)}\right) \left(s - \cos{\left(a_{11} s \right)} + 2\right) + a_{4} \left(32 \operatorname{asin}{\left(s \right)} + 64\right) \left(a_{5} + s \left(a_{10} + a_{9} s \left(a_{7} + s\right) \operatorname{acos}{\left(s \right)}\right) + s + \operatorname{sech}{\left(s \right)}\right)\right) \operatorname{acos}{\left(\operatorname{sech}{\left(\cos{\left(a_{8} + s \right)} \right)} \right)}\right)$,$x(s) = a_{1} \operatorname{asin}{\left(\cos{\left(a_{10} + \operatorname{acos}{\left(s \right)} \right)} \right)} + a_{19} \cos{\left(a_{39} s \right)} + a_{2} \sin{\left(\cos{\left(a_{11} + a_{30} s \right)} \right)} + a_{24} \cos{\left(a_{36} s \right)} + a_{25} \sin{\left(s \left(a_{0} + \operatorname{acos}{\left(s \right)}\right) \right)} + a_{26} \sin{\left(a_{38} s \right)} + a_{8} \sin{\left(a_{37} s \right)} + \left(a_{13} + a_{20} s\right) \cos{\left(a_{22} + \left(s - 2\right) \left(a_{4} s + a_{40}\right) \right)} + \left(a_{17} s + a_{18}\right) \tanh{\left(\left(a_{15} - \sin{\left(a_{41} s \right)}\right) \left(a_{32} + a_{5} s\right) \right)} + \left(a_{34} s + a_{35}\right) \left(4 s \left(a_{28} + a_{29} s \left(a_{16} + s\right) \left(a_{12} \sqrt{1 - s^{2}} + a_{23} s \tanh{\left(\sin{\left(4 s \right)} \right)} + a_{27}\right) + a_{3} s \operatorname{asin}{\left(\operatorname{asin}{\left(\tanh{\left(s \right)} \right)} \right)} + a_{6} \sqrt{s + \operatorname{asin}{\left(s \right)}}\right) + \left(a_{9} + 2 s\right) \left(a_{14} \sin{\left(a_{31} s \right)} + a_{21} \sqrt{s} + a_{7}\right) - \tanh{\left(\operatorname{asin}{\left(\operatorname{sech}{\left(a_{33} s \right)} \right)} \right)}\right)$,$x(s) = a_{1} \operatorname{asin}{\left(\cos{\left(a_{10} + \operatorname{acos}{\left(s \right)} \right)} \right)} + a_{19} \cos{\left(a_{39} s \right)} + a_{2} \sin{\left(\cos{\left(a_{11} + a_{30} s \right)} \right)} + a_{24} \cos{\left(a_{36} s \right)} + a_{25} \sin{\left(s \left(a_{0} + \operatorname{acos}{\left(s \right)}\right) \right)} + a_{26} \sin{\left(a_{38} s \right)} + a_{8} \sin{\left(a_{37} s \right)} + \left(a_{13} + a_{20} s\right) \cos{\left(a_{22} + \left(s - 2\right) \left(a_{4} s + a_{40}\right) \right)} + \left(a_{17} s + a_{18}\right) \tanh{\left(\left(a_{15} - \sin{\left(a_{41} s \right)}\right) \left(a_{32} + a_{5} s\right) \right)} + \left(a_{34} s + a_{35}\right) \left(4 s \left(a_{28} + a_{29} s \left(a_{16} + s\right) \left(a_{12} \sqrt{1 - s^{2}} + a_{23} s \tanh{\left(\sin{\left(4 s \right)} \right)} + a_{27}\right) + a_{3} s \operatorname{asin}{\left(\operatorname{asin}{\left(\tanh{\left(s \right)} \right)} \right)} + a_{6} \sqrt{s + \operatorname{asin}{\left(s \right)}}\right) + \left(a_{9} + 2 s\right) \left(a_{14} \sin{\left(a_{31} s \right)} + a_{21} \sqrt{s} + a_{7}\right) - \tanh{\left(\operatorname{asin}{\left(\operatorname{sech}{\left(a_{33} s \right)} \right)} \right)}\right)$
44,event66795_track328-hits,25,75,16,16,16,48,5,13.971661319367273,5.444637369738665e-06,4.657507314647265e-12,0.00040290316536066123,3.4931304859854485e-10,1.4922339457802268e-05,4.990186408550641e-12,14.910896675080163,$x(s) = a_{13} + \left(- s - \sin{\left(\sin{\left(\sin{\left(a_{6} + s \right)} \right)} \right)}\right) \left(a_{1} \operatorname{acos}{\left(s \right)} + a_{14} + \left(a_{0} + a_{12} \left(a_{2} - 32 s\right) \left(- \sin{\left(4 \cos{\left(s \right)} \right)} + \operatorname{sech}{\left(s \right)}\right) + a_{12} \tanh{\left(8 s \right)} + a_{15} \sqrt{1 - \cos^{2}{\left(s \right)}} + a_{3} s \left(2 s - \tanh{\left(4 s \right)}\right) \left(s - \cos{\left(a_{11} s \right)} + 2\right) + a_{4} \left(32 \operatorname{asin}{\left(s \right)} + 64\right) \left(a_{5} + s \left(a_{10} + a_{9} s \left(a_{7} + s\right) \operatorname{acos}{\left(s \right)}\right) + s + \operatorname{sech}{\left(s \right)}\right)\right) \operatorname{acos}{\left(\operatorname{sech}{\left(\cos{\left(a_{8} + s \right)} \right)} \right)}\right)$,$x(s) = a_{13} + \left(- s - \sin{\left(\sin{\left(\sin{\left(a_{6} + s \right)} \right)} \right)}\right) \left(a_{1} \operatorname{acos}{\left(s \right)} + a_{14} + \left(a_{0} + a_{12} \left(a_{2} - 32 s\right) \left(- \sin{\left(4 \cos{\left(s \right)} \right)} + \operatorname{sech}{\left(s \right)}\right) + a_{12} \tanh{\left(8 s \right)} + a_{15} \sqrt{1 - \cos^{2}{\left(s \right)}} + a_{3} s \left(2 s - \tanh{\left(4 s \right)}\right) \left(s - \cos{\left(a_{11} s \right)} + 2\right) + a_{4} \left(32 \operatorname{asin}{\left(s \right)} + 64\right) \left(a_{5} + s \left(a_{10} + a_{9} s \left(a_{7} + s\right) \operatorname{acos}{\left(s \right)}\right) + s + \operatorname{sech}{\left(s \right)}\right)\right) \operatorname{acos}{\left(\operatorname{sech}{\left(\cos{\left(a_{8} + s \right)} \right)} \right)}\right)$,$x(s) = a_{13} + \left(- s - \sin{\left(\sin{\left(\sin{\left(a_{6} + s \right)} \right)} \right)}\right) \left(a_{1} \operatorname{acos}{\left(s \right)} + a_{14} + \left(a_{0} + a_{12} \left(a_{2} - 32 s\right) \left(- \sin{\left(4 \cos{\left(s \right)} \right)} + \operatorname{sech}{\left(s \right)}\right) + a_{12} \tanh{\left(8 s \right)} + a_{15} \sqrt{1 - \cos^{2}{\left(s \right)}} + a_{3} s \left(2 s - \tanh{\left(4 s \right)}\right) \left(s - \cos{\left(a_{11} s \right)} + 2\right) + a_{4} \left(32 \operatorname{asin}{\left(s \right)} + 64\right) \left(a_{5} + s \left(a_{10} + a_{9} s \left(a_{7} + s\right) \operatorname{acos}{\left(s \right)}\right) + s + \operatorname{sech}{\left(s \right)}\right)\right) \operatorname{acos}{\left(\operatorname{sech}{\left(\cos{\left(a_{8} + s \right)} \right)} \right)}\right)$
45,event66843_track189-hits,34,102,21,21,21,63,5,-0.011865565742700313,2.255967341182143,2.282895110658822,227.85270145939646,232.85530128719984,5.8423769604973455,2.4005701163628848,0.8894314701880247,$x(s) = a_{14} \sin{\left(\cos{\left(a_{12} s + 3.19564213142574 \right)} \right)} + a_{16} + a_{6} \cos{\left(a_{17} s \right)} + a_{7} \sin{\left(a_{18} s \right)} + \left(a_{15} s + 4.98154578530752\right) \left(4 s \left(a_{1} s \operatorname{asin}{\left(\operatorname{asin}{\left(\tanh{\left(s \right)} \right)} \right)} + a_{10} s \left(s + 0.0134870156781597\right) \left(a_{11} - 0.017503085789641 s \tanh{\left(\sin{\left(4 s \right)} \right)} - 0.450614826294794 \sqrt{1 - s^{2}}\right) + a_{2} \sqrt{\sqrt{s} + \operatorname{asin}{\left(s \right)}} + a_{9}\right) + \left(a_{3} + 4 s\right) \left(a_{4} + a_{5} \sqrt{s} + a_{8} \sin{\left(a_{13} s \right)}\right) - \tanh{\left(\operatorname{asin}{\left(\operatorname{sech}{\left(5.6839434852917 s \right)} \right)} \right)}\right) + 0.000668810464601903 \sin{\left(a_{19} s \right)} + 0.00289842149959624 \sin{\left(s \left(a_{0} + \operatorname{acos}{\left(s \right)}\right) \right)} + 0.000623964504492596 \cos{\left(a_{20} s \right)} - 0.49633536500747 \operatorname{asin}{\left(\cos{\left(\operatorname{acos}{\left(s \right)} - 0.802742285270038 \right)} \right)}$,$y(s) = a_{14} \sin{\left(\cos{\left(a_{10} + 4.30674369656515 s \right)} \right)} + a_{16} + a_{4} \cos{\left(a_{20} s \right)} + a_{5} \sin{\left(a_{19} s \right)} + \left(a_{11} + a_{15} s\right) \left(4 s \left(a_{1} s \operatorname{asin}{\left(\operatorname{asin}{\left(\tanh{\left(s \right)} \right)} \right)} + a_{8} + a_{9} s \left(a_{7} + s\right) \left(a_{12} - 0.0163348612181324 s \tanh{\left(\sin{\left(4 s \right)} \right)} - 0.455016066205459 \sqrt{1 - s^{2}}\right) - 5.80207456348123 \sqrt{\sqrt{s} + \operatorname{asin}{\left(s \right)}}\right) + \left(a_{2} + 4 s\right) \left(a_{6} \sin{\left(a_{13} s \right)} + 0.603433259507675 \sqrt{s} + 2.67458549611742\right) - \tanh{\left(\operatorname{asin}{\left(\operatorname{sech}{\left(5.65077849988401 s \right)} \right)} \right)}\right) - 0.000334426650014709 \sin{\left(a_{18} s \right)} + 0.00278916735581463 \sin{\left(s \left(a_{0} + \operatorname{acos}{\left(s \right)}\right) \right)} + 0.00373359883408793 \cos{\left(a_{17} s \right)} - 0.479013271010752 \operatorname{asin}{\left(\cos{\left(a_{3} + \operatorname{acos}{\left(s \right)} \right)} \right)}$,$z(s) = a_{14} \sin{\left(\cos{\left(a_{12} s + 3.19908372347864 \right)} \right)} + a_{16} + a_{4} \sin{\left(s \left(a_{0} + \operatorname{acos}{\left(s \right)}\right) \right)} + a_{5} \cos{\left(a_{17} s \right)} + a_{6} \cos{\left(a_{20} s \right)} + a_{7} \sin{\left(a_{18} s \right)} + a_{8} \sin{\left(a_{19} s \right)} + \left(a_{15} s + 4.95693844355651\right) \left(4 s \left(a_{1} s \operatorname{asin}{\left(\operatorname{asin}{\left(\tanh{\left(s \right)} \right)} \right)} + a_{10} s \left(s + 0.0165277213916615\right) \left(a_{11} - 0.0170953672188301 s \tanh{\left(\sin{\left(4 s \right)} \right)} - 0.45186637110654 \sqrt{1 - s^{2}}\right) + a_{2} \sqrt{\sqrt{s} + \operatorname{asin}{\left(s \right)}} + 2.6101696562203\right) + \left(a_{3} + 4 s\right) \left(a_{9} \sin{\left(a_{13} s \right)} + 0.599451678286101 \sqrt{s} + 2.63175897944836\right) - \tanh{\left(\operatorname{asin}{\left(\operatorname{sech}{\left(5.67300314508095 s \right)} \right)} \right)}\right) - 0.492161174249544 \operatorname{asin}{\left(\cos{\left(\operatorname{acos}{\left(s \right)} - 0.802732791241311 \right)} \right)}$
46,event66889_track160-hits,46,138,42,39,42,123,5,1.5803838755328399,1.4328725400122224,0.29502278837388796,196.30353798167448,40.71314479559654,13.086902532111631,0.30611387064358303,3.7554100433233035,$x(s) = a_{1} \operatorname{asin}{\left(\cos{\left(a_{10} + \operatorname{acos}{\left(s \right)} \right)} \right)} + a_{19} \cos{\left(a_{39} s \right)} + a_{2} \sin{\left(\cos{\left(a_{11} + a_{30} s \right)} \right)} + a_{24} \cos{\left(a_{36} s \right)} + a_{25} \sin{\left(s \left(a_{0} + \operatorname{acos}{\left(s \right)}\right) \right)} + a_{26} \sin{\left(a_{38} s \right)} + a_{8} \sin{\left(a_{37} s \right)} + \left(a_{13} + a_{20} s\right) \cos{\left(a_{22} + \left(s - 2\right) \left(a_{4} s + a_{40}\right) \right)} + \left(a_{17} s + a_{18}\right) \tanh{\left(\left(a_{15} - \sin{\left(a_{41} s \right)}\right) \left(a_{32} + a_{5} s\right) \right)} + \left(a_{34} s + a_{35}\right) \left(4 s \left(a_{28} + a_{29} s \left(a_{16} + s\right) \left(a_{12} \sqrt{1 - s^{2}} + a_{23} s \tanh{\left(\sin{\left(4 s \right)} \right)} + a_{27}\right) + a_{3} s \operatorname{asin}{\left(\operatorname{asin}{\left(\tanh{\left(s \right)} \right)} \right)} + a_{6} \sqrt{s + \operatorname{asin}{\left(s \right)}}\right) + \left(a_{9} + 2 s\right) \left(a_{14} \sin{\left(a_{31} s \right)} + a_{21} \sqrt{s} + a_{7}\right) - \tanh{\left(\operatorname{asin}{\left(\operatorname{sech}{\left(a_{33} s \right)} \right)} \right)}\right)$,$z(s) = a_{1} \operatorname{asin}{\left(\cos{\left(a_{10} + \operatorname{acos}{\left(s \right)} \right)} \right)} + a_{15} \tanh{\left(\left(a_{28} + a_{5} s\right) \sin{\left(a_{38} s \right)} \right)} + a_{17} \cos{\left(a_{36} s \right)} + a_{2} \sin{\left(\cos{\left(a_{11} + a_{27} s \right)} \right)} + a_{21} \cos{\left(a_{33} s \right)} + a_{22} \sin{\left(s \left(a_{0} + \operatorname{acos}{\left(s \right)}\right) \right)} + a_{24} \sin{\left(a_{35} s \right)} + a_{8} \sin{\left(a_{34} s \right)} + \left(a_{13} + a_{18} s\right) \cos{\left(a_{20} + \left(a_{37} + a_{4} s\right) \left(s - 2\right) \right)} + \left(a_{30} s + a_{32}\right) \left(4 s \left(a_{25} + a_{3} s \operatorname{asin}{\left(\operatorname{asin}{\left(\tanh{\left(s \right)} \right)} \right)} + a_{6} \sqrt{s + \operatorname{asin}{\left(s \right)}} + 4 s \left(a_{16} + s\right) \left(a_{12} \sqrt{1 - s^{2}} + a_{23} s \tanh{\left(\sin{\left(4 s \right)} \right)} + a_{26}\right)\right) + \left(a_{9} + 2 s\right) \left(a_{14} \sin{\left(a_{29} s \right)} + a_{19} \sqrt{s} + a_{7}\right) - \tanh{\left(\operatorname{asin}{\left(\operatorname{sech}{\left(a_{31} s \right)} \right)} \right)}\right)$,$x(s) = a_{1} \operatorname{asin}{\left(\cos{\left(a_{10} + \operatorname{acos}{\left(s \right)} \right)} \right)} + a_{19} \cos{\left(a_{39} s \right)} + a_{2} \sin{\left(\cos{\left(a_{11} + a_{30} s \right)} \right)} + a_{24} \cos{\left(a_{36} s \right)} + a_{25} \sin{\left(s \left(a_{0} + \operatorname{acos}{\left(s \right)}\right) \right)} + a_{26} \sin{\left(a_{38} s \right)} + a_{8} \sin{\left(a_{37} s \right)} + \left(a_{13} + a_{20} s\right) \cos{\left(a_{22} + \left(s - 2\right) \left(a_{4} s + a_{40}\right) \right)} + \left(a_{17} s + a_{18}\right) \tanh{\left(\left(a_{15} - \sin{\left(a_{41} s \right)}\right) \left(a_{32} + a_{5} s\right) \right)} + \left(a_{34} s + a_{35}\right) \left(4 s \left(a_{28} + a_{29} s \left(a_{16} + s\right) \left(a_{12} \sqrt{1 - s^{2}} + a_{23} s \tanh{\left(\sin{\left(4 s \right)} \right)} + a_{27}\right) + a_{3} s \operatorname{asin}{\left(\operatorname{asin}{\left(\tanh{\left(s \right)} \right)} \right)} + a_{6} \sqrt{s + \operatorname{asin}{\left(s \right)}}\right) + \left(a_{9} + 2 s\right) \left(a_{14} \sin{\left(a_{31} s \right)} + a_{21} \sqrt{s} + a_{7}\right) - \tanh{\left(\operatorname{asin}{\left(\operatorname{sech}{\left(a_{33} s \right)} \right)} \right)}\right)$
47,event66954_track7-hits,43,129,39,39,39,117,5,2.8711245993851358,595.1666614464478,33.707382215554105,76181.33266514532,4348.25230580648,6348.44438876211,35.066550853278066,5.198717374760117,$y(s) = a_{1} \sin{\left(\cos{\left(a_{27} s + a_{7} \right)} \right)} + a_{12} \cos{\left(a_{36} s \right)} + a_{14} \cos{\left(a_{31} s \right)} + a_{20} \sin{\left(s \left(a_{0} + \operatorname{acos}{\left(s \right)}\right) \right)} + a_{23} \sin{\left(a_{34} s \right)} + a_{33} \operatorname{acos}{\left(\cos{\left(a_{8} + \operatorname{acos}{\left(s \right)} \right)} \right)} + a_{6} \sin{\left(a_{35} s \right)} - \left(a_{19} + a_{9} s\right) \cos{\left(a_{5} + \left(s - 2\right) \left(a_{3} s + a_{37}\right) \right)} + \left(a_{13} s + a_{16}\right) \tanh{\left(64 s - 64 \sin{\left(a_{38} s \right)} \right)} + \left(a_{30} s + a_{32}\right) \left(4 s \left(a_{2} s \operatorname{asin}{\left(\operatorname{acos}{\left(\operatorname{sech}{\left(s \right)} \right)} \right)} + a_{25} + a_{26} s \left(a_{22} + s\right) \left(a_{11} \sqrt{1 - s^{2}} + a_{15} s \tanh{\left(\sin{\left(4 s \right)} \right)} + a_{24}\right) + a_{4} \sqrt{s + \operatorname{asin}{\left(s \right)}}\right) - \left(a_{21} s - 1\right) \left(a_{10} \sin{\left(a_{28} s \right)} + a_{17} + \sqrt{s} \left(a_{18} + s\right)\right) - \tanh{\left(\operatorname{asin}{\left(\operatorname{sech}{\left(a_{29} s \right)} \right)} \right)}\right)$,$z(s) = a_{1} \operatorname{asin}{\left(\cos{\left(a_{10} + \operatorname{acos}{\left(s \right)} \right)} \right)} + a_{15} \tanh{\left(\left(a_{28} + a_{5} s\right) \sin{\left(a_{38} s \right)} \right)} + a_{17} \cos{\left(a_{36} s \right)} + a_{2} \sin{\left(\cos{\left(a_{11} + a_{27} s \right)} \right)} + a_{21} \cos{\left(a_{33} s \right)} + a_{22} \sin{\left(s \left(a_{0} + \operatorname{acos}{\left(s \right)}\right) \right)} + a_{24} \sin{\left(a_{35} s \right)} + a_{8} \sin{\left(a_{34} s \right)} + \left(a_{13} + a_{18} s\right) \cos{\left(a_{20} + \left(a_{37} + a_{4} s\right) \left(s - 2\right) \right)} + \left(a_{30} s + a_{32}\right) \left(4 s \left(a_{25} + a_{3} s \operatorname{asin}{\left(\operatorname{asin}{\left(\tanh{\left(s \right)} \right)} \right)} + a_{6} \sqrt{s + \operatorname{asin}{\left(s \right)}} + 4 s \left(a_{16} + s\right) \left(a_{12} \sqrt{1 - s^{2}} + a_{23} s \tanh{\left(\sin{\left(4 s \right)} \right)} + a_{26}\right)\right) + \left(a_{9} + 2 s\right) \left(a_{14} \sin{\left(a_{29} s \right)} + a_{19} \sqrt{s} + a_{7}\right) - \tanh{\left(\operatorname{asin}{\left(\operatorname{sech}{\left(a_{31} s \right)} \right)} \right)}\right)$,$z(s) = a_{1} \operatorname{asin}{\left(\cos{\left(a_{10} + \operatorname{acos}{\left(s \right)} \right)} \right)} + a_{15} \tanh{\left(\left(a_{28} + a_{5} s\right) \sin{\left(a_{38} s \right)} \right)} + a_{17} \cos{\left(a_{36} s \right)} + a_{2} \sin{\left(\cos{\left(a_{11} + a_{27} s \right)} \right)} + a_{21} \cos{\left(a_{33} s \right)} + a_{22} \sin{\left(s \left(a_{0} + \operatorname{acos}{\left(s \right)}\right) \right)} + a_{24} \sin{\left(a_{35} s \right)} + a_{8} \sin{\left(a_{34} s \right)} + \left(a_{13} + a_{18} s\right) \cos{\left(a_{20} + \left(a_{37} + a_{4} s\right) \left(s - 2\right) \right)} + \left(a_{30} s + a_{32}\right) \left(4 s \left(a_{25} + a_{3} s \operatorname{asin}{\left(\operatorname{asin}{\left(\tanh{\left(s \right)} \right)} \right)} + a_{6} \sqrt{s + \operatorname{asin}{\left(s \right)}} + 4 s \left(a_{16} + s\right) \left(a_{12} \sqrt{1 - s^{2}} + a_{23} s \tanh{\left(\sin{\left(4 s \right)} \right)} + a_{26}\right)\right) + \left(a_{9} + 2 s\right) \left(a_{14} \sin{\left(a_{29} s \right)} + a_{19} \sqrt{s} + a_{7}\right) - \tanh{\left(\operatorname{asin}{\left(\operatorname{sech}{\left(a_{31} s \right)} \right)} \right)}\right)$
48,event67010_track92-hits,50,150,42,42,42,126,5,1.4459233769945565,0.12176400964984622,0.028678893879887535,18.142837437827087,4.30183408198313,0.755951559909462,0.02966782125505607,3.2379143009163887,$x(s) = a_{1} \operatorname{asin}{\left(\cos{\left(a_{10} + \operatorname{acos}{\left(s \right)} \right)} \right)} + a_{19} \cos{\left(a_{39} s \right)} + a_{2} \sin{\left(\cos{\left(a_{11} + a_{30} s \right)} \right)} + a_{24} \cos{\left(a_{36} s \right)} + a_{25} \sin{\left(s \left(a_{0} + \operatorname{acos}{\left(s \right)}\right) \right)} + a_{26} \sin{\left(a_{38} s \right)} + a_{8} \sin{\left(a_{37} s \right)} + \left(a_{13} + a_{20} s\right) \cos{\left(a_{22} + \left(s - 2\right) \left(a_{4} s + a_{40}\right) \right)} + \left(a_{17} s + a_{18}\right) \tanh{\left(\left(a_{15} - \sin{\left(a_{41} s \right)}\right) \left(a_{32} + a_{5} s\right) \right)} + \left(a_{34} s + a_{35}\right) \left(4 s \left(a_{28} + a_{29} s \left(a_{16} + s\right) \left(a_{12} \sqrt{1 - s^{2}} + a_{23} s \tanh{\left(\sin{\left(4 s \right)} \right)} + a_{27}\right) + a_{3} s \operatorname{asin}{\left(\operatorname{asin}{\left(\tanh{\left(s \right)} \right)} \right)} + a_{6} \sqrt{s + \operatorname{asin}{\left(s \right)}}\right) + \left(a_{9} + 2 s\right) \left(a_{14} \sin{\left(a_{31} s \right)} + a_{21} \sqrt{s} + a_{7}\right) - \tanh{\left(\operatorname{asin}{\left(\operatorname{sech}{\left(a_{33} s \right)} \right)} \right)}\right)$,$x(s) = a_{1} \operatorname{asin}{\left(\cos{\left(a_{10} + \operatorname{acos}{\left(s \right)} \right)} \right)} + a_{19} \cos{\left(a_{39} s \right)} + a_{2} \sin{\left(\cos{\left(a_{11} + a_{30} s \right)} \right)} + a_{24} \cos{\left(a_{36} s \right)} + a_{25} \sin{\left(s \left(a_{0} + \operatorname{acos}{\left(s \right)}\right) \right)} + a_{26} \sin{\left(a_{38} s \right)} + a_{8} \sin{\left(a_{37} s \right)} + \left(a_{13} + a_{20} s\right) \cos{\left(a_{22} + \left(s - 2\right) \left(a_{4} s + a_{40}\right) \right)} + \left(a_{17} s + a_{18}\right) \tanh{\left(\left(a_{15} - \sin{\left(a_{41} s \right)}\right) \left(a_{32} + a_{5} s\right) \right)} + \left(a_{34} s + a_{35}\right) \left(4 s \left(a_{28} + a_{29} s \left(a_{16} + s\right) \left(a_{12} \sqrt{1 - s^{2}} + a_{23} s \tanh{\left(\sin{\left(4 s \right)} \right)} + a_{27}\right) + a_{3} s \operatorname{asin}{\left(\operatorname{asin}{\left(\tanh{\left(s \right)} \right)} \right)} + a_{6} \sqrt{s + \operatorname{asin}{\left(s \right)}}\right) + \left(a_{9} + 2 s\right) \left(a_{14} \sin{\left(a_{31} s \right)} + a_{21} \sqrt{s} + a_{7}\right) - \tanh{\left(\operatorname{asin}{\left(\operatorname{sech}{\left(a_{33} s \right)} \right)} \right)}\right)$,$x(s) = a_{1} \operatorname{asin}{\left(\cos{\left(a_{10} + \operatorname{acos}{\left(s \right)} \right)} \right)} + a_{19} \cos{\left(a_{39} s \right)} + a_{2} \sin{\left(\cos{\left(a_{11} + a_{30} s \right)} \right)} + a_{24} \cos{\left(a_{36} s \right)} + a_{25} \sin{\left(s \left(a_{0} + \operatorname{acos}{\left(s \right)}\right) \right)} + a_{26} \sin{\left(a_{38} s \right)} + a_{8} \sin{\left(a_{37} s \right)} + \left(a_{13} + a_{20} s\right) \cos{\left(a_{22} + \left(s - 2\right) \left(a_{4} s + a_{40}\right) \right)} + \left(a_{17} s + a_{18}\right) \tanh{\left(\left(a_{15} - \sin{\left(a_{41} s \right)}\right) \left(a_{32} + a_{5} s\right) \right)} + \left(a_{34} s + a_{35}\right) \left(4 s \left(a_{28} + a_{29} s \left(a_{16} + s\right) \left(a_{12} \sqrt{1 - s^{2}} + a_{23} s \tanh{\left(\sin{\left(4 s \right)} \right)} + a_{27}\right) + a_{3} s \operatorname{asin}{\left(\operatorname{asin}{\left(\tanh{\left(s \right)} \right)} \right)} + a_{6} \sqrt{s + \operatorname{asin}{\left(s \right)}}\right) + \left(a_{9} + 2 s\right) \left(a_{14} \sin{\left(a_{31} s \right)} + a_{21} \sqrt{s} + a_{7}\right) - \tanh{\left(\operatorname{asin}{\left(\operatorname{sech}{\left(a_{33} s \right)} \right)} \right)}\right)$
49,event67044_track260-hits,50,150,42,42,39,123,5,-1.2686351129746722,13.22547105221772,47.029718406032664,1970.5951867804404,7054.457760904899,72.98500691779408,48.65143283382689,0.4055727752907767,$x(s) = a_{1} \operatorname{asin}{\left(\cos{\left(a_{10} + \operatorname{acos}{\left(s \right)} \right)} \right)} + a_{19} \cos{\left(a_{39} s \right)} + a_{2} \sin{\left(\cos{\left(a_{11} + a_{30} s \right)} \right)} + a_{24} \cos{\left(a_{36} s \right)} + a_{25} \sin{\left(s \left(a_{0} + \operatorname{acos}{\left(s \right)}\right) \right)} + a_{26} \sin{\left(a_{38} s \right)} + a_{8} \sin{\left(a_{37} s \right)} + \left(a_{13} + a_{20} s\right) \cos{\left(a_{22} + \left(s - 2\right) \left(a_{4} s + a_{40}\right) \right)} + \left(a_{17} s + a_{18}\right) \tanh{\left(\left(a_{15} - \sin{\left(a_{41} s \right)}\right) \left(a_{32} + a_{5} s\right) \right)} + \left(a_{34} s + a_{35}\right) \left(4 s \left(a_{28} + a_{29} s \left(a_{16} + s\right) \left(a_{12} \sqrt{1 - s^{2}} + a_{23} s \tanh{\left(\sin{\left(4 s \right)} \right)} + a_{27}\right) + a_{3} s \operatorname{asin}{\left(\operatorname{asin}{\left(\tanh{\left(s \right)} \right)} \right)} + a_{6} \sqrt{s + \operatorname{asin}{\left(s \right)}}\right) + \left(a_{9} + 2 s\right) \left(a_{14} \sin{\left(a_{31} s \right)} + a_{21} \sqrt{s} + a_{7}\right) - \tanh{\left(\operatorname{asin}{\left(\operatorname{sech}{\left(a_{33} s \right)} \right)} \right)}\right)$,$x(s) = a_{1} \operatorname{asin}{\left(\cos{\left(a_{10} + \operatorname{acos}{\left(s \right)} \right)} \right)} + a_{19} \cos{\left(a_{39} s \right)} + a_{2} \sin{\left(\cos{\left(a_{11} + a_{30} s \right)} \right)} + a_{24} \cos{\left(a_{36} s \right)} + a_{25} \sin{\left(s \left(a_{0} + \operatorname{acos}{\left(s \right)}\right) \right)} + a_{26} \sin{\left(a_{38} s \right)} + a_{8} \sin{\left(a_{37} s \right)} + \left(a_{13} + a_{20} s\right) \cos{\left(a_{22} + \left(s - 2\right) \left(a_{4} s + a_{40}\right) \right)} + \left(a_{17} s + a_{18}\right) \tanh{\left(\left(a_{15} - \sin{\left(a_{41} s \right)}\right) \left(a_{32} + a_{5} s\right) \right)} + \left(a_{34} s + a_{35}\right) \left(4 s \left(a_{28} + a_{29} s \left(a_{16} + s\right) \left(a_{12} \sqrt{1 - s^{2}} + a_{23} s \tanh{\left(\sin{\left(4 s \right)} \right)} + a_{27}\right) + a_{3} s \operatorname{asin}{\left(\operatorname{asin}{\left(\tanh{\left(s \right)} \right)} \right)} + a_{6} \sqrt{s + \operatorname{asin}{\left(s \right)}}\right) + \left(a_{9} + 2 s\right) \left(a_{14} \sin{\left(a_{31} s \right)} + a_{21} \sqrt{s} + a_{7}\right) - \tanh{\left(\operatorname{asin}{\left(\operatorname{sech}{\left(a_{33} s \right)} \right)} \right)}\right)$,$y(s) = a_{1} \sin{\left(\cos{\left(a_{27} s + a_{7} \right)} \right)} + a_{12} \cos{\left(a_{36} s \right)} + a_{14} \cos{\left(a_{31} s \right)} + a_{20} \sin{\left(s \left(a_{0} + \operatorname{acos}{\left(s \right)}\right) \right)} + a_{23} \sin{\left(a_{34} s \right)} + a_{33} \operatorname{acos}{\left(\cos{\left(a_{8} + \operatorname{acos}{\left(s \right)} \right)} \right)} + a_{6} \sin{\left(a_{35} s \right)} - \left(a_{19} + a_{9} s\right) \cos{\left(a_{5} + \left(s - 2\right) \left(a_{3} s + a_{37}\right) \right)} + \left(a_{13} s + a_{16}\right) \tanh{\left(64 s - 64 \sin{\left(a_{38} s \right)} \right)} + \left(a_{30} s + a_{32}\right) \left(4 s \left(a_{2} s \operatorname{asin}{\left(\operatorname{acos}{\left(\operatorname{sech}{\left(s \right)} \right)} \right)} + a_{25} + a_{26} s \left(a_{22} + s\right) \left(a_{11} \sqrt{1 - s^{2}} + a_{15} s \tanh{\left(\sin{\left(4 s \right)} \right)} + a_{24}\right) + a_{4} \sqrt{s + \operatorname{asin}{\left(s \right)}}\right) - \left(a_{21} s - 1\right) \left(a_{10} \sin{\left(a_{28} s \right)} + a_{17} + \sqrt{s} \left(a_{18} + s\right)\right) - \tanh{\left(\operatorname{asin}{\left(\operatorname{sech}{\left(a_{29} s \right)} \right)} \right)}\right)$
50,event67151_track65-hits,49,147,39,41,42,122,5,1.064787489923259,18.720377166775556,6.454807026931491,2733.175066349231,948.8566329589293,109.32700265396925,6.682088964499502,2.794912757585919,$y(s) = a_{1} \sin{\left(\cos{\left(a_{27} s + a_{7} \right)} \right)} + a_{12} \cos{\left(a_{36} s \right)} + a_{14} \cos{\left(a_{31} s \right)} + a_{20} \sin{\left(s \left(a_{0} + \operatorname{acos}{\left(s \right)}\right) \right)} + a_{23} \sin{\left(a_{34} s \right)} + a_{33} \operatorname{acos}{\left(\cos{\left(a_{8} + \operatorname{acos}{\left(s \right)} \right)} \right)} + a_{6} \sin{\left(a_{35} s \right)} - \left(a_{19} + a_{9} s\right) \cos{\left(a_{5} + \left(s - 2\right) \left(a_{3} s + a_{37}\right) \right)} + \left(a_{13} s + a_{16}\right) \tanh{\left(64 s - 64 \sin{\left(a_{38} s \right)} \right)} + \left(a_{30} s + a_{32}\right) \left(4 s \left(a_{2} s \operatorname{asin}{\left(\operatorname{acos}{\left(\operatorname{sech}{\left(s \right)} \right)} \right)} + a_{25} + a_{26} s \left(a_{22} + s\right) \left(a_{11} \sqrt{1 - s^{2}} + a_{15} s \tanh{\left(\sin{\left(4 s \right)} \right)} + a_{24}\right) + a_{4} \sqrt{s + \operatorname{asin}{\left(s \right)}}\right) - \left(a_{21} s - 1\right) \left(a_{10} \sin{\left(a_{28} s \right)} + a_{17} + \sqrt{s} \left(a_{18} + s\right)\right) - \tanh{\left(\operatorname{asin}{\left(\operatorname{sech}{\left(a_{29} s \right)} \right)} \right)}\right)$,$y(s) = a_{19} s \left(a_{9} \operatorname{asin}{\left(s \right)} + \left(a_{20} + a_{25} s \left(a_{12} + s\right)\right) \left(a_{24} s + a_{8}\right) \sin{\left(a_{13} + a_{2} s + s \operatorname{acos}{\left(s \right)} \operatorname{acos}{\left(s^{2} \right)} + \operatorname{acos}{\left(s \right)} \right)} + \sin{\left(a_{38} s \right)}\right) \operatorname{acos}{\left(s \right)} + a_{3} \tanh{\left(\sin{\left(a_{27} s \right)} \right)} + a_{39} + a_{40} s + \left(a_{23} + a_{29} \sqrt{s}\right) \operatorname{sech}{\left(a_{10} + a_{37} s \right)} - \left(a_{28} - s\right) \left(a_{14} \operatorname{acos}{\left(\sin{\left(a_{11} + a_{32} s \right)} \right)} + a_{34} \tanh{\left(\operatorname{asin}{\left(\operatorname{sech}{\left(a_{33} s \right)} \right)} \right)} - s \left(a_{0} s \left(a_{17} s^{2} + a_{18} - s\right) + a_{1} \operatorname{sech}{\left(a_{26} s \right)}\right) + \left(a_{21} + a_{5} \sin{\left(s \right)}\right) \sin{\left(a_{30} s \right)}\right) + \left(a_{22} s^{2} + a_{31}\right) \tanh{\left(a_{36} s \right)} \operatorname{acos}{\left(- s \right)} - \tanh{\left(a_{15} \sin{\left(\left(a_{16} + a_{6} s\right) \left(a_{35} + a_{4} s + a_{7} \operatorname{acos}{\left(s \right)}\right) \right)} \operatorname{sech}{\left(s \right)} \right)} + \sqrt{\operatorname{acos}{\left(s \right)}}$,$x(s) = a_{1} \operatorname{asin}{\left(\cos{\left(a_{10} + \operatorname{acos}{\left(s \right)} \right)} \right)} + a_{19} \cos{\left(a_{39} s \right)} + a_{2} \sin{\left(\cos{\left(a_{11} + a_{30} s \right)} \right)} + a_{24} \cos{\left(a_{36} s \right)} + a_{25} \sin{\left(s \left(a_{0} + \operatorname{acos}{\left(s \right)}\right) \right)} + a_{26} \sin{\left(a_{38} s \right)} + a_{8} \sin{\left(a_{37} s \right)} + \left(a_{13} + a_{20} s\right) \cos{\left(a_{22} + \left(s - 2\right) \left(a_{4} s + a_{40}\right) \right)} + \left(a_{17} s + a_{18}\right) \tanh{\left(\left(a_{15} - \sin{\left(a_{41} s \right)}\right) \left(a_{32} + a_{5} s\right) \right)} + \left(a_{34} s + a_{35}\right) \left(4 s \left(a_{28} + a_{29} s \left(a_{16} + s\right) \left(a_{12} \sqrt{1 - s^{2}} + a_{23} s \tanh{\left(\sin{\left(4 s \right)} \right)} + a_{27}\right) + a_{3} s \operatorname{asin}{\left(\operatorname{asin}{\left(\tanh{\left(s \right)} \right)} \right)} + a_{6} \sqrt{s + \operatorname{asin}{\left(s \right)}}\right) + \left(a_{9} + 2 s\right) \left(a_{14} \sin{\left(a_{31} s \right)} + a_{21} \sqrt{s} + a_{7}\right) - \tanh{\left(\operatorname{asin}{\left(\operatorname{sech}{\left(a_{33} s \right)} \right)} \right)}\right)$
51,event67164_track310-hits,46,138,39,39,32,110,5,0.8090782953140221,5.503016463203766,2.45031869193274,753.913255458916,338.14397948671814,26.925473409246997,2.542435935990362,2.359950154031492,$z(s) = a_{1} \operatorname{asin}{\left(\cos{\left(a_{10} + \operatorname{acos}{\left(s \right)} \right)} \right)} + a_{15} \tanh{\left(\left(a_{28} + a_{5} s\right) \sin{\left(a_{38} s \right)} \right)} + a_{17} \cos{\left(a_{36} s \right)} + a_{2} \sin{\left(\cos{\left(a_{11} + a_{27} s \right)} \right)} + a_{21} \cos{\left(a_{33} s \right)} + a_{22} \sin{\left(s \left(a_{0} + \operatorname{acos}{\left(s \right)}\right) \right)} + a_{24} \sin{\left(a_{35} s \right)} + a_{8} \sin{\left(a_{34} s \right)} + \left(a_{13} + a_{18} s\right) \cos{\left(a_{20} + \left(a_{37} + a_{4} s\right) \left(s - 2\right) \right)} + \left(a_{30} s + a_{32}\right) \left(4 s \left(a_{25} + a_{3} s \operatorname{asin}{\left(\operatorname{asin}{\left(\tanh{\left(s \right)} \right)} \right)} + a_{6} \sqrt{s + \operatorname{asin}{\left(s \right)}} + 4 s \left(a_{16} + s\right) \left(a_{12} \sqrt{1 - s^{2}} + a_{23} s \tanh{\left(\sin{\left(4 s \right)} \right)} + a_{26}\right)\right) + \left(a_{9} + 2 s\right) \left(a_{14} \sin{\left(a_{29} s \right)} + a_{19} \sqrt{s} + a_{7}\right) - \tanh{\left(\operatorname{asin}{\left(\operatorname{sech}{\left(a_{31} s \right)} \right)} \right)}\right)$,$z(s) = a_{1} \operatorname{asin}{\left(\cos{\left(a_{10} + \operatorname{acos}{\left(s \right)} \right)} \right)} + a_{15} \tanh{\left(\left(a_{28} + a_{5} s\right) \sin{\left(a_{38} s \right)} \right)} + a_{17} \cos{\left(a_{36} s \right)} + a_{2} \sin{\left(\cos{\left(a_{11} + a_{27} s \right)} \right)} + a_{21} \cos{\left(a_{33} s \right)} + a_{22} \sin{\left(s \left(a_{0} + \operatorname{acos}{\left(s \right)}\right) \right)} + a_{24} \sin{\left(a_{35} s \right)} + a_{8} \sin{\left(a_{34} s \right)} + \left(a_{13} + a_{18} s\right) \cos{\left(a_{20} + \left(a_{37} + a_{4} s\right) \left(s - 2\right) \right)} + \left(a_{30} s + a_{32}\right) \left(4 s \left(a_{25} + a_{3} s \operatorname{asin}{\left(\operatorname{asin}{\left(\tanh{\left(s \right)} \right)} \right)} + a_{6} \sqrt{s + \operatorname{asin}{\left(s \right)}} + 4 s \left(a_{16} + s\right) \left(a_{12} \sqrt{1 - s^{2}} + a_{23} s \tanh{\left(\sin{\left(4 s \right)} \right)} + a_{26}\right)\right) + \left(a_{9} + 2 s\right) \left(a_{14} \sin{\left(a_{29} s \right)} + a_{19} \sqrt{s} + a_{7}\right) - \tanh{\left(\operatorname{asin}{\left(\operatorname{sech}{\left(a_{31} s \right)} \right)} \right)}\right)$,$y(s) = a_{1} \operatorname{asin}{\left(\cos{\left(a_{7} + \operatorname{acos}{\left(s \right)} \right)} \right)} + a_{10} \cos{\left(a_{28} s \right)} + a_{11} \cos{\left(a_{31} s \right)} + a_{12} \sin{\left(a_{29} s \right)} + a_{13} \sin{\left(a_{30} s \right)} + a_{24} \sin{\left(\cos{\left(a_{19} + a_{22} s \right)} \right)} + a_{27} + a_{9} \sin{\left(s \left(a_{0} + \operatorname{acos}{\left(s \right)}\right) \right)} + \left(a_{20} + a_{26} s\right) \left(4 s \left(a_{17} + a_{18} s \left(a_{16} + s\right) \left(a_{14} s \tanh{\left(\sin{\left(4 s \right)} \right)} + a_{21} + a_{8} \sqrt{1 - s^{2}}\right) + a_{2} s \operatorname{asin}{\left(\operatorname{asin}{\left(\tanh{\left(s \right)} \right)} \right)} + a_{3} \sqrt{\sqrt{s} + \operatorname{asin}{\left(s \right)}}\right) + \left(a_{4} + 4 s\right) \left(a_{15} \sin{\left(a_{23} s \right)} + a_{5} + a_{6} \sqrt{s}\right) - \tanh{\left(\operatorname{asin}{\left(\operatorname{sech}{\left(a_{25} s \right)} \right)} \right)}\right)$
52,event67192_track254-hits,45,135,39,32,32,103,5,1.5027093665046993,0.02226739947595703,0.004955085066402103,2.983831529778242,0.668936483964284,0.09324473530557006,0.005145665261263723,2.897072935673037,$y(s) = a_{1} \sin{\left(\cos{\left(a_{27} s + a_{7} \right)} \right)} + a_{12} \cos{\left(a_{36} s \right)} + a_{14} \cos{\left(a_{31} s \right)} + a_{20} \sin{\left(s \left(a_{0} + \operatorname{acos}{\left(s \right)}\right) \right)} + a_{23} \sin{\left(a_{34} s \right)} + a_{33} \operatorname{acos}{\left(\cos{\left(a_{8} + \operatorname{acos}{\left(s \right)} \right)} \right)} + a_{6} \sin{\left(a_{35} s \right)} - \left(a_{19} + a_{9} s\right) \cos{\left(a_{5} + \left(s - 2\right) \left(a_{3} s + a_{37}\right) \right)} + \left(a_{13} s + a_{16}\right) \tanh{\left(64 s - 64 \sin{\left(a_{38} s \right)} \right)} + \left(a_{30} s + a_{32}\right) \left(4 s \left(a_{2} s \operatorname{asin}{\left(\operatorname{acos}{\left(\operatorname{sech}{\left(s \right)} \right)} \right)} + a_{25} + a_{26} s \left(a_{22} + s\right) \left(a_{11} \sqrt{1 - s^{2}} + a_{15} s \tanh{\left(\sin{\left(4 s \right)} \right)} + a_{24}\right) + a_{4} \sqrt{s + \operatorname{asin}{\left(s \right)}}\right) - \left(a_{21} s - 1\right) \left(a_{10} \sin{\left(a_{28} s \right)} + a_{17} + \sqrt{s} \left(a_{18} + s\right)\right) - \tanh{\left(\operatorname{asin}{\left(\operatorname{sech}{\left(a_{29} s \right)} \right)} \right)}\right)$,$y(s) = a_{1} \operatorname{asin}{\left(\cos{\left(a_{7} + \operatorname{acos}{\left(s \right)} \right)} \right)} + a_{10} \cos{\left(a_{28} s \right)} + a_{11} \cos{\left(a_{31} s \right)} + a_{12} \sin{\left(a_{29} s \right)} + a_{13} \sin{\left(a_{30} s \right)} + a_{24} \sin{\left(\cos{\left(a_{19} + a_{22} s \right)} \right)} + a_{27} + a_{9} \sin{\left(s \left(a_{0} + \operatorname{acos}{\left(s \right)}\right) \right)} + \left(a_{20} + a_{26} s\right) \left(4 s \left(a_{17} + a_{18} s \left(a_{16} + s\right) \left(a_{14} s \tanh{\left(\sin{\left(4 s \right)} \right)} + a_{21} + a_{8} \sqrt{1 - s^{2}}\right) + a_{2} s \operatorname{asin}{\left(\operatorname{asin}{\left(\tanh{\left(s \right)} \right)} \right)} + a_{3} \sqrt{\sqrt{s} + \operatorname{asin}{\left(s \right)}}\right) + \left(a_{4} + 4 s\right) \left(a_{15} \sin{\left(a_{23} s \right)} + a_{5} + a_{6} \sqrt{s}\right) - \tanh{\left(\operatorname{asin}{\left(\operatorname{sech}{\left(a_{25} s \right)} \right)} \right)}\right)$,$y(s) = a_{1} \operatorname{asin}{\left(\cos{\left(a_{7} + \operatorname{acos}{\left(s \right)} \right)} \right)} + a_{10} \cos{\left(a_{28} s \right)} + a_{11} \cos{\left(a_{31} s \right)} + a_{12} \sin{\left(a_{29} s \right)} + a_{13} \sin{\left(a_{30} s \right)} + a_{24} \sin{\left(\cos{\left(a_{19} + a_{22} s \right)} \right)} + a_{27} + a_{9} \sin{\left(s \left(a_{0} + \operatorname{acos}{\left(s \right)}\right) \right)} + \left(a_{20} + a_{26} s\right) \left(4 s \left(a_{17} + a_{18} s \left(a_{16} + s\right) \left(a_{14} s \tanh{\left(\sin{\left(4 s \right)} \right)} + a_{21} + a_{8} \sqrt{1 - s^{2}}\right) + a_{2} s \operatorname{asin}{\left(\operatorname{asin}{\left(\tanh{\left(s \right)} \right)} \right)} + a_{3} \sqrt{\sqrt{s} + \operatorname{asin}{\left(s \right)}}\right) + \left(a_{4} + 4 s\right) \left(a_{15} \sin{\left(a_{23} s \right)} + a_{5} + a_{6} \sqrt{s}\right) - \tanh{\left(\operatorname{asin}{\left(\operatorname{sech}{\left(a_{25} s \right)} \right)} \right)}\right)$
53,event67222_track178-hits,45,135,39,39,39,117,5,1.1851295208846553,5.029586855766477,1.5375778042726054,673.964638672708,207.57300357680174,37.442479926261555,1.5967154121292442,3.154857234956555,$y(s) = a_{1} \sin{\left(\cos{\left(a_{27} s + a_{7} \right)} \right)} + a_{12} \cos{\left(a_{36} s \right)} + a_{14} \cos{\left(a_{31} s \right)} + a_{20} \sin{\left(s \left(a_{0} + \operatorname{acos}{\left(s \right)}\right) \right)} + a_{23} \sin{\left(a_{34} s \right)} + a_{33} \operatorname{acos}{\left(\cos{\left(a_{8} + \operatorname{acos}{\left(s \right)} \right)} \right)} + a_{6} \sin{\left(a_{35} s \right)} - \left(a_{19} + a_{9} s\right) \cos{\left(a_{5} + \left(s - 2\right) \left(a_{3} s + a_{37}\right) \right)} + \left(a_{13} s + a_{16}\right) \tanh{\left(64 s - 64 \sin{\left(a_{38} s \right)} \right)} + \left(a_{30} s + a_{32}\right) \left(4 s \left(a_{2} s \operatorname{asin}{\left(\operatorname{acos}{\left(\operatorname{sech}{\left(s \right)} \right)} \right)} + a_{25} + a_{26} s \left(a_{22} + s\right) \left(a_{11} \sqrt{1 - s^{2}} + a_{15} s \tanh{\left(\sin{\left(4 s \right)} \right)} + a_{24}\right) + a_{4} \sqrt{s + \operatorname{asin}{\left(s \right)}}\right) - \left(a_{21} s - 1\right) \left(a_{10} \sin{\left(a_{28} s \right)} + a_{17} + \sqrt{s} \left(a_{18} + s\right)\right) - \tanh{\left(\operatorname{asin}{\left(\operatorname{sech}{\left(a_{29} s \right)} \right)} \right)}\right)$,$z(s) = a_{1} \operatorname{asin}{\left(\cos{\left(a_{10} + \operatorname{acos}{\left(s \right)} \right)} \right)} + a_{15} \tanh{\left(\left(a_{28} + a_{5} s\right) \sin{\left(a_{38} s \right)} \right)} + a_{17} \cos{\left(a_{36} s \right)} + a_{2} \sin{\left(\cos{\left(a_{11} + a_{27} s \right)} \right)} + a_{21} \cos{\left(a_{33} s \right)} + a_{22} \sin{\left(s \left(a_{0} + \operatorname{acos}{\left(s \right)}\right) \right)} + a_{24} \sin{\left(a_{35} s \right)} + a_{8} \sin{\left(a_{34} s \right)} + \left(a_{13} + a_{18} s\right) \cos{\left(a_{20} + \left(a_{37} + a_{4} s\right) \left(s - 2\right) \right)} + \left(a_{30} s + a_{32}\right) \left(4 s \left(a_{25} + a_{3} s \operatorname{asin}{\left(\operatorname{asin}{\left(\tanh{\left(s \right)} \right)} \right)} + a_{6} \sqrt{s + \operatorname{asin}{\left(s \right)}} + 4 s \left(a_{16} + s\right) \left(a_{12} \sqrt{1 - s^{2}} + a_{23} s \tanh{\left(\sin{\left(4 s \right)} \right)} + a_{26}\right)\right) + \left(a_{9} + 2 s\right) \left(a_{14} \sin{\left(a_{29} s \right)} + a_{19} \sqrt{s} + a_{7}\right) - \tanh{\left(\operatorname{asin}{\left(\operatorname{sech}{\left(a_{31} s \right)} \right)} \right)}\right)$,$y(s) = a_{1} \sin{\left(\cos{\left(a_{27} s + a_{7} \right)} \right)} + a_{12} \cos{\left(a_{36} s \right)} + a_{14} \cos{\left(a_{31} s \right)} + a_{20} \sin{\left(s \left(a_{0} + \operatorname{acos}{\left(s \right)}\right) \right)} + a_{23} \sin{\left(a_{34} s \right)} + a_{33} \operatorname{acos}{\left(\cos{\left(a_{8} + \operatorname{acos}{\left(s \right)} \right)} \right)} + a_{6} \sin{\left(a_{35} s \right)} - \left(a_{19} + a_{9} s\right) \cos{\left(a_{5} + \left(s - 2\right) \left(a_{3} s + a_{37}\right) \right)} + \left(a_{13} s + a_{16}\right) \tanh{\left(64 s - 64 \sin{\left(a_{38} s \right)} \right)} + \left(a_{30} s + a_{32}\right) \left(4 s \left(a_{2} s \operatorname{asin}{\left(\operatorname{acos}{\left(\operatorname{sech}{\left(s \right)} \right)} \right)} + a_{25} + a_{26} s \left(a_{22} + s\right) \left(a_{11} \sqrt{1 - s^{2}} + a_{15} s \tanh{\left(\sin{\left(4 s \right)} \right)} + a_{24}\right) + a_{4} \sqrt{s + \operatorname{asin}{\left(s \right)}}\right) - \left(a_{21} s - 1\right) \left(a_{10} \sin{\left(a_{28} s \right)} + a_{17} + \sqrt{s} \left(a_{18} + s\right)\right) - \tanh{\left(\operatorname{asin}{\left(\operatorname{sech}{\left(a_{29} s \right)} \right)} \right)}\right)$
54,event67232_track390-hits,24,72,16,16,16,48,5,-0.2850347618066766,3.856718019718253e-05,5.128695455414424e-05,0.0027382697939999597,0.003692660727898385,0.00011409457474999832,5.511433922236396e-05,0.7276177852616039,$x(s) = a_{13} + \left(- s - \sin{\left(\sin{\left(\sin{\left(a_{6} + s \right)} \right)} \right)}\right) \left(a_{1} \operatorname{acos}{\left(s \right)} + a_{14} + \left(a_{0} + a_{12} \left(a_{2} - 32 s\right) \left(- \sin{\left(4 \cos{\left(s \right)} \right)} + \operatorname{sech}{\left(s \right)}\right) + a_{12} \tanh{\left(8 s \right)} + a_{15} \sqrt{1 - \cos^{2}{\left(s \right)}} + a_{3} s \left(2 s - \tanh{\left(4 s \right)}\right) \left(s - \cos{\left(a_{11} s \right)} + 2\right) + a_{4} \left(32 \operatorname{asin}{\left(s \right)} + 64\right) \left(a_{5} + s \left(a_{10} + a_{9} s \left(a_{7} + s\right) \operatorname{acos}{\left(s \right)}\right) + s + \operatorname{sech}{\left(s \right)}\right)\right) \operatorname{acos}{\left(\operatorname{sech}{\left(\cos{\left(a_{8} + s \right)} \right)} \right)}\right)$,$x(s) = a_{13} + \left(- s - \sin{\left(\sin{\left(\sin{\left(a_{6} + s \right)} \right)} \right)}\right) \left(a_{1} \operatorname{acos}{\left(s \right)} + a_{14} + \left(a_{0} + a_{12} \left(a_{2} - 32 s\right) \left(- \sin{\left(4 \cos{\left(s \right)} \right)} + \operatorname{sech}{\left(s \right)}\right) + a_{12} \tanh{\left(8 s \right)} + a_{15} \sqrt{1 - \cos^{2}{\left(s \right)}} + a_{3} s \left(2 s - \tanh{\left(4 s \right)}\right) \left(s - \cos{\left(a_{11} s \right)} + 2\right) + a_{4} \left(32 \operatorname{asin}{\left(s \right)} + 64\right) \left(a_{5} + s \left(a_{10} + a_{9} s \left(a_{7} + s\right) \operatorname{acos}{\left(s \right)}\right) + s + \operatorname{sech}{\left(s \right)}\right)\right) \operatorname{acos}{\left(\operatorname{sech}{\left(\cos{\left(a_{8} + s \right)} \right)} \right)}\right)$,$x(s) = a_{13} + \left(- s - \sin{\left(\sin{\left(\sin{\left(a_{6} + s \right)} \right)} \right)}\right) \left(a_{1} \operatorname{acos}{\left(s \right)} + a_{14} + \left(a_{0} + a_{12} \left(a_{2} - 32 s\right) \left(- \sin{\left(4 \cos{\left(s \right)} \right)} + \operatorname{sech}{\left(s \right)}\right) + a_{12} \tanh{\left(8 s \right)} + a_{15} \sqrt{1 - \cos^{2}{\left(s \right)}} + a_{3} s \left(2 s - \tanh{\left(4 s \right)}\right) \left(s - \cos{\left(a_{11} s \right)} + 2\right) + a_{4} \left(32 \operatorname{asin}{\left(s \right)} + 64\right) \left(a_{5} + s \left(a_{10} + a_{9} s \left(a_{7} + s\right) \operatorname{acos}{\left(s \right)}\right) + s + \operatorname{sech}{\left(s \right)}\right)\right) \operatorname{acos}{\left(\operatorname{sech}{\left(\cos{\left(a_{8} + s \right)} \right)} \right)}\right)$
55,event67244_track322-hits,46,138,32,32,39,103,5,1.6293669008616127,0.8795774740770671,0.17244437974396445,120.50211394855819,23.797324404667094,3.4429175413873767,0.17892725116291047,2.9570952082648727,$y(s) = a_{1} \operatorname{asin}{\left(\cos{\left(a_{7} + \operatorname{acos}{\left(s \right)} \right)} \right)} + a_{10} \cos{\left(a_{28} s \right)} + a_{11} \cos{\left(a_{31} s \right)} + a_{12} \sin{\left(a_{29} s \right)} + a_{13} \sin{\left(a_{30} s \right)} + a_{24} \sin{\left(\cos{\left(a_{19} + a_{22} s \right)} \right)} + a_{27} + a_{9} \sin{\left(s \left(a_{0} + \operatorname{acos}{\left(s \right)}\right) \right)} + \left(a_{20} + a_{26} s\right) \left(4 s \left(a_{17} + a_{18} s \left(a_{16} + s\right) \left(a_{14} s \tanh{\left(\sin{\left(4 s \right)} \right)} + a_{21} + a_{8} \sqrt{1 - s^{2}}\right) + a_{2} s \operatorname{asin}{\left(\operatorname{asin}{\left(\tanh{\left(s \right)} \right)} \right)} + a_{3} \sqrt{\sqrt{s} + \operatorname{asin}{\left(s \right)}}\right) + \left(a_{4} + 4 s\right) \left(a_{15} \sin{\left(a_{23} s \right)} + a_{5} + a_{6} \sqrt{s}\right) - \tanh{\left(\operatorname{asin}{\left(\operatorname{sech}{\left(a_{25} s \right)} \right)} \right)}\right)$,$y(s) = a_{1} \operatorname{asin}{\left(\cos{\left(a_{7} + \operatorname{acos}{\left(s \right)} \right)} \right)} + a_{10} \cos{\left(a_{28} s \right)} + a_{11} \cos{\left(a_{31} s \right)} + a_{12} \sin{\left(a_{29} s \right)} + a_{13} \sin{\left(a_{30} s \right)} + a_{24} \sin{\left(\cos{\left(a_{19} + a_{22} s \right)} \right)} + a_{27} + a_{9} \sin{\left(s \left(a_{0} + \operatorname{acos}{\left(s \right)}\right) \right)} + \left(a_{20} + a_{26} s\right) \left(4 s \left(a_{17} + a_{18} s \left(a_{16} + s\right) \left(a_{14} s \tanh{\left(\sin{\left(4 s \right)} \right)} + a_{21} + a_{8} \sqrt{1 - s^{2}}\right) + a_{2} s \operatorname{asin}{\left(\operatorname{asin}{\left(\tanh{\left(s \right)} \right)} \right)} + a_{3} \sqrt{\sqrt{s} + \operatorname{asin}{\left(s \right)}}\right) + \left(a_{4} + 4 s\right) \left(a_{15} \sin{\left(a_{23} s \right)} + a_{5} + a_{6} \sqrt{s}\right) - \tanh{\left(\operatorname{asin}{\left(\operatorname{sech}{\left(a_{25} s \right)} \right)} \right)}\right)$,$y(s) = a_{1} \sin{\left(\cos{\left(a_{27} s + a_{7} \right)} \right)} + a_{12} \cos{\left(a_{36} s \right)} + a_{14} \cos{\left(a_{31} s \right)} + a_{20} \sin{\left(s \left(a_{0} + \operatorname{acos}{\left(s \right)}\right) \right)} + a_{23} \sin{\left(a_{34} s \right)} + a_{33} \operatorname{acos}{\left(\cos{\left(a_{8} + \operatorname{acos}{\left(s \right)} \right)} \right)} + a_{6} \sin{\left(a_{35} s \right)} - \left(a_{19} + a_{9} s\right) \cos{\left(a_{5} + \left(s - 2\right) \left(a_{3} s + a_{37}\right) \right)} + \left(a_{13} s + a_{16}\right) \tanh{\left(64 s - 64 \sin{\left(a_{38} s \right)} \right)} + \left(a_{30} s + a_{32}\right) \left(4 s \left(a_{2} s \operatorname{asin}{\left(\operatorname{acos}{\left(\operatorname{sech}{\left(s \right)} \right)} \right)} + a_{25} + a_{26} s \left(a_{22} + s\right) \left(a_{11} \sqrt{1 - s^{2}} + a_{15} s \tanh{\left(\sin{\left(4 s \right)} \right)} + a_{24}\right) + a_{4} \sqrt{s + \operatorname{asin}{\left(s \right)}}\right) - \left(a_{21} s - 1\right) \left(a_{10} \sin{\left(a_{28} s \right)} + a_{17} + \sqrt{s} \left(a_{18} + s\right)\right) - \tanh{\left(\operatorname{asin}{\left(\operatorname{sech}{\left(a_{29} s \right)} \right)} \right)}\right)$
56,event67248_track173-hits,50,150,39,39,39,117,5,0.8696102403481306,2.420233602627653,1.014355895325979,360.6148067915203,152.15338429889687,10.927721417924857,1.0493336848199784,2.343147433151428,$y(s) = a_{1} \sin{\left(\cos{\left(a_{27} s + a_{7} \right)} \right)} + a_{12} \cos{\left(a_{36} s \right)} + a_{14} \cos{\left(a_{31} s \right)} + a_{20} \sin{\left(s \left(a_{0} + \operatorname{acos}{\left(s \right)}\right) \right)} + a_{23} \sin{\left(a_{34} s \right)} + a_{33} \operatorname{acos}{\left(\cos{\left(a_{8} + \operatorname{acos}{\left(s \right)} \right)} \right)} + a_{6} \sin{\left(a_{35} s \right)} - \left(a_{19} + a_{9} s\right) \cos{\left(a_{5} + \left(s - 2\right) \left(a_{3} s + a_{37}\right) \right)} + \left(a_{13} s + a_{16}\right) \tanh{\left(64 s - 64 \sin{\left(a_{38} s \right)} \right)} + \left(a_{30} s + a_{32}\right) \left(4 s \left(a_{2} s \operatorname{asin}{\left(\operatorname{acos}{\left(\operatorname{sech}{\left(s \right)} \right)} \right)} + a_{25} + a_{26} s \left(a_{22} + s\right) \left(a_{11} \sqrt{1 - s^{2}} + a_{15} s \tanh{\left(\sin{\left(4 s \right)} \right)} + a_{24}\right) + a_{4} \sqrt{s + \operatorname{asin}{\left(s \right)}}\right) - \left(a_{21} s - 1\right) \left(a_{10} \sin{\left(a_{28} s \right)} + a_{17} + \sqrt{s} \left(a_{18} + s\right)\right) - \tanh{\left(\operatorname{asin}{\left(\operatorname{sech}{\left(a_{29} s \right)} \right)} \right)}\right)$,$z(s) = a_{1} \operatorname{asin}{\left(\cos{\left(a_{10} + \operatorname{acos}{\left(s \right)} \right)} \right)} + a_{15} \tanh{\left(\left(a_{28} + a_{5} s\right) \sin{\left(a_{38} s \right)} \right)} + a_{17} \cos{\left(a_{36} s \right)} + a_{2} \sin{\left(\cos{\left(a_{11} + a_{27} s \right)} \right)} + a_{21} \cos{\left(a_{33} s \right)} + a_{22} \sin{\left(s \left(a_{0} + \operatorname{acos}{\left(s \right)}\right) \right)} + a_{24} \sin{\left(a_{35} s \right)} + a_{8} \sin{\left(a_{34} s \right)} + \left(a_{13} + a_{18} s\right) \cos{\left(a_{20} + \left(a_{37} + a_{4} s\right) \left(s - 2\right) \right)} + \left(a_{30} s + a_{32}\right) \left(4 s \left(a_{25} + a_{3} s \operatorname{asin}{\left(\operatorname{asin}{\left(\tanh{\left(s \right)} \right)} \right)} + a_{6} \sqrt{s + \operatorname{asin}{\left(s \right)}} + 4 s \left(a_{16} + s\right) \left(a_{12} \sqrt{1 - s^{2}} + a_{23} s \tanh{\left(\sin{\left(4 s \right)} \right)} + a_{26}\right)\right) + \left(a_{9} + 2 s\right) \left(a_{14} \sin{\left(a_{29} s \right)} + a_{19} \sqrt{s} + a_{7}\right) - \tanh{\left(\operatorname{asin}{\left(\operatorname{sech}{\left(a_{31} s \right)} \right)} \right)}\right)$,$z(s) = a_{1} \operatorname{asin}{\left(\cos{\left(a_{10} + \operatorname{acos}{\left(s \right)} \right)} \right)} + a_{15} \tanh{\left(\left(a_{28} + a_{5} s\right) \sin{\left(a_{38} s \right)} \right)} + a_{17} \cos{\left(a_{36} s \right)} + a_{2} \sin{\left(\cos{\left(a_{11} + a_{27} s \right)} \right)} + a_{21} \cos{\left(a_{33} s \right)} + a_{22} \sin{\left(s \left(a_{0} + \operatorname{acos}{\left(s \right)}\right) \right)} + a_{24} \sin{\left(a_{35} s \right)} + a_{8} \sin{\left(a_{34} s \right)} + \left(a_{13} + a_{18} s\right) \cos{\left(a_{20} + \left(a_{37} + a_{4} s\right) \left(s - 2\right) \right)} + \left(a_{30} s + a_{32}\right) \left(4 s \left(a_{25} + a_{3} s \operatorname{asin}{\left(\operatorname{asin}{\left(\tanh{\left(s \right)} \right)} \right)} + a_{6} \sqrt{s + \operatorname{asin}{\left(s \right)}} + 4 s \left(a_{16} + s\right) \left(a_{12} \sqrt{1 - s^{2}} + a_{23} s \tanh{\left(\sin{\left(4 s \right)} \right)} + a_{26}\right)\right) + \left(a_{9} + 2 s\right) \left(a_{14} \sin{\left(a_{29} s \right)} + a_{19} \sqrt{s} + a_{7}\right) - \tanh{\left(\operatorname{asin}{\left(\operatorname{sech}{\left(a_{31} s \right)} \right)} \right)}\right)$
57,event67255_track326-hits,28,84,16,21,16,53,5,1.736103716760819,0.04833833450761702,0.008517485806936434,4.012081764132213,0.7154688077826605,0.1294219923913617,0.009056567187122284,2.6595881736959788,$x(s) = a_{13} + \left(- s - \sin{\left(\sin{\left(\sin{\left(a_{6} + s \right)} \right)} \right)}\right) \left(a_{1} \operatorname{acos}{\left(s \right)} + a_{14} + \left(a_{0} + a_{12} \left(a_{2} - 32 s\right) \left(- \sin{\left(4 \cos{\left(s \right)} \right)} + \operatorname{sech}{\left(s \right)}\right) + a_{12} \tanh{\left(8 s \right)} + a_{15} \sqrt{1 - \cos^{2}{\left(s \right)}} + a_{3} s \left(2 s - \tanh{\left(4 s \right)}\right) \left(s - \cos{\left(a_{11} s \right)} + 2\right) + a_{4} \left(32 \operatorname{asin}{\left(s \right)} + 64\right) \left(a_{5} + s \left(a_{10} + a_{9} s \left(a_{7} + s\right) \operatorname{acos}{\left(s \right)}\right) + s + \operatorname{sech}{\left(s \right)}\right)\right) \operatorname{acos}{\left(\operatorname{sech}{\left(\cos{\left(a_{8} + s \right)} \right)} \right)}\right)$,$y(s) = a_{14} \sin{\left(\cos{\left(a_{10} + 4.30674369656515 s \right)} \right)} + a_{16} + a_{4} \cos{\left(a_{20} s \right)} + a_{5} \sin{\left(a_{19} s \right)} + \left(a_{11} + a_{15} s\right) \left(4 s \left(a_{1} s \operatorname{asin}{\left(\operatorname{asin}{\left(\tanh{\left(s \right)} \right)} \right)} + a_{8} + a_{9} s \left(a_{7} + s\right) \left(a_{12} - 0.0163348612181324 s \tanh{\left(\sin{\left(4 s \right)} \right)} - 0.455016066205459 \sqrt{1 - s^{2}}\right) - 5.80207456348123 \sqrt{\sqrt{s} + \operatorname{asin}{\left(s \right)}}\right) + \left(a_{2} + 4 s\right) \left(a_{6} \sin{\left(a_{13} s \right)} + 0.603433259507675 \sqrt{s} + 2.67458549611742\right) - \tanh{\left(\operatorname{asin}{\left(\operatorname{sech}{\left(5.65077849988401 s \right)} \right)} \right)}\right) - 0.000334426650014709 \sin{\left(a_{18} s \right)} + 0.00278916735581463 \sin{\left(s \left(a_{0} + \operatorname{acos}{\left(s \right)}\right) \right)} + 0.00373359883408793 \cos{\left(a_{17} s \right)} - 0.479013271010752 \operatorname{asin}{\left(\cos{\left(a_{3} + \operatorname{acos}{\left(s \right)} \right)} \right)}$,$x(s) = a_{13} + \left(- s - \sin{\left(\sin{\left(\sin{\left(a_{6} + s \right)} \right)} \right)}\right) \left(a_{1} \operatorname{acos}{\left(s \right)} + a_{14} + \left(a_{0} + a_{12} \left(a_{2} - 32 s\right) \left(- \sin{\left(4 \cos{\left(s \right)} \right)} + \operatorname{sech}{\left(s \right)}\right) + a_{12} \tanh{\left(8 s \right)} + a_{15} \sqrt{1 - \cos^{2}{\left(s \right)}} + a_{3} s \left(2 s - \tanh{\left(4 s \right)}\right) \left(s - \cos{\left(a_{11} s \right)} + 2\right) + a_{4} \left(32 \operatorname{asin}{\left(s \right)} + 64\right) \left(a_{5} + s \left(a_{10} + a_{9} s \left(a_{7} + s\right) \operatorname{acos}{\left(s \right)}\right) + s + \operatorname{sech}{\left(s \right)}\right)\right) \operatorname{acos}{\left(\operatorname{sech}{\left(\cos{\left(a_{8} + s \right)} \right)} \right)}\right)$
58,event67302_track262-hits,42,126,32,21,32,85,5,0.7815690360483116,0.7677817568890194,0.35140397444249577,95.97271961112743,44.27690077975447,2.340798039295791,0.36592479983268156,1.8558193452915681,$y(s) = a_{1} \operatorname{asin}{\left(\cos{\left(a_{6} + \operatorname{acos}{\left(s \right)} \right)} \right)} + a_{10} \cos{\left(a_{31} s \right)} + a_{11} \sin{\left(a_{30} s \right)} + a_{12} \sin{\left(s \left(a_{0} + \operatorname{acos}{\left(s \right)}\right) \right)} + a_{13} \sin{\left(a_{29} s \right)} + a_{24} \sin{\left(\cos{\left(a_{18} + a_{22} s \right)} \right)} + a_{27} + a_{9} \cos{\left(a_{28} s \right)} + \left(a_{20} + a_{26} s\right) \left(4 s \left(a_{17} + a_{19} s \left(a_{15} + s\right) \left(a_{16} s \tanh{\left(\sin{\left(4 s \right)} \right)} + a_{21} + a_{7} \sqrt{1 - s^{2}}\right) + a_{2} s \operatorname{asin}{\left(\operatorname{asin}{\left(\tanh{\left(s \right)} \right)} \right)} + a_{3} \sqrt{\sqrt{s} + \operatorname{asin}{\left(s \right)}}\right) + \left(a_{4} + 4 s\right) \left(a_{14} \sqrt{s} + a_{5} + a_{8} \sin{\left(a_{23} s \right)}\right) - \tanh{\left(\operatorname{asin}{\left(\operatorname{sech}{\left(a_{25} s \right)} \right)} \right)}\right)$,$y(s) = a_{14} \sin{\left(\cos{\left(a_{10} + 4.30674369656515 s \right)} \right)} + a_{16} + a_{4} \cos{\left(a_{20} s \right)} + a_{5} \sin{\left(a_{19} s \right)} + \left(a_{11} + a_{15} s\right) \left(4 s \left(a_{1} s \operatorname{asin}{\left(\operatorname{asin}{\left(\tanh{\left(s \right)} \right)} \right)} + a_{8} + a_{9} s \left(a_{7} + s\right) \left(a_{12} - 0.0163348612181324 s \tanh{\left(\sin{\left(4 s \right)} \right)} - 0.455016066205459 \sqrt{1 - s^{2}}\right) - 5.80207456348123 \sqrt{\sqrt{s} + \operatorname{asin}{\left(s \right)}}\right) + \left(a_{2} + 4 s\right) \left(a_{6} \sin{\left(a_{13} s \right)} + 0.603433259507675 \sqrt{s} + 2.67458549611742\right) - \tanh{\left(\operatorname{asin}{\left(\operatorname{sech}{\left(5.65077849988401 s \right)} \right)} \right)}\right) - 0.000334426650014709 \sin{\left(a_{18} s \right)} + 0.00278916735581463 \sin{\left(s \left(a_{0} + \operatorname{acos}{\left(s \right)}\right) \right)} + 0.00373359883408793 \cos{\left(a_{17} s \right)} - 0.479013271010752 \operatorname{asin}{\left(\cos{\left(a_{3} + \operatorname{acos}{\left(s \right)} \right)} \right)}$,$y(s) = a_{1} \operatorname{asin}{\left(\cos{\left(a_{7} + \operatorname{acos}{\left(s \right)} \right)} \right)} + a_{10} \cos{\left(a_{28} s \right)} + a_{11} \cos{\left(a_{31} s \right)} + a_{12} \sin{\left(a_{29} s \right)} + a_{13} \sin{\left(a_{30} s \right)} + a_{24} \sin{\left(\cos{\left(a_{19} + a_{22} s \right)} \right)} + a_{27} + a_{9} \sin{\left(s \left(a_{0} + \operatorname{acos}{\left(s \right)}\right) \right)} + \left(a_{20} + a_{26} s\right) \left(4 s \left(a_{17} + a_{18} s \left(a_{16} + s\right) \left(a_{14} s \tanh{\left(\sin{\left(4 s \right)} \right)} + a_{21} + a_{8} \sqrt{1 - s^{2}}\right) + a_{2} s \operatorname{asin}{\left(\operatorname{asin}{\left(\tanh{\left(s \right)} \right)} \right)} + a_{3} \sqrt{\sqrt{s} + \operatorname{asin}{\left(s \right)}}\right) + \left(a_{4} + 4 s\right) \left(a_{15} \sin{\left(a_{23} s \right)} + a_{5} + a_{6} \sqrt{s}\right) - \tanh{\left(\operatorname{asin}{\left(\operatorname{sech}{\left(a_{25} s \right)} \right)} \right)}\right)$
59,event67365_track370-hits,34,102,16,21,21,58,5,0.9962029413003785,0.5485036812947975,0.20255086697889468,55.39887181077455,20.660188431847256,1.2590652684266943,0.21299163331801296,1.7768719894424885,$x(s) = a_{13} + \left(- s - \sin{\left(\sin{\left(\sin{\left(a_{6} + s \right)} \right)} \right)}\right) \left(a_{1} \operatorname{acos}{\left(s \right)} + a_{14} + \left(a_{0} + a_{12} \left(a_{2} - 32 s\right) \left(- \sin{\left(4 \cos{\left(s \right)} \right)} + \operatorname{sech}{\left(s \right)}\right) + a_{12} \tanh{\left(8 s \right)} + a_{15} \sqrt{1 - \cos^{2}{\left(s \right)}} + a_{3} s \left(2 s - \tanh{\left(4 s \right)}\right) \left(s - \cos{\left(a_{11} s \right)} + 2\right) + a_{4} \left(32 \operatorname{asin}{\left(s \right)} + 64\right) \left(a_{5} + s \left(a_{10} + a_{9} s \left(a_{7} + s\right) \operatorname{acos}{\left(s \right)}\right) + s + \operatorname{sech}{\left(s \right)}\right)\right) \operatorname{acos}{\left(\operatorname{sech}{\left(\cos{\left(a_{8} + s \right)} \right)} \right)}\right)$,$y(s) = a_{14} \sin{\left(\cos{\left(a_{10} + 4.30674369656515 s \right)} \right)} + a_{16} + a_{4} \cos{\left(a_{20} s \right)} + a_{5} \sin{\left(a_{19} s \right)} + \left(a_{11} + a_{15} s\right) \left(4 s \left(a_{1} s \operatorname{asin}{\left(\operatorname{asin}{\left(\tanh{\left(s \right)} \right)} \right)} + a_{8} + a_{9} s \left(a_{7} + s\right) \left(a_{12} - 0.0163348612181324 s \tanh{\left(\sin{\left(4 s \right)} \right)} - 0.455016066205459 \sqrt{1 - s^{2}}\right) - 5.80207456348123 \sqrt{\sqrt{s} + \operatorname{asin}{\left(s \right)}}\right) + \left(a_{2} + 4 s\right) \left(a_{6} \sin{\left(a_{13} s \right)} + 0.603433259507675 \sqrt{s} + 2.67458549611742\right) - \tanh{\left(\operatorname{asin}{\left(\operatorname{sech}{\left(5.65077849988401 s \right)} \right)} \right)}\right) - 0.000334426650014709 \sin{\left(a_{18} s \right)} + 0.00278916735581463 \sin{\left(s \left(a_{0} + \operatorname{acos}{\left(s \right)}\right) \right)} + 0.00373359883408793 \cos{\left(a_{17} s \right)} - 0.479013271010752 \operatorname{asin}{\left(\cos{\left(a_{3} + \operatorname{acos}{\left(s \right)} \right)} \right)}$,$z(s) = a_{14} \sin{\left(\cos{\left(a_{12} s + 3.19908372347864 \right)} \right)} + a_{16} + a_{4} \sin{\left(s \left(a_{0} + \operatorname{acos}{\left(s \right)}\right) \right)} + a_{5} \cos{\left(a_{17} s \right)} + a_{6} \cos{\left(a_{20} s \right)} + a_{7} \sin{\left(a_{18} s \right)} + a_{8} \sin{\left(a_{19} s \right)} + \left(a_{15} s + 4.95693844355651\right) \left(4 s \left(a_{1} s \operatorname{asin}{\left(\operatorname{asin}{\left(\tanh{\left(s \right)} \right)} \right)} + a_{10} s \left(s + 0.0165277213916615\right) \left(a_{11} - 0.0170953672188301 s \tanh{\left(\sin{\left(4 s \right)} \right)} - 0.45186637110654 \sqrt{1 - s^{2}}\right) + a_{2} \sqrt{\sqrt{s} + \operatorname{asin}{\left(s \right)}} + 2.6101696562203\right) + \left(a_{3} + 4 s\right) \left(a_{9} \sin{\left(a_{13} s \right)} + 0.599451678286101 \sqrt{s} + 2.63175897944836\right) - \tanh{\left(\operatorname{asin}{\left(\operatorname{sech}{\left(5.67300314508095 s \right)} \right)} \right)}\right) - 0.492161174249544 \operatorname{asin}{\left(\cos{\left(\operatorname{acos}{\left(s \right)} - 0.802732791241311 \right)} \right)}$
60,event67516_track22-hits,25,75,16,16,3,35,5,16.513385839299893,4.0444468073762354e-05,2.723872533181357e-12,0.0029928906374584144,2.0429043998860178e-10,7.482226593646036e-05,2.9184348569800256e-12,17.059578606903177,$x(s) = a_{13} + \left(- s - \sin{\left(\sin{\left(\sin{\left(a_{6} + s \right)} \right)} \right)}\right) \left(a_{1} \operatorname{acos}{\left(s \right)} + a_{14} + \left(a_{0} + a_{12} \left(a_{2} - 32 s\right) \left(- \sin{\left(4 \cos{\left(s \right)} \right)} + \operatorname{sech}{\left(s \right)}\right) + a_{12} \tanh{\left(8 s \right)} + a_{15} \sqrt{1 - \cos^{2}{\left(s \right)}} + a_{3} s \left(2 s - \tanh{\left(4 s \right)}\right) \left(s - \cos{\left(a_{11} s \right)} + 2\right) + a_{4} \left(32 \operatorname{asin}{\left(s \right)} + 64\right) \left(a_{5} + s \left(a_{10} + a_{9} s \left(a_{7} + s\right) \operatorname{acos}{\left(s \right)}\right) + s + \operatorname{sech}{\left(s \right)}\right)\right) \operatorname{acos}{\left(\operatorname{sech}{\left(\cos{\left(a_{8} + s \right)} \right)} \right)}\right)$,$x(s) = a_{13} + \left(- s - \sin{\left(\sin{\left(\sin{\left(a_{6} + s \right)} \right)} \right)}\right) \left(a_{1} \operatorname{acos}{\left(s \right)} + a_{14} + \left(a_{0} + a_{12} \left(a_{2} - 32 s\right) \left(- \sin{\left(4 \cos{\left(s \right)} \right)} + \operatorname{sech}{\left(s \right)}\right) + a_{12} \tanh{\left(8 s \right)} + a_{15} \sqrt{1 - \cos^{2}{\left(s \right)}} + a_{3} s \left(2 s - \tanh{\left(4 s \right)}\right) \left(s - \cos{\left(a_{11} s \right)} + 2\right) + a_{4} \left(32 \operatorname{asin}{\left(s \right)} + 64\right) \left(a_{5} + s \left(a_{10} + a_{9} s \left(a_{7} + s\right) \operatorname{acos}{\left(s \right)}\right) + s + \operatorname{sech}{\left(s \right)}\right)\right) \operatorname{acos}{\left(\operatorname{sech}{\left(\cos{\left(a_{8} + s \right)} \right)} \right)}\right)$,$z(s) = a_{0} + s \left(a_{1} + a_{2} s\right)$
61,event67525_track214-hits,49,147,42,39,39,120,5,1.2884736350177477,0.03203888543604598,0.008832840938305862,4.677677273662713,1.2984276179309617,0.17324730643195232,0.009143856464302547,2.9416378615442795,$x(s) = a_{1} \operatorname{asin}{\left(\cos{\left(a_{10} + \operatorname{acos}{\left(s \right)} \right)} \right)} + a_{19} \cos{\left(a_{39} s \right)} + a_{2} \sin{\left(\cos{\left(a_{11} + a_{30} s \right)} \right)} + a_{24} \cos{\left(a_{36} s \right)} + a_{25} \sin{\left(s \left(a_{0} + \operatorname{acos}{\left(s \right)}\right) \right)} + a_{26} \sin{\left(a_{38} s \right)} + a_{8} \sin{\left(a_{37} s \right)} + \left(a_{13} + a_{20} s\right) \cos{\left(a_{22} + \left(s - 2\right) \left(a_{4} s + a_{40}\right) \right)} + \left(a_{17} s + a_{18}\right) \tanh{\left(\left(a_{15} - \sin{\left(a_{41} s \right)}\right) \left(a_{32} + a_{5} s\right) \right)} + \left(a_{34} s + a_{35}\right) \left(4 s \left(a_{28} + a_{29} s \left(a_{16} + s\right) \left(a_{12} \sqrt{1 - s^{2}} + a_{23} s \tanh{\left(\sin{\left(4 s \right)} \right)} + a_{27}\right) + a_{3} s \operatorname{asin}{\left(\operatorname{asin}{\left(\tanh{\left(s \right)} \right)} \right)} + a_{6} \sqrt{s + \operatorname{asin}{\left(s \right)}}\right) + \left(a_{9} + 2 s\right) \left(a_{14} \sin{\left(a_{31} s \right)} + a_{21} \sqrt{s} + a_{7}\right) - \tanh{\left(\operatorname{asin}{\left(\operatorname{sech}{\left(a_{33} s \right)} \right)} \right)}\right)$,$z(s) = a_{1} \operatorname{asin}{\left(\cos{\left(a_{10} + \operatorname{acos}{\left(s \right)} \right)} \right)} + a_{15} \tanh{\left(\left(a_{28} + a_{5} s\right) \sin{\left(a_{38} s \right)} \right)} + a_{17} \cos{\left(a_{36} s \right)} + a_{2} \sin{\left(\cos{\left(a_{11} + a_{27} s \right)} \right)} + a_{21} \cos{\left(a_{33} s \right)} + a_{22} \sin{\left(s \left(a_{0} + \operatorname{acos}{\left(s \right)}\right) \right)} + a_{24} \sin{\left(a_{35} s \right)} + a_{8} \sin{\left(a_{34} s \right)} + \left(a_{13} + a_{18} s\right) \cos{\left(a_{20} + \left(a_{37} + a_{4} s\right) \left(s - 2\right) \right)} + \left(a_{30} s + a_{32}\right) \left(4 s \left(a_{25} + a_{3} s \operatorname{asin}{\left(\operatorname{asin}{\left(\tanh{\left(s \right)} \right)} \right)} + a_{6} \sqrt{s + \operatorname{asin}{\left(s \right)}} + 4 s \left(a_{16} + s\right) \left(a_{12} \sqrt{1 - s^{2}} + a_{23} s \tanh{\left(\sin{\left(4 s \right)} \right)} + a_{26}\right)\right) + \left(a_{9} + 2 s\right) \left(a_{14} \sin{\left(a_{29} s \right)} + a_{19} \sqrt{s} + a_{7}\right) - \tanh{\left(\operatorname{asin}{\left(\operatorname{sech}{\left(a_{31} s \right)} \right)} \right)}\right)$,$y(s) = a_{1} \sin{\left(\cos{\left(a_{27} s + a_{7} \right)} \right)} + a_{12} \cos{\left(a_{36} s \right)} + a_{14} \cos{\left(a_{31} s \right)} + a_{20} \sin{\left(s \left(a_{0} + \operatorname{acos}{\left(s \right)}\right) \right)} + a_{23} \sin{\left(a_{34} s \right)} + a_{33} \operatorname{acos}{\left(\cos{\left(a_{8} + \operatorname{acos}{\left(s \right)} \right)} \right)} + a_{6} \sin{\left(a_{35} s \right)} - \left(a_{19} + a_{9} s\right) \cos{\left(a_{5} + \left(s - 2\right) \left(a_{3} s + a_{37}\right) \right)} + \left(a_{13} s + a_{16}\right) \tanh{\left(64 s - 64 \sin{\left(a_{38} s \right)} \right)} + \left(a_{30} s + a_{32}\right) \left(4 s \left(a_{2} s \operatorname{asin}{\left(\operatorname{acos}{\left(\operatorname{sech}{\left(s \right)} \right)} \right)} + a_{25} + a_{26} s \left(a_{22} + s\right) \left(a_{11} \sqrt{1 - s^{2}} + a_{15} s \tanh{\left(\sin{\left(4 s \right)} \right)} + a_{24}\right) + a_{4} \sqrt{s + \operatorname{asin}{\left(s \right)}}\right) - \left(a_{21} s - 1\right) \left(a_{10} \sin{\left(a_{28} s \right)} + a_{17} + \sqrt{s} \left(a_{18} + s\right)\right) - \tanh{\left(\operatorname{asin}{\left(\operatorname{sech}{\left(a_{29} s \right)} \right)} \right)}\right)$
62,event67729_track119-hits,44,132,39,39,39,117,5,1.782190860448086,218.59553797613796,36.78287204495215,28636.01547487407,4855.339109933684,1909.0676983249382,38.23101661365106,3.9107231464192482,$z(s) = a_{1} \operatorname{asin}{\left(\cos{\left(a_{10} + \operatorname{acos}{\left(s \right)} \right)} \right)} + a_{15} \tanh{\left(\left(a_{28} + a_{5} s\right) \sin{\left(a_{38} s \right)} \right)} + a_{17} \cos{\left(a_{36} s \right)} + a_{2} \sin{\left(\cos{\left(a_{11} + a_{27} s \right)} \right)} + a_{21} \cos{\left(a_{33} s \right)} + a_{22} \sin{\left(s \left(a_{0} + \operatorname{acos}{\left(s \right)}\right) \right)} + a_{24} \sin{\left(a_{35} s \right)} + a_{8} \sin{\left(a_{34} s \right)} + \left(a_{13} + a_{18} s\right) \cos{\left(a_{20} + \left(a_{37} + a_{4} s\right) \left(s - 2\right) \right)} + \left(a_{30} s + a_{32}\right) \left(4 s \left(a_{25} + a_{3} s \operatorname{asin}{\left(\operatorname{asin}{\left(\tanh{\left(s \right)} \right)} \right)} + a_{6} \sqrt{s + \operatorname{asin}{\left(s \right)}} + 4 s \left(a_{16} + s\right) \left(a_{12} \sqrt{1 - s^{2}} + a_{23} s \tanh{\left(\sin{\left(4 s \right)} \right)} + a_{26}\right)\right) + \left(a_{9} + 2 s\right) \left(a_{14} \sin{\left(a_{29} s \right)} + a_{19} \sqrt{s} + a_{7}\right) - \tanh{\left(\operatorname{asin}{\left(\operatorname{sech}{\left(a_{31} s \right)} \right)} \right)}\right)$,$z(s) = a_{1} \operatorname{asin}{\left(\cos{\left(a_{10} + \operatorname{acos}{\left(s \right)} \right)} \right)} + a_{15} \tanh{\left(\left(a_{28} + a_{5} s\right) \sin{\left(a_{38} s \right)} \right)} + a_{17} \cos{\left(a_{36} s \right)} + a_{2} \sin{\left(\cos{\left(a_{11} + a_{27} s \right)} \right)} + a_{21} \cos{\left(a_{33} s \right)} + a_{22} \sin{\left(s \left(a_{0} + \operatorname{acos}{\left(s \right)}\right) \right)} + a_{24} \sin{\left(a_{35} s \right)} + a_{8} \sin{\left(a_{34} s \right)} + \left(a_{13} + a_{18} s\right) \cos{\left(a_{20} + \left(a_{37} + a_{4} s\right) \left(s - 2\right) \right)} + \left(a_{30} s + a_{32}\right) \left(4 s \left(a_{25} + a_{3} s \operatorname{asin}{\left(\operatorname{asin}{\left(\tanh{\left(s \right)} \right)} \right)} + a_{6} \sqrt{s + \operatorname{asin}{\left(s \right)}} + 4 s \left(a_{16} + s\right) \left(a_{12} \sqrt{1 - s^{2}} + a_{23} s \tanh{\left(\sin{\left(4 s \right)} \right)} + a_{26}\right)\right) + \left(a_{9} + 2 s\right) \left(a_{14} \sin{\left(a_{29} s \right)} + a_{19} \sqrt{s} + a_{7}\right) - \tanh{\left(\operatorname{asin}{\left(\operatorname{sech}{\left(a_{31} s \right)} \right)} \right)}\right)$,$y(s) = a_{1} \sin{\left(\cos{\left(a_{27} s + a_{7} \right)} \right)} + a_{12} \cos{\left(a_{36} s \right)} + a_{14} \cos{\left(a_{31} s \right)} + a_{20} \sin{\left(s \left(a_{0} + \operatorname{acos}{\left(s \right)}\right) \right)} + a_{23} \sin{\left(a_{34} s \right)} + a_{33} \operatorname{acos}{\left(\cos{\left(a_{8} + \operatorname{acos}{\left(s \right)} \right)} \right)} + a_{6} \sin{\left(a_{35} s \right)} - \left(a_{19} + a_{9} s\right) \cos{\left(a_{5} + \left(s - 2\right) \left(a_{3} s + a_{37}\right) \right)} + \left(a_{13} s + a_{16}\right) \tanh{\left(64 s - 64 \sin{\left(a_{38} s \right)} \right)} + \left(a_{30} s + a_{32}\right) \left(4 s \left(a_{2} s \operatorname{asin}{\left(\operatorname{acos}{\left(\operatorname{sech}{\left(s \right)} \right)} \right)} + a_{25} + a_{26} s \left(a_{22} + s\right) \left(a_{11} \sqrt{1 - s^{2}} + a_{15} s \tanh{\left(\sin{\left(4 s \right)} \right)} + a_{24}\right) + a_{4} \sqrt{s + \operatorname{asin}{\left(s \right)}}\right) - \left(a_{21} s - 1\right) \left(a_{10} \sin{\left(a_{28} s \right)} + a_{17} + \sqrt{s} \left(a_{18} + s\right)\right) - \tanh{\left(\operatorname{asin}{\left(\operatorname{sech}{\left(a_{29} s \right)} \right)} \right)}\right)$
63,event67790_track429-hits,25,75,16,21,16,53,5,-3.915770586227685,0.00177900861181507,0.08928440492357347,0.1316466372743152,6.69633036926801,0.005983938057923418,0.09566186241811442,-2.7717408178687823,$x(s) = a_{13} + \left(- s - \sin{\left(\sin{\left(\sin{\left(a_{6} + s \right)} \right)} \right)}\right) \left(a_{1} \operatorname{acos}{\left(s \right)} + a_{14} + \left(a_{0} + a_{12} \left(a_{2} - 32 s\right) \left(- \sin{\left(4 \cos{\left(s \right)} \right)} + \operatorname{sech}{\left(s \right)}\right) + a_{12} \tanh{\left(8 s \right)} + a_{15} \sqrt{1 - \cos^{2}{\left(s \right)}} + a_{3} s \left(2 s - \tanh{\left(4 s \right)}\right) \left(s - \cos{\left(a_{11} s \right)} + 2\right) + a_{4} \left(32 \operatorname{asin}{\left(s \right)} + 64\right) \left(a_{5} + s \left(a_{10} + a_{9} s \left(a_{7} + s\right) \operatorname{acos}{\left(s \right)}\right) + s + \operatorname{sech}{\left(s \right)}\right)\right) \operatorname{acos}{\left(\operatorname{sech}{\left(\cos{\left(a_{8} + s \right)} \right)} \right)}\right)$,$y(s) = a_{14} \sin{\left(\cos{\left(a_{10} + 4.30674369656515 s \right)} \right)} + a_{16} + a_{4} \cos{\left(a_{20} s \right)} + a_{5} \sin{\left(a_{19} s \right)} + \left(a_{11} + a_{15} s\right) \left(4 s \left(a_{1} s \operatorname{asin}{\left(\operatorname{asin}{\left(\tanh{\left(s \right)} \right)} \right)} + a_{8} + a_{9} s \left(a_{7} + s\right) \left(a_{12} - 0.0163348612181324 s \tanh{\left(\sin{\left(4 s \right)} \right)} - 0.455016066205459 \sqrt{1 - s^{2}}\right) - 5.80207456348123 \sqrt{\sqrt{s} + \operatorname{asin}{\left(s \right)}}\right) + \left(a_{2} + 4 s\right) \left(a_{6} \sin{\left(a_{13} s \right)} + 0.603433259507675 \sqrt{s} + 2.67458549611742\right) - \tanh{\left(\operatorname{asin}{\left(\operatorname{sech}{\left(5.65077849988401 s \right)} \right)} \right)}\right) - 0.000334426650014709 \sin{\left(a_{18} s \right)} + 0.00278916735581463 \sin{\left(s \left(a_{0} + \operatorname{acos}{\left(s \right)}\right) \right)} + 0.00373359883408793 \cos{\left(a_{17} s \right)} - 0.479013271010752 \operatorname{asin}{\left(\cos{\left(a_{3} + \operatorname{acos}{\left(s \right)} \right)} \right)}$,$x(s) = a_{13} + \left(- s - \sin{\left(\sin{\left(\sin{\left(a_{6} + s \right)} \right)} \right)}\right) \left(a_{1} \operatorname{acos}{\left(s \right)} + a_{14} + \left(a_{0} + a_{12} \left(a_{2} - 32 s\right) \left(- \sin{\left(4 \cos{\left(s \right)} \right)} + \operatorname{sech}{\left(s \right)}\right) + a_{12} \tanh{\left(8 s \right)} + a_{15} \sqrt{1 - \cos^{2}{\left(s \right)}} + a_{3} s \left(2 s - \tanh{\left(4 s \right)}\right) \left(s - \cos{\left(a_{11} s \right)} + 2\right) + a_{4} \left(32 \operatorname{asin}{\left(s \right)} + 64\right) \left(a_{5} + s \left(a_{10} + a_{9} s \left(a_{7} + s\right) \operatorname{acos}{\left(s \right)}\right) + s + \operatorname{sech}{\left(s \right)}\right)\right) \operatorname{acos}{\left(\operatorname{sech}{\left(\cos{\left(a_{8} + s \right)} \right)} \right)}\right)$
64,event67808_track147-hits,50,150,42,39,39,120,5,-0.14107408627747053,0.6907093958714532,0.7953587459870678,102.91569998484653,119.30381189806018,3.4305233328282174,0.8227849096417943,1.4277732863301518,$x(s) = a_{1} \operatorname{asin}{\left(\cos{\left(a_{10} + \operatorname{acos}{\left(s \right)} \right)} \right)} + a_{19} \cos{\left(a_{39} s \right)} + a_{2} \sin{\left(\cos{\left(a_{11} + a_{30} s \right)} \right)} + a_{24} \cos{\left(a_{36} s \right)} + a_{25} \sin{\left(s \left(a_{0} + \operatorname{acos}{\left(s \right)}\right) \right)} + a_{26} \sin{\left(a_{38} s \right)} + a_{8} \sin{\left(a_{37} s \right)} + \left(a_{13} + a_{20} s\right) \cos{\left(a_{22} + \left(s - 2\right) \left(a_{4} s + a_{40}\right) \right)} + \left(a_{17} s + a_{18}\right) \tanh{\left(\left(a_{15} - \sin{\left(a_{41} s \right)}\right) \left(a_{32} + a_{5} s\right) \right)} + \left(a_{34} s + a_{35}\right) \left(4 s \left(a_{28} + a_{29} s \left(a_{16} + s\right) \left(a_{12} \sqrt{1 - s^{2}} + a_{23} s \tanh{\left(\sin{\left(4 s \right)} \right)} + a_{27}\right) + a_{3} s \operatorname{asin}{\left(\operatorname{asin}{\left(\tanh{\left(s \right)} \right)} \right)} + a_{6} \sqrt{s + \operatorname{asin}{\left(s \right)}}\right) + \left(a_{9} + 2 s\right) \left(a_{14} \sin{\left(a_{31} s \right)} + a_{21} \sqrt{s} + a_{7}\right) - \tanh{\left(\operatorname{asin}{\left(\operatorname{sech}{\left(a_{33} s \right)} \right)} \right)}\right)$,$y(s) = a_{1} \sin{\left(\cos{\left(a_{27} s + a_{7} \right)} \right)} + a_{12} \cos{\left(a_{36} s \right)} + a_{14} \cos{\left(a_{31} s \right)} + a_{20} \sin{\left(s \left(a_{0} + \operatorname{acos}{\left(s \right)}\right) \right)} + a_{23} \sin{\left(a_{34} s \right)} + a_{33} \operatorname{acos}{\left(\cos{\left(a_{8} + \operatorname{acos}{\left(s \right)} \right)} \right)} + a_{6} \sin{\left(a_{35} s \right)} - \left(a_{19} + a_{9} s\right) \cos{\left(a_{5} + \left(s - 2\right) \left(a_{3} s + a_{37}\right) \right)} + \left(a_{13} s + a_{16}\right) \tanh{\left(64 s - 64 \sin{\left(a_{38} s \right)} \right)} + \left(a_{30} s + a_{32}\right) \left(4 s \left(a_{2} s \operatorname{asin}{\left(\operatorname{acos}{\left(\operatorname{sech}{\left(s \right)} \right)} \right)} + a_{25} + a_{26} s \left(a_{22} + s\right) \left(a_{11} \sqrt{1 - s^{2}} + a_{15} s \tanh{\left(\sin{\left(4 s \right)} \right)} + a_{24}\right) + a_{4} \sqrt{s + \operatorname{asin}{\left(s \right)}}\right) - \left(a_{21} s - 1\right) \left(a_{10} \sin{\left(a_{28} s \right)} + a_{17} + \sqrt{s} \left(a_{18} + s\right)\right) - \tanh{\left(\operatorname{asin}{\left(\operatorname{sech}{\left(a_{29} s \right)} \right)} \right)}\right)$,$y(s) = a_{1} \sin{\left(\cos{\left(a_{27} s + a_{7} \right)} \right)} + a_{12} \cos{\left(a_{36} s \right)} + a_{14} \cos{\left(a_{31} s \right)} + a_{20} \sin{\left(s \left(a_{0} + \operatorname{acos}{\left(s \right)}\right) \right)} + a_{23} \sin{\left(a_{34} s \right)} + a_{33} \operatorname{acos}{\left(\cos{\left(a_{8} + \operatorname{acos}{\left(s \right)} \right)} \right)} + a_{6} \sin{\left(a_{35} s \right)} - \left(a_{19} + a_{9} s\right) \cos{\left(a_{5} + \left(s - 2\right) \left(a_{3} s + a_{37}\right) \right)} + \left(a_{13} s + a_{16}\right) \tanh{\left(64 s - 64 \sin{\left(a_{38} s \right)} \right)} + \left(a_{30} s + a_{32}\right) \left(4 s \left(a_{2} s \operatorname{asin}{\left(\operatorname{acos}{\left(\operatorname{sech}{\left(s \right)} \right)} \right)} + a_{25} + a_{26} s \left(a_{22} + s\right) \left(a_{11} \sqrt{1 - s^{2}} + a_{15} s \tanh{\left(\sin{\left(4 s \right)} \right)} + a_{24}\right) + a_{4} \sqrt{s + \operatorname{asin}{\left(s \right)}}\right) - \left(a_{21} s - 1\right) \left(a_{10} \sin{\left(a_{28} s \right)} + a_{17} + \sqrt{s} \left(a_{18} + s\right)\right) - \tanh{\left(\operatorname{asin}{\left(\operatorname{sech}{\left(a_{29} s \right)} \right)} \right)}\right)$
65,event67831_track422-hits,50,150,39,32,42,113,5,0.24890942400811958,2.8693267226102415,2.2370722659076896,427.529681668926,335.5608398861534,11.554856261322325,2.3142126888700236,1.6080362656336729,$y(s) = a_{1} \sin{\left(\cos{\left(a_{27} s + a_{7} \right)} \right)} + a_{12} \cos{\left(a_{36} s \right)} + a_{14} \cos{\left(a_{31} s \right)} + a_{20} \sin{\left(s \left(a_{0} + \operatorname{acos}{\left(s \right)}\right) \right)} + a_{23} \sin{\left(a_{34} s \right)} + a_{33} \operatorname{acos}{\left(\cos{\left(a_{8} + \operatorname{acos}{\left(s \right)} \right)} \right)} + a_{6} \sin{\left(a_{35} s \right)} - \left(a_{19} + a_{9} s\right) \cos{\left(a_{5} + \left(s - 2\right) \left(a_{3} s + a_{37}\right) \right)} + \left(a_{13} s + a_{16}\right) \tanh{\left(64 s - 64 \sin{\left(a_{38} s \right)} \right)} + \left(a_{30} s + a_{32}\right) \left(4 s \left(a_{2} s \operatorname{asin}{\left(\operatorname{acos}{\left(\operatorname{sech}{\left(s \right)} \right)} \right)} + a_{25} + a_{26} s \left(a_{22} + s\right) \left(a_{11} \sqrt{1 - s^{2}} + a_{15} s \tanh{\left(\sin{\left(4 s \right)} \right)} + a_{24}\right) + a_{4} \sqrt{s + \operatorname{asin}{\left(s \right)}}\right) - \left(a_{21} s - 1\right) \left(a_{10} \sin{\left(a_{28} s \right)} + a_{17} + \sqrt{s} \left(a_{18} + s\right)\right) - \tanh{\left(\operatorname{asin}{\left(\operatorname{sech}{\left(a_{29} s \right)} \right)} \right)}\right)$,$y(s) = a_{1} \operatorname{asin}{\left(\cos{\left(a_{7} + \operatorname{acos}{\left(s \right)} \right)} \right)} + a_{10} \cos{\left(a_{28} s \right)} + a_{11} \cos{\left(a_{31} s \right)} + a_{12} \sin{\left(a_{29} s \right)} + a_{13} \sin{\left(a_{30} s \right)} + a_{24} \sin{\left(\cos{\left(a_{19} + a_{22} s \right)} \right)} + a_{27} + a_{9} \sin{\left(s \left(a_{0} + \operatorname{acos}{\left(s \right)}\right) \right)} + \left(a_{20} + a_{26} s\right) \left(4 s \left(a_{17} + a_{18} s \left(a_{16} + s\right) \left(a_{14} s \tanh{\left(\sin{\left(4 s \right)} \right)} + a_{21} + a_{8} \sqrt{1 - s^{2}}\right) + a_{2} s \operatorname{asin}{\left(\operatorname{asin}{\left(\tanh{\left(s \right)} \right)} \right)} + a_{3} \sqrt{\sqrt{s} + \operatorname{asin}{\left(s \right)}}\right) + \left(a_{4} + 4 s\right) \left(a_{15} \sin{\left(a_{23} s \right)} + a_{5} + a_{6} \sqrt{s}\right) - \tanh{\left(\operatorname{asin}{\left(\operatorname{sech}{\left(a_{25} s \right)} \right)} \right)}\right)$,$x(s) = a_{1} \operatorname{asin}{\left(\cos{\left(a_{10} + \operatorname{acos}{\left(s \right)} \right)} \right)} + a_{19} \cos{\left(a_{39} s \right)} + a_{2} \sin{\left(\cos{\left(a_{11} + a_{30} s \right)} \right)} + a_{24} \cos{\left(a_{36} s \right)} + a_{25} \sin{\left(s \left(a_{0} + \operatorname{acos}{\left(s \right)}\right) \right)} + a_{26} \sin{\left(a_{38} s \right)} + a_{8} \sin{\left(a_{37} s \right)} + \left(a_{13} + a_{20} s\right) \cos{\left(a_{22} + \left(s - 2\right) \left(a_{4} s + a_{40}\right) \right)} + \left(a_{17} s + a_{18}\right) \tanh{\left(\left(a_{15} - \sin{\left(a_{41} s \right)}\right) \left(a_{32} + a_{5} s\right) \right)} + \left(a_{34} s + a_{35}\right) \left(4 s \left(a_{28} + a_{29} s \left(a_{16} + s\right) \left(a_{12} \sqrt{1 - s^{2}} + a_{23} s \tanh{\left(\sin{\left(4 s \right)} \right)} + a_{27}\right) + a_{3} s \operatorname{asin}{\left(\operatorname{asin}{\left(\tanh{\left(s \right)} \right)} \right)} + a_{6} \sqrt{s + \operatorname{asin}{\left(s \right)}}\right) + \left(a_{9} + 2 s\right) \left(a_{14} \sin{\left(a_{31} s \right)} + a_{21} \sqrt{s} + a_{7}\right) - \tanh{\left(\operatorname{asin}{\left(\operatorname{sech}{\left(a_{33} s \right)} \right)} \right)}\right)$
66,event67841_track277-hits,22,66,16,16,16,48,5,-4.9645545005925475,0.0074080268626065295,1.0611607382662431,0.48152174606942444,70.03660872557205,0.026751208114968023,1.1481411266487223,-3.7593198664461895,$x(s) = a_{13} + \left(- s - \sin{\left(\sin{\left(\sin{\left(a_{6} + s \right)} \right)} \right)}\right) \left(a_{1} \operatorname{acos}{\left(s \right)} + a_{14} + \left(a_{0} + a_{12} \left(a_{2} - 32 s\right) \left(- \sin{\left(4 \cos{\left(s \right)} \right)} + \operatorname{sech}{\left(s \right)}\right) + a_{12} \tanh{\left(8 s \right)} + a_{15} \sqrt{1 - \cos^{2}{\left(s \right)}} + a_{3} s \left(2 s - \tanh{\left(4 s \right)}\right) \left(s - \cos{\left(a_{11} s \right)} + 2\right) + a_{4} \left(32 \operatorname{asin}{\left(s \right)} + 64\right) \left(a_{5} + s \left(a_{10} + a_{9} s \left(a_{7} + s\right) \operatorname{acos}{\left(s \right)}\right) + s + \operatorname{sech}{\left(s \right)}\right)\right) \operatorname{acos}{\left(\operatorname{sech}{\left(\cos{\left(a_{8} + s \right)} \right)} \right)}\right)$,$x(s) = a_{13} + \left(- s - \sin{\left(\sin{\left(\sin{\left(a_{6} + s \right)} \right)} \right)}\right) \left(a_{1} \operatorname{acos}{\left(s \right)} + a_{14} + \left(a_{0} + a_{12} \left(a_{2} - 32 s\right) \left(- \sin{\left(4 \cos{\left(s \right)} \right)} + \operatorname{sech}{\left(s \right)}\right) + a_{12} \tanh{\left(8 s \right)} + a_{15} \sqrt{1 - \cos^{2}{\left(s \right)}} + a_{3} s \left(2 s - \tanh{\left(4 s \right)}\right) \left(s - \cos{\left(a_{11} s \right)} + 2\right) + a_{4} \left(32 \operatorname{asin}{\left(s \right)} + 64\right) \left(a_{5} + s \left(a_{10} + a_{9} s \left(a_{7} + s\right) \operatorname{acos}{\left(s \right)}\right) + s + \operatorname{sech}{\left(s \right)}\right)\right) \operatorname{acos}{\left(\operatorname{sech}{\left(\cos{\left(a_{8} + s \right)} \right)} \right)}\right)$,$x(s) = a_{13} + \left(- s - \sin{\left(\sin{\left(\sin{\left(a_{6} + s \right)} \right)} \right)}\right) \left(a_{1} \operatorname{acos}{\left(s \right)} + a_{14} + \left(a_{0} + a_{12} \left(a_{2} - 32 s\right) \left(- \sin{\left(4 \cos{\left(s \right)} \right)} + \operatorname{sech}{\left(s \right)}\right) + a_{12} \tanh{\left(8 s \right)} + a_{15} \sqrt{1 - \cos^{2}{\left(s \right)}} + a_{3} s \left(2 s - \tanh{\left(4 s \right)}\right) \left(s - \cos{\left(a_{11} s \right)} + 2\right) + a_{4} \left(32 \operatorname{asin}{\left(s \right)} + 64\right) \left(a_{5} + s \left(a_{10} + a_{9} s \left(a_{7} + s\right) \operatorname{acos}{\left(s \right)}\right) + s + \operatorname{sech}{\left(s \right)}\right)\right) \operatorname{acos}{\left(\operatorname{sech}{\left(\cos{\left(a_{8} + s \right)} \right)} \right)}\right)$
67,event67876_track352-hits,27,81,21,21,16,58,5,1.6574537990736296,0.008921015178453536,0.0017005571799695485,0.7136812142762828,0.13774513157753343,0.031029618012012296,0.0018124359418096505,2.8402704034322537,$x(s) = a_{14} \sin{\left(\cos{\left(a_{12} s + 3.19564213142574 \right)} \right)} + a_{16} + a_{6} \cos{\left(a_{17} s \right)} + a_{7} \sin{\left(a_{18} s \right)} + \left(a_{15} s + 4.98154578530752\right) \left(4 s \left(a_{1} s \operatorname{asin}{\left(\operatorname{asin}{\left(\tanh{\left(s \right)} \right)} \right)} + a_{10} s \left(s + 0.0134870156781597\right) \left(a_{11} - 0.017503085789641 s \tanh{\left(\sin{\left(4 s \right)} \right)} - 0.450614826294794 \sqrt{1 - s^{2}}\right) + a_{2} \sqrt{\sqrt{s} + \operatorname{asin}{\left(s \right)}} + a_{9}\right) + \left(a_{3} + 4 s\right) \left(a_{4} + a_{5} \sqrt{s} + a_{8} \sin{\left(a_{13} s \right)}\right) - \tanh{\left(\operatorname{asin}{\left(\operatorname{sech}{\left(5.6839434852917 s \right)} \right)} \right)}\right) + 0.000668810464601903 \sin{\left(a_{19} s \right)} + 0.00289842149959624 \sin{\left(s \left(a_{0} + \operatorname{acos}{\left(s \right)}\right) \right)} + 0.000623964504492596 \cos{\left(a_{20} s \right)} - 0.49633536500747 \operatorname{asin}{\left(\cos{\left(\operatorname{acos}{\left(s \right)} - 0.802742285270038 \right)} \right)}$,$y(s) = a_{14} \sin{\left(\cos{\left(a_{10} + 4.30674369656515 s \right)} \right)} + a_{16} + a_{4} \cos{\left(a_{20} s \right)} + a_{5} \sin{\left(a_{19} s \right)} + \left(a_{11} + a_{15} s\right) \left(4 s \left(a_{1} s \operatorname{asin}{\left(\operatorname{asin}{\left(\tanh{\left(s \right)} \right)} \right)} + a_{8} + a_{9} s \left(a_{7} + s\right) \left(a_{12} - 0.0163348612181324 s \tanh{\left(\sin{\left(4 s \right)} \right)} - 0.455016066205459 \sqrt{1 - s^{2}}\right) - 5.80207456348123 \sqrt{\sqrt{s} + \operatorname{asin}{\left(s \right)}}\right) + \left(a_{2} + 4 s\right) \left(a_{6} \sin{\left(a_{13} s \right)} + 0.603433259507675 \sqrt{s} + 2.67458549611742\right) - \tanh{\left(\operatorname{asin}{\left(\operatorname{sech}{\left(5.65077849988401 s \right)} \right)} \right)}\right) - 0.000334426650014709 \sin{\left(a_{18} s \right)} + 0.00278916735581463 \sin{\left(s \left(a_{0} + \operatorname{acos}{\left(s \right)}\right) \right)} + 0.00373359883408793 \cos{\left(a_{17} s \right)} - 0.479013271010752 \operatorname{asin}{\left(\cos{\left(a_{3} + \operatorname{acos}{\left(s \right)} \right)} \right)}$,$x(s) = a_{13} + \left(- s - \sin{\left(\sin{\left(\sin{\left(a_{6} + s \right)} \right)} \right)}\right) \left(a_{1} \operatorname{acos}{\left(s \right)} + a_{14} + \left(a_{0} + a_{12} \left(a_{2} - 32 s\right) \left(- \sin{\left(4 \cos{\left(s \right)} \right)} + \operatorname{sech}{\left(s \right)}\right) + a_{12} \tanh{\left(8 s \right)} + a_{15} \sqrt{1 - \cos^{2}{\left(s \right)}} + a_{3} s \left(2 s - \tanh{\left(4 s \right)}\right) \left(s - \cos{\left(a_{11} s \right)} + 2\right) + a_{4} \left(32 \operatorname{asin}{\left(s \right)} + 64\right) \left(a_{5} + s \left(a_{10} + a_{9} s \left(a_{7} + s\right) \operatorname{acos}{\left(s \right)}\right) + s + \operatorname{sech}{\left(s \right)}\right)\right) \operatorname{acos}{\left(\operatorname{sech}{\left(\cos{\left(a_{8} + s \right)} \right)} \right)}\right)$
68,event67933_track7-hits,50,150,39,39,39,117,5,-0.866216820190401,33.87943281296239,80.56182876224442,5048.035489131396,12084.274314336662,152.9707723979211,83.33982285749423,0.6073203726128965,$z(s) = a_{1} \operatorname{asin}{\left(\cos{\left(a_{10} + \operatorname{acos}{\left(s \right)} \right)} \right)} + a_{15} \tanh{\left(\left(a_{28} + a_{5} s\right) \sin{\left(a_{38} s \right)} \right)} + a_{17} \cos{\left(a_{36} s \right)} + a_{2} \sin{\left(\cos{\left(a_{11} + a_{27} s \right)} \right)} + a_{21} \cos{\left(a_{33} s \right)} + a_{22} \sin{\left(s \left(a_{0} + \operatorname{acos}{\left(s \right)}\right) \right)} + a_{24} \sin{\left(a_{35} s \right)} + a_{8} \sin{\left(a_{34} s \right)} + \left(a_{13} + a_{18} s\right) \cos{\left(a_{20} + \left(a_{37} + a_{4} s\right) \left(s - 2\right) \right)} + \left(a_{30} s + a_{32}\right) \left(4 s \left(a_{25} + a_{3} s \operatorname{asin}{\left(\operatorname{asin}{\left(\tanh{\left(s \right)} \right)} \right)} + a_{6} \sqrt{s + \operatorname{asin}{\left(s \right)}} + 4 s \left(a_{16} + s\right) \left(a_{12} \sqrt{1 - s^{2}} + a_{23} s \tanh{\left(\sin{\left(4 s \right)} \right)} + a_{26}\right)\right) + \left(a_{9} + 2 s\right) \left(a_{14} \sin{\left(a_{29} s \right)} + a_{19} \sqrt{s} + a_{7}\right) - \tanh{\left(\operatorname{asin}{\left(\operatorname{sech}{\left(a_{31} s \right)} \right)} \right)}\right)$,$z(s) = a_{1} \operatorname{asin}{\left(\cos{\left(a_{10} + \operatorname{acos}{\left(s \right)} \right)} \right)} + a_{15} \tanh{\left(\left(a_{28} + a_{5} s\right) \sin{\left(a_{38} s \right)} \right)} + a_{17} \cos{\left(a_{36} s \right)} + a_{2} \sin{\left(\cos{\left(a_{11} + a_{27} s \right)} \right)} + a_{21} \cos{\left(a_{33} s \right)} + a_{22} \sin{\left(s \left(a_{0} + \operatorname{acos}{\left(s \right)}\right) \right)} + a_{24} \sin{\left(a_{35} s \right)} + a_{8} \sin{\left(a_{34} s \right)} + \left(a_{13} + a_{18} s\right) \cos{\left(a_{20} + \left(a_{37} + a_{4} s\right) \left(s - 2\right) \right)} + \left(a_{30} s + a_{32}\right) \left(4 s \left(a_{25} + a_{3} s \operatorname{asin}{\left(\operatorname{asin}{\left(\tanh{\left(s \right)} \right)} \right)} + a_{6} \sqrt{s + \operatorname{asin}{\left(s \right)}} + 4 s \left(a_{16} + s\right) \left(a_{12} \sqrt{1 - s^{2}} + a_{23} s \tanh{\left(\sin{\left(4 s \right)} \right)} + a_{26}\right)\right) + \left(a_{9} + 2 s\right) \left(a_{14} \sin{\left(a_{29} s \right)} + a_{19} \sqrt{s} + a_{7}\right) - \tanh{\left(\operatorname{asin}{\left(\operatorname{sech}{\left(a_{31} s \right)} \right)} \right)}\right)$,$z(s) = a_{1} \operatorname{asin}{\left(\cos{\left(a_{10} + \operatorname{acos}{\left(s \right)} \right)} \right)} + a_{15} \tanh{\left(\left(a_{28} + a_{5} s\right) \sin{\left(a_{38} s \right)} \right)} + a_{17} \cos{\left(a_{36} s \right)} + a_{2} \sin{\left(\cos{\left(a_{11} + a_{27} s \right)} \right)} + a_{21} \cos{\left(a_{33} s \right)} + a_{22} \sin{\left(s \left(a_{0} + \operatorname{acos}{\left(s \right)}\right) \right)} + a_{24} \sin{\left(a_{35} s \right)} + a_{8} \sin{\left(a_{34} s \right)} + \left(a_{13} + a_{18} s\right) \cos{\left(a_{20} + \left(a_{37} + a_{4} s\right) \left(s - 2\right) \right)} + \left(a_{30} s + a_{32}\right) \left(4 s \left(a_{25} + a_{3} s \operatorname{asin}{\left(\operatorname{asin}{\left(\tanh{\left(s \right)} \right)} \right)} + a_{6} \sqrt{s + \operatorname{asin}{\left(s \right)}} + 4 s \left(a_{16} + s\right) \left(a_{12} \sqrt{1 - s^{2}} + a_{23} s \tanh{\left(\sin{\left(4 s \right)} \right)} + a_{26}\right)\right) + \left(a_{9} + 2 s\right) \left(a_{14} \sin{\left(a_{29} s \right)} + a_{19} \sqrt{s} + a_{7}\right) - \tanh{\left(\operatorname{asin}{\left(\operatorname{sech}{\left(a_{31} s \right)} \right)} \right)}\right)$
69,event67987_track217-hits,50,150,39,39,39,117,5,0.7720391564655044,0.6850488863826972,0.3165404527560709,102.07228407102188,47.481067913410634,3.0930995173036933,0.3274556407821423,2.245576349268802,$z(s) = a_{1} \operatorname{asin}{\left(\cos{\left(a_{10} + \operatorname{acos}{\left(s \right)} \right)} \right)} + a_{15} \tanh{\left(\left(a_{28} + a_{5} s\right) \sin{\left(a_{38} s \right)} \right)} + a_{17} \cos{\left(a_{36} s \right)} + a_{2} \sin{\left(\cos{\left(a_{11} + a_{27} s \right)} \right)} + a_{21} \cos{\left(a_{33} s \right)} + a_{22} \sin{\left(s \left(a_{0} + \operatorname{acos}{\left(s \right)}\right) \right)} + a_{24} \sin{\left(a_{35} s \right)} + a_{8} \sin{\left(a_{34} s \right)} + \left(a_{13} + a_{18} s\right) \cos{\left(a_{20} + \left(a_{37} + a_{4} s\right) \left(s - 2\right) \right)} + \left(a_{30} s + a_{32}\right) \left(4 s \left(a_{25} + a_{3} s \operatorname{asin}{\left(\operatorname{asin}{\left(\tanh{\left(s \right)} \right)} \right)} + a_{6} \sqrt{s + \operatorname{asin}{\left(s \right)}} + 4 s \left(a_{16} + s\right) \left(a_{12} \sqrt{1 - s^{2}} + a_{23} s \tanh{\left(\sin{\left(4 s \right)} \right)} + a_{26}\right)\right) + \left(a_{9} + 2 s\right) \left(a_{14} \sin{\left(a_{29} s \right)} + a_{19} \sqrt{s} + a_{7}\right) - \tanh{\left(\operatorname{asin}{\left(\operatorname{sech}{\left(a_{31} s \right)} \right)} \right)}\right)$,$z(s) = a_{1} \operatorname{asin}{\left(\cos{\left(a_{10} + \operatorname{acos}{\left(s \right)} \right)} \right)} + a_{15} \tanh{\left(\left(a_{28} + a_{5} s\right) \sin{\left(a_{38} s \right)} \right)} + a_{17} \cos{\left(a_{36} s \right)} + a_{2} \sin{\left(\cos{\left(a_{11} + a_{27} s \right)} \right)} + a_{21} \cos{\left(a_{33} s \right)} + a_{22} \sin{\left(s \left(a_{0} + \operatorname{acos}{\left(s \right)}\right) \right)} + a_{24} \sin{\left(a_{35} s \right)} + a_{8} \sin{\left(a_{34} s \right)} + \left(a_{13} + a_{18} s\right) \cos{\left(a_{20} + \left(a_{37} + a_{4} s\right) \left(s - 2\right) \right)} + \left(a_{30} s + a_{32}\right) \left(4 s \left(a_{25} + a_{3} s \operatorname{asin}{\left(\operatorname{asin}{\left(\tanh{\left(s \right)} \right)} \right)} + a_{6} \sqrt{s + \operatorname{asin}{\left(s \right)}} + 4 s \left(a_{16} + s\right) \left(a_{12} \sqrt{1 - s^{2}} + a_{23} s \tanh{\left(\sin{\left(4 s \right)} \right)} + a_{26}\right)\right) + \left(a_{9} + 2 s\right) \left(a_{14} \sin{\left(a_{29} s \right)} + a_{19} \sqrt{s} + a_{7}\right) - \tanh{\left(\operatorname{asin}{\left(\operatorname{sech}{\left(a_{31} s \right)} \right)} \right)}\right)$,$y(s) = a_{1} \sin{\left(\cos{\left(a_{27} s + a_{7} \right)} \right)} + a_{12} \cos{\left(a_{36} s \right)} + a_{14} \cos{\left(a_{31} s \right)} + a_{20} \sin{\left(s \left(a_{0} + \operatorname{acos}{\left(s \right)}\right) \right)} + a_{23} \sin{\left(a_{34} s \right)} + a_{33} \operatorname{acos}{\left(\cos{\left(a_{8} + \operatorname{acos}{\left(s \right)} \right)} \right)} + a_{6} \sin{\left(a_{35} s \right)} - \left(a_{19} + a_{9} s\right) \cos{\left(a_{5} + \left(s - 2\right) \left(a_{3} s + a_{37}\right) \right)} + \left(a_{13} s + a_{16}\right) \tanh{\left(64 s - 64 \sin{\left(a_{38} s \right)} \right)} + \left(a_{30} s + a_{32}\right) \left(4 s \left(a_{2} s \operatorname{asin}{\left(\operatorname{acos}{\left(\operatorname{sech}{\left(s \right)} \right)} \right)} + a_{25} + a_{26} s \left(a_{22} + s\right) \left(a_{11} \sqrt{1 - s^{2}} + a_{15} s \tanh{\left(\sin{\left(4 s \right)} \right)} + a_{24}\right) + a_{4} \sqrt{s + \operatorname{asin}{\left(s \right)}}\right) - \left(a_{21} s - 1\right) \left(a_{10} \sin{\left(a_{28} s \right)} + a_{17} + \sqrt{s} \left(a_{18} + s\right)\right) - \tanh{\left(\operatorname{asin}{\left(\operatorname{sech}{\left(a_{29} s \right)} \right)} \right)}\right)$
70,event67989_track149-hits,28,84,21,16,16,53,5,1.4478624376465328,0.006722267667314004,0.0015802184713052721,0.5579482163870624,0.13273835158964287,0.01799832956087298,0.0016802322986030742,2.3713468945816927,$x(s) = a_{14} \sin{\left(\cos{\left(a_{12} s + 3.19564213142574 \right)} \right)} + a_{16} + a_{6} \cos{\left(a_{17} s \right)} + a_{7} \sin{\left(a_{18} s \right)} + \left(a_{15} s + 4.98154578530752\right) \left(4 s \left(a_{1} s \operatorname{asin}{\left(\operatorname{asin}{\left(\tanh{\left(s \right)} \right)} \right)} + a_{10} s \left(s + 0.0134870156781597\right) \left(a_{11} - 0.017503085789641 s \tanh{\left(\sin{\left(4 s \right)} \right)} - 0.450614826294794 \sqrt{1 - s^{2}}\right) + a_{2} \sqrt{\sqrt{s} + \operatorname{asin}{\left(s \right)}} + a_{9}\right) + \left(a_{3} + 4 s\right) \left(a_{4} + a_{5} \sqrt{s} + a_{8} \sin{\left(a_{13} s \right)}\right) - \tanh{\left(\operatorname{asin}{\left(\operatorname{sech}{\left(5.6839434852917 s \right)} \right)} \right)}\right) + 0.000668810464601903 \sin{\left(a_{19} s \right)} + 0.00289842149959624 \sin{\left(s \left(a_{0} + \operatorname{acos}{\left(s \right)}\right) \right)} + 0.000623964504492596 \cos{\left(a_{20} s \right)} - 0.49633536500747 \operatorname{asin}{\left(\cos{\left(\operatorname{acos}{\left(s \right)} - 0.802742285270038 \right)} \right)}$,$x(s) = a_{13} + \left(- s - \sin{\left(\sin{\left(\sin{\left(a_{6} + s \right)} \right)} \right)}\right) \left(a_{1} \operatorname{acos}{\left(s \right)} + a_{14} + \left(a_{0} + a_{12} \left(a_{2} - 32 s\right) \left(- \sin{\left(4 \cos{\left(s \right)} \right)} + \operatorname{sech}{\left(s \right)}\right) + a_{12} \tanh{\left(8 s \right)} + a_{15} \sqrt{1 - \cos^{2}{\left(s \right)}} + a_{3} s \left(2 s - \tanh{\left(4 s \right)}\right) \left(s - \cos{\left(a_{11} s \right)} + 2\right) + a_{4} \left(32 \operatorname{asin}{\left(s \right)} + 64\right) \left(a_{5} + s \left(a_{10} + a_{9} s \left(a_{7} + s\right) \operatorname{acos}{\left(s \right)}\right) + s + \operatorname{sech}{\left(s \right)}\right)\right) \operatorname{acos}{\left(\operatorname{sech}{\left(\cos{\left(a_{8} + s \right)} \right)} \right)}\right)$,$x(s) = a_{13} + \left(- s - \sin{\left(\sin{\left(\sin{\left(a_{6} + s \right)} \right)} \right)}\right) \left(a_{1} \operatorname{acos}{\left(s \right)} + a_{14} + \left(a_{0} + a_{12} \left(a_{2} - 32 s\right) \left(- \sin{\left(4 \cos{\left(s \right)} \right)} + \operatorname{sech}{\left(s \right)}\right) + a_{12} \tanh{\left(8 s \right)} + a_{15} \sqrt{1 - \cos^{2}{\left(s \right)}} + a_{3} s \left(2 s - \tanh{\left(4 s \right)}\right) \left(s - \cos{\left(a_{11} s \right)} + 2\right) + a_{4} \left(32 \operatorname{asin}{\left(s \right)} + 64\right) \left(a_{5} + s \left(a_{10} + a_{9} s \left(a_{7} + s\right) \operatorname{acos}{\left(s \right)}\right) + s + \operatorname{sech}{\left(s \right)}\right)\right) \operatorname{acos}{\left(\operatorname{sech}{\left(\cos{\left(a_{8} + s \right)} \right)} \right)}\right)$
71,event68054_track222-hits,23,69,16,16,3,35,5,0.13706448648691252,0.00227322584975166,0.0019820574382149736,0.15457935778311288,0.13676196323683318,0.00454645169950332,0.0021369056755755184,0.7549882458092705,$x(s) = a_{13} + \left(- s - \sin{\left(\sin{\left(\sin{\left(a_{6} + s \right)} \right)} \right)}\right) \left(a_{1} \operatorname{acos}{\left(s \right)} + a_{14} + \left(a_{0} + a_{12} \left(a_{2} - 32 s\right) \left(- \sin{\left(4 \cos{\left(s \right)} \right)} + \operatorname{sech}{\left(s \right)}\right) + a_{12} \tanh{\left(8 s \right)} + a_{15} \sqrt{1 - \cos^{2}{\left(s \right)}} + a_{3} s \left(2 s - \tanh{\left(4 s \right)}\right) \left(s - \cos{\left(a_{11} s \right)} + 2\right) + a_{4} \left(32 \operatorname{asin}{\left(s \right)} + 64\right) \left(a_{5} + s \left(a_{10} + a_{9} s \left(a_{7} + s\right) \operatorname{acos}{\left(s \right)}\right) + s + \operatorname{sech}{\left(s \right)}\right)\right) \operatorname{acos}{\left(\operatorname{sech}{\left(\cos{\left(a_{8} + s \right)} \right)} \right)}\right)$,$x(s) = a_{13} + \left(- s - \sin{\left(\sin{\left(\sin{\left(a_{6} + s \right)} \right)} \right)}\right) \left(a_{1} \operatorname{acos}{\left(s \right)} + a_{14} + \left(a_{0} + a_{12} \left(a_{2} - 32 s\right) \left(- \sin{\left(4 \cos{\left(s \right)} \right)} + \operatorname{sech}{\left(s \right)}\right) + a_{12} \tanh{\left(8 s \right)} + a_{15} \sqrt{1 - \cos^{2}{\left(s \right)}} + a_{3} s \left(2 s - \tanh{\left(4 s \right)}\right) \left(s - \cos{\left(a_{11} s \right)} + 2\right) + a_{4} \left(32 \operatorname{asin}{\left(s \right)} + 64\right) \left(a_{5} + s \left(a_{10} + a_{9} s \left(a_{7} + s\right) \operatorname{acos}{\left(s \right)}\right) + s + \operatorname{sech}{\left(s \right)}\right)\right) \operatorname{acos}{\left(\operatorname{sech}{\left(\cos{\left(a_{8} + s \right)} \right)} \right)}\right)$,$z(s) = a_{0} + s \left(a_{1} + a_{2} s\right)$
72,event68066_track307-hits,22,66,16,16,16,48,5,1.6015465432237908,0.0008825814224033821,0.00017791475030090638,0.05736779245621984,0.01174237351985982,0.003187099580901102,0.00019249792655507902,2.806781177370149,$x(s) = a_{13} + \left(- s - \sin{\left(\sin{\left(\sin{\left(a_{6} + s \right)} \right)} \right)}\right) \left(a_{1} \operatorname{acos}{\left(s \right)} + a_{14} + \left(a_{0} + a_{12} \left(a_{2} - 32 s\right) \left(- \sin{\left(4 \cos{\left(s \right)} \right)} + \operatorname{sech}{\left(s \right)}\right) + a_{12} \tanh{\left(8 s \right)} + a_{15} \sqrt{1 - \cos^{2}{\left(s \right)}} + a_{3} s \left(2 s - \tanh{\left(4 s \right)}\right) \left(s - \cos{\left(a_{11} s \right)} + 2\right) + a_{4} \left(32 \operatorname{asin}{\left(s \right)} + 64\right) \left(a_{5} + s \left(a_{10} + a_{9} s \left(a_{7} + s\right) \operatorname{acos}{\left(s \right)}\right) + s + \operatorname{sech}{\left(s \right)}\right)\right) \operatorname{acos}{\left(\operatorname{sech}{\left(\cos{\left(a_{8} + s \right)} \right)} \right)}\right)$,$x(s) = a_{13} + \left(- s - \sin{\left(\sin{\left(\sin{\left(a_{6} + s \right)} \right)} \right)}\right) \left(a_{1} \operatorname{acos}{\left(s \right)} + a_{14} + \left(a_{0} + a_{12} \left(a_{2} - 32 s\right) \left(- \sin{\left(4 \cos{\left(s \right)} \right)} + \operatorname{sech}{\left(s \right)}\right) + a_{12} \tanh{\left(8 s \right)} + a_{15} \sqrt{1 - \cos^{2}{\left(s \right)}} + a_{3} s \left(2 s - \tanh{\left(4 s \right)}\right) \left(s - \cos{\left(a_{11} s \right)} + 2\right) + a_{4} \left(32 \operatorname{asin}{\left(s \right)} + 64\right) \left(a_{5} + s \left(a_{10} + a_{9} s \left(a_{7} + s\right) \operatorname{acos}{\left(s \right)}\right) + s + \operatorname{sech}{\left(s \right)}\right)\right) \operatorname{acos}{\left(\operatorname{sech}{\left(\cos{\left(a_{8} + s \right)} \right)} \right)}\right)$,$x(s) = a_{13} + \left(- s - \sin{\left(\sin{\left(\sin{\left(a_{6} + s \right)} \right)} \right)}\right) \left(a_{1} \operatorname{acos}{\left(s \right)} + a_{14} + \left(a_{0} + a_{12} \left(a_{2} - 32 s\right) \left(- \sin{\left(4 \cos{\left(s \right)} \right)} + \operatorname{sech}{\left(s \right)}\right) + a_{12} \tanh{\left(8 s \right)} + a_{15} \sqrt{1 - \cos^{2}{\left(s \right)}} + a_{3} s \left(2 s - \tanh{\left(4 s \right)}\right) \left(s - \cos{\left(a_{11} s \right)} + 2\right) + a_{4} \left(32 \operatorname{asin}{\left(s \right)} + 64\right) \left(a_{5} + s \left(a_{10} + a_{9} s \left(a_{7} + s\right) \operatorname{acos}{\left(s \right)}\right) + s + \operatorname{sech}{\left(s \right)}\right)\right) \operatorname{acos}{\left(\operatorname{sech}{\left(\cos{\left(a_{8} + s \right)} \right)} \right)}\right)$
73,event68114_track168-hits,48,144,32,39,39,110,5,1.6113457279051842,0.6417038128374396,0.12809614549140771,91.76364523575387,18.445844950762712,2.698930742228055,0.13270392050908425,3.0124904671036212,$y(s) = a_{1} \operatorname{asin}{\left(\cos{\left(a_{7} + \operatorname{acos}{\left(s \right)} \right)} \right)} + a_{10} \cos{\left(a_{28} s \right)} + a_{11} \cos{\left(a_{31} s \right)} + a_{12} \sin{\left(a_{29} s \right)} + a_{13} \sin{\left(a_{30} s \right)} + a_{24} \sin{\left(\cos{\left(a_{19} + a_{22} s \right)} \right)} + a_{27} + a_{9} \sin{\left(s \left(a_{0} + \operatorname{acos}{\left(s \right)}\right) \right)} + \left(a_{20} + a_{26} s\right) \left(4 s \left(a_{17} + a_{18} s \left(a_{16} + s\right) \left(a_{14} s \tanh{\left(\sin{\left(4 s \right)} \right)} + a_{21} + a_{8} \sqrt{1 - s^{2}}\right) + a_{2} s \operatorname{asin}{\left(\operatorname{asin}{\left(\tanh{\left(s \right)} \right)} \right)} + a_{3} \sqrt{\sqrt{s} + \operatorname{asin}{\left(s \right)}}\right) + \left(a_{4} + 4 s\right) \left(a_{15} \sin{\left(a_{23} s \right)} + a_{5} + a_{6} \sqrt{s}\right) - \tanh{\left(\operatorname{asin}{\left(\operatorname{sech}{\left(a_{25} s \right)} \right)} \right)}\right)$,$z(s) = a_{1} \operatorname{asin}{\left(\cos{\left(a_{10} + \operatorname{acos}{\left(s \right)} \right)} \right)} + a_{15} \tanh{\left(\left(a_{28} + a_{5} s\right) \sin{\left(a_{38} s \right)} \right)} + a_{17} \cos{\left(a_{36} s \right)} + a_{2} \sin{\left(\cos{\left(a_{11} + a_{27} s \right)} \right)} + a_{21} \cos{\left(a_{33} s \right)} + a_{22} \sin{\left(s \left(a_{0} + \operatorname{acos}{\left(s \right)}\right) \right)} + a_{24} \sin{\left(a_{35} s \right)} + a_{8} \sin{\left(a_{34} s \right)} + \left(a_{13} + a_{18} s\right) \cos{\left(a_{20} + \left(a_{37} + a_{4} s\right) \left(s - 2\right) \right)} + \left(a_{30} s + a_{32}\right) \left(4 s \left(a_{25} + a_{3} s \operatorname{asin}{\left(\operatorname{asin}{\left(\tanh{\left(s \right)} \right)} \right)} + a_{6} \sqrt{s + \operatorname{asin}{\left(s \right)}} + 4 s \left(a_{16} + s\right) \left(a_{12} \sqrt{1 - s^{2}} + a_{23} s \tanh{\left(\sin{\left(4 s \right)} \right)} + a_{26}\right)\right) + \left(a_{9} + 2 s\right) \left(a_{14} \sin{\left(a_{29} s \right)} + a_{19} \sqrt{s} + a_{7}\right) - \tanh{\left(\operatorname{asin}{\left(\operatorname{sech}{\left(a_{31} s \right)} \right)} \right)}\right)$,$z(s) = a_{1} \operatorname{asin}{\left(\cos{\left(a_{10} + \operatorname{acos}{\left(s \right)} \right)} \right)} + a_{15} \tanh{\left(\left(a_{28} + a_{5} s\right) \sin{\left(a_{38} s \right)} \right)} + a_{17} \cos{\left(a_{36} s \right)} + a_{2} \sin{\left(\cos{\left(a_{11} + a_{27} s \right)} \right)} + a_{21} \cos{\left(a_{33} s \right)} + a_{22} \sin{\left(s \left(a_{0} + \operatorname{acos}{\left(s \right)}\right) \right)} + a_{24} \sin{\left(a_{35} s \right)} + a_{8} \sin{\left(a_{34} s \right)} + \left(a_{13} + a_{18} s\right) \cos{\left(a_{20} + \left(a_{37} + a_{4} s\right) \left(s - 2\right) \right)} + \left(a_{30} s + a_{32}\right) \left(4 s \left(a_{25} + a_{3} s \operatorname{asin}{\left(\operatorname{asin}{\left(\tanh{\left(s \right)} \right)} \right)} + a_{6} \sqrt{s + \operatorname{asin}{\left(s \right)}} + 4 s \left(a_{16} + s\right) \left(a_{12} \sqrt{1 - s^{2}} + a_{23} s \tanh{\left(\sin{\left(4 s \right)} \right)} + a_{26}\right)\right) + \left(a_{9} + 2 s\right) \left(a_{14} \sin{\left(a_{29} s \right)} + a_{19} \sqrt{s} + a_{7}\right) - \tanh{\left(\operatorname{asin}{\left(\operatorname{sech}{\left(a_{31} s \right)} \right)} \right)}\right)$
74,event68156_track311-hits,49,147,39,32,39,110,5,0.20587228237054964,1.9136552039320909,1.557594821176037,279.3936597740853,228.96643871287745,7.551179993894197,1.6124397092456157,1.5439554622571863,$y(s) = a_{1} \sin{\left(\cos{\left(a_{27} s + a_{7} \right)} \right)} + a_{12} \cos{\left(a_{36} s \right)} + a_{14} \cos{\left(a_{31} s \right)} + a_{20} \sin{\left(s \left(a_{0} + \operatorname{acos}{\left(s \right)}\right) \right)} + a_{23} \sin{\left(a_{34} s \right)} + a_{33} \operatorname{acos}{\left(\cos{\left(a_{8} + \operatorname{acos}{\left(s \right)} \right)} \right)} + a_{6} \sin{\left(a_{35} s \right)} - \left(a_{19} + a_{9} s\right) \cos{\left(a_{5} + \left(s - 2\right) \left(a_{3} s + a_{37}\right) \right)} + \left(a_{13} s + a_{16}\right) \tanh{\left(64 s - 64 \sin{\left(a_{38} s \right)} \right)} + \left(a_{30} s + a_{32}\right) \left(4 s \left(a_{2} s \operatorname{asin}{\left(\operatorname{acos}{\left(\operatorname{sech}{\left(s \right)} \right)} \right)} + a_{25} + a_{26} s \left(a_{22} + s\right) \left(a_{11} \sqrt{1 - s^{2}} + a_{15} s \tanh{\left(\sin{\left(4 s \right)} \right)} + a_{24}\right) + a_{4} \sqrt{s + \operatorname{asin}{\left(s \right)}}\right) - \left(a_{21} s - 1\right) \left(a_{10} \sin{\left(a_{28} s \right)} + a_{17} + \sqrt{s} \left(a_{18} + s\right)\right) - \tanh{\left(\operatorname{asin}{\left(\operatorname{sech}{\left(a_{29} s \right)} \right)} \right)}\right)$,$y(s) = a_{1} \operatorname{asin}{\left(\cos{\left(a_{7} + \operatorname{acos}{\left(s \right)} \right)} \right)} + a_{10} \cos{\left(a_{28} s \right)} + a_{11} \cos{\left(a_{31} s \right)} + a_{12} \sin{\left(a_{29} s \right)} + a_{13} \sin{\left(a_{30} s \right)} + a_{24} \sin{\left(\cos{\left(a_{19} + a_{22} s \right)} \right)} + a_{27} + a_{9} \sin{\left(s \left(a_{0} + \operatorname{acos}{\left(s \right)}\right) \right)} + \left(a_{20} + a_{26} s\right) \left(4 s \left(a_{17} + a_{18} s \left(a_{16} + s\right) \left(a_{14} s \tanh{\left(\sin{\left(4 s \right)} \right)} + a_{21} + a_{8} \sqrt{1 - s^{2}}\right) + a_{2} s \operatorname{asin}{\left(\operatorname{asin}{\left(\tanh{\left(s \right)} \right)} \right)} + a_{3} \sqrt{\sqrt{s} + \operatorname{asin}{\left(s \right)}}\right) + \left(a_{4} + 4 s\right) \left(a_{15} \sin{\left(a_{23} s \right)} + a_{5} + a_{6} \sqrt{s}\right) - \tanh{\left(\operatorname{asin}{\left(\operatorname{sech}{\left(a_{25} s \right)} \right)} \right)}\right)$,$z(s) = a_{1} \operatorname{asin}{\left(\cos{\left(a_{10} + \operatorname{acos}{\left(s \right)} \right)} \right)} + a_{15} \tanh{\left(\left(a_{28} + a_{5} s\right) \sin{\left(a_{38} s \right)} \right)} + a_{17} \cos{\left(a_{36} s \right)} + a_{2} \sin{\left(\cos{\left(a_{11} + a_{27} s \right)} \right)} + a_{21} \cos{\left(a_{33} s \right)} + a_{22} \sin{\left(s \left(a_{0} + \operatorname{acos}{\left(s \right)}\right) \right)} + a_{24} \sin{\left(a_{35} s \right)} + a_{8} \sin{\left(a_{34} s \right)} + \left(a_{13} + a_{18} s\right) \cos{\left(a_{20} + \left(a_{37} + a_{4} s\right) \left(s - 2\right) \right)} + \left(a_{30} s + a_{32}\right) \left(4 s \left(a_{25} + a_{3} s \operatorname{asin}{\left(\operatorname{asin}{\left(\tanh{\left(s \right)} \right)} \right)} + a_{6} \sqrt{s + \operatorname{asin}{\left(s \right)}} + 4 s \left(a_{16} + s\right) \left(a_{12} \sqrt{1 - s^{2}} + a_{23} s \tanh{\left(\sin{\left(4 s \right)} \right)} + a_{26}\right)\right) + \left(a_{9} + 2 s\right) \left(a_{14} \sin{\left(a_{29} s \right)} + a_{19} \sqrt{s} + a_{7}\right) - \tanh{\left(\operatorname{asin}{\left(\operatorname{sech}{\left(a_{31} s \right)} \right)} \right)}\right)$
75,event68239_track103-hits,21,63,16,16,16,48,5,13.36811228100653,2.7097725837645002e-06,4.238727010948681e-12,0.000168005900193399,2.670398016897669e-10,1.12003933462266e-05,4.604134511892533e-12,14.704504749104299,$x(s) = a_{13} + \left(- s - \sin{\left(\sin{\left(\sin{\left(a_{6} + s \right)} \right)} \right)}\right) \left(a_{1} \operatorname{acos}{\left(s \right)} + a_{14} + \left(a_{0} + a_{12} \left(a_{2} - 32 s\right) \left(- \sin{\left(4 \cos{\left(s \right)} \right)} + \operatorname{sech}{\left(s \right)}\right) + a_{12} \tanh{\left(8 s \right)} + a_{15} \sqrt{1 - \cos^{2}{\left(s \right)}} + a_{3} s \left(2 s - \tanh{\left(4 s \right)}\right) \left(s - \cos{\left(a_{11} s \right)} + 2\right) + a_{4} \left(32 \operatorname{asin}{\left(s \right)} + 64\right) \left(a_{5} + s \left(a_{10} + a_{9} s \left(a_{7} + s\right) \operatorname{acos}{\left(s \right)}\right) + s + \operatorname{sech}{\left(s \right)}\right)\right) \operatorname{acos}{\left(\operatorname{sech}{\left(\cos{\left(a_{8} + s \right)} \right)} \right)}\right)$,$x(s) = a_{13} + \left(- s - \sin{\left(\sin{\left(\sin{\left(a_{6} + s \right)} \right)} \right)}\right) \left(a_{1} \operatorname{acos}{\left(s \right)} + a_{14} + \left(a_{0} + a_{12} \left(a_{2} - 32 s\right) \left(- \sin{\left(4 \cos{\left(s \right)} \right)} + \operatorname{sech}{\left(s \right)}\right) + a_{12} \tanh{\left(8 s \right)} + a_{15} \sqrt{1 - \cos^{2}{\left(s \right)}} + a_{3} s \left(2 s - \tanh{\left(4 s \right)}\right) \left(s - \cos{\left(a_{11} s \right)} + 2\right) + a_{4} \left(32 \operatorname{asin}{\left(s \right)} + 64\right) \left(a_{5} + s \left(a_{10} + a_{9} s \left(a_{7} + s\right) \operatorname{acos}{\left(s \right)}\right) + s + \operatorname{sech}{\left(s \right)}\right)\right) \operatorname{acos}{\left(\operatorname{sech}{\left(\cos{\left(a_{8} + s \right)} \right)} \right)}\right)$,$x(s) = a_{13} + \left(- s - \sin{\left(\sin{\left(\sin{\left(a_{6} + s \right)} \right)} \right)}\right) \left(a_{1} \operatorname{acos}{\left(s \right)} + a_{14} + \left(a_{0} + a_{12} \left(a_{2} - 32 s\right) \left(- \sin{\left(4 \cos{\left(s \right)} \right)} + \operatorname{sech}{\left(s \right)}\right) + a_{12} \tanh{\left(8 s \right)} + a_{15} \sqrt{1 - \cos^{2}{\left(s \right)}} + a_{3} s \left(2 s - \tanh{\left(4 s \right)}\right) \left(s - \cos{\left(a_{11} s \right)} + 2\right) + a_{4} \left(32 \operatorname{asin}{\left(s \right)} + 64\right) \left(a_{5} + s \left(a_{10} + a_{9} s \left(a_{7} + s\right) \operatorname{acos}{\left(s \right)}\right) + s + \operatorname{sech}{\left(s \right)}\right)\right) \operatorname{acos}{\left(\operatorname{sech}{\left(\cos{\left(a_{8} + s \right)} \right)} \right)}\right)$
76,event68268_track350-hits,47,141,32,32,32,96,5,1.5816251498598517,0.20390833654554832,0.0419318387195938,28.547167116376766,5.912389259462726,0.6343814914750392,0.043473450437225926,2.68050007805672,$y(s) = a_{1} \operatorname{asin}{\left(\cos{\left(a_{7} + \operatorname{acos}{\left(s \right)} \right)} \right)} + a_{10} \cos{\left(a_{28} s \right)} + a_{11} \cos{\left(a_{31} s \right)} + a_{12} \sin{\left(a_{29} s \right)} + a_{13} \sin{\left(a_{30} s \right)} + a_{24} \sin{\left(\cos{\left(a_{19} + a_{22} s \right)} \right)} + a_{27} + a_{9} \sin{\left(s \left(a_{0} + \operatorname{acos}{\left(s \right)}\right) \right)} + \left(a_{20} + a_{26} s\right) \left(4 s \left(a_{17} + a_{18} s \left(a_{16} + s\right) \left(a_{14} s \tanh{\left(\sin{\left(4 s \right)} \right)} + a_{21} + a_{8} \sqrt{1 - s^{2}}\right) + a_{2} s \operatorname{asin}{\left(\operatorname{asin}{\left(\tanh{\left(s \right)} \right)} \right)} + a_{3} \sqrt{\sqrt{s} + \operatorname{asin}{\left(s \right)}}\right) + \left(a_{4} + 4 s\right) \left(a_{15} \sin{\left(a_{23} s \right)} + a_{5} + a_{6} \sqrt{s}\right) - \tanh{\left(\operatorname{asin}{\left(\operatorname{sech}{\left(a_{25} s \right)} \right)} \right)}\right)$,$y(s) = a_{1} \operatorname{asin}{\left(\cos{\left(a_{7} + \operatorname{acos}{\left(s \right)} \right)} \right)} + a_{10} \cos{\left(a_{28} s \right)} + a_{11} \cos{\left(a_{31} s \right)} + a_{12} \sin{\left(a_{29} s \right)} + a_{13} \sin{\left(a_{30} s \right)} + a_{24} \sin{\left(\cos{\left(a_{19} + a_{22} s \right)} \right)} + a_{27} + a_{9} \sin{\left(s \left(a_{0} + \operatorname{acos}{\left(s \right)}\right) \right)} + \left(a_{20} + a_{26} s\right) \left(4 s \left(a_{17} + a_{18} s \left(a_{16} + s\right) \left(a_{14} s \tanh{\left(\sin{\left(4 s \right)} \right)} + a_{21} + a_{8} \sqrt{1 - s^{2}}\right) + a_{2} s \operatorname{asin}{\left(\operatorname{asin}{\left(\tanh{\left(s \right)} \right)} \right)} + a_{3} \sqrt{\sqrt{s} + \operatorname{asin}{\left(s \right)}}\right) + \left(a_{4} + 4 s\right) \left(a_{15} \sin{\left(a_{23} s \right)} + a_{5} + a_{6} \sqrt{s}\right) - \tanh{\left(\operatorname{asin}{\left(\operatorname{sech}{\left(a_{25} s \right)} \right)} \right)}\right)$,$y(s) = a_{1} \operatorname{asin}{\left(\cos{\left(a_{7} + \operatorname{acos}{\left(s \right)} \right)} \right)} + a_{10} \cos{\left(a_{28} s \right)} + a_{11} \cos{\left(a_{31} s \right)} + a_{12} \sin{\left(a_{29} s \right)} + a_{13} \sin{\left(a_{30} s \right)} + a_{24} \sin{\left(\cos{\left(a_{19} + a_{22} s \right)} \right)} + a_{27} + a_{9} \sin{\left(s \left(a_{0} + \operatorname{acos}{\left(s \right)}\right) \right)} + \left(a_{20} + a_{26} s\right) \left(4 s \left(a_{17} + a_{18} s \left(a_{16} + s\right) \left(a_{14} s \tanh{\left(\sin{\left(4 s \right)} \right)} + a_{21} + a_{8} \sqrt{1 - s^{2}}\right) + a_{2} s \operatorname{asin}{\left(\operatorname{asin}{\left(\tanh{\left(s \right)} \right)} \right)} + a_{3} \sqrt{\sqrt{s} + \operatorname{asin}{\left(s \right)}}\right) + \left(a_{4} + 4 s\right) \left(a_{15} \sin{\left(a_{23} s \right)} + a_{5} + a_{6} \sqrt{s}\right) - \tanh{\left(\operatorname{asin}{\left(\operatorname{sech}{\left(a_{25} s \right)} \right)} \right)}\right)$
77,event68278_track166-hits,50,150,39,39,39,117,5,0.20210002062815624,321.3129016778198,262.51688382655743,47875.62234999515,39377.53257398361,1450.7764348483379,271.5691901654042,1.6756372134314537,$z(s) = a_{1} \operatorname{asin}{\left(\cos{\left(a_{10} + \operatorname{acos}{\left(s \right)} \right)} \right)} + a_{15} \tanh{\left(\left(a_{28} + a_{5} s\right) \sin{\left(a_{38} s \right)} \right)} + a_{17} \cos{\left(a_{36} s \right)} + a_{2} \sin{\left(\cos{\left(a_{11} + a_{27} s \right)} \right)} + a_{21} \cos{\left(a_{33} s \right)} + a_{22} \sin{\left(s \left(a_{0} + \operatorname{acos}{\left(s \right)}\right) \right)} + a_{24} \sin{\left(a_{35} s \right)} + a_{8} \sin{\left(a_{34} s \right)} + \left(a_{13} + a_{18} s\right) \cos{\left(a_{20} + \left(a_{37} + a_{4} s\right) \left(s - 2\right) \right)} + \left(a_{30} s + a_{32}\right) \left(4 s \left(a_{25} + a_{3} s \operatorname{asin}{\left(\operatorname{asin}{\left(\tanh{\left(s \right)} \right)} \right)} + a_{6} \sqrt{s + \operatorname{asin}{\left(s \right)}} + 4 s \left(a_{16} + s\right) \left(a_{12} \sqrt{1 - s^{2}} + a_{23} s \tanh{\left(\sin{\left(4 s \right)} \right)} + a_{26}\right)\right) + \left(a_{9} + 2 s\right) \left(a_{14} \sin{\left(a_{29} s \right)} + a_{19} \sqrt{s} + a_{7}\right) - \tanh{\left(\operatorname{asin}{\left(\operatorname{sech}{\left(a_{31} s \right)} \right)} \right)}\right)$,$y(s) = a_{1} \sin{\left(\cos{\left(a_{27} s + a_{7} \right)} \right)} + a_{12} \cos{\left(a_{36} s \right)} + a_{14} \cos{\left(a_{31} s \right)} + a_{20} \sin{\left(s \left(a_{0} + \operatorname{acos}{\left(s \right)}\right) \right)} + a_{23} \sin{\left(a_{34} s \right)} + a_{33} \operatorname{acos}{\left(\cos{\left(a_{8} + \operatorname{acos}{\left(s \right)} \right)} \right)} + a_{6} \sin{\left(a_{35} s \right)} - \left(a_{19} + a_{9} s\right) \cos{\left(a_{5} + \left(s - 2\right) \left(a_{3} s + a_{37}\right) \right)} + \left(a_{13} s + a_{16}\right) \tanh{\left(64 s - 64 \sin{\left(a_{38} s \right)} \right)} + \left(a_{30} s + a_{32}\right) \left(4 s \left(a_{2} s \operatorname{asin}{\left(\operatorname{acos}{\left(\operatorname{sech}{\left(s \right)} \right)} \right)} + a_{25} + a_{26} s \left(a_{22} + s\right) \left(a_{11} \sqrt{1 - s^{2}} + a_{15} s \tanh{\left(\sin{\left(4 s \right)} \right)} + a_{24}\right) + a_{4} \sqrt{s + \operatorname{asin}{\left(s \right)}}\right) - \left(a_{21} s - 1\right) \left(a_{10} \sin{\left(a_{28} s \right)} + a_{17} + \sqrt{s} \left(a_{18} + s\right)\right) - \tanh{\left(\operatorname{asin}{\left(\operatorname{sech}{\left(a_{29} s \right)} \right)} \right)}\right)$,$z(s) = a_{1} \operatorname{asin}{\left(\cos{\left(a_{10} + \operatorname{acos}{\left(s \right)} \right)} \right)} + a_{15} \tanh{\left(\left(a_{28} + a_{5} s\right) \sin{\left(a_{38} s \right)} \right)} + a_{17} \cos{\left(a_{36} s \right)} + a_{2} \sin{\left(\cos{\left(a_{11} + a_{27} s \right)} \right)} + a_{21} \cos{\left(a_{33} s \right)} + a_{22} \sin{\left(s \left(a_{0} + \operatorname{acos}{\left(s \right)}\right) \right)} + a_{24} \sin{\left(a_{35} s \right)} + a_{8} \sin{\left(a_{34} s \right)} + \left(a_{13} + a_{18} s\right) \cos{\left(a_{20} + \left(a_{37} + a_{4} s\right) \left(s - 2\right) \right)} + \left(a_{30} s + a_{32}\right) \left(4 s \left(a_{25} + a_{3} s \operatorname{asin}{\left(\operatorname{asin}{\left(\tanh{\left(s \right)} \right)} \right)} + a_{6} \sqrt{s + \operatorname{asin}{\left(s \right)}} + 4 s \left(a_{16} + s\right) \left(a_{12} \sqrt{1 - s^{2}} + a_{23} s \tanh{\left(\sin{\left(4 s \right)} \right)} + a_{26}\right)\right) + \left(a_{9} + 2 s\right) \left(a_{14} \sin{\left(a_{29} s \right)} + a_{19} \sqrt{s} + a_{7}\right) - \tanh{\left(\operatorname{asin}{\left(\operatorname{sech}{\left(a_{31} s \right)} \right)} \right)}\right)$
78,event68279_track106-hits,29,87,16,16,16,48,5,1.3043759181251373,0.03793662530602221,0.010293793020769977,3.26254977631791,0.895559992806988,0.08365512246969,0.010921463326914488,2.0359726968586678,$x(s) = a_{13} + \left(- s - \sin{\left(\sin{\left(\sin{\left(a_{6} + s \right)} \right)} \right)}\right) \left(a_{1} \operatorname{acos}{\left(s \right)} + a_{14} + \left(a_{0} + a_{12} \left(a_{2} - 32 s\right) \left(- \sin{\left(4 \cos{\left(s \right)} \right)} + \operatorname{sech}{\left(s \right)}\right) + a_{12} \tanh{\left(8 s \right)} + a_{15} \sqrt{1 - \cos^{2}{\left(s \right)}} + a_{3} s \left(2 s - \tanh{\left(4 s \right)}\right) \left(s - \cos{\left(a_{11} s \right)} + 2\right) + a_{4} \left(32 \operatorname{asin}{\left(s \right)} + 64\right) \left(a_{5} + s \left(a_{10} + a_{9} s \left(a_{7} + s\right) \operatorname{acos}{\left(s \right)}\right) + s + \operatorname{sech}{\left(s \right)}\right)\right) \operatorname{acos}{\left(\operatorname{sech}{\left(\cos{\left(a_{8} + s \right)} \right)} \right)}\right)$,$x(s) = a_{13} + \left(- s - \sin{\left(\sin{\left(\sin{\left(a_{6} + s \right)} \right)} \right)}\right) \left(a_{1} \operatorname{acos}{\left(s \right)} + a_{14} + \left(a_{0} + a_{12} \left(a_{2} - 32 s\right) \left(- \sin{\left(4 \cos{\left(s \right)} \right)} + \operatorname{sech}{\left(s \right)}\right) + a_{12} \tanh{\left(8 s \right)} + a_{15} \sqrt{1 - \cos^{2}{\left(s \right)}} + a_{3} s \left(2 s - \tanh{\left(4 s \right)}\right) \left(s - \cos{\left(a_{11} s \right)} + 2\right) + a_{4} \left(32 \operatorname{asin}{\left(s \right)} + 64\right) \left(a_{5} + s \left(a_{10} + a_{9} s \left(a_{7} + s\right) \operatorname{acos}{\left(s \right)}\right) + s + \operatorname{sech}{\left(s \right)}\right)\right) \operatorname{acos}{\left(\operatorname{sech}{\left(\cos{\left(a_{8} + s \right)} \right)} \right)}\right)$,$x(s) = a_{13} + \left(- s - \sin{\left(\sin{\left(\sin{\left(a_{6} + s \right)} \right)} \right)}\right) \left(a_{1} \operatorname{acos}{\left(s \right)} + a_{14} + \left(a_{0} + a_{12} \left(a_{2} - 32 s\right) \left(- \sin{\left(4 \cos{\left(s \right)} \right)} + \operatorname{sech}{\left(s \right)}\right) + a_{12} \tanh{\left(8 s \right)} + a_{15} \sqrt{1 - \cos^{2}{\left(s \right)}} + a_{3} s \left(2 s - \tanh{\left(4 s \right)}\right) \left(s - \cos{\left(a_{11} s \right)} + 2\right) + a_{4} \left(32 \operatorname{asin}{\left(s \right)} + 64\right) \left(a_{5} + s \left(a_{10} + a_{9} s \left(a_{7} + s\right) \operatorname{acos}{\left(s \right)}\right) + s + \operatorname{sech}{\left(s \right)}\right)\right) \operatorname{acos}{\left(\operatorname{sech}{\left(\cos{\left(a_{8} + s \right)} \right)} \right)}\right)$
79,event68282_track279-hits,50,150,39,39,42,120,5,1.2008408734062939,11.522197539231572,3.467502250672948,1716.8074333455043,520.1253376009422,57.226914444850145,3.5870712937996014,2.7696882460139163,$z(s) = a_{1} \operatorname{asin}{\left(\cos{\left(a_{10} + \operatorname{acos}{\left(s \right)} \right)} \right)} + a_{15} \tanh{\left(\left(a_{28} + a_{5} s\right) \sin{\left(a_{38} s \right)} \right)} + a_{17} \cos{\left(a_{36} s \right)} + a_{2} \sin{\left(\cos{\left(a_{11} + a_{27} s \right)} \right)} + a_{21} \cos{\left(a_{33} s \right)} + a_{22} \sin{\left(s \left(a_{0} + \operatorname{acos}{\left(s \right)}\right) \right)} + a_{24} \sin{\left(a_{35} s \right)} + a_{8} \sin{\left(a_{34} s \right)} + \left(a_{13} + a_{18} s\right) \cos{\left(a_{20} + \left(a_{37} + a_{4} s\right) \left(s - 2\right) \right)} + \left(a_{30} s + a_{32}\right) \left(4 s \left(a_{25} + a_{3} s \operatorname{asin}{\left(\operatorname{asin}{\left(\tanh{\left(s \right)} \right)} \right)} + a_{6} \sqrt{s + \operatorname{asin}{\left(s \right)}} + 4 s \left(a_{16} + s\right) \left(a_{12} \sqrt{1 - s^{2}} + a_{23} s \tanh{\left(\sin{\left(4 s \right)} \right)} + a_{26}\right)\right) + \left(a_{9} + 2 s\right) \left(a_{14} \sin{\left(a_{29} s \right)} + a_{19} \sqrt{s} + a_{7}\right) - \tanh{\left(\operatorname{asin}{\left(\operatorname{sech}{\left(a_{31} s \right)} \right)} \right)}\right)$,$z(s) = a_{1} \operatorname{asin}{\left(\cos{\left(a_{10} + \operatorname{acos}{\left(s \right)} \right)} \right)} + a_{15} \tanh{\left(\left(a_{28} + a_{5} s\right) \sin{\left(a_{38} s \right)} \right)} + a_{17} \cos{\left(a_{36} s \right)} + a_{2} \sin{\left(\cos{\left(a_{11} + a_{27} s \right)} \right)} + a_{21} \cos{\left(a_{33} s \right)} + a_{22} \sin{\left(s \left(a_{0} + \operatorname{acos}{\left(s \right)}\right) \right)} + a_{24} \sin{\left(a_{35} s \right)} + a_{8} \sin{\left(a_{34} s \right)} + \left(a_{13} + a_{18} s\right) \cos{\left(a_{20} + \left(a_{37} + a_{4} s\right) \left(s - 2\right) \right)} + \left(a_{30} s + a_{32}\right) \left(4 s \left(a_{25} + a_{3} s \operatorname{asin}{\left(\operatorname{asin}{\left(\tanh{\left(s \right)} \right)} \right)} + a_{6} \sqrt{s + \operatorname{asin}{\left(s \right)}} + 4 s \left(a_{16} + s\right) \left(a_{12} \sqrt{1 - s^{2}} + a_{23} s \tanh{\left(\sin{\left(4 s \right)} \right)} + a_{26}\right)\right) + \left(a_{9} + 2 s\right) \left(a_{14} \sin{\left(a_{29} s \right)} + a_{19} \sqrt{s} + a_{7}\right) - \tanh{\left(\operatorname{asin}{\left(\operatorname{sech}{\left(a_{31} s \right)} \right)} \right)}\right)$,$x(s) = a_{1} \operatorname{asin}{\left(\cos{\left(a_{10} + \operatorname{acos}{\left(s \right)} \right)} \right)} + a_{19} \cos{\left(a_{39} s \right)} + a_{2} \sin{\left(\cos{\left(a_{11} + a_{30} s \right)} \right)} + a_{24} \cos{\left(a_{36} s \right)} + a_{25} \sin{\left(s \left(a_{0} + \operatorname{acos}{\left(s \right)}\right) \right)} + a_{26} \sin{\left(a_{38} s \right)} + a_{8} \sin{\left(a_{37} s \right)} + \left(a_{13} + a_{20} s\right) \cos{\left(a_{22} + \left(s - 2\right) \left(a_{4} s + a_{40}\right) \right)} + \left(a_{17} s + a_{18}\right) \tanh{\left(\left(a_{15} - \sin{\left(a_{41} s \right)}\right) \left(a_{32} + a_{5} s\right) \right)} + \left(a_{34} s + a_{35}\right) \left(4 s \left(a_{28} + a_{29} s \left(a_{16} + s\right) \left(a_{12} \sqrt{1 - s^{2}} + a_{23} s \tanh{\left(\sin{\left(4 s \right)} \right)} + a_{27}\right) + a_{3} s \operatorname{asin}{\left(\operatorname{asin}{\left(\tanh{\left(s \right)} \right)} \right)} + a_{6} \sqrt{s + \operatorname{asin}{\left(s \right)}}\right) + \left(a_{9} + 2 s\right) \left(a_{14} \sin{\left(a_{31} s \right)} + a_{21} \sqrt{s} + a_{7}\right) - \tanh{\left(\operatorname{asin}{\left(\operatorname{sech}{\left(a_{33} s \right)} \right)} \right)}\right)$
80,event68291_track109-hits,25,75,16,21,16,53,5,-3.091570016519161,0.0017614359972033368,0.038772041244480214,0.13034626379304692,2.907903093336016,0.005924830172411224,0.04154147276194309,-1.9475402481602586,$x(s) = a_{13} + \left(- s - \sin{\left(\sin{\left(\sin{\left(a_{6} + s \right)} \right)} \right)}\right) \left(a_{1} \operatorname{acos}{\left(s \right)} + a_{14} + \left(a_{0} + a_{12} \left(a_{2} - 32 s\right) \left(- \sin{\left(4 \cos{\left(s \right)} \right)} + \operatorname{sech}{\left(s \right)}\right) + a_{12} \tanh{\left(8 s \right)} + a_{15} \sqrt{1 - \cos^{2}{\left(s \right)}} + a_{3} s \left(2 s - \tanh{\left(4 s \right)}\right) \left(s - \cos{\left(a_{11} s \right)} + 2\right) + a_{4} \left(32 \operatorname{asin}{\left(s \right)} + 64\right) \left(a_{5} + s \left(a_{10} + a_{9} s \left(a_{7} + s\right) \operatorname{acos}{\left(s \right)}\right) + s + \operatorname{sech}{\left(s \right)}\right)\right) \operatorname{acos}{\left(\operatorname{sech}{\left(\cos{\left(a_{8} + s \right)} \right)} \right)}\right)$,$y(s) = a_{14} \sin{\left(\cos{\left(a_{10} + 4.30674369656515 s \right)} \right)} + a_{16} + a_{4} \cos{\left(a_{20} s \right)} + a_{5} \sin{\left(a_{19} s \right)} + \left(a_{11} + a_{15} s\right) \left(4 s \left(a_{1} s \operatorname{asin}{\left(\operatorname{asin}{\left(\tanh{\left(s \right)} \right)} \right)} + a_{8} + a_{9} s \left(a_{7} + s\right) \left(a_{12} - 0.0163348612181324 s \tanh{\left(\sin{\left(4 s \right)} \right)} - 0.455016066205459 \sqrt{1 - s^{2}}\right) - 5.80207456348123 \sqrt{\sqrt{s} + \operatorname{asin}{\left(s \right)}}\right) + \left(a_{2} + 4 s\right) \left(a_{6} \sin{\left(a_{13} s \right)} + 0.603433259507675 \sqrt{s} + 2.67458549611742\right) - \tanh{\left(\operatorname{asin}{\left(\operatorname{sech}{\left(5.65077849988401 s \right)} \right)} \right)}\right) - 0.000334426650014709 \sin{\left(a_{18} s \right)} + 0.00278916735581463 \sin{\left(s \left(a_{0} + \operatorname{acos}{\left(s \right)}\right) \right)} + 0.00373359883408793 \cos{\left(a_{17} s \right)} - 0.479013271010752 \operatorname{asin}{\left(\cos{\left(a_{3} + \operatorname{acos}{\left(s \right)} \right)} \right)}$,$x(s) = a_{13} + \left(- s - \sin{\left(\sin{\left(\sin{\left(a_{6} + s \right)} \right)} \right)}\right) \left(a_{1} \operatorname{acos}{\left(s \right)} + a_{14} + \left(a_{0} + a_{12} \left(a_{2} - 32 s\right) \left(- \sin{\left(4 \cos{\left(s \right)} \right)} + \operatorname{sech}{\left(s \right)}\right) + a_{12} \tanh{\left(8 s \right)} + a_{15} \sqrt{1 - \cos^{2}{\left(s \right)}} + a_{3} s \left(2 s - \tanh{\left(4 s \right)}\right) \left(s - \cos{\left(a_{11} s \right)} + 2\right) + a_{4} \left(32 \operatorname{asin}{\left(s \right)} + 64\right) \left(a_{5} + s \left(a_{10} + a_{9} s \left(a_{7} + s\right) \operatorname{acos}{\left(s \right)}\right) + s + \operatorname{sech}{\left(s \right)}\right)\right) \operatorname{acos}{\left(\operatorname{sech}{\left(\cos{\left(a_{8} + s \right)} \right)} \right)}\right)$
81,event68291_track110-hits,25,75,16,16,16,48,5,-4.27556086244807,0.0006283582293669707,0.045191816349427746,0.046498508973155835,3.389386226207081,0.0017221669990057716,0.04841980323152973,-3.336325506735181,$x(s) = a_{13} + \left(- s - \sin{\left(\sin{\left(\sin{\left(a_{6} + s \right)} \right)} \right)}\right) \left(a_{1} \operatorname{acos}{\left(s \right)} + a_{14} + \left(a_{0} + a_{12} \left(a_{2} - 32 s\right) \left(- \sin{\left(4 \cos{\left(s \right)} \right)} + \operatorname{sech}{\left(s \right)}\right) + a_{12} \tanh{\left(8 s \right)} + a_{15} \sqrt{1 - \cos^{2}{\left(s \right)}} + a_{3} s \left(2 s - \tanh{\left(4 s \right)}\right) \left(s - \cos{\left(a_{11} s \right)} + 2\right) + a_{4} \left(32 \operatorname{asin}{\left(s \right)} + 64\right) \left(a_{5} + s \left(a_{10} + a_{9} s \left(a_{7} + s\right) \operatorname{acos}{\left(s \right)}\right) + s + \operatorname{sech}{\left(s \right)}\right)\right) \operatorname{acos}{\left(\operatorname{sech}{\left(\cos{\left(a_{8} + s \right)} \right)} \right)}\right)$,$x(s) = a_{13} + \left(- s - \sin{\left(\sin{\left(\sin{\left(a_{6} + s \right)} \right)} \right)}\right) \left(a_{1} \operatorname{acos}{\left(s \right)} + a_{14} + \left(a_{0} + a_{12} \left(a_{2} - 32 s\right) \left(- \sin{\left(4 \cos{\left(s \right)} \right)} + \operatorname{sech}{\left(s \right)}\right) + a_{12} \tanh{\left(8 s \right)} + a_{15} \sqrt{1 - \cos^{2}{\left(s \right)}} + a_{3} s \left(2 s - \tanh{\left(4 s \right)}\right) \left(s - \cos{\left(a_{11} s \right)} + 2\right) + a_{4} \left(32 \operatorname{asin}{\left(s \right)} + 64\right) \left(a_{5} + s \left(a_{10} + a_{9} s \left(a_{7} + s\right) \operatorname{acos}{\left(s \right)}\right) + s + \operatorname{sech}{\left(s \right)}\right)\right) \operatorname{acos}{\left(\operatorname{sech}{\left(\cos{\left(a_{8} + s \right)} \right)} \right)}\right)$,$x(s) = a_{13} + \left(- s - \sin{\left(\sin{\left(\sin{\left(a_{6} + s \right)} \right)} \right)}\right) \left(a_{1} \operatorname{acos}{\left(s \right)} + a_{14} + \left(a_{0} + a_{12} \left(a_{2} - 32 s\right) \left(- \sin{\left(4 \cos{\left(s \right)} \right)} + \operatorname{sech}{\left(s \right)}\right) + a_{12} \tanh{\left(8 s \right)} + a_{15} \sqrt{1 - \cos^{2}{\left(s \right)}} + a_{3} s \left(2 s - \tanh{\left(4 s \right)}\right) \left(s - \cos{\left(a_{11} s \right)} + 2\right) + a_{4} \left(32 \operatorname{asin}{\left(s \right)} + 64\right) \left(a_{5} + s \left(a_{10} + a_{9} s \left(a_{7} + s\right) \operatorname{acos}{\left(s \right)}\right) + s + \operatorname{sech}{\left(s \right)}\right)\right) \operatorname{acos}{\left(\operatorname{sech}{\left(\cos{\left(a_{8} + s \right)} \right)} \right)}\right)$
82,event68292_track244-hits,50,150,39,32,39,110,5,0.8218519095635097,0.1083913251450572,0.047650644222940956,16.15030744661352,7.147596633441143,0.403757686165338,0.04929376988580099,2.103017209719351,$y(s) = a_{1} \sin{\left(\cos{\left(a_{27} s + a_{7} \right)} \right)} + a_{12} \cos{\left(a_{36} s \right)} + a_{14} \cos{\left(a_{31} s \right)} + a_{20} \sin{\left(s \left(a_{0} + \operatorname{acos}{\left(s \right)}\right) \right)} + a_{23} \sin{\left(a_{34} s \right)} + a_{33} \operatorname{acos}{\left(\cos{\left(a_{8} + \operatorname{acos}{\left(s \right)} \right)} \right)} + a_{6} \sin{\left(a_{35} s \right)} - \left(a_{19} + a_{9} s\right) \cos{\left(a_{5} + \left(s - 2\right) \left(a_{3} s + a_{37}\right) \right)} + \left(a_{13} s + a_{16}\right) \tanh{\left(64 s - 64 \sin{\left(a_{38} s \right)} \right)} + \left(a_{30} s + a_{32}\right) \left(4 s \left(a_{2} s \operatorname{asin}{\left(\operatorname{acos}{\left(\operatorname{sech}{\left(s \right)} \right)} \right)} + a_{25} + a_{26} s \left(a_{22} + s\right) \left(a_{11} \sqrt{1 - s^{2}} + a_{15} s \tanh{\left(\sin{\left(4 s \right)} \right)} + a_{24}\right) + a_{4} \sqrt{s + \operatorname{asin}{\left(s \right)}}\right) - \left(a_{21} s - 1\right) \left(a_{10} \sin{\left(a_{28} s \right)} + a_{17} + \sqrt{s} \left(a_{18} + s\right)\right) - \tanh{\left(\operatorname{asin}{\left(\operatorname{sech}{\left(a_{29} s \right)} \right)} \right)}\right)$,$y(s) = a_{1} \operatorname{asin}{\left(\cos{\left(a_{7} + \operatorname{acos}{\left(s \right)} \right)} \right)} + a_{10} \cos{\left(a_{28} s \right)} + a_{11} \cos{\left(a_{31} s \right)} + a_{12} \sin{\left(a_{29} s \right)} + a_{13} \sin{\left(a_{30} s \right)} + a_{24} \sin{\left(\cos{\left(a_{19} + a_{22} s \right)} \right)} + a_{27} + a_{9} \sin{\left(s \left(a_{0} + \operatorname{acos}{\left(s \right)}\right) \right)} + \left(a_{20} + a_{26} s\right) \left(4 s \left(a_{17} + a_{18} s \left(a_{16} + s\right) \left(a_{14} s \tanh{\left(\sin{\left(4 s \right)} \right)} + a_{21} + a_{8} \sqrt{1 - s^{2}}\right) + a_{2} s \operatorname{asin}{\left(\operatorname{asin}{\left(\tanh{\left(s \right)} \right)} \right)} + a_{3} \sqrt{\sqrt{s} + \operatorname{asin}{\left(s \right)}}\right) + \left(a_{4} + 4 s\right) \left(a_{15} \sin{\left(a_{23} s \right)} + a_{5} + a_{6} \sqrt{s}\right) - \tanh{\left(\operatorname{asin}{\left(\operatorname{sech}{\left(a_{25} s \right)} \right)} \right)}\right)$,$z(s) = a_{1} \operatorname{asin}{\left(\cos{\left(a_{10} + \operatorname{acos}{\left(s \right)} \right)} \right)} + a_{15} \tanh{\left(\left(a_{28} + a_{5} s\right) \sin{\left(a_{38} s \right)} \right)} + a_{17} \cos{\left(a_{36} s \right)} + a_{2} \sin{\left(\cos{\left(a_{11} + a_{27} s \right)} \right)} + a_{21} \cos{\left(a_{33} s \right)} + a_{22} \sin{\left(s \left(a_{0} + \operatorname{acos}{\left(s \right)}\right) \right)} + a_{24} \sin{\left(a_{35} s \right)} + a_{8} \sin{\left(a_{34} s \right)} + \left(a_{13} + a_{18} s\right) \cos{\left(a_{20} + \left(a_{37} + a_{4} s\right) \left(s - 2\right) \right)} + \left(a_{30} s + a_{32}\right) \left(4 s \left(a_{25} + a_{3} s \operatorname{asin}{\left(\operatorname{asin}{\left(\tanh{\left(s \right)} \right)} \right)} + a_{6} \sqrt{s + \operatorname{asin}{\left(s \right)}} + 4 s \left(a_{16} + s\right) \left(a_{12} \sqrt{1 - s^{2}} + a_{23} s \tanh{\left(\sin{\left(4 s \right)} \right)} + a_{26}\right)\right) + \left(a_{9} + 2 s\right) \left(a_{14} \sin{\left(a_{29} s \right)} + a_{19} \sqrt{s} + a_{7}\right) - \tanh{\left(\operatorname{asin}{\left(\operatorname{sech}{\left(a_{31} s \right)} \right)} \right)}\right)$
83,event68308_track7-hits,37,111,32,32,32,96,5,-0.7232018218123223,34.691776514304266,71.50050357045822,3816.0954165734693,7936.555896320862,254.40636110489794,74.87316883321569,1.223137235677617,$y(s) = a_{1} \operatorname{asin}{\left(\cos{\left(a_{7} + \operatorname{acos}{\left(s \right)} \right)} \right)} + a_{10} \cos{\left(a_{28} s \right)} + a_{11} \cos{\left(a_{31} s \right)} + a_{12} \sin{\left(a_{29} s \right)} + a_{13} \sin{\left(a_{30} s \right)} + a_{24} \sin{\left(\cos{\left(a_{19} + a_{22} s \right)} \right)} + a_{27} + a_{9} \sin{\left(s \left(a_{0} + \operatorname{acos}{\left(s \right)}\right) \right)} + \left(a_{20} + a_{26} s\right) \left(4 s \left(a_{17} + a_{18} s \left(a_{16} + s\right) \left(a_{14} s \tanh{\left(\sin{\left(4 s \right)} \right)} + a_{21} + a_{8} \sqrt{1 - s^{2}}\right) + a_{2} s \operatorname{asin}{\left(\operatorname{asin}{\left(\tanh{\left(s \right)} \right)} \right)} + a_{3} \sqrt{\sqrt{s} + \operatorname{asin}{\left(s \right)}}\right) + \left(a_{4} + 4 s\right) \left(a_{15} \sin{\left(a_{23} s \right)} + a_{5} + a_{6} \sqrt{s}\right) - \tanh{\left(\operatorname{asin}{\left(\operatorname{sech}{\left(a_{25} s \right)} \right)} \right)}\right)$,$y(s) = a_{1} \operatorname{asin}{\left(\cos{\left(a_{7} + \operatorname{acos}{\left(s \right)} \right)} \right)} + a_{10} \cos{\left(a_{28} s \right)} + a_{11} \cos{\left(a_{31} s \right)} + a_{12} \sin{\left(a_{29} s \right)} + a_{13} \sin{\left(a_{30} s \right)} + a_{24} \sin{\left(\cos{\left(a_{19} + a_{22} s \right)} \right)} + a_{27} + a_{9} \sin{\left(s \left(a_{0} + \operatorname{acos}{\left(s \right)}\right) \right)} + \left(a_{20} + a_{26} s\right) \left(4 s \left(a_{17} + a_{18} s \left(a_{16} + s\right) \left(a_{14} s \tanh{\left(\sin{\left(4 s \right)} \right)} + a_{21} + a_{8} \sqrt{1 - s^{2}}\right) + a_{2} s \operatorname{asin}{\left(\operatorname{asin}{\left(\tanh{\left(s \right)} \right)} \right)} + a_{3} \sqrt{\sqrt{s} + \operatorname{asin}{\left(s \right)}}\right) + \left(a_{4} + 4 s\right) \left(a_{15} \sin{\left(a_{23} s \right)} + a_{5} + a_{6} \sqrt{s}\right) - \tanh{\left(\operatorname{asin}{\left(\operatorname{sech}{\left(a_{25} s \right)} \right)} \right)}\right)$,$y(s) = a_{1} \operatorname{asin}{\left(\cos{\left(a_{6} + \operatorname{acos}{\left(s \right)} \right)} \right)} + a_{10} \cos{\left(a_{31} s \right)} + a_{11} \sin{\left(a_{30} s \right)} + a_{12} \sin{\left(s \left(a_{0} + \operatorname{acos}{\left(s \right)}\right) \right)} + a_{13} \sin{\left(a_{29} s \right)} + a_{24} \sin{\left(\cos{\left(a_{18} + a_{22} s \right)} \right)} + a_{27} + a_{9} \cos{\left(a_{28} s \right)} + \left(a_{20} + a_{26} s\right) \left(4 s \left(a_{17} + a_{19} s \left(a_{15} + s\right) \left(a_{16} s \tanh{\left(\sin{\left(4 s \right)} \right)} + a_{21} + a_{7} \sqrt{1 - s^{2}}\right) + a_{2} s \operatorname{asin}{\left(\operatorname{asin}{\left(\tanh{\left(s \right)} \right)} \right)} + a_{3} \sqrt{\sqrt{s} + \operatorname{asin}{\left(s \right)}}\right) + \left(a_{4} + 4 s\right) \left(a_{14} \sqrt{s} + a_{5} + a_{8} \sin{\left(a_{23} s \right)}\right) - \tanh{\left(\operatorname{asin}{\left(\operatorname{sech}{\left(a_{25} s \right)} \right)} \right)}\right)$
84,event68406_track140-hits,50,150,39,39,39,117,5,1.0285180500159419,3.830122742938554,1.369408370788329,570.6882886978445,205.41125561824936,17.293584505995288,1.4166293490913748,2.5020552428192393,$z(s) = a_{1} \operatorname{asin}{\left(\cos{\left(a_{10} + \operatorname{acos}{\left(s \right)} \right)} \right)} + a_{15} \tanh{\left(\left(a_{28} + a_{5} s\right) \sin{\left(a_{38} s \right)} \right)} + a_{17} \cos{\left(a_{36} s \right)} + a_{2} \sin{\left(\cos{\left(a_{11} + a_{27} s \right)} \right)} + a_{21} \cos{\left(a_{33} s \right)} + a_{22} \sin{\left(s \left(a_{0} + \operatorname{acos}{\left(s \right)}\right) \right)} + a_{24} \sin{\left(a_{35} s \right)} + a_{8} \sin{\left(a_{34} s \right)} + \left(a_{13} + a_{18} s\right) \cos{\left(a_{20} + \left(a_{37} + a_{4} s\right) \left(s - 2\right) \right)} + \left(a_{30} s + a_{32}\right) \left(4 s \left(a_{25} + a_{3} s \operatorname{asin}{\left(\operatorname{asin}{\left(\tanh{\left(s \right)} \right)} \right)} + a_{6} \sqrt{s + \operatorname{asin}{\left(s \right)}} + 4 s \left(a_{16} + s\right) \left(a_{12} \sqrt{1 - s^{2}} + a_{23} s \tanh{\left(\sin{\left(4 s \right)} \right)} + a_{26}\right)\right) + \left(a_{9} + 2 s\right) \left(a_{14} \sin{\left(a_{29} s \right)} + a_{19} \sqrt{s} + a_{7}\right) - \tanh{\left(\operatorname{asin}{\left(\operatorname{sech}{\left(a_{31} s \right)} \right)} \right)}\right)$,$y(s) = a_{1} \sin{\left(\cos{\left(a_{27} s + a_{7} \right)} \right)} + a_{12} \cos{\left(a_{36} s \right)} + a_{14} \cos{\left(a_{31} s \right)} + a_{20} \sin{\left(s \left(a_{0} + \operatorname{acos}{\left(s \right)}\right) \right)} + a_{23} \sin{\left(a_{34} s \right)} + a_{33} \operatorname{acos}{\left(\cos{\left(a_{8} + \operatorname{acos}{\left(s \right)} \right)} \right)} + a_{6} \sin{\left(a_{35} s \right)} - \left(a_{19} + a_{9} s\right) \cos{\left(a_{5} + \left(s - 2\right) \left(a_{3} s + a_{37}\right) \right)} + \left(a_{13} s + a_{16}\right) \tanh{\left(64 s - 64 \sin{\left(a_{38} s \right)} \right)} + \left(a_{30} s + a_{32}\right) \left(4 s \left(a_{2} s \operatorname{asin}{\left(\operatorname{acos}{\left(\operatorname{sech}{\left(s \right)} \right)} \right)} + a_{25} + a_{26} s \left(a_{22} + s\right) \left(a_{11} \sqrt{1 - s^{2}} + a_{15} s \tanh{\left(\sin{\left(4 s \right)} \right)} + a_{24}\right) + a_{4} \sqrt{s + \operatorname{asin}{\left(s \right)}}\right) - \left(a_{21} s - 1\right) \left(a_{10} \sin{\left(a_{28} s \right)} + a_{17} + \sqrt{s} \left(a_{18} + s\right)\right) - \tanh{\left(\operatorname{asin}{\left(\operatorname{sech}{\left(a_{29} s \right)} \right)} \right)}\right)$,$y(s) = a_{1} \sin{\left(\cos{\left(a_{27} s + a_{7} \right)} \right)} + a_{12} \cos{\left(a_{36} s \right)} + a_{14} \cos{\left(a_{31} s \right)} + a_{20} \sin{\left(s \left(a_{0} + \operatorname{acos}{\left(s \right)}\right) \right)} + a_{23} \sin{\left(a_{34} s \right)} + a_{33} \operatorname{acos}{\left(\cos{\left(a_{8} + \operatorname{acos}{\left(s \right)} \right)} \right)} + a_{6} \sin{\left(a_{35} s \right)} - \left(a_{19} + a_{9} s\right) \cos{\left(a_{5} + \left(s - 2\right) \left(a_{3} s + a_{37}\right) \right)} + \left(a_{13} s + a_{16}\right) \tanh{\left(64 s - 64 \sin{\left(a_{38} s \right)} \right)} + \left(a_{30} s + a_{32}\right) \left(4 s \left(a_{2} s \operatorname{asin}{\left(\operatorname{acos}{\left(\operatorname{sech}{\left(s \right)} \right)} \right)} + a_{25} + a_{26} s \left(a_{22} + s\right) \left(a_{11} \sqrt{1 - s^{2}} + a_{15} s \tanh{\left(\sin{\left(4 s \right)} \right)} + a_{24}\right) + a_{4} \sqrt{s + \operatorname{asin}{\left(s \right)}}\right) - \left(a_{21} s - 1\right) \left(a_{10} \sin{\left(a_{28} s \right)} + a_{17} + \sqrt{s} \left(a_{18} + s\right)\right) - \tanh{\left(\operatorname{asin}{\left(\operatorname{sech}{\left(a_{29} s \right)} \right)} \right)}\right)$
85,event68504_track85-hits,43,129,39,39,32,110,5,-2.1844431814410337,3.3635760719245065,29.88772606329422,430.5377372063368,3855.5166621649546,22.659880905596676,31.092876307781893,-0.31638273544449225,$z(s) = a_{1} \operatorname{asin}{\left(\cos{\left(a_{10} + \operatorname{acos}{\left(s \right)} \right)} \right)} + a_{15} \tanh{\left(\left(a_{28} + a_{5} s\right) \sin{\left(a_{38} s \right)} \right)} + a_{17} \cos{\left(a_{36} s \right)} + a_{2} \sin{\left(\cos{\left(a_{11} + a_{27} s \right)} \right)} + a_{21} \cos{\left(a_{33} s \right)} + a_{22} \sin{\left(s \left(a_{0} + \operatorname{acos}{\left(s \right)}\right) \right)} + a_{24} \sin{\left(a_{35} s \right)} + a_{8} \sin{\left(a_{34} s \right)} + \left(a_{13} + a_{18} s\right) \cos{\left(a_{20} + \left(a_{37} + a_{4} s\right) \left(s - 2\right) \right)} + \left(a_{30} s + a_{32}\right) \left(4 s \left(a_{25} + a_{3} s \operatorname{asin}{\left(\operatorname{asin}{\left(\tanh{\left(s \right)} \right)} \right)} + a_{6} \sqrt{s + \operatorname{asin}{\left(s \right)}} + 4 s \left(a_{16} + s\right) \left(a_{12} \sqrt{1 - s^{2}} + a_{23} s \tanh{\left(\sin{\left(4 s \right)} \right)} + a_{26}\right)\right) + \left(a_{9} + 2 s\right) \left(a_{14} \sin{\left(a_{29} s \right)} + a_{19} \sqrt{s} + a_{7}\right) - \tanh{\left(\operatorname{asin}{\left(\operatorname{sech}{\left(a_{31} s \right)} \right)} \right)}\right)$,$y(s) = a_{1} \sin{\left(\cos{\left(a_{27} s + a_{7} \right)} \right)} + a_{12} \cos{\left(a_{36} s \right)} + a_{14} \cos{\left(a_{31} s \right)} + a_{20} \sin{\left(s \left(a_{0} + \operatorname{acos}{\left(s \right)}\right) \right)} + a_{23} \sin{\left(a_{34} s \right)} + a_{33} \operatorname{acos}{\left(\cos{\left(a_{8} + \operatorname{acos}{\left(s \right)} \right)} \right)} + a_{6} \sin{\left(a_{35} s \right)} - \left(a_{19} + a_{9} s\right) \cos{\left(a_{5} + \left(s - 2\right) \left(a_{3} s + a_{37}\right) \right)} + \left(a_{13} s + a_{16}\right) \tanh{\left(64 s - 64 \sin{\left(a_{38} s \right)} \right)} + \left(a_{30} s + a_{32}\right) \left(4 s \left(a_{2} s \operatorname{asin}{\left(\operatorname{acos}{\left(\operatorname{sech}{\left(s \right)} \right)} \right)} + a_{25} + a_{26} s \left(a_{22} + s\right) \left(a_{11} \sqrt{1 - s^{2}} + a_{15} s \tanh{\left(\sin{\left(4 s \right)} \right)} + a_{24}\right) + a_{4} \sqrt{s + \operatorname{asin}{\left(s \right)}}\right) - \left(a_{21} s - 1\right) \left(a_{10} \sin{\left(a_{28} s \right)} + a_{17} + \sqrt{s} \left(a_{18} + s\right)\right) - \tanh{\left(\operatorname{asin}{\left(\operatorname{sech}{\left(a_{29} s \right)} \right)} \right)}\right)$,$y(s) = a_{1} \operatorname{asin}{\left(\cos{\left(a_{6} + \operatorname{acos}{\left(s \right)} \right)} \right)} + a_{10} \cos{\left(a_{31} s \right)} + a_{11} \sin{\left(a_{30} s \right)} + a_{12} \sin{\left(s \left(a_{0} + \operatorname{acos}{\left(s \right)}\right) \right)} + a_{13} \sin{\left(a_{29} s \right)} + a_{24} \sin{\left(\cos{\left(a_{18} + a_{22} s \right)} \right)} + a_{27} + a_{9} \cos{\left(a_{28} s \right)} + \left(a_{20} + a_{26} s\right) \left(4 s \left(a_{17} + a_{19} s \left(a_{15} + s\right) \left(a_{16} s \tanh{\left(\sin{\left(4 s \right)} \right)} + a_{21} + a_{7} \sqrt{1 - s^{2}}\right) + a_{2} s \operatorname{asin}{\left(\operatorname{asin}{\left(\tanh{\left(s \right)} \right)} \right)} + a_{3} \sqrt{\sqrt{s} + \operatorname{asin}{\left(s \right)}}\right) + \left(a_{4} + 4 s\right) \left(a_{14} \sqrt{s} + a_{5} + a_{8} \sin{\left(a_{23} s \right)}\right) - \tanh{\left(\operatorname{asin}{\left(\operatorname{sech}{\left(a_{25} s \right)} \right)} \right)}\right)$
86,event68510_track373-hits,50,150,16,32,39,87,5,1.2441910956847309,0.053030095182928415,0.01528189035396364,7.9014841822563335,2.292283553094546,0.12542038384533863,0.015808852090307215,2.071101123562976,$x(s) = a_{13} + \left(- s - \sin{\left(\sin{\left(\sin{\left(a_{6} + s \right)} \right)} \right)}\right) \left(a_{1} \operatorname{acos}{\left(s \right)} + a_{14} + \left(a_{0} + a_{12} \left(a_{2} - 32 s\right) \left(- \sin{\left(4 \cos{\left(s \right)} \right)} + \operatorname{sech}{\left(s \right)}\right) + a_{12} \tanh{\left(8 s \right)} + a_{15} \sqrt{1 - \cos^{2}{\left(s \right)}} + a_{3} s \left(2 s - \tanh{\left(4 s \right)}\right) \left(s - \cos{\left(a_{11} s \right)} + 2\right) + a_{4} \left(32 \operatorname{asin}{\left(s \right)} + 64\right) \left(a_{5} + s \left(a_{10} + a_{9} s \left(a_{7} + s\right) \operatorname{acos}{\left(s \right)}\right) + s + \operatorname{sech}{\left(s \right)}\right)\right) \operatorname{acos}{\left(\operatorname{sech}{\left(\cos{\left(a_{8} + s \right)} \right)} \right)}\right)$,$y(s) = a_{1} \operatorname{asin}{\left(\cos{\left(a_{7} + \operatorname{acos}{\left(s \right)} \right)} \right)} + a_{10} \cos{\left(a_{28} s \right)} + a_{11} \cos{\left(a_{31} s \right)} + a_{12} \sin{\left(a_{29} s \right)} + a_{13} \sin{\left(a_{30} s \right)} + a_{24} \sin{\left(\cos{\left(a_{19} + a_{22} s \right)} \right)} + a_{27} + a_{9} \sin{\left(s \left(a_{0} + \operatorname{acos}{\left(s \right)}\right) \right)} + \left(a_{20} + a_{26} s\right) \left(4 s \left(a_{17} + a_{18} s \left(a_{16} + s\right) \left(a_{14} s \tanh{\left(\sin{\left(4 s \right)} \right)} + a_{21} + a_{8} \sqrt{1 - s^{2}}\right) + a_{2} s \operatorname{asin}{\left(\operatorname{asin}{\left(\tanh{\left(s \right)} \right)} \right)} + a_{3} \sqrt{\sqrt{s} + \operatorname{asin}{\left(s \right)}}\right) + \left(a_{4} + 4 s\right) \left(a_{15} \sin{\left(a_{23} s \right)} + a_{5} + a_{6} \sqrt{s}\right) - \tanh{\left(\operatorname{asin}{\left(\operatorname{sech}{\left(a_{25} s \right)} \right)} \right)}\right)$,$y(s) = a_{1} \sin{\left(\cos{\left(a_{27} s + a_{7} \right)} \right)} + a_{12} \cos{\left(a_{36} s \right)} + a_{14} \cos{\left(a_{31} s \right)} + a_{20} \sin{\left(s \left(a_{0} + \operatorname{acos}{\left(s \right)}\right) \right)} + a_{23} \sin{\left(a_{34} s \right)} + a_{33} \operatorname{acos}{\left(\cos{\left(a_{8} + \operatorname{acos}{\left(s \right)} \right)} \right)} + a_{6} \sin{\left(a_{35} s \right)} - \left(a_{19} + a_{9} s\right) \cos{\left(a_{5} + \left(s - 2\right) \left(a_{3} s + a_{37}\right) \right)} + \left(a_{13} s + a_{16}\right) \tanh{\left(64 s - 64 \sin{\left(a_{38} s \right)} \right)} + \left(a_{30} s + a_{32}\right) \left(4 s \left(a_{2} s \operatorname{asin}{\left(\operatorname{acos}{\left(\operatorname{sech}{\left(s \right)} \right)} \right)} + a_{25} + a_{26} s \left(a_{22} + s\right) \left(a_{11} \sqrt{1 - s^{2}} + a_{15} s \tanh{\left(\sin{\left(4 s \right)} \right)} + a_{24}\right) + a_{4} \sqrt{s + \operatorname{asin}{\left(s \right)}}\right) - \left(a_{21} s - 1\right) \left(a_{10} \sin{\left(a_{28} s \right)} + a_{17} + \sqrt{s} \left(a_{18} + s\right)\right) - \tanh{\left(\operatorname{asin}{\left(\operatorname{sech}{\left(a_{29} s \right)} \right)} \right)}\right)$
87,event68544_track77-hits,37,111,32,32,32,96,5,-0.6628744905303969,20.374796663792225,39.53447871048206,2241.227633017145,4388.327136863509,149.41517553447633,41.399312611919896,1.2834645669595424,$y(s) = a_{1} \operatorname{asin}{\left(\cos{\left(a_{6} + \operatorname{acos}{\left(s \right)} \right)} \right)} + a_{10} \cos{\left(a_{31} s \right)} + a_{11} \sin{\left(a_{30} s \right)} + a_{12} \sin{\left(s \left(a_{0} + \operatorname{acos}{\left(s \right)}\right) \right)} + a_{13} \sin{\left(a_{29} s \right)} + a_{24} \sin{\left(\cos{\left(a_{18} + a_{22} s \right)} \right)} + a_{27} + a_{9} \cos{\left(a_{28} s \right)} + \left(a_{20} + a_{26} s\right) \left(4 s \left(a_{17} + a_{19} s \left(a_{15} + s\right) \left(a_{16} s \tanh{\left(\sin{\left(4 s \right)} \right)} + a_{21} + a_{7} \sqrt{1 - s^{2}}\right) + a_{2} s \operatorname{asin}{\left(\operatorname{asin}{\left(\tanh{\left(s \right)} \right)} \right)} + a_{3} \sqrt{\sqrt{s} + \operatorname{asin}{\left(s \right)}}\right) + \left(a_{4} + 4 s\right) \left(a_{14} \sqrt{s} + a_{5} + a_{8} \sin{\left(a_{23} s \right)}\right) - \tanh{\left(\operatorname{asin}{\left(\operatorname{sech}{\left(a_{25} s \right)} \right)} \right)}\right)$,$y(s) = a_{1} \operatorname{asin}{\left(\cos{\left(a_{6} + \operatorname{acos}{\left(s \right)} \right)} \right)} + a_{10} \cos{\left(a_{31} s \right)} + a_{11} \sin{\left(a_{30} s \right)} + a_{12} \sin{\left(s \left(a_{0} + \operatorname{acos}{\left(s \right)}\right) \right)} + a_{13} \sin{\left(a_{29} s \right)} + a_{24} \sin{\left(\cos{\left(a_{18} + a_{22} s \right)} \right)} + a_{27} + a_{9} \cos{\left(a_{28} s \right)} + \left(a_{20} + a_{26} s\right) \left(4 s \left(a_{17} + a_{19} s \left(a_{15} + s\right) \left(a_{16} s \tanh{\left(\sin{\left(4 s \right)} \right)} + a_{21} + a_{7} \sqrt{1 - s^{2}}\right) + a_{2} s \operatorname{asin}{\left(\operatorname{asin}{\left(\tanh{\left(s \right)} \right)} \right)} + a_{3} \sqrt{\sqrt{s} + \operatorname{asin}{\left(s \right)}}\right) + \left(a_{4} + 4 s\right) \left(a_{14} \sqrt{s} + a_{5} + a_{8} \sin{\left(a_{23} s \right)}\right) - \tanh{\left(\operatorname{asin}{\left(\operatorname{sech}{\left(a_{25} s \right)} \right)} \right)}\right)$,$y(s) = a_{1} \operatorname{asin}{\left(\cos{\left(a_{6} + \operatorname{acos}{\left(s \right)} \right)} \right)} + a_{10} \cos{\left(a_{31} s \right)} + a_{11} \sin{\left(a_{30} s \right)} + a_{12} \sin{\left(s \left(a_{0} + \operatorname{acos}{\left(s \right)}\right) \right)} + a_{13} \sin{\left(a_{29} s \right)} + a_{24} \sin{\left(\cos{\left(a_{18} + a_{22} s \right)} \right)} + a_{27} + a_{9} \cos{\left(a_{28} s \right)} + \left(a_{20} + a_{26} s\right) \left(4 s \left(a_{17} + a_{19} s \left(a_{15} + s\right) \left(a_{16} s \tanh{\left(\sin{\left(4 s \right)} \right)} + a_{21} + a_{7} \sqrt{1 - s^{2}}\right) + a_{2} s \operatorname{asin}{\left(\operatorname{asin}{\left(\tanh{\left(s \right)} \right)} \right)} + a_{3} \sqrt{\sqrt{s} + \operatorname{asin}{\left(s \right)}}\right) + \left(a_{4} + 4 s\right) \left(a_{14} \sqrt{s} + a_{5} + a_{8} \sin{\left(a_{23} s \right)}\right) - \tanh{\left(\operatorname{asin}{\left(\operatorname{sech}{\left(a_{25} s \right)} \right)} \right)}\right)$
88,event68548_track256-hits,50,150,32,42,32,106,5,1.5339049543112206,0.2657965878286486,0.05733013229493131,39.60369158646864,8.599519844239696,0.9000838996924692,0.05930703340854963,2.7197600746627373,$y(s) = a_{1} \operatorname{asin}{\left(\cos{\left(a_{6} + \operatorname{acos}{\left(s \right)} \right)} \right)} + a_{10} \cos{\left(a_{31} s \right)} + a_{11} \sin{\left(a_{30} s \right)} + a_{12} \sin{\left(s \left(a_{0} + \operatorname{acos}{\left(s \right)}\right) \right)} + a_{13} \sin{\left(a_{29} s \right)} + a_{24} \sin{\left(\cos{\left(a_{18} + a_{22} s \right)} \right)} + a_{27} + a_{9} \cos{\left(a_{28} s \right)} + \left(a_{20} + a_{26} s\right) \left(4 s \left(a_{17} + a_{19} s \left(a_{15} + s\right) \left(a_{16} s \tanh{\left(\sin{\left(4 s \right)} \right)} + a_{21} + a_{7} \sqrt{1 - s^{2}}\right) + a_{2} s \operatorname{asin}{\left(\operatorname{asin}{\left(\tanh{\left(s \right)} \right)} \right)} + a_{3} \sqrt{\sqrt{s} + \operatorname{asin}{\left(s \right)}}\right) + \left(a_{4} + 4 s\right) \left(a_{14} \sqrt{s} + a_{5} + a_{8} \sin{\left(a_{23} s \right)}\right) - \tanh{\left(\operatorname{asin}{\left(\operatorname{sech}{\left(a_{25} s \right)} \right)} \right)}\right)$,$x(s) = a_{1} \operatorname{asin}{\left(\cos{\left(a_{10} + \operatorname{acos}{\left(s \right)} \right)} \right)} + a_{19} \cos{\left(a_{39} s \right)} + a_{2} \sin{\left(\cos{\left(a_{11} + a_{30} s \right)} \right)} + a_{24} \cos{\left(a_{36} s \right)} + a_{25} \sin{\left(s \left(a_{0} + \operatorname{acos}{\left(s \right)}\right) \right)} + a_{26} \sin{\left(a_{38} s \right)} + a_{8} \sin{\left(a_{37} s \right)} + \left(a_{13} + a_{20} s\right) \cos{\left(a_{22} + \left(s - 2\right) \left(a_{4} s + a_{40}\right) \right)} + \left(a_{17} s + a_{18}\right) \tanh{\left(\left(a_{15} - \sin{\left(a_{41} s \right)}\right) \left(a_{32} + a_{5} s\right) \right)} + \left(a_{34} s + a_{35}\right) \left(4 s \left(a_{28} + a_{29} s \left(a_{16} + s\right) \left(a_{12} \sqrt{1 - s^{2}} + a_{23} s \tanh{\left(\sin{\left(4 s \right)} \right)} + a_{27}\right) + a_{3} s \operatorname{asin}{\left(\operatorname{asin}{\left(\tanh{\left(s \right)} \right)} \right)} + a_{6} \sqrt{s + \operatorname{asin}{\left(s \right)}}\right) + \left(a_{9} + 2 s\right) \left(a_{14} \sin{\left(a_{31} s \right)} + a_{21} \sqrt{s} + a_{7}\right) - \tanh{\left(\operatorname{asin}{\left(\operatorname{sech}{\left(a_{33} s \right)} \right)} \right)}\right)$,$y(s) = a_{1} \operatorname{asin}{\left(\cos{\left(a_{7} + \operatorname{acos}{\left(s \right)} \right)} \right)} + a_{10} \cos{\left(a_{28} s \right)} + a_{11} \cos{\left(a_{31} s \right)} + a_{12} \sin{\left(a_{29} s \right)} + a_{13} \sin{\left(a_{30} s \right)} + a_{24} \sin{\left(\cos{\left(a_{19} + a_{22} s \right)} \right)} + a_{27} + a_{9} \sin{\left(s \left(a_{0} + \operatorname{acos}{\left(s \right)}\right) \right)} + \left(a_{20} + a_{26} s\right) \left(4 s \left(a_{17} + a_{18} s \left(a_{16} + s\right) \left(a_{14} s \tanh{\left(\sin{\left(4 s \right)} \right)} + a_{21} + a_{8} \sqrt{1 - s^{2}}\right) + a_{2} s \operatorname{asin}{\left(\operatorname{asin}{\left(\tanh{\left(s \right)} \right)} \right)} + a_{3} \sqrt{\sqrt{s} + \operatorname{asin}{\left(s \right)}}\right) + \left(a_{4} + 4 s\right) \left(a_{15} \sin{\left(a_{23} s \right)} + a_{5} + a_{6} \sqrt{s}\right) - \tanh{\left(\operatorname{asin}{\left(\operatorname{sech}{\left(a_{25} s \right)} \right)} \right)}\right)$
89,event68569_track40-hits,50,150,39,32,39,110,5,0.5040932651586171,3.9348533299106707,2.376860128186064,586.2931461566899,356.5290192279096,14.657328653917247,2.4588208222614454,1.7852585653144586,$z(s) = a_{1} \operatorname{asin}{\left(\cos{\left(a_{10} + \operatorname{acos}{\left(s \right)} \right)} \right)} + a_{15} \tanh{\left(\left(a_{28} + a_{5} s\right) \sin{\left(a_{38} s \right)} \right)} + a_{17} \cos{\left(a_{36} s \right)} + a_{2} \sin{\left(\cos{\left(a_{11} + a_{27} s \right)} \right)} + a_{21} \cos{\left(a_{33} s \right)} + a_{22} \sin{\left(s \left(a_{0} + \operatorname{acos}{\left(s \right)}\right) \right)} + a_{24} \sin{\left(a_{35} s \right)} + a_{8} \sin{\left(a_{34} s \right)} + \left(a_{13} + a_{18} s\right) \cos{\left(a_{20} + \left(a_{37} + a_{4} s\right) \left(s - 2\right) \right)} + \left(a_{30} s + a_{32}\right) \left(4 s \left(a_{25} + a_{3} s \operatorname{asin}{\left(\operatorname{asin}{\left(\tanh{\left(s \right)} \right)} \right)} + a_{6} \sqrt{s + \operatorname{asin}{\left(s \right)}} + 4 s \left(a_{16} + s\right) \left(a_{12} \sqrt{1 - s^{2}} + a_{23} s \tanh{\left(\sin{\left(4 s \right)} \right)} + a_{26}\right)\right) + \left(a_{9} + 2 s\right) \left(a_{14} \sin{\left(a_{29} s \right)} + a_{19} \sqrt{s} + a_{7}\right) - \tanh{\left(\operatorname{asin}{\left(\operatorname{sech}{\left(a_{31} s \right)} \right)} \right)}\right)$,$y(s) = a_{1} \operatorname{asin}{\left(\cos{\left(a_{7} + \operatorname{acos}{\left(s \right)} \right)} \right)} + a_{10} \cos{\left(a_{28} s \right)} + a_{11} \cos{\left(a_{31} s \right)} + a_{12} \sin{\left(a_{29} s \right)} + a_{13} \sin{\left(a_{30} s \right)} + a_{24} \sin{\left(\cos{\left(a_{19} + a_{22} s \right)} \right)} + a_{27} + a_{9} \sin{\left(s \left(a_{0} + \operatorname{acos}{\left(s \right)}\right) \right)} + \left(a_{20} + a_{26} s\right) \left(4 s \left(a_{17} + a_{18} s \left(a_{16} + s\right) \left(a_{14} s \tanh{\left(\sin{\left(4 s \right)} \right)} + a_{21} + a_{8} \sqrt{1 - s^{2}}\right) + a_{2} s \operatorname{asin}{\left(\operatorname{asin}{\left(\tanh{\left(s \right)} \right)} \right)} + a_{3} \sqrt{\sqrt{s} + \operatorname{asin}{\left(s \right)}}\right) + \left(a_{4} + 4 s\right) \left(a_{15} \sin{\left(a_{23} s \right)} + a_{5} + a_{6} \sqrt{s}\right) - \tanh{\left(\operatorname{asin}{\left(\operatorname{sech}{\left(a_{25} s \right)} \right)} \right)}\right)$,$z(s) = a_{1} \operatorname{asin}{\left(\cos{\left(a_{10} + \operatorname{acos}{\left(s \right)} \right)} \right)} + a_{15} \tanh{\left(\left(a_{28} + a_{5} s\right) \sin{\left(a_{38} s \right)} \right)} + a_{17} \cos{\left(a_{36} s \right)} + a_{2} \sin{\left(\cos{\left(a_{11} + a_{27} s \right)} \right)} + a_{21} \cos{\left(a_{33} s \right)} + a_{22} \sin{\left(s \left(a_{0} + \operatorname{acos}{\left(s \right)}\right) \right)} + a_{24} \sin{\left(a_{35} s \right)} + a_{8} \sin{\left(a_{34} s \right)} + \left(a_{13} + a_{18} s\right) \cos{\left(a_{20} + \left(a_{37} + a_{4} s\right) \left(s - 2\right) \right)} + \left(a_{30} s + a_{32}\right) \left(4 s \left(a_{25} + a_{3} s \operatorname{asin}{\left(\operatorname{asin}{\left(\tanh{\left(s \right)} \right)} \right)} + a_{6} \sqrt{s + \operatorname{asin}{\left(s \right)}} + 4 s \left(a_{16} + s\right) \left(a_{12} \sqrt{1 - s^{2}} + a_{23} s \tanh{\left(\sin{\left(4 s \right)} \right)} + a_{26}\right)\right) + \left(a_{9} + 2 s\right) \left(a_{14} \sin{\left(a_{29} s \right)} + a_{19} \sqrt{s} + a_{7}\right) - \tanh{\left(\operatorname{asin}{\left(\operatorname{sech}{\left(a_{31} s \right)} \right)} \right)}\right)$
90,event68587_track165-hits,31,93,21,21,21,63,5,-3.3045014774423414,0.8978993112513884,24.454252689344564,82.60673663512773,2274.2455001090443,2.7535578878375913,25.843698864875503,-2.2391729607305058,$x(s) = a_{1} \operatorname{asin}{\left(\cos{\left(\operatorname{acos}{\left(s \right)} - 0.915314006622751 \right)} \right)} + a_{13} \sin{\left(\cos{\left(8.75665539333768 s + 2.03144772700662 \right)} \right)} + a_{16} + a_{6} \cos{\left(a_{20} s \right)} + a_{7} \sin{\left(a_{19} s \right)} + a_{8} \sin{\left(a_{18} s \right)} + \left(a_{15} s + 1.93773206079455\right) \left(4 s \left(a_{10} s \left(s + 1.43895103303591\right) \left(a_{11} + a_{9} s \tanh{\left(\sin{\left(4 s \right)} \right)} - 0.384873037157212 \sqrt{1 - s^{2}}\right) + a_{2} s \operatorname{asin}{\left(\operatorname{asin}{\left(\tanh{\left(s \right)} \right)} \right)} + a_{3} \sqrt{\sqrt{s} + \operatorname{asin}{\left(s \right)}} + 3.52583047596469\right) + \left(a_{4} + 4 s\right) \left(a_{5} - 5.79648437723717 \sqrt{s} - 1.1083029000286 \sin{\left(a_{12} s \right)}\right) - \tanh{\left(\operatorname{asin}{\left(\operatorname{sech}{\left(a_{14} s \right)} \right)} \right)}\right) - 0.0667114521512845 \sin{\left(s \left(a_{0} + \operatorname{acos}{\left(s \right)}\right) \right)} - 0.140990979178872 \cos{\left(a_{17} s \right)}$,$y(s) = a_{1} \operatorname{asin}{\left(\cos{\left(\operatorname{acos}{\left(s \right)} - 1.02447344847814 \right)} \right)} + a_{13} \sin{\left(\cos{\left(a_{9} + 8.13285587332915 s \right)} \right)} + a_{16} + a_{6} \cos{\left(a_{17} s \right)} + \left(a_{15} s + 1.1509208621574\right) \left(4 s \left(a_{10} s \left(a_{7} + s\right) \left(a_{11} + 0.328167638150647 s \tanh{\left(\sin{\left(4 s \right)} \right)} + 0.102476141209499 \sqrt{1 - s^{2}}\right) + a_{2} s \operatorname{asin}{\left(\operatorname{asin}{\left(\tanh{\left(s \right)} \right)} \right)} + a_{3} \sqrt{\sqrt{s} + \operatorname{asin}{\left(s \right)}} + a_{8}\right) + \left(a_{4} + 4 s\right) \left(a_{5} + 0.852864844024319 \sqrt{s} + 0.0551402500466039 \sin{\left(a_{12} s \right)}\right) - \tanh{\left(\operatorname{asin}{\left(\operatorname{sech}{\left(a_{14} s \right)} \right)} \right)}\right) + 0.0361057457496703 \sin{\left(a_{18} s \right)} - 0.0418934104219988 \sin{\left(a_{19} s \right)} + 0.0786351714963109 \sin{\left(s \left(a_{0} + \operatorname{acos}{\left(s \right)}\right) \right)} - 0.0234719189321379 \cos{\left(a_{20} s \right)}$,$z(s) = a_{14} \sin{\left(\cos{\left(a_{12} s + 3.19908372347864 \right)} \right)} + a_{16} + a_{4} \sin{\left(s \left(a_{0} + \operatorname{acos}{\left(s \right)}\right) \right)} + a_{5} \cos{\left(a_{17} s \right)} + a_{6} \cos{\left(a_{20} s \right)} + a_{7} \sin{\left(a_{18} s \right)} + a_{8} \sin{\left(a_{19} s \right)} + \left(a_{15} s + 4.95693844355651\right) \left(4 s \left(a_{1} s \operatorname{asin}{\left(\operatorname{asin}{\left(\tanh{\left(s \right)} \right)} \right)} + a_{10} s \left(s + 0.0165277213916615\right) \left(a_{11} - 0.0170953672188301 s \tanh{\left(\sin{\left(4 s \right)} \right)} - 0.45186637110654 \sqrt{1 - s^{2}}\right) + a_{2} \sqrt{\sqrt{s} + \operatorname{asin}{\left(s \right)}} + 2.6101696562203\right) + \left(a_{3} + 4 s\right) \left(a_{9} \sin{\left(a_{13} s \right)} + 0.599451678286101 \sqrt{s} + 2.63175897944836\right) - \tanh{\left(\operatorname{asin}{\left(\operatorname{sech}{\left(5.67300314508095 s \right)} \right)} \right)}\right) - 0.492161174249544 \operatorname{asin}{\left(\cos{\left(\operatorname{acos}{\left(s \right)} - 0.802732791241311 \right)} \right)}$
91,event68595_track168-hits,50,150,39,39,39,117,5,-0.2207116998232358,2.7746365894162697,3.459871603883418,413.4208518230242,518.9807405825127,12.527904600697703,3.5791775212587082,1.2528254929800617,$y(s) = a_{1} \sin{\left(\cos{\left(a_{27} s + a_{7} \right)} \right)} + a_{12} \cos{\left(a_{36} s \right)} + a_{14} \cos{\left(a_{31} s \right)} + a_{20} \sin{\left(s \left(a_{0} + \operatorname{acos}{\left(s \right)}\right) \right)} + a_{23} \sin{\left(a_{34} s \right)} + a_{33} \operatorname{acos}{\left(\cos{\left(a_{8} + \operatorname{acos}{\left(s \right)} \right)} \right)} + a_{6} \sin{\left(a_{35} s \right)} - \left(a_{19} + a_{9} s\right) \cos{\left(a_{5} + \left(s - 2\right) \left(a_{3} s + a_{37}\right) \right)} + \left(a_{13} s + a_{16}\right) \tanh{\left(64 s - 64 \sin{\left(a_{38} s \right)} \right)} + \left(a_{30} s + a_{32}\right) \left(4 s \left(a_{2} s \operatorname{asin}{\left(\operatorname{acos}{\left(\operatorname{sech}{\left(s \right)} \right)} \right)} + a_{25} + a_{26} s \left(a_{22} + s\right) \left(a_{11} \sqrt{1 - s^{2}} + a_{15} s \tanh{\left(\sin{\left(4 s \right)} \right)} + a_{24}\right) + a_{4} \sqrt{s + \operatorname{asin}{\left(s \right)}}\right) - \left(a_{21} s - 1\right) \left(a_{10} \sin{\left(a_{28} s \right)} + a_{17} + \sqrt{s} \left(a_{18} + s\right)\right) - \tanh{\left(\operatorname{asin}{\left(\operatorname{sech}{\left(a_{29} s \right)} \right)} \right)}\right)$,$z(s) = a_{1} \operatorname{asin}{\left(\cos{\left(a_{10} + \operatorname{acos}{\left(s \right)} \right)} \right)} + a_{15} \tanh{\left(\left(a_{28} + a_{5} s\right) \sin{\left(a_{38} s \right)} \right)} + a_{17} \cos{\left(a_{36} s \right)} + a_{2} \sin{\left(\cos{\left(a_{11} + a_{27} s \right)} \right)} + a_{21} \cos{\left(a_{33} s \right)} + a_{22} \sin{\left(s \left(a_{0} + \operatorname{acos}{\left(s \right)}\right) \right)} + a_{24} \sin{\left(a_{35} s \right)} + a_{8} \sin{\left(a_{34} s \right)} + \left(a_{13} + a_{18} s\right) \cos{\left(a_{20} + \left(a_{37} + a_{4} s\right) \left(s - 2\right) \right)} + \left(a_{30} s + a_{32}\right) \left(4 s \left(a_{25} + a_{3} s \operatorname{asin}{\left(\operatorname{asin}{\left(\tanh{\left(s \right)} \right)} \right)} + a_{6} \sqrt{s + \operatorname{asin}{\left(s \right)}} + 4 s \left(a_{16} + s\right) \left(a_{12} \sqrt{1 - s^{2}} + a_{23} s \tanh{\left(\sin{\left(4 s \right)} \right)} + a_{26}\right)\right) + \left(a_{9} + 2 s\right) \left(a_{14} \sin{\left(a_{29} s \right)} + a_{19} \sqrt{s} + a_{7}\right) - \tanh{\left(\operatorname{asin}{\left(\operatorname{sech}{\left(a_{31} s \right)} \right)} \right)}\right)$,$z(s) = a_{1} \operatorname{asin}{\left(\cos{\left(a_{10} + \operatorname{acos}{\left(s \right)} \right)} \right)} + a_{15} \tanh{\left(\left(a_{28} + a_{5} s\right) \sin{\left(a_{38} s \right)} \right)} + a_{17} \cos{\left(a_{36} s \right)} + a_{2} \sin{\left(\cos{\left(a_{11} + a_{27} s \right)} \right)} + a_{21} \cos{\left(a_{33} s \right)} + a_{22} \sin{\left(s \left(a_{0} + \operatorname{acos}{\left(s \right)}\right) \right)} + a_{24} \sin{\left(a_{35} s \right)} + a_{8} \sin{\left(a_{34} s \right)} + \left(a_{13} + a_{18} s\right) \cos{\left(a_{20} + \left(a_{37} + a_{4} s\right) \left(s - 2\right) \right)} + \left(a_{30} s + a_{32}\right) \left(4 s \left(a_{25} + a_{3} s \operatorname{asin}{\left(\operatorname{asin}{\left(\tanh{\left(s \right)} \right)} \right)} + a_{6} \sqrt{s + \operatorname{asin}{\left(s \right)}} + 4 s \left(a_{16} + s\right) \left(a_{12} \sqrt{1 - s^{2}} + a_{23} s \tanh{\left(\sin{\left(4 s \right)} \right)} + a_{26}\right)\right) + \left(a_{9} + 2 s\right) \left(a_{14} \sin{\left(a_{29} s \right)} + a_{19} \sqrt{s} + a_{7}\right) - \tanh{\left(\operatorname{asin}{\left(\operatorname{sech}{\left(a_{31} s \right)} \right)} \right)}\right)$
92,event68603_track165-hits,21,63,16,16,16,48,5,12.623304883496923,1.9796499961299697e-06,6.521639060005368e-12,0.00012273829976005811,4.108632607803382e-10,8.182553317337207e-06,7.083849323798935e-12,13.959697351594691,$x(s) = a_{13} + \left(- s - \sin{\left(\sin{\left(\sin{\left(a_{6} + s \right)} \right)} \right)}\right) \left(a_{1} \operatorname{acos}{\left(s \right)} + a_{14} + \left(a_{0} + a_{12} \left(a_{2} - 32 s\right) \left(- \sin{\left(4 \cos{\left(s \right)} \right)} + \operatorname{sech}{\left(s \right)}\right) + a_{12} \tanh{\left(8 s \right)} + a_{15} \sqrt{1 - \cos^{2}{\left(s \right)}} + a_{3} s \left(2 s - \tanh{\left(4 s \right)}\right) \left(s - \cos{\left(a_{11} s \right)} + 2\right) + a_{4} \left(32 \operatorname{asin}{\left(s \right)} + 64\right) \left(a_{5} + s \left(a_{10} + a_{9} s \left(a_{7} + s\right) \operatorname{acos}{\left(s \right)}\right) + s + \operatorname{sech}{\left(s \right)}\right)\right) \operatorname{acos}{\left(\operatorname{sech}{\left(\cos{\left(a_{8} + s \right)} \right)} \right)}\right)$,$x(s) = a_{13} + \left(- s - \sin{\left(\sin{\left(\sin{\left(a_{6} + s \right)} \right)} \right)}\right) \left(a_{1} \operatorname{acos}{\left(s \right)} + a_{14} + \left(a_{0} + a_{12} \left(a_{2} - 32 s\right) \left(- \sin{\left(4 \cos{\left(s \right)} \right)} + \operatorname{sech}{\left(s \right)}\right) + a_{12} \tanh{\left(8 s \right)} + a_{15} \sqrt{1 - \cos^{2}{\left(s \right)}} + a_{3} s \left(2 s - \tanh{\left(4 s \right)}\right) \left(s - \cos{\left(a_{11} s \right)} + 2\right) + a_{4} \left(32 \operatorname{asin}{\left(s \right)} + 64\right) \left(a_{5} + s \left(a_{10} + a_{9} s \left(a_{7} + s\right) \operatorname{acos}{\left(s \right)}\right) + s + \operatorname{sech}{\left(s \right)}\right)\right) \operatorname{acos}{\left(\operatorname{sech}{\left(\cos{\left(a_{8} + s \right)} \right)} \right)}\right)$,$x(s) = a_{13} + \left(- s - \sin{\left(\sin{\left(\sin{\left(a_{6} + s \right)} \right)} \right)}\right) \left(a_{1} \operatorname{acos}{\left(s \right)} + a_{14} + \left(a_{0} + a_{12} \left(a_{2} - 32 s\right) \left(- \sin{\left(4 \cos{\left(s \right)} \right)} + \operatorname{sech}{\left(s \right)}\right) + a_{12} \tanh{\left(8 s \right)} + a_{15} \sqrt{1 - \cos^{2}{\left(s \right)}} + a_{3} s \left(2 s - \tanh{\left(4 s \right)}\right) \left(s - \cos{\left(a_{11} s \right)} + 2\right) + a_{4} \left(32 \operatorname{asin}{\left(s \right)} + 64\right) \left(a_{5} + s \left(a_{10} + a_{9} s \left(a_{7} + s\right) \operatorname{acos}{\left(s \right)}\right) + s + \operatorname{sech}{\left(s \right)}\right)\right) \operatorname{acos}{\left(\operatorname{sech}{\left(\cos{\left(a_{8} + s \right)} \right)} \right)}\right)$
93,event68671_track80-hits,49,147,39,39,39,117,5,-1.2699249711823997,78.18360761309222,278.3794122415698,11414.806711511465,40921.773599510765,380.49355705038215,288.1815042219068,0.2778787396863057,$y(s) = a_{1} \sin{\left(\cos{\left(a_{27} s + a_{7} \right)} \right)} + a_{12} \cos{\left(a_{36} s \right)} + a_{14} \cos{\left(a_{31} s \right)} + a_{20} \sin{\left(s \left(a_{0} + \operatorname{acos}{\left(s \right)}\right) \right)} + a_{23} \sin{\left(a_{34} s \right)} + a_{33} \operatorname{acos}{\left(\cos{\left(a_{8} + \operatorname{acos}{\left(s \right)} \right)} \right)} + a_{6} \sin{\left(a_{35} s \right)} - \left(a_{19} + a_{9} s\right) \cos{\left(a_{5} + \left(s - 2\right) \left(a_{3} s + a_{37}\right) \right)} + \left(a_{13} s + a_{16}\right) \tanh{\left(64 s - 64 \sin{\left(a_{38} s \right)} \right)} + \left(a_{30} s + a_{32}\right) \left(4 s \left(a_{2} s \operatorname{asin}{\left(\operatorname{acos}{\left(\operatorname{sech}{\left(s \right)} \right)} \right)} + a_{25} + a_{26} s \left(a_{22} + s\right) \left(a_{11} \sqrt{1 - s^{2}} + a_{15} s \tanh{\left(\sin{\left(4 s \right)} \right)} + a_{24}\right) + a_{4} \sqrt{s + \operatorname{asin}{\left(s \right)}}\right) - \left(a_{21} s - 1\right) \left(a_{10} \sin{\left(a_{28} s \right)} + a_{17} + \sqrt{s} \left(a_{18} + s\right)\right) - \tanh{\left(\operatorname{asin}{\left(\operatorname{sech}{\left(a_{29} s \right)} \right)} \right)}\right)$,$z(s) = a_{1} \operatorname{asin}{\left(\cos{\left(a_{10} + \operatorname{acos}{\left(s \right)} \right)} \right)} + a_{15} \tanh{\left(\left(a_{28} + a_{5} s\right) \sin{\left(a_{38} s \right)} \right)} + a_{17} \cos{\left(a_{36} s \right)} + a_{2} \sin{\left(\cos{\left(a_{11} + a_{27} s \right)} \right)} + a_{21} \cos{\left(a_{33} s \right)} + a_{22} \sin{\left(s \left(a_{0} + \operatorname{acos}{\left(s \right)}\right) \right)} + a_{24} \sin{\left(a_{35} s \right)} + a_{8} \sin{\left(a_{34} s \right)} + \left(a_{13} + a_{18} s\right) \cos{\left(a_{20} + \left(a_{37} + a_{4} s\right) \left(s - 2\right) \right)} + \left(a_{30} s + a_{32}\right) \left(4 s \left(a_{25} + a_{3} s \operatorname{asin}{\left(\operatorname{asin}{\left(\tanh{\left(s \right)} \right)} \right)} + a_{6} \sqrt{s + \operatorname{asin}{\left(s \right)}} + 4 s \left(a_{16} + s\right) \left(a_{12} \sqrt{1 - s^{2}} + a_{23} s \tanh{\left(\sin{\left(4 s \right)} \right)} + a_{26}\right)\right) + \left(a_{9} + 2 s\right) \left(a_{14} \sin{\left(a_{29} s \right)} + a_{19} \sqrt{s} + a_{7}\right) - \tanh{\left(\operatorname{asin}{\left(\operatorname{sech}{\left(a_{31} s \right)} \right)} \right)}\right)$,$y(s) = a_{1} \sin{\left(\cos{\left(a_{27} s + a_{7} \right)} \right)} + a_{12} \cos{\left(a_{36} s \right)} + a_{14} \cos{\left(a_{31} s \right)} + a_{20} \sin{\left(s \left(a_{0} + \operatorname{acos}{\left(s \right)}\right) \right)} + a_{23} \sin{\left(a_{34} s \right)} + a_{33} \operatorname{acos}{\left(\cos{\left(a_{8} + \operatorname{acos}{\left(s \right)} \right)} \right)} + a_{6} \sin{\left(a_{35} s \right)} - \left(a_{19} + a_{9} s\right) \cos{\left(a_{5} + \left(s - 2\right) \left(a_{3} s + a_{37}\right) \right)} + \left(a_{13} s + a_{16}\right) \tanh{\left(64 s - 64 \sin{\left(a_{38} s \right)} \right)} + \left(a_{30} s + a_{32}\right) \left(4 s \left(a_{2} s \operatorname{asin}{\left(\operatorname{acos}{\left(\operatorname{sech}{\left(s \right)} \right)} \right)} + a_{25} + a_{26} s \left(a_{22} + s\right) \left(a_{11} \sqrt{1 - s^{2}} + a_{15} s \tanh{\left(\sin{\left(4 s \right)} \right)} + a_{24}\right) + a_{4} \sqrt{s + \operatorname{asin}{\left(s \right)}}\right) - \left(a_{21} s - 1\right) \left(a_{10} \sin{\left(a_{28} s \right)} + a_{17} + \sqrt{s} \left(a_{18} + s\right)\right) - \tanh{\left(\operatorname{asin}{\left(\operatorname{sech}{\left(a_{29} s \right)} \right)} \right)}\right)$
94,event68728_track228-hits,50,150,39,39,39,117,5,-0.4284557226726938,49.73056245747925,76.33071443304574,7409.8538061644085,11449.607164956862,224.5410244292245,78.96280803418526,1.0450814701306037,$z(s) = a_{1} \operatorname{asin}{\left(\cos{\left(a_{10} + \operatorname{acos}{\left(s \right)} \right)} \right)} + a_{15} \tanh{\left(\left(a_{28} + a_{5} s\right) \sin{\left(a_{38} s \right)} \right)} + a_{17} \cos{\left(a_{36} s \right)} + a_{2} \sin{\left(\cos{\left(a_{11} + a_{27} s \right)} \right)} + a_{21} \cos{\left(a_{33} s \right)} + a_{22} \sin{\left(s \left(a_{0} + \operatorname{acos}{\left(s \right)}\right) \right)} + a_{24} \sin{\left(a_{35} s \right)} + a_{8} \sin{\left(a_{34} s \right)} + \left(a_{13} + a_{18} s\right) \cos{\left(a_{20} + \left(a_{37} + a_{4} s\right) \left(s - 2\right) \right)} + \left(a_{30} s + a_{32}\right) \left(4 s \left(a_{25} + a_{3} s \operatorname{asin}{\left(\operatorname{asin}{\left(\tanh{\left(s \right)} \right)} \right)} + a_{6} \sqrt{s + \operatorname{asin}{\left(s \right)}} + 4 s \left(a_{16} + s\right) \left(a_{12} \sqrt{1 - s^{2}} + a_{23} s \tanh{\left(\sin{\left(4 s \right)} \right)} + a_{26}\right)\right) + \left(a_{9} + 2 s\right) \left(a_{14} \sin{\left(a_{29} s \right)} + a_{19} \sqrt{s} + a_{7}\right) - \tanh{\left(\operatorname{asin}{\left(\operatorname{sech}{\left(a_{31} s \right)} \right)} \right)}\right)$,$z(s) = a_{1} \operatorname{asin}{\left(\cos{\left(a_{10} + \operatorname{acos}{\left(s \right)} \right)} \right)} + a_{15} \tanh{\left(\left(a_{28} + a_{5} s\right) \sin{\left(a_{38} s \right)} \right)} + a_{17} \cos{\left(a_{36} s \right)} + a_{2} \sin{\left(\cos{\left(a_{11} + a_{27} s \right)} \right)} + a_{21} \cos{\left(a_{33} s \right)} + a_{22} \sin{\left(s \left(a_{0} + \operatorname{acos}{\left(s \right)}\right) \right)} + a_{24} \sin{\left(a_{35} s \right)} + a_{8} \sin{\left(a_{34} s \right)} + \left(a_{13} + a_{18} s\right) \cos{\left(a_{20} + \left(a_{37} + a_{4} s\right) \left(s - 2\right) \right)} + \left(a_{30} s + a_{32}\right) \left(4 s \left(a_{25} + a_{3} s \operatorname{asin}{\left(\operatorname{asin}{\left(\tanh{\left(s \right)} \right)} \right)} + a_{6} \sqrt{s + \operatorname{asin}{\left(s \right)}} + 4 s \left(a_{16} + s\right) \left(a_{12} \sqrt{1 - s^{2}} + a_{23} s \tanh{\left(\sin{\left(4 s \right)} \right)} + a_{26}\right)\right) + \left(a_{9} + 2 s\right) \left(a_{14} \sin{\left(a_{29} s \right)} + a_{19} \sqrt{s} + a_{7}\right) - \tanh{\left(\operatorname{asin}{\left(\operatorname{sech}{\left(a_{31} s \right)} \right)} \right)}\right)$,$z(s) = a_{1} \operatorname{asin}{\left(\cos{\left(a_{10} + \operatorname{acos}{\left(s \right)} \right)} \right)} + a_{15} \tanh{\left(\left(a_{28} + a_{5} s\right) \sin{\left(a_{38} s \right)} \right)} + a_{17} \cos{\left(a_{36} s \right)} + a_{2} \sin{\left(\cos{\left(a_{11} + a_{27} s \right)} \right)} + a_{21} \cos{\left(a_{33} s \right)} + a_{22} \sin{\left(s \left(a_{0} + \operatorname{acos}{\left(s \right)}\right) \right)} + a_{24} \sin{\left(a_{35} s \right)} + a_{8} \sin{\left(a_{34} s \right)} + \left(a_{13} + a_{18} s\right) \cos{\left(a_{20} + \left(a_{37} + a_{4} s\right) \left(s - 2\right) \right)} + \left(a_{30} s + a_{32}\right) \left(4 s \left(a_{25} + a_{3} s \operatorname{asin}{\left(\operatorname{asin}{\left(\tanh{\left(s \right)} \right)} \right)} + a_{6} \sqrt{s + \operatorname{asin}{\left(s \right)}} + 4 s \left(a_{16} + s\right) \left(a_{12} \sqrt{1 - s^{2}} + a_{23} s \tanh{\left(\sin{\left(4 s \right)} \right)} + a_{26}\right)\right) + \left(a_{9} + 2 s\right) \left(a_{14} \sin{\left(a_{29} s \right)} + a_{19} \sqrt{s} + a_{7}\right) - \tanh{\left(\operatorname{asin}{\left(\operatorname{sech}{\left(a_{31} s \right)} \right)} \right)}\right)$
95,event68865_track171-hits,22,66,16,16,3,35,5,5.838613880719756,4.7425276113032335e-09,1.3814401613413915e-11,3.082642947347102e-07,9.117505064853183e-10,9.944009507571296e-09,1.4946729614513417e-11,6.500233068277132,$x(s) = a_{13} + \left(- s - \sin{\left(\sin{\left(\sin{\left(a_{6} + s \right)} \right)} \right)}\right) \left(a_{1} \operatorname{acos}{\left(s \right)} + a_{14} + \left(a_{0} + a_{12} \left(a_{2} - 32 s\right) \left(- \sin{\left(4 \cos{\left(s \right)} \right)} + \operatorname{sech}{\left(s \right)}\right) + a_{12} \tanh{\left(8 s \right)} + a_{15} \sqrt{1 - \cos^{2}{\left(s \right)}} + a_{3} s \left(2 s - \tanh{\left(4 s \right)}\right) \left(s - \cos{\left(a_{11} s \right)} + 2\right) + a_{4} \left(32 \operatorname{asin}{\left(s \right)} + 64\right) \left(a_{5} + s \left(a_{10} + a_{9} s \left(a_{7} + s\right) \operatorname{acos}{\left(s \right)}\right) + s + \operatorname{sech}{\left(s \right)}\right)\right) \operatorname{acos}{\left(\operatorname{sech}{\left(\cos{\left(a_{8} + s \right)} \right)} \right)}\right)$,$x(s) = a_{13} + \left(- s - \sin{\left(\sin{\left(\sin{\left(a_{6} + s \right)} \right)} \right)}\right) \left(a_{1} \operatorname{acos}{\left(s \right)} + a_{14} + \left(a_{0} + a_{12} \left(a_{2} - 32 s\right) \left(- \sin{\left(4 \cos{\left(s \right)} \right)} + \operatorname{sech}{\left(s \right)}\right) + a_{12} \tanh{\left(8 s \right)} + a_{15} \sqrt{1 - \cos^{2}{\left(s \right)}} + a_{3} s \left(2 s - \tanh{\left(4 s \right)}\right) \left(s - \cos{\left(a_{11} s \right)} + 2\right) + a_{4} \left(32 \operatorname{asin}{\left(s \right)} + 64\right) \left(a_{5} + s \left(a_{10} + a_{9} s \left(a_{7} + s\right) \operatorname{acos}{\left(s \right)}\right) + s + \operatorname{sech}{\left(s \right)}\right)\right) \operatorname{acos}{\left(\operatorname{sech}{\left(\cos{\left(a_{8} + s \right)} \right)} \right)}\right)$,$z(s) = a_{0} + s \left(a_{1} + a_{2} s\right)$
96,event68870_track101-hits,48,144,39,39,39,117,5,0.7430583441155943,39.732073819470436,18.89883768772813,5681.686556184272,2721.4326270328506,210.4328354142323,19.57865199304209,2.3747267419258637,$y(s) = a_{1} \sin{\left(\cos{\left(a_{27} s + a_{7} \right)} \right)} + a_{12} \cos{\left(a_{36} s \right)} + a_{14} \cos{\left(a_{31} s \right)} + a_{20} \sin{\left(s \left(a_{0} + \operatorname{acos}{\left(s \right)}\right) \right)} + a_{23} \sin{\left(a_{34} s \right)} + a_{33} \operatorname{acos}{\left(\cos{\left(a_{8} + \operatorname{acos}{\left(s \right)} \right)} \right)} + a_{6} \sin{\left(a_{35} s \right)} - \left(a_{19} + a_{9} s\right) \cos{\left(a_{5} + \left(s - 2\right) \left(a_{3} s + a_{37}\right) \right)} + \left(a_{13} s + a_{16}\right) \tanh{\left(64 s - 64 \sin{\left(a_{38} s \right)} \right)} + \left(a_{30} s + a_{32}\right) \left(4 s \left(a_{2} s \operatorname{asin}{\left(\operatorname{acos}{\left(\operatorname{sech}{\left(s \right)} \right)} \right)} + a_{25} + a_{26} s \left(a_{22} + s\right) \left(a_{11} \sqrt{1 - s^{2}} + a_{15} s \tanh{\left(\sin{\left(4 s \right)} \right)} + a_{24}\right) + a_{4} \sqrt{s + \operatorname{asin}{\left(s \right)}}\right) - \left(a_{21} s - 1\right) \left(a_{10} \sin{\left(a_{28} s \right)} + a_{17} + \sqrt{s} \left(a_{18} + s\right)\right) - \tanh{\left(\operatorname{asin}{\left(\operatorname{sech}{\left(a_{29} s \right)} \right)} \right)}\right)$,$z(s) = a_{1} \operatorname{asin}{\left(\cos{\left(a_{10} + \operatorname{acos}{\left(s \right)} \right)} \right)} + a_{15} \tanh{\left(\left(a_{28} + a_{5} s\right) \sin{\left(a_{38} s \right)} \right)} + a_{17} \cos{\left(a_{36} s \right)} + a_{2} \sin{\left(\cos{\left(a_{11} + a_{27} s \right)} \right)} + a_{21} \cos{\left(a_{33} s \right)} + a_{22} \sin{\left(s \left(a_{0} + \operatorname{acos}{\left(s \right)}\right) \right)} + a_{24} \sin{\left(a_{35} s \right)} + a_{8} \sin{\left(a_{34} s \right)} + \left(a_{13} + a_{18} s\right) \cos{\left(a_{20} + \left(a_{37} + a_{4} s\right) \left(s - 2\right) \right)} + \left(a_{30} s + a_{32}\right) \left(4 s \left(a_{25} + a_{3} s \operatorname{asin}{\left(\operatorname{asin}{\left(\tanh{\left(s \right)} \right)} \right)} + a_{6} \sqrt{s + \operatorname{asin}{\left(s \right)}} + 4 s \left(a_{16} + s\right) \left(a_{12} \sqrt{1 - s^{2}} + a_{23} s \tanh{\left(\sin{\left(4 s \right)} \right)} + a_{26}\right)\right) + \left(a_{9} + 2 s\right) \left(a_{14} \sin{\left(a_{29} s \right)} + a_{19} \sqrt{s} + a_{7}\right) - \tanh{\left(\operatorname{asin}{\left(\operatorname{sech}{\left(a_{31} s \right)} \right)} \right)}\right)$,$z(s) = a_{1} \operatorname{asin}{\left(\cos{\left(a_{10} + \operatorname{acos}{\left(s \right)} \right)} \right)} + a_{15} \tanh{\left(\left(a_{28} + a_{5} s\right) \sin{\left(a_{38} s \right)} \right)} + a_{17} \cos{\left(a_{36} s \right)} + a_{2} \sin{\left(\cos{\left(a_{11} + a_{27} s \right)} \right)} + a_{21} \cos{\left(a_{33} s \right)} + a_{22} \sin{\left(s \left(a_{0} + \operatorname{acos}{\left(s \right)}\right) \right)} + a_{24} \sin{\left(a_{35} s \right)} + a_{8} \sin{\left(a_{34} s \right)} + \left(a_{13} + a_{18} s\right) \cos{\left(a_{20} + \left(a_{37} + a_{4} s\right) \left(s - 2\right) \right)} + \left(a_{30} s + a_{32}\right) \left(4 s \left(a_{25} + a_{3} s \operatorname{asin}{\left(\operatorname{asin}{\left(\tanh{\left(s \right)} \right)} \right)} + a_{6} \sqrt{s + \operatorname{asin}{\left(s \right)}} + 4 s \left(a_{16} + s\right) \left(a_{12} \sqrt{1 - s^{2}} + a_{23} s \tanh{\left(\sin{\left(4 s \right)} \right)} + a_{26}\right)\right) + \left(a_{9} + 2 s\right) \left(a_{14} \sin{\left(a_{29} s \right)} + a_{19} \sqrt{s} + a_{7}\right) - \tanh{\left(\operatorname{asin}{\left(\operatorname{sech}{\left(a_{31} s \right)} \right)} \right)}\right)$
97,event68904_track152-hits,45,135,39,32,16,87,5,1.746059587428961,0.025070976059559612,0.004373883369272461,3.359510791980988,0.5904742548517823,0.06998980816627058,0.004542109652706018,2.7349580484891343,$z(s) = a_{1} \operatorname{asin}{\left(\cos{\left(a_{10} + \operatorname{acos}{\left(s \right)} \right)} \right)} + a_{15} \tanh{\left(\left(a_{28} + a_{5} s\right) \sin{\left(a_{38} s \right)} \right)} + a_{17} \cos{\left(a_{36} s \right)} + a_{2} \sin{\left(\cos{\left(a_{11} + a_{27} s \right)} \right)} + a_{21} \cos{\left(a_{33} s \right)} + a_{22} \sin{\left(s \left(a_{0} + \operatorname{acos}{\left(s \right)}\right) \right)} + a_{24} \sin{\left(a_{35} s \right)} + a_{8} \sin{\left(a_{34} s \right)} + \left(a_{13} + a_{18} s\right) \cos{\left(a_{20} + \left(a_{37} + a_{4} s\right) \left(s - 2\right) \right)} + \left(a_{30} s + a_{32}\right) \left(4 s \left(a_{25} + a_{3} s \operatorname{asin}{\left(\operatorname{asin}{\left(\tanh{\left(s \right)} \right)} \right)} + a_{6} \sqrt{s + \operatorname{asin}{\left(s \right)}} + 4 s \left(a_{16} + s\right) \left(a_{12} \sqrt{1 - s^{2}} + a_{23} s \tanh{\left(\sin{\left(4 s \right)} \right)} + a_{26}\right)\right) + \left(a_{9} + 2 s\right) \left(a_{14} \sin{\left(a_{29} s \right)} + a_{19} \sqrt{s} + a_{7}\right) - \tanh{\left(\operatorname{asin}{\left(\operatorname{sech}{\left(a_{31} s \right)} \right)} \right)}\right)$,$y(s) = a_{1} \operatorname{asin}{\left(\cos{\left(a_{7} + \operatorname{acos}{\left(s \right)} \right)} \right)} + a_{10} \cos{\left(a_{28} s \right)} + a_{11} \cos{\left(a_{31} s \right)} + a_{12} \sin{\left(a_{29} s \right)} + a_{13} \sin{\left(a_{30} s \right)} + a_{24} \sin{\left(\cos{\left(a_{19} + a_{22} s \right)} \right)} + a_{27} + a_{9} \sin{\left(s \left(a_{0} + \operatorname{acos}{\left(s \right)}\right) \right)} + \left(a_{20} + a_{26} s\right) \left(4 s \left(a_{17} + a_{18} s \left(a_{16} + s\right) \left(a_{14} s \tanh{\left(\sin{\left(4 s \right)} \right)} + a_{21} + a_{8} \sqrt{1 - s^{2}}\right) + a_{2} s \operatorname{asin}{\left(\operatorname{asin}{\left(\tanh{\left(s \right)} \right)} \right)} + a_{3} \sqrt{\sqrt{s} + \operatorname{asin}{\left(s \right)}}\right) + \left(a_{4} + 4 s\right) \left(a_{15} \sin{\left(a_{23} s \right)} + a_{5} + a_{6} \sqrt{s}\right) - \tanh{\left(\operatorname{asin}{\left(\operatorname{sech}{\left(a_{25} s \right)} \right)} \right)}\right)$,$x(s) = a_{13} + \left(- s - \sin{\left(\sin{\left(\sin{\left(a_{6} + s \right)} \right)} \right)}\right) \left(a_{1} \operatorname{acos}{\left(s \right)} + a_{14} + \left(a_{0} + a_{12} \left(a_{2} - 32 s\right) \left(- \sin{\left(4 \cos{\left(s \right)} \right)} + \operatorname{sech}{\left(s \right)}\right) + a_{12} \tanh{\left(8 s \right)} + a_{15} \sqrt{1 - \cos^{2}{\left(s \right)}} + a_{3} s \left(2 s - \tanh{\left(4 s \right)}\right) \left(s - \cos{\left(a_{11} s \right)} + 2\right) + a_{4} \left(32 \operatorname{asin}{\left(s \right)} + 64\right) \left(a_{5} + s \left(a_{10} + a_{9} s \left(a_{7} + s\right) \operatorname{acos}{\left(s \right)}\right) + s + \operatorname{sech}{\left(s \right)}\right)\right) \operatorname{acos}{\left(\operatorname{sech}{\left(\cos{\left(a_{8} + s \right)} \right)} \right)}\right)$
98,event68904_track48-hits,50,150,39,39,39,117,5,1.4508485627355783,0.652461774786097,0.152918330614155,97.21680444312845,22.93774959212325,2.9459637710038926,0.15819137649740173,2.924385755538876,$y(s) = a_{1} \sin{\left(\cos{\left(a_{27} s + a_{7} \right)} \right)} + a_{12} \cos{\left(a_{36} s \right)} + a_{14} \cos{\left(a_{31} s \right)} + a_{20} \sin{\left(s \left(a_{0} + \operatorname{acos}{\left(s \right)}\right) \right)} + a_{23} \sin{\left(a_{34} s \right)} + a_{33} \operatorname{acos}{\left(\cos{\left(a_{8} + \operatorname{acos}{\left(s \right)} \right)} \right)} + a_{6} \sin{\left(a_{35} s \right)} - \left(a_{19} + a_{9} s\right) \cos{\left(a_{5} + \left(s - 2\right) \left(a_{3} s + a_{37}\right) \right)} + \left(a_{13} s + a_{16}\right) \tanh{\left(64 s - 64 \sin{\left(a_{38} s \right)} \right)} + \left(a_{30} s + a_{32}\right) \left(4 s \left(a_{2} s \operatorname{asin}{\left(\operatorname{acos}{\left(\operatorname{sech}{\left(s \right)} \right)} \right)} + a_{25} + a_{26} s \left(a_{22} + s\right) \left(a_{11} \sqrt{1 - s^{2}} + a_{15} s \tanh{\left(\sin{\left(4 s \right)} \right)} + a_{24}\right) + a_{4} \sqrt{s + \operatorname{asin}{\left(s \right)}}\right) - \left(a_{21} s - 1\right) \left(a_{10} \sin{\left(a_{28} s \right)} + a_{17} + \sqrt{s} \left(a_{18} + s\right)\right) - \tanh{\left(\operatorname{asin}{\left(\operatorname{sech}{\left(a_{29} s \right)} \right)} \right)}\right)$,$z(s) = a_{1} \operatorname{asin}{\left(\cos{\left(a_{10} + \operatorname{acos}{\left(s \right)} \right)} \right)} + a_{15} \tanh{\left(\left(a_{28} + a_{5} s\right) \sin{\left(a_{38} s \right)} \right)} + a_{17} \cos{\left(a_{36} s \right)} + a_{2} \sin{\left(\cos{\left(a_{11} + a_{27} s \right)} \right)} + a_{21} \cos{\left(a_{33} s \right)} + a_{22} \sin{\left(s \left(a_{0} + \operatorname{acos}{\left(s \right)}\right) \right)} + a_{24} \sin{\left(a_{35} s \right)} + a_{8} \sin{\left(a_{34} s \right)} + \left(a_{13} + a_{18} s\right) \cos{\left(a_{20} + \left(a_{37} + a_{4} s\right) \left(s - 2\right) \right)} + \left(a_{30} s + a_{32}\right) \left(4 s \left(a_{25} + a_{3} s \operatorname{asin}{\left(\operatorname{asin}{\left(\tanh{\left(s \right)} \right)} \right)} + a_{6} \sqrt{s + \operatorname{asin}{\left(s \right)}} + 4 s \left(a_{16} + s\right) \left(a_{12} \sqrt{1 - s^{2}} + a_{23} s \tanh{\left(\sin{\left(4 s \right)} \right)} + a_{26}\right)\right) + \left(a_{9} + 2 s\right) \left(a_{14} \sin{\left(a_{29} s \right)} + a_{19} \sqrt{s} + a_{7}\right) - \tanh{\left(\operatorname{asin}{\left(\operatorname{sech}{\left(a_{31} s \right)} \right)} \right)}\right)$,$y(s) = a_{1} \sin{\left(\cos{\left(a_{27} s + a_{7} \right)} \right)} + a_{12} \cos{\left(a_{36} s \right)} + a_{14} \cos{\left(a_{31} s \right)} + a_{20} \sin{\left(s \left(a_{0} + \operatorname{acos}{\left(s \right)}\right) \right)} + a_{23} \sin{\left(a_{34} s \right)} + a_{33} \operatorname{acos}{\left(\cos{\left(a_{8} + \operatorname{acos}{\left(s \right)} \right)} \right)} + a_{6} \sin{\left(a_{35} s \right)} - \left(a_{19} + a_{9} s\right) \cos{\left(a_{5} + \left(s - 2\right) \left(a_{3} s + a_{37}\right) \right)} + \left(a_{13} s + a_{16}\right) \tanh{\left(64 s - 64 \sin{\left(a_{38} s \right)} \right)} + \left(a_{30} s + a_{32}\right) \left(4 s \left(a_{2} s \operatorname{asin}{\left(\operatorname{acos}{\left(\operatorname{sech}{\left(s \right)} \right)} \right)} + a_{25} + a_{26} s \left(a_{22} + s\right) \left(a_{11} \sqrt{1 - s^{2}} + a_{15} s \tanh{\left(\sin{\left(4 s \right)} \right)} + a_{24}\right) + a_{4} \sqrt{s + \operatorname{asin}{\left(s \right)}}\right) - \left(a_{21} s - 1\right) \left(a_{10} \sin{\left(a_{28} s \right)} + a_{17} + \sqrt{s} \left(a_{18} + s\right)\right) - \tanh{\left(\operatorname{asin}{\left(\operatorname{sech}{\left(a_{29} s \right)} \right)} \right)}\right)$
99,event68960_track174-hits,25,75,21,21,21,63,5,-4.455427390047668,0.009387477258332598,0.8081954999087163,0.6946733171166123,60.61466249315372,0.057889443093051024,0.865923749902196,-2.70526181811845,$x(s) = a_{14} \sin{\left(\cos{\left(a_{12} s + 3.19564213142574 \right)} \right)} + a_{16} + a_{6} \cos{\left(a_{17} s \right)} + a_{7} \sin{\left(a_{18} s \right)} + \left(a_{15} s + 4.98154578530752\right) \left(4 s \left(a_{1} s \operatorname{asin}{\left(\operatorname{asin}{\left(\tanh{\left(s \right)} \right)} \right)} + a_{10} s \left(s + 0.0134870156781597\right) \left(a_{11} - 0.017503085789641 s \tanh{\left(\sin{\left(4 s \right)} \right)} - 0.450614826294794 \sqrt{1 - s^{2}}\right) + a_{2} \sqrt{\sqrt{s} + \operatorname{asin}{\left(s \right)}} + a_{9}\right) + \left(a_{3} + 4 s\right) \left(a_{4} + a_{5} \sqrt{s} + a_{8} \sin{\left(a_{13} s \right)}\right) - \tanh{\left(\operatorname{asin}{\left(\operatorname{sech}{\left(5.6839434852917 s \right)} \right)} \right)}\right) + 0.000668810464601903 \sin{\left(a_{19} s \right)} + 0.00289842149959624 \sin{\left(s \left(a_{0} + \operatorname{acos}{\left(s \right)}\right) \right)} + 0.000623964504492596 \cos{\left(a_{20} s \right)} - 0.49633536500747 \operatorname{asin}{\left(\cos{\left(\operatorname{acos}{\left(s \right)} - 0.802742285270038 \right)} \right)}$,$y(s) = a_{14} \sin{\left(\cos{\left(a_{10} + 4.30674369656515 s \right)} \right)} + a_{16} + a_{4} \cos{\left(a_{20} s \right)} + a_{5} \sin{\left(a_{19} s \right)} + \left(a_{11} + a_{15} s\right) \left(4 s \left(a_{1} s \operatorname{asin}{\left(\operatorname{asin}{\left(\tanh{\left(s \right)} \right)} \right)} + a_{8} + a_{9} s \left(a_{7} + s\right) \left(a_{12} - 0.0163348612181324 s \tanh{\left(\sin{\left(4 s \right)} \right)} - 0.455016066205459 \sqrt{1 - s^{2}}\right) - 5.80207456348123 \sqrt{\sqrt{s} + \operatorname{asin}{\left(s \right)}}\right) + \left(a_{2} + 4 s\right) \left(a_{6} \sin{\left(a_{13} s \right)} + 0.603433259507675 \sqrt{s} + 2.67458549611742\right) - \tanh{\left(\operatorname{asin}{\left(\operatorname{sech}{\left(5.65077849988401 s \right)} \right)} \right)}\right) - 0.000334426650014709 \sin{\left(a_{18} s \right)} + 0.00278916735581463 \sin{\left(s \left(a_{0} + \operatorname{acos}{\left(s \right)}\right) \right)} + 0.00373359883408793 \cos{\left(a_{17} s \right)} - 0.479013271010752 \operatorname{asin}{\left(\cos{\left(a_{3} + \operatorname{acos}{\left(s \right)} \right)} \right)}$,$z(s) = a_{14} \sin{\left(\cos{\left(a_{12} s + 3.19908372347864 \right)} \right)} + a_{16} + a_{4} \sin{\left(s \left(a_{0} + \operatorname{acos}{\left(s \right)}\right) \right)} + a_{5} \cos{\left(a_{17} s \right)} + a_{6} \cos{\left(a_{20} s \right)} + a_{7} \sin{\left(a_{18} s \right)} + a_{8} \sin{\left(a_{19} s \right)} + \left(a_{15} s + 4.95693844355651\right) \left(4 s \left(a_{1} s \operatorname{asin}{\left(\operatorname{asin}{\left(\tanh{\left(s \right)} \right)} \right)} + a_{10} s \left(s + 0.0165277213916615\right) \left(a_{11} - 0.0170953672188301 s \tanh{\left(\sin{\left(4 s \right)} \right)} - 0.45186637110654 \sqrt{1 - s^{2}}\right) + a_{2} \sqrt{\sqrt{s} + \operatorname{asin}{\left(s \right)}} + 2.6101696562203\right) + \left(a_{3} + 4 s\right) \left(a_{9} \sin{\left(a_{13} s \right)} + 0.599451678286101 \sqrt{s} + 2.63175897944836\right) - \tanh{\left(\operatorname{asin}{\left(\operatorname{sech}{\left(5.67300314508095 s \right)} \right)} \right)}\right) - 0.492161174249544 \operatorname{asin}{\left(\cos{\left(\operatorname{acos}{\left(s \right)} - 0.802732791241311 \right)} \right)}$
