kx,ky,kz,k_sr,eq_x,eq_y,eq_z,log_ratio_K,n_hits,dof_sr_raw
3,3,3,9,$x(s) = a_{0} + s \left(a_{1} + a_{2} s\right)$,$x(s) = a_{0} + s \left(a_{1} + a_{2} s\right)$,$x(s) = a_{0} + s \left(a_{1} + a_{2} s\right)$,11.372396698404119,25,66
16,16,3,35,$x(s) = a_{13} + \left(- s - \sin{\left(\sin{\left(\sin{\left(a_{6} + s \right)} \right)} \right)}\right) \left(a_{1} \operatorname{acos}{\left(s \right)} + a_{14} + \left(a_{0} + a_{12} \left(a_{2} - 32 s\right) \left(- \sin{\left(4 \cos{\left(s \right)} \right)} + \operatorname{sech}{\left(s \right)}\right) + a_{12} \tanh{\left(8 s \right)} + a_{15} \sqrt{1 - \cos^{2}{\left(s \right)}} + a_{3} s \left(2 s - \tanh{\left(4 s \right)}\right) \left(s - \cos{\left(a_{11} s \right)} + 2\right) + a_{4} \left(32 \operatorname{asin}{\left(s \right)} + 64\right) \left(a_{5} + s \left(a_{10} + a_{9} s \left(a_{7} + s\right) \operatorname{acos}{\left(s \right)}\right) + s + \operatorname{sech}{\left(s \right)}\right)\right) \operatorname{acos}{\left(\operatorname{sech}{\left(\cos{\left(a_{8} + s \right)} \right)} \right)}\right)$,$x(s) = a_{13} + \left(- s - \sin{\left(\sin{\left(\sin{\left(a_{6} + s \right)} \right)} \right)}\right) \left(a_{1} \operatorname{acos}{\left(s \right)} + a_{14} + \left(a_{0} + a_{12} \left(a_{2} - 32 s\right) \left(- \sin{\left(4 \cos{\left(s \right)} \right)} + \operatorname{sech}{\left(s \right)}\right) + a_{12} \tanh{\left(8 s \right)} + a_{15} \sqrt{1 - \cos^{2}{\left(s \right)}} + a_{3} s \left(2 s - \tanh{\left(4 s \right)}\right) \left(s - \cos{\left(a_{11} s \right)} + 2\right) + a_{4} \left(32 \operatorname{asin}{\left(s \right)} + 64\right) \left(a_{5} + s \left(a_{10} + a_{9} s \left(a_{7} + s\right) \operatorname{acos}{\left(s \right)}\right) + s + \operatorname{sech}{\left(s \right)}\right)\right) \operatorname{acos}{\left(\operatorname{sech}{\left(\cos{\left(a_{8} + s \right)} \right)} \right)}\right)$,$x(s) = a_{0} + s \left(a_{1} + a_{2} s\right)$,-0.5040902116661939,24,37
16,16,16,48,$x(s) = a_{13} + \left(- s - \sin{\left(\sin{\left(\sin{\left(a_{6} + s \right)} \right)} \right)}\right) \left(a_{1} \operatorname{acos}{\left(s \right)} + a_{14} + \left(a_{0} + a_{12} \left(a_{2} - 32 s\right) \left(- \sin{\left(4 \cos{\left(s \right)} \right)} + \operatorname{sech}{\left(s \right)}\right) + a_{12} \tanh{\left(8 s \right)} + a_{15} \sqrt{1 - \cos^{2}{\left(s \right)}} + a_{3} s \left(2 s - \tanh{\left(4 s \right)}\right) \left(s - \cos{\left(a_{11} s \right)} + 2\right) + a_{4} \left(32 \operatorname{asin}{\left(s \right)} + 64\right) \left(a_{5} + s \left(a_{10} + a_{9} s \left(a_{7} + s\right) \operatorname{acos}{\left(s \right)}\right) + s + \operatorname{sech}{\left(s \right)}\right)\right) \operatorname{acos}{\left(\operatorname{sech}{\left(\cos{\left(a_{8} + s \right)} \right)} \right)}\right)$,$x(s) = a_{13} + \left(- s - \sin{\left(\sin{\left(\sin{\left(a_{6} + s \right)} \right)} \right)}\right) \left(a_{1} \operatorname{acos}{\left(s \right)} + a_{14} + \left(a_{0} + a_{12} \left(a_{2} - 32 s\right) \left(- \sin{\left(4 \cos{\left(s \right)} \right)} + \operatorname{sech}{\left(s \right)}\right) + a_{12} \tanh{\left(8 s \right)} + a_{15} \sqrt{1 - \cos^{2}{\left(s \right)}} + a_{3} s \left(2 s - \tanh{\left(4 s \right)}\right) \left(s - \cos{\left(a_{11} s \right)} + 2\right) + a_{4} \left(32 \operatorname{asin}{\left(s \right)} + 64\right) \left(a_{5} + s \left(a_{10} + a_{9} s \left(a_{7} + s\right) \operatorname{acos}{\left(s \right)}\right) + s + \operatorname{sech}{\left(s \right)}\right)\right) \operatorname{acos}{\left(\operatorname{sech}{\left(\cos{\left(a_{8} + s \right)} \right)} \right)}\right)$,$x(s) = a_{13} + \left(- s - \sin{\left(\sin{\left(\sin{\left(a_{6} + s \right)} \right)} \right)}\right) \left(a_{1} \operatorname{acos}{\left(s \right)} + a_{14} + \left(a_{0} + a_{12} \left(a_{2} - 32 s\right) \left(- \sin{\left(4 \cos{\left(s \right)} \right)} + \operatorname{sech}{\left(s \right)}\right) + a_{12} \tanh{\left(8 s \right)} + a_{15} \sqrt{1 - \cos^{2}{\left(s \right)}} + a_{3} s \left(2 s - \tanh{\left(4 s \right)}\right) \left(s - \cos{\left(a_{11} s \right)} + 2\right) + a_{4} \left(32 \operatorname{asin}{\left(s \right)} + 64\right) \left(a_{5} + s \left(a_{10} + a_{9} s \left(a_{7} + s\right) \operatorname{acos}{\left(s \right)}\right) + s + \operatorname{sech}{\left(s \right)}\right)\right) \operatorname{acos}{\left(\operatorname{sech}{\left(\cos{\left(a_{8} + s \right)} \right)} \right)}\right)$,13.959697351594691,21,15
16,21,16,53,$x(s) = a_{13} + \left(- s - \sin{\left(\sin{\left(\sin{\left(a_{6} + s \right)} \right)} \right)}\right) \left(a_{1} \operatorname{acos}{\left(s \right)} + a_{14} + \left(a_{0} + a_{12} \left(a_{2} - 32 s\right) \left(- \sin{\left(4 \cos{\left(s \right)} \right)} + \operatorname{sech}{\left(s \right)}\right) + a_{12} \tanh{\left(8 s \right)} + a_{15} \sqrt{1 - \cos^{2}{\left(s \right)}} + a_{3} s \left(2 s - \tanh{\left(4 s \right)}\right) \left(s - \cos{\left(a_{11} s \right)} + 2\right) + a_{4} \left(32 \operatorname{asin}{\left(s \right)} + 64\right) \left(a_{5} + s \left(a_{10} + a_{9} s \left(a_{7} + s\right) \operatorname{acos}{\left(s \right)}\right) + s + \operatorname{sech}{\left(s \right)}\right)\right) \operatorname{acos}{\left(\operatorname{sech}{\left(\cos{\left(a_{8} + s \right)} \right)} \right)}\right)$,$y(s) = a_{14} \sin{\left(\cos{\left(a_{10} + 4.30674369656515 s \right)} \right)} + a_{16} + a_{4} \cos{\left(a_{20} s \right)} + a_{5} \sin{\left(a_{19} s \right)} + \left(a_{11} + a_{15} s\right) \left(4 s \left(a_{1} s \operatorname{asin}{\left(\operatorname{asin}{\left(\tanh{\left(s \right)} \right)} \right)} + a_{8} + a_{9} s \left(a_{7} + s\right) \left(a_{12} - 0.0163348612181324 s \tanh{\left(\sin{\left(4 s \right)} \right)} - 0.455016066205459 \sqrt{1 - s^{2}}\right) - 5.80207456348123 \sqrt{\sqrt{s} + \operatorname{asin}{\left(s \right)}}\right) + \left(a_{2} + 4 s\right) \left(a_{6} \sin{\left(a_{13} s \right)} + 0.603433259507675 \sqrt{s} + 2.67458549611742\right) - \tanh{\left(\operatorname{asin}{\left(\operatorname{sech}{\left(5.65077849988401 s \right)} \right)} \right)}\right) - 0.000334426650014709 \sin{\left(a_{18} s \right)} + 0.00278916735581463 \sin{\left(s \left(a_{0} + \operatorname{acos}{\left(s \right)}\right) \right)} + 0.00373359883408793 \cos{\left(a_{17} s \right)} - 0.479013271010752 \operatorname{asin}{\left(\cos{\left(a_{3} + \operatorname{acos}{\left(s \right)} \right)} \right)}$,$x(s) = a_{13} + \left(- s - \sin{\left(\sin{\left(\sin{\left(a_{6} + s \right)} \right)} \right)}\right) \left(a_{1} \operatorname{acos}{\left(s \right)} + a_{14} + \left(a_{0} + a_{12} \left(a_{2} - 32 s\right) \left(- \sin{\left(4 \cos{\left(s \right)} \right)} + \operatorname{sech}{\left(s \right)}\right) + a_{12} \tanh{\left(8 s \right)} + a_{15} \sqrt{1 - \cos^{2}{\left(s \right)}} + a_{3} s \left(2 s - \tanh{\left(4 s \right)}\right) \left(s - \cos{\left(a_{11} s \right)} + 2\right) + a_{4} \left(32 \operatorname{asin}{\left(s \right)} + 64\right) \left(a_{5} + s \left(a_{10} + a_{9} s \left(a_{7} + s\right) \operatorname{acos}{\left(s \right)}\right) + s + \operatorname{sech}{\left(s \right)}\right)\right) \operatorname{acos}{\left(\operatorname{sech}{\left(\cos{\left(a_{8} + s \right)} \right)} \right)}\right)$,-2.7717408178687823,25,22
21,21,16,58,$x(s) = a_{14} \sin{\left(\cos{\left(a_{12} s + 3.19564213142574 \right)} \right)} + a_{16} + a_{6} \cos{\left(a_{17} s \right)} + a_{7} \sin{\left(a_{18} s \right)} + \left(a_{15} s + 4.98154578530752\right) \left(4 s \left(a_{1} s \operatorname{asin}{\left(\operatorname{asin}{\left(\tanh{\left(s \right)} \right)} \right)} + a_{10} s \left(s + 0.0134870156781597\right) \left(a_{11} - 0.017503085789641 s \tanh{\left(\sin{\left(4 s \right)} \right)} - 0.450614826294794 \sqrt{1 - s^{2}}\right) + a_{2} \sqrt{\sqrt{s} + \operatorname{asin}{\left(s \right)}} + a_{9}\right) + \left(a_{3} + 4 s\right) \left(a_{4} + a_{5} \sqrt{s} + a_{8} \sin{\left(a_{13} s \right)}\right) - \tanh{\left(\operatorname{asin}{\left(\operatorname{sech}{\left(5.6839434852917 s \right)} \right)} \right)}\right) + 0.000668810464601903 \sin{\left(a_{19} s \right)} + 0.00289842149959624 \sin{\left(s \left(a_{0} + \operatorname{acos}{\left(s \right)}\right) \right)} + 0.000623964504492596 \cos{\left(a_{20} s \right)} - 0.49633536500747 \operatorname{asin}{\left(\cos{\left(\operatorname{acos}{\left(s \right)} - 0.802742285270038 \right)} \right)}$,$y(s) = a_{14} \sin{\left(\cos{\left(a_{10} + 4.30674369656515 s \right)} \right)} + a_{16} + a_{4} \cos{\left(a_{20} s \right)} + a_{5} \sin{\left(a_{19} s \right)} + \left(a_{11} + a_{15} s\right) \left(4 s \left(a_{1} s \operatorname{asin}{\left(\operatorname{asin}{\left(\tanh{\left(s \right)} \right)} \right)} + a_{8} + a_{9} s \left(a_{7} + s\right) \left(a_{12} - 0.0163348612181324 s \tanh{\left(\sin{\left(4 s \right)} \right)} - 0.455016066205459 \sqrt{1 - s^{2}}\right) - 5.80207456348123 \sqrt{\sqrt{s} + \operatorname{asin}{\left(s \right)}}\right) + \left(a_{2} + 4 s\right) \left(a_{6} \sin{\left(a_{13} s \right)} + 0.603433259507675 \sqrt{s} + 2.67458549611742\right) - \tanh{\left(\operatorname{asin}{\left(\operatorname{sech}{\left(5.65077849988401 s \right)} \right)} \right)}\right) - 0.000334426650014709 \sin{\left(a_{18} s \right)} + 0.00278916735581463 \sin{\left(s \left(a_{0} + \operatorname{acos}{\left(s \right)}\right) \right)} + 0.00373359883408793 \cos{\left(a_{17} s \right)} - 0.479013271010752 \operatorname{asin}{\left(\cos{\left(a_{3} + \operatorname{acos}{\left(s \right)} \right)} \right)}$,$x(s) = a_{13} + \left(- s - \sin{\left(\sin{\left(\sin{\left(a_{6} + s \right)} \right)} \right)}\right) \left(a_{1} \operatorname{acos}{\left(s \right)} + a_{14} + \left(a_{0} + a_{12} \left(a_{2} - 32 s\right) \left(- \sin{\left(4 \cos{\left(s \right)} \right)} + \operatorname{sech}{\left(s \right)}\right) + a_{12} \tanh{\left(8 s \right)} + a_{15} \sqrt{1 - \cos^{2}{\left(s \right)}} + a_{3} s \left(2 s - \tanh{\left(4 s \right)}\right) \left(s - \cos{\left(a_{11} s \right)} + 2\right) + a_{4} \left(32 \operatorname{asin}{\left(s \right)} + 64\right) \left(a_{5} + s \left(a_{10} + a_{9} s \left(a_{7} + s\right) \operatorname{acos}{\left(s \right)}\right) + s + \operatorname{sech}{\left(s \right)}\right)\right) \operatorname{acos}{\left(\operatorname{sech}{\left(\cos{\left(a_{8} + s \right)} \right)} \right)}\right)$,2.8402704034322537,27,23
21,21,21,63,$x(s) = a_{14} \sin{\left(\cos{\left(a_{12} s + 3.19564213142574 \right)} \right)} + a_{16} + a_{6} \cos{\left(a_{17} s \right)} + a_{7} \sin{\left(a_{18} s \right)} + \left(a_{15} s + 4.98154578530752\right) \left(4 s \left(a_{1} s \operatorname{asin}{\left(\operatorname{asin}{\left(\tanh{\left(s \right)} \right)} \right)} + a_{10} s \left(s + 0.0134870156781597\right) \left(a_{11} - 0.017503085789641 s \tanh{\left(\sin{\left(4 s \right)} \right)} - 0.450614826294794 \sqrt{1 - s^{2}}\right) + a_{2} \sqrt{\sqrt{s} + \operatorname{asin}{\left(s \right)}} + a_{9}\right) + \left(a_{3} + 4 s\right) \left(a_{4} + a_{5} \sqrt{s} + a_{8} \sin{\left(a_{13} s \right)}\right) - \tanh{\left(\operatorname{asin}{\left(\operatorname{sech}{\left(5.6839434852917 s \right)} \right)} \right)}\right) + 0.000668810464601903 \sin{\left(a_{19} s \right)} + 0.00289842149959624 \sin{\left(s \left(a_{0} + \operatorname{acos}{\left(s \right)}\right) \right)} + 0.000623964504492596 \cos{\left(a_{20} s \right)} - 0.49633536500747 \operatorname{asin}{\left(\cos{\left(\operatorname{acos}{\left(s \right)} - 0.802742285270038 \right)} \right)}$,$y(s) = a_{14} \sin{\left(\cos{\left(a_{10} + 4.30674369656515 s \right)} \right)} + a_{16} + a_{4} \cos{\left(a_{20} s \right)} + a_{5} \sin{\left(a_{19} s \right)} + \left(a_{11} + a_{15} s\right) \left(4 s \left(a_{1} s \operatorname{asin}{\left(\operatorname{asin}{\left(\tanh{\left(s \right)} \right)} \right)} + a_{8} + a_{9} s \left(a_{7} + s\right) \left(a_{12} - 0.0163348612181324 s \tanh{\left(\sin{\left(4 s \right)} \right)} - 0.455016066205459 \sqrt{1 - s^{2}}\right) - 5.80207456348123 \sqrt{\sqrt{s} + \operatorname{asin}{\left(s \right)}}\right) + \left(a_{2} + 4 s\right) \left(a_{6} \sin{\left(a_{13} s \right)} + 0.603433259507675 \sqrt{s} + 2.67458549611742\right) - \tanh{\left(\operatorname{asin}{\left(\operatorname{sech}{\left(5.65077849988401 s \right)} \right)} \right)}\right) - 0.000334426650014709 \sin{\left(a_{18} s \right)} + 0.00278916735581463 \sin{\left(s \left(a_{0} + \operatorname{acos}{\left(s \right)}\right) \right)} + 0.00373359883408793 \cos{\left(a_{17} s \right)} - 0.479013271010752 \operatorname{asin}{\left(\cos{\left(a_{3} + \operatorname{acos}{\left(s \right)} \right)} \right)}$,$z(s) = a_{14} \sin{\left(\cos{\left(a_{12} s + 3.19908372347864 \right)} \right)} + a_{16} + a_{4} \sin{\left(s \left(a_{0} + \operatorname{acos}{\left(s \right)}\right) \right)} + a_{5} \cos{\left(a_{17} s \right)} + a_{6} \cos{\left(a_{20} s \right)} + a_{7} \sin{\left(a_{18} s \right)} + a_{8} \sin{\left(a_{19} s \right)} + \left(a_{15} s + 4.95693844355651\right) \left(4 s \left(a_{1} s \operatorname{asin}{\left(\operatorname{asin}{\left(\tanh{\left(s \right)} \right)} \right)} + a_{10} s \left(s + 0.0165277213916615\right) \left(a_{11} - 0.0170953672188301 s \tanh{\left(\sin{\left(4 s \right)} \right)} - 0.45186637110654 \sqrt{1 - s^{2}}\right) + a_{2} \sqrt{\sqrt{s} + \operatorname{asin}{\left(s \right)}} + 2.6101696562203\right) + \left(a_{3} + 4 s\right) \left(a_{9} \sin{\left(a_{13} s \right)} + 0.599451678286101 \sqrt{s} + 2.63175897944836\right) - \tanh{\left(\operatorname{asin}{\left(\operatorname{sech}{\left(5.67300314508095 s \right)} \right)} \right)}\right) - 0.492161174249544 \operatorname{asin}{\left(\cos{\left(\operatorname{acos}{\left(s \right)} - 0.802732791241311 \right)} \right)}$,-2.70526181811845,25,12
39,16,16,71,$y(s) = a_{1} \sin{\left(\cos{\left(a_{27} s + a_{7} \right)} \right)} + a_{12} \cos{\left(a_{36} s \right)} + a_{14} \cos{\left(a_{31} s \right)} + a_{20} \sin{\left(s \left(a_{0} + \operatorname{acos}{\left(s \right)}\right) \right)} + a_{23} \sin{\left(a_{34} s \right)} + a_{33} \operatorname{acos}{\left(\cos{\left(a_{8} + \operatorname{acos}{\left(s \right)} \right)} \right)} + a_{6} \sin{\left(a_{35} s \right)} - \left(a_{19} + a_{9} s\right) \cos{\left(a_{5} + \left(s - 2\right) \left(a_{3} s + a_{37}\right) \right)} + \left(a_{13} s + a_{16}\right) \tanh{\left(64 s - 64 \sin{\left(a_{38} s \right)} \right)} + \left(a_{30} s + a_{32}\right) \left(4 s \left(a_{2} s \operatorname{asin}{\left(\operatorname{acos}{\left(\operatorname{sech}{\left(s \right)} \right)} \right)} + a_{25} + a_{26} s \left(a_{22} + s\right) \left(a_{11} \sqrt{1 - s^{2}} + a_{15} s \tanh{\left(\sin{\left(4 s \right)} \right)} + a_{24}\right) + a_{4} \sqrt{s + \operatorname{asin}{\left(s \right)}}\right) - \left(a_{21} s - 1\right) \left(a_{10} \sin{\left(a_{28} s \right)} + a_{17} + \sqrt{s} \left(a_{18} + s\right)\right) - \tanh{\left(\operatorname{asin}{\left(\operatorname{sech}{\left(a_{29} s \right)} \right)} \right)}\right)$,$x(s) = a_{13} + \left(- s - \sin{\left(\sin{\left(\sin{\left(a_{6} + s \right)} \right)} \right)}\right) \left(a_{1} \operatorname{acos}{\left(s \right)} + a_{14} + \left(a_{0} + a_{12} \left(a_{2} - 32 s\right) \left(- \sin{\left(4 \cos{\left(s \right)} \right)} + \operatorname{sech}{\left(s \right)}\right) + a_{12} \tanh{\left(8 s \right)} + a_{15} \sqrt{1 - \cos^{2}{\left(s \right)}} + a_{3} s \left(2 s - \tanh{\left(4 s \right)}\right) \left(s - \cos{\left(a_{11} s \right)} + 2\right) + a_{4} \left(32 \operatorname{asin}{\left(s \right)} + 64\right) \left(a_{5} + s \left(a_{10} + a_{9} s \left(a_{7} + s\right) \operatorname{acos}{\left(s \right)}\right) + s + \operatorname{sech}{\left(s \right)}\right)\right) \operatorname{acos}{\left(\operatorname{sech}{\left(\cos{\left(a_{8} + s \right)} \right)} \right)}\right)$,$x(s) = a_{13} + \left(- s - \sin{\left(\sin{\left(\sin{\left(a_{6} + s \right)} \right)} \right)}\right) \left(a_{1} \operatorname{acos}{\left(s \right)} + a_{14} + \left(a_{0} + a_{12} \left(a_{2} - 32 s\right) \left(- \sin{\left(4 \cos{\left(s \right)} \right)} + \operatorname{sech}{\left(s \right)}\right) + a_{12} \tanh{\left(8 s \right)} + a_{15} \sqrt{1 - \cos^{2}{\left(s \right)}} + a_{3} s \left(2 s - \tanh{\left(4 s \right)}\right) \left(s - \cos{\left(a_{11} s \right)} + 2\right) + a_{4} \left(32 \operatorname{asin}{\left(s \right)} + 64\right) \left(a_{5} + s \left(a_{10} + a_{9} s \left(a_{7} + s\right) \operatorname{acos}{\left(s \right)}\right) + s + \operatorname{sech}{\left(s \right)}\right)\right) \operatorname{acos}{\left(\operatorname{sech}{\left(\cos{\left(a_{8} + s \right)} \right)} \right)}\right)$,1.730330744472259,47,70
32,21,32,85,$y(s) = a_{1} \operatorname{asin}{\left(\cos{\left(a_{6} + \operatorname{acos}{\left(s \right)} \right)} \right)} + a_{10} \cos{\left(a_{31} s \right)} + a_{11} \sin{\left(a_{30} s \right)} + a_{12} \sin{\left(s \left(a_{0} + \operatorname{acos}{\left(s \right)}\right) \right)} + a_{13} \sin{\left(a_{29} s \right)} + a_{24} \sin{\left(\cos{\left(a_{18} + a_{22} s \right)} \right)} + a_{27} + a_{9} \cos{\left(a_{28} s \right)} + \left(a_{20} + a_{26} s\right) \left(4 s \left(a_{17} + a_{19} s \left(a_{15} + s\right) \left(a_{16} s \tanh{\left(\sin{\left(4 s \right)} \right)} + a_{21} + a_{7} \sqrt{1 - s^{2}}\right) + a_{2} s \operatorname{asin}{\left(\operatorname{asin}{\left(\tanh{\left(s \right)} \right)} \right)} + a_{3} \sqrt{\sqrt{s} + \operatorname{asin}{\left(s \right)}}\right) + \left(a_{4} + 4 s\right) \left(a_{14} \sqrt{s} + a_{5} + a_{8} \sin{\left(a_{23} s \right)}\right) - \tanh{\left(\operatorname{asin}{\left(\operatorname{sech}{\left(a_{25} s \right)} \right)} \right)}\right)$,$y(s) = a_{14} \sin{\left(\cos{\left(a_{10} + 4.30674369656515 s \right)} \right)} + a_{16} + a_{4} \cos{\left(a_{20} s \right)} + a_{5} \sin{\left(a_{19} s \right)} + \left(a_{11} + a_{15} s\right) \left(4 s \left(a_{1} s \operatorname{asin}{\left(\operatorname{asin}{\left(\tanh{\left(s \right)} \right)} \right)} + a_{8} + a_{9} s \left(a_{7} + s\right) \left(a_{12} - 0.0163348612181324 s \tanh{\left(\sin{\left(4 s \right)} \right)} - 0.455016066205459 \sqrt{1 - s^{2}}\right) - 5.80207456348123 \sqrt{\sqrt{s} + \operatorname{asin}{\left(s \right)}}\right) + \left(a_{2} + 4 s\right) \left(a_{6} \sin{\left(a_{13} s \right)} + 0.603433259507675 \sqrt{s} + 2.67458549611742\right) - \tanh{\left(\operatorname{asin}{\left(\operatorname{sech}{\left(5.65077849988401 s \right)} \right)} \right)}\right) - 0.000334426650014709 \sin{\left(a_{18} s \right)} + 0.00278916735581463 \sin{\left(s \left(a_{0} + \operatorname{acos}{\left(s \right)}\right) \right)} + 0.00373359883408793 \cos{\left(a_{17} s \right)} - 0.479013271010752 \operatorname{asin}{\left(\cos{\left(a_{3} + \operatorname{acos}{\left(s \right)} \right)} \right)}$,$y(s) = a_{1} \operatorname{asin}{\left(\cos{\left(a_{7} + \operatorname{acos}{\left(s \right)} \right)} \right)} + a_{10} \cos{\left(a_{28} s \right)} + a_{11} \cos{\left(a_{31} s \right)} + a_{12} \sin{\left(a_{29} s \right)} + a_{13} \sin{\left(a_{30} s \right)} + a_{24} \sin{\left(\cos{\left(a_{19} + a_{22} s \right)} \right)} + a_{27} + a_{9} \sin{\left(s \left(a_{0} + \operatorname{acos}{\left(s \right)}\right) \right)} + \left(a_{20} + a_{26} s\right) \left(4 s \left(a_{17} + a_{18} s \left(a_{16} + s\right) \left(a_{14} s \tanh{\left(\sin{\left(4 s \right)} \right)} + a_{21} + a_{8} \sqrt{1 - s^{2}}\right) + a_{2} s \operatorname{asin}{\left(\operatorname{asin}{\left(\tanh{\left(s \right)} \right)} \right)} + a_{3} \sqrt{\sqrt{s} + \operatorname{asin}{\left(s \right)}}\right) + \left(a_{4} + 4 s\right) \left(a_{15} \sin{\left(a_{23} s \right)} + a_{5} + a_{6} \sqrt{s}\right) - \tanh{\left(\operatorname{asin}{\left(\operatorname{sech}{\left(a_{25} s \right)} \right)} \right)}\right)$,1.8558193452915681,42,41
39,32,16,87,$x(s) = a_{1} \operatorname{asin}{\left(\cos{\left(a_{10} + \operatorname{acos}{\left(s \right)} \right)} \right)} + a_{15} \tanh{\left(\left(a_{28} + a_{5} s\right) \sin{\left(a_{38} s \right)} \right)} + a_{17} \cos{\left(a_{36} s \right)} + a_{2} \sin{\left(\cos{\left(a_{11} + a_{27} s \right)} \right)} + a_{21} \cos{\left(a_{33} s \right)} + a_{22} \sin{\left(s \left(a_{0} + \operatorname{acos}{\left(s \right)}\right) \right)} + a_{24} \sin{\left(a_{35} s \right)} + a_{8} \sin{\left(a_{34} s \right)} + \left(a_{13} + a_{18} s\right) \cos{\left(a_{20} + \left(a_{37} + a_{4} s\right) \left(s - 2\right) \right)} + \left(a_{30} s + a_{32}\right) \left(4 s \left(a_{25} + a_{3} s \operatorname{asin}{\left(\operatorname{asin}{\left(\tanh{\left(s \right)} \right)} \right)} + a_{6} \sqrt{s + \operatorname{asin}{\left(s \right)}} + 4 s \left(a_{16} + s\right) \left(a_{12} \sqrt{1 - s^{2}} + a_{23} s \tanh{\left(\sin{\left(4 s \right)} \right)} + a_{26}\right)\right) + \left(a_{9} + 2 s\right) \left(a_{14} \sin{\left(a_{29} s \right)} + a_{19} \sqrt{s} + a_{7}\right) - \tanh{\left(\operatorname{asin}{\left(\operatorname{sech}{\left(a_{31} s \right)} \right)} \right)}\right)$,$y(s) = a_{1} \operatorname{asin}{\left(\cos{\left(a_{7} + \operatorname{acos}{\left(s \right)} \right)} \right)} + a_{10} \cos{\left(a_{28} s \right)} + a_{11} \cos{\left(a_{31} s \right)} + a_{12} \sin{\left(a_{29} s \right)} + a_{13} \sin{\left(a_{30} s \right)} + a_{24} \sin{\left(\cos{\left(a_{19} + a_{22} s \right)} \right)} + a_{27} + a_{9} \sin{\left(s \left(a_{0} + \operatorname{acos}{\left(s \right)}\right) \right)} + \left(a_{20} + a_{26} s\right) \left(4 s \left(a_{17} + a_{18} s \left(a_{16} + s\right) \left(a_{14} s \tanh{\left(\sin{\left(4 s \right)} \right)} + a_{21} + a_{8} \sqrt{1 - s^{2}}\right) + a_{2} s \operatorname{asin}{\left(\operatorname{asin}{\left(\tanh{\left(s \right)} \right)} \right)} + a_{3} \sqrt{\sqrt{s} + \operatorname{asin}{\left(s \right)}}\right) + \left(a_{4} + 4 s\right) \left(a_{15} \sin{\left(a_{23} s \right)} + a_{5} + a_{6} \sqrt{s}\right) - \tanh{\left(\operatorname{asin}{\left(\operatorname{sech}{\left(a_{25} s \right)} \right)} \right)}\right)$,$x(s) = a_{13} + \left(- s - \sin{\left(\sin{\left(\sin{\left(a_{6} + s \right)} \right)} \right)}\right) \left(a_{1} \operatorname{acos}{\left(s \right)} + a_{14} + \left(a_{0} + a_{12} \left(a_{2} - 32 s\right) \left(- \sin{\left(4 \cos{\left(s \right)} \right)} + \operatorname{sech}{\left(s \right)}\right) + a_{12} \tanh{\left(8 s \right)} + a_{15} \sqrt{1 - \cos^{2}{\left(s \right)}} + a_{3} s \left(2 s - \tanh{\left(4 s \right)}\right) \left(s - \cos{\left(a_{11} s \right)} + 2\right) + a_{4} \left(32 \operatorname{asin}{\left(s \right)} + 64\right) \left(a_{5} + s \left(a_{10} + a_{9} s \left(a_{7} + s\right) \operatorname{acos}{\left(s \right)}\right) + s + \operatorname{sech}{\left(s \right)}\right)\right) \operatorname{acos}{\left(\operatorname{sech}{\left(\cos{\left(a_{8} + s \right)} \right)} \right)}\right)$,2.7349580484891343,45,48
16,32,39,87,$x(s) = a_{13} + \left(- s - \sin{\left(\sin{\left(\sin{\left(a_{6} + s \right)} \right)} \right)}\right) \left(a_{1} \operatorname{acos}{\left(s \right)} + a_{14} + \left(a_{0} + a_{12} \left(a_{2} - 32 s\right) \left(- \sin{\left(4 \cos{\left(s \right)} \right)} + \operatorname{sech}{\left(s \right)}\right) + a_{12} \tanh{\left(8 s \right)} + a_{15} \sqrt{1 - \cos^{2}{\left(s \right)}} + a_{3} s \left(2 s - \tanh{\left(4 s \right)}\right) \left(s - \cos{\left(a_{11} s \right)} + 2\right) + a_{4} \left(32 \operatorname{asin}{\left(s \right)} + 64\right) \left(a_{5} + s \left(a_{10} + a_{9} s \left(a_{7} + s\right) \operatorname{acos}{\left(s \right)}\right) + s + \operatorname{sech}{\left(s \right)}\right)\right) \operatorname{acos}{\left(\operatorname{sech}{\left(\cos{\left(a_{8} + s \right)} \right)} \right)}\right)$,$y(s) = a_{1} \operatorname{asin}{\left(\cos{\left(a_{7} + \operatorname{acos}{\left(s \right)} \right)} \right)} + a_{10} \cos{\left(a_{28} s \right)} + a_{11} \cos{\left(a_{31} s \right)} + a_{12} \sin{\left(a_{29} s \right)} + a_{13} \sin{\left(a_{30} s \right)} + a_{24} \sin{\left(\cos{\left(a_{19} + a_{22} s \right)} \right)} + a_{27} + a_{9} \sin{\left(s \left(a_{0} + \operatorname{acos}{\left(s \right)}\right) \right)} + \left(a_{20} + a_{26} s\right) \left(4 s \left(a_{17} + a_{18} s \left(a_{16} + s\right) \left(a_{14} s \tanh{\left(\sin{\left(4 s \right)} \right)} + a_{21} + a_{8} \sqrt{1 - s^{2}}\right) + a_{2} s \operatorname{asin}{\left(\operatorname{asin}{\left(\tanh{\left(s \right)} \right)} \right)} + a_{3} \sqrt{\sqrt{s} + \operatorname{asin}{\left(s \right)}}\right) + \left(a_{4} + 4 s\right) \left(a_{15} \sin{\left(a_{23} s \right)} + a_{5} + a_{6} \sqrt{s}\right) - \tanh{\left(\operatorname{asin}{\left(\operatorname{sech}{\left(a_{25} s \right)} \right)} \right)}\right)$,$y(s) = a_{1} \sin{\left(\cos{\left(a_{27} s + a_{7} \right)} \right)} + a_{12} \cos{\left(a_{36} s \right)} + a_{14} \cos{\left(a_{31} s \right)} + a_{20} \sin{\left(s \left(a_{0} + \operatorname{acos}{\left(s \right)}\right) \right)} + a_{23} \sin{\left(a_{34} s \right)} + a_{33} \operatorname{acos}{\left(\cos{\left(a_{8} + \operatorname{acos}{\left(s \right)} \right)} \right)} + a_{6} \sin{\left(a_{35} s \right)} - \left(a_{19} + a_{9} s\right) \cos{\left(a_{5} + \left(s - 2\right) \left(a_{3} s + a_{37}\right) \right)} + \left(a_{13} s + a_{16}\right) \tanh{\left(64 s - 64 \sin{\left(a_{38} s \right)} \right)} + \left(a_{30} s + a_{32}\right) \left(4 s \left(a_{2} s \operatorname{asin}{\left(\operatorname{acos}{\left(\operatorname{sech}{\left(s \right)} \right)} \right)} + a_{25} + a_{26} s \left(a_{22} + s\right) \left(a_{11} \sqrt{1 - s^{2}} + a_{15} s \tanh{\left(\sin{\left(4 s \right)} \right)} + a_{24}\right) + a_{4} \sqrt{s + \operatorname{asin}{\left(s \right)}}\right) - \left(a_{21} s - 1\right) \left(a_{10} \sin{\left(a_{28} s \right)} + a_{17} + \sqrt{s} \left(a_{18} + s\right)\right) - \tanh{\left(\operatorname{asin}{\left(\operatorname{sech}{\left(a_{29} s \right)} \right)} \right)}\right)$,2.071101123562976,50,63
32,32,32,96,$y(s) = a_{1} \operatorname{asin}{\left(\cos{\left(a_{7} + \operatorname{acos}{\left(s \right)} \right)} \right)} + a_{10} \cos{\left(a_{28} s \right)} + a_{11} \cos{\left(a_{31} s \right)} + a_{12} \sin{\left(a_{29} s \right)} + a_{13} \sin{\left(a_{30} s \right)} + a_{24} \sin{\left(\cos{\left(a_{19} + a_{22} s \right)} \right)} + a_{27} + a_{9} \sin{\left(s \left(a_{0} + \operatorname{acos}{\left(s \right)}\right) \right)} + \left(a_{20} + a_{26} s\right) \left(4 s \left(a_{17} + a_{18} s \left(a_{16} + s\right) \left(a_{14} s \tanh{\left(\sin{\left(4 s \right)} \right)} + a_{21} + a_{8} \sqrt{1 - s^{2}}\right) + a_{2} s \operatorname{asin}{\left(\operatorname{asin}{\left(\tanh{\left(s \right)} \right)} \right)} + a_{3} \sqrt{\sqrt{s} + \operatorname{asin}{\left(s \right)}}\right) + \left(a_{4} + 4 s\right) \left(a_{15} \sin{\left(a_{23} s \right)} + a_{5} + a_{6} \sqrt{s}\right) - \tanh{\left(\operatorname{asin}{\left(\operatorname{sech}{\left(a_{25} s \right)} \right)} \right)}\right)$,$y(s) = a_{1} \operatorname{asin}{\left(\cos{\left(a_{7} + \operatorname{acos}{\left(s \right)} \right)} \right)} + a_{10} \cos{\left(a_{28} s \right)} + a_{11} \cos{\left(a_{31} s \right)} + a_{12} \sin{\left(a_{29} s \right)} + a_{13} \sin{\left(a_{30} s \right)} + a_{24} \sin{\left(\cos{\left(a_{19} + a_{22} s \right)} \right)} + a_{27} + a_{9} \sin{\left(s \left(a_{0} + \operatorname{acos}{\left(s \right)}\right) \right)} + \left(a_{20} + a_{26} s\right) \left(4 s \left(a_{17} + a_{18} s \left(a_{16} + s\right) \left(a_{14} s \tanh{\left(\sin{\left(4 s \right)} \right)} + a_{21} + a_{8} \sqrt{1 - s^{2}}\right) + a_{2} s \operatorname{asin}{\left(\operatorname{asin}{\left(\tanh{\left(s \right)} \right)} \right)} + a_{3} \sqrt{\sqrt{s} + \operatorname{asin}{\left(s \right)}}\right) + \left(a_{4} + 4 s\right) \left(a_{15} \sin{\left(a_{23} s \right)} + a_{5} + a_{6} \sqrt{s}\right) - \tanh{\left(\operatorname{asin}{\left(\operatorname{sech}{\left(a_{25} s \right)} \right)} \right)}\right)$,$y(s) = a_{1} \operatorname{asin}{\left(\cos{\left(a_{7} + \operatorname{acos}{\left(s \right)} \right)} \right)} + a_{10} \cos{\left(a_{28} s \right)} + a_{11} \cos{\left(a_{31} s \right)} + a_{12} \sin{\left(a_{29} s \right)} + a_{13} \sin{\left(a_{30} s \right)} + a_{24} \sin{\left(\cos{\left(a_{19} + a_{22} s \right)} \right)} + a_{27} + a_{9} \sin{\left(s \left(a_{0} + \operatorname{acos}{\left(s \right)}\right) \right)} + \left(a_{20} + a_{26} s\right) \left(4 s \left(a_{17} + a_{18} s \left(a_{16} + s\right) \left(a_{14} s \tanh{\left(\sin{\left(4 s \right)} \right)} + a_{21} + a_{8} \sqrt{1 - s^{2}}\right) + a_{2} s \operatorname{asin}{\left(\operatorname{asin}{\left(\tanh{\left(s \right)} \right)} \right)} + a_{3} \sqrt{\sqrt{s} + \operatorname{asin}{\left(s \right)}}\right) + \left(a_{4} + 4 s\right) \left(a_{15} \sin{\left(a_{23} s \right)} + a_{5} + a_{6} \sqrt{s}\right) - \tanh{\left(\operatorname{asin}{\left(\operatorname{sech}{\left(a_{25} s \right)} \right)} \right)}\right)$,2.96228654511675,40,24
42,16,39,97,$z(s) = a_{1} \operatorname{asin}{\left(\cos{\left(a_{10} + \operatorname{acos}{\left(s \right)} \right)} \right)} + a_{19} \cos{\left(a_{39} s \right)} + a_{2} \sin{\left(\cos{\left(a_{11} + a_{30} s \right)} \right)} + a_{24} \cos{\left(a_{36} s \right)} + a_{25} \sin{\left(s \left(a_{0} + \operatorname{acos}{\left(s \right)}\right) \right)} + a_{26} \sin{\left(a_{38} s \right)} + a_{8} \sin{\left(a_{37} s \right)} + \left(a_{13} + a_{20} s\right) \cos{\left(a_{22} + \left(s - 2\right) \left(a_{4} s + a_{40}\right) \right)} + \left(a_{17} s + a_{18}\right) \tanh{\left(\left(a_{15} - \sin{\left(a_{41} s \right)}\right) \left(a_{32} + a_{5} s\right) \right)} + \left(a_{34} s + a_{35}\right) \left(4 s \left(a_{28} + a_{29} s \left(a_{16} + s\right) \left(a_{12} \sqrt{1 - s^{2}} + a_{23} s \tanh{\left(\sin{\left(4 s \right)} \right)} + a_{27}\right) + a_{3} s \operatorname{asin}{\left(\operatorname{asin}{\left(\tanh{\left(s \right)} \right)} \right)} + a_{6} \sqrt{s + \operatorname{asin}{\left(s \right)}}\right) + \left(a_{9} + 2 s\right) \left(a_{14} \sin{\left(a_{31} s \right)} + a_{21} \sqrt{s} + a_{7}\right) - \tanh{\left(\operatorname{asin}{\left(\operatorname{sech}{\left(a_{33} s \right)} \right)} \right)}\right)$,$x(s) = a_{13} + \left(- s - \sin{\left(\sin{\left(\sin{\left(a_{6} + s \right)} \right)} \right)}\right) \left(a_{1} \operatorname{acos}{\left(s \right)} + a_{14} + \left(a_{0} + a_{12} \left(a_{2} - 32 s\right) \left(- \sin{\left(4 \cos{\left(s \right)} \right)} + \operatorname{sech}{\left(s \right)}\right) + a_{12} \tanh{\left(8 s \right)} + a_{15} \sqrt{1 - \cos^{2}{\left(s \right)}} + a_{3} s \left(2 s - \tanh{\left(4 s \right)}\right) \left(s - \cos{\left(a_{11} s \right)} + 2\right) + a_{4} \left(32 \operatorname{asin}{\left(s \right)} + 64\right) \left(a_{5} + s \left(a_{10} + a_{9} s \left(a_{7} + s\right) \operatorname{acos}{\left(s \right)}\right) + s + \operatorname{sech}{\left(s \right)}\right)\right) \operatorname{acos}{\left(\operatorname{sech}{\left(\cos{\left(a_{8} + s \right)} \right)} \right)}\right)$,$y(s) = a_{1} \sin{\left(\cos{\left(a_{27} s + a_{7} \right)} \right)} + a_{12} \cos{\left(a_{36} s \right)} + a_{14} \cos{\left(a_{31} s \right)} + a_{20} \sin{\left(s \left(a_{0} + \operatorname{acos}{\left(s \right)}\right) \right)} + a_{23} \sin{\left(a_{34} s \right)} + a_{33} \operatorname{acos}{\left(\cos{\left(a_{8} + \operatorname{acos}{\left(s \right)} \right)} \right)} + a_{6} \sin{\left(a_{35} s \right)} - \left(a_{19} + a_{9} s\right) \cos{\left(a_{5} + \left(s - 2\right) \left(a_{3} s + a_{37}\right) \right)} + \left(a_{13} s + a_{16}\right) \tanh{\left(64 s - 64 \sin{\left(a_{38} s \right)} \right)} + \left(a_{30} s + a_{32}\right) \left(4 s \left(a_{2} s \operatorname{asin}{\left(\operatorname{acos}{\left(\operatorname{sech}{\left(s \right)} \right)} \right)} + a_{25} + a_{26} s \left(a_{22} + s\right) \left(a_{11} \sqrt{1 - s^{2}} + a_{15} s \tanh{\left(\sin{\left(4 s \right)} \right)} + a_{24}\right) + a_{4} \sqrt{s + \operatorname{asin}{\left(s \right)}}\right) - \left(a_{21} s - 1\right) \left(a_{10} \sin{\left(a_{28} s \right)} + a_{17} + \sqrt{s} \left(a_{18} + s\right)\right) - \tanh{\left(\operatorname{asin}{\left(\operatorname{sech}{\left(a_{29} s \right)} \right)} \right)}\right)$,1.8119684013321526,50,53
16,42,39,97,$x(s) = a_{13} + \left(- s - \sin{\left(\sin{\left(\sin{\left(a_{6} + s \right)} \right)} \right)}\right) \left(a_{1} \operatorname{acos}{\left(s \right)} + a_{14} + \left(a_{0} + a_{12} \left(a_{2} - 32 s\right) \left(- \sin{\left(4 \cos{\left(s \right)} \right)} + \operatorname{sech}{\left(s \right)}\right) + a_{12} \tanh{\left(8 s \right)} + a_{15} \sqrt{1 - \cos^{2}{\left(s \right)}} + a_{3} s \left(2 s - \tanh{\left(4 s \right)}\right) \left(s - \cos{\left(a_{11} s \right)} + 2\right) + a_{4} \left(32 \operatorname{asin}{\left(s \right)} + 64\right) \left(a_{5} + s \left(a_{10} + a_{9} s \left(a_{7} + s\right) \operatorname{acos}{\left(s \right)}\right) + s + \operatorname{sech}{\left(s \right)}\right)\right) \operatorname{acos}{\left(\operatorname{sech}{\left(\cos{\left(a_{8} + s \right)} \right)} \right)}\right)$,$z(s) = a_{1} \operatorname{asin}{\left(\cos{\left(a_{10} + \operatorname{acos}{\left(s \right)} \right)} \right)} + a_{19} \cos{\left(a_{39} s \right)} + a_{2} \sin{\left(\cos{\left(a_{11} + a_{30} s \right)} \right)} + a_{24} \cos{\left(a_{36} s \right)} + a_{25} \sin{\left(s \left(a_{0} + \operatorname{acos}{\left(s \right)}\right) \right)} + a_{26} \sin{\left(a_{38} s \right)} + a_{8} \sin{\left(a_{37} s \right)} + \left(a_{13} + a_{20} s\right) \cos{\left(a_{22} + \left(s - 2\right) \left(a_{4} s + a_{40}\right) \right)} + \left(a_{17} s + a_{18}\right) \tanh{\left(\left(a_{15} - \sin{\left(a_{41} s \right)}\right) \left(a_{32} + a_{5} s\right) \right)} + \left(a_{34} s + a_{35}\right) \left(4 s \left(a_{28} + a_{29} s \left(a_{16} + s\right) \left(a_{12} \sqrt{1 - s^{2}} + a_{23} s \tanh{\left(\sin{\left(4 s \right)} \right)} + a_{27}\right) + a_{3} s \operatorname{asin}{\left(\operatorname{asin}{\left(\tanh{\left(s \right)} \right)} \right)} + a_{6} \sqrt{s + \operatorname{asin}{\left(s \right)}}\right) + \left(a_{9} + 2 s\right) \left(a_{14} \sin{\left(a_{31} s \right)} + a_{21} \sqrt{s} + a_{7}\right) - \tanh{\left(\operatorname{asin}{\left(\operatorname{sech}{\left(a_{33} s \right)} \right)} \right)}\right)$,$x(s) = a_{1} \operatorname{asin}{\left(\cos{\left(a_{10} + \operatorname{acos}{\left(s \right)} \right)} \right)} + a_{15} \tanh{\left(\left(a_{28} + a_{5} s\right) \sin{\left(a_{38} s \right)} \right)} + a_{17} \cos{\left(a_{36} s \right)} + a_{2} \sin{\left(\cos{\left(a_{11} + a_{27} s \right)} \right)} + a_{21} \cos{\left(a_{33} s \right)} + a_{22} \sin{\left(s \left(a_{0} + \operatorname{acos}{\left(s \right)}\right) \right)} + a_{24} \sin{\left(a_{35} s \right)} + a_{8} \sin{\left(a_{34} s \right)} + \left(a_{13} + a_{18} s\right) \cos{\left(a_{20} + \left(a_{37} + a_{4} s\right) \left(s - 2\right) \right)} + \left(a_{30} s + a_{32}\right) \left(4 s \left(a_{25} + a_{3} s \operatorname{asin}{\left(\operatorname{asin}{\left(\tanh{\left(s \right)} \right)} \right)} + a_{6} \sqrt{s + \operatorname{asin}{\left(s \right)}} + 4 s \left(a_{16} + s\right) \left(a_{12} \sqrt{1 - s^{2}} + a_{23} s \tanh{\left(\sin{\left(4 s \right)} \right)} + a_{26}\right)\right) + \left(a_{9} + 2 s\right) \left(a_{14} \sin{\left(a_{29} s \right)} + a_{19} \sqrt{s} + a_{7}\right) - \tanh{\left(\operatorname{asin}{\left(\operatorname{sech}{\left(a_{31} s \right)} \right)} \right)}\right)$,2.083612447333416,50,53
32,32,39,103,$y(s) = a_{1} \operatorname{asin}{\left(\cos{\left(a_{7} + \operatorname{acos}{\left(s \right)} \right)} \right)} + a_{10} \cos{\left(a_{28} s \right)} + a_{11} \cos{\left(a_{31} s \right)} + a_{12} \sin{\left(a_{29} s \right)} + a_{13} \sin{\left(a_{30} s \right)} + a_{24} \sin{\left(\cos{\left(a_{19} + a_{22} s \right)} \right)} + a_{27} + a_{9} \sin{\left(s \left(a_{0} + \operatorname{acos}{\left(s \right)}\right) \right)} + \left(a_{20} + a_{26} s\right) \left(4 s \left(a_{17} + a_{18} s \left(a_{16} + s\right) \left(a_{14} s \tanh{\left(\sin{\left(4 s \right)} \right)} + a_{21} + a_{8} \sqrt{1 - s^{2}}\right) + a_{2} s \operatorname{asin}{\left(\operatorname{asin}{\left(\tanh{\left(s \right)} \right)} \right)} + a_{3} \sqrt{\sqrt{s} + \operatorname{asin}{\left(s \right)}}\right) + \left(a_{4} + 4 s\right) \left(a_{15} \sin{\left(a_{23} s \right)} + a_{5} + a_{6} \sqrt{s}\right) - \tanh{\left(\operatorname{asin}{\left(\operatorname{sech}{\left(a_{25} s \right)} \right)} \right)}\right)$,$y(s) = a_{1} \operatorname{asin}{\left(\cos{\left(a_{7} + \operatorname{acos}{\left(s \right)} \right)} \right)} + a_{10} \cos{\left(a_{28} s \right)} + a_{11} \cos{\left(a_{31} s \right)} + a_{12} \sin{\left(a_{29} s \right)} + a_{13} \sin{\left(a_{30} s \right)} + a_{24} \sin{\left(\cos{\left(a_{19} + a_{22} s \right)} \right)} + a_{27} + a_{9} \sin{\left(s \left(a_{0} + \operatorname{acos}{\left(s \right)}\right) \right)} + \left(a_{20} + a_{26} s\right) \left(4 s \left(a_{17} + a_{18} s \left(a_{16} + s\right) \left(a_{14} s \tanh{\left(\sin{\left(4 s \right)} \right)} + a_{21} + a_{8} \sqrt{1 - s^{2}}\right) + a_{2} s \operatorname{asin}{\left(\operatorname{asin}{\left(\tanh{\left(s \right)} \right)} \right)} + a_{3} \sqrt{\sqrt{s} + \operatorname{asin}{\left(s \right)}}\right) + \left(a_{4} + 4 s\right) \left(a_{15} \sin{\left(a_{23} s \right)} + a_{5} + a_{6} \sqrt{s}\right) - \tanh{\left(\operatorname{asin}{\left(\operatorname{sech}{\left(a_{25} s \right)} \right)} \right)}\right)$,$y(s) = a_{1} \sin{\left(\cos{\left(a_{27} s + a_{7} \right)} \right)} + a_{12} \cos{\left(a_{36} s \right)} + a_{14} \cos{\left(a_{31} s \right)} + a_{20} \sin{\left(s \left(a_{0} + \operatorname{acos}{\left(s \right)}\right) \right)} + a_{23} \sin{\left(a_{34} s \right)} + a_{33} \operatorname{acos}{\left(\cos{\left(a_{8} + \operatorname{acos}{\left(s \right)} \right)} \right)} + a_{6} \sin{\left(a_{35} s \right)} - \left(a_{19} + a_{9} s\right) \cos{\left(a_{5} + \left(s - 2\right) \left(a_{3} s + a_{37}\right) \right)} + \left(a_{13} s + a_{16}\right) \tanh{\left(64 s - 64 \sin{\left(a_{38} s \right)} \right)} + \left(a_{30} s + a_{32}\right) \left(4 s \left(a_{2} s \operatorname{asin}{\left(\operatorname{acos}{\left(\operatorname{sech}{\left(s \right)} \right)} \right)} + a_{25} + a_{26} s \left(a_{22} + s\right) \left(a_{11} \sqrt{1 - s^{2}} + a_{15} s \tanh{\left(\sin{\left(4 s \right)} \right)} + a_{24}\right) + a_{4} \sqrt{s + \operatorname{asin}{\left(s \right)}}\right) - \left(a_{21} s - 1\right) \left(a_{10} \sin{\left(a_{28} s \right)} + a_{17} + \sqrt{s} \left(a_{18} + s\right)\right) - \tanh{\left(\operatorname{asin}{\left(\operatorname{sech}{\left(a_{29} s \right)} \right)} \right)}\right)$,2.9570952082648727,46,35
32,39,32,103,$y(s) = a_{1} \operatorname{asin}{\left(\cos{\left(a_{6} + \operatorname{acos}{\left(s \right)} \right)} \right)} + a_{10} \cos{\left(a_{31} s \right)} + a_{11} \sin{\left(a_{30} s \right)} + a_{12} \sin{\left(s \left(a_{0} + \operatorname{acos}{\left(s \right)}\right) \right)} + a_{13} \sin{\left(a_{29} s \right)} + a_{24} \sin{\left(\cos{\left(a_{18} + a_{22} s \right)} \right)} + a_{27} + a_{9} \cos{\left(a_{28} s \right)} + \left(a_{20} + a_{26} s\right) \left(4 s \left(a_{17} + a_{19} s \left(a_{15} + s\right) \left(a_{16} s \tanh{\left(\sin{\left(4 s \right)} \right)} + a_{21} + a_{7} \sqrt{1 - s^{2}}\right) + a_{2} s \operatorname{asin}{\left(\operatorname{asin}{\left(\tanh{\left(s \right)} \right)} \right)} + a_{3} \sqrt{\sqrt{s} + \operatorname{asin}{\left(s \right)}}\right) + \left(a_{4} + 4 s\right) \left(a_{14} \sqrt{s} + a_{5} + a_{8} \sin{\left(a_{23} s \right)}\right) - \tanh{\left(\operatorname{asin}{\left(\operatorname{sech}{\left(a_{25} s \right)} \right)} \right)}\right)$,$y(s) = a_{1} \sin{\left(\cos{\left(a_{27} s + a_{7} \right)} \right)} + a_{12} \cos{\left(a_{36} s \right)} + a_{14} \cos{\left(a_{31} s \right)} + a_{20} \sin{\left(s \left(a_{0} + \operatorname{acos}{\left(s \right)}\right) \right)} + a_{23} \sin{\left(a_{34} s \right)} + a_{33} \operatorname{acos}{\left(\cos{\left(a_{8} + \operatorname{acos}{\left(s \right)} \right)} \right)} + a_{6} \sin{\left(a_{35} s \right)} - \left(a_{19} + a_{9} s\right) \cos{\left(a_{5} + \left(s - 2\right) \left(a_{3} s + a_{37}\right) \right)} + \left(a_{13} s + a_{16}\right) \tanh{\left(64 s - 64 \sin{\left(a_{38} s \right)} \right)} + \left(a_{30} s + a_{32}\right) \left(4 s \left(a_{2} s \operatorname{asin}{\left(\operatorname{acos}{\left(\operatorname{sech}{\left(s \right)} \right)} \right)} + a_{25} + a_{26} s \left(a_{22} + s\right) \left(a_{11} \sqrt{1 - s^{2}} + a_{15} s \tanh{\left(\sin{\left(4 s \right)} \right)} + a_{24}\right) + a_{4} \sqrt{s + \operatorname{asin}{\left(s \right)}}\right) - \left(a_{21} s - 1\right) \left(a_{10} \sin{\left(a_{28} s \right)} + a_{17} + \sqrt{s} \left(a_{18} + s\right)\right) - \tanh{\left(\operatorname{asin}{\left(\operatorname{sech}{\left(a_{29} s \right)} \right)} \right)}\right)$,$y(s) = a_{1} \operatorname{asin}{\left(\cos{\left(a_{6} + \operatorname{acos}{\left(s \right)} \right)} \right)} + a_{10} \cos{\left(a_{31} s \right)} + a_{11} \sin{\left(a_{30} s \right)} + a_{12} \sin{\left(s \left(a_{0} + \operatorname{acos}{\left(s \right)}\right) \right)} + a_{13} \sin{\left(a_{29} s \right)} + a_{24} \sin{\left(\cos{\left(a_{18} + a_{22} s \right)} \right)} + a_{27} + a_{9} \cos{\left(a_{28} s \right)} + \left(a_{20} + a_{26} s\right) \left(4 s \left(a_{17} + a_{19} s \left(a_{15} + s\right) \left(a_{16} s \tanh{\left(\sin{\left(4 s \right)} \right)} + a_{21} + a_{7} \sqrt{1 - s^{2}}\right) + a_{2} s \operatorname{asin}{\left(\operatorname{asin}{\left(\tanh{\left(s \right)} \right)} \right)} + a_{3} \sqrt{\sqrt{s} + \operatorname{asin}{\left(s \right)}}\right) + \left(a_{4} + 4 s\right) \left(a_{14} \sqrt{s} + a_{5} + a_{8} \sin{\left(a_{23} s \right)}\right) - \tanh{\left(\operatorname{asin}{\left(\operatorname{sech}{\left(a_{25} s \right)} \right)} \right)}\right)$,0.42226155507341545,44,29
39,32,32,103,$y(s) = a_{1} \sin{\left(\cos{\left(a_{27} s + a_{7} \right)} \right)} + a_{12} \cos{\left(a_{36} s \right)} + a_{14} \cos{\left(a_{31} s \right)} + a_{20} \sin{\left(s \left(a_{0} + \operatorname{acos}{\left(s \right)}\right) \right)} + a_{23} \sin{\left(a_{34} s \right)} + a_{33} \operatorname{acos}{\left(\cos{\left(a_{8} + \operatorname{acos}{\left(s \right)} \right)} \right)} + a_{6} \sin{\left(a_{35} s \right)} - \left(a_{19} + a_{9} s\right) \cos{\left(a_{5} + \left(s - 2\right) \left(a_{3} s + a_{37}\right) \right)} + \left(a_{13} s + a_{16}\right) \tanh{\left(64 s - 64 \sin{\left(a_{38} s \right)} \right)} + \left(a_{30} s + a_{32}\right) \left(4 s \left(a_{2} s \operatorname{asin}{\left(\operatorname{acos}{\left(\operatorname{sech}{\left(s \right)} \right)} \right)} + a_{25} + a_{26} s \left(a_{22} + s\right) \left(a_{11} \sqrt{1 - s^{2}} + a_{15} s \tanh{\left(\sin{\left(4 s \right)} \right)} + a_{24}\right) + a_{4} \sqrt{s + \operatorname{asin}{\left(s \right)}}\right) - \left(a_{21} s - 1\right) \left(a_{10} \sin{\left(a_{28} s \right)} + a_{17} + \sqrt{s} \left(a_{18} + s\right)\right) - \tanh{\left(\operatorname{asin}{\left(\operatorname{sech}{\left(a_{29} s \right)} \right)} \right)}\right)$,$y(s) = a_{1} \operatorname{asin}{\left(\cos{\left(a_{7} + \operatorname{acos}{\left(s \right)} \right)} \right)} + a_{10} \cos{\left(a_{28} s \right)} + a_{11} \cos{\left(a_{31} s \right)} + a_{12} \sin{\left(a_{29} s \right)} + a_{13} \sin{\left(a_{30} s \right)} + a_{24} \sin{\left(\cos{\left(a_{19} + a_{22} s \right)} \right)} + a_{27} + a_{9} \sin{\left(s \left(a_{0} + \operatorname{acos}{\left(s \right)}\right) \right)} + \left(a_{20} + a_{26} s\right) \left(4 s \left(a_{17} + a_{18} s \left(a_{16} + s\right) \left(a_{14} s \tanh{\left(\sin{\left(4 s \right)} \right)} + a_{21} + a_{8} \sqrt{1 - s^{2}}\right) + a_{2} s \operatorname{asin}{\left(\operatorname{asin}{\left(\tanh{\left(s \right)} \right)} \right)} + a_{3} \sqrt{\sqrt{s} + \operatorname{asin}{\left(s \right)}}\right) + \left(a_{4} + 4 s\right) \left(a_{15} \sin{\left(a_{23} s \right)} + a_{5} + a_{6} \sqrt{s}\right) - \tanh{\left(\operatorname{asin}{\left(\operatorname{sech}{\left(a_{25} s \right)} \right)} \right)}\right)$,$y(s) = a_{1} \operatorname{asin}{\left(\cos{\left(a_{7} + \operatorname{acos}{\left(s \right)} \right)} \right)} + a_{10} \cos{\left(a_{28} s \right)} + a_{11} \cos{\left(a_{31} s \right)} + a_{12} \sin{\left(a_{29} s \right)} + a_{13} \sin{\left(a_{30} s \right)} + a_{24} \sin{\left(\cos{\left(a_{19} + a_{22} s \right)} \right)} + a_{27} + a_{9} \sin{\left(s \left(a_{0} + \operatorname{acos}{\left(s \right)}\right) \right)} + \left(a_{20} + a_{26} s\right) \left(4 s \left(a_{17} + a_{18} s \left(a_{16} + s\right) \left(a_{14} s \tanh{\left(\sin{\left(4 s \right)} \right)} + a_{21} + a_{8} \sqrt{1 - s^{2}}\right) + a_{2} s \operatorname{asin}{\left(\operatorname{asin}{\left(\tanh{\left(s \right)} \right)} \right)} + a_{3} \sqrt{\sqrt{s} + \operatorname{asin}{\left(s \right)}}\right) + \left(a_{4} + 4 s\right) \left(a_{15} \sin{\left(a_{23} s \right)} + a_{5} + a_{6} \sqrt{s}\right) - \tanh{\left(\operatorname{asin}{\left(\operatorname{sech}{\left(a_{25} s \right)} \right)} \right)}\right)$,2.897072935673037,45,32
32,42,32,106,$y(s) = a_{1} \operatorname{asin}{\left(\cos{\left(a_{6} + \operatorname{acos}{\left(s \right)} \right)} \right)} + a_{10} \cos{\left(a_{31} s \right)} + a_{11} \sin{\left(a_{30} s \right)} + a_{12} \sin{\left(s \left(a_{0} + \operatorname{acos}{\left(s \right)}\right) \right)} + a_{13} \sin{\left(a_{29} s \right)} + a_{24} \sin{\left(\cos{\left(a_{18} + a_{22} s \right)} \right)} + a_{27} + a_{9} \cos{\left(a_{28} s \right)} + \left(a_{20} + a_{26} s\right) \left(4 s \left(a_{17} + a_{19} s \left(a_{15} + s\right) \left(a_{16} s \tanh{\left(\sin{\left(4 s \right)} \right)} + a_{21} + a_{7} \sqrt{1 - s^{2}}\right) + a_{2} s \operatorname{asin}{\left(\operatorname{asin}{\left(\tanh{\left(s \right)} \right)} \right)} + a_{3} \sqrt{\sqrt{s} + \operatorname{asin}{\left(s \right)}}\right) + \left(a_{4} + 4 s\right) \left(a_{14} \sqrt{s} + a_{5} + a_{8} \sin{\left(a_{23} s \right)}\right) - \tanh{\left(\operatorname{asin}{\left(\operatorname{sech}{\left(a_{25} s \right)} \right)} \right)}\right)$,$z(s) = a_{1} \operatorname{asin}{\left(\cos{\left(a_{10} + \operatorname{acos}{\left(s \right)} \right)} \right)} + a_{19} \cos{\left(a_{39} s \right)} + a_{2} \sin{\left(\cos{\left(a_{11} + a_{30} s \right)} \right)} + a_{24} \cos{\left(a_{36} s \right)} + a_{25} \sin{\left(s \left(a_{0} + \operatorname{acos}{\left(s \right)}\right) \right)} + a_{26} \sin{\left(a_{38} s \right)} + a_{8} \sin{\left(a_{37} s \right)} + \left(a_{13} + a_{20} s\right) \cos{\left(a_{22} + \left(s - 2\right) \left(a_{4} s + a_{40}\right) \right)} + \left(a_{17} s + a_{18}\right) \tanh{\left(\left(a_{15} - \sin{\left(a_{41} s \right)}\right) \left(a_{32} + a_{5} s\right) \right)} + \left(a_{34} s + a_{35}\right) \left(4 s \left(a_{28} + a_{29} s \left(a_{16} + s\right) \left(a_{12} \sqrt{1 - s^{2}} + a_{23} s \tanh{\left(\sin{\left(4 s \right)} \right)} + a_{27}\right) + a_{3} s \operatorname{asin}{\left(\operatorname{asin}{\left(\tanh{\left(s \right)} \right)} \right)} + a_{6} \sqrt{s + \operatorname{asin}{\left(s \right)}}\right) + \left(a_{9} + 2 s\right) \left(a_{14} \sin{\left(a_{31} s \right)} + a_{21} \sqrt{s} + a_{7}\right) - \tanh{\left(\operatorname{asin}{\left(\operatorname{sech}{\left(a_{33} s \right)} \right)} \right)}\right)$,$y(s) = a_{1} \operatorname{asin}{\left(\cos{\left(a_{7} + \operatorname{acos}{\left(s \right)} \right)} \right)} + a_{10} \cos{\left(a_{28} s \right)} + a_{11} \cos{\left(a_{31} s \right)} + a_{12} \sin{\left(a_{29} s \right)} + a_{13} \sin{\left(a_{30} s \right)} + a_{24} \sin{\left(\cos{\left(a_{19} + a_{22} s \right)} \right)} + a_{27} + a_{9} \sin{\left(s \left(a_{0} + \operatorname{acos}{\left(s \right)}\right) \right)} + \left(a_{20} + a_{26} s\right) \left(4 s \left(a_{17} + a_{18} s \left(a_{16} + s\right) \left(a_{14} s \tanh{\left(\sin{\left(4 s \right)} \right)} + a_{21} + a_{8} \sqrt{1 - s^{2}}\right) + a_{2} s \operatorname{asin}{\left(\operatorname{asin}{\left(\tanh{\left(s \right)} \right)} \right)} + a_{3} \sqrt{\sqrt{s} + \operatorname{asin}{\left(s \right)}}\right) + \left(a_{4} + 4 s\right) \left(a_{15} \sin{\left(a_{23} s \right)} + a_{5} + a_{6} \sqrt{s}\right) - \tanh{\left(\operatorname{asin}{\left(\operatorname{sech}{\left(a_{25} s \right)} \right)} \right)}\right)$,2.7197600746627373,50,44
32,39,39,110,$y(s) = a_{1} \operatorname{asin}{\left(\cos{\left(a_{6} + \operatorname{acos}{\left(s \right)} \right)} \right)} + a_{10} \cos{\left(a_{31} s \right)} + a_{11} \sin{\left(a_{30} s \right)} + a_{12} \sin{\left(s \left(a_{0} + \operatorname{acos}{\left(s \right)}\right) \right)} + a_{13} \sin{\left(a_{29} s \right)} + a_{24} \sin{\left(\cos{\left(a_{18} + a_{22} s \right)} \right)} + a_{27} + a_{9} \cos{\left(a_{28} s \right)} + \left(a_{20} + a_{26} s\right) \left(4 s \left(a_{17} + a_{19} s \left(a_{15} + s\right) \left(a_{16} s \tanh{\left(\sin{\left(4 s \right)} \right)} + a_{21} + a_{7} \sqrt{1 - s^{2}}\right) + a_{2} s \operatorname{asin}{\left(\operatorname{asin}{\left(\tanh{\left(s \right)} \right)} \right)} + a_{3} \sqrt{\sqrt{s} + \operatorname{asin}{\left(s \right)}}\right) + \left(a_{4} + 4 s\right) \left(a_{14} \sqrt{s} + a_{5} + a_{8} \sin{\left(a_{23} s \right)}\right) - \tanh{\left(\operatorname{asin}{\left(\operatorname{sech}{\left(a_{25} s \right)} \right)} \right)}\right)$,$y(s) = a_{1} \sin{\left(\cos{\left(a_{27} s + a_{7} \right)} \right)} + a_{12} \cos{\left(a_{36} s \right)} + a_{14} \cos{\left(a_{31} s \right)} + a_{20} \sin{\left(s \left(a_{0} + \operatorname{acos}{\left(s \right)}\right) \right)} + a_{23} \sin{\left(a_{34} s \right)} + a_{33} \operatorname{acos}{\left(\cos{\left(a_{8} + \operatorname{acos}{\left(s \right)} \right)} \right)} + a_{6} \sin{\left(a_{35} s \right)} - \left(a_{19} + a_{9} s\right) \cos{\left(a_{5} + \left(s - 2\right) \left(a_{3} s + a_{37}\right) \right)} + \left(a_{13} s + a_{16}\right) \tanh{\left(64 s - 64 \sin{\left(a_{38} s \right)} \right)} + \left(a_{30} s + a_{32}\right) \left(4 s \left(a_{2} s \operatorname{asin}{\left(\operatorname{acos}{\left(\operatorname{sech}{\left(s \right)} \right)} \right)} + a_{25} + a_{26} s \left(a_{22} + s\right) \left(a_{11} \sqrt{1 - s^{2}} + a_{15} s \tanh{\left(\sin{\left(4 s \right)} \right)} + a_{24}\right) + a_{4} \sqrt{s + \operatorname{asin}{\left(s \right)}}\right) - \left(a_{21} s - 1\right) \left(a_{10} \sin{\left(a_{28} s \right)} + a_{17} + \sqrt{s} \left(a_{18} + s\right)\right) - \tanh{\left(\operatorname{asin}{\left(\operatorname{sech}{\left(a_{29} s \right)} \right)} \right)}\right)$,$y(s) = a_{1} \sin{\left(\cos{\left(a_{27} s + a_{7} \right)} \right)} + a_{12} \cos{\left(a_{36} s \right)} + a_{14} \cos{\left(a_{31} s \right)} + a_{20} \sin{\left(s \left(a_{0} + \operatorname{acos}{\left(s \right)}\right) \right)} + a_{23} \sin{\left(a_{34} s \right)} + a_{33} \operatorname{acos}{\left(\cos{\left(a_{8} + \operatorname{acos}{\left(s \right)} \right)} \right)} + a_{6} \sin{\left(a_{35} s \right)} - \left(a_{19} + a_{9} s\right) \cos{\left(a_{5} + \left(s - 2\right) \left(a_{3} s + a_{37}\right) \right)} + \left(a_{13} s + a_{16}\right) \tanh{\left(64 s - 64 \sin{\left(a_{38} s \right)} \right)} + \left(a_{30} s + a_{32}\right) \left(4 s \left(a_{2} s \operatorname{asin}{\left(\operatorname{acos}{\left(\operatorname{sech}{\left(s \right)} \right)} \right)} + a_{25} + a_{26} s \left(a_{22} + s\right) \left(a_{11} \sqrt{1 - s^{2}} + a_{15} s \tanh{\left(\sin{\left(4 s \right)} \right)} + a_{24}\right) + a_{4} \sqrt{s + \operatorname{asin}{\left(s \right)}}\right) - \left(a_{21} s - 1\right) \left(a_{10} \sin{\left(a_{28} s \right)} + a_{17} + \sqrt{s} \left(a_{18} + s\right)\right) - \tanh{\left(\operatorname{asin}{\left(\operatorname{sech}{\left(a_{29} s \right)} \right)} \right)}\right)$,0.32945698378707927,50,40
39,32,39,110,$y(s) = a_{1} \sin{\left(\cos{\left(a_{27} s + a_{7} \right)} \right)} + a_{12} \cos{\left(a_{36} s \right)} + a_{14} \cos{\left(a_{31} s \right)} + a_{20} \sin{\left(s \left(a_{0} + \operatorname{acos}{\left(s \right)}\right) \right)} + a_{23} \sin{\left(a_{34} s \right)} + a_{33} \operatorname{acos}{\left(\cos{\left(a_{8} + \operatorname{acos}{\left(s \right)} \right)} \right)} + a_{6} \sin{\left(a_{35} s \right)} - \left(a_{19} + a_{9} s\right) \cos{\left(a_{5} + \left(s - 2\right) \left(a_{3} s + a_{37}\right) \right)} + \left(a_{13} s + a_{16}\right) \tanh{\left(64 s - 64 \sin{\left(a_{38} s \right)} \right)} + \left(a_{30} s + a_{32}\right) \left(4 s \left(a_{2} s \operatorname{asin}{\left(\operatorname{acos}{\left(\operatorname{sech}{\left(s \right)} \right)} \right)} + a_{25} + a_{26} s \left(a_{22} + s\right) \left(a_{11} \sqrt{1 - s^{2}} + a_{15} s \tanh{\left(\sin{\left(4 s \right)} \right)} + a_{24}\right) + a_{4} \sqrt{s + \operatorname{asin}{\left(s \right)}}\right) - \left(a_{21} s - 1\right) \left(a_{10} \sin{\left(a_{28} s \right)} + a_{17} + \sqrt{s} \left(a_{18} + s\right)\right) - \tanh{\left(\operatorname{asin}{\left(\operatorname{sech}{\left(a_{29} s \right)} \right)} \right)}\right)$,$y(s) = a_{1} \operatorname{asin}{\left(\cos{\left(a_{6} + \operatorname{acos}{\left(s \right)} \right)} \right)} + a_{10} \cos{\left(a_{31} s \right)} + a_{11} \sin{\left(a_{30} s \right)} + a_{12} \sin{\left(s \left(a_{0} + \operatorname{acos}{\left(s \right)}\right) \right)} + a_{13} \sin{\left(a_{29} s \right)} + a_{24} \sin{\left(\cos{\left(a_{18} + a_{22} s \right)} \right)} + a_{27} + a_{9} \cos{\left(a_{28} s \right)} + \left(a_{20} + a_{26} s\right) \left(4 s \left(a_{17} + a_{19} s \left(a_{15} + s\right) \left(a_{16} s \tanh{\left(\sin{\left(4 s \right)} \right)} + a_{21} + a_{7} \sqrt{1 - s^{2}}\right) + a_{2} s \operatorname{asin}{\left(\operatorname{asin}{\left(\tanh{\left(s \right)} \right)} \right)} + a_{3} \sqrt{\sqrt{s} + \operatorname{asin}{\left(s \right)}}\right) + \left(a_{4} + 4 s\right) \left(a_{14} \sqrt{s} + a_{5} + a_{8} \sin{\left(a_{23} s \right)}\right) - \tanh{\left(\operatorname{asin}{\left(\operatorname{sech}{\left(a_{25} s \right)} \right)} \right)}\right)$,$y(s) = a_{1} \sin{\left(\cos{\left(a_{27} s + a_{7} \right)} \right)} + a_{12} \cos{\left(a_{36} s \right)} + a_{14} \cos{\left(a_{31} s \right)} + a_{20} \sin{\left(s \left(a_{0} + \operatorname{acos}{\left(s \right)}\right) \right)} + a_{23} \sin{\left(a_{34} s \right)} + a_{33} \operatorname{acos}{\left(\cos{\left(a_{8} + \operatorname{acos}{\left(s \right)} \right)} \right)} + a_{6} \sin{\left(a_{35} s \right)} - \left(a_{19} + a_{9} s\right) \cos{\left(a_{5} + \left(s - 2\right) \left(a_{3} s + a_{37}\right) \right)} + \left(a_{13} s + a_{16}\right) \tanh{\left(64 s - 64 \sin{\left(a_{38} s \right)} \right)} + \left(a_{30} s + a_{32}\right) \left(4 s \left(a_{2} s \operatorname{asin}{\left(\operatorname{acos}{\left(\operatorname{sech}{\left(s \right)} \right)} \right)} + a_{25} + a_{26} s \left(a_{22} + s\right) \left(a_{11} \sqrt{1 - s^{2}} + a_{15} s \tanh{\left(\sin{\left(4 s \right)} \right)} + a_{24}\right) + a_{4} \sqrt{s + \operatorname{asin}{\left(s \right)}}\right) - \left(a_{21} s - 1\right) \left(a_{10} \sin{\left(a_{28} s \right)} + a_{17} + \sqrt{s} \left(a_{18} + s\right)\right) - \tanh{\left(\operatorname{asin}{\left(\operatorname{sech}{\left(a_{29} s \right)} \right)} \right)}\right)$,1.0409628859824729,50,40
39,39,32,110,$x(s) = a_{1} \operatorname{asin}{\left(\cos{\left(a_{10} + \operatorname{acos}{\left(s \right)} \right)} \right)} + a_{15} \tanh{\left(\left(a_{28} + a_{5} s\right) \sin{\left(a_{38} s \right)} \right)} + a_{17} \cos{\left(a_{36} s \right)} + a_{2} \sin{\left(\cos{\left(a_{11} + a_{27} s \right)} \right)} + a_{21} \cos{\left(a_{33} s \right)} + a_{22} \sin{\left(s \left(a_{0} + \operatorname{acos}{\left(s \right)}\right) \right)} + a_{24} \sin{\left(a_{35} s \right)} + a_{8} \sin{\left(a_{34} s \right)} + \left(a_{13} + a_{18} s\right) \cos{\left(a_{20} + \left(a_{37} + a_{4} s\right) \left(s - 2\right) \right)} + \left(a_{30} s + a_{32}\right) \left(4 s \left(a_{25} + a_{3} s \operatorname{asin}{\left(\operatorname{asin}{\left(\tanh{\left(s \right)} \right)} \right)} + a_{6} \sqrt{s + \operatorname{asin}{\left(s \right)}} + 4 s \left(a_{16} + s\right) \left(a_{12} \sqrt{1 - s^{2}} + a_{23} s \tanh{\left(\sin{\left(4 s \right)} \right)} + a_{26}\right)\right) + \left(a_{9} + 2 s\right) \left(a_{14} \sin{\left(a_{29} s \right)} + a_{19} \sqrt{s} + a_{7}\right) - \tanh{\left(\operatorname{asin}{\left(\operatorname{sech}{\left(a_{31} s \right)} \right)} \right)}\right)$,$y(s) = a_{1} \sin{\left(\cos{\left(a_{27} s + a_{7} \right)} \right)} + a_{12} \cos{\left(a_{36} s \right)} + a_{14} \cos{\left(a_{31} s \right)} + a_{20} \sin{\left(s \left(a_{0} + \operatorname{acos}{\left(s \right)}\right) \right)} + a_{23} \sin{\left(a_{34} s \right)} + a_{33} \operatorname{acos}{\left(\cos{\left(a_{8} + \operatorname{acos}{\left(s \right)} \right)} \right)} + a_{6} \sin{\left(a_{35} s \right)} - \left(a_{19} + a_{9} s\right) \cos{\left(a_{5} + \left(s - 2\right) \left(a_{3} s + a_{37}\right) \right)} + \left(a_{13} s + a_{16}\right) \tanh{\left(64 s - 64 \sin{\left(a_{38} s \right)} \right)} + \left(a_{30} s + a_{32}\right) \left(4 s \left(a_{2} s \operatorname{asin}{\left(\operatorname{acos}{\left(\operatorname{sech}{\left(s \right)} \right)} \right)} + a_{25} + a_{26} s \left(a_{22} + s\right) \left(a_{11} \sqrt{1 - s^{2}} + a_{15} s \tanh{\left(\sin{\left(4 s \right)} \right)} + a_{24}\right) + a_{4} \sqrt{s + \operatorname{asin}{\left(s \right)}}\right) - \left(a_{21} s - 1\right) \left(a_{10} \sin{\left(a_{28} s \right)} + a_{17} + \sqrt{s} \left(a_{18} + s\right)\right) - \tanh{\left(\operatorname{asin}{\left(\operatorname{sech}{\left(a_{29} s \right)} \right)} \right)}\right)$,$y(s) = a_{1} \operatorname{asin}{\left(\cos{\left(a_{6} + \operatorname{acos}{\left(s \right)} \right)} \right)} + a_{10} \cos{\left(a_{31} s \right)} + a_{11} \sin{\left(a_{30} s \right)} + a_{12} \sin{\left(s \left(a_{0} + \operatorname{acos}{\left(s \right)}\right) \right)} + a_{13} \sin{\left(a_{29} s \right)} + a_{24} \sin{\left(\cos{\left(a_{18} + a_{22} s \right)} \right)} + a_{27} + a_{9} \cos{\left(a_{28} s \right)} + \left(a_{20} + a_{26} s\right) \left(4 s \left(a_{17} + a_{19} s \left(a_{15} + s\right) \left(a_{16} s \tanh{\left(\sin{\left(4 s \right)} \right)} + a_{21} + a_{7} \sqrt{1 - s^{2}}\right) + a_{2} s \operatorname{asin}{\left(\operatorname{asin}{\left(\tanh{\left(s \right)} \right)} \right)} + a_{3} \sqrt{\sqrt{s} + \operatorname{asin}{\left(s \right)}}\right) + \left(a_{4} + 4 s\right) \left(a_{14} \sqrt{s} + a_{5} + a_{8} \sin{\left(a_{23} s \right)}\right) - \tanh{\left(\operatorname{asin}{\left(\operatorname{sech}{\left(a_{25} s \right)} \right)} \right)}\right)$,-0.31638273544449225,43,19
32,42,39,113,$y(s) = a_{1} \operatorname{asin}{\left(\cos{\left(a_{6} + \operatorname{acos}{\left(s \right)} \right)} \right)} + a_{10} \cos{\left(a_{31} s \right)} + a_{11} \sin{\left(a_{30} s \right)} + a_{12} \sin{\left(s \left(a_{0} + \operatorname{acos}{\left(s \right)}\right) \right)} + a_{13} \sin{\left(a_{29} s \right)} + a_{24} \sin{\left(\cos{\left(a_{18} + a_{22} s \right)} \right)} + a_{27} + a_{9} \cos{\left(a_{28} s \right)} + \left(a_{20} + a_{26} s\right) \left(4 s \left(a_{17} + a_{19} s \left(a_{15} + s\right) \left(a_{16} s \tanh{\left(\sin{\left(4 s \right)} \right)} + a_{21} + a_{7} \sqrt{1 - s^{2}}\right) + a_{2} s \operatorname{asin}{\left(\operatorname{asin}{\left(\tanh{\left(s \right)} \right)} \right)} + a_{3} \sqrt{\sqrt{s} + \operatorname{asin}{\left(s \right)}}\right) + \left(a_{4} + 4 s\right) \left(a_{14} \sqrt{s} + a_{5} + a_{8} \sin{\left(a_{23} s \right)}\right) - \tanh{\left(\operatorname{asin}{\left(\operatorname{sech}{\left(a_{25} s \right)} \right)} \right)}\right)$,$z(s) = a_{1} \operatorname{asin}{\left(\cos{\left(a_{10} + \operatorname{acos}{\left(s \right)} \right)} \right)} + a_{19} \cos{\left(a_{39} s \right)} + a_{2} \sin{\left(\cos{\left(a_{11} + a_{30} s \right)} \right)} + a_{24} \cos{\left(a_{36} s \right)} + a_{25} \sin{\left(s \left(a_{0} + \operatorname{acos}{\left(s \right)}\right) \right)} + a_{26} \sin{\left(a_{38} s \right)} + a_{8} \sin{\left(a_{37} s \right)} + \left(a_{13} + a_{20} s\right) \cos{\left(a_{22} + \left(s - 2\right) \left(a_{4} s + a_{40}\right) \right)} + \left(a_{17} s + a_{18}\right) \tanh{\left(\left(a_{15} - \sin{\left(a_{41} s \right)}\right) \left(a_{32} + a_{5} s\right) \right)} + \left(a_{34} s + a_{35}\right) \left(4 s \left(a_{28} + a_{29} s \left(a_{16} + s\right) \left(a_{12} \sqrt{1 - s^{2}} + a_{23} s \tanh{\left(\sin{\left(4 s \right)} \right)} + a_{27}\right) + a_{3} s \operatorname{asin}{\left(\operatorname{asin}{\left(\tanh{\left(s \right)} \right)} \right)} + a_{6} \sqrt{s + \operatorname{asin}{\left(s \right)}}\right) + \left(a_{9} + 2 s\right) \left(a_{14} \sin{\left(a_{31} s \right)} + a_{21} \sqrt{s} + a_{7}\right) - \tanh{\left(\operatorname{asin}{\left(\operatorname{sech}{\left(a_{33} s \right)} \right)} \right)}\right)$,$x(s) = a_{1} \operatorname{asin}{\left(\cos{\left(a_{10} + \operatorname{acos}{\left(s \right)} \right)} \right)} + a_{15} \tanh{\left(\left(a_{28} + a_{5} s\right) \sin{\left(a_{38} s \right)} \right)} + a_{17} \cos{\left(a_{36} s \right)} + a_{2} \sin{\left(\cos{\left(a_{11} + a_{27} s \right)} \right)} + a_{21} \cos{\left(a_{33} s \right)} + a_{22} \sin{\left(s \left(a_{0} + \operatorname{acos}{\left(s \right)}\right) \right)} + a_{24} \sin{\left(a_{35} s \right)} + a_{8} \sin{\left(a_{34} s \right)} + \left(a_{13} + a_{18} s\right) \cos{\left(a_{20} + \left(a_{37} + a_{4} s\right) \left(s - 2\right) \right)} + \left(a_{30} s + a_{32}\right) \left(4 s \left(a_{25} + a_{3} s \operatorname{asin}{\left(\operatorname{asin}{\left(\tanh{\left(s \right)} \right)} \right)} + a_{6} \sqrt{s + \operatorname{asin}{\left(s \right)}} + 4 s \left(a_{16} + s\right) \left(a_{12} \sqrt{1 - s^{2}} + a_{23} s \tanh{\left(\sin{\left(4 s \right)} \right)} + a_{26}\right)\right) + \left(a_{9} + 2 s\right) \left(a_{14} \sin{\left(a_{29} s \right)} + a_{19} \sqrt{s} + a_{7}\right) - \tanh{\left(\operatorname{asin}{\left(\operatorname{sech}{\left(a_{31} s \right)} \right)} \right)}\right)$,2.467192456004277,47,28
39,32,42,113,$y(s) = a_{1} \sin{\left(\cos{\left(a_{27} s + a_{7} \right)} \right)} + a_{12} \cos{\left(a_{36} s \right)} + a_{14} \cos{\left(a_{31} s \right)} + a_{20} \sin{\left(s \left(a_{0} + \operatorname{acos}{\left(s \right)}\right) \right)} + a_{23} \sin{\left(a_{34} s \right)} + a_{33} \operatorname{acos}{\left(\cos{\left(a_{8} + \operatorname{acos}{\left(s \right)} \right)} \right)} + a_{6} \sin{\left(a_{35} s \right)} - \left(a_{19} + a_{9} s\right) \cos{\left(a_{5} + \left(s - 2\right) \left(a_{3} s + a_{37}\right) \right)} + \left(a_{13} s + a_{16}\right) \tanh{\left(64 s - 64 \sin{\left(a_{38} s \right)} \right)} + \left(a_{30} s + a_{32}\right) \left(4 s \left(a_{2} s \operatorname{asin}{\left(\operatorname{acos}{\left(\operatorname{sech}{\left(s \right)} \right)} \right)} + a_{25} + a_{26} s \left(a_{22} + s\right) \left(a_{11} \sqrt{1 - s^{2}} + a_{15} s \tanh{\left(\sin{\left(4 s \right)} \right)} + a_{24}\right) + a_{4} \sqrt{s + \operatorname{asin}{\left(s \right)}}\right) - \left(a_{21} s - 1\right) \left(a_{10} \sin{\left(a_{28} s \right)} + a_{17} + \sqrt{s} \left(a_{18} + s\right)\right) - \tanh{\left(\operatorname{asin}{\left(\operatorname{sech}{\left(a_{29} s \right)} \right)} \right)}\right)$,$y(s) = a_{1} \operatorname{asin}{\left(\cos{\left(a_{7} + \operatorname{acos}{\left(s \right)} \right)} \right)} + a_{10} \cos{\left(a_{28} s \right)} + a_{11} \cos{\left(a_{31} s \right)} + a_{12} \sin{\left(a_{29} s \right)} + a_{13} \sin{\left(a_{30} s \right)} + a_{24} \sin{\left(\cos{\left(a_{19} + a_{22} s \right)} \right)} + a_{27} + a_{9} \sin{\left(s \left(a_{0} + \operatorname{acos}{\left(s \right)}\right) \right)} + \left(a_{20} + a_{26} s\right) \left(4 s \left(a_{17} + a_{18} s \left(a_{16} + s\right) \left(a_{14} s \tanh{\left(\sin{\left(4 s \right)} \right)} + a_{21} + a_{8} \sqrt{1 - s^{2}}\right) + a_{2} s \operatorname{asin}{\left(\operatorname{asin}{\left(\tanh{\left(s \right)} \right)} \right)} + a_{3} \sqrt{\sqrt{s} + \operatorname{asin}{\left(s \right)}}\right) + \left(a_{4} + 4 s\right) \left(a_{15} \sin{\left(a_{23} s \right)} + a_{5} + a_{6} \sqrt{s}\right) - \tanh{\left(\operatorname{asin}{\left(\operatorname{sech}{\left(a_{25} s \right)} \right)} \right)}\right)$,$z(s) = a_{1} \operatorname{asin}{\left(\cos{\left(a_{10} + \operatorname{acos}{\left(s \right)} \right)} \right)} + a_{19} \cos{\left(a_{39} s \right)} + a_{2} \sin{\left(\cos{\left(a_{11} + a_{30} s \right)} \right)} + a_{24} \cos{\left(a_{36} s \right)} + a_{25} \sin{\left(s \left(a_{0} + \operatorname{acos}{\left(s \right)}\right) \right)} + a_{26} \sin{\left(a_{38} s \right)} + a_{8} \sin{\left(a_{37} s \right)} + \left(a_{13} + a_{20} s\right) \cos{\left(a_{22} + \left(s - 2\right) \left(a_{4} s + a_{40}\right) \right)} + \left(a_{17} s + a_{18}\right) \tanh{\left(\left(a_{15} - \sin{\left(a_{41} s \right)}\right) \left(a_{32} + a_{5} s\right) \right)} + \left(a_{34} s + a_{35}\right) \left(4 s \left(a_{28} + a_{29} s \left(a_{16} + s\right) \left(a_{12} \sqrt{1 - s^{2}} + a_{23} s \tanh{\left(\sin{\left(4 s \right)} \right)} + a_{27}\right) + a_{3} s \operatorname{asin}{\left(\operatorname{asin}{\left(\tanh{\left(s \right)} \right)} \right)} + a_{6} \sqrt{s + \operatorname{asin}{\left(s \right)}}\right) + \left(a_{9} + 2 s\right) \left(a_{14} \sin{\left(a_{31} s \right)} + a_{21} \sqrt{s} + a_{7}\right) - \tanh{\left(\operatorname{asin}{\left(\operatorname{sech}{\left(a_{33} s \right)} \right)} \right)}\right)$,1.6080362656336729,50,37
39,39,39,117,$y(s) = a_{1} \sin{\left(\cos{\left(a_{27} s + a_{7} \right)} \right)} + a_{12} \cos{\left(a_{36} s \right)} + a_{14} \cos{\left(a_{31} s \right)} + a_{20} \sin{\left(s \left(a_{0} + \operatorname{acos}{\left(s \right)}\right) \right)} + a_{23} \sin{\left(a_{34} s \right)} + a_{33} \operatorname{acos}{\left(\cos{\left(a_{8} + \operatorname{acos}{\left(s \right)} \right)} \right)} + a_{6} \sin{\left(a_{35} s \right)} - \left(a_{19} + a_{9} s\right) \cos{\left(a_{5} + \left(s - 2\right) \left(a_{3} s + a_{37}\right) \right)} + \left(a_{13} s + a_{16}\right) \tanh{\left(64 s - 64 \sin{\left(a_{38} s \right)} \right)} + \left(a_{30} s + a_{32}\right) \left(4 s \left(a_{2} s \operatorname{asin}{\left(\operatorname{acos}{\left(\operatorname{sech}{\left(s \right)} \right)} \right)} + a_{25} + a_{26} s \left(a_{22} + s\right) \left(a_{11} \sqrt{1 - s^{2}} + a_{15} s \tanh{\left(\sin{\left(4 s \right)} \right)} + a_{24}\right) + a_{4} \sqrt{s + \operatorname{asin}{\left(s \right)}}\right) - \left(a_{21} s - 1\right) \left(a_{10} \sin{\left(a_{28} s \right)} + a_{17} + \sqrt{s} \left(a_{18} + s\right)\right) - \tanh{\left(\operatorname{asin}{\left(\operatorname{sech}{\left(a_{29} s \right)} \right)} \right)}\right)$,$y(s) = a_{1} \sin{\left(\cos{\left(a_{27} s + a_{7} \right)} \right)} + a_{12} \cos{\left(a_{36} s \right)} + a_{14} \cos{\left(a_{31} s \right)} + a_{20} \sin{\left(s \left(a_{0} + \operatorname{acos}{\left(s \right)}\right) \right)} + a_{23} \sin{\left(a_{34} s \right)} + a_{33} \operatorname{acos}{\left(\cos{\left(a_{8} + \operatorname{acos}{\left(s \right)} \right)} \right)} + a_{6} \sin{\left(a_{35} s \right)} - \left(a_{19} + a_{9} s\right) \cos{\left(a_{5} + \left(s - 2\right) \left(a_{3} s + a_{37}\right) \right)} + \left(a_{13} s + a_{16}\right) \tanh{\left(64 s - 64 \sin{\left(a_{38} s \right)} \right)} + \left(a_{30} s + a_{32}\right) \left(4 s \left(a_{2} s \operatorname{asin}{\left(\operatorname{acos}{\left(\operatorname{sech}{\left(s \right)} \right)} \right)} + a_{25} + a_{26} s \left(a_{22} + s\right) \left(a_{11} \sqrt{1 - s^{2}} + a_{15} s \tanh{\left(\sin{\left(4 s \right)} \right)} + a_{24}\right) + a_{4} \sqrt{s + \operatorname{asin}{\left(s \right)}}\right) - \left(a_{21} s - 1\right) \left(a_{10} \sin{\left(a_{28} s \right)} + a_{17} + \sqrt{s} \left(a_{18} + s\right)\right) - \tanh{\left(\operatorname{asin}{\left(\operatorname{sech}{\left(a_{29} s \right)} \right)} \right)}\right)$,$y(s) = a_{1} \sin{\left(\cos{\left(a_{27} s + a_{7} \right)} \right)} + a_{12} \cos{\left(a_{36} s \right)} + a_{14} \cos{\left(a_{31} s \right)} + a_{20} \sin{\left(s \left(a_{0} + \operatorname{acos}{\left(s \right)}\right) \right)} + a_{23} \sin{\left(a_{34} s \right)} + a_{33} \operatorname{acos}{\left(\cos{\left(a_{8} + \operatorname{acos}{\left(s \right)} \right)} \right)} + a_{6} \sin{\left(a_{35} s \right)} - \left(a_{19} + a_{9} s\right) \cos{\left(a_{5} + \left(s - 2\right) \left(a_{3} s + a_{37}\right) \right)} + \left(a_{13} s + a_{16}\right) \tanh{\left(64 s - 64 \sin{\left(a_{38} s \right)} \right)} + \left(a_{30} s + a_{32}\right) \left(4 s \left(a_{2} s \operatorname{asin}{\left(\operatorname{acos}{\left(\operatorname{sech}{\left(s \right)} \right)} \right)} + a_{25} + a_{26} s \left(a_{22} + s\right) \left(a_{11} \sqrt{1 - s^{2}} + a_{15} s \tanh{\left(\sin{\left(4 s \right)} \right)} + a_{24}\right) + a_{4} \sqrt{s + \operatorname{asin}{\left(s \right)}}\right) - \left(a_{21} s - 1\right) \left(a_{10} \sin{\left(a_{28} s \right)} + a_{17} + \sqrt{s} \left(a_{18} + s\right)\right) - \tanh{\left(\operatorname{asin}{\left(\operatorname{sech}{\left(a_{29} s \right)} \right)} \right)}\right)$,-0.07055342023204755,43,12
39,41,39,119,$x(s) = a_{1} \operatorname{asin}{\left(\cos{\left(a_{10} + \operatorname{acos}{\left(s \right)} \right)} \right)} + a_{15} \tanh{\left(\left(a_{28} + a_{5} s\right) \sin{\left(a_{38} s \right)} \right)} + a_{17} \cos{\left(a_{36} s \right)} + a_{2} \sin{\left(\cos{\left(a_{11} + a_{27} s \right)} \right)} + a_{21} \cos{\left(a_{33} s \right)} + a_{22} \sin{\left(s \left(a_{0} + \operatorname{acos}{\left(s \right)}\right) \right)} + a_{24} \sin{\left(a_{35} s \right)} + a_{8} \sin{\left(a_{34} s \right)} + \left(a_{13} + a_{18} s\right) \cos{\left(a_{20} + \left(a_{37} + a_{4} s\right) \left(s - 2\right) \right)} + \left(a_{30} s + a_{32}\right) \left(4 s \left(a_{25} + a_{3} s \operatorname{asin}{\left(\operatorname{asin}{\left(\tanh{\left(s \right)} \right)} \right)} + a_{6} \sqrt{s + \operatorname{asin}{\left(s \right)}} + 4 s \left(a_{16} + s\right) \left(a_{12} \sqrt{1 - s^{2}} + a_{23} s \tanh{\left(\sin{\left(4 s \right)} \right)} + a_{26}\right)\right) + \left(a_{9} + 2 s\right) \left(a_{14} \sin{\left(a_{29} s \right)} + a_{19} \sqrt{s} + a_{7}\right) - \tanh{\left(\operatorname{asin}{\left(\operatorname{sech}{\left(a_{31} s \right)} \right)} \right)}\right)$,$y(s) = a_{19} s \left(a_{9} \operatorname{asin}{\left(s \right)} + \left(a_{20} + a_{25} s \left(a_{12} + s\right)\right) \left(a_{24} s + a_{8}\right) \sin{\left(a_{13} + a_{2} s + s \operatorname{acos}{\left(s \right)} \operatorname{acos}{\left(s^{2} \right)} + \operatorname{acos}{\left(s \right)} \right)} + \sin{\left(a_{38} s \right)}\right) \operatorname{acos}{\left(s \right)} + a_{3} \tanh{\left(\sin{\left(a_{27} s \right)} \right)} + a_{39} + a_{40} s + \left(a_{23} + a_{29} \sqrt{s}\right) \operatorname{sech}{\left(a_{10} + a_{37} s \right)} - \left(a_{28} - s\right) \left(a_{14} \operatorname{acos}{\left(\sin{\left(a_{11} + a_{32} s \right)} \right)} + a_{34} \tanh{\left(\operatorname{asin}{\left(\operatorname{sech}{\left(a_{33} s \right)} \right)} \right)} - s \left(a_{0} s \left(a_{17} s^{2} + a_{18} - s\right) + a_{1} \operatorname{sech}{\left(a_{26} s \right)}\right) + \left(a_{21} + a_{5} \sin{\left(s \right)}\right) \sin{\left(a_{30} s \right)}\right) + \left(a_{22} s^{2} + a_{31}\right) \tanh{\left(a_{36} s \right)} \operatorname{acos}{\left(- s \right)} - \tanh{\left(a_{15} \sin{\left(\left(a_{16} + a_{6} s\right) \left(a_{35} + a_{4} s + a_{7} \operatorname{acos}{\left(s \right)}\right) \right)} \operatorname{sech}{\left(s \right)} \right)} + \sqrt{\operatorname{acos}{\left(s \right)}}$,$x(s) = a_{1} \operatorname{asin}{\left(\cos{\left(a_{10} + \operatorname{acos}{\left(s \right)} \right)} \right)} + a_{15} \tanh{\left(\left(a_{28} + a_{5} s\right) \sin{\left(a_{38} s \right)} \right)} + a_{17} \cos{\left(a_{36} s \right)} + a_{2} \sin{\left(\cos{\left(a_{11} + a_{27} s \right)} \right)} + a_{21} \cos{\left(a_{33} s \right)} + a_{22} \sin{\left(s \left(a_{0} + \operatorname{acos}{\left(s \right)}\right) \right)} + a_{24} \sin{\left(a_{35} s \right)} + a_{8} \sin{\left(a_{34} s \right)} + \left(a_{13} + a_{18} s\right) \cos{\left(a_{20} + \left(a_{37} + a_{4} s\right) \left(s - 2\right) \right)} + \left(a_{30} s + a_{32}\right) \left(4 s \left(a_{25} + a_{3} s \operatorname{asin}{\left(\operatorname{asin}{\left(\tanh{\left(s \right)} \right)} \right)} + a_{6} \sqrt{s + \operatorname{asin}{\left(s \right)}} + 4 s \left(a_{16} + s\right) \left(a_{12} \sqrt{1 - s^{2}} + a_{23} s \tanh{\left(\sin{\left(4 s \right)} \right)} + a_{26}\right)\right) + \left(a_{9} + 2 s\right) \left(a_{14} \sin{\left(a_{29} s \right)} + a_{19} \sqrt{s} + a_{7}\right) - \tanh{\left(\operatorname{asin}{\left(\operatorname{sech}{\left(a_{31} s \right)} \right)} \right)}\right)$,2.1186655427664545,45,16
39,39,42,120,$y(s) = a_{1} \sin{\left(\cos{\left(a_{27} s + a_{7} \right)} \right)} + a_{12} \cos{\left(a_{36} s \right)} + a_{14} \cos{\left(a_{31} s \right)} + a_{20} \sin{\left(s \left(a_{0} + \operatorname{acos}{\left(s \right)}\right) \right)} + a_{23} \sin{\left(a_{34} s \right)} + a_{33} \operatorname{acos}{\left(\cos{\left(a_{8} + \operatorname{acos}{\left(s \right)} \right)} \right)} + a_{6} \sin{\left(a_{35} s \right)} - \left(a_{19} + a_{9} s\right) \cos{\left(a_{5} + \left(s - 2\right) \left(a_{3} s + a_{37}\right) \right)} + \left(a_{13} s + a_{16}\right) \tanh{\left(64 s - 64 \sin{\left(a_{38} s \right)} \right)} + \left(a_{30} s + a_{32}\right) \left(4 s \left(a_{2} s \operatorname{asin}{\left(\operatorname{acos}{\left(\operatorname{sech}{\left(s \right)} \right)} \right)} + a_{25} + a_{26} s \left(a_{22} + s\right) \left(a_{11} \sqrt{1 - s^{2}} + a_{15} s \tanh{\left(\sin{\left(4 s \right)} \right)} + a_{24}\right) + a_{4} \sqrt{s + \operatorname{asin}{\left(s \right)}}\right) - \left(a_{21} s - 1\right) \left(a_{10} \sin{\left(a_{28} s \right)} + a_{17} + \sqrt{s} \left(a_{18} + s\right)\right) - \tanh{\left(\operatorname{asin}{\left(\operatorname{sech}{\left(a_{29} s \right)} \right)} \right)}\right)$,$y(s) = a_{1} \sin{\left(\cos{\left(a_{27} s + a_{7} \right)} \right)} + a_{12} \cos{\left(a_{36} s \right)} + a_{14} \cos{\left(a_{31} s \right)} + a_{20} \sin{\left(s \left(a_{0} + \operatorname{acos}{\left(s \right)}\right) \right)} + a_{23} \sin{\left(a_{34} s \right)} + a_{33} \operatorname{acos}{\left(\cos{\left(a_{8} + \operatorname{acos}{\left(s \right)} \right)} \right)} + a_{6} \sin{\left(a_{35} s \right)} - \left(a_{19} + a_{9} s\right) \cos{\left(a_{5} + \left(s - 2\right) \left(a_{3} s + a_{37}\right) \right)} + \left(a_{13} s + a_{16}\right) \tanh{\left(64 s - 64 \sin{\left(a_{38} s \right)} \right)} + \left(a_{30} s + a_{32}\right) \left(4 s \left(a_{2} s \operatorname{asin}{\left(\operatorname{acos}{\left(\operatorname{sech}{\left(s \right)} \right)} \right)} + a_{25} + a_{26} s \left(a_{22} + s\right) \left(a_{11} \sqrt{1 - s^{2}} + a_{15} s \tanh{\left(\sin{\left(4 s \right)} \right)} + a_{24}\right) + a_{4} \sqrt{s + \operatorname{asin}{\left(s \right)}}\right) - \left(a_{21} s - 1\right) \left(a_{10} \sin{\left(a_{28} s \right)} + a_{17} + \sqrt{s} \left(a_{18} + s\right)\right) - \tanh{\left(\operatorname{asin}{\left(\operatorname{sech}{\left(a_{29} s \right)} \right)} \right)}\right)$,$z(s) = a_{1} \operatorname{asin}{\left(\cos{\left(a_{10} + \operatorname{acos}{\left(s \right)} \right)} \right)} + a_{19} \cos{\left(a_{39} s \right)} + a_{2} \sin{\left(\cos{\left(a_{11} + a_{30} s \right)} \right)} + a_{24} \cos{\left(a_{36} s \right)} + a_{25} \sin{\left(s \left(a_{0} + \operatorname{acos}{\left(s \right)}\right) \right)} + a_{26} \sin{\left(a_{38} s \right)} + a_{8} \sin{\left(a_{37} s \right)} + \left(a_{13} + a_{20} s\right) \cos{\left(a_{22} + \left(s - 2\right) \left(a_{4} s + a_{40}\right) \right)} + \left(a_{17} s + a_{18}\right) \tanh{\left(\left(a_{15} - \sin{\left(a_{41} s \right)}\right) \left(a_{32} + a_{5} s\right) \right)} + \left(a_{34} s + a_{35}\right) \left(4 s \left(a_{28} + a_{29} s \left(a_{16} + s\right) \left(a_{12} \sqrt{1 - s^{2}} + a_{23} s \tanh{\left(\sin{\left(4 s \right)} \right)} + a_{27}\right) + a_{3} s \operatorname{asin}{\left(\operatorname{asin}{\left(\tanh{\left(s \right)} \right)} \right)} + a_{6} \sqrt{s + \operatorname{asin}{\left(s \right)}}\right) + \left(a_{9} + 2 s\right) \left(a_{14} \sin{\left(a_{31} s \right)} + a_{21} \sqrt{s} + a_{7}\right) - \tanh{\left(\operatorname{asin}{\left(\operatorname{sech}{\left(a_{33} s \right)} \right)} \right)}\right)$,1.4188346925298443,49,27
42,39,39,120,$z(s) = a_{1} \operatorname{asin}{\left(\cos{\left(a_{10} + \operatorname{acos}{\left(s \right)} \right)} \right)} + a_{19} \cos{\left(a_{39} s \right)} + a_{2} \sin{\left(\cos{\left(a_{11} + a_{30} s \right)} \right)} + a_{24} \cos{\left(a_{36} s \right)} + a_{25} \sin{\left(s \left(a_{0} + \operatorname{acos}{\left(s \right)}\right) \right)} + a_{26} \sin{\left(a_{38} s \right)} + a_{8} \sin{\left(a_{37} s \right)} + \left(a_{13} + a_{20} s\right) \cos{\left(a_{22} + \left(s - 2\right) \left(a_{4} s + a_{40}\right) \right)} + \left(a_{17} s + a_{18}\right) \tanh{\left(\left(a_{15} - \sin{\left(a_{41} s \right)}\right) \left(a_{32} + a_{5} s\right) \right)} + \left(a_{34} s + a_{35}\right) \left(4 s \left(a_{28} + a_{29} s \left(a_{16} + s\right) \left(a_{12} \sqrt{1 - s^{2}} + a_{23} s \tanh{\left(\sin{\left(4 s \right)} \right)} + a_{27}\right) + a_{3} s \operatorname{asin}{\left(\operatorname{asin}{\left(\tanh{\left(s \right)} \right)} \right)} + a_{6} \sqrt{s + \operatorname{asin}{\left(s \right)}}\right) + \left(a_{9} + 2 s\right) \left(a_{14} \sin{\left(a_{31} s \right)} + a_{21} \sqrt{s} + a_{7}\right) - \tanh{\left(\operatorname{asin}{\left(\operatorname{sech}{\left(a_{33} s \right)} \right)} \right)}\right)$,$x(s) = a_{1} \operatorname{asin}{\left(\cos{\left(a_{10} + \operatorname{acos}{\left(s \right)} \right)} \right)} + a_{15} \tanh{\left(\left(a_{28} + a_{5} s\right) \sin{\left(a_{38} s \right)} \right)} + a_{17} \cos{\left(a_{36} s \right)} + a_{2} \sin{\left(\cos{\left(a_{11} + a_{27} s \right)} \right)} + a_{21} \cos{\left(a_{33} s \right)} + a_{22} \sin{\left(s \left(a_{0} + \operatorname{acos}{\left(s \right)}\right) \right)} + a_{24} \sin{\left(a_{35} s \right)} + a_{8} \sin{\left(a_{34} s \right)} + \left(a_{13} + a_{18} s\right) \cos{\left(a_{20} + \left(a_{37} + a_{4} s\right) \left(s - 2\right) \right)} + \left(a_{30} s + a_{32}\right) \left(4 s \left(a_{25} + a_{3} s \operatorname{asin}{\left(\operatorname{asin}{\left(\tanh{\left(s \right)} \right)} \right)} + a_{6} \sqrt{s + \operatorname{asin}{\left(s \right)}} + 4 s \left(a_{16} + s\right) \left(a_{12} \sqrt{1 - s^{2}} + a_{23} s \tanh{\left(\sin{\left(4 s \right)} \right)} + a_{26}\right)\right) + \left(a_{9} + 2 s\right) \left(a_{14} \sin{\left(a_{29} s \right)} + a_{19} \sqrt{s} + a_{7}\right) - \tanh{\left(\operatorname{asin}{\left(\operatorname{sech}{\left(a_{31} s \right)} \right)} \right)}\right)$,$y(s) = a_{1} \sin{\left(\cos{\left(a_{27} s + a_{7} \right)} \right)} + a_{12} \cos{\left(a_{36} s \right)} + a_{14} \cos{\left(a_{31} s \right)} + a_{20} \sin{\left(s \left(a_{0} + \operatorname{acos}{\left(s \right)}\right) \right)} + a_{23} \sin{\left(a_{34} s \right)} + a_{33} \operatorname{acos}{\left(\cos{\left(a_{8} + \operatorname{acos}{\left(s \right)} \right)} \right)} + a_{6} \sin{\left(a_{35} s \right)} - \left(a_{19} + a_{9} s\right) \cos{\left(a_{5} + \left(s - 2\right) \left(a_{3} s + a_{37}\right) \right)} + \left(a_{13} s + a_{16}\right) \tanh{\left(64 s - 64 \sin{\left(a_{38} s \right)} \right)} + \left(a_{30} s + a_{32}\right) \left(4 s \left(a_{2} s \operatorname{asin}{\left(\operatorname{acos}{\left(\operatorname{sech}{\left(s \right)} \right)} \right)} + a_{25} + a_{26} s \left(a_{22} + s\right) \left(a_{11} \sqrt{1 - s^{2}} + a_{15} s \tanh{\left(\sin{\left(4 s \right)} \right)} + a_{24}\right) + a_{4} \sqrt{s + \operatorname{asin}{\left(s \right)}}\right) - \left(a_{21} s - 1\right) \left(a_{10} \sin{\left(a_{28} s \right)} + a_{17} + \sqrt{s} \left(a_{18} + s\right)\right) - \tanh{\left(\operatorname{asin}{\left(\operatorname{sech}{\left(a_{29} s \right)} \right)} \right)}\right)$,1.4065539862722765,50,30
39,41,42,122,$y(s) = a_{1} \sin{\left(\cos{\left(a_{27} s + a_{7} \right)} \right)} + a_{12} \cos{\left(a_{36} s \right)} + a_{14} \cos{\left(a_{31} s \right)} + a_{20} \sin{\left(s \left(a_{0} + \operatorname{acos}{\left(s \right)}\right) \right)} + a_{23} \sin{\left(a_{34} s \right)} + a_{33} \operatorname{acos}{\left(\cos{\left(a_{8} + \operatorname{acos}{\left(s \right)} \right)} \right)} + a_{6} \sin{\left(a_{35} s \right)} - \left(a_{19} + a_{9} s\right) \cos{\left(a_{5} + \left(s - 2\right) \left(a_{3} s + a_{37}\right) \right)} + \left(a_{13} s + a_{16}\right) \tanh{\left(64 s - 64 \sin{\left(a_{38} s \right)} \right)} + \left(a_{30} s + a_{32}\right) \left(4 s \left(a_{2} s \operatorname{asin}{\left(\operatorname{acos}{\left(\operatorname{sech}{\left(s \right)} \right)} \right)} + a_{25} + a_{26} s \left(a_{22} + s\right) \left(a_{11} \sqrt{1 - s^{2}} + a_{15} s \tanh{\left(\sin{\left(4 s \right)} \right)} + a_{24}\right) + a_{4} \sqrt{s + \operatorname{asin}{\left(s \right)}}\right) - \left(a_{21} s - 1\right) \left(a_{10} \sin{\left(a_{28} s \right)} + a_{17} + \sqrt{s} \left(a_{18} + s\right)\right) - \tanh{\left(\operatorname{asin}{\left(\operatorname{sech}{\left(a_{29} s \right)} \right)} \right)}\right)$,$y(s) = a_{19} s \left(a_{9} \operatorname{asin}{\left(s \right)} + \left(a_{20} + a_{25} s \left(a_{12} + s\right)\right) \left(a_{24} s + a_{8}\right) \sin{\left(a_{13} + a_{2} s + s \operatorname{acos}{\left(s \right)} \operatorname{acos}{\left(s^{2} \right)} + \operatorname{acos}{\left(s \right)} \right)} + \sin{\left(a_{38} s \right)}\right) \operatorname{acos}{\left(s \right)} + a_{3} \tanh{\left(\sin{\left(a_{27} s \right)} \right)} + a_{39} + a_{40} s + \left(a_{23} + a_{29} \sqrt{s}\right) \operatorname{sech}{\left(a_{10} + a_{37} s \right)} - \left(a_{28} - s\right) \left(a_{14} \operatorname{acos}{\left(\sin{\left(a_{11} + a_{32} s \right)} \right)} + a_{34} \tanh{\left(\operatorname{asin}{\left(\operatorname{sech}{\left(a_{33} s \right)} \right)} \right)} - s \left(a_{0} s \left(a_{17} s^{2} + a_{18} - s\right) + a_{1} \operatorname{sech}{\left(a_{26} s \right)}\right) + \left(a_{21} + a_{5} \sin{\left(s \right)}\right) \sin{\left(a_{30} s \right)}\right) + \left(a_{22} s^{2} + a_{31}\right) \tanh{\left(a_{36} s \right)} \operatorname{acos}{\left(- s \right)} - \tanh{\left(a_{15} \sin{\left(\left(a_{16} + a_{6} s\right) \left(a_{35} + a_{4} s + a_{7} \operatorname{acos}{\left(s \right)}\right) \right)} \operatorname{sech}{\left(s \right)} \right)} + \sqrt{\operatorname{acos}{\left(s \right)}}$,$z(s) = a_{1} \operatorname{asin}{\left(\cos{\left(a_{10} + \operatorname{acos}{\left(s \right)} \right)} \right)} + a_{19} \cos{\left(a_{39} s \right)} + a_{2} \sin{\left(\cos{\left(a_{11} + a_{30} s \right)} \right)} + a_{24} \cos{\left(a_{36} s \right)} + a_{25} \sin{\left(s \left(a_{0} + \operatorname{acos}{\left(s \right)}\right) \right)} + a_{26} \sin{\left(a_{38} s \right)} + a_{8} \sin{\left(a_{37} s \right)} + \left(a_{13} + a_{20} s\right) \cos{\left(a_{22} + \left(s - 2\right) \left(a_{4} s + a_{40}\right) \right)} + \left(a_{17} s + a_{18}\right) \tanh{\left(\left(a_{15} - \sin{\left(a_{41} s \right)}\right) \left(a_{32} + a_{5} s\right) \right)} + \left(a_{34} s + a_{35}\right) \left(4 s \left(a_{28} + a_{29} s \left(a_{16} + s\right) \left(a_{12} \sqrt{1 - s^{2}} + a_{23} s \tanh{\left(\sin{\left(4 s \right)} \right)} + a_{27}\right) + a_{3} s \operatorname{asin}{\left(\operatorname{asin}{\left(\tanh{\left(s \right)} \right)} \right)} + a_{6} \sqrt{s + \operatorname{asin}{\left(s \right)}}\right) + \left(a_{9} + 2 s\right) \left(a_{14} \sin{\left(a_{31} s \right)} + a_{21} \sqrt{s} + a_{7}\right) - \tanh{\left(\operatorname{asin}{\left(\operatorname{sech}{\left(a_{33} s \right)} \right)} \right)}\right)$,4.067639121993163,46,16
42,39,42,123,$z(s) = a_{1} \operatorname{asin}{\left(\cos{\left(a_{10} + \operatorname{acos}{\left(s \right)} \right)} \right)} + a_{19} \cos{\left(a_{39} s \right)} + a_{2} \sin{\left(\cos{\left(a_{11} + a_{30} s \right)} \right)} + a_{24} \cos{\left(a_{36} s \right)} + a_{25} \sin{\left(s \left(a_{0} + \operatorname{acos}{\left(s \right)}\right) \right)} + a_{26} \sin{\left(a_{38} s \right)} + a_{8} \sin{\left(a_{37} s \right)} + \left(a_{13} + a_{20} s\right) \cos{\left(a_{22} + \left(s - 2\right) \left(a_{4} s + a_{40}\right) \right)} + \left(a_{17} s + a_{18}\right) \tanh{\left(\left(a_{15} - \sin{\left(a_{41} s \right)}\right) \left(a_{32} + a_{5} s\right) \right)} + \left(a_{34} s + a_{35}\right) \left(4 s \left(a_{28} + a_{29} s \left(a_{16} + s\right) \left(a_{12} \sqrt{1 - s^{2}} + a_{23} s \tanh{\left(\sin{\left(4 s \right)} \right)} + a_{27}\right) + a_{3} s \operatorname{asin}{\left(\operatorname{asin}{\left(\tanh{\left(s \right)} \right)} \right)} + a_{6} \sqrt{s + \operatorname{asin}{\left(s \right)}}\right) + \left(a_{9} + 2 s\right) \left(a_{14} \sin{\left(a_{31} s \right)} + a_{21} \sqrt{s} + a_{7}\right) - \tanh{\left(\operatorname{asin}{\left(\operatorname{sech}{\left(a_{33} s \right)} \right)} \right)}\right)$,$y(s) = a_{1} \sin{\left(\cos{\left(a_{27} s + a_{7} \right)} \right)} + a_{12} \cos{\left(a_{36} s \right)} + a_{14} \cos{\left(a_{31} s \right)} + a_{20} \sin{\left(s \left(a_{0} + \operatorname{acos}{\left(s \right)}\right) \right)} + a_{23} \sin{\left(a_{34} s \right)} + a_{33} \operatorname{acos}{\left(\cos{\left(a_{8} + \operatorname{acos}{\left(s \right)} \right)} \right)} + a_{6} \sin{\left(a_{35} s \right)} - \left(a_{19} + a_{9} s\right) \cos{\left(a_{5} + \left(s - 2\right) \left(a_{3} s + a_{37}\right) \right)} + \left(a_{13} s + a_{16}\right) \tanh{\left(64 s - 64 \sin{\left(a_{38} s \right)} \right)} + \left(a_{30} s + a_{32}\right) \left(4 s \left(a_{2} s \operatorname{asin}{\left(\operatorname{acos}{\left(\operatorname{sech}{\left(s \right)} \right)} \right)} + a_{25} + a_{26} s \left(a_{22} + s\right) \left(a_{11} \sqrt{1 - s^{2}} + a_{15} s \tanh{\left(\sin{\left(4 s \right)} \right)} + a_{24}\right) + a_{4} \sqrt{s + \operatorname{asin}{\left(s \right)}}\right) - \left(a_{21} s - 1\right) \left(a_{10} \sin{\left(a_{28} s \right)} + a_{17} + \sqrt{s} \left(a_{18} + s\right)\right) - \tanh{\left(\operatorname{asin}{\left(\operatorname{sech}{\left(a_{29} s \right)} \right)} \right)}\right)$,$z(s) = a_{1} \operatorname{asin}{\left(\cos{\left(a_{10} + \operatorname{acos}{\left(s \right)} \right)} \right)} + a_{19} \cos{\left(a_{39} s \right)} + a_{2} \sin{\left(\cos{\left(a_{11} + a_{30} s \right)} \right)} + a_{24} \cos{\left(a_{36} s \right)} + a_{25} \sin{\left(s \left(a_{0} + \operatorname{acos}{\left(s \right)}\right) \right)} + a_{26} \sin{\left(a_{38} s \right)} + a_{8} \sin{\left(a_{37} s \right)} + \left(a_{13} + a_{20} s\right) \cos{\left(a_{22} + \left(s - 2\right) \left(a_{4} s + a_{40}\right) \right)} + \left(a_{17} s + a_{18}\right) \tanh{\left(\left(a_{15} - \sin{\left(a_{41} s \right)}\right) \left(a_{32} + a_{5} s\right) \right)} + \left(a_{34} s + a_{35}\right) \left(4 s \left(a_{28} + a_{29} s \left(a_{16} + s\right) \left(a_{12} \sqrt{1 - s^{2}} + a_{23} s \tanh{\left(\sin{\left(4 s \right)} \right)} + a_{27}\right) + a_{3} s \operatorname{asin}{\left(\operatorname{asin}{\left(\tanh{\left(s \right)} \right)} \right)} + a_{6} \sqrt{s + \operatorname{asin}{\left(s \right)}}\right) + \left(a_{9} + 2 s\right) \left(a_{14} \sin{\left(a_{31} s \right)} + a_{21} \sqrt{s} + a_{7}\right) - \tanh{\left(\operatorname{asin}{\left(\operatorname{sech}{\left(a_{33} s \right)} \right)} \right)}\right)$,1.108106314152803,46,15
39,42,42,123,$y(s) = a_{1} \sin{\left(\cos{\left(a_{27} s + a_{7} \right)} \right)} + a_{12} \cos{\left(a_{36} s \right)} + a_{14} \cos{\left(a_{31} s \right)} + a_{20} \sin{\left(s \left(a_{0} + \operatorname{acos}{\left(s \right)}\right) \right)} + a_{23} \sin{\left(a_{34} s \right)} + a_{33} \operatorname{acos}{\left(\cos{\left(a_{8} + \operatorname{acos}{\left(s \right)} \right)} \right)} + a_{6} \sin{\left(a_{35} s \right)} - \left(a_{19} + a_{9} s\right) \cos{\left(a_{5} + \left(s - 2\right) \left(a_{3} s + a_{37}\right) \right)} + \left(a_{13} s + a_{16}\right) \tanh{\left(64 s - 64 \sin{\left(a_{38} s \right)} \right)} + \left(a_{30} s + a_{32}\right) \left(4 s \left(a_{2} s \operatorname{asin}{\left(\operatorname{acos}{\left(\operatorname{sech}{\left(s \right)} \right)} \right)} + a_{25} + a_{26} s \left(a_{22} + s\right) \left(a_{11} \sqrt{1 - s^{2}} + a_{15} s \tanh{\left(\sin{\left(4 s \right)} \right)} + a_{24}\right) + a_{4} \sqrt{s + \operatorname{asin}{\left(s \right)}}\right) - \left(a_{21} s - 1\right) \left(a_{10} \sin{\left(a_{28} s \right)} + a_{17} + \sqrt{s} \left(a_{18} + s\right)\right) - \tanh{\left(\operatorname{asin}{\left(\operatorname{sech}{\left(a_{29} s \right)} \right)} \right)}\right)$,$z(s) = a_{1} \operatorname{asin}{\left(\cos{\left(a_{10} + \operatorname{acos}{\left(s \right)} \right)} \right)} + a_{19} \cos{\left(a_{39} s \right)} + a_{2} \sin{\left(\cos{\left(a_{11} + a_{30} s \right)} \right)} + a_{24} \cos{\left(a_{36} s \right)} + a_{25} \sin{\left(s \left(a_{0} + \operatorname{acos}{\left(s \right)}\right) \right)} + a_{26} \sin{\left(a_{38} s \right)} + a_{8} \sin{\left(a_{37} s \right)} + \left(a_{13} + a_{20} s\right) \cos{\left(a_{22} + \left(s - 2\right) \left(a_{4} s + a_{40}\right) \right)} + \left(a_{17} s + a_{18}\right) \tanh{\left(\left(a_{15} - \sin{\left(a_{41} s \right)}\right) \left(a_{32} + a_{5} s\right) \right)} + \left(a_{34} s + a_{35}\right) \left(4 s \left(a_{28} + a_{29} s \left(a_{16} + s\right) \left(a_{12} \sqrt{1 - s^{2}} + a_{23} s \tanh{\left(\sin{\left(4 s \right)} \right)} + a_{27}\right) + a_{3} s \operatorname{asin}{\left(\operatorname{asin}{\left(\tanh{\left(s \right)} \right)} \right)} + a_{6} \sqrt{s + \operatorname{asin}{\left(s \right)}}\right) + \left(a_{9} + 2 s\right) \left(a_{14} \sin{\left(a_{31} s \right)} + a_{21} \sqrt{s} + a_{7}\right) - \tanh{\left(\operatorname{asin}{\left(\operatorname{sech}{\left(a_{33} s \right)} \right)} \right)}\right)$,$z(s) = a_{1} \operatorname{asin}{\left(\cos{\left(a_{10} + \operatorname{acos}{\left(s \right)} \right)} \right)} + a_{19} \cos{\left(a_{39} s \right)} + a_{2} \sin{\left(\cos{\left(a_{11} + a_{30} s \right)} \right)} + a_{24} \cos{\left(a_{36} s \right)} + a_{25} \sin{\left(s \left(a_{0} + \operatorname{acos}{\left(s \right)}\right) \right)} + a_{26} \sin{\left(a_{38} s \right)} + a_{8} \sin{\left(a_{37} s \right)} + \left(a_{13} + a_{20} s\right) \cos{\left(a_{22} + \left(s - 2\right) \left(a_{4} s + a_{40}\right) \right)} + \left(a_{17} s + a_{18}\right) \tanh{\left(\left(a_{15} - \sin{\left(a_{41} s \right)}\right) \left(a_{32} + a_{5} s\right) \right)} + \left(a_{34} s + a_{35}\right) \left(4 s \left(a_{28} + a_{29} s \left(a_{16} + s\right) \left(a_{12} \sqrt{1 - s^{2}} + a_{23} s \tanh{\left(\sin{\left(4 s \right)} \right)} + a_{27}\right) + a_{3} s \operatorname{asin}{\left(\operatorname{asin}{\left(\tanh{\left(s \right)} \right)} \right)} + a_{6} \sqrt{s + \operatorname{asin}{\left(s \right)}}\right) + \left(a_{9} + 2 s\right) \left(a_{14} \sin{\left(a_{31} s \right)} + a_{21} \sqrt{s} + a_{7}\right) - \tanh{\left(\operatorname{asin}{\left(\operatorname{sech}{\left(a_{33} s \right)} \right)} \right)}\right)$,4.1357699028017025,46,15
42,42,39,123,$z(s) = a_{1} \operatorname{asin}{\left(\cos{\left(a_{10} + \operatorname{acos}{\left(s \right)} \right)} \right)} + a_{19} \cos{\left(a_{39} s \right)} + a_{2} \sin{\left(\cos{\left(a_{11} + a_{30} s \right)} \right)} + a_{24} \cos{\left(a_{36} s \right)} + a_{25} \sin{\left(s \left(a_{0} + \operatorname{acos}{\left(s \right)}\right) \right)} + a_{26} \sin{\left(a_{38} s \right)} + a_{8} \sin{\left(a_{37} s \right)} + \left(a_{13} + a_{20} s\right) \cos{\left(a_{22} + \left(s - 2\right) \left(a_{4} s + a_{40}\right) \right)} + \left(a_{17} s + a_{18}\right) \tanh{\left(\left(a_{15} - \sin{\left(a_{41} s \right)}\right) \left(a_{32} + a_{5} s\right) \right)} + \left(a_{34} s + a_{35}\right) \left(4 s \left(a_{28} + a_{29} s \left(a_{16} + s\right) \left(a_{12} \sqrt{1 - s^{2}} + a_{23} s \tanh{\left(\sin{\left(4 s \right)} \right)} + a_{27}\right) + a_{3} s \operatorname{asin}{\left(\operatorname{asin}{\left(\tanh{\left(s \right)} \right)} \right)} + a_{6} \sqrt{s + \operatorname{asin}{\left(s \right)}}\right) + \left(a_{9} + 2 s\right) \left(a_{14} \sin{\left(a_{31} s \right)} + a_{21} \sqrt{s} + a_{7}\right) - \tanh{\left(\operatorname{asin}{\left(\operatorname{sech}{\left(a_{33} s \right)} \right)} \right)}\right)$,$z(s) = a_{1} \operatorname{asin}{\left(\cos{\left(a_{10} + \operatorname{acos}{\left(s \right)} \right)} \right)} + a_{19} \cos{\left(a_{39} s \right)} + a_{2} \sin{\left(\cos{\left(a_{11} + a_{30} s \right)} \right)} + a_{24} \cos{\left(a_{36} s \right)} + a_{25} \sin{\left(s \left(a_{0} + \operatorname{acos}{\left(s \right)}\right) \right)} + a_{26} \sin{\left(a_{38} s \right)} + a_{8} \sin{\left(a_{37} s \right)} + \left(a_{13} + a_{20} s\right) \cos{\left(a_{22} + \left(s - 2\right) \left(a_{4} s + a_{40}\right) \right)} + \left(a_{17} s + a_{18}\right) \tanh{\left(\left(a_{15} - \sin{\left(a_{41} s \right)}\right) \left(a_{32} + a_{5} s\right) \right)} + \left(a_{34} s + a_{35}\right) \left(4 s \left(a_{28} + a_{29} s \left(a_{16} + s\right) \left(a_{12} \sqrt{1 - s^{2}} + a_{23} s \tanh{\left(\sin{\left(4 s \right)} \right)} + a_{27}\right) + a_{3} s \operatorname{asin}{\left(\operatorname{asin}{\left(\tanh{\left(s \right)} \right)} \right)} + a_{6} \sqrt{s + \operatorname{asin}{\left(s \right)}}\right) + \left(a_{9} + 2 s\right) \left(a_{14} \sin{\left(a_{31} s \right)} + a_{21} \sqrt{s} + a_{7}\right) - \tanh{\left(\operatorname{asin}{\left(\operatorname{sech}{\left(a_{33} s \right)} \right)} \right)}\right)$,$x(s) = a_{1} \operatorname{asin}{\left(\cos{\left(a_{10} + \operatorname{acos}{\left(s \right)} \right)} \right)} + a_{15} \tanh{\left(\left(a_{28} + a_{5} s\right) \sin{\left(a_{38} s \right)} \right)} + a_{17} \cos{\left(a_{36} s \right)} + a_{2} \sin{\left(\cos{\left(a_{11} + a_{27} s \right)} \right)} + a_{21} \cos{\left(a_{33} s \right)} + a_{22} \sin{\left(s \left(a_{0} + \operatorname{acos}{\left(s \right)}\right) \right)} + a_{24} \sin{\left(a_{35} s \right)} + a_{8} \sin{\left(a_{34} s \right)} + \left(a_{13} + a_{18} s\right) \cos{\left(a_{20} + \left(a_{37} + a_{4} s\right) \left(s - 2\right) \right)} + \left(a_{30} s + a_{32}\right) \left(4 s \left(a_{25} + a_{3} s \operatorname{asin}{\left(\operatorname{asin}{\left(\tanh{\left(s \right)} \right)} \right)} + a_{6} \sqrt{s + \operatorname{asin}{\left(s \right)}} + 4 s \left(a_{16} + s\right) \left(a_{12} \sqrt{1 - s^{2}} + a_{23} s \tanh{\left(\sin{\left(4 s \right)} \right)} + a_{26}\right)\right) + \left(a_{9} + 2 s\right) \left(a_{14} \sin{\left(a_{29} s \right)} + a_{19} \sqrt{s} + a_{7}\right) - \tanh{\left(\operatorname{asin}{\left(\operatorname{sech}{\left(a_{31} s \right)} \right)} \right)}\right)$,0.8257725183835701,50,27
42,41,41,124,$z(s) = a_{1} \operatorname{asin}{\left(\cos{\left(a_{10} + \operatorname{acos}{\left(s \right)} \right)} \right)} + a_{19} \cos{\left(a_{39} s \right)} + a_{2} \sin{\left(\cos{\left(a_{11} + a_{30} s \right)} \right)} + a_{24} \cos{\left(a_{36} s \right)} + a_{25} \sin{\left(s \left(a_{0} + \operatorname{acos}{\left(s \right)}\right) \right)} + a_{26} \sin{\left(a_{38} s \right)} + a_{8} \sin{\left(a_{37} s \right)} + \left(a_{13} + a_{20} s\right) \cos{\left(a_{22} + \left(s - 2\right) \left(a_{4} s + a_{40}\right) \right)} + \left(a_{17} s + a_{18}\right) \tanh{\left(\left(a_{15} - \sin{\left(a_{41} s \right)}\right) \left(a_{32} + a_{5} s\right) \right)} + \left(a_{34} s + a_{35}\right) \left(4 s \left(a_{28} + a_{29} s \left(a_{16} + s\right) \left(a_{12} \sqrt{1 - s^{2}} + a_{23} s \tanh{\left(\sin{\left(4 s \right)} \right)} + a_{27}\right) + a_{3} s \operatorname{asin}{\left(\operatorname{asin}{\left(\tanh{\left(s \right)} \right)} \right)} + a_{6} \sqrt{s + \operatorname{asin}{\left(s \right)}}\right) + \left(a_{9} + 2 s\right) \left(a_{14} \sin{\left(a_{31} s \right)} + a_{21} \sqrt{s} + a_{7}\right) - \tanh{\left(\operatorname{asin}{\left(\operatorname{sech}{\left(a_{33} s \right)} \right)} \right)}\right)$,$y(s) = a_{19} s \left(a_{9} \operatorname{asin}{\left(s \right)} + \left(a_{20} + a_{25} s \left(a_{12} + s\right)\right) \left(a_{24} s + a_{8}\right) \sin{\left(a_{13} + a_{2} s + s \operatorname{acos}{\left(s \right)} \operatorname{acos}{\left(s^{2} \right)} + \operatorname{acos}{\left(s \right)} \right)} + \sin{\left(a_{38} s \right)}\right) \operatorname{acos}{\left(s \right)} + a_{3} \tanh{\left(\sin{\left(a_{27} s \right)} \right)} + a_{39} + a_{40} s + \left(a_{23} + a_{29} \sqrt{s}\right) \operatorname{sech}{\left(a_{10} + a_{37} s \right)} - \left(a_{28} - s\right) \left(a_{14} \operatorname{acos}{\left(\sin{\left(a_{11} + a_{32} s \right)} \right)} + a_{34} \tanh{\left(\operatorname{asin}{\left(\operatorname{sech}{\left(a_{33} s \right)} \right)} \right)} - s \left(a_{0} s \left(a_{17} s^{2} + a_{18} - s\right) + a_{1} \operatorname{sech}{\left(a_{26} s \right)}\right) + \left(a_{21} + a_{5} \sin{\left(s \right)}\right) \sin{\left(a_{30} s \right)}\right) + \left(a_{22} s^{2} + a_{31}\right) \tanh{\left(a_{36} s \right)} \operatorname{acos}{\left(- s \right)} - \tanh{\left(a_{15} \sin{\left(\left(a_{16} + a_{6} s\right) \left(a_{35} + a_{4} s + a_{7} \operatorname{acos}{\left(s \right)}\right) \right)} \operatorname{sech}{\left(s \right)} \right)} + \sqrt{\operatorname{acos}{\left(s \right)}}$,$y(s) = a_{19} s \left(a_{9} \operatorname{asin}{\left(s \right)} + \left(a_{20} + a_{25} s \left(a_{12} + s\right)\right) \left(a_{24} s + a_{8}\right) \sin{\left(a_{13} + a_{2} s + s \operatorname{acos}{\left(s \right)} \operatorname{acos}{\left(s^{2} \right)} + \operatorname{acos}{\left(s \right)} \right)} + \sin{\left(a_{38} s \right)}\right) \operatorname{acos}{\left(s \right)} + a_{3} \tanh{\left(\sin{\left(a_{27} s \right)} \right)} + a_{39} + a_{40} s + \left(a_{23} + a_{29} \sqrt{s}\right) \operatorname{sech}{\left(a_{10} + a_{37} s \right)} - \left(a_{28} - s\right) \left(a_{14} \operatorname{acos}{\left(\sin{\left(a_{11} + a_{32} s \right)} \right)} + a_{34} \tanh{\left(\operatorname{asin}{\left(\operatorname{sech}{\left(a_{33} s \right)} \right)} \right)} - s \left(a_{0} s \left(a_{17} s^{2} + a_{18} - s\right) + a_{1} \operatorname{sech}{\left(a_{26} s \right)}\right) + \left(a_{21} + a_{5} \sin{\left(s \right)}\right) \sin{\left(a_{30} s \right)}\right) + \left(a_{22} s^{2} + a_{31}\right) \tanh{\left(a_{36} s \right)} \operatorname{acos}{\left(- s \right)} - \tanh{\left(a_{15} \sin{\left(\left(a_{16} + a_{6} s\right) \left(a_{35} + a_{4} s + a_{7} \operatorname{acos}{\left(s \right)}\right) \right)} \operatorname{sech}{\left(s \right)} \right)} + \sqrt{\operatorname{acos}{\left(s \right)}}$,2.9037407183560164,47,17
