event_id,r_layer_round_1p0,n_hit_rows,n_unique_hits,n_reco_tracks
65001,0.0,1023,1023,93
65001,1.0,1278,1278,99
65002,0.0,642,642,111
65002,1.0,797,797,86
65003,0.0,682,682,62
65003,1.0,866,866,69
65005,0.0,869,869,83
65005,1.0,1086,1086,81
65006,0.0,1289,1289,130
65006,1.0,1623,1623,133
65007,0.0,1584,1584,148
65007,1.0,2002,2002,147
65008,0.0,1045,1045,105
65008,1.0,1294,1294,108
65009,0.0,1485,1485,141
65009,1.0,1856,1856,145
65010,0.0,1041,1041,121
65010,1.0,1313,1313,127
65011,0.0,1237,1237,130
65011,1.0,1540,1540,126
65012,0.0,2200,2200,214
65012,1.0,2781,2781,221
65013,0.0,825,825,87
65013,1.0,1047,1047,76
65014,0.0,954,954,93
65014,1.0,1213,1213,115
65015,0.0,1034,1034,99
65015,1.0,1301,1301,104
65017,0.0,1155,1155,106
65017,1.0,1447,1447,110
65018,0.0,649,649,69
65018,1.0,821,821,69
65019,0.0,836,836,81
65019,1.0,1047,1047,89
65020,0.0,1320,1320,124
65020,1.0,1655,1655,129
65021,0.0,1243,1243,123
65021,1.0,1578,1578,138
65022,0.0,1364,1364,124
65022,1.0,1729,1729,130
65023,0.0,869,869,84
65023,1.0,1100,1100,82
65024,0.0,846,846,91
65024,1.0,1057,1057,91
65025,0.0,1594,1594,176
65025,1.0,1976,1976,170
65027,0.0,1199,1199,111
65027,1.0,1503,1503,123
65028,0.0,1628,1628,160
65028,1.0,2044,2044,150
65029,0.0,1573,1573,150
65029,1.0,1981,1981,156
65030,0.0,866,866,88
65030,1.0,1076,1076,87
65031,0.0,1210,1210,113
65031,1.0,1529,1529,112
65032,0.0,1023,1023,99
65032,1.0,1293,1293,96
65033,0.0,649,649,59
65033,1.0,825,825,60
65034,0.0,495,495,45
65034,1.0,628,628,47
65035,0.0,1012,1012,93
65035,1.0,1278,1278,97
65036,0.0,1177,1177,108
65036,1.0,1462,1462,113
65037,0.0,946,946,90
65037,1.0,1177,1177,93
65038,0.0,1331,1331,124
65038,1.0,1660,1660,125
65039,0.0,1881,1881,181
65039,1.0,2374,2374,182
65040,0.0,913,913,95
65040,1.0,1144,1144,99
65042,0.0,1177,1177,108
65042,1.0,1473,1473,109
65043,0.0,1837,1837,177
65043,1.0,2301,2301,182
65044,0.0,1406,1406,165
65044,1.0,1743,1743,172
65045,0.0,1386,1386,134
65045,1.0,1747,1747,130
65046,0.0,1089,1089,108
65046,1.0,1384,1384,99
65047,0.0,1397,1397,138
65047,1.0,1768,1768,136
65048,0.0,1815,1815,175
65048,1.0,2288,2288,169
65049,0.0,748,748,78
65049,1.0,931,931,71
65050,0.0,1498,1498,149
65050,1.0,1878,1878,143
65051,0.0,1813,1813,193
65051,1.0,2275,2275,188
65052,0.0,1287,1287,117
65052,1.0,1618,1618,121
65053,0.0,785,785,88
65053,1.0,1003,1003,91
65054,0.0,1104,1104,108
65054,1.0,1388,1388,106
65055,0.0,1749,1749,162
65055,1.0,2204,2204,165
65056,0.0,1441,1441,132
65056,1.0,1827,1827,140
65057,0.0,1199,1199,109
65057,1.0,1514,1514,113
65058,0.0,847,847,78
65058,1.0,1067,1067,79
65059,0.0,803,803,80
65059,1.0,998,998,79
65061,0.0,1540,1540,140
65061,1.0,1948,1948,145
65062,0.0,880,880,80
65062,1.0,1099,1099,81
65063,0.0,1399,1399,140
65063,1.0,1759,1759,152
65064,0.0,616,616,56
65064,1.0,775,775,69
65065,0.0,1474,1474,134
65065,1.0,1855,1855,141
65066,0.0,792,792,82
65066,1.0,996,996,87
65067,0.0,1122,1122,110
65067,1.0,1410,1410,115
65068,0.0,1342,1342,132
65068,1.0,1691,1691,130
65069,0.0,1320,1320,122
65069,1.0,1661,1661,123
65070,0.0,1342,1342,122
65070,1.0,1690,1690,129
65071,0.0,1683,1683,156
65071,1.0,2129,2129,167
65072,0.0,1540,1540,148
65072,1.0,1948,1948,145
65073,0.0,759,759,78
65073,1.0,952,952,72
65074,0.0,902,902,83
65074,1.0,1139,1139,83
65075,0.0,1001,1001,100
65075,1.0,1265,1265,95
65076,0.0,1573,1573,150
65076,1.0,1969,1969,149
65077,0.0,1787,1787,184
65077,1.0,2242,2242,196
65078,0.0,748,748,68
65078,1.0,942,942,70
65079,0.0,1392,1392,191
65079,1.0,1683,1683,143
65080,0.0,1518,1518,192
65080,1.0,1901,1901,173
65081,0.0,1100,1100,107
65081,1.0,1400,1400,100
65082,0.0,1342,1342,122
65082,1.0,1685,1685,124
65084,0.0,1386,1386,127
65084,1.0,1751,1751,129
65085,0.0,810,810,88
65085,1.0,1021,1021,86
65086,0.0,1155,1155,105
65086,1.0,1450,1450,111
65087,0.0,1815,1815,167
65087,1.0,2280,2280,173
65088,0.0,1045,1045,97
65088,1.0,1311,1311,99
65089,0.0,1375,1375,137
65089,1.0,1737,1737,143
65090,0.0,1519,1519,173
65090,1.0,1899,1899,157
65091,0.0,1496,1496,140
65091,1.0,1895,1895,138
65092,0.0,1022,1022,115
65092,1.0,1281,1281,97
65093,0.0,1256,1256,124
65093,1.0,1578,1578,116
65094,0.0,1628,1628,163
65094,1.0,2050,2050,165
65095,0.0,407,407,37
65095,1.0,490,490,39
65096,0.0,1015,1015,112
65096,1.0,1260,1260,108
65097,0.0,1166,1166,116
65097,1.0,1475,1475,116
65098,0.0,917,917,89
65098,1.0,1141,1141,87
65099,0.0,880,880,84
65099,1.0,1108,1108,84
65100,0.0,1153,1153,127
65100,1.0,1433,1433,126
65101,0.0,1023,1023,93
65101,1.0,1266,1266,95
65102,0.0,1194,1194,121
65102,1.0,1508,1508,125
65103,0.0,1089,1089,104
65103,1.0,1375,1375,104
65104,0.0,1452,1452,132
65104,1.0,1828,1828,141
65105,0.0,1166,1166,123
65105,1.0,1475,1475,110
65106,0.0,1870,1870,177
65106,1.0,2356,2356,183
65107,0.0,968,968,88
65107,1.0,1214,1214,89
65108,0.0,1716,1716,160
65108,1.0,2170,2170,159
65109,0.0,935,935,85
65109,1.0,1184,1184,91
65110,0.0,1760,1760,163
65110,1.0,2198,2198,172
65111,0.0,2244,2244,216
65111,1.0,2835,2835,219
65112,0.0,1408,1408,136
65112,1.0,1777,1777,137
65113,0.0,1408,1408,132
65113,1.0,1774,1774,132
65114,0.0,858,858,78
65114,1.0,1085,1085,86
65115,0.0,1630,1630,162
65115,1.0,2055,2055,159
65116,0.0,1001,1001,97
65116,1.0,1258,1258,108
65117,0.0,902,902,84
65117,1.0,1140,1140,90
65118,0.0,1298,1298,119
65118,1.0,1637,1637,129
65119,0.0,1056,1056,100
65119,1.0,1337,1337,104
65120,0.0,1111,1111,124
65120,1.0,1379,1379,105
65121,0.0,1045,1045,95
65121,1.0,1322,1322,127
65122,0.0,1089,1089,99
65122,1.0,1371,1371,101
65123,0.0,990,990,90
65123,1.0,1261,1261,108
65124,0.0,561,561,53
65124,1.0,717,717,61
65125,0.0,1254,1254,117
65125,1.0,1578,1578,119
65126,0.0,844,844,91
65126,1.0,1048,1048,84
65127,0.0,1089,1089,99
65127,1.0,1365,1365,105
65128,0.0,1177,1177,112
65128,1.0,1493,1493,130
65129,0.0,1166,1166,106
65129,1.0,1479,1479,115
65130,0.0,1191,1191,133
65130,1.0,1481,1481,124
65131,0.0,1012,1012,96
65131,1.0,1273,1273,95
65132,0.0,1166,1166,107
65132,1.0,1461,1461,110
65133,0.0,1386,1386,158
65133,1.0,1717,1717,139
65134,0.0,1485,1485,139
65134,1.0,1868,1868,143
65135,0.0,1141,1141,111
65135,1.0,1441,1441,129
65136,0.0,902,902,85
65136,1.0,1125,1125,92
65137,0.0,572,572,62
65137,1.0,717,717,56
65138,0.0,1650,1650,153
65138,1.0,2076,2076,150
65139,0.0,847,847,82
65139,1.0,1073,1073,80
65140,0.0,1353,1353,125
65140,1.0,1691,1691,133
65141,0.0,1514,1514,163
65141,1.0,1922,1922,169
65142,0.0,1722,1722,164
65142,1.0,2173,2173,174
65143,0.0,1122,1122,105
65143,1.0,1411,1411,108
65144,0.0,990,990,92
65144,1.0,1254,1254,103
65146,0.0,1067,1067,105
65146,1.0,1340,1340,102
65147,0.0,1298,1298,119
65147,1.0,1629,1629,124
65148,0.0,1276,1276,116
65148,1.0,1607,1607,119
65149,0.0,1782,1782,165
65149,1.0,2242,2242,172
65150,0.0,1111,1111,102
65150,1.0,1399,1399,104
65151,0.0,655,655,75
65151,1.0,835,835,69
65152,0.0,2271,2271,233
65152,1.0,2836,2836,220
65153,0.0,1287,1287,117
65153,1.0,1619,1619,121
65154,0.0,616,616,56
65154,1.0,774,774,57
65155,0.0,1023,1023,142
65155,1.0,1233,1233,108
65156,0.0,1430,1430,145
65156,1.0,1782,1782,153
65157,0.0,957,957,87
65157,1.0,1212,1212,90
65158,0.0,1243,1243,113
65158,1.0,1577,1577,132
65159,0.0,1232,1232,114
65159,1.0,1556,1556,116
65160,0.0,1254,1254,123
65160,1.0,1580,1580,129
65161,0.0,1675,1675,168
65161,1.0,2087,2087,170
65162,0.0,1606,1606,151
65162,1.0,2030,2030,166
65163,0.0,1650,1650,154
65163,1.0,2086,2086,156
65164,0.0,1177,1177,109
65164,1.0,1492,1492,116
65165,0.0,1023,1023,96
65165,1.0,1283,1283,94
65166,0.0,934,934,108
65166,1.0,1173,1173,99
65168,0.0,1276,1276,116
65168,1.0,1606,1606,120
65169,0.0,726,726,66
65169,1.0,914,914,70
65170,0.0,1269,1269,123
65170,1.0,1586,1586,134
65171,0.0,517,517,49
65171,1.0,653,653,48
65172,0.0,836,836,79
65172,1.0,1057,1057,79
65173,0.0,1848,1848,169
65173,1.0,2314,2314,183
65174,0.0,1009,1009,120
65174,1.0,1251,1251,134
65175,0.0,957,957,87
65175,1.0,1209,1209,95
65176,0.0,1197,1197,136
65176,1.0,1501,1501,136
65177,0.0,660,660,71
65177,1.0,829,829,62
65178,0.0,963,963,104
65178,1.0,1212,1212,112
65179,0.0,825,825,85
65179,1.0,1029,1029,92
65180,0.0,1067,1067,109
65180,1.0,1350,1350,112
65181,0.0,1471,1471,147
65181,1.0,1854,1854,153
65182,0.0,1456,1456,150
65182,1.0,1823,1823,149
65183,0.0,1683,1683,167
65183,1.0,2114,2114,171
65184,0.0,1441,1441,133
65184,1.0,1805,1805,136
65185,0.0,418,418,38
65185,1.0,526,526,40
65187,0.0,1928,1928,198
65187,1.0,2451,2451,227
65188,0.0,561,561,61
65188,1.0,698,698,52
65189,0.0,1100,1100,103
65189,1.0,1398,1398,115
65190,0.0,726,726,68
65190,1.0,918,918,69
65191,0.0,1430,1430,138
65191,1.0,1791,1791,134
65192,0.0,1298,1298,118
65192,1.0,1638,1638,129
65193,0.0,484,484,44
65193,1.0,581,581,45
65194,0.0,781,781,80
65194,1.0,981,981,80
65195,0.0,1045,1045,96
65195,1.0,1306,1306,96
65196,0.0,1166,1166,107
65196,1.0,1478,1478,113
65198,0.0,1551,1551,152
65198,1.0,1936,1936,161
65199,0.0,627,627,57
65199,1.0,796,796,66
65200,0.0,484,484,49
65200,1.0,608,608,44
65201,0.0,1734,1734,182
65201,1.0,2170,2170,180
65202,0.0,880,880,86
65202,1.0,1105,1105,90
65203,0.0,1010,1010,123
65203,1.0,1274,1274,121
65204,0.0,1072,1072,118
65204,1.0,1318,1318,102
65205,0.0,715,715,73
65205,1.0,903,903,78
65206,0.0,935,935,95
65206,1.0,1183,1183,96
65207,0.0,1221,1221,111
65207,1.0,1531,1531,116
65208,0.0,825,825,81
65208,1.0,1040,1040,96
65209,0.0,825,825,92
65209,1.0,1026,1026,78
65210,0.0,970,970,93
65210,1.0,1229,1229,125
65211,0.0,1320,1320,121
65211,1.0,1632,1632,129
65212,0.0,1496,1496,143
65212,1.0,1862,1862,144
65213,0.0,836,836,76
65213,1.0,1050,1050,87
65214,0.0,374,374,35
65214,1.0,476,476,40
65215,0.0,737,737,77
65215,1.0,922,922,71
65216,0.0,1943,1943,190
65216,1.0,2442,2442,184
65217,0.0,770,770,71
65217,1.0,970,970,70
65218,0.0,759,759,73
65218,1.0,958,958,81
65220,0.0,1309,1309,120
65220,1.0,1647,1647,127
65221,0.0,718,718,84
65221,1.0,937,937,74
65222,0.0,767,767,78
65222,1.0,993,993,97
65223,0.0,914,914,107
65223,1.0,1143,1143,90
65224,0.0,1056,1056,108
65224,1.0,1315,1315,102
65225,0.0,354,354,44
65225,1.0,442,442,36
65226,0.0,506,506,63
65226,1.0,627,627,63
65227,0.0,616,616,56
65227,1.0,770,770,58
65228,0.0,1430,1430,134
65228,1.0,1803,1803,144
65229,0.0,1331,1331,121
65229,1.0,1677,1677,122
65230,0.0,1012,1012,106
65230,1.0,1237,1237,102
65231,0.0,1564,1564,151
65231,1.0,1966,1966,157
65232,0.0,1331,1331,122
65232,1.0,1686,1686,129
65233,0.0,1707,1707,167
65233,1.0,2154,2154,182
65234,0.0,1397,1397,130
65234,1.0,1749,1749,147
65235,0.0,1333,1333,133
65235,1.0,1680,1680,122
65236,0.0,1111,1111,101
65236,1.0,1406,1406,104
65237,0.0,1571,1571,165
65237,1.0,1991,1991,192
65238,0.0,1508,1508,149
65238,1.0,1877,1877,153
65239,0.0,1716,1716,163
65239,1.0,2146,2146,162
65240,0.0,1089,1089,100
65240,1.0,1370,1370,102
65241,0.0,605,605,60
65241,1.0,773,773,71
65242,0.0,1598,1598,177
65242,1.0,2003,2003,146
65243,0.0,979,979,96
65243,1.0,1221,1221,94
65244,0.0,1143,1143,123
65244,1.0,1428,1428,127
65245,0.0,814,814,75
65245,1.0,1018,1018,78
65246,0.0,935,935,86
65246,1.0,1173,1173,104
65247,0.0,1178,1178,117
65247,1.0,1469,1469,127
65248,0.0,924,924,84
65248,1.0,1147,1147,91
65249,0.0,505,505,61
65249,1.0,619,619,46
65250,0.0,1144,1144,107
65250,1.0,1440,1440,107
65251,0.0,649,649,60
65251,1.0,819,819,79
65252,0.0,1431,1431,143
65252,1.0,1785,1785,143
65253,0.0,1270,1270,140
65253,1.0,1606,1606,146
65254,0.0,550,550,50
65254,1.0,687,687,54
65255,0.0,1441,1441,131
65255,1.0,1801,1801,141
65256,0.0,1683,1683,157
65256,1.0,2115,2115,159
65257,0.0,781,781,77
65257,1.0,989,989,75
65258,0.0,968,968,93
65258,1.0,1215,1215,91
65259,0.0,1386,1386,139
65259,1.0,1735,1735,151
65260,0.0,1188,1188,108
65260,1.0,1503,1503,113
65261,0.0,880,880,89
65261,1.0,1113,1113,86
65262,0.0,306,306,47
65262,1.0,379,379,42
65263,0.0,686,686,76
65263,1.0,863,863,71
65264,0.0,946,946,94
65264,1.0,1189,1189,87
65265,0.0,863,863,103
65265,1.0,1081,1081,88
65266,0.0,1418,1418,152
65266,1.0,1792,1792,163
65267,0.0,416,416,66
65267,1.0,494,494,41
65268,0.0,1639,1639,149
65268,1.0,2060,2060,158
65269,0.0,1573,1573,144
65269,1.0,1978,1978,150
65270,0.0,990,990,90
65270,1.0,1247,1247,93
65271,0.0,297,297,27
65271,1.0,375,375,38
65272,0.0,891,891,83
65272,1.0,1121,1121,84
65273,0.0,946,946,86
65273,1.0,1189,1189,89
65274,0.0,1353,1353,123
65274,1.0,1704,1704,131
65275,0.0,1364,1364,124
65275,1.0,1719,1719,133
65276,0.0,2057,2057,197
65276,1.0,2607,2607,197
65277,0.0,1341,1341,132
65277,1.0,1715,1715,148
65278,0.0,1067,1067,106
65278,1.0,1341,1341,103
65279,0.0,2090,2090,202
65279,1.0,2624,2624,214
65280,0.0,1180,1180,125
65280,1.0,1478,1478,127
65281,0.0,1188,1188,108
65281,1.0,1496,1496,113
65282,0.0,1013,1013,105
65282,1.0,1261,1261,95
65283,0.0,572,572,52
65283,1.0,723,723,65
65284,0.0,1496,1496,139
65284,1.0,1880,1880,147
65287,0.0,1188,1188,120
65287,1.0,1500,1500,108
65288,0.0,1518,1518,140
65288,1.0,1914,1914,147
65289,0.0,1859,1859,179
65289,1.0,2336,2336,174
65291,0.0,273,273,48
65291,1.0,322,322,40
65292,0.0,1775,1775,184
65292,1.0,2210,2210,202
65293,0.0,715,715,66
65293,1.0,901,901,68
65294,0.0,1203,1203,126
65294,1.0,1510,1510,124
65295,0.0,1582,1582,167
65295,1.0,1976,1976,166
65296,0.0,1617,1617,157
65296,1.0,2018,2018,159
65297,0.0,891,891,93
65297,1.0,1134,1134,82
65298,0.0,819,819,92
65298,1.0,1011,1011,80
65299,0.0,1562,1562,150
65299,1.0,1955,1955,148
65300,0.0,979,979,89
65300,1.0,1241,1241,91
65301,0.0,494,494,55
65301,1.0,627,627,58
65302,0.0,1639,1639,152
65302,1.0,2067,2067,157
65303,0.0,952,952,120
65303,1.0,1173,1173,108
65304,0.0,1738,1738,160
65304,1.0,2203,2203,178
65305,0.0,998,998,108
65305,1.0,1247,1247,98
65306,0.0,1298,1298,127
65306,1.0,1612,1612,125
65307,0.0,418,418,40
65307,1.0,511,511,39
65308,0.0,477,477,50
65308,1.0,645,645,80
65309,0.0,1100,1100,104
65309,1.0,1402,1402,125
65310,0.0,484,484,48
65310,1.0,613,613,48
65311,0.0,1133,1133,103
65311,1.0,1428,1428,108
65312,0.0,1298,1298,118
65312,1.0,1632,1632,121
65313,0.0,1210,1210,111
65313,1.0,1523,1523,115
65314,0.0,1738,1738,163
65314,1.0,2179,2179,166
65315,0.0,1430,1430,146
65315,1.0,1797,1797,141
65316,0.0,1487,1487,143
65316,1.0,1884,1884,165
65317,0.0,1056,1056,106
65317,1.0,1328,1328,113
65318,0.0,1100,1100,100
65318,1.0,1392,1392,117
65319,0.0,1100,1100,102
65319,1.0,1389,1389,101
65320,0.0,759,759,71
65320,1.0,945,945,73
65321,0.0,1089,1089,99
65321,1.0,1323,1323,104
65322,0.0,902,902,94
65322,1.0,1138,1138,98
65323,0.0,1210,1210,110
65323,1.0,1517,1517,129
65324,0.0,946,946,91
65324,1.0,1188,1188,88
65326,0.0,1210,1210,115
65326,1.0,1523,1523,115
65327,0.0,583,583,53
65327,1.0,739,739,55
65328,0.0,1621,1621,175
65328,1.0,2012,2012,152
65329,0.0,1390,1390,144
65329,1.0,1733,1733,143
65330,0.0,1023,1023,93
65330,1.0,1282,1282,99
65331,0.0,1144,1144,115
65331,1.0,1432,1432,107
65332,0.0,781,781,75
65332,1.0,982,982,78
65333,0.0,1397,1397,137
65333,1.0,1767,1767,137
65334,0.0,1551,1551,148
65334,1.0,1945,1945,148
65335,0.0,1515,1515,155
65335,1.0,1903,1903,153
65336,0.0,1412,1412,133
65336,1.0,1800,1800,160
65337,0.0,1551,1551,153
65337,1.0,1937,1937,149
65338,0.0,930,930,93
65338,1.0,1154,1154,94
65339,0.0,1012,1012,97
65339,1.0,1285,1285,117
65340,0.0,1133,1133,110
65340,1.0,1424,1424,120
65341,0.0,242,242,24
65341,1.0,300,300,24
65342,0.0,1782,1782,167
65342,1.0,2246,2246,175
65343,0.0,1925,1925,188
65343,1.0,2401,2401,189
65344,0.0,1232,1232,120
65344,1.0,1550,1550,115
65345,0.0,1034,1034,94
65345,1.0,1309,1309,95
65346,0.0,1727,1727,160
65346,1.0,2192,2192,178
65347,0.0,1738,1738,172
65347,1.0,2186,2186,172
65348,0.0,2036,2036,200
65348,1.0,2556,2556,207
65349,0.0,984,984,149
65349,1.0,1204,1204,120
65350,0.0,979,979,99
65350,1.0,1239,1239,103
65351,0.0,968,968,90
65351,1.0,1208,1208,93
65352,0.0,851,851,99
65352,1.0,1060,1060,87
65353,0.0,1177,1177,117
65353,1.0,1478,1478,118
65354,0.0,1474,1474,134
65354,1.0,1846,1846,139
65355,0.0,874,874,94
65355,1.0,1109,1109,96
65356,0.0,1419,1419,140
65356,1.0,1787,1787,133
65357,0.0,1177,1177,108
65357,1.0,1480,1480,112
65358,0.0,1155,1155,116
65358,1.0,1455,1455,112
65359,0.0,1750,1750,174
65359,1.0,2234,2234,193
65360,0.0,803,803,73
65360,1.0,1014,1014,77
65361,0.0,1413,1413,139
65361,1.0,1768,1768,155
65362,0.0,957,957,87
65362,1.0,1202,1202,92
65363,0.0,1023,1023,101
65363,1.0,1289,1289,93
65364,0.0,1003,1003,96
65364,1.0,1286,1286,98
65365,0.0,1587,1587,165
65365,1.0,1977,1977,161
65366,0.0,869,869,87
65366,1.0,1093,1093,82
65367,0.0,1484,1484,150
65367,1.0,1854,1854,139
65368,0.0,1400,1400,154
65368,1.0,1736,1736,173
65369,0.0,985,985,103
65369,1.0,1229,1229,98
65370,0.0,1014,1014,115
65370,1.0,1276,1276,127
65371,0.0,968,968,92
65371,1.0,1235,1235,108
65372,0.0,803,803,73
65372,1.0,1017,1017,75
65373,0.0,1289,1289,140
65373,1.0,1631,1631,166
65374,0.0,650,650,71
65374,1.0,801,801,60
65375,0.0,836,836,77
65375,1.0,1057,1057,97
65376,0.0,1353,1353,123
65376,1.0,1714,1714,125
65378,0.0,1243,1243,113
65378,1.0,1564,1564,116
65379,0.0,847,847,84
65379,1.0,1071,1071,93
65380,0.0,1349,1349,139
65380,1.0,1694,1694,137
65381,0.0,1375,1375,125
65381,1.0,1723,1723,127
65382,0.0,1111,1111,120
65382,1.0,1388,1388,119
65383,0.0,1254,1254,116
65383,1.0,1578,1578,119
65384,0.0,1661,1661,151
65384,1.0,2075,2075,158
65385,0.0,880,880,87
65385,1.0,1111,1111,95
65386,0.0,1716,1716,160
65386,1.0,2173,2173,165
65387,0.0,1119,1119,123
65387,1.0,1395,1395,116
65388,0.0,506,506,56
65388,1.0,636,636,58
65389,0.0,1474,1474,134
65389,1.0,1846,1846,140
65390,0.0,827,827,84
65390,1.0,1054,1054,89
65391,0.0,1210,1210,121
65391,1.0,1516,1516,121
65392,0.0,990,990,102
65392,1.0,1238,1238,97
65393,0.0,1518,1518,151
65393,1.0,1921,1921,144
65394,0.0,896,896,96
65394,1.0,1140,1140,114
65395,0.0,1093,1093,113
65395,1.0,1395,1395,109
65396,0.0,1177,1177,112
65396,1.0,1483,1483,110
65397,0.0,825,825,75
65397,1.0,1036,1036,78
65398,0.0,1012,1012,100
65398,1.0,1276,1276,123
65399,0.0,1254,1254,117
65399,1.0,1581,1581,122
65400,0.0,1168,1168,110
65400,1.0,1477,1477,118
65401,0.0,1476,1476,145
65401,1.0,1850,1850,143
65402,0.0,1441,1441,131
65402,1.0,1814,1814,140
65403,0.0,946,946,86
65403,1.0,1190,1190,91
65404,0.0,1643,1643,169
65404,1.0,2065,2065,173
65405,0.0,2228,2228,210
65405,1.0,2839,2839,230
65406,0.0,1089,1089,102
65406,1.0,1367,1367,107
65407,0.0,981,981,119
65407,1.0,1240,1240,130
65408,0.0,1056,1056,97
65408,1.0,1349,1349,126
65409,0.0,1749,1749,167
65409,1.0,2188,2188,166
65410,0.0,759,759,69
65410,1.0,952,952,72
65411,0.0,748,748,68
65411,1.0,926,926,71
65412,0.0,1430,1430,140
65412,1.0,1808,1808,148
65413,0.0,778,778,98
65413,1.0,970,970,102
65414,0.0,1364,1364,134
65414,1.0,1714,1714,142
65415,0.0,977,977,115
65415,1.0,1213,1213,95
65416,0.0,1287,1287,117
65416,1.0,1624,1624,125
65417,0.0,495,495,55
65417,1.0,629,629,48
65418,0.0,948,948,99
65418,1.0,1193,1193,89
65419,0.0,903,903,103
65419,1.0,1120,1120,102
65420,0.0,1275,1275,136
65420,1.0,1584,1584,122
65421,0.0,979,979,99
65421,1.0,1240,1240,96
65422,0.0,968,968,95
65422,1.0,1214,1214,91
65423,0.0,990,990,95
65423,1.0,1252,1252,96
65424,0.0,1419,1419,145
65424,1.0,1766,1766,136
65425,0.0,946,946,94
65425,1.0,1197,1197,87
65426,0.0,741,741,97
65426,1.0,953,953,120
65427,0.0,858,858,85
65427,1.0,1081,1081,86
65428,0.0,539,539,49
65428,1.0,677,677,52
65429,0.0,440,440,41
65429,1.0,535,535,46
65430,0.0,1620,1620,173
65430,1.0,2011,2011,149
65431,0.0,1210,1210,117
65431,1.0,1515,1515,120
65432,0.0,886,886,113
65432,1.0,1107,1107,108
65433,0.0,627,627,66
65433,1.0,792,792,71
65434,0.0,858,858,88
65434,1.0,1087,1087,91
65435,0.0,858,858,78
65435,1.0,1081,1081,86
65436,0.0,682,682,62
65436,1.0,861,861,74
65437,0.0,1107,1107,120
65437,1.0,1394,1394,136
65438,0.0,539,539,59
65438,1.0,695,695,72
65439,0.0,440,440,40
65439,1.0,569,569,51
65440,0.0,1553,1553,153
65440,1.0,1960,1960,153
65441,0.0,836,836,78
65441,1.0,1051,1051,79
65442,0.0,1716,1716,176
65442,1.0,2132,2132,180
65443,0.0,1606,1606,151
65443,1.0,2032,2032,161
65444,0.0,737,737,78
65444,1.0,919,919,69
65445,0.0,869,869,80
65445,1.0,1101,1101,80
65446,0.0,1936,1936,188
65446,1.0,2412,2412,194
65447,0.0,1727,1727,170
65447,1.0,2169,2169,174
65448,0.0,858,858,78
65448,1.0,1058,1058,88
65449,0.0,803,803,73
65449,1.0,1009,1009,78
65450,0.0,906,906,112
65450,1.0,1105,1105,87
65451,0.0,693,693,63
65451,1.0,868,868,67
65452,0.0,1056,1056,96
65452,1.0,1329,1329,97
65453,0.0,869,869,80
65453,1.0,1103,1103,79
65454,0.0,451,451,41
65454,1.0,567,567,46
65455,0.0,864,864,94
65455,1.0,1080,1080,109
65456,0.0,1518,1518,138
65456,1.0,1893,1893,147
65457,0.0,1276,1276,117
65457,1.0,1598,1598,128
65458,0.0,1606,1606,146
65458,1.0,2035,2035,151
65459,0.0,946,946,86
65459,1.0,1192,1192,88
65460,0.0,1463,1463,133
65460,1.0,1851,1851,156
65461,0.0,1272,1272,136
65461,1.0,1571,1571,130
65462,0.0,946,946,97
65462,1.0,1198,1198,109
65463,0.0,1232,1232,112
65463,1.0,1572,1572,128
65464,0.0,642,642,64
65464,1.0,804,804,79
65465,0.0,935,935,87
65465,1.0,1187,1187,85
65466,0.0,1365,1365,145
65466,1.0,1689,1689,129
65467,0.0,726,726,67
65467,1.0,909,909,68
65468,0.0,1738,1738,162
65468,1.0,2160,2160,165
65469,0.0,884,884,114
65469,1.0,1108,1108,108
65470,0.0,1168,1168,115
65470,1.0,1455,1455,111
65471,0.0,506,506,50
65471,1.0,632,632,50
65472,0.0,1837,1837,173
65472,1.0,2317,2317,175
65473,0.0,1672,1672,152
65473,1.0,2098,2098,161
65474,0.0,979,979,94
65474,1.0,1243,1243,94
65475,0.0,785,785,76
65475,1.0,1029,1029,121
65476,0.0,1814,1814,180
65476,1.0,2279,2279,181
65477,0.0,1531,1531,150
65477,1.0,1921,1921,144
65478,0.0,1122,1122,102
65478,1.0,1402,1402,105
65479,0.0,1678,1678,169
65479,1.0,2100,2100,172
65480,0.0,759,759,72
65480,1.0,960,960,76
65481,0.0,1408,1408,131
65481,1.0,1762,1762,132
65482,0.0,275,275,34
65482,1.0,345,345,26
65483,0.0,1661,1661,151
65483,1.0,2095,2095,156
65484,0.0,2167,2167,199
65484,1.0,2746,2746,225
65485,0.0,1679,1679,166
65485,1.0,2092,2092,161
65486,0.0,539,539,52
65486,1.0,678,678,49
65487,0.0,781,781,71
65487,1.0,975,975,77
65488,0.0,946,946,86
65488,1.0,1210,1210,95
65489,0.0,902,902,83
65489,1.0,1127,1127,83
65490,0.0,1058,1058,105
65490,1.0,1332,1332,105
65491,0.0,1419,1419,140
65491,1.0,1787,1787,139
65492,0.0,1328,1328,138
65492,1.0,1682,1682,142
65493,0.0,957,957,91
65493,1.0,1211,1211,89
65494,0.0,847,847,79
65494,1.0,1068,1068,80
65495,0.0,693,693,73
65495,1.0,873,873,70
65496,0.0,1079,1079,110
65496,1.0,1353,1353,98
65498,0.0,1771,1771,168
65498,1.0,2232,2232,169
65499,0.0,1023,1023,93
65499,1.0,1298,1298,108
65500,0.0,1254,1254,114
65500,1.0,1583,1583,116
65501,0.0,1100,1100,100
65501,1.0,1389,1389,101
65502,0.0,926,926,94
65502,1.0,1161,1161,104
65503,0.0,1941,1941,199
65503,1.0,2433,2433,204
65504,0.0,1397,1397,131
65504,1.0,1759,1759,135
65505,0.0,1870,1870,183
65505,1.0,2359,2359,177
65506,0.0,783,783,83
65506,1.0,989,989,97
65507,0.0,623,623,84
65507,1.0,773,773,75
65508,0.0,2013,2013,188
65508,1.0,2531,2531,189
65509,0.0,1001,1001,91
65509,1.0,1255,1255,93
65510,0.0,1133,1133,114
65510,1.0,1429,1429,115
65511,0.0,1130,1130,120
65511,1.0,1416,1416,110
65512,0.0,825,825,76
65512,1.0,1017,1017,77
65513,0.0,1375,1375,125
65513,1.0,1715,1715,155
65515,0.0,649,649,62
65515,1.0,837,837,71
65516,0.0,1386,1386,135
65516,1.0,1755,1755,129
65517,0.0,2046,2046,188
65517,1.0,2583,2583,193
65518,0.0,1078,1078,101
65518,1.0,1349,1349,103
65519,0.0,1573,1573,154
65519,1.0,1966,1966,158
65520,0.0,868,868,108
65520,1.0,1100,1100,115
65521,0.0,1188,1188,112
65521,1.0,1499,1499,113
65522,0.0,1408,1408,139
65522,1.0,1766,1766,137
65523,0.0,660,660,61
65523,1.0,838,838,80
65524,0.0,1122,1122,103
65524,1.0,1418,1418,108
65525,0.0,1243,1243,120
65525,1.0,1568,1568,137
65526,0.0,1386,1386,136
65526,1.0,1742,1742,144
65527,0.0,1991,1991,185
65527,1.0,2497,2497,191
65528,0.0,1078,1078,103
65528,1.0,1348,1348,105
65529,0.0,823,823,101
65529,1.0,1036,1036,93
65530,0.0,1089,1089,101
65530,1.0,1367,1367,101
65531,0.0,1463,1463,142
65531,1.0,1831,1831,151
65532,0.0,1245,1245,140
65532,1.0,1522,1522,124
65533,0.0,2024,2024,191
65533,1.0,2538,2538,192
65534,0.0,440,440,51
65534,1.0,560,560,40
65535,0.0,1000,1000,104
65535,1.0,1251,1251,97
65536,0.0,902,902,92
65536,1.0,1131,1131,84
65537,0.0,550,550,61
65537,1.0,689,689,50
65538,0.0,935,935,85
65538,1.0,1184,1184,93
65539,0.0,823,823,101
65539,1.0,1028,1028,93
65540,0.0,1514,1514,164
65540,1.0,1886,1886,158
65541,0.0,1573,1573,145
65541,1.0,1955,1955,151
65542,0.0,1540,1540,153
65542,1.0,1939,1939,158
65543,0.0,1276,1276,125
65543,1.0,1604,1604,122
65544,0.0,1430,1430,138
65544,1.0,1811,1811,134
65545,0.0,660,660,61
65545,1.0,832,832,68
65546,0.0,1463,1463,134
65546,1.0,1851,1851,152
65547,0.0,803,803,73
65547,1.0,1007,1007,74
65548,0.0,497,497,67
65548,1.0,612,612,68
65549,0.0,990,990,96
65549,1.0,1246,1246,92
65550,0.0,1312,1312,141
65550,1.0,1654,1654,135
65551,0.0,1056,1056,106
65551,1.0,1328,1328,103
65552,0.0,363,363,36
65552,1.0,456,456,35
65553,0.0,1771,1771,167
65553,1.0,2245,2245,174
65554,0.0,1903,1903,183
65554,1.0,2369,2369,193
65555,0.0,572,572,53
65555,1.0,714,714,61
65556,0.0,1135,1135,115
65556,1.0,1422,1422,120
65557,0.0,462,462,42
65557,1.0,585,585,52
65558,0.0,1232,1232,119
65558,1.0,1556,1556,117
65559,0.0,1309,1309,128
65559,1.0,1655,1655,138
65560,0.0,1067,1067,97
65560,1.0,1346,1346,103
65561,0.0,1397,1397,127
65561,1.0,1762,1762,131
65562,0.0,2156,2156,196
65562,1.0,2713,2713,224
65563,0.0,1419,1419,141
65563,1.0,1773,1773,152
65564,0.0,1769,1769,180
65564,1.0,2226,2226,194
65565,0.0,2079,2079,191
65565,1.0,2631,2631,195
65566,0.0,1441,1441,141
65566,1.0,1817,1817,135
65567,0.0,891,891,85
65567,1.0,1122,1122,96
65568,0.0,550,550,50
65568,1.0,683,683,60
65569,0.0,857,857,96
65569,1.0,1080,1080,91
65570,0.0,1331,1331,121
65570,1.0,1688,1688,138
65571,0.0,1401,1401,145
65571,1.0,1760,1760,130
65572,0.0,1584,1584,146
65572,1.0,1998,1998,151
65573,0.0,1067,1067,100
65573,1.0,1337,1337,101
65574,0.0,440,440,41
65574,1.0,563,563,56
65575,0.0,825,825,85
65575,1.0,1036,1036,89
65576,0.0,1650,1650,154
65576,1.0,2084,2084,153
65577,0.0,836,836,76
65577,1.0,1056,1056,77
65578,0.0,712,712,91
65578,1.0,886,886,97
65579,0.0,1507,1507,138
65579,1.0,1876,1876,143
65580,0.0,1742,1742,167
65580,1.0,2217,2217,181
65581,0.0,759,759,69
65581,1.0,965,965,70
65582,0.0,602,602,71
65582,1.0,746,746,54
65583,0.0,997,997,114
65583,1.0,1233,1233,112
65584,0.0,1276,1276,116
65584,1.0,1612,1612,141
65585,0.0,1210,1210,111
65585,1.0,1511,1511,113
65586,0.0,893,893,83
65586,1.0,1136,1136,101
65587,0.0,1309,1309,119
65587,1.0,1652,1652,120
65588,0.0,1030,1030,120
65588,1.0,1282,1282,125
65589,0.0,1628,1628,150
65589,1.0,2055,2055,166
65590,0.0,1192,1192,132
65590,1.0,1471,1471,125
65591,0.0,1551,1551,143
65591,1.0,1954,1954,157
65592,0.0,1342,1342,132
65592,1.0,1677,1677,129
65593,0.0,930,930,89
65593,1.0,1182,1182,96
65594,0.0,420,420,50
65594,1.0,527,527,40
65595,0.0,1100,1100,112
65595,1.0,1379,1379,105
65596,0.0,1786,1786,176
65596,1.0,2256,2256,207
65597,0.0,1100,1100,102
65597,1.0,1382,1382,119
65598,0.0,308,308,28
65598,1.0,385,385,29
65600,0.0,880,880,80
65600,1.0,1114,1114,81
65601,0.0,737,737,87
65601,1.0,918,918,80
65602,0.0,1639,1639,175
65602,1.0,2059,2059,170
65603,0.0,1156,1156,124
65603,1.0,1459,1459,108
65604,0.0,1551,1551,141
65604,1.0,1934,1934,150
65605,0.0,1584,1584,154
65605,1.0,1997,1997,147
65606,0.0,2475,2475,238
65606,1.0,3140,3140,231
65607,0.0,715,715,66
65607,1.0,902,902,69
65608,0.0,2596,2596,246
65608,1.0,3288,3288,249
65609,0.0,891,891,91
65609,1.0,1134,1134,95
65610,0.0,1452,1452,139
65610,1.0,1841,1841,137
65611,0.0,880,880,80
65611,1.0,1116,1116,92
65612,0.0,429,429,39
65612,1.0,543,543,41
65613,0.0,990,990,90
65613,1.0,1262,1262,103
65614,0.0,1221,1221,123
65614,1.0,1538,1538,119
65615,0.0,1320,1320,146
65615,1.0,1649,1649,123
65616,0.0,1628,1628,156
65616,1.0,2039,2039,159
65617,0.0,721,721,71
65617,1.0,929,929,77
65618,0.0,1408,1408,132
65618,1.0,1766,1766,136
65619,0.0,990,990,95
65619,1.0,1222,1222,91
65620,0.0,726,726,73
65620,1.0,902,902,70
65621,0.0,726,726,74
65621,1.0,912,912,81
65622,0.0,510,510,58
65622,1.0,648,648,56
65623,0.0,1452,1452,132
65623,1.0,1820,1820,142
65624,0.0,473,473,56
65624,1.0,594,594,44
65625,0.0,836,836,82
65625,1.0,1063,1063,76
65626,0.0,1035,1035,155
65626,1.0,1294,1294,152
65627,0.0,1529,1529,141
65627,1.0,1930,1930,147
65628,0.0,737,737,74
65628,1.0,938,938,70
65629,0.0,693,693,63
65629,1.0,866,866,68
65630,0.0,1452,1452,133
65630,1.0,1830,1830,148
65631,0.0,1067,1067,100
65631,1.0,1330,1330,102
65632,0.0,902,902,82
65632,1.0,1116,1116,87
65633,0.0,1760,1760,164
65633,1.0,2214,2214,173
65634,0.0,748,748,69
65634,1.0,942,942,68
65635,0.0,1034,1034,94
65635,1.0,1296,1296,101
65636,0.0,1055,1055,115
65636,1.0,1318,1318,99
65637,0.0,1217,1217,134
65637,1.0,1512,1512,115
65638,0.0,1199,1199,110
65638,1.0,1517,1517,111
65639,0.0,1584,1584,153
65639,1.0,2000,2000,163
65640,0.0,1210,1210,140
65640,1.0,1481,1481,144
65641,0.0,1417,1417,154
65641,1.0,1794,1794,151
65642,0.0,1552,1552,160
65642,1.0,1941,1941,159
65643,0.0,383,383,57
65643,1.0,460,460,44
65644,0.0,1639,1639,161
65644,1.0,2078,2078,157
65645,0.0,1537,1537,146
65645,1.0,1930,1930,143
65646,0.0,803,803,81
65646,1.0,1002,1002,73
65647,0.0,1364,1364,154
65647,1.0,1707,1707,140
65648,0.0,814,814,84
65648,1.0,1030,1030,83
65649,0.0,899,899,92
65649,1.0,1129,1129,86
65650,0.0,1676,1676,160
65650,1.0,2119,2119,189
65651,0.0,1231,1231,126
65651,1.0,1542,1542,114
65652,0.0,1452,1452,135
65652,1.0,1812,1812,141
65653,0.0,2244,2244,215
65653,1.0,2827,2827,212
65654,0.0,968,968,92
65654,1.0,1228,1228,104
65655,0.0,1571,1571,157
65655,1.0,1954,1954,150
65656,0.0,1104,1104,121
65656,1.0,1375,1375,114
65657,0.0,1271,1271,151
65657,1.0,1573,1573,121
65658,0.0,737,737,72
65658,1.0,928,928,69
65659,0.0,1144,1144,106
65659,1.0,1444,1444,105
65660,0.0,879,879,93
65660,1.0,1082,1082,82
65661,0.0,1500,1500,192
65661,1.0,1894,1894,216
65662,0.0,1331,1331,122
65662,1.0,1699,1699,139
65663,0.0,858,858,83
65663,1.0,1075,1075,83
65664,0.0,994,994,107
65664,1.0,1248,1248,101
65665,0.0,848,848,100
65665,1.0,1063,1063,82
65666,0.0,1212,1212,135
65666,1.0,1500,1500,141
65667,0.0,619,619,107
65667,1.0,721,721,72
65668,0.0,1683,1683,158
65668,1.0,2115,2115,162
65669,0.0,1573,1573,153
65669,1.0,1973,1973,151
65670,0.0,1361,1361,161
65670,1.0,1705,1705,145
65671,0.0,1342,1342,128
65671,1.0,1699,1699,126
65673,0.0,1529,1529,140
65673,1.0,1932,1932,141
65675,0.0,1414,1414,139
65675,1.0,1763,1763,159
65676,0.0,1936,1936,179
65676,1.0,2430,2430,190
65677,0.0,1265,1265,127
65677,1.0,1619,1619,140
65678,0.0,1144,1144,104
65678,1.0,1444,1444,105
65679,0.0,693,693,63
65679,1.0,858,858,65
65680,0.0,1408,1408,132
65680,1.0,1772,1772,139
65681,0.0,1353,1353,124
65681,1.0,1691,1691,144
65682,0.0,1034,1034,94
65682,1.0,1292,1292,98
65683,0.0,1696,1696,156
65683,1.0,2137,2137,185
65684,0.0,1210,1210,110
65684,1.0,1529,1529,117
65685,0.0,1397,1397,127
65685,1.0,1761,1761,129
65686,0.0,1155,1155,105
65686,1.0,1444,1444,110
65687,0.0,1023,1023,118
65687,1.0,1287,1287,109
65688,0.0,913,913,83
65688,1.0,1138,1138,85
65689,0.0,1298,1298,121
65689,1.0,1636,1636,137
65690,0.0,627,627,57
65690,1.0,786,786,59
65691,0.0,1421,1421,141
65691,1.0,1828,1828,174
65692,0.0,495,495,58
65692,1.0,612,612,52
65693,0.0,1155,1155,120
65693,1.0,1460,1460,110
65694,0.0,1562,1562,145
65694,1.0,1980,1980,157
65695,0.0,781,781,71
65695,1.0,979,979,88
65696,0.0,1980,1980,190
65696,1.0,2495,2495,186
65697,0.0,1221,1221,111
65697,1.0,1539,1539,115
65698,0.0,693,693,72
65698,1.0,862,862,70
65699,0.0,759,759,79
65699,1.0,950,950,83
65700,0.0,1210,1210,116
65700,1.0,1522,1522,116
65701,0.0,781,781,81
65701,1.0,979,979,81
65702,0.0,1342,1342,128
65702,1.0,1697,1697,138
65704,0.0,1611,1611,171
65704,1.0,2024,2024,160
65705,0.0,638,638,66
65705,1.0,799,799,66
65706,0.0,2178,2178,199
65706,1.0,2728,2728,216
65707,0.0,1804,1804,170
65707,1.0,2269,2269,175
65708,0.0,1705,1705,158
65708,1.0,2155,2155,167
65709,0.0,814,814,74
65709,1.0,1022,1022,74
65710,0.0,1242,1242,120
65710,1.0,1556,1556,117
65711,0.0,1452,1452,132
65711,1.0,1820,1820,144
65712,0.0,1210,1210,119
65712,1.0,1504,1504,116
65713,0.0,847,847,81
65713,1.0,1075,1075,99
65714,0.0,800,800,92
65714,1.0,990,990,77
65715,0.0,953,953,106
65715,1.0,1186,1186,109
65716,0.0,1265,1265,115
65716,1.0,1589,1589,123
65717,0.0,511,511,61
65717,1.0,624,624,64
65718,0.0,1045,1045,104
65718,1.0,1306,1306,100
65719,0.0,2061,2061,216
65719,1.0,2556,2556,199
65720,0.0,890,890,90
65720,1.0,1122,1122,109
65721,0.0,1056,1056,96
65721,1.0,1327,1327,101
65722,0.0,1012,1012,103
65722,1.0,1272,1272,110
65723,0.0,831,831,85
65723,1.0,1055,1055,85
65724,0.0,1221,1221,121
65724,1.0,1534,1534,120
65725,0.0,847,847,87
65725,1.0,1064,1064,80
65726,0.0,1047,1047,97
65726,1.0,1341,1341,127
65727,0.0,1237,1237,144
65727,1.0,1547,1547,122
65728,0.0,341,341,41
65728,1.0,425,425,35
65729,0.0,899,899,87
65729,1.0,1123,1123,93
65730,0.0,1210,1210,118
65730,1.0,1527,1527,112
65731,0.0,883,883,103
65731,1.0,1094,1094,99
65732,0.0,1199,1199,114
65732,1.0,1520,1520,112
65733,0.0,902,902,82
65733,1.0,1136,1136,99
65734,0.0,763,763,84
65734,1.0,960,960,83
65735,0.0,948,948,98
65735,1.0,1186,1186,89
65736,0.0,1196,1196,123
65736,1.0,1547,1547,169
65737,0.0,1232,1232,112
65737,1.0,1540,1540,124
65738,0.0,910,910,88
65738,1.0,1121,1121,88
65739,0.0,1718,1718,158
65739,1.0,2178,2178,174
65740,0.0,935,935,95
65740,1.0,1186,1186,85
65741,0.0,1012,1012,102
65741,1.0,1278,1278,101
65742,0.0,862,862,120
65742,1.0,1068,1068,129
65743,0.0,913,913,85
65743,1.0,1160,1160,85
65744,0.0,334,334,41
65744,1.0,411,411,37
65745,0.0,1177,1177,112
65745,1.0,1491,1491,107
65746,0.0,924,924,84
65746,1.0,1156,1156,87
65747,0.0,659,659,66
65747,1.0,843,843,74
65748,0.0,2244,2244,210
65748,1.0,2829,2829,215
65749,0.0,1012,1012,93
65749,1.0,1283,1283,92
65750,0.0,649,649,59
65750,1.0,821,821,63
65751,0.0,748,748,75
65751,1.0,948,948,69
65752,0.0,1287,1287,121
65752,1.0,1624,1624,122
65753,0.0,1661,1661,153
65753,1.0,2066,2066,160
65754,0.0,1166,1166,112
65754,1.0,1475,1475,108
65755,0.0,1254,1254,124
65755,1.0,1563,1563,120
65756,0.0,1674,1674,168
65756,1.0,2108,2108,178
65757,0.0,990,990,94
65757,1.0,1264,1264,112
65758,0.0,1584,1584,155
65758,1.0,1980,1980,151
65759,0.0,781,781,71
65759,1.0,987,987,72
65760,0.0,660,660,60
65760,1.0,833,833,61
65761,0.0,704,704,66
65761,1.0,889,889,66
65762,0.0,935,935,87
65762,1.0,1176,1176,93
65763,0.0,883,883,100
65763,1.0,1086,1086,93
65764,0.0,625,625,85
65764,1.0,803,803,104
65765,0.0,539,539,49
65765,1.0,685,685,50
65766,0.0,847,847,77
65766,1.0,1066,1066,79
65767,0.0,803,803,74
65767,1.0,997,997,86
65768,0.0,700,700,86
65768,1.0,879,879,86
65769,0.0,1301,1301,181
65769,1.0,1589,1589,175
65770,0.0,643,643,81
65770,1.0,813,813,67
65771,0.0,1408,1408,129
65771,1.0,1760,1760,136
65772,0.0,946,946,87
65772,1.0,1196,1196,90
65773,0.0,747,747,83
65773,1.0,918,918,84
65774,0.0,924,924,94
65774,1.0,1169,1169,84
65775,0.0,1397,1397,137
65775,1.0,1758,1758,139
65776,0.0,990,990,94
65776,1.0,1255,1255,98
65777,0.0,1433,1433,157
65777,1.0,1788,1788,144
65778,0.0,1716,1716,173
65778,1.0,2163,2163,176
65779,0.0,1419,1419,129
65779,1.0,1791,1791,132
65780,0.0,814,814,75
65780,1.0,1024,1024,78
65781,0.0,848,848,92
65781,1.0,1086,1086,108
65782,0.0,1321,1321,136
65782,1.0,1638,1638,131
65783,0.0,582,582,75
65783,1.0,743,743,87
65784,0.0,1411,1411,158
65784,1.0,1753,1753,144
65785,0.0,598,598,64
65785,1.0,746,746,58
65786,0.0,1180,1180,123
65786,1.0,1483,1483,121
65787,0.0,536,536,70
65787,1.0,669,669,58
65788,0.0,1260,1260,147
65788,1.0,1564,1564,139
65789,0.0,1931,1931,204
65789,1.0,2430,2430,186
65790,0.0,1178,1178,126
65790,1.0,1442,1442,119
65791,0.0,1067,1067,98
65791,1.0,1345,1345,107
65792,0.0,1536,1536,153
65792,1.0,1927,1927,155
65793,0.0,1452,1452,140
65793,1.0,1830,1830,149
65794,0.0,748,748,75
65794,1.0,942,942,70
65795,0.0,1397,1397,134
65795,1.0,1740,1740,143
65796,0.0,1309,1309,126
65796,1.0,1649,1649,125
65797,0.0,1067,1067,98
65797,1.0,1350,1350,99
65798,0.0,1496,1496,142
65798,1.0,1894,1894,142
65799,0.0,2200,2200,210
65799,1.0,2813,2813,211
65800,0.0,1694,1694,155
65800,1.0,2142,2142,162
65801,0.0,1588,1588,153
65801,1.0,2005,2005,151
65802,0.0,1488,1488,153
65802,1.0,1894,1894,166
65803,0.0,1083,1083,108
65803,1.0,1340,1340,106
65804,0.0,1364,1364,124
65804,1.0,1704,1704,128
65805,0.0,1628,1628,157
65805,1.0,2068,2068,159
65806,0.0,1001,1001,91
65806,1.0,1295,1295,112
65807,0.0,1276,1276,130
65807,1.0,1608,1608,132
65808,0.0,517,517,50
65808,1.0,653,653,48
65809,0.0,1089,1089,130
65809,1.0,1389,1389,143
65810,0.0,990,990,90
65810,1.0,1252,1252,92
65811,0.0,859,859,96
65811,1.0,1065,1065,79
65812,0.0,1246,1246,136
65812,1.0,1551,1551,125
65813,0.0,1859,1859,181
65813,1.0,2342,2342,186
65814,0.0,1584,1584,155
65814,1.0,1982,1982,150
65815,0.0,762,762,82
65815,1.0,956,956,88
65816,0.0,1628,1628,148
65816,1.0,2035,2035,157
65817,0.0,990,990,100
65817,1.0,1241,1241,103
65818,0.0,770,770,81
65818,1.0,971,971,79
65819,0.0,792,792,75
65819,1.0,995,995,75
65820,0.0,1122,1122,102
65820,1.0,1418,1418,104
65821,0.0,1199,1199,117
65821,1.0,1502,1502,118
65822,0.0,1107,1107,108
65822,1.0,1381,1381,102
65823,0.0,638,638,58
65823,1.0,803,803,61
65824,0.0,1529,1529,139
65824,1.0,1916,1916,148
65825,0.0,803,803,78
65825,1.0,1005,1005,85
65826,0.0,682,682,62
65826,1.0,856,856,64
65827,0.0,1749,1749,159
65827,1.0,2210,2210,167
65829,0.0,1089,1089,99
65829,1.0,1374,1374,103
65830,0.0,1232,1232,123
65830,1.0,1559,1559,117
65831,0.0,1650,1650,155
65831,1.0,2082,2082,153
65832,0.0,1672,1672,157
65832,1.0,2090,2090,173
65833,0.0,1694,1694,157
65833,1.0,2125,2125,160
65834,0.0,1078,1078,108
65834,1.0,1370,1370,132
65835,0.0,1264,1264,136
65835,1.0,1597,1597,146
65836,0.0,451,451,41
65836,1.0,568,568,43
65837,0.0,853,853,94
65837,1.0,1067,1067,94
65838,0.0,1353,1353,123
65838,1.0,1712,1712,125
65839,0.0,1199,1199,121
65839,1.0,1508,1508,120
65840,0.0,946,946,99
65840,1.0,1194,1194,102
65841,0.0,872,872,116
65841,1.0,1114,1114,131
65842,0.0,1595,1595,146
65842,1.0,2012,2012,148
65843,0.0,704,704,73
65843,1.0,868,868,71
65844,0.0,715,715,74
65844,1.0,900,900,81
65845,0.0,1364,1364,135
65845,1.0,1729,1729,144
65846,0.0,926,926,96
65846,1.0,1171,1171,113
65847,0.0,1400,1400,150
65847,1.0,1772,1772,160
65848,0.0,1122,1122,109
65848,1.0,1400,1400,106
65849,0.0,1364,1364,127
65849,1.0,1711,1711,130
65850,0.0,682,682,66
65850,1.0,860,860,70
65851,0.0,726,726,66
65851,1.0,916,916,69
65852,0.0,1124,1124,113
65852,1.0,1411,1411,112
65853,0.0,1441,1441,141
65853,1.0,1813,1813,144
65854,0.0,1155,1155,112
65854,1.0,1450,1450,109
65855,0.0,1606,1606,146
65855,1.0,2013,2013,154
65856,0.0,1166,1166,106
65856,1.0,1473,1473,113
65857,0.0,506,506,76
65857,1.0,619,619,68
65858,0.0,528,528,48
65858,1.0,658,658,49
65859,0.0,546,546,71
65859,1.0,677,677,63
65860,0.0,814,814,81
65860,1.0,1019,1019,79
65861,0.0,902,902,82
65861,1.0,1134,1134,88
65862,0.0,1793,1793,165
65862,1.0,2244,2244,177
65863,0.0,1111,1111,106
65863,1.0,1396,1396,117
65864,0.0,1396,1396,165
65864,1.0,1747,1747,146
65865,0.0,1694,1694,156
65865,1.0,2134,2134,159
65866,0.0,915,915,96
65866,1.0,1144,1144,99
65867,0.0,1144,1144,106
65867,1.0,1442,1442,111
65868,0.0,1199,1199,112
65868,1.0,1500,1500,115
65869,0.0,1019,1019,119
65869,1.0,1259,1259,113
65870,0.0,766,766,106
65870,1.0,946,946,90
65871,0.0,1287,1287,128
65871,1.0,1614,1614,138
65872,0.0,1265,1265,115
65872,1.0,1561,1561,121
65873,0.0,1001,1001,97
65873,1.0,1266,1266,98
65874,0.0,932,932,91
65874,1.0,1189,1189,95
65875,0.0,1507,1507,140
65875,1.0,1903,1903,146
65876,0.0,913,913,92
65876,1.0,1137,1137,87
65877,0.0,1225,1225,119
65877,1.0,1544,1544,120
65878,0.0,1221,1221,113
65878,1.0,1544,1544,115
65879,0.0,1078,1078,103
65879,1.0,1359,1359,100
65880,0.0,959,959,115
65880,1.0,1215,1215,123
65881,0.0,1463,1463,142
65881,1.0,1839,1839,144
65882,0.0,1276,1276,123
65882,1.0,1606,1606,118
65883,0.0,726,726,77
65883,1.0,920,920,71
65884,0.0,1331,1331,148
65884,1.0,1687,1687,183
65885,0.0,682,682,71
65885,1.0,862,862,62
65886,0.0,1290,1290,150
65886,1.0,1623,1623,131
65887,0.0,929,929,109
65887,1.0,1142,1142,97
65888,0.0,961,961,92
65888,1.0,1212,1212,98
65889,0.0,737,737,76
65889,1.0,932,932,81
65890,0.0,772,772,73
65890,1.0,970,970,73
65891,0.0,1903,1903,195
65891,1.0,2387,2387,212
65892,0.0,1100,1100,100
65892,1.0,1394,1394,104
65893,0.0,1452,1452,144
65893,1.0,1806,1806,143
65894,0.0,1166,1166,113
65894,1.0,1440,1440,113
65895,0.0,165,165,25
65895,1.0,208,208,16
65896,0.0,1144,1144,107
65896,1.0,1438,1438,114
65897,0.0,1029,1029,100
65897,1.0,1290,1290,119
65898,0.0,561,561,51
65898,1.0,707,707,55
65899,0.0,1089,1089,117
65899,1.0,1369,1369,123
65900,0.0,1388,1388,128
65900,1.0,1768,1768,161
65901,0.0,935,935,91
65901,1.0,1185,1185,100
65902,0.0,693,693,69
65902,1.0,879,879,71
65903,0.0,1419,1419,129
65903,1.0,1774,1774,140
65904,0.0,935,935,87
65904,1.0,1186,1186,85
65905,0.0,806,806,97
65905,1.0,1015,1015,103
65906,0.0,730,730,80
65906,1.0,915,915,74
65907,0.0,968,968,90
65907,1.0,1213,1213,94
65908,0.0,1311,1311,125
65908,1.0,1633,1633,126
65909,0.0,968,968,98
65909,1.0,1221,1221,104
65910,0.0,1402,1402,142
65910,1.0,1772,1772,152
65911,0.0,1892,1892,183
65911,1.0,2383,2383,192
65912,0.0,1177,1177,115
65912,1.0,1471,1471,110
65913,0.0,1001,1001,95
65913,1.0,1257,1257,94
65914,0.0,947,947,121
65914,1.0,1156,1156,108
65915,0.0,891,891,81
65915,1.0,1122,1122,84
65916,0.0,132,132,12
65916,1.0,167,167,14
65917,0.0,638,638,58
65917,1.0,809,809,60
65918,0.0,1133,1133,103
65918,1.0,1427,1427,108
65919,0.0,660,660,63
65919,1.0,824,824,73
65920,0.0,1573,1573,145
65920,1.0,1963,1963,152
65921,0.0,898,898,108
65921,1.0,1114,1114,95
65922,0.0,1595,1595,153
65922,1.0,2019,2019,156
65923,0.0,1045,1045,104
65923,1.0,1323,1323,99
65924,0.0,1661,1661,175
65924,1.0,2070,2070,176
65925,0.0,979,979,92
65925,1.0,1220,1220,103
65926,0.0,1265,1265,118
65926,1.0,1596,1596,123
65927,0.0,975,975,113
65927,1.0,1230,1230,114
65928,0.0,1078,1078,98
65928,1.0,1363,1363,104
65929,0.0,957,957,87
65929,1.0,1212,1212,87
65930,0.0,825,825,76
65930,1.0,1034,1034,82
65931,0.0,1287,1287,127
65931,1.0,1625,1625,122
65932,0.0,902,902,82
65932,1.0,1135,1135,90
65933,0.0,900,900,107
65933,1.0,1121,1121,103
65934,0.0,1658,1658,159
65934,1.0,2079,2079,162
65935,0.0,748,748,70
65935,1.0,947,947,68
65936,0.0,1363,1363,133
65936,1.0,1716,1716,136
65937,0.0,737,737,71
65937,1.0,910,910,73
65938,0.0,1452,1452,135
65938,1.0,1838,1838,147
65939,0.0,912,912,102
65939,1.0,1120,1120,96
65940,0.0,1320,1320,122
65940,1.0,1650,1650,125
65941,0.0,704,704,64
65941,1.0,884,884,65
65942,0.0,1144,1144,104
65942,1.0,1434,1434,109
65943,0.0,1496,1496,165
65943,1.0,1881,1881,165
65944,0.0,1759,1759,176
65944,1.0,2186,2186,165
65945,0.0,880,880,81
65945,1.0,1117,1117,80
65946,0.0,913,913,83
65946,1.0,1155,1155,91
65947,0.0,1628,1628,154
65947,1.0,2077,2077,163
65948,0.0,858,858,78
65948,1.0,1082,1082,78
65949,0.0,1106,1106,109
65949,1.0,1373,1373,122
65950,0.0,1709,1709,164
65950,1.0,2174,2174,174
65951,0.0,1298,1298,127
65951,1.0,1635,1635,125
65952,0.0,1474,1474,137
65952,1.0,1855,1855,141
65953,0.0,1230,1230,132
65953,1.0,1516,1516,127
65954,0.0,726,726,77
65954,1.0,906,906,79
65955,0.0,1366,1366,136
65955,1.0,1720,1720,144
65956,0.0,1078,1078,108
65956,1.0,1347,1347,106
65957,0.0,1044,1044,112
65957,1.0,1334,1334,102
65958,0.0,1034,1034,97
65958,1.0,1301,1301,98
65959,0.0,2002,2002,204
65959,1.0,2521,2521,224
65960,0.0,1001,1001,101
65960,1.0,1256,1256,94
65961,0.0,1980,1980,180
65961,1.0,2514,2514,203
65962,0.0,892,892,90
65962,1.0,1121,1121,91
65963,0.0,913,913,91
65963,1.0,1146,1146,92
65964,0.0,738,738,108
65964,1.0,919,919,117
65965,0.0,1463,1463,134
65965,1.0,1850,1850,138
65966,0.0,1265,1265,115
65966,1.0,1580,1580,122
65967,0.0,871,871,90
65967,1.0,1097,1097,96
65968,0.0,1485,1485,145
65968,1.0,1874,1874,154
65969,0.0,1283,1283,133
65969,1.0,1614,1614,146
65970,0.0,1298,1298,133
65970,1.0,1640,1640,124
65971,0.0,1145,1145,121
65971,1.0,1420,1420,115
65972,0.0,869,869,79
65972,1.0,1095,1095,86
65973,0.0,1430,1430,146
65973,1.0,1811,1811,141
65974,0.0,1804,1804,180
65974,1.0,2258,2258,184
65975,0.0,902,902,82
65975,1.0,1133,1133,87
65976,0.0,1568,1568,148
65976,1.0,1986,1986,172
65977,0.0,1442,1442,153
65977,1.0,1829,1829,157
65978,0.0,1298,1298,123
65978,1.0,1626,1626,125
65979,0.0,1892,1892,182
65979,1.0,2376,2376,188
65980,0.0,1446,1446,148
65980,1.0,1819,1819,156
65981,0.0,1265,1265,122
65981,1.0,1595,1595,118
65982,0.0,957,957,90
65982,1.0,1189,1189,93
65983,0.0,1853,1853,201
65983,1.0,2301,2301,176
65984,0.0,1518,1518,138
65984,1.0,1910,1910,153
65985,0.0,1438,1438,147
65985,1.0,1807,1807,144
65986,0.0,1133,1133,112
65986,1.0,1439,1439,107
65987,0.0,1221,1221,113
65987,1.0,1555,1555,144
65988,0.0,561,561,60
65988,1.0,706,706,51
65989,0.0,1342,1342,122
65989,1.0,1687,1687,126
65990,0.0,407,407,38
65990,1.0,511,511,50
65991,0.0,1661,1661,152
65991,1.0,2081,2081,167
65993,0.0,1705,1705,160
65993,1.0,2147,2147,167
65994,0.0,1166,1166,117
65994,1.0,1475,1475,115
65995,0.0,1122,1122,103
65995,1.0,1414,1414,111
65996,0.0,1529,1529,151
65996,1.0,1936,1936,144
65997,0.0,891,891,88
65997,1.0,1121,1121,96
65998,0.0,759,759,76
65998,1.0,945,945,72
65999,0.0,1298,1298,118
65999,1.0,1643,1643,121
66000,0.0,858,858,79
66000,1.0,1073,1073,85
66001,0.0,1177,1177,116
66001,1.0,1483,1483,109
66002,0.0,583,583,64
66002,1.0,726,726,63
66003,0.0,1287,1287,126
66003,1.0,1587,1587,125
66004,0.0,1058,1058,128
66004,1.0,1346,1346,139
66005,0.0,1291,1291,130
66005,1.0,1620,1620,127
66006,0.0,694,694,70
66006,1.0,864,864,63
66007,0.0,1012,1012,97
66007,1.0,1258,1258,109
66008,0.0,1199,1199,116
66008,1.0,1500,1500,118
66009,0.0,1474,1474,140
66009,1.0,1853,1853,136
66010,0.0,715,715,65
66010,1.0,890,890,70
66011,0.0,1089,1089,110
66011,1.0,1383,1383,120
66012,0.0,1026,1026,106
66012,1.0,1295,1295,115
66013,0.0,1694,1694,166
66013,1.0,2138,2138,163
66014,0.0,2178,2178,201
66014,1.0,2739,2739,229
66015,0.0,704,704,64
66015,1.0,890,890,67
66016,0.0,1991,1991,191
66016,1.0,2508,2508,192
66018,0.0,1155,1155,106
66018,1.0,1455,1455,108
66019,0.0,1243,1243,125
66019,1.0,1579,1579,125
66020,0.0,503,503,54
66020,1.0,624,624,48
66021,0.0,1155,1155,105
66021,1.0,1464,1464,111
66022,0.0,737,737,75
66022,1.0,921,921,71
66023,0.0,1155,1155,108
66023,1.0,1445,1445,108
66024,0.0,1210,1210,118
66024,1.0,1521,1521,117
66025,0.0,363,363,34
66025,1.0,448,448,36
66026,0.0,1517,1517,151
66026,1.0,1882,1882,158
66027,0.0,1001,1001,98
66027,1.0,1268,1268,97
66028,0.0,1628,1628,148
66028,1.0,2050,2050,164
66029,0.0,539,539,59
66029,1.0,681,681,52
66030,0.0,1331,1331,129
66030,1.0,1670,1670,133
66031,0.0,814,814,78
66031,1.0,1027,1027,74
66032,0.0,1254,1254,125
66032,1.0,1564,1564,123
66033,0.0,1298,1298,141
66033,1.0,1623,1623,129
66034,0.0,1177,1177,107
66034,1.0,1500,1500,133
66035,0.0,1463,1463,141
66035,1.0,1842,1842,138
66036,0.0,165,165,15
66036,1.0,204,204,15
66037,0.0,1584,1584,146
66037,1.0,1993,1993,148
66038,0.0,1507,1507,139
66038,1.0,1900,1900,146
66039,0.0,935,935,95
66039,1.0,1177,1177,96
66040,0.0,1615,1615,170
66040,1.0,2024,2024,158
66041,0.0,1089,1089,102
66041,1.0,1386,1386,102
66042,0.0,1111,1111,111
66042,1.0,1393,1393,123
66043,0.0,1100,1100,110
66043,1.0,1365,1365,111
66044,0.0,1848,1848,169
66044,1.0,2324,2324,183
66045,0.0,839,839,99
66045,1.0,1042,1042,90
66046,0.0,920,920,103
66046,1.0,1154,1154,100
66047,0.0,847,847,77
66047,1.0,1044,1044,85
66048,0.0,1364,1364,125
66048,1.0,1723,1723,128
66049,0.0,736,736,77
66049,1.0,912,912,73
66050,0.0,882,882,102
66050,1.0,1096,1096,93
66051,0.0,1042,1042,149
66051,1.0,1317,1317,152
66052,0.0,1628,1628,152
66052,1.0,2052,2052,155
66053,0.0,771,771,91
66053,1.0,952,952,86
66054,0.0,1265,1265,126
66054,1.0,1596,1596,127
66055,0.0,1386,1386,132
66055,1.0,1735,1735,135
66056,0.0,693,693,64
66056,1.0,871,871,64
66057,0.0,1166,1166,109
66057,1.0,1473,1473,110
66058,0.0,968,968,88
66058,1.0,1211,1211,97
66059,0.0,1298,1298,121
66059,1.0,1634,1634,125
66060,0.0,1694,1694,166
66060,1.0,2122,2122,161
66061,0.0,1573,1573,156
66061,1.0,1964,1964,162
66062,0.0,1144,1144,115
66062,1.0,1434,1434,119
66063,0.0,972,972,98
66063,1.0,1220,1220,103
66064,0.0,870,870,88
66064,1.0,1084,1084,91
66065,0.0,539,539,58
66065,1.0,683,683,50
66066,0.0,1001,1001,91
66066,1.0,1257,1257,93
66067,0.0,990,990,100
66067,1.0,1246,1246,95
66068,0.0,1078,1078,98
66068,1.0,1342,1342,110
66069,0.0,704,704,71
66069,1.0,886,886,64
66070,0.0,1540,1540,141
66070,1.0,1920,1920,143
66071,0.0,2134,2134,205
66071,1.0,2693,2693,199
66072,0.0,803,803,80
66072,1.0,1015,1015,82
66073,0.0,1122,1122,102
66073,1.0,1400,1400,111
66074,0.0,1129,1129,119
66074,1.0,1400,1400,124
66075,0.0,748,748,78
66075,1.0,947,947,85
66076,0.0,1012,1012,104
66076,1.0,1281,1281,108
66077,0.0,1292,1292,135
66077,1.0,1595,1595,133
66078,0.0,1751,1751,173
66078,1.0,2201,2201,181
66079,0.0,682,682,62
66079,1.0,856,856,67
66080,0.0,1584,1584,150
66080,1.0,1989,1989,152
66081,0.0,1155,1155,106
66081,1.0,1454,1454,108
66082,0.0,781,781,76
66082,1.0,976,976,75
66083,0.0,1053,1053,111
66083,1.0,1312,1312,111
66084,0.0,638,638,58
66084,1.0,807,807,60
66085,0.0,1163,1163,113
66085,1.0,1471,1471,129
66086,0.0,965,965,98
66086,1.0,1214,1214,101
66087,0.0,1463,1463,141
66087,1.0,1802,1802,139
66088,0.0,1309,1309,122
66088,1.0,1651,1651,131
66089,0.0,946,946,88
66089,1.0,1201,1201,88
66090,0.0,1947,1947,185
66090,1.0,2446,2446,189
66091,0.0,2261,2261,213
66091,1.0,2849,2849,223
66092,0.0,1177,1177,107
66092,1.0,1481,1481,114
66093,0.0,1263,1263,147
66093,1.0,1575,1575,138
66095,0.0,825,825,75
66095,1.0,1047,1047,75
66096,0.0,396,396,46
66096,1.0,499,499,39
66097,0.0,572,572,52
66097,1.0,713,713,54
66098,0.0,1023,1023,94
66098,1.0,1283,1283,101
66099,0.0,1771,1771,175
66099,1.0,2219,2219,169
66100,0.0,1133,1133,113
66100,1.0,1445,1445,138
66101,0.0,795,795,105
66101,1.0,1005,1005,107
66102,0.0,561,561,51
66102,1.0,704,704,54
66103,0.0,1408,1408,129
66103,1.0,1757,1757,132
66104,0.0,748,748,74
66104,1.0,950,950,75
66105,0.0,858,858,79
66105,1.0,1078,1078,87
66106,0.0,1595,1595,149
66106,1.0,2006,2006,150
66107,0.0,2215,2215,213
66107,1.0,2785,2785,211
66108,0.0,957,957,87
66108,1.0,1226,1226,93
66109,0.0,473,473,52
66109,1.0,593,593,46
66110,0.0,1573,1573,143
66110,1.0,1978,1978,151
66111,0.0,1331,1331,121
66111,1.0,1666,1666,123
66112,0.0,867,867,99
66112,1.0,1075,1075,86
66113,0.0,924,924,84
66113,1.0,1165,1165,86
66114,0.0,1188,1188,117
66114,1.0,1504,1504,123
66115,0.0,1276,1276,116
66115,1.0,1594,1594,123
66116,0.0,1427,1427,163
66116,1.0,1788,1788,149
66117,0.0,1078,1078,109
66117,1.0,1364,1364,109
66119,0.0,462,462,45
66119,1.0,583,583,46
66120,0.0,1745,1745,177
66120,1.0,2160,2160,173
66121,0.0,1133,1133,113
66121,1.0,1423,1423,115
66122,0.0,1617,1617,157
66122,1.0,2029,2029,159
66123,0.0,1654,1654,164
66123,1.0,2087,2087,167
66124,0.0,1188,1188,119
66124,1.0,1498,1498,126
66125,0.0,1122,1122,104
66125,1.0,1423,1423,103
66126,0.0,1848,1848,174
66126,1.0,2334,2334,172
66127,0.0,1210,1210,122
66127,1.0,1532,1532,112
66128,0.0,1353,1353,125
66128,1.0,1692,1692,132
66129,0.0,1419,1419,140
66129,1.0,1792,1792,141
66130,0.0,539,539,49
66130,1.0,685,685,53
66131,0.0,774,774,91
66131,1.0,990,990,111
66132,0.0,732,732,83
66132,1.0,928,928,79
66133,0.0,539,539,49
66133,1.0,681,681,50
66134,0.0,1452,1452,133
66134,1.0,1789,1789,141
66135,0.0,2112,2112,196
66135,1.0,2666,2666,211
66136,0.0,924,924,91
66136,1.0,1153,1153,93
66137,0.0,385,385,46
66137,1.0,487,487,35
66138,0.0,990,990,92
66138,1.0,1234,1234,95
66139,0.0,1309,1309,128
66139,1.0,1643,1643,136
66140,0.0,1529,1529,152
66140,1.0,1931,1931,150
66141,0.0,722,722,83
66141,1.0,896,896,74
66142,0.0,759,759,69
66142,1.0,956,956,75
66143,0.0,920,920,109
66143,1.0,1154,1154,107
66144,0.0,1518,1518,138
66144,1.0,1915,1915,142
66145,0.0,814,814,74
66145,1.0,1007,1007,77
66146,0.0,1133,1133,103
66146,1.0,1432,1432,106
66147,0.0,1331,1331,136
66147,1.0,1670,1670,129
66148,0.0,704,704,81
66148,1.0,891,891,71
66149,0.0,495,495,45
66149,1.0,625,625,47
66150,0.0,853,853,87
66150,1.0,1056,1056,93
66151,0.0,1212,1212,115
66151,1.0,1539,1539,132
66152,0.0,1672,1672,162
66152,1.0,2086,2086,165
66153,0.0,572,572,52
66153,1.0,735,735,63
66154,0.0,1452,1452,135
66154,1.0,1837,1837,138
66155,0.0,1947,1947,192
66155,1.0,2446,2446,186
66156,0.0,1110,1110,114
66156,1.0,1380,1380,112
66157,0.0,946,946,89
66157,1.0,1196,1196,87
66158,0.0,702,702,92
66158,1.0,890,890,99
66159,0.0,1870,1870,172
66159,1.0,2360,2360,180
66160,0.0,671,671,65
66160,1.0,839,839,63
66161,0.0,1078,1078,103
66161,1.0,1347,1347,106
66162,0.0,1947,1947,203
66162,1.0,2464,2464,198
66163,0.0,1320,1320,131
66163,1.0,1656,1656,126
66164,0.0,1122,1122,114
66164,1.0,1411,1411,126
66165,0.0,1484,1484,152
66165,1.0,1862,1862,148
66166,0.0,814,814,80
66166,1.0,1028,1028,79
66167,0.0,712,712,70
66167,1.0,886,886,80
66168,0.0,1482,1482,147
66168,1.0,1860,1860,146
66169,0.0,1529,1529,141
66169,1.0,1921,1921,148
66170,0.0,1441,1441,134
66170,1.0,1815,1815,136
66171,0.0,693,693,84
66171,1.0,842,842,79
66172,0.0,748,748,69
66172,1.0,942,942,71
66173,0.0,1716,1716,165
66173,1.0,2165,2165,166
66174,0.0,539,539,49
66174,1.0,675,675,51
66175,0.0,1485,1485,137
66175,1.0,1874,1874,142
66176,0.0,880,880,80
66176,1.0,1114,1114,82
66177,0.0,1661,1661,160
66177,1.0,2093,2093,160
66178,0.0,1067,1067,105
66178,1.0,1369,1369,122
66179,0.0,1441,1441,151
66179,1.0,1821,1821,132
66180,0.0,1617,1617,149
66180,1.0,2041,2041,153
66181,0.0,1221,1221,121
66181,1.0,1546,1546,113
66182,0.0,517,517,47
66182,1.0,647,647,59
66183,0.0,902,902,94
66183,1.0,1114,1114,95
66184,0.0,968,968,98
66184,1.0,1223,1223,107
66185,0.0,2024,2024,193
66185,1.0,2550,2550,192
66186,0.0,1367,1367,143
66186,1.0,1730,1730,147
66187,0.0,854,854,92
66187,1.0,1053,1053,82
66188,0.0,1320,1320,130
66188,1.0,1670,1670,134
66189,0.0,1749,1749,161
66189,1.0,2198,2198,175
66190,0.0,1265,1265,115
66190,1.0,1588,1588,118
66191,0.0,1628,1628,159
66191,1.0,2060,2060,168
66192,0.0,2305,2305,216
66192,1.0,2915,2915,239
66193,0.0,895,895,89
66193,1.0,1122,1122,82
66194,0.0,1584,1584,151
66194,1.0,1974,1974,166
66195,0.0,998,998,108
66195,1.0,1235,1235,105
66196,0.0,880,880,80
66196,1.0,1103,1103,83
66197,0.0,484,484,55
66197,1.0,610,610,47
66198,0.0,935,935,85
66198,1.0,1168,1168,96
66199,0.0,990,990,94
66199,1.0,1235,1235,99
66200,0.0,972,972,113
66200,1.0,1220,1220,101
66201,0.0,836,836,76
66201,1.0,1063,1063,77
66202,0.0,2244,2244,205
66202,1.0,2830,2830,212
66203,0.0,957,957,97
66203,1.0,1186,1186,106
66204,0.0,1364,1364,125
66204,1.0,1730,1730,129
66205,0.0,1166,1166,106
66205,1.0,1474,1474,110
66206,0.0,1090,1090,108
66206,1.0,1386,1386,104
66207,0.0,1430,1430,148
66207,1.0,1811,1811,139
66208,0.0,859,859,90
66208,1.0,1077,1077,104
66209,0.0,858,858,82
66209,1.0,1079,1079,83
66210,0.0,1474,1474,146
66210,1.0,1859,1859,147
66211,0.0,1155,1155,110
66211,1.0,1456,1456,107
66212,0.0,704,704,68
66212,1.0,890,890,69
66214,0.0,1574,1574,165
66214,1.0,1965,1965,155
66215,0.0,1452,1452,137
66215,1.0,1831,1831,133
66216,0.0,1138,1138,136
66216,1.0,1423,1423,118
66217,0.0,1353,1353,123
66217,1.0,1707,1707,124
66219,0.0,924,924,91
66219,1.0,1174,1174,88
66220,0.0,1045,1045,98
66220,1.0,1316,1316,103
66221,0.0,1485,1485,145
66221,1.0,1866,1866,142
66222,0.0,1056,1056,96
66222,1.0,1330,1330,100
66223,0.0,1074,1074,123
66223,1.0,1345,1345,132
66224,0.0,379,379,57
66224,1.0,480,480,60
66225,0.0,487,487,69
66225,1.0,640,640,90
66226,0.0,1430,1430,142
66226,1.0,1816,1816,154
66227,0.0,1375,1375,126
66227,1.0,1723,1723,132
66228,0.0,1023,1023,93
66228,1.0,1278,1278,97
66229,0.0,1806,1806,173
66229,1.0,2279,2279,181
66230,0.0,1500,1500,151
66230,1.0,1882,1882,158
66231,0.0,1694,1694,165
66231,1.0,2139,2139,165
66232,0.0,385,385,35
66232,1.0,479,479,45
66233,0.0,1540,1540,140
66233,1.0,1928,1928,149
66234,0.0,605,605,65
66234,1.0,761,761,59
66235,0.0,834,834,102
66235,1.0,1041,1041,98
66236,0.0,1386,1386,139
66236,1.0,1750,1750,130
66237,0.0,1408,1408,136
66237,1.0,1776,1776,148
66238,0.0,1188,1188,108
66238,1.0,1491,1491,113
66239,0.0,1155,1155,117
66239,1.0,1453,1453,112
66240,0.0,913,913,86
66240,1.0,1153,1153,88
66241,0.0,968,968,88
66241,1.0,1214,1214,89
66242,0.0,748,748,77
66242,1.0,938,938,71
66243,0.0,671,671,65
66243,1.0,842,842,73
66244,0.0,1496,1496,148
66244,1.0,1880,1880,152
66245,0.0,1078,1078,98
66245,1.0,1358,1358,104
66246,0.0,1374,1374,144
66246,1.0,1703,1703,149
66247,0.0,1408,1408,138
66247,1.0,1772,1772,130
66248,0.0,671,671,67
66248,1.0,841,841,71
66249,0.0,2376,2376,221
66249,1.0,2996,2996,226
66250,0.0,978,978,106
66250,1.0,1238,1238,109
66251,0.0,1177,1177,117
66251,1.0,1476,1476,117
66252,0.0,1089,1089,104
66252,1.0,1377,1377,110
66253,0.0,341,341,31
66253,1.0,432,432,32
66254,0.0,558,558,68
66254,1.0,685,685,56
66255,0.0,1419,1419,168
66255,1.0,1797,1797,175
66256,0.0,1342,1342,127
66256,1.0,1687,1687,126
66257,0.0,1264,1264,124
66257,1.0,1588,1588,147
66258,0.0,858,858,88
66258,1.0,1085,1085,94
66259,0.0,1342,1342,124
66259,1.0,1697,1697,125
66260,0.0,539,539,63
66260,1.0,685,685,63
66261,0.0,990,990,100
66261,1.0,1250,1250,101
66262,0.0,1420,1420,142
66262,1.0,1758,1758,137
66263,0.0,748,748,70
66263,1.0,952,952,69
66264,0.0,1025,1025,107
66264,1.0,1304,1304,117
66265,0.0,933,933,100
66265,1.0,1153,1153,106
66266,0.0,1181,1181,113
66266,1.0,1486,1486,110
66267,0.0,1463,1463,135
66267,1.0,1849,1849,150
66268,0.0,591,591,59
66268,1.0,728,728,61
66269,0.0,1815,1815,175
66269,1.0,2300,2300,171
66271,0.0,1083,1083,114
66271,1.0,1340,1340,108
66272,0.0,1485,1485,139
66272,1.0,1861,1861,143
66273,0.0,698,698,69
66273,1.0,873,873,70
66274,0.0,2095,2095,234
66274,1.0,2639,2639,218
66275,0.0,1161,1161,126
66275,1.0,1460,1460,132
66276,0.0,1210,1210,118
66276,1.0,1512,1512,114
66277,0.0,1232,1232,124
66277,1.0,1545,1545,116
66278,0.0,2035,2035,188
66278,1.0,2563,2563,190
66279,0.0,1353,1353,123
66279,1.0,1686,1686,127
66280,0.0,512,512,52
66280,1.0,630,630,56
66281,0.0,1254,1254,124
66281,1.0,1583,1583,134
66282,0.0,693,693,68
66282,1.0,870,870,83
66283,0.0,1078,1078,106
66283,1.0,1368,1368,103
66284,0.0,994,994,114
66284,1.0,1261,1261,127
66285,0.0,910,910,106
66285,1.0,1132,1132,94
66286,0.0,1313,1313,152
66286,1.0,1616,1616,133
66287,0.0,904,904,85
66287,1.0,1146,1146,89
66288,0.0,682,682,70
66288,1.0,831,831,63
66289,0.0,1122,1122,103
66289,1.0,1388,1388,109
66290,0.0,1507,1507,138
66290,1.0,1893,1893,150
66291,0.0,1474,1474,148
66291,1.0,1847,1847,145
66292,0.0,1100,1100,104
66292,1.0,1386,1386,113
66293,0.0,913,913,89
66293,1.0,1156,1156,85
66294,0.0,1566,1566,153
66294,1.0,1956,1956,158
66295,0.0,1639,1639,149
66295,1.0,2056,2056,174
66296,0.0,891,891,81
66296,1.0,1114,1114,90
66297,0.0,844,844,104
66297,1.0,1017,1017,94
66298,0.0,1019,1019,109
66298,1.0,1276,1276,125
66299,0.0,682,682,62
66299,1.0,866,866,63
66300,0.0,638,638,60
66300,1.0,796,796,61
66301,0.0,1353,1353,124
66301,1.0,1706,1706,129
66302,0.0,1166,1166,115
66302,1.0,1468,1468,111
66303,0.0,1264,1264,124
66303,1.0,1617,1617,140
66304,0.0,1423,1423,143
66304,1.0,1806,1806,157
66305,0.0,1397,1397,131
66305,1.0,1764,1764,133
66306,0.0,1652,1652,162
66306,1.0,2074,2074,154
66307,0.0,1028,1028,118
66307,1.0,1275,1275,103
66308,0.0,1804,1804,166
66308,1.0,2264,2264,175
66309,0.0,649,649,64
66309,1.0,816,816,60
66310,0.0,1258,1258,118
66310,1.0,1582,1582,129
66311,0.0,1481,1481,161
66311,1.0,1866,1866,151
66312,0.0,1199,1199,109
66312,1.0,1517,1517,111
66313,0.0,1067,1067,101
66313,1.0,1343,1343,105
66314,0.0,1177,1177,112
66314,1.0,1491,1491,110
66315,0.0,1122,1122,113
66315,1.0,1417,1417,117
66316,0.0,1045,1045,107
66316,1.0,1307,1307,96
66317,0.0,1628,1628,157
66317,1.0,2051,2051,153
66318,0.0,519,519,80
66318,1.0,641,641,62
66319,0.0,1443,1443,134
66319,1.0,1833,1833,141
66320,0.0,957,957,87
66320,1.0,1203,1203,91
66321,0.0,1452,1452,132
66321,1.0,1847,1847,139
66322,0.0,1067,1067,107
66322,1.0,1336,1336,107
66323,0.0,1254,1254,116
66323,1.0,1584,1584,120
66324,0.0,1601,1601,164
66324,1.0,2017,2017,161
66325,0.0,285,285,47
66325,1.0,336,336,28
66326,0.0,979,979,89
66326,1.0,1225,1225,100
66327,0.0,1309,1309,119
66327,1.0,1661,1661,119
66328,0.0,1058,1058,108
66328,1.0,1320,1320,105
66329,0.0,946,946,86
66329,1.0,1174,1174,91
66330,0.0,1078,1078,98
66330,1.0,1346,1346,102
66331,0.0,1032,1032,123
66331,1.0,1277,1277,118
66332,0.0,1056,1056,102
66332,1.0,1334,1334,100
66333,0.0,935,935,90
66333,1.0,1181,1181,87
66334,0.0,1288,1288,158
66334,1.0,1599,1599,140
66335,0.0,1146,1146,121
66335,1.0,1434,1434,110
66336,0.0,1342,1342,122
66336,1.0,1693,1693,142
66337,0.0,1200,1200,117
66337,1.0,1496,1496,118
66338,0.0,1001,1001,95
66338,1.0,1263,1263,92
66339,0.0,1109,1109,126
66339,1.0,1377,1377,116
66340,0.0,1045,1045,122
66340,1.0,1313,1313,96
66341,0.0,814,814,81
66341,1.0,1024,1024,82
66342,0.0,1606,1606,145
66342,1.0,2021,2021,157
66343,0.0,1177,1177,107
66343,1.0,1474,1474,111
66344,0.0,924,924,96
66344,1.0,1160,1160,97
66345,0.0,1093,1093,118
66345,1.0,1377,1377,120
66346,0.0,1397,1397,127
66346,1.0,1760,1760,146
66347,0.0,1661,1661,158
66347,1.0,2098,2098,164
66348,0.0,2046,2046,197
66348,1.0,2590,2590,211
66349,0.0,1408,1408,138
66349,1.0,1778,1778,142
66350,0.0,770,770,70
66350,1.0,953,953,75
66351,0.0,1201,1201,120
66351,1.0,1519,1519,111
66352,0.0,1595,1595,182
66352,1.0,1999,1999,166
66354,0.0,1509,1509,139
66354,1.0,1901,1901,159
66355,0.0,1287,1287,124
66355,1.0,1610,1610,126
66356,0.0,1221,1221,141
66356,1.0,1494,1494,117
66357,0.0,1749,1749,173
66357,1.0,2211,2211,176
66358,0.0,1243,1243,119
66358,1.0,1558,1558,120
66359,0.0,1765,1765,179
66359,1.0,2205,2205,167
66360,0.0,1350,1350,134
66360,1.0,1709,1709,157
66361,0.0,1827,1827,196
66361,1.0,2297,2297,193
66362,0.0,1463,1463,146
66362,1.0,1843,1843,149
66363,0.0,572,572,52
66363,1.0,718,718,53
66364,0.0,1672,1672,163
66364,1.0,2108,2108,158
66365,0.0,550,550,50
66365,1.0,696,696,54
66366,0.0,1265,1265,115
66366,1.0,1601,1601,119
66367,0.0,991,991,110
66367,1.0,1262,1262,124
66368,0.0,869,869,92
66368,1.0,1100,1100,95
66369,0.0,880,880,94
66369,1.0,1098,1098,89
66370,0.0,770,770,79
66370,1.0,964,964,74
66371,0.0,1408,1408,134
66371,1.0,1770,1770,135
66372,0.0,1056,1056,96
66372,1.0,1327,1327,98
66373,0.0,1221,1221,117
66373,1.0,1536,1536,117
66374,0.0,924,924,95
66374,1.0,1158,1158,98
66375,0.0,1155,1155,110
66375,1.0,1443,1443,131
66376,0.0,737,737,69
66376,1.0,917,917,74
66377,0.0,1484,1484,155
66377,1.0,1854,1854,160
66378,0.0,1375,1375,136
66378,1.0,1726,1726,142
66379,0.0,1738,1738,168
66379,1.0,2181,2181,168
66380,0.0,1606,1606,151
66380,1.0,2031,2031,149
66381,0.0,1643,1643,167
66381,1.0,2067,2067,165
66382,0.0,1718,1718,174
66382,1.0,2155,2155,170
66383,0.0,706,706,75
66383,1.0,889,889,65
66384,0.0,1408,1408,133
66384,1.0,1768,1768,135
66385,0.0,1141,1141,109
66385,1.0,1456,1456,125
66386,0.0,1929,1929,186
66386,1.0,2428,2428,180
66387,0.0,1009,1009,102
66387,1.0,1262,1262,97
66388,0.0,737,737,77
66388,1.0,933,933,71
66389,0.0,517,517,52
66389,1.0,647,647,53
66390,0.0,1298,1298,121
66390,1.0,1633,1633,126
66391,0.0,1034,1034,104
66391,1.0,1306,1306,95
66392,0.0,1100,1100,102
66392,1.0,1387,1387,103
66393,0.0,851,851,91
66393,1.0,1061,1061,80
66394,0.0,836,836,89
66394,1.0,1028,1028,77
66395,0.0,1155,1155,108
66395,1.0,1464,1464,106
66396,0.0,792,792,92
66396,1.0,973,973,83
66397,0.0,1045,1045,99
66397,1.0,1320,1320,108
66398,0.0,1020,1020,99
66398,1.0,1279,1279,109
66399,0.0,1354,1354,144
66399,1.0,1710,1710,145
66400,0.0,649,649,61
66400,1.0,821,821,60
66401,0.0,451,451,42
66401,1.0,568,568,40
66402,0.0,1116,1116,121
66402,1.0,1384,1384,106
66403,0.0,1671,1671,171
66403,1.0,2082,2082,174
66404,0.0,1600,1600,161
66404,1.0,2023,2023,170
66405,0.0,990,990,89
66405,1.0,1245,1245,95
66406,0.0,1155,1155,117
66406,1.0,1454,1454,121
66407,0.0,979,979,99
66407,1.0,1231,1231,105
66408,0.0,924,924,96
66408,1.0,1167,1167,92
66409,0.0,1364,1364,131
66409,1.0,1728,1728,145
66410,0.0,1760,1760,165
66410,1.0,2202,2202,175
66411,0.0,1079,1079,112
66411,1.0,1362,1362,112
66412,0.0,1826,1826,167
66412,1.0,2267,2267,173
66413,0.0,792,792,72
66413,1.0,989,989,86
66415,0.0,902,902,82
66415,1.0,1139,1139,83
66416,0.0,638,638,58
66416,1.0,801,801,59
66417,0.0,1067,1067,101
66417,1.0,1333,1333,105
66418,0.0,1430,1430,140
66418,1.0,1800,1800,160
66419,0.0,831,831,82
66419,1.0,1064,1064,88
66420,0.0,1430,1430,135
66420,1.0,1786,1786,136
66422,0.0,1102,1102,112
66422,1.0,1393,1393,114
66423,0.0,1147,1147,144
66423,1.0,1437,1437,140
66424,0.0,1111,1111,110
66424,1.0,1385,1385,122
66425,0.0,847,847,77
66425,1.0,1071,1071,81
66426,0.0,1540,1540,143
66426,1.0,1940,1940,147
66427,0.0,1217,1217,118
66427,1.0,1537,1537,131
66428,0.0,1595,1595,159
66428,1.0,1991,1991,164
66429,0.0,1297,1297,155
66429,1.0,1629,1629,137
66430,0.0,847,847,77
66430,1.0,1068,1068,78
66431,0.0,957,957,92
66431,1.0,1189,1189,93
66432,0.0,1053,1053,111
66432,1.0,1341,1341,127
66433,0.0,649,649,64
66433,1.0,824,824,59
66435,0.0,853,853,83
66435,1.0,1077,1077,96
66436,0.0,1309,1309,120
66436,1.0,1640,1640,131
66437,0.0,1177,1177,116
66437,1.0,1489,1489,108
66438,0.0,946,946,86
66438,1.0,1201,1201,95
66439,0.0,1177,1177,107
66439,1.0,1467,1467,119
66440,0.0,869,869,93
66440,1.0,1078,1078,99
66441,0.0,817,817,83
66441,1.0,1011,1011,76
66442,0.0,1492,1492,164
66442,1.0,1844,1844,157
66443,0.0,1254,1254,117
66443,1.0,1562,1562,116
66444,0.0,1419,1419,129
66444,1.0,1774,1774,135
66445,0.0,638,638,58
66445,1.0,792,792,59
66446,0.0,1047,1047,112
66446,1.0,1308,1308,103
66447,0.0,990,990,92
66447,1.0,1236,1236,95
66448,0.0,638,638,79
66448,1.0,811,811,71
66449,0.0,748,748,78
66449,1.0,947,947,77
66450,0.0,1639,1639,153
66450,1.0,2046,2046,159
66451,0.0,396,396,37
66451,1.0,495,495,39
66452,0.0,1210,1210,116
66452,1.0,1543,1543,119
66453,0.0,957,957,87
66453,1.0,1211,1211,90
66454,0.0,664,664,66
66454,1.0,840,840,86
66455,0.0,2002,2002,185
66455,1.0,2536,2536,202
66456,0.0,979,979,89
66456,1.0,1230,1230,94
66457,0.0,1375,1375,127
66457,1.0,1701,1701,138
66458,0.0,693,693,65
66458,1.0,875,875,65
66459,0.0,1540,1540,154
66459,1.0,1943,1943,158
66460,0.0,1457,1457,153
66460,1.0,1808,1808,137
66462,0.0,1051,1051,109
66462,1.0,1325,1325,118
66463,0.0,473,473,43
66463,1.0,599,599,44
66464,0.0,946,946,93
66464,1.0,1177,1177,97
66465,0.0,862,862,110
66465,1.0,1097,1097,113
66466,0.0,1119,1119,109
66466,1.0,1406,1406,111
66467,0.0,660,660,60
66467,1.0,828,828,63
66468,0.0,990,990,126
66468,1.0,1231,1231,115
66469,0.0,1496,1496,140
66469,1.0,1887,1887,141
66470,0.0,1157,1157,117
66470,1.0,1447,1447,115
66471,0.0,1188,1188,118
66471,1.0,1506,1506,113
66472,0.0,1518,1518,142
66472,1.0,1898,1898,146
66473,0.0,1584,1584,146
66473,1.0,1992,1992,155
66474,0.0,1386,1386,126
66474,1.0,1737,1737,135
66475,0.0,1188,1188,120
66475,1.0,1489,1489,127
66476,0.0,829,829,80
66476,1.0,1047,1047,96
66477,0.0,1353,1353,124
66477,1.0,1705,1705,128
66478,0.0,1122,1122,105
66478,1.0,1411,1411,106
66479,0.0,1639,1639,150
66479,1.0,2063,2063,163
66480,0.0,1245,1245,121
66480,1.0,1585,1585,124
66481,0.0,1777,1777,169
66481,1.0,2245,2245,190
66482,0.0,594,594,54
66482,1.0,742,742,60
66483,0.0,1148,1148,118
66483,1.0,1441,1441,120
66484,0.0,616,616,58
66484,1.0,776,776,59
66485,0.0,1826,1826,174
66485,1.0,2293,2293,178
66486,0.0,1386,1386,135
66486,1.0,1736,1736,129
66487,0.0,1089,1089,110
66487,1.0,1361,1361,109
66488,0.0,1397,1397,138
66488,1.0,1749,1749,138
66489,0.0,1155,1155,106
66489,1.0,1428,1428,107
66490,0.0,1118,1118,118
66490,1.0,1414,1414,112
66491,0.0,869,869,86
66491,1.0,1101,1101,83
66492,0.0,1719,1719,170
66492,1.0,2145,2145,158
66493,0.0,1361,1361,138
66493,1.0,1708,1708,141
66494,0.0,1240,1240,127
66494,1.0,1544,1544,116
66495,0.0,510,510,52
66495,1.0,634,634,48
66496,0.0,1804,1804,169
66496,1.0,2257,2257,173
66497,0.0,1181,1181,123
66497,1.0,1488,1488,123
66498,0.0,781,781,71
66498,1.0,971,971,76
66499,0.0,915,915,95
66499,1.0,1148,1148,89
66500,0.0,550,550,50
66500,1.0,687,687,54
66501,0.0,968,968,96
66501,1.0,1225,1225,91
66502,0.0,1100,1100,104
66502,1.0,1377,1377,112
66503,0.0,1184,1184,140
66503,1.0,1476,1476,118
66504,0.0,1540,1540,142
66504,1.0,1904,1904,154
66505,0.0,1586,1586,149
66505,1.0,1992,1992,150
66506,0.0,627,627,57
66506,1.0,772,772,60
66507,0.0,1375,1375,125
66507,1.0,1738,1738,130
66508,0.0,902,902,84
66508,1.0,1131,1131,88
66509,0.0,1353,1353,129
66509,1.0,1709,1709,147
66510,0.0,1265,1265,125
66510,1.0,1594,1594,125
66511,0.0,1210,1210,115
66511,1.0,1504,1504,114
66512,0.0,1298,1298,119
66512,1.0,1619,1619,129
66513,0.0,1837,1837,176
66513,1.0,2315,2315,176
66514,0.0,924,924,91
66514,1.0,1163,1163,85
66515,0.0,1311,1311,122
66515,1.0,1647,1647,128
66516,0.0,682,682,67
66516,1.0,862,862,65
66517,0.0,1047,1047,114
66517,1.0,1315,1315,97
66518,0.0,902,902,82
66518,1.0,1134,1134,90
66519,0.0,1243,1243,125
66519,1.0,1574,1574,129
66520,0.0,1287,1287,128
66520,1.0,1624,1624,128
66521,0.0,1414,1414,143
66521,1.0,1759,1759,143
66522,0.0,1529,1529,146
66522,1.0,1929,1929,144
66523,0.0,1265,1265,115
66523,1.0,1597,1597,122
66524,0.0,1023,1023,93
66524,1.0,1287,1287,103
66525,0.0,682,682,62
66525,1.0,858,858,75
66526,0.0,935,935,86
66526,1.0,1172,1172,89
66527,0.0,1016,1016,106
66527,1.0,1293,1293,131
66528,0.0,440,440,48
66528,1.0,550,550,41
66529,0.0,1556,1556,158
66529,1.0,1971,1971,159
66530,0.0,1583,1583,167
66530,1.0,1965,1965,171
66531,0.0,407,407,41
66531,1.0,517,517,37
66532,0.0,1045,1045,95
66532,1.0,1319,1319,99
66533,0.0,1447,1447,139
66533,1.0,1826,1826,150
66534,0.0,1364,1364,124
66534,1.0,1714,1714,141
66535,0.0,1616,1616,179
66535,1.0,2025,2025,193
66536,0.0,1595,1595,155
66536,1.0,2007,2007,153
66537,0.0,1793,1793,174
66537,1.0,2266,2266,171
66538,0.0,1100,1100,110
66538,1.0,1389,1389,116
66540,0.0,902,902,82
66540,1.0,1135,1135,87
66541,0.0,1177,1177,109
66541,1.0,1482,1482,111
66542,0.0,1463,1463,137
66542,1.0,1843,1843,138
66543,0.0,305,305,42
66543,1.0,369,369,38
66544,0.0,253,253,27
66544,1.0,314,314,25
66545,0.0,924,924,87
66545,1.0,1152,1152,91
66546,0.0,1083,1083,114
66546,1.0,1367,1367,103
66547,0.0,1441,1441,132
66547,1.0,1804,1804,137
66548,0.0,1420,1420,145
66548,1.0,1785,1785,147
66549,0.0,803,803,76
66549,1.0,1014,1014,75
66550,0.0,814,814,79
66550,1.0,1030,1030,78
66551,0.0,1133,1133,103
66551,1.0,1425,1425,113
66552,0.0,845,845,86
66552,1.0,1048,1048,92
66553,0.0,1023,1023,93
66553,1.0,1282,1282,95
66554,0.0,914,914,101
66554,1.0,1157,1157,118
66555,0.0,1001,1001,101
66555,1.0,1252,1252,100
66556,0.0,1441,1441,137
66556,1.0,1805,1805,137
66557,0.0,1617,1617,161
66557,1.0,2030,2030,160
66558,0.0,760,760,100
66558,1.0,939,939,96
66559,0.0,1100,1100,101
66559,1.0,1373,1373,107
66560,0.0,649,649,59
66560,1.0,814,814,68
66561,0.0,836,836,76
66561,1.0,1057,1057,78
66562,0.0,1001,1001,94
66562,1.0,1252,1252,95
66563,0.0,1186,1186,127
66563,1.0,1482,1482,121
66564,0.0,1168,1168,153
66564,1.0,1459,1459,147
66565,0.0,1408,1408,129
66565,1.0,1778,1778,130
66566,0.0,1364,1364,124
66566,1.0,1721,1721,127
66567,0.0,935,935,85
66567,1.0,1176,1176,95
66568,0.0,273,273,43
66568,1.0,341,341,43
66569,0.0,1408,1408,128
66569,1.0,1767,1767,144
66570,0.0,1474,1474,150
66570,1.0,1859,1859,146
66571,0.0,961,961,92
66571,1.0,1217,1217,116
66572,0.0,1155,1155,105
66572,1.0,1459,1459,108
66573,0.0,946,946,93
66573,1.0,1192,1192,87
66574,0.0,869,869,90
66574,1.0,1097,1097,81
66575,0.0,517,517,47
66575,1.0,649,649,51
66576,0.0,990,990,100
66576,1.0,1238,1238,93
66577,0.0,693,693,73
66577,1.0,867,867,77
66578,0.0,957,957,87
66578,1.0,1203,1203,89
66579,0.0,715,715,65
66579,1.0,891,891,73
66580,0.0,660,660,64
66580,1.0,831,831,62
66581,0.0,870,870,92
66581,1.0,1101,1101,119
66582,0.0,1914,1914,175
66582,1.0,2406,2406,186
66583,0.0,627,627,57
66583,1.0,798,798,57
66584,0.0,1133,1133,103
66584,1.0,1431,1431,104
66585,0.0,1903,1903,174
66585,1.0,2395,2395,176
66586,0.0,484,484,48
66586,1.0,605,605,49
66587,0.0,1231,1231,119
66587,1.0,1524,1524,126
66588,0.0,1738,1738,164
66588,1.0,2170,2170,165
66589,0.0,847,847,97
66589,1.0,1052,1052,89
66590,0.0,1562,1562,142
66590,1.0,1974,1974,145
66591,0.0,825,825,81
66591,1.0,1034,1034,97
66592,0.0,610,610,81
66592,1.0,732,732,64
66593,0.0,2005,2005,199
66593,1.0,2537,2537,225
66594,0.0,1289,1289,122
66594,1.0,1616,1616,120
66595,0.0,1210,1210,117
66595,1.0,1523,1523,115
66596,0.0,1386,1386,128
66596,1.0,1749,1749,141
66597,0.0,902,902,82
66597,1.0,1138,1138,86
66598,0.0,757,757,93
66598,1.0,965,965,105
66599,0.0,847,847,82
66599,1.0,1066,1066,77
66600,0.0,484,484,54
66600,1.0,612,612,54
66601,0.0,616,616,56
66601,1.0,776,776,60
66602,0.0,1237,1237,134
66602,1.0,1569,1569,134
66603,0.0,748,748,68
66603,1.0,948,948,80
66604,0.0,1720,1720,160
66604,1.0,2193,2193,194
66605,0.0,1435,1435,146
66605,1.0,1780,1780,140
66606,0.0,1298,1298,128
66606,1.0,1643,1643,141
66607,0.0,1320,1320,125
66607,1.0,1660,1660,134
66608,0.0,242,242,25
66608,1.0,302,302,23
66609,0.0,627,627,58
66609,1.0,794,794,68
66610,0.0,825,825,85
66610,1.0,1027,1027,82
66611,0.0,1606,1606,152
66611,1.0,2024,2024,152
66612,0.0,737,737,67
66612,1.0,922,922,78
66613,0.0,1441,1441,135
66613,1.0,1806,1806,140
66614,0.0,726,726,70
66614,1.0,906,906,69
66615,0.0,1507,1507,137
66615,1.0,1887,1887,154
66616,0.0,1056,1056,101
66616,1.0,1330,1330,106
66617,0.0,1386,1386,126
66617,1.0,1742,1742,133
66618,0.0,638,638,58
66618,1.0,808,808,59
66619,0.0,1309,1309,120
66619,1.0,1638,1638,123
66620,0.0,1221,1221,111
66620,1.0,1546,1546,114
66621,0.0,1421,1421,144
66621,1.0,1798,1798,145
66622,0.0,429,429,47
66622,1.0,544,544,41
66623,0.0,1529,1529,139
66623,1.0,1910,1910,150
66624,0.0,1023,1023,93
66624,1.0,1291,1291,102
66625,0.0,1397,1397,128
66625,1.0,1767,1767,137
66626,0.0,1408,1408,131
66626,1.0,1771,1771,132
66627,0.0,880,880,90
66627,1.0,1105,1105,94
66628,0.0,891,891,86
66628,1.0,1119,1119,84
66629,0.0,1199,1199,111
66629,1.0,1517,1517,117
66630,0.0,1389,1389,139
66630,1.0,1727,1727,149
66631,0.0,737,737,77
66631,1.0,928,928,70
66632,0.0,1078,1078,98
66632,1.0,1347,1347,107
66633,0.0,484,484,54
66633,1.0,607,607,49
66634,0.0,770,770,71
66634,1.0,965,965,71
66635,0.0,959,959,101
66635,1.0,1212,1212,100
66636,0.0,649,649,59
66636,1.0,818,818,66
66637,0.0,1210,1210,120
66637,1.0,1529,1529,120
66638,0.0,1221,1221,114
66638,1.0,1537,1537,134
66639,0.0,1661,1661,162
66639,1.0,2071,2071,173
66640,0.0,715,715,65
66640,1.0,893,893,66
66641,0.0,2211,2211,212
66641,1.0,2793,2793,210
66642,0.0,1124,1124,136
66642,1.0,1383,1383,123
66643,0.0,763,763,83
66643,1.0,948,948,83
66644,0.0,627,627,61
66644,1.0,791,791,61
66645,0.0,1078,1078,101
66645,1.0,1352,1352,111
66646,0.0,2082,2082,210
66646,1.0,2628,2628,216
66647,0.0,506,506,46
66647,1.0,637,637,55
66648,0.0,792,792,81
66648,1.0,996,996,76
66649,0.0,803,803,81
66649,1.0,1013,1013,75
66650,0.0,1573,1573,152
66650,1.0,1978,1978,152
66651,0.0,914,914,98
66651,1.0,1118,1118,105
66652,0.0,1309,1309,121
66652,1.0,1642,1642,128
66653,0.0,924,924,87
66653,1.0,1163,1163,89
66654,0.0,1942,1942,188
66654,1.0,2446,2446,193
66655,0.0,385,385,40
66655,1.0,475,475,38
66656,0.0,982,982,112
66656,1.0,1221,1221,107
66657,0.0,2058,2058,206
66657,1.0,2580,2580,210
66658,0.0,1246,1246,134
66658,1.0,1539,1539,133
66659,0.0,858,858,80
66659,1.0,1080,1080,81
66660,0.0,1485,1485,141
66660,1.0,1876,1876,139
66661,0.0,1686,1686,171
66661,1.0,2101,2101,178
66662,0.0,913,913,83
66662,1.0,1142,1142,85
66663,0.0,2637,2637,278
66663,1.0,3292,3292,264
66664,0.0,1188,1188,108
66664,1.0,1489,1489,111
66665,0.0,1155,1155,115
66665,1.0,1453,1453,116
66666,0.0,1232,1232,128
66666,1.0,1547,1547,124
66667,0.0,638,638,58
66667,1.0,799,799,61
66668,0.0,869,869,79
66668,1.0,1088,1088,85
66669,0.0,924,924,104
66669,1.0,1136,1136,113
66670,0.0,1397,1397,135
66670,1.0,1760,1760,129
66671,0.0,946,946,92
66671,1.0,1194,1194,91
66672,0.0,1435,1435,158
66672,1.0,1794,1794,147
66673,0.0,1331,1331,124
66673,1.0,1671,1671,136
66674,0.0,829,829,97
66674,1.0,996,996,90
66675,0.0,1386,1386,135
66675,1.0,1748,1748,130
66676,0.0,792,792,72
66676,1.0,991,991,75
66677,0.0,572,572,52
66677,1.0,723,723,59
66678,0.0,572,572,53
66678,1.0,717,717,54
66679,0.0,792,792,78
66679,1.0,995,995,76
66680,0.0,1526,1526,161
66680,1.0,1901,1901,148
66681,0.0,1226,1226,120
66681,1.0,1538,1538,116
66682,0.0,1353,1353,146
66682,1.0,1708,1708,141
66683,0.0,1102,1102,112
66683,1.0,1389,1389,116
66684,0.0,1320,1320,126
66684,1.0,1668,1668,124
66685,0.0,704,704,64
66685,1.0,887,887,65
66686,0.0,1430,1430,133
66686,1.0,1801,1801,139
66687,0.0,1408,1408,134
66687,1.0,1764,1764,139
66688,0.0,2237,2237,230
66688,1.0,2814,2814,218
66689,0.0,1078,1078,107
66689,1.0,1352,1352,102
66690,0.0,868,868,95
66690,1.0,1094,1094,109
66691,0.0,891,891,93
66691,1.0,1105,1105,83
66692,0.0,1188,1188,113
66692,1.0,1493,1493,120
66693,0.0,792,792,74
66693,1.0,998,998,76
66694,0.0,1166,1166,106
66694,1.0,1455,1455,119
66695,0.0,1595,1595,156
66695,1.0,2010,2010,155
66696,0.0,1023,1023,98
66696,1.0,1294,1294,98
66697,0.0,860,860,84
66697,1.0,1080,1080,79
66698,0.0,1365,1365,145
66698,1.0,1711,1711,145
66699,0.0,2090,2090,199
66699,1.0,2630,2630,204
66700,0.0,1408,1408,130
66700,1.0,1756,1756,133
66701,0.0,957,957,89
66701,1.0,1200,1200,102
66702,0.0,1320,1320,134
66702,1.0,1631,1631,139
66703,0.0,1205,1205,116
66703,1.0,1510,1510,119
66704,0.0,1386,1386,126
66704,1.0,1745,1745,135
66705,0.0,981,981,91
66705,1.0,1249,1249,120
66706,0.0,1639,1639,175
66706,1.0,2072,2072,164
66707,0.0,1661,1661,155
66707,1.0,2067,2067,157
66708,0.0,1166,1166,112
66708,1.0,1479,1479,109
66709,0.0,725,725,87
66709,1.0,896,896,88
66710,0.0,1210,1210,118
66710,1.0,1496,1496,115
66712,0.0,1276,1276,116
66712,1.0,1589,1589,123
66713,0.0,616,616,60
66713,1.0,777,777,59
66714,0.0,1430,1430,130
66714,1.0,1812,1812,133
66715,0.0,1760,1760,164
66715,1.0,2209,2209,167
66716,0.0,1089,1089,103
66716,1.0,1354,1354,108
66717,0.0,1221,1221,120
66717,1.0,1527,1527,118
66718,0.0,396,396,36
66718,1.0,494,494,39
66719,0.0,569,569,59
66719,1.0,722,722,72
66720,0.0,1589,1589,158
66720,1.0,1989,1989,171
66721,0.0,1518,1518,163
66721,1.0,1888,1888,143
66722,0.0,821,821,100
66722,1.0,1006,1006,84
66723,0.0,759,759,77
66723,1.0,947,947,72
66724,0.0,1463,1463,134
66724,1.0,1849,1849,143
66725,0.0,1584,1584,157
66725,1.0,1968,1968,156
66726,0.0,1540,1540,140
66726,1.0,1932,1932,146
66727,0.0,1012,1012,92
66727,1.0,1282,1282,98
66728,0.0,1264,1264,129
66728,1.0,1578,1578,136
66729,0.0,1760,1760,171
66729,1.0,2203,2203,172
66730,0.0,957,957,98
66730,1.0,1194,1194,96
66732,0.0,1430,1430,130
66732,1.0,1807,1807,133
66733,0.0,1287,1287,117
66733,1.0,1619,1619,127
66734,0.0,913,913,87
66734,1.0,1155,1155,93
66735,0.0,1518,1518,148
66735,1.0,1904,1904,142
66736,0.0,1034,1034,119
66736,1.0,1272,1272,114
66737,0.0,836,836,76
66737,1.0,1068,1068,87
66738,0.0,1617,1617,148
66738,1.0,2033,2033,153
66739,0.0,1496,1496,156
66739,1.0,1874,1874,167
66740,0.0,1254,1254,114
66740,1.0,1574,1574,118
66741,0.0,1419,1419,129
66741,1.0,1795,1795,131
66742,0.0,913,913,83
66742,1.0,1147,1147,99
66743,0.0,836,836,91
66743,1.0,1050,1050,80
66744,0.0,1183,1183,121
66744,1.0,1476,1476,109
66745,0.0,858,858,88
66745,1.0,1054,1054,86
66746,0.0,1078,1078,106
66746,1.0,1342,1342,108
66747,0.0,1199,1199,109
66747,1.0,1507,1507,117
66748,0.0,606,606,68
66748,1.0,753,753,73
66749,0.0,622,622,71
66749,1.0,773,773,61
66750,0.0,1353,1353,134
66750,1.0,1696,1696,138
66751,0.0,386,386,45
66751,1.0,472,472,35
66752,0.0,990,990,91
66752,1.0,1241,1241,96
66753,0.0,1089,1089,99
66753,1.0,1362,1362,107
66754,0.0,1364,1364,124
66754,1.0,1708,1708,132
66755,0.0,1706,1706,196
66755,1.0,2098,2098,176
66756,0.0,1639,1639,155
66756,1.0,2068,2068,174
66757,0.0,583,583,63
66757,1.0,731,731,54
66758,0.0,759,759,74
66758,1.0,959,959,75
66759,0.0,1100,1100,101
66759,1.0,1395,1395,101
66760,0.0,1020,1020,100
66760,1.0,1287,1287,96
66761,0.0,605,605,55
66761,1.0,763,763,59
66762,0.0,1188,1188,110
66762,1.0,1499,1499,121
66763,0.0,1342,1342,124
66763,1.0,1678,1678,128
66764,0.0,583,583,53
66764,1.0,737,737,56
66765,0.0,1408,1408,139
66765,1.0,1782,1782,133
66766,0.0,1078,1078,107
66766,1.0,1358,1358,102
66767,0.0,1139,1139,109
66767,1.0,1439,1439,113
66768,0.0,891,891,82
66768,1.0,1130,1130,82
66769,0.0,803,803,73
66769,1.0,1017,1017,74
66770,0.0,985,985,99
66770,1.0,1260,1260,118
66771,0.0,1749,1749,181
66771,1.0,2159,2159,169
66772,0.0,583,583,53
66772,1.0,720,720,55
66773,0.0,869,869,79
66773,1.0,1094,1094,82
66774,0.0,2057,2057,189
66774,1.0,2598,2598,197
66775,0.0,836,836,76
66775,1.0,1044,1044,78
66776,0.0,1276,1276,118
66776,1.0,1586,1586,125
66777,0.0,1232,1232,112
66777,1.0,1559,1559,122
66778,0.0,1144,1144,104
66778,1.0,1432,1432,107
66779,0.0,990,990,95
66779,1.0,1241,1241,100
66780,0.0,1419,1419,128
66780,1.0,1803,1803,141
66781,0.0,781,781,71
66781,1.0,976,976,77
66782,0.0,1232,1232,135
66782,1.0,1528,1528,123
66783,0.0,1403,1403,132
66783,1.0,1780,1780,147
66784,0.0,1038,1038,100
66784,1.0,1325,1325,123
66785,0.0,1210,1210,120
66785,1.0,1526,1526,121
66786,0.0,748,748,78
66786,1.0,924,924,71
66787,0.0,1012,1012,102
66787,1.0,1274,1274,95
66788,0.0,1617,1617,158
66788,1.0,2041,2041,156
66789,0.0,1332,1332,136
66789,1.0,1684,1684,150
66790,0.0,1076,1076,125
66790,1.0,1349,1349,113
66791,0.0,1144,1144,110
66791,1.0,1438,1438,117
66792,0.0,902,902,92
66792,1.0,1142,1142,98
66793,0.0,440,440,40
66793,1.0,540,540,41
66794,0.0,692,692,82
66794,1.0,862,862,81
66795,0.0,1727,1727,163
66795,1.0,2169,2169,167
66796,0.0,1067,1067,107
66796,1.0,1346,1346,113
66797,0.0,1309,1309,130
66797,1.0,1650,1650,120
66798,0.0,1430,1430,137
66798,1.0,1806,1806,142
66799,0.0,924,924,84
66799,1.0,1159,1159,91
66800,0.0,748,748,77
66800,1.0,928,928,75
66801,0.0,913,913,84
66801,1.0,1147,1147,88
66802,0.0,978,978,107
66802,1.0,1242,1242,110
66803,0.0,1386,1386,146
66803,1.0,1723,1723,134
66805,0.0,433,433,57
66805,1.0,541,541,54
66806,0.0,1436,1436,146
66806,1.0,1803,1803,152
66807,0.0,798,798,104
66807,1.0,1009,1009,99
66808,0.0,1154,1154,129
66808,1.0,1449,1449,130
66809,0.0,1122,1122,105
66809,1.0,1417,1417,106
66810,0.0,1133,1133,108
66810,1.0,1430,1430,104
66811,0.0,1078,1078,107
66811,1.0,1342,1342,107
66812,0.0,1287,1287,137
66812,1.0,1634,1634,130
66813,0.0,1683,1683,162
66813,1.0,2127,2127,158
66814,0.0,726,726,66
66814,1.0,910,910,75
66815,0.0,413,413,53
66815,1.0,514,514,39
66816,0.0,1430,1430,138
66816,1.0,1801,1801,132
66817,0.0,1947,1947,183
66817,1.0,2449,2449,187
66818,0.0,1100,1100,117
66818,1.0,1391,1391,102
66819,0.0,1122,1122,104
66819,1.0,1418,1418,120
66820,0.0,1079,1079,115
66820,1.0,1357,1357,111
66821,0.0,473,473,53
66821,1.0,591,591,56
66822,0.0,1062,1062,113
66822,1.0,1346,1346,118
66823,0.0,1091,1091,126
66823,1.0,1356,1356,129
66824,0.0,1111,1111,102
66824,1.0,1399,1399,101
66825,0.0,1133,1133,103
66825,1.0,1421,1421,111
66826,0.0,1595,1595,145
66826,1.0,2007,2007,148
66827,0.0,1353,1353,123
66827,1.0,1687,1687,128
66828,0.0,1540,1540,141
66828,1.0,1941,1941,148
66829,0.0,1610,1610,152
66829,1.0,2055,2055,178
66830,0.0,1287,1287,131
66830,1.0,1632,1632,131
66831,0.0,1225,1225,118
66831,1.0,1524,1524,117
66832,0.0,1474,1474,146
66832,1.0,1869,1869,138
66833,0.0,1524,1524,148
66833,1.0,1909,1909,145
66834,0.0,1125,1125,148
66834,1.0,1399,1399,132
66835,0.0,1566,1566,146
66835,1.0,1966,1966,160
66836,0.0,1551,1551,141
66836,1.0,1954,1954,156
66837,0.0,903,903,126
66837,1.0,1100,1100,92
66838,0.0,1201,1201,125
66838,1.0,1502,1502,113
66839,0.0,1485,1485,145
66839,1.0,1862,1862,144
66840,0.0,761,761,81
66840,1.0,963,963,69
66841,0.0,968,968,92
66841,1.0,1210,1210,103
66842,0.0,637,637,73
66842,1.0,781,781,60
66843,0.0,1815,1815,165
66843,1.0,2297,2297,169
66844,0.0,1166,1166,106
66844,1.0,1474,1474,109
66845,0.0,1046,1046,132
66845,1.0,1327,1327,144
66846,0.0,1452,1452,136
66846,1.0,1825,1825,135
66847,0.0,1664,1664,163
66847,1.0,2101,2101,171
66848,0.0,1694,1694,186
66848,1.0,2119,2119,179
66849,0.0,1038,1038,103
66849,1.0,1305,1305,94
66850,0.0,913,913,83
66850,1.0,1155,1155,87
66851,0.0,1474,1474,134
66851,1.0,1849,1849,142
66852,0.0,913,913,83
66852,1.0,1151,1151,87
66853,0.0,1826,1826,167
66853,1.0,2316,2316,192
66854,0.0,1606,1606,149
66854,1.0,2032,2032,160
66855,0.0,1595,1595,153
66855,1.0,2005,2005,150
66856,0.0,946,946,96
66856,1.0,1184,1184,94
66857,0.0,968,968,88
66857,1.0,1221,1221,91
66858,0.0,1144,1144,115
66858,1.0,1434,1434,108
66859,0.0,1199,1199,117
66859,1.0,1508,1508,116
66860,0.0,1309,1309,128
66860,1.0,1649,1649,135
66861,0.0,1408,1408,132
66861,1.0,1773,1773,130
66863,0.0,1354,1354,138
66863,1.0,1692,1692,148
66864,0.0,814,814,79
66864,1.0,1022,1022,79
66865,0.0,1144,1144,112
66865,1.0,1434,1434,116
66866,0.0,1639,1639,161
66866,1.0,2065,2065,152
66867,0.0,1245,1245,126
66867,1.0,1560,1560,131
66868,0.0,961,961,94
66868,1.0,1188,1188,106
66870,0.0,1089,1089,99
66870,1.0,1364,1364,106
66871,0.0,1282,1282,132
66871,1.0,1602,1602,128
66872,0.0,1159,1159,159
66872,1.0,1474,1474,176
66873,0.0,1111,1111,107
66873,1.0,1388,1388,108
66874,0.0,627,627,57
66874,1.0,775,775,59
66875,0.0,1089,1089,105
66875,1.0,1370,1370,104
66876,0.0,1386,1386,134
66876,1.0,1747,1747,130
66877,0.0,968,968,91
66877,1.0,1220,1220,106
66878,0.0,928,928,138
66878,1.0,1154,1154,96
66879,0.0,1243,1243,120
66879,1.0,1572,1572,121
66880,0.0,1881,1881,180
66880,1.0,2375,2375,177
66881,0.0,737,737,71
66881,1.0,928,928,67
66882,0.0,1232,1232,118
66882,1.0,1558,1558,128
66883,0.0,572,572,59
66883,1.0,719,719,52
66884,0.0,1090,1090,149
66884,1.0,1345,1345,138
66885,0.0,1914,1914,185
66885,1.0,2419,2419,184
66886,0.0,792,792,78
66886,1.0,991,991,77
66887,0.0,1067,1067,97
66887,1.0,1347,1347,110
66888,0.0,869,869,88
66888,1.0,1090,1090,92
66889,0.0,561,561,51
66889,1.0,696,696,53
66890,0.0,1532,1532,157
66890,1.0,1916,1916,163
66891,0.0,1551,1551,147
66891,1.0,1952,1952,146
66892,0.0,1454,1454,160
66892,1.0,1812,1812,143
66893,0.0,1843,1843,174
66893,1.0,2328,2328,173
66894,0.0,814,814,81
66894,1.0,1023,1023,78
66895,0.0,1341,1341,138
66895,1.0,1675,1675,128
66896,0.0,1133,1133,104
66896,1.0,1421,1421,104
66897,0.0,550,550,50
66897,1.0,685,685,53
66898,0.0,891,891,92
66898,1.0,1123,1123,91
66899,0.0,772,772,82
66899,1.0,974,974,79
66900,0.0,770,770,84
66900,1.0,974,974,73
66901,0.0,1202,1202,126
66901,1.0,1502,1502,117
66902,0.0,935,935,91
66902,1.0,1187,1187,86
66903,0.0,1408,1408,136
66903,1.0,1770,1770,134
66904,0.0,706,706,71
66904,1.0,871,871,72
66905,0.0,1233,1233,134
66905,1.0,1538,1538,126
66906,0.0,745,745,75
66906,1.0,938,938,87
66907,0.0,869,869,83
66907,1.0,1116,1116,102
66908,0.0,1177,1177,109
66908,1.0,1473,1473,118
66909,0.0,924,924,84
66909,1.0,1160,1160,91
66910,0.0,1892,1892,174
66910,1.0,2375,2375,183
66911,0.0,1254,1254,126
66911,1.0,1592,1592,119
66912,0.0,1485,1485,135
66912,1.0,1855,1855,149
66913,0.0,1298,1298,122
66913,1.0,1623,1623,128
66914,0.0,704,704,67
66914,1.0,891,891,73
66915,0.0,1265,1265,124
66915,1.0,1591,1591,123
66916,0.0,990,990,90
66916,1.0,1235,1235,104
66917,0.0,484,484,48
66917,1.0,621,621,61
66918,0.0,1441,1441,155
66918,1.0,1800,1800,144
66919,0.0,1033,1033,103
66919,1.0,1298,1298,108
66920,0.0,1232,1232,112
66920,1.0,1564,1564,131
66921,0.0,1182,1182,122
66921,1.0,1496,1496,113
66922,0.0,1177,1177,113
66922,1.0,1483,1483,116
66923,0.0,671,671,61
66923,1.0,841,841,61
66924,0.0,792,792,72
66924,1.0,1001,1001,75
66925,0.0,804,804,90
66925,1.0,996,996,76
66926,0.0,550,550,51
66926,1.0,689,689,52
66927,0.0,814,814,74
66927,1.0,1025,1025,75
66928,0.0,1683,1683,164
66928,1.0,2134,2134,159
66929,0.0,1474,1474,134
66929,1.0,1854,1854,149
66930,0.0,880,880,81
66930,1.0,1111,1111,83
66931,0.0,1408,1408,134
66931,1.0,1773,1773,139
66932,0.0,1265,1265,115
66932,1.0,1573,1573,122
66933,0.0,462,462,42
66933,1.0,584,584,43
66934,0.0,1232,1232,112
66934,1.0,1565,1565,115
66935,0.0,1177,1177,109
66935,1.0,1483,1483,114
66936,0.0,704,704,66
66936,1.0,885,885,65
66937,0.0,583,583,60
66937,1.0,735,735,56
66938,0.0,1331,1331,131
66938,1.0,1692,1692,153
66939,0.0,1357,1357,135
66939,1.0,1708,1708,127
66940,0.0,1474,1474,134
66940,1.0,1861,1861,136
66941,0.0,2105,2105,205
66941,1.0,2654,2654,209
66942,0.0,2277,2277,209
66942,1.0,2869,2869,220
66943,0.0,451,451,41
66943,1.0,567,567,62
66944,0.0,803,803,73
66944,1.0,1003,1003,80
66945,0.0,1782,1782,166
66945,1.0,2237,2237,177
66946,0.0,2002,2002,186
66946,1.0,2526,2526,187
66947,0.0,1100,1100,104
66947,1.0,1397,1397,101
66948,0.0,1090,1090,111
66948,1.0,1385,1385,128
66949,0.0,1837,1837,174
66949,1.0,2318,2318,173
66950,0.0,913,913,97
66950,1.0,1154,1154,92
66951,0.0,968,968,92
66951,1.0,1220,1220,90
66952,0.0,1188,1188,108
66952,1.0,1506,1506,118
66953,0.0,1080,1080,100
66953,1.0,1380,1380,125
66954,0.0,1309,1309,125
66954,1.0,1651,1651,126
66955,0.0,1111,1111,107
66955,1.0,1399,1399,109
66956,0.0,1573,1573,147
66956,1.0,1965,1965,164
66957,0.0,1639,1639,150
66957,1.0,2044,2044,156
66958,0.0,715,715,73
66958,1.0,886,886,69
66959,0.0,814,814,74
66959,1.0,1024,1024,77
66960,0.0,1430,1430,132
66960,1.0,1810,1810,139
66961,0.0,1375,1375,125
66961,1.0,1733,1733,127
66962,0.0,935,935,85
66962,1.0,1174,1174,92
66963,0.0,1023,1023,93
66963,1.0,1293,1293,100
66964,0.0,1807,1807,187
66964,1.0,2255,2255,182
66965,0.0,777,777,92
66965,1.0,964,964,83
66966,0.0,1089,1089,109
66966,1.0,1364,1364,105
66967,0.0,1188,1188,112
66967,1.0,1479,1479,115
66968,0.0,1122,1122,102
66968,1.0,1411,1411,110
66969,0.0,1166,1166,116
66969,1.0,1473,1473,115
66970,0.0,495,495,51
66970,1.0,628,628,58
66971,0.0,1487,1487,144
66971,1.0,1891,1891,157
66972,0.0,1543,1543,153
66972,1.0,1948,1948,155
66973,0.0,1353,1353,126
66973,1.0,1707,1707,131
66974,0.0,1232,1232,114
66974,1.0,1548,1548,131
66975,0.0,616,616,62
66975,1.0,774,774,59
66976,0.0,1705,1705,160
66976,1.0,2142,2142,172
66977,0.0,1655,1655,178
66977,1.0,2067,2067,181
66978,0.0,781,781,71
66978,1.0,1005,1005,92
66979,0.0,1753,1753,170
66979,1.0,2192,2192,167
66980,0.0,605,605,55
66980,1.0,760,760,63
66981,0.0,1496,1496,146
66981,1.0,1884,1884,154
66982,0.0,979,979,89
66982,1.0,1260,1260,96
66983,0.0,1276,1276,116
66983,1.0,1607,1607,122
66984,0.0,1628,1628,160
66984,1.0,2051,2051,155
66985,0.0,1100,1100,100
66985,1.0,1382,1382,107
66986,0.0,385,385,42
66986,1.0,488,488,44
66987,0.0,990,990,96
66987,1.0,1245,1245,90
66988,0.0,1672,1672,158
66988,1.0,2101,2101,170
66989,0.0,638,638,68
66989,1.0,809,809,69
66990,0.0,1441,1441,132
66990,1.0,1815,1815,147
66991,0.0,1837,1837,167
66991,1.0,2306,2306,185
66992,0.0,825,825,98
66992,1.0,1024,1024,98
66993,0.0,682,682,72
66993,1.0,858,858,82
66994,0.0,1001,1001,101
66994,1.0,1271,1271,121
66995,0.0,781,781,74
66995,1.0,1005,1005,84
66996,0.0,814,814,74
66996,1.0,1028,1028,77
66997,0.0,660,660,87
66997,1.0,822,822,60
66998,0.0,1219,1219,139
66998,1.0,1508,1508,134
66999,0.0,1722,1722,169
66999,1.0,2151,2151,168
67000,0.0,1133,1133,113
67000,1.0,1426,1426,116
67001,0.0,1354,1354,141
67001,1.0,1698,1698,142
67002,0.0,672,672,71
67002,1.0,851,851,74
67003,0.0,539,539,60
67003,1.0,680,680,73
67004,0.0,1023,1023,93
67004,1.0,1291,1291,98
67005,0.0,1210,1210,113
67005,1.0,1531,1531,113
67006,0.0,748,748,78
67006,1.0,941,941,74
67007,0.0,1509,1509,139
67007,1.0,1910,1910,159
67008,0.0,1165,1165,115
67008,1.0,1465,1465,127
67009,0.0,1518,1518,144
67009,1.0,1904,1904,144
67010,0.0,1441,1441,156
67010,1.0,1826,1826,139
67011,0.0,825,825,83
67011,1.0,1042,1042,86
67012,0.0,1872,1872,185
67012,1.0,2368,2368,175
67013,0.0,993,993,133
67013,1.0,1229,1229,110
67014,0.0,1430,1430,136
67014,1.0,1797,1797,134
67015,0.0,1441,1441,139
67015,1.0,1820,1820,140
67016,0.0,658,658,73
67016,1.0,832,832,94
67017,0.0,1011,1011,119
67017,1.0,1256,1256,97
67018,0.0,1067,1067,97
67018,1.0,1352,1352,98
67019,0.0,649,649,59
67019,1.0,819,819,59
67020,0.0,935,935,85
67020,1.0,1165,1165,93
67021,0.0,1452,1452,143
67021,1.0,1821,1821,151
67022,0.0,858,858,78
67022,1.0,1085,1085,79
67023,0.0,704,704,70
67023,1.0,878,878,74
67024,0.0,704,704,64
67024,1.0,873,873,70
67025,0.0,1544,1544,152
67025,1.0,1939,1939,159
67026,0.0,1221,1221,119
67026,1.0,1533,1533,117
67027,0.0,984,984,113
67027,1.0,1217,1217,96
67028,0.0,1113,1113,113
67028,1.0,1406,1406,103
67029,0.0,1463,1463,133
67029,1.0,1853,1853,143
67030,0.0,902,902,82
67030,1.0,1133,1133,89
67031,0.0,836,836,76
67031,1.0,1063,1063,85
67032,0.0,1221,1221,110
67032,1.0,1523,1523,121
67033,0.0,1522,1522,153
67033,1.0,1921,1921,157
67034,0.0,1056,1056,97
67034,1.0,1342,1342,109
67035,0.0,891,891,81
67035,1.0,1124,1124,86
67036,0.0,851,851,88
67036,1.0,1051,1051,92
67037,0.0,737,737,67
67037,1.0,931,931,72
67038,0.0,913,913,83
67038,1.0,1168,1168,92
67039,0.0,1661,1661,151
67039,1.0,2093,2093,169
67040,0.0,759,759,78
67040,1.0,960,960,80
67041,0.0,528,528,48
67041,1.0,662,662,58
67042,0.0,1093,1093,117
67042,1.0,1360,1360,108
67043,0.0,1056,1056,96
67043,1.0,1332,1332,113
67044,0.0,1830,1830,170
67044,1.0,2313,2313,187
67045,0.0,660,660,70
67045,1.0,820,820,60
67046,0.0,1232,1232,117
67046,1.0,1554,1554,123
67047,0.0,1298,1298,119
67047,1.0,1633,1633,125
67048,0.0,1311,1311,159
67048,1.0,1640,1640,128
67049,0.0,1243,1243,117
67049,1.0,1554,1554,119
67050,0.0,1188,1188,108
67050,1.0,1492,1492,109
67051,0.0,726,726,96
67051,1.0,882,882,68
67052,0.0,968,968,88
67052,1.0,1212,1212,89
67053,0.0,948,948,93
67053,1.0,1221,1221,117
67054,0.0,372,372,71
67054,1.0,429,429,47
67055,0.0,1342,1342,127
67055,1.0,1690,1690,124
67056,0.0,627,627,57
67056,1.0,797,797,63
67057,0.0,2237,2237,216
67057,1.0,2812,2812,216
67058,0.0,1328,1328,128
67058,1.0,1654,1654,144
67059,0.0,1718,1718,170
67059,1.0,2159,2159,167
67060,0.0,1409,1409,144
67060,1.0,1753,1753,137
67061,0.0,583,583,53
67061,1.0,733,733,53
67062,0.0,1779,1779,172
67062,1.0,2216,2216,181
67063,0.0,1265,1265,121
67063,1.0,1606,1606,118
67065,0.0,1513,1513,149
67065,1.0,1898,1898,149
67066,0.0,1694,1694,155
67066,1.0,2125,2125,179
67067,0.0,979,979,89
67067,1.0,1234,1234,97
67068,0.0,1309,1309,122
67068,1.0,1652,1652,119
67069,0.0,1078,1078,98
67069,1.0,1360,1360,111
67070,0.0,1012,1012,95
67070,1.0,1267,1267,98
67072,0.0,253,253,33
67072,1.0,321,321,24
67073,0.0,1430,1430,130
67073,1.0,1793,1793,136
67074,0.0,1320,1320,122
67074,1.0,1645,1645,130
67075,0.0,1067,1067,97
67075,1.0,1347,1347,105
67076,0.0,1056,1056,96
67076,1.0,1321,1321,101
67077,0.0,1595,1595,160
67077,1.0,2015,2015,151
67078,0.0,1235,1235,140
67078,1.0,1517,1517,118
67079,0.0,902,902,82
67079,1.0,1143,1143,84
67080,0.0,891,891,84
67080,1.0,1118,1118,91
67081,0.0,460,460,65
67081,1.0,602,602,74
67082,0.0,1199,1199,110
67082,1.0,1508,1508,123
67083,0.0,905,905,102
67083,1.0,1136,1136,94
67084,0.0,1573,1573,143
67084,1.0,1957,1957,151
67085,0.0,297,297,31
67085,1.0,379,379,37
67087,0.0,1023,1023,96
67087,1.0,1293,1293,97
67088,0.0,473,473,45
67088,1.0,590,590,45
67089,0.0,1478,1478,155
67089,1.0,1818,1818,136
67091,0.0,1408,1408,138
67091,1.0,1768,1768,153
67092,0.0,858,858,78
67092,1.0,1075,1075,86
67095,0.0,1144,1144,108
67095,1.0,1464,1464,122
67096,0.0,539,539,63
67096,1.0,686,686,49
67097,0.0,1097,1097,107
67097,1.0,1385,1385,128
67098,0.0,594,594,54
67098,1.0,744,744,58
67099,0.0,594,594,60
67099,1.0,749,749,69
67100,0.0,2008,2008,202
67100,1.0,2536,2536,219
67101,0.0,1314,1314,142
67101,1.0,1648,1648,145
67102,0.0,1221,1221,121
67102,1.0,1516,1516,126
67103,0.0,552,552,62
67103,1.0,689,689,62
67104,0.0,1163,1163,116
67104,1.0,1443,1443,110
67105,0.0,968,968,88
67105,1.0,1194,1194,90
67106,0.0,968,968,88
67106,1.0,1202,1202,94
67107,0.0,1100,1100,105
67107,1.0,1375,1375,102
67108,0.0,2031,2031,212
67108,1.0,2537,2537,201
67109,0.0,1452,1452,132
67109,1.0,1828,1828,138
67110,0.0,1106,1106,136
67110,1.0,1393,1393,149
67111,0.0,1265,1265,115
67111,1.0,1588,1588,118
67112,0.0,1628,1628,148
67112,1.0,2046,2046,156
67113,0.0,1232,1232,113
67113,1.0,1544,1544,121
67114,0.0,1254,1254,120
67114,1.0,1580,1580,118
67115,0.0,1122,1122,102
67115,1.0,1427,1427,117
67116,0.0,1012,1012,96
67116,1.0,1278,1278,97
67117,0.0,1232,1232,126
67117,1.0,1537,1537,124
67118,0.0,594,594,54
67118,1.0,752,752,54
67119,0.0,594,594,55
67119,1.0,748,748,54
67120,0.0,1265,1265,119
67120,1.0,1574,1574,122
67121,0.0,869,869,89
67121,1.0,1089,1089,84
67122,0.0,880,880,80
67122,1.0,1109,1109,81
67123,0.0,1023,1023,93
67123,1.0,1268,1268,99
67124,0.0,1892,1892,186
67124,1.0,2387,2387,187
67125,0.0,906,906,96
67125,1.0,1141,1141,93
67126,0.0,1133,1133,106
67126,1.0,1413,1413,113
67127,0.0,759,759,79
67127,1.0,959,959,81
67128,0.0,1716,1716,162
67128,1.0,2167,2167,167
67129,0.0,1265,1265,116
67129,1.0,1561,1561,124
67130,0.0,1199,1199,114
67130,1.0,1503,1503,112
67131,0.0,1320,1320,121
67131,1.0,1649,1649,125
67132,0.0,1764,1764,167
67132,1.0,2225,2225,186
67133,0.0,231,231,21
67133,1.0,286,286,23
67134,0.0,1342,1342,123
67134,1.0,1695,1695,126
67135,0.0,1111,1111,125
67135,1.0,1390,1390,134
67136,0.0,1528,1528,159
67136,1.0,1933,1933,172
67137,0.0,1320,1320,120
67137,1.0,1664,1664,120
67138,0.0,971,971,101
67138,1.0,1216,1216,101
67139,0.0,788,788,88
67139,1.0,997,997,77
67140,0.0,1331,1331,129
67140,1.0,1673,1673,129
67141,0.0,901,901,101
67141,1.0,1120,1120,86
67142,0.0,1407,1407,146
67142,1.0,1748,1748,151
67143,0.0,1397,1397,134
67143,1.0,1759,1759,134
67144,0.0,1694,1694,154
67144,1.0,2121,2121,159
67145,0.0,1243,1243,123
67145,1.0,1568,1568,130
67146,0.0,789,789,84
67146,1.0,975,975,87
67147,0.0,1242,1242,132
67147,1.0,1570,1570,137
67148,0.0,551,551,61
67148,1.0,689,689,73
67149,0.0,1111,1111,109
67149,1.0,1405,1405,113
67150,0.0,671,671,66
67150,1.0,848,848,62
67151,0.0,1617,1617,146
67151,1.0,2038,2038,151
67152,0.0,1661,1661,151
67152,1.0,2088,2088,161
67153,0.0,869,869,89
67153,1.0,1093,1093,85
67154,0.0,997,997,129
67154,1.0,1258,1258,128
67155,0.0,1430,1430,138
67155,1.0,1797,1797,138
67156,0.0,770,770,70
67156,1.0,963,963,75
67157,0.0,1381,1381,132
67157,1.0,1733,1733,146
67158,0.0,1386,1386,129
67158,1.0,1743,1743,132
67159,0.0,1210,1210,118
67159,1.0,1519,1519,113
67160,0.0,1683,1683,160
67160,1.0,2118,2118,166
67161,0.0,957,957,87
67161,1.0,1193,1193,90
67162,0.0,841,841,101
67162,1.0,1071,1071,105
67163,0.0,1210,1210,115
67163,1.0,1543,1543,122
67164,0.0,1519,1519,153
67164,1.0,1893,1893,146
67165,0.0,1254,1254,115
67165,1.0,1584,1584,114
67166,0.0,1144,1144,108
67166,1.0,1449,1449,120
67167,0.0,1265,1265,116
67167,1.0,1586,1586,120
67168,0.0,1968,1968,198
67168,1.0,2483,2483,211
67169,0.0,1100,1100,110
67169,1.0,1379,1379,116
67170,0.0,1870,1870,177
67170,1.0,2367,2367,187
67171,0.0,418,418,38
67171,1.0,530,530,44
67172,0.0,880,880,90
67172,1.0,1102,1102,100
67173,0.0,1364,1364,144
67173,1.0,1691,1691,132
67174,0.0,532,532,59
67174,1.0,656,656,68
67175,0.0,418,418,48
67175,1.0,508,508,50
67176,0.0,1496,1496,147
67176,1.0,1885,1885,141
67177,0.0,990,990,97
67177,1.0,1253,1253,91
67178,0.0,1562,1562,142
67178,1.0,1959,1959,147
67179,0.0,1403,1403,143
67179,1.0,1756,1756,143
67180,0.0,1080,1080,105
67180,1.0,1350,1350,104
67181,0.0,1540,1540,141
67181,1.0,1924,1924,151
67182,0.0,990,990,90
67182,1.0,1244,1244,93
67183,0.0,1595,1595,146
67183,1.0,2001,2001,152
67184,0.0,946,946,95
67184,1.0,1193,1193,92
67185,0.0,759,759,71
67185,1.0,953,953,69
67186,0.0,1276,1276,120
67186,1.0,1605,1605,118
67187,0.0,704,704,74
67187,1.0,912,912,76
67188,0.0,660,660,62
67188,1.0,828,828,63
67189,0.0,1213,1213,125
67189,1.0,1504,1504,124
67190,0.0,323,323,39
67190,1.0,416,416,38
67191,0.0,1441,1441,132
67191,1.0,1819,1819,155
67192,0.0,1233,1233,140
67192,1.0,1547,1547,142
67193,0.0,1397,1397,127
67193,1.0,1751,1751,131
67194,0.0,440,440,40
67194,1.0,549,549,44
67195,0.0,1881,1881,177
67195,1.0,2370,2370,177
67197,0.0,1320,1320,122
67197,1.0,1655,1655,125
67198,0.0,1991,1991,191
67198,1.0,2512,2512,202
67199,0.0,484,484,44
67199,1.0,612,612,45
67200,0.0,1793,1793,167
67200,1.0,2256,2256,173
67201,0.0,1166,1166,106
67201,1.0,1475,1475,110
67202,0.0,1283,1283,153
67202,1.0,1649,1649,160
67203,0.0,697,697,75
67203,1.0,874,874,73
67204,0.0,1001,1001,100
67204,1.0,1261,1261,95
67205,0.0,473,473,52
67205,1.0,598,598,44
67206,0.0,770,770,77
67206,1.0,969,969,75
67207,0.0,1837,1837,168
67207,1.0,2302,2302,175
67208,0.0,1206,1206,139
67208,1.0,1510,1510,117
67209,0.0,1279,1279,149
67209,1.0,1621,1621,145
67210,0.0,1045,1045,96
67210,1.0,1322,1322,97
67211,0.0,751,751,102
67211,1.0,912,912,102
67212,0.0,1694,1694,165
67212,1.0,2109,2109,175
67213,0.0,1111,1111,131
67213,1.0,1386,1386,135
67214,0.0,935,935,95
67214,1.0,1167,1167,92
67215,0.0,1067,1067,98
67215,1.0,1351,1351,97
67216,0.0,792,792,82
67216,1.0,989,989,87
67217,0.0,1265,1265,115
67217,1.0,1596,1596,118
67218,0.0,1451,1451,149
67218,1.0,1824,1824,145
67219,0.0,946,946,86
67219,1.0,1181,1181,88
67220,0.0,1421,1421,141
67220,1.0,1779,1779,142
67221,0.0,1664,1664,171
67221,1.0,2066,2066,156
67222,0.0,1194,1194,129
67222,1.0,1499,1499,130
67223,0.0,737,737,70
67223,1.0,924,924,70
67224,0.0,1063,1063,118
67224,1.0,1323,1323,112
67226,0.0,1465,1465,145
67226,1.0,1857,1857,158
67227,0.0,1246,1246,128
67227,1.0,1576,1576,125
67228,0.0,1023,1023,93
67228,1.0,1296,1296,95
67229,0.0,1694,1694,159
67229,1.0,2126,2126,162
67230,0.0,1980,1980,189
67230,1.0,2492,2492,187
67231,0.0,1177,1177,109
67231,1.0,1487,1487,111
67232,0.0,1474,1474,139
67232,1.0,1865,1865,154
67233,0.0,1098,1098,114
67233,1.0,1367,1367,104
67234,0.0,1485,1485,135
67234,1.0,1881,1881,140
67235,0.0,1012,1012,99
67235,1.0,1262,1262,104
67236,0.0,816,816,101
67236,1.0,997,997,78
67237,0.0,1048,1048,110
67237,1.0,1320,1320,117
67238,0.0,649,649,63
67238,1.0,820,820,63
67240,0.0,601,601,69
67240,1.0,764,764,105
67241,0.0,550,550,70
67241,1.0,689,689,73
67242,0.0,792,792,72
67242,1.0,1006,1006,82
67243,0.0,1210,1210,121
67243,1.0,1527,1527,125
67244,0.0,2409,2409,229
67244,1.0,3036,3036,241
67245,0.0,1727,1727,158
67245,1.0,2154,2154,163
67246,0.0,1573,1573,151
67246,1.0,1978,1978,155
67248,0.0,594,594,53
67248,1.0,745,745,54
67249,0.0,1012,1012,95
67249,1.0,1271,1271,93
67250,0.0,1738,1738,166
67250,1.0,2185,2185,165
67251,0.0,1423,1423,133
67251,1.0,1802,1802,157
67252,0.0,1045,1045,96
67252,1.0,1305,1305,102
67253,0.0,1078,1078,100
67253,1.0,1367,1367,113
67254,0.0,462,462,52
67254,1.0,577,577,57
67255,0.0,1298,1298,129
67255,1.0,1629,1629,138
67256,0.0,1210,1210,113
67256,1.0,1524,1524,117
67257,0.0,1584,1584,180
67257,1.0,1990,1990,180
67258,0.0,1089,1089,104
67258,1.0,1378,1378,109
67259,0.0,1100,1100,110
67259,1.0,1378,1378,112
67260,0.0,1188,1188,110
67260,1.0,1487,1487,112
67261,0.0,1067,1067,109
67261,1.0,1334,1334,103
67262,0.0,755,755,74
67262,1.0,924,924,80
67263,0.0,935,935,91
67263,1.0,1170,1170,91
67264,0.0,1740,1740,176
67264,1.0,2188,2188,167
67265,0.0,777,777,107
67265,1.0,956,956,108
67266,0.0,781,781,95
67266,1.0,968,968,94
67267,0.0,660,660,60
67267,1.0,830,830,71
67268,0.0,1100,1100,110
67268,1.0,1391,1391,117
67269,0.0,638,638,61
67269,1.0,790,790,65
67271,0.0,682,682,72
67271,1.0,860,860,71
67272,0.0,1604,1604,168
67272,1.0,1978,1978,156
67273,0.0,1166,1166,112
67273,1.0,1461,1461,114
67274,0.0,946,946,93
67274,1.0,1196,1196,91
67275,0.0,1364,1364,124
67275,1.0,1721,1721,131
67276,0.0,891,891,92
67276,1.0,1129,1129,97
67277,0.0,1749,1749,166
67277,1.0,2188,2188,168
67278,0.0,851,851,91
67278,1.0,1075,1075,85
67279,0.0,1550,1550,152
67279,1.0,1922,1922,146
67280,0.0,1353,1353,132
67280,1.0,1678,1678,129
67281,0.0,1375,1375,125
67281,1.0,1732,1732,145
67282,0.0,1672,1672,165
67282,1.0,2087,2087,160
67283,0.0,891,891,87
67283,1.0,1120,1120,86
67284,0.0,1177,1177,125
67284,1.0,1478,1478,116
67285,0.0,1357,1357,137
67285,1.0,1691,1691,147
67286,0.0,1122,1122,102
67286,1.0,1413,1413,114
67287,0.0,1639,1639,156
67287,1.0,2077,2077,154
67288,0.0,1320,1320,128
67288,1.0,1643,1643,125
67289,0.0,858,858,83
67289,1.0,1078,1078,86
67290,0.0,561,561,51
67290,1.0,696,696,54
67291,0.0,1496,1496,144
67291,1.0,1868,1868,155
67292,0.0,924,924,84
67292,1.0,1161,1161,99
67293,0.0,1031,1031,111
67293,1.0,1293,1293,131
67294,0.0,715,715,65
67294,1.0,900,900,65
67295,0.0,1133,1133,104
67295,1.0,1431,1431,114
67296,0.0,946,946,95
67296,1.0,1196,1196,89
67297,0.0,1221,1221,111
67297,1.0,1546,1546,117
67298,0.0,1237,1237,127
67298,1.0,1556,1556,117
67299,0.0,1221,1221,120
67299,1.0,1533,1533,122
67300,0.0,1826,1826,171
67300,1.0,2305,2305,174
67301,0.0,924,924,84
67301,1.0,1166,1166,94
67302,0.0,1210,1210,110
67302,1.0,1520,1520,124
67303,0.0,1012,1012,106
67303,1.0,1282,1282,107
67304,0.0,1473,1473,154
67304,1.0,1829,1829,150
67305,0.0,1252,1252,132
67305,1.0,1561,1561,134
67306,0.0,1089,1089,101
67306,1.0,1371,1371,101
67307,0.0,671,671,71
67307,1.0,844,844,70
67308,0.0,1100,1100,108
67308,1.0,1390,1390,106
67309,0.0,429,429,42
67309,1.0,540,540,42
67310,0.0,356,356,36
67310,1.0,453,453,36
67311,0.0,935,935,96
67311,1.0,1153,1153,94
67312,0.0,1322,1322,158
67312,1.0,1634,1634,147
67313,0.0,1815,1815,168
67313,1.0,2284,2284,178
67314,0.0,841,841,91
67314,1.0,1049,1049,94
67315,0.0,693,693,63
67315,1.0,875,875,68
67316,0.0,803,803,83
67316,1.0,1015,1015,80
67317,0.0,1122,1122,103
67317,1.0,1422,1422,108
67318,0.0,2244,2244,208
67318,1.0,2823,2823,215
67319,0.0,1666,1666,181
67319,1.0,2110,2110,196
67320,0.0,1221,1221,111
67320,1.0,1542,1542,114
67321,0.0,1386,1386,126
67321,1.0,1744,1744,133
67322,0.0,1639,1639,149
67322,1.0,2058,2058,157
67323,0.0,1276,1276,124
67323,1.0,1595,1595,122
67324,0.0,567,567,64
67324,1.0,705,705,53
67325,0.0,1122,1122,104
67325,1.0,1411,1411,107
67326,0.0,1166,1166,106
67326,1.0,1469,1469,128
67327,0.0,1507,1507,145
67327,1.0,1875,1875,144
67328,0.0,1496,1496,137
67328,1.0,1877,1877,150
67329,0.0,1463,1463,135
67329,1.0,1831,1831,139
67330,0.0,825,825,75
67330,1.0,1042,1042,75
67331,0.0,1457,1457,177
67331,1.0,1805,1805,157
67332,0.0,869,869,89
67332,1.0,1097,1097,96
67333,0.0,924,924,85
67333,1.0,1163,1163,86
67334,0.0,1683,1683,155
67334,1.0,2119,2119,163
67335,0.0,715,715,65
67335,1.0,903,903,66
67336,0.0,1089,1089,109
67336,1.0,1370,1370,107
67337,0.0,979,979,89
67337,1.0,1238,1238,91
67339,0.0,1122,1122,117
67339,1.0,1419,1419,107
67340,0.0,1540,1540,143
67340,1.0,1933,1933,160
67341,0.0,924,924,87
67341,1.0,1166,1166,88
67342,0.0,1356,1356,138
67342,1.0,1700,1700,129
67343,0.0,1254,1254,114
67343,1.0,1577,1577,127
67344,0.0,1111,1111,112
67344,1.0,1398,1398,113
67345,0.0,902,902,94
67345,1.0,1121,1121,90
67346,0.0,1397,1397,130
67346,1.0,1758,1758,130
67347,0.0,682,682,69
67347,1.0,861,861,65
67348,0.0,1026,1026,108
67348,1.0,1286,1286,119
67349,0.0,1830,1830,180
67349,1.0,2302,2302,185
67350,0.0,1133,1133,103
67350,1.0,1433,1433,120
67351,0.0,1133,1133,115
67351,1.0,1434,1434,136
67352,0.0,825,825,84
67352,1.0,1024,1024,91
67353,0.0,1631,1631,165
67353,1.0,2050,2050,164
67354,0.0,968,968,88
67354,1.0,1218,1218,93
67355,0.0,1122,1122,102
67355,1.0,1401,1401,105
67356,0.0,1199,1199,109
67356,1.0,1513,1513,113
67357,0.0,847,847,77
67357,1.0,1064,1064,78
67358,0.0,803,803,73
67358,1.0,1001,1001,74
67359,0.0,1221,1221,117
67359,1.0,1541,1541,119
67360,0.0,1388,1388,133
67360,1.0,1715,1715,130
67361,0.0,1441,1441,132
67361,1.0,1818,1818,150
67362,0.0,1227,1227,125
67362,1.0,1549,1549,130
67363,0.0,1133,1133,103
67363,1.0,1427,1427,111
67364,0.0,759,759,69
67364,1.0,954,954,72
67365,0.0,1441,1441,144
67365,1.0,1823,1823,136
67366,0.0,1859,1859,185
67366,1.0,2348,2348,174
67367,0.0,1233,1233,160
67367,1.0,1524,1524,147
67368,0.0,847,847,77
67368,1.0,1063,1063,80
67369,0.0,1749,1749,163
67369,1.0,2202,2202,182
67370,0.0,1133,1133,103
67370,1.0,1431,1431,125
67371,0.0,1562,1562,142
67371,1.0,1946,1946,155
67372,0.0,803,803,77
67372,1.0,1009,1009,79
67373,0.0,1430,1430,131
67373,1.0,1793,1793,134
67374,0.0,1168,1168,108
67374,1.0,1483,1483,137
67375,0.0,1848,1848,169
67375,1.0,2324,2324,173
67376,0.0,891,891,81
67376,1.0,1130,1130,81
67377,0.0,1485,1485,154
67377,1.0,1868,1868,154
67378,0.0,974,974,94
67378,1.0,1221,1221,113
67379,0.0,1232,1232,121
67379,1.0,1549,1549,115
67380,0.0,1455,1455,155
67380,1.0,1856,1856,191
67381,0.0,803,803,73
67381,1.0,1015,1015,75
67382,0.0,922,922,107
67382,1.0,1131,1131,90
67383,0.0,1309,1309,121
67383,1.0,1653,1653,121
67384,0.0,1188,1188,108
67384,1.0,1506,1506,108
67385,0.0,1089,1089,100
67385,1.0,1370,1370,121
67386,0.0,1156,1156,126
67386,1.0,1444,1444,117
67387,0.0,1309,1309,119
67387,1.0,1642,1642,123
67388,0.0,1595,1595,149
67388,1.0,2011,2011,157
67389,0.0,393,393,51
67389,1.0,488,488,54
67390,0.0,858,858,78
67390,1.0,1088,1088,80
67391,0.0,1716,1716,164
67391,1.0,2157,2157,166
67392,0.0,772,772,81
67392,1.0,967,967,76
67393,0.0,1199,1199,113
67393,1.0,1491,1491,113
67394,0.0,913,913,83
67394,1.0,1151,1151,93
67396,0.0,1124,1124,109
67396,1.0,1413,1413,110
67397,0.0,758,758,89
67397,1.0,949,949,75
67398,0.0,1210,1210,110
67398,1.0,1501,1501,114
67399,0.0,1199,1199,109
67399,1.0,1505,1505,115
67400,0.0,1287,1287,122
67400,1.0,1622,1622,132
67401,0.0,737,737,70
67401,1.0,928,928,71
67402,0.0,1667,1667,157
67402,1.0,2088,2088,170
67403,0.0,407,407,38
67403,1.0,508,508,38
67404,0.0,1287,1287,129
67404,1.0,1630,1630,129
67405,0.0,759,759,75
67405,1.0,956,956,70
67406,0.0,1012,1012,92
67406,1.0,1262,1262,98
67407,0.0,1091,1091,112
67407,1.0,1376,1376,99
67408,0.0,1390,1390,140
67408,1.0,1747,1747,145
67409,0.0,946,946,89
67409,1.0,1218,1218,108
67410,0.0,344,344,42
67410,1.0,434,434,33
67411,0.0,990,990,90
67411,1.0,1242,1242,103
67412,0.0,1700,1700,197
67412,1.0,2159,2159,199
67413,0.0,693,693,63
67413,1.0,875,875,66
67414,0.0,1137,1137,117
67414,1.0,1432,1432,116
67415,0.0,1595,1595,146
67415,1.0,2012,2012,159
67416,0.0,1771,1771,169
67416,1.0,2218,2218,174
67417,0.0,1568,1568,150
67417,1.0,1962,1962,164
67418,0.0,1278,1278,132
67418,1.0,1596,1596,133
67419,0.0,506,506,53
67419,1.0,646,646,54
67420,0.0,534,534,68
67420,1.0,671,671,62
67421,0.0,1515,1515,149
67421,1.0,1914,1914,157
67422,0.0,1708,1708,170
67422,1.0,2134,2134,168
67423,0.0,1460,1460,148
67423,1.0,1829,1829,143
67424,0.0,1397,1397,127
67424,1.0,1757,1757,138
67425,0.0,1444,1444,161
67425,1.0,1838,1838,153
67426,0.0,1694,1694,160
67426,1.0,2140,2140,163
67427,0.0,1192,1192,123
67427,1.0,1502,1502,125
67428,0.0,1446,1446,158
67428,1.0,1818,1818,149
67429,0.0,1106,1106,107
67429,1.0,1380,1380,113
67430,0.0,1485,1485,137
67430,1.0,1847,1847,149
67431,0.0,648,648,88
67431,1.0,781,781,66
67432,0.0,774,774,75
67432,1.0,975,975,82
67433,0.0,606,606,73
67433,1.0,753,753,73
67434,0.0,605,605,55
67434,1.0,763,763,60
67435,0.0,1254,1254,125
67435,1.0,1587,1587,118
67436,0.0,902,902,88
67436,1.0,1134,1134,86
67437,0.0,1562,1562,154
67437,1.0,1981,1981,168
67438,0.0,1254,1254,116
67438,1.0,1586,1586,118
67439,0.0,1023,1023,102
67439,1.0,1285,1285,94
67440,0.0,1130,1130,112
67440,1.0,1432,1432,126
67441,0.0,2035,2035,212
67441,1.0,2567,2567,228
67442,0.0,1187,1187,115
67442,1.0,1475,1475,117
67443,0.0,1232,1232,122
67443,1.0,1551,1551,130
67444,0.0,451,451,41
67444,1.0,570,570,45
67445,0.0,2024,2024,200
67445,1.0,2551,2551,195
67446,0.0,1386,1386,130
67446,1.0,1733,1733,129
67447,0.0,1298,1298,126
67447,1.0,1626,1626,123
67448,0.0,1239,1239,141
67448,1.0,1533,1533,127
67449,0.0,1287,1287,118
67449,1.0,1622,1622,120
67450,0.0,1705,1705,187
67450,1.0,2115,2115,170
67451,0.0,946,946,90
67451,1.0,1181,1181,92
67452,0.0,1199,1199,110
67452,1.0,1497,1497,115
67453,0.0,1826,1826,166
67453,1.0,2291,2291,177
67454,0.0,1166,1166,112
67454,1.0,1474,1474,133
67455,0.0,1771,1771,164
67455,1.0,2213,2213,177
67456,0.0,1727,1727,157
67456,1.0,2169,2169,163
67457,0.0,1157,1157,117
67457,1.0,1458,1458,112
67458,0.0,1331,1331,121
67458,1.0,1678,1678,123
67459,0.0,957,957,97
67459,1.0,1216,1216,90
67460,0.0,1221,1221,116
67460,1.0,1528,1528,115
67461,0.0,715,715,74
67461,1.0,899,899,87
67462,0.0,1111,1111,110
67462,1.0,1409,1409,116
67463,0.0,1408,1408,138
67463,1.0,1782,1782,134
67464,0.0,849,849,107
67464,1.0,1044,1044,82
67465,0.0,561,561,51
67465,1.0,692,692,55
67466,0.0,1012,1012,103
67466,1.0,1268,1268,96
67467,0.0,1232,1232,113
67467,1.0,1535,1535,120
67468,0.0,1111,1111,121
67468,1.0,1395,1395,119
67469,0.0,1496,1496,136
67469,1.0,1882,1882,149
67470,0.0,918,918,120
67470,1.0,1149,1149,115
67471,0.0,1362,1362,145
67471,1.0,1691,1691,127
67472,0.0,1020,1020,99
67472,1.0,1280,1280,106
67473,0.0,1364,1364,125
67473,1.0,1707,1707,133
67474,0.0,616,616,63
67474,1.0,780,780,57
67475,0.0,1001,1001,93
67475,1.0,1262,1262,107
67476,0.0,693,693,70
67476,1.0,862,862,65
67477,0.0,770,770,73
67477,1.0,969,969,72
67478,0.0,927,927,97
67478,1.0,1175,1175,110
67479,0.0,946,946,89
67479,1.0,1180,1180,92
67480,0.0,935,935,88
67480,1.0,1189,1189,94
67481,0.0,1518,1518,144
67481,1.0,1904,1904,144
67482,0.0,1881,1881,178
67482,1.0,2371,2371,177
67483,0.0,792,792,72
67483,1.0,998,998,73
67484,0.0,1408,1408,129
67484,1.0,1777,1777,130
67485,0.0,1207,1207,125
67485,1.0,1520,1520,122
67486,0.0,1133,1133,105
67486,1.0,1431,1431,108
67487,0.0,1353,1353,123
67487,1.0,1692,1692,128
67488,0.0,1826,1826,176
67488,1.0,2301,2301,191
67489,0.0,1346,1346,136
67489,1.0,1698,1698,135
67490,0.0,946,946,90
67490,1.0,1188,1188,91
67491,0.0,957,957,97
67491,1.0,1207,1207,97
67492,0.0,1221,1221,111
67492,1.0,1525,1525,119
67493,0.0,814,814,74
67493,1.0,1030,1030,90
67494,0.0,869,869,89
67494,1.0,1101,1101,90
67495,0.0,1173,1173,125
67495,1.0,1482,1482,131
67496,0.0,869,869,83
67496,1.0,1090,1090,84
67497,0.0,803,803,81
67497,1.0,999,999,85
67498,0.0,957,957,87
67498,1.0,1210,1210,88
67499,0.0,1815,1815,175
67499,1.0,2281,2281,184
67500,0.0,1343,1343,135
67500,1.0,1689,1689,145
67501,0.0,1485,1485,135
67501,1.0,1878,1878,140
67502,0.0,990,990,90
67502,1.0,1242,1242,106
67503,0.0,1188,1188,118
67503,1.0,1498,1498,116
67504,0.0,704,704,64
67504,1.0,892,892,75
67505,0.0,1067,1067,133
67505,1.0,1304,1304,115
67506,0.0,1090,1090,136
67506,1.0,1344,1344,128
67507,0.0,649,649,59
67507,1.0,805,805,62
67508,0.0,946,946,90
67508,1.0,1180,1180,88
67509,0.0,1174,1174,127
67509,1.0,1463,1463,134
67510,0.0,718,718,79
67510,1.0,885,885,70
67511,0.0,1133,1133,117
67511,1.0,1442,1442,127
67512,0.0,550,550,50
67512,1.0,662,662,54
67513,0.0,1650,1650,163
67513,1.0,2085,2085,151
67514,0.0,1045,1045,95
67514,1.0,1318,1318,101
67515,0.0,132,132,12
67515,1.0,166,166,14
67516,0.0,1309,1309,120
67516,1.0,1638,1638,121
67517,0.0,1126,1126,114
67517,1.0,1409,1409,109
67518,0.0,830,830,100
67518,1.0,1016,1016,93
67519,0.0,1626,1626,167
67519,1.0,2035,2035,170
67520,0.0,594,594,54
67520,1.0,751,751,57
67521,0.0,1496,1496,140
67521,1.0,1864,1864,146
67522,0.0,967,967,109
67522,1.0,1202,1202,92
67523,0.0,748,748,68
67523,1.0,942,942,76
67524,0.0,1573,1573,152
67524,1.0,1973,1973,146
67525,0.0,1639,1639,148
67525,1.0,2063,2063,154
67526,0.0,1342,1342,122
67526,1.0,1700,1700,129
67527,0.0,862,862,91
67527,1.0,1093,1093,92
67528,0.0,524,524,65
67528,1.0,640,640,51
67529,0.0,1067,1067,119
67529,1.0,1318,1318,103
67530,0.0,1001,1001,95
67530,1.0,1261,1261,97
67531,0.0,1078,1078,99
67531,1.0,1371,1371,107
67532,0.0,1298,1298,118
67532,1.0,1632,1632,124
67533,0.0,693,693,63
67533,1.0,878,878,66
67534,0.0,1760,1760,170
67534,1.0,2204,2204,182
67535,0.0,781,781,77
67535,1.0,992,992,72
67536,0.0,521,521,61
67536,1.0,682,682,64
67537,0.0,1265,1265,115
67537,1.0,1585,1585,125
67538,0.0,385,385,35
67538,1.0,482,482,35
67539,0.0,737,737,69
67539,1.0,912,912,79
67540,0.0,1265,1265,120
67540,1.0,1574,1574,125
67542,0.0,957,957,88
67542,1.0,1197,1197,99
67543,0.0,1473,1473,144
67543,1.0,1840,1840,145
67544,0.0,1562,1562,155
67544,1.0,1963,1963,150
67545,0.0,1672,1672,162
67545,1.0,2098,2098,165
67546,0.0,1863,1863,198
67546,1.0,2350,2350,195
67547,0.0,1232,1232,115
67547,1.0,1549,1549,124
67548,0.0,1029,1029,101
67548,1.0,1291,1291,103
67549,0.0,946,946,89
67549,1.0,1186,1186,94
67550,0.0,814,814,77
67550,1.0,1022,1022,77
67551,0.0,814,814,74
67551,1.0,1012,1012,91
67552,0.0,825,825,80
67552,1.0,1038,1038,78
67553,0.0,1617,1617,147
67553,1.0,2041,2041,152
67554,0.0,1265,1265,122
67554,1.0,1595,1595,119
67555,0.0,1034,1034,103
67555,1.0,1312,1312,104
67556,0.0,1163,1163,112
67556,1.0,1458,1458,109
67557,0.0,1837,1837,182
67557,1.0,2329,2329,179
67558,0.0,1012,1012,104
67558,1.0,1279,1279,105
67559,0.0,1296,1296,141
67559,1.0,1588,1588,120
67560,0.0,1287,1287,127
67560,1.0,1620,1620,131
67561,0.0,1683,1683,160
67561,1.0,2127,2127,169
67562,0.0,877,877,87
67562,1.0,1106,1106,90
67563,0.0,1044,1044,114
67563,1.0,1303,1303,129
67564,0.0,1452,1452,141
67564,1.0,1851,1851,157
67565,0.0,1100,1100,100
67565,1.0,1381,1381,109
67566,0.0,1188,1188,108
67566,1.0,1500,1500,125
67567,0.0,1386,1386,136
67567,1.0,1739,1739,134
67568,0.0,1169,1169,135
67568,1.0,1452,1452,132
67569,0.0,748,748,70
67569,1.0,936,936,74
67570,0.0,1045,1045,105
67570,1.0,1316,1316,101
67571,0.0,730,730,80
67571,1.0,928,928,92
67572,0.0,1111,1111,112
67572,1.0,1379,1379,119
67573,0.0,1518,1518,138
67573,1.0,1917,1917,142
67574,0.0,990,990,93
67574,1.0,1228,1228,94
67575,0.0,1331,1331,128
67575,1.0,1666,1666,135
67576,0.0,1202,1202,126
67576,1.0,1499,1499,126
67577,0.0,1848,1848,171
67577,1.0,2315,2315,177
67578,0.0,730,730,79
67578,1.0,918,918,66
67579,0.0,1518,1518,139
67579,1.0,1900,1900,145
67580,0.0,1650,1650,154
67580,1.0,2054,2054,158
67581,0.0,1056,1056,96
67581,1.0,1341,1341,118
67582,0.0,1309,1309,125
67582,1.0,1658,1658,124
67583,0.0,1146,1146,118
67583,1.0,1453,1453,114
67584,0.0,1001,1001,94
67584,1.0,1256,1256,94
67585,0.0,818,818,88
67585,1.0,1032,1032,87
67586,0.0,979,979,89
67586,1.0,1226,1226,93
67587,0.0,917,917,87
67587,1.0,1155,1155,97
67588,0.0,979,979,89
67588,1.0,1230,1230,95
67589,0.0,605,605,55
67589,1.0,749,749,56
67590,0.0,902,902,88
67590,1.0,1132,1132,87
67591,0.0,1089,1089,110
67591,1.0,1356,1356,104
67592,0.0,1474,1474,134
67592,1.0,1847,1847,138
67593,0.0,1804,1804,185
67593,1.0,2286,2286,193
67594,0.0,902,902,87
67594,1.0,1131,1131,88
67595,0.0,1977,1977,189
67595,1.0,2472,2472,191
67596,0.0,1397,1397,127
67596,1.0,1755,1755,138
67597,0.0,374,374,39
67597,1.0,475,475,34
67598,0.0,781,781,81
67598,1.0,988,988,76
67599,0.0,1037,1037,107
67599,1.0,1310,1310,110
67600,0.0,896,896,119
67600,1.0,1123,1123,99
67601,0.0,1441,1441,141
67601,1.0,1813,1813,141
67602,0.0,1551,1551,141
67602,1.0,1952,1952,148
67603,0.0,1025,1025,98
67603,1.0,1306,1306,107
67604,0.0,968,968,97
67604,1.0,1219,1219,92
67605,0.0,637,637,64
67605,1.0,795,795,62
67606,0.0,1678,1678,159
67606,1.0,2129,2129,187
67607,0.0,1416,1416,138
67607,1.0,1799,1799,144
67608,0.0,495,495,54
67608,1.0,621,621,48
67609,0.0,1358,1358,176
67609,1.0,1689,1689,148
67610,0.0,363,363,40
67610,1.0,465,465,38
67611,0.0,880,880,83
67611,1.0,1110,1110,84
67612,0.0,1518,1518,151
67612,1.0,1921,1921,142
67613,0.0,880,880,81
67613,1.0,1108,1108,82
67614,0.0,1478,1478,153
67614,1.0,1861,1861,141
67615,0.0,1056,1056,96
67615,1.0,1338,1338,97
67616,0.0,897,897,102
67616,1.0,1114,1114,104
67617,0.0,1078,1078,105
67617,1.0,1366,1366,98
67618,0.0,528,528,54
67618,1.0,659,659,50
67619,0.0,838,838,88
67619,1.0,1054,1054,81
67620,0.0,1309,1309,119
67620,1.0,1645,1645,119
67621,0.0,1320,1320,120
67621,1.0,1652,1652,125
67622,0.0,1746,1746,179
67622,1.0,2214,2214,190
67623,0.0,1441,1441,132
67623,1.0,1805,1805,139
67624,0.0,1782,1782,169
67624,1.0,2251,2251,165
67625,0.0,1474,1474,134
67625,1.0,1853,1853,140
67626,0.0,1650,1650,157
67626,1.0,2090,2090,157
67627,0.0,1309,1309,130
67627,1.0,1656,1656,142
67628,0.0,671,671,62
67628,1.0,845,845,61
67629,0.0,1353,1353,124
67629,1.0,1686,1686,129
67630,0.0,1573,1573,145
67630,1.0,1989,1989,149
67631,0.0,880,880,86
67631,1.0,1092,1092,85
67632,0.0,1111,1111,114
67632,1.0,1394,1394,117
67633,0.0,693,693,68
67633,1.0,881,881,69
67634,0.0,1331,1331,147
67634,1.0,1675,1675,132
67635,0.0,960,960,120
67635,1.0,1221,1221,117
67636,0.0,385,385,35
67636,1.0,490,490,41
67637,0.0,1080,1080,105
67637,1.0,1358,1358,119
67638,0.0,374,374,56
67638,1.0,446,446,55
67639,0.0,1472,1472,144
67639,1.0,1846,1846,139
67640,0.0,1838,1838,178
67640,1.0,2321,2321,195
67641,0.0,1287,1287,130
67641,1.0,1633,1633,135
67642,0.0,682,682,64
67642,1.0,852,852,77
67643,0.0,1210,1210,119
67643,1.0,1529,1529,112
67644,0.0,834,834,120
67644,1.0,1028,1028,106
67645,0.0,1012,1012,102
67645,1.0,1284,1284,108
67646,0.0,1773,1773,165
67646,1.0,2244,2244,179
67647,0.0,682,682,65
67647,1.0,860,860,64
67648,0.0,946,946,86
67648,1.0,1169,1169,91
67649,0.0,1639,1639,150
67649,1.0,2071,2071,151
67650,0.0,1661,1661,164
67650,1.0,2084,2084,168
67651,0.0,1089,1089,99
67651,1.0,1386,1386,111
67652,0.0,1210,1210,122
67652,1.0,1532,1532,113
67653,0.0,1133,1133,107
67653,1.0,1428,1428,107
67654,0.0,1760,1760,170
67654,1.0,2195,2195,179
67655,0.0,1430,1430,130
67655,1.0,1799,1799,132
67656,0.0,1727,1727,157
67656,1.0,2164,2164,169
67657,0.0,1045,1045,102
67657,1.0,1312,1312,110
67658,0.0,491,491,71
67658,1.0,632,632,66
67659,0.0,1823,1823,185
67659,1.0,2297,2297,203
67660,0.0,1001,1001,92
67660,1.0,1249,1249,99
67661,0.0,1837,1837,175
67661,1.0,2311,2311,189
67662,0.0,1078,1078,98
67662,1.0,1359,1359,107
67663,0.0,2200,2200,206
67663,1.0,2770,2770,213
67664,0.0,1012,1012,95
67664,1.0,1264,1264,97
67665,0.0,1144,1144,111
67665,1.0,1435,1435,111
67666,0.0,1536,1536,166
67666,1.0,1904,1904,155
67667,0.0,685,685,79
67667,1.0,842,842,76
67668,0.0,1070,1070,128
67668,1.0,1317,1317,106
67669,0.0,2189,2189,215
67669,1.0,2753,2753,212
67670,0.0,1771,1771,161
67670,1.0,2226,2226,175
67671,0.0,495,495,47
67671,1.0,625,625,46
67672,0.0,1298,1298,125
67672,1.0,1631,1631,121
67673,0.0,1254,1254,124
67673,1.0,1565,1565,131
67674,0.0,773,773,92
67674,1.0,976,976,92
67675,0.0,697,697,78
67675,1.0,880,880,84
67676,0.0,1199,1199,112
67676,1.0,1510,1510,112
67677,0.0,1331,1331,121
67677,1.0,1683,1683,125
67678,0.0,894,894,104
67678,1.0,1139,1139,92
67679,0.0,926,926,96
67679,1.0,1173,1173,88
67680,0.0,1078,1078,102
67680,1.0,1360,1360,99
67681,0.0,1672,1672,162
67681,1.0,2127,2127,177
67682,0.0,1089,1089,100
67682,1.0,1414,1414,138
67683,0.0,1386,1386,129
67683,1.0,1739,1739,131
67684,0.0,1485,1485,156
67684,1.0,1835,1835,165
67685,0.0,880,880,80
67685,1.0,1114,1114,96
67686,0.0,770,770,70
67686,1.0,975,975,85
67687,0.0,983,983,95
67687,1.0,1233,1233,92
67688,0.0,1001,1001,94
67688,1.0,1259,1259,95
67689,0.0,1100,1100,103
67689,1.0,1399,1399,105
67690,0.0,741,741,95
67690,1.0,927,927,103
67691,0.0,682,682,72
67691,1.0,851,851,81
67692,0.0,1014,1014,104
67692,1.0,1270,1270,108
67693,0.0,1102,1102,121
67693,1.0,1373,1373,133
67694,0.0,1243,1243,113
67694,1.0,1569,1569,122
67695,0.0,1186,1186,136
67695,1.0,1491,1491,127
67696,0.0,1342,1342,125
67696,1.0,1697,1697,126
67697,0.0,1001,1001,91
67697,1.0,1251,1251,105
67698,0.0,985,985,105
67698,1.0,1240,1240,93
67699,0.0,330,330,40
67699,1.0,412,412,30
67700,0.0,1386,1386,129
67700,1.0,1756,1756,127
67701,0.0,1166,1166,115
67701,1.0,1470,1470,107
67702,0.0,1551,1551,141
67702,1.0,1954,1954,156
67703,0.0,957,957,88
67703,1.0,1195,1195,102
67704,0.0,1146,1146,131
67704,1.0,1435,1435,114
67705,0.0,1397,1397,130
67705,1.0,1763,1763,129
67706,0.0,198,198,38
67706,1.0,238,238,35
67707,0.0,1650,1650,157
67707,1.0,2074,2074,154
67708,0.0,1694,1694,165
67708,1.0,2119,2119,161
67710,0.0,1463,1463,140
67710,1.0,1843,1843,147
67711,0.0,759,759,70
67711,1.0,959,959,69
67712,0.0,1333,1333,128
67712,1.0,1682,1682,129
67713,0.0,1617,1617,164
67713,1.0,2019,2019,162
67714,0.0,592,592,71
67714,1.0,739,739,54
67715,0.0,901,901,91
67715,1.0,1118,1118,102
67716,0.0,1298,1298,136
67716,1.0,1634,1634,134
67717,0.0,1210,1210,116
67717,1.0,1525,1525,112
67718,0.0,759,759,69
67718,1.0,950,950,71
67719,0.0,1323,1323,134
67719,1.0,1695,1695,174
67720,0.0,748,748,79
67720,1.0,936,936,73
67722,0.0,1397,1397,127
67722,1.0,1761,1761,137
67723,0.0,726,726,76
67723,1.0,913,913,79
67724,0.0,1045,1045,96
67724,1.0,1322,1322,104
67725,0.0,1279,1279,139
67725,1.0,1596,1596,131
67727,0.0,1227,1227,116
67727,1.0,1546,1546,113
67728,0.0,1056,1056,116
67728,1.0,1336,1336,102
67729,0.0,1467,1467,138
67729,1.0,1842,1842,139
67730,0.0,1749,1749,164
67730,1.0,2180,2180,167
67731,0.0,1551,1551,146
67731,1.0,1942,1942,141
67732,0.0,822,822,92
67732,1.0,1022,1022,90
67733,0.0,1331,1331,133
67733,1.0,1669,1669,133
67734,0.0,759,759,71
67734,1.0,962,962,69
67735,0.0,1126,1126,110
67735,1.0,1424,1424,120
67736,0.0,534,534,63
67736,1.0,670,670,66
67737,0.0,1496,1496,142
67737,1.0,1888,1888,146
67738,0.0,1100,1100,107
67738,1.0,1388,1388,101
67739,0.0,1232,1232,112
67739,1.0,1554,1554,115
67740,0.0,594,594,64
67740,1.0,753,753,55
67741,0.0,1386,1386,126
67741,1.0,1739,1739,131
67742,0.0,1848,1848,168
67742,1.0,2329,2329,177
67743,0.0,712,712,70
67743,1.0,913,913,82
67744,0.0,1594,1594,156
67744,1.0,1995,1995,150
67745,0.0,814,814,74
67745,1.0,1012,1012,79
67746,0.0,980,980,94
67746,1.0,1240,1240,97
67747,0.0,1188,1188,108
67747,1.0,1492,1492,113
67748,0.0,1221,1221,124
67748,1.0,1543,1543,117
67749,0.0,1430,1430,136
67749,1.0,1776,1776,148
67750,0.0,374,374,34
67750,1.0,464,464,34
67751,0.0,946,946,86
67751,1.0,1187,1187,93
67752,0.0,803,803,73
67752,1.0,1000,1000,76
67753,0.0,1760,1760,163
67753,1.0,2212,2212,178
67754,0.0,1452,1452,132
67754,1.0,1822,1822,137
67755,0.0,1507,1507,137
67755,1.0,1895,1895,143
67756,0.0,1145,1145,127
67756,1.0,1423,1423,112
67757,0.0,539,539,49
67757,1.0,681,681,59
67758,0.0,627,627,59
67758,1.0,812,812,86
67759,0.0,913,913,94
67759,1.0,1152,1152,95
67760,0.0,935,935,89
67760,1.0,1171,1171,86
67761,0.0,1562,1562,142
67761,1.0,1956,1956,153
67762,0.0,866,866,88
67762,1.0,1114,1114,117
67763,0.0,714,714,73
67763,1.0,900,900,72
67764,0.0,1485,1485,135
67764,1.0,1863,1863,141
67765,0.0,1606,1606,152
67765,1.0,2020,2020,152
67766,0.0,561,561,52
67766,1.0,713,713,52
67767,0.0,1474,1474,136
67767,1.0,1867,1867,140
67768,0.0,1975,1975,195
67768,1.0,2481,2481,184
67769,0.0,1144,1144,105
67769,1.0,1433,1433,121
67771,0.0,1089,1089,112
67771,1.0,1378,1378,108
67772,0.0,275,275,31
67772,1.0,348,348,25
67773,0.0,1124,1124,114
67773,1.0,1407,1407,120
67774,0.0,1353,1353,124
67774,1.0,1694,1694,133
67775,0.0,915,915,91
67775,1.0,1130,1130,88
67776,0.0,781,781,71
67776,1.0,984,984,74
67777,0.0,1110,1110,119
67777,1.0,1383,1383,106
67778,0.0,847,847,87
67778,1.0,1069,1069,80
67779,0.0,889,889,103
67779,1.0,1104,1104,87
67780,0.0,726,726,66
67780,1.0,897,897,82
67781,0.0,1045,1045,95
67781,1.0,1296,1296,96
67782,0.0,1958,1958,183
67782,1.0,2457,2457,190
67783,0.0,1210,1210,115
67783,1.0,1519,1519,116
67784,0.0,1317,1317,129
67784,1.0,1672,1672,156
67785,0.0,1350,1350,135
67785,1.0,1673,1673,142
67786,0.0,1595,1595,146
67786,1.0,2012,2012,157
67787,0.0,672,672,80
67787,1.0,826,826,67
67788,0.0,1210,1210,120
67788,1.0,1516,1516,117
67789,0.0,1870,1870,183
67789,1.0,2356,2356,183
67790,0.0,1529,1529,141
67790,1.0,1921,1921,154
67791,0.0,1014,1014,106
67791,1.0,1266,1266,97
67792,0.0,1540,1540,154
67792,1.0,1949,1949,151
67793,0.0,1262,1262,127
67793,1.0,1579,1579,140
67794,0.0,1122,1122,103
67794,1.0,1415,1415,120
67795,0.0,323,323,43
67795,1.0,404,404,37
67796,0.0,715,715,65
67796,1.0,898,898,67
67797,0.0,819,819,99
67797,1.0,1010,1010,101
67798,0.0,2156,2156,203
67798,1.0,2736,2736,208
67799,0.0,1309,1309,149
67799,1.0,1631,1631,159
67800,0.0,1661,1661,158
67800,1.0,2094,2094,173
67801,0.0,1441,1441,133
67801,1.0,1822,1822,135
67802,0.0,1232,1232,124
67802,1.0,1553,1553,132
67803,0.0,1306,1306,138
67803,1.0,1660,1660,163
67804,0.0,1221,1221,118
67804,1.0,1526,1526,121
67805,0.0,1100,1100,111
67805,1.0,1381,1381,106
67806,0.0,1386,1386,134
67806,1.0,1752,1752,150
67807,0.0,858,858,78
67807,1.0,1065,1065,90
67808,0.0,1423,1423,142
67808,1.0,1784,1784,141
67809,0.0,1661,1661,161
67809,1.0,2082,2082,170
67810,0.0,858,858,80
67810,1.0,1059,1059,82
67811,0.0,1309,1309,131
67811,1.0,1654,1654,141
67812,0.0,1221,1221,113
67812,1.0,1532,1532,120
67813,0.0,781,781,71
67813,1.0,987,987,73
67814,0.0,627,627,58
67814,1.0,788,788,58
67815,0.0,1471,1471,151
67815,1.0,1875,1875,171
67816,0.0,1188,1188,119
67816,1.0,1494,1494,113
67817,0.0,926,926,95
67817,1.0,1157,1157,102
67818,0.0,1452,1452,135
67818,1.0,1818,1818,144
67819,0.0,616,616,56
67819,1.0,772,772,58
67820,0.0,759,759,69
67820,1.0,924,924,75
67821,0.0,1837,1837,169
67821,1.0,2319,2319,174
67822,0.0,1398,1398,158
67822,1.0,1732,1732,156
67823,0.0,1034,1034,100
67823,1.0,1303,1303,104
67824,0.0,1299,1299,135
67824,1.0,1607,1607,126
67825,0.0,686,686,78
67825,1.0,887,887,92
67826,0.0,1782,1782,178
67826,1.0,2225,2225,171
67827,0.0,1966,1966,191
67827,1.0,2471,2471,200
67828,0.0,1333,1333,123
67828,1.0,1665,1665,133
67829,0.0,1419,1419,133
67829,1.0,1777,1777,135
67830,0.0,1576,1576,152
67830,1.0,1979,1979,150
67831,0.0,1629,1629,175
67831,1.0,2063,2063,176
67832,0.0,1012,1012,103
67832,1.0,1282,1282,105
67833,0.0,1903,1903,173
67833,1.0,2400,2400,179
67835,0.0,1293,1293,128
67835,1.0,1618,1618,143
67836,0.0,770,770,72
67836,1.0,966,966,71
67837,0.0,1181,1181,111
67837,1.0,1483,1483,118
67838,0.0,1188,1188,128
67838,1.0,1472,1472,111
67839,0.0,1251,1251,131
67839,1.0,1572,1572,119
67840,0.0,990,990,90
67840,1.0,1249,1249,93
67841,0.0,1980,1980,195
67841,1.0,2452,2452,208
67842,0.0,989,989,118
67842,1.0,1227,1227,114
67843,0.0,1874,1874,178
67843,1.0,2345,2345,187
67844,0.0,1683,1683,154
67844,1.0,2115,2115,166
67845,0.0,1837,1837,167
67845,1.0,2307,2307,176
67846,0.0,1144,1144,104
67846,1.0,1442,1442,109
67847,0.0,824,824,89
67847,1.0,1044,1044,82
67848,0.0,796,796,82
67848,1.0,1005,1005,80
67849,0.0,1687,1687,170
67849,1.0,2116,2116,170
67850,0.0,1485,1485,135
67850,1.0,1869,1869,152
67851,0.0,1452,1452,142
67851,1.0,1835,1835,135
67852,0.0,917,917,105
67852,1.0,1157,1157,118
67853,0.0,1069,1069,111
67853,1.0,1342,1342,125
67854,0.0,902,902,82
67854,1.0,1133,1133,88
67855,0.0,825,825,77
67855,1.0,1045,1045,76
67856,0.0,1738,1738,166
67856,1.0,2196,2196,171
67857,0.0,1067,1067,108
67857,1.0,1348,1348,109
67858,0.0,814,814,75
67858,1.0,1020,1020,75
67859,0.0,1023,1023,104
67859,1.0,1286,1286,100
67860,0.0,803,803,78
67860,1.0,1006,1006,85
67861,0.0,1001,1001,92
67861,1.0,1254,1254,97
67862,0.0,726,726,76
67862,1.0,909,909,67
67863,0.0,495,495,49
67863,1.0,623,623,47
67864,0.0,1111,1111,113
67864,1.0,1409,1409,124
67865,0.0,374,374,40
67865,1.0,462,462,38
67866,0.0,850,850,112
67866,1.0,1052,1052,103
67867,0.0,682,682,69
67867,1.0,859,859,70
67868,0.0,800,800,87
67868,1.0,1002,1002,77
67869,0.0,792,792,74
67869,1.0,990,990,80
67870,0.0,889,889,106
67870,1.0,1094,1094,85
67871,0.0,753,753,111
67871,1.0,919,919,71
67872,0.0,550,550,51
67872,1.0,694,694,51
67873,0.0,803,803,73
67873,1.0,1031,1031,85
67874,0.0,1067,1067,101
67874,1.0,1337,1337,100
67875,0.0,858,858,84
67875,1.0,1070,1070,86
67876,0.0,1164,1164,139
67876,1.0,1443,1443,130
67877,0.0,1111,1111,110
67877,1.0,1396,1396,107
67878,0.0,1804,1804,169
67878,1.0,2269,2269,167
67879,0.0,1452,1452,144
67879,1.0,1818,1818,144
67880,0.0,677,677,75
67880,1.0,847,847,79
67881,0.0,1155,1155,122
67881,1.0,1457,1457,119
67882,0.0,946,946,95
67882,1.0,1174,1174,92
67883,0.0,550,550,60
67883,1.0,681,681,60
67884,0.0,915,915,95
67884,1.0,1157,1157,106
67885,0.0,836,836,81
67885,1.0,1029,1029,79
67886,0.0,1133,1133,103
67886,1.0,1431,1431,107
67887,0.0,596,596,66
67887,1.0,750,750,59
67888,0.0,1133,1133,103
67888,1.0,1424,1424,107
67889,0.0,1265,1265,123
67889,1.0,1596,1596,119
67890,0.0,869,869,90
67890,1.0,1101,1101,86
67891,0.0,1351,1351,140
67891,1.0,1671,1671,123
67893,0.0,1023,1023,93
67893,1.0,1284,1284,109
67894,0.0,1269,1269,129
67894,1.0,1603,1603,121
67895,0.0,1617,1617,152
67895,1.0,2052,2052,169
67896,0.0,1496,1496,136
67896,1.0,1914,1914,164
67897,0.0,726,726,66
67897,1.0,916,916,68
67898,0.0,825,825,96
67898,1.0,1015,1015,79
67899,0.0,803,803,80
67899,1.0,1004,1004,79
67900,0.0,891,891,81
67900,1.0,1119,1119,85
67901,0.0,1337,1337,130
67901,1.0,1673,1673,129
67902,0.0,1180,1180,126
67902,1.0,1473,1473,120
67903,0.0,550,550,50
67903,1.0,685,685,52
67904,0.0,836,836,76
67904,1.0,1049,1049,89
67905,0.0,1177,1177,107
67905,1.0,1466,1466,112
67906,0.0,1375,1375,126
67906,1.0,1739,1739,134
67907,0.0,550,550,60
67907,1.0,685,685,56
67908,0.0,1167,1167,117
67908,1.0,1473,1473,127
67909,0.0,1584,1584,145
67909,1.0,2001,2001,150
67910,0.0,1309,1309,126
67910,1.0,1621,1621,127
67911,0.0,827,827,85
67911,1.0,1047,1047,75
67912,0.0,1657,1657,171
67912,1.0,2088,2088,175
67913,0.0,1342,1342,125
67913,1.0,1683,1683,127
67914,0.0,1012,1012,101
67914,1.0,1281,1281,96
67915,0.0,1291,1291,125
67915,1.0,1615,1615,121
67916,0.0,1990,1990,192
67916,1.0,2519,2519,210
67917,0.0,1034,1034,99
67917,1.0,1306,1306,98
67918,0.0,1584,1584,151
67918,1.0,1995,1995,151
67919,0.0,1265,1265,126
67919,1.0,1604,1604,121
67920,0.0,891,891,81
67920,1.0,1091,1091,85
67921,0.0,1155,1155,115
67921,1.0,1455,1455,119
67922,0.0,2167,2167,198
67922,1.0,2726,2726,208
67923,0.0,1133,1133,103
67923,1.0,1424,1424,107
67924,0.0,341,341,31
67924,1.0,422,422,31
67925,0.0,1386,1386,132
67925,1.0,1720,1720,140
67926,0.0,924,924,94
67926,1.0,1168,1168,92
67927,0.0,1446,1446,147
67927,1.0,1825,1825,149
67928,0.0,1053,1053,103
67928,1.0,1308,1308,97
67929,0.0,1364,1364,143
67929,1.0,1726,1726,138
67930,0.0,1320,1320,134
67930,1.0,1645,1645,125
67931,0.0,1739,1739,169
67931,1.0,2197,2197,174
67932,0.0,1442,1442,162
67932,1.0,1815,1815,148
67933,0.0,1078,1078,110
67933,1.0,1347,1347,111
67934,0.0,948,948,97
67934,1.0,1182,1182,100
67935,0.0,1309,1309,126
67935,1.0,1655,1655,123
67936,0.0,583,583,63
67936,1.0,730,730,60
67937,0.0,682,682,64
67937,1.0,860,860,68
67938,0.0,1518,1518,139
67938,1.0,1920,1920,141
67940,0.0,1155,1155,114
67940,1.0,1464,1464,112
67941,0.0,693,693,66
67941,1.0,879,879,67
67942,0.0,590,590,75
67942,1.0,729,729,54
67943,0.0,1034,1034,95
67943,1.0,1307,1307,94
67944,0.0,1323,1323,147
67944,1.0,1641,1641,133
67945,0.0,605,605,59
67945,1.0,760,760,56
67946,0.0,1265,1265,115
67946,1.0,1617,1617,138
67947,0.0,1694,1694,164
67947,1.0,2134,2134,172
67948,0.0,935,935,86
67948,1.0,1190,1190,96
67949,0.0,1804,1804,181
67949,1.0,2281,2281,170
67950,0.0,792,792,74
67950,1.0,992,992,74
67951,0.0,542,542,67
67951,1.0,656,656,60
67952,0.0,957,957,98
67952,1.0,1196,1196,96
67953,0.0,1243,1243,115
67953,1.0,1569,1569,113
67954,0.0,1903,1903,175
67954,1.0,2392,2392,185
67955,0.0,1804,1804,166
67955,1.0,2248,2248,187
67956,0.0,748,748,68
67956,1.0,955,955,77
67957,0.0,1881,1881,171
67957,1.0,2348,2348,184
67958,0.0,352,352,36
67958,1.0,445,445,40
67959,0.0,1969,1969,185
67959,1.0,2475,2475,189
67960,0.0,2365,2365,232
67960,1.0,2966,2966,242
67961,0.0,580,580,67
67961,1.0,723,723,64
67962,0.0,913,913,89
67962,1.0,1150,1150,88
67963,0.0,1672,1672,152
67963,1.0,2106,2106,155
67964,0.0,1562,1562,152
67964,1.0,1964,1964,150
67965,0.0,748,748,68
67965,1.0,935,935,74
67966,0.0,913,913,85
67966,1.0,1149,1149,85
67967,0.0,407,407,37
67967,1.0,504,504,39
67968,0.0,1190,1190,141
67968,1.0,1503,1503,139
67969,0.0,791,791,110
67969,1.0,951,951,84
67970,0.0,1276,1276,122
67970,1.0,1604,1604,139
67971,0.0,1036,1036,96
67971,1.0,1310,1310,102
67972,0.0,1773,1773,174
67972,1.0,2237,2237,169
67973,0.0,770,770,70
67973,1.0,961,961,79
67974,0.0,1551,1551,141
67974,1.0,1943,1943,145
67975,0.0,759,759,79
67975,1.0,948,948,78
67976,0.0,1606,1606,165
67976,1.0,2003,2003,161
67977,0.0,594,594,54
67977,1.0,747,747,54
67978,0.0,1221,1221,126
67978,1.0,1560,1560,139
67979,0.0,1408,1408,128
67979,1.0,1780,1780,132
67980,0.0,649,649,62
67980,1.0,822,822,72
67981,0.0,935,935,85
67981,1.0,1170,1170,88
67982,0.0,924,924,84
67982,1.0,1166,1166,88
67983,0.0,1661,1661,165
67983,1.0,2074,2074,159
67984,0.0,1298,1298,119
67984,1.0,1633,1633,122
67985,0.0,1078,1078,98
67985,1.0,1331,1331,100
67986,0.0,2354,2354,225
67986,1.0,2953,2953,230
67987,0.0,1068,1068,129
67987,1.0,1327,1327,122
67988,0.0,605,605,65
67988,1.0,754,754,73
67989,0.0,1078,1078,114
67989,1.0,1359,1359,103
67990,0.0,1232,1232,112
67990,1.0,1549,1549,117
67991,0.0,1958,1958,198
67991,1.0,2469,2469,193
67992,0.0,979,979,91
67992,1.0,1245,1245,101
67993,0.0,1159,1159,110
67993,1.0,1459,1459,120
67994,0.0,343,343,43
67994,1.0,432,432,42
67995,0.0,1467,1467,148
67995,1.0,1821,1821,151
67996,0.0,1444,1444,147
67996,1.0,1811,1811,148
67997,0.0,1188,1188,109
67997,1.0,1503,1503,113
67998,0.0,1156,1156,127
67998,1.0,1449,1449,119
67999,0.0,616,616,66
67999,1.0,777,777,58
68000,0.0,1716,1716,159
68000,1.0,2168,2168,169
68001,0.0,1359,1359,159
68001,1.0,1761,1761,186
68002,0.0,1100,1100,105
68002,1.0,1367,1367,106
68003,0.0,1430,1430,131
68003,1.0,1797,1797,136
68004,0.0,385,385,35
68004,1.0,487,487,36
68005,0.0,440,440,45
68005,1.0,552,552,40
68006,0.0,853,853,81
68006,1.0,1076,1076,82
68007,0.0,1483,1483,150
68007,1.0,1858,1858,153
68008,0.0,506,506,50
68008,1.0,638,638,49
68009,0.0,1375,1375,144
68009,1.0,1747,1747,141
68010,0.0,508,508,53
68010,1.0,640,640,59
68011,0.0,1137,1137,107
68011,1.0,1413,1413,116
68012,0.0,1135,1135,115
68012,1.0,1419,1419,107
68013,0.0,1749,1749,161
68013,1.0,2207,2207,166
68014,0.0,792,792,75
68014,1.0,994,994,75
68015,0.0,1155,1155,105
68015,1.0,1468,1468,108
68016,0.0,616,616,56
68016,1.0,783,783,69
68017,0.0,1507,1507,154
68017,1.0,1887,1887,151
68018,0.0,1089,1089,106
68018,1.0,1369,1369,101
68019,0.0,1518,1518,139
68019,1.0,1918,1918,141
68020,0.0,1221,1221,115
68020,1.0,1546,1546,112
68022,0.0,1133,1133,104
68022,1.0,1432,1432,104
68023,0.0,462,462,48
68023,1.0,579,579,56
68024,0.0,880,880,85
68024,1.0,1111,1111,94
68025,0.0,1276,1276,126
68025,1.0,1592,1592,137
68026,0.0,1738,1738,158
68026,1.0,2196,2196,169
68027,0.0,913,913,87
68027,1.0,1156,1156,83
68028,0.0,869,869,79
68028,1.0,1095,1095,83
68029,0.0,1144,1144,107
68029,1.0,1439,1439,114
68030,0.0,913,913,85
68030,1.0,1147,1147,87
68031,0.0,1056,1056,99
68031,1.0,1315,1315,100
68032,0.0,1529,1529,146
68032,1.0,1933,1933,149
68033,0.0,1111,1111,102
68033,1.0,1397,1397,105
68034,0.0,902,902,94
68034,1.0,1137,1137,84
68035,0.0,792,792,76
68035,1.0,999,999,80
68036,0.0,726,726,66
68036,1.0,906,906,66
68037,0.0,836,836,81
68037,1.0,1052,1052,84
68038,0.0,1078,1078,101
68038,1.0,1348,1348,104
68039,0.0,597,597,89
68039,1.0,728,728,67
68040,0.0,1639,1639,149
68040,1.0,2049,2049,162
68041,0.0,517,517,55
68041,1.0,650,650,51
68042,0.0,1228,1228,144
68042,1.0,1533,1533,147
68043,0.0,457,457,57
68043,1.0,570,570,53
68044,0.0,654,654,75
68044,1.0,813,813,73
68045,0.0,1562,1562,144
68045,1.0,1962,1962,152
68046,0.0,864,864,104
68046,1.0,1069,1069,115
68047,0.0,1375,1375,125
68047,1.0,1732,1732,130
68048,0.0,572,572,52
68048,1.0,723,723,53
68049,0.0,863,863,98
68049,1.0,1088,1088,94
68050,0.0,1441,1441,135
68050,1.0,1811,1811,141
68051,0.0,946,946,96
68051,1.0,1198,1198,90
68052,0.0,968,968,91
68052,1.0,1218,1218,91
68054,0.0,1089,1089,107
68054,1.0,1364,1364,101
68055,0.0,495,495,45
68055,1.0,628,628,56
68056,0.0,1859,1859,180
68056,1.0,2340,2340,177
68057,0.0,1342,1342,122
68057,1.0,1687,1687,129
68058,0.0,407,407,37
68058,1.0,517,517,48
68059,0.0,748,748,69
68059,1.0,944,944,75
68060,0.0,990,990,91
68060,1.0,1254,1254,92
68061,0.0,2057,2057,191
68061,1.0,2591,2591,194
68062,0.0,2024,2024,191
68062,1.0,2550,2550,199
68063,0.0,1078,1078,98
68063,1.0,1366,1366,103
68064,0.0,440,440,50
68064,1.0,535,535,44
68065,0.0,506,506,46
68065,1.0,635,635,46
68066,0.0,1661,1661,157
68066,1.0,2095,2095,163
68067,0.0,1171,1171,127
68067,1.0,1448,1448,113
68068,0.0,495,495,45
68068,1.0,605,605,49
68069,0.0,1012,1012,105
68069,1.0,1284,1284,110
68070,0.0,1584,1584,171
68070,1.0,1984,1984,155
68071,0.0,1441,1441,132
68071,1.0,1832,1832,145
68072,0.0,308,308,38
68072,1.0,381,381,29
68073,0.0,1045,1045,95
68073,1.0,1306,1306,107
68074,0.0,1593,1593,162
68074,1.0,1989,1989,164
68075,0.0,1034,1034,102
68075,1.0,1306,1306,96
68076,0.0,1045,1045,99
68076,1.0,1319,1319,100
68077,0.0,1263,1263,143
68077,1.0,1591,1591,147
68078,0.0,1188,1188,114
68078,1.0,1506,1506,122
68079,0.0,990,990,96
68079,1.0,1245,1245,95
68080,0.0,825,825,76
68080,1.0,1033,1033,82
68081,0.0,979,979,91
68081,1.0,1242,1242,92
68082,0.0,1034,1034,94
68082,1.0,1309,1309,117
68083,0.0,1287,1287,138
68083,1.0,1592,1592,138
68084,0.0,979,979,90
68084,1.0,1229,1229,95
68085,0.0,649,649,63
68085,1.0,814,814,61
68086,0.0,1584,1584,150
68086,1.0,2002,2002,150
68087,0.0,1650,1650,158
68087,1.0,2078,2078,162
68088,0.0,1474,1474,143
68088,1.0,1859,1859,140
68089,0.0,1122,1122,104
68089,1.0,1417,1417,119
68090,0.0,825,825,75
68090,1.0,1040,1040,79
68091,0.0,1344,1344,135
68091,1.0,1690,1690,130
68092,0.0,1683,1683,154
68092,1.0,2115,2115,186
68093,0.0,1407,1407,143
68093,1.0,1758,1758,136
68094,0.0,379,379,59
68094,1.0,459,459,56
68095,0.0,1111,1111,102
68095,1.0,1367,1367,111
68096,0.0,946,946,92
68096,1.0,1192,1192,91
68097,0.0,1859,1859,170
68097,1.0,2343,2343,182
68098,0.0,1045,1045,104
68098,1.0,1298,1298,113
68099,0.0,748,748,68
68099,1.0,933,933,79
68100,0.0,2002,2002,199
68100,1.0,2531,2531,186
68101,0.0,1287,1287,118
68101,1.0,1617,1617,121
68102,0.0,979,979,95
68102,1.0,1242,1242,92
68103,0.0,1727,1727,158
68103,1.0,2172,2172,167
68104,0.0,792,792,72
68104,1.0,994,994,75
68105,0.0,1608,1608,160
68105,1.0,2004,2004,169
68106,0.0,539,539,49
68106,1.0,670,670,51
68107,0.0,1045,1045,95
68107,1.0,1296,1296,100
68108,0.0,737,737,68
68108,1.0,892,892,75
68109,0.0,1562,1562,143
68109,1.0,1978,1978,147
68110,0.0,638,638,65
68110,1.0,806,806,73
68111,0.0,904,904,94
68111,1.0,1147,1147,90
68112,0.0,923,923,119
68112,1.0,1148,1148,115
68113,0.0,1419,1419,131
68113,1.0,1789,1789,132
68114,0.0,1188,1188,109
68114,1.0,1494,1494,115
68115,0.0,1181,1181,121
68115,1.0,1467,1467,123
68116,0.0,1122,1122,111
68116,1.0,1398,1398,105
68117,0.0,1293,1293,135
68117,1.0,1633,1633,125
68118,0.0,759,759,78
68118,1.0,961,961,75
68119,0.0,1526,1526,192
68119,1.0,1877,1877,164
68120,0.0,1496,1496,138
68120,1.0,1886,1886,144
68121,0.0,1067,1067,109
68121,1.0,1351,1351,106
68122,0.0,1133,1133,113
68122,1.0,1433,1433,108
68123,0.0,1078,1078,100
68123,1.0,1374,1374,142
68124,0.0,1221,1221,114
68124,1.0,1543,1543,134
68125,0.0,1078,1078,116
68125,1.0,1360,1360,102
68126,0.0,1353,1353,123
68126,1.0,1711,1711,133
68127,0.0,1202,1202,134
68127,1.0,1532,1532,165
68128,0.0,1683,1683,153
68128,1.0,2124,2124,153
68129,0.0,2076,2076,198
68129,1.0,2593,2593,210
68130,0.0,869,869,89
68130,1.0,1083,1083,85
68131,0.0,1124,1124,115
68131,1.0,1403,1403,114
68132,0.0,1947,1947,181
68132,1.0,2442,2442,185
68133,0.0,1409,1409,148
68133,1.0,1761,1761,132
68134,0.0,1146,1146,117
68134,1.0,1444,1444,122
68135,0.0,1104,1104,134
68135,1.0,1361,1361,116
68136,0.0,1375,1375,132
68136,1.0,1716,1716,139
68137,0.0,858,858,79
68137,1.0,1078,1078,79
68138,0.0,1097,1097,118
68138,1.0,1384,1384,104
68139,0.0,968,968,92
68139,1.0,1231,1231,109
68140,0.0,1045,1045,112
68140,1.0,1313,1313,98
68141,0.0,886,886,135
68141,1.0,1099,1099,129
68142,0.0,1046,1046,108
68142,1.0,1300,1300,104
68143,0.0,1333,1333,123
68143,1.0,1652,1652,146
68144,0.0,2024,2024,192
68144,1.0,2551,2551,202
68145,0.0,429,429,49
68145,1.0,530,530,44
68146,0.0,1034,1034,98
68146,1.0,1290,1290,97
68147,0.0,1050,1050,111
68147,1.0,1297,1297,100
68148,0.0,776,776,79
68148,1.0,964,964,94
68149,0.0,1464,1464,148
68149,1.0,1866,1866,153
68150,0.0,1266,1266,126
68150,1.0,1583,1583,136
68151,0.0,1226,1226,139
68151,1.0,1533,1533,154
68152,0.0,1063,1063,108
68152,1.0,1337,1337,114
68153,0.0,1399,1399,133
68153,1.0,1773,1773,142
68154,0.0,1100,1100,105
68154,1.0,1377,1377,112
68155,0.0,2024,2024,186
68155,1.0,2542,2542,191
68156,0.0,1177,1177,116
68156,1.0,1481,1481,123
68157,0.0,1397,1397,134
68157,1.0,1765,1765,128
68158,0.0,902,902,82
68158,1.0,1129,1129,85
68159,0.0,1210,1210,120
68159,1.0,1532,1532,114
68160,0.0,792,792,74
68160,1.0,997,997,79
68161,0.0,1084,1084,114
68161,1.0,1357,1357,116
68162,0.0,726,726,75
68162,1.0,912,912,69
68163,0.0,1649,1649,160
68163,1.0,2063,2063,171
68164,0.0,1102,1102,126
68164,1.0,1388,1388,134
68165,0.0,1023,1023,104
68165,1.0,1287,1287,108
68166,0.0,1133,1133,105
68166,1.0,1420,1420,106
68167,0.0,1058,1058,99
68167,1.0,1352,1352,112
68168,0.0,625,625,75
68168,1.0,782,782,76
68169,0.0,1287,1287,123
68169,1.0,1619,1619,130
68170,0.0,638,638,58
68170,1.0,796,796,68
68171,0.0,1353,1353,123
68171,1.0,1708,1708,127
68172,0.0,1596,1596,167
68172,1.0,2007,2007,171
68173,0.0,1045,1045,105
68173,1.0,1309,1309,101
68174,0.0,605,605,55
68174,1.0,757,757,57
68175,0.0,1529,1529,144
68175,1.0,1930,1930,155
68176,0.0,1185,1185,124
68176,1.0,1480,1480,113
68177,0.0,1276,1276,124
68177,1.0,1590,1590,126
68178,0.0,957,957,108
68178,1.0,1203,1203,125
68179,0.0,847,847,82
68179,1.0,1064,1064,80
68180,0.0,1429,1429,140
68180,1.0,1802,1802,141
68181,0.0,1859,1859,192
68181,1.0,2348,2348,176
68182,0.0,1375,1375,128
68182,1.0,1726,1726,131
68183,0.0,1496,1496,148
68183,1.0,1903,1903,152
68184,0.0,1408,1408,135
68184,1.0,1755,1755,150
68185,0.0,1287,1287,122
68185,1.0,1623,1623,122
68186,0.0,1034,1034,111
68186,1.0,1319,1319,121
68187,0.0,1276,1276,116
68187,1.0,1598,1598,118
68188,0.0,1441,1441,138
68188,1.0,1821,1821,133
68189,0.0,484,484,54
68189,1.0,605,605,48
68190,0.0,1441,1441,131
68190,1.0,1799,1799,137
68191,0.0,1375,1375,126
68191,1.0,1724,1724,128
68193,0.0,1650,1650,162
68193,1.0,2078,2078,160
68194,0.0,1689,1689,174
68194,1.0,2127,2127,167
68195,0.0,429,429,39
68195,1.0,537,537,40
68196,0.0,792,792,77
68196,1.0,1009,1009,90
68197,0.0,1430,1430,133
68197,1.0,1803,1803,162
68198,0.0,847,847,87
68198,1.0,1072,1072,86
68199,0.0,1221,1221,120
68199,1.0,1539,1539,119
68200,0.0,1188,1188,113
68200,1.0,1492,1492,109
68201,0.0,1416,1416,137
68201,1.0,1800,1800,168
68202,0.0,1496,1496,150
68202,1.0,1890,1890,157
68203,0.0,616,616,58
68203,1.0,763,763,62
68204,0.0,1991,1991,188
68204,1.0,2512,2512,197
68205,0.0,1606,1606,153
68205,1.0,2026,2026,153
68206,0.0,1023,1023,98
68206,1.0,1297,1297,108
68207,0.0,1463,1463,135
68207,1.0,1847,1847,140
68208,0.0,935,935,86
68208,1.0,1182,1182,87
68209,0.0,1975,1975,195
68209,1.0,2477,2477,186
68210,0.0,528,528,50
68210,1.0,656,656,49
68211,0.0,1265,1265,115
68211,1.0,1586,1586,120
68212,0.0,770,770,74
68212,1.0,974,974,73
68213,0.0,1683,1683,164
68213,1.0,2118,2118,163
68214,0.0,572,572,56
68214,1.0,711,711,63
68215,0.0,1551,1551,148
68215,1.0,1963,1963,143
68216,0.0,1188,1188,116
68216,1.0,1507,1507,128
68217,0.0,484,484,44
68217,1.0,594,594,44
68218,0.0,1311,1311,131
68218,1.0,1652,1652,136
68219,0.0,1133,1133,113
68219,1.0,1427,1427,109
68220,0.0,735,735,85
68220,1.0,914,914,85
68221,0.0,1111,1111,102
68221,1.0,1410,1410,103
68222,0.0,1254,1254,119
68222,1.0,1577,1577,116
68223,0.0,1460,1460,140
68223,1.0,1854,1854,145
68224,0.0,1466,1466,155
68224,1.0,1823,1823,134
68225,0.0,759,759,96
68225,1.0,939,939,96
68226,0.0,891,891,85
68226,1.0,1120,1120,96
68227,0.0,1331,1331,121
68227,1.0,1678,1678,124
68228,0.0,495,495,45
68228,1.0,616,616,45
68229,0.0,1188,1188,118
68229,1.0,1487,1487,121
68230,0.0,1980,1980,181
68230,1.0,2496,2496,183
68231,0.0,1232,1232,116
68231,1.0,1562,1562,131
68232,0.0,1814,1814,188
68232,1.0,2271,2271,180
68233,0.0,1342,1342,125
68233,1.0,1687,1687,124
68234,0.0,939,939,91
68234,1.0,1215,1215,97
68235,0.0,715,715,65
68235,1.0,903,903,65
68236,0.0,1386,1386,128
68236,1.0,1738,1738,130
68237,0.0,1496,1496,148
68237,1.0,1880,1880,160
68238,0.0,748,748,68
68238,1.0,949,949,71
68239,0.0,1397,1397,128
68239,1.0,1749,1749,139
68240,0.0,891,891,81
68240,1.0,1119,1119,84
68241,0.0,660,660,60
68241,1.0,827,827,66
68242,0.0,550,550,70
68242,1.0,670,670,60
68243,0.0,1650,1650,161
68243,1.0,2077,2077,158
68244,0.0,1133,1133,122
68244,1.0,1416,1416,124
68245,0.0,990,990,90
68245,1.0,1252,1252,106
68247,0.0,1914,1914,188
68247,1.0,2421,2421,194
68248,0.0,1353,1353,123
68248,1.0,1711,1711,127
68249,0.0,957,957,94
68249,1.0,1214,1214,88
68250,0.0,847,847,83
68250,1.0,1080,1080,93
68251,0.0,908,908,138
68251,1.0,1121,1121,117
68252,0.0,781,781,74
68252,1.0,980,980,72
68253,0.0,605,605,56
68253,1.0,752,752,59
68254,0.0,869,869,89
68254,1.0,1095,1095,80
68255,0.0,1166,1166,109
68255,1.0,1452,1452,111
68256,0.0,985,985,98
68256,1.0,1248,1248,115
68257,0.0,1430,1430,135
68257,1.0,1791,1791,138
68258,0.0,2002,2002,193
68258,1.0,2524,2524,195
68259,0.0,891,891,91
68259,1.0,1110,1110,99
68260,0.0,847,847,77
68260,1.0,1070,1070,80
68261,0.0,1067,1067,97
68261,1.0,1341,1341,102
68262,0.0,1056,1056,97
68262,1.0,1335,1335,111
68263,0.0,1177,1177,108
68263,1.0,1487,1487,122
68264,0.0,1048,1048,109
68264,1.0,1315,1315,100
68265,0.0,715,715,72
68265,1.0,923,923,103
68266,0.0,1122,1122,102
68266,1.0,1397,1397,108
68267,0.0,1243,1243,113
68267,1.0,1573,1573,114
68268,0.0,1496,1496,141
68268,1.0,1895,1895,137
68270,0.0,770,770,70
68270,1.0,989,989,78
68271,0.0,840,840,84
68271,1.0,1061,1061,89
68272,0.0,1001,1001,96
68272,1.0,1264,1264,92
68273,0.0,1958,1958,179
68273,1.0,2470,2470,185
68275,0.0,1111,1111,101
68275,1.0,1406,1406,102
68276,0.0,1089,1089,103
68276,1.0,1356,1356,103
68277,0.0,1198,1198,119
68277,1.0,1505,1505,132
68278,0.0,1403,1403,138
68278,1.0,1777,1777,153
68279,0.0,1001,1001,91
68279,1.0,1241,1241,100
68280,0.0,484,484,48
68280,1.0,604,604,47
68281,0.0,1606,1606,159
68281,1.0,2030,2030,170
68282,0.0,1485,1485,144
68282,1.0,1865,1865,155
68283,0.0,1188,1188,110
68283,1.0,1495,1495,118
68284,0.0,1839,1839,185
68284,1.0,2301,2301,187
68285,0.0,1683,1683,159
68285,1.0,2130,2130,158
68286,0.0,1077,1077,129
68286,1.0,1355,1355,118
68287,0.0,792,792,89
68287,1.0,965,965,73
68288,0.0,620,620,80
68288,1.0,770,770,70
68289,0.0,429,429,39
68289,1.0,542,542,40
68290,0.0,781,781,79
68290,1.0,982,982,76
68291,0.0,2070,2070,213
68291,1.0,2637,2637,260
68292,0.0,1464,1464,141
68292,1.0,1851,1851,141
68293,0.0,880,880,80
68293,1.0,1104,1104,84
68294,0.0,825,825,75
68294,1.0,1048,1048,91
68295,0.0,2024,2024,190
68295,1.0,2561,2561,203
68296,0.0,1045,1045,95
68296,1.0,1317,1317,100
68297,0.0,1232,1232,112
68297,1.0,1541,1541,116
68298,0.0,1121,1121,141
68298,1.0,1410,1410,133
68299,0.0,2332,2332,242
68299,1.0,2941,2941,246
68300,0.0,1331,1331,122
68300,1.0,1678,1678,131
68301,0.0,1069,1069,102
68301,1.0,1345,1345,104
68302,0.0,1012,1012,96
68302,1.0,1270,1270,97
68303,0.0,1496,1496,140
68303,1.0,1884,1884,145
68304,0.0,1276,1276,126
68304,1.0,1590,1590,130
68305,0.0,1078,1078,108
68305,1.0,1358,1358,106
68306,0.0,1331,1331,122
68306,1.0,1671,1671,125
68307,0.0,1980,1980,182
68307,1.0,2505,2505,189
68308,0.0,1056,1056,96
68308,1.0,1302,1302,99
68309,0.0,1012,1012,92
68309,1.0,1275,1275,96
68310,0.0,1365,1365,146
68310,1.0,1698,1698,134
68311,0.0,1144,1144,120
68311,1.0,1451,1451,106
68312,0.0,1375,1375,141
68312,1.0,1735,1735,130
68313,0.0,1045,1045,105
68313,1.0,1298,1298,114
68314,0.0,1276,1276,125
68314,1.0,1603,1603,130
68315,0.0,1364,1364,128
68315,1.0,1729,1729,149
68316,0.0,572,572,66
68316,1.0,721,721,70
68317,0.0,1782,1782,169
68317,1.0,2240,2240,164
68318,0.0,968,968,101
68318,1.0,1205,1205,96
68319,0.0,1749,1749,160
68319,1.0,2199,2199,171
68320,0.0,484,484,48
68320,1.0,611,611,46
68321,0.0,1029,1029,109
68321,1.0,1288,1288,94
68322,0.0,1452,1452,134
68322,1.0,1830,1830,140
68323,0.0,1243,1243,114
68323,1.0,1569,1569,118
68324,0.0,1144,1144,106
68324,1.0,1435,1435,110
68325,0.0,1375,1375,126
68325,1.0,1729,1729,137
68326,0.0,1166,1166,110
68326,1.0,1466,1466,110
68327,0.0,946,946,92
68327,1.0,1183,1183,101
68328,0.0,1232,1232,113
68328,1.0,1547,1547,117
68329,0.0,1117,1117,141
68329,1.0,1401,1401,125
68330,0.0,1172,1172,122
68330,1.0,1462,1462,121
68331,0.0,1619,1619,163
68331,1.0,2035,2035,163
68332,0.0,1265,1265,143
68332,1.0,1597,1597,122
68333,0.0,836,836,76
68333,1.0,1048,1048,84
68334,0.0,1100,1100,106
68334,1.0,1366,1366,102
68335,0.0,776,776,91
68335,1.0,972,972,77
68336,0.0,992,992,94
68336,1.0,1269,1269,94
68337,0.0,1067,1067,108
68337,1.0,1339,1339,112
68338,0.0,605,605,55
68338,1.0,769,769,55
68339,0.0,1164,1164,119
68339,1.0,1444,1444,130
68340,0.0,341,341,41
68340,1.0,430,430,46
68341,0.0,1738,1738,159
68341,1.0,2199,2199,183
68342,0.0,713,713,83
68342,1.0,874,874,69
68343,0.0,2211,2211,207
68343,1.0,2792,2792,213
68344,0.0,550,550,50
68344,1.0,690,690,50
68345,0.0,880,880,83
68345,1.0,1113,1113,92
68346,0.0,1701,1701,169
68346,1.0,2126,2126,158
68347,0.0,1214,1214,124
68347,1.0,1515,1515,121
68348,0.0,550,550,50
68348,1.0,691,691,52
68349,0.0,286,286,36
68349,1.0,356,356,39
68350,0.0,968,968,101
68350,1.0,1207,1207,92
68351,0.0,583,583,53
68351,1.0,736,736,54
68352,0.0,1749,1749,159
68352,1.0,2198,2198,175
68353,0.0,990,990,93
68353,1.0,1245,1245,93
68354,0.0,781,781,80
68354,1.0,979,979,85
68355,0.0,923,923,103
68355,1.0,1182,1182,118
68356,0.0,715,715,65
68356,1.0,901,901,67
68357,0.0,2453,2453,237
68357,1.0,3102,3102,231
68358,0.0,622,622,72
68358,1.0,766,766,70
68359,0.0,1078,1078,98
68359,1.0,1337,1337,102
68360,0.0,1041,1041,112
68360,1.0,1285,1285,95
68361,0.0,1584,1584,151
68361,1.0,1972,1972,147
68362,0.0,1144,1144,104
68362,1.0,1446,1446,115
68363,0.0,539,539,49
68363,1.0,681,681,49
68364,0.0,1254,1254,124
68364,1.0,1574,1574,144
68365,0.0,1067,1067,97
68365,1.0,1351,1351,103
68366,0.0,1067,1067,110
68366,1.0,1347,1347,110
68367,0.0,759,759,73
68367,1.0,965,965,70
68368,0.0,1364,1364,139
68368,1.0,1711,1711,148
68369,0.0,880,880,80
68369,1.0,1116,1116,81
68370,0.0,1287,1287,117
68370,1.0,1613,1613,124
68371,0.0,858,858,78
68371,1.0,1085,1085,82
68372,0.0,1463,1463,133
68372,1.0,1844,1844,135
68373,0.0,902,902,82
68373,1.0,1139,1139,82
68374,0.0,753,753,92
68374,1.0,926,926,77
68375,0.0,825,825,81
68375,1.0,1043,1043,78
68376,0.0,1067,1067,106
68376,1.0,1345,1345,101
68377,0.0,1210,1210,111
68377,1.0,1524,1524,128
68378,0.0,1299,1299,130
68378,1.0,1632,1632,135
68379,0.0,1298,1298,130
68379,1.0,1641,1641,119
68380,0.0,1023,1023,102
68380,1.0,1283,1283,97
68381,0.0,1305,1305,136
68381,1.0,1610,1610,122
68382,0.0,923,923,103
68382,1.0,1133,1133,98
68383,0.0,606,606,72
68383,1.0,736,736,61
68384,0.0,473,473,49
68384,1.0,593,593,44
68385,0.0,968,968,90
68385,1.0,1206,1206,95
68386,0.0,1166,1166,109
68386,1.0,1471,1471,111
68387,0.0,1203,1203,126
68387,1.0,1511,1511,116
68388,0.0,1331,1331,121
68388,1.0,1671,1671,125
68389,0.0,1210,1210,110
68389,1.0,1536,1536,112
68390,0.0,1100,1100,101
68390,1.0,1397,1397,122
68391,0.0,759,759,73
68391,1.0,952,952,76
68392,0.0,869,869,79
68392,1.0,1103,1103,97
68393,0.0,957,957,88
68393,1.0,1211,1211,88
68394,0.0,1001,1001,104
68394,1.0,1274,1274,115
68395,0.0,660,660,67
68395,1.0,820,820,63
68396,0.0,1265,1265,125
68396,1.0,1578,1578,131
68397,0.0,1529,1529,141
68397,1.0,1924,1924,158
68398,0.0,961,961,95
68398,1.0,1206,1206,100
68399,0.0,598,598,68
68399,1.0,752,752,60
68400,0.0,1342,1342,125
68400,1.0,1689,1689,128
68401,0.0,1146,1146,106
68401,1.0,1453,1453,127
68402,0.0,1330,1330,128
68402,1.0,1702,1702,153
68403,0.0,1716,1716,157
68403,1.0,2176,2176,164
68404,0.0,1276,1276,120
68404,1.0,1600,1600,123
68405,0.0,1441,1441,157
68405,1.0,1781,1781,146
68406,0.0,880,880,91
68406,1.0,1094,1094,95
68407,0.0,806,806,88
68407,1.0,981,981,81
68408,0.0,1529,1529,165
68408,1.0,1921,1921,164
68409,0.0,1067,1067,107
68409,1.0,1326,1326,122
68410,0.0,1129,1129,119
68410,1.0,1413,1413,129
68411,0.0,1056,1056,100
68411,1.0,1341,1341,128
68412,0.0,1278,1278,122
68412,1.0,1608,1608,124
68413,0.0,954,954,102
68413,1.0,1196,1196,91
68414,0.0,1320,1320,123
68414,1.0,1668,1668,126
68415,0.0,1265,1265,117
68415,1.0,1591,1591,123
68416,0.0,1804,1804,165
68416,1.0,2283,2283,169
68417,0.0,1001,1001,95
68417,1.0,1266,1266,96
68418,0.0,1037,1037,107
68418,1.0,1278,1278,98
68419,0.0,1573,1573,143
68419,1.0,1975,1975,147
68420,0.0,1485,1485,155
68420,1.0,1855,1855,143
68421,0.0,1452,1452,144
68421,1.0,1828,1828,137
68422,0.0,1605,1605,157
68422,1.0,2000,2000,161
68423,0.0,605,605,56
68423,1.0,761,761,66
68424,0.0,1331,1331,129
68424,1.0,1674,1674,145
68425,0.0,1496,1496,136
68425,1.0,1888,1888,141
68426,0.0,1529,1529,148
68426,1.0,1918,1918,151
68427,0.0,1474,1474,139
68427,1.0,1842,1842,149
68428,0.0,1338,1338,157
68428,1.0,1675,1675,144
68429,0.0,484,484,44
68429,1.0,606,606,45
68430,0.0,1584,1584,144
68430,1.0,1993,1993,152
68431,0.0,1024,1024,108
68431,1.0,1276,1276,108
68432,0.0,1111,1111,101
68432,1.0,1385,1385,111
68433,0.0,1727,1727,159
68433,1.0,2185,2185,165
68434,0.0,1672,1672,156
68434,1.0,2074,2074,161
68435,0.0,1710,1710,184
68435,1.0,2164,2164,190
68436,0.0,1309,1309,119
68436,1.0,1656,1656,125
68437,0.0,1012,1012,92
68437,1.0,1277,1277,97
68438,0.0,1804,1804,167
68438,1.0,2285,2285,172
68439,0.0,1496,1496,152
68439,1.0,1877,1877,156
68440,0.0,1155,1155,108
68440,1.0,1460,1460,119
68441,0.0,561,561,59
68441,1.0,706,706,53
68442,0.0,1144,1144,129
68442,1.0,1444,1444,111
68443,0.0,929,929,103
68443,1.0,1148,1148,91
68444,0.0,1133,1133,105
68444,1.0,1426,1426,109
68445,0.0,1353,1353,128
68445,1.0,1706,1706,135
68446,0.0,1001,1001,93
68446,1.0,1251,1251,93
68447,0.0,1309,1309,119
68447,1.0,1634,1634,130
68448,0.0,1629,1629,189
68448,1.0,2081,2081,206
68449,0.0,931,931,111
68449,1.0,1164,1164,112
68450,0.0,506,506,54
68450,1.0,645,645,63
68451,0.0,1421,1421,148
68451,1.0,1805,1805,149
68452,0.0,1298,1298,128
68452,1.0,1613,1613,125
68453,0.0,1595,1595,146
68453,1.0,2008,2008,149
68454,0.0,957,957,97
68454,1.0,1185,1185,94
68455,0.0,1375,1375,131
68455,1.0,1738,1738,126
68456,0.0,1694,1694,165
68456,1.0,2127,2127,171
68457,0.0,1969,1969,190
68457,1.0,2474,2474,186
68458,0.0,1584,1584,152
68458,1.0,2002,2002,149
68459,0.0,1751,1751,189
68459,1.0,2179,2179,175
68460,0.0,1286,1286,156
68460,1.0,1620,1620,155
68461,0.0,891,891,81
68461,1.0,1111,1111,89
68462,0.0,632,632,76
68462,1.0,777,777,58
68463,0.0,1562,1562,153
68463,1.0,1970,1970,161
68464,0.0,1058,1058,109
68464,1.0,1310,1310,106
68465,0.0,935,935,86
68465,1.0,1177,1177,92
68466,0.0,539,539,59
68466,1.0,665,665,56
68467,0.0,715,715,65
68467,1.0,900,900,76
68468,0.0,671,671,61
68468,1.0,848,848,63
68469,0.0,605,605,55
68469,1.0,764,764,68
68470,0.0,1320,1320,149
68470,1.0,1645,1645,137
68471,0.0,913,913,91
68471,1.0,1164,1164,97
68472,0.0,1166,1166,108
68472,1.0,1454,1454,114
68473,0.0,759,759,76
68473,1.0,958,958,76
68474,0.0,851,851,83
68474,1.0,1082,1082,95
68475,0.0,1232,1232,119
68475,1.0,1526,1526,118
68476,0.0,1111,1111,106
68476,1.0,1363,1363,105
68477,0.0,1155,1155,110
68477,1.0,1447,1447,123
68478,0.0,1843,1843,172
68478,1.0,2308,2308,176
68480,0.0,1022,1022,108
68480,1.0,1280,1280,92
68481,0.0,1173,1173,133
68481,1.0,1466,1466,137
68482,0.0,2045,2045,207
68482,1.0,2578,2578,203
68483,0.0,957,957,92
68483,1.0,1200,1200,92
68484,0.0,880,880,88
68484,1.0,1099,1099,85
68485,0.0,1582,1582,159
68485,1.0,1965,1965,174
68486,0.0,1440,1440,140
68486,1.0,1801,1801,141
68487,0.0,902,902,86
68487,1.0,1125,1125,88
68488,0.0,1529,1529,139
68488,1.0,1927,1927,149
68489,0.0,957,957,88
68489,1.0,1198,1198,93
68490,0.0,957,957,87
68490,1.0,1214,1214,94
68491,0.0,684,684,92
68491,1.0,834,834,76
68492,0.0,1496,1496,147
68492,1.0,1886,1886,153
68493,0.0,1347,1347,142
68493,1.0,1687,1687,144
68494,0.0,1100,1100,100
68494,1.0,1376,1376,112
68495,0.0,528,528,49
68495,1.0,661,661,54
68496,0.0,495,495,46
68496,1.0,624,624,46
68497,0.0,1078,1078,111
68497,1.0,1369,1369,100
68498,0.0,594,594,59
68498,1.0,736,736,62
68499,0.0,1083,1083,115
68499,1.0,1347,1347,110
68500,0.0,1166,1166,112
68500,1.0,1457,1457,114
68501,0.0,1035,1035,103
68501,1.0,1316,1316,97
68502,0.0,1287,1287,117
68502,1.0,1614,1614,127
68503,0.0,1012,1012,97
68503,1.0,1276,1276,98
68504,0.0,1386,1386,126
68504,1.0,1753,1753,128
68505,0.0,573,573,71
68505,1.0,709,709,64
68506,0.0,2200,2200,201
68506,1.0,2746,2746,207
68507,0.0,847,847,87
68507,1.0,1054,1054,85
68509,0.0,1287,1287,118
68509,1.0,1619,1619,120
68510,0.0,1276,1276,130
68510,1.0,1604,1604,124
68511,0.0,1166,1166,116
68511,1.0,1461,1461,112
68512,0.0,1210,1210,140
68512,1.0,1504,1504,126
68513,0.0,1848,1848,174
68513,1.0,2345,2345,171
68514,0.0,785,785,85
68514,1.0,967,967,84
68515,0.0,935,935,85
68515,1.0,1170,1170,94
68516,0.0,1383,1383,139
68516,1.0,1722,1722,146
68517,0.0,1188,1188,112
68517,1.0,1495,1495,114
68518,0.0,880,880,80
68518,1.0,1112,1112,82
68519,0.0,1014,1014,122
68519,1.0,1253,1253,94
68520,0.0,805,805,83
68520,1.0,1007,1007,77
68521,0.0,913,913,83
68521,1.0,1145,1145,88
68522,0.0,1771,1771,163
68522,1.0,2237,2237,172
68523,0.0,923,923,99
68523,1.0,1137,1137,101
68524,0.0,1078,1078,106
68524,1.0,1356,1356,104
68525,0.0,770,770,74
68525,1.0,973,973,72
68526,0.0,1233,1233,121
68526,1.0,1563,1563,118
68527,0.0,704,704,67
68527,1.0,868,868,70
68528,0.0,790,790,93
68528,1.0,978,978,83
68529,0.0,963,963,102
68529,1.0,1216,1216,99
68530,0.0,1441,1441,131
68530,1.0,1808,1808,138
68531,0.0,1199,1199,117
68531,1.0,1518,1518,110
68532,0.0,840,840,80
68532,1.0,1077,1077,103
68533,0.0,1298,1298,118
68533,1.0,1633,1633,123
68534,0.0,1683,1683,158
68534,1.0,2127,2127,164
68535,0.0,976,976,106
68535,1.0,1226,1226,103
68536,0.0,825,825,75
68536,1.0,1037,1037,80
68537,0.0,1397,1397,128
68537,1.0,1774,1774,136
68538,0.0,1366,1366,127
68538,1.0,1714,1714,143
68539,0.0,951,951,103
68539,1.0,1221,1221,140
68540,0.0,847,847,89
68540,1.0,1055,1055,82
68541,0.0,1397,1397,130
68541,1.0,1749,1749,133
68542,0.0,902,902,82
68542,1.0,1127,1127,88
68543,0.0,561,561,51
68543,1.0,704,704,55
68544,0.0,1020,1020,109
68544,1.0,1280,1280,92
68545,0.0,1452,1452,133
68545,1.0,1809,1809,144
68546,0.0,1221,1221,115
68546,1.0,1523,1523,127
68547,0.0,759,759,82
68547,1.0,953,953,73
68548,0.0,1221,1221,111
68548,1.0,1536,1536,114
68549,0.0,715,715,66
68549,1.0,904,904,70
68550,0.0,1027,1027,109
68550,1.0,1294,1294,108
68551,0.0,1177,1177,110
68551,1.0,1474,1474,116
68552,0.0,1067,1067,102
68552,1.0,1343,1343,107
68553,0.0,1177,1177,107
68553,1.0,1494,1494,128
68554,0.0,1526,1526,156
68554,1.0,1912,1912,153
68555,0.0,1342,1342,122
68555,1.0,1683,1683,131
68556,0.0,1848,1848,169
68556,1.0,2340,2340,177
68557,0.0,1001,1001,104
68557,1.0,1255,1255,100
68558,0.0,1171,1171,125
68558,1.0,1468,1468,114
68559,0.0,924,924,84
68559,1.0,1161,1161,85
68560,0.0,1155,1155,105
68560,1.0,1451,1451,115
68561,0.0,1155,1155,105
68561,1.0,1443,1443,115
68562,0.0,1386,1386,127
68562,1.0,1739,1739,129
68563,0.0,1661,1661,156
68563,1.0,2102,2102,169
68565,0.0,1485,1485,141
68565,1.0,1865,1865,143
68566,0.0,1672,1672,162
68566,1.0,2090,2090,166
68567,0.0,858,858,78
68567,1.0,1071,1071,81
68568,0.0,935,935,86
68568,1.0,1187,1187,88
68569,0.0,1188,1188,113
68569,1.0,1505,1505,112
68570,0.0,1078,1078,99
68570,1.0,1362,1362,103
68571,0.0,1419,1419,142
68571,1.0,1788,1788,146
68572,0.0,638,638,59
68572,1.0,807,807,59
68573,0.0,1062,1062,112
68573,1.0,1332,1332,101
68574,0.0,1111,1111,104
68574,1.0,1415,1415,129
68575,0.0,991,991,107
68575,1.0,1241,1241,107
68576,0.0,1476,1476,164
68576,1.0,1870,1870,170
68577,0.0,803,803,79
68577,1.0,1009,1009,77
68578,0.0,858,858,78
68578,1.0,1073,1073,81
68579,0.0,1379,1379,151
68579,1.0,1712,1712,135
68580,0.0,1408,1408,141
68580,1.0,1781,1781,144
68581,0.0,1522,1522,144
68581,1.0,1898,1898,154
68582,0.0,1408,1408,135
68582,1.0,1760,1760,131
68583,0.0,1727,1727,159
68583,1.0,2178,2178,161
68584,0.0,1485,1485,143
68584,1.0,1879,1879,136
68585,0.0,561,561,51
68585,1.0,705,705,54
68586,0.0,554,554,54
68586,1.0,711,711,76
68587,0.0,1333,1333,125
68587,1.0,1674,1674,127
68588,0.0,1728,1728,170
68588,1.0,2160,2160,161
68589,0.0,1233,1233,132
68589,1.0,1549,1549,130
68590,0.0,822,822,110
68590,1.0,1031,1031,77
68591,0.0,935,935,90
68591,1.0,1179,1179,88
68592,0.0,1509,1509,167
68592,1.0,1869,1869,161
68593,0.0,1522,1522,162
68593,1.0,1895,1895,149
68594,0.0,1331,1331,122
68594,1.0,1671,1671,124
68595,0.0,869,869,80
68595,1.0,1091,1091,89
68596,0.0,1244,1244,135
68596,1.0,1583,1583,123
68597,0.0,883,883,85
68597,1.0,1112,1112,98
68598,0.0,979,979,94
68598,1.0,1230,1230,94
68599,0.0,789,789,82
68599,1.0,1006,1006,99
68600,0.0,884,884,89
68600,1.0,1127,1127,93
68602,0.0,1231,1231,127
68602,1.0,1546,1546,125
68603,0.0,998,998,108
68603,1.0,1255,1255,97
68604,0.0,1397,1397,135
68604,1.0,1738,1738,131
68605,0.0,1122,1122,108
68605,1.0,1404,1404,107
68606,0.0,1295,1295,136
68606,1.0,1632,1632,137
68607,0.0,1177,1177,118
68607,1.0,1501,1501,124
68608,0.0,1386,1386,135
68608,1.0,1747,1747,135
68609,0.0,2057,2057,193
68609,1.0,2585,2585,196
68610,0.0,715,715,73
68610,1.0,900,900,68
68611,0.0,1230,1230,159
68611,1.0,1512,1512,139
68612,0.0,1518,1518,138
68612,1.0,1904,1904,143
68613,0.0,1742,1742,165
68613,1.0,2194,2194,179
68614,0.0,1364,1364,125
68614,1.0,1720,1720,143
68615,0.0,1419,1419,129
68615,1.0,1782,1782,144
68616,0.0,869,869,90
68616,1.0,1086,1086,85
68617,0.0,1242,1242,122
68617,1.0,1554,1554,129
68618,0.0,880,880,81
68618,1.0,1105,1105,85
68619,0.0,877,877,99
68619,1.0,1088,1088,98
68620,0.0,682,682,68
68620,1.0,850,850,66
68621,0.0,869,869,81
68621,1.0,1102,1102,100
68622,0.0,1298,1298,125
68622,1.0,1621,1621,133
68623,0.0,682,682,62
68623,1.0,855,855,67
68624,0.0,1127,1127,121
68624,1.0,1419,1419,134
68625,0.0,950,950,100
68625,1.0,1204,1204,109
68626,0.0,737,737,67
68626,1.0,938,938,67
68627,0.0,803,803,81
68627,1.0,1004,1004,73
68629,0.0,429,429,39
68629,1.0,532,532,42
68630,0.0,858,858,78
68630,1.0,1079,1079,78
68631,0.0,1210,1210,110
68631,1.0,1537,1537,111
68632,0.0,1254,1254,124
68632,1.0,1583,1583,131
68633,0.0,1496,1496,136
68633,1.0,1866,1866,142
68634,0.0,1525,1525,159
68634,1.0,1947,1947,181
68635,0.0,2299,2299,211
68635,1.0,2899,2899,224
68636,0.0,737,737,67
68636,1.0,920,920,78
68637,0.0,1832,1832,176
68637,1.0,2336,2336,223
68638,0.0,1232,1232,112
68638,1.0,1565,1565,119
68639,0.0,1122,1122,111
68639,1.0,1421,1421,105
68640,0.0,1173,1173,147
68640,1.0,1464,1464,143
68641,0.0,1276,1276,126
68641,1.0,1593,1593,126
68642,0.0,1179,1179,115
68642,1.0,1477,1477,124
68643,0.0,1738,1738,164
68643,1.0,2192,2192,170
68644,0.0,842,842,102
68644,1.0,1063,1063,108
68645,0.0,1146,1146,106
68645,1.0,1446,1446,120
68646,0.0,869,869,89
68646,1.0,1097,1097,92
68647,0.0,957,957,87
68647,1.0,1211,1211,88
68648,0.0,902,902,92
68648,1.0,1134,1134,89
68649,0.0,1057,1057,111
68649,1.0,1321,1321,101
68651,0.0,935,935,85
68651,1.0,1178,1178,91
68652,0.0,1782,1782,162
68652,1.0,2247,2247,173
68653,0.0,952,952,91
68653,1.0,1198,1198,94
68654,0.0,1182,1182,119
68654,1.0,1484,1484,128
68655,0.0,871,871,84
68655,1.0,1118,1118,103
68656,0.0,1463,1463,139
68656,1.0,1837,1837,152
68657,0.0,1562,1562,152
68657,1.0,1957,1957,155
68658,0.0,1001,1001,121
68658,1.0,1226,1226,108
68659,0.0,887,887,101
68659,1.0,1103,1103,85
68660,0.0,1342,1342,138
68660,1.0,1677,1677,130
68661,0.0,1650,1650,164
68661,1.0,2086,2086,159
68662,0.0,902,902,82
68662,1.0,1124,1124,92
68663,0.0,560,560,70
68663,1.0,689,689,70
68664,0.0,528,528,78
68664,1.0,636,636,55
68665,0.0,1100,1100,100
68665,1.0,1378,1378,104
68666,0.0,803,803,73
68666,1.0,1014,1014,81
68668,0.0,1001,1001,98
68668,1.0,1260,1260,96
68669,0.0,1001,1001,93
68669,1.0,1269,1269,95
68670,0.0,1507,1507,142
68670,1.0,1883,1883,143
68671,0.0,1287,1287,119
68671,1.0,1612,1612,119
68672,0.0,2090,2090,190
68672,1.0,2633,2633,197
68673,0.0,1474,1474,135
68673,1.0,1859,1859,142
68674,0.0,1177,1177,109
68674,1.0,1479,1479,112
68675,0.0,1560,1560,162
68675,1.0,1945,1945,171
68676,0.0,1166,1166,116
68676,1.0,1465,1465,127
68677,0.0,1199,1199,128
68677,1.0,1516,1516,120
68678,0.0,646,646,67
68678,1.0,805,805,72
68679,0.0,1298,1298,125
68679,1.0,1627,1627,126
68680,0.0,1265,1265,125
68680,1.0,1600,1600,131
68681,0.0,816,816,86
68681,1.0,1027,1027,76
68682,0.0,1914,1914,179
68682,1.0,2401,2401,183
68683,0.0,880,880,95
68683,1.0,1120,1120,91
68684,0.0,1529,1529,149
68684,1.0,1935,1935,163
68685,0.0,1133,1133,108
68685,1.0,1430,1430,106
68686,0.0,1551,1551,141
68686,1.0,1947,1947,149
68687,0.0,1309,1309,119
68687,1.0,1648,1648,124
68688,0.0,935,935,93
68688,1.0,1174,1174,85
68689,0.0,869,869,79
68689,1.0,1124,1124,101
68690,0.0,1441,1441,136
68690,1.0,1803,1803,149
68691,0.0,1034,1034,94
68691,1.0,1302,1302,100
68692,0.0,1485,1485,137
68692,1.0,1866,1866,143
68693,0.0,847,847,77
68693,1.0,1069,1069,79
68694,0.0,1254,1254,114
68694,1.0,1580,1580,116
68695,0.0,1397,1397,129
68695,1.0,1758,1758,137
68696,0.0,1500,1500,150
68696,1.0,1870,1870,154
68697,0.0,790,790,100
68697,1.0,963,963,75
68698,0.0,792,792,72
68698,1.0,988,988,75
68699,0.0,1078,1078,99
68699,1.0,1358,1358,105
68700,0.0,1683,1683,153
68700,1.0,2113,2113,158
68701,0.0,926,926,88
68701,1.0,1194,1194,92
68702,0.0,583,583,53
68702,1.0,758,758,71
68703,0.0,1485,1485,135
68703,1.0,1881,1881,138
68704,0.0,996,996,119
68704,1.0,1248,1248,120
68705,0.0,825,825,82
68705,1.0,1038,1038,80
68706,0.0,1001,1001,112
68706,1.0,1267,1267,112
68707,0.0,649,649,59
68707,1.0,816,816,59
68708,0.0,759,759,71
68708,1.0,947,947,69
68709,0.0,924,924,86
68709,1.0,1165,1165,92
68710,0.0,949,949,109
68710,1.0,1286,1286,187
68711,0.0,854,854,93
68711,1.0,1065,1065,101
68712,0.0,695,695,75
68712,1.0,859,859,66
68713,0.0,1848,1848,174
68713,1.0,2293,2293,175
68714,0.0,1815,1815,166
68714,1.0,2278,2278,173
68715,0.0,572,572,53
68715,1.0,731,731,67
68716,0.0,539,539,49
68716,1.0,702,702,60
68717,0.0,902,902,82
68717,1.0,1124,1124,96
68718,0.0,1056,1056,99
68718,1.0,1317,1317,105
68719,0.0,1573,1573,152
68719,1.0,1977,1977,154
68720,0.0,870,870,95
68720,1.0,1089,1089,87
68721,0.0,935,935,85
68721,1.0,1186,1186,96
68722,0.0,1738,1738,163
68722,1.0,2183,2183,168
68723,0.0,1554,1554,160
68723,1.0,1953,1953,154
68724,0.0,1232,1232,122
68724,1.0,1560,1560,129
68725,0.0,1172,1172,118
68725,1.0,1471,1471,107
68726,0.0,765,765,90
68726,1.0,989,989,109
68727,0.0,1535,1535,145
68727,1.0,1959,1959,169
68728,0.0,1771,1771,160
68728,1.0,2231,2231,169
68729,0.0,1661,1661,155
68729,1.0,2087,2087,160
68730,0.0,528,528,48
68730,1.0,668,668,51
68731,0.0,1331,1331,128
68731,1.0,1680,1680,127
68732,0.0,198,198,18
68732,1.0,244,244,18
68733,0.0,1749,1749,192
68733,1.0,2189,2189,178
68734,0.0,1023,1023,100
68734,1.0,1287,1287,95
68735,0.0,1408,1408,128
68735,1.0,1764,1764,134
68736,0.0,1254,1254,114
68736,1.0,1587,1587,116
68737,0.0,1056,1056,96
68737,1.0,1323,1323,99
68738,0.0,924,924,86
68738,1.0,1166,1166,86
68739,0.0,1185,1185,140
68739,1.0,1482,1482,136
68740,0.0,1662,1662,166
68740,1.0,2085,2085,155
68741,0.0,858,858,79
68741,1.0,1087,1087,89
68742,0.0,957,957,87
68742,1.0,1195,1195,92
68743,0.0,782,782,84
68743,1.0,964,964,73
68744,0.0,881,881,97
68744,1.0,1106,1106,96
68746,0.0,1133,1133,103
68746,1.0,1406,1406,110
68747,0.0,1069,1069,111
68747,1.0,1345,1345,104
68748,0.0,1364,1364,125
68748,1.0,1709,1709,138
68749,0.0,1199,1199,119
68749,1.0,1519,1519,125
68750,0.0,664,664,83
68750,1.0,813,813,78
68751,0.0,902,902,83
68751,1.0,1129,1129,94
68752,0.0,1144,1144,106
68752,1.0,1425,1425,114
68754,0.0,1364,1364,125
68754,1.0,1714,1714,133
68755,0.0,814,814,78
68755,1.0,1022,1022,78
68756,0.0,627,627,66
68756,1.0,790,790,69
68757,0.0,825,825,76
68757,1.0,1041,1041,84
68758,0.0,913,913,130
68758,1.0,1119,1119,122
68759,0.0,792,792,72
68759,1.0,997,997,76
68760,0.0,1496,1496,142
68760,1.0,1888,1888,147
68761,0.0,1045,1045,97
68761,1.0,1320,1320,98
68762,0.0,836,836,76
68762,1.0,1054,1054,77
68763,0.0,949,949,104
68763,1.0,1207,1207,114
68764,0.0,1287,1287,118
68764,1.0,1607,1607,124
68765,0.0,1815,1815,175
68765,1.0,2279,2279,183
68766,0.0,1374,1374,138
68766,1.0,1729,1729,147
68767,0.0,1012,1012,104
68767,1.0,1274,1274,95
68768,0.0,1595,1595,158
68768,1.0,2008,2008,164
68769,0.0,1837,1837,177
68769,1.0,2313,2313,183
68770,0.0,1342,1342,131
68770,1.0,1680,1680,136
68771,0.0,637,637,77
68771,1.0,784,784,65
68772,0.0,880,880,90
68772,1.0,1113,1113,81
68773,0.0,1155,1155,118
68773,1.0,1442,1442,108
68774,0.0,770,770,70
68774,1.0,957,957,76
68775,0.0,1639,1639,153
68775,1.0,2050,2050,156
68776,0.0,932,932,96
68776,1.0,1170,1170,102
68777,0.0,1232,1232,112
68777,1.0,1569,1569,125
68778,0.0,1207,1207,144
68778,1.0,1500,1500,135
68779,0.0,1638,1638,165
68779,1.0,2041,2041,158
68780,0.0,1377,1377,151
68780,1.0,1734,1734,144
68781,0.0,1221,1221,112
68781,1.0,1538,1538,115
68782,0.0,1001,1001,91
68782,1.0,1263,1263,99
68783,0.0,1584,1584,144
68783,1.0,1983,1983,173
68784,0.0,1303,1303,140
68784,1.0,1614,1614,133
68785,0.0,613,613,73
68785,1.0,765,765,67
68786,0.0,717,717,76
68786,1.0,895,895,68
68787,0.0,1276,1276,127
68787,1.0,1600,1600,123
68788,0.0,1078,1078,101
68788,1.0,1365,1365,100
68789,0.0,1137,1137,132
68789,1.0,1407,1407,128
68790,0.0,1485,1485,152
68790,1.0,1857,1857,156
68791,0.0,1225,1225,123
68791,1.0,1538,1538,124
68792,0.0,836,836,80
68792,1.0,1055,1055,79
68793,0.0,2024,2024,202
68793,1.0,2562,2562,195
68794,0.0,1342,1342,131
68794,1.0,1688,1688,133
68795,0.0,847,847,100
68795,1.0,1049,1049,94
68796,0.0,990,990,94
68796,1.0,1221,1221,100
68797,0.0,814,814,77
68797,1.0,1015,1015,74
68798,0.0,1166,1166,107
68798,1.0,1456,1456,113
68799,0.0,1540,1540,156
68799,1.0,1950,1950,161
68800,0.0,959,959,99
68800,1.0,1238,1238,112
68801,0.0,1067,1067,97
68801,1.0,1338,1338,102
68802,0.0,1507,1507,147
68802,1.0,1902,1902,154
68803,0.0,924,924,84
68803,1.0,1160,1160,87
68804,0.0,1276,1276,130
68804,1.0,1605,1605,123
68805,0.0,1441,1441,133
68805,1.0,1820,1820,136
68806,0.0,1004,1004,114
68806,1.0,1241,1241,114
68807,0.0,829,829,79
68807,1.0,1040,1040,90
68808,0.0,1375,1375,125
68808,1.0,1731,1731,136
68809,0.0,451,451,43
68809,1.0,566,566,45
68810,0.0,957,957,88
68810,1.0,1205,1205,100
68812,0.0,334,334,44
68812,1.0,414,414,32
68813,0.0,1012,1012,99
68813,1.0,1282,1282,103
68814,0.0,1133,1133,103
68814,1.0,1426,1426,107
68815,0.0,1539,1539,173
68815,1.0,1948,1948,178
68816,0.0,1265,1265,116
68816,1.0,1601,1601,131
68817,0.0,968,968,91
68817,1.0,1201,1201,92
68818,0.0,1478,1478,138
68818,1.0,1870,1870,168
68819,0.0,594,594,54
68819,1.0,738,738,57
68820,0.0,231,231,21
68820,1.0,291,291,25
68821,0.0,1430,1430,141
68821,1.0,1809,1809,160
68822,0.0,1089,1089,112
68822,1.0,1373,1373,102
68823,0.0,1695,1695,175
68823,1.0,2135,2135,185
68824,0.0,1694,1694,160
68824,1.0,2124,2124,168
68825,0.0,1412,1412,145
68825,1.0,1778,1778,143
68826,0.0,1892,1892,172
68826,1.0,2381,2381,185
68827,0.0,1166,1166,106
68827,1.0,1476,1476,110
68829,0.0,907,907,100
68829,1.0,1144,1144,110
68830,0.0,1507,1507,139
68830,1.0,1893,1893,143
68831,0.0,1694,1694,154
68831,1.0,2130,2130,166
68832,0.0,1529,1529,140
68832,1.0,1917,1917,149
68833,0.0,1155,1155,115
68833,1.0,1461,1461,111
68834,0.0,1048,1048,113
68834,1.0,1306,1306,99
68835,0.0,603,603,84
68835,1.0,739,739,76
68836,0.0,1067,1067,104
68836,1.0,1345,1345,103
68838,0.0,781,781,72
68838,1.0,986,986,74
68839,0.0,1309,1309,119
68839,1.0,1654,1654,124
68840,0.0,1122,1122,103
68840,1.0,1415,1415,113
68841,0.0,1639,1639,151
68841,1.0,2056,2056,153
68842,0.0,1409,1409,138
68842,1.0,1754,1754,149
68843,0.0,1040,1040,112
68843,1.0,1311,1311,97
68844,0.0,1373,1373,153
68844,1.0,1710,1710,148
68845,0.0,983,983,95
68845,1.0,1240,1240,102
68846,0.0,1221,1221,116
68846,1.0,1541,1541,114
68847,0.0,1478,1478,149
68847,1.0,1849,1849,151
68848,0.0,1067,1067,97
68848,1.0,1348,1348,102
68849,0.0,1221,1221,112
68849,1.0,1522,1522,117
68850,0.0,1045,1045,95
68850,1.0,1317,1317,99
68851,0.0,1342,1342,135
68851,1.0,1694,1694,135
68852,0.0,1468,1468,153
68852,1.0,1852,1852,156
68853,0.0,1431,1431,146
68853,1.0,1788,1788,153
68854,0.0,1001,1001,91
68854,1.0,1265,1265,96
68855,0.0,528,528,49
68855,1.0,672,672,50
68856,0.0,1276,1276,116
68856,1.0,1609,1609,133
68857,0.0,1507,1507,142
68857,1.0,1900,1900,143
68858,0.0,1320,1320,135
68858,1.0,1672,1672,136
68859,0.0,1397,1397,132
68859,1.0,1761,1761,130
68860,0.0,275,275,25
68860,1.0,346,346,28
68861,0.0,770,770,71
68861,1.0,976,976,76
68862,0.0,774,774,84
68862,1.0,970,970,74
68863,0.0,1500,1500,151
68863,1.0,1873,1873,155
68864,0.0,1265,1265,118
68864,1.0,1603,1603,119
68865,0.0,1514,1514,175
68865,1.0,1883,1883,156
68866,0.0,1815,1815,174
68866,1.0,2280,2280,177
68867,0.0,924,924,84
68867,1.0,1175,1175,86
68868,0.0,1551,1551,141
68868,1.0,1966,1966,161
68869,0.0,715,715,76
68869,1.0,904,904,73
68870,0.0,1738,1738,167
68870,1.0,2180,2180,171
68871,0.0,1111,1111,101
68871,1.0,1398,1398,107
68872,0.0,1254,1254,176
68872,1.0,1535,1535,145
68873,0.0,1331,1331,123
68873,1.0,1674,1674,131
68874,0.0,827,827,79
68874,1.0,1051,1051,92
68875,0.0,968,968,90
68875,1.0,1218,1218,92
68876,0.0,374,374,44
68876,1.0,466,466,38
68877,0.0,1804,1804,178
68877,1.0,2272,2272,183
68878,0.0,1089,1089,99
68878,1.0,1373,1373,110
68879,0.0,1364,1364,135
68879,1.0,1728,1728,129
68880,0.0,858,858,80
68880,1.0,1090,1090,106
68881,0.0,1001,1001,93
68881,1.0,1268,1268,91
68882,0.0,187,187,17
68882,1.0,234,234,19
68883,0.0,902,902,85
68883,1.0,1138,1138,90
68884,0.0,1584,1584,151
68884,1.0,2011,2011,150
68885,0.0,693,693,63
68885,1.0,872,872,63
68886,0.0,1430,1430,135
68886,1.0,1809,1809,137
68887,0.0,929,929,114
68887,1.0,1154,1154,101
68888,0.0,747,747,76
68888,1.0,923,923,71
68889,0.0,979,979,94
68889,1.0,1232,1232,92
68890,0.0,616,616,56
68890,1.0,780,780,56
68891,0.0,1221,1221,121
68891,1.0,1545,1545,115
68892,0.0,550,550,50
68892,1.0,679,679,57
68893,0.0,604,604,74
68893,1.0,754,754,73
68894,0.0,1793,1793,175
68894,1.0,2244,2244,174
68895,0.0,1331,1331,125
68895,1.0,1657,1657,131
68896,0.0,891,891,81
68896,1.0,1107,1107,87
68897,0.0,1099,1099,117
68897,1.0,1383,1383,102
68898,0.0,627,627,59
68898,1.0,777,777,58
68899,0.0,1089,1089,110
68899,1.0,1368,1368,131
68900,0.0,1347,1347,150
68900,1.0,1677,1677,131
68901,0.0,957,957,97
68901,1.0,1205,1205,103
68902,0.0,843,843,91
68902,1.0,1059,1059,83
68903,0.0,880,880,90
68903,1.0,1107,1107,89
68904,0.0,935,935,94
68904,1.0,1181,1181,89
68905,0.0,638,638,63
68905,1.0,802,802,60
68906,0.0,1155,1155,106
68906,1.0,1443,1443,112
68907,0.0,1496,1496,171
68907,1.0,1868,1868,158
68908,0.0,1749,1749,162
68908,1.0,2206,2206,167
68909,0.0,913,913,83
68909,1.0,1144,1144,84
68910,0.0,1045,1045,95
68910,1.0,1315,1315,101
68911,0.0,1452,1452,134
68911,1.0,1817,1817,137
68912,0.0,814,814,74
68912,1.0,1033,1033,77
68913,0.0,1590,1590,164
68913,1.0,1998,1998,160
68914,0.0,1441,1441,131
68914,1.0,1792,1792,139
68915,0.0,1683,1683,156
68915,1.0,2136,2136,181
68916,0.0,1144,1144,111
68916,1.0,1433,1433,112
68917,0.0,1300,1300,133
68917,1.0,1632,1632,128
68918,0.0,704,704,64
68918,1.0,886,886,67
68919,0.0,2508,2508,246
68919,1.0,3144,3144,247
68920,0.0,1207,1207,138
68920,1.0,1515,1515,144
68921,0.0,748,748,77
68921,1.0,950,950,77
68922,0.0,1844,1844,194
68922,1.0,2309,2309,184
68923,0.0,1056,1056,114
68923,1.0,1318,1318,114
68924,0.0,661,661,73
68924,1.0,838,838,66
68925,0.0,902,902,87
68925,1.0,1132,1132,86
68926,0.0,924,924,94
68926,1.0,1152,1152,87
68927,0.0,1513,1513,147
68927,1.0,1928,1928,171
68928,0.0,275,275,28
68928,1.0,346,346,25
68929,0.0,1254,1254,116
68929,1.0,1581,1581,119
68930,0.0,1133,1133,107
68930,1.0,1425,1425,109
68931,0.0,913,913,94
68931,1.0,1159,1159,84
68932,0.0,1466,1466,153
68932,1.0,1859,1859,144
68933,0.0,1199,1199,113
68933,1.0,1510,1510,112
68934,0.0,1606,1606,153
68934,1.0,2009,2009,156
68935,0.0,1265,1265,120
68935,1.0,1586,1586,121
68936,0.0,1128,1128,107
68936,1.0,1424,1424,108
68937,0.0,1727,1727,169
68937,1.0,2185,2185,167
68938,0.0,1452,1452,151
68938,1.0,1840,1840,135
68939,0.0,320,320,40
68939,1.0,396,396,43
68940,0.0,1101,1101,113
68940,1.0,1368,1368,101
68941,0.0,1309,1309,131
68941,1.0,1639,1639,125
68942,0.0,670,670,84
68942,1.0,819,819,84
68943,0.0,957,957,89
68943,1.0,1211,1211,89
68944,0.0,1291,1291,132
68944,1.0,1621,1621,121
68945,0.0,605,605,57
68945,1.0,769,769,72
68946,0.0,949,949,114
68946,1.0,1181,1181,105
68947,0.0,1155,1155,113
68947,1.0,1457,1457,108
68948,0.0,759,759,81
68948,1.0,959,959,74
68949,0.0,660,660,64
68949,1.0,831,831,60
68950,0.0,407,407,46
68950,1.0,507,507,38
68951,0.0,1078,1078,101
68951,1.0,1355,1355,120
68952,0.0,1261,1261,134
68952,1.0,1572,1572,122
68953,0.0,1479,1479,170
68953,1.0,1846,1846,181
68954,0.0,1606,1606,151
68954,1.0,2019,2019,157
68955,0.0,1694,1694,155
68955,1.0,2126,2126,159
68956,0.0,2065,2065,220
68956,1.0,2600,2600,219
68957,0.0,1122,1122,102
68957,1.0,1420,1420,105
68958,0.0,1903,1903,183
68958,1.0,2399,2399,192
68959,0.0,704,704,76
68959,1.0,886,886,78
68960,0.0,1210,1210,110
68960,1.0,1514,1514,111
68961,0.0,1265,1265,120
68961,1.0,1596,1596,123
68962,0.0,695,695,70
68962,1.0,873,873,69
68963,0.0,1848,1848,168
68963,1.0,2330,2330,193
68964,0.0,1137,1137,107
68964,1.0,1436,1436,134
68965,0.0,886,886,88
68965,1.0,1112,1112,95
68966,0.0,836,836,84
68966,1.0,1047,1047,78
68967,0.0,913,913,85
68967,1.0,1150,1150,97
68968,0.0,880,880,87
68968,1.0,1104,1104,97
68969,0.0,737,737,72
68969,1.0,934,934,82
68970,0.0,996,996,106
68970,1.0,1270,1270,114
68971,0.0,418,418,45
68971,1.0,530,530,40
68972,0.0,803,803,83
68972,1.0,1019,1019,73
68973,0.0,533,533,64
68973,1.0,651,651,62
68974,0.0,462,462,42
68974,1.0,563,563,47
68975,0.0,1042,1042,132
68975,1.0,1276,1276,108
68976,0.0,1232,1232,122
68976,1.0,1554,1554,114
68977,0.0,693,693,65
68977,1.0,870,870,80
68978,0.0,957,957,97
68978,1.0,1199,1199,93
68979,0.0,1628,1628,150
68979,1.0,2027,2027,164
68980,0.0,671,671,71
68980,1.0,841,841,63
68981,0.0,1096,1096,105
68981,1.0,1365,1365,116
68982,0.0,958,958,111
68982,1.0,1180,1180,111
68983,0.0,1017,1017,102
68983,1.0,1259,1259,119
68984,0.0,847,847,86
68984,1.0,1062,1062,92
68985,0.0,1650,1650,161
68985,1.0,2071,2071,158
68986,0.0,1419,1419,138
68986,1.0,1778,1778,136
68987,0.0,695,695,75
68987,1.0,882,882,78
68988,0.0,1297,1297,127
68988,1.0,1667,1667,161
68989,0.0,1623,1623,159
68989,1.0,2056,2056,193
68990,0.0,1188,1188,115
68990,1.0,1494,1494,132
68991,0.0,1221,1221,118
68991,1.0,1535,1535,138
68992,0.0,1705,1705,165
68992,1.0,2153,2153,165
68993,0.0,684,684,74
68993,1.0,854,854,76
68994,0.0,726,726,66
68994,1.0,910,910,75
68995,0.0,440,440,80
68995,1.0,527,527,65
68996,0.0,1430,1430,143
68996,1.0,1791,1791,132
68997,0.0,1045,1045,105
68997,1.0,1317,1317,116
68998,0.0,1342,1342,131
68998,1.0,1706,1706,139
68999,0.0,1397,1397,130
68999,1.0,1764,1764,131
69000,0.0,1012,1012,94
69000,1.0,1269,1269,99
