track_idx,event_id,n_hits,n_obs,kx,ky,kz,k_sr,k_helix,old_log_ratio,old_chi2nu_sr,old_chi2nu_helix,chi2_sr_total_recovered,chi2_helix_total_recovered,chi2nu_sr_K,chi2nu_helix_K,log_ratio_K,eq_x,eq_y,eq_z,dof_sr_raw,underconstrained,sr_like
0,event65050_track174-hits,49,147,39,39,39,117,5,-0.3521041604120575,49.9262973688437,70.99802258462563,7289.23941585118,10436.709319939968,242.97464719503932,73.49795295732372,1.1956995504566479,$x(s) = a_{1} \operatorname{asin}{\left(\cos{\left(a_{10} + \operatorname{acos}{\left(s \right)} \right)} \right)} + a_{15} \tanh{\left(\left(a_{28} + a_{5} s\right) \sin{\left(a_{38} s \right)} \right)} + a_{17} \cos{\left(a_{36} s \right)} + a_{2} \sin{\left(\cos{\left(a_{11} + a_{27} s \right)} \right)} + a_{21} \cos{\left(a_{33} s \right)} + a_{22} \sin{\left(s \left(a_{0} + \operatorname{acos}{\left(s \right)}\right) \right)} + a_{24} \sin{\left(a_{35} s \right)} + a_{8} \sin{\left(a_{34} s \right)} + \left(a_{13} + a_{18} s\right) \cos{\left(a_{20} + \left(a_{37} + a_{4} s\right) \left(s - 2\right) \right)} + \left(a_{30} s + a_{32}\right) \left(4 s \left(a_{25} + a_{3} s \operatorname{asin}{\left(\operatorname{asin}{\left(\tanh{\left(s \right)} \right)} \right)} + a_{6} \sqrt{s + \operatorname{asin}{\left(s \right)}} + 4 s \left(a_{16} + s\right) \left(a_{12} \sqrt{1 - s^{2}} + a_{23} s \tanh{\left(\sin{\left(4 s \right)} \right)} + a_{26}\right)\right) + \left(a_{9} + 2 s\right) \left(a_{14} \sin{\left(a_{29} s \right)} + a_{19} \sqrt{s} + a_{7}\right) - \tanh{\left(\operatorname{asin}{\left(\operatorname{sech}{\left(a_{31} s \right)} \right)} \right)}\right)$,$y(s) = a_{1} \sin{\left(\cos{\left(a_{27} s + a_{7} \right)} \right)} + a_{12} \cos{\left(a_{36} s \right)} + a_{14} \cos{\left(a_{31} s \right)} + a_{20} \sin{\left(s \left(a_{0} + \operatorname{acos}{\left(s \right)}\right) \right)} + a_{23} \sin{\left(a_{34} s \right)} + a_{33} \operatorname{acos}{\left(\cos{\left(a_{8} + \operatorname{acos}{\left(s \right)} \right)} \right)} + a_{6} \sin{\left(a_{35} s \right)} - \left(a_{19} + a_{9} s\right) \cos{\left(a_{5} + \left(s - 2\right) \left(a_{3} s + a_{37}\right) \right)} + \left(a_{13} s + a_{16}\right) \tanh{\left(64 s - 64 \sin{\left(a_{38} s \right)} \right)} + \left(a_{30} s + a_{32}\right) \left(4 s \left(a_{2} s \operatorname{asin}{\left(\operatorname{acos}{\left(\operatorname{sech}{\left(s \right)} \right)} \right)} + a_{25} + a_{26} s \left(a_{22} + s\right) \left(a_{11} \sqrt{1 - s^{2}} + a_{15} s \tanh{\left(\sin{\left(4 s \right)} \right)} + a_{24}\right) + a_{4} \sqrt{s + \operatorname{asin}{\left(s \right)}}\right) - \left(a_{21} s - 1\right) \left(a_{10} \sin{\left(a_{28} s \right)} + a_{17} + \sqrt{s} \left(a_{18} + s\right)\right) - \tanh{\left(\operatorname{asin}{\left(\operatorname{sech}{\left(a_{29} s \right)} \right)} \right)}\right)$,$x(s) = a_{1} \operatorname{asin}{\left(\cos{\left(a_{10} + \operatorname{acos}{\left(s \right)} \right)} \right)} + a_{15} \tanh{\left(\left(a_{28} + a_{5} s\right) \sin{\left(a_{38} s \right)} \right)} + a_{17} \cos{\left(a_{36} s \right)} + a_{2} \sin{\left(\cos{\left(a_{11} + a_{27} s \right)} \right)} + a_{21} \cos{\left(a_{33} s \right)} + a_{22} \sin{\left(s \left(a_{0} + \operatorname{acos}{\left(s \right)}\right) \right)} + a_{24} \sin{\left(a_{35} s \right)} + a_{8} \sin{\left(a_{34} s \right)} + \left(a_{13} + a_{18} s\right) \cos{\left(a_{20} + \left(a_{37} + a_{4} s\right) \left(s - 2\right) \right)} + \left(a_{30} s + a_{32}\right) \left(4 s \left(a_{25} + a_{3} s \operatorname{asin}{\left(\operatorname{asin}{\left(\tanh{\left(s \right)} \right)} \right)} + a_{6} \sqrt{s + \operatorname{asin}{\left(s \right)}} + 4 s \left(a_{16} + s\right) \left(a_{12} \sqrt{1 - s^{2}} + a_{23} s \tanh{\left(\sin{\left(4 s \right)} \right)} + a_{26}\right)\right) + \left(a_{9} + 2 s\right) \left(a_{14} \sin{\left(a_{29} s \right)} + a_{19} \sqrt{s} + a_{7}\right) - \tanh{\left(\operatorname{asin}{\left(\operatorname{sech}{\left(a_{31} s \right)} \right)} \right)}\right)$,30,False,False
1,event65142_track101-hits,50,150,39,39,42,120,5,1.702649566129995,0.7214684625225779,0.13145164957183486,107.49880091586411,19.71774743577523,3.583293363862137,0.13598446507431194,3.2714969387376174,$x(s) = a_{1} \operatorname{asin}{\left(\cos{\left(a_{10} + \operatorname{acos}{\left(s \right)} \right)} \right)} + a_{15} \tanh{\left(\left(a_{28} + a_{5} s\right) \sin{\left(a_{38} s \right)} \right)} + a_{17} \cos{\left(a_{36} s \right)} + a_{2} \sin{\left(\cos{\left(a_{11} + a_{27} s \right)} \right)} + a_{21} \cos{\left(a_{33} s \right)} + a_{22} \sin{\left(s \left(a_{0} + \operatorname{acos}{\left(s \right)}\right) \right)} + a_{24} \sin{\left(a_{35} s \right)} + a_{8} \sin{\left(a_{34} s \right)} + \left(a_{13} + a_{18} s\right) \cos{\left(a_{20} + \left(a_{37} + a_{4} s\right) \left(s - 2\right) \right)} + \left(a_{30} s + a_{32}\right) \left(4 s \left(a_{25} + a_{3} s \operatorname{asin}{\left(\operatorname{asin}{\left(\tanh{\left(s \right)} \right)} \right)} + a_{6} \sqrt{s + \operatorname{asin}{\left(s \right)}} + 4 s \left(a_{16} + s\right) \left(a_{12} \sqrt{1 - s^{2}} + a_{23} s \tanh{\left(\sin{\left(4 s \right)} \right)} + a_{26}\right)\right) + \left(a_{9} + 2 s\right) \left(a_{14} \sin{\left(a_{29} s \right)} + a_{19} \sqrt{s} + a_{7}\right) - \tanh{\left(\operatorname{asin}{\left(\operatorname{sech}{\left(a_{31} s \right)} \right)} \right)}\right)$,$x(s) = a_{1} \operatorname{asin}{\left(\cos{\left(a_{10} + \operatorname{acos}{\left(s \right)} \right)} \right)} + a_{15} \tanh{\left(\left(a_{28} + a_{5} s\right) \sin{\left(a_{38} s \right)} \right)} + a_{17} \cos{\left(a_{36} s \right)} + a_{2} \sin{\left(\cos{\left(a_{11} + a_{27} s \right)} \right)} + a_{21} \cos{\left(a_{33} s \right)} + a_{22} \sin{\left(s \left(a_{0} + \operatorname{acos}{\left(s \right)}\right) \right)} + a_{24} \sin{\left(a_{35} s \right)} + a_{8} \sin{\left(a_{34} s \right)} + \left(a_{13} + a_{18} s\right) \cos{\left(a_{20} + \left(a_{37} + a_{4} s\right) \left(s - 2\right) \right)} + \left(a_{30} s + a_{32}\right) \left(4 s \left(a_{25} + a_{3} s \operatorname{asin}{\left(\operatorname{asin}{\left(\tanh{\left(s \right)} \right)} \right)} + a_{6} \sqrt{s + \operatorname{asin}{\left(s \right)}} + 4 s \left(a_{16} + s\right) \left(a_{12} \sqrt{1 - s^{2}} + a_{23} s \tanh{\left(\sin{\left(4 s \right)} \right)} + a_{26}\right)\right) + \left(a_{9} + 2 s\right) \left(a_{14} \sin{\left(a_{29} s \right)} + a_{19} \sqrt{s} + a_{7}\right) - \tanh{\left(\operatorname{asin}{\left(\operatorname{sech}{\left(a_{31} s \right)} \right)} \right)}\right)$,$z(s) = a_{1} \operatorname{asin}{\left(\cos{\left(a_{10} + \operatorname{acos}{\left(s \right)} \right)} \right)} + a_{19} \cos{\left(a_{39} s \right)} + a_{2} \sin{\left(\cos{\left(a_{11} + a_{30} s \right)} \right)} + a_{24} \cos{\left(a_{36} s \right)} + a_{25} \sin{\left(s \left(a_{0} + \operatorname{acos}{\left(s \right)}\right) \right)} + a_{26} \sin{\left(a_{38} s \right)} + a_{8} \sin{\left(a_{37} s \right)} + \left(a_{13} + a_{20} s\right) \cos{\left(a_{22} + \left(s - 2\right) \left(a_{4} s + a_{40}\right) \right)} + \left(a_{17} s + a_{18}\right) \tanh{\left(\left(a_{15} - \sin{\left(a_{41} s \right)}\right) \left(a_{32} + a_{5} s\right) \right)} + \left(a_{34} s + a_{35}\right) \left(4 s \left(a_{28} + a_{29} s \left(a_{16} + s\right) \left(a_{12} \sqrt{1 - s^{2}} + a_{23} s \tanh{\left(\sin{\left(4 s \right)} \right)} + a_{27}\right) + a_{3} s \operatorname{asin}{\left(\operatorname{asin}{\left(\tanh{\left(s \right)} \right)} \right)} + a_{6} \sqrt{s + \operatorname{asin}{\left(s \right)}}\right) + \left(a_{9} + 2 s\right) \left(a_{14} \sin{\left(a_{31} s \right)} + a_{21} \sqrt{s} + a_{7}\right) - \tanh{\left(\operatorname{asin}{\left(\operatorname{sech}{\left(a_{33} s \right)} \right)} \right)}\right)$,30,False,False
2,event65156_track55-hits,25,75,3,3,3,9,5,11.326979218713326,3.84686347245472e-07,4.632998951129096e-12,2.846678969616493e-05,3.474749213346822e-10,4.3131499539643834e-07,4.963927447638317e-12,11.372396698404119,$x(s) = a_{0} + s \left(a_{1} + a_{2} s\right)$,$x(s) = a_{0} + s \left(a_{1} + a_{2} s\right)$,$x(s) = a_{0} + s \left(a_{1} + a_{2} s\right)$,66,False,False
3,event65169_track165-hits,43,129,39,39,39,117,5,0.6981232996986632,18.013148581003,8.961867828391973,2305.683018368384,1156.0809498625645,192.1402515306987,9.323233466633585,3.025716075073645,$y(s) = a_{1} \sin{\left(\cos{\left(a_{27} s + a_{7} \right)} \right)} + a_{12} \cos{\left(a_{36} s \right)} + a_{14} \cos{\left(a_{31} s \right)} + a_{20} \sin{\left(s \left(a_{0} + \operatorname{acos}{\left(s \right)}\right) \right)} + a_{23} \sin{\left(a_{34} s \right)} + a_{33} \operatorname{acos}{\left(\cos{\left(a_{8} + \operatorname{acos}{\left(s \right)} \right)} \right)} + a_{6} \sin{\left(a_{35} s \right)} - \left(a_{19} + a_{9} s\right) \cos{\left(a_{5} + \left(s - 2\right) \left(a_{3} s + a_{37}\right) \right)} + \left(a_{13} s + a_{16}\right) \tanh{\left(64 s - 64 \sin{\left(a_{38} s \right)} \right)} + \left(a_{30} s + a_{32}\right) \left(4 s \left(a_{2} s \operatorname{asin}{\left(\operatorname{acos}{\left(\operatorname{sech}{\left(s \right)} \right)} \right)} + a_{25} + a_{26} s \left(a_{22} + s\right) \left(a_{11} \sqrt{1 - s^{2}} + a_{15} s \tanh{\left(\sin{\left(4 s \right)} \right)} + a_{24}\right) + a_{4} \sqrt{s + \operatorname{asin}{\left(s \right)}}\right) - \left(a_{21} s - 1\right) \left(a_{10} \sin{\left(a_{28} s \right)} + a_{17} + \sqrt{s} \left(a_{18} + s\right)\right) - \tanh{\left(\operatorname{asin}{\left(\operatorname{sech}{\left(a_{29} s \right)} \right)} \right)}\right)$,$x(s) = a_{1} \operatorname{asin}{\left(\cos{\left(a_{10} + \operatorname{acos}{\left(s \right)} \right)} \right)} + a_{15} \tanh{\left(\left(a_{28} + a_{5} s\right) \sin{\left(a_{38} s \right)} \right)} + a_{17} \cos{\left(a_{36} s \right)} + a_{2} \sin{\left(\cos{\left(a_{11} + a_{27} s \right)} \right)} + a_{21} \cos{\left(a_{33} s \right)} + a_{22} \sin{\left(s \left(a_{0} + \operatorname{acos}{\left(s \right)}\right) \right)} + a_{24} \sin{\left(a_{35} s \right)} + a_{8} \sin{\left(a_{34} s \right)} + \left(a_{13} + a_{18} s\right) \cos{\left(a_{20} + \left(a_{37} + a_{4} s\right) \left(s - 2\right) \right)} + \left(a_{30} s + a_{32}\right) \left(4 s \left(a_{25} + a_{3} s \operatorname{asin}{\left(\operatorname{asin}{\left(\tanh{\left(s \right)} \right)} \right)} + a_{6} \sqrt{s + \operatorname{asin}{\left(s \right)}} + 4 s \left(a_{16} + s\right) \left(a_{12} \sqrt{1 - s^{2}} + a_{23} s \tanh{\left(\sin{\left(4 s \right)} \right)} + a_{26}\right)\right) + \left(a_{9} + 2 s\right) \left(a_{14} \sin{\left(a_{29} s \right)} + a_{19} \sqrt{s} + a_{7}\right) - \tanh{\left(\operatorname{asin}{\left(\operatorname{sech}{\left(a_{31} s \right)} \right)} \right)}\right)$,$y(s) = a_{1} \sin{\left(\cos{\left(a_{27} s + a_{7} \right)} \right)} + a_{12} \cos{\left(a_{36} s \right)} + a_{14} \cos{\left(a_{31} s \right)} + a_{20} \sin{\left(s \left(a_{0} + \operatorname{acos}{\left(s \right)}\right) \right)} + a_{23} \sin{\left(a_{34} s \right)} + a_{33} \operatorname{acos}{\left(\cos{\left(a_{8} + \operatorname{acos}{\left(s \right)} \right)} \right)} + a_{6} \sin{\left(a_{35} s \right)} - \left(a_{19} + a_{9} s\right) \cos{\left(a_{5} + \left(s - 2\right) \left(a_{3} s + a_{37}\right) \right)} + \left(a_{13} s + a_{16}\right) \tanh{\left(64 s - 64 \sin{\left(a_{38} s \right)} \right)} + \left(a_{30} s + a_{32}\right) \left(4 s \left(a_{2} s \operatorname{asin}{\left(\operatorname{acos}{\left(\operatorname{sech}{\left(s \right)} \right)} \right)} + a_{25} + a_{26} s \left(a_{22} + s\right) \left(a_{11} \sqrt{1 - s^{2}} + a_{15} s \tanh{\left(\sin{\left(4 s \right)} \right)} + a_{24}\right) + a_{4} \sqrt{s + \operatorname{asin}{\left(s \right)}}\right) - \left(a_{21} s - 1\right) \left(a_{10} \sin{\left(a_{28} s \right)} + a_{17} + \sqrt{s} \left(a_{18} + s\right)\right) - \tanh{\left(\operatorname{asin}{\left(\operatorname{sech}{\left(a_{29} s \right)} \right)} \right)}\right)$,12,False,False
4,event65270_track89-hits,50,150,39,32,39,110,5,-0.2402024141733687,1.7573114360817634,2.2344329050875174,261.8394039761828,335.16493576312763,6.54598509940457,2.3114823156077766,1.0409628859824729,$y(s) = a_{1} \sin{\left(\cos{\left(a_{27} s + a_{7} \right)} \right)} + a_{12} \cos{\left(a_{36} s \right)} + a_{14} \cos{\left(a_{31} s \right)} + a_{20} \sin{\left(s \left(a_{0} + \operatorname{acos}{\left(s \right)}\right) \right)} + a_{23} \sin{\left(a_{34} s \right)} + a_{33} \operatorname{acos}{\left(\cos{\left(a_{8} + \operatorname{acos}{\left(s \right)} \right)} \right)} + a_{6} \sin{\left(a_{35} s \right)} - \left(a_{19} + a_{9} s\right) \cos{\left(a_{5} + \left(s - 2\right) \left(a_{3} s + a_{37}\right) \right)} + \left(a_{13} s + a_{16}\right) \tanh{\left(64 s - 64 \sin{\left(a_{38} s \right)} \right)} + \left(a_{30} s + a_{32}\right) \left(4 s \left(a_{2} s \operatorname{asin}{\left(\operatorname{acos}{\left(\operatorname{sech}{\left(s \right)} \right)} \right)} + a_{25} + a_{26} s \left(a_{22} + s\right) \left(a_{11} \sqrt{1 - s^{2}} + a_{15} s \tanh{\left(\sin{\left(4 s \right)} \right)} + a_{24}\right) + a_{4} \sqrt{s + \operatorname{asin}{\left(s \right)}}\right) - \left(a_{21} s - 1\right) \left(a_{10} \sin{\left(a_{28} s \right)} + a_{17} + \sqrt{s} \left(a_{18} + s\right)\right) - \tanh{\left(\operatorname{asin}{\left(\operatorname{sech}{\left(a_{29} s \right)} \right)} \right)}\right)$,$y(s) = a_{1} \operatorname{asin}{\left(\cos{\left(a_{6} + \operatorname{acos}{\left(s \right)} \right)} \right)} + a_{10} \cos{\left(a_{31} s \right)} + a_{11} \sin{\left(a_{30} s \right)} + a_{12} \sin{\left(s \left(a_{0} + \operatorname{acos}{\left(s \right)}\right) \right)} + a_{13} \sin{\left(a_{29} s \right)} + a_{24} \sin{\left(\cos{\left(a_{18} + a_{22} s \right)} \right)} + a_{27} + a_{9} \cos{\left(a_{28} s \right)} + \left(a_{20} + a_{26} s\right) \left(4 s \left(a_{17} + a_{19} s \left(a_{15} + s\right) \left(a_{16} s \tanh{\left(\sin{\left(4 s \right)} \right)} + a_{21} + a_{7} \sqrt{1 - s^{2}}\right) + a_{2} s \operatorname{asin}{\left(\operatorname{asin}{\left(\tanh{\left(s \right)} \right)} \right)} + a_{3} \sqrt{\sqrt{s} + \operatorname{asin}{\left(s \right)}}\right) + \left(a_{4} + 4 s\right) \left(a_{14} \sqrt{s} + a_{5} + a_{8} \sin{\left(a_{23} s \right)}\right) - \tanh{\left(\operatorname{asin}{\left(\operatorname{sech}{\left(a_{25} s \right)} \right)} \right)}\right)$,$y(s) = a_{1} \sin{\left(\cos{\left(a_{27} s + a_{7} \right)} \right)} + a_{12} \cos{\left(a_{36} s \right)} + a_{14} \cos{\left(a_{31} s \right)} + a_{20} \sin{\left(s \left(a_{0} + \operatorname{acos}{\left(s \right)}\right) \right)} + a_{23} \sin{\left(a_{34} s \right)} + a_{33} \operatorname{acos}{\left(\cos{\left(a_{8} + \operatorname{acos}{\left(s \right)} \right)} \right)} + a_{6} \sin{\left(a_{35} s \right)} - \left(a_{19} + a_{9} s\right) \cos{\left(a_{5} + \left(s - 2\right) \left(a_{3} s + a_{37}\right) \right)} + \left(a_{13} s + a_{16}\right) \tanh{\left(64 s - 64 \sin{\left(a_{38} s \right)} \right)} + \left(a_{30} s + a_{32}\right) \left(4 s \left(a_{2} s \operatorname{asin}{\left(\operatorname{acos}{\left(\operatorname{sech}{\left(s \right)} \right)} \right)} + a_{25} + a_{26} s \left(a_{22} + s\right) \left(a_{11} \sqrt{1 - s^{2}} + a_{15} s \tanh{\left(\sin{\left(4 s \right)} \right)} + a_{24}\right) + a_{4} \sqrt{s + \operatorname{asin}{\left(s \right)}}\right) - \left(a_{21} s - 1\right) \left(a_{10} \sin{\left(a_{28} s \right)} + a_{17} + \sqrt{s} \left(a_{18} + s\right)\right) - \tanh{\left(\operatorname{asin}{\left(\operatorname{sech}{\left(a_{29} s \right)} \right)} \right)}\right)$,40,False,False
5,event65326_track149-hits,25,75,16,16,3,35,5,13.749959033791265,2.0781005901425653e-06,2.218887230886449e-12,0.00015377944367054984,1.6641654231648368e-10,3.844486091763746e-06,2.377379175949767e-12,14.296151801394547,$x(s) = a_{13} + \left(- s - \sin{\left(\sin{\left(\sin{\left(a_{6} + s \right)} \right)} \right)}\right) \left(a_{1} \operatorname{acos}{\left(s \right)} + a_{14} + \left(a_{0} + a_{12} \left(a_{2} - 32 s\right) \left(- \sin{\left(4 \cos{\left(s \right)} \right)} + \operatorname{sech}{\left(s \right)}\right) + a_{12} \tanh{\left(8 s \right)} + a_{15} \sqrt{1 - \cos^{2}{\left(s \right)}} + a_{3} s \left(2 s - \tanh{\left(4 s \right)}\right) \left(s - \cos{\left(a_{11} s \right)} + 2\right) + a_{4} \left(32 \operatorname{asin}{\left(s \right)} + 64\right) \left(a_{5} + s \left(a_{10} + a_{9} s \left(a_{7} + s\right) \operatorname{acos}{\left(s \right)}\right) + s + \operatorname{sech}{\left(s \right)}\right)\right) \operatorname{acos}{\left(\operatorname{sech}{\left(\cos{\left(a_{8} + s \right)} \right)} \right)}\right)$,$x(s) = a_{13} + \left(- s - \sin{\left(\sin{\left(\sin{\left(a_{6} + s \right)} \right)} \right)}\right) \left(a_{1} \operatorname{acos}{\left(s \right)} + a_{14} + \left(a_{0} + a_{12} \left(a_{2} - 32 s\right) \left(- \sin{\left(4 \cos{\left(s \right)} \right)} + \operatorname{sech}{\left(s \right)}\right) + a_{12} \tanh{\left(8 s \right)} + a_{15} \sqrt{1 - \cos^{2}{\left(s \right)}} + a_{3} s \left(2 s - \tanh{\left(4 s \right)}\right) \left(s - \cos{\left(a_{11} s \right)} + 2\right) + a_{4} \left(32 \operatorname{asin}{\left(s \right)} + 64\right) \left(a_{5} + s \left(a_{10} + a_{9} s \left(a_{7} + s\right) \operatorname{acos}{\left(s \right)}\right) + s + \operatorname{sech}{\left(s \right)}\right)\right) \operatorname{acos}{\left(\operatorname{sech}{\left(\cos{\left(a_{8} + s \right)} \right)} \right)}\right)$,$x(s) = a_{0} + s \left(a_{1} + a_{2} s\right)$,40,False,False
6,event65371_track15-hits,46,138,39,42,42,123,5,1.9607437350112389,0.4318168017380432,0.0607798119317921,59.15890183811192,8.38761404658731,3.9439267892074614,0.06306476726757375,4.1357699028017025,$y(s) = a_{1} \sin{\left(\cos{\left(a_{27} s + a_{7} \right)} \right)} + a_{12} \cos{\left(a_{36} s \right)} + a_{14} \cos{\left(a_{31} s \right)} + a_{20} \sin{\left(s \left(a_{0} + \operatorname{acos}{\left(s \right)}\right) \right)} + a_{23} \sin{\left(a_{34} s \right)} + a_{33} \operatorname{acos}{\left(\cos{\left(a_{8} + \operatorname{acos}{\left(s \right)} \right)} \right)} + a_{6} \sin{\left(a_{35} s \right)} - \left(a_{19} + a_{9} s\right) \cos{\left(a_{5} + \left(s - 2\right) \left(a_{3} s + a_{37}\right) \right)} + \left(a_{13} s + a_{16}\right) \tanh{\left(64 s - 64 \sin{\left(a_{38} s \right)} \right)} + \left(a_{30} s + a_{32}\right) \left(4 s \left(a_{2} s \operatorname{asin}{\left(\operatorname{acos}{\left(\operatorname{sech}{\left(s \right)} \right)} \right)} + a_{25} + a_{26} s \left(a_{22} + s\right) \left(a_{11} \sqrt{1 - s^{2}} + a_{15} s \tanh{\left(\sin{\left(4 s \right)} \right)} + a_{24}\right) + a_{4} \sqrt{s + \operatorname{asin}{\left(s \right)}}\right) - \left(a_{21} s - 1\right) \left(a_{10} \sin{\left(a_{28} s \right)} + a_{17} + \sqrt{s} \left(a_{18} + s\right)\right) - \tanh{\left(\operatorname{asin}{\left(\operatorname{sech}{\left(a_{29} s \right)} \right)} \right)}\right)$,$z(s) = a_{1} \operatorname{asin}{\left(\cos{\left(a_{10} + \operatorname{acos}{\left(s \right)} \right)} \right)} + a_{19} \cos{\left(a_{39} s \right)} + a_{2} \sin{\left(\cos{\left(a_{11} + a_{30} s \right)} \right)} + a_{24} \cos{\left(a_{36} s \right)} + a_{25} \sin{\left(s \left(a_{0} + \operatorname{acos}{\left(s \right)}\right) \right)} + a_{26} \sin{\left(a_{38} s \right)} + a_{8} \sin{\left(a_{37} s \right)} + \left(a_{13} + a_{20} s\right) \cos{\left(a_{22} + \left(s - 2\right) \left(a_{4} s + a_{40}\right) \right)} + \left(a_{17} s + a_{18}\right) \tanh{\left(\left(a_{15} - \sin{\left(a_{41} s \right)}\right) \left(a_{32} + a_{5} s\right) \right)} + \left(a_{34} s + a_{35}\right) \left(4 s \left(a_{28} + a_{29} s \left(a_{16} + s\right) \left(a_{12} \sqrt{1 - s^{2}} + a_{23} s \tanh{\left(\sin{\left(4 s \right)} \right)} + a_{27}\right) + a_{3} s \operatorname{asin}{\left(\operatorname{asin}{\left(\tanh{\left(s \right)} \right)} \right)} + a_{6} \sqrt{s + \operatorname{asin}{\left(s \right)}}\right) + \left(a_{9} + 2 s\right) \left(a_{14} \sin{\left(a_{31} s \right)} + a_{21} \sqrt{s} + a_{7}\right) - \tanh{\left(\operatorname{asin}{\left(\operatorname{sech}{\left(a_{33} s \right)} \right)} \right)}\right)$,$z(s) = a_{1} \operatorname{asin}{\left(\cos{\left(a_{10} + \operatorname{acos}{\left(s \right)} \right)} \right)} + a_{19} \cos{\left(a_{39} s \right)} + a_{2} \sin{\left(\cos{\left(a_{11} + a_{30} s \right)} \right)} + a_{24} \cos{\left(a_{36} s \right)} + a_{25} \sin{\left(s \left(a_{0} + \operatorname{acos}{\left(s \right)}\right) \right)} + a_{26} \sin{\left(a_{38} s \right)} + a_{8} \sin{\left(a_{37} s \right)} + \left(a_{13} + a_{20} s\right) \cos{\left(a_{22} + \left(s - 2\right) \left(a_{4} s + a_{40}\right) \right)} + \left(a_{17} s + a_{18}\right) \tanh{\left(\left(a_{15} - \sin{\left(a_{41} s \right)}\right) \left(a_{32} + a_{5} s\right) \right)} + \left(a_{34} s + a_{35}\right) \left(4 s \left(a_{28} + a_{29} s \left(a_{16} + s\right) \left(a_{12} \sqrt{1 - s^{2}} + a_{23} s \tanh{\left(\sin{\left(4 s \right)} \right)} + a_{27}\right) + a_{3} s \operatorname{asin}{\left(\operatorname{asin}{\left(\tanh{\left(s \right)} \right)} \right)} + a_{6} \sqrt{s + \operatorname{asin}{\left(s \right)}}\right) + \left(a_{9} + 2 s\right) \left(a_{14} \sin{\left(a_{31} s \right)} + a_{21} \sqrt{s} + a_{7}\right) - \tanh{\left(\operatorname{asin}{\left(\operatorname{sech}{\left(a_{33} s \right)} \right)} \right)}\right)$,15,False,False
7,event65386_track388-hits,48,144,39,39,32,110,5,1.0101566324104958,1.4565803068610672,0.5304311038194593,208.2909838811326,76.38207895000215,6.126205408268606,0.5495113593525335,2.411301371608933,$x(s) = a_{1} \operatorname{asin}{\left(\cos{\left(a_{10} + \operatorname{acos}{\left(s \right)} \right)} \right)} + a_{15} \tanh{\left(\left(a_{28} + a_{5} s\right) \sin{\left(a_{38} s \right)} \right)} + a_{17} \cos{\left(a_{36} s \right)} + a_{2} \sin{\left(\cos{\left(a_{11} + a_{27} s \right)} \right)} + a_{21} \cos{\left(a_{33} s \right)} + a_{22} \sin{\left(s \left(a_{0} + \operatorname{acos}{\left(s \right)}\right) \right)} + a_{24} \sin{\left(a_{35} s \right)} + a_{8} \sin{\left(a_{34} s \right)} + \left(a_{13} + a_{18} s\right) \cos{\left(a_{20} + \left(a_{37} + a_{4} s\right) \left(s - 2\right) \right)} + \left(a_{30} s + a_{32}\right) \left(4 s \left(a_{25} + a_{3} s \operatorname{asin}{\left(\operatorname{asin}{\left(\tanh{\left(s \right)} \right)} \right)} + a_{6} \sqrt{s + \operatorname{asin}{\left(s \right)}} + 4 s \left(a_{16} + s\right) \left(a_{12} \sqrt{1 - s^{2}} + a_{23} s \tanh{\left(\sin{\left(4 s \right)} \right)} + a_{26}\right)\right) + \left(a_{9} + 2 s\right) \left(a_{14} \sin{\left(a_{29} s \right)} + a_{19} \sqrt{s} + a_{7}\right) - \tanh{\left(\operatorname{asin}{\left(\operatorname{sech}{\left(a_{31} s \right)} \right)} \right)}\right)$,$y(s) = a_{1} \sin{\left(\cos{\left(a_{27} s + a_{7} \right)} \right)} + a_{12} \cos{\left(a_{36} s \right)} + a_{14} \cos{\left(a_{31} s \right)} + a_{20} \sin{\left(s \left(a_{0} + \operatorname{acos}{\left(s \right)}\right) \right)} + a_{23} \sin{\left(a_{34} s \right)} + a_{33} \operatorname{acos}{\left(\cos{\left(a_{8} + \operatorname{acos}{\left(s \right)} \right)} \right)} + a_{6} \sin{\left(a_{35} s \right)} - \left(a_{19} + a_{9} s\right) \cos{\left(a_{5} + \left(s - 2\right) \left(a_{3} s + a_{37}\right) \right)} + \left(a_{13} s + a_{16}\right) \tanh{\left(64 s - 64 \sin{\left(a_{38} s \right)} \right)} + \left(a_{30} s + a_{32}\right) \left(4 s \left(a_{2} s \operatorname{asin}{\left(\operatorname{acos}{\left(\operatorname{sech}{\left(s \right)} \right)} \right)} + a_{25} + a_{26} s \left(a_{22} + s\right) \left(a_{11} \sqrt{1 - s^{2}} + a_{15} s \tanh{\left(\sin{\left(4 s \right)} \right)} + a_{24}\right) + a_{4} \sqrt{s + \operatorname{asin}{\left(s \right)}}\right) - \left(a_{21} s - 1\right) \left(a_{10} \sin{\left(a_{28} s \right)} + a_{17} + \sqrt{s} \left(a_{18} + s\right)\right) - \tanh{\left(\operatorname{asin}{\left(\operatorname{sech}{\left(a_{29} s \right)} \right)} \right)}\right)$,$y(s) = a_{1} \operatorname{asin}{\left(\cos{\left(a_{6} + \operatorname{acos}{\left(s \right)} \right)} \right)} + a_{10} \cos{\left(a_{31} s \right)} + a_{11} \sin{\left(a_{30} s \right)} + a_{12} \sin{\left(s \left(a_{0} + \operatorname{acos}{\left(s \right)}\right) \right)} + a_{13} \sin{\left(a_{29} s \right)} + a_{24} \sin{\left(\cos{\left(a_{18} + a_{22} s \right)} \right)} + a_{27} + a_{9} \cos{\left(a_{28} s \right)} + \left(a_{20} + a_{26} s\right) \left(4 s \left(a_{17} + a_{19} s \left(a_{15} + s\right) \left(a_{16} s \tanh{\left(\sin{\left(4 s \right)} \right)} + a_{21} + a_{7} \sqrt{1 - s^{2}}\right) + a_{2} s \operatorname{asin}{\left(\operatorname{asin}{\left(\tanh{\left(s \right)} \right)} \right)} + a_{3} \sqrt{\sqrt{s} + \operatorname{asin}{\left(s \right)}}\right) + \left(a_{4} + 4 s\right) \left(a_{14} \sqrt{s} + a_{5} + a_{8} \sin{\left(a_{23} s \right)}\right) - \tanh{\left(\operatorname{asin}{\left(\operatorname{sech}{\left(a_{25} s \right)} \right)} \right)}\right)$,34,False,False
8,event65522_track149-hits,43,129,39,39,39,117,5,1.9112688801936861,3.1286350981873277,0.4627020087952837,400.46529256797794,59.6885591345916,33.37210771399816,0.48135934785960965,4.238861655568668,$y(s) = a_{1} \sin{\left(\cos{\left(a_{27} s + a_{7} \right)} \right)} + a_{12} \cos{\left(a_{36} s \right)} + a_{14} \cos{\left(a_{31} s \right)} + a_{20} \sin{\left(s \left(a_{0} + \operatorname{acos}{\left(s \right)}\right) \right)} + a_{23} \sin{\left(a_{34} s \right)} + a_{33} \operatorname{acos}{\left(\cos{\left(a_{8} + \operatorname{acos}{\left(s \right)} \right)} \right)} + a_{6} \sin{\left(a_{35} s \right)} - \left(a_{19} + a_{9} s\right) \cos{\left(a_{5} + \left(s - 2\right) \left(a_{3} s + a_{37}\right) \right)} + \left(a_{13} s + a_{16}\right) \tanh{\left(64 s - 64 \sin{\left(a_{38} s \right)} \right)} + \left(a_{30} s + a_{32}\right) \left(4 s \left(a_{2} s \operatorname{asin}{\left(\operatorname{acos}{\left(\operatorname{sech}{\left(s \right)} \right)} \right)} + a_{25} + a_{26} s \left(a_{22} + s\right) \left(a_{11} \sqrt{1 - s^{2}} + a_{15} s \tanh{\left(\sin{\left(4 s \right)} \right)} + a_{24}\right) + a_{4} \sqrt{s + \operatorname{asin}{\left(s \right)}}\right) - \left(a_{21} s - 1\right) \left(a_{10} \sin{\left(a_{28} s \right)} + a_{17} + \sqrt{s} \left(a_{18} + s\right)\right) - \tanh{\left(\operatorname{asin}{\left(\operatorname{sech}{\left(a_{29} s \right)} \right)} \right)}\right)$,$y(s) = a_{1} \sin{\left(\cos{\left(a_{27} s + a_{7} \right)} \right)} + a_{12} \cos{\left(a_{36} s \right)} + a_{14} \cos{\left(a_{31} s \right)} + a_{20} \sin{\left(s \left(a_{0} + \operatorname{acos}{\left(s \right)}\right) \right)} + a_{23} \sin{\left(a_{34} s \right)} + a_{33} \operatorname{acos}{\left(\cos{\left(a_{8} + \operatorname{acos}{\left(s \right)} \right)} \right)} + a_{6} \sin{\left(a_{35} s \right)} - \left(a_{19} + a_{9} s\right) \cos{\left(a_{5} + \left(s - 2\right) \left(a_{3} s + a_{37}\right) \right)} + \left(a_{13} s + a_{16}\right) \tanh{\left(64 s - 64 \sin{\left(a_{38} s \right)} \right)} + \left(a_{30} s + a_{32}\right) \left(4 s \left(a_{2} s \operatorname{asin}{\left(\operatorname{acos}{\left(\operatorname{sech}{\left(s \right)} \right)} \right)} + a_{25} + a_{26} s \left(a_{22} + s\right) \left(a_{11} \sqrt{1 - s^{2}} + a_{15} s \tanh{\left(\sin{\left(4 s \right)} \right)} + a_{24}\right) + a_{4} \sqrt{s + \operatorname{asin}{\left(s \right)}}\right) - \left(a_{21} s - 1\right) \left(a_{10} \sin{\left(a_{28} s \right)} + a_{17} + \sqrt{s} \left(a_{18} + s\right)\right) - \tanh{\left(\operatorname{asin}{\left(\operatorname{sech}{\left(a_{29} s \right)} \right)} \right)}\right)$,$y(s) = a_{1} \sin{\left(\cos{\left(a_{27} s + a_{7} \right)} \right)} + a_{12} \cos{\left(a_{36} s \right)} + a_{14} \cos{\left(a_{31} s \right)} + a_{20} \sin{\left(s \left(a_{0} + \operatorname{acos}{\left(s \right)}\right) \right)} + a_{23} \sin{\left(a_{34} s \right)} + a_{33} \operatorname{acos}{\left(\cos{\left(a_{8} + \operatorname{acos}{\left(s \right)} \right)} \right)} + a_{6} \sin{\left(a_{35} s \right)} - \left(a_{19} + a_{9} s\right) \cos{\left(a_{5} + \left(s - 2\right) \left(a_{3} s + a_{37}\right) \right)} + \left(a_{13} s + a_{16}\right) \tanh{\left(64 s - 64 \sin{\left(a_{38} s \right)} \right)} + \left(a_{30} s + a_{32}\right) \left(4 s \left(a_{2} s \operatorname{asin}{\left(\operatorname{acos}{\left(\operatorname{sech}{\left(s \right)} \right)} \right)} + a_{25} + a_{26} s \left(a_{22} + s\right) \left(a_{11} \sqrt{1 - s^{2}} + a_{15} s \tanh{\left(\sin{\left(4 s \right)} \right)} + a_{24}\right) + a_{4} \sqrt{s + \operatorname{asin}{\left(s \right)}}\right) - \left(a_{21} s - 1\right) \left(a_{10} \sin{\left(a_{28} s \right)} + a_{17} + \sqrt{s} \left(a_{18} + s\right)\right) - \tanh{\left(\operatorname{asin}{\left(\operatorname{sech}{\left(a_{29} s \right)} \right)} \right)}\right)$,12,False,False
9,event65528_track147-hits,49,147,39,39,39,117,5,0.9659231854105716,11.882623825269897,4.5229026405557065,1734.863078489405,664.8666881616889,57.82876928298017,4.682159775786541,2.513726896279277,$x(s) = a_{1} \operatorname{asin}{\left(\cos{\left(a_{10} + \operatorname{acos}{\left(s \right)} \right)} \right)} + a_{15} \tanh{\left(\left(a_{28} + a_{5} s\right) \sin{\left(a_{38} s \right)} \right)} + a_{17} \cos{\left(a_{36} s \right)} + a_{2} \sin{\left(\cos{\left(a_{11} + a_{27} s \right)} \right)} + a_{21} \cos{\left(a_{33} s \right)} + a_{22} \sin{\left(s \left(a_{0} + \operatorname{acos}{\left(s \right)}\right) \right)} + a_{24} \sin{\left(a_{35} s \right)} + a_{8} \sin{\left(a_{34} s \right)} + \left(a_{13} + a_{18} s\right) \cos{\left(a_{20} + \left(a_{37} + a_{4} s\right) \left(s - 2\right) \right)} + \left(a_{30} s + a_{32}\right) \left(4 s \left(a_{25} + a_{3} s \operatorname{asin}{\left(\operatorname{asin}{\left(\tanh{\left(s \right)} \right)} \right)} + a_{6} \sqrt{s + \operatorname{asin}{\left(s \right)}} + 4 s \left(a_{16} + s\right) \left(a_{12} \sqrt{1 - s^{2}} + a_{23} s \tanh{\left(\sin{\left(4 s \right)} \right)} + a_{26}\right)\right) + \left(a_{9} + 2 s\right) \left(a_{14} \sin{\left(a_{29} s \right)} + a_{19} \sqrt{s} + a_{7}\right) - \tanh{\left(\operatorname{asin}{\left(\operatorname{sech}{\left(a_{31} s \right)} \right)} \right)}\right)$,$y(s) = a_{1} \sin{\left(\cos{\left(a_{27} s + a_{7} \right)} \right)} + a_{12} \cos{\left(a_{36} s \right)} + a_{14} \cos{\left(a_{31} s \right)} + a_{20} \sin{\left(s \left(a_{0} + \operatorname{acos}{\left(s \right)}\right) \right)} + a_{23} \sin{\left(a_{34} s \right)} + a_{33} \operatorname{acos}{\left(\cos{\left(a_{8} + \operatorname{acos}{\left(s \right)} \right)} \right)} + a_{6} \sin{\left(a_{35} s \right)} - \left(a_{19} + a_{9} s\right) \cos{\left(a_{5} + \left(s - 2\right) \left(a_{3} s + a_{37}\right) \right)} + \left(a_{13} s + a_{16}\right) \tanh{\left(64 s - 64 \sin{\left(a_{38} s \right)} \right)} + \left(a_{30} s + a_{32}\right) \left(4 s \left(a_{2} s \operatorname{asin}{\left(\operatorname{acos}{\left(\operatorname{sech}{\left(s \right)} \right)} \right)} + a_{25} + a_{26} s \left(a_{22} + s\right) \left(a_{11} \sqrt{1 - s^{2}} + a_{15} s \tanh{\left(\sin{\left(4 s \right)} \right)} + a_{24}\right) + a_{4} \sqrt{s + \operatorname{asin}{\left(s \right)}}\right) - \left(a_{21} s - 1\right) \left(a_{10} \sin{\left(a_{28} s \right)} + a_{17} + \sqrt{s} \left(a_{18} + s\right)\right) - \tanh{\left(\operatorname{asin}{\left(\operatorname{sech}{\left(a_{29} s \right)} \right)} \right)}\right)$,$y(s) = a_{1} \sin{\left(\cos{\left(a_{27} s + a_{7} \right)} \right)} + a_{12} \cos{\left(a_{36} s \right)} + a_{14} \cos{\left(a_{31} s \right)} + a_{20} \sin{\left(s \left(a_{0} + \operatorname{acos}{\left(s \right)}\right) \right)} + a_{23} \sin{\left(a_{34} s \right)} + a_{33} \operatorname{acos}{\left(\cos{\left(a_{8} + \operatorname{acos}{\left(s \right)} \right)} \right)} + a_{6} \sin{\left(a_{35} s \right)} - \left(a_{19} + a_{9} s\right) \cos{\left(a_{5} + \left(s - 2\right) \left(a_{3} s + a_{37}\right) \right)} + \left(a_{13} s + a_{16}\right) \tanh{\left(64 s - 64 \sin{\left(a_{38} s \right)} \right)} + \left(a_{30} s + a_{32}\right) \left(4 s \left(a_{2} s \operatorname{asin}{\left(\operatorname{acos}{\left(\operatorname{sech}{\left(s \right)} \right)} \right)} + a_{25} + a_{26} s \left(a_{22} + s\right) \left(a_{11} \sqrt{1 - s^{2}} + a_{15} s \tanh{\left(\sin{\left(4 s \right)} \right)} + a_{24}\right) + a_{4} \sqrt{s + \operatorname{asin}{\left(s \right)}}\right) - \left(a_{21} s - 1\right) \left(a_{10} \sin{\left(a_{28} s \right)} + a_{17} + \sqrt{s} \left(a_{18} + s\right)\right) - \tanh{\left(\operatorname{asin}{\left(\operatorname{sech}{\left(a_{29} s \right)} \right)} \right)}\right)$,30,False,False
10,event65535_track125-hits,50,150,42,39,39,120,5,1.4603000292270811,0.65788630466386,0.1527392314820032,98.02505939491515,22.91088472230048,3.267501979830505,0.15800610153310676,3.0291474018347033,$z(s) = a_{1} \operatorname{asin}{\left(\cos{\left(a_{10} + \operatorname{acos}{\left(s \right)} \right)} \right)} + a_{19} \cos{\left(a_{39} s \right)} + a_{2} \sin{\left(\cos{\left(a_{11} + a_{30} s \right)} \right)} + a_{24} \cos{\left(a_{36} s \right)} + a_{25} \sin{\left(s \left(a_{0} + \operatorname{acos}{\left(s \right)}\right) \right)} + a_{26} \sin{\left(a_{38} s \right)} + a_{8} \sin{\left(a_{37} s \right)} + \left(a_{13} + a_{20} s\right) \cos{\left(a_{22} + \left(s - 2\right) \left(a_{4} s + a_{40}\right) \right)} + \left(a_{17} s + a_{18}\right) \tanh{\left(\left(a_{15} - \sin{\left(a_{41} s \right)}\right) \left(a_{32} + a_{5} s\right) \right)} + \left(a_{34} s + a_{35}\right) \left(4 s \left(a_{28} + a_{29} s \left(a_{16} + s\right) \left(a_{12} \sqrt{1 - s^{2}} + a_{23} s \tanh{\left(\sin{\left(4 s \right)} \right)} + a_{27}\right) + a_{3} s \operatorname{asin}{\left(\operatorname{asin}{\left(\tanh{\left(s \right)} \right)} \right)} + a_{6} \sqrt{s + \operatorname{asin}{\left(s \right)}}\right) + \left(a_{9} + 2 s\right) \left(a_{14} \sin{\left(a_{31} s \right)} + a_{21} \sqrt{s} + a_{7}\right) - \tanh{\left(\operatorname{asin}{\left(\operatorname{sech}{\left(a_{33} s \right)} \right)} \right)}\right)$,$y(s) = a_{1} \sin{\left(\cos{\left(a_{27} s + a_{7} \right)} \right)} + a_{12} \cos{\left(a_{36} s \right)} + a_{14} \cos{\left(a_{31} s \right)} + a_{20} \sin{\left(s \left(a_{0} + \operatorname{acos}{\left(s \right)}\right) \right)} + a_{23} \sin{\left(a_{34} s \right)} + a_{33} \operatorname{acos}{\left(\cos{\left(a_{8} + \operatorname{acos}{\left(s \right)} \right)} \right)} + a_{6} \sin{\left(a_{35} s \right)} - \left(a_{19} + a_{9} s\right) \cos{\left(a_{5} + \left(s - 2\right) \left(a_{3} s + a_{37}\right) \right)} + \left(a_{13} s + a_{16}\right) \tanh{\left(64 s - 64 \sin{\left(a_{38} s \right)} \right)} + \left(a_{30} s + a_{32}\right) \left(4 s \left(a_{2} s \operatorname{asin}{\left(\operatorname{acos}{\left(\operatorname{sech}{\left(s \right)} \right)} \right)} + a_{25} + a_{26} s \left(a_{22} + s\right) \left(a_{11} \sqrt{1 - s^{2}} + a_{15} s \tanh{\left(\sin{\left(4 s \right)} \right)} + a_{24}\right) + a_{4} \sqrt{s + \operatorname{asin}{\left(s \right)}}\right) - \left(a_{21} s - 1\right) \left(a_{10} \sin{\left(a_{28} s \right)} + a_{17} + \sqrt{s} \left(a_{18} + s\right)\right) - \tanh{\left(\operatorname{asin}{\left(\operatorname{sech}{\left(a_{29} s \right)} \right)} \right)}\right)$,$y(s) = a_{1} \sin{\left(\cos{\left(a_{27} s + a_{7} \right)} \right)} + a_{12} \cos{\left(a_{36} s \right)} + a_{14} \cos{\left(a_{31} s \right)} + a_{20} \sin{\left(s \left(a_{0} + \operatorname{acos}{\left(s \right)}\right) \right)} + a_{23} \sin{\left(a_{34} s \right)} + a_{33} \operatorname{acos}{\left(\cos{\left(a_{8} + \operatorname{acos}{\left(s \right)} \right)} \right)} + a_{6} \sin{\left(a_{35} s \right)} - \left(a_{19} + a_{9} s\right) \cos{\left(a_{5} + \left(s - 2\right) \left(a_{3} s + a_{37}\right) \right)} + \left(a_{13} s + a_{16}\right) \tanh{\left(64 s - 64 \sin{\left(a_{38} s \right)} \right)} + \left(a_{30} s + a_{32}\right) \left(4 s \left(a_{2} s \operatorname{asin}{\left(\operatorname{acos}{\left(\operatorname{sech}{\left(s \right)} \right)} \right)} + a_{25} + a_{26} s \left(a_{22} + s\right) \left(a_{11} \sqrt{1 - s^{2}} + a_{15} s \tanh{\left(\sin{\left(4 s \right)} \right)} + a_{24}\right) + a_{4} \sqrt{s + \operatorname{asin}{\left(s \right)}}\right) - \left(a_{21} s - 1\right) \left(a_{10} \sin{\left(a_{28} s \right)} + a_{17} + \sqrt{s} \left(a_{18} + s\right)\right) - \tanh{\left(\operatorname{asin}{\left(\operatorname{sech}{\left(a_{29} s \right)} \right)} \right)}\right)$,30,False,False
11,event65576_track145-hits,46,138,39,39,32,110,5,0.7917842496345427,11.406079297986093,5.167361630704835,1562.6328638240948,713.0959050372671,55.80831656514624,5.3616233461448655,2.342656108352013,$y(s) = a_{1} \sin{\left(\cos{\left(a_{27} s + a_{7} \right)} \right)} + a_{12} \cos{\left(a_{36} s \right)} + a_{14} \cos{\left(a_{31} s \right)} + a_{20} \sin{\left(s \left(a_{0} + \operatorname{acos}{\left(s \right)}\right) \right)} + a_{23} \sin{\left(a_{34} s \right)} + a_{33} \operatorname{acos}{\left(\cos{\left(a_{8} + \operatorname{acos}{\left(s \right)} \right)} \right)} + a_{6} \sin{\left(a_{35} s \right)} - \left(a_{19} + a_{9} s\right) \cos{\left(a_{5} + \left(s - 2\right) \left(a_{3} s + a_{37}\right) \right)} + \left(a_{13} s + a_{16}\right) \tanh{\left(64 s - 64 \sin{\left(a_{38} s \right)} \right)} + \left(a_{30} s + a_{32}\right) \left(4 s \left(a_{2} s \operatorname{asin}{\left(\operatorname{acos}{\left(\operatorname{sech}{\left(s \right)} \right)} \right)} + a_{25} + a_{26} s \left(a_{22} + s\right) \left(a_{11} \sqrt{1 - s^{2}} + a_{15} s \tanh{\left(\sin{\left(4 s \right)} \right)} + a_{24}\right) + a_{4} \sqrt{s + \operatorname{asin}{\left(s \right)}}\right) - \left(a_{21} s - 1\right) \left(a_{10} \sin{\left(a_{28} s \right)} + a_{17} + \sqrt{s} \left(a_{18} + s\right)\right) - \tanh{\left(\operatorname{asin}{\left(\operatorname{sech}{\left(a_{29} s \right)} \right)} \right)}\right)$,$x(s) = a_{1} \operatorname{asin}{\left(\cos{\left(a_{10} + \operatorname{acos}{\left(s \right)} \right)} \right)} + a_{15} \tanh{\left(\left(a_{28} + a_{5} s\right) \sin{\left(a_{38} s \right)} \right)} + a_{17} \cos{\left(a_{36} s \right)} + a_{2} \sin{\left(\cos{\left(a_{11} + a_{27} s \right)} \right)} + a_{21} \cos{\left(a_{33} s \right)} + a_{22} \sin{\left(s \left(a_{0} + \operatorname{acos}{\left(s \right)}\right) \right)} + a_{24} \sin{\left(a_{35} s \right)} + a_{8} \sin{\left(a_{34} s \right)} + \left(a_{13} + a_{18} s\right) \cos{\left(a_{20} + \left(a_{37} + a_{4} s\right) \left(s - 2\right) \right)} + \left(a_{30} s + a_{32}\right) \left(4 s \left(a_{25} + a_{3} s \operatorname{asin}{\left(\operatorname{asin}{\left(\tanh{\left(s \right)} \right)} \right)} + a_{6} \sqrt{s + \operatorname{asin}{\left(s \right)}} + 4 s \left(a_{16} + s\right) \left(a_{12} \sqrt{1 - s^{2}} + a_{23} s \tanh{\left(\sin{\left(4 s \right)} \right)} + a_{26}\right)\right) + \left(a_{9} + 2 s\right) \left(a_{14} \sin{\left(a_{29} s \right)} + a_{19} \sqrt{s} + a_{7}\right) - \tanh{\left(\operatorname{asin}{\left(\operatorname{sech}{\left(a_{31} s \right)} \right)} \right)}\right)$,$y(s) = a_{1} \operatorname{asin}{\left(\cos{\left(a_{6} + \operatorname{acos}{\left(s \right)} \right)} \right)} + a_{10} \cos{\left(a_{31} s \right)} + a_{11} \sin{\left(a_{30} s \right)} + a_{12} \sin{\left(s \left(a_{0} + \operatorname{acos}{\left(s \right)}\right) \right)} + a_{13} \sin{\left(a_{29} s \right)} + a_{24} \sin{\left(\cos{\left(a_{18} + a_{22} s \right)} \right)} + a_{27} + a_{9} \cos{\left(a_{28} s \right)} + \left(a_{20} + a_{26} s\right) \left(4 s \left(a_{17} + a_{19} s \left(a_{15} + s\right) \left(a_{16} s \tanh{\left(\sin{\left(4 s \right)} \right)} + a_{21} + a_{7} \sqrt{1 - s^{2}}\right) + a_{2} s \operatorname{asin}{\left(\operatorname{asin}{\left(\tanh{\left(s \right)} \right)} \right)} + a_{3} \sqrt{\sqrt{s} + \operatorname{asin}{\left(s \right)}}\right) + \left(a_{4} + 4 s\right) \left(a_{14} \sqrt{s} + a_{5} + a_{8} \sin{\left(a_{23} s \right)}\right) - \tanh{\left(\operatorname{asin}{\left(\operatorname{sech}{\left(a_{25} s \right)} \right)} \right)}\right)$,28,False,False
12,event65590_track299-hits,48,144,39,32,39,110,5,0.28044867104281435,1.988988249605752,1.5025706697885484,284.42531969362255,216.37017644955097,8.365450579224193,1.5566199744572011,1.6815934102412515,$y(s) = a_{1} \sin{\left(\cos{\left(a_{27} s + a_{7} \right)} \right)} + a_{12} \cos{\left(a_{36} s \right)} + a_{14} \cos{\left(a_{31} s \right)} + a_{20} \sin{\left(s \left(a_{0} + \operatorname{acos}{\left(s \right)}\right) \right)} + a_{23} \sin{\left(a_{34} s \right)} + a_{33} \operatorname{acos}{\left(\cos{\left(a_{8} + \operatorname{acos}{\left(s \right)} \right)} \right)} + a_{6} \sin{\left(a_{35} s \right)} - \left(a_{19} + a_{9} s\right) \cos{\left(a_{5} + \left(s - 2\right) \left(a_{3} s + a_{37}\right) \right)} + \left(a_{13} s + a_{16}\right) \tanh{\left(64 s - 64 \sin{\left(a_{38} s \right)} \right)} + \left(a_{30} s + a_{32}\right) \left(4 s \left(a_{2} s \operatorname{asin}{\left(\operatorname{acos}{\left(\operatorname{sech}{\left(s \right)} \right)} \right)} + a_{25} + a_{26} s \left(a_{22} + s\right) \left(a_{11} \sqrt{1 - s^{2}} + a_{15} s \tanh{\left(\sin{\left(4 s \right)} \right)} + a_{24}\right) + a_{4} \sqrt{s + \operatorname{asin}{\left(s \right)}}\right) - \left(a_{21} s - 1\right) \left(a_{10} \sin{\left(a_{28} s \right)} + a_{17} + \sqrt{s} \left(a_{18} + s\right)\right) - \tanh{\left(\operatorname{asin}{\left(\operatorname{sech}{\left(a_{29} s \right)} \right)} \right)}\right)$,$y(s) = a_{1} \operatorname{asin}{\left(\cos{\left(a_{7} + \operatorname{acos}{\left(s \right)} \right)} \right)} + a_{10} \cos{\left(a_{28} s \right)} + a_{11} \cos{\left(a_{31} s \right)} + a_{12} \sin{\left(a_{29} s \right)} + a_{13} \sin{\left(a_{30} s \right)} + a_{24} \sin{\left(\cos{\left(a_{19} + a_{22} s \right)} \right)} + a_{27} + a_{9} \sin{\left(s \left(a_{0} + \operatorname{acos}{\left(s \right)}\right) \right)} + \left(a_{20} + a_{26} s\right) \left(4 s \left(a_{17} + a_{18} s \left(a_{16} + s\right) \left(a_{14} s \tanh{\left(\sin{\left(4 s \right)} \right)} + a_{21} + a_{8} \sqrt{1 - s^{2}}\right) + a_{2} s \operatorname{asin}{\left(\operatorname{asin}{\left(\tanh{\left(s \right)} \right)} \right)} + a_{3} \sqrt{\sqrt{s} + \operatorname{asin}{\left(s \right)}}\right) + \left(a_{4} + 4 s\right) \left(a_{15} \sin{\left(a_{23} s \right)} + a_{5} + a_{6} \sqrt{s}\right) - \tanh{\left(\operatorname{asin}{\left(\operatorname{sech}{\left(a_{25} s \right)} \right)} \right)}\right)$,$y(s) = a_{1} \sin{\left(\cos{\left(a_{27} s + a_{7} \right)} \right)} + a_{12} \cos{\left(a_{36} s \right)} + a_{14} \cos{\left(a_{31} s \right)} + a_{20} \sin{\left(s \left(a_{0} + \operatorname{acos}{\left(s \right)}\right) \right)} + a_{23} \sin{\left(a_{34} s \right)} + a_{33} \operatorname{acos}{\left(\cos{\left(a_{8} + \operatorname{acos}{\left(s \right)} \right)} \right)} + a_{6} \sin{\left(a_{35} s \right)} - \left(a_{19} + a_{9} s\right) \cos{\left(a_{5} + \left(s - 2\right) \left(a_{3} s + a_{37}\right) \right)} + \left(a_{13} s + a_{16}\right) \tanh{\left(64 s - 64 \sin{\left(a_{38} s \right)} \right)} + \left(a_{30} s + a_{32}\right) \left(4 s \left(a_{2} s \operatorname{asin}{\left(\operatorname{acos}{\left(\operatorname{sech}{\left(s \right)} \right)} \right)} + a_{25} + a_{26} s \left(a_{22} + s\right) \left(a_{11} \sqrt{1 - s^{2}} + a_{15} s \tanh{\left(\sin{\left(4 s \right)} \right)} + a_{24}\right) + a_{4} \sqrt{s + \operatorname{asin}{\left(s \right)}}\right) - \left(a_{21} s - 1\right) \left(a_{10} \sin{\left(a_{28} s \right)} + a_{17} + \sqrt{s} \left(a_{18} + s\right)\right) - \tanh{\left(\operatorname{asin}{\left(\operatorname{sech}{\left(a_{29} s \right)} \right)} \right)}\right)$,34,False,False
13,event65687_track244-hits,40,120,32,32,32,96,5,1.4037764967719626,0.39158631788586057,0.09620001121671949,46.598771828417405,11.54400134600634,1.9416154928507252,0.10038262040005513,2.96228654511675,$y(s) = a_{1} \operatorname{asin}{\left(\cos{\left(a_{7} + \operatorname{acos}{\left(s \right)} \right)} \right)} + a_{10} \cos{\left(a_{28} s \right)} + a_{11} \cos{\left(a_{31} s \right)} + a_{12} \sin{\left(a_{29} s \right)} + a_{13} \sin{\left(a_{30} s \right)} + a_{24} \sin{\left(\cos{\left(a_{19} + a_{22} s \right)} \right)} + a_{27} + a_{9} \sin{\left(s \left(a_{0} + \operatorname{acos}{\left(s \right)}\right) \right)} + \left(a_{20} + a_{26} s\right) \left(4 s \left(a_{17} + a_{18} s \left(a_{16} + s\right) \left(a_{14} s \tanh{\left(\sin{\left(4 s \right)} \right)} + a_{21} + a_{8} \sqrt{1 - s^{2}}\right) + a_{2} s \operatorname{asin}{\left(\operatorname{asin}{\left(\tanh{\left(s \right)} \right)} \right)} + a_{3} \sqrt{\sqrt{s} + \operatorname{asin}{\left(s \right)}}\right) + \left(a_{4} + 4 s\right) \left(a_{15} \sin{\left(a_{23} s \right)} + a_{5} + a_{6} \sqrt{s}\right) - \tanh{\left(\operatorname{asin}{\left(\operatorname{sech}{\left(a_{25} s \right)} \right)} \right)}\right)$,$y(s) = a_{1} \operatorname{asin}{\left(\cos{\left(a_{7} + \operatorname{acos}{\left(s \right)} \right)} \right)} + a_{10} \cos{\left(a_{28} s \right)} + a_{11} \cos{\left(a_{31} s \right)} + a_{12} \sin{\left(a_{29} s \right)} + a_{13} \sin{\left(a_{30} s \right)} + a_{24} \sin{\left(\cos{\left(a_{19} + a_{22} s \right)} \right)} + a_{27} + a_{9} \sin{\left(s \left(a_{0} + \operatorname{acos}{\left(s \right)}\right) \right)} + \left(a_{20} + a_{26} s\right) \left(4 s \left(a_{17} + a_{18} s \left(a_{16} + s\right) \left(a_{14} s \tanh{\left(\sin{\left(4 s \right)} \right)} + a_{21} + a_{8} \sqrt{1 - s^{2}}\right) + a_{2} s \operatorname{asin}{\left(\operatorname{asin}{\left(\tanh{\left(s \right)} \right)} \right)} + a_{3} \sqrt{\sqrt{s} + \operatorname{asin}{\left(s \right)}}\right) + \left(a_{4} + 4 s\right) \left(a_{15} \sin{\left(a_{23} s \right)} + a_{5} + a_{6} \sqrt{s}\right) - \tanh{\left(\operatorname{asin}{\left(\operatorname{sech}{\left(a_{25} s \right)} \right)} \right)}\right)$,$y(s) = a_{1} \operatorname{asin}{\left(\cos{\left(a_{7} + \operatorname{acos}{\left(s \right)} \right)} \right)} + a_{10} \cos{\left(a_{28} s \right)} + a_{11} \cos{\left(a_{31} s \right)} + a_{12} \sin{\left(a_{29} s \right)} + a_{13} \sin{\left(a_{30} s \right)} + a_{24} \sin{\left(\cos{\left(a_{19} + a_{22} s \right)} \right)} + a_{27} + a_{9} \sin{\left(s \left(a_{0} + \operatorname{acos}{\left(s \right)}\right) \right)} + \left(a_{20} + a_{26} s\right) \left(4 s \left(a_{17} + a_{18} s \left(a_{16} + s\right) \left(a_{14} s \tanh{\left(\sin{\left(4 s \right)} \right)} + a_{21} + a_{8} \sqrt{1 - s^{2}}\right) + a_{2} s \operatorname{asin}{\left(\operatorname{asin}{\left(\tanh{\left(s \right)} \right)} \right)} + a_{3} \sqrt{\sqrt{s} + \operatorname{asin}{\left(s \right)}}\right) + \left(a_{4} + 4 s\right) \left(a_{15} \sin{\left(a_{23} s \right)} + a_{5} + a_{6} \sqrt{s}\right) - \tanh{\left(\operatorname{asin}{\left(\operatorname{sech}{\left(a_{25} s \right)} \right)} \right)}\right)$,24,False,False
14,event65732_track68-hits,44,132,39,39,32,110,5,1.9185590683297666,0.1528497312354726,0.02244114763330138,20.02331479184691,2.9622314875957825,0.9101506723566778,0.023324657382643957,3.6640991020448226,$x(s) = a_{1} \operatorname{asin}{\left(\cos{\left(a_{10} + \operatorname{acos}{\left(s \right)} \right)} \right)} + a_{15} \tanh{\left(\left(a_{28} + a_{5} s\right) \sin{\left(a_{38} s \right)} \right)} + a_{17} \cos{\left(a_{36} s \right)} + a_{2} \sin{\left(\cos{\left(a_{11} + a_{27} s \right)} \right)} + a_{21} \cos{\left(a_{33} s \right)} + a_{22} \sin{\left(s \left(a_{0} + \operatorname{acos}{\left(s \right)}\right) \right)} + a_{24} \sin{\left(a_{35} s \right)} + a_{8} \sin{\left(a_{34} s \right)} + \left(a_{13} + a_{18} s\right) \cos{\left(a_{20} + \left(a_{37} + a_{4} s\right) \left(s - 2\right) \right)} + \left(a_{30} s + a_{32}\right) \left(4 s \left(a_{25} + a_{3} s \operatorname{asin}{\left(\operatorname{asin}{\left(\tanh{\left(s \right)} \right)} \right)} + a_{6} \sqrt{s + \operatorname{asin}{\left(s \right)}} + 4 s \left(a_{16} + s\right) \left(a_{12} \sqrt{1 - s^{2}} + a_{23} s \tanh{\left(\sin{\left(4 s \right)} \right)} + a_{26}\right)\right) + \left(a_{9} + 2 s\right) \left(a_{14} \sin{\left(a_{29} s \right)} + a_{19} \sqrt{s} + a_{7}\right) - \tanh{\left(\operatorname{asin}{\left(\operatorname{sech}{\left(a_{31} s \right)} \right)} \right)}\right)$,$x(s) = a_{1} \operatorname{asin}{\left(\cos{\left(a_{10} + \operatorname{acos}{\left(s \right)} \right)} \right)} + a_{15} \tanh{\left(\left(a_{28} + a_{5} s\right) \sin{\left(a_{38} s \right)} \right)} + a_{17} \cos{\left(a_{36} s \right)} + a_{2} \sin{\left(\cos{\left(a_{11} + a_{27} s \right)} \right)} + a_{21} \cos{\left(a_{33} s \right)} + a_{22} \sin{\left(s \left(a_{0} + \operatorname{acos}{\left(s \right)}\right) \right)} + a_{24} \sin{\left(a_{35} s \right)} + a_{8} \sin{\left(a_{34} s \right)} + \left(a_{13} + a_{18} s\right) \cos{\left(a_{20} + \left(a_{37} + a_{4} s\right) \left(s - 2\right) \right)} + \left(a_{30} s + a_{32}\right) \left(4 s \left(a_{25} + a_{3} s \operatorname{asin}{\left(\operatorname{asin}{\left(\tanh{\left(s \right)} \right)} \right)} + a_{6} \sqrt{s + \operatorname{asin}{\left(s \right)}} + 4 s \left(a_{16} + s\right) \left(a_{12} \sqrt{1 - s^{2}} + a_{23} s \tanh{\left(\sin{\left(4 s \right)} \right)} + a_{26}\right)\right) + \left(a_{9} + 2 s\right) \left(a_{14} \sin{\left(a_{29} s \right)} + a_{19} \sqrt{s} + a_{7}\right) - \tanh{\left(\operatorname{asin}{\left(\operatorname{sech}{\left(a_{31} s \right)} \right)} \right)}\right)$,$y(s) = a_{1} \operatorname{asin}{\left(\cos{\left(a_{6} + \operatorname{acos}{\left(s \right)} \right)} \right)} + a_{10} \cos{\left(a_{31} s \right)} + a_{11} \sin{\left(a_{30} s \right)} + a_{12} \sin{\left(s \left(a_{0} + \operatorname{acos}{\left(s \right)}\right) \right)} + a_{13} \sin{\left(a_{29} s \right)} + a_{24} \sin{\left(\cos{\left(a_{18} + a_{22} s \right)} \right)} + a_{27} + a_{9} \cos{\left(a_{28} s \right)} + \left(a_{20} + a_{26} s\right) \left(4 s \left(a_{17} + a_{19} s \left(a_{15} + s\right) \left(a_{16} s \tanh{\left(\sin{\left(4 s \right)} \right)} + a_{21} + a_{7} \sqrt{1 - s^{2}}\right) + a_{2} s \operatorname{asin}{\left(\operatorname{asin}{\left(\tanh{\left(s \right)} \right)} \right)} + a_{3} \sqrt{\sqrt{s} + \operatorname{asin}{\left(s \right)}}\right) + \left(a_{4} + 4 s\right) \left(a_{14} \sqrt{s} + a_{5} + a_{8} \sin{\left(a_{23} s \right)}\right) - \tanh{\left(\operatorname{asin}{\left(\operatorname{sech}{\left(a_{25} s \right)} \right)} \right)}\right)$,22,False,False
15,event65753_track25-hits,45,135,39,39,39,117,5,-0.23036604977494918,21.36099909640492,26.894796707491032,2862.3738789182594,3630.7975555112894,159.0207710510144,27.929211965471456,1.7393616642969505,$x(s) = a_{1} \operatorname{asin}{\left(\cos{\left(a_{10} + \operatorname{acos}{\left(s \right)} \right)} \right)} + a_{15} \tanh{\left(\left(a_{28} + a_{5} s\right) \sin{\left(a_{38} s \right)} \right)} + a_{17} \cos{\left(a_{36} s \right)} + a_{2} \sin{\left(\cos{\left(a_{11} + a_{27} s \right)} \right)} + a_{21} \cos{\left(a_{33} s \right)} + a_{22} \sin{\left(s \left(a_{0} + \operatorname{acos}{\left(s \right)}\right) \right)} + a_{24} \sin{\left(a_{35} s \right)} + a_{8} \sin{\left(a_{34} s \right)} + \left(a_{13} + a_{18} s\right) \cos{\left(a_{20} + \left(a_{37} + a_{4} s\right) \left(s - 2\right) \right)} + \left(a_{30} s + a_{32}\right) \left(4 s \left(a_{25} + a_{3} s \operatorname{asin}{\left(\operatorname{asin}{\left(\tanh{\left(s \right)} \right)} \right)} + a_{6} \sqrt{s + \operatorname{asin}{\left(s \right)}} + 4 s \left(a_{16} + s\right) \left(a_{12} \sqrt{1 - s^{2}} + a_{23} s \tanh{\left(\sin{\left(4 s \right)} \right)} + a_{26}\right)\right) + \left(a_{9} + 2 s\right) \left(a_{14} \sin{\left(a_{29} s \right)} + a_{19} \sqrt{s} + a_{7}\right) - \tanh{\left(\operatorname{asin}{\left(\operatorname{sech}{\left(a_{31} s \right)} \right)} \right)}\right)$,$y(s) = a_{1} \sin{\left(\cos{\left(a_{27} s + a_{7} \right)} \right)} + a_{12} \cos{\left(a_{36} s \right)} + a_{14} \cos{\left(a_{31} s \right)} + a_{20} \sin{\left(s \left(a_{0} + \operatorname{acos}{\left(s \right)}\right) \right)} + a_{23} \sin{\left(a_{34} s \right)} + a_{33} \operatorname{acos}{\left(\cos{\left(a_{8} + \operatorname{acos}{\left(s \right)} \right)} \right)} + a_{6} \sin{\left(a_{35} s \right)} - \left(a_{19} + a_{9} s\right) \cos{\left(a_{5} + \left(s - 2\right) \left(a_{3} s + a_{37}\right) \right)} + \left(a_{13} s + a_{16}\right) \tanh{\left(64 s - 64 \sin{\left(a_{38} s \right)} \right)} + \left(a_{30} s + a_{32}\right) \left(4 s \left(a_{2} s \operatorname{asin}{\left(\operatorname{acos}{\left(\operatorname{sech}{\left(s \right)} \right)} \right)} + a_{25} + a_{26} s \left(a_{22} + s\right) \left(a_{11} \sqrt{1 - s^{2}} + a_{15} s \tanh{\left(\sin{\left(4 s \right)} \right)} + a_{24}\right) + a_{4} \sqrt{s + \operatorname{asin}{\left(s \right)}}\right) - \left(a_{21} s - 1\right) \left(a_{10} \sin{\left(a_{28} s \right)} + a_{17} + \sqrt{s} \left(a_{18} + s\right)\right) - \tanh{\left(\operatorname{asin}{\left(\operatorname{sech}{\left(a_{29} s \right)} \right)} \right)}\right)$,$x(s) = a_{1} \operatorname{asin}{\left(\cos{\left(a_{10} + \operatorname{acos}{\left(s \right)} \right)} \right)} + a_{15} \tanh{\left(\left(a_{28} + a_{5} s\right) \sin{\left(a_{38} s \right)} \right)} + a_{17} \cos{\left(a_{36} s \right)} + a_{2} \sin{\left(\cos{\left(a_{11} + a_{27} s \right)} \right)} + a_{21} \cos{\left(a_{33} s \right)} + a_{22} \sin{\left(s \left(a_{0} + \operatorname{acos}{\left(s \right)}\right) \right)} + a_{24} \sin{\left(a_{35} s \right)} + a_{8} \sin{\left(a_{34} s \right)} + \left(a_{13} + a_{18} s\right) \cos{\left(a_{20} + \left(a_{37} + a_{4} s\right) \left(s - 2\right) \right)} + \left(a_{30} s + a_{32}\right) \left(4 s \left(a_{25} + a_{3} s \operatorname{asin}{\left(\operatorname{asin}{\left(\tanh{\left(s \right)} \right)} \right)} + a_{6} \sqrt{s + \operatorname{asin}{\left(s \right)}} + 4 s \left(a_{16} + s\right) \left(a_{12} \sqrt{1 - s^{2}} + a_{23} s \tanh{\left(\sin{\left(4 s \right)} \right)} + a_{26}\right)\right) + \left(a_{9} + 2 s\right) \left(a_{14} \sin{\left(a_{29} s \right)} + a_{19} \sqrt{s} + a_{7}\right) - \tanh{\left(\operatorname{asin}{\left(\operatorname{sech}{\left(a_{31} s \right)} \right)} \right)}\right)$,18,False,False
16,event65824_track62-hits,46,138,42,39,42,123,5,-1.066919853637661,132.86421057143656,386.1583378983308,18202.396848286808,53289.850629969646,1213.4931232191204,400.6755686463883,1.108106314152803,$z(s) = a_{1} \operatorname{asin}{\left(\cos{\left(a_{10} + \operatorname{acos}{\left(s \right)} \right)} \right)} + a_{19} \cos{\left(a_{39} s \right)} + a_{2} \sin{\left(\cos{\left(a_{11} + a_{30} s \right)} \right)} + a_{24} \cos{\left(a_{36} s \right)} + a_{25} \sin{\left(s \left(a_{0} + \operatorname{acos}{\left(s \right)}\right) \right)} + a_{26} \sin{\left(a_{38} s \right)} + a_{8} \sin{\left(a_{37} s \right)} + \left(a_{13} + a_{20} s\right) \cos{\left(a_{22} + \left(s - 2\right) \left(a_{4} s + a_{40}\right) \right)} + \left(a_{17} s + a_{18}\right) \tanh{\left(\left(a_{15} - \sin{\left(a_{41} s \right)}\right) \left(a_{32} + a_{5} s\right) \right)} + \left(a_{34} s + a_{35}\right) \left(4 s \left(a_{28} + a_{29} s \left(a_{16} + s\right) \left(a_{12} \sqrt{1 - s^{2}} + a_{23} s \tanh{\left(\sin{\left(4 s \right)} \right)} + a_{27}\right) + a_{3} s \operatorname{asin}{\left(\operatorname{asin}{\left(\tanh{\left(s \right)} \right)} \right)} + a_{6} \sqrt{s + \operatorname{asin}{\left(s \right)}}\right) + \left(a_{9} + 2 s\right) \left(a_{14} \sin{\left(a_{31} s \right)} + a_{21} \sqrt{s} + a_{7}\right) - \tanh{\left(\operatorname{asin}{\left(\operatorname{sech}{\left(a_{33} s \right)} \right)} \right)}\right)$,$y(s) = a_{1} \sin{\left(\cos{\left(a_{27} s + a_{7} \right)} \right)} + a_{12} \cos{\left(a_{36} s \right)} + a_{14} \cos{\left(a_{31} s \right)} + a_{20} \sin{\left(s \left(a_{0} + \operatorname{acos}{\left(s \right)}\right) \right)} + a_{23} \sin{\left(a_{34} s \right)} + a_{33} \operatorname{acos}{\left(\cos{\left(a_{8} + \operatorname{acos}{\left(s \right)} \right)} \right)} + a_{6} \sin{\left(a_{35} s \right)} - \left(a_{19} + a_{9} s\right) \cos{\left(a_{5} + \left(s - 2\right) \left(a_{3} s + a_{37}\right) \right)} + \left(a_{13} s + a_{16}\right) \tanh{\left(64 s - 64 \sin{\left(a_{38} s \right)} \right)} + \left(a_{30} s + a_{32}\right) \left(4 s \left(a_{2} s \operatorname{asin}{\left(\operatorname{acos}{\left(\operatorname{sech}{\left(s \right)} \right)} \right)} + a_{25} + a_{26} s \left(a_{22} + s\right) \left(a_{11} \sqrt{1 - s^{2}} + a_{15} s \tanh{\left(\sin{\left(4 s \right)} \right)} + a_{24}\right) + a_{4} \sqrt{s + \operatorname{asin}{\left(s \right)}}\right) - \left(a_{21} s - 1\right) \left(a_{10} \sin{\left(a_{28} s \right)} + a_{17} + \sqrt{s} \left(a_{18} + s\right)\right) - \tanh{\left(\operatorname{asin}{\left(\operatorname{sech}{\left(a_{29} s \right)} \right)} \right)}\right)$,$z(s) = a_{1} \operatorname{asin}{\left(\cos{\left(a_{10} + \operatorname{acos}{\left(s \right)} \right)} \right)} + a_{19} \cos{\left(a_{39} s \right)} + a_{2} \sin{\left(\cos{\left(a_{11} + a_{30} s \right)} \right)} + a_{24} \cos{\left(a_{36} s \right)} + a_{25} \sin{\left(s \left(a_{0} + \operatorname{acos}{\left(s \right)}\right) \right)} + a_{26} \sin{\left(a_{38} s \right)} + a_{8} \sin{\left(a_{37} s \right)} + \left(a_{13} + a_{20} s\right) \cos{\left(a_{22} + \left(s - 2\right) \left(a_{4} s + a_{40}\right) \right)} + \left(a_{17} s + a_{18}\right) \tanh{\left(\left(a_{15} - \sin{\left(a_{41} s \right)}\right) \left(a_{32} + a_{5} s\right) \right)} + \left(a_{34} s + a_{35}\right) \left(4 s \left(a_{28} + a_{29} s \left(a_{16} + s\right) \left(a_{12} \sqrt{1 - s^{2}} + a_{23} s \tanh{\left(\sin{\left(4 s \right)} \right)} + a_{27}\right) + a_{3} s \operatorname{asin}{\left(\operatorname{asin}{\left(\tanh{\left(s \right)} \right)} \right)} + a_{6} \sqrt{s + \operatorname{asin}{\left(s \right)}}\right) + \left(a_{9} + 2 s\right) \left(a_{14} \sin{\left(a_{31} s \right)} + a_{21} \sqrt{s} + a_{7}\right) - \tanh{\left(\operatorname{asin}{\left(\operatorname{sech}{\left(a_{33} s \right)} \right)} \right)}\right)$,15,False,False
17,event65943_track334-hits,47,141,42,41,41,124,5,0.8314166444450445,3.8104234396107235,1.6591802872123382,533.4592815455013,233.9444204969397,31.379957737970667,1.7201795624774978,2.9037407183560164,$z(s) = a_{1} \operatorname{asin}{\left(\cos{\left(a_{10} + \operatorname{acos}{\left(s \right)} \right)} \right)} + a_{19} \cos{\left(a_{39} s \right)} + a_{2} \sin{\left(\cos{\left(a_{11} + a_{30} s \right)} \right)} + a_{24} \cos{\left(a_{36} s \right)} + a_{25} \sin{\left(s \left(a_{0} + \operatorname{acos}{\left(s \right)}\right) \right)} + a_{26} \sin{\left(a_{38} s \right)} + a_{8} \sin{\left(a_{37} s \right)} + \left(a_{13} + a_{20} s\right) \cos{\left(a_{22} + \left(s - 2\right) \left(a_{4} s + a_{40}\right) \right)} + \left(a_{17} s + a_{18}\right) \tanh{\left(\left(a_{15} - \sin{\left(a_{41} s \right)}\right) \left(a_{32} + a_{5} s\right) \right)} + \left(a_{34} s + a_{35}\right) \left(4 s \left(a_{28} + a_{29} s \left(a_{16} + s\right) \left(a_{12} \sqrt{1 - s^{2}} + a_{23} s \tanh{\left(\sin{\left(4 s \right)} \right)} + a_{27}\right) + a_{3} s \operatorname{asin}{\left(\operatorname{asin}{\left(\tanh{\left(s \right)} \right)} \right)} + a_{6} \sqrt{s + \operatorname{asin}{\left(s \right)}}\right) + \left(a_{9} + 2 s\right) \left(a_{14} \sin{\left(a_{31} s \right)} + a_{21} \sqrt{s} + a_{7}\right) - \tanh{\left(\operatorname{asin}{\left(\operatorname{sech}{\left(a_{33} s \right)} \right)} \right)}\right)$,$y(s) = a_{19} s \left(a_{9} \operatorname{asin}{\left(s \right)} + \left(a_{20} + a_{25} s \left(a_{12} + s\right)\right) \left(a_{24} s + a_{8}\right) \sin{\left(a_{13} + a_{2} s + s \operatorname{acos}{\left(s \right)} \operatorname{acos}{\left(s^{2} \right)} + \operatorname{acos}{\left(s \right)} \right)} + \sin{\left(a_{38} s \right)}\right) \operatorname{acos}{\left(s \right)} + a_{3} \tanh{\left(\sin{\left(a_{27} s \right)} \right)} + a_{39} + a_{40} s + \left(a_{23} + a_{29} \sqrt{s}\right) \operatorname{sech}{\left(a_{10} + a_{37} s \right)} - \left(a_{28} - s\right) \left(a_{14} \operatorname{acos}{\left(\sin{\left(a_{11} + a_{32} s \right)} \right)} + a_{34} \tanh{\left(\operatorname{asin}{\left(\operatorname{sech}{\left(a_{33} s \right)} \right)} \right)} - s \left(a_{0} s \left(a_{17} s^{2} + a_{18} - s\right) + a_{1} \operatorname{sech}{\left(a_{26} s \right)}\right) + \left(a_{21} + a_{5} \sin{\left(s \right)}\right) \sin{\left(a_{30} s \right)}\right) + \left(a_{22} s^{2} + a_{31}\right) \tanh{\left(a_{36} s \right)} \operatorname{acos}{\left(- s \right)} - \tanh{\left(a_{15} \sin{\left(\left(a_{16} + a_{6} s\right) \left(a_{35} + a_{4} s + a_{7} \operatorname{acos}{\left(s \right)}\right) \right)} \operatorname{sech}{\left(s \right)} \right)} + \sqrt{\operatorname{acos}{\left(s \right)}}$,$y(s) = a_{19} s \left(a_{9} \operatorname{asin}{\left(s \right)} + \left(a_{20} + a_{25} s \left(a_{12} + s\right)\right) \left(a_{24} s + a_{8}\right) \sin{\left(a_{13} + a_{2} s + s \operatorname{acos}{\left(s \right)} \operatorname{acos}{\left(s^{2} \right)} + \operatorname{acos}{\left(s \right)} \right)} + \sin{\left(a_{38} s \right)}\right) \operatorname{acos}{\left(s \right)} + a_{3} \tanh{\left(\sin{\left(a_{27} s \right)} \right)} + a_{39} + a_{40} s + \left(a_{23} + a_{29} \sqrt{s}\right) \operatorname{sech}{\left(a_{10} + a_{37} s \right)} - \left(a_{28} - s\right) \left(a_{14} \operatorname{acos}{\left(\sin{\left(a_{11} + a_{32} s \right)} \right)} + a_{34} \tanh{\left(\operatorname{asin}{\left(\operatorname{sech}{\left(a_{33} s \right)} \right)} \right)} - s \left(a_{0} s \left(a_{17} s^{2} + a_{18} - s\right) + a_{1} \operatorname{sech}{\left(a_{26} s \right)}\right) + \left(a_{21} + a_{5} \sin{\left(s \right)}\right) \sin{\left(a_{30} s \right)}\right) + \left(a_{22} s^{2} + a_{31}\right) \tanh{\left(a_{36} s \right)} \operatorname{acos}{\left(- s \right)} - \tanh{\left(a_{15} \sin{\left(\left(a_{16} + a_{6} s\right) \left(a_{35} + a_{4} s + a_{7} \operatorname{acos}{\left(s \right)}\right) \right)} \operatorname{sech}{\left(s \right)} \right)} + \sqrt{\operatorname{acos}{\left(s \right)}}$,17,False,False
18,event65952_track12-hits,24,72,16,16,16,48,5,16.26628426171424,3.007302677837877e-05,2.593102268310478e-12,0.0021351849012648926,1.867033633183544e-10,8.896603755270385e-05,2.7866173629605136e-12,17.27893680878252,$x(s) = a_{13} + \left(- s - \sin{\left(\sin{\left(\sin{\left(a_{6} + s \right)} \right)} \right)}\right) \left(a_{1} \operatorname{acos}{\left(s \right)} + a_{14} + \left(a_{0} + a_{12} \left(a_{2} - 32 s\right) \left(- \sin{\left(4 \cos{\left(s \right)} \right)} + \operatorname{sech}{\left(s \right)}\right) + a_{12} \tanh{\left(8 s \right)} + a_{15} \sqrt{1 - \cos^{2}{\left(s \right)}} + a_{3} s \left(2 s - \tanh{\left(4 s \right)}\right) \left(s - \cos{\left(a_{11} s \right)} + 2\right) + a_{4} \left(32 \operatorname{asin}{\left(s \right)} + 64\right) \left(a_{5} + s \left(a_{10} + a_{9} s \left(a_{7} + s\right) \operatorname{acos}{\left(s \right)}\right) + s + \operatorname{sech}{\left(s \right)}\right)\right) \operatorname{acos}{\left(\operatorname{sech}{\left(\cos{\left(a_{8} + s \right)} \right)} \right)}\right)$,$x(s) = a_{13} + \left(- s - \sin{\left(\sin{\left(\sin{\left(a_{6} + s \right)} \right)} \right)}\right) \left(a_{1} \operatorname{acos}{\left(s \right)} + a_{14} + \left(a_{0} + a_{12} \left(a_{2} - 32 s\right) \left(- \sin{\left(4 \cos{\left(s \right)} \right)} + \operatorname{sech}{\left(s \right)}\right) + a_{12} \tanh{\left(8 s \right)} + a_{15} \sqrt{1 - \cos^{2}{\left(s \right)}} + a_{3} s \left(2 s - \tanh{\left(4 s \right)}\right) \left(s - \cos{\left(a_{11} s \right)} + 2\right) + a_{4} \left(32 \operatorname{asin}{\left(s \right)} + 64\right) \left(a_{5} + s \left(a_{10} + a_{9} s \left(a_{7} + s\right) \operatorname{acos}{\left(s \right)}\right) + s + \operatorname{sech}{\left(s \right)}\right)\right) \operatorname{acos}{\left(\operatorname{sech}{\left(\cos{\left(a_{8} + s \right)} \right)} \right)}\right)$,$x(s) = a_{13} + \left(- s - \sin{\left(\sin{\left(\sin{\left(a_{6} + s \right)} \right)} \right)}\right) \left(a_{1} \operatorname{acos}{\left(s \right)} + a_{14} + \left(a_{0} + a_{12} \left(a_{2} - 32 s\right) \left(- \sin{\left(4 \cos{\left(s \right)} \right)} + \operatorname{sech}{\left(s \right)}\right) + a_{12} \tanh{\left(8 s \right)} + a_{15} \sqrt{1 - \cos^{2}{\left(s \right)}} + a_{3} s \left(2 s - \tanh{\left(4 s \right)}\right) \left(s - \cos{\left(a_{11} s \right)} + 2\right) + a_{4} \left(32 \operatorname{asin}{\left(s \right)} + 64\right) \left(a_{5} + s \left(a_{10} + a_{9} s \left(a_{7} + s\right) \operatorname{acos}{\left(s \right)}\right) + s + \operatorname{sech}{\left(s \right)}\right)\right) \operatorname{acos}{\left(\operatorname{sech}{\left(\cos{\left(a_{8} + s \right)} \right)} \right)}\right)$,24,False,False
19,event66001_track9-hits,50,150,39,39,39,117,5,-0.011587023692603138,26.757338396817484,27.069179476812298,3986.843421125805,4060.376921521845,120.81343700381227,28.002599458771343,1.4619501691106944,$y(s) = a_{1} \sin{\left(\cos{\left(a_{27} s + a_{7} \right)} \right)} + a_{12} \cos{\left(a_{36} s \right)} + a_{14} \cos{\left(a_{31} s \right)} + a_{20} \sin{\left(s \left(a_{0} + \operatorname{acos}{\left(s \right)}\right) \right)} + a_{23} \sin{\left(a_{34} s \right)} + a_{33} \operatorname{acos}{\left(\cos{\left(a_{8} + \operatorname{acos}{\left(s \right)} \right)} \right)} + a_{6} \sin{\left(a_{35} s \right)} - \left(a_{19} + a_{9} s\right) \cos{\left(a_{5} + \left(s - 2\right) \left(a_{3} s + a_{37}\right) \right)} + \left(a_{13} s + a_{16}\right) \tanh{\left(64 s - 64 \sin{\left(a_{38} s \right)} \right)} + \left(a_{30} s + a_{32}\right) \left(4 s \left(a_{2} s \operatorname{asin}{\left(\operatorname{acos}{\left(\operatorname{sech}{\left(s \right)} \right)} \right)} + a_{25} + a_{26} s \left(a_{22} + s\right) \left(a_{11} \sqrt{1 - s^{2}} + a_{15} s \tanh{\left(\sin{\left(4 s \right)} \right)} + a_{24}\right) + a_{4} \sqrt{s + \operatorname{asin}{\left(s \right)}}\right) - \left(a_{21} s - 1\right) \left(a_{10} \sin{\left(a_{28} s \right)} + a_{17} + \sqrt{s} \left(a_{18} + s\right)\right) - \tanh{\left(\operatorname{asin}{\left(\operatorname{sech}{\left(a_{29} s \right)} \right)} \right)}\right)$,$x(s) = a_{1} \operatorname{asin}{\left(\cos{\left(a_{10} + \operatorname{acos}{\left(s \right)} \right)} \right)} + a_{15} \tanh{\left(\left(a_{28} + a_{5} s\right) \sin{\left(a_{38} s \right)} \right)} + a_{17} \cos{\left(a_{36} s \right)} + a_{2} \sin{\left(\cos{\left(a_{11} + a_{27} s \right)} \right)} + a_{21} \cos{\left(a_{33} s \right)} + a_{22} \sin{\left(s \left(a_{0} + \operatorname{acos}{\left(s \right)}\right) \right)} + a_{24} \sin{\left(a_{35} s \right)} + a_{8} \sin{\left(a_{34} s \right)} + \left(a_{13} + a_{18} s\right) \cos{\left(a_{20} + \left(a_{37} + a_{4} s\right) \left(s - 2\right) \right)} + \left(a_{30} s + a_{32}\right) \left(4 s \left(a_{25} + a_{3} s \operatorname{asin}{\left(\operatorname{asin}{\left(\tanh{\left(s \right)} \right)} \right)} + a_{6} \sqrt{s + \operatorname{asin}{\left(s \right)}} + 4 s \left(a_{16} + s\right) \left(a_{12} \sqrt{1 - s^{2}} + a_{23} s \tanh{\left(\sin{\left(4 s \right)} \right)} + a_{26}\right)\right) + \left(a_{9} + 2 s\right) \left(a_{14} \sin{\left(a_{29} s \right)} + a_{19} \sqrt{s} + a_{7}\right) - \tanh{\left(\operatorname{asin}{\left(\operatorname{sech}{\left(a_{31} s \right)} \right)} \right)}\right)$,$y(s) = a_{1} \sin{\left(\cos{\left(a_{27} s + a_{7} \right)} \right)} + a_{12} \cos{\left(a_{36} s \right)} + a_{14} \cos{\left(a_{31} s \right)} + a_{20} \sin{\left(s \left(a_{0} + \operatorname{acos}{\left(s \right)}\right) \right)} + a_{23} \sin{\left(a_{34} s \right)} + a_{33} \operatorname{acos}{\left(\cos{\left(a_{8} + \operatorname{acos}{\left(s \right)} \right)} \right)} + a_{6} \sin{\left(a_{35} s \right)} - \left(a_{19} + a_{9} s\right) \cos{\left(a_{5} + \left(s - 2\right) \left(a_{3} s + a_{37}\right) \right)} + \left(a_{13} s + a_{16}\right) \tanh{\left(64 s - 64 \sin{\left(a_{38} s \right)} \right)} + \left(a_{30} s + a_{32}\right) \left(4 s \left(a_{2} s \operatorname{asin}{\left(\operatorname{acos}{\left(\operatorname{sech}{\left(s \right)} \right)} \right)} + a_{25} + a_{26} s \left(a_{22} + s\right) \left(a_{11} \sqrt{1 - s^{2}} + a_{15} s \tanh{\left(\sin{\left(4 s \right)} \right)} + a_{24}\right) + a_{4} \sqrt{s + \operatorname{asin}{\left(s \right)}}\right) - \left(a_{21} s - 1\right) \left(a_{10} \sin{\left(a_{28} s \right)} + a_{17} + \sqrt{s} \left(a_{18} + s\right)\right) - \tanh{\left(\operatorname{asin}{\left(\operatorname{sech}{\left(a_{29} s \right)} \right)} \right)}\right)$,33,False,False
20,event66071_track168-hits,49,147,32,39,39,110,5,0.24706851818043618,4.556913297583048,3.5593465253336203,665.309341447125,523.2239392240422,17.981333552625,3.6846756283383253,1.5851516980670726,$y(s) = a_{1} \operatorname{asin}{\left(\cos{\left(a_{7} + \operatorname{acos}{\left(s \right)} \right)} \right)} + a_{10} \cos{\left(a_{28} s \right)} + a_{11} \cos{\left(a_{31} s \right)} + a_{12} \sin{\left(a_{29} s \right)} + a_{13} \sin{\left(a_{30} s \right)} + a_{24} \sin{\left(\cos{\left(a_{19} + a_{22} s \right)} \right)} + a_{27} + a_{9} \sin{\left(s \left(a_{0} + \operatorname{acos}{\left(s \right)}\right) \right)} + \left(a_{20} + a_{26} s\right) \left(4 s \left(a_{17} + a_{18} s \left(a_{16} + s\right) \left(a_{14} s \tanh{\left(\sin{\left(4 s \right)} \right)} + a_{21} + a_{8} \sqrt{1 - s^{2}}\right) + a_{2} s \operatorname{asin}{\left(\operatorname{asin}{\left(\tanh{\left(s \right)} \right)} \right)} + a_{3} \sqrt{\sqrt{s} + \operatorname{asin}{\left(s \right)}}\right) + \left(a_{4} + 4 s\right) \left(a_{15} \sin{\left(a_{23} s \right)} + a_{5} + a_{6} \sqrt{s}\right) - \tanh{\left(\operatorname{asin}{\left(\operatorname{sech}{\left(a_{25} s \right)} \right)} \right)}\right)$,$y(s) = a_{1} \sin{\left(\cos{\left(a_{27} s + a_{7} \right)} \right)} + a_{12} \cos{\left(a_{36} s \right)} + a_{14} \cos{\left(a_{31} s \right)} + a_{20} \sin{\left(s \left(a_{0} + \operatorname{acos}{\left(s \right)}\right) \right)} + a_{23} \sin{\left(a_{34} s \right)} + a_{33} \operatorname{acos}{\left(\cos{\left(a_{8} + \operatorname{acos}{\left(s \right)} \right)} \right)} + a_{6} \sin{\left(a_{35} s \right)} - \left(a_{19} + a_{9} s\right) \cos{\left(a_{5} + \left(s - 2\right) \left(a_{3} s + a_{37}\right) \right)} + \left(a_{13} s + a_{16}\right) \tanh{\left(64 s - 64 \sin{\left(a_{38} s \right)} \right)} + \left(a_{30} s + a_{32}\right) \left(4 s \left(a_{2} s \operatorname{asin}{\left(\operatorname{acos}{\left(\operatorname{sech}{\left(s \right)} \right)} \right)} + a_{25} + a_{26} s \left(a_{22} + s\right) \left(a_{11} \sqrt{1 - s^{2}} + a_{15} s \tanh{\left(\sin{\left(4 s \right)} \right)} + a_{24}\right) + a_{4} \sqrt{s + \operatorname{asin}{\left(s \right)}}\right) - \left(a_{21} s - 1\right) \left(a_{10} \sin{\left(a_{28} s \right)} + a_{17} + \sqrt{s} \left(a_{18} + s\right)\right) - \tanh{\left(\operatorname{asin}{\left(\operatorname{sech}{\left(a_{29} s \right)} \right)} \right)}\right)$,$y(s) = a_{1} \sin{\left(\cos{\left(a_{27} s + a_{7} \right)} \right)} + a_{12} \cos{\left(a_{36} s \right)} + a_{14} \cos{\left(a_{31} s \right)} + a_{20} \sin{\left(s \left(a_{0} + \operatorname{acos}{\left(s \right)}\right) \right)} + a_{23} \sin{\left(a_{34} s \right)} + a_{33} \operatorname{acos}{\left(\cos{\left(a_{8} + \operatorname{acos}{\left(s \right)} \right)} \right)} + a_{6} \sin{\left(a_{35} s \right)} - \left(a_{19} + a_{9} s\right) \cos{\left(a_{5} + \left(s - 2\right) \left(a_{3} s + a_{37}\right) \right)} + \left(a_{13} s + a_{16}\right) \tanh{\left(64 s - 64 \sin{\left(a_{38} s \right)} \right)} + \left(a_{30} s + a_{32}\right) \left(4 s \left(a_{2} s \operatorname{asin}{\left(\operatorname{acos}{\left(\operatorname{sech}{\left(s \right)} \right)} \right)} + a_{25} + a_{26} s \left(a_{22} + s\right) \left(a_{11} \sqrt{1 - s^{2}} + a_{15} s \tanh{\left(\sin{\left(4 s \right)} \right)} + a_{24}\right) + a_{4} \sqrt{s + \operatorname{asin}{\left(s \right)}}\right) - \left(a_{21} s - 1\right) \left(a_{10} \sin{\left(a_{28} s \right)} + a_{17} + \sqrt{s} \left(a_{18} + s\right)\right) - \tanh{\left(\operatorname{asin}{\left(\operatorname{sech}{\left(a_{29} s \right)} \right)} \right)}\right)$,37,False,False
21,event66071_track78-hits,50,150,39,39,39,117,5,1.7036986174013384,4.306280967787517,0.783782304290519,641.63586420034,117.56734564357785,19.44351103637394,0.8108092803005369,3.177235810204636,$y(s) = a_{1} \sin{\left(\cos{\left(a_{27} s + a_{7} \right)} \right)} + a_{12} \cos{\left(a_{36} s \right)} + a_{14} \cos{\left(a_{31} s \right)} + a_{20} \sin{\left(s \left(a_{0} + \operatorname{acos}{\left(s \right)}\right) \right)} + a_{23} \sin{\left(a_{34} s \right)} + a_{33} \operatorname{acos}{\left(\cos{\left(a_{8} + \operatorname{acos}{\left(s \right)} \right)} \right)} + a_{6} \sin{\left(a_{35} s \right)} - \left(a_{19} + a_{9} s\right) \cos{\left(a_{5} + \left(s - 2\right) \left(a_{3} s + a_{37}\right) \right)} + \left(a_{13} s + a_{16}\right) \tanh{\left(64 s - 64 \sin{\left(a_{38} s \right)} \right)} + \left(a_{30} s + a_{32}\right) \left(4 s \left(a_{2} s \operatorname{asin}{\left(\operatorname{acos}{\left(\operatorname{sech}{\left(s \right)} \right)} \right)} + a_{25} + a_{26} s \left(a_{22} + s\right) \left(a_{11} \sqrt{1 - s^{2}} + a_{15} s \tanh{\left(\sin{\left(4 s \right)} \right)} + a_{24}\right) + a_{4} \sqrt{s + \operatorname{asin}{\left(s \right)}}\right) - \left(a_{21} s - 1\right) \left(a_{10} \sin{\left(a_{28} s \right)} + a_{17} + \sqrt{s} \left(a_{18} + s\right)\right) - \tanh{\left(\operatorname{asin}{\left(\operatorname{sech}{\left(a_{29} s \right)} \right)} \right)}\right)$,$x(s) = a_{1} \operatorname{asin}{\left(\cos{\left(a_{10} + \operatorname{acos}{\left(s \right)} \right)} \right)} + a_{15} \tanh{\left(\left(a_{28} + a_{5} s\right) \sin{\left(a_{38} s \right)} \right)} + a_{17} \cos{\left(a_{36} s \right)} + a_{2} \sin{\left(\cos{\left(a_{11} + a_{27} s \right)} \right)} + a_{21} \cos{\left(a_{33} s \right)} + a_{22} \sin{\left(s \left(a_{0} + \operatorname{acos}{\left(s \right)}\right) \right)} + a_{24} \sin{\left(a_{35} s \right)} + a_{8} \sin{\left(a_{34} s \right)} + \left(a_{13} + a_{18} s\right) \cos{\left(a_{20} + \left(a_{37} + a_{4} s\right) \left(s - 2\right) \right)} + \left(a_{30} s + a_{32}\right) \left(4 s \left(a_{25} + a_{3} s \operatorname{asin}{\left(\operatorname{asin}{\left(\tanh{\left(s \right)} \right)} \right)} + a_{6} \sqrt{s + \operatorname{asin}{\left(s \right)}} + 4 s \left(a_{16} + s\right) \left(a_{12} \sqrt{1 - s^{2}} + a_{23} s \tanh{\left(\sin{\left(4 s \right)} \right)} + a_{26}\right)\right) + \left(a_{9} + 2 s\right) \left(a_{14} \sin{\left(a_{29} s \right)} + a_{19} \sqrt{s} + a_{7}\right) - \tanh{\left(\operatorname{asin}{\left(\operatorname{sech}{\left(a_{31} s \right)} \right)} \right)}\right)$,$x(s) = a_{1} \operatorname{asin}{\left(\cos{\left(a_{10} + \operatorname{acos}{\left(s \right)} \right)} \right)} + a_{15} \tanh{\left(\left(a_{28} + a_{5} s\right) \sin{\left(a_{38} s \right)} \right)} + a_{17} \cos{\left(a_{36} s \right)} + a_{2} \sin{\left(\cos{\left(a_{11} + a_{27} s \right)} \right)} + a_{21} \cos{\left(a_{33} s \right)} + a_{22} \sin{\left(s \left(a_{0} + \operatorname{acos}{\left(s \right)}\right) \right)} + a_{24} \sin{\left(a_{35} s \right)} + a_{8} \sin{\left(a_{34} s \right)} + \left(a_{13} + a_{18} s\right) \cos{\left(a_{20} + \left(a_{37} + a_{4} s\right) \left(s - 2\right) \right)} + \left(a_{30} s + a_{32}\right) \left(4 s \left(a_{25} + a_{3} s \operatorname{asin}{\left(\operatorname{asin}{\left(\tanh{\left(s \right)} \right)} \right)} + a_{6} \sqrt{s + \operatorname{asin}{\left(s \right)}} + 4 s \left(a_{16} + s\right) \left(a_{12} \sqrt{1 - s^{2}} + a_{23} s \tanh{\left(\sin{\left(4 s \right)} \right)} + a_{26}\right)\right) + \left(a_{9} + 2 s\right) \left(a_{14} \sin{\left(a_{29} s \right)} + a_{19} \sqrt{s} + a_{7}\right) - \tanh{\left(\operatorname{asin}{\left(\operatorname{sech}{\left(a_{31} s \right)} \right)} \right)}\right)$,33,False,False
22,event66080_track50-hits,45,135,39,39,39,117,5,0.43099969469676724,11.846967261411145,7.698859590971127,1587.4936130290935,1039.3460447811021,88.19408961272741,7.994969575239248,2.4007274087686667,$x(s) = a_{1} \operatorname{asin}{\left(\cos{\left(a_{10} + \operatorname{acos}{\left(s \right)} \right)} \right)} + a_{15} \tanh{\left(\left(a_{28} + a_{5} s\right) \sin{\left(a_{38} s \right)} \right)} + a_{17} \cos{\left(a_{36} s \right)} + a_{2} \sin{\left(\cos{\left(a_{11} + a_{27} s \right)} \right)} + a_{21} \cos{\left(a_{33} s \right)} + a_{22} \sin{\left(s \left(a_{0} + \operatorname{acos}{\left(s \right)}\right) \right)} + a_{24} \sin{\left(a_{35} s \right)} + a_{8} \sin{\left(a_{34} s \right)} + \left(a_{13} + a_{18} s\right) \cos{\left(a_{20} + \left(a_{37} + a_{4} s\right) \left(s - 2\right) \right)} + \left(a_{30} s + a_{32}\right) \left(4 s \left(a_{25} + a_{3} s \operatorname{asin}{\left(\operatorname{asin}{\left(\tanh{\left(s \right)} \right)} \right)} + a_{6} \sqrt{s + \operatorname{asin}{\left(s \right)}} + 4 s \left(a_{16} + s\right) \left(a_{12} \sqrt{1 - s^{2}} + a_{23} s \tanh{\left(\sin{\left(4 s \right)} \right)} + a_{26}\right)\right) + \left(a_{9} + 2 s\right) \left(a_{14} \sin{\left(a_{29} s \right)} + a_{19} \sqrt{s} + a_{7}\right) - \tanh{\left(\operatorname{asin}{\left(\operatorname{sech}{\left(a_{31} s \right)} \right)} \right)}\right)$,$y(s) = a_{1} \sin{\left(\cos{\left(a_{27} s + a_{7} \right)} \right)} + a_{12} \cos{\left(a_{36} s \right)} + a_{14} \cos{\left(a_{31} s \right)} + a_{20} \sin{\left(s \left(a_{0} + \operatorname{acos}{\left(s \right)}\right) \right)} + a_{23} \sin{\left(a_{34} s \right)} + a_{33} \operatorname{acos}{\left(\cos{\left(a_{8} + \operatorname{acos}{\left(s \right)} \right)} \right)} + a_{6} \sin{\left(a_{35} s \right)} - \left(a_{19} + a_{9} s\right) \cos{\left(a_{5} + \left(s - 2\right) \left(a_{3} s + a_{37}\right) \right)} + \left(a_{13} s + a_{16}\right) \tanh{\left(64 s - 64 \sin{\left(a_{38} s \right)} \right)} + \left(a_{30} s + a_{32}\right) \left(4 s \left(a_{2} s \operatorname{asin}{\left(\operatorname{acos}{\left(\operatorname{sech}{\left(s \right)} \right)} \right)} + a_{25} + a_{26} s \left(a_{22} + s\right) \left(a_{11} \sqrt{1 - s^{2}} + a_{15} s \tanh{\left(\sin{\left(4 s \right)} \right)} + a_{24}\right) + a_{4} \sqrt{s + \operatorname{asin}{\left(s \right)}}\right) - \left(a_{21} s - 1\right) \left(a_{10} \sin{\left(a_{28} s \right)} + a_{17} + \sqrt{s} \left(a_{18} + s\right)\right) - \tanh{\left(\operatorname{asin}{\left(\operatorname{sech}{\left(a_{29} s \right)} \right)} \right)}\right)$,$x(s) = a_{1} \operatorname{asin}{\left(\cos{\left(a_{10} + \operatorname{acos}{\left(s \right)} \right)} \right)} + a_{15} \tanh{\left(\left(a_{28} + a_{5} s\right) \sin{\left(a_{38} s \right)} \right)} + a_{17} \cos{\left(a_{36} s \right)} + a_{2} \sin{\left(\cos{\left(a_{11} + a_{27} s \right)} \right)} + a_{21} \cos{\left(a_{33} s \right)} + a_{22} \sin{\left(s \left(a_{0} + \operatorname{acos}{\left(s \right)}\right) \right)} + a_{24} \sin{\left(a_{35} s \right)} + a_{8} \sin{\left(a_{34} s \right)} + \left(a_{13} + a_{18} s\right) \cos{\left(a_{20} + \left(a_{37} + a_{4} s\right) \left(s - 2\right) \right)} + \left(a_{30} s + a_{32}\right) \left(4 s \left(a_{25} + a_{3} s \operatorname{asin}{\left(\operatorname{asin}{\left(\tanh{\left(s \right)} \right)} \right)} + a_{6} \sqrt{s + \operatorname{asin}{\left(s \right)}} + 4 s \left(a_{16} + s\right) \left(a_{12} \sqrt{1 - s^{2}} + a_{23} s \tanh{\left(\sin{\left(4 s \right)} \right)} + a_{26}\right)\right) + \left(a_{9} + 2 s\right) \left(a_{14} \sin{\left(a_{29} s \right)} + a_{19} \sqrt{s} + a_{7}\right) - \tanh{\left(\operatorname{asin}{\left(\operatorname{sech}{\left(a_{31} s \right)} \right)} \right)}\right)$,18,False,False
23,event66093_track159-hits,50,150,39,39,39,117,5,-0.7406130259211112,6.3077474131079105,13.228738894261275,939.8543645530787,1984.3108341391912,28.480435289487232,13.684902304408215,0.7329241668821863,$y(s) = a_{1} \sin{\left(\cos{\left(a_{27} s + a_{7} \right)} \right)} + a_{12} \cos{\left(a_{36} s \right)} + a_{14} \cos{\left(a_{31} s \right)} + a_{20} \sin{\left(s \left(a_{0} + \operatorname{acos}{\left(s \right)}\right) \right)} + a_{23} \sin{\left(a_{34} s \right)} + a_{33} \operatorname{acos}{\left(\cos{\left(a_{8} + \operatorname{acos}{\left(s \right)} \right)} \right)} + a_{6} \sin{\left(a_{35} s \right)} - \left(a_{19} + a_{9} s\right) \cos{\left(a_{5} + \left(s - 2\right) \left(a_{3} s + a_{37}\right) \right)} + \left(a_{13} s + a_{16}\right) \tanh{\left(64 s - 64 \sin{\left(a_{38} s \right)} \right)} + \left(a_{30} s + a_{32}\right) \left(4 s \left(a_{2} s \operatorname{asin}{\left(\operatorname{acos}{\left(\operatorname{sech}{\left(s \right)} \right)} \right)} + a_{25} + a_{26} s \left(a_{22} + s\right) \left(a_{11} \sqrt{1 - s^{2}} + a_{15} s \tanh{\left(\sin{\left(4 s \right)} \right)} + a_{24}\right) + a_{4} \sqrt{s + \operatorname{asin}{\left(s \right)}}\right) - \left(a_{21} s - 1\right) \left(a_{10} \sin{\left(a_{28} s \right)} + a_{17} + \sqrt{s} \left(a_{18} + s\right)\right) - \tanh{\left(\operatorname{asin}{\left(\operatorname{sech}{\left(a_{29} s \right)} \right)} \right)}\right)$,$x(s) = a_{1} \operatorname{asin}{\left(\cos{\left(a_{10} + \operatorname{acos}{\left(s \right)} \right)} \right)} + a_{15} \tanh{\left(\left(a_{28} + a_{5} s\right) \sin{\left(a_{38} s \right)} \right)} + a_{17} \cos{\left(a_{36} s \right)} + a_{2} \sin{\left(\cos{\left(a_{11} + a_{27} s \right)} \right)} + a_{21} \cos{\left(a_{33} s \right)} + a_{22} \sin{\left(s \left(a_{0} + \operatorname{acos}{\left(s \right)}\right) \right)} + a_{24} \sin{\left(a_{35} s \right)} + a_{8} \sin{\left(a_{34} s \right)} + \left(a_{13} + a_{18} s\right) \cos{\left(a_{20} + \left(a_{37} + a_{4} s\right) \left(s - 2\right) \right)} + \left(a_{30} s + a_{32}\right) \left(4 s \left(a_{25} + a_{3} s \operatorname{asin}{\left(\operatorname{asin}{\left(\tanh{\left(s \right)} \right)} \right)} + a_{6} \sqrt{s + \operatorname{asin}{\left(s \right)}} + 4 s \left(a_{16} + s\right) \left(a_{12} \sqrt{1 - s^{2}} + a_{23} s \tanh{\left(\sin{\left(4 s \right)} \right)} + a_{26}\right)\right) + \left(a_{9} + 2 s\right) \left(a_{14} \sin{\left(a_{29} s \right)} + a_{19} \sqrt{s} + a_{7}\right) - \tanh{\left(\operatorname{asin}{\left(\operatorname{sech}{\left(a_{31} s \right)} \right)} \right)}\right)$,$x(s) = a_{1} \operatorname{asin}{\left(\cos{\left(a_{10} + \operatorname{acos}{\left(s \right)} \right)} \right)} + a_{15} \tanh{\left(\left(a_{28} + a_{5} s\right) \sin{\left(a_{38} s \right)} \right)} + a_{17} \cos{\left(a_{36} s \right)} + a_{2} \sin{\left(\cos{\left(a_{11} + a_{27} s \right)} \right)} + a_{21} \cos{\left(a_{33} s \right)} + a_{22} \sin{\left(s \left(a_{0} + \operatorname{acos}{\left(s \right)}\right) \right)} + a_{24} \sin{\left(a_{35} s \right)} + a_{8} \sin{\left(a_{34} s \right)} + \left(a_{13} + a_{18} s\right) \cos{\left(a_{20} + \left(a_{37} + a_{4} s\right) \left(s - 2\right) \right)} + \left(a_{30} s + a_{32}\right) \left(4 s \left(a_{25} + a_{3} s \operatorname{asin}{\left(\operatorname{asin}{\left(\tanh{\left(s \right)} \right)} \right)} + a_{6} \sqrt{s + \operatorname{asin}{\left(s \right)}} + 4 s \left(a_{16} + s\right) \left(a_{12} \sqrt{1 - s^{2}} + a_{23} s \tanh{\left(\sin{\left(4 s \right)} \right)} + a_{26}\right)\right) + \left(a_{9} + 2 s\right) \left(a_{14} \sin{\left(a_{29} s \right)} + a_{19} \sqrt{s} + a_{7}\right) - \tanh{\left(\operatorname{asin}{\left(\operatorname{sech}{\left(a_{31} s \right)} \right)} \right)}\right)$,33,False,False
24,event66122_track279-hits,44,132,39,39,39,117,5,1.1778134064825732,0.8642059739130552,0.26613341139378927,113.21098258261023,35.129610303980186,7.547398838840682,0.2766111047557495,3.306345692453735,$x(s) = a_{1} \operatorname{asin}{\left(\cos{\left(a_{10} + \operatorname{acos}{\left(s \right)} \right)} \right)} + a_{15} \tanh{\left(\left(a_{28} + a_{5} s\right) \sin{\left(a_{38} s \right)} \right)} + a_{17} \cos{\left(a_{36} s \right)} + a_{2} \sin{\left(\cos{\left(a_{11} + a_{27} s \right)} \right)} + a_{21} \cos{\left(a_{33} s \right)} + a_{22} \sin{\left(s \left(a_{0} + \operatorname{acos}{\left(s \right)}\right) \right)} + a_{24} \sin{\left(a_{35} s \right)} + a_{8} \sin{\left(a_{34} s \right)} + \left(a_{13} + a_{18} s\right) \cos{\left(a_{20} + \left(a_{37} + a_{4} s\right) \left(s - 2\right) \right)} + \left(a_{30} s + a_{32}\right) \left(4 s \left(a_{25} + a_{3} s \operatorname{asin}{\left(\operatorname{asin}{\left(\tanh{\left(s \right)} \right)} \right)} + a_{6} \sqrt{s + \operatorname{asin}{\left(s \right)}} + 4 s \left(a_{16} + s\right) \left(a_{12} \sqrt{1 - s^{2}} + a_{23} s \tanh{\left(\sin{\left(4 s \right)} \right)} + a_{26}\right)\right) + \left(a_{9} + 2 s\right) \left(a_{14} \sin{\left(a_{29} s \right)} + a_{19} \sqrt{s} + a_{7}\right) - \tanh{\left(\operatorname{asin}{\left(\operatorname{sech}{\left(a_{31} s \right)} \right)} \right)}\right)$,$y(s) = a_{1} \sin{\left(\cos{\left(a_{27} s + a_{7} \right)} \right)} + a_{12} \cos{\left(a_{36} s \right)} + a_{14} \cos{\left(a_{31} s \right)} + a_{20} \sin{\left(s \left(a_{0} + \operatorname{acos}{\left(s \right)}\right) \right)} + a_{23} \sin{\left(a_{34} s \right)} + a_{33} \operatorname{acos}{\left(\cos{\left(a_{8} + \operatorname{acos}{\left(s \right)} \right)} \right)} + a_{6} \sin{\left(a_{35} s \right)} - \left(a_{19} + a_{9} s\right) \cos{\left(a_{5} + \left(s - 2\right) \left(a_{3} s + a_{37}\right) \right)} + \left(a_{13} s + a_{16}\right) \tanh{\left(64 s - 64 \sin{\left(a_{38} s \right)} \right)} + \left(a_{30} s + a_{32}\right) \left(4 s \left(a_{2} s \operatorname{asin}{\left(\operatorname{acos}{\left(\operatorname{sech}{\left(s \right)} \right)} \right)} + a_{25} + a_{26} s \left(a_{22} + s\right) \left(a_{11} \sqrt{1 - s^{2}} + a_{15} s \tanh{\left(\sin{\left(4 s \right)} \right)} + a_{24}\right) + a_{4} \sqrt{s + \operatorname{asin}{\left(s \right)}}\right) - \left(a_{21} s - 1\right) \left(a_{10} \sin{\left(a_{28} s \right)} + a_{17} + \sqrt{s} \left(a_{18} + s\right)\right) - \tanh{\left(\operatorname{asin}{\left(\operatorname{sech}{\left(a_{29} s \right)} \right)} \right)}\right)$,$x(s) = a_{1} \operatorname{asin}{\left(\cos{\left(a_{10} + \operatorname{acos}{\left(s \right)} \right)} \right)} + a_{15} \tanh{\left(\left(a_{28} + a_{5} s\right) \sin{\left(a_{38} s \right)} \right)} + a_{17} \cos{\left(a_{36} s \right)} + a_{2} \sin{\left(\cos{\left(a_{11} + a_{27} s \right)} \right)} + a_{21} \cos{\left(a_{33} s \right)} + a_{22} \sin{\left(s \left(a_{0} + \operatorname{acos}{\left(s \right)}\right) \right)} + a_{24} \sin{\left(a_{35} s \right)} + a_{8} \sin{\left(a_{34} s \right)} + \left(a_{13} + a_{18} s\right) \cos{\left(a_{20} + \left(a_{37} + a_{4} s\right) \left(s - 2\right) \right)} + \left(a_{30} s + a_{32}\right) \left(4 s \left(a_{25} + a_{3} s \operatorname{asin}{\left(\operatorname{asin}{\left(\tanh{\left(s \right)} \right)} \right)} + a_{6} \sqrt{s + \operatorname{asin}{\left(s \right)}} + 4 s \left(a_{16} + s\right) \left(a_{12} \sqrt{1 - s^{2}} + a_{23} s \tanh{\left(\sin{\left(4 s \right)} \right)} + a_{26}\right)\right) + \left(a_{9} + 2 s\right) \left(a_{14} \sin{\left(a_{29} s \right)} + a_{19} \sqrt{s} + a_{7}\right) - \tanh{\left(\operatorname{asin}{\left(\operatorname{sech}{\left(a_{31} s \right)} \right)} \right)}\right)$,15,False,False
25,event66126_track80-hits,49,147,39,39,42,120,5,-0.23432953399668735,6.114516218010615,7.729121330030203,892.7193678295498,1136.1808355144399,33.063680289983324,8.00127348953831,1.4188346925298443,$y(s) = a_{1} \sin{\left(\cos{\left(a_{27} s + a_{7} \right)} \right)} + a_{12} \cos{\left(a_{36} s \right)} + a_{14} \cos{\left(a_{31} s \right)} + a_{20} \sin{\left(s \left(a_{0} + \operatorname{acos}{\left(s \right)}\right) \right)} + a_{23} \sin{\left(a_{34} s \right)} + a_{33} \operatorname{acos}{\left(\cos{\left(a_{8} + \operatorname{acos}{\left(s \right)} \right)} \right)} + a_{6} \sin{\left(a_{35} s \right)} - \left(a_{19} + a_{9} s\right) \cos{\left(a_{5} + \left(s - 2\right) \left(a_{3} s + a_{37}\right) \right)} + \left(a_{13} s + a_{16}\right) \tanh{\left(64 s - 64 \sin{\left(a_{38} s \right)} \right)} + \left(a_{30} s + a_{32}\right) \left(4 s \left(a_{2} s \operatorname{asin}{\left(\operatorname{acos}{\left(\operatorname{sech}{\left(s \right)} \right)} \right)} + a_{25} + a_{26} s \left(a_{22} + s\right) \left(a_{11} \sqrt{1 - s^{2}} + a_{15} s \tanh{\left(\sin{\left(4 s \right)} \right)} + a_{24}\right) + a_{4} \sqrt{s + \operatorname{asin}{\left(s \right)}}\right) - \left(a_{21} s - 1\right) \left(a_{10} \sin{\left(a_{28} s \right)} + a_{17} + \sqrt{s} \left(a_{18} + s\right)\right) - \tanh{\left(\operatorname{asin}{\left(\operatorname{sech}{\left(a_{29} s \right)} \right)} \right)}\right)$,$y(s) = a_{1} \sin{\left(\cos{\left(a_{27} s + a_{7} \right)} \right)} + a_{12} \cos{\left(a_{36} s \right)} + a_{14} \cos{\left(a_{31} s \right)} + a_{20} \sin{\left(s \left(a_{0} + \operatorname{acos}{\left(s \right)}\right) \right)} + a_{23} \sin{\left(a_{34} s \right)} + a_{33} \operatorname{acos}{\left(\cos{\left(a_{8} + \operatorname{acos}{\left(s \right)} \right)} \right)} + a_{6} \sin{\left(a_{35} s \right)} - \left(a_{19} + a_{9} s\right) \cos{\left(a_{5} + \left(s - 2\right) \left(a_{3} s + a_{37}\right) \right)} + \left(a_{13} s + a_{16}\right) \tanh{\left(64 s - 64 \sin{\left(a_{38} s \right)} \right)} + \left(a_{30} s + a_{32}\right) \left(4 s \left(a_{2} s \operatorname{asin}{\left(\operatorname{acos}{\left(\operatorname{sech}{\left(s \right)} \right)} \right)} + a_{25} + a_{26} s \left(a_{22} + s\right) \left(a_{11} \sqrt{1 - s^{2}} + a_{15} s \tanh{\left(\sin{\left(4 s \right)} \right)} + a_{24}\right) + a_{4} \sqrt{s + \operatorname{asin}{\left(s \right)}}\right) - \left(a_{21} s - 1\right) \left(a_{10} \sin{\left(a_{28} s \right)} + a_{17} + \sqrt{s} \left(a_{18} + s\right)\right) - \tanh{\left(\operatorname{asin}{\left(\operatorname{sech}{\left(a_{29} s \right)} \right)} \right)}\right)$,$z(s) = a_{1} \operatorname{asin}{\left(\cos{\left(a_{10} + \operatorname{acos}{\left(s \right)} \right)} \right)} + a_{19} \cos{\left(a_{39} s \right)} + a_{2} \sin{\left(\cos{\left(a_{11} + a_{30} s \right)} \right)} + a_{24} \cos{\left(a_{36} s \right)} + a_{25} \sin{\left(s \left(a_{0} + \operatorname{acos}{\left(s \right)}\right) \right)} + a_{26} \sin{\left(a_{38} s \right)} + a_{8} \sin{\left(a_{37} s \right)} + \left(a_{13} + a_{20} s\right) \cos{\left(a_{22} + \left(s - 2\right) \left(a_{4} s + a_{40}\right) \right)} + \left(a_{17} s + a_{18}\right) \tanh{\left(\left(a_{15} - \sin{\left(a_{41} s \right)}\right) \left(a_{32} + a_{5} s\right) \right)} + \left(a_{34} s + a_{35}\right) \left(4 s \left(a_{28} + a_{29} s \left(a_{16} + s\right) \left(a_{12} \sqrt{1 - s^{2}} + a_{23} s \tanh{\left(\sin{\left(4 s \right)} \right)} + a_{27}\right) + a_{3} s \operatorname{asin}{\left(\operatorname{asin}{\left(\tanh{\left(s \right)} \right)} \right)} + a_{6} \sqrt{s + \operatorname{asin}{\left(s \right)}}\right) + \left(a_{9} + 2 s\right) \left(a_{14} \sin{\left(a_{31} s \right)} + a_{21} \sqrt{s} + a_{7}\right) - \tanh{\left(\operatorname{asin}{\left(\operatorname{sech}{\left(a_{33} s \right)} \right)} \right)}\right)$,27,False,False
26,event66223_track50-hits,50,150,42,39,39,120,5,-0.16229338633534607,81.84570066340125,96.26734471390563,12195.009398846785,14440.101707085845,406.50031329489286,99.58690832472996,1.4065539862722765,$z(s) = a_{1} \operatorname{asin}{\left(\cos{\left(a_{10} + \operatorname{acos}{\left(s \right)} \right)} \right)} + a_{19} \cos{\left(a_{39} s \right)} + a_{2} \sin{\left(\cos{\left(a_{11} + a_{30} s \right)} \right)} + a_{24} \cos{\left(a_{36} s \right)} + a_{25} \sin{\left(s \left(a_{0} + \operatorname{acos}{\left(s \right)}\right) \right)} + a_{26} \sin{\left(a_{38} s \right)} + a_{8} \sin{\left(a_{37} s \right)} + \left(a_{13} + a_{20} s\right) \cos{\left(a_{22} + \left(s - 2\right) \left(a_{4} s + a_{40}\right) \right)} + \left(a_{17} s + a_{18}\right) \tanh{\left(\left(a_{15} - \sin{\left(a_{41} s \right)}\right) \left(a_{32} + a_{5} s\right) \right)} + \left(a_{34} s + a_{35}\right) \left(4 s \left(a_{28} + a_{29} s \left(a_{16} + s\right) \left(a_{12} \sqrt{1 - s^{2}} + a_{23} s \tanh{\left(\sin{\left(4 s \right)} \right)} + a_{27}\right) + a_{3} s \operatorname{asin}{\left(\operatorname{asin}{\left(\tanh{\left(s \right)} \right)} \right)} + a_{6} \sqrt{s + \operatorname{asin}{\left(s \right)}}\right) + \left(a_{9} + 2 s\right) \left(a_{14} \sin{\left(a_{31} s \right)} + a_{21} \sqrt{s} + a_{7}\right) - \tanh{\left(\operatorname{asin}{\left(\operatorname{sech}{\left(a_{33} s \right)} \right)} \right)}\right)$,$x(s) = a_{1} \operatorname{asin}{\left(\cos{\left(a_{10} + \operatorname{acos}{\left(s \right)} \right)} \right)} + a_{15} \tanh{\left(\left(a_{28} + a_{5} s\right) \sin{\left(a_{38} s \right)} \right)} + a_{17} \cos{\left(a_{36} s \right)} + a_{2} \sin{\left(\cos{\left(a_{11} + a_{27} s \right)} \right)} + a_{21} \cos{\left(a_{33} s \right)} + a_{22} \sin{\left(s \left(a_{0} + \operatorname{acos}{\left(s \right)}\right) \right)} + a_{24} \sin{\left(a_{35} s \right)} + a_{8} \sin{\left(a_{34} s \right)} + \left(a_{13} + a_{18} s\right) \cos{\left(a_{20} + \left(a_{37} + a_{4} s\right) \left(s - 2\right) \right)} + \left(a_{30} s + a_{32}\right) \left(4 s \left(a_{25} + a_{3} s \operatorname{asin}{\left(\operatorname{asin}{\left(\tanh{\left(s \right)} \right)} \right)} + a_{6} \sqrt{s + \operatorname{asin}{\left(s \right)}} + 4 s \left(a_{16} + s\right) \left(a_{12} \sqrt{1 - s^{2}} + a_{23} s \tanh{\left(\sin{\left(4 s \right)} \right)} + a_{26}\right)\right) + \left(a_{9} + 2 s\right) \left(a_{14} \sin{\left(a_{29} s \right)} + a_{19} \sqrt{s} + a_{7}\right) - \tanh{\left(\operatorname{asin}{\left(\operatorname{sech}{\left(a_{31} s \right)} \right)} \right)}\right)$,$y(s) = a_{1} \sin{\left(\cos{\left(a_{27} s + a_{7} \right)} \right)} + a_{12} \cos{\left(a_{36} s \right)} + a_{14} \cos{\left(a_{31} s \right)} + a_{20} \sin{\left(s \left(a_{0} + \operatorname{acos}{\left(s \right)}\right) \right)} + a_{23} \sin{\left(a_{34} s \right)} + a_{33} \operatorname{acos}{\left(\cos{\left(a_{8} + \operatorname{acos}{\left(s \right)} \right)} \right)} + a_{6} \sin{\left(a_{35} s \right)} - \left(a_{19} + a_{9} s\right) \cos{\left(a_{5} + \left(s - 2\right) \left(a_{3} s + a_{37}\right) \right)} + \left(a_{13} s + a_{16}\right) \tanh{\left(64 s - 64 \sin{\left(a_{38} s \right)} \right)} + \left(a_{30} s + a_{32}\right) \left(4 s \left(a_{2} s \operatorname{asin}{\left(\operatorname{acos}{\left(\operatorname{sech}{\left(s \right)} \right)} \right)} + a_{25} + a_{26} s \left(a_{22} + s\right) \left(a_{11} \sqrt{1 - s^{2}} + a_{15} s \tanh{\left(\sin{\left(4 s \right)} \right)} + a_{24}\right) + a_{4} \sqrt{s + \operatorname{asin}{\left(s \right)}}\right) - \left(a_{21} s - 1\right) \left(a_{10} \sin{\left(a_{28} s \right)} + a_{17} + \sqrt{s} \left(a_{18} + s\right)\right) - \tanh{\left(\operatorname{asin}{\left(\operatorname{sech}{\left(a_{29} s \right)} \right)} \right)}\right)$,30,False,False
27,event66314_track100-hits,25,75,16,16,3,35,5,13.165721741464708,5.521241694915984e-07,1.0573930617977036e-12,4.085718854237828e-05,7.930447963482777e-11,1.021429713559457e-06,1.1329211376403968e-12,13.71191450906799,$x(s) = a_{13} + \left(- s - \sin{\left(\sin{\left(\sin{\left(a_{6} + s \right)} \right)} \right)}\right) \left(a_{1} \operatorname{acos}{\left(s \right)} + a_{14} + \left(a_{0} + a_{12} \left(a_{2} - 32 s\right) \left(- \sin{\left(4 \cos{\left(s \right)} \right)} + \operatorname{sech}{\left(s \right)}\right) + a_{12} \tanh{\left(8 s \right)} + a_{15} \sqrt{1 - \cos^{2}{\left(s \right)}} + a_{3} s \left(2 s - \tanh{\left(4 s \right)}\right) \left(s - \cos{\left(a_{11} s \right)} + 2\right) + a_{4} \left(32 \operatorname{asin}{\left(s \right)} + 64\right) \left(a_{5} + s \left(a_{10} + a_{9} s \left(a_{7} + s\right) \operatorname{acos}{\left(s \right)}\right) + s + \operatorname{sech}{\left(s \right)}\right)\right) \operatorname{acos}{\left(\operatorname{sech}{\left(\cos{\left(a_{8} + s \right)} \right)} \right)}\right)$,$x(s) = a_{13} + \left(- s - \sin{\left(\sin{\left(\sin{\left(a_{6} + s \right)} \right)} \right)}\right) \left(a_{1} \operatorname{acos}{\left(s \right)} + a_{14} + \left(a_{0} + a_{12} \left(a_{2} - 32 s\right) \left(- \sin{\left(4 \cos{\left(s \right)} \right)} + \operatorname{sech}{\left(s \right)}\right) + a_{12} \tanh{\left(8 s \right)} + a_{15} \sqrt{1 - \cos^{2}{\left(s \right)}} + a_{3} s \left(2 s - \tanh{\left(4 s \right)}\right) \left(s - \cos{\left(a_{11} s \right)} + 2\right) + a_{4} \left(32 \operatorname{asin}{\left(s \right)} + 64\right) \left(a_{5} + s \left(a_{10} + a_{9} s \left(a_{7} + s\right) \operatorname{acos}{\left(s \right)}\right) + s + \operatorname{sech}{\left(s \right)}\right)\right) \operatorname{acos}{\left(\operatorname{sech}{\left(\cos{\left(a_{8} + s \right)} \right)} \right)}\right)$,$x(s) = a_{0} + s \left(a_{1} + a_{2} s\right)$,40,False,False
28,event66317_track376-hits,50,150,39,39,39,117,5,1.905348152509404,0.18119770773411556,0.02695693494360192,26.99845845238322,4.043540241540288,0.8181351046176732,0.027886484424415783,3.3788853453127015,$y(s) = a_{1} \sin{\left(\cos{\left(a_{27} s + a_{7} \right)} \right)} + a_{12} \cos{\left(a_{36} s \right)} + a_{14} \cos{\left(a_{31} s \right)} + a_{20} \sin{\left(s \left(a_{0} + \operatorname{acos}{\left(s \right)}\right) \right)} + a_{23} \sin{\left(a_{34} s \right)} + a_{33} \operatorname{acos}{\left(\cos{\left(a_{8} + \operatorname{acos}{\left(s \right)} \right)} \right)} + a_{6} \sin{\left(a_{35} s \right)} - \left(a_{19} + a_{9} s\right) \cos{\left(a_{5} + \left(s - 2\right) \left(a_{3} s + a_{37}\right) \right)} + \left(a_{13} s + a_{16}\right) \tanh{\left(64 s - 64 \sin{\left(a_{38} s \right)} \right)} + \left(a_{30} s + a_{32}\right) \left(4 s \left(a_{2} s \operatorname{asin}{\left(\operatorname{acos}{\left(\operatorname{sech}{\left(s \right)} \right)} \right)} + a_{25} + a_{26} s \left(a_{22} + s\right) \left(a_{11} \sqrt{1 - s^{2}} + a_{15} s \tanh{\left(\sin{\left(4 s \right)} \right)} + a_{24}\right) + a_{4} \sqrt{s + \operatorname{asin}{\left(s \right)}}\right) - \left(a_{21} s - 1\right) \left(a_{10} \sin{\left(a_{28} s \right)} + a_{17} + \sqrt{s} \left(a_{18} + s\right)\right) - \tanh{\left(\operatorname{asin}{\left(\operatorname{sech}{\left(a_{29} s \right)} \right)} \right)}\right)$,$x(s) = a_{1} \operatorname{asin}{\left(\cos{\left(a_{10} + \operatorname{acos}{\left(s \right)} \right)} \right)} + a_{15} \tanh{\left(\left(a_{28} + a_{5} s\right) \sin{\left(a_{38} s \right)} \right)} + a_{17} \cos{\left(a_{36} s \right)} + a_{2} \sin{\left(\cos{\left(a_{11} + a_{27} s \right)} \right)} + a_{21} \cos{\left(a_{33} s \right)} + a_{22} \sin{\left(s \left(a_{0} + \operatorname{acos}{\left(s \right)}\right) \right)} + a_{24} \sin{\left(a_{35} s \right)} + a_{8} \sin{\left(a_{34} s \right)} + \left(a_{13} + a_{18} s\right) \cos{\left(a_{20} + \left(a_{37} + a_{4} s\right) \left(s - 2\right) \right)} + \left(a_{30} s + a_{32}\right) \left(4 s \left(a_{25} + a_{3} s \operatorname{asin}{\left(\operatorname{asin}{\left(\tanh{\left(s \right)} \right)} \right)} + a_{6} \sqrt{s + \operatorname{asin}{\left(s \right)}} + 4 s \left(a_{16} + s\right) \left(a_{12} \sqrt{1 - s^{2}} + a_{23} s \tanh{\left(\sin{\left(4 s \right)} \right)} + a_{26}\right)\right) + \left(a_{9} + 2 s\right) \left(a_{14} \sin{\left(a_{29} s \right)} + a_{19} \sqrt{s} + a_{7}\right) - \tanh{\left(\operatorname{asin}{\left(\operatorname{sech}{\left(a_{31} s \right)} \right)} \right)}\right)$,$x(s) = a_{1} \operatorname{asin}{\left(\cos{\left(a_{10} + \operatorname{acos}{\left(s \right)} \right)} \right)} + a_{15} \tanh{\left(\left(a_{28} + a_{5} s\right) \sin{\left(a_{38} s \right)} \right)} + a_{17} \cos{\left(a_{36} s \right)} + a_{2} \sin{\left(\cos{\left(a_{11} + a_{27} s \right)} \right)} + a_{21} \cos{\left(a_{33} s \right)} + a_{22} \sin{\left(s \left(a_{0} + \operatorname{acos}{\left(s \right)}\right) \right)} + a_{24} \sin{\left(a_{35} s \right)} + a_{8} \sin{\left(a_{34} s \right)} + \left(a_{13} + a_{18} s\right) \cos{\left(a_{20} + \left(a_{37} + a_{4} s\right) \left(s - 2\right) \right)} + \left(a_{30} s + a_{32}\right) \left(4 s \left(a_{25} + a_{3} s \operatorname{asin}{\left(\operatorname{asin}{\left(\tanh{\left(s \right)} \right)} \right)} + a_{6} \sqrt{s + \operatorname{asin}{\left(s \right)}} + 4 s \left(a_{16} + s\right) \left(a_{12} \sqrt{1 - s^{2}} + a_{23} s \tanh{\left(\sin{\left(4 s \right)} \right)} + a_{26}\right)\right) + \left(a_{9} + 2 s\right) \left(a_{14} \sin{\left(a_{29} s \right)} + a_{19} \sqrt{s} + a_{7}\right) - \tanh{\left(\operatorname{asin}{\left(\operatorname{sech}{\left(a_{31} s \right)} \right)} \right)}\right)$,33,False,False
29,event66342_track15-hits,45,135,39,41,39,119,5,0.031154793038171334,127.22345051330142,123.32093689508459,17047.94236878239,16648.32648083642,1065.4963980488994,128.06404985258783,2.1186655427664545,$x(s) = a_{1} \operatorname{asin}{\left(\cos{\left(a_{10} + \operatorname{acos}{\left(s \right)} \right)} \right)} + a_{15} \tanh{\left(\left(a_{28} + a_{5} s\right) \sin{\left(a_{38} s \right)} \right)} + a_{17} \cos{\left(a_{36} s \right)} + a_{2} \sin{\left(\cos{\left(a_{11} + a_{27} s \right)} \right)} + a_{21} \cos{\left(a_{33} s \right)} + a_{22} \sin{\left(s \left(a_{0} + \operatorname{acos}{\left(s \right)}\right) \right)} + a_{24} \sin{\left(a_{35} s \right)} + a_{8} \sin{\left(a_{34} s \right)} + \left(a_{13} + a_{18} s\right) \cos{\left(a_{20} + \left(a_{37} + a_{4} s\right) \left(s - 2\right) \right)} + \left(a_{30} s + a_{32}\right) \left(4 s \left(a_{25} + a_{3} s \operatorname{asin}{\left(\operatorname{asin}{\left(\tanh{\left(s \right)} \right)} \right)} + a_{6} \sqrt{s + \operatorname{asin}{\left(s \right)}} + 4 s \left(a_{16} + s\right) \left(a_{12} \sqrt{1 - s^{2}} + a_{23} s \tanh{\left(\sin{\left(4 s \right)} \right)} + a_{26}\right)\right) + \left(a_{9} + 2 s\right) \left(a_{14} \sin{\left(a_{29} s \right)} + a_{19} \sqrt{s} + a_{7}\right) - \tanh{\left(\operatorname{asin}{\left(\operatorname{sech}{\left(a_{31} s \right)} \right)} \right)}\right)$,$y(s) = a_{19} s \left(a_{9} \operatorname{asin}{\left(s \right)} + \left(a_{20} + a_{25} s \left(a_{12} + s\right)\right) \left(a_{24} s + a_{8}\right) \sin{\left(a_{13} + a_{2} s + s \operatorname{acos}{\left(s \right)} \operatorname{acos}{\left(s^{2} \right)} + \operatorname{acos}{\left(s \right)} \right)} + \sin{\left(a_{38} s \right)}\right) \operatorname{acos}{\left(s \right)} + a_{3} \tanh{\left(\sin{\left(a_{27} s \right)} \right)} + a_{39} + a_{40} s + \left(a_{23} + a_{29} \sqrt{s}\right) \operatorname{sech}{\left(a_{10} + a_{37} s \right)} - \left(a_{28} - s\right) \left(a_{14} \operatorname{acos}{\left(\sin{\left(a_{11} + a_{32} s \right)} \right)} + a_{34} \tanh{\left(\operatorname{asin}{\left(\operatorname{sech}{\left(a_{33} s \right)} \right)} \right)} - s \left(a_{0} s \left(a_{17} s^{2} + a_{18} - s\right) + a_{1} \operatorname{sech}{\left(a_{26} s \right)}\right) + \left(a_{21} + a_{5} \sin{\left(s \right)}\right) \sin{\left(a_{30} s \right)}\right) + \left(a_{22} s^{2} + a_{31}\right) \tanh{\left(a_{36} s \right)} \operatorname{acos}{\left(- s \right)} - \tanh{\left(a_{15} \sin{\left(\left(a_{16} + a_{6} s\right) \left(a_{35} + a_{4} s + a_{7} \operatorname{acos}{\left(s \right)}\right) \right)} \operatorname{sech}{\left(s \right)} \right)} + \sqrt{\operatorname{acos}{\left(s \right)}}$,$x(s) = a_{1} \operatorname{asin}{\left(\cos{\left(a_{10} + \operatorname{acos}{\left(s \right)} \right)} \right)} + a_{15} \tanh{\left(\left(a_{28} + a_{5} s\right) \sin{\left(a_{38} s \right)} \right)} + a_{17} \cos{\left(a_{36} s \right)} + a_{2} \sin{\left(\cos{\left(a_{11} + a_{27} s \right)} \right)} + a_{21} \cos{\left(a_{33} s \right)} + a_{22} \sin{\left(s \left(a_{0} + \operatorname{acos}{\left(s \right)}\right) \right)} + a_{24} \sin{\left(a_{35} s \right)} + a_{8} \sin{\left(a_{34} s \right)} + \left(a_{13} + a_{18} s\right) \cos{\left(a_{20} + \left(a_{37} + a_{4} s\right) \left(s - 2\right) \right)} + \left(a_{30} s + a_{32}\right) \left(4 s \left(a_{25} + a_{3} s \operatorname{asin}{\left(\operatorname{asin}{\left(\tanh{\left(s \right)} \right)} \right)} + a_{6} \sqrt{s + \operatorname{asin}{\left(s \right)}} + 4 s \left(a_{16} + s\right) \left(a_{12} \sqrt{1 - s^{2}} + a_{23} s \tanh{\left(\sin{\left(4 s \right)} \right)} + a_{26}\right)\right) + \left(a_{9} + 2 s\right) \left(a_{14} \sin{\left(a_{29} s \right)} + a_{19} \sqrt{s} + a_{7}\right) - \tanh{\left(\operatorname{asin}{\left(\operatorname{sech}{\left(a_{31} s \right)} \right)} \right)}\right)$,16,False,False
30,event66401_track60-hits,49,147,39,32,39,110,5,-0.10369871788363927,3.4432058321853685,3.8194318578833633,502.7080514990638,561.4564831088544,13.586704094569292,3.9539188951327775,1.2343844620029971,$x(s) = a_{1} \operatorname{asin}{\left(\cos{\left(a_{10} + \operatorname{acos}{\left(s \right)} \right)} \right)} + a_{15} \tanh{\left(\left(a_{28} + a_{5} s\right) \sin{\left(a_{38} s \right)} \right)} + a_{17} \cos{\left(a_{36} s \right)} + a_{2} \sin{\left(\cos{\left(a_{11} + a_{27} s \right)} \right)} + a_{21} \cos{\left(a_{33} s \right)} + a_{22} \sin{\left(s \left(a_{0} + \operatorname{acos}{\left(s \right)}\right) \right)} + a_{24} \sin{\left(a_{35} s \right)} + a_{8} \sin{\left(a_{34} s \right)} + \left(a_{13} + a_{18} s\right) \cos{\left(a_{20} + \left(a_{37} + a_{4} s\right) \left(s - 2\right) \right)} + \left(a_{30} s + a_{32}\right) \left(4 s \left(a_{25} + a_{3} s \operatorname{asin}{\left(\operatorname{asin}{\left(\tanh{\left(s \right)} \right)} \right)} + a_{6} \sqrt{s + \operatorname{asin}{\left(s \right)}} + 4 s \left(a_{16} + s\right) \left(a_{12} \sqrt{1 - s^{2}} + a_{23} s \tanh{\left(\sin{\left(4 s \right)} \right)} + a_{26}\right)\right) + \left(a_{9} + 2 s\right) \left(a_{14} \sin{\left(a_{29} s \right)} + a_{19} \sqrt{s} + a_{7}\right) - \tanh{\left(\operatorname{asin}{\left(\operatorname{sech}{\left(a_{31} s \right)} \right)} \right)}\right)$,$y(s) = a_{1} \operatorname{asin}{\left(\cos{\left(a_{6} + \operatorname{acos}{\left(s \right)} \right)} \right)} + a_{10} \cos{\left(a_{31} s \right)} + a_{11} \sin{\left(a_{30} s \right)} + a_{12} \sin{\left(s \left(a_{0} + \operatorname{acos}{\left(s \right)}\right) \right)} + a_{13} \sin{\left(a_{29} s \right)} + a_{24} \sin{\left(\cos{\left(a_{18} + a_{22} s \right)} \right)} + a_{27} + a_{9} \cos{\left(a_{28} s \right)} + \left(a_{20} + a_{26} s\right) \left(4 s \left(a_{17} + a_{19} s \left(a_{15} + s\right) \left(a_{16} s \tanh{\left(\sin{\left(4 s \right)} \right)} + a_{21} + a_{7} \sqrt{1 - s^{2}}\right) + a_{2} s \operatorname{asin}{\left(\operatorname{asin}{\left(\tanh{\left(s \right)} \right)} \right)} + a_{3} \sqrt{\sqrt{s} + \operatorname{asin}{\left(s \right)}}\right) + \left(a_{4} + 4 s\right) \left(a_{14} \sqrt{s} + a_{5} + a_{8} \sin{\left(a_{23} s \right)}\right) - \tanh{\left(\operatorname{asin}{\left(\operatorname{sech}{\left(a_{25} s \right)} \right)} \right)}\right)$,$y(s) = a_{1} \sin{\left(\cos{\left(a_{27} s + a_{7} \right)} \right)} + a_{12} \cos{\left(a_{36} s \right)} + a_{14} \cos{\left(a_{31} s \right)} + a_{20} \sin{\left(s \left(a_{0} + \operatorname{acos}{\left(s \right)}\right) \right)} + a_{23} \sin{\left(a_{34} s \right)} + a_{33} \operatorname{acos}{\left(\cos{\left(a_{8} + \operatorname{acos}{\left(s \right)} \right)} \right)} + a_{6} \sin{\left(a_{35} s \right)} - \left(a_{19} + a_{9} s\right) \cos{\left(a_{5} + \left(s - 2\right) \left(a_{3} s + a_{37}\right) \right)} + \left(a_{13} s + a_{16}\right) \tanh{\left(64 s - 64 \sin{\left(a_{38} s \right)} \right)} + \left(a_{30} s + a_{32}\right) \left(4 s \left(a_{2} s \operatorname{asin}{\left(\operatorname{acos}{\left(\operatorname{sech}{\left(s \right)} \right)} \right)} + a_{25} + a_{26} s \left(a_{22} + s\right) \left(a_{11} \sqrt{1 - s^{2}} + a_{15} s \tanh{\left(\sin{\left(4 s \right)} \right)} + a_{24}\right) + a_{4} \sqrt{s + \operatorname{asin}{\left(s \right)}}\right) - \left(a_{21} s - 1\right) \left(a_{10} \sin{\left(a_{28} s \right)} + a_{17} + \sqrt{s} \left(a_{18} + s\right)\right) - \tanh{\left(\operatorname{asin}{\left(\operatorname{sech}{\left(a_{29} s \right)} \right)} \right)}\right)$,37,False,False
31,event66405_track129-hits,50,150,39,39,39,117,5,-0.08853481867166617,5.328523201164572,5.821796816804849,793.9499569735212,873.2695225207273,24.05908960525822,6.022548431177429,1.3850023741316315,$x(s) = a_{1} \operatorname{asin}{\left(\cos{\left(a_{10} + \operatorname{acos}{\left(s \right)} \right)} \right)} + a_{15} \tanh{\left(\left(a_{28} + a_{5} s\right) \sin{\left(a_{38} s \right)} \right)} + a_{17} \cos{\left(a_{36} s \right)} + a_{2} \sin{\left(\cos{\left(a_{11} + a_{27} s \right)} \right)} + a_{21} \cos{\left(a_{33} s \right)} + a_{22} \sin{\left(s \left(a_{0} + \operatorname{acos}{\left(s \right)}\right) \right)} + a_{24} \sin{\left(a_{35} s \right)} + a_{8} \sin{\left(a_{34} s \right)} + \left(a_{13} + a_{18} s\right) \cos{\left(a_{20} + \left(a_{37} + a_{4} s\right) \left(s - 2\right) \right)} + \left(a_{30} s + a_{32}\right) \left(4 s \left(a_{25} + a_{3} s \operatorname{asin}{\left(\operatorname{asin}{\left(\tanh{\left(s \right)} \right)} \right)} + a_{6} \sqrt{s + \operatorname{asin}{\left(s \right)}} + 4 s \left(a_{16} + s\right) \left(a_{12} \sqrt{1 - s^{2}} + a_{23} s \tanh{\left(\sin{\left(4 s \right)} \right)} + a_{26}\right)\right) + \left(a_{9} + 2 s\right) \left(a_{14} \sin{\left(a_{29} s \right)} + a_{19} \sqrt{s} + a_{7}\right) - \tanh{\left(\operatorname{asin}{\left(\operatorname{sech}{\left(a_{31} s \right)} \right)} \right)}\right)$,$y(s) = a_{1} \sin{\left(\cos{\left(a_{27} s + a_{7} \right)} \right)} + a_{12} \cos{\left(a_{36} s \right)} + a_{14} \cos{\left(a_{31} s \right)} + a_{20} \sin{\left(s \left(a_{0} + \operatorname{acos}{\left(s \right)}\right) \right)} + a_{23} \sin{\left(a_{34} s \right)} + a_{33} \operatorname{acos}{\left(\cos{\left(a_{8} + \operatorname{acos}{\left(s \right)} \right)} \right)} + a_{6} \sin{\left(a_{35} s \right)} - \left(a_{19} + a_{9} s\right) \cos{\left(a_{5} + \left(s - 2\right) \left(a_{3} s + a_{37}\right) \right)} + \left(a_{13} s + a_{16}\right) \tanh{\left(64 s - 64 \sin{\left(a_{38} s \right)} \right)} + \left(a_{30} s + a_{32}\right) \left(4 s \left(a_{2} s \operatorname{asin}{\left(\operatorname{acos}{\left(\operatorname{sech}{\left(s \right)} \right)} \right)} + a_{25} + a_{26} s \left(a_{22} + s\right) \left(a_{11} \sqrt{1 - s^{2}} + a_{15} s \tanh{\left(\sin{\left(4 s \right)} \right)} + a_{24}\right) + a_{4} \sqrt{s + \operatorname{asin}{\left(s \right)}}\right) - \left(a_{21} s - 1\right) \left(a_{10} \sin{\left(a_{28} s \right)} + a_{17} + \sqrt{s} \left(a_{18} + s\right)\right) - \tanh{\left(\operatorname{asin}{\left(\operatorname{sech}{\left(a_{29} s \right)} \right)} \right)}\right)$,$x(s) = a_{1} \operatorname{asin}{\left(\cos{\left(a_{10} + \operatorname{acos}{\left(s \right)} \right)} \right)} + a_{15} \tanh{\left(\left(a_{28} + a_{5} s\right) \sin{\left(a_{38} s \right)} \right)} + a_{17} \cos{\left(a_{36} s \right)} + a_{2} \sin{\left(\cos{\left(a_{11} + a_{27} s \right)} \right)} + a_{21} \cos{\left(a_{33} s \right)} + a_{22} \sin{\left(s \left(a_{0} + \operatorname{acos}{\left(s \right)}\right) \right)} + a_{24} \sin{\left(a_{35} s \right)} + a_{8} \sin{\left(a_{34} s \right)} + \left(a_{13} + a_{18} s\right) \cos{\left(a_{20} + \left(a_{37} + a_{4} s\right) \left(s - 2\right) \right)} + \left(a_{30} s + a_{32}\right) \left(4 s \left(a_{25} + a_{3} s \operatorname{asin}{\left(\operatorname{asin}{\left(\tanh{\left(s \right)} \right)} \right)} + a_{6} \sqrt{s + \operatorname{asin}{\left(s \right)}} + 4 s \left(a_{16} + s\right) \left(a_{12} \sqrt{1 - s^{2}} + a_{23} s \tanh{\left(\sin{\left(4 s \right)} \right)} + a_{26}\right)\right) + \left(a_{9} + 2 s\right) \left(a_{14} \sin{\left(a_{29} s \right)} + a_{19} \sqrt{s} + a_{7}\right) - \tanh{\left(\operatorname{asin}{\left(\operatorname{sech}{\left(a_{31} s \right)} \right)} \right)}\right)$,33,False,False
32,event66432_track416-hits,50,150,39,39,39,117,5,1.2399536967952727,2.0798576412556438,0.6019058464637292,309.89878854709093,90.28587696955938,9.390872380214876,0.6226612204797198,2.7134908895985705,$y(s) = a_{1} \sin{\left(\cos{\left(a_{27} s + a_{7} \right)} \right)} + a_{12} \cos{\left(a_{36} s \right)} + a_{14} \cos{\left(a_{31} s \right)} + a_{20} \sin{\left(s \left(a_{0} + \operatorname{acos}{\left(s \right)}\right) \right)} + a_{23} \sin{\left(a_{34} s \right)} + a_{33} \operatorname{acos}{\left(\cos{\left(a_{8} + \operatorname{acos}{\left(s \right)} \right)} \right)} + a_{6} \sin{\left(a_{35} s \right)} - \left(a_{19} + a_{9} s\right) \cos{\left(a_{5} + \left(s - 2\right) \left(a_{3} s + a_{37}\right) \right)} + \left(a_{13} s + a_{16}\right) \tanh{\left(64 s - 64 \sin{\left(a_{38} s \right)} \right)} + \left(a_{30} s + a_{32}\right) \left(4 s \left(a_{2} s \operatorname{asin}{\left(\operatorname{acos}{\left(\operatorname{sech}{\left(s \right)} \right)} \right)} + a_{25} + a_{26} s \left(a_{22} + s\right) \left(a_{11} \sqrt{1 - s^{2}} + a_{15} s \tanh{\left(\sin{\left(4 s \right)} \right)} + a_{24}\right) + a_{4} \sqrt{s + \operatorname{asin}{\left(s \right)}}\right) - \left(a_{21} s - 1\right) \left(a_{10} \sin{\left(a_{28} s \right)} + a_{17} + \sqrt{s} \left(a_{18} + s\right)\right) - \tanh{\left(\operatorname{asin}{\left(\operatorname{sech}{\left(a_{29} s \right)} \right)} \right)}\right)$,$y(s) = a_{1} \sin{\left(\cos{\left(a_{27} s + a_{7} \right)} \right)} + a_{12} \cos{\left(a_{36} s \right)} + a_{14} \cos{\left(a_{31} s \right)} + a_{20} \sin{\left(s \left(a_{0} + \operatorname{acos}{\left(s \right)}\right) \right)} + a_{23} \sin{\left(a_{34} s \right)} + a_{33} \operatorname{acos}{\left(\cos{\left(a_{8} + \operatorname{acos}{\left(s \right)} \right)} \right)} + a_{6} \sin{\left(a_{35} s \right)} - \left(a_{19} + a_{9} s\right) \cos{\left(a_{5} + \left(s - 2\right) \left(a_{3} s + a_{37}\right) \right)} + \left(a_{13} s + a_{16}\right) \tanh{\left(64 s - 64 \sin{\left(a_{38} s \right)} \right)} + \left(a_{30} s + a_{32}\right) \left(4 s \left(a_{2} s \operatorname{asin}{\left(\operatorname{acos}{\left(\operatorname{sech}{\left(s \right)} \right)} \right)} + a_{25} + a_{26} s \left(a_{22} + s\right) \left(a_{11} \sqrt{1 - s^{2}} + a_{15} s \tanh{\left(\sin{\left(4 s \right)} \right)} + a_{24}\right) + a_{4} \sqrt{s + \operatorname{asin}{\left(s \right)}}\right) - \left(a_{21} s - 1\right) \left(a_{10} \sin{\left(a_{28} s \right)} + a_{17} + \sqrt{s} \left(a_{18} + s\right)\right) - \tanh{\left(\operatorname{asin}{\left(\operatorname{sech}{\left(a_{29} s \right)} \right)} \right)}\right)$,$y(s) = a_{1} \sin{\left(\cos{\left(a_{27} s + a_{7} \right)} \right)} + a_{12} \cos{\left(a_{36} s \right)} + a_{14} \cos{\left(a_{31} s \right)} + a_{20} \sin{\left(s \left(a_{0} + \operatorname{acos}{\left(s \right)}\right) \right)} + a_{23} \sin{\left(a_{34} s \right)} + a_{33} \operatorname{acos}{\left(\cos{\left(a_{8} + \operatorname{acos}{\left(s \right)} \right)} \right)} + a_{6} \sin{\left(a_{35} s \right)} - \left(a_{19} + a_{9} s\right) \cos{\left(a_{5} + \left(s - 2\right) \left(a_{3} s + a_{37}\right) \right)} + \left(a_{13} s + a_{16}\right) \tanh{\left(64 s - 64 \sin{\left(a_{38} s \right)} \right)} + \left(a_{30} s + a_{32}\right) \left(4 s \left(a_{2} s \operatorname{asin}{\left(\operatorname{acos}{\left(\operatorname{sech}{\left(s \right)} \right)} \right)} + a_{25} + a_{26} s \left(a_{22} + s\right) \left(a_{11} \sqrt{1 - s^{2}} + a_{15} s \tanh{\left(\sin{\left(4 s \right)} \right)} + a_{24}\right) + a_{4} \sqrt{s + \operatorname{asin}{\left(s \right)}}\right) - \left(a_{21} s - 1\right) \left(a_{10} \sin{\left(a_{28} s \right)} + a_{17} + \sqrt{s} \left(a_{18} + s\right)\right) - \tanh{\left(\operatorname{asin}{\left(\operatorname{sech}{\left(a_{29} s \right)} \right)} \right)}\right)$,33,False,False
33,event66542_track408-hits,50,150,39,32,39,110,5,1.2363832987969354,1.0559093048095778,0.30667062110023285,157.33048641662708,46.00059316503493,3.9332621604156772,0.31724547010368914,2.517548598952777,$y(s) = a_{1} \sin{\left(\cos{\left(a_{27} s + a_{7} \right)} \right)} + a_{12} \cos{\left(a_{36} s \right)} + a_{14} \cos{\left(a_{31} s \right)} + a_{20} \sin{\left(s \left(a_{0} + \operatorname{acos}{\left(s \right)}\right) \right)} + a_{23} \sin{\left(a_{34} s \right)} + a_{33} \operatorname{acos}{\left(\cos{\left(a_{8} + \operatorname{acos}{\left(s \right)} \right)} \right)} + a_{6} \sin{\left(a_{35} s \right)} - \left(a_{19} + a_{9} s\right) \cos{\left(a_{5} + \left(s - 2\right) \left(a_{3} s + a_{37}\right) \right)} + \left(a_{13} s + a_{16}\right) \tanh{\left(64 s - 64 \sin{\left(a_{38} s \right)} \right)} + \left(a_{30} s + a_{32}\right) \left(4 s \left(a_{2} s \operatorname{asin}{\left(\operatorname{acos}{\left(\operatorname{sech}{\left(s \right)} \right)} \right)} + a_{25} + a_{26} s \left(a_{22} + s\right) \left(a_{11} \sqrt{1 - s^{2}} + a_{15} s \tanh{\left(\sin{\left(4 s \right)} \right)} + a_{24}\right) + a_{4} \sqrt{s + \operatorname{asin}{\left(s \right)}}\right) - \left(a_{21} s - 1\right) \left(a_{10} \sin{\left(a_{28} s \right)} + a_{17} + \sqrt{s} \left(a_{18} + s\right)\right) - \tanh{\left(\operatorname{asin}{\left(\operatorname{sech}{\left(a_{29} s \right)} \right)} \right)}\right)$,$y(s) = a_{1} \operatorname{asin}{\left(\cos{\left(a_{7} + \operatorname{acos}{\left(s \right)} \right)} \right)} + a_{10} \cos{\left(a_{28} s \right)} + a_{11} \cos{\left(a_{31} s \right)} + a_{12} \sin{\left(a_{29} s \right)} + a_{13} \sin{\left(a_{30} s \right)} + a_{24} \sin{\left(\cos{\left(a_{19} + a_{22} s \right)} \right)} + a_{27} + a_{9} \sin{\left(s \left(a_{0} + \operatorname{acos}{\left(s \right)}\right) \right)} + \left(a_{20} + a_{26} s\right) \left(4 s \left(a_{17} + a_{18} s \left(a_{16} + s\right) \left(a_{14} s \tanh{\left(\sin{\left(4 s \right)} \right)} + a_{21} + a_{8} \sqrt{1 - s^{2}}\right) + a_{2} s \operatorname{asin}{\left(\operatorname{asin}{\left(\tanh{\left(s \right)} \right)} \right)} + a_{3} \sqrt{\sqrt{s} + \operatorname{asin}{\left(s \right)}}\right) + \left(a_{4} + 4 s\right) \left(a_{15} \sin{\left(a_{23} s \right)} + a_{5} + a_{6} \sqrt{s}\right) - \tanh{\left(\operatorname{asin}{\left(\operatorname{sech}{\left(a_{25} s \right)} \right)} \right)}\right)$,$x(s) = a_{1} \operatorname{asin}{\left(\cos{\left(a_{10} + \operatorname{acos}{\left(s \right)} \right)} \right)} + a_{15} \tanh{\left(\left(a_{28} + a_{5} s\right) \sin{\left(a_{38} s \right)} \right)} + a_{17} \cos{\left(a_{36} s \right)} + a_{2} \sin{\left(\cos{\left(a_{11} + a_{27} s \right)} \right)} + a_{21} \cos{\left(a_{33} s \right)} + a_{22} \sin{\left(s \left(a_{0} + \operatorname{acos}{\left(s \right)}\right) \right)} + a_{24} \sin{\left(a_{35} s \right)} + a_{8} \sin{\left(a_{34} s \right)} + \left(a_{13} + a_{18} s\right) \cos{\left(a_{20} + \left(a_{37} + a_{4} s\right) \left(s - 2\right) \right)} + \left(a_{30} s + a_{32}\right) \left(4 s \left(a_{25} + a_{3} s \operatorname{asin}{\left(\operatorname{asin}{\left(\tanh{\left(s \right)} \right)} \right)} + a_{6} \sqrt{s + \operatorname{asin}{\left(s \right)}} + 4 s \left(a_{16} + s\right) \left(a_{12} \sqrt{1 - s^{2}} + a_{23} s \tanh{\left(\sin{\left(4 s \right)} \right)} + a_{26}\right)\right) + \left(a_{9} + 2 s\right) \left(a_{14} \sin{\left(a_{29} s \right)} + a_{19} \sqrt{s} + a_{7}\right) - \tanh{\left(\operatorname{asin}{\left(\operatorname{sech}{\left(a_{31} s \right)} \right)} \right)}\right)$,40,False,False
34,event66557_track123-hits,43,129,39,39,39,117,5,-2.398146195607029,29.299143285572242,322.3714563447837,3750.290340553247,41585.9178684771,312.5241950461039,335.3703053909444,-0.07055342023204755,$y(s) = a_{1} \sin{\left(\cos{\left(a_{27} s + a_{7} \right)} \right)} + a_{12} \cos{\left(a_{36} s \right)} + a_{14} \cos{\left(a_{31} s \right)} + a_{20} \sin{\left(s \left(a_{0} + \operatorname{acos}{\left(s \right)}\right) \right)} + a_{23} \sin{\left(a_{34} s \right)} + a_{33} \operatorname{acos}{\left(\cos{\left(a_{8} + \operatorname{acos}{\left(s \right)} \right)} \right)} + a_{6} \sin{\left(a_{35} s \right)} - \left(a_{19} + a_{9} s\right) \cos{\left(a_{5} + \left(s - 2\right) \left(a_{3} s + a_{37}\right) \right)} + \left(a_{13} s + a_{16}\right) \tanh{\left(64 s - 64 \sin{\left(a_{38} s \right)} \right)} + \left(a_{30} s + a_{32}\right) \left(4 s \left(a_{2} s \operatorname{asin}{\left(\operatorname{acos}{\left(\operatorname{sech}{\left(s \right)} \right)} \right)} + a_{25} + a_{26} s \left(a_{22} + s\right) \left(a_{11} \sqrt{1 - s^{2}} + a_{15} s \tanh{\left(\sin{\left(4 s \right)} \right)} + a_{24}\right) + a_{4} \sqrt{s + \operatorname{asin}{\left(s \right)}}\right) - \left(a_{21} s - 1\right) \left(a_{10} \sin{\left(a_{28} s \right)} + a_{17} + \sqrt{s} \left(a_{18} + s\right)\right) - \tanh{\left(\operatorname{asin}{\left(\operatorname{sech}{\left(a_{29} s \right)} \right)} \right)}\right)$,$y(s) = a_{1} \sin{\left(\cos{\left(a_{27} s + a_{7} \right)} \right)} + a_{12} \cos{\left(a_{36} s \right)} + a_{14} \cos{\left(a_{31} s \right)} + a_{20} \sin{\left(s \left(a_{0} + \operatorname{acos}{\left(s \right)}\right) \right)} + a_{23} \sin{\left(a_{34} s \right)} + a_{33} \operatorname{acos}{\left(\cos{\left(a_{8} + \operatorname{acos}{\left(s \right)} \right)} \right)} + a_{6} \sin{\left(a_{35} s \right)} - \left(a_{19} + a_{9} s\right) \cos{\left(a_{5} + \left(s - 2\right) \left(a_{3} s + a_{37}\right) \right)} + \left(a_{13} s + a_{16}\right) \tanh{\left(64 s - 64 \sin{\left(a_{38} s \right)} \right)} + \left(a_{30} s + a_{32}\right) \left(4 s \left(a_{2} s \operatorname{asin}{\left(\operatorname{acos}{\left(\operatorname{sech}{\left(s \right)} \right)} \right)} + a_{25} + a_{26} s \left(a_{22} + s\right) \left(a_{11} \sqrt{1 - s^{2}} + a_{15} s \tanh{\left(\sin{\left(4 s \right)} \right)} + a_{24}\right) + a_{4} \sqrt{s + \operatorname{asin}{\left(s \right)}}\right) - \left(a_{21} s - 1\right) \left(a_{10} \sin{\left(a_{28} s \right)} + a_{17} + \sqrt{s} \left(a_{18} + s\right)\right) - \tanh{\left(\operatorname{asin}{\left(\operatorname{sech}{\left(a_{29} s \right)} \right)} \right)}\right)$,$y(s) = a_{1} \sin{\left(\cos{\left(a_{27} s + a_{7} \right)} \right)} + a_{12} \cos{\left(a_{36} s \right)} + a_{14} \cos{\left(a_{31} s \right)} + a_{20} \sin{\left(s \left(a_{0} + \operatorname{acos}{\left(s \right)}\right) \right)} + a_{23} \sin{\left(a_{34} s \right)} + a_{33} \operatorname{acos}{\left(\cos{\left(a_{8} + \operatorname{acos}{\left(s \right)} \right)} \right)} + a_{6} \sin{\left(a_{35} s \right)} - \left(a_{19} + a_{9} s\right) \cos{\left(a_{5} + \left(s - 2\right) \left(a_{3} s + a_{37}\right) \right)} + \left(a_{13} s + a_{16}\right) \tanh{\left(64 s - 64 \sin{\left(a_{38} s \right)} \right)} + \left(a_{30} s + a_{32}\right) \left(4 s \left(a_{2} s \operatorname{asin}{\left(\operatorname{acos}{\left(\operatorname{sech}{\left(s \right)} \right)} \right)} + a_{25} + a_{26} s \left(a_{22} + s\right) \left(a_{11} \sqrt{1 - s^{2}} + a_{15} s \tanh{\left(\sin{\left(4 s \right)} \right)} + a_{24}\right) + a_{4} \sqrt{s + \operatorname{asin}{\left(s \right)}}\right) - \left(a_{21} s - 1\right) \left(a_{10} \sin{\left(a_{28} s \right)} + a_{17} + \sqrt{s} \left(a_{18} + s\right)\right) - \tanh{\left(\operatorname{asin}{\left(\operatorname{sech}{\left(a_{29} s \right)} \right)} \right)}\right)$,12,False,False
35,event66590_track253-hits,50,150,39,39,39,117,5,0.963418402825815,33.01061943526828,12.596398099139485,4918.582295854974,1889.4597148709227,149.04794835924164,13.030756654282225,2.4369555956291125,$y(s) = a_{1} \sin{\left(\cos{\left(a_{27} s + a_{7} \right)} \right)} + a_{12} \cos{\left(a_{36} s \right)} + a_{14} \cos{\left(a_{31} s \right)} + a_{20} \sin{\left(s \left(a_{0} + \operatorname{acos}{\left(s \right)}\right) \right)} + a_{23} \sin{\left(a_{34} s \right)} + a_{33} \operatorname{acos}{\left(\cos{\left(a_{8} + \operatorname{acos}{\left(s \right)} \right)} \right)} + a_{6} \sin{\left(a_{35} s \right)} - \left(a_{19} + a_{9} s\right) \cos{\left(a_{5} + \left(s - 2\right) \left(a_{3} s + a_{37}\right) \right)} + \left(a_{13} s + a_{16}\right) \tanh{\left(64 s - 64 \sin{\left(a_{38} s \right)} \right)} + \left(a_{30} s + a_{32}\right) \left(4 s \left(a_{2} s \operatorname{asin}{\left(\operatorname{acos}{\left(\operatorname{sech}{\left(s \right)} \right)} \right)} + a_{25} + a_{26} s \left(a_{22} + s\right) \left(a_{11} \sqrt{1 - s^{2}} + a_{15} s \tanh{\left(\sin{\left(4 s \right)} \right)} + a_{24}\right) + a_{4} \sqrt{s + \operatorname{asin}{\left(s \right)}}\right) - \left(a_{21} s - 1\right) \left(a_{10} \sin{\left(a_{28} s \right)} + a_{17} + \sqrt{s} \left(a_{18} + s\right)\right) - \tanh{\left(\operatorname{asin}{\left(\operatorname{sech}{\left(a_{29} s \right)} \right)} \right)}\right)$,$x(s) = a_{1} \operatorname{asin}{\left(\cos{\left(a_{10} + \operatorname{acos}{\left(s \right)} \right)} \right)} + a_{15} \tanh{\left(\left(a_{28} + a_{5} s\right) \sin{\left(a_{38} s \right)} \right)} + a_{17} \cos{\left(a_{36} s \right)} + a_{2} \sin{\left(\cos{\left(a_{11} + a_{27} s \right)} \right)} + a_{21} \cos{\left(a_{33} s \right)} + a_{22} \sin{\left(s \left(a_{0} + \operatorname{acos}{\left(s \right)}\right) \right)} + a_{24} \sin{\left(a_{35} s \right)} + a_{8} \sin{\left(a_{34} s \right)} + \left(a_{13} + a_{18} s\right) \cos{\left(a_{20} + \left(a_{37} + a_{4} s\right) \left(s - 2\right) \right)} + \left(a_{30} s + a_{32}\right) \left(4 s \left(a_{25} + a_{3} s \operatorname{asin}{\left(\operatorname{asin}{\left(\tanh{\left(s \right)} \right)} \right)} + a_{6} \sqrt{s + \operatorname{asin}{\left(s \right)}} + 4 s \left(a_{16} + s\right) \left(a_{12} \sqrt{1 - s^{2}} + a_{23} s \tanh{\left(\sin{\left(4 s \right)} \right)} + a_{26}\right)\right) + \left(a_{9} + 2 s\right) \left(a_{14} \sin{\left(a_{29} s \right)} + a_{19} \sqrt{s} + a_{7}\right) - \tanh{\left(\operatorname{asin}{\left(\operatorname{sech}{\left(a_{31} s \right)} \right)} \right)}\right)$,$x(s) = a_{1} \operatorname{asin}{\left(\cos{\left(a_{10} + \operatorname{acos}{\left(s \right)} \right)} \right)} + a_{15} \tanh{\left(\left(a_{28} + a_{5} s\right) \sin{\left(a_{38} s \right)} \right)} + a_{17} \cos{\left(a_{36} s \right)} + a_{2} \sin{\left(\cos{\left(a_{11} + a_{27} s \right)} \right)} + a_{21} \cos{\left(a_{33} s \right)} + a_{22} \sin{\left(s \left(a_{0} + \operatorname{acos}{\left(s \right)}\right) \right)} + a_{24} \sin{\left(a_{35} s \right)} + a_{8} \sin{\left(a_{34} s \right)} + \left(a_{13} + a_{18} s\right) \cos{\left(a_{20} + \left(a_{37} + a_{4} s\right) \left(s - 2\right) \right)} + \left(a_{30} s + a_{32}\right) \left(4 s \left(a_{25} + a_{3} s \operatorname{asin}{\left(\operatorname{asin}{\left(\tanh{\left(s \right)} \right)} \right)} + a_{6} \sqrt{s + \operatorname{asin}{\left(s \right)}} + 4 s \left(a_{16} + s\right) \left(a_{12} \sqrt{1 - s^{2}} + a_{23} s \tanh{\left(\sin{\left(4 s \right)} \right)} + a_{26}\right)\right) + \left(a_{9} + 2 s\right) \left(a_{14} \sin{\left(a_{29} s \right)} + a_{19} \sqrt{s} + a_{7}\right) - \tanh{\left(\operatorname{asin}{\left(\operatorname{sech}{\left(a_{31} s \right)} \right)} \right)}\right)$,33,False,False
36,event66644_track111-hits,47,141,39,16,16,71,5,1.07328856855443,0.004150745760849649,0.001419066769459211,0.5811044065189508,0.20008841449374876,0.008301491521699298,0.0014712383418657997,1.730330744472259,$y(s) = a_{1} \sin{\left(\cos{\left(a_{27} s + a_{7} \right)} \right)} + a_{12} \cos{\left(a_{36} s \right)} + a_{14} \cos{\left(a_{31} s \right)} + a_{20} \sin{\left(s \left(a_{0} + \operatorname{acos}{\left(s \right)}\right) \right)} + a_{23} \sin{\left(a_{34} s \right)} + a_{33} \operatorname{acos}{\left(\cos{\left(a_{8} + \operatorname{acos}{\left(s \right)} \right)} \right)} + a_{6} \sin{\left(a_{35} s \right)} - \left(a_{19} + a_{9} s\right) \cos{\left(a_{5} + \left(s - 2\right) \left(a_{3} s + a_{37}\right) \right)} + \left(a_{13} s + a_{16}\right) \tanh{\left(64 s - 64 \sin{\left(a_{38} s \right)} \right)} + \left(a_{30} s + a_{32}\right) \left(4 s \left(a_{2} s \operatorname{asin}{\left(\operatorname{acos}{\left(\operatorname{sech}{\left(s \right)} \right)} \right)} + a_{25} + a_{26} s \left(a_{22} + s\right) \left(a_{11} \sqrt{1 - s^{2}} + a_{15} s \tanh{\left(\sin{\left(4 s \right)} \right)} + a_{24}\right) + a_{4} \sqrt{s + \operatorname{asin}{\left(s \right)}}\right) - \left(a_{21} s - 1\right) \left(a_{10} \sin{\left(a_{28} s \right)} + a_{17} + \sqrt{s} \left(a_{18} + s\right)\right) - \tanh{\left(\operatorname{asin}{\left(\operatorname{sech}{\left(a_{29} s \right)} \right)} \right)}\right)$,$x(s) = a_{13} + \left(- s - \sin{\left(\sin{\left(\sin{\left(a_{6} + s \right)} \right)} \right)}\right) \left(a_{1} \operatorname{acos}{\left(s \right)} + a_{14} + \left(a_{0} + a_{12} \left(a_{2} - 32 s\right) \left(- \sin{\left(4 \cos{\left(s \right)} \right)} + \operatorname{sech}{\left(s \right)}\right) + a_{12} \tanh{\left(8 s \right)} + a_{15} \sqrt{1 - \cos^{2}{\left(s \right)}} + a_{3} s \left(2 s - \tanh{\left(4 s \right)}\right) \left(s - \cos{\left(a_{11} s \right)} + 2\right) + a_{4} \left(32 \operatorname{asin}{\left(s \right)} + 64\right) \left(a_{5} + s \left(a_{10} + a_{9} s \left(a_{7} + s\right) \operatorname{acos}{\left(s \right)}\right) + s + \operatorname{sech}{\left(s \right)}\right)\right) \operatorname{acos}{\left(\operatorname{sech}{\left(\cos{\left(a_{8} + s \right)} \right)} \right)}\right)$,$x(s) = a_{13} + \left(- s - \sin{\left(\sin{\left(\sin{\left(a_{6} + s \right)} \right)} \right)}\right) \left(a_{1} \operatorname{acos}{\left(s \right)} + a_{14} + \left(a_{0} + a_{12} \left(a_{2} - 32 s\right) \left(- \sin{\left(4 \cos{\left(s \right)} \right)} + \operatorname{sech}{\left(s \right)}\right) + a_{12} \tanh{\left(8 s \right)} + a_{15} \sqrt{1 - \cos^{2}{\left(s \right)}} + a_{3} s \left(2 s - \tanh{\left(4 s \right)}\right) \left(s - \cos{\left(a_{11} s \right)} + 2\right) + a_{4} \left(32 \operatorname{asin}{\left(s \right)} + 64\right) \left(a_{5} + s \left(a_{10} + a_{9} s \left(a_{7} + s\right) \operatorname{acos}{\left(s \right)}\right) + s + \operatorname{sech}{\left(s \right)}\right)\right) \operatorname{acos}{\left(\operatorname{sech}{\left(\cos{\left(a_{8} + s \right)} \right)} \right)}\right)$,70,False,False
37,event66706_track270-hits,49,147,32,39,39,110,5,1.4700204690835696,0.44435431878275694,0.10216629106918851,64.87573054228251,15.018444787170711,1.7533981227643922,0.10576369568430079,2.808103648970206,$y(s) = a_{1} \operatorname{asin}{\left(\cos{\left(a_{7} + \operatorname{acos}{\left(s \right)} \right)} \right)} + a_{10} \cos{\left(a_{28} s \right)} + a_{11} \cos{\left(a_{31} s \right)} + a_{12} \sin{\left(a_{29} s \right)} + a_{13} \sin{\left(a_{30} s \right)} + a_{24} \sin{\left(\cos{\left(a_{19} + a_{22} s \right)} \right)} + a_{27} + a_{9} \sin{\left(s \left(a_{0} + \operatorname{acos}{\left(s \right)}\right) \right)} + \left(a_{20} + a_{26} s\right) \left(4 s \left(a_{17} + a_{18} s \left(a_{16} + s\right) \left(a_{14} s \tanh{\left(\sin{\left(4 s \right)} \right)} + a_{21} + a_{8} \sqrt{1 - s^{2}}\right) + a_{2} s \operatorname{asin}{\left(\operatorname{asin}{\left(\tanh{\left(s \right)} \right)} \right)} + a_{3} \sqrt{\sqrt{s} + \operatorname{asin}{\left(s \right)}}\right) + \left(a_{4} + 4 s\right) \left(a_{15} \sin{\left(a_{23} s \right)} + a_{5} + a_{6} \sqrt{s}\right) - \tanh{\left(\operatorname{asin}{\left(\operatorname{sech}{\left(a_{25} s \right)} \right)} \right)}\right)$,$x(s) = a_{1} \operatorname{asin}{\left(\cos{\left(a_{10} + \operatorname{acos}{\left(s \right)} \right)} \right)} + a_{15} \tanh{\left(\left(a_{28} + a_{5} s\right) \sin{\left(a_{38} s \right)} \right)} + a_{17} \cos{\left(a_{36} s \right)} + a_{2} \sin{\left(\cos{\left(a_{11} + a_{27} s \right)} \right)} + a_{21} \cos{\left(a_{33} s \right)} + a_{22} \sin{\left(s \left(a_{0} + \operatorname{acos}{\left(s \right)}\right) \right)} + a_{24} \sin{\left(a_{35} s \right)} + a_{8} \sin{\left(a_{34} s \right)} + \left(a_{13} + a_{18} s\right) \cos{\left(a_{20} + \left(a_{37} + a_{4} s\right) \left(s - 2\right) \right)} + \left(a_{30} s + a_{32}\right) \left(4 s \left(a_{25} + a_{3} s \operatorname{asin}{\left(\operatorname{asin}{\left(\tanh{\left(s \right)} \right)} \right)} + a_{6} \sqrt{s + \operatorname{asin}{\left(s \right)}} + 4 s \left(a_{16} + s\right) \left(a_{12} \sqrt{1 - s^{2}} + a_{23} s \tanh{\left(\sin{\left(4 s \right)} \right)} + a_{26}\right)\right) + \left(a_{9} + 2 s\right) \left(a_{14} \sin{\left(a_{29} s \right)} + a_{19} \sqrt{s} + a_{7}\right) - \tanh{\left(\operatorname{asin}{\left(\operatorname{sech}{\left(a_{31} s \right)} \right)} \right)}\right)$,$y(s) = a_{1} \sin{\left(\cos{\left(a_{27} s + a_{7} \right)} \right)} + a_{12} \cos{\left(a_{36} s \right)} + a_{14} \cos{\left(a_{31} s \right)} + a_{20} \sin{\left(s \left(a_{0} + \operatorname{acos}{\left(s \right)}\right) \right)} + a_{23} \sin{\left(a_{34} s \right)} + a_{33} \operatorname{acos}{\left(\cos{\left(a_{8} + \operatorname{acos}{\left(s \right)} \right)} \right)} + a_{6} \sin{\left(a_{35} s \right)} - \left(a_{19} + a_{9} s\right) \cos{\left(a_{5} + \left(s - 2\right) \left(a_{3} s + a_{37}\right) \right)} + \left(a_{13} s + a_{16}\right) \tanh{\left(64 s - 64 \sin{\left(a_{38} s \right)} \right)} + \left(a_{30} s + a_{32}\right) \left(4 s \left(a_{2} s \operatorname{asin}{\left(\operatorname{acos}{\left(\operatorname{sech}{\left(s \right)} \right)} \right)} + a_{25} + a_{26} s \left(a_{22} + s\right) \left(a_{11} \sqrt{1 - s^{2}} + a_{15} s \tanh{\left(\sin{\left(4 s \right)} \right)} + a_{24}\right) + a_{4} \sqrt{s + \operatorname{asin}{\left(s \right)}}\right) - \left(a_{21} s - 1\right) \left(a_{10} \sin{\left(a_{28} s \right)} + a_{17} + \sqrt{s} \left(a_{18} + s\right)\right) - \tanh{\left(\operatorname{asin}{\left(\operatorname{sech}{\left(a_{29} s \right)} \right)} \right)}\right)$,37,False,False
38,event66730_track247-hits,47,141,39,32,39,110,5,0.6014261872703309,11.020155007088004,6.039369882012484,1542.8217009923205,851.5511533637602,49.76844196749421,6.261405539439414,2.0729764007523728,$y(s) = a_{1} \sin{\left(\cos{\left(a_{27} s + a_{7} \right)} \right)} + a_{12} \cos{\left(a_{36} s \right)} + a_{14} \cos{\left(a_{31} s \right)} + a_{20} \sin{\left(s \left(a_{0} + \operatorname{acos}{\left(s \right)}\right) \right)} + a_{23} \sin{\left(a_{34} s \right)} + a_{33} \operatorname{acos}{\left(\cos{\left(a_{8} + \operatorname{acos}{\left(s \right)} \right)} \right)} + a_{6} \sin{\left(a_{35} s \right)} - \left(a_{19} + a_{9} s\right) \cos{\left(a_{5} + \left(s - 2\right) \left(a_{3} s + a_{37}\right) \right)} + \left(a_{13} s + a_{16}\right) \tanh{\left(64 s - 64 \sin{\left(a_{38} s \right)} \right)} + \left(a_{30} s + a_{32}\right) \left(4 s \left(a_{2} s \operatorname{asin}{\left(\operatorname{acos}{\left(\operatorname{sech}{\left(s \right)} \right)} \right)} + a_{25} + a_{26} s \left(a_{22} + s\right) \left(a_{11} \sqrt{1 - s^{2}} + a_{15} s \tanh{\left(\sin{\left(4 s \right)} \right)} + a_{24}\right) + a_{4} \sqrt{s + \operatorname{asin}{\left(s \right)}}\right) - \left(a_{21} s - 1\right) \left(a_{10} \sin{\left(a_{28} s \right)} + a_{17} + \sqrt{s} \left(a_{18} + s\right)\right) - \tanh{\left(\operatorname{asin}{\left(\operatorname{sech}{\left(a_{29} s \right)} \right)} \right)}\right)$,$y(s) = a_{1} \operatorname{asin}{\left(\cos{\left(a_{7} + \operatorname{acos}{\left(s \right)} \right)} \right)} + a_{10} \cos{\left(a_{28} s \right)} + a_{11} \cos{\left(a_{31} s \right)} + a_{12} \sin{\left(a_{29} s \right)} + a_{13} \sin{\left(a_{30} s \right)} + a_{24} \sin{\left(\cos{\left(a_{19} + a_{22} s \right)} \right)} + a_{27} + a_{9} \sin{\left(s \left(a_{0} + \operatorname{acos}{\left(s \right)}\right) \right)} + \left(a_{20} + a_{26} s\right) \left(4 s \left(a_{17} + a_{18} s \left(a_{16} + s\right) \left(a_{14} s \tanh{\left(\sin{\left(4 s \right)} \right)} + a_{21} + a_{8} \sqrt{1 - s^{2}}\right) + a_{2} s \operatorname{asin}{\left(\operatorname{asin}{\left(\tanh{\left(s \right)} \right)} \right)} + a_{3} \sqrt{\sqrt{s} + \operatorname{asin}{\left(s \right)}}\right) + \left(a_{4} + 4 s\right) \left(a_{15} \sin{\left(a_{23} s \right)} + a_{5} + a_{6} \sqrt{s}\right) - \tanh{\left(\operatorname{asin}{\left(\operatorname{sech}{\left(a_{25} s \right)} \right)} \right)}\right)$,$y(s) = a_{1} \sin{\left(\cos{\left(a_{27} s + a_{7} \right)} \right)} + a_{12} \cos{\left(a_{36} s \right)} + a_{14} \cos{\left(a_{31} s \right)} + a_{20} \sin{\left(s \left(a_{0} + \operatorname{acos}{\left(s \right)}\right) \right)} + a_{23} \sin{\left(a_{34} s \right)} + a_{33} \operatorname{acos}{\left(\cos{\left(a_{8} + \operatorname{acos}{\left(s \right)} \right)} \right)} + a_{6} \sin{\left(a_{35} s \right)} - \left(a_{19} + a_{9} s\right) \cos{\left(a_{5} + \left(s - 2\right) \left(a_{3} s + a_{37}\right) \right)} + \left(a_{13} s + a_{16}\right) \tanh{\left(64 s - 64 \sin{\left(a_{38} s \right)} \right)} + \left(a_{30} s + a_{32}\right) \left(4 s \left(a_{2} s \operatorname{asin}{\left(\operatorname{acos}{\left(\operatorname{sech}{\left(s \right)} \right)} \right)} + a_{25} + a_{26} s \left(a_{22} + s\right) \left(a_{11} \sqrt{1 - s^{2}} + a_{15} s \tanh{\left(\sin{\left(4 s \right)} \right)} + a_{24}\right) + a_{4} \sqrt{s + \operatorname{asin}{\left(s \right)}}\right) - \left(a_{21} s - 1\right) \left(a_{10} \sin{\left(a_{28} s \right)} + a_{17} + \sqrt{s} \left(a_{18} + s\right)\right) - \tanh{\left(\operatorname{asin}{\left(\operatorname{sech}{\left(a_{29} s \right)} \right)} \right)}\right)$,31,False,False
39,event66780_track232-hits,50,150,16,42,39,97,5,1.08385960661576,0.23417265351511124,0.07921764561785498,34.89172537375158,11.882646842678247,0.6583344410141807,0.0819492885701948,2.083612447333416,$x(s) = a_{13} + \left(- s - \sin{\left(\sin{\left(\sin{\left(a_{6} + s \right)} \right)} \right)}\right) \left(a_{1} \operatorname{acos}{\left(s \right)} + a_{14} + \left(a_{0} + a_{12} \left(a_{2} - 32 s\right) \left(- \sin{\left(4 \cos{\left(s \right)} \right)} + \operatorname{sech}{\left(s \right)}\right) + a_{12} \tanh{\left(8 s \right)} + a_{15} \sqrt{1 - \cos^{2}{\left(s \right)}} + a_{3} s \left(2 s - \tanh{\left(4 s \right)}\right) \left(s - \cos{\left(a_{11} s \right)} + 2\right) + a_{4} \left(32 \operatorname{asin}{\left(s \right)} + 64\right) \left(a_{5} + s \left(a_{10} + a_{9} s \left(a_{7} + s\right) \operatorname{acos}{\left(s \right)}\right) + s + \operatorname{sech}{\left(s \right)}\right)\right) \operatorname{acos}{\left(\operatorname{sech}{\left(\cos{\left(a_{8} + s \right)} \right)} \right)}\right)$,$z(s) = a_{1} \operatorname{asin}{\left(\cos{\left(a_{10} + \operatorname{acos}{\left(s \right)} \right)} \right)} + a_{19} \cos{\left(a_{39} s \right)} + a_{2} \sin{\left(\cos{\left(a_{11} + a_{30} s \right)} \right)} + a_{24} \cos{\left(a_{36} s \right)} + a_{25} \sin{\left(s \left(a_{0} + \operatorname{acos}{\left(s \right)}\right) \right)} + a_{26} \sin{\left(a_{38} s \right)} + a_{8} \sin{\left(a_{37} s \right)} + \left(a_{13} + a_{20} s\right) \cos{\left(a_{22} + \left(s - 2\right) \left(a_{4} s + a_{40}\right) \right)} + \left(a_{17} s + a_{18}\right) \tanh{\left(\left(a_{15} - \sin{\left(a_{41} s \right)}\right) \left(a_{32} + a_{5} s\right) \right)} + \left(a_{34} s + a_{35}\right) \left(4 s \left(a_{28} + a_{29} s \left(a_{16} + s\right) \left(a_{12} \sqrt{1 - s^{2}} + a_{23} s \tanh{\left(\sin{\left(4 s \right)} \right)} + a_{27}\right) + a_{3} s \operatorname{asin}{\left(\operatorname{asin}{\left(\tanh{\left(s \right)} \right)} \right)} + a_{6} \sqrt{s + \operatorname{asin}{\left(s \right)}}\right) + \left(a_{9} + 2 s\right) \left(a_{14} \sin{\left(a_{31} s \right)} + a_{21} \sqrt{s} + a_{7}\right) - \tanh{\left(\operatorname{asin}{\left(\operatorname{sech}{\left(a_{33} s \right)} \right)} \right)}\right)$,$x(s) = a_{1} \operatorname{asin}{\left(\cos{\left(a_{10} + \operatorname{acos}{\left(s \right)} \right)} \right)} + a_{15} \tanh{\left(\left(a_{28} + a_{5} s\right) \sin{\left(a_{38} s \right)} \right)} + a_{17} \cos{\left(a_{36} s \right)} + a_{2} \sin{\left(\cos{\left(a_{11} + a_{27} s \right)} \right)} + a_{21} \cos{\left(a_{33} s \right)} + a_{22} \sin{\left(s \left(a_{0} + \operatorname{acos}{\left(s \right)}\right) \right)} + a_{24} \sin{\left(a_{35} s \right)} + a_{8} \sin{\left(a_{34} s \right)} + \left(a_{13} + a_{18} s\right) \cos{\left(a_{20} + \left(a_{37} + a_{4} s\right) \left(s - 2\right) \right)} + \left(a_{30} s + a_{32}\right) \left(4 s \left(a_{25} + a_{3} s \operatorname{asin}{\left(\operatorname{asin}{\left(\tanh{\left(s \right)} \right)} \right)} + a_{6} \sqrt{s + \operatorname{asin}{\left(s \right)}} + 4 s \left(a_{16} + s\right) \left(a_{12} \sqrt{1 - s^{2}} + a_{23} s \tanh{\left(\sin{\left(4 s \right)} \right)} + a_{26}\right)\right) + \left(a_{9} + 2 s\right) \left(a_{14} \sin{\left(a_{29} s \right)} + a_{19} \sqrt{s} + a_{7}\right) - \tanh{\left(\operatorname{asin}{\left(\operatorname{sech}{\left(a_{31} s \right)} \right)} \right)}\right)$,53,False,False
40,event66807_track234-hits,43,129,39,39,39,117,5,1.1162707321609033,5.034078141782685,1.6486548075237404,644.3620021481837,212.6764701705625,53.69683351234864,1.7151328239561492,3.4438635075358848,$x(s) = a_{1} \operatorname{asin}{\left(\cos{\left(a_{10} + \operatorname{acos}{\left(s \right)} \right)} \right)} + a_{15} \tanh{\left(\left(a_{28} + a_{5} s\right) \sin{\left(a_{38} s \right)} \right)} + a_{17} \cos{\left(a_{36} s \right)} + a_{2} \sin{\left(\cos{\left(a_{11} + a_{27} s \right)} \right)} + a_{21} \cos{\left(a_{33} s \right)} + a_{22} \sin{\left(s \left(a_{0} + \operatorname{acos}{\left(s \right)}\right) \right)} + a_{24} \sin{\left(a_{35} s \right)} + a_{8} \sin{\left(a_{34} s \right)} + \left(a_{13} + a_{18} s\right) \cos{\left(a_{20} + \left(a_{37} + a_{4} s\right) \left(s - 2\right) \right)} + \left(a_{30} s + a_{32}\right) \left(4 s \left(a_{25} + a_{3} s \operatorname{asin}{\left(\operatorname{asin}{\left(\tanh{\left(s \right)} \right)} \right)} + a_{6} \sqrt{s + \operatorname{asin}{\left(s \right)}} + 4 s \left(a_{16} + s\right) \left(a_{12} \sqrt{1 - s^{2}} + a_{23} s \tanh{\left(\sin{\left(4 s \right)} \right)} + a_{26}\right)\right) + \left(a_{9} + 2 s\right) \left(a_{14} \sin{\left(a_{29} s \right)} + a_{19} \sqrt{s} + a_{7}\right) - \tanh{\left(\operatorname{asin}{\left(\operatorname{sech}{\left(a_{31} s \right)} \right)} \right)}\right)$,$y(s) = a_{1} \sin{\left(\cos{\left(a_{27} s + a_{7} \right)} \right)} + a_{12} \cos{\left(a_{36} s \right)} + a_{14} \cos{\left(a_{31} s \right)} + a_{20} \sin{\left(s \left(a_{0} + \operatorname{acos}{\left(s \right)}\right) \right)} + a_{23} \sin{\left(a_{34} s \right)} + a_{33} \operatorname{acos}{\left(\cos{\left(a_{8} + \operatorname{acos}{\left(s \right)} \right)} \right)} + a_{6} \sin{\left(a_{35} s \right)} - \left(a_{19} + a_{9} s\right) \cos{\left(a_{5} + \left(s - 2\right) \left(a_{3} s + a_{37}\right) \right)} + \left(a_{13} s + a_{16}\right) \tanh{\left(64 s - 64 \sin{\left(a_{38} s \right)} \right)} + \left(a_{30} s + a_{32}\right) \left(4 s \left(a_{2} s \operatorname{asin}{\left(\operatorname{acos}{\left(\operatorname{sech}{\left(s \right)} \right)} \right)} + a_{25} + a_{26} s \left(a_{22} + s\right) \left(a_{11} \sqrt{1 - s^{2}} + a_{15} s \tanh{\left(\sin{\left(4 s \right)} \right)} + a_{24}\right) + a_{4} \sqrt{s + \operatorname{asin}{\left(s \right)}}\right) - \left(a_{21} s - 1\right) \left(a_{10} \sin{\left(a_{28} s \right)} + a_{17} + \sqrt{s} \left(a_{18} + s\right)\right) - \tanh{\left(\operatorname{asin}{\left(\operatorname{sech}{\left(a_{29} s \right)} \right)} \right)}\right)$,$x(s) = a_{1} \operatorname{asin}{\left(\cos{\left(a_{10} + \operatorname{acos}{\left(s \right)} \right)} \right)} + a_{15} \tanh{\left(\left(a_{28} + a_{5} s\right) \sin{\left(a_{38} s \right)} \right)} + a_{17} \cos{\left(a_{36} s \right)} + a_{2} \sin{\left(\cos{\left(a_{11} + a_{27} s \right)} \right)} + a_{21} \cos{\left(a_{33} s \right)} + a_{22} \sin{\left(s \left(a_{0} + \operatorname{acos}{\left(s \right)}\right) \right)} + a_{24} \sin{\left(a_{35} s \right)} + a_{8} \sin{\left(a_{34} s \right)} + \left(a_{13} + a_{18} s\right) \cos{\left(a_{20} + \left(a_{37} + a_{4} s\right) \left(s - 2\right) \right)} + \left(a_{30} s + a_{32}\right) \left(4 s \left(a_{25} + a_{3} s \operatorname{asin}{\left(\operatorname{asin}{\left(\tanh{\left(s \right)} \right)} \right)} + a_{6} \sqrt{s + \operatorname{asin}{\left(s \right)}} + 4 s \left(a_{16} + s\right) \left(a_{12} \sqrt{1 - s^{2}} + a_{23} s \tanh{\left(\sin{\left(4 s \right)} \right)} + a_{26}\right)\right) + \left(a_{9} + 2 s\right) \left(a_{14} \sin{\left(a_{29} s \right)} + a_{19} \sqrt{s} + a_{7}\right) - \tanh{\left(\operatorname{asin}{\left(\operatorname{sech}{\left(a_{31} s \right)} \right)} \right)}\right)$,12,False,False
41,event66872_track278-hits,45,135,39,39,39,117,5,0.5313982956789477,1.3240689685763438,0.778264569917553,177.42524178923009,105.06571693886966,9.856957877179449,0.8081978226066897,2.5011260097508474,$x(s) = a_{1} \operatorname{asin}{\left(\cos{\left(a_{10} + \operatorname{acos}{\left(s \right)} \right)} \right)} + a_{15} \tanh{\left(\left(a_{28} + a_{5} s\right) \sin{\left(a_{38} s \right)} \right)} + a_{17} \cos{\left(a_{36} s \right)} + a_{2} \sin{\left(\cos{\left(a_{11} + a_{27} s \right)} \right)} + a_{21} \cos{\left(a_{33} s \right)} + a_{22} \sin{\left(s \left(a_{0} + \operatorname{acos}{\left(s \right)}\right) \right)} + a_{24} \sin{\left(a_{35} s \right)} + a_{8} \sin{\left(a_{34} s \right)} + \left(a_{13} + a_{18} s\right) \cos{\left(a_{20} + \left(a_{37} + a_{4} s\right) \left(s - 2\right) \right)} + \left(a_{30} s + a_{32}\right) \left(4 s \left(a_{25} + a_{3} s \operatorname{asin}{\left(\operatorname{asin}{\left(\tanh{\left(s \right)} \right)} \right)} + a_{6} \sqrt{s + \operatorname{asin}{\left(s \right)}} + 4 s \left(a_{16} + s\right) \left(a_{12} \sqrt{1 - s^{2}} + a_{23} s \tanh{\left(\sin{\left(4 s \right)} \right)} + a_{26}\right)\right) + \left(a_{9} + 2 s\right) \left(a_{14} \sin{\left(a_{29} s \right)} + a_{19} \sqrt{s} + a_{7}\right) - \tanh{\left(\operatorname{asin}{\left(\operatorname{sech}{\left(a_{31} s \right)} \right)} \right)}\right)$,$x(s) = a_{1} \operatorname{asin}{\left(\cos{\left(a_{10} + \operatorname{acos}{\left(s \right)} \right)} \right)} + a_{15} \tanh{\left(\left(a_{28} + a_{5} s\right) \sin{\left(a_{38} s \right)} \right)} + a_{17} \cos{\left(a_{36} s \right)} + a_{2} \sin{\left(\cos{\left(a_{11} + a_{27} s \right)} \right)} + a_{21} \cos{\left(a_{33} s \right)} + a_{22} \sin{\left(s \left(a_{0} + \operatorname{acos}{\left(s \right)}\right) \right)} + a_{24} \sin{\left(a_{35} s \right)} + a_{8} \sin{\left(a_{34} s \right)} + \left(a_{13} + a_{18} s\right) \cos{\left(a_{20} + \left(a_{37} + a_{4} s\right) \left(s - 2\right) \right)} + \left(a_{30} s + a_{32}\right) \left(4 s \left(a_{25} + a_{3} s \operatorname{asin}{\left(\operatorname{asin}{\left(\tanh{\left(s \right)} \right)} \right)} + a_{6} \sqrt{s + \operatorname{asin}{\left(s \right)}} + 4 s \left(a_{16} + s\right) \left(a_{12} \sqrt{1 - s^{2}} + a_{23} s \tanh{\left(\sin{\left(4 s \right)} \right)} + a_{26}\right)\right) + \left(a_{9} + 2 s\right) \left(a_{14} \sin{\left(a_{29} s \right)} + a_{19} \sqrt{s} + a_{7}\right) - \tanh{\left(\operatorname{asin}{\left(\operatorname{sech}{\left(a_{31} s \right)} \right)} \right)}\right)$,$x(s) = a_{1} \operatorname{asin}{\left(\cos{\left(a_{10} + \operatorname{acos}{\left(s \right)} \right)} \right)} + a_{15} \tanh{\left(\left(a_{28} + a_{5} s\right) \sin{\left(a_{38} s \right)} \right)} + a_{17} \cos{\left(a_{36} s \right)} + a_{2} \sin{\left(\cos{\left(a_{11} + a_{27} s \right)} \right)} + a_{21} \cos{\left(a_{33} s \right)} + a_{22} \sin{\left(s \left(a_{0} + \operatorname{acos}{\left(s \right)}\right) \right)} + a_{24} \sin{\left(a_{35} s \right)} + a_{8} \sin{\left(a_{34} s \right)} + \left(a_{13} + a_{18} s\right) \cos{\left(a_{20} + \left(a_{37} + a_{4} s\right) \left(s - 2\right) \right)} + \left(a_{30} s + a_{32}\right) \left(4 s \left(a_{25} + a_{3} s \operatorname{asin}{\left(\operatorname{asin}{\left(\tanh{\left(s \right)} \right)} \right)} + a_{6} \sqrt{s + \operatorname{asin}{\left(s \right)}} + 4 s \left(a_{16} + s\right) \left(a_{12} \sqrt{1 - s^{2}} + a_{23} s \tanh{\left(\sin{\left(4 s \right)} \right)} + a_{26}\right)\right) + \left(a_{9} + 2 s\right) \left(a_{14} \sin{\left(a_{29} s \right)} + a_{19} \sqrt{s} + a_{7}\right) - \tanh{\left(\operatorname{asin}{\left(\operatorname{sech}{\left(a_{31} s \right)} \right)} \right)}\right)$,18,False,False
42,event66889_track160-hits,46,138,39,39,39,117,5,1.4591078164303102,1.269223301206156,0.29502278837388796,173.88359226524338,40.71314479559654,8.280171060249685,0.30611387064358303,3.297661747599561,$y(s) = a_{1} \sin{\left(\cos{\left(a_{27} s + a_{7} \right)} \right)} + a_{12} \cos{\left(a_{36} s \right)} + a_{14} \cos{\left(a_{31} s \right)} + a_{20} \sin{\left(s \left(a_{0} + \operatorname{acos}{\left(s \right)}\right) \right)} + a_{23} \sin{\left(a_{34} s \right)} + a_{33} \operatorname{acos}{\left(\cos{\left(a_{8} + \operatorname{acos}{\left(s \right)} \right)} \right)} + a_{6} \sin{\left(a_{35} s \right)} - \left(a_{19} + a_{9} s\right) \cos{\left(a_{5} + \left(s - 2\right) \left(a_{3} s + a_{37}\right) \right)} + \left(a_{13} s + a_{16}\right) \tanh{\left(64 s - 64 \sin{\left(a_{38} s \right)} \right)} + \left(a_{30} s + a_{32}\right) \left(4 s \left(a_{2} s \operatorname{asin}{\left(\operatorname{acos}{\left(\operatorname{sech}{\left(s \right)} \right)} \right)} + a_{25} + a_{26} s \left(a_{22} + s\right) \left(a_{11} \sqrt{1 - s^{2}} + a_{15} s \tanh{\left(\sin{\left(4 s \right)} \right)} + a_{24}\right) + a_{4} \sqrt{s + \operatorname{asin}{\left(s \right)}}\right) - \left(a_{21} s - 1\right) \left(a_{10} \sin{\left(a_{28} s \right)} + a_{17} + \sqrt{s} \left(a_{18} + s\right)\right) - \tanh{\left(\operatorname{asin}{\left(\operatorname{sech}{\left(a_{29} s \right)} \right)} \right)}\right)$,$x(s) = a_{1} \operatorname{asin}{\left(\cos{\left(a_{10} + \operatorname{acos}{\left(s \right)} \right)} \right)} + a_{15} \tanh{\left(\left(a_{28} + a_{5} s\right) \sin{\left(a_{38} s \right)} \right)} + a_{17} \cos{\left(a_{36} s \right)} + a_{2} \sin{\left(\cos{\left(a_{11} + a_{27} s \right)} \right)} + a_{21} \cos{\left(a_{33} s \right)} + a_{22} \sin{\left(s \left(a_{0} + \operatorname{acos}{\left(s \right)}\right) \right)} + a_{24} \sin{\left(a_{35} s \right)} + a_{8} \sin{\left(a_{34} s \right)} + \left(a_{13} + a_{18} s\right) \cos{\left(a_{20} + \left(a_{37} + a_{4} s\right) \left(s - 2\right) \right)} + \left(a_{30} s + a_{32}\right) \left(4 s \left(a_{25} + a_{3} s \operatorname{asin}{\left(\operatorname{asin}{\left(\tanh{\left(s \right)} \right)} \right)} + a_{6} \sqrt{s + \operatorname{asin}{\left(s \right)}} + 4 s \left(a_{16} + s\right) \left(a_{12} \sqrt{1 - s^{2}} + a_{23} s \tanh{\left(\sin{\left(4 s \right)} \right)} + a_{26}\right)\right) + \left(a_{9} + 2 s\right) \left(a_{14} \sin{\left(a_{29} s \right)} + a_{19} \sqrt{s} + a_{7}\right) - \tanh{\left(\operatorname{asin}{\left(\operatorname{sech}{\left(a_{31} s \right)} \right)} \right)}\right)$,$x(s) = a_{1} \operatorname{asin}{\left(\cos{\left(a_{10} + \operatorname{acos}{\left(s \right)} \right)} \right)} + a_{15} \tanh{\left(\left(a_{28} + a_{5} s\right) \sin{\left(a_{38} s \right)} \right)} + a_{17} \cos{\left(a_{36} s \right)} + a_{2} \sin{\left(\cos{\left(a_{11} + a_{27} s \right)} \right)} + a_{21} \cos{\left(a_{33} s \right)} + a_{22} \sin{\left(s \left(a_{0} + \operatorname{acos}{\left(s \right)}\right) \right)} + a_{24} \sin{\left(a_{35} s \right)} + a_{8} \sin{\left(a_{34} s \right)} + \left(a_{13} + a_{18} s\right) \cos{\left(a_{20} + \left(a_{37} + a_{4} s\right) \left(s - 2\right) \right)} + \left(a_{30} s + a_{32}\right) \left(4 s \left(a_{25} + a_{3} s \operatorname{asin}{\left(\operatorname{asin}{\left(\tanh{\left(s \right)} \right)} \right)} + a_{6} \sqrt{s + \operatorname{asin}{\left(s \right)}} + 4 s \left(a_{16} + s\right) \left(a_{12} \sqrt{1 - s^{2}} + a_{23} s \tanh{\left(\sin{\left(4 s \right)} \right)} + a_{26}\right)\right) + \left(a_{9} + 2 s\right) \left(a_{14} \sin{\left(a_{29} s \right)} + a_{19} \sqrt{s} + a_{7}\right) - \tanh{\left(\operatorname{asin}{\left(\operatorname{sech}{\left(a_{31} s \right)} \right)} \right)}\right)$,21,False,False
43,event66910_track16-hits,50,150,39,39,39,117,5,-0.6955371725666982,19.216737013349277,38.52543957710322,2863.2938149890424,5778.815936565483,86.76647924209219,39.85390301079644,0.7780000202365993,$y(s) = a_{1} \sin{\left(\cos{\left(a_{27} s + a_{7} \right)} \right)} + a_{12} \cos{\left(a_{36} s \right)} + a_{14} \cos{\left(a_{31} s \right)} + a_{20} \sin{\left(s \left(a_{0} + \operatorname{acos}{\left(s \right)}\right) \right)} + a_{23} \sin{\left(a_{34} s \right)} + a_{33} \operatorname{acos}{\left(\cos{\left(a_{8} + \operatorname{acos}{\left(s \right)} \right)} \right)} + a_{6} \sin{\left(a_{35} s \right)} - \left(a_{19} + a_{9} s\right) \cos{\left(a_{5} + \left(s - 2\right) \left(a_{3} s + a_{37}\right) \right)} + \left(a_{13} s + a_{16}\right) \tanh{\left(64 s - 64 \sin{\left(a_{38} s \right)} \right)} + \left(a_{30} s + a_{32}\right) \left(4 s \left(a_{2} s \operatorname{asin}{\left(\operatorname{acos}{\left(\operatorname{sech}{\left(s \right)} \right)} \right)} + a_{25} + a_{26} s \left(a_{22} + s\right) \left(a_{11} \sqrt{1 - s^{2}} + a_{15} s \tanh{\left(\sin{\left(4 s \right)} \right)} + a_{24}\right) + a_{4} \sqrt{s + \operatorname{asin}{\left(s \right)}}\right) - \left(a_{21} s - 1\right) \left(a_{10} \sin{\left(a_{28} s \right)} + a_{17} + \sqrt{s} \left(a_{18} + s\right)\right) - \tanh{\left(\operatorname{asin}{\left(\operatorname{sech}{\left(a_{29} s \right)} \right)} \right)}\right)$,$y(s) = a_{1} \sin{\left(\cos{\left(a_{27} s + a_{7} \right)} \right)} + a_{12} \cos{\left(a_{36} s \right)} + a_{14} \cos{\left(a_{31} s \right)} + a_{20} \sin{\left(s \left(a_{0} + \operatorname{acos}{\left(s \right)}\right) \right)} + a_{23} \sin{\left(a_{34} s \right)} + a_{33} \operatorname{acos}{\left(\cos{\left(a_{8} + \operatorname{acos}{\left(s \right)} \right)} \right)} + a_{6} \sin{\left(a_{35} s \right)} - \left(a_{19} + a_{9} s\right) \cos{\left(a_{5} + \left(s - 2\right) \left(a_{3} s + a_{37}\right) \right)} + \left(a_{13} s + a_{16}\right) \tanh{\left(64 s - 64 \sin{\left(a_{38} s \right)} \right)} + \left(a_{30} s + a_{32}\right) \left(4 s \left(a_{2} s \operatorname{asin}{\left(\operatorname{acos}{\left(\operatorname{sech}{\left(s \right)} \right)} \right)} + a_{25} + a_{26} s \left(a_{22} + s\right) \left(a_{11} \sqrt{1 - s^{2}} + a_{15} s \tanh{\left(\sin{\left(4 s \right)} \right)} + a_{24}\right) + a_{4} \sqrt{s + \operatorname{asin}{\left(s \right)}}\right) - \left(a_{21} s - 1\right) \left(a_{10} \sin{\left(a_{28} s \right)} + a_{17} + \sqrt{s} \left(a_{18} + s\right)\right) - \tanh{\left(\operatorname{asin}{\left(\operatorname{sech}{\left(a_{29} s \right)} \right)} \right)}\right)$,$y(s) = a_{1} \sin{\left(\cos{\left(a_{27} s + a_{7} \right)} \right)} + a_{12} \cos{\left(a_{36} s \right)} + a_{14} \cos{\left(a_{31} s \right)} + a_{20} \sin{\left(s \left(a_{0} + \operatorname{acos}{\left(s \right)}\right) \right)} + a_{23} \sin{\left(a_{34} s \right)} + a_{33} \operatorname{acos}{\left(\cos{\left(a_{8} + \operatorname{acos}{\left(s \right)} \right)} \right)} + a_{6} \sin{\left(a_{35} s \right)} - \left(a_{19} + a_{9} s\right) \cos{\left(a_{5} + \left(s - 2\right) \left(a_{3} s + a_{37}\right) \right)} + \left(a_{13} s + a_{16}\right) \tanh{\left(64 s - 64 \sin{\left(a_{38} s \right)} \right)} + \left(a_{30} s + a_{32}\right) \left(4 s \left(a_{2} s \operatorname{asin}{\left(\operatorname{acos}{\left(\operatorname{sech}{\left(s \right)} \right)} \right)} + a_{25} + a_{26} s \left(a_{22} + s\right) \left(a_{11} \sqrt{1 - s^{2}} + a_{15} s \tanh{\left(\sin{\left(4 s \right)} \right)} + a_{24}\right) + a_{4} \sqrt{s + \operatorname{asin}{\left(s \right)}}\right) - \left(a_{21} s - 1\right) \left(a_{10} \sin{\left(a_{28} s \right)} + a_{17} + \sqrt{s} \left(a_{18} + s\right)\right) - \tanh{\left(\operatorname{asin}{\left(\operatorname{sech}{\left(a_{29} s \right)} \right)} \right)}\right)$,33,False,False
44,event66910_track35-hits,47,141,39,39,39,117,5,1.3044775093827996,473.36318381246457,128.43018058856654,66270.84573374504,18108.65546298788,2761.285238906043,133.15187840432264,3.0319610970020423,$x(s) = a_{1} \operatorname{asin}{\left(\cos{\left(a_{10} + \operatorname{acos}{\left(s \right)} \right)} \right)} + a_{15} \tanh{\left(\left(a_{28} + a_{5} s\right) \sin{\left(a_{38} s \right)} \right)} + a_{17} \cos{\left(a_{36} s \right)} + a_{2} \sin{\left(\cos{\left(a_{11} + a_{27} s \right)} \right)} + a_{21} \cos{\left(a_{33} s \right)} + a_{22} \sin{\left(s \left(a_{0} + \operatorname{acos}{\left(s \right)}\right) \right)} + a_{24} \sin{\left(a_{35} s \right)} + a_{8} \sin{\left(a_{34} s \right)} + \left(a_{13} + a_{18} s\right) \cos{\left(a_{20} + \left(a_{37} + a_{4} s\right) \left(s - 2\right) \right)} + \left(a_{30} s + a_{32}\right) \left(4 s \left(a_{25} + a_{3} s \operatorname{asin}{\left(\operatorname{asin}{\left(\tanh{\left(s \right)} \right)} \right)} + a_{6} \sqrt{s + \operatorname{asin}{\left(s \right)}} + 4 s \left(a_{16} + s\right) \left(a_{12} \sqrt{1 - s^{2}} + a_{23} s \tanh{\left(\sin{\left(4 s \right)} \right)} + a_{26}\right)\right) + \left(a_{9} + 2 s\right) \left(a_{14} \sin{\left(a_{29} s \right)} + a_{19} \sqrt{s} + a_{7}\right) - \tanh{\left(\operatorname{asin}{\left(\operatorname{sech}{\left(a_{31} s \right)} \right)} \right)}\right)$,$y(s) = a_{1} \sin{\left(\cos{\left(a_{27} s + a_{7} \right)} \right)} + a_{12} \cos{\left(a_{36} s \right)} + a_{14} \cos{\left(a_{31} s \right)} + a_{20} \sin{\left(s \left(a_{0} + \operatorname{acos}{\left(s \right)}\right) \right)} + a_{23} \sin{\left(a_{34} s \right)} + a_{33} \operatorname{acos}{\left(\cos{\left(a_{8} + \operatorname{acos}{\left(s \right)} \right)} \right)} + a_{6} \sin{\left(a_{35} s \right)} - \left(a_{19} + a_{9} s\right) \cos{\left(a_{5} + \left(s - 2\right) \left(a_{3} s + a_{37}\right) \right)} + \left(a_{13} s + a_{16}\right) \tanh{\left(64 s - 64 \sin{\left(a_{38} s \right)} \right)} + \left(a_{30} s + a_{32}\right) \left(4 s \left(a_{2} s \operatorname{asin}{\left(\operatorname{acos}{\left(\operatorname{sech}{\left(s \right)} \right)} \right)} + a_{25} + a_{26} s \left(a_{22} + s\right) \left(a_{11} \sqrt{1 - s^{2}} + a_{15} s \tanh{\left(\sin{\left(4 s \right)} \right)} + a_{24}\right) + a_{4} \sqrt{s + \operatorname{asin}{\left(s \right)}}\right) - \left(a_{21} s - 1\right) \left(a_{10} \sin{\left(a_{28} s \right)} + a_{17} + \sqrt{s} \left(a_{18} + s\right)\right) - \tanh{\left(\operatorname{asin}{\left(\operatorname{sech}{\left(a_{29} s \right)} \right)} \right)}\right)$,$y(s) = a_{1} \sin{\left(\cos{\left(a_{27} s + a_{7} \right)} \right)} + a_{12} \cos{\left(a_{36} s \right)} + a_{14} \cos{\left(a_{31} s \right)} + a_{20} \sin{\left(s \left(a_{0} + \operatorname{acos}{\left(s \right)}\right) \right)} + a_{23} \sin{\left(a_{34} s \right)} + a_{33} \operatorname{acos}{\left(\cos{\left(a_{8} + \operatorname{acos}{\left(s \right)} \right)} \right)} + a_{6} \sin{\left(a_{35} s \right)} - \left(a_{19} + a_{9} s\right) \cos{\left(a_{5} + \left(s - 2\right) \left(a_{3} s + a_{37}\right) \right)} + \left(a_{13} s + a_{16}\right) \tanh{\left(64 s - 64 \sin{\left(a_{38} s \right)} \right)} + \left(a_{30} s + a_{32}\right) \left(4 s \left(a_{2} s \operatorname{asin}{\left(\operatorname{acos}{\left(\operatorname{sech}{\left(s \right)} \right)} \right)} + a_{25} + a_{26} s \left(a_{22} + s\right) \left(a_{11} \sqrt{1 - s^{2}} + a_{15} s \tanh{\left(\sin{\left(4 s \right)} \right)} + a_{24}\right) + a_{4} \sqrt{s + \operatorname{asin}{\left(s \right)}}\right) - \left(a_{21} s - 1\right) \left(a_{10} \sin{\left(a_{28} s \right)} + a_{17} + \sqrt{s} \left(a_{18} + s\right)\right) - \tanh{\left(\operatorname{asin}{\left(\operatorname{sech}{\left(a_{29} s \right)} \right)} \right)}\right)$,24,False,False
45,event66954_track7-hits,43,129,39,39,39,117,5,2.8711245993851358,595.1666614464478,33.707382215554105,76181.33266514532,4348.25230580648,6348.44438876211,35.066550853278066,5.198717374760117,$y(s) = a_{1} \sin{\left(\cos{\left(a_{27} s + a_{7} \right)} \right)} + a_{12} \cos{\left(a_{36} s \right)} + a_{14} \cos{\left(a_{31} s \right)} + a_{20} \sin{\left(s \left(a_{0} + \operatorname{acos}{\left(s \right)}\right) \right)} + a_{23} \sin{\left(a_{34} s \right)} + a_{33} \operatorname{acos}{\left(\cos{\left(a_{8} + \operatorname{acos}{\left(s \right)} \right)} \right)} + a_{6} \sin{\left(a_{35} s \right)} - \left(a_{19} + a_{9} s\right) \cos{\left(a_{5} + \left(s - 2\right) \left(a_{3} s + a_{37}\right) \right)} + \left(a_{13} s + a_{16}\right) \tanh{\left(64 s - 64 \sin{\left(a_{38} s \right)} \right)} + \left(a_{30} s + a_{32}\right) \left(4 s \left(a_{2} s \operatorname{asin}{\left(\operatorname{acos}{\left(\operatorname{sech}{\left(s \right)} \right)} \right)} + a_{25} + a_{26} s \left(a_{22} + s\right) \left(a_{11} \sqrt{1 - s^{2}} + a_{15} s \tanh{\left(\sin{\left(4 s \right)} \right)} + a_{24}\right) + a_{4} \sqrt{s + \operatorname{asin}{\left(s \right)}}\right) - \left(a_{21} s - 1\right) \left(a_{10} \sin{\left(a_{28} s \right)} + a_{17} + \sqrt{s} \left(a_{18} + s\right)\right) - \tanh{\left(\operatorname{asin}{\left(\operatorname{sech}{\left(a_{29} s \right)} \right)} \right)}\right)$,$x(s) = a_{1} \operatorname{asin}{\left(\cos{\left(a_{10} + \operatorname{acos}{\left(s \right)} \right)} \right)} + a_{15} \tanh{\left(\left(a_{28} + a_{5} s\right) \sin{\left(a_{38} s \right)} \right)} + a_{17} \cos{\left(a_{36} s \right)} + a_{2} \sin{\left(\cos{\left(a_{11} + a_{27} s \right)} \right)} + a_{21} \cos{\left(a_{33} s \right)} + a_{22} \sin{\left(s \left(a_{0} + \operatorname{acos}{\left(s \right)}\right) \right)} + a_{24} \sin{\left(a_{35} s \right)} + a_{8} \sin{\left(a_{34} s \right)} + \left(a_{13} + a_{18} s\right) \cos{\left(a_{20} + \left(a_{37} + a_{4} s\right) \left(s - 2\right) \right)} + \left(a_{30} s + a_{32}\right) \left(4 s \left(a_{25} + a_{3} s \operatorname{asin}{\left(\operatorname{asin}{\left(\tanh{\left(s \right)} \right)} \right)} + a_{6} \sqrt{s + \operatorname{asin}{\left(s \right)}} + 4 s \left(a_{16} + s\right) \left(a_{12} \sqrt{1 - s^{2}} + a_{23} s \tanh{\left(\sin{\left(4 s \right)} \right)} + a_{26}\right)\right) + \left(a_{9} + 2 s\right) \left(a_{14} \sin{\left(a_{29} s \right)} + a_{19} \sqrt{s} + a_{7}\right) - \tanh{\left(\operatorname{asin}{\left(\operatorname{sech}{\left(a_{31} s \right)} \right)} \right)}\right)$,$x(s) = a_{1} \operatorname{asin}{\left(\cos{\left(a_{10} + \operatorname{acos}{\left(s \right)} \right)} \right)} + a_{15} \tanh{\left(\left(a_{28} + a_{5} s\right) \sin{\left(a_{38} s \right)} \right)} + a_{17} \cos{\left(a_{36} s \right)} + a_{2} \sin{\left(\cos{\left(a_{11} + a_{27} s \right)} \right)} + a_{21} \cos{\left(a_{33} s \right)} + a_{22} \sin{\left(s \left(a_{0} + \operatorname{acos}{\left(s \right)}\right) \right)} + a_{24} \sin{\left(a_{35} s \right)} + a_{8} \sin{\left(a_{34} s \right)} + \left(a_{13} + a_{18} s\right) \cos{\left(a_{20} + \left(a_{37} + a_{4} s\right) \left(s - 2\right) \right)} + \left(a_{30} s + a_{32}\right) \left(4 s \left(a_{25} + a_{3} s \operatorname{asin}{\left(\operatorname{asin}{\left(\tanh{\left(s \right)} \right)} \right)} + a_{6} \sqrt{s + \operatorname{asin}{\left(s \right)}} + 4 s \left(a_{16} + s\right) \left(a_{12} \sqrt{1 - s^{2}} + a_{23} s \tanh{\left(\sin{\left(4 s \right)} \right)} + a_{26}\right)\right) + \left(a_{9} + 2 s\right) \left(a_{14} \sin{\left(a_{29} s \right)} + a_{19} \sqrt{s} + a_{7}\right) - \tanh{\left(\operatorname{asin}{\left(\operatorname{sech}{\left(a_{31} s \right)} \right)} \right)}\right)$,12,False,False
46,event67010_track92-hits,50,150,42,16,39,97,5,0.8122155606144968,0.06461050463095931,0.028678893879887535,9.626965190012937,4.30183408198313,0.18164085264175353,0.02966782125505607,1.8119684013321526,$z(s) = a_{1} \operatorname{asin}{\left(\cos{\left(a_{10} + \operatorname{acos}{\left(s \right)} \right)} \right)} + a_{19} \cos{\left(a_{39} s \right)} + a_{2} \sin{\left(\cos{\left(a_{11} + a_{30} s \right)} \right)} + a_{24} \cos{\left(a_{36} s \right)} + a_{25} \sin{\left(s \left(a_{0} + \operatorname{acos}{\left(s \right)}\right) \right)} + a_{26} \sin{\left(a_{38} s \right)} + a_{8} \sin{\left(a_{37} s \right)} + \left(a_{13} + a_{20} s\right) \cos{\left(a_{22} + \left(s - 2\right) \left(a_{4} s + a_{40}\right) \right)} + \left(a_{17} s + a_{18}\right) \tanh{\left(\left(a_{15} - \sin{\left(a_{41} s \right)}\right) \left(a_{32} + a_{5} s\right) \right)} + \left(a_{34} s + a_{35}\right) \left(4 s \left(a_{28} + a_{29} s \left(a_{16} + s\right) \left(a_{12} \sqrt{1 - s^{2}} + a_{23} s \tanh{\left(\sin{\left(4 s \right)} \right)} + a_{27}\right) + a_{3} s \operatorname{asin}{\left(\operatorname{asin}{\left(\tanh{\left(s \right)} \right)} \right)} + a_{6} \sqrt{s + \operatorname{asin}{\left(s \right)}}\right) + \left(a_{9} + 2 s\right) \left(a_{14} \sin{\left(a_{31} s \right)} + a_{21} \sqrt{s} + a_{7}\right) - \tanh{\left(\operatorname{asin}{\left(\operatorname{sech}{\left(a_{33} s \right)} \right)} \right)}\right)$,$x(s) = a_{13} + \left(- s - \sin{\left(\sin{\left(\sin{\left(a_{6} + s \right)} \right)} \right)}\right) \left(a_{1} \operatorname{acos}{\left(s \right)} + a_{14} + \left(a_{0} + a_{12} \left(a_{2} - 32 s\right) \left(- \sin{\left(4 \cos{\left(s \right)} \right)} + \operatorname{sech}{\left(s \right)}\right) + a_{12} \tanh{\left(8 s \right)} + a_{15} \sqrt{1 - \cos^{2}{\left(s \right)}} + a_{3} s \left(2 s - \tanh{\left(4 s \right)}\right) \left(s - \cos{\left(a_{11} s \right)} + 2\right) + a_{4} \left(32 \operatorname{asin}{\left(s \right)} + 64\right) \left(a_{5} + s \left(a_{10} + a_{9} s \left(a_{7} + s\right) \operatorname{acos}{\left(s \right)}\right) + s + \operatorname{sech}{\left(s \right)}\right)\right) \operatorname{acos}{\left(\operatorname{sech}{\left(\cos{\left(a_{8} + s \right)} \right)} \right)}\right)$,$y(s) = a_{1} \sin{\left(\cos{\left(a_{27} s + a_{7} \right)} \right)} + a_{12} \cos{\left(a_{36} s \right)} + a_{14} \cos{\left(a_{31} s \right)} + a_{20} \sin{\left(s \left(a_{0} + \operatorname{acos}{\left(s \right)}\right) \right)} + a_{23} \sin{\left(a_{34} s \right)} + a_{33} \operatorname{acos}{\left(\cos{\left(a_{8} + \operatorname{acos}{\left(s \right)} \right)} \right)} + a_{6} \sin{\left(a_{35} s \right)} - \left(a_{19} + a_{9} s\right) \cos{\left(a_{5} + \left(s - 2\right) \left(a_{3} s + a_{37}\right) \right)} + \left(a_{13} s + a_{16}\right) \tanh{\left(64 s - 64 \sin{\left(a_{38} s \right)} \right)} + \left(a_{30} s + a_{32}\right) \left(4 s \left(a_{2} s \operatorname{asin}{\left(\operatorname{acos}{\left(\operatorname{sech}{\left(s \right)} \right)} \right)} + a_{25} + a_{26} s \left(a_{22} + s\right) \left(a_{11} \sqrt{1 - s^{2}} + a_{15} s \tanh{\left(\sin{\left(4 s \right)} \right)} + a_{24}\right) + a_{4} \sqrt{s + \operatorname{asin}{\left(s \right)}}\right) - \left(a_{21} s - 1\right) \left(a_{10} \sin{\left(a_{28} s \right)} + a_{17} + \sqrt{s} \left(a_{18} + s\right)\right) - \tanh{\left(\operatorname{asin}{\left(\operatorname{sech}{\left(a_{29} s \right)} \right)} \right)}\right)$,53,False,False
47,event67032_track177-hits,50,150,39,39,39,117,5,-0.6580912247159723,43.23271845046589,83.48682248430043,6441.675049119417,12523.023372645064,195.20227421573992,86.36567843203493,0.8154459680873253,$y(s) = a_{1} \sin{\left(\cos{\left(a_{27} s + a_{7} \right)} \right)} + a_{12} \cos{\left(a_{36} s \right)} + a_{14} \cos{\left(a_{31} s \right)} + a_{20} \sin{\left(s \left(a_{0} + \operatorname{acos}{\left(s \right)}\right) \right)} + a_{23} \sin{\left(a_{34} s \right)} + a_{33} \operatorname{acos}{\left(\cos{\left(a_{8} + \operatorname{acos}{\left(s \right)} \right)} \right)} + a_{6} \sin{\left(a_{35} s \right)} - \left(a_{19} + a_{9} s\right) \cos{\left(a_{5} + \left(s - 2\right) \left(a_{3} s + a_{37}\right) \right)} + \left(a_{13} s + a_{16}\right) \tanh{\left(64 s - 64 \sin{\left(a_{38} s \right)} \right)} + \left(a_{30} s + a_{32}\right) \left(4 s \left(a_{2} s \operatorname{asin}{\left(\operatorname{acos}{\left(\operatorname{sech}{\left(s \right)} \right)} \right)} + a_{25} + a_{26} s \left(a_{22} + s\right) \left(a_{11} \sqrt{1 - s^{2}} + a_{15} s \tanh{\left(\sin{\left(4 s \right)} \right)} + a_{24}\right) + a_{4} \sqrt{s + \operatorname{asin}{\left(s \right)}}\right) - \left(a_{21} s - 1\right) \left(a_{10} \sin{\left(a_{28} s \right)} + a_{17} + \sqrt{s} \left(a_{18} + s\right)\right) - \tanh{\left(\operatorname{asin}{\left(\operatorname{sech}{\left(a_{29} s \right)} \right)} \right)}\right)$,$x(s) = a_{1} \operatorname{asin}{\left(\cos{\left(a_{10} + \operatorname{acos}{\left(s \right)} \right)} \right)} + a_{15} \tanh{\left(\left(a_{28} + a_{5} s\right) \sin{\left(a_{38} s \right)} \right)} + a_{17} \cos{\left(a_{36} s \right)} + a_{2} \sin{\left(\cos{\left(a_{11} + a_{27} s \right)} \right)} + a_{21} \cos{\left(a_{33} s \right)} + a_{22} \sin{\left(s \left(a_{0} + \operatorname{acos}{\left(s \right)}\right) \right)} + a_{24} \sin{\left(a_{35} s \right)} + a_{8} \sin{\left(a_{34} s \right)} + \left(a_{13} + a_{18} s\right) \cos{\left(a_{20} + \left(a_{37} + a_{4} s\right) \left(s - 2\right) \right)} + \left(a_{30} s + a_{32}\right) \left(4 s \left(a_{25} + a_{3} s \operatorname{asin}{\left(\operatorname{asin}{\left(\tanh{\left(s \right)} \right)} \right)} + a_{6} \sqrt{s + \operatorname{asin}{\left(s \right)}} + 4 s \left(a_{16} + s\right) \left(a_{12} \sqrt{1 - s^{2}} + a_{23} s \tanh{\left(\sin{\left(4 s \right)} \right)} + a_{26}\right)\right) + \left(a_{9} + 2 s\right) \left(a_{14} \sin{\left(a_{29} s \right)} + a_{19} \sqrt{s} + a_{7}\right) - \tanh{\left(\operatorname{asin}{\left(\operatorname{sech}{\left(a_{31} s \right)} \right)} \right)}\right)$,$y(s) = a_{1} \sin{\left(\cos{\left(a_{27} s + a_{7} \right)} \right)} + a_{12} \cos{\left(a_{36} s \right)} + a_{14} \cos{\left(a_{31} s \right)} + a_{20} \sin{\left(s \left(a_{0} + \operatorname{acos}{\left(s \right)}\right) \right)} + a_{23} \sin{\left(a_{34} s \right)} + a_{33} \operatorname{acos}{\left(\cos{\left(a_{8} + \operatorname{acos}{\left(s \right)} \right)} \right)} + a_{6} \sin{\left(a_{35} s \right)} - \left(a_{19} + a_{9} s\right) \cos{\left(a_{5} + \left(s - 2\right) \left(a_{3} s + a_{37}\right) \right)} + \left(a_{13} s + a_{16}\right) \tanh{\left(64 s - 64 \sin{\left(a_{38} s \right)} \right)} + \left(a_{30} s + a_{32}\right) \left(4 s \left(a_{2} s \operatorname{asin}{\left(\operatorname{acos}{\left(\operatorname{sech}{\left(s \right)} \right)} \right)} + a_{25} + a_{26} s \left(a_{22} + s\right) \left(a_{11} \sqrt{1 - s^{2}} + a_{15} s \tanh{\left(\sin{\left(4 s \right)} \right)} + a_{24}\right) + a_{4} \sqrt{s + \operatorname{asin}{\left(s \right)}}\right) - \left(a_{21} s - 1\right) \left(a_{10} \sin{\left(a_{28} s \right)} + a_{17} + \sqrt{s} \left(a_{18} + s\right)\right) - \tanh{\left(\operatorname{asin}{\left(\operatorname{sech}{\left(a_{29} s \right)} \right)} \right)}\right)$,33,False,False
48,event67044_track260-hits,50,150,32,39,39,110,5,-0.9517083163687623,18.15727654669876,47.029718406032664,2705.4342054581152,7054.457760904899,67.63585513645288,48.65143283382689,0.32945698378707927,$y(s) = a_{1} \operatorname{asin}{\left(\cos{\left(a_{6} + \operatorname{acos}{\left(s \right)} \right)} \right)} + a_{10} \cos{\left(a_{31} s \right)} + a_{11} \sin{\left(a_{30} s \right)} + a_{12} \sin{\left(s \left(a_{0} + \operatorname{acos}{\left(s \right)}\right) \right)} + a_{13} \sin{\left(a_{29} s \right)} + a_{24} \sin{\left(\cos{\left(a_{18} + a_{22} s \right)} \right)} + a_{27} + a_{9} \cos{\left(a_{28} s \right)} + \left(a_{20} + a_{26} s\right) \left(4 s \left(a_{17} + a_{19} s \left(a_{15} + s\right) \left(a_{16} s \tanh{\left(\sin{\left(4 s \right)} \right)} + a_{21} + a_{7} \sqrt{1 - s^{2}}\right) + a_{2} s \operatorname{asin}{\left(\operatorname{asin}{\left(\tanh{\left(s \right)} \right)} \right)} + a_{3} \sqrt{\sqrt{s} + \operatorname{asin}{\left(s \right)}}\right) + \left(a_{4} + 4 s\right) \left(a_{14} \sqrt{s} + a_{5} + a_{8} \sin{\left(a_{23} s \right)}\right) - \tanh{\left(\operatorname{asin}{\left(\operatorname{sech}{\left(a_{25} s \right)} \right)} \right)}\right)$,$y(s) = a_{1} \sin{\left(\cos{\left(a_{27} s + a_{7} \right)} \right)} + a_{12} \cos{\left(a_{36} s \right)} + a_{14} \cos{\left(a_{31} s \right)} + a_{20} \sin{\left(s \left(a_{0} + \operatorname{acos}{\left(s \right)}\right) \right)} + a_{23} \sin{\left(a_{34} s \right)} + a_{33} \operatorname{acos}{\left(\cos{\left(a_{8} + \operatorname{acos}{\left(s \right)} \right)} \right)} + a_{6} \sin{\left(a_{35} s \right)} - \left(a_{19} + a_{9} s\right) \cos{\left(a_{5} + \left(s - 2\right) \left(a_{3} s + a_{37}\right) \right)} + \left(a_{13} s + a_{16}\right) \tanh{\left(64 s - 64 \sin{\left(a_{38} s \right)} \right)} + \left(a_{30} s + a_{32}\right) \left(4 s \left(a_{2} s \operatorname{asin}{\left(\operatorname{acos}{\left(\operatorname{sech}{\left(s \right)} \right)} \right)} + a_{25} + a_{26} s \left(a_{22} + s\right) \left(a_{11} \sqrt{1 - s^{2}} + a_{15} s \tanh{\left(\sin{\left(4 s \right)} \right)} + a_{24}\right) + a_{4} \sqrt{s + \operatorname{asin}{\left(s \right)}}\right) - \left(a_{21} s - 1\right) \left(a_{10} \sin{\left(a_{28} s \right)} + a_{17} + \sqrt{s} \left(a_{18} + s\right)\right) - \tanh{\left(\operatorname{asin}{\left(\operatorname{sech}{\left(a_{29} s \right)} \right)} \right)}\right)$,$y(s) = a_{1} \sin{\left(\cos{\left(a_{27} s + a_{7} \right)} \right)} + a_{12} \cos{\left(a_{36} s \right)} + a_{14} \cos{\left(a_{31} s \right)} + a_{20} \sin{\left(s \left(a_{0} + \operatorname{acos}{\left(s \right)}\right) \right)} + a_{23} \sin{\left(a_{34} s \right)} + a_{33} \operatorname{acos}{\left(\cos{\left(a_{8} + \operatorname{acos}{\left(s \right)} \right)} \right)} + a_{6} \sin{\left(a_{35} s \right)} - \left(a_{19} + a_{9} s\right) \cos{\left(a_{5} + \left(s - 2\right) \left(a_{3} s + a_{37}\right) \right)} + \left(a_{13} s + a_{16}\right) \tanh{\left(64 s - 64 \sin{\left(a_{38} s \right)} \right)} + \left(a_{30} s + a_{32}\right) \left(4 s \left(a_{2} s \operatorname{asin}{\left(\operatorname{acos}{\left(\operatorname{sech}{\left(s \right)} \right)} \right)} + a_{25} + a_{26} s \left(a_{22} + s\right) \left(a_{11} \sqrt{1 - s^{2}} + a_{15} s \tanh{\left(\sin{\left(4 s \right)} \right)} + a_{24}\right) + a_{4} \sqrt{s + \operatorname{asin}{\left(s \right)}}\right) - \left(a_{21} s - 1\right) \left(a_{10} \sin{\left(a_{28} s \right)} + a_{17} + \sqrt{s} \left(a_{18} + s\right)\right) - \tanh{\left(\operatorname{asin}{\left(\operatorname{sech}{\left(a_{29} s \right)} \right)} \right)}\right)$,40,False,False
49,event67077_track61-hits,44,132,32,39,32,103,5,-1.0470251020134824,11.515855220042042,32.810543195090354,1508.5770338255074,4330.9917017519265,52.019897718120944,34.102296864188396,0.42226155507341545,$y(s) = a_{1} \operatorname{asin}{\left(\cos{\left(a_{6} + \operatorname{acos}{\left(s \right)} \right)} \right)} + a_{10} \cos{\left(a_{31} s \right)} + a_{11} \sin{\left(a_{30} s \right)} + a_{12} \sin{\left(s \left(a_{0} + \operatorname{acos}{\left(s \right)}\right) \right)} + a_{13} \sin{\left(a_{29} s \right)} + a_{24} \sin{\left(\cos{\left(a_{18} + a_{22} s \right)} \right)} + a_{27} + a_{9} \cos{\left(a_{28} s \right)} + \left(a_{20} + a_{26} s\right) \left(4 s \left(a_{17} + a_{19} s \left(a_{15} + s\right) \left(a_{16} s \tanh{\left(\sin{\left(4 s \right)} \right)} + a_{21} + a_{7} \sqrt{1 - s^{2}}\right) + a_{2} s \operatorname{asin}{\left(\operatorname{asin}{\left(\tanh{\left(s \right)} \right)} \right)} + a_{3} \sqrt{\sqrt{s} + \operatorname{asin}{\left(s \right)}}\right) + \left(a_{4} + 4 s\right) \left(a_{14} \sqrt{s} + a_{5} + a_{8} \sin{\left(a_{23} s \right)}\right) - \tanh{\left(\operatorname{asin}{\left(\operatorname{sech}{\left(a_{25} s \right)} \right)} \right)}\right)$,$y(s) = a_{1} \sin{\left(\cos{\left(a_{27} s + a_{7} \right)} \right)} + a_{12} \cos{\left(a_{36} s \right)} + a_{14} \cos{\left(a_{31} s \right)} + a_{20} \sin{\left(s \left(a_{0} + \operatorname{acos}{\left(s \right)}\right) \right)} + a_{23} \sin{\left(a_{34} s \right)} + a_{33} \operatorname{acos}{\left(\cos{\left(a_{8} + \operatorname{acos}{\left(s \right)} \right)} \right)} + a_{6} \sin{\left(a_{35} s \right)} - \left(a_{19} + a_{9} s\right) \cos{\left(a_{5} + \left(s - 2\right) \left(a_{3} s + a_{37}\right) \right)} + \left(a_{13} s + a_{16}\right) \tanh{\left(64 s - 64 \sin{\left(a_{38} s \right)} \right)} + \left(a_{30} s + a_{32}\right) \left(4 s \left(a_{2} s \operatorname{asin}{\left(\operatorname{acos}{\left(\operatorname{sech}{\left(s \right)} \right)} \right)} + a_{25} + a_{26} s \left(a_{22} + s\right) \left(a_{11} \sqrt{1 - s^{2}} + a_{15} s \tanh{\left(\sin{\left(4 s \right)} \right)} + a_{24}\right) + a_{4} \sqrt{s + \operatorname{asin}{\left(s \right)}}\right) - \left(a_{21} s - 1\right) \left(a_{10} \sin{\left(a_{28} s \right)} + a_{17} + \sqrt{s} \left(a_{18} + s\right)\right) - \tanh{\left(\operatorname{asin}{\left(\operatorname{sech}{\left(a_{29} s \right)} \right)} \right)}\right)$,$y(s) = a_{1} \operatorname{asin}{\left(\cos{\left(a_{6} + \operatorname{acos}{\left(s \right)} \right)} \right)} + a_{10} \cos{\left(a_{31} s \right)} + a_{11} \sin{\left(a_{30} s \right)} + a_{12} \sin{\left(s \left(a_{0} + \operatorname{acos}{\left(s \right)}\right) \right)} + a_{13} \sin{\left(a_{29} s \right)} + a_{24} \sin{\left(\cos{\left(a_{18} + a_{22} s \right)} \right)} + a_{27} + a_{9} \cos{\left(a_{28} s \right)} + \left(a_{20} + a_{26} s\right) \left(4 s \left(a_{17} + a_{19} s \left(a_{15} + s\right) \left(a_{16} s \tanh{\left(\sin{\left(4 s \right)} \right)} + a_{21} + a_{7} \sqrt{1 - s^{2}}\right) + a_{2} s \operatorname{asin}{\left(\operatorname{asin}{\left(\tanh{\left(s \right)} \right)} \right)} + a_{3} \sqrt{\sqrt{s} + \operatorname{asin}{\left(s \right)}}\right) + \left(a_{4} + 4 s\right) \left(a_{14} \sqrt{s} + a_{5} + a_{8} \sin{\left(a_{23} s \right)}\right) - \tanh{\left(\operatorname{asin}{\left(\operatorname{sech}{\left(a_{25} s \right)} \right)} \right)}\right)$,29,False,False
50,event67114_track332-hits,50,150,39,39,39,117,5,0.13352548122670815,4.411265545336055,3.8598801693888043,657.2785662550722,578.9820254083206,19.917532310759764,3.992979485574625,1.6070626740300058,$x(s) = a_{1} \operatorname{asin}{\left(\cos{\left(a_{10} + \operatorname{acos}{\left(s \right)} \right)} \right)} + a_{15} \tanh{\left(\left(a_{28} + a_{5} s\right) \sin{\left(a_{38} s \right)} \right)} + a_{17} \cos{\left(a_{36} s \right)} + a_{2} \sin{\left(\cos{\left(a_{11} + a_{27} s \right)} \right)} + a_{21} \cos{\left(a_{33} s \right)} + a_{22} \sin{\left(s \left(a_{0} + \operatorname{acos}{\left(s \right)}\right) \right)} + a_{24} \sin{\left(a_{35} s \right)} + a_{8} \sin{\left(a_{34} s \right)} + \left(a_{13} + a_{18} s\right) \cos{\left(a_{20} + \left(a_{37} + a_{4} s\right) \left(s - 2\right) \right)} + \left(a_{30} s + a_{32}\right) \left(4 s \left(a_{25} + a_{3} s \operatorname{asin}{\left(\operatorname{asin}{\left(\tanh{\left(s \right)} \right)} \right)} + a_{6} \sqrt{s + \operatorname{asin}{\left(s \right)}} + 4 s \left(a_{16} + s\right) \left(a_{12} \sqrt{1 - s^{2}} + a_{23} s \tanh{\left(\sin{\left(4 s \right)} \right)} + a_{26}\right)\right) + \left(a_{9} + 2 s\right) \left(a_{14} \sin{\left(a_{29} s \right)} + a_{19} \sqrt{s} + a_{7}\right) - \tanh{\left(\operatorname{asin}{\left(\operatorname{sech}{\left(a_{31} s \right)} \right)} \right)}\right)$,$x(s) = a_{1} \operatorname{asin}{\left(\cos{\left(a_{10} + \operatorname{acos}{\left(s \right)} \right)} \right)} + a_{15} \tanh{\left(\left(a_{28} + a_{5} s\right) \sin{\left(a_{38} s \right)} \right)} + a_{17} \cos{\left(a_{36} s \right)} + a_{2} \sin{\left(\cos{\left(a_{11} + a_{27} s \right)} \right)} + a_{21} \cos{\left(a_{33} s \right)} + a_{22} \sin{\left(s \left(a_{0} + \operatorname{acos}{\left(s \right)}\right) \right)} + a_{24} \sin{\left(a_{35} s \right)} + a_{8} \sin{\left(a_{34} s \right)} + \left(a_{13} + a_{18} s\right) \cos{\left(a_{20} + \left(a_{37} + a_{4} s\right) \left(s - 2\right) \right)} + \left(a_{30} s + a_{32}\right) \left(4 s \left(a_{25} + a_{3} s \operatorname{asin}{\left(\operatorname{asin}{\left(\tanh{\left(s \right)} \right)} \right)} + a_{6} \sqrt{s + \operatorname{asin}{\left(s \right)}} + 4 s \left(a_{16} + s\right) \left(a_{12} \sqrt{1 - s^{2}} + a_{23} s \tanh{\left(\sin{\left(4 s \right)} \right)} + a_{26}\right)\right) + \left(a_{9} + 2 s\right) \left(a_{14} \sin{\left(a_{29} s \right)} + a_{19} \sqrt{s} + a_{7}\right) - \tanh{\left(\operatorname{asin}{\left(\operatorname{sech}{\left(a_{31} s \right)} \right)} \right)}\right)$,$x(s) = a_{1} \operatorname{asin}{\left(\cos{\left(a_{10} + \operatorname{acos}{\left(s \right)} \right)} \right)} + a_{15} \tanh{\left(\left(a_{28} + a_{5} s\right) \sin{\left(a_{38} s \right)} \right)} + a_{17} \cos{\left(a_{36} s \right)} + a_{2} \sin{\left(\cos{\left(a_{11} + a_{27} s \right)} \right)} + a_{21} \cos{\left(a_{33} s \right)} + a_{22} \sin{\left(s \left(a_{0} + \operatorname{acos}{\left(s \right)}\right) \right)} + a_{24} \sin{\left(a_{35} s \right)} + a_{8} \sin{\left(a_{34} s \right)} + \left(a_{13} + a_{18} s\right) \cos{\left(a_{20} + \left(a_{37} + a_{4} s\right) \left(s - 2\right) \right)} + \left(a_{30} s + a_{32}\right) \left(4 s \left(a_{25} + a_{3} s \operatorname{asin}{\left(\operatorname{asin}{\left(\tanh{\left(s \right)} \right)} \right)} + a_{6} \sqrt{s + \operatorname{asin}{\left(s \right)}} + 4 s \left(a_{16} + s\right) \left(a_{12} \sqrt{1 - s^{2}} + a_{23} s \tanh{\left(\sin{\left(4 s \right)} \right)} + a_{26}\right)\right) + \left(a_{9} + 2 s\right) \left(a_{14} \sin{\left(a_{29} s \right)} + a_{19} \sqrt{s} + a_{7}\right) - \tanh{\left(\operatorname{asin}{\left(\operatorname{sech}{\left(a_{31} s \right)} \right)} \right)}\right)$,33,False,False
51,event67151_track65-hits,49,147,39,41,39,119,5,0.9520324545679033,16.724213563409254,6.454807026931491,2441.735180257751,948.8566329589293,87.20482786634825,6.682088964499502,2.5688290369235602,$y(s) = a_{1} \sin{\left(\cos{\left(a_{27} s + a_{7} \right)} \right)} + a_{12} \cos{\left(a_{36} s \right)} + a_{14} \cos{\left(a_{31} s \right)} + a_{20} \sin{\left(s \left(a_{0} + \operatorname{acos}{\left(s \right)}\right) \right)} + a_{23} \sin{\left(a_{34} s \right)} + a_{33} \operatorname{acos}{\left(\cos{\left(a_{8} + \operatorname{acos}{\left(s \right)} \right)} \right)} + a_{6} \sin{\left(a_{35} s \right)} - \left(a_{19} + a_{9} s\right) \cos{\left(a_{5} + \left(s - 2\right) \left(a_{3} s + a_{37}\right) \right)} + \left(a_{13} s + a_{16}\right) \tanh{\left(64 s - 64 \sin{\left(a_{38} s \right)} \right)} + \left(a_{30} s + a_{32}\right) \left(4 s \left(a_{2} s \operatorname{asin}{\left(\operatorname{acos}{\left(\operatorname{sech}{\left(s \right)} \right)} \right)} + a_{25} + a_{26} s \left(a_{22} + s\right) \left(a_{11} \sqrt{1 - s^{2}} + a_{15} s \tanh{\left(\sin{\left(4 s \right)} \right)} + a_{24}\right) + a_{4} \sqrt{s + \operatorname{asin}{\left(s \right)}}\right) - \left(a_{21} s - 1\right) \left(a_{10} \sin{\left(a_{28} s \right)} + a_{17} + \sqrt{s} \left(a_{18} + s\right)\right) - \tanh{\left(\operatorname{asin}{\left(\operatorname{sech}{\left(a_{29} s \right)} \right)} \right)}\right)$,$y(s) = a_{19} s \left(a_{9} \operatorname{asin}{\left(s \right)} + \left(a_{20} + a_{25} s \left(a_{12} + s\right)\right) \left(a_{24} s + a_{8}\right) \sin{\left(a_{13} + a_{2} s + s \operatorname{acos}{\left(s \right)} \operatorname{acos}{\left(s^{2} \right)} + \operatorname{acos}{\left(s \right)} \right)} + \sin{\left(a_{38} s \right)}\right) \operatorname{acos}{\left(s \right)} + a_{3} \tanh{\left(\sin{\left(a_{27} s \right)} \right)} + a_{39} + a_{40} s + \left(a_{23} + a_{29} \sqrt{s}\right) \operatorname{sech}{\left(a_{10} + a_{37} s \right)} - \left(a_{28} - s\right) \left(a_{14} \operatorname{acos}{\left(\sin{\left(a_{11} + a_{32} s \right)} \right)} + a_{34} \tanh{\left(\operatorname{asin}{\left(\operatorname{sech}{\left(a_{33} s \right)} \right)} \right)} - s \left(a_{0} s \left(a_{17} s^{2} + a_{18} - s\right) + a_{1} \operatorname{sech}{\left(a_{26} s \right)}\right) + \left(a_{21} + a_{5} \sin{\left(s \right)}\right) \sin{\left(a_{30} s \right)}\right) + \left(a_{22} s^{2} + a_{31}\right) \tanh{\left(a_{36} s \right)} \operatorname{acos}{\left(- s \right)} - \tanh{\left(a_{15} \sin{\left(\left(a_{16} + a_{6} s\right) \left(a_{35} + a_{4} s + a_{7} \operatorname{acos}{\left(s \right)}\right) \right)} \operatorname{sech}{\left(s \right)} \right)} + \sqrt{\operatorname{acos}{\left(s \right)}}$,$x(s) = a_{1} \operatorname{asin}{\left(\cos{\left(a_{10} + \operatorname{acos}{\left(s \right)} \right)} \right)} + a_{15} \tanh{\left(\left(a_{28} + a_{5} s\right) \sin{\left(a_{38} s \right)} \right)} + a_{17} \cos{\left(a_{36} s \right)} + a_{2} \sin{\left(\cos{\left(a_{11} + a_{27} s \right)} \right)} + a_{21} \cos{\left(a_{33} s \right)} + a_{22} \sin{\left(s \left(a_{0} + \operatorname{acos}{\left(s \right)}\right) \right)} + a_{24} \sin{\left(a_{35} s \right)} + a_{8} \sin{\left(a_{34} s \right)} + \left(a_{13} + a_{18} s\right) \cos{\left(a_{20} + \left(a_{37} + a_{4} s\right) \left(s - 2\right) \right)} + \left(a_{30} s + a_{32}\right) \left(4 s \left(a_{25} + a_{3} s \operatorname{asin}{\left(\operatorname{asin}{\left(\tanh{\left(s \right)} \right)} \right)} + a_{6} \sqrt{s + \operatorname{asin}{\left(s \right)}} + 4 s \left(a_{16} + s\right) \left(a_{12} \sqrt{1 - s^{2}} + a_{23} s \tanh{\left(\sin{\left(4 s \right)} \right)} + a_{26}\right)\right) + \left(a_{9} + 2 s\right) \left(a_{14} \sin{\left(a_{29} s \right)} + a_{19} \sqrt{s} + a_{7}\right) - \tanh{\left(\operatorname{asin}{\left(\operatorname{sech}{\left(a_{31} s \right)} \right)} \right)}\right)$,28,False,False
52,event67164_track310-hits,46,138,39,39,32,110,5,0.8090782953140221,5.503016463203766,2.45031869193274,753.913255458916,338.14397948671814,26.925473409246997,2.542435935990362,2.359950154031492,$x(s) = a_{1} \operatorname{asin}{\left(\cos{\left(a_{10} + \operatorname{acos}{\left(s \right)} \right)} \right)} + a_{15} \tanh{\left(\left(a_{28} + a_{5} s\right) \sin{\left(a_{38} s \right)} \right)} + a_{17} \cos{\left(a_{36} s \right)} + a_{2} \sin{\left(\cos{\left(a_{11} + a_{27} s \right)} \right)} + a_{21} \cos{\left(a_{33} s \right)} + a_{22} \sin{\left(s \left(a_{0} + \operatorname{acos}{\left(s \right)}\right) \right)} + a_{24} \sin{\left(a_{35} s \right)} + a_{8} \sin{\left(a_{34} s \right)} + \left(a_{13} + a_{18} s\right) \cos{\left(a_{20} + \left(a_{37} + a_{4} s\right) \left(s - 2\right) \right)} + \left(a_{30} s + a_{32}\right) \left(4 s \left(a_{25} + a_{3} s \operatorname{asin}{\left(\operatorname{asin}{\left(\tanh{\left(s \right)} \right)} \right)} + a_{6} \sqrt{s + \operatorname{asin}{\left(s \right)}} + 4 s \left(a_{16} + s\right) \left(a_{12} \sqrt{1 - s^{2}} + a_{23} s \tanh{\left(\sin{\left(4 s \right)} \right)} + a_{26}\right)\right) + \left(a_{9} + 2 s\right) \left(a_{14} \sin{\left(a_{29} s \right)} + a_{19} \sqrt{s} + a_{7}\right) - \tanh{\left(\operatorname{asin}{\left(\operatorname{sech}{\left(a_{31} s \right)} \right)} \right)}\right)$,$x(s) = a_{1} \operatorname{asin}{\left(\cos{\left(a_{10} + \operatorname{acos}{\left(s \right)} \right)} \right)} + a_{15} \tanh{\left(\left(a_{28} + a_{5} s\right) \sin{\left(a_{38} s \right)} \right)} + a_{17} \cos{\left(a_{36} s \right)} + a_{2} \sin{\left(\cos{\left(a_{11} + a_{27} s \right)} \right)} + a_{21} \cos{\left(a_{33} s \right)} + a_{22} \sin{\left(s \left(a_{0} + \operatorname{acos}{\left(s \right)}\right) \right)} + a_{24} \sin{\left(a_{35} s \right)} + a_{8} \sin{\left(a_{34} s \right)} + \left(a_{13} + a_{18} s\right) \cos{\left(a_{20} + \left(a_{37} + a_{4} s\right) \left(s - 2\right) \right)} + \left(a_{30} s + a_{32}\right) \left(4 s \left(a_{25} + a_{3} s \operatorname{asin}{\left(\operatorname{asin}{\left(\tanh{\left(s \right)} \right)} \right)} + a_{6} \sqrt{s + \operatorname{asin}{\left(s \right)}} + 4 s \left(a_{16} + s\right) \left(a_{12} \sqrt{1 - s^{2}} + a_{23} s \tanh{\left(\sin{\left(4 s \right)} \right)} + a_{26}\right)\right) + \left(a_{9} + 2 s\right) \left(a_{14} \sin{\left(a_{29} s \right)} + a_{19} \sqrt{s} + a_{7}\right) - \tanh{\left(\operatorname{asin}{\left(\operatorname{sech}{\left(a_{31} s \right)} \right)} \right)}\right)$,$y(s) = a_{1} \operatorname{asin}{\left(\cos{\left(a_{7} + \operatorname{acos}{\left(s \right)} \right)} \right)} + a_{10} \cos{\left(a_{28} s \right)} + a_{11} \cos{\left(a_{31} s \right)} + a_{12} \sin{\left(a_{29} s \right)} + a_{13} \sin{\left(a_{30} s \right)} + a_{24} \sin{\left(\cos{\left(a_{19} + a_{22} s \right)} \right)} + a_{27} + a_{9} \sin{\left(s \left(a_{0} + \operatorname{acos}{\left(s \right)}\right) \right)} + \left(a_{20} + a_{26} s\right) \left(4 s \left(a_{17} + a_{18} s \left(a_{16} + s\right) \left(a_{14} s \tanh{\left(\sin{\left(4 s \right)} \right)} + a_{21} + a_{8} \sqrt{1 - s^{2}}\right) + a_{2} s \operatorname{asin}{\left(\operatorname{asin}{\left(\tanh{\left(s \right)} \right)} \right)} + a_{3} \sqrt{\sqrt{s} + \operatorname{asin}{\left(s \right)}}\right) + \left(a_{4} + 4 s\right) \left(a_{15} \sin{\left(a_{23} s \right)} + a_{5} + a_{6} \sqrt{s}\right) - \tanh{\left(\operatorname{asin}{\left(\operatorname{sech}{\left(a_{25} s \right)} \right)} \right)}\right)$,28,False,False
53,event67192_track254-hits,45,135,39,32,32,103,5,1.5027093665046993,0.02226739947595703,0.004955085066402103,2.983831529778242,0.668936483964284,0.09324473530557006,0.005145665261263723,2.897072935673037,$y(s) = a_{1} \sin{\left(\cos{\left(a_{27} s + a_{7} \right)} \right)} + a_{12} \cos{\left(a_{36} s \right)} + a_{14} \cos{\left(a_{31} s \right)} + a_{20} \sin{\left(s \left(a_{0} + \operatorname{acos}{\left(s \right)}\right) \right)} + a_{23} \sin{\left(a_{34} s \right)} + a_{33} \operatorname{acos}{\left(\cos{\left(a_{8} + \operatorname{acos}{\left(s \right)} \right)} \right)} + a_{6} \sin{\left(a_{35} s \right)} - \left(a_{19} + a_{9} s\right) \cos{\left(a_{5} + \left(s - 2\right) \left(a_{3} s + a_{37}\right) \right)} + \left(a_{13} s + a_{16}\right) \tanh{\left(64 s - 64 \sin{\left(a_{38} s \right)} \right)} + \left(a_{30} s + a_{32}\right) \left(4 s \left(a_{2} s \operatorname{asin}{\left(\operatorname{acos}{\left(\operatorname{sech}{\left(s \right)} \right)} \right)} + a_{25} + a_{26} s \left(a_{22} + s\right) \left(a_{11} \sqrt{1 - s^{2}} + a_{15} s \tanh{\left(\sin{\left(4 s \right)} \right)} + a_{24}\right) + a_{4} \sqrt{s + \operatorname{asin}{\left(s \right)}}\right) - \left(a_{21} s - 1\right) \left(a_{10} \sin{\left(a_{28} s \right)} + a_{17} + \sqrt{s} \left(a_{18} + s\right)\right) - \tanh{\left(\operatorname{asin}{\left(\operatorname{sech}{\left(a_{29} s \right)} \right)} \right)}\right)$,$y(s) = a_{1} \operatorname{asin}{\left(\cos{\left(a_{7} + \operatorname{acos}{\left(s \right)} \right)} \right)} + a_{10} \cos{\left(a_{28} s \right)} + a_{11} \cos{\left(a_{31} s \right)} + a_{12} \sin{\left(a_{29} s \right)} + a_{13} \sin{\left(a_{30} s \right)} + a_{24} \sin{\left(\cos{\left(a_{19} + a_{22} s \right)} \right)} + a_{27} + a_{9} \sin{\left(s \left(a_{0} + \operatorname{acos}{\left(s \right)}\right) \right)} + \left(a_{20} + a_{26} s\right) \left(4 s \left(a_{17} + a_{18} s \left(a_{16} + s\right) \left(a_{14} s \tanh{\left(\sin{\left(4 s \right)} \right)} + a_{21} + a_{8} \sqrt{1 - s^{2}}\right) + a_{2} s \operatorname{asin}{\left(\operatorname{asin}{\left(\tanh{\left(s \right)} \right)} \right)} + a_{3} \sqrt{\sqrt{s} + \operatorname{asin}{\left(s \right)}}\right) + \left(a_{4} + 4 s\right) \left(a_{15} \sin{\left(a_{23} s \right)} + a_{5} + a_{6} \sqrt{s}\right) - \tanh{\left(\operatorname{asin}{\left(\operatorname{sech}{\left(a_{25} s \right)} \right)} \right)}\right)$,$y(s) = a_{1} \operatorname{asin}{\left(\cos{\left(a_{7} + \operatorname{acos}{\left(s \right)} \right)} \right)} + a_{10} \cos{\left(a_{28} s \right)} + a_{11} \cos{\left(a_{31} s \right)} + a_{12} \sin{\left(a_{29} s \right)} + a_{13} \sin{\left(a_{30} s \right)} + a_{24} \sin{\left(\cos{\left(a_{19} + a_{22} s \right)} \right)} + a_{27} + a_{9} \sin{\left(s \left(a_{0} + \operatorname{acos}{\left(s \right)}\right) \right)} + \left(a_{20} + a_{26} s\right) \left(4 s \left(a_{17} + a_{18} s \left(a_{16} + s\right) \left(a_{14} s \tanh{\left(\sin{\left(4 s \right)} \right)} + a_{21} + a_{8} \sqrt{1 - s^{2}}\right) + a_{2} s \operatorname{asin}{\left(\operatorname{asin}{\left(\tanh{\left(s \right)} \right)} \right)} + a_{3} \sqrt{\sqrt{s} + \operatorname{asin}{\left(s \right)}}\right) + \left(a_{4} + 4 s\right) \left(a_{15} \sin{\left(a_{23} s \right)} + a_{5} + a_{6} \sqrt{s}\right) - \tanh{\left(\operatorname{asin}{\left(\operatorname{sech}{\left(a_{25} s \right)} \right)} \right)}\right)$,32,False,False
54,event67222_track178-hits,45,135,39,39,39,117,5,1.1851295208846553,5.029586855766477,1.5375778042726054,673.964638672708,207.57300357680174,37.442479926261555,1.5967154121292442,3.154857234956555,$y(s) = a_{1} \sin{\left(\cos{\left(a_{27} s + a_{7} \right)} \right)} + a_{12} \cos{\left(a_{36} s \right)} + a_{14} \cos{\left(a_{31} s \right)} + a_{20} \sin{\left(s \left(a_{0} + \operatorname{acos}{\left(s \right)}\right) \right)} + a_{23} \sin{\left(a_{34} s \right)} + a_{33} \operatorname{acos}{\left(\cos{\left(a_{8} + \operatorname{acos}{\left(s \right)} \right)} \right)} + a_{6} \sin{\left(a_{35} s \right)} - \left(a_{19} + a_{9} s\right) \cos{\left(a_{5} + \left(s - 2\right) \left(a_{3} s + a_{37}\right) \right)} + \left(a_{13} s + a_{16}\right) \tanh{\left(64 s - 64 \sin{\left(a_{38} s \right)} \right)} + \left(a_{30} s + a_{32}\right) \left(4 s \left(a_{2} s \operatorname{asin}{\left(\operatorname{acos}{\left(\operatorname{sech}{\left(s \right)} \right)} \right)} + a_{25} + a_{26} s \left(a_{22} + s\right) \left(a_{11} \sqrt{1 - s^{2}} + a_{15} s \tanh{\left(\sin{\left(4 s \right)} \right)} + a_{24}\right) + a_{4} \sqrt{s + \operatorname{asin}{\left(s \right)}}\right) - \left(a_{21} s - 1\right) \left(a_{10} \sin{\left(a_{28} s \right)} + a_{17} + \sqrt{s} \left(a_{18} + s\right)\right) - \tanh{\left(\operatorname{asin}{\left(\operatorname{sech}{\left(a_{29} s \right)} \right)} \right)}\right)$,$x(s) = a_{1} \operatorname{asin}{\left(\cos{\left(a_{10} + \operatorname{acos}{\left(s \right)} \right)} \right)} + a_{15} \tanh{\left(\left(a_{28} + a_{5} s\right) \sin{\left(a_{38} s \right)} \right)} + a_{17} \cos{\left(a_{36} s \right)} + a_{2} \sin{\left(\cos{\left(a_{11} + a_{27} s \right)} \right)} + a_{21} \cos{\left(a_{33} s \right)} + a_{22} \sin{\left(s \left(a_{0} + \operatorname{acos}{\left(s \right)}\right) \right)} + a_{24} \sin{\left(a_{35} s \right)} + a_{8} \sin{\left(a_{34} s \right)} + \left(a_{13} + a_{18} s\right) \cos{\left(a_{20} + \left(a_{37} + a_{4} s\right) \left(s - 2\right) \right)} + \left(a_{30} s + a_{32}\right) \left(4 s \left(a_{25} + a_{3} s \operatorname{asin}{\left(\operatorname{asin}{\left(\tanh{\left(s \right)} \right)} \right)} + a_{6} \sqrt{s + \operatorname{asin}{\left(s \right)}} + 4 s \left(a_{16} + s\right) \left(a_{12} \sqrt{1 - s^{2}} + a_{23} s \tanh{\left(\sin{\left(4 s \right)} \right)} + a_{26}\right)\right) + \left(a_{9} + 2 s\right) \left(a_{14} \sin{\left(a_{29} s \right)} + a_{19} \sqrt{s} + a_{7}\right) - \tanh{\left(\operatorname{asin}{\left(\operatorname{sech}{\left(a_{31} s \right)} \right)} \right)}\right)$,$y(s) = a_{1} \sin{\left(\cos{\left(a_{27} s + a_{7} \right)} \right)} + a_{12} \cos{\left(a_{36} s \right)} + a_{14} \cos{\left(a_{31} s \right)} + a_{20} \sin{\left(s \left(a_{0} + \operatorname{acos}{\left(s \right)}\right) \right)} + a_{23} \sin{\left(a_{34} s \right)} + a_{33} \operatorname{acos}{\left(\cos{\left(a_{8} + \operatorname{acos}{\left(s \right)} \right)} \right)} + a_{6} \sin{\left(a_{35} s \right)} - \left(a_{19} + a_{9} s\right) \cos{\left(a_{5} + \left(s - 2\right) \left(a_{3} s + a_{37}\right) \right)} + \left(a_{13} s + a_{16}\right) \tanh{\left(64 s - 64 \sin{\left(a_{38} s \right)} \right)} + \left(a_{30} s + a_{32}\right) \left(4 s \left(a_{2} s \operatorname{asin}{\left(\operatorname{acos}{\left(\operatorname{sech}{\left(s \right)} \right)} \right)} + a_{25} + a_{26} s \left(a_{22} + s\right) \left(a_{11} \sqrt{1 - s^{2}} + a_{15} s \tanh{\left(\sin{\left(4 s \right)} \right)} + a_{24}\right) + a_{4} \sqrt{s + \operatorname{asin}{\left(s \right)}}\right) - \left(a_{21} s - 1\right) \left(a_{10} \sin{\left(a_{28} s \right)} + a_{17} + \sqrt{s} \left(a_{18} + s\right)\right) - \tanh{\left(\operatorname{asin}{\left(\operatorname{sech}{\left(a_{29} s \right)} \right)} \right)}\right)$,18,False,False
55,event67226_track440-hits,49,147,39,39,39,117,5,0.706328469772742,1.1740422987442394,0.5793342268999424,171.41017561665896,85.16213135429153,5.713672520555298,0.5997333193964193,2.2541321806414474,$x(s) = a_{1} \operatorname{asin}{\left(\cos{\left(a_{10} + \operatorname{acos}{\left(s \right)} \right)} \right)} + a_{15} \tanh{\left(\left(a_{28} + a_{5} s\right) \sin{\left(a_{38} s \right)} \right)} + a_{17} \cos{\left(a_{36} s \right)} + a_{2} \sin{\left(\cos{\left(a_{11} + a_{27} s \right)} \right)} + a_{21} \cos{\left(a_{33} s \right)} + a_{22} \sin{\left(s \left(a_{0} + \operatorname{acos}{\left(s \right)}\right) \right)} + a_{24} \sin{\left(a_{35} s \right)} + a_{8} \sin{\left(a_{34} s \right)} + \left(a_{13} + a_{18} s\right) \cos{\left(a_{20} + \left(a_{37} + a_{4} s\right) \left(s - 2\right) \right)} + \left(a_{30} s + a_{32}\right) \left(4 s \left(a_{25} + a_{3} s \operatorname{asin}{\left(\operatorname{asin}{\left(\tanh{\left(s \right)} \right)} \right)} + a_{6} \sqrt{s + \operatorname{asin}{\left(s \right)}} + 4 s \left(a_{16} + s\right) \left(a_{12} \sqrt{1 - s^{2}} + a_{23} s \tanh{\left(\sin{\left(4 s \right)} \right)} + a_{26}\right)\right) + \left(a_{9} + 2 s\right) \left(a_{14} \sin{\left(a_{29} s \right)} + a_{19} \sqrt{s} + a_{7}\right) - \tanh{\left(\operatorname{asin}{\left(\operatorname{sech}{\left(a_{31} s \right)} \right)} \right)}\right)$,$x(s) = a_{1} \operatorname{asin}{\left(\cos{\left(a_{10} + \operatorname{acos}{\left(s \right)} \right)} \right)} + a_{15} \tanh{\left(\left(a_{28} + a_{5} s\right) \sin{\left(a_{38} s \right)} \right)} + a_{17} \cos{\left(a_{36} s \right)} + a_{2} \sin{\left(\cos{\left(a_{11} + a_{27} s \right)} \right)} + a_{21} \cos{\left(a_{33} s \right)} + a_{22} \sin{\left(s \left(a_{0} + \operatorname{acos}{\left(s \right)}\right) \right)} + a_{24} \sin{\left(a_{35} s \right)} + a_{8} \sin{\left(a_{34} s \right)} + \left(a_{13} + a_{18} s\right) \cos{\left(a_{20} + \left(a_{37} + a_{4} s\right) \left(s - 2\right) \right)} + \left(a_{30} s + a_{32}\right) \left(4 s \left(a_{25} + a_{3} s \operatorname{asin}{\left(\operatorname{asin}{\left(\tanh{\left(s \right)} \right)} \right)} + a_{6} \sqrt{s + \operatorname{asin}{\left(s \right)}} + 4 s \left(a_{16} + s\right) \left(a_{12} \sqrt{1 - s^{2}} + a_{23} s \tanh{\left(\sin{\left(4 s \right)} \right)} + a_{26}\right)\right) + \left(a_{9} + 2 s\right) \left(a_{14} \sin{\left(a_{29} s \right)} + a_{19} \sqrt{s} + a_{7}\right) - \tanh{\left(\operatorname{asin}{\left(\operatorname{sech}{\left(a_{31} s \right)} \right)} \right)}\right)$,$x(s) = a_{1} \operatorname{asin}{\left(\cos{\left(a_{10} + \operatorname{acos}{\left(s \right)} \right)} \right)} + a_{15} \tanh{\left(\left(a_{28} + a_{5} s\right) \sin{\left(a_{38} s \right)} \right)} + a_{17} \cos{\left(a_{36} s \right)} + a_{2} \sin{\left(\cos{\left(a_{11} + a_{27} s \right)} \right)} + a_{21} \cos{\left(a_{33} s \right)} + a_{22} \sin{\left(s \left(a_{0} + \operatorname{acos}{\left(s \right)}\right) \right)} + a_{24} \sin{\left(a_{35} s \right)} + a_{8} \sin{\left(a_{34} s \right)} + \left(a_{13} + a_{18} s\right) \cos{\left(a_{20} + \left(a_{37} + a_{4} s\right) \left(s - 2\right) \right)} + \left(a_{30} s + a_{32}\right) \left(4 s \left(a_{25} + a_{3} s \operatorname{asin}{\left(\operatorname{asin}{\left(\tanh{\left(s \right)} \right)} \right)} + a_{6} \sqrt{s + \operatorname{asin}{\left(s \right)}} + 4 s \left(a_{16} + s\right) \left(a_{12} \sqrt{1 - s^{2}} + a_{23} s \tanh{\left(\sin{\left(4 s \right)} \right)} + a_{26}\right)\right) + \left(a_{9} + 2 s\right) \left(a_{14} \sin{\left(a_{29} s \right)} + a_{19} \sqrt{s} + a_{7}\right) - \tanh{\left(\operatorname{asin}{\left(\operatorname{sech}{\left(a_{31} s \right)} \right)} \right)}\right)$,30,False,False
56,event67244_track322-hits,46,138,32,32,39,103,5,1.6293669008616127,0.8795774740770671,0.17244437974396445,120.50211394855819,23.797324404667094,3.4429175413873767,0.17892725116291047,2.9570952082648727,$y(s) = a_{1} \operatorname{asin}{\left(\cos{\left(a_{7} + \operatorname{acos}{\left(s \right)} \right)} \right)} + a_{10} \cos{\left(a_{28} s \right)} + a_{11} \cos{\left(a_{31} s \right)} + a_{12} \sin{\left(a_{29} s \right)} + a_{13} \sin{\left(a_{30} s \right)} + a_{24} \sin{\left(\cos{\left(a_{19} + a_{22} s \right)} \right)} + a_{27} + a_{9} \sin{\left(s \left(a_{0} + \operatorname{acos}{\left(s \right)}\right) \right)} + \left(a_{20} + a_{26} s\right) \left(4 s \left(a_{17} + a_{18} s \left(a_{16} + s\right) \left(a_{14} s \tanh{\left(\sin{\left(4 s \right)} \right)} + a_{21} + a_{8} \sqrt{1 - s^{2}}\right) + a_{2} s \operatorname{asin}{\left(\operatorname{asin}{\left(\tanh{\left(s \right)} \right)} \right)} + a_{3} \sqrt{\sqrt{s} + \operatorname{asin}{\left(s \right)}}\right) + \left(a_{4} + 4 s\right) \left(a_{15} \sin{\left(a_{23} s \right)} + a_{5} + a_{6} \sqrt{s}\right) - \tanh{\left(\operatorname{asin}{\left(\operatorname{sech}{\left(a_{25} s \right)} \right)} \right)}\right)$,$y(s) = a_{1} \operatorname{asin}{\left(\cos{\left(a_{7} + \operatorname{acos}{\left(s \right)} \right)} \right)} + a_{10} \cos{\left(a_{28} s \right)} + a_{11} \cos{\left(a_{31} s \right)} + a_{12} \sin{\left(a_{29} s \right)} + a_{13} \sin{\left(a_{30} s \right)} + a_{24} \sin{\left(\cos{\left(a_{19} + a_{22} s \right)} \right)} + a_{27} + a_{9} \sin{\left(s \left(a_{0} + \operatorname{acos}{\left(s \right)}\right) \right)} + \left(a_{20} + a_{26} s\right) \left(4 s \left(a_{17} + a_{18} s \left(a_{16} + s\right) \left(a_{14} s \tanh{\left(\sin{\left(4 s \right)} \right)} + a_{21} + a_{8} \sqrt{1 - s^{2}}\right) + a_{2} s \operatorname{asin}{\left(\operatorname{asin}{\left(\tanh{\left(s \right)} \right)} \right)} + a_{3} \sqrt{\sqrt{s} + \operatorname{asin}{\left(s \right)}}\right) + \left(a_{4} + 4 s\right) \left(a_{15} \sin{\left(a_{23} s \right)} + a_{5} + a_{6} \sqrt{s}\right) - \tanh{\left(\operatorname{asin}{\left(\operatorname{sech}{\left(a_{25} s \right)} \right)} \right)}\right)$,$y(s) = a_{1} \sin{\left(\cos{\left(a_{27} s + a_{7} \right)} \right)} + a_{12} \cos{\left(a_{36} s \right)} + a_{14} \cos{\left(a_{31} s \right)} + a_{20} \sin{\left(s \left(a_{0} + \operatorname{acos}{\left(s \right)}\right) \right)} + a_{23} \sin{\left(a_{34} s \right)} + a_{33} \operatorname{acos}{\left(\cos{\left(a_{8} + \operatorname{acos}{\left(s \right)} \right)} \right)} + a_{6} \sin{\left(a_{35} s \right)} - \left(a_{19} + a_{9} s\right) \cos{\left(a_{5} + \left(s - 2\right) \left(a_{3} s + a_{37}\right) \right)} + \left(a_{13} s + a_{16}\right) \tanh{\left(64 s - 64 \sin{\left(a_{38} s \right)} \right)} + \left(a_{30} s + a_{32}\right) \left(4 s \left(a_{2} s \operatorname{asin}{\left(\operatorname{acos}{\left(\operatorname{sech}{\left(s \right)} \right)} \right)} + a_{25} + a_{26} s \left(a_{22} + s\right) \left(a_{11} \sqrt{1 - s^{2}} + a_{15} s \tanh{\left(\sin{\left(4 s \right)} \right)} + a_{24}\right) + a_{4} \sqrt{s + \operatorname{asin}{\left(s \right)}}\right) - \left(a_{21} s - 1\right) \left(a_{10} \sin{\left(a_{28} s \right)} + a_{17} + \sqrt{s} \left(a_{18} + s\right)\right) - \tanh{\left(\operatorname{asin}{\left(\operatorname{sech}{\left(a_{29} s \right)} \right)} \right)}\right)$,35,False,False
57,event67248_track173-hits,50,150,39,39,39,117,5,0.8696102403481306,2.420233602627653,1.014355895325979,360.6148067915203,152.15338429889687,10.927721417924857,1.0493336848199784,2.343147433151428,$y(s) = a_{1} \sin{\left(\cos{\left(a_{27} s + a_{7} \right)} \right)} + a_{12} \cos{\left(a_{36} s \right)} + a_{14} \cos{\left(a_{31} s \right)} + a_{20} \sin{\left(s \left(a_{0} + \operatorname{acos}{\left(s \right)}\right) \right)} + a_{23} \sin{\left(a_{34} s \right)} + a_{33} \operatorname{acos}{\left(\cos{\left(a_{8} + \operatorname{acos}{\left(s \right)} \right)} \right)} + a_{6} \sin{\left(a_{35} s \right)} - \left(a_{19} + a_{9} s\right) \cos{\left(a_{5} + \left(s - 2\right) \left(a_{3} s + a_{37}\right) \right)} + \left(a_{13} s + a_{16}\right) \tanh{\left(64 s - 64 \sin{\left(a_{38} s \right)} \right)} + \left(a_{30} s + a_{32}\right) \left(4 s \left(a_{2} s \operatorname{asin}{\left(\operatorname{acos}{\left(\operatorname{sech}{\left(s \right)} \right)} \right)} + a_{25} + a_{26} s \left(a_{22} + s\right) \left(a_{11} \sqrt{1 - s^{2}} + a_{15} s \tanh{\left(\sin{\left(4 s \right)} \right)} + a_{24}\right) + a_{4} \sqrt{s + \operatorname{asin}{\left(s \right)}}\right) - \left(a_{21} s - 1\right) \left(a_{10} \sin{\left(a_{28} s \right)} + a_{17} + \sqrt{s} \left(a_{18} + s\right)\right) - \tanh{\left(\operatorname{asin}{\left(\operatorname{sech}{\left(a_{29} s \right)} \right)} \right)}\right)$,$x(s) = a_{1} \operatorname{asin}{\left(\cos{\left(a_{10} + \operatorname{acos}{\left(s \right)} \right)} \right)} + a_{15} \tanh{\left(\left(a_{28} + a_{5} s\right) \sin{\left(a_{38} s \right)} \right)} + a_{17} \cos{\left(a_{36} s \right)} + a_{2} \sin{\left(\cos{\left(a_{11} + a_{27} s \right)} \right)} + a_{21} \cos{\left(a_{33} s \right)} + a_{22} \sin{\left(s \left(a_{0} + \operatorname{acos}{\left(s \right)}\right) \right)} + a_{24} \sin{\left(a_{35} s \right)} + a_{8} \sin{\left(a_{34} s \right)} + \left(a_{13} + a_{18} s\right) \cos{\left(a_{20} + \left(a_{37} + a_{4} s\right) \left(s - 2\right) \right)} + \left(a_{30} s + a_{32}\right) \left(4 s \left(a_{25} + a_{3} s \operatorname{asin}{\left(\operatorname{asin}{\left(\tanh{\left(s \right)} \right)} \right)} + a_{6} \sqrt{s + \operatorname{asin}{\left(s \right)}} + 4 s \left(a_{16} + s\right) \left(a_{12} \sqrt{1 - s^{2}} + a_{23} s \tanh{\left(\sin{\left(4 s \right)} \right)} + a_{26}\right)\right) + \left(a_{9} + 2 s\right) \left(a_{14} \sin{\left(a_{29} s \right)} + a_{19} \sqrt{s} + a_{7}\right) - \tanh{\left(\operatorname{asin}{\left(\operatorname{sech}{\left(a_{31} s \right)} \right)} \right)}\right)$,$x(s) = a_{1} \operatorname{asin}{\left(\cos{\left(a_{10} + \operatorname{acos}{\left(s \right)} \right)} \right)} + a_{15} \tanh{\left(\left(a_{28} + a_{5} s\right) \sin{\left(a_{38} s \right)} \right)} + a_{17} \cos{\left(a_{36} s \right)} + a_{2} \sin{\left(\cos{\left(a_{11} + a_{27} s \right)} \right)} + a_{21} \cos{\left(a_{33} s \right)} + a_{22} \sin{\left(s \left(a_{0} + \operatorname{acos}{\left(s \right)}\right) \right)} + a_{24} \sin{\left(a_{35} s \right)} + a_{8} \sin{\left(a_{34} s \right)} + \left(a_{13} + a_{18} s\right) \cos{\left(a_{20} + \left(a_{37} + a_{4} s\right) \left(s - 2\right) \right)} + \left(a_{30} s + a_{32}\right) \left(4 s \left(a_{25} + a_{3} s \operatorname{asin}{\left(\operatorname{asin}{\left(\tanh{\left(s \right)} \right)} \right)} + a_{6} \sqrt{s + \operatorname{asin}{\left(s \right)}} + 4 s \left(a_{16} + s\right) \left(a_{12} \sqrt{1 - s^{2}} + a_{23} s \tanh{\left(\sin{\left(4 s \right)} \right)} + a_{26}\right)\right) + \left(a_{9} + 2 s\right) \left(a_{14} \sin{\left(a_{29} s \right)} + a_{19} \sqrt{s} + a_{7}\right) - \tanh{\left(\operatorname{asin}{\left(\operatorname{sech}{\left(a_{31} s \right)} \right)} \right)}\right)$,33,False,False
58,event67302_track262-hits,42,126,32,21,32,85,5,0.7815690360483116,0.7677817568890194,0.35140397444249577,95.97271961112743,44.27690077975447,2.340798039295791,0.36592479983268156,1.8558193452915681,$y(s) = a_{1} \operatorname{asin}{\left(\cos{\left(a_{6} + \operatorname{acos}{\left(s \right)} \right)} \right)} + a_{10} \cos{\left(a_{31} s \right)} + a_{11} \sin{\left(a_{30} s \right)} + a_{12} \sin{\left(s \left(a_{0} + \operatorname{acos}{\left(s \right)}\right) \right)} + a_{13} \sin{\left(a_{29} s \right)} + a_{24} \sin{\left(\cos{\left(a_{18} + a_{22} s \right)} \right)} + a_{27} + a_{9} \cos{\left(a_{28} s \right)} + \left(a_{20} + a_{26} s\right) \left(4 s \left(a_{17} + a_{19} s \left(a_{15} + s\right) \left(a_{16} s \tanh{\left(\sin{\left(4 s \right)} \right)} + a_{21} + a_{7} \sqrt{1 - s^{2}}\right) + a_{2} s \operatorname{asin}{\left(\operatorname{asin}{\left(\tanh{\left(s \right)} \right)} \right)} + a_{3} \sqrt{\sqrt{s} + \operatorname{asin}{\left(s \right)}}\right) + \left(a_{4} + 4 s\right) \left(a_{14} \sqrt{s} + a_{5} + a_{8} \sin{\left(a_{23} s \right)}\right) - \tanh{\left(\operatorname{asin}{\left(\operatorname{sech}{\left(a_{25} s \right)} \right)} \right)}\right)$,$y(s) = a_{14} \sin{\left(\cos{\left(a_{10} + 4.30674369656515 s \right)} \right)} + a_{16} + a_{4} \cos{\left(a_{20} s \right)} + a_{5} \sin{\left(a_{19} s \right)} + \left(a_{11} + a_{15} s\right) \left(4 s \left(a_{1} s \operatorname{asin}{\left(\operatorname{asin}{\left(\tanh{\left(s \right)} \right)} \right)} + a_{8} + a_{9} s \left(a_{7} + s\right) \left(a_{12} - 0.0163348612181324 s \tanh{\left(\sin{\left(4 s \right)} \right)} - 0.455016066205459 \sqrt{1 - s^{2}}\right) - 5.80207456348123 \sqrt{\sqrt{s} + \operatorname{asin}{\left(s \right)}}\right) + \left(a_{2} + 4 s\right) \left(a_{6} \sin{\left(a_{13} s \right)} + 0.603433259507675 \sqrt{s} + 2.67458549611742\right) - \tanh{\left(\operatorname{asin}{\left(\operatorname{sech}{\left(5.65077849988401 s \right)} \right)} \right)}\right) - 0.000334426650014709 \sin{\left(a_{18} s \right)} + 0.00278916735581463 \sin{\left(s \left(a_{0} + \operatorname{acos}{\left(s \right)}\right) \right)} + 0.00373359883408793 \cos{\left(a_{17} s \right)} - 0.479013271010752 \operatorname{asin}{\left(\cos{\left(a_{3} + \operatorname{acos}{\left(s \right)} \right)} \right)}$,$y(s) = a_{1} \operatorname{asin}{\left(\cos{\left(a_{7} + \operatorname{acos}{\left(s \right)} \right)} \right)} + a_{10} \cos{\left(a_{28} s \right)} + a_{11} \cos{\left(a_{31} s \right)} + a_{12} \sin{\left(a_{29} s \right)} + a_{13} \sin{\left(a_{30} s \right)} + a_{24} \sin{\left(\cos{\left(a_{19} + a_{22} s \right)} \right)} + a_{27} + a_{9} \sin{\left(s \left(a_{0} + \operatorname{acos}{\left(s \right)}\right) \right)} + \left(a_{20} + a_{26} s\right) \left(4 s \left(a_{17} + a_{18} s \left(a_{16} + s\right) \left(a_{14} s \tanh{\left(\sin{\left(4 s \right)} \right)} + a_{21} + a_{8} \sqrt{1 - s^{2}}\right) + a_{2} s \operatorname{asin}{\left(\operatorname{asin}{\left(\tanh{\left(s \right)} \right)} \right)} + a_{3} \sqrt{\sqrt{s} + \operatorname{asin}{\left(s \right)}}\right) + \left(a_{4} + 4 s\right) \left(a_{15} \sin{\left(a_{23} s \right)} + a_{5} + a_{6} \sqrt{s}\right) - \tanh{\left(\operatorname{asin}{\left(\operatorname{sech}{\left(a_{25} s \right)} \right)} \right)}\right)$,41,False,False
59,event67442_track263-hits,46,138,39,41,42,122,5,1.9571514753402703,137.69499206196465,19.450826471410323,18864.21391248916,2684.214053054625,1179.0133695305724,20.182060549282895,4.067639121993163,$y(s) = a_{1} \sin{\left(\cos{\left(a_{27} s + a_{7} \right)} \right)} + a_{12} \cos{\left(a_{36} s \right)} + a_{14} \cos{\left(a_{31} s \right)} + a_{20} \sin{\left(s \left(a_{0} + \operatorname{acos}{\left(s \right)}\right) \right)} + a_{23} \sin{\left(a_{34} s \right)} + a_{33} \operatorname{acos}{\left(\cos{\left(a_{8} + \operatorname{acos}{\left(s \right)} \right)} \right)} + a_{6} \sin{\left(a_{35} s \right)} - \left(a_{19} + a_{9} s\right) \cos{\left(a_{5} + \left(s - 2\right) \left(a_{3} s + a_{37}\right) \right)} + \left(a_{13} s + a_{16}\right) \tanh{\left(64 s - 64 \sin{\left(a_{38} s \right)} \right)} + \left(a_{30} s + a_{32}\right) \left(4 s \left(a_{2} s \operatorname{asin}{\left(\operatorname{acos}{\left(\operatorname{sech}{\left(s \right)} \right)} \right)} + a_{25} + a_{26} s \left(a_{22} + s\right) \left(a_{11} \sqrt{1 - s^{2}} + a_{15} s \tanh{\left(\sin{\left(4 s \right)} \right)} + a_{24}\right) + a_{4} \sqrt{s + \operatorname{asin}{\left(s \right)}}\right) - \left(a_{21} s - 1\right) \left(a_{10} \sin{\left(a_{28} s \right)} + a_{17} + \sqrt{s} \left(a_{18} + s\right)\right) - \tanh{\left(\operatorname{asin}{\left(\operatorname{sech}{\left(a_{29} s \right)} \right)} \right)}\right)$,$y(s) = a_{19} s \left(a_{9} \operatorname{asin}{\left(s \right)} + \left(a_{20} + a_{25} s \left(a_{12} + s\right)\right) \left(a_{24} s + a_{8}\right) \sin{\left(a_{13} + a_{2} s + s \operatorname{acos}{\left(s \right)} \operatorname{acos}{\left(s^{2} \right)} + \operatorname{acos}{\left(s \right)} \right)} + \sin{\left(a_{38} s \right)}\right) \operatorname{acos}{\left(s \right)} + a_{3} \tanh{\left(\sin{\left(a_{27} s \right)} \right)} + a_{39} + a_{40} s + \left(a_{23} + a_{29} \sqrt{s}\right) \operatorname{sech}{\left(a_{10} + a_{37} s \right)} - \left(a_{28} - s\right) \left(a_{14} \operatorname{acos}{\left(\sin{\left(a_{11} + a_{32} s \right)} \right)} + a_{34} \tanh{\left(\operatorname{asin}{\left(\operatorname{sech}{\left(a_{33} s \right)} \right)} \right)} - s \left(a_{0} s \left(a_{17} s^{2} + a_{18} - s\right) + a_{1} \operatorname{sech}{\left(a_{26} s \right)}\right) + \left(a_{21} + a_{5} \sin{\left(s \right)}\right) \sin{\left(a_{30} s \right)}\right) + \left(a_{22} s^{2} + a_{31}\right) \tanh{\left(a_{36} s \right)} \operatorname{acos}{\left(- s \right)} - \tanh{\left(a_{15} \sin{\left(\left(a_{16} + a_{6} s\right) \left(a_{35} + a_{4} s + a_{7} \operatorname{acos}{\left(s \right)}\right) \right)} \operatorname{sech}{\left(s \right)} \right)} + \sqrt{\operatorname{acos}{\left(s \right)}}$,$z(s) = a_{1} \operatorname{asin}{\left(\cos{\left(a_{10} + \operatorname{acos}{\left(s \right)} \right)} \right)} + a_{19} \cos{\left(a_{39} s \right)} + a_{2} \sin{\left(\cos{\left(a_{11} + a_{30} s \right)} \right)} + a_{24} \cos{\left(a_{36} s \right)} + a_{25} \sin{\left(s \left(a_{0} + \operatorname{acos}{\left(s \right)}\right) \right)} + a_{26} \sin{\left(a_{38} s \right)} + a_{8} \sin{\left(a_{37} s \right)} + \left(a_{13} + a_{20} s\right) \cos{\left(a_{22} + \left(s - 2\right) \left(a_{4} s + a_{40}\right) \right)} + \left(a_{17} s + a_{18}\right) \tanh{\left(\left(a_{15} - \sin{\left(a_{41} s \right)}\right) \left(a_{32} + a_{5} s\right) \right)} + \left(a_{34} s + a_{35}\right) \left(4 s \left(a_{28} + a_{29} s \left(a_{16} + s\right) \left(a_{12} \sqrt{1 - s^{2}} + a_{23} s \tanh{\left(\sin{\left(4 s \right)} \right)} + a_{27}\right) + a_{3} s \operatorname{asin}{\left(\operatorname{asin}{\left(\tanh{\left(s \right)} \right)} \right)} + a_{6} \sqrt{s + \operatorname{asin}{\left(s \right)}}\right) + \left(a_{9} + 2 s\right) \left(a_{14} \sin{\left(a_{31} s \right)} + a_{21} \sqrt{s} + a_{7}\right) - \tanh{\left(\operatorname{asin}{\left(\operatorname{sech}{\left(a_{33} s \right)} \right)} \right)}\right)$,16,False,False
60,event67516_track22-hits,25,75,16,16,3,35,5,16.513385839299893,4.0444468073762354e-05,2.723872533181357e-12,0.0029928906374584144,2.0429043998860178e-10,7.482226593646036e-05,2.9184348569800256e-12,17.059578606903177,$x(s) = a_{13} + \left(- s - \sin{\left(\sin{\left(\sin{\left(a_{6} + s \right)} \right)} \right)}\right) \left(a_{1} \operatorname{acos}{\left(s \right)} + a_{14} + \left(a_{0} + a_{12} \left(a_{2} - 32 s\right) \left(- \sin{\left(4 \cos{\left(s \right)} \right)} + \operatorname{sech}{\left(s \right)}\right) + a_{12} \tanh{\left(8 s \right)} + a_{15} \sqrt{1 - \cos^{2}{\left(s \right)}} + a_{3} s \left(2 s - \tanh{\left(4 s \right)}\right) \left(s - \cos{\left(a_{11} s \right)} + 2\right) + a_{4} \left(32 \operatorname{asin}{\left(s \right)} + 64\right) \left(a_{5} + s \left(a_{10} + a_{9} s \left(a_{7} + s\right) \operatorname{acos}{\left(s \right)}\right) + s + \operatorname{sech}{\left(s \right)}\right)\right) \operatorname{acos}{\left(\operatorname{sech}{\left(\cos{\left(a_{8} + s \right)} \right)} \right)}\right)$,$x(s) = a_{13} + \left(- s - \sin{\left(\sin{\left(\sin{\left(a_{6} + s \right)} \right)} \right)}\right) \left(a_{1} \operatorname{acos}{\left(s \right)} + a_{14} + \left(a_{0} + a_{12} \left(a_{2} - 32 s\right) \left(- \sin{\left(4 \cos{\left(s \right)} \right)} + \operatorname{sech}{\left(s \right)}\right) + a_{12} \tanh{\left(8 s \right)} + a_{15} \sqrt{1 - \cos^{2}{\left(s \right)}} + a_{3} s \left(2 s - \tanh{\left(4 s \right)}\right) \left(s - \cos{\left(a_{11} s \right)} + 2\right) + a_{4} \left(32 \operatorname{asin}{\left(s \right)} + 64\right) \left(a_{5} + s \left(a_{10} + a_{9} s \left(a_{7} + s\right) \operatorname{acos}{\left(s \right)}\right) + s + \operatorname{sech}{\left(s \right)}\right)\right) \operatorname{acos}{\left(\operatorname{sech}{\left(\cos{\left(a_{8} + s \right)} \right)} \right)}\right)$,$x(s) = a_{0} + s \left(a_{1} + a_{2} s\right)$,40,False,False
61,event67517_track11-hits,48,144,39,39,42,120,5,1.0932652626251038,60.82674445816516,20.384285912001943,8698.224457517617,2935.3371713282795,362.42601906323404,21.11753360667827,2.8427166960917565,$x(s) = a_{1} \operatorname{asin}{\left(\cos{\left(a_{10} + \operatorname{acos}{\left(s \right)} \right)} \right)} + a_{15} \tanh{\left(\left(a_{28} + a_{5} s\right) \sin{\left(a_{38} s \right)} \right)} + a_{17} \cos{\left(a_{36} s \right)} + a_{2} \sin{\left(\cos{\left(a_{11} + a_{27} s \right)} \right)} + a_{21} \cos{\left(a_{33} s \right)} + a_{22} \sin{\left(s \left(a_{0} + \operatorname{acos}{\left(s \right)}\right) \right)} + a_{24} \sin{\left(a_{35} s \right)} + a_{8} \sin{\left(a_{34} s \right)} + \left(a_{13} + a_{18} s\right) \cos{\left(a_{20} + \left(a_{37} + a_{4} s\right) \left(s - 2\right) \right)} + \left(a_{30} s + a_{32}\right) \left(4 s \left(a_{25} + a_{3} s \operatorname{asin}{\left(\operatorname{asin}{\left(\tanh{\left(s \right)} \right)} \right)} + a_{6} \sqrt{s + \operatorname{asin}{\left(s \right)}} + 4 s \left(a_{16} + s\right) \left(a_{12} \sqrt{1 - s^{2}} + a_{23} s \tanh{\left(\sin{\left(4 s \right)} \right)} + a_{26}\right)\right) + \left(a_{9} + 2 s\right) \left(a_{14} \sin{\left(a_{29} s \right)} + a_{19} \sqrt{s} + a_{7}\right) - \tanh{\left(\operatorname{asin}{\left(\operatorname{sech}{\left(a_{31} s \right)} \right)} \right)}\right)$,$y(s) = a_{1} \sin{\left(\cos{\left(a_{27} s + a_{7} \right)} \right)} + a_{12} \cos{\left(a_{36} s \right)} + a_{14} \cos{\left(a_{31} s \right)} + a_{20} \sin{\left(s \left(a_{0} + \operatorname{acos}{\left(s \right)}\right) \right)} + a_{23} \sin{\left(a_{34} s \right)} + a_{33} \operatorname{acos}{\left(\cos{\left(a_{8} + \operatorname{acos}{\left(s \right)} \right)} \right)} + a_{6} \sin{\left(a_{35} s \right)} - \left(a_{19} + a_{9} s\right) \cos{\left(a_{5} + \left(s - 2\right) \left(a_{3} s + a_{37}\right) \right)} + \left(a_{13} s + a_{16}\right) \tanh{\left(64 s - 64 \sin{\left(a_{38} s \right)} \right)} + \left(a_{30} s + a_{32}\right) \left(4 s \left(a_{2} s \operatorname{asin}{\left(\operatorname{acos}{\left(\operatorname{sech}{\left(s \right)} \right)} \right)} + a_{25} + a_{26} s \left(a_{22} + s\right) \left(a_{11} \sqrt{1 - s^{2}} + a_{15} s \tanh{\left(\sin{\left(4 s \right)} \right)} + a_{24}\right) + a_{4} \sqrt{s + \operatorname{asin}{\left(s \right)}}\right) - \left(a_{21} s - 1\right) \left(a_{10} \sin{\left(a_{28} s \right)} + a_{17} + \sqrt{s} \left(a_{18} + s\right)\right) - \tanh{\left(\operatorname{asin}{\left(\operatorname{sech}{\left(a_{29} s \right)} \right)} \right)}\right)$,$z(s) = a_{1} \operatorname{asin}{\left(\cos{\left(a_{10} + \operatorname{acos}{\left(s \right)} \right)} \right)} + a_{19} \cos{\left(a_{39} s \right)} + a_{2} \sin{\left(\cos{\left(a_{11} + a_{30} s \right)} \right)} + a_{24} \cos{\left(a_{36} s \right)} + a_{25} \sin{\left(s \left(a_{0} + \operatorname{acos}{\left(s \right)}\right) \right)} + a_{26} \sin{\left(a_{38} s \right)} + a_{8} \sin{\left(a_{37} s \right)} + \left(a_{13} + a_{20} s\right) \cos{\left(a_{22} + \left(s - 2\right) \left(a_{4} s + a_{40}\right) \right)} + \left(a_{17} s + a_{18}\right) \tanh{\left(\left(a_{15} - \sin{\left(a_{41} s \right)}\right) \left(a_{32} + a_{5} s\right) \right)} + \left(a_{34} s + a_{35}\right) \left(4 s \left(a_{28} + a_{29} s \left(a_{16} + s\right) \left(a_{12} \sqrt{1 - s^{2}} + a_{23} s \tanh{\left(\sin{\left(4 s \right)} \right)} + a_{27}\right) + a_{3} s \operatorname{asin}{\left(\operatorname{asin}{\left(\tanh{\left(s \right)} \right)} \right)} + a_{6} \sqrt{s + \operatorname{asin}{\left(s \right)}}\right) + \left(a_{9} + 2 s\right) \left(a_{14} \sin{\left(a_{31} s \right)} + a_{21} \sqrt{s} + a_{7}\right) - \tanh{\left(\operatorname{asin}{\left(\operatorname{sech}{\left(a_{33} s \right)} \right)} \right)}\right)$,24,False,False
62,event67525_track214-hits,49,147,39,39,39,117,5,1.4034249536898928,0.03594182480176408,0.008832840938305862,5.247506421057556,1.2984276179309617,0.17491688070191855,0.009143856464302547,2.9512286645585983,$y(s) = a_{1} \sin{\left(\cos{\left(a_{27} s + a_{7} \right)} \right)} + a_{12} \cos{\left(a_{36} s \right)} + a_{14} \cos{\left(a_{31} s \right)} + a_{20} \sin{\left(s \left(a_{0} + \operatorname{acos}{\left(s \right)}\right) \right)} + a_{23} \sin{\left(a_{34} s \right)} + a_{33} \operatorname{acos}{\left(\cos{\left(a_{8} + \operatorname{acos}{\left(s \right)} \right)} \right)} + a_{6} \sin{\left(a_{35} s \right)} - \left(a_{19} + a_{9} s\right) \cos{\left(a_{5} + \left(s - 2\right) \left(a_{3} s + a_{37}\right) \right)} + \left(a_{13} s + a_{16}\right) \tanh{\left(64 s - 64 \sin{\left(a_{38} s \right)} \right)} + \left(a_{30} s + a_{32}\right) \left(4 s \left(a_{2} s \operatorname{asin}{\left(\operatorname{acos}{\left(\operatorname{sech}{\left(s \right)} \right)} \right)} + a_{25} + a_{26} s \left(a_{22} + s\right) \left(a_{11} \sqrt{1 - s^{2}} + a_{15} s \tanh{\left(\sin{\left(4 s \right)} \right)} + a_{24}\right) + a_{4} \sqrt{s + \operatorname{asin}{\left(s \right)}}\right) - \left(a_{21} s - 1\right) \left(a_{10} \sin{\left(a_{28} s \right)} + a_{17} + \sqrt{s} \left(a_{18} + s\right)\right) - \tanh{\left(\operatorname{asin}{\left(\operatorname{sech}{\left(a_{29} s \right)} \right)} \right)}\right)$,$x(s) = a_{1} \operatorname{asin}{\left(\cos{\left(a_{10} + \operatorname{acos}{\left(s \right)} \right)} \right)} + a_{15} \tanh{\left(\left(a_{28} + a_{5} s\right) \sin{\left(a_{38} s \right)} \right)} + a_{17} \cos{\left(a_{36} s \right)} + a_{2} \sin{\left(\cos{\left(a_{11} + a_{27} s \right)} \right)} + a_{21} \cos{\left(a_{33} s \right)} + a_{22} \sin{\left(s \left(a_{0} + \operatorname{acos}{\left(s \right)}\right) \right)} + a_{24} \sin{\left(a_{35} s \right)} + a_{8} \sin{\left(a_{34} s \right)} + \left(a_{13} + a_{18} s\right) \cos{\left(a_{20} + \left(a_{37} + a_{4} s\right) \left(s - 2\right) \right)} + \left(a_{30} s + a_{32}\right) \left(4 s \left(a_{25} + a_{3} s \operatorname{asin}{\left(\operatorname{asin}{\left(\tanh{\left(s \right)} \right)} \right)} + a_{6} \sqrt{s + \operatorname{asin}{\left(s \right)}} + 4 s \left(a_{16} + s\right) \left(a_{12} \sqrt{1 - s^{2}} + a_{23} s \tanh{\left(\sin{\left(4 s \right)} \right)} + a_{26}\right)\right) + \left(a_{9} + 2 s\right) \left(a_{14} \sin{\left(a_{29} s \right)} + a_{19} \sqrt{s} + a_{7}\right) - \tanh{\left(\operatorname{asin}{\left(\operatorname{sech}{\left(a_{31} s \right)} \right)} \right)}\right)$,$y(s) = a_{1} \sin{\left(\cos{\left(a_{27} s + a_{7} \right)} \right)} + a_{12} \cos{\left(a_{36} s \right)} + a_{14} \cos{\left(a_{31} s \right)} + a_{20} \sin{\left(s \left(a_{0} + \operatorname{acos}{\left(s \right)}\right) \right)} + a_{23} \sin{\left(a_{34} s \right)} + a_{33} \operatorname{acos}{\left(\cos{\left(a_{8} + \operatorname{acos}{\left(s \right)} \right)} \right)} + a_{6} \sin{\left(a_{35} s \right)} - \left(a_{19} + a_{9} s\right) \cos{\left(a_{5} + \left(s - 2\right) \left(a_{3} s + a_{37}\right) \right)} + \left(a_{13} s + a_{16}\right) \tanh{\left(64 s - 64 \sin{\left(a_{38} s \right)} \right)} + \left(a_{30} s + a_{32}\right) \left(4 s \left(a_{2} s \operatorname{asin}{\left(\operatorname{acos}{\left(\operatorname{sech}{\left(s \right)} \right)} \right)} + a_{25} + a_{26} s \left(a_{22} + s\right) \left(a_{11} \sqrt{1 - s^{2}} + a_{15} s \tanh{\left(\sin{\left(4 s \right)} \right)} + a_{24}\right) + a_{4} \sqrt{s + \operatorname{asin}{\left(s \right)}}\right) - \left(a_{21} s - 1\right) \left(a_{10} \sin{\left(a_{28} s \right)} + a_{17} + \sqrt{s} \left(a_{18} + s\right)\right) - \tanh{\left(\operatorname{asin}{\left(\operatorname{sech}{\left(a_{29} s \right)} \right)} \right)}\right)$,30,False,False
63,event67583_track44-hits,49,147,39,39,32,110,5,2.03262028979933,0.15522275391950346,0.020332913291761942,22.662522072247505,2.9889382538890055,0.6125005965472299,0.02104886094288032,3.370703469685966,$x(s) = a_{1} \operatorname{asin}{\left(\cos{\left(a_{10} + \operatorname{acos}{\left(s \right)} \right)} \right)} + a_{15} \tanh{\left(\left(a_{28} + a_{5} s\right) \sin{\left(a_{38} s \right)} \right)} + a_{17} \cos{\left(a_{36} s \right)} + a_{2} \sin{\left(\cos{\left(a_{11} + a_{27} s \right)} \right)} + a_{21} \cos{\left(a_{33} s \right)} + a_{22} \sin{\left(s \left(a_{0} + \operatorname{acos}{\left(s \right)}\right) \right)} + a_{24} \sin{\left(a_{35} s \right)} + a_{8} \sin{\left(a_{34} s \right)} + \left(a_{13} + a_{18} s\right) \cos{\left(a_{20} + \left(a_{37} + a_{4} s\right) \left(s - 2\right) \right)} + \left(a_{30} s + a_{32}\right) \left(4 s \left(a_{25} + a_{3} s \operatorname{asin}{\left(\operatorname{asin}{\left(\tanh{\left(s \right)} \right)} \right)} + a_{6} \sqrt{s + \operatorname{asin}{\left(s \right)}} + 4 s \left(a_{16} + s\right) \left(a_{12} \sqrt{1 - s^{2}} + a_{23} s \tanh{\left(\sin{\left(4 s \right)} \right)} + a_{26}\right)\right) + \left(a_{9} + 2 s\right) \left(a_{14} \sin{\left(a_{29} s \right)} + a_{19} \sqrt{s} + a_{7}\right) - \tanh{\left(\operatorname{asin}{\left(\operatorname{sech}{\left(a_{31} s \right)} \right)} \right)}\right)$,$y(s) = a_{1} \sin{\left(\cos{\left(a_{27} s + a_{7} \right)} \right)} + a_{12} \cos{\left(a_{36} s \right)} + a_{14} \cos{\left(a_{31} s \right)} + a_{20} \sin{\left(s \left(a_{0} + \operatorname{acos}{\left(s \right)}\right) \right)} + a_{23} \sin{\left(a_{34} s \right)} + a_{33} \operatorname{acos}{\left(\cos{\left(a_{8} + \operatorname{acos}{\left(s \right)} \right)} \right)} + a_{6} \sin{\left(a_{35} s \right)} - \left(a_{19} + a_{9} s\right) \cos{\left(a_{5} + \left(s - 2\right) \left(a_{3} s + a_{37}\right) \right)} + \left(a_{13} s + a_{16}\right) \tanh{\left(64 s - 64 \sin{\left(a_{38} s \right)} \right)} + \left(a_{30} s + a_{32}\right) \left(4 s \left(a_{2} s \operatorname{asin}{\left(\operatorname{acos}{\left(\operatorname{sech}{\left(s \right)} \right)} \right)} + a_{25} + a_{26} s \left(a_{22} + s\right) \left(a_{11} \sqrt{1 - s^{2}} + a_{15} s \tanh{\left(\sin{\left(4 s \right)} \right)} + a_{24}\right) + a_{4} \sqrt{s + \operatorname{asin}{\left(s \right)}}\right) - \left(a_{21} s - 1\right) \left(a_{10} \sin{\left(a_{28} s \right)} + a_{17} + \sqrt{s} \left(a_{18} + s\right)\right) - \tanh{\left(\operatorname{asin}{\left(\operatorname{sech}{\left(a_{29} s \right)} \right)} \right)}\right)$,$y(s) = a_{1} \operatorname{asin}{\left(\cos{\left(a_{7} + \operatorname{acos}{\left(s \right)} \right)} \right)} + a_{10} \cos{\left(a_{28} s \right)} + a_{11} \cos{\left(a_{31} s \right)} + a_{12} \sin{\left(a_{29} s \right)} + a_{13} \sin{\left(a_{30} s \right)} + a_{24} \sin{\left(\cos{\left(a_{19} + a_{22} s \right)} \right)} + a_{27} + a_{9} \sin{\left(s \left(a_{0} + \operatorname{acos}{\left(s \right)}\right) \right)} + \left(a_{20} + a_{26} s\right) \left(4 s \left(a_{17} + a_{18} s \left(a_{16} + s\right) \left(a_{14} s \tanh{\left(\sin{\left(4 s \right)} \right)} + a_{21} + a_{8} \sqrt{1 - s^{2}}\right) + a_{2} s \operatorname{asin}{\left(\operatorname{asin}{\left(\tanh{\left(s \right)} \right)} \right)} + a_{3} \sqrt{\sqrt{s} + \operatorname{asin}{\left(s \right)}}\right) + \left(a_{4} + 4 s\right) \left(a_{15} \sin{\left(a_{23} s \right)} + a_{5} + a_{6} \sqrt{s}\right) - \tanh{\left(\operatorname{asin}{\left(\operatorname{sech}{\left(a_{25} s \right)} \right)} \right)}\right)$,37,False,False
64,event67701_track130-hits,48,144,39,39,39,117,5,1.5502238320778559,0.8685576652543363,0.1843083458645562,124.2037461313701,26.540401804496092,4.6001387456063,0.19093814247838914,3.1818922298881254,$y(s) = a_{1} \sin{\left(\cos{\left(a_{27} s + a_{7} \right)} \right)} + a_{12} \cos{\left(a_{36} s \right)} + a_{14} \cos{\left(a_{31} s \right)} + a_{20} \sin{\left(s \left(a_{0} + \operatorname{acos}{\left(s \right)}\right) \right)} + a_{23} \sin{\left(a_{34} s \right)} + a_{33} \operatorname{acos}{\left(\cos{\left(a_{8} + \operatorname{acos}{\left(s \right)} \right)} \right)} + a_{6} \sin{\left(a_{35} s \right)} - \left(a_{19} + a_{9} s\right) \cos{\left(a_{5} + \left(s - 2\right) \left(a_{3} s + a_{37}\right) \right)} + \left(a_{13} s + a_{16}\right) \tanh{\left(64 s - 64 \sin{\left(a_{38} s \right)} \right)} + \left(a_{30} s + a_{32}\right) \left(4 s \left(a_{2} s \operatorname{asin}{\left(\operatorname{acos}{\left(\operatorname{sech}{\left(s \right)} \right)} \right)} + a_{25} + a_{26} s \left(a_{22} + s\right) \left(a_{11} \sqrt{1 - s^{2}} + a_{15} s \tanh{\left(\sin{\left(4 s \right)} \right)} + a_{24}\right) + a_{4} \sqrt{s + \operatorname{asin}{\left(s \right)}}\right) - \left(a_{21} s - 1\right) \left(a_{10} \sin{\left(a_{28} s \right)} + a_{17} + \sqrt{s} \left(a_{18} + s\right)\right) - \tanh{\left(\operatorname{asin}{\left(\operatorname{sech}{\left(a_{29} s \right)} \right)} \right)}\right)$,$y(s) = a_{1} \sin{\left(\cos{\left(a_{27} s + a_{7} \right)} \right)} + a_{12} \cos{\left(a_{36} s \right)} + a_{14} \cos{\left(a_{31} s \right)} + a_{20} \sin{\left(s \left(a_{0} + \operatorname{acos}{\left(s \right)}\right) \right)} + a_{23} \sin{\left(a_{34} s \right)} + a_{33} \operatorname{acos}{\left(\cos{\left(a_{8} + \operatorname{acos}{\left(s \right)} \right)} \right)} + a_{6} \sin{\left(a_{35} s \right)} - \left(a_{19} + a_{9} s\right) \cos{\left(a_{5} + \left(s - 2\right) \left(a_{3} s + a_{37}\right) \right)} + \left(a_{13} s + a_{16}\right) \tanh{\left(64 s - 64 \sin{\left(a_{38} s \right)} \right)} + \left(a_{30} s + a_{32}\right) \left(4 s \left(a_{2} s \operatorname{asin}{\left(\operatorname{acos}{\left(\operatorname{sech}{\left(s \right)} \right)} \right)} + a_{25} + a_{26} s \left(a_{22} + s\right) \left(a_{11} \sqrt{1 - s^{2}} + a_{15} s \tanh{\left(\sin{\left(4 s \right)} \right)} + a_{24}\right) + a_{4} \sqrt{s + \operatorname{asin}{\left(s \right)}}\right) - \left(a_{21} s - 1\right) \left(a_{10} \sin{\left(a_{28} s \right)} + a_{17} + \sqrt{s} \left(a_{18} + s\right)\right) - \tanh{\left(\operatorname{asin}{\left(\operatorname{sech}{\left(a_{29} s \right)} \right)} \right)}\right)$,$x(s) = a_{1} \operatorname{asin}{\left(\cos{\left(a_{10} + \operatorname{acos}{\left(s \right)} \right)} \right)} + a_{15} \tanh{\left(\left(a_{28} + a_{5} s\right) \sin{\left(a_{38} s \right)} \right)} + a_{17} \cos{\left(a_{36} s \right)} + a_{2} \sin{\left(\cos{\left(a_{11} + a_{27} s \right)} \right)} + a_{21} \cos{\left(a_{33} s \right)} + a_{22} \sin{\left(s \left(a_{0} + \operatorname{acos}{\left(s \right)}\right) \right)} + a_{24} \sin{\left(a_{35} s \right)} + a_{8} \sin{\left(a_{34} s \right)} + \left(a_{13} + a_{18} s\right) \cos{\left(a_{20} + \left(a_{37} + a_{4} s\right) \left(s - 2\right) \right)} + \left(a_{30} s + a_{32}\right) \left(4 s \left(a_{25} + a_{3} s \operatorname{asin}{\left(\operatorname{asin}{\left(\tanh{\left(s \right)} \right)} \right)} + a_{6} \sqrt{s + \operatorname{asin}{\left(s \right)}} + 4 s \left(a_{16} + s\right) \left(a_{12} \sqrt{1 - s^{2}} + a_{23} s \tanh{\left(\sin{\left(4 s \right)} \right)} + a_{26}\right)\right) + \left(a_{9} + 2 s\right) \left(a_{14} \sin{\left(a_{29} s \right)} + a_{19} \sqrt{s} + a_{7}\right) - \tanh{\left(\operatorname{asin}{\left(\operatorname{sech}{\left(a_{31} s \right)} \right)} \right)}\right)$,27,False,False
65,event67729_track119-hits,44,132,39,39,39,117,5,1.782190860448086,218.59553797613796,36.78287204495215,28636.01547487407,4855.339109933684,1909.0676983249382,38.23101661365106,3.9107231464192482,$x(s) = a_{1} \operatorname{asin}{\left(\cos{\left(a_{10} + \operatorname{acos}{\left(s \right)} \right)} \right)} + a_{15} \tanh{\left(\left(a_{28} + a_{5} s\right) \sin{\left(a_{38} s \right)} \right)} + a_{17} \cos{\left(a_{36} s \right)} + a_{2} \sin{\left(\cos{\left(a_{11} + a_{27} s \right)} \right)} + a_{21} \cos{\left(a_{33} s \right)} + a_{22} \sin{\left(s \left(a_{0} + \operatorname{acos}{\left(s \right)}\right) \right)} + a_{24} \sin{\left(a_{35} s \right)} + a_{8} \sin{\left(a_{34} s \right)} + \left(a_{13} + a_{18} s\right) \cos{\left(a_{20} + \left(a_{37} + a_{4} s\right) \left(s - 2\right) \right)} + \left(a_{30} s + a_{32}\right) \left(4 s \left(a_{25} + a_{3} s \operatorname{asin}{\left(\operatorname{asin}{\left(\tanh{\left(s \right)} \right)} \right)} + a_{6} \sqrt{s + \operatorname{asin}{\left(s \right)}} + 4 s \left(a_{16} + s\right) \left(a_{12} \sqrt{1 - s^{2}} + a_{23} s \tanh{\left(\sin{\left(4 s \right)} \right)} + a_{26}\right)\right) + \left(a_{9} + 2 s\right) \left(a_{14} \sin{\left(a_{29} s \right)} + a_{19} \sqrt{s} + a_{7}\right) - \tanh{\left(\operatorname{asin}{\left(\operatorname{sech}{\left(a_{31} s \right)} \right)} \right)}\right)$,$x(s) = a_{1} \operatorname{asin}{\left(\cos{\left(a_{10} + \operatorname{acos}{\left(s \right)} \right)} \right)} + a_{15} \tanh{\left(\left(a_{28} + a_{5} s\right) \sin{\left(a_{38} s \right)} \right)} + a_{17} \cos{\left(a_{36} s \right)} + a_{2} \sin{\left(\cos{\left(a_{11} + a_{27} s \right)} \right)} + a_{21} \cos{\left(a_{33} s \right)} + a_{22} \sin{\left(s \left(a_{0} + \operatorname{acos}{\left(s \right)}\right) \right)} + a_{24} \sin{\left(a_{35} s \right)} + a_{8} \sin{\left(a_{34} s \right)} + \left(a_{13} + a_{18} s\right) \cos{\left(a_{20} + \left(a_{37} + a_{4} s\right) \left(s - 2\right) \right)} + \left(a_{30} s + a_{32}\right) \left(4 s \left(a_{25} + a_{3} s \operatorname{asin}{\left(\operatorname{asin}{\left(\tanh{\left(s \right)} \right)} \right)} + a_{6} \sqrt{s + \operatorname{asin}{\left(s \right)}} + 4 s \left(a_{16} + s\right) \left(a_{12} \sqrt{1 - s^{2}} + a_{23} s \tanh{\left(\sin{\left(4 s \right)} \right)} + a_{26}\right)\right) + \left(a_{9} + 2 s\right) \left(a_{14} \sin{\left(a_{29} s \right)} + a_{19} \sqrt{s} + a_{7}\right) - \tanh{\left(\operatorname{asin}{\left(\operatorname{sech}{\left(a_{31} s \right)} \right)} \right)}\right)$,$y(s) = a_{1} \sin{\left(\cos{\left(a_{27} s + a_{7} \right)} \right)} + a_{12} \cos{\left(a_{36} s \right)} + a_{14} \cos{\left(a_{31} s \right)} + a_{20} \sin{\left(s \left(a_{0} + \operatorname{acos}{\left(s \right)}\right) \right)} + a_{23} \sin{\left(a_{34} s \right)} + a_{33} \operatorname{acos}{\left(\cos{\left(a_{8} + \operatorname{acos}{\left(s \right)} \right)} \right)} + a_{6} \sin{\left(a_{35} s \right)} - \left(a_{19} + a_{9} s\right) \cos{\left(a_{5} + \left(s - 2\right) \left(a_{3} s + a_{37}\right) \right)} + \left(a_{13} s + a_{16}\right) \tanh{\left(64 s - 64 \sin{\left(a_{38} s \right)} \right)} + \left(a_{30} s + a_{32}\right) \left(4 s \left(a_{2} s \operatorname{asin}{\left(\operatorname{acos}{\left(\operatorname{sech}{\left(s \right)} \right)} \right)} + a_{25} + a_{26} s \left(a_{22} + s\right) \left(a_{11} \sqrt{1 - s^{2}} + a_{15} s \tanh{\left(\sin{\left(4 s \right)} \right)} + a_{24}\right) + a_{4} \sqrt{s + \operatorname{asin}{\left(s \right)}}\right) - \left(a_{21} s - 1\right) \left(a_{10} \sin{\left(a_{28} s \right)} + a_{17} + \sqrt{s} \left(a_{18} + s\right)\right) - \tanh{\left(\operatorname{asin}{\left(\operatorname{sech}{\left(a_{29} s \right)} \right)} \right)}\right)$,15,False,False
66,event67790_track429-hits,25,75,16,21,16,53,5,-3.915770586227685,0.00177900861181507,0.08928440492357347,0.1316466372743152,6.69633036926801,0.005983938057923418,0.09566186241811442,-2.7717408178687823,$x(s) = a_{13} + \left(- s - \sin{\left(\sin{\left(\sin{\left(a_{6} + s \right)} \right)} \right)}\right) \left(a_{1} \operatorname{acos}{\left(s \right)} + a_{14} + \left(a_{0} + a_{12} \left(a_{2} - 32 s\right) \left(- \sin{\left(4 \cos{\left(s \right)} \right)} + \operatorname{sech}{\left(s \right)}\right) + a_{12} \tanh{\left(8 s \right)} + a_{15} \sqrt{1 - \cos^{2}{\left(s \right)}} + a_{3} s \left(2 s - \tanh{\left(4 s \right)}\right) \left(s - \cos{\left(a_{11} s \right)} + 2\right) + a_{4} \left(32 \operatorname{asin}{\left(s \right)} + 64\right) \left(a_{5} + s \left(a_{10} + a_{9} s \left(a_{7} + s\right) \operatorname{acos}{\left(s \right)}\right) + s + \operatorname{sech}{\left(s \right)}\right)\right) \operatorname{acos}{\left(\operatorname{sech}{\left(\cos{\left(a_{8} + s \right)} \right)} \right)}\right)$,$y(s) = a_{14} \sin{\left(\cos{\left(a_{10} + 4.30674369656515 s \right)} \right)} + a_{16} + a_{4} \cos{\left(a_{20} s \right)} + a_{5} \sin{\left(a_{19} s \right)} + \left(a_{11} + a_{15} s\right) \left(4 s \left(a_{1} s \operatorname{asin}{\left(\operatorname{asin}{\left(\tanh{\left(s \right)} \right)} \right)} + a_{8} + a_{9} s \left(a_{7} + s\right) \left(a_{12} - 0.0163348612181324 s \tanh{\left(\sin{\left(4 s \right)} \right)} - 0.455016066205459 \sqrt{1 - s^{2}}\right) - 5.80207456348123 \sqrt{\sqrt{s} + \operatorname{asin}{\left(s \right)}}\right) + \left(a_{2} + 4 s\right) \left(a_{6} \sin{\left(a_{13} s \right)} + 0.603433259507675 \sqrt{s} + 2.67458549611742\right) - \tanh{\left(\operatorname{asin}{\left(\operatorname{sech}{\left(5.65077849988401 s \right)} \right)} \right)}\right) - 0.000334426650014709 \sin{\left(a_{18} s \right)} + 0.00278916735581463 \sin{\left(s \left(a_{0} + \operatorname{acos}{\left(s \right)}\right) \right)} + 0.00373359883408793 \cos{\left(a_{17} s \right)} - 0.479013271010752 \operatorname{asin}{\left(\cos{\left(a_{3} + \operatorname{acos}{\left(s \right)} \right)} \right)}$,$x(s) = a_{13} + \left(- s - \sin{\left(\sin{\left(\sin{\left(a_{6} + s \right)} \right)} \right)}\right) \left(a_{1} \operatorname{acos}{\left(s \right)} + a_{14} + \left(a_{0} + a_{12} \left(a_{2} - 32 s\right) \left(- \sin{\left(4 \cos{\left(s \right)} \right)} + \operatorname{sech}{\left(s \right)}\right) + a_{12} \tanh{\left(8 s \right)} + a_{15} \sqrt{1 - \cos^{2}{\left(s \right)}} + a_{3} s \left(2 s - \tanh{\left(4 s \right)}\right) \left(s - \cos{\left(a_{11} s \right)} + 2\right) + a_{4} \left(32 \operatorname{asin}{\left(s \right)} + 64\right) \left(a_{5} + s \left(a_{10} + a_{9} s \left(a_{7} + s\right) \operatorname{acos}{\left(s \right)}\right) + s + \operatorname{sech}{\left(s \right)}\right)\right) \operatorname{acos}{\left(\operatorname{sech}{\left(\cos{\left(a_{8} + s \right)} \right)} \right)}\right)$,22,False,False
67,event67808_track147-hits,50,150,42,39,39,120,5,-0.14107408627747053,0.6907093958714532,0.7953587459870678,102.91569998484653,119.30381189806018,3.4305233328282174,0.8227849096417943,1.4277732863301518,$z(s) = a_{1} \operatorname{asin}{\left(\cos{\left(a_{10} + \operatorname{acos}{\left(s \right)} \right)} \right)} + a_{19} \cos{\left(a_{39} s \right)} + a_{2} \sin{\left(\cos{\left(a_{11} + a_{30} s \right)} \right)} + a_{24} \cos{\left(a_{36} s \right)} + a_{25} \sin{\left(s \left(a_{0} + \operatorname{acos}{\left(s \right)}\right) \right)} + a_{26} \sin{\left(a_{38} s \right)} + a_{8} \sin{\left(a_{37} s \right)} + \left(a_{13} + a_{20} s\right) \cos{\left(a_{22} + \left(s - 2\right) \left(a_{4} s + a_{40}\right) \right)} + \left(a_{17} s + a_{18}\right) \tanh{\left(\left(a_{15} - \sin{\left(a_{41} s \right)}\right) \left(a_{32} + a_{5} s\right) \right)} + \left(a_{34} s + a_{35}\right) \left(4 s \left(a_{28} + a_{29} s \left(a_{16} + s\right) \left(a_{12} \sqrt{1 - s^{2}} + a_{23} s \tanh{\left(\sin{\left(4 s \right)} \right)} + a_{27}\right) + a_{3} s \operatorname{asin}{\left(\operatorname{asin}{\left(\tanh{\left(s \right)} \right)} \right)} + a_{6} \sqrt{s + \operatorname{asin}{\left(s \right)}}\right) + \left(a_{9} + 2 s\right) \left(a_{14} \sin{\left(a_{31} s \right)} + a_{21} \sqrt{s} + a_{7}\right) - \tanh{\left(\operatorname{asin}{\left(\operatorname{sech}{\left(a_{33} s \right)} \right)} \right)}\right)$,$y(s) = a_{1} \sin{\left(\cos{\left(a_{27} s + a_{7} \right)} \right)} + a_{12} \cos{\left(a_{36} s \right)} + a_{14} \cos{\left(a_{31} s \right)} + a_{20} \sin{\left(s \left(a_{0} + \operatorname{acos}{\left(s \right)}\right) \right)} + a_{23} \sin{\left(a_{34} s \right)} + a_{33} \operatorname{acos}{\left(\cos{\left(a_{8} + \operatorname{acos}{\left(s \right)} \right)} \right)} + a_{6} \sin{\left(a_{35} s \right)} - \left(a_{19} + a_{9} s\right) \cos{\left(a_{5} + \left(s - 2\right) \left(a_{3} s + a_{37}\right) \right)} + \left(a_{13} s + a_{16}\right) \tanh{\left(64 s - 64 \sin{\left(a_{38} s \right)} \right)} + \left(a_{30} s + a_{32}\right) \left(4 s \left(a_{2} s \operatorname{asin}{\left(\operatorname{acos}{\left(\operatorname{sech}{\left(s \right)} \right)} \right)} + a_{25} + a_{26} s \left(a_{22} + s\right) \left(a_{11} \sqrt{1 - s^{2}} + a_{15} s \tanh{\left(\sin{\left(4 s \right)} \right)} + a_{24}\right) + a_{4} \sqrt{s + \operatorname{asin}{\left(s \right)}}\right) - \left(a_{21} s - 1\right) \left(a_{10} \sin{\left(a_{28} s \right)} + a_{17} + \sqrt{s} \left(a_{18} + s\right)\right) - \tanh{\left(\operatorname{asin}{\left(\operatorname{sech}{\left(a_{29} s \right)} \right)} \right)}\right)$,$y(s) = a_{1} \sin{\left(\cos{\left(a_{27} s + a_{7} \right)} \right)} + a_{12} \cos{\left(a_{36} s \right)} + a_{14} \cos{\left(a_{31} s \right)} + a_{20} \sin{\left(s \left(a_{0} + \operatorname{acos}{\left(s \right)}\right) \right)} + a_{23} \sin{\left(a_{34} s \right)} + a_{33} \operatorname{acos}{\left(\cos{\left(a_{8} + \operatorname{acos}{\left(s \right)} \right)} \right)} + a_{6} \sin{\left(a_{35} s \right)} - \left(a_{19} + a_{9} s\right) \cos{\left(a_{5} + \left(s - 2\right) \left(a_{3} s + a_{37}\right) \right)} + \left(a_{13} s + a_{16}\right) \tanh{\left(64 s - 64 \sin{\left(a_{38} s \right)} \right)} + \left(a_{30} s + a_{32}\right) \left(4 s \left(a_{2} s \operatorname{asin}{\left(\operatorname{acos}{\left(\operatorname{sech}{\left(s \right)} \right)} \right)} + a_{25} + a_{26} s \left(a_{22} + s\right) \left(a_{11} \sqrt{1 - s^{2}} + a_{15} s \tanh{\left(\sin{\left(4 s \right)} \right)} + a_{24}\right) + a_{4} \sqrt{s + \operatorname{asin}{\left(s \right)}}\right) - \left(a_{21} s - 1\right) \left(a_{10} \sin{\left(a_{28} s \right)} + a_{17} + \sqrt{s} \left(a_{18} + s\right)\right) - \tanh{\left(\operatorname{asin}{\left(\operatorname{sech}{\left(a_{29} s \right)} \right)} \right)}\right)$,30,False,False
68,event67821_track40-hits,24,72,16,16,3,35,5,-1.0838786764381958,0.01043883791323765,0.030858490821492994,0.7411574918398731,2.2218113391474956,0.020031283563239813,0.03316136327085814,-0.5040902116661939,$x(s) = a_{13} + \left(- s - \sin{\left(\sin{\left(\sin{\left(a_{6} + s \right)} \right)} \right)}\right) \left(a_{1} \operatorname{acos}{\left(s \right)} + a_{14} + \left(a_{0} + a_{12} \left(a_{2} - 32 s\right) \left(- \sin{\left(4 \cos{\left(s \right)} \right)} + \operatorname{sech}{\left(s \right)}\right) + a_{12} \tanh{\left(8 s \right)} + a_{15} \sqrt{1 - \cos^{2}{\left(s \right)}} + a_{3} s \left(2 s - \tanh{\left(4 s \right)}\right) \left(s - \cos{\left(a_{11} s \right)} + 2\right) + a_{4} \left(32 \operatorname{asin}{\left(s \right)} + 64\right) \left(a_{5} + s \left(a_{10} + a_{9} s \left(a_{7} + s\right) \operatorname{acos}{\left(s \right)}\right) + s + \operatorname{sech}{\left(s \right)}\right)\right) \operatorname{acos}{\left(\operatorname{sech}{\left(\cos{\left(a_{8} + s \right)} \right)} \right)}\right)$,$x(s) = a_{13} + \left(- s - \sin{\left(\sin{\left(\sin{\left(a_{6} + s \right)} \right)} \right)}\right) \left(a_{1} \operatorname{acos}{\left(s \right)} + a_{14} + \left(a_{0} + a_{12} \left(a_{2} - 32 s\right) \left(- \sin{\left(4 \cos{\left(s \right)} \right)} + \operatorname{sech}{\left(s \right)}\right) + a_{12} \tanh{\left(8 s \right)} + a_{15} \sqrt{1 - \cos^{2}{\left(s \right)}} + a_{3} s \left(2 s - \tanh{\left(4 s \right)}\right) \left(s - \cos{\left(a_{11} s \right)} + 2\right) + a_{4} \left(32 \operatorname{asin}{\left(s \right)} + 64\right) \left(a_{5} + s \left(a_{10} + a_{9} s \left(a_{7} + s\right) \operatorname{acos}{\left(s \right)}\right) + s + \operatorname{sech}{\left(s \right)}\right)\right) \operatorname{acos}{\left(\operatorname{sech}{\left(\cos{\left(a_{8} + s \right)} \right)} \right)}\right)$,$x(s) = a_{0} + s \left(a_{1} + a_{2} s\right)$,37,False,False
69,event67831_track422-hits,50,150,39,32,42,113,5,0.24890942400811958,2.8693267226102415,2.2370722659076896,427.529681668926,335.5608398861534,11.554856261322325,2.3142126888700236,1.6080362656336729,$y(s) = a_{1} \sin{\left(\cos{\left(a_{27} s + a_{7} \right)} \right)} + a_{12} \cos{\left(a_{36} s \right)} + a_{14} \cos{\left(a_{31} s \right)} + a_{20} \sin{\left(s \left(a_{0} + \operatorname{acos}{\left(s \right)}\right) \right)} + a_{23} \sin{\left(a_{34} s \right)} + a_{33} \operatorname{acos}{\left(\cos{\left(a_{8} + \operatorname{acos}{\left(s \right)} \right)} \right)} + a_{6} \sin{\left(a_{35} s \right)} - \left(a_{19} + a_{9} s\right) \cos{\left(a_{5} + \left(s - 2\right) \left(a_{3} s + a_{37}\right) \right)} + \left(a_{13} s + a_{16}\right) \tanh{\left(64 s - 64 \sin{\left(a_{38} s \right)} \right)} + \left(a_{30} s + a_{32}\right) \left(4 s \left(a_{2} s \operatorname{asin}{\left(\operatorname{acos}{\left(\operatorname{sech}{\left(s \right)} \right)} \right)} + a_{25} + a_{26} s \left(a_{22} + s\right) \left(a_{11} \sqrt{1 - s^{2}} + a_{15} s \tanh{\left(\sin{\left(4 s \right)} \right)} + a_{24}\right) + a_{4} \sqrt{s + \operatorname{asin}{\left(s \right)}}\right) - \left(a_{21} s - 1\right) \left(a_{10} \sin{\left(a_{28} s \right)} + a_{17} + \sqrt{s} \left(a_{18} + s\right)\right) - \tanh{\left(\operatorname{asin}{\left(\operatorname{sech}{\left(a_{29} s \right)} \right)} \right)}\right)$,$y(s) = a_{1} \operatorname{asin}{\left(\cos{\left(a_{7} + \operatorname{acos}{\left(s \right)} \right)} \right)} + a_{10} \cos{\left(a_{28} s \right)} + a_{11} \cos{\left(a_{31} s \right)} + a_{12} \sin{\left(a_{29} s \right)} + a_{13} \sin{\left(a_{30} s \right)} + a_{24} \sin{\left(\cos{\left(a_{19} + a_{22} s \right)} \right)} + a_{27} + a_{9} \sin{\left(s \left(a_{0} + \operatorname{acos}{\left(s \right)}\right) \right)} + \left(a_{20} + a_{26} s\right) \left(4 s \left(a_{17} + a_{18} s \left(a_{16} + s\right) \left(a_{14} s \tanh{\left(\sin{\left(4 s \right)} \right)} + a_{21} + a_{8} \sqrt{1 - s^{2}}\right) + a_{2} s \operatorname{asin}{\left(\operatorname{asin}{\left(\tanh{\left(s \right)} \right)} \right)} + a_{3} \sqrt{\sqrt{s} + \operatorname{asin}{\left(s \right)}}\right) + \left(a_{4} + 4 s\right) \left(a_{15} \sin{\left(a_{23} s \right)} + a_{5} + a_{6} \sqrt{s}\right) - \tanh{\left(\operatorname{asin}{\left(\operatorname{sech}{\left(a_{25} s \right)} \right)} \right)}\right)$,$z(s) = a_{1} \operatorname{asin}{\left(\cos{\left(a_{10} + \operatorname{acos}{\left(s \right)} \right)} \right)} + a_{19} \cos{\left(a_{39} s \right)} + a_{2} \sin{\left(\cos{\left(a_{11} + a_{30} s \right)} \right)} + a_{24} \cos{\left(a_{36} s \right)} + a_{25} \sin{\left(s \left(a_{0} + \operatorname{acos}{\left(s \right)}\right) \right)} + a_{26} \sin{\left(a_{38} s \right)} + a_{8} \sin{\left(a_{37} s \right)} + \left(a_{13} + a_{20} s\right) \cos{\left(a_{22} + \left(s - 2\right) \left(a_{4} s + a_{40}\right) \right)} + \left(a_{17} s + a_{18}\right) \tanh{\left(\left(a_{15} - \sin{\left(a_{41} s \right)}\right) \left(a_{32} + a_{5} s\right) \right)} + \left(a_{34} s + a_{35}\right) \left(4 s \left(a_{28} + a_{29} s \left(a_{16} + s\right) \left(a_{12} \sqrt{1 - s^{2}} + a_{23} s \tanh{\left(\sin{\left(4 s \right)} \right)} + a_{27}\right) + a_{3} s \operatorname{asin}{\left(\operatorname{asin}{\left(\tanh{\left(s \right)} \right)} \right)} + a_{6} \sqrt{s + \operatorname{asin}{\left(s \right)}}\right) + \left(a_{9} + 2 s\right) \left(a_{14} \sin{\left(a_{31} s \right)} + a_{21} \sqrt{s} + a_{7}\right) - \tanh{\left(\operatorname{asin}{\left(\operatorname{sech}{\left(a_{33} s \right)} \right)} \right)}\right)$,37,False,False
70,event67846_track288-hits,50,150,32,42,39,113,5,1.9352337202998684,0.2194122585809748,0.03168104964669672,32.69242652856524,4.752157447004508,0.8835790953666282,0.03277349963451385,3.294360561925422,$y(s) = a_{1} \operatorname{asin}{\left(\cos{\left(a_{7} + \operatorname{acos}{\left(s \right)} \right)} \right)} + a_{10} \cos{\left(a_{28} s \right)} + a_{11} \cos{\left(a_{31} s \right)} + a_{12} \sin{\left(a_{29} s \right)} + a_{13} \sin{\left(a_{30} s \right)} + a_{24} \sin{\left(\cos{\left(a_{19} + a_{22} s \right)} \right)} + a_{27} + a_{9} \sin{\left(s \left(a_{0} + \operatorname{acos}{\left(s \right)}\right) \right)} + \left(a_{20} + a_{26} s\right) \left(4 s \left(a_{17} + a_{18} s \left(a_{16} + s\right) \left(a_{14} s \tanh{\left(\sin{\left(4 s \right)} \right)} + a_{21} + a_{8} \sqrt{1 - s^{2}}\right) + a_{2} s \operatorname{asin}{\left(\operatorname{asin}{\left(\tanh{\left(s \right)} \right)} \right)} + a_{3} \sqrt{\sqrt{s} + \operatorname{asin}{\left(s \right)}}\right) + \left(a_{4} + 4 s\right) \left(a_{15} \sin{\left(a_{23} s \right)} + a_{5} + a_{6} \sqrt{s}\right) - \tanh{\left(\operatorname{asin}{\left(\operatorname{sech}{\left(a_{25} s \right)} \right)} \right)}\right)$,$z(s) = a_{1} \operatorname{asin}{\left(\cos{\left(a_{10} + \operatorname{acos}{\left(s \right)} \right)} \right)} + a_{19} \cos{\left(a_{39} s \right)} + a_{2} \sin{\left(\cos{\left(a_{11} + a_{30} s \right)} \right)} + a_{24} \cos{\left(a_{36} s \right)} + a_{25} \sin{\left(s \left(a_{0} + \operatorname{acos}{\left(s \right)}\right) \right)} + a_{26} \sin{\left(a_{38} s \right)} + a_{8} \sin{\left(a_{37} s \right)} + \left(a_{13} + a_{20} s\right) \cos{\left(a_{22} + \left(s - 2\right) \left(a_{4} s + a_{40}\right) \right)} + \left(a_{17} s + a_{18}\right) \tanh{\left(\left(a_{15} - \sin{\left(a_{41} s \right)}\right) \left(a_{32} + a_{5} s\right) \right)} + \left(a_{34} s + a_{35}\right) \left(4 s \left(a_{28} + a_{29} s \left(a_{16} + s\right) \left(a_{12} \sqrt{1 - s^{2}} + a_{23} s \tanh{\left(\sin{\left(4 s \right)} \right)} + a_{27}\right) + a_{3} s \operatorname{asin}{\left(\operatorname{asin}{\left(\tanh{\left(s \right)} \right)} \right)} + a_{6} \sqrt{s + \operatorname{asin}{\left(s \right)}}\right) + \left(a_{9} + 2 s\right) \left(a_{14} \sin{\left(a_{31} s \right)} + a_{21} \sqrt{s} + a_{7}\right) - \tanh{\left(\operatorname{asin}{\left(\operatorname{sech}{\left(a_{33} s \right)} \right)} \right)}\right)$,$x(s) = a_{1} \operatorname{asin}{\left(\cos{\left(a_{10} + \operatorname{acos}{\left(s \right)} \right)} \right)} + a_{15} \tanh{\left(\left(a_{28} + a_{5} s\right) \sin{\left(a_{38} s \right)} \right)} + a_{17} \cos{\left(a_{36} s \right)} + a_{2} \sin{\left(\cos{\left(a_{11} + a_{27} s \right)} \right)} + a_{21} \cos{\left(a_{33} s \right)} + a_{22} \sin{\left(s \left(a_{0} + \operatorname{acos}{\left(s \right)}\right) \right)} + a_{24} \sin{\left(a_{35} s \right)} + a_{8} \sin{\left(a_{34} s \right)} + \left(a_{13} + a_{18} s\right) \cos{\left(a_{20} + \left(a_{37} + a_{4} s\right) \left(s - 2\right) \right)} + \left(a_{30} s + a_{32}\right) \left(4 s \left(a_{25} + a_{3} s \operatorname{asin}{\left(\operatorname{asin}{\left(\tanh{\left(s \right)} \right)} \right)} + a_{6} \sqrt{s + \operatorname{asin}{\left(s \right)}} + 4 s \left(a_{16} + s\right) \left(a_{12} \sqrt{1 - s^{2}} + a_{23} s \tanh{\left(\sin{\left(4 s \right)} \right)} + a_{26}\right)\right) + \left(a_{9} + 2 s\right) \left(a_{14} \sin{\left(a_{29} s \right)} + a_{19} \sqrt{s} + a_{7}\right) - \tanh{\left(\operatorname{asin}{\left(\operatorname{sech}{\left(a_{31} s \right)} \right)} \right)}\right)$,37,False,False
71,event67876_track352-hits,27,81,21,21,16,58,5,1.6574537990736296,0.008921015178453536,0.0017005571799695485,0.7136812142762828,0.13774513157753343,0.031029618012012296,0.0018124359418096505,2.8402704034322537,$x(s) = a_{14} \sin{\left(\cos{\left(a_{12} s + 3.19564213142574 \right)} \right)} + a_{16} + a_{6} \cos{\left(a_{17} s \right)} + a_{7} \sin{\left(a_{18} s \right)} + \left(a_{15} s + 4.98154578530752\right) \left(4 s \left(a_{1} s \operatorname{asin}{\left(\operatorname{asin}{\left(\tanh{\left(s \right)} \right)} \right)} + a_{10} s \left(s + 0.0134870156781597\right) \left(a_{11} - 0.017503085789641 s \tanh{\left(\sin{\left(4 s \right)} \right)} - 0.450614826294794 \sqrt{1 - s^{2}}\right) + a_{2} \sqrt{\sqrt{s} + \operatorname{asin}{\left(s \right)}} + a_{9}\right) + \left(a_{3} + 4 s\right) \left(a_{4} + a_{5} \sqrt{s} + a_{8} \sin{\left(a_{13} s \right)}\right) - \tanh{\left(\operatorname{asin}{\left(\operatorname{sech}{\left(5.6839434852917 s \right)} \right)} \right)}\right) + 0.000668810464601903 \sin{\left(a_{19} s \right)} + 0.00289842149959624 \sin{\left(s \left(a_{0} + \operatorname{acos}{\left(s \right)}\right) \right)} + 0.000623964504492596 \cos{\left(a_{20} s \right)} - 0.49633536500747 \operatorname{asin}{\left(\cos{\left(\operatorname{acos}{\left(s \right)} - 0.802742285270038 \right)} \right)}$,$y(s) = a_{14} \sin{\left(\cos{\left(a_{10} + 4.30674369656515 s \right)} \right)} + a_{16} + a_{4} \cos{\left(a_{20} s \right)} + a_{5} \sin{\left(a_{19} s \right)} + \left(a_{11} + a_{15} s\right) \left(4 s \left(a_{1} s \operatorname{asin}{\left(\operatorname{asin}{\left(\tanh{\left(s \right)} \right)} \right)} + a_{8} + a_{9} s \left(a_{7} + s\right) \left(a_{12} - 0.0163348612181324 s \tanh{\left(\sin{\left(4 s \right)} \right)} - 0.455016066205459 \sqrt{1 - s^{2}}\right) - 5.80207456348123 \sqrt{\sqrt{s} + \operatorname{asin}{\left(s \right)}}\right) + \left(a_{2} + 4 s\right) \left(a_{6} \sin{\left(a_{13} s \right)} + 0.603433259507675 \sqrt{s} + 2.67458549611742\right) - \tanh{\left(\operatorname{asin}{\left(\operatorname{sech}{\left(5.65077849988401 s \right)} \right)} \right)}\right) - 0.000334426650014709 \sin{\left(a_{18} s \right)} + 0.00278916735581463 \sin{\left(s \left(a_{0} + \operatorname{acos}{\left(s \right)}\right) \right)} + 0.00373359883408793 \cos{\left(a_{17} s \right)} - 0.479013271010752 \operatorname{asin}{\left(\cos{\left(a_{3} + \operatorname{acos}{\left(s \right)} \right)} \right)}$,$x(s) = a_{13} + \left(- s - \sin{\left(\sin{\left(\sin{\left(a_{6} + s \right)} \right)} \right)}\right) \left(a_{1} \operatorname{acos}{\left(s \right)} + a_{14} + \left(a_{0} + a_{12} \left(a_{2} - 32 s\right) \left(- \sin{\left(4 \cos{\left(s \right)} \right)} + \operatorname{sech}{\left(s \right)}\right) + a_{12} \tanh{\left(8 s \right)} + a_{15} \sqrt{1 - \cos^{2}{\left(s \right)}} + a_{3} s \left(2 s - \tanh{\left(4 s \right)}\right) \left(s - \cos{\left(a_{11} s \right)} + 2\right) + a_{4} \left(32 \operatorname{asin}{\left(s \right)} + 64\right) \left(a_{5} + s \left(a_{10} + a_{9} s \left(a_{7} + s\right) \operatorname{acos}{\left(s \right)}\right) + s + \operatorname{sech}{\left(s \right)}\right)\right) \operatorname{acos}{\left(\operatorname{sech}{\left(\cos{\left(a_{8} + s \right)} \right)} \right)}\right)$,23,False,False
72,event67933_track7-hits,50,150,42,42,39,123,5,-0.8484353698818784,34.487246150553865,80.56182876224442,5138.5996764325255,12084.274314336662,190.318506534538,83.33982285749423,0.8257725183835701,$z(s) = a_{1} \operatorname{asin}{\left(\cos{\left(a_{10} + \operatorname{acos}{\left(s \right)} \right)} \right)} + a_{19} \cos{\left(a_{39} s \right)} + a_{2} \sin{\left(\cos{\left(a_{11} + a_{30} s \right)} \right)} + a_{24} \cos{\left(a_{36} s \right)} + a_{25} \sin{\left(s \left(a_{0} + \operatorname{acos}{\left(s \right)}\right) \right)} + a_{26} \sin{\left(a_{38} s \right)} + a_{8} \sin{\left(a_{37} s \right)} + \left(a_{13} + a_{20} s\right) \cos{\left(a_{22} + \left(s - 2\right) \left(a_{4} s + a_{40}\right) \right)} + \left(a_{17} s + a_{18}\right) \tanh{\left(\left(a_{15} - \sin{\left(a_{41} s \right)}\right) \left(a_{32} + a_{5} s\right) \right)} + \left(a_{34} s + a_{35}\right) \left(4 s \left(a_{28} + a_{29} s \left(a_{16} + s\right) \left(a_{12} \sqrt{1 - s^{2}} + a_{23} s \tanh{\left(\sin{\left(4 s \right)} \right)} + a_{27}\right) + a_{3} s \operatorname{asin}{\left(\operatorname{asin}{\left(\tanh{\left(s \right)} \right)} \right)} + a_{6} \sqrt{s + \operatorname{asin}{\left(s \right)}}\right) + \left(a_{9} + 2 s\right) \left(a_{14} \sin{\left(a_{31} s \right)} + a_{21} \sqrt{s} + a_{7}\right) - \tanh{\left(\operatorname{asin}{\left(\operatorname{sech}{\left(a_{33} s \right)} \right)} \right)}\right)$,$z(s) = a_{1} \operatorname{asin}{\left(\cos{\left(a_{10} + \operatorname{acos}{\left(s \right)} \right)} \right)} + a_{19} \cos{\left(a_{39} s \right)} + a_{2} \sin{\left(\cos{\left(a_{11} + a_{30} s \right)} \right)} + a_{24} \cos{\left(a_{36} s \right)} + a_{25} \sin{\left(s \left(a_{0} + \operatorname{acos}{\left(s \right)}\right) \right)} + a_{26} \sin{\left(a_{38} s \right)} + a_{8} \sin{\left(a_{37} s \right)} + \left(a_{13} + a_{20} s\right) \cos{\left(a_{22} + \left(s - 2\right) \left(a_{4} s + a_{40}\right) \right)} + \left(a_{17} s + a_{18}\right) \tanh{\left(\left(a_{15} - \sin{\left(a_{41} s \right)}\right) \left(a_{32} + a_{5} s\right) \right)} + \left(a_{34} s + a_{35}\right) \left(4 s \left(a_{28} + a_{29} s \left(a_{16} + s\right) \left(a_{12} \sqrt{1 - s^{2}} + a_{23} s \tanh{\left(\sin{\left(4 s \right)} \right)} + a_{27}\right) + a_{3} s \operatorname{asin}{\left(\operatorname{asin}{\left(\tanh{\left(s \right)} \right)} \right)} + a_{6} \sqrt{s + \operatorname{asin}{\left(s \right)}}\right) + \left(a_{9} + 2 s\right) \left(a_{14} \sin{\left(a_{31} s \right)} + a_{21} \sqrt{s} + a_{7}\right) - \tanh{\left(\operatorname{asin}{\left(\operatorname{sech}{\left(a_{33} s \right)} \right)} \right)}\right)$,$x(s) = a_{1} \operatorname{asin}{\left(\cos{\left(a_{10} + \operatorname{acos}{\left(s \right)} \right)} \right)} + a_{15} \tanh{\left(\left(a_{28} + a_{5} s\right) \sin{\left(a_{38} s \right)} \right)} + a_{17} \cos{\left(a_{36} s \right)} + a_{2} \sin{\left(\cos{\left(a_{11} + a_{27} s \right)} \right)} + a_{21} \cos{\left(a_{33} s \right)} + a_{22} \sin{\left(s \left(a_{0} + \operatorname{acos}{\left(s \right)}\right) \right)} + a_{24} \sin{\left(a_{35} s \right)} + a_{8} \sin{\left(a_{34} s \right)} + \left(a_{13} + a_{18} s\right) \cos{\left(a_{20} + \left(a_{37} + a_{4} s\right) \left(s - 2\right) \right)} + \left(a_{30} s + a_{32}\right) \left(4 s \left(a_{25} + a_{3} s \operatorname{asin}{\left(\operatorname{asin}{\left(\tanh{\left(s \right)} \right)} \right)} + a_{6} \sqrt{s + \operatorname{asin}{\left(s \right)}} + 4 s \left(a_{16} + s\right) \left(a_{12} \sqrt{1 - s^{2}} + a_{23} s \tanh{\left(\sin{\left(4 s \right)} \right)} + a_{26}\right)\right) + \left(a_{9} + 2 s\right) \left(a_{14} \sin{\left(a_{29} s \right)} + a_{19} \sqrt{s} + a_{7}\right) - \tanh{\left(\operatorname{asin}{\left(\operatorname{sech}{\left(a_{31} s \right)} \right)} \right)}\right)$,27,False,False
73,event67959_track205-hits,47,141,32,42,39,113,5,0.8938595482122927,1.703966709622245,0.6970482421678402,238.5553393471143,98.28380214566548,8.519833548111226,0.722675015776952,2.467192456004277,$y(s) = a_{1} \operatorname{asin}{\left(\cos{\left(a_{6} + \operatorname{acos}{\left(s \right)} \right)} \right)} + a_{10} \cos{\left(a_{31} s \right)} + a_{11} \sin{\left(a_{30} s \right)} + a_{12} \sin{\left(s \left(a_{0} + \operatorname{acos}{\left(s \right)}\right) \right)} + a_{13} \sin{\left(a_{29} s \right)} + a_{24} \sin{\left(\cos{\left(a_{18} + a_{22} s \right)} \right)} + a_{27} + a_{9} \cos{\left(a_{28} s \right)} + \left(a_{20} + a_{26} s\right) \left(4 s \left(a_{17} + a_{19} s \left(a_{15} + s\right) \left(a_{16} s \tanh{\left(\sin{\left(4 s \right)} \right)} + a_{21} + a_{7} \sqrt{1 - s^{2}}\right) + a_{2} s \operatorname{asin}{\left(\operatorname{asin}{\left(\tanh{\left(s \right)} \right)} \right)} + a_{3} \sqrt{\sqrt{s} + \operatorname{asin}{\left(s \right)}}\right) + \left(a_{4} + 4 s\right) \left(a_{14} \sqrt{s} + a_{5} + a_{8} \sin{\left(a_{23} s \right)}\right) - \tanh{\left(\operatorname{asin}{\left(\operatorname{sech}{\left(a_{25} s \right)} \right)} \right)}\right)$,$z(s) = a_{1} \operatorname{asin}{\left(\cos{\left(a_{10} + \operatorname{acos}{\left(s \right)} \right)} \right)} + a_{19} \cos{\left(a_{39} s \right)} + a_{2} \sin{\left(\cos{\left(a_{11} + a_{30} s \right)} \right)} + a_{24} \cos{\left(a_{36} s \right)} + a_{25} \sin{\left(s \left(a_{0} + \operatorname{acos}{\left(s \right)}\right) \right)} + a_{26} \sin{\left(a_{38} s \right)} + a_{8} \sin{\left(a_{37} s \right)} + \left(a_{13} + a_{20} s\right) \cos{\left(a_{22} + \left(s - 2\right) \left(a_{4} s + a_{40}\right) \right)} + \left(a_{17} s + a_{18}\right) \tanh{\left(\left(a_{15} - \sin{\left(a_{41} s \right)}\right) \left(a_{32} + a_{5} s\right) \right)} + \left(a_{34} s + a_{35}\right) \left(4 s \left(a_{28} + a_{29} s \left(a_{16} + s\right) \left(a_{12} \sqrt{1 - s^{2}} + a_{23} s \tanh{\left(\sin{\left(4 s \right)} \right)} + a_{27}\right) + a_{3} s \operatorname{asin}{\left(\operatorname{asin}{\left(\tanh{\left(s \right)} \right)} \right)} + a_{6} \sqrt{s + \operatorname{asin}{\left(s \right)}}\right) + \left(a_{9} + 2 s\right) \left(a_{14} \sin{\left(a_{31} s \right)} + a_{21} \sqrt{s} + a_{7}\right) - \tanh{\left(\operatorname{asin}{\left(\operatorname{sech}{\left(a_{33} s \right)} \right)} \right)}\right)$,$x(s) = a_{1} \operatorname{asin}{\left(\cos{\left(a_{10} + \operatorname{acos}{\left(s \right)} \right)} \right)} + a_{15} \tanh{\left(\left(a_{28} + a_{5} s\right) \sin{\left(a_{38} s \right)} \right)} + a_{17} \cos{\left(a_{36} s \right)} + a_{2} \sin{\left(\cos{\left(a_{11} + a_{27} s \right)} \right)} + a_{21} \cos{\left(a_{33} s \right)} + a_{22} \sin{\left(s \left(a_{0} + \operatorname{acos}{\left(s \right)}\right) \right)} + a_{24} \sin{\left(a_{35} s \right)} + a_{8} \sin{\left(a_{34} s \right)} + \left(a_{13} + a_{18} s\right) \cos{\left(a_{20} + \left(a_{37} + a_{4} s\right) \left(s - 2\right) \right)} + \left(a_{30} s + a_{32}\right) \left(4 s \left(a_{25} + a_{3} s \operatorname{asin}{\left(\operatorname{asin}{\left(\tanh{\left(s \right)} \right)} \right)} + a_{6} \sqrt{s + \operatorname{asin}{\left(s \right)}} + 4 s \left(a_{16} + s\right) \left(a_{12} \sqrt{1 - s^{2}} + a_{23} s \tanh{\left(\sin{\left(4 s \right)} \right)} + a_{26}\right)\right) + \left(a_{9} + 2 s\right) \left(a_{14} \sin{\left(a_{29} s \right)} + a_{19} \sqrt{s} + a_{7}\right) - \tanh{\left(\operatorname{asin}{\left(\operatorname{sech}{\left(a_{31} s \right)} \right)} \right)}\right)$,28,False,False
74,event67987_track217-hits,50,150,39,39,42,120,5,0.641409388782018,0.601159586972192,0.3165404527560709,89.5727784588566,47.481067913410634,2.985759281961887,0.3274556407821423,2.2102567613896404,$x(s) = a_{1} \operatorname{asin}{\left(\cos{\left(a_{10} + \operatorname{acos}{\left(s \right)} \right)} \right)} + a_{15} \tanh{\left(\left(a_{28} + a_{5} s\right) \sin{\left(a_{38} s \right)} \right)} + a_{17} \cos{\left(a_{36} s \right)} + a_{2} \sin{\left(\cos{\left(a_{11} + a_{27} s \right)} \right)} + a_{21} \cos{\left(a_{33} s \right)} + a_{22} \sin{\left(s \left(a_{0} + \operatorname{acos}{\left(s \right)}\right) \right)} + a_{24} \sin{\left(a_{35} s \right)} + a_{8} \sin{\left(a_{34} s \right)} + \left(a_{13} + a_{18} s\right) \cos{\left(a_{20} + \left(a_{37} + a_{4} s\right) \left(s - 2\right) \right)} + \left(a_{30} s + a_{32}\right) \left(4 s \left(a_{25} + a_{3} s \operatorname{asin}{\left(\operatorname{asin}{\left(\tanh{\left(s \right)} \right)} \right)} + a_{6} \sqrt{s + \operatorname{asin}{\left(s \right)}} + 4 s \left(a_{16} + s\right) \left(a_{12} \sqrt{1 - s^{2}} + a_{23} s \tanh{\left(\sin{\left(4 s \right)} \right)} + a_{26}\right)\right) + \left(a_{9} + 2 s\right) \left(a_{14} \sin{\left(a_{29} s \right)} + a_{19} \sqrt{s} + a_{7}\right) - \tanh{\left(\operatorname{asin}{\left(\operatorname{sech}{\left(a_{31} s \right)} \right)} \right)}\right)$,$x(s) = a_{1} \operatorname{asin}{\left(\cos{\left(a_{10} + \operatorname{acos}{\left(s \right)} \right)} \right)} + a_{15} \tanh{\left(\left(a_{28} + a_{5} s\right) \sin{\left(a_{38} s \right)} \right)} + a_{17} \cos{\left(a_{36} s \right)} + a_{2} \sin{\left(\cos{\left(a_{11} + a_{27} s \right)} \right)} + a_{21} \cos{\left(a_{33} s \right)} + a_{22} \sin{\left(s \left(a_{0} + \operatorname{acos}{\left(s \right)}\right) \right)} + a_{24} \sin{\left(a_{35} s \right)} + a_{8} \sin{\left(a_{34} s \right)} + \left(a_{13} + a_{18} s\right) \cos{\left(a_{20} + \left(a_{37} + a_{4} s\right) \left(s - 2\right) \right)} + \left(a_{30} s + a_{32}\right) \left(4 s \left(a_{25} + a_{3} s \operatorname{asin}{\left(\operatorname{asin}{\left(\tanh{\left(s \right)} \right)} \right)} + a_{6} \sqrt{s + \operatorname{asin}{\left(s \right)}} + 4 s \left(a_{16} + s\right) \left(a_{12} \sqrt{1 - s^{2}} + a_{23} s \tanh{\left(\sin{\left(4 s \right)} \right)} + a_{26}\right)\right) + \left(a_{9} + 2 s\right) \left(a_{14} \sin{\left(a_{29} s \right)} + a_{19} \sqrt{s} + a_{7}\right) - \tanh{\left(\operatorname{asin}{\left(\operatorname{sech}{\left(a_{31} s \right)} \right)} \right)}\right)$,$z(s) = a_{1} \operatorname{asin}{\left(\cos{\left(a_{10} + \operatorname{acos}{\left(s \right)} \right)} \right)} + a_{19} \cos{\left(a_{39} s \right)} + a_{2} \sin{\left(\cos{\left(a_{11} + a_{30} s \right)} \right)} + a_{24} \cos{\left(a_{36} s \right)} + a_{25} \sin{\left(s \left(a_{0} + \operatorname{acos}{\left(s \right)}\right) \right)} + a_{26} \sin{\left(a_{38} s \right)} + a_{8} \sin{\left(a_{37} s \right)} + \left(a_{13} + a_{20} s\right) \cos{\left(a_{22} + \left(s - 2\right) \left(a_{4} s + a_{40}\right) \right)} + \left(a_{17} s + a_{18}\right) \tanh{\left(\left(a_{15} - \sin{\left(a_{41} s \right)}\right) \left(a_{32} + a_{5} s\right) \right)} + \left(a_{34} s + a_{35}\right) \left(4 s \left(a_{28} + a_{29} s \left(a_{16} + s\right) \left(a_{12} \sqrt{1 - s^{2}} + a_{23} s \tanh{\left(\sin{\left(4 s \right)} \right)} + a_{27}\right) + a_{3} s \operatorname{asin}{\left(\operatorname{asin}{\left(\tanh{\left(s \right)} \right)} \right)} + a_{6} \sqrt{s + \operatorname{asin}{\left(s \right)}}\right) + \left(a_{9} + 2 s\right) \left(a_{14} \sin{\left(a_{31} s \right)} + a_{21} \sqrt{s} + a_{7}\right) - \tanh{\left(\operatorname{asin}{\left(\operatorname{sech}{\left(a_{33} s \right)} \right)} \right)}\right)$,30,False,False
75,event68114_track168-hits,48,144,32,39,39,110,5,1.6113457279051842,0.6417038128374396,0.12809614549140771,91.76364523575387,18.445844950762712,2.698930742228055,0.13270392050908425,3.0124904671036212,$y(s) = a_{1} \operatorname{asin}{\left(\cos{\left(a_{7} + \operatorname{acos}{\left(s \right)} \right)} \right)} + a_{10} \cos{\left(a_{28} s \right)} + a_{11} \cos{\left(a_{31} s \right)} + a_{12} \sin{\left(a_{29} s \right)} + a_{13} \sin{\left(a_{30} s \right)} + a_{24} \sin{\left(\cos{\left(a_{19} + a_{22} s \right)} \right)} + a_{27} + a_{9} \sin{\left(s \left(a_{0} + \operatorname{acos}{\left(s \right)}\right) \right)} + \left(a_{20} + a_{26} s\right) \left(4 s \left(a_{17} + a_{18} s \left(a_{16} + s\right) \left(a_{14} s \tanh{\left(\sin{\left(4 s \right)} \right)} + a_{21} + a_{8} \sqrt{1 - s^{2}}\right) + a_{2} s \operatorname{asin}{\left(\operatorname{asin}{\left(\tanh{\left(s \right)} \right)} \right)} + a_{3} \sqrt{\sqrt{s} + \operatorname{asin}{\left(s \right)}}\right) + \left(a_{4} + 4 s\right) \left(a_{15} \sin{\left(a_{23} s \right)} + a_{5} + a_{6} \sqrt{s}\right) - \tanh{\left(\operatorname{asin}{\left(\operatorname{sech}{\left(a_{25} s \right)} \right)} \right)}\right)$,$x(s) = a_{1} \operatorname{asin}{\left(\cos{\left(a_{10} + \operatorname{acos}{\left(s \right)} \right)} \right)} + a_{15} \tanh{\left(\left(a_{28} + a_{5} s\right) \sin{\left(a_{38} s \right)} \right)} + a_{17} \cos{\left(a_{36} s \right)} + a_{2} \sin{\left(\cos{\left(a_{11} + a_{27} s \right)} \right)} + a_{21} \cos{\left(a_{33} s \right)} + a_{22} \sin{\left(s \left(a_{0} + \operatorname{acos}{\left(s \right)}\right) \right)} + a_{24} \sin{\left(a_{35} s \right)} + a_{8} \sin{\left(a_{34} s \right)} + \left(a_{13} + a_{18} s\right) \cos{\left(a_{20} + \left(a_{37} + a_{4} s\right) \left(s - 2\right) \right)} + \left(a_{30} s + a_{32}\right) \left(4 s \left(a_{25} + a_{3} s \operatorname{asin}{\left(\operatorname{asin}{\left(\tanh{\left(s \right)} \right)} \right)} + a_{6} \sqrt{s + \operatorname{asin}{\left(s \right)}} + 4 s \left(a_{16} + s\right) \left(a_{12} \sqrt{1 - s^{2}} + a_{23} s \tanh{\left(\sin{\left(4 s \right)} \right)} + a_{26}\right)\right) + \left(a_{9} + 2 s\right) \left(a_{14} \sin{\left(a_{29} s \right)} + a_{19} \sqrt{s} + a_{7}\right) - \tanh{\left(\operatorname{asin}{\left(\operatorname{sech}{\left(a_{31} s \right)} \right)} \right)}\right)$,$x(s) = a_{1} \operatorname{asin}{\left(\cos{\left(a_{10} + \operatorname{acos}{\left(s \right)} \right)} \right)} + a_{15} \tanh{\left(\left(a_{28} + a_{5} s\right) \sin{\left(a_{38} s \right)} \right)} + a_{17} \cos{\left(a_{36} s \right)} + a_{2} \sin{\left(\cos{\left(a_{11} + a_{27} s \right)} \right)} + a_{21} \cos{\left(a_{33} s \right)} + a_{22} \sin{\left(s \left(a_{0} + \operatorname{acos}{\left(s \right)}\right) \right)} + a_{24} \sin{\left(a_{35} s \right)} + a_{8} \sin{\left(a_{34} s \right)} + \left(a_{13} + a_{18} s\right) \cos{\left(a_{20} + \left(a_{37} + a_{4} s\right) \left(s - 2\right) \right)} + \left(a_{30} s + a_{32}\right) \left(4 s \left(a_{25} + a_{3} s \operatorname{asin}{\left(\operatorname{asin}{\left(\tanh{\left(s \right)} \right)} \right)} + a_{6} \sqrt{s + \operatorname{asin}{\left(s \right)}} + 4 s \left(a_{16} + s\right) \left(a_{12} \sqrt{1 - s^{2}} + a_{23} s \tanh{\left(\sin{\left(4 s \right)} \right)} + a_{26}\right)\right) + \left(a_{9} + 2 s\right) \left(a_{14} \sin{\left(a_{29} s \right)} + a_{19} \sqrt{s} + a_{7}\right) - \tanh{\left(\operatorname{asin}{\left(\operatorname{sech}{\left(a_{31} s \right)} \right)} \right)}\right)$,34,False,False
76,event68132_track494-hits,49,147,39,39,32,110,5,0.9805392963827512,2.796465406599417,1.048978641693496,408.28394936351486,154.1998603289439,11.03470133414905,1.0859145093587599,2.318622476269388,$x(s) = a_{1} \operatorname{asin}{\left(\cos{\left(a_{10} + \operatorname{acos}{\left(s \right)} \right)} \right)} + a_{15} \tanh{\left(\left(a_{28} + a_{5} s\right) \sin{\left(a_{38} s \right)} \right)} + a_{17} \cos{\left(a_{36} s \right)} + a_{2} \sin{\left(\cos{\left(a_{11} + a_{27} s \right)} \right)} + a_{21} \cos{\left(a_{33} s \right)} + a_{22} \sin{\left(s \left(a_{0} + \operatorname{acos}{\left(s \right)}\right) \right)} + a_{24} \sin{\left(a_{35} s \right)} + a_{8} \sin{\left(a_{34} s \right)} + \left(a_{13} + a_{18} s\right) \cos{\left(a_{20} + \left(a_{37} + a_{4} s\right) \left(s - 2\right) \right)} + \left(a_{30} s + a_{32}\right) \left(4 s \left(a_{25} + a_{3} s \operatorname{asin}{\left(\operatorname{asin}{\left(\tanh{\left(s \right)} \right)} \right)} + a_{6} \sqrt{s + \operatorname{asin}{\left(s \right)}} + 4 s \left(a_{16} + s\right) \left(a_{12} \sqrt{1 - s^{2}} + a_{23} s \tanh{\left(\sin{\left(4 s \right)} \right)} + a_{26}\right)\right) + \left(a_{9} + 2 s\right) \left(a_{14} \sin{\left(a_{29} s \right)} + a_{19} \sqrt{s} + a_{7}\right) - \tanh{\left(\operatorname{asin}{\left(\operatorname{sech}{\left(a_{31} s \right)} \right)} \right)}\right)$,$x(s) = a_{1} \operatorname{asin}{\left(\cos{\left(a_{10} + \operatorname{acos}{\left(s \right)} \right)} \right)} + a_{15} \tanh{\left(\left(a_{28} + a_{5} s\right) \sin{\left(a_{38} s \right)} \right)} + a_{17} \cos{\left(a_{36} s \right)} + a_{2} \sin{\left(\cos{\left(a_{11} + a_{27} s \right)} \right)} + a_{21} \cos{\left(a_{33} s \right)} + a_{22} \sin{\left(s \left(a_{0} + \operatorname{acos}{\left(s \right)}\right) \right)} + a_{24} \sin{\left(a_{35} s \right)} + a_{8} \sin{\left(a_{34} s \right)} + \left(a_{13} + a_{18} s\right) \cos{\left(a_{20} + \left(a_{37} + a_{4} s\right) \left(s - 2\right) \right)} + \left(a_{30} s + a_{32}\right) \left(4 s \left(a_{25} + a_{3} s \operatorname{asin}{\left(\operatorname{asin}{\left(\tanh{\left(s \right)} \right)} \right)} + a_{6} \sqrt{s + \operatorname{asin}{\left(s \right)}} + 4 s \left(a_{16} + s\right) \left(a_{12} \sqrt{1 - s^{2}} + a_{23} s \tanh{\left(\sin{\left(4 s \right)} \right)} + a_{26}\right)\right) + \left(a_{9} + 2 s\right) \left(a_{14} \sin{\left(a_{29} s \right)} + a_{19} \sqrt{s} + a_{7}\right) - \tanh{\left(\operatorname{asin}{\left(\operatorname{sech}{\left(a_{31} s \right)} \right)} \right)}\right)$,$y(s) = a_{1} \operatorname{asin}{\left(\cos{\left(a_{7} + \operatorname{acos}{\left(s \right)} \right)} \right)} + a_{10} \cos{\left(a_{28} s \right)} + a_{11} \cos{\left(a_{31} s \right)} + a_{12} \sin{\left(a_{29} s \right)} + a_{13} \sin{\left(a_{30} s \right)} + a_{24} \sin{\left(\cos{\left(a_{19} + a_{22} s \right)} \right)} + a_{27} + a_{9} \sin{\left(s \left(a_{0} + \operatorname{acos}{\left(s \right)}\right) \right)} + \left(a_{20} + a_{26} s\right) \left(4 s \left(a_{17} + a_{18} s \left(a_{16} + s\right) \left(a_{14} s \tanh{\left(\sin{\left(4 s \right)} \right)} + a_{21} + a_{8} \sqrt{1 - s^{2}}\right) + a_{2} s \operatorname{asin}{\left(\operatorname{asin}{\left(\tanh{\left(s \right)} \right)} \right)} + a_{3} \sqrt{\sqrt{s} + \operatorname{asin}{\left(s \right)}}\right) + \left(a_{4} + 4 s\right) \left(a_{15} \sin{\left(a_{23} s \right)} + a_{5} + a_{6} \sqrt{s}\right) - \tanh{\left(\operatorname{asin}{\left(\operatorname{sech}{\left(a_{25} s \right)} \right)} \right)}\right)$,37,False,False
77,event68156_track311-hits,49,147,39,32,39,110,5,0.20587228237054964,1.9136552039320909,1.557594821176037,279.3936597740853,228.96643871287745,7.551179993894197,1.6124397092456157,1.5439554622571863,$y(s) = a_{1} \sin{\left(\cos{\left(a_{27} s + a_{7} \right)} \right)} + a_{12} \cos{\left(a_{36} s \right)} + a_{14} \cos{\left(a_{31} s \right)} + a_{20} \sin{\left(s \left(a_{0} + \operatorname{acos}{\left(s \right)}\right) \right)} + a_{23} \sin{\left(a_{34} s \right)} + a_{33} \operatorname{acos}{\left(\cos{\left(a_{8} + \operatorname{acos}{\left(s \right)} \right)} \right)} + a_{6} \sin{\left(a_{35} s \right)} - \left(a_{19} + a_{9} s\right) \cos{\left(a_{5} + \left(s - 2\right) \left(a_{3} s + a_{37}\right) \right)} + \left(a_{13} s + a_{16}\right) \tanh{\left(64 s - 64 \sin{\left(a_{38} s \right)} \right)} + \left(a_{30} s + a_{32}\right) \left(4 s \left(a_{2} s \operatorname{asin}{\left(\operatorname{acos}{\left(\operatorname{sech}{\left(s \right)} \right)} \right)} + a_{25} + a_{26} s \left(a_{22} + s\right) \left(a_{11} \sqrt{1 - s^{2}} + a_{15} s \tanh{\left(\sin{\left(4 s \right)} \right)} + a_{24}\right) + a_{4} \sqrt{s + \operatorname{asin}{\left(s \right)}}\right) - \left(a_{21} s - 1\right) \left(a_{10} \sin{\left(a_{28} s \right)} + a_{17} + \sqrt{s} \left(a_{18} + s\right)\right) - \tanh{\left(\operatorname{asin}{\left(\operatorname{sech}{\left(a_{29} s \right)} \right)} \right)}\right)$,$y(s) = a_{1} \operatorname{asin}{\left(\cos{\left(a_{7} + \operatorname{acos}{\left(s \right)} \right)} \right)} + a_{10} \cos{\left(a_{28} s \right)} + a_{11} \cos{\left(a_{31} s \right)} + a_{12} \sin{\left(a_{29} s \right)} + a_{13} \sin{\left(a_{30} s \right)} + a_{24} \sin{\left(\cos{\left(a_{19} + a_{22} s \right)} \right)} + a_{27} + a_{9} \sin{\left(s \left(a_{0} + \operatorname{acos}{\left(s \right)}\right) \right)} + \left(a_{20} + a_{26} s\right) \left(4 s \left(a_{17} + a_{18} s \left(a_{16} + s\right) \left(a_{14} s \tanh{\left(\sin{\left(4 s \right)} \right)} + a_{21} + a_{8} \sqrt{1 - s^{2}}\right) + a_{2} s \operatorname{asin}{\left(\operatorname{asin}{\left(\tanh{\left(s \right)} \right)} \right)} + a_{3} \sqrt{\sqrt{s} + \operatorname{asin}{\left(s \right)}}\right) + \left(a_{4} + 4 s\right) \left(a_{15} \sin{\left(a_{23} s \right)} + a_{5} + a_{6} \sqrt{s}\right) - \tanh{\left(\operatorname{asin}{\left(\operatorname{sech}{\left(a_{25} s \right)} \right)} \right)}\right)$,$x(s) = a_{1} \operatorname{asin}{\left(\cos{\left(a_{10} + \operatorname{acos}{\left(s \right)} \right)} \right)} + a_{15} \tanh{\left(\left(a_{28} + a_{5} s\right) \sin{\left(a_{38} s \right)} \right)} + a_{17} \cos{\left(a_{36} s \right)} + a_{2} \sin{\left(\cos{\left(a_{11} + a_{27} s \right)} \right)} + a_{21} \cos{\left(a_{33} s \right)} + a_{22} \sin{\left(s \left(a_{0} + \operatorname{acos}{\left(s \right)}\right) \right)} + a_{24} \sin{\left(a_{35} s \right)} + a_{8} \sin{\left(a_{34} s \right)} + \left(a_{13} + a_{18} s\right) \cos{\left(a_{20} + \left(a_{37} + a_{4} s\right) \left(s - 2\right) \right)} + \left(a_{30} s + a_{32}\right) \left(4 s \left(a_{25} + a_{3} s \operatorname{asin}{\left(\operatorname{asin}{\left(\tanh{\left(s \right)} \right)} \right)} + a_{6} \sqrt{s + \operatorname{asin}{\left(s \right)}} + 4 s \left(a_{16} + s\right) \left(a_{12} \sqrt{1 - s^{2}} + a_{23} s \tanh{\left(\sin{\left(4 s \right)} \right)} + a_{26}\right)\right) + \left(a_{9} + 2 s\right) \left(a_{14} \sin{\left(a_{29} s \right)} + a_{19} \sqrt{s} + a_{7}\right) - \tanh{\left(\operatorname{asin}{\left(\operatorname{sech}{\left(a_{31} s \right)} \right)} \right)}\right)$,37,False,False
78,event68239_track103-hits,21,63,16,16,16,48,5,13.36811228100653,2.7097725837645002e-06,4.238727010948681e-12,0.000168005900193399,2.670398016897669e-10,1.12003933462266e-05,4.604134511892533e-12,14.704504749104299,$x(s) = a_{13} + \left(- s - \sin{\left(\sin{\left(\sin{\left(a_{6} + s \right)} \right)} \right)}\right) \left(a_{1} \operatorname{acos}{\left(s \right)} + a_{14} + \left(a_{0} + a_{12} \left(a_{2} - 32 s\right) \left(- \sin{\left(4 \cos{\left(s \right)} \right)} + \operatorname{sech}{\left(s \right)}\right) + a_{12} \tanh{\left(8 s \right)} + a_{15} \sqrt{1 - \cos^{2}{\left(s \right)}} + a_{3} s \left(2 s - \tanh{\left(4 s \right)}\right) \left(s - \cos{\left(a_{11} s \right)} + 2\right) + a_{4} \left(32 \operatorname{asin}{\left(s \right)} + 64\right) \left(a_{5} + s \left(a_{10} + a_{9} s \left(a_{7} + s\right) \operatorname{acos}{\left(s \right)}\right) + s + \operatorname{sech}{\left(s \right)}\right)\right) \operatorname{acos}{\left(\operatorname{sech}{\left(\cos{\left(a_{8} + s \right)} \right)} \right)}\right)$,$x(s) = a_{13} + \left(- s - \sin{\left(\sin{\left(\sin{\left(a_{6} + s \right)} \right)} \right)}\right) \left(a_{1} \operatorname{acos}{\left(s \right)} + a_{14} + \left(a_{0} + a_{12} \left(a_{2} - 32 s\right) \left(- \sin{\left(4 \cos{\left(s \right)} \right)} + \operatorname{sech}{\left(s \right)}\right) + a_{12} \tanh{\left(8 s \right)} + a_{15} \sqrt{1 - \cos^{2}{\left(s \right)}} + a_{3} s \left(2 s - \tanh{\left(4 s \right)}\right) \left(s - \cos{\left(a_{11} s \right)} + 2\right) + a_{4} \left(32 \operatorname{asin}{\left(s \right)} + 64\right) \left(a_{5} + s \left(a_{10} + a_{9} s \left(a_{7} + s\right) \operatorname{acos}{\left(s \right)}\right) + s + \operatorname{sech}{\left(s \right)}\right)\right) \operatorname{acos}{\left(\operatorname{sech}{\left(\cos{\left(a_{8} + s \right)} \right)} \right)}\right)$,$x(s) = a_{13} + \left(- s - \sin{\left(\sin{\left(\sin{\left(a_{6} + s \right)} \right)} \right)}\right) \left(a_{1} \operatorname{acos}{\left(s \right)} + a_{14} + \left(a_{0} + a_{12} \left(a_{2} - 32 s\right) \left(- \sin{\left(4 \cos{\left(s \right)} \right)} + \operatorname{sech}{\left(s \right)}\right) + a_{12} \tanh{\left(8 s \right)} + a_{15} \sqrt{1 - \cos^{2}{\left(s \right)}} + a_{3} s \left(2 s - \tanh{\left(4 s \right)}\right) \left(s - \cos{\left(a_{11} s \right)} + 2\right) + a_{4} \left(32 \operatorname{asin}{\left(s \right)} + 64\right) \left(a_{5} + s \left(a_{10} + a_{9} s \left(a_{7} + s\right) \operatorname{acos}{\left(s \right)}\right) + s + \operatorname{sech}{\left(s \right)}\right)\right) \operatorname{acos}{\left(\operatorname{sech}{\left(\cos{\left(a_{8} + s \right)} \right)} \right)}\right)$,15,False,False
79,event68268_track350-hits,47,141,32,42,32,106,5,1.7813005394791501,0.24897337220862964,0.0419318387195938,34.85627210920815,5.912389259462726,0.9958934888345186,0.043473450437225926,3.1314898959569244,$y(s) = a_{1} \operatorname{asin}{\left(\cos{\left(a_{7} + \operatorname{acos}{\left(s \right)} \right)} \right)} + a_{10} \cos{\left(a_{28} s \right)} + a_{11} \cos{\left(a_{31} s \right)} + a_{12} \sin{\left(a_{29} s \right)} + a_{13} \sin{\left(a_{30} s \right)} + a_{24} \sin{\left(\cos{\left(a_{19} + a_{22} s \right)} \right)} + a_{27} + a_{9} \sin{\left(s \left(a_{0} + \operatorname{acos}{\left(s \right)}\right) \right)} + \left(a_{20} + a_{26} s\right) \left(4 s \left(a_{17} + a_{18} s \left(a_{16} + s\right) \left(a_{14} s \tanh{\left(\sin{\left(4 s \right)} \right)} + a_{21} + a_{8} \sqrt{1 - s^{2}}\right) + a_{2} s \operatorname{asin}{\left(\operatorname{asin}{\left(\tanh{\left(s \right)} \right)} \right)} + a_{3} \sqrt{\sqrt{s} + \operatorname{asin}{\left(s \right)}}\right) + \left(a_{4} + 4 s\right) \left(a_{15} \sin{\left(a_{23} s \right)} + a_{5} + a_{6} \sqrt{s}\right) - \tanh{\left(\operatorname{asin}{\left(\operatorname{sech}{\left(a_{25} s \right)} \right)} \right)}\right)$,$z(s) = a_{1} \operatorname{asin}{\left(\cos{\left(a_{10} + \operatorname{acos}{\left(s \right)} \right)} \right)} + a_{19} \cos{\left(a_{39} s \right)} + a_{2} \sin{\left(\cos{\left(a_{11} + a_{30} s \right)} \right)} + a_{24} \cos{\left(a_{36} s \right)} + a_{25} \sin{\left(s \left(a_{0} + \operatorname{acos}{\left(s \right)}\right) \right)} + a_{26} \sin{\left(a_{38} s \right)} + a_{8} \sin{\left(a_{37} s \right)} + \left(a_{13} + a_{20} s\right) \cos{\left(a_{22} + \left(s - 2\right) \left(a_{4} s + a_{40}\right) \right)} + \left(a_{17} s + a_{18}\right) \tanh{\left(\left(a_{15} - \sin{\left(a_{41} s \right)}\right) \left(a_{32} + a_{5} s\right) \right)} + \left(a_{34} s + a_{35}\right) \left(4 s \left(a_{28} + a_{29} s \left(a_{16} + s\right) \left(a_{12} \sqrt{1 - s^{2}} + a_{23} s \tanh{\left(\sin{\left(4 s \right)} \right)} + a_{27}\right) + a_{3} s \operatorname{asin}{\left(\operatorname{asin}{\left(\tanh{\left(s \right)} \right)} \right)} + a_{6} \sqrt{s + \operatorname{asin}{\left(s \right)}}\right) + \left(a_{9} + 2 s\right) \left(a_{14} \sin{\left(a_{31} s \right)} + a_{21} \sqrt{s} + a_{7}\right) - \tanh{\left(\operatorname{asin}{\left(\operatorname{sech}{\left(a_{33} s \right)} \right)} \right)}\right)$,$y(s) = a_{1} \operatorname{asin}{\left(\cos{\left(a_{7} + \operatorname{acos}{\left(s \right)} \right)} \right)} + a_{10} \cos{\left(a_{28} s \right)} + a_{11} \cos{\left(a_{31} s \right)} + a_{12} \sin{\left(a_{29} s \right)} + a_{13} \sin{\left(a_{30} s \right)} + a_{24} \sin{\left(\cos{\left(a_{19} + a_{22} s \right)} \right)} + a_{27} + a_{9} \sin{\left(s \left(a_{0} + \operatorname{acos}{\left(s \right)}\right) \right)} + \left(a_{20} + a_{26} s\right) \left(4 s \left(a_{17} + a_{18} s \left(a_{16} + s\right) \left(a_{14} s \tanh{\left(\sin{\left(4 s \right)} \right)} + a_{21} + a_{8} \sqrt{1 - s^{2}}\right) + a_{2} s \operatorname{asin}{\left(\operatorname{asin}{\left(\tanh{\left(s \right)} \right)} \right)} + a_{3} \sqrt{\sqrt{s} + \operatorname{asin}{\left(s \right)}}\right) + \left(a_{4} + 4 s\right) \left(a_{15} \sin{\left(a_{23} s \right)} + a_{5} + a_{6} \sqrt{s}\right) - \tanh{\left(\operatorname{asin}{\left(\operatorname{sech}{\left(a_{25} s \right)} \right)} \right)}\right)$,35,False,False
80,event68278_track166-hits,50,150,39,39,39,117,5,0.20210002062815624,321.3129016778198,262.51688382655743,47875.62234999515,39377.53257398361,1450.7764348483379,271.5691901654042,1.6756372134314537,$x(s) = a_{1} \operatorname{asin}{\left(\cos{\left(a_{10} + \operatorname{acos}{\left(s \right)} \right)} \right)} + a_{15} \tanh{\left(\left(a_{28} + a_{5} s\right) \sin{\left(a_{38} s \right)} \right)} + a_{17} \cos{\left(a_{36} s \right)} + a_{2} \sin{\left(\cos{\left(a_{11} + a_{27} s \right)} \right)} + a_{21} \cos{\left(a_{33} s \right)} + a_{22} \sin{\left(s \left(a_{0} + \operatorname{acos}{\left(s \right)}\right) \right)} + a_{24} \sin{\left(a_{35} s \right)} + a_{8} \sin{\left(a_{34} s \right)} + \left(a_{13} + a_{18} s\right) \cos{\left(a_{20} + \left(a_{37} + a_{4} s\right) \left(s - 2\right) \right)} + \left(a_{30} s + a_{32}\right) \left(4 s \left(a_{25} + a_{3} s \operatorname{asin}{\left(\operatorname{asin}{\left(\tanh{\left(s \right)} \right)} \right)} + a_{6} \sqrt{s + \operatorname{asin}{\left(s \right)}} + 4 s \left(a_{16} + s\right) \left(a_{12} \sqrt{1 - s^{2}} + a_{23} s \tanh{\left(\sin{\left(4 s \right)} \right)} + a_{26}\right)\right) + \left(a_{9} + 2 s\right) \left(a_{14} \sin{\left(a_{29} s \right)} + a_{19} \sqrt{s} + a_{7}\right) - \tanh{\left(\operatorname{asin}{\left(\operatorname{sech}{\left(a_{31} s \right)} \right)} \right)}\right)$,$y(s) = a_{1} \sin{\left(\cos{\left(a_{27} s + a_{7} \right)} \right)} + a_{12} \cos{\left(a_{36} s \right)} + a_{14} \cos{\left(a_{31} s \right)} + a_{20} \sin{\left(s \left(a_{0} + \operatorname{acos}{\left(s \right)}\right) \right)} + a_{23} \sin{\left(a_{34} s \right)} + a_{33} \operatorname{acos}{\left(\cos{\left(a_{8} + \operatorname{acos}{\left(s \right)} \right)} \right)} + a_{6} \sin{\left(a_{35} s \right)} - \left(a_{19} + a_{9} s\right) \cos{\left(a_{5} + \left(s - 2\right) \left(a_{3} s + a_{37}\right) \right)} + \left(a_{13} s + a_{16}\right) \tanh{\left(64 s - 64 \sin{\left(a_{38} s \right)} \right)} + \left(a_{30} s + a_{32}\right) \left(4 s \left(a_{2} s \operatorname{asin}{\left(\operatorname{acos}{\left(\operatorname{sech}{\left(s \right)} \right)} \right)} + a_{25} + a_{26} s \left(a_{22} + s\right) \left(a_{11} \sqrt{1 - s^{2}} + a_{15} s \tanh{\left(\sin{\left(4 s \right)} \right)} + a_{24}\right) + a_{4} \sqrt{s + \operatorname{asin}{\left(s \right)}}\right) - \left(a_{21} s - 1\right) \left(a_{10} \sin{\left(a_{28} s \right)} + a_{17} + \sqrt{s} \left(a_{18} + s\right)\right) - \tanh{\left(\operatorname{asin}{\left(\operatorname{sech}{\left(a_{29} s \right)} \right)} \right)}\right)$,$x(s) = a_{1} \operatorname{asin}{\left(\cos{\left(a_{10} + \operatorname{acos}{\left(s \right)} \right)} \right)} + a_{15} \tanh{\left(\left(a_{28} + a_{5} s\right) \sin{\left(a_{38} s \right)} \right)} + a_{17} \cos{\left(a_{36} s \right)} + a_{2} \sin{\left(\cos{\left(a_{11} + a_{27} s \right)} \right)} + a_{21} \cos{\left(a_{33} s \right)} + a_{22} \sin{\left(s \left(a_{0} + \operatorname{acos}{\left(s \right)}\right) \right)} + a_{24} \sin{\left(a_{35} s \right)} + a_{8} \sin{\left(a_{34} s \right)} + \left(a_{13} + a_{18} s\right) \cos{\left(a_{20} + \left(a_{37} + a_{4} s\right) \left(s - 2\right) \right)} + \left(a_{30} s + a_{32}\right) \left(4 s \left(a_{25} + a_{3} s \operatorname{asin}{\left(\operatorname{asin}{\left(\tanh{\left(s \right)} \right)} \right)} + a_{6} \sqrt{s + \operatorname{asin}{\left(s \right)}} + 4 s \left(a_{16} + s\right) \left(a_{12} \sqrt{1 - s^{2}} + a_{23} s \tanh{\left(\sin{\left(4 s \right)} \right)} + a_{26}\right)\right) + \left(a_{9} + 2 s\right) \left(a_{14} \sin{\left(a_{29} s \right)} + a_{19} \sqrt{s} + a_{7}\right) - \tanh{\left(\operatorname{asin}{\left(\operatorname{sech}{\left(a_{31} s \right)} \right)} \right)}\right)$,33,False,False
81,event68282_track279-hits,50,150,39,39,42,120,5,1.2008408734062939,11.522197539231572,3.467502250672948,1716.8074333455043,520.1253376009422,57.226914444850145,3.5870712937996014,2.7696882460139163,$x(s) = a_{1} \operatorname{asin}{\left(\cos{\left(a_{10} + \operatorname{acos}{\left(s \right)} \right)} \right)} + a_{15} \tanh{\left(\left(a_{28} + a_{5} s\right) \sin{\left(a_{38} s \right)} \right)} + a_{17} \cos{\left(a_{36} s \right)} + a_{2} \sin{\left(\cos{\left(a_{11} + a_{27} s \right)} \right)} + a_{21} \cos{\left(a_{33} s \right)} + a_{22} \sin{\left(s \left(a_{0} + \operatorname{acos}{\left(s \right)}\right) \right)} + a_{24} \sin{\left(a_{35} s \right)} + a_{8} \sin{\left(a_{34} s \right)} + \left(a_{13} + a_{18} s\right) \cos{\left(a_{20} + \left(a_{37} + a_{4} s\right) \left(s - 2\right) \right)} + \left(a_{30} s + a_{32}\right) \left(4 s \left(a_{25} + a_{3} s \operatorname{asin}{\left(\operatorname{asin}{\left(\tanh{\left(s \right)} \right)} \right)} + a_{6} \sqrt{s + \operatorname{asin}{\left(s \right)}} + 4 s \left(a_{16} + s\right) \left(a_{12} \sqrt{1 - s^{2}} + a_{23} s \tanh{\left(\sin{\left(4 s \right)} \right)} + a_{26}\right)\right) + \left(a_{9} + 2 s\right) \left(a_{14} \sin{\left(a_{29} s \right)} + a_{19} \sqrt{s} + a_{7}\right) - \tanh{\left(\operatorname{asin}{\left(\operatorname{sech}{\left(a_{31} s \right)} \right)} \right)}\right)$,$x(s) = a_{1} \operatorname{asin}{\left(\cos{\left(a_{10} + \operatorname{acos}{\left(s \right)} \right)} \right)} + a_{15} \tanh{\left(\left(a_{28} + a_{5} s\right) \sin{\left(a_{38} s \right)} \right)} + a_{17} \cos{\left(a_{36} s \right)} + a_{2} \sin{\left(\cos{\left(a_{11} + a_{27} s \right)} \right)} + a_{21} \cos{\left(a_{33} s \right)} + a_{22} \sin{\left(s \left(a_{0} + \operatorname{acos}{\left(s \right)}\right) \right)} + a_{24} \sin{\left(a_{35} s \right)} + a_{8} \sin{\left(a_{34} s \right)} + \left(a_{13} + a_{18} s\right) \cos{\left(a_{20} + \left(a_{37} + a_{4} s\right) \left(s - 2\right) \right)} + \left(a_{30} s + a_{32}\right) \left(4 s \left(a_{25} + a_{3} s \operatorname{asin}{\left(\operatorname{asin}{\left(\tanh{\left(s \right)} \right)} \right)} + a_{6} \sqrt{s + \operatorname{asin}{\left(s \right)}} + 4 s \left(a_{16} + s\right) \left(a_{12} \sqrt{1 - s^{2}} + a_{23} s \tanh{\left(\sin{\left(4 s \right)} \right)} + a_{26}\right)\right) + \left(a_{9} + 2 s\right) \left(a_{14} \sin{\left(a_{29} s \right)} + a_{19} \sqrt{s} + a_{7}\right) - \tanh{\left(\operatorname{asin}{\left(\operatorname{sech}{\left(a_{31} s \right)} \right)} \right)}\right)$,$z(s) = a_{1} \operatorname{asin}{\left(\cos{\left(a_{10} + \operatorname{acos}{\left(s \right)} \right)} \right)} + a_{19} \cos{\left(a_{39} s \right)} + a_{2} \sin{\left(\cos{\left(a_{11} + a_{30} s \right)} \right)} + a_{24} \cos{\left(a_{36} s \right)} + a_{25} \sin{\left(s \left(a_{0} + \operatorname{acos}{\left(s \right)}\right) \right)} + a_{26} \sin{\left(a_{38} s \right)} + a_{8} \sin{\left(a_{37} s \right)} + \left(a_{13} + a_{20} s\right) \cos{\left(a_{22} + \left(s - 2\right) \left(a_{4} s + a_{40}\right) \right)} + \left(a_{17} s + a_{18}\right) \tanh{\left(\left(a_{15} - \sin{\left(a_{41} s \right)}\right) \left(a_{32} + a_{5} s\right) \right)} + \left(a_{34} s + a_{35}\right) \left(4 s \left(a_{28} + a_{29} s \left(a_{16} + s\right) \left(a_{12} \sqrt{1 - s^{2}} + a_{23} s \tanh{\left(\sin{\left(4 s \right)} \right)} + a_{27}\right) + a_{3} s \operatorname{asin}{\left(\operatorname{asin}{\left(\tanh{\left(s \right)} \right)} \right)} + a_{6} \sqrt{s + \operatorname{asin}{\left(s \right)}}\right) + \left(a_{9} + 2 s\right) \left(a_{14} \sin{\left(a_{31} s \right)} + a_{21} \sqrt{s} + a_{7}\right) - \tanh{\left(\operatorname{asin}{\left(\operatorname{sech}{\left(a_{33} s \right)} \right)} \right)}\right)$,30,False,False
82,event68292_track244-hits,50,150,39,32,39,110,5,0.8218519095635097,0.1083913251450572,0.047650644222940956,16.15030744661352,7.147596633441143,0.403757686165338,0.04929376988580099,2.103017209719351,$y(s) = a_{1} \sin{\left(\cos{\left(a_{27} s + a_{7} \right)} \right)} + a_{12} \cos{\left(a_{36} s \right)} + a_{14} \cos{\left(a_{31} s \right)} + a_{20} \sin{\left(s \left(a_{0} + \operatorname{acos}{\left(s \right)}\right) \right)} + a_{23} \sin{\left(a_{34} s \right)} + a_{33} \operatorname{acos}{\left(\cos{\left(a_{8} + \operatorname{acos}{\left(s \right)} \right)} \right)} + a_{6} \sin{\left(a_{35} s \right)} - \left(a_{19} + a_{9} s\right) \cos{\left(a_{5} + \left(s - 2\right) \left(a_{3} s + a_{37}\right) \right)} + \left(a_{13} s + a_{16}\right) \tanh{\left(64 s - 64 \sin{\left(a_{38} s \right)} \right)} + \left(a_{30} s + a_{32}\right) \left(4 s \left(a_{2} s \operatorname{asin}{\left(\operatorname{acos}{\left(\operatorname{sech}{\left(s \right)} \right)} \right)} + a_{25} + a_{26} s \left(a_{22} + s\right) \left(a_{11} \sqrt{1 - s^{2}} + a_{15} s \tanh{\left(\sin{\left(4 s \right)} \right)} + a_{24}\right) + a_{4} \sqrt{s + \operatorname{asin}{\left(s \right)}}\right) - \left(a_{21} s - 1\right) \left(a_{10} \sin{\left(a_{28} s \right)} + a_{17} + \sqrt{s} \left(a_{18} + s\right)\right) - \tanh{\left(\operatorname{asin}{\left(\operatorname{sech}{\left(a_{29} s \right)} \right)} \right)}\right)$,$y(s) = a_{1} \operatorname{asin}{\left(\cos{\left(a_{7} + \operatorname{acos}{\left(s \right)} \right)} \right)} + a_{10} \cos{\left(a_{28} s \right)} + a_{11} \cos{\left(a_{31} s \right)} + a_{12} \sin{\left(a_{29} s \right)} + a_{13} \sin{\left(a_{30} s \right)} + a_{24} \sin{\left(\cos{\left(a_{19} + a_{22} s \right)} \right)} + a_{27} + a_{9} \sin{\left(s \left(a_{0} + \operatorname{acos}{\left(s \right)}\right) \right)} + \left(a_{20} + a_{26} s\right) \left(4 s \left(a_{17} + a_{18} s \left(a_{16} + s\right) \left(a_{14} s \tanh{\left(\sin{\left(4 s \right)} \right)} + a_{21} + a_{8} \sqrt{1 - s^{2}}\right) + a_{2} s \operatorname{asin}{\left(\operatorname{asin}{\left(\tanh{\left(s \right)} \right)} \right)} + a_{3} \sqrt{\sqrt{s} + \operatorname{asin}{\left(s \right)}}\right) + \left(a_{4} + 4 s\right) \left(a_{15} \sin{\left(a_{23} s \right)} + a_{5} + a_{6} \sqrt{s}\right) - \tanh{\left(\operatorname{asin}{\left(\operatorname{sech}{\left(a_{25} s \right)} \right)} \right)}\right)$,$x(s) = a_{1} \operatorname{asin}{\left(\cos{\left(a_{10} + \operatorname{acos}{\left(s \right)} \right)} \right)} + a_{15} \tanh{\left(\left(a_{28} + a_{5} s\right) \sin{\left(a_{38} s \right)} \right)} + a_{17} \cos{\left(a_{36} s \right)} + a_{2} \sin{\left(\cos{\left(a_{11} + a_{27} s \right)} \right)} + a_{21} \cos{\left(a_{33} s \right)} + a_{22} \sin{\left(s \left(a_{0} + \operatorname{acos}{\left(s \right)}\right) \right)} + a_{24} \sin{\left(a_{35} s \right)} + a_{8} \sin{\left(a_{34} s \right)} + \left(a_{13} + a_{18} s\right) \cos{\left(a_{20} + \left(a_{37} + a_{4} s\right) \left(s - 2\right) \right)} + \left(a_{30} s + a_{32}\right) \left(4 s \left(a_{25} + a_{3} s \operatorname{asin}{\left(\operatorname{asin}{\left(\tanh{\left(s \right)} \right)} \right)} + a_{6} \sqrt{s + \operatorname{asin}{\left(s \right)}} + 4 s \left(a_{16} + s\right) \left(a_{12} \sqrt{1 - s^{2}} + a_{23} s \tanh{\left(\sin{\left(4 s \right)} \right)} + a_{26}\right)\right) + \left(a_{9} + 2 s\right) \left(a_{14} \sin{\left(a_{29} s \right)} + a_{19} \sqrt{s} + a_{7}\right) - \tanh{\left(\operatorname{asin}{\left(\operatorname{sech}{\left(a_{31} s \right)} \right)} \right)}\right)$,40,False,False
83,event68406_track140-hits,50,150,39,39,39,117,5,1.0285180500159419,3.830122742938554,1.369408370788329,570.6882886978445,205.41125561824936,17.293584505995288,1.4166293490913748,2.5020552428192393,$x(s) = a_{1} \operatorname{asin}{\left(\cos{\left(a_{10} + \operatorname{acos}{\left(s \right)} \right)} \right)} + a_{15} \tanh{\left(\left(a_{28} + a_{5} s\right) \sin{\left(a_{38} s \right)} \right)} + a_{17} \cos{\left(a_{36} s \right)} + a_{2} \sin{\left(\cos{\left(a_{11} + a_{27} s \right)} \right)} + a_{21} \cos{\left(a_{33} s \right)} + a_{22} \sin{\left(s \left(a_{0} + \operatorname{acos}{\left(s \right)}\right) \right)} + a_{24} \sin{\left(a_{35} s \right)} + a_{8} \sin{\left(a_{34} s \right)} + \left(a_{13} + a_{18} s\right) \cos{\left(a_{20} + \left(a_{37} + a_{4} s\right) \left(s - 2\right) \right)} + \left(a_{30} s + a_{32}\right) \left(4 s \left(a_{25} + a_{3} s \operatorname{asin}{\left(\operatorname{asin}{\left(\tanh{\left(s \right)} \right)} \right)} + a_{6} \sqrt{s + \operatorname{asin}{\left(s \right)}} + 4 s \left(a_{16} + s\right) \left(a_{12} \sqrt{1 - s^{2}} + a_{23} s \tanh{\left(\sin{\left(4 s \right)} \right)} + a_{26}\right)\right) + \left(a_{9} + 2 s\right) \left(a_{14} \sin{\left(a_{29} s \right)} + a_{19} \sqrt{s} + a_{7}\right) - \tanh{\left(\operatorname{asin}{\left(\operatorname{sech}{\left(a_{31} s \right)} \right)} \right)}\right)$,$y(s) = a_{1} \sin{\left(\cos{\left(a_{27} s + a_{7} \right)} \right)} + a_{12} \cos{\left(a_{36} s \right)} + a_{14} \cos{\left(a_{31} s \right)} + a_{20} \sin{\left(s \left(a_{0} + \operatorname{acos}{\left(s \right)}\right) \right)} + a_{23} \sin{\left(a_{34} s \right)} + a_{33} \operatorname{acos}{\left(\cos{\left(a_{8} + \operatorname{acos}{\left(s \right)} \right)} \right)} + a_{6} \sin{\left(a_{35} s \right)} - \left(a_{19} + a_{9} s\right) \cos{\left(a_{5} + \left(s - 2\right) \left(a_{3} s + a_{37}\right) \right)} + \left(a_{13} s + a_{16}\right) \tanh{\left(64 s - 64 \sin{\left(a_{38} s \right)} \right)} + \left(a_{30} s + a_{32}\right) \left(4 s \left(a_{2} s \operatorname{asin}{\left(\operatorname{acos}{\left(\operatorname{sech}{\left(s \right)} \right)} \right)} + a_{25} + a_{26} s \left(a_{22} + s\right) \left(a_{11} \sqrt{1 - s^{2}} + a_{15} s \tanh{\left(\sin{\left(4 s \right)} \right)} + a_{24}\right) + a_{4} \sqrt{s + \operatorname{asin}{\left(s \right)}}\right) - \left(a_{21} s - 1\right) \left(a_{10} \sin{\left(a_{28} s \right)} + a_{17} + \sqrt{s} \left(a_{18} + s\right)\right) - \tanh{\left(\operatorname{asin}{\left(\operatorname{sech}{\left(a_{29} s \right)} \right)} \right)}\right)$,$y(s) = a_{1} \sin{\left(\cos{\left(a_{27} s + a_{7} \right)} \right)} + a_{12} \cos{\left(a_{36} s \right)} + a_{14} \cos{\left(a_{31} s \right)} + a_{20} \sin{\left(s \left(a_{0} + \operatorname{acos}{\left(s \right)}\right) \right)} + a_{23} \sin{\left(a_{34} s \right)} + a_{33} \operatorname{acos}{\left(\cos{\left(a_{8} + \operatorname{acos}{\left(s \right)} \right)} \right)} + a_{6} \sin{\left(a_{35} s \right)} - \left(a_{19} + a_{9} s\right) \cos{\left(a_{5} + \left(s - 2\right) \left(a_{3} s + a_{37}\right) \right)} + \left(a_{13} s + a_{16}\right) \tanh{\left(64 s - 64 \sin{\left(a_{38} s \right)} \right)} + \left(a_{30} s + a_{32}\right) \left(4 s \left(a_{2} s \operatorname{asin}{\left(\operatorname{acos}{\left(\operatorname{sech}{\left(s \right)} \right)} \right)} + a_{25} + a_{26} s \left(a_{22} + s\right) \left(a_{11} \sqrt{1 - s^{2}} + a_{15} s \tanh{\left(\sin{\left(4 s \right)} \right)} + a_{24}\right) + a_{4} \sqrt{s + \operatorname{asin}{\left(s \right)}}\right) - \left(a_{21} s - 1\right) \left(a_{10} \sin{\left(a_{28} s \right)} + a_{17} + \sqrt{s} \left(a_{18} + s\right)\right) - \tanh{\left(\operatorname{asin}{\left(\operatorname{sech}{\left(a_{29} s \right)} \right)} \right)}\right)$,33,False,False
84,event68504_track85-hits,43,129,39,39,32,110,5,-2.1844431814410337,3.3635760719245065,29.88772606329422,430.5377372063368,3855.5166621649546,22.659880905596676,31.092876307781893,-0.31638273544449225,$x(s) = a_{1} \operatorname{asin}{\left(\cos{\left(a_{10} + \operatorname{acos}{\left(s \right)} \right)} \right)} + a_{15} \tanh{\left(\left(a_{28} + a_{5} s\right) \sin{\left(a_{38} s \right)} \right)} + a_{17} \cos{\left(a_{36} s \right)} + a_{2} \sin{\left(\cos{\left(a_{11} + a_{27} s \right)} \right)} + a_{21} \cos{\left(a_{33} s \right)} + a_{22} \sin{\left(s \left(a_{0} + \operatorname{acos}{\left(s \right)}\right) \right)} + a_{24} \sin{\left(a_{35} s \right)} + a_{8} \sin{\left(a_{34} s \right)} + \left(a_{13} + a_{18} s\right) \cos{\left(a_{20} + \left(a_{37} + a_{4} s\right) \left(s - 2\right) \right)} + \left(a_{30} s + a_{32}\right) \left(4 s \left(a_{25} + a_{3} s \operatorname{asin}{\left(\operatorname{asin}{\left(\tanh{\left(s \right)} \right)} \right)} + a_{6} \sqrt{s + \operatorname{asin}{\left(s \right)}} + 4 s \left(a_{16} + s\right) \left(a_{12} \sqrt{1 - s^{2}} + a_{23} s \tanh{\left(\sin{\left(4 s \right)} \right)} + a_{26}\right)\right) + \left(a_{9} + 2 s\right) \left(a_{14} \sin{\left(a_{29} s \right)} + a_{19} \sqrt{s} + a_{7}\right) - \tanh{\left(\operatorname{asin}{\left(\operatorname{sech}{\left(a_{31} s \right)} \right)} \right)}\right)$,$y(s) = a_{1} \sin{\left(\cos{\left(a_{27} s + a_{7} \right)} \right)} + a_{12} \cos{\left(a_{36} s \right)} + a_{14} \cos{\left(a_{31} s \right)} + a_{20} \sin{\left(s \left(a_{0} + \operatorname{acos}{\left(s \right)}\right) \right)} + a_{23} \sin{\left(a_{34} s \right)} + a_{33} \operatorname{acos}{\left(\cos{\left(a_{8} + \operatorname{acos}{\left(s \right)} \right)} \right)} + a_{6} \sin{\left(a_{35} s \right)} - \left(a_{19} + a_{9} s\right) \cos{\left(a_{5} + \left(s - 2\right) \left(a_{3} s + a_{37}\right) \right)} + \left(a_{13} s + a_{16}\right) \tanh{\left(64 s - 64 \sin{\left(a_{38} s \right)} \right)} + \left(a_{30} s + a_{32}\right) \left(4 s \left(a_{2} s \operatorname{asin}{\left(\operatorname{acos}{\left(\operatorname{sech}{\left(s \right)} \right)} \right)} + a_{25} + a_{26} s \left(a_{22} + s\right) \left(a_{11} \sqrt{1 - s^{2}} + a_{15} s \tanh{\left(\sin{\left(4 s \right)} \right)} + a_{24}\right) + a_{4} \sqrt{s + \operatorname{asin}{\left(s \right)}}\right) - \left(a_{21} s - 1\right) \left(a_{10} \sin{\left(a_{28} s \right)} + a_{17} + \sqrt{s} \left(a_{18} + s\right)\right) - \tanh{\left(\operatorname{asin}{\left(\operatorname{sech}{\left(a_{29} s \right)} \right)} \right)}\right)$,$y(s) = a_{1} \operatorname{asin}{\left(\cos{\left(a_{6} + \operatorname{acos}{\left(s \right)} \right)} \right)} + a_{10} \cos{\left(a_{31} s \right)} + a_{11} \sin{\left(a_{30} s \right)} + a_{12} \sin{\left(s \left(a_{0} + \operatorname{acos}{\left(s \right)}\right) \right)} + a_{13} \sin{\left(a_{29} s \right)} + a_{24} \sin{\left(\cos{\left(a_{18} + a_{22} s \right)} \right)} + a_{27} + a_{9} \cos{\left(a_{28} s \right)} + \left(a_{20} + a_{26} s\right) \left(4 s \left(a_{17} + a_{19} s \left(a_{15} + s\right) \left(a_{16} s \tanh{\left(\sin{\left(4 s \right)} \right)} + a_{21} + a_{7} \sqrt{1 - s^{2}}\right) + a_{2} s \operatorname{asin}{\left(\operatorname{asin}{\left(\tanh{\left(s \right)} \right)} \right)} + a_{3} \sqrt{\sqrt{s} + \operatorname{asin}{\left(s \right)}}\right) + \left(a_{4} + 4 s\right) \left(a_{14} \sqrt{s} + a_{5} + a_{8} \sin{\left(a_{23} s \right)}\right) - \tanh{\left(\operatorname{asin}{\left(\operatorname{sech}{\left(a_{25} s \right)} \right)} \right)}\right)$,19,False,False
85,event68510_track373-hits,50,150,16,32,39,87,5,1.2441910956847309,0.053030095182928415,0.01528189035396364,7.9014841822563335,2.292283553094546,0.12542038384533863,0.015808852090307215,2.071101123562976,$x(s) = a_{13} + \left(- s - \sin{\left(\sin{\left(\sin{\left(a_{6} + s \right)} \right)} \right)}\right) \left(a_{1} \operatorname{acos}{\left(s \right)} + a_{14} + \left(a_{0} + a_{12} \left(a_{2} - 32 s\right) \left(- \sin{\left(4 \cos{\left(s \right)} \right)} + \operatorname{sech}{\left(s \right)}\right) + a_{12} \tanh{\left(8 s \right)} + a_{15} \sqrt{1 - \cos^{2}{\left(s \right)}} + a_{3} s \left(2 s - \tanh{\left(4 s \right)}\right) \left(s - \cos{\left(a_{11} s \right)} + 2\right) + a_{4} \left(32 \operatorname{asin}{\left(s \right)} + 64\right) \left(a_{5} + s \left(a_{10} + a_{9} s \left(a_{7} + s\right) \operatorname{acos}{\left(s \right)}\right) + s + \operatorname{sech}{\left(s \right)}\right)\right) \operatorname{acos}{\left(\operatorname{sech}{\left(\cos{\left(a_{8} + s \right)} \right)} \right)}\right)$,$y(s) = a_{1} \operatorname{asin}{\left(\cos{\left(a_{7} + \operatorname{acos}{\left(s \right)} \right)} \right)} + a_{10} \cos{\left(a_{28} s \right)} + a_{11} \cos{\left(a_{31} s \right)} + a_{12} \sin{\left(a_{29} s \right)} + a_{13} \sin{\left(a_{30} s \right)} + a_{24} \sin{\left(\cos{\left(a_{19} + a_{22} s \right)} \right)} + a_{27} + a_{9} \sin{\left(s \left(a_{0} + \operatorname{acos}{\left(s \right)}\right) \right)} + \left(a_{20} + a_{26} s\right) \left(4 s \left(a_{17} + a_{18} s \left(a_{16} + s\right) \left(a_{14} s \tanh{\left(\sin{\left(4 s \right)} \right)} + a_{21} + a_{8} \sqrt{1 - s^{2}}\right) + a_{2} s \operatorname{asin}{\left(\operatorname{asin}{\left(\tanh{\left(s \right)} \right)} \right)} + a_{3} \sqrt{\sqrt{s} + \operatorname{asin}{\left(s \right)}}\right) + \left(a_{4} + 4 s\right) \left(a_{15} \sin{\left(a_{23} s \right)} + a_{5} + a_{6} \sqrt{s}\right) - \tanh{\left(\operatorname{asin}{\left(\operatorname{sech}{\left(a_{25} s \right)} \right)} \right)}\right)$,$y(s) = a_{1} \sin{\left(\cos{\left(a_{27} s + a_{7} \right)} \right)} + a_{12} \cos{\left(a_{36} s \right)} + a_{14} \cos{\left(a_{31} s \right)} + a_{20} \sin{\left(s \left(a_{0} + \operatorname{acos}{\left(s \right)}\right) \right)} + a_{23} \sin{\left(a_{34} s \right)} + a_{33} \operatorname{acos}{\left(\cos{\left(a_{8} + \operatorname{acos}{\left(s \right)} \right)} \right)} + a_{6} \sin{\left(a_{35} s \right)} - \left(a_{19} + a_{9} s\right) \cos{\left(a_{5} + \left(s - 2\right) \left(a_{3} s + a_{37}\right) \right)} + \left(a_{13} s + a_{16}\right) \tanh{\left(64 s - 64 \sin{\left(a_{38} s \right)} \right)} + \left(a_{30} s + a_{32}\right) \left(4 s \left(a_{2} s \operatorname{asin}{\left(\operatorname{acos}{\left(\operatorname{sech}{\left(s \right)} \right)} \right)} + a_{25} + a_{26} s \left(a_{22} + s\right) \left(a_{11} \sqrt{1 - s^{2}} + a_{15} s \tanh{\left(\sin{\left(4 s \right)} \right)} + a_{24}\right) + a_{4} \sqrt{s + \operatorname{asin}{\left(s \right)}}\right) - \left(a_{21} s - 1\right) \left(a_{10} \sin{\left(a_{28} s \right)} + a_{17} + \sqrt{s} \left(a_{18} + s\right)\right) - \tanh{\left(\operatorname{asin}{\left(\operatorname{sech}{\left(a_{29} s \right)} \right)} \right)}\right)$,63,False,False
86,event68548_track256-hits,50,150,32,42,32,106,5,1.5339049543112206,0.2657965878286486,0.05733013229493131,39.60369158646864,8.599519844239696,0.9000838996924692,0.05930703340854963,2.7197600746627373,$y(s) = a_{1} \operatorname{asin}{\left(\cos{\left(a_{6} + \operatorname{acos}{\left(s \right)} \right)} \right)} + a_{10} \cos{\left(a_{31} s \right)} + a_{11} \sin{\left(a_{30} s \right)} + a_{12} \sin{\left(s \left(a_{0} + \operatorname{acos}{\left(s \right)}\right) \right)} + a_{13} \sin{\left(a_{29} s \right)} + a_{24} \sin{\left(\cos{\left(a_{18} + a_{22} s \right)} \right)} + a_{27} + a_{9} \cos{\left(a_{28} s \right)} + \left(a_{20} + a_{26} s\right) \left(4 s \left(a_{17} + a_{19} s \left(a_{15} + s\right) \left(a_{16} s \tanh{\left(\sin{\left(4 s \right)} \right)} + a_{21} + a_{7} \sqrt{1 - s^{2}}\right) + a_{2} s \operatorname{asin}{\left(\operatorname{asin}{\left(\tanh{\left(s \right)} \right)} \right)} + a_{3} \sqrt{\sqrt{s} + \operatorname{asin}{\left(s \right)}}\right) + \left(a_{4} + 4 s\right) \left(a_{14} \sqrt{s} + a_{5} + a_{8} \sin{\left(a_{23} s \right)}\right) - \tanh{\left(\operatorname{asin}{\left(\operatorname{sech}{\left(a_{25} s \right)} \right)} \right)}\right)$,$z(s) = a_{1} \operatorname{asin}{\left(\cos{\left(a_{10} + \operatorname{acos}{\left(s \right)} \right)} \right)} + a_{19} \cos{\left(a_{39} s \right)} + a_{2} \sin{\left(\cos{\left(a_{11} + a_{30} s \right)} \right)} + a_{24} \cos{\left(a_{36} s \right)} + a_{25} \sin{\left(s \left(a_{0} + \operatorname{acos}{\left(s \right)}\right) \right)} + a_{26} \sin{\left(a_{38} s \right)} + a_{8} \sin{\left(a_{37} s \right)} + \left(a_{13} + a_{20} s\right) \cos{\left(a_{22} + \left(s - 2\right) \left(a_{4} s + a_{40}\right) \right)} + \left(a_{17} s + a_{18}\right) \tanh{\left(\left(a_{15} - \sin{\left(a_{41} s \right)}\right) \left(a_{32} + a_{5} s\right) \right)} + \left(a_{34} s + a_{35}\right) \left(4 s \left(a_{28} + a_{29} s \left(a_{16} + s\right) \left(a_{12} \sqrt{1 - s^{2}} + a_{23} s \tanh{\left(\sin{\left(4 s \right)} \right)} + a_{27}\right) + a_{3} s \operatorname{asin}{\left(\operatorname{asin}{\left(\tanh{\left(s \right)} \right)} \right)} + a_{6} \sqrt{s + \operatorname{asin}{\left(s \right)}}\right) + \left(a_{9} + 2 s\right) \left(a_{14} \sin{\left(a_{31} s \right)} + a_{21} \sqrt{s} + a_{7}\right) - \tanh{\left(\operatorname{asin}{\left(\operatorname{sech}{\left(a_{33} s \right)} \right)} \right)}\right)$,$y(s) = a_{1} \operatorname{asin}{\left(\cos{\left(a_{7} + \operatorname{acos}{\left(s \right)} \right)} \right)} + a_{10} \cos{\left(a_{28} s \right)} + a_{11} \cos{\left(a_{31} s \right)} + a_{12} \sin{\left(a_{29} s \right)} + a_{13} \sin{\left(a_{30} s \right)} + a_{24} \sin{\left(\cos{\left(a_{19} + a_{22} s \right)} \right)} + a_{27} + a_{9} \sin{\left(s \left(a_{0} + \operatorname{acos}{\left(s \right)}\right) \right)} + \left(a_{20} + a_{26} s\right) \left(4 s \left(a_{17} + a_{18} s \left(a_{16} + s\right) \left(a_{14} s \tanh{\left(\sin{\left(4 s \right)} \right)} + a_{21} + a_{8} \sqrt{1 - s^{2}}\right) + a_{2} s \operatorname{asin}{\left(\operatorname{asin}{\left(\tanh{\left(s \right)} \right)} \right)} + a_{3} \sqrt{\sqrt{s} + \operatorname{asin}{\left(s \right)}}\right) + \left(a_{4} + 4 s\right) \left(a_{15} \sin{\left(a_{23} s \right)} + a_{5} + a_{6} \sqrt{s}\right) - \tanh{\left(\operatorname{asin}{\left(\operatorname{sech}{\left(a_{25} s \right)} \right)} \right)}\right)$,44,False,False
87,event68569_track40-hits,50,150,39,32,39,110,5,0.5040932651586171,3.9348533299106707,2.376860128186064,586.2931461566899,356.5290192279096,14.657328653917247,2.4588208222614454,1.7852585653144586,$x(s) = a_{1} \operatorname{asin}{\left(\cos{\left(a_{10} + \operatorname{acos}{\left(s \right)} \right)} \right)} + a_{15} \tanh{\left(\left(a_{28} + a_{5} s\right) \sin{\left(a_{38} s \right)} \right)} + a_{17} \cos{\left(a_{36} s \right)} + a_{2} \sin{\left(\cos{\left(a_{11} + a_{27} s \right)} \right)} + a_{21} \cos{\left(a_{33} s \right)} + a_{22} \sin{\left(s \left(a_{0} + \operatorname{acos}{\left(s \right)}\right) \right)} + a_{24} \sin{\left(a_{35} s \right)} + a_{8} \sin{\left(a_{34} s \right)} + \left(a_{13} + a_{18} s\right) \cos{\left(a_{20} + \left(a_{37} + a_{4} s\right) \left(s - 2\right) \right)} + \left(a_{30} s + a_{32}\right) \left(4 s \left(a_{25} + a_{3} s \operatorname{asin}{\left(\operatorname{asin}{\left(\tanh{\left(s \right)} \right)} \right)} + a_{6} \sqrt{s + \operatorname{asin}{\left(s \right)}} + 4 s \left(a_{16} + s\right) \left(a_{12} \sqrt{1 - s^{2}} + a_{23} s \tanh{\left(\sin{\left(4 s \right)} \right)} + a_{26}\right)\right) + \left(a_{9} + 2 s\right) \left(a_{14} \sin{\left(a_{29} s \right)} + a_{19} \sqrt{s} + a_{7}\right) - \tanh{\left(\operatorname{asin}{\left(\operatorname{sech}{\left(a_{31} s \right)} \right)} \right)}\right)$,$y(s) = a_{1} \operatorname{asin}{\left(\cos{\left(a_{7} + \operatorname{acos}{\left(s \right)} \right)} \right)} + a_{10} \cos{\left(a_{28} s \right)} + a_{11} \cos{\left(a_{31} s \right)} + a_{12} \sin{\left(a_{29} s \right)} + a_{13} \sin{\left(a_{30} s \right)} + a_{24} \sin{\left(\cos{\left(a_{19} + a_{22} s \right)} \right)} + a_{27} + a_{9} \sin{\left(s \left(a_{0} + \operatorname{acos}{\left(s \right)}\right) \right)} + \left(a_{20} + a_{26} s\right) \left(4 s \left(a_{17} + a_{18} s \left(a_{16} + s\right) \left(a_{14} s \tanh{\left(\sin{\left(4 s \right)} \right)} + a_{21} + a_{8} \sqrt{1 - s^{2}}\right) + a_{2} s \operatorname{asin}{\left(\operatorname{asin}{\left(\tanh{\left(s \right)} \right)} \right)} + a_{3} \sqrt{\sqrt{s} + \operatorname{asin}{\left(s \right)}}\right) + \left(a_{4} + 4 s\right) \left(a_{15} \sin{\left(a_{23} s \right)} + a_{5} + a_{6} \sqrt{s}\right) - \tanh{\left(\operatorname{asin}{\left(\operatorname{sech}{\left(a_{25} s \right)} \right)} \right)}\right)$,$x(s) = a_{1} \operatorname{asin}{\left(\cos{\left(a_{10} + \operatorname{acos}{\left(s \right)} \right)} \right)} + a_{15} \tanh{\left(\left(a_{28} + a_{5} s\right) \sin{\left(a_{38} s \right)} \right)} + a_{17} \cos{\left(a_{36} s \right)} + a_{2} \sin{\left(\cos{\left(a_{11} + a_{27} s \right)} \right)} + a_{21} \cos{\left(a_{33} s \right)} + a_{22} \sin{\left(s \left(a_{0} + \operatorname{acos}{\left(s \right)}\right) \right)} + a_{24} \sin{\left(a_{35} s \right)} + a_{8} \sin{\left(a_{34} s \right)} + \left(a_{13} + a_{18} s\right) \cos{\left(a_{20} + \left(a_{37} + a_{4} s\right) \left(s - 2\right) \right)} + \left(a_{30} s + a_{32}\right) \left(4 s \left(a_{25} + a_{3} s \operatorname{asin}{\left(\operatorname{asin}{\left(\tanh{\left(s \right)} \right)} \right)} + a_{6} \sqrt{s + \operatorname{asin}{\left(s \right)}} + 4 s \left(a_{16} + s\right) \left(a_{12} \sqrt{1 - s^{2}} + a_{23} s \tanh{\left(\sin{\left(4 s \right)} \right)} + a_{26}\right)\right) + \left(a_{9} + 2 s\right) \left(a_{14} \sin{\left(a_{29} s \right)} + a_{19} \sqrt{s} + a_{7}\right) - \tanh{\left(\operatorname{asin}{\left(\operatorname{sech}{\left(a_{31} s \right)} \right)} \right)}\right)$,40,False,False
88,event68595_track168-hits,50,150,39,39,39,117,5,-0.2207116998232358,2.7746365894162697,3.459871603883418,413.4208518230242,518.9807405825127,12.527904600697703,3.5791775212587082,1.2528254929800617,$y(s) = a_{1} \sin{\left(\cos{\left(a_{27} s + a_{7} \right)} \right)} + a_{12} \cos{\left(a_{36} s \right)} + a_{14} \cos{\left(a_{31} s \right)} + a_{20} \sin{\left(s \left(a_{0} + \operatorname{acos}{\left(s \right)}\right) \right)} + a_{23} \sin{\left(a_{34} s \right)} + a_{33} \operatorname{acos}{\left(\cos{\left(a_{8} + \operatorname{acos}{\left(s \right)} \right)} \right)} + a_{6} \sin{\left(a_{35} s \right)} - \left(a_{19} + a_{9} s\right) \cos{\left(a_{5} + \left(s - 2\right) \left(a_{3} s + a_{37}\right) \right)} + \left(a_{13} s + a_{16}\right) \tanh{\left(64 s - 64 \sin{\left(a_{38} s \right)} \right)} + \left(a_{30} s + a_{32}\right) \left(4 s \left(a_{2} s \operatorname{asin}{\left(\operatorname{acos}{\left(\operatorname{sech}{\left(s \right)} \right)} \right)} + a_{25} + a_{26} s \left(a_{22} + s\right) \left(a_{11} \sqrt{1 - s^{2}} + a_{15} s \tanh{\left(\sin{\left(4 s \right)} \right)} + a_{24}\right) + a_{4} \sqrt{s + \operatorname{asin}{\left(s \right)}}\right) - \left(a_{21} s - 1\right) \left(a_{10} \sin{\left(a_{28} s \right)} + a_{17} + \sqrt{s} \left(a_{18} + s\right)\right) - \tanh{\left(\operatorname{asin}{\left(\operatorname{sech}{\left(a_{29} s \right)} \right)} \right)}\right)$,$x(s) = a_{1} \operatorname{asin}{\left(\cos{\left(a_{10} + \operatorname{acos}{\left(s \right)} \right)} \right)} + a_{15} \tanh{\left(\left(a_{28} + a_{5} s\right) \sin{\left(a_{38} s \right)} \right)} + a_{17} \cos{\left(a_{36} s \right)} + a_{2} \sin{\left(\cos{\left(a_{11} + a_{27} s \right)} \right)} + a_{21} \cos{\left(a_{33} s \right)} + a_{22} \sin{\left(s \left(a_{0} + \operatorname{acos}{\left(s \right)}\right) \right)} + a_{24} \sin{\left(a_{35} s \right)} + a_{8} \sin{\left(a_{34} s \right)} + \left(a_{13} + a_{18} s\right) \cos{\left(a_{20} + \left(a_{37} + a_{4} s\right) \left(s - 2\right) \right)} + \left(a_{30} s + a_{32}\right) \left(4 s \left(a_{25} + a_{3} s \operatorname{asin}{\left(\operatorname{asin}{\left(\tanh{\left(s \right)} \right)} \right)} + a_{6} \sqrt{s + \operatorname{asin}{\left(s \right)}} + 4 s \left(a_{16} + s\right) \left(a_{12} \sqrt{1 - s^{2}} + a_{23} s \tanh{\left(\sin{\left(4 s \right)} \right)} + a_{26}\right)\right) + \left(a_{9} + 2 s\right) \left(a_{14} \sin{\left(a_{29} s \right)} + a_{19} \sqrt{s} + a_{7}\right) - \tanh{\left(\operatorname{asin}{\left(\operatorname{sech}{\left(a_{31} s \right)} \right)} \right)}\right)$,$x(s) = a_{1} \operatorname{asin}{\left(\cos{\left(a_{10} + \operatorname{acos}{\left(s \right)} \right)} \right)} + a_{15} \tanh{\left(\left(a_{28} + a_{5} s\right) \sin{\left(a_{38} s \right)} \right)} + a_{17} \cos{\left(a_{36} s \right)} + a_{2} \sin{\left(\cos{\left(a_{11} + a_{27} s \right)} \right)} + a_{21} \cos{\left(a_{33} s \right)} + a_{22} \sin{\left(s \left(a_{0} + \operatorname{acos}{\left(s \right)}\right) \right)} + a_{24} \sin{\left(a_{35} s \right)} + a_{8} \sin{\left(a_{34} s \right)} + \left(a_{13} + a_{18} s\right) \cos{\left(a_{20} + \left(a_{37} + a_{4} s\right) \left(s - 2\right) \right)} + \left(a_{30} s + a_{32}\right) \left(4 s \left(a_{25} + a_{3} s \operatorname{asin}{\left(\operatorname{asin}{\left(\tanh{\left(s \right)} \right)} \right)} + a_{6} \sqrt{s + \operatorname{asin}{\left(s \right)}} + 4 s \left(a_{16} + s\right) \left(a_{12} \sqrt{1 - s^{2}} + a_{23} s \tanh{\left(\sin{\left(4 s \right)} \right)} + a_{26}\right)\right) + \left(a_{9} + 2 s\right) \left(a_{14} \sin{\left(a_{29} s \right)} + a_{19} \sqrt{s} + a_{7}\right) - \tanh{\left(\operatorname{asin}{\left(\operatorname{sech}{\left(a_{31} s \right)} \right)} \right)}\right)$,33,False,False
89,event68603_track165-hits,21,63,16,16,16,48,5,12.623304883496923,1.9796499961299697e-06,6.521639060005368e-12,0.00012273829976005811,4.108632607803382e-10,8.182553317337207e-06,7.083849323798935e-12,13.959697351594691,$x(s) = a_{13} + \left(- s - \sin{\left(\sin{\left(\sin{\left(a_{6} + s \right)} \right)} \right)}\right) \left(a_{1} \operatorname{acos}{\left(s \right)} + a_{14} + \left(a_{0} + a_{12} \left(a_{2} - 32 s\right) \left(- \sin{\left(4 \cos{\left(s \right)} \right)} + \operatorname{sech}{\left(s \right)}\right) + a_{12} \tanh{\left(8 s \right)} + a_{15} \sqrt{1 - \cos^{2}{\left(s \right)}} + a_{3} s \left(2 s - \tanh{\left(4 s \right)}\right) \left(s - \cos{\left(a_{11} s \right)} + 2\right) + a_{4} \left(32 \operatorname{asin}{\left(s \right)} + 64\right) \left(a_{5} + s \left(a_{10} + a_{9} s \left(a_{7} + s\right) \operatorname{acos}{\left(s \right)}\right) + s + \operatorname{sech}{\left(s \right)}\right)\right) \operatorname{acos}{\left(\operatorname{sech}{\left(\cos{\left(a_{8} + s \right)} \right)} \right)}\right)$,$x(s) = a_{13} + \left(- s - \sin{\left(\sin{\left(\sin{\left(a_{6} + s \right)} \right)} \right)}\right) \left(a_{1} \operatorname{acos}{\left(s \right)} + a_{14} + \left(a_{0} + a_{12} \left(a_{2} - 32 s\right) \left(- \sin{\left(4 \cos{\left(s \right)} \right)} + \operatorname{sech}{\left(s \right)}\right) + a_{12} \tanh{\left(8 s \right)} + a_{15} \sqrt{1 - \cos^{2}{\left(s \right)}} + a_{3} s \left(2 s - \tanh{\left(4 s \right)}\right) \left(s - \cos{\left(a_{11} s \right)} + 2\right) + a_{4} \left(32 \operatorname{asin}{\left(s \right)} + 64\right) \left(a_{5} + s \left(a_{10} + a_{9} s \left(a_{7} + s\right) \operatorname{acos}{\left(s \right)}\right) + s + \operatorname{sech}{\left(s \right)}\right)\right) \operatorname{acos}{\left(\operatorname{sech}{\left(\cos{\left(a_{8} + s \right)} \right)} \right)}\right)$,$x(s) = a_{13} + \left(- s - \sin{\left(\sin{\left(\sin{\left(a_{6} + s \right)} \right)} \right)}\right) \left(a_{1} \operatorname{acos}{\left(s \right)} + a_{14} + \left(a_{0} + a_{12} \left(a_{2} - 32 s\right) \left(- \sin{\left(4 \cos{\left(s \right)} \right)} + \operatorname{sech}{\left(s \right)}\right) + a_{12} \tanh{\left(8 s \right)} + a_{15} \sqrt{1 - \cos^{2}{\left(s \right)}} + a_{3} s \left(2 s - \tanh{\left(4 s \right)}\right) \left(s - \cos{\left(a_{11} s \right)} + 2\right) + a_{4} \left(32 \operatorname{asin}{\left(s \right)} + 64\right) \left(a_{5} + s \left(a_{10} + a_{9} s \left(a_{7} + s\right) \operatorname{acos}{\left(s \right)}\right) + s + \operatorname{sech}{\left(s \right)}\right)\right) \operatorname{acos}{\left(\operatorname{sech}{\left(\cos{\left(a_{8} + s \right)} \right)} \right)}\right)$,15,False,False
90,event68605_track87-hits,50,150,39,39,39,117,5,1.9182987687098094,0.7040323076926799,0.10339178167376246,104.9008138462093,15.50876725106437,3.178812540794221,0.10695701552458187,3.391835961513107,$y(s) = a_{1} \sin{\left(\cos{\left(a_{27} s + a_{7} \right)} \right)} + a_{12} \cos{\left(a_{36} s \right)} + a_{14} \cos{\left(a_{31} s \right)} + a_{20} \sin{\left(s \left(a_{0} + \operatorname{acos}{\left(s \right)}\right) \right)} + a_{23} \sin{\left(a_{34} s \right)} + a_{33} \operatorname{acos}{\left(\cos{\left(a_{8} + \operatorname{acos}{\left(s \right)} \right)} \right)} + a_{6} \sin{\left(a_{35} s \right)} - \left(a_{19} + a_{9} s\right) \cos{\left(a_{5} + \left(s - 2\right) \left(a_{3} s + a_{37}\right) \right)} + \left(a_{13} s + a_{16}\right) \tanh{\left(64 s - 64 \sin{\left(a_{38} s \right)} \right)} + \left(a_{30} s + a_{32}\right) \left(4 s \left(a_{2} s \operatorname{asin}{\left(\operatorname{acos}{\left(\operatorname{sech}{\left(s \right)} \right)} \right)} + a_{25} + a_{26} s \left(a_{22} + s\right) \left(a_{11} \sqrt{1 - s^{2}} + a_{15} s \tanh{\left(\sin{\left(4 s \right)} \right)} + a_{24}\right) + a_{4} \sqrt{s + \operatorname{asin}{\left(s \right)}}\right) - \left(a_{21} s - 1\right) \left(a_{10} \sin{\left(a_{28} s \right)} + a_{17} + \sqrt{s} \left(a_{18} + s\right)\right) - \tanh{\left(\operatorname{asin}{\left(\operatorname{sech}{\left(a_{29} s \right)} \right)} \right)}\right)$,$x(s) = a_{1} \operatorname{asin}{\left(\cos{\left(a_{10} + \operatorname{acos}{\left(s \right)} \right)} \right)} + a_{15} \tanh{\left(\left(a_{28} + a_{5} s\right) \sin{\left(a_{38} s \right)} \right)} + a_{17} \cos{\left(a_{36} s \right)} + a_{2} \sin{\left(\cos{\left(a_{11} + a_{27} s \right)} \right)} + a_{21} \cos{\left(a_{33} s \right)} + a_{22} \sin{\left(s \left(a_{0} + \operatorname{acos}{\left(s \right)}\right) \right)} + a_{24} \sin{\left(a_{35} s \right)} + a_{8} \sin{\left(a_{34} s \right)} + \left(a_{13} + a_{18} s\right) \cos{\left(a_{20} + \left(a_{37} + a_{4} s\right) \left(s - 2\right) \right)} + \left(a_{30} s + a_{32}\right) \left(4 s \left(a_{25} + a_{3} s \operatorname{asin}{\left(\operatorname{asin}{\left(\tanh{\left(s \right)} \right)} \right)} + a_{6} \sqrt{s + \operatorname{asin}{\left(s \right)}} + 4 s \left(a_{16} + s\right) \left(a_{12} \sqrt{1 - s^{2}} + a_{23} s \tanh{\left(\sin{\left(4 s \right)} \right)} + a_{26}\right)\right) + \left(a_{9} + 2 s\right) \left(a_{14} \sin{\left(a_{29} s \right)} + a_{19} \sqrt{s} + a_{7}\right) - \tanh{\left(\operatorname{asin}{\left(\operatorname{sech}{\left(a_{31} s \right)} \right)} \right)}\right)$,$x(s) = a_{1} \operatorname{asin}{\left(\cos{\left(a_{10} + \operatorname{acos}{\left(s \right)} \right)} \right)} + a_{15} \tanh{\left(\left(a_{28} + a_{5} s\right) \sin{\left(a_{38} s \right)} \right)} + a_{17} \cos{\left(a_{36} s \right)} + a_{2} \sin{\left(\cos{\left(a_{11} + a_{27} s \right)} \right)} + a_{21} \cos{\left(a_{33} s \right)} + a_{22} \sin{\left(s \left(a_{0} + \operatorname{acos}{\left(s \right)}\right) \right)} + a_{24} \sin{\left(a_{35} s \right)} + a_{8} \sin{\left(a_{34} s \right)} + \left(a_{13} + a_{18} s\right) \cos{\left(a_{20} + \left(a_{37} + a_{4} s\right) \left(s - 2\right) \right)} + \left(a_{30} s + a_{32}\right) \left(4 s \left(a_{25} + a_{3} s \operatorname{asin}{\left(\operatorname{asin}{\left(\tanh{\left(s \right)} \right)} \right)} + a_{6} \sqrt{s + \operatorname{asin}{\left(s \right)}} + 4 s \left(a_{16} + s\right) \left(a_{12} \sqrt{1 - s^{2}} + a_{23} s \tanh{\left(\sin{\left(4 s \right)} \right)} + a_{26}\right)\right) + \left(a_{9} + 2 s\right) \left(a_{14} \sin{\left(a_{29} s \right)} + a_{19} \sqrt{s} + a_{7}\right) - \tanh{\left(\operatorname{asin}{\left(\operatorname{sech}{\left(a_{31} s \right)} \right)} \right)}\right)$,33,False,False
91,event68728_track228-hits,50,150,39,39,39,117,5,-0.4284557226726938,49.73056245747925,76.33071443304574,7409.8538061644085,11449.607164956862,224.5410244292245,78.96280803418526,1.0450814701306037,$x(s) = a_{1} \operatorname{asin}{\left(\cos{\left(a_{10} + \operatorname{acos}{\left(s \right)} \right)} \right)} + a_{15} \tanh{\left(\left(a_{28} + a_{5} s\right) \sin{\left(a_{38} s \right)} \right)} + a_{17} \cos{\left(a_{36} s \right)} + a_{2} \sin{\left(\cos{\left(a_{11} + a_{27} s \right)} \right)} + a_{21} \cos{\left(a_{33} s \right)} + a_{22} \sin{\left(s \left(a_{0} + \operatorname{acos}{\left(s \right)}\right) \right)} + a_{24} \sin{\left(a_{35} s \right)} + a_{8} \sin{\left(a_{34} s \right)} + \left(a_{13} + a_{18} s\right) \cos{\left(a_{20} + \left(a_{37} + a_{4} s\right) \left(s - 2\right) \right)} + \left(a_{30} s + a_{32}\right) \left(4 s \left(a_{25} + a_{3} s \operatorname{asin}{\left(\operatorname{asin}{\left(\tanh{\left(s \right)} \right)} \right)} + a_{6} \sqrt{s + \operatorname{asin}{\left(s \right)}} + 4 s \left(a_{16} + s\right) \left(a_{12} \sqrt{1 - s^{2}} + a_{23} s \tanh{\left(\sin{\left(4 s \right)} \right)} + a_{26}\right)\right) + \left(a_{9} + 2 s\right) \left(a_{14} \sin{\left(a_{29} s \right)} + a_{19} \sqrt{s} + a_{7}\right) - \tanh{\left(\operatorname{asin}{\left(\operatorname{sech}{\left(a_{31} s \right)} \right)} \right)}\right)$,$x(s) = a_{1} \operatorname{asin}{\left(\cos{\left(a_{10} + \operatorname{acos}{\left(s \right)} \right)} \right)} + a_{15} \tanh{\left(\left(a_{28} + a_{5} s\right) \sin{\left(a_{38} s \right)} \right)} + a_{17} \cos{\left(a_{36} s \right)} + a_{2} \sin{\left(\cos{\left(a_{11} + a_{27} s \right)} \right)} + a_{21} \cos{\left(a_{33} s \right)} + a_{22} \sin{\left(s \left(a_{0} + \operatorname{acos}{\left(s \right)}\right) \right)} + a_{24} \sin{\left(a_{35} s \right)} + a_{8} \sin{\left(a_{34} s \right)} + \left(a_{13} + a_{18} s\right) \cos{\left(a_{20} + \left(a_{37} + a_{4} s\right) \left(s - 2\right) \right)} + \left(a_{30} s + a_{32}\right) \left(4 s \left(a_{25} + a_{3} s \operatorname{asin}{\left(\operatorname{asin}{\left(\tanh{\left(s \right)} \right)} \right)} + a_{6} \sqrt{s + \operatorname{asin}{\left(s \right)}} + 4 s \left(a_{16} + s\right) \left(a_{12} \sqrt{1 - s^{2}} + a_{23} s \tanh{\left(\sin{\left(4 s \right)} \right)} + a_{26}\right)\right) + \left(a_{9} + 2 s\right) \left(a_{14} \sin{\left(a_{29} s \right)} + a_{19} \sqrt{s} + a_{7}\right) - \tanh{\left(\operatorname{asin}{\left(\operatorname{sech}{\left(a_{31} s \right)} \right)} \right)}\right)$,$x(s) = a_{1} \operatorname{asin}{\left(\cos{\left(a_{10} + \operatorname{acos}{\left(s \right)} \right)} \right)} + a_{15} \tanh{\left(\left(a_{28} + a_{5} s\right) \sin{\left(a_{38} s \right)} \right)} + a_{17} \cos{\left(a_{36} s \right)} + a_{2} \sin{\left(\cos{\left(a_{11} + a_{27} s \right)} \right)} + a_{21} \cos{\left(a_{33} s \right)} + a_{22} \sin{\left(s \left(a_{0} + \operatorname{acos}{\left(s \right)}\right) \right)} + a_{24} \sin{\left(a_{35} s \right)} + a_{8} \sin{\left(a_{34} s \right)} + \left(a_{13} + a_{18} s\right) \cos{\left(a_{20} + \left(a_{37} + a_{4} s\right) \left(s - 2\right) \right)} + \left(a_{30} s + a_{32}\right) \left(4 s \left(a_{25} + a_{3} s \operatorname{asin}{\left(\operatorname{asin}{\left(\tanh{\left(s \right)} \right)} \right)} + a_{6} \sqrt{s + \operatorname{asin}{\left(s \right)}} + 4 s \left(a_{16} + s\right) \left(a_{12} \sqrt{1 - s^{2}} + a_{23} s \tanh{\left(\sin{\left(4 s \right)} \right)} + a_{26}\right)\right) + \left(a_{9} + 2 s\right) \left(a_{14} \sin{\left(a_{29} s \right)} + a_{19} \sqrt{s} + a_{7}\right) - \tanh{\left(\operatorname{asin}{\left(\operatorname{sech}{\left(a_{31} s \right)} \right)} \right)}\right)$,33,False,False
92,event68865_track171-hits,22,66,16,16,3,35,5,5.838613880719756,4.7425276113032335e-09,1.3814401613413915e-11,3.082642947347102e-07,9.117505064853183e-10,9.944009507571296e-09,1.4946729614513417e-11,6.500233068277132,$x(s) = a_{13} + \left(- s - \sin{\left(\sin{\left(\sin{\left(a_{6} + s \right)} \right)} \right)}\right) \left(a_{1} \operatorname{acos}{\left(s \right)} + a_{14} + \left(a_{0} + a_{12} \left(a_{2} - 32 s\right) \left(- \sin{\left(4 \cos{\left(s \right)} \right)} + \operatorname{sech}{\left(s \right)}\right) + a_{12} \tanh{\left(8 s \right)} + a_{15} \sqrt{1 - \cos^{2}{\left(s \right)}} + a_{3} s \left(2 s - \tanh{\left(4 s \right)}\right) \left(s - \cos{\left(a_{11} s \right)} + 2\right) + a_{4} \left(32 \operatorname{asin}{\left(s \right)} + 64\right) \left(a_{5} + s \left(a_{10} + a_{9} s \left(a_{7} + s\right) \operatorname{acos}{\left(s \right)}\right) + s + \operatorname{sech}{\left(s \right)}\right)\right) \operatorname{acos}{\left(\operatorname{sech}{\left(\cos{\left(a_{8} + s \right)} \right)} \right)}\right)$,$x(s) = a_{13} + \left(- s - \sin{\left(\sin{\left(\sin{\left(a_{6} + s \right)} \right)} \right)}\right) \left(a_{1} \operatorname{acos}{\left(s \right)} + a_{14} + \left(a_{0} + a_{12} \left(a_{2} - 32 s\right) \left(- \sin{\left(4 \cos{\left(s \right)} \right)} + \operatorname{sech}{\left(s \right)}\right) + a_{12} \tanh{\left(8 s \right)} + a_{15} \sqrt{1 - \cos^{2}{\left(s \right)}} + a_{3} s \left(2 s - \tanh{\left(4 s \right)}\right) \left(s - \cos{\left(a_{11} s \right)} + 2\right) + a_{4} \left(32 \operatorname{asin}{\left(s \right)} + 64\right) \left(a_{5} + s \left(a_{10} + a_{9} s \left(a_{7} + s\right) \operatorname{acos}{\left(s \right)}\right) + s + \operatorname{sech}{\left(s \right)}\right)\right) \operatorname{acos}{\left(\operatorname{sech}{\left(\cos{\left(a_{8} + s \right)} \right)} \right)}\right)$,$x(s) = a_{0} + s \left(a_{1} + a_{2} s\right)$,31,False,False
93,event68870_track101-hits,48,144,39,39,39,117,5,0.7430583441155943,39.732073819470436,18.89883768772813,5681.686556184272,2721.4326270328506,210.4328354142323,19.57865199304209,2.3747267419258637,$y(s) = a_{1} \sin{\left(\cos{\left(a_{27} s + a_{7} \right)} \right)} + a_{12} \cos{\left(a_{36} s \right)} + a_{14} \cos{\left(a_{31} s \right)} + a_{20} \sin{\left(s \left(a_{0} + \operatorname{acos}{\left(s \right)}\right) \right)} + a_{23} \sin{\left(a_{34} s \right)} + a_{33} \operatorname{acos}{\left(\cos{\left(a_{8} + \operatorname{acos}{\left(s \right)} \right)} \right)} + a_{6} \sin{\left(a_{35} s \right)} - \left(a_{19} + a_{9} s\right) \cos{\left(a_{5} + \left(s - 2\right) \left(a_{3} s + a_{37}\right) \right)} + \left(a_{13} s + a_{16}\right) \tanh{\left(64 s - 64 \sin{\left(a_{38} s \right)} \right)} + \left(a_{30} s + a_{32}\right) \left(4 s \left(a_{2} s \operatorname{asin}{\left(\operatorname{acos}{\left(\operatorname{sech}{\left(s \right)} \right)} \right)} + a_{25} + a_{26} s \left(a_{22} + s\right) \left(a_{11} \sqrt{1 - s^{2}} + a_{15} s \tanh{\left(\sin{\left(4 s \right)} \right)} + a_{24}\right) + a_{4} \sqrt{s + \operatorname{asin}{\left(s \right)}}\right) - \left(a_{21} s - 1\right) \left(a_{10} \sin{\left(a_{28} s \right)} + a_{17} + \sqrt{s} \left(a_{18} + s\right)\right) - \tanh{\left(\operatorname{asin}{\left(\operatorname{sech}{\left(a_{29} s \right)} \right)} \right)}\right)$,$x(s) = a_{1} \operatorname{asin}{\left(\cos{\left(a_{10} + \operatorname{acos}{\left(s \right)} \right)} \right)} + a_{15} \tanh{\left(\left(a_{28} + a_{5} s\right) \sin{\left(a_{38} s \right)} \right)} + a_{17} \cos{\left(a_{36} s \right)} + a_{2} \sin{\left(\cos{\left(a_{11} + a_{27} s \right)} \right)} + a_{21} \cos{\left(a_{33} s \right)} + a_{22} \sin{\left(s \left(a_{0} + \operatorname{acos}{\left(s \right)}\right) \right)} + a_{24} \sin{\left(a_{35} s \right)} + a_{8} \sin{\left(a_{34} s \right)} + \left(a_{13} + a_{18} s\right) \cos{\left(a_{20} + \left(a_{37} + a_{4} s\right) \left(s - 2\right) \right)} + \left(a_{30} s + a_{32}\right) \left(4 s \left(a_{25} + a_{3} s \operatorname{asin}{\left(\operatorname{asin}{\left(\tanh{\left(s \right)} \right)} \right)} + a_{6} \sqrt{s + \operatorname{asin}{\left(s \right)}} + 4 s \left(a_{16} + s\right) \left(a_{12} \sqrt{1 - s^{2}} + a_{23} s \tanh{\left(\sin{\left(4 s \right)} \right)} + a_{26}\right)\right) + \left(a_{9} + 2 s\right) \left(a_{14} \sin{\left(a_{29} s \right)} + a_{19} \sqrt{s} + a_{7}\right) - \tanh{\left(\operatorname{asin}{\left(\operatorname{sech}{\left(a_{31} s \right)} \right)} \right)}\right)$,$x(s) = a_{1} \operatorname{asin}{\left(\cos{\left(a_{10} + \operatorname{acos}{\left(s \right)} \right)} \right)} + a_{15} \tanh{\left(\left(a_{28} + a_{5} s\right) \sin{\left(a_{38} s \right)} \right)} + a_{17} \cos{\left(a_{36} s \right)} + a_{2} \sin{\left(\cos{\left(a_{11} + a_{27} s \right)} \right)} + a_{21} \cos{\left(a_{33} s \right)} + a_{22} \sin{\left(s \left(a_{0} + \operatorname{acos}{\left(s \right)}\right) \right)} + a_{24} \sin{\left(a_{35} s \right)} + a_{8} \sin{\left(a_{34} s \right)} + \left(a_{13} + a_{18} s\right) \cos{\left(a_{20} + \left(a_{37} + a_{4} s\right) \left(s - 2\right) \right)} + \left(a_{30} s + a_{32}\right) \left(4 s \left(a_{25} + a_{3} s \operatorname{asin}{\left(\operatorname{asin}{\left(\tanh{\left(s \right)} \right)} \right)} + a_{6} \sqrt{s + \operatorname{asin}{\left(s \right)}} + 4 s \left(a_{16} + s\right) \left(a_{12} \sqrt{1 - s^{2}} + a_{23} s \tanh{\left(\sin{\left(4 s \right)} \right)} + a_{26}\right)\right) + \left(a_{9} + 2 s\right) \left(a_{14} \sin{\left(a_{29} s \right)} + a_{19} \sqrt{s} + a_{7}\right) - \tanh{\left(\operatorname{asin}{\left(\operatorname{sech}{\left(a_{31} s \right)} \right)} \right)}\right)$,27,False,False
94,event68878_track173-hits,47,141,39,39,42,120,5,1.9584094837418442,0.759826026089903,0.10719825926383246,106.37564365258642,15.114954556200377,5.065506840599353,0.11113937173676748,3.819424463985609,$y(s) = a_{1} \sin{\left(\cos{\left(a_{27} s + a_{7} \right)} \right)} + a_{12} \cos{\left(a_{36} s \right)} + a_{14} \cos{\left(a_{31} s \right)} + a_{20} \sin{\left(s \left(a_{0} + \operatorname{acos}{\left(s \right)}\right) \right)} + a_{23} \sin{\left(a_{34} s \right)} + a_{33} \operatorname{acos}{\left(\cos{\left(a_{8} + \operatorname{acos}{\left(s \right)} \right)} \right)} + a_{6} \sin{\left(a_{35} s \right)} - \left(a_{19} + a_{9} s\right) \cos{\left(a_{5} + \left(s - 2\right) \left(a_{3} s + a_{37}\right) \right)} + \left(a_{13} s + a_{16}\right) \tanh{\left(64 s - 64 \sin{\left(a_{38} s \right)} \right)} + \left(a_{30} s + a_{32}\right) \left(4 s \left(a_{2} s \operatorname{asin}{\left(\operatorname{acos}{\left(\operatorname{sech}{\left(s \right)} \right)} \right)} + a_{25} + a_{26} s \left(a_{22} + s\right) \left(a_{11} \sqrt{1 - s^{2}} + a_{15} s \tanh{\left(\sin{\left(4 s \right)} \right)} + a_{24}\right) + a_{4} \sqrt{s + \operatorname{asin}{\left(s \right)}}\right) - \left(a_{21} s - 1\right) \left(a_{10} \sin{\left(a_{28} s \right)} + a_{17} + \sqrt{s} \left(a_{18} + s\right)\right) - \tanh{\left(\operatorname{asin}{\left(\operatorname{sech}{\left(a_{29} s \right)} \right)} \right)}\right)$,$y(s) = a_{1} \sin{\left(\cos{\left(a_{27} s + a_{7} \right)} \right)} + a_{12} \cos{\left(a_{36} s \right)} + a_{14} \cos{\left(a_{31} s \right)} + a_{20} \sin{\left(s \left(a_{0} + \operatorname{acos}{\left(s \right)}\right) \right)} + a_{23} \sin{\left(a_{34} s \right)} + a_{33} \operatorname{acos}{\left(\cos{\left(a_{8} + \operatorname{acos}{\left(s \right)} \right)} \right)} + a_{6} \sin{\left(a_{35} s \right)} - \left(a_{19} + a_{9} s\right) \cos{\left(a_{5} + \left(s - 2\right) \left(a_{3} s + a_{37}\right) \right)} + \left(a_{13} s + a_{16}\right) \tanh{\left(64 s - 64 \sin{\left(a_{38} s \right)} \right)} + \left(a_{30} s + a_{32}\right) \left(4 s \left(a_{2} s \operatorname{asin}{\left(\operatorname{acos}{\left(\operatorname{sech}{\left(s \right)} \right)} \right)} + a_{25} + a_{26} s \left(a_{22} + s\right) \left(a_{11} \sqrt{1 - s^{2}} + a_{15} s \tanh{\left(\sin{\left(4 s \right)} \right)} + a_{24}\right) + a_{4} \sqrt{s + \operatorname{asin}{\left(s \right)}}\right) - \left(a_{21} s - 1\right) \left(a_{10} \sin{\left(a_{28} s \right)} + a_{17} + \sqrt{s} \left(a_{18} + s\right)\right) - \tanh{\left(\operatorname{asin}{\left(\operatorname{sech}{\left(a_{29} s \right)} \right)} \right)}\right)$,$z(s) = a_{1} \operatorname{asin}{\left(\cos{\left(a_{10} + \operatorname{acos}{\left(s \right)} \right)} \right)} + a_{19} \cos{\left(a_{39} s \right)} + a_{2} \sin{\left(\cos{\left(a_{11} + a_{30} s \right)} \right)} + a_{24} \cos{\left(a_{36} s \right)} + a_{25} \sin{\left(s \left(a_{0} + \operatorname{acos}{\left(s \right)}\right) \right)} + a_{26} \sin{\left(a_{38} s \right)} + a_{8} \sin{\left(a_{37} s \right)} + \left(a_{13} + a_{20} s\right) \cos{\left(a_{22} + \left(s - 2\right) \left(a_{4} s + a_{40}\right) \right)} + \left(a_{17} s + a_{18}\right) \tanh{\left(\left(a_{15} - \sin{\left(a_{41} s \right)}\right) \left(a_{32} + a_{5} s\right) \right)} + \left(a_{34} s + a_{35}\right) \left(4 s \left(a_{28} + a_{29} s \left(a_{16} + s\right) \left(a_{12} \sqrt{1 - s^{2}} + a_{23} s \tanh{\left(\sin{\left(4 s \right)} \right)} + a_{27}\right) + a_{3} s \operatorname{asin}{\left(\operatorname{asin}{\left(\tanh{\left(s \right)} \right)} \right)} + a_{6} \sqrt{s + \operatorname{asin}{\left(s \right)}}\right) + \left(a_{9} + 2 s\right) \left(a_{14} \sin{\left(a_{31} s \right)} + a_{21} \sqrt{s} + a_{7}\right) - \tanh{\left(\operatorname{asin}{\left(\operatorname{sech}{\left(a_{33} s \right)} \right)} \right)}\right)$,21,False,False
95,event68879_track47-hits,46,138,39,39,39,117,5,-1.6151064837477824,8.730195884914774,43.89912075330914,1196.036836233324,6058.078663956661,56.95413505872972,45.54946363877189,0.22344744742146866,$y(s) = a_{1} \sin{\left(\cos{\left(a_{27} s + a_{7} \right)} \right)} + a_{12} \cos{\left(a_{36} s \right)} + a_{14} \cos{\left(a_{31} s \right)} + a_{20} \sin{\left(s \left(a_{0} + \operatorname{acos}{\left(s \right)}\right) \right)} + a_{23} \sin{\left(a_{34} s \right)} + a_{33} \operatorname{acos}{\left(\cos{\left(a_{8} + \operatorname{acos}{\left(s \right)} \right)} \right)} + a_{6} \sin{\left(a_{35} s \right)} - \left(a_{19} + a_{9} s\right) \cos{\left(a_{5} + \left(s - 2\right) \left(a_{3} s + a_{37}\right) \right)} + \left(a_{13} s + a_{16}\right) \tanh{\left(64 s - 64 \sin{\left(a_{38} s \right)} \right)} + \left(a_{30} s + a_{32}\right) \left(4 s \left(a_{2} s \operatorname{asin}{\left(\operatorname{acos}{\left(\operatorname{sech}{\left(s \right)} \right)} \right)} + a_{25} + a_{26} s \left(a_{22} + s\right) \left(a_{11} \sqrt{1 - s^{2}} + a_{15} s \tanh{\left(\sin{\left(4 s \right)} \right)} + a_{24}\right) + a_{4} \sqrt{s + \operatorname{asin}{\left(s \right)}}\right) - \left(a_{21} s - 1\right) \left(a_{10} \sin{\left(a_{28} s \right)} + a_{17} + \sqrt{s} \left(a_{18} + s\right)\right) - \tanh{\left(\operatorname{asin}{\left(\operatorname{sech}{\left(a_{29} s \right)} \right)} \right)}\right)$,$y(s) = a_{1} \sin{\left(\cos{\left(a_{27} s + a_{7} \right)} \right)} + a_{12} \cos{\left(a_{36} s \right)} + a_{14} \cos{\left(a_{31} s \right)} + a_{20} \sin{\left(s \left(a_{0} + \operatorname{acos}{\left(s \right)}\right) \right)} + a_{23} \sin{\left(a_{34} s \right)} + a_{33} \operatorname{acos}{\left(\cos{\left(a_{8} + \operatorname{acos}{\left(s \right)} \right)} \right)} + a_{6} \sin{\left(a_{35} s \right)} - \left(a_{19} + a_{9} s\right) \cos{\left(a_{5} + \left(s - 2\right) \left(a_{3} s + a_{37}\right) \right)} + \left(a_{13} s + a_{16}\right) \tanh{\left(64 s - 64 \sin{\left(a_{38} s \right)} \right)} + \left(a_{30} s + a_{32}\right) \left(4 s \left(a_{2} s \operatorname{asin}{\left(\operatorname{acos}{\left(\operatorname{sech}{\left(s \right)} \right)} \right)} + a_{25} + a_{26} s \left(a_{22} + s\right) \left(a_{11} \sqrt{1 - s^{2}} + a_{15} s \tanh{\left(\sin{\left(4 s \right)} \right)} + a_{24}\right) + a_{4} \sqrt{s + \operatorname{asin}{\left(s \right)}}\right) - \left(a_{21} s - 1\right) \left(a_{10} \sin{\left(a_{28} s \right)} + a_{17} + \sqrt{s} \left(a_{18} + s\right)\right) - \tanh{\left(\operatorname{asin}{\left(\operatorname{sech}{\left(a_{29} s \right)} \right)} \right)}\right)$,$y(s) = a_{1} \sin{\left(\cos{\left(a_{27} s + a_{7} \right)} \right)} + a_{12} \cos{\left(a_{36} s \right)} + a_{14} \cos{\left(a_{31} s \right)} + a_{20} \sin{\left(s \left(a_{0} + \operatorname{acos}{\left(s \right)}\right) \right)} + a_{23} \sin{\left(a_{34} s \right)} + a_{33} \operatorname{acos}{\left(\cos{\left(a_{8} + \operatorname{acos}{\left(s \right)} \right)} \right)} + a_{6} \sin{\left(a_{35} s \right)} - \left(a_{19} + a_{9} s\right) \cos{\left(a_{5} + \left(s - 2\right) \left(a_{3} s + a_{37}\right) \right)} + \left(a_{13} s + a_{16}\right) \tanh{\left(64 s - 64 \sin{\left(a_{38} s \right)} \right)} + \left(a_{30} s + a_{32}\right) \left(4 s \left(a_{2} s \operatorname{asin}{\left(\operatorname{acos}{\left(\operatorname{sech}{\left(s \right)} \right)} \right)} + a_{25} + a_{26} s \left(a_{22} + s\right) \left(a_{11} \sqrt{1 - s^{2}} + a_{15} s \tanh{\left(\sin{\left(4 s \right)} \right)} + a_{24}\right) + a_{4} \sqrt{s + \operatorname{asin}{\left(s \right)}}\right) - \left(a_{21} s - 1\right) \left(a_{10} \sin{\left(a_{28} s \right)} + a_{17} + \sqrt{s} \left(a_{18} + s\right)\right) - \tanh{\left(\operatorname{asin}{\left(\operatorname{sech}{\left(a_{29} s \right)} \right)} \right)}\right)$,21,False,False
96,event68904_track152-hits,45,135,39,32,16,87,5,1.746059587428961,0.025070976059559612,0.004373883369272461,3.359510791980988,0.5904742548517823,0.06998980816627058,0.004542109652706018,2.7349580484891343,$x(s) = a_{1} \operatorname{asin}{\left(\cos{\left(a_{10} + \operatorname{acos}{\left(s \right)} \right)} \right)} + a_{15} \tanh{\left(\left(a_{28} + a_{5} s\right) \sin{\left(a_{38} s \right)} \right)} + a_{17} \cos{\left(a_{36} s \right)} + a_{2} \sin{\left(\cos{\left(a_{11} + a_{27} s \right)} \right)} + a_{21} \cos{\left(a_{33} s \right)} + a_{22} \sin{\left(s \left(a_{0} + \operatorname{acos}{\left(s \right)}\right) \right)} + a_{24} \sin{\left(a_{35} s \right)} + a_{8} \sin{\left(a_{34} s \right)} + \left(a_{13} + a_{18} s\right) \cos{\left(a_{20} + \left(a_{37} + a_{4} s\right) \left(s - 2\right) \right)} + \left(a_{30} s + a_{32}\right) \left(4 s \left(a_{25} + a_{3} s \operatorname{asin}{\left(\operatorname{asin}{\left(\tanh{\left(s \right)} \right)} \right)} + a_{6} \sqrt{s + \operatorname{asin}{\left(s \right)}} + 4 s \left(a_{16} + s\right) \left(a_{12} \sqrt{1 - s^{2}} + a_{23} s \tanh{\left(\sin{\left(4 s \right)} \right)} + a_{26}\right)\right) + \left(a_{9} + 2 s\right) \left(a_{14} \sin{\left(a_{29} s \right)} + a_{19} \sqrt{s} + a_{7}\right) - \tanh{\left(\operatorname{asin}{\left(\operatorname{sech}{\left(a_{31} s \right)} \right)} \right)}\right)$,$y(s) = a_{1} \operatorname{asin}{\left(\cos{\left(a_{7} + \operatorname{acos}{\left(s \right)} \right)} \right)} + a_{10} \cos{\left(a_{28} s \right)} + a_{11} \cos{\left(a_{31} s \right)} + a_{12} \sin{\left(a_{29} s \right)} + a_{13} \sin{\left(a_{30} s \right)} + a_{24} \sin{\left(\cos{\left(a_{19} + a_{22} s \right)} \right)} + a_{27} + a_{9} \sin{\left(s \left(a_{0} + \operatorname{acos}{\left(s \right)}\right) \right)} + \left(a_{20} + a_{26} s\right) \left(4 s \left(a_{17} + a_{18} s \left(a_{16} + s\right) \left(a_{14} s \tanh{\left(\sin{\left(4 s \right)} \right)} + a_{21} + a_{8} \sqrt{1 - s^{2}}\right) + a_{2} s \operatorname{asin}{\left(\operatorname{asin}{\left(\tanh{\left(s \right)} \right)} \right)} + a_{3} \sqrt{\sqrt{s} + \operatorname{asin}{\left(s \right)}}\right) + \left(a_{4} + 4 s\right) \left(a_{15} \sin{\left(a_{23} s \right)} + a_{5} + a_{6} \sqrt{s}\right) - \tanh{\left(\operatorname{asin}{\left(\operatorname{sech}{\left(a_{25} s \right)} \right)} \right)}\right)$,$x(s) = a_{13} + \left(- s - \sin{\left(\sin{\left(\sin{\left(a_{6} + s \right)} \right)} \right)}\right) \left(a_{1} \operatorname{acos}{\left(s \right)} + a_{14} + \left(a_{0} + a_{12} \left(a_{2} - 32 s\right) \left(- \sin{\left(4 \cos{\left(s \right)} \right)} + \operatorname{sech}{\left(s \right)}\right) + a_{12} \tanh{\left(8 s \right)} + a_{15} \sqrt{1 - \cos^{2}{\left(s \right)}} + a_{3} s \left(2 s - \tanh{\left(4 s \right)}\right) \left(s - \cos{\left(a_{11} s \right)} + 2\right) + a_{4} \left(32 \operatorname{asin}{\left(s \right)} + 64\right) \left(a_{5} + s \left(a_{10} + a_{9} s \left(a_{7} + s\right) \operatorname{acos}{\left(s \right)}\right) + s + \operatorname{sech}{\left(s \right)}\right)\right) \operatorname{acos}{\left(\operatorname{sech}{\left(\cos{\left(a_{8} + s \right)} \right)} \right)}\right)$,48,False,False
97,event68904_track48-hits,50,150,39,39,39,117,5,1.4508485627355783,0.652461774786097,0.152918330614155,97.21680444312845,22.93774959212325,2.9459637710038926,0.15819137649740173,2.924385755538876,$y(s) = a_{1} \sin{\left(\cos{\left(a_{27} s + a_{7} \right)} \right)} + a_{12} \cos{\left(a_{36} s \right)} + a_{14} \cos{\left(a_{31} s \right)} + a_{20} \sin{\left(s \left(a_{0} + \operatorname{acos}{\left(s \right)}\right) \right)} + a_{23} \sin{\left(a_{34} s \right)} + a_{33} \operatorname{acos}{\left(\cos{\left(a_{8} + \operatorname{acos}{\left(s \right)} \right)} \right)} + a_{6} \sin{\left(a_{35} s \right)} - \left(a_{19} + a_{9} s\right) \cos{\left(a_{5} + \left(s - 2\right) \left(a_{3} s + a_{37}\right) \right)} + \left(a_{13} s + a_{16}\right) \tanh{\left(64 s - 64 \sin{\left(a_{38} s \right)} \right)} + \left(a_{30} s + a_{32}\right) \left(4 s \left(a_{2} s \operatorname{asin}{\left(\operatorname{acos}{\left(\operatorname{sech}{\left(s \right)} \right)} \right)} + a_{25} + a_{26} s \left(a_{22} + s\right) \left(a_{11} \sqrt{1 - s^{2}} + a_{15} s \tanh{\left(\sin{\left(4 s \right)} \right)} + a_{24}\right) + a_{4} \sqrt{s + \operatorname{asin}{\left(s \right)}}\right) - \left(a_{21} s - 1\right) \left(a_{10} \sin{\left(a_{28} s \right)} + a_{17} + \sqrt{s} \left(a_{18} + s\right)\right) - \tanh{\left(\operatorname{asin}{\left(\operatorname{sech}{\left(a_{29} s \right)} \right)} \right)}\right)$,$x(s) = a_{1} \operatorname{asin}{\left(\cos{\left(a_{10} + \operatorname{acos}{\left(s \right)} \right)} \right)} + a_{15} \tanh{\left(\left(a_{28} + a_{5} s\right) \sin{\left(a_{38} s \right)} \right)} + a_{17} \cos{\left(a_{36} s \right)} + a_{2} \sin{\left(\cos{\left(a_{11} + a_{27} s \right)} \right)} + a_{21} \cos{\left(a_{33} s \right)} + a_{22} \sin{\left(s \left(a_{0} + \operatorname{acos}{\left(s \right)}\right) \right)} + a_{24} \sin{\left(a_{35} s \right)} + a_{8} \sin{\left(a_{34} s \right)} + \left(a_{13} + a_{18} s\right) \cos{\left(a_{20} + \left(a_{37} + a_{4} s\right) \left(s - 2\right) \right)} + \left(a_{30} s + a_{32}\right) \left(4 s \left(a_{25} + a_{3} s \operatorname{asin}{\left(\operatorname{asin}{\left(\tanh{\left(s \right)} \right)} \right)} + a_{6} \sqrt{s + \operatorname{asin}{\left(s \right)}} + 4 s \left(a_{16} + s\right) \left(a_{12} \sqrt{1 - s^{2}} + a_{23} s \tanh{\left(\sin{\left(4 s \right)} \right)} + a_{26}\right)\right) + \left(a_{9} + 2 s\right) \left(a_{14} \sin{\left(a_{29} s \right)} + a_{19} \sqrt{s} + a_{7}\right) - \tanh{\left(\operatorname{asin}{\left(\operatorname{sech}{\left(a_{31} s \right)} \right)} \right)}\right)$,$y(s) = a_{1} \sin{\left(\cos{\left(a_{27} s + a_{7} \right)} \right)} + a_{12} \cos{\left(a_{36} s \right)} + a_{14} \cos{\left(a_{31} s \right)} + a_{20} \sin{\left(s \left(a_{0} + \operatorname{acos}{\left(s \right)}\right) \right)} + a_{23} \sin{\left(a_{34} s \right)} + a_{33} \operatorname{acos}{\left(\cos{\left(a_{8} + \operatorname{acos}{\left(s \right)} \right)} \right)} + a_{6} \sin{\left(a_{35} s \right)} - \left(a_{19} + a_{9} s\right) \cos{\left(a_{5} + \left(s - 2\right) \left(a_{3} s + a_{37}\right) \right)} + \left(a_{13} s + a_{16}\right) \tanh{\left(64 s - 64 \sin{\left(a_{38} s \right)} \right)} + \left(a_{30} s + a_{32}\right) \left(4 s \left(a_{2} s \operatorname{asin}{\left(\operatorname{acos}{\left(\operatorname{sech}{\left(s \right)} \right)} \right)} + a_{25} + a_{26} s \left(a_{22} + s\right) \left(a_{11} \sqrt{1 - s^{2}} + a_{15} s \tanh{\left(\sin{\left(4 s \right)} \right)} + a_{24}\right) + a_{4} \sqrt{s + \operatorname{asin}{\left(s \right)}}\right) - \left(a_{21} s - 1\right) \left(a_{10} \sin{\left(a_{28} s \right)} + a_{17} + \sqrt{s} \left(a_{18} + s\right)\right) - \tanh{\left(\operatorname{asin}{\left(\operatorname{sech}{\left(a_{29} s \right)} \right)} \right)}\right)$,33,False,False
98,event68919_track605-hits,50,150,39,39,39,117,5,-0.2320964862095738,12.637778309334859,15.939289401886882,1883.028968090894,2390.893410283032,57.061483881542244,16.488920070917462,1.2414407065937239,$y(s) = a_{1} \sin{\left(\cos{\left(a_{27} s + a_{7} \right)} \right)} + a_{12} \cos{\left(a_{36} s \right)} + a_{14} \cos{\left(a_{31} s \right)} + a_{20} \sin{\left(s \left(a_{0} + \operatorname{acos}{\left(s \right)}\right) \right)} + a_{23} \sin{\left(a_{34} s \right)} + a_{33} \operatorname{acos}{\left(\cos{\left(a_{8} + \operatorname{acos}{\left(s \right)} \right)} \right)} + a_{6} \sin{\left(a_{35} s \right)} - \left(a_{19} + a_{9} s\right) \cos{\left(a_{5} + \left(s - 2\right) \left(a_{3} s + a_{37}\right) \right)} + \left(a_{13} s + a_{16}\right) \tanh{\left(64 s - 64 \sin{\left(a_{38} s \right)} \right)} + \left(a_{30} s + a_{32}\right) \left(4 s \left(a_{2} s \operatorname{asin}{\left(\operatorname{acos}{\left(\operatorname{sech}{\left(s \right)} \right)} \right)} + a_{25} + a_{26} s \left(a_{22} + s\right) \left(a_{11} \sqrt{1 - s^{2}} + a_{15} s \tanh{\left(\sin{\left(4 s \right)} \right)} + a_{24}\right) + a_{4} \sqrt{s + \operatorname{asin}{\left(s \right)}}\right) - \left(a_{21} s - 1\right) \left(a_{10} \sin{\left(a_{28} s \right)} + a_{17} + \sqrt{s} \left(a_{18} + s\right)\right) - \tanh{\left(\operatorname{asin}{\left(\operatorname{sech}{\left(a_{29} s \right)} \right)} \right)}\right)$,$y(s) = a_{1} \sin{\left(\cos{\left(a_{27} s + a_{7} \right)} \right)} + a_{12} \cos{\left(a_{36} s \right)} + a_{14} \cos{\left(a_{31} s \right)} + a_{20} \sin{\left(s \left(a_{0} + \operatorname{acos}{\left(s \right)}\right) \right)} + a_{23} \sin{\left(a_{34} s \right)} + a_{33} \operatorname{acos}{\left(\cos{\left(a_{8} + \operatorname{acos}{\left(s \right)} \right)} \right)} + a_{6} \sin{\left(a_{35} s \right)} - \left(a_{19} + a_{9} s\right) \cos{\left(a_{5} + \left(s - 2\right) \left(a_{3} s + a_{37}\right) \right)} + \left(a_{13} s + a_{16}\right) \tanh{\left(64 s - 64 \sin{\left(a_{38} s \right)} \right)} + \left(a_{30} s + a_{32}\right) \left(4 s \left(a_{2} s \operatorname{asin}{\left(\operatorname{acos}{\left(\operatorname{sech}{\left(s \right)} \right)} \right)} + a_{25} + a_{26} s \left(a_{22} + s\right) \left(a_{11} \sqrt{1 - s^{2}} + a_{15} s \tanh{\left(\sin{\left(4 s \right)} \right)} + a_{24}\right) + a_{4} \sqrt{s + \operatorname{asin}{\left(s \right)}}\right) - \left(a_{21} s - 1\right) \left(a_{10} \sin{\left(a_{28} s \right)} + a_{17} + \sqrt{s} \left(a_{18} + s\right)\right) - \tanh{\left(\operatorname{asin}{\left(\operatorname{sech}{\left(a_{29} s \right)} \right)} \right)}\right)$,$x(s) = a_{1} \operatorname{asin}{\left(\cos{\left(a_{10} + \operatorname{acos}{\left(s \right)} \right)} \right)} + a_{15} \tanh{\left(\left(a_{28} + a_{5} s\right) \sin{\left(a_{38} s \right)} \right)} + a_{17} \cos{\left(a_{36} s \right)} + a_{2} \sin{\left(\cos{\left(a_{11} + a_{27} s \right)} \right)} + a_{21} \cos{\left(a_{33} s \right)} + a_{22} \sin{\left(s \left(a_{0} + \operatorname{acos}{\left(s \right)}\right) \right)} + a_{24} \sin{\left(a_{35} s \right)} + a_{8} \sin{\left(a_{34} s \right)} + \left(a_{13} + a_{18} s\right) \cos{\left(a_{20} + \left(a_{37} + a_{4} s\right) \left(s - 2\right) \right)} + \left(a_{30} s + a_{32}\right) \left(4 s \left(a_{25} + a_{3} s \operatorname{asin}{\left(\operatorname{asin}{\left(\tanh{\left(s \right)} \right)} \right)} + a_{6} \sqrt{s + \operatorname{asin}{\left(s \right)}} + 4 s \left(a_{16} + s\right) \left(a_{12} \sqrt{1 - s^{2}} + a_{23} s \tanh{\left(\sin{\left(4 s \right)} \right)} + a_{26}\right)\right) + \left(a_{9} + 2 s\right) \left(a_{14} \sin{\left(a_{29} s \right)} + a_{19} \sqrt{s} + a_{7}\right) - \tanh{\left(\operatorname{asin}{\left(\operatorname{sech}{\left(a_{31} s \right)} \right)} \right)}\right)$,33,False,False
99,event68960_track174-hits,25,75,21,21,21,63,5,-4.455427390047668,0.009387477258332598,0.8081954999087163,0.6946733171166123,60.61466249315372,0.057889443093051024,0.865923749902196,-2.70526181811845,$x(s) = a_{14} \sin{\left(\cos{\left(a_{12} s + 3.19564213142574 \right)} \right)} + a_{16} + a_{6} \cos{\left(a_{17} s \right)} + a_{7} \sin{\left(a_{18} s \right)} + \left(a_{15} s + 4.98154578530752\right) \left(4 s \left(a_{1} s \operatorname{asin}{\left(\operatorname{asin}{\left(\tanh{\left(s \right)} \right)} \right)} + a_{10} s \left(s + 0.0134870156781597\right) \left(a_{11} - 0.017503085789641 s \tanh{\left(\sin{\left(4 s \right)} \right)} - 0.450614826294794 \sqrt{1 - s^{2}}\right) + a_{2} \sqrt{\sqrt{s} + \operatorname{asin}{\left(s \right)}} + a_{9}\right) + \left(a_{3} + 4 s\right) \left(a_{4} + a_{5} \sqrt{s} + a_{8} \sin{\left(a_{13} s \right)}\right) - \tanh{\left(\operatorname{asin}{\left(\operatorname{sech}{\left(5.6839434852917 s \right)} \right)} \right)}\right) + 0.000668810464601903 \sin{\left(a_{19} s \right)} + 0.00289842149959624 \sin{\left(s \left(a_{0} + \operatorname{acos}{\left(s \right)}\right) \right)} + 0.000623964504492596 \cos{\left(a_{20} s \right)} - 0.49633536500747 \operatorname{asin}{\left(\cos{\left(\operatorname{acos}{\left(s \right)} - 0.802742285270038 \right)} \right)}$,$y(s) = a_{14} \sin{\left(\cos{\left(a_{10} + 4.30674369656515 s \right)} \right)} + a_{16} + a_{4} \cos{\left(a_{20} s \right)} + a_{5} \sin{\left(a_{19} s \right)} + \left(a_{11} + a_{15} s\right) \left(4 s \left(a_{1} s \operatorname{asin}{\left(\operatorname{asin}{\left(\tanh{\left(s \right)} \right)} \right)} + a_{8} + a_{9} s \left(a_{7} + s\right) \left(a_{12} - 0.0163348612181324 s \tanh{\left(\sin{\left(4 s \right)} \right)} - 0.455016066205459 \sqrt{1 - s^{2}}\right) - 5.80207456348123 \sqrt{\sqrt{s} + \operatorname{asin}{\left(s \right)}}\right) + \left(a_{2} + 4 s\right) \left(a_{6} \sin{\left(a_{13} s \right)} + 0.603433259507675 \sqrt{s} + 2.67458549611742\right) - \tanh{\left(\operatorname{asin}{\left(\operatorname{sech}{\left(5.65077849988401 s \right)} \right)} \right)}\right) - 0.000334426650014709 \sin{\left(a_{18} s \right)} + 0.00278916735581463 \sin{\left(s \left(a_{0} + \operatorname{acos}{\left(s \right)}\right) \right)} + 0.00373359883408793 \cos{\left(a_{17} s \right)} - 0.479013271010752 \operatorname{asin}{\left(\cos{\left(a_{3} + \operatorname{acos}{\left(s \right)} \right)} \right)}$,$z(s) = a_{14} \sin{\left(\cos{\left(a_{12} s + 3.19908372347864 \right)} \right)} + a_{16} + a_{4} \sin{\left(s \left(a_{0} + \operatorname{acos}{\left(s \right)}\right) \right)} + a_{5} \cos{\left(a_{17} s \right)} + a_{6} \cos{\left(a_{20} s \right)} + a_{7} \sin{\left(a_{18} s \right)} + a_{8} \sin{\left(a_{19} s \right)} + \left(a_{15} s + 4.95693844355651\right) \left(4 s \left(a_{1} s \operatorname{asin}{\left(\operatorname{asin}{\left(\tanh{\left(s \right)} \right)} \right)} + a_{10} s \left(s + 0.0165277213916615\right) \left(a_{11} - 0.0170953672188301 s \tanh{\left(\sin{\left(4 s \right)} \right)} - 0.45186637110654 \sqrt{1 - s^{2}}\right) + a_{2} \sqrt{\sqrt{s} + \operatorname{asin}{\left(s \right)}} + 2.6101696562203\right) + \left(a_{3} + 4 s\right) \left(a_{9} \sin{\left(a_{13} s \right)} + 0.599451678286101 \sqrt{s} + 2.63175897944836\right) - \tanh{\left(\operatorname{asin}{\left(\operatorname{sech}{\left(5.67300314508095 s \right)} \right)} \right)}\right) - 0.492161174249544 \operatorname{asin}{\left(\cos{\left(\operatorname{acos}{\left(s \right)} - 0.802732791241311 \right)} \right)}$,12,False,False
